Tools,Port 0x01: JJH Probe  s/n:3E4C880C,Frame,Time [sec],Face,State,Q0,Qx,Qy,Qz,Tx,Ty,Tz,Error,Markers,State,Tx,Ty,Tz,State,Tx,Ty,Tz,State,Tx,Ty,Tz,Port 0x02: JJH T tibia tracker  s/n:3E4C8800,Frame,Time [sec],Face,State,Q0,Qx,Qy,Qz,Tx,Ty,Tz,Error,Markers,State,Tx,Ty,Tz,State,Tx,Ty,Tz,State,Tx,Ty,Tz,Port 0x03: JJH Y femur tracker  s/n:3E4C8801,Frame,Time [sec],Face,State,Q0,Qx,Qy,Qz,Tx,Ty,Tz,Error,Markers,State,Tx,Ty,Tz,State,Tx,Ty,Tz,State,Tx,Ty,Tz
3,Port 0x01: JJH Probe  s/n:3E4C880C,914630977,1782469449.618621621,1,Too Few Markers,-3.697314E28,-3.697314E28,-3.697314E28,-3.697314E28,-3.697314E28,-3.697314E28,-3.697314E28,0.0000000,3,Missing,-3.697314E28,-3.697314E28,-3.697314E28,Missing,-3.697314E28,-3.697314E28,-3.697314E28,Missing,-3.697314E28,-3.697314E28,-3.697314E28,Port 0x02: JJH T tibia tracker  s/n:3E4C8800,914630977,1782469449.618621621,1,OK,0.6935700,0.1758806,-0.1130702,-0.6893778,14.032,148.981,-1624.847,0.2528760,3,OK,13.793,148.895,-1624.959,OK,-68.937,184.216,-1657.754,OK,11.882,238.540,-1617.144,Port 0x03: JJH Y femur tracker  s/n:3E4C8801,914630977,1782469449.618621621,1,OK,0.8836788,0.2746042,-0.2194940,-0.3090740,-216.458,146.105,-1694.796,0.5810490,3,OK,-216.313,145.436,-1694.999,OK,-224.173,238.365,-1657.661,OK,-282.643,208.495,-1714.847
3,Port 0x01: JJH Probe  s/n:3E4C880C,914630980,1782469449.668621621,1,Too Few Markers,-3.697314E28,-3.697314E28,-3.697314E28,-3.697314E28,-3.697314E28,-3.697314E28,-3.697314E28,0.0000000,3,Missing,-3.697314E28,-3.697314E28,-3.697314E28,Missing,-3.697314E28,-3.697314E28,-3.697314E28,Missing,-3.697314E28,-3.697314E28,-3.697314E28,Port 0x02: JJH T tibia tracker  s/n:3E4C8800,914630980,1782469449.668621621,1,OK,0.6936677,0.1758591,-0.1125352,-0.6893725,14.091,148.985,-1624.883,0.2705382,3,OK,13.832,148.902,-1625.005,OK,-68.895,184.207,-1657.693,OK,11.917,238.543,-1617.118,Port 0x03: JJH Y femur tracker  s/n:3E4C8801,914630980,1782469449.668621621,1,OK,0.8837439,0.2742917,-0.2196846,-0.3090298,-216.426,146.092,-1694.752,0.5841049,3,OK,-216.265,145.416,-1694.946,OK,-224.140,238.367,-1657.695,OK,-282.612,208.494,-1714.857
3,Port 0x01: JJH Probe  s/n:3E4C880C,914630983,1782469449.718621621,1,Too Few Markers,-3.697314E28,-3.697314E28,-3.697314E28,-3.697314E28,-3.697314E28,-3.697314E28,-3.697314E28,0.0000000,3,Missing,-3.697314E28,-3.697314E28,-3.697314E28,Missing,-3.697314E28,-3.697314E28,-3.697314E28,Missing,-3.697314E28,-3.697314E28,-3.697314E28,Port 0x02: JJH T tibia tracker  s/n:3E4C8800,914630983,1782469449.718621621,1,OK,0.6936558,0.1761237,-0.1124556,-0.6893299,14.086,148.979,-1624.899,0.2684144,3,OK,13.827,148.901,-1625.020,OK,-68.900,184.201,-1657.717,OK,11.905,238.532,-1617.090,Port 0x03: JJH Y femur tracker  s/n:3E4C8801,914630983,1782469449.718621621,1,OK,0.8837281,0.2745255,-0.2194366,-0.3090437,-216.422,146.096,-1694.798,0.5869656,3,OK,-216.274,145.421,-1695.001,OK,-224.144,238.361,-1657.680,OK,-282.613,208.484,-1714.843
3,Port 0x01: JJH Probe  s/n:3E4C880C,914630986,1782469449.768621621,1,Too Few Markers,-3.697314E28,-3.697314E28,-3.697314E28,-3.697314E28,-3.697314E28,-3.697314E28,-3.697314E28,0.0000000,3,Missing,-3.697314E28,-3.697314E28,-3.697314E28,Missing,-3.697314E28,-3.697314E28,-3.697314E28,Missing,-3.697314E28,-3.697314E28,-3.697314E28,Port 0x02: JJH T tibia tracker  s/n:3E4C8800,914630986,1782469449.768621621,1,OK,0.6935905,0.1760866,-0.1128943,-0.6893335,14.069,148.985,-1624.844,0.2579930,3,OK,13.823,148.903,-1624.960,OK,-68.902,184.213,-1657.737,OK,11.906,238.540,-1617.094,Port 0x03: JJH Y femur tracker  s/n:3E4C8801,914630986,1782469449.768621621,1,OK,0.8838121,0.2741030,-0.2195789,-0.3090773,-216.446,146.093,-1694.779,0.5871468,3,OK,-216.286,145.422,-1694.971,OK,-224.150,238.371,-1657.757,OK,-282.622,208.499,-1714.866
3,Port 0x01: JJH Probe  s/n:3E4C880C,914630989,1782469449.818621621,1,Too Few Markers,-3.697314E28,-3.697314E28,-3.697314E28,-3.697314E28,-3.697314E28,-3.697314E28,-3.697314E28,0.0000000,3,Missing,-3.697314E28,-3.697314E28,-3.697314E28,Missing,-3.697314E28,-3.697314E28,-3.697314E28,Missing,-3.697314E28,-3.697314E28,-3.697314E28,Port 0x02: JJH T tibia tracker  s/n:3E4C8800,914630989,1782469449.818621621,1,OK,0.6936327,0.1760594,-0.1126274,-0.6893416,14.085,148.967,-1624.877,0.2597541,3,OK,13.837,148.885,-1624.994,OK,-68.898,184.197,-1657.721,OK,11.908,238.517,-1617.100,Port 0x03: JJH Y femur tracker  s/n:3E4C8801,914630989,1782469449.818621621,1,OK,0.8837609,0.2745107,-0.2191725,-0.3091503,-216.436,146.090,-1694.854,0.6002874,3,OK,-216.299,145.411,-1695.069,OK,-224.149,238.359,-1657.723,OK,-282.609,208.477,-1714.836
3,Port 0x01: JJH Probe  s/n:3E4C880C,914630992,1782469449.868621621,1,Too Few Markers,-3.697314E28,-3.697314E28,-3.697314E28,-3.697314E28,-3.697314E28,-3.697314E28,-3.697314E28,0.0000000,3,Missing,-3.697314E28,-3.697314E28,-3.697314E28,Missing,-3.697314E28,-3.697314E28,-3.697314E28,Missing,-3.697314E28,-3.697314E28,-3.697314E28,Port 0x02: JJH T tibia tracker  s/n:3E4C8800,914630992,1782469449.868621621,1,OK,0.6935779,0.1761673,-0.1127705,-0.6893458,14.038,148.973,-1624.879,0.2604692,3,OK,13.787,148.893,-1624.996,OK,-68.941,184.200,-1657.759,OK,11.882,238.532,-1617.098,Port 0x03: JJH Y femur tracker  s/n:3E4C8801,914630992,1782469449.868621621,1,OK,0.8838111,0.2741198,-0.2196256,-0.3090321,-216.480,146.079,-1694.773,0.5917975,3,OK,-216.319,145.403,-1694.967,OK,-224.198,238.360,-1657.755,OK,-282.655,208.482,-1714.867
3,Port 0x01: JJH Probe  s/n:3E4C880C,914630995,1782469449.918621621,1,Too Few Markers,-3.697314E28,-3.697314E28,-3.697314E28,-3.697314E28,-3.697314E28,-3.697314E28,-3.697314E28,0.0000000,3,Missing,-3.697314E28,-3.697314E28,-3.697314E28,Missing,-3.697314E28,-3.697314E28,-3.697314E28,Missing,-3.697314E28,-3.697314E28,-3.697314E28,Port 0x02: JJH T tibia tracker  s/n:3E4C8800,914630995,1782469449.918621621,1,OK,0.6935408,0.1763566,-0.1129633,-0.6893032,14.071,148.961,-1624.850,0.2512178,3,OK,13.829,148.885,-1624.964,OK,-68.901,184.192,-1657.781,OK,11.916,238.515,-1617.069,Port 0x03: JJH Y femur tracker  s/n:3E4C8801,914630995,1782469449.918621621,1,OK,0.8837461,0.2742711,-0.2196368,-0.3090759,-216.431,146.072,-1694.785,0.5858894,3,OK,-216.276,145.398,-1694.983,OK,-224.136,238.352,-1657.725,OK,-282.605,208.473,-1714.877
3,Port 0x01: JJH Probe  s/n:3E4C880C,914630998,1782469449.968621621,1,Too Few Markers,-3.697314E28,-3.697314E28,-3.697314E28,-3.697314E28,-3.697314E28,-3.697314E28,-3.697314E28,0.0000000,3,Missing,-3.697314E28,-3.697314E28,-3.697314E28,Missing,-3.697314E28,-3.697314E28,-3.697314E28,Missing,-3.697314E28,-3.697314E28,-3.697314E28,Port 0x02: JJH T tibia tracker  s/n:3E4C8800,914630998,1782469449.968621621,1,OK,0.6936138,0.1761825,-0.1124437,-0.6893592,14.111,148.953,-1624.923,0.2677565,3,OK,13.854,148.872,-1625.044,OK,-68.873,184.186,-1657.743,OK,11.937,238.508,-1617.103,Port 0x03: JJH Y femur tracker  s/n:3E4C8801,914630998,1782469449.968621621,1,OK,0.8838211,0.2738736,-0.2199446,-0.3089950,-216.411,146.052,-1694.701,0.5798250,3,OK,-216.242,145.386,-1694.885,OK,-224.117,238.344,-1657.748,OK,-282.580,208.461,-1714.874
3,Port 0x01: JJH Probe  s/n:3E4C880C,914631001,1782469450.018621621,1,Too Few Markers,-3.697314E28,-3.697314E28,-3.697314E28,-3.697314E28,-3.697314E28,-3.697314E28,-3.697314E28,0.0000000,3,Missing,-3.697314E28,-3.697314E28,-3.697314E28,Missing,-3.697314E28,-3.697314E28,-3.697314E28,Missing,-3.697314E28,-3.697314E28,-3.697314E28,Port 0x02: JJH T tibia tracker  s/n:3E4C8800,914631001,1782469450.018621621,1,OK,0.6935749,0.1762650,-0.1126110,-0.6893499,14.032,148.942,-1624.920,0.2601273,3,OK,13.781,148.863,-1625.037,OK,-68.951,184.177,-1657.779,OK,11.869,238.497,-1617.107,Port 0x03: JJH Y femur tracker  s/n:3E4C8801,914631001,1782469450.018621621,1,OK,0.8838399,0.2739772,-0.2196472,-0.3090609,-216.502,146.049,-1694.745,0.5877163,3,OK,-216.339,145.380,-1694.934,OK,-224.208,238.330,-1657.757,OK,-282.672,208.457,-1714.849
3,Port 0x01: JJH Probe  s/n:3E4C880C,914631004,1782469450.068621621,1,Too Few Markers,-3.697314E28,-3.697314E28,-3.697314E28,-3.697314E28,-3.697314E28,-3.697314E28,-3.697314E28,0.0000000,3,Missing,-3.697314E28,-3.697314E28,-3.697314E28,Missing,-3.697314E28,-3.697314E28,-3.697314E28,Missing,-3.697314E28,-3.697314E28,-3.697314E28,Port 0x02: JJH T tibia tracker  s/n:3E4C8800,914631004,1782469450.068621621,1,OK,0.6935841,0.1761599,-0.1127465,-0.6893454,14.061,148.921,-1624.834,0.2614955,3,OK,13.811,148.838,-1624.952,OK,-68.918,184.150,-1657.709,OK,11.902,238.482,-1617.052,Port 0x03: JJH Y femur tracker  s/n:3E4C8801,914631004,1782469450.068621621,1,OK,0.8837411,0.2742021,-0.2198015,-0.3090343,-216.449,146.030,-1694.715,0.5831332,3,OK,-216.284,145.357,-1694.904,OK,-224.160,238.307,-1657.685,OK,-282.625,208.440,-1714.842
3,Port 0x01: JJH Probe  s/n:3E4C880C,914631007,1782469450.118621621,1,Too Few Markers,-3.697314E28,-3.697314E28,-3.697314E28,-3.697314E28,-3.697314E28,-3.697314E28,-3.697314E28,0.0000000,3,Missing,-3.697314E28,-3.697314E28,-3.697314E28,Missing,-3.697314E28,-3.697314E28,-3.697314E28,Missing,-3.697314E28,-3.697314E28,-3.697314E28,Port 0x02: JJH T tibia tracker  s/n:3E4C8800,914631007,1782469450.118621621,1,OK,0.6935922,0.1762016,-0.1127423,-0.6893272,14.106,148.912,-1624.855,0.2607562,3,OK,13.857,148.826,-1624.972,OK,-68.875,184.140,-1657.732,OK,11.941,238.474,-1617.067,Port 0x03: JJH Y femur tracker  s/n:3E4C8801,914631007,1782469450.118621621,1,OK,0.8838121,0.2739936,-0.2197029,-0.3090862,-216.417,146.008,-1694.738,0.5887930,3,OK,-216.259,145.335,-1694.932,OK,-224.115,238.300,-1657.741,OK,-282.578,208.414,-1714.850
3,Port 0x01: JJH Probe  s/n:3E4C880C,914631010,1782469450.168621621,1,Too Few Markers,-3.697314E28,-3.697314E28,-3.697314E28,-3.697314E28,-3.697314E28,-3.697314E28,-3.697314E28,0.0000000,3,Missing,-3.697314E28,-3.697314E28,-3.697314E28,Missing,-3.697314E28,-3.697314E28,-3.697314E28,Missing,-3.697314E28,-3.697314E28,-3.697314E28,Port 0x02: JJH T tibia tracker  s/n:3E4C8800,914631010,1782469450.168621621,1,OK,0.6935598,0.1762396,-0.1129863,-0.6893102,14.056,148.896,-1624.837,0.2570035,3,OK,13.813,148.806,-1624.952,OK,-68.913,184.126,-1657.760,OK,11.896,238.461,-1617.075,Port 0x03: JJH Y femur tracker  s/n:3E4C8801,914631010,1782469450.168621621,1,OK,0.8838178,0.2742169,-0.2193056,-0.3091541,-216.453,146.011,-1694.827,0.5993787,3,OK,-216.303,145.330,-1695.031,OK,-224.154,238.291,-1657.762,OK,-282.625,208.413,-1714.850
3,Port 0x01: JJH Probe  s/n:3E4C880C,914631013,1782469450.218621621,1,Too Few Markers,-3.697314E28,-3.697314E28,-3.697314E28,-3.697314E28,-3.697314E28,-3.697314E28,-3.697314E28,0.0000000,3,Missing,-3.697314E28,-3.697314E28,-3.697314E28,Missing,-3.697314E28,-3.697314E28,-3.697314E28,Missing,-3.697314E28,-3.697314E28,-3.697314E28,Port 0x02: JJH T tibia tracker  s/n:3E4C8800,914631013,1782469450.218621621,1,OK,0.6935981,0.1766044,-0.1123606,-0.6892805,14.078,148.872,-1624.893,0.2671031,3,OK,13.819,148.795,-1625.015,OK,-68.909,184.100,-1657.737,OK,11.895,238.427,-1617.006,Port 0x03: JJH Y femur tracker  s/n:3E4C8801,914631013,1782469450.218621621,1,OK,0.8837652,0.2741528,-0.2197408,-0.3090521,-216.443,145.989,-1694.739,0.5825106,3,OK,-216.282,145.317,-1694.932,OK,-224.146,238.273,-1657.710,OK,-282.620,208.394,-1714.860
3,Port 0x01: JJH Probe  s/n:3E4C880C,914631016,1782469450.268621621,1,Too Few Markers,-3.697314E28,-3.697314E28,-3.697314E28,-3.697314E28,-3.697314E28,-3.697314E28,-3.697314E28,0.0000000,3,Missing,-3.697314E28,-3.697314E28,-3.697314E28,Missing,-3.697314E28,-3.697314E28,-3.697314E28,Missing,-3.697314E28,-3.697314E28,-3.697314E28,Port 0x02: JJH T tibia tracker  s/n:3E4C8800,914631016,1782469450.268621621,1,OK,0.6936665,0.1763452,-0.1122648,-0.6892936,14.094,148.873,-1624.884,0.2655902,3,OK,13.837,148.793,-1625.004,OK,-68.911,184.092,-1657.693,OK,11.906,238.429,-1617.020,Port 0x03: JJH Y femur tracker  s/n:3E4C8801,914631016,1782469450.268621621,1,OK,0.8838872,0.2741155,-0.2192630,-0.3090759,-216.441,145.994,-1694.775,0.5970244,3,OK,-216.296,145.325,-1694.977,OK,-224.160,238.270,-1657.740,OK,-282.614,208.381,-1714.795
3,Port 0x01: JJH Probe  s/n:3E4C880C,914631019,1782469450.318621621,1,Too Few Markers,-3.697314E28,-3.697314E28,-3.697314E28,-3.697314E28,-3.697314E28,-3.697314E28,-3.697314E28,0.0000000,3,Missing,-3.697314E28,-3.697314E28,-3.697314E28,Missing,-3.697314E28,-3.697314E28,-3.697314E28,Missing,-3.697314E28,-3.697314E28,-3.697314E28,Port 0x02: JJH T tibia tracker  s/n:3E4C8800,914631019,1782469450.318621621,1,OK,0.6936140,0.1762057,-0.1125566,-0.6893346,14.080,148.867,-1624.870,0.2596433,3,OK,13.832,148.785,-1624.987,OK,-68.910,184.097,-1657.717,OK,11.908,238.422,-1617.061,Port 0x03: JJH Y femur tracker  s/n:3E4C8801,914631019,1782469450.318621621,1,OK,0.8837060,0.2742459,-0.2198483,-0.3090624,-216.440,145.979,-1694.736,0.5743831,3,OK,-216.280,145.312,-1694.927,OK,-224.137,238.258,-1657.690,OK,-282.617,208.387,-1714.876
3,Port 0x01: JJH Probe  s/n:3E4C880C,914631022,1782469450.368621621,1,Too Few Markers,-3.697314E28,-3.697314E28,-3.697314E28,-3.697314E28,-3.697314E28,-3.697314E28,-3.697314E28,0.0000000,3,Missing,-3.697314E28,-3.697314E28,-3.697314E28,Missing,-3.697314E28,-3.697314E28,-3.697314E28,Missing,-3.697314E28,-3.697314E28,-3.697314E28,Port 0x02: JJH T tibia tracker  s/n:3E4C8800,914631022,1782469450.368621621,1,OK,0.6935672,0.1763223,-0.1126270,-0.6893404,14.105,148.874,-1624.861,0.2554294,3,OK,13.859,148.798,-1624.976,OK,-68.878,184.113,-1657.729,OK,11.939,238.424,-1617.044,Port 0x03: JJH Y femur tracker  s/n:3E4C8801,914631022,1782469450.368621621,1,OK,0.8837024,0.2743921,-0.2196426,-0.3090893,-216.402,145.993,-1694.729,0.5804489,3,OK,-216.246,145.320,-1694.926,OK,-224.101,238.267,-1657.640,OK,-282.585,208.395,-1714.822
3,Port 0x01: JJH Probe  s/n:3E4C880C,914631025,1782469450.418621621,1,Too Few Markers,-3.697314E28,-3.697314E28,-3.697314E28,-3.697314E28,-3.697314E28,-3.697314E28,-3.697314E28,0.0000000,3,Missing,-3.697314E28,-3.697314E28,-3.697314E28,Missing,-3.697314E28,-3.697314E28,-3.697314E28,Missing,-3.697314E28,-3.697314E28,-3.697314E28,Port 0x02: JJH T tibia tracker  s/n:3E4C8800,914631025,1782469450.418621621,1,OK,0.6936275,0.1763480,-0.1123129,-0.6893244,14.112,148.859,-1624.865,0.2718639,3,OK,13.847,148.782,-1624.988,OK,-68.878,184.083,-1657.678,OK,11.934,238.415,-1617.004,Port 0x03: JJH Y femur tracker  s/n:3E4C8801,914631025,1782469450.418621621,1,OK,0.8838205,0.2741568,-0.2194831,-0.3090737,-216.408,145.991,-1694.760,0.5859438,3,OK,-216.247,145.318,-1694.952,OK,-224.112,238.265,-1657.719,OK,-282.597,208.393,-1714.833
3,Port 0x01: JJH Probe  s/n:3E4C880C,914631028,1782469450.468621621,1,Too Few Markers,-3.697314E28,-3.697314E28,-3.697314E28,-3.697314E28,-3.697314E28,-3.697314E28,-3.697314E28,0.0000000,3,Missing,-3.697314E28,-3.697314E28,-3.697314E28,Missing,-3.697314E28,-3.697314E28,-3.697314E28,Missing,-3.697314E28,-3.697314E28,-3.697314E28,Port 0x02: JJH T tibia tracker  s/n:3E4C8800,914631028,1782469450.468621621,1,OK,0.6935325,0.1761505,-0.1130693,-0.6893467,14.190,148.900,-1624.799,0.2501405,3,OK,13.953,148.814,-1624.911,OK,-68.777,184.139,-1657.729,OK,12.039,238.458,-1617.059,Port 0x03: JJH Y femur tracker  s/n:3E4C8801,914631028,1782469450.468621621,1,OK,0.8839628,0.2734614,-0.2196966,-0.3091312,-216.312,146.029,-1694.712,0.5915826,3,OK,-216.143,145.352,-1694.899,OK,-223.980,238.348,-1657.813,OK,-282.476,208.445,-1714.857
3,Port 0x01: JJH Probe  s/n:3E4C880C,914631031,1782469450.518621621,1,Too Few Markers,-3.697314E28,-3.697314E28,-3.697314E28,-3.697314E28,-3.697314E28,-3.697314E28,-3.697314E28,0.0000000,3,Missing,-3.697314E28,-3.697314E28,-3.697314E28,Missing,-3.697314E28,-3.697314E28,-3.697314E28,Missing,-3.697314E28,-3.697314E28,-3.697314E28,Port 0x02: JJH T tibia tracker  s/n:3E4C8800,914631031,1782469450.518621621,1,OK,0.6936350,0.1759245,-0.1126374,-0.6893720,14.318,148.903,-1624.880,0.2664033,3,OK,14.065,148.817,-1624.999,OK,-68.664,184.131,-1657.713,OK,12.149,238.463,-1617.119,Port 0x03: JJH Y femur tracker  s/n:3E4C8801,914631031,1782469450.518621621,1,OK,0.8838659,0.2734722,-0.2197606,-0.3093532,-216.181,146.047,-1694.658,0.5829201,3,OK,-216.012,145.376,-1694.843,OK,-223.796,238.365,-1657.741,OK,-282.324,208.493,-1714.807
3,Port 0x01: JJH Probe  s/n:3E4C880C,914631034,1782469450.568621622,1,Too Few Markers,-3.697314E28,-3.697314E28,-3.697314E28,-3.697314E28,-3.697314E28,-3.697314E28,-3.697314E28,0.0000000,3,Missing,-3.697314E28,-3.697314E28,-3.697314E28,Missing,-3.697314E28,-3.697314E28,-3.697314E28,Missing,-3.697314E28,-3.697314E28,-3.697314E28,Port 0x02: JJH T tibia tracker  s/n:3E4C8800,914631034,1782469450.568621622,1,OK,0.6934885,0.1766051,-0.1124508,-0.6893759,14.340,148.825,-1624.740,0.2549413,3,OK,14.095,148.744,-1624.855,OK,-68.645,184.084,-1657.600,OK,12.182,238.376,-1616.860,Port 0x03: JJH Y femur tracker  s/n:3E4C8801,914631034,1782469450.568621622,1,OK,0.8837687,0.2739672,-0.2192053,-0.3095867,-216.144,146.019,-1694.608,0.5829694,3,OK,-215.996,145.350,-1694.808,OK,-223.729,238.308,-1657.542,OK,-282.290,208.465,-1714.621
3,Port 0x01: JJH Probe  s/n:3E4C880C,914631037,1782469450.618621623,1,Too Few Markers,-3.697314E28,-3.697314E28,-3.697314E28,-3.697314E28,-3.697314E28,-3.697314E28,-3.697314E28,0.0000000,3,Missing,-3.697314E28,-3.697314E28,-3.697314E28,Missing,-3.697314E28,-3.697314E28,-3.697314E28,Missing,-3.697314E28,-3.697314E28,-3.697314E28,Port 0x02: JJH T tibia tracker  s/n:3E4C8800,914631037,1782469450.618621623,1,OK,0.6935642,0.1764534,-0.1125499,-0.6893225,14.265,148.908,-1624.824,0.2617837,3,OK,14.012,148.829,-1624.943,OK,-68.722,184.140,-1657.691,OK,12.101,238.467,-1616.977,Port 0x03: JJH Y femur tracker  s/n:3E4C8801,914631037,1782469450.618621623,1,OK,0.8841613,0.2736537,-0.2191799,-0.3087598,-216.498,145.812,-1694.534,0.5797709,3,OK,-216.334,145.140,-1694.724,OK,-224.227,238.120,-1657.574,OK,-282.762,208.145,-1714.627
3,Port 0x01: JJH Probe  s/n:3E4C880C,914631040,1782469450.668621623,1,Too Few Markers,-3.697314E28,-3.697314E28,-3.697314E28,-3.697314E28,-3.697314E28,-3.697314E28,-3.697314E28,0.0000000,3,Missing,-3.697314E28,-3.697314E28,-3.697314E28,Missing,-3.697314E28,-3.697314E28,-3.697314E28,Missing,-3.697314E28,-3.697314E28,-3.697314E28,Port 0x02: JJH T tibia tracker  s/n:3E4C8800,914631040,1782469450.668621623,1,OK,0.6949336,0.1725452,-0.1159672,-0.6883655,13.729,149.456,-1625.895,0.2543406,3,OK,13.485,149.375,-1626.008,OK,-69.313,184.249,-1659.086,OK,11.455,239.079,-1619.023,Port 0x03: JJH Y femur tracker  s/n:3E4C8801,914631040,1782469450.668621623,1,OK,0.8858063,0.2730247,-0.2176390,-0.3056761,-217.805,145.163,-1694.665,0.5866509,3,OK,-217.641,144.492,-1694.856,OK,-226.116,237.501,-1657.920,OK,-284.532,206.980,-1714.752
3,Port 0x01: JJH Probe  s/n:3E4C880C,914631043,1782469450.718621623,1,Too Few Markers,-3.697314E28,-3.697314E28,-3.697314E28,-3.697314E28,-3.697314E28,-3.697314E28,-3.697314E28,0.0000000,3,Missing,-3.697314E28,-3.697314E28,-3.697314E28,Missing,-3.697314E28,-3.697314E28,-3.697314E28,Missing,-3.697314E28,-3.697314E28,-3.697314E28,Port 0x02: JJH T tibia tracker  s/n:3E4C8800,914631043,1782469450.718621623,1,OK,0.6974390,0.1650023,-0.1234494,-0.6863769,13.324,150.050,-1628.453,0.2536907,3,OK,13.094,149.941,-1628.560,OK,-69.779,183.959,-1662.412,OK,10.868,239.811,-1623.569,Port 0x03: JJH Y femur tracker  s/n:3E4C8801,914631043,1782469450.718621623,1,OK,0.8870943,0.2732208,-0.2155409,-0.3032429,-218.856,144.279,-1694.458,0.6012259,3,OK,-218.693,143.602,-1694.656,OK,-227.666,236.571,-1657.713,OK,-286.007,205.674,-1714.346
3,Port 0x01: JJH Probe  s/n:3E4C880C,914631046,1782469450.768621622,1,Too Few Markers,-3.697314E28,-3.697314E28,-3.697314E28,-3.697314E28,-3.697314E28,-3.697314E28,-3.697314E28,0.0000000,3,Missing,-3.697314E28,-3.697314E28,-3.697314E28,Missing,-3.697314E28,-3.697314E28,-3.697314E28,Missing,-3.697314E28,-3.697314E28,-3.697314E28,Port 0x02: JJH T tibia tracker  s/n:3E4C8800,914631046,1782469450.768621622,1,OK,0.6983920,0.1625861,-0.1255575,-0.6856017,13.206,150.402,-1629.497,0.2718657,3,OK,12.947,150.306,-1629.615,OK,-69.939,183.962,-1663.654,OK,10.674,240.202,-1625.211,Port 0x03: JJH Y femur tracker  s/n:3E4C8801,914631046,1782469450.768621622,1,OK,0.8871166,0.2734730,-0.2148861,-0.3034149,-218.989,144.304,-1694.362,0.5815593,3,OK,-218.827,143.637,-1694.557,OK,-227.747,236.565,-1657.502,OK,-286.198,205.691,-1714.144
3,Port 0x01: JJH Probe  s/n:3E4C880C,914631049,1782469450.818621622,1,Too Few Markers,-3.697314E28,-3.697314E28,-3.697314E28,-3.697314E28,-3.697314E28,-3.697314E28,-3.697314E28,0.0000000,3,Missing,-3.697314E28,-3.697314E28,-3.697314E28,Missing,-3.697314E28,-3.697314E28,-3.697314E28,Missing,-3.697314E28,-3.697314E28,-3.697314E28,Port 0x02: JJH T tibia tracker  s/n:3E4C8800,914631049,1782469450.818621622,1,OK,0.6984817,0.1620630,-0.1261118,-0.6855324,13.036,150.344,-1629.533,0.2745413,3,OK,12.775,150.248,-1629.652,OK,-70.089,183.868,-1663.739,OK,10.499,240.142,-1625.391,Port 0x03: JJH Y femur tracker  s/n:3E4C8801,914631049,1782469450.818621622,1,OK,0.8874517,0.2728042,-0.2150707,-0.3029058,-219.210,144.148,-1694.304,0.5849833,3,OK,-219.022,143.482,-1694.479,OK,-228.052,236.430,-1657.630,OK,-286.472,205.489,-1714.186
3,Port 0x01: JJH Probe  s/n:3E4C880C,914631052,1782469450.868621623,1,Too Few Markers,-3.697314E28,-3.697314E28,-3.697314E28,-3.697314E28,-3.697314E28,-3.697314E28,-3.697314E28,0.0000000,3,Missing,-3.697314E28,-3.697314E28,-3.697314E28,Missing,-3.697314E28,-3.697314E28,-3.697314E28,Missing,-3.697314E28,-3.697314E28,-3.697314E28,Port 0x02: JJH T tibia tracker  s/n:3E4C8800,914631052,1782469450.868621623,1,OK,0.6983929,0.1628479,-0.1248146,-0.6856743,13.013,150.303,-1629.395,0.2784051,3,OK,12.747,150.210,-1629.516,OK,-70.141,183.902,-1663.437,OK,10.451,240.087,-1624.988,Port 0x03: JJH Y femur tracker  s/n:3E4C8801,914631052,1782469450.868621623,1,OK,0.8876428,0.2729662,-0.2134661,-0.3033347,-219.464,144.076,-1694.169,0.5842717,3,OK,-219.306,143.407,-1694.368,OK,-228.207,236.346,-1657.315,OK,-286.790,205.384,-1713.769
3,Port 0x01: JJH Probe  s/n:3E4C880C,914631055,1782469450.918621623,1,Too Few Markers,-3.697314E28,-3.697314E28,-3.697314E28,-3.697314E28,-3.697314E28,-3.697314E28,-3.697314E28,0.0000000,3,Missing,-3.697314E28,-3.697314E28,-3.697314E28,Missing,-3.697314E28,-3.697314E28,-3.697314E28,Missing,-3.697314E28,-3.697314E28,-3.697314E28,Port 0x02: JJH T tibia tracker  s/n:3E4C8800,914631055,1782469450.918621623,1,OK,0.6979801,0.1638995,-0.1247398,-0.6858577,12.988,150.227,-1629.104,0.2628177,3,OK,12.739,150.132,-1629.218,OK,-70.126,183.933,-1663.212,OK,10.474,240.005,-1624.540,Port 0x03: JJH Y femur tracker  s/n:3E4C8801,914631055,1782469450.918621623,1,OK,0.8886743,0.2714983,-0.2096971,-0.3042594,-219.836,144.038,-1693.433,0.5954455,3,OK,-219.666,143.360,-1693.628,OK,-228.318,236.313,-1656.566,OK,-287.349,205.329,-1712.477
3,Port 0x01: JJH Probe  s/n:3E4C880C,914631058,1782469450.968621623,1,Too Few Markers,-3.697314E28,-3.697314E28,-3.697314E28,-3.697314E28,-3.697314E28,-3.697314E28,-3.697314E28,0.0000000,3,Missing,-3.697314E28,-3.697314E28,-3.697314E28,Missing,-3.697314E28,-3.697314E28,-3.697314E28,Missing,-3.697314E28,-3.697314E28,-3.697314E28,Port 0x02: JJH T tibia tracker  s/n:3E4C8800,914631058,1782469450.968621623,1,OK,0.6982979,0.1624704,-0.1257947,-0.6856815,12.936,150.368,-1629.544,0.2719992,3,OK,12.683,150.263,-1629.660,OK,-70.179,183.957,-1663.723,OK,10.417,240.167,-1625.305,Port 0x03: JJH Y femur tracker  s/n:3E4C8801,914631058,1782469450.968621623,1,OK,0.8901738,0.2688834,-0.2036277,-0.3063137,-220.449,144.107,-1692.165,0.5843080,3,OK,-220.268,143.436,-1692.348,OK,-228.353,236.399,-1655.270,OK,-288.214,205.429,-1710.319
3,Port 0x01: JJH Probe  s/n:3E4C880C,914631061,1782469451.018621622,1,Too Few Markers,-3.697314E28,-3.697314E28,-3.697314E28,-3.697314E28,-3.697314E28,-3.697314E28,-3.697314E28,0.0000000,3,Missing,-3.697314E28,-3.697314E28,-3.697314E28,Missing,-3.697314E28,-3.697314E28,-3.697314E28,Missing,-3.697314E28,-3.697314E28,-3.697314E28,Port 0x02: JJH T tibia tracker  s/n:3E4C8800,914631061,1782469451.018621622,1,OK,0.6984755,0.1618520,-0.1266149,-0.6854958,12.947,150.517,-1630.035,0.2720905,3,OK,12.692,150.413,-1630.152,OK,-70.167,184.020,-1664.314,OK,10.428,240.329,-1625.981,Port 0x03: JJH Y femur tracker  s/n:3E4C8801,914631061,1782469451.018621622,1,OK,0.8923137,0.2648709,-0.1954118,-0.3089239,-221.192,144.137,-1690.342,0.5790905,3,OK,-220.975,143.463,-1690.504,OK,-228.324,236.483,-1653.515,OK,-289.309,205.493,-1707.331
3,Port 0x01: JJH Probe  s/n:3E4C880C,914631064,1782469451.068621622,1,Too Few Markers,-3.697314E28,-3.697314E28,-3.697314E28,-3.697314E28,-3.697314E28,-3.697314E28,-3.697314E28,0.0000000,3,Missing,-3.697314E28,-3.697314E28,-3.697314E28,Missing,-3.697314E28,-3.697314E28,-3.697314E28,Missing,-3.697314E28,-3.697314E28,-3.697314E28,Port 0x02: JJH T tibia tracker  s/n:3E4C8800,914631064,1782469451.068621622,1,OK,0.6982512,0.1622903,-0.1267731,-0.6855915,12.958,150.496,-1630.009,0.2574660,3,OK,12.721,150.391,-1630.119,OK,-70.130,184.057,-1664.349,OK,10.468,240.301,-1625.914,Port 0x03: JJH Y femur tracker  s/n:3E4C8801,914631064,1782469451.068621622,1,OK,0.8946132,0.2609862,-0.1835915,-0.3128060,-221.936,144.348,-1688.267,0.5956018,3,OK,-221.737,143.661,-1688.449,OK,-228.036,236.694,-1651.204,OK,-290.403,205.761,-1703.393
3,Port 0x01: JJH Probe  s/n:3E4C880C,914631067,1782469451.118621623,1,Too Few Markers,-3.697314E28,-3.697314E28,-3.697314E28,-3.697314E28,-3.697314E28,-3.697314E28,-3.697314E28,0.0000000,3,Missing,-3.697314E28,-3.697314E28,-3.697314E28,Missing,-3.697314E28,-3.697314E28,-3.697314E28,Missing,-3.697314E28,-3.697314E28,-3.697314E28,Port 0x02: JJH T tibia tracker  s/n:3E4C8800,914631067,1782469451.118621623,1,OK,0.6980424,0.1630642,-0.1253002,-0.6858912,12.836,150.350,-1630.038,0.2744645,3,OK,12.580,150.244,-1630.156,OK,-70.268,184.017,-1664.175,OK,10.353,240.149,-1625.649,Port 0x03: JJH Y femur tracker  s/n:3E4C8801,914631067,1782469451.118621623,1,OK,0.8974300,0.2555367,-0.1702433,-0.3167610,-223.054,144.350,-1685.600,0.6014116,3,OK,-222.847,143.656,-1685.781,OK,-228.001,236.742,-1648.506,OK,-291.937,205.782,-1698.724
3,Port 0x01: JJH Probe  s/n:3E4C880C,914631070,1782469451.168621623,1,Too Few Markers,-3.697314E28,-3.697314E28,-3.697314E28,-3.697314E28,-3.697314E28,-3.697314E28,-3.697314E28,0.0000000,3,Missing,-3.697314E28,-3.697314E28,-3.697314E28,Missing,-3.697314E28,-3.697314E28,-3.697314E28,Missing,-3.697314E28,-3.697314E28,-3.697314E28,Port 0x02: JJH T tibia tracker  s/n:3E4C8800,914631070,1782469451.168621623,1,OK,0.6974421,0.1643026,-0.1235537,-0.6865229,13.011,150.455,-1629.837,0.2752750,3,OK,12.755,150.349,-1629.955,OK,-70.082,184.350,-1663.751,OK,10.594,240.228,-1625.049,Port 0x03: JJH Y femur tracker  s/n:3E4C8801,914631070,1782469451.168621623,1,OK,0.9002686,0.2489718,-0.1544152,-0.3220022,-223.906,144.751,-1682.424,0.5916077,3,OK,-223.677,144.060,-1682.594,OK,-227.333,237.178,-1645.314,OK,-293.155,206.309,-1693.148
3,Port 0x01: JJH Probe  s/n:3E4C880C,914631073,1782469451.218621623,1,Too Few Markers,-3.697314E28,-3.697314E28,-3.697314E28,-3.697314E28,-3.697314E28,-3.697314E28,-3.697314E28,0.0000000,3,Missing,-3.697314E28,-3.697314E28,-3.697314E28,Missing,-3.697314E28,-3.697314E28,-3.697314E28,Missing,-3.697314E28,-3.697314E28,-3.697314E28,Port 0x02: JJH T tibia tracker  s/n:3E4C8800,914631073,1782469451.218621623,1,OK,0.6973591,0.1646689,-0.1234658,-0.6865352,12.950,150.373,-1630.199,0.2701941,3,OK,12.698,150.268,-1630.316,OK,-70.145,184.285,-1664.131,OK,10.545,240.148,-1625.347,Port 0x03: JJH Y femur tracker  s/n:3E4C8801,914631073,1782469451.218621623,1,OK,0.9030632,0.2420730,-0.1369322,-0.3273029,-224.901,144.856,-1678.897,0.5939231,3,OK,-224.677,144.156,-1679.077,OK,-226.750,237.328,-1641.761,OK,-294.458,206.486,-1686.945
3,Port 0x01: JJH Probe  s/n:3E4C880C,914631076,1782469451.268621622,1,Too Few Markers,-3.697314E28,-3.697314E28,-3.697314E28,-3.697314E28,-3.697314E28,-3.697314E28,-3.697314E28,0.0000000,3,Missing,-3.697314E28,-3.697314E28,-3.697314E28,Missing,-3.697314E28,-3.697314E28,-3.697314E28,Missing,-3.697314E28,-3.697314E28,-3.697314E28,Port 0x02: JJH T tibia tracker  s/n:3E4C8800,914631076,1782469451.268621622,1,OK,0.6972881,0.1645447,-0.1233751,-0.6866534,12.878,150.463,-1630.609,0.2682522,3,OK,12.628,150.359,-1630.725,OK,-70.220,184.398,-1664.515,OK,10.497,240.237,-1625.757,Port 0x03: JJH Y femur tracker  s/n:3E4C8801,914631076,1782469451.268621622,1,OK,0.9059864,0.2336630,-0.1172312,-0.3329372,-225.856,145.063,-1674.917,0.6018052,3,OK,-225.611,144.367,-1675.091,OK,-225.979,237.576,-1637.964,OK,-295.650,206.787,-1679.978
3,Port 0x01: JJH Probe  s/n:3E4C880C,914631079,1782469451.318621622,1,Too Few Markers,-3.697314E28,-3.697314E28,-3.697314E28,-3.697314E28,-3.697314E28,-3.697314E28,-3.697314E28,0.0000000,3,Missing,-3.697314E28,-3.697314E28,-3.697314E28,Missing,-3.697314E28,-3.697314E28,-3.697314E28,Missing,-3.697314E28,-3.697314E28,-3.697314E28,Port 0x02: JJH T tibia tracker  s/n:3E4C8800,914631079,1782469451.318621622,1,OK,0.6972158,0.1645341,-0.1236960,-0.6866717,12.914,150.418,-1630.775,0.2681547,3,OK,12.665,150.313,-1630.891,OK,-70.156,184.363,-1664.730,OK,10.546,240.191,-1625.965,Port 0x03: JJH Y femur tracker  s/n:3E4C8801,914631079,1782469451.318621622,1,OK,0.9082743,0.2253088,-0.0967790,-0.3389801,-226.528,145.194,-1670.743,0.5951260,3,OK,-226.277,144.494,-1670.922,OK,-224.763,237.748,-1633.927,OK,-296.407,207.045,-1672.678
3,Port 0x01: JJH Probe  s/n:3E4C880C,914631082,1782469451.368621623,1,Too Few Markers,-3.697314E28,-3.697314E28,-3.697314E28,-3.697314E28,-3.697314E28,-3.697314E28,-3.697314E28,0.0000000,3,Missing,-3.697314E28,-3.697314E28,-3.697314E28,Missing,-3.697314E28,-3.697314E28,-3.697314E28,Missing,-3.697314E28,-3.697314E28,-3.697314E28,Port 0x02: JJH T tibia tracker  s/n:3E4C8800,914631082,1782469451.368621623,1,OK,0.6972423,0.1649256,-0.1236101,-0.6865662,12.815,150.410,-1631.099,0.2668546,3,OK,12.566,150.310,-1631.214,OK,-70.253,184.348,-1665.071,OK,10.422,240.179,-1626.231,Port 0x03: JJH Y femur tracker  s/n:3E4C8801,914631082,1782469451.368621623,1,OK,0.9102452,0.2161175,-0.0763014,-0.3448551,-227.123,145.331,-1666.334,0.5792201,3,OK,-226.844,144.648,-1666.505,OK,-223.456,237.937,-1629.888,OK,-296.966,207.333,-1665.196
3,Port 0x01: JJH Probe  s/n:3E4C880C,914631085,1782469451.418621623,1,Too Few Markers,-3.697314E28,-3.697314E28,-3.697314E28,-3.697314E28,-3.697314E28,-3.697314E28,-3.697314E28,0.0000000,3,Missing,-3.697314E28,-3.697314E28,-3.697314E28,Missing,-3.697314E28,-3.697314E28,-3.697314E28,Missing,-3.697314E28,-3.697314E28,-3.697314E28,Port 0x02: JJH T tibia tracker  s/n:3E4C8800,914631085,1782469451.418621623,1,OK,0.6971620,0.1647930,-0.1248056,-0.6864634,12.603,150.459,-1631.367,0.2571573,3,OK,12.371,150.346,-1631.476,OK,-70.408,184.381,-1665.532,OK,10.229,240.237,-1626.671,Port 0x03: JJH Y femur tracker  s/n:3E4C8801,914631085,1782469451.418621623,1,OK,0.9116508,0.2074585,-0.0544558,-0.3505544,-227.565,145.562,-1662.016,0.5857180,3,OK,-227.277,144.867,-1662.198,OK,-222.011,238.176,-1625.831,OK,-297.220,207.667,-1657.530
3,Port 0x01: JJH Probe  s/n:3E4C880C,914631088,1782469451.468621623,1,Too Few Markers,-3.697314E28,-3.697314E28,-3.697314E28,-3.697314E28,-3.697314E28,-3.697314E28,-3.697314E28,0.0000000,3,Missing,-3.697314E28,-3.697314E28,-3.697314E28,Missing,-3.697314E28,-3.697314E28,-3.697314E28,Missing,-3.697314E28,-3.697314E28,-3.697314E28,Port 0x02: JJH T tibia tracker  s/n:3E4C8800,914631088,1782469451.468621623,1,OK,0.6972027,0.1652708,-0.1241294,-0.6864297,12.599,150.529,-1631.623,0.2769196,3,OK,12.342,150.423,-1631.743,OK,-70.412,184.456,-1665.701,OK,10.186,240.301,-1626.785,Port 0x03: JJH Y femur tracker  s/n:3E4C8801,914631088,1782469451.468621623,1,OK,0.9126856,0.1978698,-0.0333635,-0.3560048,-227.662,145.751,-1657.511,0.5794143,3,OK,-227.350,145.070,-1657.693,OK,-220.244,238.412,-1621.878,OK,-296.984,207.995,-1649.882
3,Port 0x01: JJH Probe  s/n:3E4C880C,914631091,1782469451.518621622,1,Too Few Markers,-3.697314E28,-3.697314E28,-3.697314E28,-3.697314E28,-3.697314E28,-3.697314E28,-3.697314E28,0.0000000,3,Missing,-3.697314E28,-3.697314E28,-3.697314E28,Missing,-3.697314E28,-3.697314E28,-3.697314E28,Missing,-3.697314E28,-3.697314E28,-3.697314E28,Port 0x02: JJH T tibia tracker  s/n:3E4C8800,914631091,1782469451.518621622,1,OK,0.6968128,0.1661564,-0.1248223,-0.6864863,12.320,150.490,-1631.470,0.2576263,3,OK,12.088,150.377,-1631.580,OK,-70.614,184.498,-1665.729,OK,9.947,240.256,-1626.601,Port 0x03: JJH Y femur tracker  s/n:3E4C8801,914631091,1782469451.518621622,1,OK,0.9131369,0.1882661,-0.0127293,-0.3613514,-227.651,146.066,-1653.013,0.5772389,3,OK,-227.323,145.393,-1653.199,OK,-218.396,238.780,-1618.022,OK,-296.465,208.482,-1642.329
3,Port 0x01: JJH Probe  s/n:3E4C880C,914631094,1782469451.568621620,1,Too Few Markers,-3.697314E28,-3.697314E28,-3.697314E28,-3.697314E28,-3.697314E28,-3.697314E28,-3.697314E28,0.0000000,3,Missing,-3.697314E28,-3.697314E28,-3.697314E28,Missing,-3.697314E28,-3.697314E28,-3.697314E28,Missing,-3.697314E28,-3.697314E28,-3.697314E28,Port 0x02: JJH T tibia tracker  s/n:3E4C8800,914631094,1782469451.568621620,1,OK,0.6967039,0.1673591,-0.1246267,-0.6863401,12.092,150.297,-1631.468,0.2625757,3,OK,11.855,150.185,-1631.581,OK,-70.802,184.332,-1665.780,OK,9.678,240.055,-1626.427,Port 0x03: JJH Y femur tracker  s/n:3E4C8801,914631094,1782469451.568621620,1,OK,0.9129549,0.1796268,0.0089097,-0.3662898,-227.471,146.070,-1648.800,0.5816692,3,OK,-227.139,145.388,-1649.003,OK,-216.430,238.774,-1614.283,OK,-295.654,208.574,-1634.852
3,Port 0x01: JJH Probe  s/n:3E4C880C,914631097,1782469451.618621620,1,Too Few Markers,-3.697314E28,-3.697314E28,-3.697314E28,-3.697314E28,-3.697314E28,-3.697314E28,-3.697314E28,0.0000000,3,Missing,-3.697314E28,-3.697314E28,-3.697314E28,Missing,-3.697314E28,-3.697314E28,-3.697314E28,Missing,-3.697314E28,-3.697314E28,-3.697314E28,Port 0x02: JJH T tibia tracker  s/n:3E4C8800,914631097,1782469451.618621620,1,OK,0.6959194,0.1706314,-0.1238573,-0.6864695,11.832,150.108,-1630.914,0.2399578,3,OK,11.614,150.007,-1631.019,OK,-70.970,184.358,-1665.336,OK,9.433,239.830,-1625.343,Port 0x03: JJH Y femur tracker  s/n:3E4C8801,914631097,1782469451.618621620,1,OK,0.9124621,0.1701740,0.0283523,-0.3710120,-227.000,146.248,-1644.374,0.5683957,3,OK,-226.652,145.589,-1644.578,OK,-214.244,239.004,-1610.659,OK,-294.456,208.923,-1627.622
3,Port 0x01: JJH Probe  s/n:3E4C880C,914631100,1782469451.668621620,1,Too Few Markers,-3.697314E28,-3.697314E28,-3.697314E28,-3.697314E28,-3.697314E28,-3.697314E28,-3.697314E28,0.0000000,3,Missing,-3.697314E28,-3.697314E28,-3.697314E28,Missing,-3.697314E28,-3.697314E28,-3.697314E28,Missing,-3.697314E28,-3.697314E28,-3.697314E28,Port 0x02: JJH T tibia tracker  s/n:3E4C8800,914631100,1782469451.668621620,1,OK,0.6955054,0.1712137,-0.1230462,-0.6868899,11.730,149.932,-1630.901,0.2608655,3,OK,11.492,149.824,-1631.015,OK,-71.027,184.319,-1665.203,OK,9.383,239.649,-1625.140,Port 0x03: JJH Y femur tracker  s/n:3E4C8801,914631100,1782469451.668621620,1,OK,0.9114094,0.1612837,0.0487427,-0.3754260,-226.383,146.426,-1640.227,0.5772644,3,OK,-226.022,145.763,-1640.447,OK,-211.971,239.185,-1607.224,OK,-292.960,209.226,-1620.493
3,Port 0x01: JJH Probe  s/n:3E4C880C,914631103,1782469451.718621620,1,Too Few Markers,-3.697314E28,-3.697314E28,-3.697314E28,-3.697314E28,-3.697314E28,-3.697314E28,-3.697314E28,0.0000000,3,Missing,-3.697314E28,-3.697314E28,-3.697314E28,Missing,-3.697314E28,-3.697314E28,-3.697314E28,Missing,-3.697314E28,-3.697314E28,-3.697314E28,Port 0x02: JJH T tibia tracker  s/n:3E4C8800,914631103,1782469451.718621620,1,OK,0.6951919,0.1727733,-0.1223631,-0.6869388,11.461,149.866,-1630.679,0.2525636,3,OK,11.226,149.770,-1630.792,OK,-71.276,184.343,-1664.984,OK,9.114,239.562,-1624.625,Port 0x03: JJH Y femur tracker  s/n:3E4C8801,914631103,1782469451.718621620,1,OK,0.9099717,0.1526922,0.0675119,-0.3795770,-225.605,146.583,-1635.985,0.5668324,3,OK,-225.243,145.936,-1636.213,OK,-209.618,239.355,-1603.765,OK,-291.234,209.522,-1613.563
3,Port 0x01: JJH Probe  s/n:3E4C880C,914631106,1782469451.768621620,1,Too Few Markers,-3.697314E28,-3.697314E28,-3.697314E28,-3.697314E28,-3.697314E28,-3.697314E28,-3.697314E28,0.0000000,3,Missing,-3.697314E28,-3.697314E28,-3.697314E28,Missing,-3.697314E28,-3.697314E28,-3.697314E28,Missing,-3.697314E28,-3.697314E28,-3.697314E28,Port 0x02: JJH T tibia tracker  s/n:3E4C8800,914631106,1782469451.768621620,1,OK,0.6952966,0.1720359,-0.1231363,-0.6868797,11.361,149.901,-1630.947,0.2502899,3,OK,11.132,149.799,-1631.057,OK,-71.357,184.336,-1665.325,OK,9.017,239.602,-1625.093,Port 0x03: JJH Y femur tracker  s/n:3E4C8801,914631106,1782469451.768621620,1,OK,0.9081473,0.1443628,0.0860211,-0.3834426,-224.590,146.729,-1631.994,0.5660578,3,OK,-224.223,146.090,-1632.234,OK,-207.103,239.500,-1600.571,OK,-289.173,209.800,-1606.940
3,Port 0x01: JJH Probe  s/n:3E4C880C,914631109,1782469451.818621620,1,Too Few Markers,-3.697314E28,-3.697314E28,-3.697314E28,-3.697314E28,-3.697314E28,-3.697314E28,-3.697314E28,0.0000000,3,Missing,-3.697314E28,-3.697314E28,-3.697314E28,Missing,-3.697314E28,-3.697314E28,-3.697314E28,Missing,-3.697314E28,-3.697314E28,-3.697314E28,Port 0x02: JJH T tibia tracker  s/n:3E4C8800,914631109,1782469451.818621620,1,OK,0.6955779,0.1721388,-0.1227319,-0.6866415,11.083,150.010,-1631.112,0.2629308,3,OK,10.834,149.919,-1631.231,OK,-71.680,184.367,-1665.440,OK,8.685,239.718,-1625.197,Port 0x03: JJH Y femur tracker  s/n:3E4C8801,914631109,1782469451.818621620,1,OK,0.9058042,0.1367560,0.1042991,-0.3872185,-223.461,147.032,-1628.133,0.5740694,3,OK,-223.093,146.387,-1628.390,OK,-204.498,239.762,-1597.427,OK,-286.884,210.231,-1600.467
3,Port 0x01: JJH Probe  s/n:3E4C880C,914631112,1782469451.868621620,1,Too Few Markers,-3.697314E28,-3.697314E28,-3.697314E28,-3.697314E28,-3.697314E28,-3.697314E28,-3.697314E28,0.0000000,3,Missing,-3.697314E28,-3.697314E28,-3.697314E28,Missing,-3.697314E28,-3.697314E28,-3.697314E28,Missing,-3.697314E28,-3.697314E28,-3.697314E28,Port 0x02: JJH T tibia tracker  s/n:3E4C8800,914631112,1782469451.868621620,1,OK,0.6958502,0.1712140,-0.1234843,-0.6864618,10.721,149.815,-1631.316,0.2625218,3,OK,10.473,149.724,-1631.434,OK,-72.048,184.082,-1665.706,OK,8.305,239.531,-1625.625,Port 0x03: JJH Y femur tracker  s/n:3E4C8801,914631112,1782469451.868621620,1,OK,0.9034448,0.1288909,0.1212959,-0.3904638,-222.276,147.024,-1624.464,0.5653928,3,OK,-221.912,146.399,-1624.728,OK,-201.985,239.752,-1594.620,OK,-284.552,210.332,-1594.463
3,Port 0x01: JJH Probe  s/n:3E4C880C,914631115,1782469451.918621620,1,Too Few Markers,-3.697314E28,-3.697314E28,-3.697314E28,-3.697314E28,-3.697314E28,-3.697314E28,-3.697314E28,0.0000000,3,Missing,-3.697314E28,-3.697314E28,-3.697314E28,Missing,-3.697314E28,-3.697314E28,-3.697314E28,Missing,-3.697314E28,-3.697314E28,-3.697314E28,Port 0x02: JJH T tibia tracker  s/n:3E4C8800,914631115,1782469451.918621620,1,OK,0.6957976,0.1699979,-0.1253259,-0.6864836,10.227,149.449,-1631.379,0.2550789,3,OK,9.992,149.346,-1631.491,OK,-72.492,183.661,-1665.993,OK,7.899,239.199,-1626.065,Port 0x03: JJH Y femur tracker  s/n:3E4C8801,914631115,1782469451.918621620,1,OK,0.9006843,0.1204749,0.1393297,-0.3934981,-220.964,147.144,-1620.816,0.5723702,3,OK,-220.602,146.515,-1621.097,OK,-199.376,239.887,-1591.931,OK,-281.935,210.548,-1588.381
3,Port 0x01: JJH Probe  s/n:3E4C880C,914631118,1782469451.968621620,1,Too Few Markers,-3.697314E28,-3.697314E28,-3.697314E28,-3.697314E28,-3.697314E28,-3.697314E28,-3.697314E28,0.0000000,3,Missing,-3.697314E28,-3.697314E28,-3.697314E28,Missing,-3.697314E28,-3.697314E28,-3.697314E28,Missing,-3.697314E28,-3.697314E28,-3.697314E28,Port 0x02: JJH T tibia tracker  s/n:3E4C8800,914631118,1782469451.968621620,1,OK,0.6958603,0.1673544,-0.1277869,-0.6866159,10.024,149.305,-1632.010,0.2423266,3,OK,9.801,149.207,-1632.116,OK,-72.663,183.408,-1666.849,OK,7.844,239.085,-1627.327,Port 0x03: JJH Y femur tracker  s/n:3E4C8801,914631118,1782469451.968621620,1,OK,0.8973780,0.1121989,0.1573167,-0.3967058,-219.423,147.419,-1617.227,0.5758045,3,OK,-219.061,146.799,-1617.521,OK,-196.504,240.137,-1589.332,OK,-278.949,210.958,-1582.392
3,Port 0x01: JJH Probe  s/n:3E4C880C,914631121,1782469452.018621620,1,Too Few Markers,-3.697314E28,-3.697314E28,-3.697314E28,-3.697314E28,-3.697314E28,-3.697314E28,-3.697314E28,0.0000000,3,Missing,-3.697314E28,-3.697314E28,-3.697314E28,Missing,-3.697314E28,-3.697314E28,-3.697314E28,Missing,-3.697314E28,-3.697314E28,-3.697314E28,Port 0x02: JJH T tibia tracker  s/n:3E4C8800,914631121,1782469452.018621620,1,OK,0.6963698,0.1664015,-0.1286502,-0.6861697,9.944,149.683,-1632.613,0.2632459,3,OK,9.696,149.586,-1632.730,OK,-72.755,183.609,-1667.533,OK,7.700,239.487,-1628.178,Port 0x03: JJH Y femur tracker  s/n:3E4C8801,914631121,1782469452.018621620,1,OK,0.8938917,0.1041641,0.1746574,-0.3995024,-217.819,147.482,-1613.708,0.5830085,3,OK,-217.462,146.859,-1614.019,OK,-193.679,240.192,-1586.810,OK,-275.875,211.128,-1576.610
3,Port 0x01: JJH Probe  s/n:3E4C880C,914631124,1782469452.068621620,1,Too Few Markers,-3.697314E28,-3.697314E28,-3.697314E28,-3.697314E28,-3.697314E28,-3.697314E28,-3.697314E28,0.0000000,3,Missing,-3.697314E28,-3.697314E28,-3.697314E28,Missing,-3.697314E28,-3.697314E28,-3.697314E28,Missing,-3.697314E28,-3.697314E28,-3.697314E28,Port 0x02: JJH T tibia tracker  s/n:3E4C8800,914631124,1782469452.068621620,1,OK,0.6967648,0.1646640,-0.1296322,-0.6860030,9.608,149.601,-1632.766,0.2629447,3,OK,9.371,149.487,-1632.879,OK,-73.109,183.412,-1667.722,OK,7.340,239.414,-1628.696,Port 0x03: JJH Y femur tracker  s/n:3E4C8801,914631124,1782469452.068621620,1,OK,0.8898955,0.0961884,0.1921017,-0.4024061,-216.024,147.709,-1610.288,0.5886335,3,OK,-215.671,147.088,-1610.613,OK,-190.643,240.379,-1584.421,OK,-272.465,211.488,-1570.949
3,Port 0x01: JJH Probe  s/n:3E4C880C,914631127,1782469452.118621620,1,Too Few Markers,-3.697314E28,-3.697314E28,-3.697314E28,-3.697314E28,-3.697314E28,-3.697314E28,-3.697314E28,0.0000000,3,Missing,-3.697314E28,-3.697314E28,-3.697314E28,Missing,-3.697314E28,-3.697314E28,-3.697314E28,Missing,-3.697314E28,-3.697314E28,-3.697314E28,Port 0x02: JJH T tibia tracker  s/n:3E4C8800,914631127,1782469452.118621620,1,OK,0.6961178,0.1658434,-0.1290900,-0.6864778,9.976,150.192,-1632.596,0.2582298,3,OK,9.739,150.086,-1632.709,OK,-72.699,184.171,-1667.544,OK,7.824,240.006,-1628.272,Port 0x03: JJH Y femur tracker  s/n:3E4C8801,914631127,1782469452.118621620,1,OK,0.8859725,0.0884776,0.2081946,-0.4048203,-214.264,147.960,-1607.155,0.5832042,3,OK,-213.934,147.339,-1607.490,OK,-187.811,240.628,-1582.329,OK,-269.131,211.844,-1565.831
3,Port 0x01: JJH Probe  s/n:3E4C880C,914631130,1782469452.168621620,1,Too Few Markers,-3.697314E28,-3.697314E28,-3.697314E28,-3.697314E28,-3.697314E28,-3.697314E28,-3.697314E28,0.0000000,3,Missing,-3.697314E28,-3.697314E28,-3.697314E28,Missing,-3.697314E28,-3.697314E28,-3.697314E28,Missing,-3.697314E28,-3.697314E28,-3.697314E28,Port 0x02: JJH T tibia tracker  s/n:3E4C8800,914631130,1782469452.168621620,1,OK,0.6956841,0.1678923,-0.1261506,-0.6869656,9.972,150.147,-1631.774,0.2733003,3,OK,9.720,150.039,-1631.893,OK,-72.720,184.364,-1666.350,OK,7.783,239.919,-1626.815,Port 0x03: JJH Y femur tracker  s/n:3E4C8801,914631130,1782469452.168621620,1,OK,0.8819282,0.0815951,0.2234654,-0.4069497,-212.383,148.014,-1604.273,0.5954861,3,OK,-212.056,147.381,-1604.626,OK,-184.954,240.639,-1580.381,OK,-265.692,211.991,-1561.066
3,Port 0x01: JJH Probe  s/n:3E4C880C,914631133,1782469452.218621620,1,Too Few Markers,-3.697314E28,-3.697314E28,-3.697314E28,-3.697314E28,-3.697314E28,-3.697314E28,-3.697314E28,0.0000000,3,Missing,-3.697314E28,-3.697314E28,-3.697314E28,Missing,-3.697314E28,-3.697314E28,-3.697314E28,Missing,-3.697314E28,-3.697314E28,-3.697314E28,Port 0x02: JJH T tibia tracker  s/n:3E4C8800,914631133,1782469452.218621620,1,OK,0.6948255,0.1698926,-0.1240520,-0.6877246,10.200,150.319,-1630.671,0.2640366,3,OK,9.962,150.208,-1630.785,OK,-72.471,184.843,-1665.021,OK,8.098,240.056,-1625.162,Port 0x03: JJH Y femur tracker  s/n:3E4C8801,914631133,1782469452.218621620,1,OK,0.8779382,0.0740981,0.2378788,-0.4088370,-210.643,148.124,-1601.508,0.5819935,3,OK,-210.333,147.512,-1601.861,OK,-182.326,240.762,-1578.719,OK,-262.434,212.203,-1556.643
3,Port 0x01: JJH Probe  s/n:3E4C880C,914631136,1782469452.268621620,1,Too Few Markers,-3.697314E28,-3.697314E28,-3.697314E28,-3.697314E28,-3.697314E28,-3.697314E28,-3.697314E28,0.0000000,3,Missing,-3.697314E28,-3.697314E28,-3.697314E28,Missing,-3.697314E28,-3.697314E28,-3.697314E28,Missing,-3.697314E28,-3.697314E28,-3.697314E28,Port 0x02: JJH T tibia tracker  s/n:3E4C8800,914631136,1782469452.268621620,1,OK,0.6946698,0.1730885,-0.1209125,-0.6876441,10.132,150.572,-1630.118,0.2556064,3,OK,9.887,150.491,-1630.234,OK,-72.618,185.231,-1664.183,OK,7.899,240.245,-1623.809,Port 0x03: JJH Y femur tracker  s/n:3E4C8801,914631136,1782469452.268621620,1,OK,0.8739174,0.0682679,0.2513836,-0.4103830,-208.992,148.213,-1599.115,0.5956673,3,OK,-208.680,147.594,-1599.487,OK,-179.879,240.793,-1577.145,OK,-259.316,212.339,-1552.633
3,Port 0x01: JJH Probe  s/n:3E4C880C,914631139,1782469452.318621620,1,Too Few Markers,-3.697314E28,-3.697314E28,-3.697314E28,-3.697314E28,-3.697314E28,-3.697314E28,-3.697314E28,0.0000000,3,Missing,-3.697314E28,-3.697314E28,-3.697314E28,Missing,-3.697314E28,-3.697314E28,-3.697314E28,Missing,-3.697314E28,-3.697314E28,-3.697314E28,Port 0x02: JJH T tibia tracker  s/n:3E4C8800,914631139,1782469452.318621620,1,OK,0.6946961,0.1723586,-0.1212810,-0.6877360,10.077,150.742,-1630.351,0.2421924,3,OK,9.854,150.646,-1630.458,OK,-72.696,185.393,-1664.432,OK,7.880,240.430,-1624.177,Port 0x03: JJH Y femur tracker  s/n:3E4C8801,914631139,1782469452.318621620,1,OK,0.8699449,0.0625947,0.2637133,-0.4119867,-207.260,148.409,-1596.901,0.5944779,3,OK,-206.972,147.776,-1597.280,OK,-177.396,240.964,-1575.766,OK,-256.128,212.609,-1549.022
3,Port 0x01: JJH Probe  s/n:3E4C880C,914631142,1782469452.368621620,1,Too Few Markers,-3.697314E28,-3.697314E28,-3.697314E28,-3.697314E28,-3.697314E28,-3.697314E28,-3.697314E28,0.0000000,3,Missing,-3.697314E28,-3.697314E28,-3.697314E28,Missing,-3.697314E28,-3.697314E28,-3.697314E28,Missing,-3.697314E28,-3.697314E28,-3.697314E28,Port 0x02: JJH T tibia tracker  s/n:3E4C8800,914631142,1782469452.368621620,1,OK,0.6950381,0.1713870,-0.1203912,-0.6877896,10.039,150.733,-1630.723,0.2590649,3,OK,9.802,150.626,-1630.836,OK,-72.819,185.337,-1664.581,OK,7.808,240.432,-1624.567,Port 0x03: JJH Y femur tracker  s/n:3E4C8801,914631142,1782469452.368621620,1,OK,0.8660684,0.0572164,0.2756128,-0.4131457,-205.576,148.438,-1594.593,0.5962295,3,OK,-205.296,147.804,-1594.983,OK,-175.077,240.952,-1574.250,OK,-253.052,212.674,-1545.379
3,Port 0x01: JJH Probe  s/n:3E4C880C,914631145,1782469452.418621620,1,Too Few Markers,-3.697314E28,-3.697314E28,-3.697314E28,-3.697314E28,-3.697314E28,-3.697314E28,-3.697314E28,0.0000000,3,Missing,-3.697314E28,-3.697314E28,-3.697314E28,Missing,-3.697314E28,-3.697314E28,-3.697314E28,Missing,-3.697314E28,-3.697314E28,-3.697314E28,Port 0x02: JJH T tibia tracker  s/n:3E4C8800,914631145,1782469452.418621620,1,OK,0.6950156,0.1708666,-0.1204844,-0.6879254,9.849,150.801,-1630.895,0.2634203,3,OK,9.602,150.705,-1631.011,OK,-73.011,185.402,-1664.726,OK,7.660,240.502,-1624.808,Port 0x03: JJH Y femur tracker  s/n:3E4C8801,914631145,1782469452.418621620,1,OK,0.8612827,0.0509423,0.2883638,-0.4152629,-203.423,148.626,-1592.810,0.5913735,3,OK,-203.155,147.998,-1593.205,OK,-172.090,241.064,-1573.484,OK,-249.209,213.038,-1542.255
3,Port 0x01: JJH Probe  s/n:3E4C880C,914631148,1782469452.468621620,1,Too Few Markers,-3.697314E28,-3.697314E28,-3.697314E28,-3.697314E28,-3.697314E28,-3.697314E28,-3.697314E28,0.0000000,3,Missing,-3.697314E28,-3.697314E28,-3.697314E28,Missing,-3.697314E28,-3.697314E28,-3.697314E28,Missing,-3.697314E28,-3.697314E28,-3.697314E28,Port 0x02: JJH T tibia tracker  s/n:3E4C8800,914631148,1782469452.468621620,1,OK,0.6966185,0.1677997,-0.1249344,-0.6862633,7.979,150.046,-1630.514,0.2597244,3,OK,7.735,149.950,-1630.628,OK,-74.892,184.072,-1664.916,OK,5.579,239.804,-1625.448,Port 0x03: JJH Y femur tracker  s/n:3E4C8801,914631148,1782469452.468621620,1,OK,0.8567798,0.0437419,0.3016753,-0.4159412,-201.394,149.020,-1590.396,0.5922863,3,OK,-201.136,148.393,-1590.799,OK,-169.517,241.501,-1572.190,OK,-245.609,213.469,-1538.499
3,Port 0x01: JJH Probe  s/n:3E4C880C,914631151,1782469452.518621620,1,Too Few Markers,-3.697314E28,-3.697314E28,-3.697314E28,-3.697314E28,-3.697314E28,-3.697314E28,-3.697314E28,0.0000000,3,Missing,-3.697314E28,-3.697314E28,-3.697314E28,Missing,-3.697314E28,-3.697314E28,-3.697314E28,Missing,-3.697314E28,-3.697314E28,-3.697314E28,Port 0x02: JJH T tibia tracker  s/n:3E4C8800,914631151,1782469452.518621620,1,OK,0.6981196,0.1586003,-0.1342900,-0.6851577,8.386,150.174,-1632.429,0.2928365,3,OK,8.103,150.082,-1632.558,OK,-74.375,183.410,-1667.739,OK,6.156,240.052,-1629.736,Port 0x03: JJH Y femur tracker  s/n:3E4C8801,914631151,1782469452.518621620,1,OK,0.8519420,0.0380443,0.3137927,-0.4174705,-199.369,148.969,-1588.321,0.5860992,3,OK,-199.124,148.349,-1588.728,OK,-166.798,241.375,-1571.049,OK,-241.935,213.522,-1535.203
3,Port 0x01: JJH Probe  s/n:3E4C880C,914631154,1782469452.568621620,1,Too Few Markers,-3.697314E28,-3.697314E28,-3.697314E28,-3.697314E28,-3.697314E28,-3.697314E28,-3.697314E28,0.0000000,3,Missing,-3.697314E28,-3.697314E28,-3.697314E28,Missing,-3.697314E28,-3.697314E28,-3.697314E28,Missing,-3.697314E28,-3.697314E28,-3.697314E28,Port 0x02: JJH T tibia tracker  s/n:3E4C8800,914631154,1782469452.568621620,1,OK,0.6968377,0.1589006,-0.1345893,-0.6863334,8.690,150.175,-1633.081,0.2619281,3,OK,8.445,150.074,-1633.194,OK,-73.965,183.738,-1668.448,OK,6.762,240.051,-1630.325,Port 0x03: JJH Y femur tracker  s/n:3E4C8801,914631154,1782469452.568621620,1,OK,0.8468301,0.0317666,0.3266161,-0.4185590,-197.120,149.344,-1586.516,0.5824507,3,OK,-196.889,148.727,-1586.928,OK,-163.936,241.711,-1570.266,OK,-237.966,213.963,-1532.154
3,Port 0x01: JJH Probe  s/n:3E4C880C,914631157,1782469452.618621620,1,Too Few Markers,-3.697314E28,-3.697314E28,-3.697314E28,-3.697314E28,-3.697314E28,-3.697314E28,-3.697314E28,0.0000000,3,Missing,-3.697314E28,-3.697314E28,-3.697314E28,Missing,-3.697314E28,-3.697314E28,-3.697314E28,Missing,-3.697314E28,-3.697314E28,-3.697314E28,Port 0x02: JJH T tibia tracker  s/n:3E4C8800,914631157,1782469452.618621620,1,OK,0.6969103,0.1580087,-0.1341563,-0.6865504,8.684,150.048,-1632.795,0.2688833,3,OK,8.432,149.947,-1632.910,OK,-74.004,183.624,-1668.014,OK,6.769,239.915,-1630.099,Port 0x03: JJH Y femur tracker  s/n:3E4C8801,914631157,1782469452.618621620,1,OK,0.8417911,0.0259335,0.3388342,-0.4194122,-194.966,149.356,-1584.653,0.5839058,3,OK,-194.749,148.734,-1585.073,OK,-161.246,241.682,-1569.348,OK,-234.132,214.021,-1529.137
3,Port 0x01: JJH Probe  s/n:3E4C880C,914631160,1782469452.668621620,1,Too Few Markers,-3.697314E28,-3.697314E28,-3.697314E28,-3.697314E28,-3.697314E28,-3.697314E28,-3.697314E28,0.0000000,3,Missing,-3.697314E28,-3.697314E28,-3.697314E28,Missing,-3.697314E28,-3.697314E28,-3.697314E28,Missing,-3.697314E28,-3.697314E28,-3.697314E28,Port 0x02: JJH T tibia tracker  s/n:3E4C8800,914631160,1782469452.668621620,1,OK,0.6965703,0.1601435,-0.1318836,-0.6868410,8.412,149.950,-1631.946,0.2754771,3,OK,8.151,149.851,-1632.066,OK,-74.308,183.695,-1666.938,OK,6.480,239.815,-1628.676,Port 0x03: JJH Y femur tracker  s/n:3E4C8801,914631160,1782469452.668621620,1,OK,0.8364117,0.0194880,0.3511507,-0.4203914,-192.680,149.479,-1582.449,0.5607119,3,OK,-192.491,148.873,-1582.856,OK,-158.436,241.774,-1568.227,OK,-230.063,214.227,-1525.882
3,Port 0x01: JJH Probe  s/n:3E4C880C,914631163,1782469452.718621620,1,Too Few Markers,-3.697314E28,-3.697314E28,-3.697314E28,-3.697314E28,-3.697314E28,-3.697314E28,-3.697314E28,0.0000000,3,Missing,-3.697314E28,-3.697314E28,-3.697314E28,Missing,-3.697314E28,-3.697314E28,-3.697314E28,Missing,-3.697314E28,-3.697314E28,-3.697314E28,Port 0x02: JJH T tibia tracker  s/n:3E4C8800,914631163,1782469452.718621620,1,OK,0.6962495,0.1611276,-0.1307993,-0.6871434,8.473,150.040,-1631.799,0.2703173,3,OK,8.213,149.951,-1631.918,OK,-74.253,183.908,-1666.678,OK,6.572,239.889,-1628.252,Port 0x03: JJH Y femur tracker  s/n:3E4C8801,914631163,1782469452.718621620,1,OK,0.8302812,0.0128623,0.3644885,-0.4214449,-190.095,149.751,-1580.702,0.5638169,3,OK,-189.911,149.150,-1581.120,OK,-155.273,241.970,-1567.618,OK,-225.509,214.598,-1522.991
3,Port 0x01: JJH Probe  s/n:3E4C880C,914631166,1782469452.768621620,1,Too Few Markers,-3.697314E28,-3.697314E28,-3.697314E28,-3.697314E28,-3.697314E28,-3.697314E28,-3.697314E28,0.0000000,3,Missing,-3.697314E28,-3.697314E28,-3.697314E28,Missing,-3.697314E28,-3.697314E28,-3.697314E28,Missing,-3.697314E28,-3.697314E28,-3.697314E28,Port 0x02: JJH T tibia tracker  s/n:3E4C8800,914631166,1782469452.768621620,1,OK,0.6970489,0.1605591,-0.1312924,-0.6863716,8.137,150.283,-1632.402,0.2813767,3,OK,7.865,150.194,-1632.526,OK,-74.630,183.932,-1667.331,OK,6.056,240.130,-1629.034,Port 0x03: JJH Y femur tracker  s/n:3E4C8801,914631166,1782469452.768621620,1,OK,0.8236754,0.0051743,0.3785476,-0.4221774,-187.444,149.878,-1578.839,0.5568406,3,OK,-187.271,149.291,-1579.259,OK,-152.117,242.075,-1567.094,OK,-220.788,214.824,-1520.018
3,Port 0x01: JJH Probe  s/n:3E4C880C,914631169,1782469452.818621620,1,Too Few Markers,-3.697314E28,-3.697314E28,-3.697314E28,-3.697314E28,-3.697314E28,-3.697314E28,-3.697314E28,0.0000000,3,Missing,-3.697314E28,-3.697314E28,-3.697314E28,Missing,-3.697314E28,-3.697314E28,-3.697314E28,Missing,-3.697314E28,-3.697314E28,-3.697314E28,Port 0x02: JJH T tibia tracker  s/n:3E4C8800,914631169,1782469452.818621620,1,OK,0.6978378,0.1595014,-0.1320431,-0.6856722,7.763,150.682,-1632.279,0.2830037,3,OK,7.494,150.582,-1632.402,OK,-75.069,184.103,-1667.275,OK,5.543,240.542,-1629.175,Port 0x03: JJH Y femur tracker  s/n:3E4C8801,914631169,1782469452.818621620,1,OK,0.8170183,-0.0015914,0.3918425,-0.4230106,-184.667,150.157,-1576.975,0.5581375,3,OK,-184.516,149.564,-1577.397,OK,-148.854,242.291,-1566.405,OK,-215.916,215.200,-1517.166
3,Port 0x01: JJH Probe  s/n:3E4C880C,914631172,1782469452.868621620,1,Too Few Markers,-3.697314E28,-3.697314E28,-3.697314E28,-3.697314E28,-3.697314E28,-3.697314E28,-3.697314E28,0.0000000,3,Missing,-3.697314E28,-3.697314E28,-3.697314E28,Missing,-3.697314E28,-3.697314E28,-3.697314E28,Missing,-3.697314E28,-3.697314E28,-3.697314E28,Port 0x02: JJH T tibia tracker  s/n:3E4C8800,914631172,1782469452.868621620,1,OK,0.6979180,0.1595688,-0.1327757,-0.6854333,7.629,150.633,-1632.687,0.2691489,3,OK,7.378,150.528,-1632.802,OK,-75.186,184.009,-1667.820,OK,5.383,240.493,-1629.676,Port 0x03: JJH Y femur tracker  s/n:3E4C8801,914631172,1782469452.868621620,1,OK,0.8096960,-0.0085284,0.4060315,-0.4236249,-181.817,150.333,-1575.325,0.5582606,3,OK,-181.675,149.750,-1575.753,OK,-145.507,242.382,-1565.988,OK,-210.839,215.428,-1514.461
3,Port 0x01: JJH Probe  s/n:3E4C880C,914631175,1782469452.918621620,1,Too Few Markers,-3.697314E28,-3.697314E28,-3.697314E28,-3.697314E28,-3.697314E28,-3.697314E28,-3.697314E28,0.0000000,3,Missing,-3.697314E28,-3.697314E28,-3.697314E28,Missing,-3.697314E28,-3.697314E28,-3.697314E28,Missing,-3.697314E28,-3.697314E28,-3.697314E28,Port 0x02: JJH T tibia tracker  s/n:3E4C8800,914631175,1782469452.918621620,1,OK,0.6973784,0.1619721,-0.1305177,-0.6858524,7.475,150.521,-1632.287,0.2692021,3,OK,7.221,150.423,-1632.405,OK,-75.340,184.124,-1667.210,OK,5.233,240.360,-1628.669,Port 0x03: JJH Y femur tracker  s/n:3E4C8801,914631175,1782469452.918621620,1,OK,0.8027839,-0.0157761,0.4187304,-0.4242099,-179.146,150.525,-1573.582,0.5440843,3,OK,-179.027,149.956,-1573.997,OK,-142.472,242.540,-1565.550,OK,-206.084,215.740,-1511.952
3,Port 0x01: JJH Probe  s/n:3E4C880C,914631178,1782469452.968621620,1,Too Few Markers,-3.697314E28,-3.697314E28,-3.697314E28,-3.697314E28,-3.697314E28,-3.697314E28,-3.697314E28,0.0000000,3,Missing,-3.697314E28,-3.697314E28,-3.697314E28,Missing,-3.697314E28,-3.697314E28,-3.697314E28,Missing,-3.697314E28,-3.697314E28,-3.697314E28,Port 0x02: JJH T tibia tracker  s/n:3E4C8800,914631178,1782469452.968621620,1,OK,0.6972101,0.1637191,-0.1278509,-0.6861110,7.316,150.485,-1631.784,0.2795501,3,OK,7.051,150.386,-1631.906,OK,-75.557,184.241,-1666.378,OK,5.010,240.302,-1627.605,Port 0x03: JJH Y femur tracker  s/n:3E4C8801,914631178,1782469452.968621620,1,OK,0.7967847,-0.0216091,0.4295808,-0.4244142,-176.731,150.679,-1572.010,0.5189857,3,OK,-176.630,150.143,-1572.404,OK,-139.790,242.650,-1565.021,OK,-201.889,215.930,-1509.738
3,Port 0x01: JJH Probe  s/n:3E4C880C,914631181,1782469453.018621620,1,Too Few Markers,-3.697314E28,-3.697314E28,-3.697314E28,-3.697314E28,-3.697314E28,-3.697314E28,-3.697314E28,0.0000000,3,Missing,-3.697314E28,-3.697314E28,-3.697314E28,Missing,-3.697314E28,-3.697314E28,-3.697314E28,Missing,-3.697314E28,-3.697314E28,-3.697314E28,Port 0x02: JJH T tibia tracker  s/n:3E4C8800,914631181,1782469453.018621620,1,OK,0.6968326,0.1662225,-0.1258969,-0.6862539,7.131,150.197,-1630.655,0.2493171,3,OK,6.900,150.098,-1630.764,OK,-75.773,184.135,-1665.114,OK,4.777,239.974,-1625.908,Port 0x03: JJH Y femur tracker  s/n:3E4C8801,914631181,1782469453.018621620,1,OK,0.7918917,-0.0257678,0.4380584,-0.4246745,-174.962,150.652,-1570.637,0.5339233,3,OK,-174.857,150.112,-1571.050,OK,-137.761,242.558,-1564.424,OK,-198.711,215.948,-1507.818
3,Port 0x01: JJH Probe  s/n:3E4C880C,914631184,1782469453.068621620,1,Too Few Markers,-3.697314E28,-3.697314E28,-3.697314E28,-3.697314E28,-3.697314E28,-3.697314E28,-3.697314E28,0.0000000,3,Missing,-3.697314E28,-3.697314E28,-3.697314E28,Missing,-3.697314E28,-3.697314E28,-3.697314E28,Missing,-3.697314E28,-3.697314E28,-3.697314E28,Port 0x02: JJH T tibia tracker  s/n:3E4C8800,914631184,1782469453.068621620,1,OK,0.6967998,0.1672308,-0.1224883,-0.6866590,6.984,150.101,-1629.595,0.2476711,3,OK,6.755,150.001,-1629.702,OK,-76.068,184.188,-1663.554,OK,4.577,239.844,-1624.283,Port 0x03: JJH Y femur tracker  s/n:3E4C8801,914631184,1782469453.068621620,1,OK,0.7883886,-0.0287401,0.4442726,-0.4245461,-173.641,150.703,-1568.994,0.5274635,3,OK,-173.547,150.168,-1569.401,OK,-136.306,242.587,-1563.307,OK,-196.379,215.971,-1505.794
3,Port 0x01: JJH Probe  s/n:3E4C880C,914631187,1782469453.118621620,1,Too Few Markers,-3.697314E28,-3.697314E28,-3.697314E28,-3.697314E28,-3.697314E28,-3.697314E28,-3.697314E28,0.0000000,3,Missing,-3.697314E28,-3.697314E28,-3.697314E28,Missing,-3.697314E28,-3.697314E28,-3.697314E28,Missing,-3.697314E28,-3.697314E28,-3.697314E28,Port 0x02: JJH T tibia tracker  s/n:3E4C8800,914631187,1782469453.118621620,1,OK,0.6969978,0.1677510,-0.1193924,-0.6868763,6.890,150.075,-1628.320,0.2557853,3,OK,6.649,149.981,-1628.431,OK,-76.308,184.236,-1661.792,OK,4.395,239.782,-1622.557,Port 0x03: JJH Y femur tracker  s/n:3E4C8801,914631187,1782469453.118621620,1,OK,0.7860083,-0.0306672,0.4481063,-0.4247954,-172.737,150.779,-1567.330,0.5394861,3,OK,-172.647,150.238,-1567.742,OK,-135.285,242.622,-1562.000,OK,-194.776,216.092,-1503.937
3,Port 0x01: JJH Probe  s/n:3E4C880C,914631190,1782469453.168621620,1,Too Few Markers,-3.697314E28,-3.697314E28,-3.697314E28,-3.697314E28,-3.697314E28,-3.697314E28,-3.697314E28,0.0000000,3,Missing,-3.697314E28,-3.697314E28,-3.697314E28,Missing,-3.697314E28,-3.697314E28,-3.697314E28,Missing,-3.697314E28,-3.697314E28,-3.697314E28,Port 0x02: JJH T tibia tracker  s/n:3E4C8800,914631190,1782469453.168621620,1,OK,0.6971167,0.1684499,-0.1169316,-0.6870079,6.825,150.099,-1626.631,0.2674386,3,OK,6.568,150.011,-1626.749,OK,-76.486,184.310,-1659.742,OK,4.269,239.787,-1620.467,Port 0x03: JJH Y femur tracker  s/n:3E4C8801,914631190,1782469453.168621620,1,OK,0.7845861,-0.0320287,0.4502879,-0.4250173,-172.202,150.812,-1565.451,0.5237041,3,OK,-172.119,150.283,-1565.850,OK,-134.668,242.645,-1560.400,OK,-193.842,216.154,-1501.974
3,Port 0x01: JJH Probe  s/n:3E4C880C,914631193,1782469453.218621620,1,Too Few Markers,-3.697314E28,-3.697314E28,-3.697314E28,-3.697314E28,-3.697314E28,-3.697314E28,-3.697314E28,0.0000000,3,Missing,-3.697314E28,-3.697314E28,-3.697314E28,Missing,-3.697314E28,-3.697314E28,-3.697314E28,Missing,-3.697314E28,-3.697314E28,-3.697314E28,Port 0x02: JJH T tibia tracker  s/n:3E4C8800,914631193,1782469453.218621620,1,OK,0.6974063,0.1681075,-0.1161165,-0.6869361,6.759,150.122,-1625.292,0.2538586,3,OK,6.521,150.025,-1625.401,OK,-76.650,184.299,-1658.255,OK,4.152,239.805,-1619.075,Port 0x03: JJH Y femur tracker  s/n:3E4C8801,914631193,1782469453.218621620,1,OK,0.7839500,-0.0323474,0.4512933,-0.4251004,-171.918,150.803,-1563.822,0.5305068,3,OK,-171.836,150.271,-1564.225,OK,-134.340,242.615,-1558.831,OK,-193.366,216.148,-1500.283
3,Port 0x01: JJH Probe  s/n:3E4C880C,914631196,1782469453.268621620,1,Too Few Markers,-3.697314E28,-3.697314E28,-3.697314E28,-3.697314E28,-3.697314E28,-3.697314E28,-3.697314E28,0.0000000,3,Missing,-3.697314E28,-3.697314E28,-3.697314E28,Missing,-3.697314E28,-3.697314E28,-3.697314E28,Missing,-3.697314E28,-3.697314E28,-3.697314E28,Port 0x02: JJH T tibia tracker  s/n:3E4C8800,914631196,1782469453.268621620,1,OK,0.6974816,0.1679146,-0.1152182,-0.6870582,6.798,150.026,-1624.590,0.2661852,3,OK,6.553,149.915,-1624.703,OK,-76.654,184.221,-1657.382,OK,4.176,239.715,-1618.285,Port 0x03: JJH Y femur tracker  s/n:3E4C8801,914631196,1782469453.268621620,1,OK,0.7828812,-0.0335041,0.4529236,-0.4252467,-171.457,150.770,-1562.894,0.5201172,3,OK,-171.379,150.248,-1563.289,OK,-133.837,242.576,-1558.133,OK,-192.607,216.149,-1499.307
3,Port 0x01: JJH Probe  s/n:3E4C880C,914631199,1782469453.318621620,1,Too Few Markers,-3.697314E28,-3.697314E28,-3.697314E28,-3.697314E28,-3.697314E28,-3.697314E28,-3.697314E28,0.0000000,3,Missing,-3.697314E28,-3.697314E28,-3.697314E28,Missing,-3.697314E28,-3.697314E28,-3.697314E28,Missing,-3.697314E28,-3.697314E28,-3.697314E28,Port 0x02: JJH T tibia tracker  s/n:3E4C8800,914631199,1782469453.318621620,1,OK,0.6973267,0.1683182,-0.1138616,-0.6873427,6.795,149.974,-1623.942,0.2653782,3,OK,6.550,149.867,-1624.055,OK,-76.688,184.267,-1656.524,OK,4.173,239.634,-1617.412,Port 0x03: JJH Y femur tracker  s/n:3E4C8801,914631199,1782469453.318621620,1,OK,0.7815854,-0.0344178,0.4552199,-0.4251053,-171.016,150.773,-1562.219,0.5182229,3,OK,-170.942,150.246,-1562.613,OK,-133.341,242.578,-1557.623,OK,-191.806,216.116,-1498.470
3,Port 0x01: JJH Probe  s/n:3E4C880C,914631202,1782469453.368621620,1,Too Few Markers,-3.697314E28,-3.697314E28,-3.697314E28,-3.697314E28,-3.697314E28,-3.697314E28,-3.697314E28,0.0000000,3,Missing,-3.697314E28,-3.697314E28,-3.697314E28,Missing,-3.697314E28,-3.697314E28,-3.697314E28,Missing,-3.697314E28,-3.697314E28,-3.697314E28,Port 0x02: JJH T tibia tracker  s/n:3E4C8800,914631202,1782469453.368621620,1,OK,0.6971818,0.1692010,-0.1130315,-0.6874100,6.818,149.931,-1623.436,0.2576625,3,OK,6.579,149.827,-1623.547,OK,-76.687,184.283,-1655.948,OK,4.191,239.576,-1616.683,Port 0x03: JJH Y femur tracker  s/n:3E4C8801,914631202,1782469453.368621620,1,OK,0.7807733,-0.0351613,0.4565154,-0.4251476,-170.625,150.813,-1561.682,0.5260499,3,OK,-170.549,150.288,-1562.081,OK,-132.936,242.599,-1557.213,OK,-191.173,216.180,-1497.886
3,Port 0x01: JJH Probe  s/n:3E4C880C,914631205,1782469453.418621620,1,Too Few Markers,-3.697314E28,-3.697314E28,-3.697314E28,-3.697314E28,-3.697314E28,-3.697314E28,-3.697314E28,0.0000000,3,Missing,-3.697314E28,-3.697314E28,-3.697314E28,Missing,-3.697314E28,-3.697314E28,-3.697314E28,Missing,-3.697314E28,-3.697314E28,-3.697314E28,Port 0x02: JJH T tibia tracker  s/n:3E4C8800,914631205,1782469453.418621620,1,OK,0.6971940,0.1699796,-0.1117186,-0.6874201,6.853,149.892,-1623.218,0.2673780,3,OK,6.597,149.802,-1623.335,OK,-76.695,184.268,-1655.567,OK,4.190,239.519,-1616.197,Port 0x03: JJH Y femur tracker  s/n:3E4C8801,914631205,1782469453.418621620,1,OK,0.7799666,-0.0358574,0.4579307,-0.4250482,-170.224,150.739,-1561.281,0.5091034,3,OK,-170.159,150.224,-1561.661,OK,-132.514,242.534,-1556.933,OK,-190.543,216.076,-1497.418
3,Port 0x01: JJH Probe  s/n:3E4C880C,914631208,1782469453.468621620,1,Too Few Markers,-3.697314E28,-3.697314E28,-3.697314E28,-3.697314E28,-3.697314E28,-3.697314E28,-3.697314E28,0.0000000,3,Missing,-3.697314E28,-3.697314E28,-3.697314E28,Missing,-3.697314E28,-3.697314E28,-3.697314E28,Missing,-3.697314E28,-3.697314E28,-3.697314E28,Port 0x02: JJH T tibia tracker  s/n:3E4C8800,914631208,1782469453.468621620,1,OK,0.6971138,0.1703301,-0.1114413,-0.6874597,6.790,149.839,-1622.951,0.2641379,3,OK,6.544,149.737,-1623.065,OK,-76.759,184.252,-1655.278,OK,4.120,239.465,-1615.851,Port 0x03: JJH Y femur tracker  s/n:3E4C8801,914631208,1782469453.468621620,1,OK,0.7792031,-0.0361914,0.4593047,-0.4249376,-170.059,150.739,-1561.128,0.5208250,3,OK,-169.980,150.226,-1561.528,OK,-132.315,242.502,-1556.841,OK,-190.171,216.056,-1497.132
3,Port 0x01: JJH Probe  s/n:3E4C880C,914631211,1782469453.518621620,1,Too Few Markers,-3.697314E28,-3.697314E28,-3.697314E28,-3.697314E28,-3.697314E28,-3.697314E28,-3.697314E28,0.0000000,3,Missing,-3.697314E28,-3.697314E28,-3.697314E28,Missing,-3.697314E28,-3.697314E28,-3.697314E28,Missing,-3.697314E28,-3.697314E28,-3.697314E28,Port 0x02: JJH T tibia tracker  s/n:3E4C8800,914631211,1782469453.518621620,1,OK,0.6970532,0.1710947,-0.1104881,-0.6874851,6.780,149.774,-1622.655,0.2617776,3,OK,6.536,149.671,-1622.768,OK,-76.798,184.231,-1654.880,OK,4.082,239.383,-1615.338,Port 0x03: JJH Y femur tracker  s/n:3E4C8801,914631211,1782469453.518621620,1,OK,0.7784932,-0.0366441,0.4606121,-0.4247848,-169.749,150.666,-1560.781,0.5265419,3,OK,-169.679,150.141,-1561.179,OK,-131.992,242.437,-1556.553,OK,-189.650,215.954,-1496.705
3,Port 0x01: JJH Probe  s/n:3E4C880C,914631214,1782469453.568621624,1,Too Few Markers,-3.697314E28,-3.697314E28,-3.697314E28,-3.697314E28,-3.697314E28,-3.697314E28,-3.697314E28,0.0000000,3,Missing,-3.697314E28,-3.697314E28,-3.697314E28,Missing,-3.697314E28,-3.697314E28,-3.697314E28,Missing,-3.697314E28,-3.697314E28,-3.697314E28,Port 0x02: JJH T tibia tracker  s/n:3E4C8800,914631214,1782469453.568621624,1,OK,0.6969775,0.1711689,-0.1101512,-0.6875974,6.835,149.867,-1622.382,0.2516627,3,OK,6.597,149.777,-1622.492,OK,-76.754,184.360,-1654.554,OK,4.149,239.456,-1615.011,Port 0x03: JJH Y femur tracker  s/n:3E4C8801,914631214,1782469453.568621624,1,OK,0.7777581,-0.0375827,0.4616582,-0.4249137,-169.360,150.841,-1560.512,0.5219293,3,OK,-169.297,150.323,-1560.897,OK,-131.600,242.610,-1556.454,OK,-189.041,216.171,-1496.452
3,Port 0x01: JJH Probe  s/n:3E4C880C,914631217,1782469453.618621624,1,Too Few Markers,-3.697314E28,-3.697314E28,-3.697314E28,-3.697314E28,-3.697314E28,-3.697314E28,-3.697314E28,0.0000000,3,Missing,-3.697314E28,-3.697314E28,-3.697314E28,Missing,-3.697314E28,-3.697314E28,-3.697314E28,Missing,-3.697314E28,-3.697314E28,-3.697314E28,Port 0x02: JJH T tibia tracker  s/n:3E4C8800,914631217,1782469453.618621624,1,OK,0.6971464,0.1714352,-0.1088259,-0.6875710,6.770,149.845,-1622.106,0.2716951,3,OK,6.512,149.750,-1622.224,OK,-76.871,184.334,-1654.069,OK,4.023,239.427,-1614.540,Port 0x03: JJH Y femur tracker  s/n:3E4C8801,914631217,1782469453.618621624,1,OK,0.7769483,-0.0379456,0.4632748,-0.4246034,-169.121,150.751,-1560.022,0.5286930,3,OK,-169.052,150.230,-1560.421,OK,-131.343,242.512,-1556.013,OK,-188.582,216.025,-1495.804
3,Port 0x01: JJH Probe  s/n:3E4C880C,914631220,1782469453.668621624,1,Too Few Markers,-3.697314E28,-3.697314E28,-3.697314E28,-3.697314E28,-3.697314E28,-3.697314E28,-3.697314E28,0.0000000,3,Missing,-3.697314E28,-3.697314E28,-3.697314E28,Missing,-3.697314E28,-3.697314E28,-3.697314E28,Missing,-3.697314E28,-3.697314E28,-3.697314E28,Port 0x02: JJH T tibia tracker  s/n:3E4C8800,914631220,1782469453.668621624,1,OK,0.6971354,0.1712819,-0.1085037,-0.6876713,6.764,149.801,-1621.642,0.2624305,3,OK,6.521,149.697,-1621.755,OK,-76.897,184.320,-1653.537,OK,4.014,239.374,-1614.058,Port 0x03: JJH Y femur tracker  s/n:3E4C8801,914631220,1782469453.668621624,1,OK,0.7763017,-0.0386117,0.4642851,-0.4246223,-168.850,150.723,-1559.555,0.5283387,3,OK,-168.784,150.205,-1559.948,OK,-131.066,242.482,-1555.661,OK,-188.123,216.012,-1495.314
3,Port 0x01: JJH Probe  s/n:3E4C880C,914631223,1782469453.718621624,1,Too Few Markers,-3.697314E28,-3.697314E28,-3.697314E28,-3.697314E28,-3.697314E28,-3.697314E28,-3.697314E28,0.0000000,3,Missing,-3.697314E28,-3.697314E28,-3.697314E28,Missing,-3.697314E28,-3.697314E28,-3.697314E28,Missing,-3.697314E28,-3.697314E28,-3.697314E28,Port 0x02: JJH T tibia tracker  s/n:3E4C8800,914631223,1782469453.718621624,1,OK,0.6969937,0.1725055,-0.1074818,-0.6876695,6.797,149.882,-1621.276,0.2662207,3,OK,6.547,149.783,-1621.392,OK,-76.880,184.451,-1653.092,OK,4.025,239.440,-1613.401,Port 0x03: JJH Y femur tracker  s/n:3E4C8801,914631223,1782469453.718621624,1,OK,0.7752337,-0.0397041,0.4660353,-0.4245555,-168.413,150.849,-1559.165,0.5179734,3,OK,-168.351,150.337,-1559.552,OK,-130.610,242.615,-1555.477,OK,-187.400,216.141,-1494.847
3,Port 0x01: JJH Probe  s/n:3E4C880C,914631226,1782469453.768621624,1,Too Few Markers,-3.697314E28,-3.697314E28,-3.697314E28,-3.697314E28,-3.697314E28,-3.697314E28,-3.697314E28,0.0000000,3,Missing,-3.697314E28,-3.697314E28,-3.697314E28,Missing,-3.697314E28,-3.697314E28,-3.697314E28,Missing,-3.697314E28,-3.697314E28,-3.697314E28,Port 0x02: JJH T tibia tracker  s/n:3E4C8800,914631226,1782469453.768621624,1,OK,0.6970100,0.1725306,-0.1069927,-0.6877229,6.743,149.819,-1620.673,0.2502872,3,OK,6.511,149.719,-1620.781,OK,-76.968,184.417,-1652.410,OK,3.953,239.357,-1612.739,Port 0x03: JJH Y femur tracker  s/n:3E4C8801,914631226,1782469453.768621624,1,OK,0.7743301,-0.0405039,0.4676685,-0.4243330,-168.076,150.745,-1558.543,0.5132226,3,OK,-168.016,150.236,-1558.930,OK,-130.270,242.520,-1554.991,OK,-186.820,216.010,-1494.125
3,Port 0x01: JJH Probe  s/n:3E4C880C,914631229,1782469453.818621624,1,Too Few Markers,-3.697314E28,-3.697314E28,-3.697314E28,-3.697314E28,-3.697314E28,-3.697314E28,-3.697314E28,0.0000000,3,Missing,-3.697314E28,-3.697314E28,-3.697314E28,Missing,-3.697314E28,-3.697314E28,-3.697314E28,Missing,-3.697314E28,-3.697314E28,-3.697314E28,Port 0x02: JJH T tibia tracker  s/n:3E4C8800,914631229,1782469453.818621624,1,OK,0.6969519,0.1730647,-0.1058201,-0.6878290,6.777,149.830,-1620.062,0.2536923,3,OK,6.536,149.742,-1620.173,OK,-76.974,184.468,-1651.640,OK,3.981,239.348,-1611.905,Port 0x03: JJH Y femur tracker  s/n:3E4C8801,914631229,1782469453.818621624,1,OK,0.7735891,-0.0413173,0.4689168,-0.4242286,-167.759,150.804,-1557.856,0.5153610,3,OK,-167.701,150.294,-1558.241,OK,-129.963,242.586,-1554.438,OK,-186.295,216.078,-1493.393
3,Port 0x01: JJH Probe  s/n:3E4C880C,914631232,1782469453.868621624,1,Too Few Markers,-3.697314E28,-3.697314E28,-3.697314E28,-3.697314E28,-3.697314E28,-3.697314E28,-3.697314E28,0.0000000,3,Missing,-3.697314E28,-3.697314E28,-3.697314E28,Missing,-3.697314E28,-3.697314E28,-3.697314E28,Missing,-3.697314E28,-3.697314E28,-3.697314E28,Port 0x02: JJH T tibia tracker  s/n:3E4C8800,914631232,1782469453.868621624,1,OK,0.6971489,0.1731892,-0.1043242,-0.6878265,6.790,149.934,-1619.739,0.2707959,3,OK,6.530,149.845,-1619.858,OK,-77.035,184.561,-1651.073,OK,3.940,239.442,-1611.381,Port 0x03: JJH Y femur tracker  s/n:3E4C8801,914631232,1782469453.868621624,1,OK,0.7727088,-0.0419070,0.4704089,-0.4241231,-167.395,150.887,-1557.344,0.5268181,3,OK,-167.329,150.380,-1557.740,OK,-129.589,242.642,-1554.018,OK,-185.678,216.154,-1492.791
3,Port 0x01: JJH Probe  s/n:3E4C880C,914631235,1782469453.918621624,1,Too Few Markers,-3.697314E28,-3.697314E28,-3.697314E28,-3.697314E28,-3.697314E28,-3.697314E28,-3.697314E28,0.0000000,3,Missing,-3.697314E28,-3.697314E28,-3.697314E28,Missing,-3.697314E28,-3.697314E28,-3.697314E28,Missing,-3.697314E28,-3.697314E28,-3.697314E28,Port 0x02: JJH T tibia tracker  s/n:3E4C8800,914631235,1782469453.918621624,1,OK,0.6971412,0.1737476,-0.1039811,-0.6877455,6.735,149.942,-1619.319,0.2595445,3,OK,6.491,149.845,-1619.432,OK,-77.101,184.592,-1650.640,OK,3.843,239.435,-1610.855,Port 0x03: JJH Y femur tracker  s/n:3E4C8801,914631235,1782469453.918621624,1,OK,0.7724385,-0.0424023,0.4708073,-0.4241242,-167.262,150.914,-1557.057,0.5208581,3,OK,-167.203,150.407,-1557.444,OK,-129.469,242.685,-1553.820,OK,-185.471,216.198,-1492.520
3,Port 0x01: JJH Probe  s/n:3E4C880C,914631238,1782469453.968621624,1,Too Few Markers,-3.697314E28,-3.697314E28,-3.697314E28,-3.697314E28,-3.697314E28,-3.697314E28,-3.697314E28,0.0000000,3,Missing,-3.697314E28,-3.697314E28,-3.697314E28,Missing,-3.697314E28,-3.697314E28,-3.697314E28,Missing,-3.697314E28,-3.697314E28,-3.697314E28,Port 0x02: JJH T tibia tracker  s/n:3E4C8800,914631238,1782469453.968621624,1,OK,0.6974920,0.1733495,-0.1041441,-0.6874655,6.643,150.039,-1619.379,0.2613543,3,OK,6.392,149.952,-1619.493,OK,-77.229,184.588,-1650.709,OK,3.698,239.536,-1610.996,Port 0x03: JJH Y femur tracker  s/n:3E4C8801,914631238,1782469453.968621624,1,OK,0.7729286,-0.0418813,0.4699577,-0.4242252,-167.539,150.934,-1557.128,0.5267755,3,OK,-167.470,150.424,-1557.530,OK,-129.730,242.695,-1553.817,OK,-185.898,216.229,-1492.600
3,Port 0x01: JJH Probe  s/n:3E4C880C,914631241,1782469454.018621624,1,Too Few Markers,-3.697314E28,-3.697314E28,-3.697314E28,-3.697314E28,-3.697314E28,-3.697314E28,-3.697314E28,0.0000000,3,Missing,-3.697314E28,-3.697314E28,-3.697314E28,Missing,-3.697314E28,-3.697314E28,-3.697314E28,Missing,-3.697314E28,-3.697314E28,-3.697314E28,Port 0x02: JJH T tibia tracker  s/n:3E4C8800,914631241,1782469454.018621624,1,OK,0.6981053,0.1712847,-0.1066496,-0.6869762,6.421,150.360,-1619.810,0.2569424,3,OK,6.180,150.262,-1619.921,OK,-77.442,184.688,-1651.429,OK,3.445,239.913,-1612.025,Port 0x03: JJH Y femur tracker  s/n:3E4C8801,914631241,1782469454.018621624,1,OK,0.7748917,-0.0408141,0.4665398,-0.4245204,-168.363,151.113,-1557.539,0.5160341,3,OK,-168.299,150.603,-1557.929,OK,-130.617,242.911,-1554.055,OK,-187.275,216.472,-1493.257
3,Port 0x01: JJH Probe  s/n:3E4C880C,914631244,1782469454.068621624,1,Too Few Markers,-3.697314E28,-3.697314E28,-3.697314E28,-3.697314E28,-3.697314E28,-3.697314E28,-3.697314E28,0.0000000,3,Missing,-3.697314E28,-3.697314E28,-3.697314E28,Missing,-3.697314E28,-3.697314E28,-3.697314E28,Missing,-3.697314E28,-3.697314E28,-3.697314E28,Port 0x02: JJH T tibia tracker  s/n:3E4C8800,914631244,1782469454.068621624,1,OK,0.6993753,0.1683759,-0.1102054,-0.6858414,6.034,150.902,-1620.551,0.2680599,3,OK,5.781,150.803,-1620.666,OK,-77.831,184.795,-1652.583,OK,2.915,240.526,-1613.632,Port 0x03: JJH Y femur tracker  s/n:3E4C8801,914631244,1782469454.068621624,1,OK,0.7779643,-0.0384707,0.4613869,-0.4247513,-169.746,151.320,-1558.375,0.5232288,3,OK,-169.674,150.796,-1558.775,OK,-132.079,243.146,-1554.483,OK,-189.531,216.721,-1494.363
3,Port 0x01: JJH Probe  s/n:3E4C880C,914631247,1782469454.118621624,1,Too Few Markers,-3.697314E28,-3.697314E28,-3.697314E28,-3.697314E28,-3.697314E28,-3.697314E28,-3.697314E28,0.0000000,3,Missing,-3.697314E28,-3.697314E28,-3.697314E28,Missing,-3.697314E28,-3.697314E28,-3.697314E28,Missing,-3.697314E28,-3.697314E28,-3.697314E28,Port 0x02: JJH T tibia tracker  s/n:3E4C8800,914631247,1782469454.118621624,1,OK,0.7002183,0.1654317,-0.1157157,-0.6847894,5.713,151.269,-1621.055,0.2671925,3,OK,5.458,151.177,-1621.171,OK,-78.024,184.760,-1653.816,OK,2.552,240.959,-1615.245,Port 0x03: JJH Y femur tracker  s/n:3E4C8801,914631247,1782469454.118621624,1,OK,0.7826706,-0.0346344,0.4534765,-0.4249543,-171.637,151.350,-1559.386,0.5202934,3,OK,-171.560,150.821,-1559.781,OK,-134.112,243.218,-1554.805,OK,-192.748,216.766,-1495.814
3,Port 0x01: JJH Probe  s/n:3E4C880C,914631250,1782469454.168621624,1,Too Few Markers,-3.697314E28,-3.697314E28,-3.697314E28,-3.697314E28,-3.697314E28,-3.697314E28,-3.697314E28,0.0000000,3,Missing,-3.697314E28,-3.697314E28,-3.697314E28,Missing,-3.697314E28,-3.697314E28,-3.697314E28,Missing,-3.697314E28,-3.697314E28,-3.697314E28,Port 0x02: JJH T tibia tracker  s/n:3E4C8800,914631250,1782469454.168621624,1,OK,0.7011455,0.1609150,-0.1208694,-0.6840262,5.521,151.630,-1622.828,0.2728251,3,OK,5.266,151.523,-1622.943,OK,-78.156,184.705,-1656.135,OK,2.380,241.398,-1618.270,Port 0x03: JJH Y femur tracker  s/n:3E4C8801,914631250,1782469454.168621624,1,OK,0.7873486,-0.0298777,0.4457141,-0.4248864,-173.628,151.342,-1561.182,0.5439967,3,OK,-173.533,150.797,-1561.598,OK,-136.245,243.205,-1555.715,OK,-196.055,216.700,-1497.959
3,Port 0x01: JJH Probe  s/n:3E4C880C,914631253,1782469454.218621624,1,Too Few Markers,-3.697314E28,-3.697314E28,-3.697314E28,-3.697314E28,-3.697314E28,-3.697314E28,-3.697314E28,0.0000000,3,Missing,-3.697314E28,-3.697314E28,-3.697314E28,Missing,-3.697314E28,-3.697314E28,-3.697314E28,Missing,-3.697314E28,-3.697314E28,-3.697314E28,Port 0x02: JJH T tibia tracker  s/n:3E4C8800,914631253,1782469454.218621624,1,OK,0.7011212,0.1611481,-0.1240660,-0.6834237,5.391,151.667,-1625.813,0.2764275,3,OK,5.126,151.572,-1625.933,OK,-78.115,184.602,-1659.679,OK,2.256,241.454,-1621.641,Port 0x03: JJH Y femur tracker  s/n:3E4C8801,914631253,1782469454.218621624,1,OK,0.7897821,-0.0279460,0.4417125,-0.4246803,-174.622,151.209,-1564.828,0.5342879,3,OK,-174.522,150.668,-1565.241,OK,-137.358,243.115,-1559.008,OK,-197.768,216.536,-1501.818
3,Port 0x01: JJH Probe  s/n:3E4C880C,914631256,1782469454.268621624,1,Too Few Markers,-3.697314E28,-3.697314E28,-3.697314E28,-3.697314E28,-3.697314E28,-3.697314E28,-3.697314E28,0.0000000,3,Missing,-3.697314E28,-3.697314E28,-3.697314E28,Missing,-3.697314E28,-3.697314E28,-3.697314E28,Missing,-3.697314E28,-3.697314E28,-3.697314E28,Port 0x02: JJH T tibia tracker  s/n:3E4C8800,914631256,1782469454.268621624,1,OK,0.7006535,0.1637181,-0.1266360,-0.6828209,5.456,151.435,-1629.601,0.2683337,3,OK,5.208,151.326,-1629.716,OK,-77.803,184.385,-1664.084,OK,2.279,241.223,-1625.448,Port 0x03: JJH Y femur tracker  s/n:3E4C8801,914631256,1782469454.268621624,1,OK,0.7909372,-0.0275889,0.4393544,-0.4249999,-174.858,151.049,-1569.879,0.5219057,3,OK,-174.759,150.516,-1570.283,OK,-137.637,242.980,-1564.036,OK,-198.352,216.459,-1507.091
3,Port 0x01: JJH Probe  s/n:3E4C880C,914631259,1782469454.318621624,1,Too Few Markers,-3.697314E28,-3.697314E28,-3.697314E28,-3.697314E28,-3.697314E28,-3.697314E28,-3.697314E28,0.0000000,3,Missing,-3.697314E28,-3.697314E28,-3.697314E28,Missing,-3.697314E28,-3.697314E28,-3.697314E28,Missing,-3.697314E28,-3.697314E28,-3.697314E28,Port 0x02: JJH T tibia tracker  s/n:3E4C8800,914631259,1782469454.318621624,1,OK,0.7012074,0.1612901,-0.1309385,-0.6820182,5.569,151.654,-1631.106,0.2719839,3,OK,5.315,151.548,-1631.224,OK,-77.584,184.275,-1666.141,OK,2.397,241.478,-1627.828,Port 0x03: JJH Y femur tracker  s/n:3E4C8801,914631259,1782469454.318621624,1,OK,0.7972515,-0.0217903,0.4282291,-0.4248942,-177.117,151.020,-1572.387,0.5461286,3,OK,-177.004,150.456,-1572.806,OK,-140.171,243.001,-1565.484,OK,-202.436,216.414,-1510.261
3,Port 0x01: JJH Probe  s/n:3E4C880C,914631262,1782469454.368621624,1,Too Few Markers,-3.697314E28,-3.697314E28,-3.697314E28,-3.697314E28,-3.697314E28,-3.697314E28,-3.697314E28,0.0000000,3,Missing,-3.697314E28,-3.697314E28,-3.697314E28,Missing,-3.697314E28,-3.697314E28,-3.697314E28,Missing,-3.697314E28,-3.697314E28,-3.697314E28,Port 0x02: JJH T tibia tracker  s/n:3E4C8800,914631262,1782469454.368621624,1,OK,0.7016825,0.1579675,-0.1339536,-0.6817216,5.725,151.901,-1631.783,0.2806627,3,OK,5.460,151.798,-1631.904,OK,-77.394,184.272,-1667.074,OK,2.615,241.748,-1629.317,Port 0x03: JJH Y femur tracker  s/n:3E4C8801,914631262,1782469454.368621624,1,OK,0.8051095,-0.0141145,0.4137484,-0.4247491,-180.093,150.953,-1574.024,0.5376910,3,OK,-179.978,150.381,-1574.429,OK,-143.494,242.991,-1565.754,OK,-207.720,216.279,-1512.838
3,Port 0x01: JJH Probe  s/n:3E4C880C,914631265,1782469454.418621624,1,Too Few Markers,-3.697314E28,-3.697314E28,-3.697314E28,-3.697314E28,-3.697314E28,-3.697314E28,-3.697314E28,0.0000000,3,Missing,-3.697314E28,-3.697314E28,-3.697314E28,Missing,-3.697314E28,-3.697314E28,-3.697314E28,Missing,-3.697314E28,-3.697314E28,-3.697314E28,Port 0x02: JJH T tibia tracker  s/n:3E4C8800,914631265,1782469454.418621624,1,OK,0.7021838,0.1560963,-0.1360895,-0.6812132,5.790,152.086,-1632.357,0.2736719,3,OK,5.532,151.984,-1632.475,OK,-77.334,184.230,-1667.882,OK,2.666,241.946,-1630.414,Port 0x03: JJH Y femur tracker  s/n:3E4C8801,914631265,1782469454.418621624,1,OK,0.8130056,-0.0064020,0.3988772,-0.4241202,-183.218,150.740,-1575.945,0.5474246,3,OK,-183.075,150.161,-1576.361,OK,-147.082,242.842,-1566.308,OK,-213.248,215.988,-1515.749
3,Port 0x01: JJH Probe  s/n:3E4C880C,914631268,1782469454.468621624,1,Too Few Markers,-3.697314E28,-3.697314E28,-3.697314E28,-3.697314E28,-3.697314E28,-3.697314E28,-3.697314E28,0.0000000,3,Missing,-3.697314E28,-3.697314E28,-3.697314E28,Missing,-3.697314E28,-3.697314E28,-3.697314E28,Missing,-3.697314E28,-3.697314E28,-3.697314E28,Port 0x02: JJH T tibia tracker  s/n:3E4C8800,914631268,1782469454.468621624,1,OK,0.7023745,0.1548728,-0.1382125,-0.6808684,5.864,152.214,-1632.894,0.2571221,3,OK,5.625,152.109,-1633.003,OK,-77.232,184.209,-1668.698,OK,2.770,242.085,-1631.379,Port 0x03: JJH Y femur tracker  s/n:3E4C8801,914631268,1782469454.468621624,1,OK,0.8209587,0.0020271,0.3832014,-0.4232959,-186.436,150.556,-1578.051,0.5680677,3,OK,-186.268,149.954,-1578.479,OK,-150.826,242.714,-1566.923,OK,-218.925,215.695,-1518.963
3,Port 0x01: JJH Probe  s/n:3E4C880C,914631271,1782469454.518621624,1,Too Few Markers,-3.697314E28,-3.697314E28,-3.697314E28,-3.697314E28,-3.697314E28,-3.697314E28,-3.697314E28,0.0000000,3,Missing,-3.697314E28,-3.697314E28,-3.697314E28,Missing,-3.697314E28,-3.697314E28,-3.697314E28,Missing,-3.697314E28,-3.697314E28,-3.697314E28,Port 0x02: JJH T tibia tracker  s/n:3E4C8800,914631271,1782469454.518621624,1,OK,0.7024327,0.1545557,-0.1378907,-0.6809457,6.119,152.226,-1633.092,0.2676229,3,OK,5.871,152.116,-1633.205,OK,-76.989,184.226,-1668.810,OK,3.019,242.097,-1631.578,Port 0x03: JJH Y femur tracker  s/n:3E4C8801,914631271,1782469454.518621624,1,OK,0.8290163,0.0109721,0.3661930,-0.4225095,-189.636,150.342,-1580.363,0.5666888,3,OK,-189.459,149.731,-1580.780,OK,-154.620,242.551,-1567.685,OK,-224.637,215.382,-1522.629
3,Port 0x01: JJH Probe  s/n:3E4C880C,914631274,1782469454.568621621,1,Too Few Markers,-3.697314E28,-3.697314E28,-3.697314E28,-3.697314E28,-3.697314E28,-3.697314E28,-3.697314E28,0.0000000,3,Missing,-3.697314E28,-3.697314E28,-3.697314E28,Missing,-3.697314E28,-3.697314E28,-3.697314E28,Missing,-3.697314E28,-3.697314E28,-3.697314E28,Port 0x02: JJH T tibia tracker  s/n:3E4C8800,914631274,1782469454.568621621,1,OK,0.7026392,0.1538333,-0.1382471,-0.6808240,6.331,152.258,-1633.527,0.2890422,3,OK,6.051,152.165,-1633.654,OK,-76.773,184.174,-1669.244,OK,3.223,242.130,-1632.154,Port 0x03: JJH Y femur tracker  s/n:3E4C8801,914631274,1782469454.568621621,1,OK,0.8366963,0.0195810,0.3493372,-0.4213307,-192.876,150.205,-1582.991,0.5875197,3,OK,-192.665,149.582,-1583.419,OK,-158.527,242.475,-1568.859,OK,-230.384,215.143,-1526.644
3,Port 0x01: JJH Probe  s/n:3E4C880C,914631277,1782469454.618621621,1,Too Few Markers,-3.697314E28,-3.697314E28,-3.697314E28,-3.697314E28,-3.697314E28,-3.697314E28,-3.697314E28,0.0000000,3,Missing,-3.697314E28,-3.697314E28,-3.697314E28,Missing,-3.697314E28,-3.697314E28,-3.697314E28,Missing,-3.697314E28,-3.697314E28,-3.697314E28,Port 0x02: JJH T tibia tracker  s/n:3E4C8800,914631277,1782469454.618621621,1,OK,0.7025803,0.1536310,-0.1392996,-0.6807159,6.561,152.174,-1634.054,0.2745574,3,OK,6.296,152.082,-1634.173,OK,-76.515,184.052,-1669.941,OK,3.490,242.051,-1632.834,Port 0x03: JJH Y femur tracker  s/n:3E4C8801,914631277,1782469454.618621621,1,OK,0.8444367,0.0283891,0.3314438,-0.4198401,-196.153,149.949,-1585.805,0.5889208,3,OK,-195.919,149.334,-1586.224,OK,-162.605,242.294,-1570.204,OK,-236.221,214.768,-1531.070
3,Port 0x01: JJH Probe  s/n:3E4C880C,914631280,1782469454.668621621,1,Too Few Markers,-3.697314E28,-3.697314E28,-3.697314E28,-3.697314E28,-3.697314E28,-3.697314E28,-3.697314E28,0.0000000,3,Missing,-3.697314E28,-3.697314E28,-3.697314E28,Missing,-3.697314E28,-3.697314E28,-3.697314E28,Missing,-3.697314E28,-3.697314E28,-3.697314E28,Port 0x02: JJH T tibia tracker  s/n:3E4C8800,914631280,1782469454.668621621,1,OK,0.7024371,0.1530353,-0.1405002,-0.6807511,6.832,151.902,-1634.494,0.2798323,3,OK,6.567,151.797,-1634.614,OK,-76.186,183.757,-1670.533,OK,3.829,241.796,-1633.495,Port 0x03: JJH Y femur tracker  s/n:3E4C8801,914631280,1782469454.668621621,1,OK,0.8521765,0.0375158,0.3120692,-0.4183306,-199.229,149.721,-1588.738,0.5801165,3,OK,-198.987,149.106,-1589.138,OK,-166.595,242.146,-1571.654,OK,-241.867,214.463,-1535.918
3,Port 0x01: JJH Probe  s/n:3E4C880C,914631283,1782469454.718621621,1,Too Few Markers,-3.697314E28,-3.697314E28,-3.697314E28,-3.697314E28,-3.697314E28,-3.697314E28,-3.697314E28,0.0000000,3,Missing,-3.697314E28,-3.697314E28,-3.697314E28,Missing,-3.697314E28,-3.697314E28,-3.697314E28,Missing,-3.697314E28,-3.697314E28,-3.697314E28,Port 0x02: JJH T tibia tracker  s/n:3E4C8800,914631283,1782469454.718621621,1,OK,0.7019740,0.1518018,-0.1421487,-0.6811626,7.309,151.610,-1635.252,0.2775127,3,OK,7.045,151.509,-1635.371,OK,-75.612,183.509,-1671.459,OK,4.482,241.503,-1634.594,Port 0x03: JJH Y femur tracker  s/n:3E4C8801,914631283,1782469454.718621621,1,OK,0.8595906,0.0478357,0.2923967,-0.4163170,-202.442,149.425,-1592.068,0.5859050,3,OK,-202.178,148.805,-1592.461,OK,-170.807,241.873,-1573.306,OK,-247.630,214.001,-1541.187
3,Port 0x01: JJH Probe  s/n:3E4C880C,914631286,1782469454.768621621,1,Too Few Markers,-3.697314E28,-3.697314E28,-3.697314E28,-3.697314E28,-3.697314E28,-3.697314E28,-3.697314E28,0.0000000,3,Missing,-3.697314E28,-3.697314E28,-3.697314E28,Missing,-3.697314E28,-3.697314E28,-3.697314E28,Missing,-3.697314E28,-3.697314E28,-3.697314E28,Port 0x02: JJH T tibia tracker  s/n:3E4C8800,914631286,1782469454.768621621,1,OK,0.7011375,0.1520679,-0.1428229,-0.6818234,7.721,151.018,-1635.423,0.2713967,3,OK,7.461,150.924,-1635.542,OK,-75.096,183.089,-1671.753,OK,5.102,240.917,-1634.773,Port 0x03: JJH Y femur tracker  s/n:3E4C8801,914631286,1782469454.768621621,1,OK,0.8666767,0.0575269,0.2724600,-0.4139175,-205.507,148.992,-1595.536,0.5884318,3,OK,-205.228,148.369,-1595.917,OK,-174.994,241.514,-1575.253,OK,-253.195,213.409,-1546.770
3,Port 0x01: JJH Probe  s/n:3E4C880C,914631289,1782469454.818621621,1,Too Few Markers,-3.697314E28,-3.697314E28,-3.697314E28,-3.697314E28,-3.697314E28,-3.697314E28,-3.697314E28,0.0000000,3,Missing,-3.697314E28,-3.697314E28,-3.697314E28,Missing,-3.697314E28,-3.697314E28,-3.697314E28,Missing,-3.697314E28,-3.697314E28,-3.697314E28,Port 0x02: JJH T tibia tracker  s/n:3E4C8800,914631289,1782469454.818621621,1,OK,0.7001805,0.1512195,-0.1441764,-0.6827101,8.247,150.627,-1635.750,0.2590334,3,OK,8.007,150.520,-1635.859,OK,-74.458,182.881,-1672.229,OK,5.914,240.540,-1635.326,Port 0x03: JJH Y femur tracker  s/n:3E4C8801,914631289,1782469454.818621621,1,OK,0.8736631,0.0682535,0.2509978,-0.4111622,-208.634,148.715,-1599.296,0.5964340,3,OK,-208.333,148.080,-1599.668,OK,-179.391,241.278,-1577.368,OK,-258.854,212.955,-1552.889
3,Port 0x01: JJH Probe  s/n:3E4C880C,914631292,1782469454.868621621,1,Too Few Markers,-3.697314E28,-3.697314E28,-3.697314E28,-3.697314E28,-3.697314E28,-3.697314E28,-3.697314E28,0.0000000,3,Missing,-3.697314E28,-3.697314E28,-3.697314E28,Missing,-3.697314E28,-3.697314E28,-3.697314E28,Missing,-3.697314E28,-3.697314E28,-3.697314E28,Port 0x02: JJH T tibia tracker  s/n:3E4C8800,914631292,1782469454.868621621,1,OK,0.6994632,0.1508890,-0.1442385,-0.6835050,8.753,150.118,-1636.178,0.2761117,3,OK,8.491,150.016,-1636.297,OK,-73.874,182.542,-1672.618,OK,6.619,240.039,-1635.762,Port 0x03: JJH Y femur tracker  s/n:3E4C8801,914631292,1782469454.868621621,1,OK,0.8803468,0.0785234,0.2283600,-0.4082588,-211.639,148.423,-1603.411,0.5851734,3,OK,-211.321,147.804,-1603.760,OK,-183.780,241.048,-1580.021,OK,-264.343,212.539,-1559.679
3,Port 0x01: JJH Probe  s/n:3E4C880C,914631295,1782469454.918621621,1,Too Few Markers,-3.697314E28,-3.697314E28,-3.697314E28,-3.697314E28,-3.697314E28,-3.697314E28,-3.697314E28,0.0000000,3,Missing,-3.697314E28,-3.697314E28,-3.697314E28,Missing,-3.697314E28,-3.697314E28,-3.697314E28,Missing,-3.697314E28,-3.697314E28,-3.697314E28,Port 0x02: JJH T tibia tracker  s/n:3E4C8800,914631295,1782469454.918621621,1,OK,0.6986502,0.1508073,-0.1446452,-0.6842680,9.246,149.838,-1636.254,0.2584580,3,OK,9.016,149.714,-1636.358,OK,-73.297,182.475,-1672.742,OK,7.298,239.759,-1635.867,Port 0x03: JJH Y femur tracker  s/n:3E4C8801,914631295,1782469454.918621621,1,OK,0.8870256,0.0897878,0.2038764,-0.4044233,-214.723,148.099,-1607.969,0.5822464,3,OK,-214.384,147.485,-1608.298,OK,-188.521,240.795,-1583.015,OK,-269.991,212.019,-1567.226
3,Port 0x01: JJH Probe  s/n:3E4C880C,914631298,1782469454.968621621,1,Too Few Markers,-3.697314E28,-3.697314E28,-3.697314E28,-3.697314E28,-3.697314E28,-3.697314E28,-3.697314E28,0.0000000,3,Missing,-3.697314E28,-3.697314E28,-3.697314E28,Missing,-3.697314E28,-3.697314E28,-3.697314E28,Missing,-3.697314E28,-3.697314E28,-3.697314E28,Port 0x02: JJH T tibia tracker  s/n:3E4C8800,914631298,1782469454.968621621,1,OK,0.6980041,0.1535843,-0.1410785,-0.6850541,9.614,149.511,-1635.853,0.2796745,3,OK,9.345,149.418,-1635.975,OK,-72.946,182.466,-1671.927,OK,7.689,239.419,-1634.632,Port 0x03: JJH Y femur tracker  s/n:3E4C8801,914631298,1782469454.968621621,1,OK,0.8934772,0.1021835,0.1768665,-0.3999690,-217.766,147.668,-1613.233,0.5770313,3,OK,-217.421,147.045,-1613.541,OK,-193.468,240.436,-1586.643,OK,-275.598,211.376,-1575.922
3,Port 0x01: JJH Probe  s/n:3E4C880C,914631301,1782469455.018621621,1,Too Few Markers,-3.697314E28,-3.697314E28,-3.697314E28,-3.697314E28,-3.697314E28,-3.697314E28,-3.697314E28,0.0000000,3,Missing,-3.697314E28,-3.697314E28,-3.697314E28,Missing,-3.697314E28,-3.697314E28,-3.697314E28,Missing,-3.697314E28,-3.697314E28,-3.697314E28,Port 0x02: JJH T tibia tracker  s/n:3E4C8800,914631301,1782469455.018621621,1,OK,0.6973074,0.1560767,-0.1395112,-0.6855210,9.892,149.106,-1635.219,0.2726411,3,OK,9.634,149.005,-1635.337,OK,-72.623,182.312,-1671.208,OK,8.007,239.013,-1633.462,Port 0x03: JJH Y femur tracker  s/n:3E4C8801,914631301,1782469455.018621621,1,OK,0.8989702,0.1149221,0.1503193,-0.3950311,-220.420,147.232,-1618.791,0.5764962,3,OK,-220.053,146.609,-1619.080,OK,-198.126,240.002,-1590.586,OK,-280.582,210.684,-1584.922
3,Port 0x01: JJH Probe  s/n:3E4C880C,914631304,1782469455.068621621,1,Too Few Markers,-3.697314E28,-3.697314E28,-3.697314E28,-3.697314E28,-3.697314E28,-3.697314E28,-3.697314E28,0.0000000,3,Missing,-3.697314E28,-3.697314E28,-3.697314E28,Missing,-3.697314E28,-3.697314E28,-3.697314E28,Missing,-3.697314E28,-3.697314E28,-3.697314E28,Port 0x02: JJH T tibia tracker  s/n:3E4C8800,914631304,1782469455.068621621,1,OK,0.6962085,0.1591270,-0.1364759,-0.6865469,10.535,149.151,-1634.369,0.2628011,3,OK,10.292,149.044,-1634.482,OK,-71.962,182.779,-1670.059,OK,8.756,239.044,-1631.797,Port 0x03: JJH Y femur tracker  s/n:3E4C8801,914631304,1782469455.068621621,1,OK,0.9037422,0.1285389,0.1207026,-0.3900752,-222.620,147.234,-1624.701,0.5730299,3,OK,-222.251,146.599,-1624.968,OK,-202.448,240.014,-1594.935,OK,-284.972,210.529,-1594.827
3,Port 0x01: JJH Probe  s/n:3E4C880C,914631307,1782469455.118621621,1,Too Few Markers,-3.697314E28,-3.697314E28,-3.697314E28,-3.697314E28,-3.697314E28,-3.697314E28,-3.697314E28,0.0000000,3,Missing,-3.697314E28,-3.697314E28,-3.697314E28,Missing,-3.697314E28,-3.697314E28,-3.697314E28,Missing,-3.697314E28,-3.697314E28,-3.697314E28,Port 0x02: JJH T tibia tracker  s/n:3E4C8800,914631307,1782469455.118621621,1,OK,0.6959017,0.1607144,-0.1337535,-0.6870238,10.787,148.623,-1633.706,0.2923247,3,OK,10.510,148.521,-1633.834,OK,-71.724,182.452,-1669.025,OK,8.974,238.494,-1630.585,Port 0x03: JJH Y femur tracker  s/n:3E4C8801,914631307,1782469455.118621621,1,OK,0.9077291,0.1419825,0.0908937,-0.3841969,-224.630,146.680,-1630.944,0.5678578,3,OK,-224.266,146.037,-1631.189,OK,-206.795,239.481,-1599.767,OK,-288.961,209.754,-1605.221
3,Port 0x01: JJH Probe  s/n:3E4C880C,914631310,1782469455.168621621,1,Too Few Markers,-3.697314E28,-3.697314E28,-3.697314E28,-3.697314E28,-3.697314E28,-3.697314E28,-3.697314E28,0.0000000,3,Missing,-3.697314E28,-3.697314E28,-3.697314E28,Missing,-3.697314E28,-3.697314E28,-3.697314E28,Missing,-3.697314E28,-3.697314E28,-3.697314E28,Port 0x02: JJH T tibia tracker  s/n:3E4C8800,914631310,1782469455.168621621,1,OK,0.6949139,0.1634094,-0.1313927,-0.6878430,11.105,148.408,-1632.867,0.2796495,3,OK,10.839,148.314,-1632.991,OK,-71.370,182.589,-1667.971,OK,9.386,238.246,-1629.069,Port 0x03: JJH Y femur tracker  s/n:3E4C8801,914631310,1782469455.168621621,1,OK,0.9107736,0.1548258,0.0617781,-0.3777617,-226.291,146.364,-1637.273,0.5676529,3,OK,-225.924,145.721,-1637.495,OK,-210.902,239.174,-1604.899,OK,-292.304,209.196,-1615.715
3,Port 0x01: JJH Probe  s/n:3E4C880C,914631313,1782469455.218621621,1,Too Few Markers,-3.697314E28,-3.697314E28,-3.697314E28,-3.697314E28,-3.697314E28,-3.697314E28,-3.697314E28,0.0000000,3,Missing,-3.697314E28,-3.697314E28,-3.697314E28,Missing,-3.697314E28,-3.697314E28,-3.697314E28,Missing,-3.697314E28,-3.697314E28,-3.697314E28,Port 0x02: JJH T tibia tracker  s/n:3E4C8800,914631313,1782469455.218621621,1,OK,0.6939168,0.1660782,-0.1287341,-0.6887126,11.534,148.259,-1631.773,0.2608339,3,OK,11.293,148.155,-1631.886,OK,-70.931,182.812,-1666.610,OK,9.903,238.064,-1627.264,Port 0x03: JJH Y femur tracker  s/n:3E4C8801,914631313,1782469455.218621621,1,OK,0.9125357,0.1685365,0.0327444,-0.3712167,-227.342,146.216,-1643.511,0.5759032,3,OK,-226.993,145.547,-1643.722,OK,-214.395,238.986,-1609.892,OK,-294.718,208.806,-1626.115
3,Port 0x01: JJH Probe  s/n:3E4C880C,914631316,1782469455.268621621,1,Too Few Markers,-3.697314E28,-3.697314E28,-3.697314E28,-3.697314E28,-3.697314E28,-3.697314E28,-3.697314E28,0.0000000,3,Missing,-3.697314E28,-3.697314E28,-3.697314E28,Missing,-3.697314E28,-3.697314E28,-3.697314E28,Missing,-3.697314E28,-3.697314E28,-3.697314E28,Port 0x02: JJH T tibia tracker  s/n:3E4C8800,914631316,1782469455.268621621,1,OK,0.6931998,0.1686635,-0.1259135,-0.6893276,11.915,148.117,-1630.932,0.2728584,3,OK,11.658,148.020,-1631.053,OK,-70.546,182.950,-1665.462,OK,10.314,237.889,-1625.713,Port 0x03: JJH Y femur tracker  s/n:3E4C8801,914631316,1782469455.268621621,1,OK,0.9133139,0.1813566,0.0041423,-0.3646237,-227.967,145.934,-1649.404,0.5729890,3,OK,-227.626,145.266,-1649.598,OK,-217.421,238.660,-1614.816,OK,-296.412,208.335,-1636.210
3,Port 0x01: JJH Probe  s/n:3E4C880C,914631319,1782469455.318621621,1,Too Few Markers,-3.697314E28,-3.697314E28,-3.697314E28,-3.697314E28,-3.697314E28,-3.697314E28,-3.697314E28,0.0000000,3,Missing,-3.697314E28,-3.697314E28,-3.697314E28,Missing,-3.697314E28,-3.697314E28,-3.697314E28,Missing,-3.697314E28,-3.697314E28,-3.697314E28,Port 0x02: JJH T tibia tracker  s/n:3E4C8800,914631319,1782469455.318621621,1,OK,0.6930726,0.1700868,-0.1239728,-0.6894575,12.115,147.958,-1630.187,0.2721998,3,OK,11.854,147.873,-1630.309,OK,-70.391,182.897,-1664.490,OK,10.461,237.695,-1624.542,Port 0x03: JJH Y femur tracker  s/n:3E4C8801,914631319,1782469455.318621621,1,OK,0.9131573,0.1933447,-0.0222519,-0.3581431,-228.175,145.571,-1655.099,0.5762610,3,OK,-227.861,144.890,-1655.287,OK,-219.924,238.251,-1619.690,OK,-297.348,207.781,-1645.811
3,Port 0x01: JJH Probe  s/n:3E4C880C,914631322,1782469455.368621621,1,Too Few Markers,-3.697314E28,-3.697314E28,-3.697314E28,-3.697314E28,-3.697314E28,-3.697314E28,-3.697314E28,0.0000000,3,Missing,-3.697314E28,-3.697314E28,-3.697314E28,Missing,-3.697314E28,-3.697314E28,-3.697314E28,Missing,-3.697314E28,-3.697314E28,-3.697314E28,Port 0x02: JJH T tibia tracker  s/n:3E4C8800,914631322,1782469455.368621621,1,OK,0.6929832,0.1705887,-0.1232678,-0.6895497,12.424,148.316,-1629.689,0.2644592,3,OK,12.174,148.226,-1629.807,OK,-70.098,183.316,-1663.908,OK,10.752,238.037,-1623.894,Port 0x03: JJH Y femur tracker  s/n:3E4C8801,914631322,1782469455.368621621,1,OK,0.9124039,0.2036937,-0.0473490,-0.3518325,-228.024,145.461,-1660.206,0.5775419,3,OK,-227.720,144.785,-1660.380,OK,-221.950,238.124,-1624.316,OK,-297.666,207.537,-1654.720
3,Port 0x01: JJH Probe  s/n:3E4C880C,914631325,1782469455.418621621,1,Too Few Markers,-3.697314E28,-3.697314E28,-3.697314E28,-3.697314E28,-3.697314E28,-3.697314E28,-3.697314E28,0.0000000,3,Missing,-3.697314E28,-3.697314E28,-3.697314E28,Missing,-3.697314E28,-3.697314E28,-3.697314E28,Missing,-3.697314E28,-3.697314E28,-3.697314E28,Port 0x02: JJH T tibia tracker  s/n:3E4C8800,914631325,1782469455.418621621,1,OK,0.6936228,0.1711641,-0.1215341,-0.6890716,12.316,148.373,-1629.090,0.2715419,3,OK,12.058,148.282,-1629.212,OK,-70.335,183.277,-1663.075,OK,10.452,238.078,-1623.035,Port 0x03: JJH Y femur tracker  s/n:3E4C8801,914631325,1782469455.418621621,1,OK,0.9110014,0.2137163,-0.0704057,-0.3456079,-227.794,145.002,-1665.181,0.5856726,3,OK,-227.510,144.317,-1665.353,OK,-223.795,237.623,-1628.838,OK,-297.695,206.922,-1663.172
3,Port 0x01: JJH Probe  s/n:3E4C880C,914631328,1782469455.468621621,1,Too Few Markers,-3.697314E28,-3.697314E28,-3.697314E28,-3.697314E28,-3.697314E28,-3.697314E28,-3.697314E28,0.0000000,3,Missing,-3.697314E28,-3.697314E28,-3.697314E28,Missing,-3.697314E28,-3.697314E28,-3.697314E28,Missing,-3.697314E28,-3.697314E28,-3.697314E28,Port 0x02: JJH T tibia tracker  s/n:3E4C8800,914631328,1782469455.468621621,1,OK,0.6933145,0.1717547,-0.1203082,-0.6894500,12.741,148.606,-1628.675,0.2733997,3,OK,12.484,148.508,-1628.796,OK,-69.931,183.634,-1662.488,OK,10.919,238.305,-1622.374,Port 0x03: JJH Y femur tracker  s/n:3E4C8801,914631328,1782469455.468621621,1,OK,0.9090219,0.2228879,-0.0925969,-0.3397439,-227.101,145.055,-1669.662,0.5836471,3,OK,-226.835,144.368,-1669.832,OK,-225.016,237.653,-1633.031,OK,-297.058,206.873,-1671.033
3,Port 0x01: JJH Probe  s/n:3E4C880C,914631331,1782469455.518621621,1,Too Few Markers,-3.697314E28,-3.697314E28,-3.697314E28,-3.697314E28,-3.697314E28,-3.697314E28,-3.697314E28,0.0000000,3,Missing,-3.697314E28,-3.697314E28,-3.697314E28,Missing,-3.697314E28,-3.697314E28,-3.697314E28,Missing,-3.697314E28,-3.697314E28,-3.697314E28,Port 0x02: JJH T tibia tracker  s/n:3E4C8800,914631331,1782469455.518621621,1,OK,0.6941229,0.1702493,-0.1207269,-0.6889365,12.675,148.944,-1628.660,0.2562160,3,OK,12.438,148.848,-1628.772,OK,-70.101,183.776,-1662.457,OK,10.730,238.640,-1622.639,Port 0x03: JJH Y femur tracker  s/n:3E4C8801,914631331,1782469455.518621621,1,OK,0.9068524,0.2313512,-0.1121927,-0.3339282,-226.433,144.890,-1673.824,0.5949047,3,OK,-226.172,144.201,-1673.990,OK,-226.183,237.422,-1636.968,OK,-296.344,206.579,-1678.163
3,Port 0x01: JJH Probe  s/n:3E4C880C,914631334,1782469455.568621621,1,Too Few Markers,-3.697314E28,-3.697314E28,-3.697314E28,-3.697314E28,-3.697314E28,-3.697314E28,-3.697314E28,0.0000000,3,Missing,-3.697314E28,-3.697314E28,-3.697314E28,Missing,-3.697314E28,-3.697314E28,-3.697314E28,Missing,-3.697314E28,-3.697314E28,-3.697314E28,Port 0x02: JJH T tibia tracker  s/n:3E4C8800,914631334,1782469455.568621621,1,OK,0.6943690,0.1702423,-0.1201652,-0.6887885,12.791,149.046,-1628.656,0.2773491,3,OK,12.523,148.962,-1628.781,OK,-70.032,183.810,-1662.364,OK,10.811,238.754,-1622.563,Port 0x03: JJH Y femur tracker  s/n:3E4C8801,914631334,1782469455.568621621,1,OK,0.9042485,0.2398888,-0.1300198,-0.3284553,-225.675,144.757,-1677.718,0.6020808,3,OK,-225.453,144.053,-1677.903,OK,-227.121,237.214,-1640.534,OK,-295.420,206.295,-1684.708
3,Port 0x01: JJH Probe  s/n:3E4C880C,914631337,1782469455.618621621,1,Too Few Markers,-3.697314E28,-3.697314E28,-3.697314E28,-3.697314E28,-3.697314E28,-3.697314E28,-3.697314E28,0.0000000,3,Missing,-3.697314E28,-3.697314E28,-3.697314E28,Missing,-3.697314E28,-3.697314E28,-3.697314E28,Missing,-3.697314E28,-3.697314E28,-3.697314E28,Port 0x02: JJH T tibia tracker  s/n:3E4C8800,914631337,1782469455.618621621,1,OK,0.6951687,0.1676745,-0.1226227,-0.6881783,12.927,149.415,-1629.068,0.2594531,3,OK,12.683,149.322,-1629.182,OK,-69.925,183.909,-1663.024,OK,10.886,239.151,-1623.644,Port 0x03: JJH Y femur tracker  s/n:3E4C8801,914631337,1782469455.618621621,1,OK,0.9017382,0.2460501,-0.1468033,-0.3236918,-224.682,144.680,-1680.968,0.6022594,3,OK,-224.454,143.980,-1681.144,OK,-227.568,237.126,-1643.863,OK,-294.142,206.184,-1690.548
3,Port 0x01: JJH Probe  s/n:3E4C880C,914631340,1782469455.668621621,1,Too Few Markers,-3.697314E28,-3.697314E28,-3.697314E28,-3.697314E28,-3.697314E28,-3.697314E28,-3.697314E28,0.0000000,3,Missing,-3.697314E28,-3.697314E28,-3.697314E28,Missing,-3.697314E28,-3.697314E28,-3.697314E28,Missing,-3.697314E28,-3.697314E28,-3.697314E28,Port 0x02: JJH T tibia tracker  s/n:3E4C8800,914631340,1782469455.668621621,1,OK,0.6961652,0.1649989,-0.1247370,-0.6874373,12.786,149.591,-1629.603,0.2706539,3,OK,12.529,149.498,-1629.721,OK,-70.113,183.750,-1663.738,OK,10.655,239.364,-1624.819,Port 0x03: JJH Y femur tracker  s/n:3E4C8801,914631340,1782469455.668621621,1,OK,0.8991563,0.2523825,-0.1612597,-0.3190867,-223.951,144.467,-1684.035,0.6052055,3,OK,-223.750,143.768,-1684.224,OK,-228.201,236.866,-1646.854,OK,-293.105,205.867,-1695.788
3,Port 0x01: JJH Probe  s/n:3E4C880C,914631343,1782469455.718621621,1,Too Few Markers,-3.697314E28,-3.697314E28,-3.697314E28,-3.697314E28,-3.697314E28,-3.697314E28,-3.697314E28,0.0000000,3,Missing,-3.697314E28,-3.697314E28,-3.697314E28,Missing,-3.697314E28,-3.697314E28,-3.697314E28,Missing,-3.697314E28,-3.697314E28,-3.697314E28,Port 0x02: JJH T tibia tracker  s/n:3E4C8800,914631343,1782469455.718621621,1,OK,0.6969623,0.1631920,-0.1262741,-0.6867800,12.758,149.893,-1630.111,0.2696481,3,OK,12.501,149.800,-1630.229,OK,-70.196,183.788,-1664.395,OK,10.542,239.693,-1625.777,Port 0x03: JJH Y femur tracker  s/n:3E4C8801,914631343,1782469455.718621621,1,OK,0.8968427,0.2569249,-0.1740158,-0.3152479,-223.082,144.412,-1686.443,0.6022321,3,OK,-222.868,143.714,-1686.621,OK,-228.429,236.802,-1649.404,OK,-291.912,205.786,-1700.170
3,Port 0x01: JJH Probe  s/n:3E4C880C,914631346,1782469455.768621621,1,Too Few Markers,-3.697314E28,-3.697314E28,-3.697314E28,-3.697314E28,-3.697314E28,-3.697314E28,-3.697314E28,0.0000000,3,Missing,-3.697314E28,-3.697314E28,-3.697314E28,Missing,-3.697314E28,-3.697314E28,-3.697314E28,Missing,-3.697314E28,-3.697314E28,-3.697314E28,Port 0x02: JJH T tibia tracker  s/n:3E4C8800,914631346,1782469455.768621621,1,OK,0.6973663,0.1625594,-0.1273551,-0.6863201,12.742,149.965,-1630.189,0.2613836,3,OK,12.498,149.863,-1630.302,OK,-70.226,183.716,-1664.624,OK,10.464,239.778,-1626.090,Port 0x03: JJH Y femur tracker  s/n:3E4C8801,914631346,1782469455.768621621,1,OK,0.8946012,0.2614600,-0.1842571,-0.3120525,-222.282,144.292,-1688.632,0.6091942,3,OK,-222.096,143.595,-1688.826,OK,-228.572,236.643,-1651.565,OK,-290.766,205.620,-1703.865
3,Port 0x01: JJH Probe  s/n:3E4C880C,914631349,1782469455.818621621,1,Too Few Markers,-3.697314E28,-3.697314E28,-3.697314E28,-3.697314E28,-3.697314E28,-3.697314E28,-3.697314E28,0.0000000,3,Missing,-3.697314E28,-3.697314E28,-3.697314E28,Missing,-3.697314E28,-3.697314E28,-3.697314E28,Missing,-3.697314E28,-3.697314E28,-3.697314E28,Port 0x02: JJH T tibia tracker  s/n:3E4C8800,914631349,1782469455.818621621,1,OK,0.6977526,0.1617833,-0.1270811,-0.6861617,12.637,150.136,-1630.181,0.2729699,3,OK,12.379,150.037,-1630.299,OK,-70.387,183.801,-1664.514,OK,10.304,239.952,-1626.158,Port 0x03: JJH Y femur tracker  s/n:3E4C8801,914631349,1782469455.818621621,1,OK,0.8925777,0.2650499,-0.1937092,-0.3090798,-221.695,144.251,-1690.380,0.5838453,3,OK,-221.513,143.570,-1690.569,OK,-228.785,236.589,-1653.386,OK,-289.888,205.532,-1707.076
3,Port 0x01: JJH Probe  s/n:3E4C880C,914631352,1782469455.868621621,1,Too Few Markers,-3.697314E28,-3.697314E28,-3.697314E28,-3.697314E28,-3.697314E28,-3.697314E28,-3.697314E28,0.0000000,3,Missing,-3.697314E28,-3.697314E28,-3.697314E28,Missing,-3.697314E28,-3.697314E28,-3.697314E28,Missing,-3.697314E28,-3.697314E28,-3.697314E28,Port 0x02: JJH T tibia tracker  s/n:3E4C8800,914631352,1782469455.868621621,1,OK,0.6980611,0.1617704,-0.1272684,-0.6858161,12.592,150.167,-1630.106,0.2674616,3,OK,12.340,150.070,-1630.221,OK,-70.459,183.746,-1664.481,OK,10.186,239.981,-1626.124,Port 0x03: JJH Y femur tracker  s/n:3E4C8801,914631352,1782469455.868621621,1,OK,0.8909872,0.2675486,-0.2012039,-0.3067191,-221.059,144.160,-1691.779,0.5828419,3,OK,-220.875,143.493,-1691.958,OK,-228.805,236.482,-1654.953,OK,-288.959,205.430,-1709.617
3,Port 0x01: JJH Probe  s/n:3E4C880C,914631355,1782469455.918621621,1,Too Few Markers,-3.697314E28,-3.697314E28,-3.697314E28,-3.697314E28,-3.697314E28,-3.697314E28,-3.697314E28,0.0000000,3,Missing,-3.697314E28,-3.697314E28,-3.697314E28,Missing,-3.697314E28,-3.697314E28,-3.697314E28,Missing,-3.697314E28,-3.697314E28,-3.697314E28,Port 0x02: JJH T tibia tracker  s/n:3E4C8800,914631355,1782469455.918621621,1,OK,0.6983276,0.1614820,-0.1274748,-0.6855744,12.509,150.264,-1630.081,0.2641649,3,OK,12.261,150.163,-1630.195,OK,-70.564,183.773,-1664.476,OK,10.047,240.076,-1626.176,Port 0x03: JJH Y femur tracker  s/n:3E4C8801,914631355,1782469455.918621621,1,OK,0.8894473,0.2702546,-0.2073597,-0.3047096,-220.487,144.135,-1693.155,0.6036072,3,OK,-220.318,143.463,-1693.348,OK,-228.828,236.425,-1656.360,OK,-288.107,205.390,-1711.870
3,Port 0x01: JJH Probe  s/n:3E4C880C,914631358,1782469455.968621621,1,Too Few Markers,-3.697314E28,-3.697314E28,-3.697314E28,-3.697314E28,-3.697314E28,-3.697314E28,-3.697314E28,0.0000000,3,Missing,-3.697314E28,-3.697314E28,-3.697314E28,Missing,-3.697314E28,-3.697314E28,-3.697314E28,Missing,-3.697314E28,-3.697314E28,-3.697314E28,Port 0x02: JJH T tibia tracker  s/n:3E4C8800,914631358,1782469455.968621621,1,OK,0.6986832,0.1611349,-0.1269237,-0.6853960,12.478,150.316,-1630.046,0.2821929,3,OK,12.209,150.218,-1630.168,OK,-70.645,183.753,-1664.321,OK,9.945,240.132,-1626.128,Port 0x03: JJH Y femur tracker  s/n:3E4C8801,914631358,1782469455.968621621,1,OK,0.8877949,0.2727925,-0.2138802,-0.3027536,-219.908,144.082,-1694.355,0.5872449,3,OK,-219.735,143.415,-1694.543,OK,-228.772,236.357,-1657.610,OK,-287.267,205.338,-1714.060
3,Port 0x01: JJH Probe  s/n:3E4C880C,914631361,1782469456.018621621,1,Too Few Markers,-3.697314E28,-3.697314E28,-3.697314E28,-3.697314E28,-3.697314E28,-3.697314E28,-3.697314E28,0.0000000,3,Missing,-3.697314E28,-3.697314E28,-3.697314E28,Missing,-3.697314E28,-3.697314E28,-3.697314E28,Missing,-3.697314E28,-3.697314E28,-3.697314E28,Port 0x02: JJH T tibia tracker  s/n:3E4C8800,914631361,1782469456.018621621,1,OK,0.6984140,0.1614697,-0.1266115,-0.6856493,12.414,150.306,-1629.774,0.2822133,3,OK,12.148,150.202,-1629.895,OK,-70.689,183.827,-1664.015,OK,9.925,240.120,-1625.764,Port 0x03: JJH Y femur tracker  s/n:3E4C8801,914631361,1782469456.018621621,1,OK,0.8856797,0.2743689,-0.2187102,-0.3040707,-218.920,144.835,-1695.142,0.5830925,3,OK,-218.758,144.165,-1695.336,OK,-227.613,237.117,-1658.318,OK,-285.746,206.481,-1715.411
3,Port 0x01: JJH Probe  s/n:3E4C880C,914631364,1782469456.068621621,1,Too Few Markers,-3.697314E28,-3.697314E28,-3.697314E28,-3.697314E28,-3.697314E28,-3.697314E28,-3.697314E28,0.0000000,3,Missing,-3.697314E28,-3.697314E28,-3.697314E28,Missing,-3.697314E28,-3.697314E28,-3.697314E28,Missing,-3.697314E28,-3.697314E28,-3.697314E28,Port 0x02: JJH T tibia tracker  s/n:3E4C8800,914631364,1782469456.068621621,1,OK,0.6971199,0.1657681,-0.1228849,-0.6866179,12.725,150.051,-1628.414,0.2666659,3,OK,12.474,149.954,-1628.530,OK,-70.347,184.044,-1662.325,OK,10.316,239.808,-1623.345,Port 0x03: JJH Y femur tracker  s/n:3E4C8801,914631364,1782469456.068621621,1,OK,0.8862847,0.2732543,-0.2180979,-0.3037514,-218.931,144.711,-1695.021,0.5881632,3,OK,-218.766,144.039,-1695.214,OK,-227.636,237.059,-1658.379,OK,-285.837,206.269,-1715.288
3,Port 0x01: JJH Probe  s/n:3E4C880C,914631367,1782469456.118621621,1,Too Few Markers,-3.697314E28,-3.697314E28,-3.697314E28,-3.697314E28,-3.697314E28,-3.697314E28,-3.697314E28,0.0000000,3,Missing,-3.697314E28,-3.697314E28,-3.697314E28,Missing,-3.697314E28,-3.697314E28,-3.697314E28,Missing,-3.697314E28,-3.697314E28,-3.697314E28,Port 0x02: JJH T tibia tracker  s/n:3E4C8800,914631367,1782469456.118621621,1,OK,0.6991885,0.1615830,-0.1258191,-0.6849787,12.500,150.399,-1629.899,0.2929616,3,OK,12.220,150.301,-1630.027,OK,-70.699,183.750,-1664.030,OK,9.813,240.206,-1625.812,Port 0x03: JJH Y femur tracker  s/n:3E4C8801,914631367,1782469456.118621621,1,OK,0.8875581,0.2726751,-0.2142943,-0.3032603,-219.670,144.068,-1694.489,0.5983779,3,OK,-219.503,143.398,-1694.681,OK,-228.447,236.356,-1657.771,OK,-286.918,205.414,-1714.217
3,Port 0x01: JJH Probe  s/n:3E4C880C,914631370,1782469456.168621621,1,Too Few Markers,-3.697314E28,-3.697314E28,-3.697314E28,-3.697314E28,-3.697314E28,-3.697314E28,-3.697314E28,0.0000000,3,Missing,-3.697314E28,-3.697314E28,-3.697314E28,Missing,-3.697314E28,-3.697314E28,-3.697314E28,Missing,-3.697314E28,-3.697314E28,-3.697314E28,Port 0x02: JJH T tibia tracker  s/n:3E4C8800,914631370,1782469456.168621621,1,OK,0.6990787,0.1619266,-0.1260670,-0.6849641,12.514,150.583,-1629.946,0.2840590,3,OK,12.241,150.488,-1630.070,OK,-70.671,183.946,-1664.150,OK,9.846,240.391,-1625.839,Port 0x03: JJH Y femur tracker  s/n:3E4C8801,914631370,1782469456.168621621,1,OK,0.8883130,0.2720645,-0.2116469,-0.3034577,-220.030,144.090,-1693.954,0.5895110,3,OK,-219.857,143.415,-1694.145,OK,-228.704,236.370,-1657.152,OK,-287.491,205.348,-1713.321
3,Port 0x01: JJH Probe  s/n:3E4C880C,914631373,1782469456.218621621,1,Too Few Markers,-3.697314E28,-3.697314E28,-3.697314E28,-3.697314E28,-3.697314E28,-3.697314E28,-3.697314E28,0.0000000,3,Missing,-3.697314E28,-3.697314E28,-3.697314E28,Missing,-3.697314E28,-3.697314E28,-3.697314E28,Missing,-3.697314E28,-3.697314E28,-3.697314E28,Port 0x02: JJH T tibia tracker  s/n:3E4C8800,914631373,1782469456.218621621,1,OK,0.6994622,0.1604375,-0.1274388,-0.6846691,12.343,150.635,-1630.266,0.2864859,3,OK,12.073,150.531,-1630.389,OK,-70.836,183.857,-1664.591,OK,9.648,240.455,-1626.540,Port 0x03: JJH Y femur tracker  s/n:3E4C8801,914631373,1782469456.218621621,1,OK,0.8896142,0.2702784,-0.2075574,-0.3040659,-220.585,143.945,-1693.202,0.6126521,3,OK,-220.417,143.265,-1693.400,OK,-229.063,236.250,-1656.454,OK,-288.255,205.115,-1711.982
3,Port 0x01: JJH Probe  s/n:3E4C880C,914631376,1782469456.268621621,1,Too Few Markers,-3.697314E28,-3.697314E28,-3.697314E28,-3.697314E28,-3.697314E28,-3.697314E28,-3.697314E28,0.0000000,3,Missing,-3.697314E28,-3.697314E28,-3.697314E28,Missing,-3.697314E28,-3.697314E28,-3.697314E28,Missing,-3.697314E28,-3.697314E28,-3.697314E28,Port 0x02: JJH T tibia tracker  s/n:3E4C8800,914631376,1782469456.268621621,1,OK,0.6994415,0.1600644,-0.1285413,-0.6845715,12.300,150.797,-1630.542,0.2660250,3,OK,12.055,150.688,-1630.654,OK,-70.856,183.987,-1665.035,OK,9.632,240.620,-1627.003,Port 0x03: JJH Y femur tracker  s/n:3E4C8801,914631376,1782469456.268621621,1,OK,0.8909980,0.2680996,-0.2015075,-0.3060063,-221.158,144.040,-1691.900,0.5875344,3,OK,-220.976,143.372,-1692.082,OK,-229.081,236.334,-1655.041,OK,-289.109,205.228,-1709.786
3,Port 0x01: JJH Probe  s/n:3E4C880C,914631379,1782469456.318621621,1,Too Few Markers,-3.697314E28,-3.697314E28,-3.697314E28,-3.697314E28,-3.697314E28,-3.697314E28,-3.697314E28,0.0000000,3,Missing,-3.697314E28,-3.697314E28,-3.697314E28,Missing,-3.697314E28,-3.697314E28,-3.697314E28,Missing,-3.697314E28,-3.697314E28,-3.697314E28,Port 0x02: JJH T tibia tracker  s/n:3E4C8800,914631379,1782469456.318621621,1,OK,0.6991047,0.1610429,-0.1272010,-0.6849363,12.393,150.719,-1630.314,0.2849614,3,OK,12.130,150.604,-1630.434,OK,-70.750,184.047,-1664.637,OK,9.749,240.541,-1626.470,Port 0x03: JJH Y femur tracker  s/n:3E4C8801,914631379,1782469456.318621621,1,OK,0.8927339,0.2649715,-0.1935827,-0.3087751,-221.717,144.150,-1690.413,0.5974449,3,OK,-221.534,143.463,-1690.605,OK,-228.883,236.490,-1653.457,OK,-289.936,205.391,-1707.097
3,Port 0x01: JJH Probe  s/n:3E4C880C,914631382,1782469456.368621621,1,Too Few Markers,-3.697314E28,-3.697314E28,-3.697314E28,-3.697314E28,-3.697314E28,-3.697314E28,-3.697314E28,0.0000000,3,Missing,-3.697314E28,-3.697314E28,-3.697314E28,Missing,-3.697314E28,-3.697314E28,-3.697314E28,Missing,-3.697314E28,-3.697314E28,-3.697314E28,Port 0x02: JJH T tibia tracker  s/n:3E4C8800,914631382,1782469456.368621621,1,OK,0.6985937,0.1626011,-0.1258081,-0.6853466,12.538,150.731,-1630.006,0.2733379,3,OK,12.277,150.638,-1630.126,OK,-70.604,184.232,-1664.209,OK,9.950,240.527,-1625.764,Port 0x03: JJH Y femur tracker  s/n:3E4C8801,914631382,1782469456.368621621,1,OK,0.8945324,0.2612460,-0.1847879,-0.3121151,-222.174,144.393,-1688.692,0.6062983,3,OK,-221.980,143.705,-1688.877,OK,-228.452,236.752,-1651.703,OK,-290.615,205.757,-1704.016
3,Port 0x01: JJH Probe  s/n:3E4C880C,914631385,1782469456.418621621,1,Too Few Markers,-3.697314E28,-3.697314E28,-3.697314E28,-3.697314E28,-3.697314E28,-3.697314E28,-3.697314E28,0.0000000,3,Missing,-3.697314E28,-3.697314E28,-3.697314E28,Missing,-3.697314E28,-3.697314E28,-3.697314E28,Missing,-3.697314E28,-3.697314E28,-3.697314E28,Port 0x02: JJH T tibia tracker  s/n:3E4C8800,914631385,1782469456.418621621,1,OK,0.6984175,0.1629544,-0.1253308,-0.6855298,12.720,150.766,-1629.975,0.2715624,3,OK,12.460,150.676,-1630.094,OK,-70.422,184.332,-1664.120,OK,10.156,240.555,-1625.620,Port 0x03: JJH Y femur tracker  s/n:3E4C8801,914631385,1782469456.418621621,1,OK,0.8956764,0.2585124,-0.1782221,-0.3149158,-222.477,144.602,-1687.235,0.5967062,3,OK,-222.270,143.902,-1687.416,OK,-227.985,236.994,-1650.166,OK,-291.078,206.090,-1701.557
3,Port 0x01: JJH Probe  s/n:3E4C880C,914631388,1782469456.468621621,1,Too Few Markers,-3.697314E28,-3.697314E28,-3.697314E28,-3.697314E28,-3.697314E28,-3.697314E28,-3.697314E28,0.0000000,3,Missing,-3.697314E28,-3.697314E28,-3.697314E28,Missing,-3.697314E28,-3.697314E28,-3.697314E28,Missing,-3.697314E28,-3.697314E28,-3.697314E28,Port 0x02: JJH T tibia tracker  s/n:3E4C8800,914631388,1782469456.468621621,1,OK,0.6985585,0.1618576,-0.1262471,-0.6854778,12.778,150.860,-1630.259,0.2665370,3,OK,12.532,150.753,-1630.372,OK,-70.363,184.368,-1664.479,OK,10.230,240.664,-1626.164,Port 0x03: JJH Y femur tracker  s/n:3E4C8801,914631388,1782469456.468621621,1,OK,0.8965527,0.2566825,-0.1743091,-0.3161069,-222.702,144.669,-1686.373,0.5996159,3,OK,-222.488,143.972,-1686.550,OK,-227.865,237.076,-1649.348,OK,-291.414,206.174,-1700.116
3,Port 0x01: JJH Probe  s/n:3E4C880C,914631391,1782469456.518621621,1,Too Few Markers,-3.697314E28,-3.697314E28,-3.697314E28,-3.697314E28,-3.697314E28,-3.697314E28,-3.697314E28,0.0000000,3,Missing,-3.697314E28,-3.697314E28,-3.697314E28,Missing,-3.697314E28,-3.697314E28,-3.697314E28,Missing,-3.697314E28,-3.697314E28,-3.697314E28,Port 0x02: JJH T tibia tracker  s/n:3E4C8800,914631391,1782469456.518621621,1,OK,0.6986621,0.1614907,-0.1262015,-0.6854672,12.787,150.921,-1630.575,0.2610104,3,OK,12.541,150.825,-1630.687,OK,-70.390,184.397,-1664.768,OK,10.247,240.725,-1626.517,Port 0x03: JJH Y femur tracker  s/n:3E4C8801,914631391,1782469456.518621621,1,OK,0.8967258,0.2567686,-0.1728693,-0.3163367,-222.812,144.691,-1686.283,0.6090154,3,OK,-222.615,143.985,-1686.475,OK,-227.922,237.080,-1649.139,OK,-291.567,206.164,-1699.768
3,Port 0x01: JJH Probe  s/n:3E4C880C,914631394,1782469456.568621619,1,Too Few Markers,-3.697314E28,-3.697314E28,-3.697314E28,-3.697314E28,-3.697314E28,-3.697314E28,-3.697314E28,0.0000000,3,Missing,-3.697314E28,-3.697314E28,-3.697314E28,Missing,-3.697314E28,-3.697314E28,-3.697314E28,Missing,-3.697314E28,-3.697314E28,-3.697314E28,Port 0x02: JJH T tibia tracker  s/n:3E4C8800,914631394,1782469456.568621619,1,OK,0.6987687,0.1615492,-0.1245975,-0.6856381,12.758,150.878,-1630.691,0.2925844,3,OK,12.474,150.789,-1630.819,OK,-70.470,184.382,-1664.604,OK,10.185,240.677,-1626.422,Port 0x03: JJH Y femur tracker  s/n:3E4C8801,914631394,1782469456.568621619,1,OK,0.8966169,0.2567747,-0.1749594,-0.3154902,-222.832,144.619,-1686.405,0.5916746,3,OK,-222.606,143.926,-1686.572,OK,-228.119,237.031,-1649.431,OK,-291.598,206.065,-1700.293
3,Port 0x01: JJH Probe  s/n:3E4C880C,914631397,1782469456.618621619,1,Too Few Markers,-3.697314E28,-3.697314E28,-3.697314E28,-3.697314E28,-3.697314E28,-3.697314E28,-3.697314E28,0.0000000,3,Missing,-3.697314E28,-3.697314E28,-3.697314E28,Missing,-3.697314E28,-3.697314E28,-3.697314E28,Missing,-3.697314E28,-3.697314E28,-3.697314E28,Port 0x02: JJH T tibia tracker  s/n:3E4C8800,914631397,1782469456.618621619,1,OK,0.6985248,0.1620571,-0.1247685,-0.6857356,12.766,150.787,-1630.300,0.2737375,3,OK,12.509,150.685,-1630.417,OK,-70.433,184.361,-1664.280,OK,10.214,240.579,-1625.987,Port 0x03: JJH Y femur tracker  s/n:3E4C8801,914631397,1782469456.618621619,1,OK,0.8962209,0.2576443,-0.1770162,-0.3147583,-222.627,144.587,-1686.884,0.5872791,3,OK,-222.412,143.906,-1687.052,OK,-228.123,236.985,-1649.921,OK,-291.329,206.007,-1701.079
3,Port 0x01: JJH Probe  s/n:3E4C880C,914631400,1782469456.668621619,1,Too Few Markers,-3.697314E28,-3.697314E28,-3.697314E28,-3.697314E28,-3.697314E28,-3.697314E28,-3.697314E28,0.0000000,3,Missing,-3.697314E28,-3.697314E28,-3.697314E28,Missing,-3.697314E28,-3.697314E28,-3.697314E28,Missing,-3.697314E28,-3.697314E28,-3.697314E28,Port 0x02: JJH T tibia tracker  s/n:3E4C8800,914631400,1782469456.668621619,1,OK,0.6983280,0.1632773,-0.1241851,-0.6857526,12.712,150.637,-1629.988,0.2802757,3,OK,12.442,150.548,-1630.111,OK,-70.460,184.269,-1663.956,OK,10.150,240.418,-1625.441,Port 0x03: JJH Y femur tracker  s/n:3E4C8801,914631400,1782469456.668621619,1,OK,0.8956488,0.2590195,-0.1790505,-0.3141066,-222.460,144.503,-1687.496,0.6030608,3,OK,-222.268,143.808,-1687.685,OK,-228.176,236.887,-1650.438,OK,-291.069,205.904,-1701.948
3,Port 0x01: JJH Probe  s/n:3E4C880C,914631403,1782469456.718621619,1,Too Few Markers,-3.697314E28,-3.697314E28,-3.697314E28,-3.697314E28,-3.697314E28,-3.697314E28,-3.697314E28,0.0000000,3,Missing,-3.697314E28,-3.697314E28,-3.697314E28,Missing,-3.697314E28,-3.697314E28,-3.697314E28,Missing,-3.697314E28,-3.697314E28,-3.697314E28,Port 0x02: JJH T tibia tracker  s/n:3E4C8800,914631403,1782469456.718621619,1,OK,0.6981840,0.1643250,-0.1245991,-0.6855739,12.608,150.608,-1629.645,0.2730365,3,OK,12.346,150.518,-1629.765,OK,-70.508,184.258,-1663.763,OK,10.023,240.383,-1625.022,Port 0x03: JJH Y femur tracker  s/n:3E4C8801,914631403,1782469456.718621619,1,OK,0.8950984,0.2601958,-0.1817963,-0.3131246,-222.261,144.482,-1688.038,0.6053499,3,OK,-222.071,143.786,-1688.228,OK,-228.254,236.854,-1650.989,OK,-290.796,205.858,-1702.905
3,Port 0x01: JJH Probe  s/n:3E4C880C,914631406,1782469456.768621619,1,Too Few Markers,-3.697314E28,-3.697314E28,-3.697314E28,-3.697314E28,-3.697314E28,-3.697314E28,-3.697314E28,0.0000000,3,Missing,-3.697314E28,-3.697314E28,-3.697314E28,Missing,-3.697314E28,-3.697314E28,-3.697314E28,Missing,-3.697314E28,-3.697314E28,-3.697314E28,Port 0x02: JJH T tibia tracker  s/n:3E4C8800,914631406,1782469456.768621619,1,OK,0.6983060,0.1636297,-0.1252605,-0.6854953,12.594,150.512,-1629.625,0.2701041,3,OK,12.342,150.411,-1629.742,OK,-70.517,184.118,-1663.803,OK,10.006,240.296,-1625.182,Port 0x03: JJH Y femur tracker  s/n:3E4C8801,914631406,1782469456.768621619,1,OK,0.8945111,0.2614503,-0.1847305,-0.3120390,-222.048,144.377,-1688.649,0.6069545,3,OK,-221.859,143.681,-1688.840,OK,-228.343,236.736,-1651.613,OK,-290.505,205.721,-1703.960
3,Port 0x01: JJH Probe  s/n:3E4C880C,914631409,1782469456.818621619,1,Too Few Markers,-3.697314E28,-3.697314E28,-3.697314E28,-3.697314E28,-3.697314E28,-3.697314E28,-3.697314E28,0.0000000,3,Missing,-3.697314E28,-3.697314E28,-3.697314E28,Missing,-3.697314E28,-3.697314E28,-3.697314E28,Missing,-3.697314E28,-3.697314E28,-3.697314E28,Port 0x02: JJH T tibia tracker  s/n:3E4C8800,914631409,1782469456.818621619,1,OK,0.6983684,0.1637659,-0.1249297,-0.6854596,12.547,150.536,-1629.658,0.2682118,3,OK,12.301,150.425,-1629.772,OK,-70.583,184.148,-1663.792,OK,9.927,240.317,-1625.162,Port 0x03: JJH Y femur tracker  s/n:3E4C8801,914631409,1782469456.818621619,1,OK,0.8939267,0.2625791,-0.1874248,-0.3111579,-221.879,144.375,-1689.244,0.6075455,3,OK,-221.700,143.684,-1689.439,OK,-228.427,236.725,-1652.219,OK,-290.238,205.700,-1704.954
3,Port 0x01: JJH Probe  s/n:3E4C880C,914631412,1782469456.868621619,1,Too Few Markers,-3.697314E28,-3.697314E28,-3.697314E28,-3.697314E28,-3.697314E28,-3.697314E28,-3.697314E28,0.0000000,3,Missing,-3.697314E28,-3.697314E28,-3.697314E28,Missing,-3.697314E28,-3.697314E28,-3.697314E28,Missing,-3.697314E28,-3.697314E28,-3.697314E28,Port 0x02: JJH T tibia tracker  s/n:3E4C8800,914631412,1782469456.868621619,1,OK,0.6983145,0.1643343,-0.1246764,-0.6854247,12.540,150.474,-1629.623,0.2724221,3,OK,12.278,150.383,-1629.743,OK,-70.591,184.084,-1663.762,OK,9.926,240.253,-1625.014,Port 0x03: JJH Y femur tracker  s/n:3E4C8801,914631412,1782469456.868621619,1,OK,0.8933363,0.2638120,-0.1897414,-0.3104058,-221.671,144.314,-1689.745,0.6069876,3,OK,-221.503,143.627,-1689.945,OK,-228.445,236.639,-1652.681,OK,-289.946,205.626,-1705.782
3,Port 0x01: JJH Probe  s/n:3E4C880C,914631415,1782469456.918621619,1,Too Few Markers,-3.697314E28,-3.697314E28,-3.697314E28,-3.697314E28,-3.697314E28,-3.697314E28,-3.697314E28,0.0000000,3,Missing,-3.697314E28,-3.697314E28,-3.697314E28,Missing,-3.697314E28,-3.697314E28,-3.697314E28,Missing,-3.697314E28,-3.697314E28,-3.697314E28,Port 0x02: JJH T tibia tracker  s/n:3E4C8800,914631415,1782469456.918621619,1,OK,0.6983098,0.1642604,-0.1249171,-0.6854032,12.517,150.512,-1629.602,0.2658758,3,OK,12.264,150.420,-1629.719,OK,-70.611,184.117,-1663.778,OK,9.909,240.293,-1625.032,Port 0x03: JJH Y femur tracker  s/n:3E4C8801,914631415,1782469456.918621619,1,OK,0.8928890,0.2644573,-0.1923013,-0.3095672,-221.549,144.304,-1690.143,0.6010941,3,OK,-221.371,143.619,-1690.336,OK,-228.533,236.642,-1653.163,OK,-289.756,205.605,-1706.601
3,Port 0x01: JJH Probe  s/n:3E4C880C,914631418,1782469456.968621619,1,Too Few Markers,-3.697314E28,-3.697314E28,-3.697314E28,-3.697314E28,-3.697314E28,-3.697314E28,-3.697314E28,0.0000000,3,Missing,-3.697314E28,-3.697314E28,-3.697314E28,Missing,-3.697314E28,-3.697314E28,-3.697314E28,Missing,-3.697314E28,-3.697314E28,-3.697314E28,Port 0x02: JJH T tibia tracker  s/n:3E4C8800,914631418,1782469456.968621619,1,OK,0.6984549,0.1634805,-0.1252331,-0.6853843,12.472,150.466,-1629.582,0.2724148,3,OK,12.218,150.361,-1629.700,OK,-70.662,184.031,-1663.750,OK,9.861,240.258,-1625.158,Port 0x03: JJH Y femur tracker  s/n:3E4C8801,914631418,1782469456.968621619,1,OK,0.8924853,0.2650372,-0.1943303,-0.3089676,-221.413,144.242,-1690.392,0.5956230,3,OK,-221.222,143.558,-1690.576,OK,-228.553,236.578,-1653.467,OK,-289.562,205.550,-1707.176
3,Port 0x01: JJH Probe  s/n:3E4C880C,914631421,1782469457.018621619,1,Too Few Markers,-3.697314E28,-3.697314E28,-3.697314E28,-3.697314E28,-3.697314E28,-3.697314E28,-3.697314E28,0.0000000,3,Missing,-3.697314E28,-3.697314E28,-3.697314E28,Missing,-3.697314E28,-3.697314E28,-3.697314E28,Missing,-3.697314E28,-3.697314E28,-3.697314E28,Port 0x02: JJH T tibia tracker  s/n:3E4C8800,914631421,1782469457.018621619,1,OK,0.6983922,0.1636760,-0.1255707,-0.6853397,12.483,150.480,-1629.529,0.2599701,3,OK,12.244,150.371,-1629.640,OK,-70.640,184.051,-1663.775,OK,9.878,240.272,-1625.122,Port 0x03: JJH Y femur tracker  s/n:3E4C8801,914631421,1782469457.018621619,1,OK,0.8920996,0.2659026,-0.1956645,-0.3084956,-221.279,144.240,-1690.725,0.5828604,3,OK,-221.091,143.562,-1690.909,OK,-228.543,236.556,-1653.739,OK,-289.400,205.531,-1707.705
3,Port 0x01: JJH Probe  s/n:3E4C880C,914631424,1782469457.068621619,1,Too Few Markers,-3.697314E28,-3.697314E28,-3.697314E28,-3.697314E28,-3.697314E28,-3.697314E28,-3.697314E28,0.0000000,3,Missing,-3.697314E28,-3.697314E28,-3.697314E28,Missing,-3.697314E28,-3.697314E28,-3.697314E28,Missing,-3.697314E28,-3.697314E28,-3.697314E28,Port 0x02: JJH T tibia tracker  s/n:3E4C8800,914631424,1782469457.068621619,1,OK,0.6985666,0.1640459,-0.1243126,-0.6853028,12.533,150.450,-1629.665,0.2887304,3,OK,12.252,150.362,-1629.793,OK,-70.631,184.004,-1663.720,OK,9.874,240.236,-1625.053,Port 0x03: JJH Y femur tracker  s/n:3E4C8801,914631424,1782469457.068621619,1,OK,0.8919745,0.2661878,-0.1959802,-0.3084109,-221.204,144.232,-1690.990,0.6081392,3,OK,-221.038,143.548,-1691.191,OK,-228.536,236.546,-1653.995,OK,-289.256,205.523,-1707.970
3,Port 0x01: JJH Probe  s/n:3E4C880C,914631427,1782469457.118621619,1,Too Few Markers,-3.697314E28,-3.697314E28,-3.697314E28,-3.697314E28,-3.697314E28,-3.697314E28,-3.697314E28,0.0000000,3,Missing,-3.697314E28,-3.697314E28,-3.697314E28,Missing,-3.697314E28,-3.697314E28,-3.697314E28,Missing,-3.697314E28,-3.697314E28,-3.697314E28,Port 0x02: JJH T tibia tracker  s/n:3E4C8800,914631427,1782469457.118621619,1,OK,0.6984514,0.1638785,-0.1250604,-0.6853243,12.473,150.489,-1629.598,0.2685820,3,OK,12.218,150.392,-1629.715,OK,-70.670,184.053,-1663.773,OK,9.850,240.276,-1625.099,Port 0x03: JJH Y femur tracker  s/n:3E4C8801,914631427,1782469457.118621619,1,OK,0.8917562,0.2665756,-0.1969343,-0.3080994,-221.209,144.249,-1691.087,0.5909662,3,OK,-221.038,143.569,-1691.282,OK,-228.603,236.561,-1654.082,OK,-289.259,205.530,-1708.235
3,Port 0x01: JJH Probe  s/n:3E4C880C,914631430,1782469457.168621619,1,Too Few Markers,-3.697314E28,-3.697314E28,-3.697314E28,-3.697314E28,-3.697314E28,-3.697314E28,-3.697314E28,0.0000000,3,Missing,-3.697314E28,-3.697314E28,-3.697314E28,Missing,-3.697314E28,-3.697314E28,-3.697314E28,Missing,-3.697314E28,-3.697314E28,-3.697314E28,Port 0x02: JJH T tibia tracker  s/n:3E4C8800,914631430,1782469457.168621619,1,OK,0.6985540,0.1633876,-0.1257027,-0.6852194,12.469,150.474,-1629.656,0.2695659,3,OK,12.220,150.366,-1629.772,OK,-70.655,183.999,-1663.900,OK,9.836,240.270,-1625.310,Port 0x03: JJH Y femur tracker  s/n:3E4C8801,914631430,1782469457.168621619,1,OK,0.8918919,0.2660485,-0.1973814,-0.3078761,-221.250,144.148,-1690.986,0.5885438,3,OK,-221.049,143.469,-1691.161,OK,-228.670,236.478,-1654.130,OK,-289.316,205.434,-1708.257
3,Port 0x01: JJH Probe  s/n:3E4C880C,914631433,1782469457.218621619,1,Too Few Markers,-3.697314E28,-3.697314E28,-3.697314E28,-3.697314E28,-3.697314E28,-3.697314E28,-3.697314E28,0.0000000,3,Missing,-3.697314E28,-3.697314E28,-3.697314E28,Missing,-3.697314E28,-3.697314E28,-3.697314E28,Missing,-3.697314E28,-3.697314E28,-3.697314E28,Port 0x02: JJH T tibia tracker  s/n:3E4C8800,914631433,1782469457.218621619,1,OK,0.6985950,0.1630654,-0.1256740,-0.6852596,12.381,150.520,-1629.745,0.2754540,3,OK,12.120,150.423,-1629.865,OK,-70.748,184.030,-1663.957,OK,9.759,240.311,-1625.434,Port 0x03: JJH Y femur tracker  s/n:3E4C8801,914631433,1782469457.218621619,1,OK,0.8922433,0.2658166,-0.1956054,-0.3081916,-221.519,144.118,-1690.697,0.5892830,3,OK,-221.329,143.437,-1690.881,OK,-228.849,236.437,-1653.747,OK,-289.673,205.367,-1707.685
3,Port 0x01: JJH Probe  s/n:3E4C880C,914631436,1782469457.268621619,1,Too Few Markers,-3.697314E28,-3.697314E28,-3.697314E28,-3.697314E28,-3.697314E28,-3.697314E28,-3.697314E28,0.0000000,3,Missing,-3.697314E28,-3.697314E28,-3.697314E28,Missing,-3.697314E28,-3.697314E28,-3.697314E28,Missing,-3.697314E28,-3.697314E28,-3.697314E28,Port 0x02: JJH T tibia tracker  s/n:3E4C8800,914631436,1782469457.268621619,1,OK,0.6987898,0.1624541,-0.1261448,-0.6851196,12.243,150.532,-1629.872,0.2682808,3,OK,11.999,150.419,-1629.985,OK,-70.900,183.991,-1664.122,OK,9.593,240.329,-1625.710,Port 0x03: JJH Y femur tracker  s/n:3E4C8801,914631436,1782469457.268621619,1,OK,0.8931625,0.2646105,-0.1915600,-0.3091066,-222.060,144.025,-1689.930,0.5784465,3,OK,-221.867,143.347,-1690.111,OK,-229.103,236.333,-1652.885,OK,-290.421,205.232,-1706.321
3,Port 0x01: JJH Probe  s/n:3E4C880C,914631439,1782469457.318621619,1,Too Few Markers,-3.697314E28,-3.697314E28,-3.697314E28,-3.697314E28,-3.697314E28,-3.697314E28,-3.697314E28,0.0000000,3,Missing,-3.697314E28,-3.697314E28,-3.697314E28,Missing,-3.697314E28,-3.697314E28,-3.697314E28,Missing,-3.697314E28,-3.697314E28,-3.697314E28,Port 0x02: JJH T tibia tracker  s/n:3E4C8800,914631439,1782469457.318621619,1,OK,0.6988676,0.1624042,-0.1262624,-0.6850304,12.229,150.617,-1630.196,0.2747761,3,OK,11.968,150.523,-1630.315,OK,-70.911,184.037,-1664.462,OK,9.574,240.411,-1626.054,Port 0x03: JJH Y femur tracker  s/n:3E4C8801,914631439,1782469457.318621619,1,OK,0.8951521,0.2607460,-0.1832890,-0.3116397,-222.711,144.049,-1688.299,0.6005585,3,OK,-222.515,143.369,-1688.479,OK,-229.048,236.402,-1651.338,OK,-291.313,205.281,-1703.448
3,Port 0x01: JJH Probe  s/n:3E4C880C,914631442,1782469457.368621619,1,Too Few Markers,-3.697314E28,-3.697314E28,-3.697314E28,-3.697314E28,-3.697314E28,-3.697314E28,-3.697314E28,0.0000000,3,Missing,-3.697314E28,-3.697314E28,-3.697314E28,Missing,-3.697314E28,-3.697314E28,-3.697314E28,Missing,-3.697314E28,-3.697314E28,-3.697314E28,Port 0x02: JJH T tibia tracker  s/n:3E4C8800,914631442,1782469457.368621619,1,OK,0.6985782,0.1626299,-0.1267638,-0.6851795,12.123,150.571,-1630.163,0.2644079,3,OK,11.878,150.469,-1630.276,OK,-70.969,184.051,-1664.528,OK,9.524,240.367,-1626.048,Port 0x03: JJH Y femur tracker  s/n:3E4C8801,914631442,1782469457.368621619,1,OK,0.8976897,0.2557101,-0.1707886,-0.3155896,-223.609,144.197,-1685.881,0.6091560,3,OK,-223.404,143.504,-1686.063,OK,-228.820,236.595,-1648.859,OK,-292.576,205.485,-1699.136
3,Port 0x01: JJH Probe  s/n:3E4C880C,914631445,1782469457.418621619,1,Too Few Markers,-3.697314E28,-3.697314E28,-3.697314E28,-3.697314E28,-3.697314E28,-3.697314E28,-3.697314E28,0.0000000,3,Missing,-3.697314E28,-3.697314E28,-3.697314E28,Missing,-3.697314E28,-3.697314E28,-3.697314E28,Missing,-3.697314E28,-3.697314E28,-3.697314E28,Port 0x02: JJH T tibia tracker  s/n:3E4C8800,914631445,1782469457.418621619,1,OK,0.6982555,0.1638432,-0.1256786,-0.6854193,12.201,150.543,-1630.062,0.2583306,3,OK,11.964,150.437,-1630.172,OK,-70.887,184.155,-1664.329,OK,9.606,240.322,-1625.649,Port 0x03: JJH Y femur tracker  s/n:3E4C8801,914631445,1782469457.418621619,1,OK,0.9005946,0.2493015,-0.1547869,-0.3206543,-224.597,144.379,-1682.555,0.5968794,3,OK,-224.376,143.690,-1682.729,OK,-228.326,236.807,-1645.476,OK,-293.967,205.755,-1693.384
3,Port 0x01: JJH Probe  s/n:3E4C880C,914631448,1782469457.468621619,1,Too Few Markers,-3.697314E28,-3.697314E28,-3.697314E28,-3.697314E28,-3.697314E28,-3.697314E28,-3.697314E28,0.0000000,3,Missing,-3.697314E28,-3.697314E28,-3.697314E28,Missing,-3.697314E28,-3.697314E28,-3.697314E28,Missing,-3.697314E28,-3.697314E28,-3.697314E28,Port 0x02: JJH T tibia tracker  s/n:3E4C8800,914631448,1782469457.468621619,1,OK,0.6977136,0.1656737,-0.1240347,-0.6858304,12.199,150.452,-1629.966,0.2699412,3,OK,11.948,150.347,-1630.082,OK,-70.868,184.249,-1664.078,OK,9.645,240.222,-1625.090,Port 0x03: JJH Y femur tracker  s/n:3E4C8801,914631448,1782469457.468621619,1,OK,0.9037659,0.2412165,-0.1351750,-0.3267255,-225.668,144.578,-1678.499,0.5915045,3,OK,-225.425,143.883,-1678.669,OK,-227.577,237.060,-1641.447,OK,-295.403,206.070,-1686.351
3,Port 0x01: JJH Probe  s/n:3E4C880C,914631451,1782469457.518621619,1,Too Few Markers,-3.697314E28,-3.697314E28,-3.697314E28,-3.697314E28,-3.697314E28,-3.697314E28,-3.697314E28,0.0000000,3,Missing,-3.697314E28,-3.697314E28,-3.697314E28,Missing,-3.697314E28,-3.697314E28,-3.697314E28,Missing,-3.697314E28,-3.697314E28,-3.697314E28,Port 0x02: JJH T tibia tracker  s/n:3E4C8800,914631451,1782469457.518621619,1,OK,0.6972910,0.1669012,-0.1233334,-0.6860890,12.090,150.312,-1629.894,0.2653603,3,OK,11.841,150.216,-1630.010,OK,-70.937,184.244,-1663.969,OK,9.565,240.057,-1624.764,Port 0x03: JJH Y femur tracker  s/n:3E4C8801,914631451,1782469457.518621619,1,OK,0.9069138,0.2314335,-0.1119827,-0.3337752,-226.740,144.774,-1673.689,0.5854434,3,OK,-226.480,144.090,-1673.854,OK,-226.505,237.301,-1636.805,OK,-296.692,206.426,-1678.004
3,Port 0x01: JJH Probe  s/n:3E4C880C,914631454,1782469457.568621618,1,Too Few Markers,-3.697314E28,-3.697314E28,-3.697314E28,-3.697314E28,-3.697314E28,-3.697314E28,-3.697314E28,0.0000000,3,Missing,-3.697314E28,-3.697314E28,-3.697314E28,Missing,-3.697314E28,-3.697314E28,-3.697314E28,Missing,-3.697314E28,-3.697314E28,-3.697314E28,Port 0x02: JJH T tibia tracker  s/n:3E4C8800,914631454,1782469457.568621618,1,OK,0.6972353,0.1670803,-0.1225713,-0.6862386,12.139,150.309,-1630.120,0.2832060,3,OK,11.871,150.213,-1630.244,OK,-70.887,184.287,-1664.065,OK,9.604,240.045,-1624.873,Port 0x03: JJH Y femur tracker  s/n:3E4C8801,914631454,1782469457.568621618,1,OK,0.9097521,0.2205226,-0.0853353,-0.3412313,-227.533,144.959,-1668.316,0.5863467,3,OK,-227.261,144.271,-1668.488,OK,-224.933,237.530,-1631.671,OK,-297.547,206.745,-1668.558
3,Port 0x01: JJH Probe  s/n:3E4C880C,914631457,1782469457.618621618,1,Too Few Markers,-3.697314E28,-3.697314E28,-3.697314E28,-3.697314E28,-3.697314E28,-3.697314E28,-3.697314E28,0.0000000,3,Missing,-3.697314E28,-3.697314E28,-3.697314E28,Missing,-3.697314E28,-3.697314E28,-3.697314E28,Missing,-3.697314E28,-3.697314E28,-3.697314E28,Port 0x02: JJH T tibia tracker  s/n:3E4C8800,914631457,1782469457.618621618,1,OK,0.6969050,0.1678125,-0.1228438,-0.6863468,12.019,150.500,-1630.427,0.2685243,3,OK,11.766,150.406,-1630.545,OK,-70.966,184.545,-1664.475,OK,9.536,240.235,-1625.107,Port 0x03: JJH Y femur tracker  s/n:3E4C8801,914631457,1782469457.618621618,1,OK,0.9118022,0.2084266,-0.0577508,-0.3490557,-228.077,145.502,-1662.470,0.5847486,3,OK,-227.776,144.820,-1662.642,OK,-222.945,238.126,-1626.330,OK,-297.861,207.513,-1658.535
3,Port 0x01: JJH Probe  s/n:3E4C880C,914631460,1782469457.668621618,1,Too Few Markers,-3.697314E28,-3.697314E28,-3.697314E28,-3.697314E28,-3.697314E28,-3.697314E28,-3.697314E28,0.0000000,3,Missing,-3.697314E28,-3.697314E28,-3.697314E28,Missing,-3.697314E28,-3.697314E28,-3.697314E28,Missing,-3.697314E28,-3.697314E28,-3.697314E28,Port 0x02: JJH T tibia tracker  s/n:3E4C8800,914631460,1782469457.668621618,1,OK,0.6973054,0.1666387,-0.1244173,-0.6859424,11.916,150.456,-1631.122,0.2703542,3,OK,11.673,150.340,-1631.237,OK,-71.051,184.354,-1665.354,OK,9.385,240.216,-1626.173,Port 0x03: JJH Y femur tracker  s/n:3E4C8801,914631460,1782469457.668621618,1,OK,0.9130407,0.1959654,-0.0290665,-0.3565239,-228.218,145.557,-1656.479,0.5773517,3,OK,-227.897,144.885,-1656.658,OK,-220.549,238.226,-1620.973,OK,-297.526,207.752,-1648.228
3,Port 0x01: JJH Probe  s/n:3E4C880C,914631463,1782469457.718621618,1,Too Few Markers,-3.697314E28,-3.697314E28,-3.697314E28,-3.697314E28,-3.697314E28,-3.697314E28,-3.697314E28,0.0000000,3,Missing,-3.697314E28,-3.697314E28,-3.697314E28,Missing,-3.697314E28,-3.697314E28,-3.697314E28,Missing,-3.697314E28,-3.697314E28,-3.697314E28,Port 0x02: JJH T tibia tracker  s/n:3E4C8800,914631463,1782469457.718621618,1,OK,0.6973043,0.1671842,-0.1252082,-0.6856668,11.631,150.455,-1631.568,0.2544328,3,OK,11.399,150.349,-1631.677,OK,-71.307,184.311,-1665.988,OK,9.086,240.215,-1626.650,Port 0x03: JJH Y femur tracker  s/n:3E4C8801,914631463,1782469457.718621618,1,OK,0.9132731,0.1836978,-0.0009474,-0.3635746,-228.065,145.798,-1650.465,0.5768236,3,OK,-227.733,145.118,-1650.661,OK,-217.921,238.521,-1615.698,OK,-296.639,208.184,-1638.014
3,Port 0x01: JJH Probe  s/n:3E4C880C,914631466,1782469457.768621618,1,Too Few Markers,-3.697314E28,-3.697314E28,-3.697314E28,-3.697314E28,-3.697314E28,-3.697314E28,-3.697314E28,0.0000000,3,Missing,-3.697314E28,-3.697314E28,-3.697314E28,Missing,-3.697314E28,-3.697314E28,-3.697314E28,Missing,-3.697314E28,-3.697314E28,-3.697314E28,Port 0x02: JJH T tibia tracker  s/n:3E4C8800,914631466,1782469457.768621618,1,OK,0.6968869,0.1685287,-0.1252818,-0.6857486,11.558,150.536,-1631.535,0.2480465,3,OK,11.329,150.437,-1631.643,OK,-71.309,184.485,-1666.062,OK,9.045,240.284,-1626.445,Port 0x03: JJH Y femur tracker  s/n:3E4C8801,914631466,1782469457.768621618,1,OK,0.9125848,0.1713776,0.0275023,-0.3702194,-227.452,146.176,-1644.768,0.5847611,3,OK,-227.108,145.493,-1644.982,OK,-214.917,238.911,-1610.868,OK,-295.001,208.752,-1628.096
3,Port 0x01: JJH Probe  s/n:3E4C880C,914631469,1782469457.818621618,1,Too Few Markers,-3.697314E28,-3.697314E28,-3.697314E28,-3.697314E28,-3.697314E28,-3.697314E28,-3.697314E28,0.0000000,3,Missing,-3.697314E28,-3.697314E28,-3.697314E28,Missing,-3.697314E28,-3.697314E28,-3.697314E28,Missing,-3.697314E28,-3.697314E28,-3.697314E28,Port 0x02: JJH T tibia tracker  s/n:3E4C8800,914631469,1782469457.818621618,1,OK,0.6968102,0.1692732,-0.1252391,-0.6856509,11.018,150.138,-1631.638,0.2617958,3,OK,10.775,150.036,-1631.753,OK,-71.805,184.104,-1666.204,OK,8.473,239.886,-1626.454,Port 0x03: JJH Y femur tracker  s/n:3E4C8801,914631469,1782469457.818621618,1,OK,0.9112978,0.1592796,0.0536934,-0.3758767,-226.662,146.269,-1638.974,0.5707262,3,OK,-226.299,145.618,-1639.193,OK,-211.971,239.030,-1606.123,OK,-293.095,209.007,-1618.526
3,Port 0x01: JJH Probe  s/n:3E4C880C,914631472,1782469457.868621618,1,Too Few Markers,-3.697314E28,-3.697314E28,-3.697314E28,-3.697314E28,-3.697314E28,-3.697314E28,-3.697314E28,0.0000000,3,Missing,-3.697314E28,-3.697314E28,-3.697314E28,Missing,-3.697314E28,-3.697314E28,-3.697314E28,Missing,-3.697314E28,-3.697314E28,-3.697314E28,Port 0x02: JJH T tibia tracker  s/n:3E4C8800,914631472,1782469457.868621618,1,OK,0.6958202,0.1704177,-0.1243229,-0.6865390,11.007,149.973,-1631.573,0.2592677,3,OK,10.764,149.877,-1631.689,OK,-71.742,184.219,-1666.045,OK,8.644,239.703,-1626.083,Port 0x03: JJH Y femur tracker  s/n:3E4C8801,914631472,1782469457.868621618,1,OK,0.9091041,0.1474092,0.0794694,-0.3814247,-225.442,146.583,-1633.451,0.5664079,3,OK,-225.078,145.943,-1633.686,OK,-208.636,239.369,-1601.716,OK,-290.489,209.515,-1609.332
3,Port 0x01: JJH Probe  s/n:3E4C880C,914631475,1782469457.918621618,1,Too Few Markers,-3.697314E28,-3.697314E28,-3.697314E28,-3.697314E28,-3.697314E28,-3.697314E28,-3.697314E28,0.0000000,3,Missing,-3.697314E28,-3.697314E28,-3.697314E28,Missing,-3.697314E28,-3.697314E28,-3.697314E28,Missing,-3.697314E28,-3.697314E28,-3.697314E28,Port 0x02: JJH T tibia tracker  s/n:3E4C8800,914631475,1782469457.918621618,1,OK,0.6957351,0.1708153,-0.1239080,-0.6866015,10.658,149.743,-1631.532,0.2610098,3,OK,10.412,149.650,-1631.649,OK,-72.090,184.025,-1665.960,OK,8.292,239.465,-1625.938,Port 0x03: JJH Y femur tracker  s/n:3E4C8801,914631475,1782469457.918621618,1,OK,0.9060300,0.1364667,0.1048908,-0.3866322,-223.968,146.814,-1628.027,0.5737765,3,OK,-223.594,146.176,-1628.284,OK,-205.112,239.561,-1597.346,OK,-287.454,209.926,-1600.291
3,Port 0x01: JJH Probe  s/n:3E4C880C,914631478,1782469457.968621618,1,Too Few Markers,-3.697314E28,-3.697314E28,-3.697314E28,-3.697314E28,-3.697314E28,-3.697314E28,-3.697314E28,0.0000000,3,Missing,-3.697314E28,-3.697314E28,-3.697314E28,Missing,-3.697314E28,-3.697314E28,-3.697314E28,Missing,-3.697314E28,-3.697314E28,-3.697314E28,Port 0x02: JJH T tibia tracker  s/n:3E4C8800,914631478,1782469457.968621618,1,OK,0.6955924,0.1698485,-0.1252097,-0.6867498,10.395,149.751,-1631.634,0.2602182,3,OK,10.157,149.645,-1631.748,OK,-72.296,184.029,-1666.202,OK,8.113,239.496,-1626.318,Port 0x03: JJH Y femur tracker  s/n:3E4C8801,914631478,1782469457.968621618,1,OK,0.9025321,0.1256489,0.1287011,-0.3912599,-222.213,147.140,-1622.935,0.5769535,3,OK,-221.842,146.506,-1623.210,OK,-201.483,239.880,-1593.430,OK,-284.040,210.424,-1591.917
3,Port 0x01: JJH Probe  s/n:3E4C880C,914631481,1782469458.018621618,1,Too Few Markers,-3.697314E28,-3.697314E28,-3.697314E28,-3.697314E28,-3.697314E28,-3.697314E28,-3.697314E28,0.0000000,3,Missing,-3.697314E28,-3.697314E28,-3.697314E28,Missing,-3.697314E28,-3.697314E28,-3.697314E28,Missing,-3.697314E28,-3.697314E28,-3.697314E28,Port 0x02: JJH T tibia tracker  s/n:3E4C8800,914631481,1782469458.018621618,1,OK,0.6959902,0.1681745,-0.1267590,-0.6864744,9.938,149.548,-1631.964,0.2598265,3,OK,9.698,149.445,-1632.078,OK,-72.771,183.654,-1666.686,OK,7.674,239.325,-1627.059,Port 0x03: JJH Y femur tracker  s/n:3E4C8801,914631481,1782469458.018621618,1,OK,0.8984024,0.1147138,0.1525917,-0.3955118,-220.202,147.337,-1618.090,0.5779985,3,OK,-219.837,146.711,-1618.382,OK,-197.702,240.058,-1589.856,OK,-280.172,210.781,-1583.859
3,Port 0x01: JJH Probe  s/n:3E4C880C,914631484,1782469458.068621618,1,Too Few Markers,-3.697314E28,-3.697314E28,-3.697314E28,-3.697314E28,-3.697314E28,-3.697314E28,-3.697314E28,0.0000000,3,Missing,-3.697314E28,-3.697314E28,-3.697314E28,Missing,-3.697314E28,-3.697314E28,-3.697314E28,Missing,-3.697314E28,-3.697314E28,-3.697314E28,Port 0x02: JJH T tibia tracker  s/n:3E4C8800,914631484,1782469458.068621618,1,OK,0.6962466,0.1666626,-0.1280719,-0.6863394,9.853,150.172,-1632.407,0.2572888,3,OK,9.613,150.075,-1632.520,OK,-72.855,184.163,-1667.244,OK,7.615,239.962,-1627.864,Port 0x03: JJH Y femur tracker  s/n:3E4C8801,914631484,1782469458.068621618,1,OK,0.8939904,0.1043233,0.1744344,-0.3993375,-218.071,147.789,-1613.498,0.5772265,3,OK,-217.720,147.171,-1613.805,OK,-193.966,240.505,-1586.572,OK,-276.166,211.406,-1576.428
3,Port 0x01: JJH Probe  s/n:3E4C880C,914631487,1782469458.118621618,1,Too Few Markers,-3.697314E28,-3.697314E28,-3.697314E28,-3.697314E28,-3.697314E28,-3.697314E28,-3.697314E28,0.0000000,3,Missing,-3.697314E28,-3.697314E28,-3.697314E28,Missing,-3.697314E28,-3.697314E28,-3.697314E28,Missing,-3.697314E28,-3.697314E28,-3.697314E28,Port 0x02: JJH T tibia tracker  s/n:3E4C8800,914631487,1782469458.118621618,1,OK,0.6971613,0.1644256,-0.1301450,-0.6855601,9.385,149.938,-1632.712,0.2604316,3,OK,9.151,149.821,-1632.823,OK,-73.361,183.623,-1667.752,OK,7.040,239.763,-1628.753,Port 0x03: JJH Y femur tracker  s/n:3E4C8801,914631487,1782469458.118621618,1,OK,0.8891643,0.0940842,0.1956504,-0.4028100,-215.867,147.739,-1609.269,0.5748351,3,OK,-215.524,147.134,-1609.589,OK,-190.286,240.432,-1583.701,OK,-271.984,211.532,-1569.523
3,Port 0x01: JJH Probe  s/n:3E4C880C,914631490,1782469458.168621618,1,Too Few Markers,-3.697314E28,-3.697314E28,-3.697314E28,-3.697314E28,-3.697314E28,-3.697314E28,-3.697314E28,0.0000000,3,Missing,-3.697314E28,-3.697314E28,-3.697314E28,Missing,-3.697314E28,-3.697314E28,-3.697314E28,Missing,-3.697314E28,-3.697314E28,-3.697314E28,Port 0x02: JJH T tibia tracker  s/n:3E4C8800,914631490,1782469458.168621618,1,OK,0.6965181,0.1653475,-0.1292704,-0.6861573,9.780,150.603,-1632.646,0.2593749,3,OK,9.542,150.495,-1632.759,OK,-72.923,184.483,-1667.590,OK,7.543,240.410,-1628.431,Port 0x03: JJH Y femur tracker  s/n:3E4C8801,914631490,1782469458.168621618,1,OK,0.8840816,0.0846680,0.2158183,-0.4057751,-213.509,148.108,-1605.496,0.5813448,3,OK,-213.180,147.495,-1605.834,OK,-186.596,240.776,-1581.202,OK,-267.632,212.034,-1563.254
3,Port 0x01: JJH Probe  s/n:3E4C880C,914631493,1782469458.218621618,1,Too Few Markers,-3.697314E28,-3.697314E28,-3.697314E28,-3.697314E28,-3.697314E28,-3.697314E28,-3.697314E28,0.0000000,3,Missing,-3.697314E28,-3.697314E28,-3.697314E28,Missing,-3.697314E28,-3.697314E28,-3.697314E28,Missing,-3.697314E28,-3.697314E28,-3.697314E28,Port 0x02: JJH T tibia tracker  s/n:3E4C8800,914631493,1782469458.218621618,1,OK,0.6961463,0.1676739,-0.1260552,-0.6865682,9.868,150.726,-1631.507,0.2630361,3,OK,9.624,150.623,-1631.622,OK,-72.895,184.830,-1666.071,OK,7.584,240.495,-1626.582,Port 0x03: JJH Y femur tracker  s/n:3E4C8801,914631493,1782469458.218621618,1,OK,0.8786581,0.0764514,0.2350178,-0.4085116,-211.086,148.373,-1601.917,0.5918845,3,OK,-210.770,147.748,-1602.276,OK,-182.910,240.960,-1578.746,OK,-263.177,212.400,-1557.312
3,Port 0x01: JJH Probe  s/n:3E4C880C,914631496,1782469458.268621618,1,Too Few Markers,-3.697314E28,-3.697314E28,-3.697314E28,-3.697314E28,-3.697314E28,-3.697314E28,-3.697314E28,0.0000000,3,Missing,-3.697314E28,-3.697314E28,-3.697314E28,Missing,-3.697314E28,-3.697314E28,-3.697314E28,Missing,-3.697314E28,-3.697314E28,-3.697314E28,Port 0x02: JJH T tibia tracker  s/n:3E4C8800,914631496,1782469458.268621618,1,OK,0.6954462,0.1714146,-0.1217059,-0.6871385,10.142,151.241,-1630.500,0.2778961,3,OK,9.883,151.141,-1630.623,OK,-72.647,185.690,-1664.578,OK,7.794,240.942,-1624.541,Port 0x03: JJH Y femur tracker  s/n:3E4C8801,914631496,1782469458.268621618,1,OK,0.8728950,0.0671631,0.2539998,-0.4111295,-208.506,148.709,-1598.494,0.5914638,3,OK,-208.202,148.089,-1598.865,OK,-179.152,241.255,-1576.700,OK,-258.456,212.895,-1551.713
3,Port 0x01: JJH Probe  s/n:3E4C880C,914631499,1782469458.318621618,1,Too Few Markers,-3.697314E28,-3.697314E28,-3.697314E28,-3.697314E28,-3.697314E28,-3.697314E28,-3.697314E28,0.0000000,3,Missing,-3.697314E28,-3.697314E28,-3.697314E28,Missing,-3.697314E28,-3.697314E28,-3.697314E28,Missing,-3.697314E28,-3.697314E28,-3.697314E28,Port 0x02: JJH T tibia tracker  s/n:3E4C8800,914631499,1782469458.318621618,1,OK,0.6948640,0.1725444,-0.1202506,-0.6877007,10.064,151.232,-1630.403,0.2617169,3,OK,9.819,151.137,-1630.520,OK,-72.753,185.870,-1664.320,OK,7.816,240.918,-1624.080,Port 0x03: JJH Y femur tracker  s/n:3E4C8801,914631499,1782469458.318621618,1,OK,0.8668103,0.0583259,0.2725759,-0.4134495,-205.796,148.855,-1595.128,0.5886523,3,OK,-205.517,148.229,-1595.510,OK,-175.346,241.359,-1574.665,OK,-253.537,213.165,-1546.283
3,Port 0x01: JJH Probe  s/n:3E4C880C,914631502,1782469458.368621618,1,Too Few Markers,-3.697314E28,-3.697314E28,-3.697314E28,-3.697314E28,-3.697314E28,-3.697314E28,-3.697314E28,0.0000000,3,Missing,-3.697314E28,-3.697314E28,-3.697314E28,Missing,-3.697314E28,-3.697314E28,-3.697314E28,Missing,-3.697314E28,-3.697314E28,-3.697314E28,Port 0x02: JJH T tibia tracker  s/n:3E4C8800,914631502,1782469458.368621618,1,OK,0.6949297,0.1712561,-0.1192036,-0.6881385,9.895,151.074,-1630.791,0.2717652,3,OK,9.640,150.982,-1630.911,OK,-72.985,185.756,-1664.420,OK,7.684,240.747,-1624.498,Port 0x03: JJH Y femur tracker  s/n:3E4C8801,914631502,1782469458.368621618,1,OK,0.8595763,0.0475160,0.2923611,-0.4164081,-202.537,149.294,-1592.287,0.5915293,3,OK,-202.266,148.676,-1592.683,OK,-170.886,241.753,-1573.599,OK,-247.734,213.903,-1541.426
3,Port 0x01: JJH Probe  s/n:3E4C880C,914631505,1782469458.418621625,1,Too Few Markers,-3.697314E28,-3.697314E28,-3.697314E28,-3.697314E28,-3.697314E28,-3.697314E28,-3.697314E28,0.0000000,3,Missing,-3.697314E28,-3.697314E28,-3.697314E28,Missing,-3.697314E28,-3.697314E28,-3.697314E28,Missing,-3.697314E28,-3.697314E28,-3.697314E28,Port 0x02: JJH T tibia tracker  s/n:3E4C8800,914631505,1782469458.418621625,1,OK,0.6968616,0.1662857,-0.1241479,-0.6865277,8.210,150.480,-1630.987,0.2639329,3,OK,7.961,150.386,-1631.103,OK,-74.762,184.481,-1665.146,OK,5.839,240.242,-1626.008,Port 0x03: JJH Y femur tracker  s/n:3E4C8801,914631505,1782469458.418621625,1,OK,0.8527381,0.0387831,0.3110229,-0.4178496,-199.484,149.648,-1589.074,0.5882356,3,OK,-199.234,149.027,-1589.481,OK,-166.960,242.052,-1571.736,OK,-242.310,214.306,-1536.292
3,Port 0x01: JJH Probe  s/n:3E4C880C,914631508,1782469458.468621618,1,Too Few Markers,-3.697314E28,-3.697314E28,-3.697314E28,-3.697314E28,-3.697314E28,-3.697314E28,-3.697314E28,0.0000000,3,Missing,-3.697314E28,-3.697314E28,-3.697314E28,Missing,-3.697314E28,-3.697314E28,-3.697314E28,Missing,-3.697314E28,-3.697314E28,-3.697314E28,Port 0x02: JJH T tibia tracker  s/n:3E4C8800,914631508,1782469458.468621618,1,OK,0.6977779,0.1584483,-0.1339696,-0.6856036,8.352,150.697,-1632.028,0.2838638,3,OK,8.079,150.603,-1632.153,OK,-74.406,184.042,-1667.268,OK,6.212,240.570,-1629.295,Port 0x03: JJH Y femur tracker  s/n:3E4C8801,914631508,1782469458.468621618,1,OK,0.8463701,0.0314030,0.3271283,-0.4191163,-196.871,149.590,-1586.263,0.5811685,3,OK,-196.643,148.972,-1586.674,OK,-163.575,241.930,-1570.104,OK,-237.553,214.284,-1531.881
3,Port 0x01: JJH Probe  s/n:3E4C880C,914631511,1782469458.518621618,1,Too Few Markers,-3.697314E28,-3.697314E28,-3.697314E28,-3.697314E28,-3.697314E28,-3.697314E28,-3.697314E28,0.0000000,3,Missing,-3.697314E28,-3.697314E28,-3.697314E28,Missing,-3.697314E28,-3.697314E28,-3.697314E28,Missing,-3.697314E28,-3.697314E28,-3.697314E28,Port 0x02: JJH T tibia tracker  s/n:3E4C8800,914631511,1782469458.518621618,1,OK,0.6974988,0.1578501,-0.1348892,-0.6858452,8.531,150.628,-1633.191,0.2744093,3,OK,8.272,150.527,-1633.309,OK,-74.184,184.008,-1668.538,OK,6.493,240.510,-1630.633,Port 0x03: JJH Y femur tracker  s/n:3E4C8801,914631511,1782469458.518621618,1,OK,0.8397116,0.0230545,0.3430741,-0.4203013,-194.051,149.756,-1583.984,0.5746576,3,OK,-193.843,149.141,-1584.399,OK,-160.075,242.069,-1569.213,OK,-232.523,214.558,-1528.168
3,Port 0x01: JJH Probe  s/n:3E4C880C,914631514,1782469458.568621621,1,Too Few Markers,-3.697314E28,-3.697314E28,-3.697314E28,-3.697314E28,-3.697314E28,-3.697314E28,-3.697314E28,0.0000000,3,Missing,-3.697314E28,-3.697314E28,-3.697314E28,Missing,-3.697314E28,-3.697314E28,-3.697314E28,Missing,-3.697314E28,-3.697314E28,-3.697314E28,Port 0x02: JJH T tibia tracker  s/n:3E4C8800,914631514,1782469458.568621621,1,OK,0.6970765,0.1583859,-0.1333821,-0.6864455,8.466,150.665,-1632.799,0.2794833,3,OK,8.204,150.557,-1632.918,OK,-74.266,184.223,-1667.920,OK,6.498,240.544,-1629.961,Port 0x03: JJH Y femur tracker  s/n:3E4C8801,914631514,1782469458.568621621,1,OK,0.8330652,0.0157056,0.3581418,-0.4212958,-191.278,150.014,-1581.781,0.5664201,3,OK,-191.088,149.409,-1582.198,OK,-156.673,242.263,-1568.240,OK,-227.589,214.879,-1524.635
3,Port 0x01: JJH Probe  s/n:3E4C880C,914631517,1782469458.618621621,1,Too Few Markers,-3.697314E28,-3.697314E28,-3.697314E28,-3.697314E28,-3.697314E28,-3.697314E28,-3.697314E28,0.0000000,3,Missing,-3.697314E28,-3.697314E28,-3.697314E28,Missing,-3.697314E28,-3.697314E28,-3.697314E28,Missing,-3.697314E28,-3.697314E28,-3.697314E28,Port 0x02: JJH T tibia tracker  s/n:3E4C8800,914631517,1782469458.618621621,1,OK,0.6973787,0.1591820,-0.1321858,-0.6861858,8.079,150.514,-1632.164,0.2851459,3,OK,7.808,150.416,-1632.288,OK,-74.705,184.048,-1667.145,OK,5.987,240.376,-1629.095,Port 0x03: JJH Y femur tracker  s/n:3E4C8801,914631517,1782469458.618621621,1,OK,0.8263713,0.0083206,0.3725545,-0.4221901,-188.518,150.101,-1579.569,0.5700224,3,OK,-188.343,149.491,-1579.994,OK,-153.357,242.301,-1567.290,OK,-222.690,215.060,-1521.241
3,Port 0x01: JJH Probe  s/n:3E4C880C,914631520,1782469458.668621621,1,Too Few Markers,-3.697314E28,-3.697314E28,-3.697314E28,-3.697314E28,-3.697314E28,-3.697314E28,-3.697314E28,0.0000000,3,Missing,-3.697314E28,-3.697314E28,-3.697314E28,Missing,-3.697314E28,-3.697314E28,-3.697314E28,Missing,-3.697314E28,-3.697314E28,-3.697314E28,Port 0x02: JJH T tibia tracker  s/n:3E4C8800,914631520,1782469458.668621621,1,OK,0.6972960,0.1601501,-0.1311536,-0.6862426,7.953,150.726,-1632.240,0.2868228,3,OK,7.678,150.632,-1632.366,OK,-74.848,184.321,-1667.118,OK,5.830,240.578,-1628.916,Port 0x03: JJH Y femur tracker  s/n:3E4C8801,914631520,1782469458.668621621,1,OK,0.8196037,0.0008555,0.3864947,-0.4229312,-185.781,150.334,-1577.742,0.5455036,3,OK,-185.627,149.753,-1578.153,OK,-150.130,242.490,-1566.767,OK,-217.832,215.376,-1518.366
3,Port 0x01: JJH Probe  s/n:3E4C880C,914631523,1782469458.718621621,1,Too Few Markers,-3.697314E28,-3.697314E28,-3.697314E28,-3.697314E28,-3.697314E28,-3.697314E28,-3.697314E28,0.0000000,3,Missing,-3.697314E28,-3.697314E28,-3.697314E28,Missing,-3.697314E28,-3.697314E28,-3.697314E28,Missing,-3.697314E28,-3.697314E28,-3.697314E28,Port 0x02: JJH T tibia tracker  s/n:3E4C8800,914631523,1782469458.718621621,1,OK,0.6979707,0.1601107,-0.1320678,-0.6853901,7.572,150.884,-1632.440,0.2676935,3,OK,7.321,150.783,-1632.555,OK,-75.269,184.276,-1667.496,OK,5.284,240.735,-1629.275,Port 0x03: JJH Y femur tracker  s/n:3E4C8801,914631523,1782469458.718621621,1,OK,0.8129817,-0.0064909,0.3992744,-0.4237907,-183.073,150.418,-1576.153,0.5321456,3,OK,-182.940,149.850,-1576.554,OK,-146.988,242.539,-1566.495,OK,-213.081,215.607,-1515.926
3,Port 0x01: JJH Probe  s/n:3E4C880C,914631526,1782469458.768621621,1,Too Few Markers,-3.697314E28,-3.697314E28,-3.697314E28,-3.697314E28,-3.697314E28,-3.697314E28,-3.697314E28,0.0000000,3,Missing,-3.697314E28,-3.697314E28,-3.697314E28,Missing,-3.697314E28,-3.697314E28,-3.697314E28,Missing,-3.697314E28,-3.697314E28,-3.697314E28,Port 0x02: JJH T tibia tracker  s/n:3E4C8800,914631526,1782469458.768621621,1,OK,0.6982548,0.1592936,-0.1325822,-0.6851917,7.393,151.009,-1632.626,0.2766264,3,OK,7.132,150.908,-1632.746,OK,-75.461,184.305,-1667.710,OK,5.080,240.870,-1629.640,Port 0x03: JJH Y femur tracker  s/n:3E4C8801,914631526,1782469458.768621621,1,OK,0.8064250,-0.0122368,0.4118324,-0.4241733,-180.536,150.725,-1574.576,0.5506886,3,OK,-180.408,150.147,-1574.996,OK,-144.034,242.760,-1565.925,OK,-208.563,215.934,-1513.406
3,Port 0x01: JJH Probe  s/n:3E4C880C,914631529,1782469458.818621621,1,Too Few Markers,-3.697314E28,-3.697314E28,-3.697314E28,-3.697314E28,-3.697314E28,-3.697314E28,-3.697314E28,0.0000000,3,Missing,-3.697314E28,-3.697314E28,-3.697314E28,Missing,-3.697314E28,-3.697314E28,-3.697314E28,Missing,-3.697314E28,-3.697314E28,-3.697314E28,Port 0x02: JJH T tibia tracker  s/n:3E4C8800,914631529,1782469458.818621621,1,OK,0.6984954,0.1601364,-0.1315867,-0.6849419,7.149,150.676,-1632.383,0.2844576,3,OK,6.876,150.583,-1632.508,OK,-75.745,183.947,-1667.365,OK,4.731,240.525,-1629.179,Port 0x03: JJH Y femur tracker  s/n:3E4C8801,914631529,1782469458.818621621,1,OK,0.7993705,-0.0194180,0.4246295,-0.4246404,-177.697,150.645,-1572.818,0.5277529,3,OK,-177.589,150.098,-1573.219,OK,-140.850,242.634,-1565.466,OK,-203.621,215.949,-1510.890
3,Port 0x01: JJH Probe  s/n:3E4C880C,914631532,1782469458.868621621,1,Too Few Markers,-3.697314E28,-3.697314E28,-3.697314E28,-3.697314E28,-3.697314E28,-3.697314E28,-3.697314E28,0.0000000,3,Missing,-3.697314E28,-3.697314E28,-3.697314E28,Missing,-3.697314E28,-3.697314E28,-3.697314E28,Missing,-3.697314E28,-3.697314E28,-3.697314E28,Port 0x02: JJH T tibia tracker  s/n:3E4C8800,914631532,1782469458.868621621,1,OK,0.6971625,0.1655702,-0.1261914,-0.6860224,7.139,150.583,-1631.537,0.2678484,3,OK,6.879,150.501,-1631.657,OK,-75.781,184.409,-1665.999,OK,4.751,240.366,-1626.917,Port 0x03: JJH Y femur tracker  s/n:3E4C8801,914631532,1782469458.868621621,1,OK,0.7918951,-0.0263091,0.4378522,-0.4248475,-174.954,151.022,-1571.290,0.5361783,3,OK,-174.853,150.476,-1571.702,OK,-137.773,242.948,-1565.187,OK,-198.707,216.388,-1508.548
3,Port 0x01: JJH Probe  s/n:3E4C880C,914631535,1782469458.918621621,1,Too Few Markers,-3.697314E28,-3.697314E28,-3.697314E28,-3.697314E28,-3.697314E28,-3.697314E28,-3.697314E28,0.0000000,3,Missing,-3.697314E28,-3.697314E28,-3.697314E28,Missing,-3.697314E28,-3.697314E28,-3.697314E28,Missing,-3.697314E28,-3.697314E28,-3.697314E28,Port 0x02: JJH T tibia tracker  s/n:3E4C8800,914631535,1782469458.918621621,1,OK,0.6971649,0.1669567,-0.1206566,-0.6866794,6.911,150.344,-1630.022,0.2672761,3,OK,6.656,150.253,-1630.139,OK,-76.242,184.412,-1663.645,OK,4.417,240.067,-1624.527,Port 0x03: JJH Y femur tracker  s/n:3E4C8801,914631535,1782469458.918621621,1,OK,0.7860085,-0.0316315,0.4476962,-0.4251566,-172.758,151.161,-1569.058,0.5211323,3,OK,-172.674,150.631,-1569.454,OK,-135.323,243.035,-1563.945,OK,-194.812,216.584,-1505.812
3,Port 0x01: JJH Probe  s/n:3E4C880C,914631538,1782469458.968621621,1,Too Few Markers,-3.697314E28,-3.697314E28,-3.697314E28,-3.697314E28,-3.697314E28,-3.697314E28,-3.697314E28,0.0000000,3,Missing,-3.697314E28,-3.697314E28,-3.697314E28,Missing,-3.697314E28,-3.697314E28,-3.697314E28,Missing,-3.697314E28,-3.697314E28,-3.697314E28,Port 0x02: JJH T tibia tracker  s/n:3E4C8800,914631538,1782469458.968621621,1,OK,0.6975527,0.1683077,-0.1167088,-0.6866380,6.684,150.306,-1627.140,0.2629828,3,OK,6.440,150.202,-1627.253,OK,-76.676,184.435,-1660.211,OK,4.007,239.987,-1620.995,Port 0x03: JJH Y femur tracker  s/n:3E4C8801,914631538,1782469458.968621621,1,OK,0.7826309,-0.0343073,0.4529127,-0.4256547,-171.398,151.221,-1565.964,0.5276491,3,OK,-171.324,150.686,-1566.359,OK,-133.767,243.037,-1561.377,OK,-192.476,216.712,-1502.475
3,Port 0x01: JJH Probe  s/n:3E4C880C,914631541,1782469459.018621621,1,Too Few Markers,-3.697314E28,-3.697314E28,-3.697314E28,-3.697314E28,-3.697314E28,-3.697314E28,-3.697314E28,0.0000000,3,Missing,-3.697314E28,-3.697314E28,-3.697314E28,Missing,-3.697314E28,-3.697314E28,-3.697314E28,Missing,-3.697314E28,-3.697314E28,-3.697314E28,Port 0x02: JJH T tibia tracker  s/n:3E4C8800,914631541,1782469459.018621621,1,OK,0.6980145,0.1671300,-0.1143844,-0.6868476,6.694,150.497,-1623.965,0.2750854,3,OK,6.431,150.403,-1624.084,OK,-76.857,184.583,-1656.566,OK,3.989,240.177,-1617.669,Port 0x03: JJH Y femur tracker  s/n:3E4C8801,914631541,1782469459.018621621,1,OK,0.7810375,-0.0357961,0.4551797,-0.4260405,-170.710,151.467,-1562.005,0.5220076,3,OK,-170.639,150.943,-1562.394,OK,-132.987,243.252,-1557.728,OK,-191.334,217.025,-1498.454
3,Port 0x01: JJH Probe  s/n:3E4C880C,914631544,1782469459.068621621,1,Too Few Markers,-3.697314E28,-3.697314E28,-3.697314E28,-3.697314E28,-3.697314E28,-3.697314E28,-3.697314E28,0.0000000,3,Missing,-3.697314E28,-3.697314E28,-3.697314E28,Missing,-3.697314E28,-3.697314E28,-3.697314E28,Missing,-3.697314E28,-3.697314E28,-3.697314E28,Port 0x02: JJH T tibia tracker  s/n:3E4C8800,914631544,1782469459.068621621,1,OK,0.6984467,0.1657587,-0.1130780,-0.6869567,6.689,150.883,-1621.761,0.2757734,3,OK,6.427,150.785,-1621.879,OK,-76.999,184.921,-1654.045,OK,3.948,240.561,-1615.479,Port 0x03: JJH Y femur tracker  s/n:3E4C8801,914631544,1782469459.068621621,1,OK,0.7786311,-0.0384759,0.4594994,-0.4255744,-169.969,151.786,-1558.805,0.5288809,3,OK,-169.890,151.264,-1559.209,OK,-132.275,243.586,-1554.984,OK,-189.943,217.355,-1495.018
3,Port 0x01: JJH Probe  s/n:3E4C880C,914631547,1782469459.118621621,1,Too Few Markers,-3.697314E28,-3.697314E28,-3.697314E28,-3.697314E28,-3.697314E28,-3.697314E28,-3.697314E28,0.0000000,3,Missing,-3.697314E28,-3.697314E28,-3.697314E28,Missing,-3.697314E28,-3.697314E28,-3.697314E28,Missing,-3.697314E28,-3.697314E28,-3.697314E28,Port 0x02: JJH T tibia tracker  s/n:3E4C8800,914631547,1782469459.118621621,1,OK,0.6978788,0.1680566,-0.1092812,-0.6875898,6.857,150.632,-1620.097,0.2560125,3,OK,6.610,150.547,-1620.208,OK,-76.949,184.931,-1651.914,OK,4.147,240.249,-1613.014,Port 0x03: JJH Y femur tracker  s/n:3E4C8801,914631547,1782469459.118621621,1,OK,0.7745657,-0.0425704,0.4658729,-0.4256738,-168.324,151.849,-1556.851,0.5158894,3,OK,-168.262,151.336,-1557.237,OK,-130.543,243.647,-1553.794,OK,-187.168,217.496,-1492.846
3,Port 0x01: JJH Probe  s/n:3E4C880C,914631550,1782469459.168621621,1,Too Few Markers,-3.697314E28,-3.697314E28,-3.697314E28,-3.697314E28,-3.697314E28,-3.697314E28,-3.697314E28,0.0000000,3,Missing,-3.697314E28,-3.697314E28,-3.697314E28,Missing,-3.697314E28,-3.697314E28,-3.697314E28,Missing,-3.697314E28,-3.697314E28,-3.697314E28,Port 0x02: JJH T tibia tracker  s/n:3E4C8800,914631550,1782469459.168621621,1,OK,0.6974275,0.1683135,-0.1059236,-0.6885097,6.975,150.553,-1617.937,0.2576905,3,OK,6.732,150.457,-1618.047,OK,-76.931,185.095,-1649.181,OK,4.341,240.128,-1610.374,Port 0x03: JJH Y femur tracker  s/n:3E4C8801,914631550,1782469459.168621621,1,OK,0.7718956,-0.0450392,0.4701582,-0.4255583,-167.340,152.011,-1554.321,0.5110424,3,OK,-167.278,151.507,-1554.707,OK,-129.510,243.798,-1551.721,OK,-185.457,217.677,-1490.123
3,Port 0x01: JJH Probe  s/n:3E4C880C,914631553,1782469459.218621621,1,Too Few Markers,-3.697314E28,-3.697314E28,-3.697314E28,-3.697314E28,-3.697314E28,-3.697314E28,-3.697314E28,0.0000000,3,Missing,-3.697314E28,-3.697314E28,-3.697314E28,Missing,-3.697314E28,-3.697314E28,-3.697314E28,Missing,-3.697314E28,-3.697314E28,-3.697314E28,Port 0x02: JJH T tibia tracker  s/n:3E4C8800,914631553,1782469459.218621621,1,OK,0.6980480,0.1669184,-0.1035494,-0.6885817,6.875,150.771,-1614.949,0.2595295,3,OK,6.626,150.682,-1615.059,OK,-77.240,185.238,-1645.701,OK,4.175,240.333,-1607.268,Port 0x03: JJH Y femur tracker  s/n:3E4C8801,914631553,1782469459.218621621,1,OK,0.7715437,-0.0453633,0.4707287,-0.4255315,-167.182,152.111,-1550.683,0.5014726,3,OK,-167.127,151.618,-1551.054,OK,-129.355,243.899,-1548.131,OK,-185.190,217.767,-1486.485
3,Port 0x01: JJH Probe  s/n:3E4C880C,914631556,1782469459.268621621,1,Too Few Markers,-3.697314E28,-3.697314E28,-3.697314E28,-3.697314E28,-3.697314E28,-3.697314E28,-3.697314E28,0.0000000,3,Missing,-3.697314E28,-3.697314E28,-3.697314E28,Missing,-3.697314E28,-3.697314E28,-3.697314E28,Missing,-3.697314E28,-3.697314E28,-3.697314E28,Port 0x02: JJH T tibia tracker  s/n:3E4C8800,914631556,1782469459.268621621,1,OK,0.6985460,0.1672289,-0.1021619,-0.6882085,6.992,150.971,-1613.377,0.2631869,3,OK,6.739,150.882,-1613.488,OK,-77.227,185.352,-1643.932,OK,4.152,240.516,-1605.502,Port 0x03: JJH Y femur tracker  s/n:3E4C8801,914631556,1782469459.268621621,1,OK,0.7685205,-0.0484754,0.4753264,-0.4255480,-165.811,152.260,-1548.640,0.4961763,3,OK,-165.761,151.772,-1549.008,OK,-127.946,244.047,-1546.677,OK,-183.007,217.989,-1484.297
3,Port 0x01: JJH Probe  s/n:3E4C880C,914631559,1782469459.318621621,1,Too Few Markers,-3.697314E28,-3.697314E28,-3.697314E28,-3.697314E28,-3.697314E28,-3.697314E28,-3.697314E28,0.0000000,3,Missing,-3.697314E28,-3.697314E28,-3.697314E28,Missing,-3.697314E28,-3.697314E28,-3.697314E28,Missing,-3.697314E28,-3.697314E28,-3.697314E28,Port 0x02: JJH T tibia tracker  s/n:3E4C8800,914631559,1782469459.318621621,1,OK,0.6973974,0.1705829,-0.0977050,-0.6891967,7.455,150.499,-1612.437,0.2554913,3,OK,7.208,150.416,-1612.546,OK,-76.801,185.292,-1642.458,OK,4.703,239.946,-1603.536,Port 0x03: JJH Y femur tracker  s/n:3E4C8801,914631559,1782469459.318621621,1,OK,0.7635821,-0.0524832,0.4827836,-0.4255678,-163.691,152.375,-1547.945,0.5146961,3,OK,-163.643,151.881,-1548.325,OK,-125.710,244.104,-1546.732,OK,-179.535,218.163,-1483.308
3,Port 0x01: JJH Probe  s/n:3E4C880C,914631562,1782469459.368621621,1,Too Few Markers,-3.697314E28,-3.697314E28,-3.697314E28,-3.697314E28,-3.697314E28,-3.697314E28,-3.697314E28,0.0000000,3,Missing,-3.697314E28,-3.697314E28,-3.697314E28,Missing,-3.697314E28,-3.697314E28,-3.697314E28,Missing,-3.697314E28,-3.697314E28,-3.697314E28,Port 0x02: JJH T tibia tracker  s/n:3E4C8800,914631562,1782469459.368621621,1,OK,0.6967152,0.1740368,-0.0928431,-0.6896951,7.738,150.275,-1610.934,0.2624957,3,OK,7.485,150.188,-1611.046,OK,-76.592,185.362,-1640.363,OK,4.938,239.612,-1600.969,Port 0x03: JJH Y femur tracker  s/n:3E4C8801,914631562,1782469459.368621621,1,OK,0.7590588,-0.0564716,0.4895849,-0.4253790,-161.667,152.442,-1547.061,0.5071350,3,OK,-161.623,151.960,-1547.438,OK,-123.632,244.147,-1546.597,OK,-176.309,218.269,-1482.185
3,Port 0x01: JJH Probe  s/n:3E4C880C,914631565,1782469459.418621621,1,Too Few Markers,-3.697314E28,-3.697314E28,-3.697314E28,-3.697314E28,-3.697314E28,-3.697314E28,-3.697314E28,0.0000000,3,Missing,-3.697314E28,-3.697314E28,-3.697314E28,Missing,-3.697314E28,-3.697314E28,-3.697314E28,Missing,-3.697314E28,-3.697314E28,-3.697314E28,Port 0x02: JJH T tibia tracker  s/n:3E4C8800,914631565,1782469459.418621621,1,OK,0.6964529,0.1764268,-0.0892333,-0.6898292,8.017,150.168,-1609.852,0.2632158,3,OK,7.768,150.073,-1609.964,OK,-76.396,185.413,-1638.835,OK,5.120,239.414,-1599.135,Port 0x03: JJH Y femur tracker  s/n:3E4C8801,914631565,1782469459.418621621,1,OK,0.7548998,-0.0601185,0.4954842,-0.4254497,-159.779,152.562,-1546.335,0.5100390,3,OK,-159.742,152.088,-1546.707,OK,-121.690,244.230,-1546.564,OK,-173.309,218.470,-1481.327
3,Port 0x01: JJH Probe  s/n:3E4C880C,914631568,1782469459.468621621,1,Too Few Markers,-3.697314E28,-3.697314E28,-3.697314E28,-3.697314E28,-3.697314E28,-3.697314E28,-3.697314E28,0.0000000,3,Missing,-3.697314E28,-3.697314E28,-3.697314E28,Missing,-3.697314E28,-3.697314E28,-3.697314E28,Missing,-3.697314E28,-3.697314E28,-3.697314E28,Port 0x02: JJH T tibia tracker  s/n:3E4C8800,914631568,1782469459.468621621,1,OK,0.6965242,0.1786758,-0.0860128,-0.6895874,8.176,150.189,-1609.281,0.2689485,3,OK,7.916,150.101,-1609.396,OK,-76.359,185.464,-1637.896,OK,5.141,239.359,-1597.878,Port 0x03: JJH Y femur tracker  s/n:3E4C8801,914631568,1782469459.468621621,1,OK,0.7514382,-0.0628090,0.5004601,-0.4253650,-158.270,152.656,-1545.868,0.5185155,3,OK,-158.236,152.185,-1546.241,OK,-120.133,244.285,-1546.599,OK,-170.876,218.593,-1480.712
3,Port 0x01: JJH Probe  s/n:3E4C880C,914631571,1782469459.518621621,1,Too Few Markers,-3.697314E28,-3.697314E28,-3.697314E28,-3.697314E28,-3.697314E28,-3.697314E28,-3.697314E28,0.0000000,3,Missing,-3.697314E28,-3.697314E28,-3.697314E28,Missing,-3.697314E28,-3.697314E28,-3.697314E28,Missing,-3.697314E28,-3.697314E28,-3.697314E28,Port 0x02: JJH T tibia tracker  s/n:3E4C8800,914631571,1782469459.518621621,1,OK,0.6967341,0.1792966,-0.0846146,-0.6893871,8.191,150.329,-1608.766,0.2554845,3,OK,7.946,150.244,-1608.876,OK,-76.419,185.593,-1637.198,OK,5.056,239.450,-1597.127,Port 0x03: JJH Y femur tracker  s/n:3E4C8801,914631571,1782469459.518621621,1,OK,0.7491407,-0.0652154,0.5036706,-0.4252658,-157.263,152.747,-1545.581,0.4985233,3,OK,-157.236,152.291,-1545.938,OK,-119.144,244.389,-1546.774,OK,-169.291,218.731,-1480.385
3,Port 0x01: JJH Probe  s/n:3E4C880C,914631574,1782469459.568621620,1,Too Few Markers,-3.697314E28,-3.697314E28,-3.697314E28,-3.697314E28,-3.697314E28,-3.697314E28,-3.697314E28,0.0000000,3,Missing,-3.697314E28,-3.697314E28,-3.697314E28,Missing,-3.697314E28,-3.697314E28,-3.697314E28,Missing,-3.697314E28,-3.697314E28,-3.697314E28,Port 0x02: JJH T tibia tracker  s/n:3E4C8800,914631574,1782469459.568621620,1,OK,0.6970507,0.1793472,-0.0840643,-0.6891213,8.101,150.446,-1608.669,0.2592313,3,OK,7.852,150.359,-1608.780,OK,-76.553,185.646,-1637.017,OK,4.876,239.554,-1596.971,Port 0x03: JJH Y femur tracker  s/n:3E4C8801,914631574,1782469459.568621620,1,OK,0.7486149,-0.0657907,0.5044923,-0.4251292,-157.038,152.810,-1545.528,0.5002518,3,OK,-157.013,152.355,-1545.883,OK,-118.948,244.458,-1546.808,OK,-168.927,218.797,-1480.323
3,Port 0x01: JJH Probe  s/n:3E4C880C,914631577,1782469459.618621620,1,Too Few Markers,-3.697314E28,-3.697314E28,-3.697314E28,-3.697314E28,-3.697314E28,-3.697314E28,-3.697314E28,0.0000000,3,Missing,-3.697314E28,-3.697314E28,-3.697314E28,Missing,-3.697314E28,-3.697314E28,-3.697314E28,Missing,-3.697314E28,-3.697314E28,-3.697314E28,Port 0x02: JJH T tibia tracker  s/n:3E4C8800,914631577,1782469459.618621620,1,OK,0.6973846,0.1789849,-0.0844566,-0.6888296,7.937,150.533,-1608.908,0.2692113,3,OK,7.673,150.453,-1609.024,OK,-76.739,185.627,-1637.309,OK,4.666,239.662,-1597.311,Port 0x03: JJH Y femur tracker  s/n:3E4C8801,914631577,1782469459.618621620,1,OK,0.7497877,-0.0645185,0.5027830,-0.4252823,-157.607,152.809,-1545.735,0.5142436,3,OK,-157.573,152.345,-1546.108,OK,-119.487,244.439,-1546.790,OK,-169.795,218.789,-1480.540
3,Port 0x01: JJH Probe  s/n:3E4C880C,914631580,1782469459.668621620,1,Too Few Markers,-3.697314E28,-3.697314E28,-3.697314E28,-3.697314E28,-3.697314E28,-3.697314E28,-3.697314E28,0.0000000,3,Missing,-3.697314E28,-3.697314E28,-3.697314E28,Missing,-3.697314E28,-3.697314E28,-3.697314E28,Missing,-3.697314E28,-3.697314E28,-3.697314E28,Port 0x02: JJH T tibia tracker  s/n:3E4C8800,914631580,1782469459.668621620,1,OK,0.6979655,0.1773631,-0.0873477,-0.6883000,7.519,150.791,-1609.259,0.2610640,3,OK,7.263,150.715,-1609.372,OK,-77.111,185.685,-1638.049,OK,4.201,239.982,-1598.256,Port 0x03: JJH Y femur tracker  s/n:3E4C8801,914631580,1782469459.668621620,1,OK,0.7528952,-0.0624128,0.4982448,-0.4254476,-158.996,152.839,-1546.172,0.4946120,3,OK,-158.958,152.380,-1546.540,OK,-120.922,244.512,-1546.853,OK,-172.030,218.821,-1481.129
3,Port 0x01: JJH Probe  s/n:3E4C880C,914631583,1782469459.718621620,1,Too Few Markers,-3.697314E28,-3.697314E28,-3.697314E28,-3.697314E28,-3.697314E28,-3.697314E28,-3.697314E28,0.0000000,3,Missing,-3.697314E28,-3.697314E28,-3.697314E28,Missing,-3.697314E28,-3.697314E28,-3.697314E28,Missing,-3.697314E28,-3.697314E28,-3.697314E28,Port 0x02: JJH T tibia tracker  s/n:3E4C8800,914631583,1782469459.718621620,1,OK,0.6990464,0.1747571,-0.0904182,-0.6874726,6.943,151.144,-1610.239,0.2783831,3,OK,6.673,151.056,-1610.358,OK,-77.691,185.693,-1639.385,OK,3.522,240.440,-1599.984,Port 0x03: JJH Y femur tracker  s/n:3E4C8801,914631583,1782469459.718621620,1,OK,0.7580289,-0.0580510,0.4906422,-0.4257845,-161.193,152.790,-1546.896,0.5093527,3,OK,-161.159,152.309,-1547.259,OK,-123.166,244.496,-1546.742,OK,-175.554,218.745,-1482.135
3,Port 0x01: JJH Probe  s/n:3E4C880C,914631586,1782469459.768621620,1,Too Few Markers,-3.697314E28,-3.697314E28,-3.697314E28,-3.697314E28,-3.697314E28,-3.697314E28,-3.697314E28,0.0000000,3,Missing,-3.697314E28,-3.697314E28,-3.697314E28,Missing,-3.697314E28,-3.697314E28,-3.697314E28,Missing,-3.697314E28,-3.697314E28,-3.697314E28,Port 0x02: JJH T tibia tracker  s/n:3E4C8800,914631586,1782469459.768621620,1,OK,0.7004448,0.1703765,-0.0958569,-0.6864112,6.285,151.572,-1611.677,0.2667198,3,OK,6.023,151.492,-1611.791,OK,-78.339,185.640,-1641.463,OK,2.790,240.993,-1602.703,Port 0x03: JJH Y femur tracker  s/n:3E4C8801,914631586,1782469459.768621620,1,OK,0.7644009,-0.0528044,0.4811941,-0.4258582,-164.059,152.663,-1547.896,0.5048221,3,OK,-164.013,152.170,-1548.269,OK,-126.137,244.431,-1546.769,OK,-180.152,218.560,-1483.435
3,Port 0x01: JJH Probe  s/n:3E4C880C,914631589,1782469459.818621620,1,Too Few Markers,-3.697314E28,-3.697314E28,-3.697314E28,-3.697314E28,-3.697314E28,-3.697314E28,-3.697314E28,0.0000000,3,Missing,-3.697314E28,-3.697314E28,-3.697314E28,Missing,-3.697314E28,-3.697314E28,-3.697314E28,Missing,-3.697314E28,-3.697314E28,-3.697314E28,Port 0x02: JJH T tibia tracker  s/n:3E4C8800,914631589,1782469459.818621620,1,OK,0.7017112,0.1648145,-0.1040030,-0.6852890,5.658,152.045,-1613.214,0.2637065,3,OK,5.405,151.952,-1613.325,OK,-78.832,185.570,-1643.995,OK,2.174,241.630,-1606.011,Port 0x03: JJH Y femur tracker  s/n:3E4C8801,914631589,1782469459.818621620,1,OK,0.7717550,-0.0462350,0.4698006,-0.4260799,-167.364,152.589,-1549.298,0.5077139,3,OK,-167.303,152.088,-1549.680,OK,-129.554,244.392,-1546.963,OK,-185.461,218.418,-1485.266
3,Port 0x01: JJH Probe  s/n:3E4C880C,914631592,1782469459.868621620,1,Too Few Markers,-3.697314E28,-3.697314E28,-3.697314E28,-3.697314E28,-3.697314E28,-3.697314E28,-3.697314E28,0.0000000,3,Missing,-3.697314E28,-3.697314E28,-3.697314E28,Missing,-3.697314E28,-3.697314E28,-3.697314E28,Missing,-3.697314E28,-3.697314E28,-3.697314E28,Port 0x02: JJH T tibia tracker  s/n:3E4C8800,914631592,1782469459.868621620,1,OK,0.7030129,0.1612118,-0.1104677,-0.6837986,4.902,152.690,-1614.967,0.2871175,3,OK,4.625,152.593,-1615.088,OK,-79.453,185.669,-1646.590,OK,1.292,242.376,-1609.096,Port 0x03: JJH Y femur tracker  s/n:3E4C8801,914631592,1782469459.868621620,1,OK,0.7793300,-0.0396479,0.4579116,-0.4258988,-170.776,152.502,-1551.580,0.5167610,3,OK,-170.706,151.977,-1551.970,OK,-133.193,244.384,-1548.002,OK,-190.976,218.245,-1488.065
3,Port 0x01: JJH Probe  s/n:3E4C880C,914631595,1782469459.918621620,1,Too Few Markers,-3.697314E28,-3.697314E28,-3.697314E28,-3.697314E28,-3.697314E28,-3.697314E28,-3.697314E28,0.0000000,3,Missing,-3.697314E28,-3.697314E28,-3.697314E28,Missing,-3.697314E28,-3.697314E28,-3.697314E28,Missing,-3.697314E28,-3.697314E28,-3.697314E28,Port 0x02: JJH T tibia tracker  s/n:3E4C8800,914631595,1782469459.918621620,1,OK,0.7030352,0.1588254,-0.1161196,-0.6833975,4.448,152.678,-1617.462,0.2874276,3,OK,4.171,152.581,-1617.583,OK,-79.685,185.454,-1649.853,OK,0.960,242.422,-1612.616,Port 0x03: JJH Y femur tracker  s/n:3E4C8801,914631595,1782469459.918621620,1,OK,0.7856372,-0.0337493,0.4473244,-0.4260705,-173.706,152.183,-1555.160,0.5081351,3,OK,-173.623,151.661,-1555.547,OK,-136.264,244.089,-1550.531,OK,-195.690,217.872,-1492.166
3,Port 0x01: JJH Probe  s/n:3E4C880C,914631598,1782469459.968621620,1,Too Few Markers,-3.697314E28,-3.697314E28,-3.697314E28,-3.697314E28,-3.697314E28,-3.697314E28,-3.697314E28,0.0000000,3,Missing,-3.697314E28,-3.697314E28,-3.697314E28,Missing,-3.697314E28,-3.697314E28,-3.697314E28,Missing,-3.697314E28,-3.697314E28,-3.697314E28,Port 0x02: JJH T tibia tracker  s/n:3E4C8800,914631598,1782469459.968621620,1,OK,0.7023739,0.1604142,-0.1211600,-0.6828312,4.171,152.312,-1621.972,0.2709801,3,OK,3.917,152.206,-1622.086,OK,-79.626,185.058,-1655.326,OK,0.758,242.082,-1617.569,Port 0x03: JJH Y femur tracker  s/n:3E4C8801,914631598,1782469459.968621620,1,OK,0.7891098,-0.0299140,0.4415674,-0.4259450,-175.298,151.837,-1561.292,0.5375409,3,OK,-175.194,151.294,-1561.710,OK,-137.945,243.732,-1555.956,OK,-198.275,217.462,-1498.513
3,Port 0x01: JJH Probe  s/n:3E4C880C,914631601,1782469460.018621620,1,Too Few Markers,-3.697314E28,-3.697314E28,-3.697314E28,-3.697314E28,-3.697314E28,-3.697314E28,-3.697314E28,0.0000000,3,Missing,-3.697314E28,-3.697314E28,-3.697314E28,Missing,-3.697314E28,-3.697314E28,-3.697314E28,Missing,-3.697314E28,-3.697314E28,-3.697314E28,Port 0x02: JJH T tibia tracker  s/n:3E4C8800,914631601,1782469460.018621620,1,OK,0.7021105,0.1617796,-0.1263568,-0.6818373,4.614,152.329,-1627.724,0.2718007,3,OK,4.356,152.232,-1627.842,OK,-78.841,184.921,-1662.047,OK,1.185,242.112,-1623.835,Port 0x03: JJH Y femur tracker  s/n:3E4C8801,914631601,1782469460.018621620,1,OK,0.7925045,-0.0269711,0.4360580,-0.4255146,-175.989,151.682,-1568.351,0.5412012,3,OK,-175.881,151.128,-1568.770,OK,-138.823,243.635,-1562.444,OK,-199.949,217.243,-1505.858
3,Port 0x01: JJH Probe  s/n:3E4C880C,914631604,1782469460.068621620,1,Too Few Markers,-3.697314E28,-3.697314E28,-3.697314E28,-3.697314E28,-3.697314E28,-3.697314E28,-3.697314E28,0.0000000,3,Missing,-3.697314E28,-3.697314E28,-3.697314E28,Missing,-3.697314E28,-3.697314E28,-3.697314E28,Missing,-3.697314E28,-3.697314E28,-3.697314E28,Port 0x02: JJH T tibia tracker  s/n:3E4C8800,914631604,1782469460.068621620,1,OK,0.7024547,0.1601866,-0.1308177,-0.6810171,5.007,152.471,-1630.433,0.2672330,3,OK,4.754,152.375,-1630.549,OK,-78.300,184.781,-1665.396,OK,1.588,242.285,-1627.333,Port 0x03: JJH Y femur tracker  s/n:3E4C8801,914631604,1782469460.068621620,1,OK,0.8012703,-0.0181537,0.4204828,-0.4252418,-178.941,151.436,-1572.423,0.5505156,3,OK,-178.819,150.868,-1572.843,OK,-142.140,243.427,-1564.905,OK,-205.435,216.889,-1510.843
3,Port 0x01: JJH Probe  s/n:3E4C880C,914631607,1782469460.118621620,1,Too Few Markers,-3.697314E28,-3.697314E28,-3.697314E28,-3.697314E28,-3.697314E28,-3.697314E28,-3.697314E28,0.0000000,3,Missing,-3.697314E28,-3.697314E28,-3.697314E28,Missing,-3.697314E28,-3.697314E28,-3.697314E28,Missing,-3.697314E28,-3.697314E28,-3.697314E28,Port 0x02: JJH T tibia tracker  s/n:3E4C8800,914631607,1782469460.118621620,1,OK,0.7029017,0.1568331,-0.1342411,-0.6806702,5.205,152.703,-1631.313,0.2715959,3,OK,4.946,152.608,-1631.431,OK,-78.060,184.746,-1666.603,OK,1.864,242.545,-1629.076,Port 0x03: JJH Y femur tracker  s/n:3E4C8801,914631607,1782469460.118621620,1,OK,0.8125622,-0.0072670,0.3995168,-0.4243539,-183.411,151.134,-1575.056,0.5507061,3,OK,-183.264,150.555,-1575.476,OK,-147.242,243.241,-1565.599,OK,-213.319,216.450,-1514.854
3,Port 0x01: JJH Probe  s/n:3E4C880C,914631610,1782469460.168621620,1,Too Few Markers,-3.697314E28,-3.697314E28,-3.697314E28,-3.697314E28,-3.697314E28,-3.697314E28,-3.697314E28,0.0000000,3,Missing,-3.697314E28,-3.697314E28,-3.697314E28,Missing,-3.697314E28,-3.697314E28,-3.697314E28,Missing,-3.697314E28,-3.697314E28,-3.697314E28,Port 0x02: JJH T tibia tracker  s/n:3E4C8800,914631610,1782469460.168621620,1,OK,0.7030483,0.1549294,-0.1363365,-0.6805383,5.450,152.677,-1632.094,0.2821613,3,OK,5.176,152.589,-1632.218,OK,-77.765,184.579,-1667.588,OK,2.182,242.532,-1630.361,Port 0x03: JJH Y femur tracker  s/n:3E4C8801,914631610,1782469460.168621620,1,OK,0.8235690,0.0044287,0.3775764,-0.4232618,-187.823,150.765,-1578.051,0.5606622,3,OK,-187.656,150.165,-1578.470,OK,-152.384,242.959,-1566.534,OK,-221.126,215.925,-1519.451
3,Port 0x01: JJH Probe  s/n:3E4C880C,914631613,1782469460.218621620,1,Too Few Markers,-3.697314E28,-3.697314E28,-3.697314E28,-3.697314E28,-3.697314E28,-3.697314E28,-3.697314E28,0.0000000,3,Missing,-3.697314E28,-3.697314E28,-3.697314E28,Missing,-3.697314E28,-3.697314E28,-3.697314E28,Missing,-3.697314E28,-3.697314E28,-3.697314E28,Port 0x02: JJH T tibia tracker  s/n:3E4C8800,914631613,1782469460.218621620,1,OK,0.7030602,0.1546116,-0.1366074,-0.6805439,5.787,152.578,-1632.824,0.3026818,3,OK,5.492,152.482,-1632.957,OK,-77.414,184.450,-1668.335,OK,2.541,242.458,-1631.160,Port 0x03: JJH Y femur tracker  s/n:3E4C8801,914631613,1782469460.218621620,1,OK,0.8340323,0.0163069,0.3550925,-0.4219402,-192.148,150.476,-1581.430,0.5815007,3,OK,-191.950,149.855,-1581.855,OK,-157.546,242.732,-1567.867,OK,-228.781,215.496,-1524.630
3,Port 0x01: JJH Probe  s/n:3E4C880C,914631616,1782469460.268621620,1,Too Few Markers,-3.697314E28,-3.697314E28,-3.697314E28,-3.697314E28,-3.697314E28,-3.697314E28,-3.697314E28,0.0000000,3,Missing,-3.697314E28,-3.697314E28,-3.697314E28,Missing,-3.697314E28,-3.697314E28,-3.697314E28,Missing,-3.697314E28,-3.697314E28,-3.697314E28,Port 0x02: JJH T tibia tracker  s/n:3E4C8800,914631616,1782469460.268621620,1,OK,0.7030348,0.1534116,-0.1378755,-0.6805860,6.065,152.404,-1633.323,0.2972122,3,OK,5.779,152.306,-1633.452,OK,-77.097,184.237,-1668.950,OK,2.877,242.279,-1631.972,Port 0x03: JJH Y femur tracker  s/n:3E4C8801,914631616,1782469460.268621620,1,OK,0.8440206,0.0273520,0.3322795,-0.4200851,-196.326,150.128,-1584.959,0.5800503,3,OK,-196.104,149.511,-1585.370,OK,-162.742,242.497,-1569.547,OK,-236.233,215.006,-1530.214
3,Port 0x01: JJH Probe  s/n:3E4C880C,914631619,1782469460.318621620,1,Too Few Markers,-3.697314E28,-3.697314E28,-3.697314E28,-3.697314E28,-3.697314E28,-3.697314E28,-3.697314E28,0.0000000,3,Missing,-3.697314E28,-3.697314E28,-3.697314E28,Missing,-3.697314E28,-3.697314E28,-3.697314E28,Missing,-3.697314E28,-3.697314E28,-3.697314E28,Port 0x02: JJH T tibia tracker  s/n:3E4C8800,914631619,1782469460.318621620,1,OK,0.7028719,0.1533047,-0.1392735,-0.6804937,6.327,152.161,-1634.040,0.2794308,3,OK,6.051,152.084,-1634.164,OK,-76.777,183.960,-1669.901,OK,3.204,242.028,-1632.870,Port 0x03: JJH Y femur tracker  s/n:3E4C8801,914631619,1782469460.318621620,1,OK,0.8535006,0.0396211,0.3085898,-0.4180181,-200.331,149.873,-1588.759,0.5956835,3,OK,-200.076,149.244,-1589.169,OK,-167.857,242.283,-1571.322,OK,-243.426,214.589,-1536.246
3,Port 0x01: JJH Probe  s/n:3E4C880C,914631622,1782469460.368621620,1,Too Few Markers,-3.697314E28,-3.697314E28,-3.697314E28,-3.697314E28,-3.697314E28,-3.697314E28,-3.697314E28,0.0000000,3,Missing,-3.697314E28,-3.697314E28,-3.697314E28,Missing,-3.697314E28,-3.697314E28,-3.697314E28,Missing,-3.697314E28,-3.697314E28,-3.697314E28,Port 0x02: JJH T tibia tracker  s/n:3E4C8800,914631622,1782469460.368621620,1,OK,0.7024827,0.1516064,-0.1418947,-0.6807345,6.749,151.786,-1634.714,0.2700604,3,OK,6.498,151.676,-1634.828,OK,-76.245,183.576,-1670.879,OK,3.800,241.675,-1634.075,Port 0x03: JJH Y femur tracker  s/n:3E4C8801,914631622,1782469460.368621620,1,OK,0.8623342,0.0512994,0.2844642,-0.4157261,-204.143,149.406,-1592.849,0.5937667,3,OK,-203.870,148.776,-1593.241,OK,-172.899,241.887,-1573.567,OK,-250.286,213.992,-1542.831
3,Port 0x01: JJH Probe  s/n:3E4C880C,914631625,1782469460.418621620,1,Too Few Markers,-3.697314E28,-3.697314E28,-3.697314E28,-3.697314E28,-3.697314E28,-3.697314E28,-3.697314E28,0.0000000,3,Missing,-3.697314E28,-3.697314E28,-3.697314E28,Missing,-3.697314E28,-3.697314E28,-3.697314E28,Missing,-3.697314E28,-3.697314E28,-3.697314E28,Port 0x02: JJH T tibia tracker  s/n:3E4C8800,914631625,1782469460.418621620,1,OK,0.7014985,0.1524948,-0.1415576,-0.6816206,7.285,151.172,-1635.050,0.2688023,3,OK,7.024,151.086,-1635.168,OK,-75.621,183.211,-1671.209,OK,4.556,241.060,-1634.200,Port 0x03: JJH Y femur tracker  s/n:3E4C8801,914631625,1782469460.418621620,1,OK,0.8705782,0.0631993,0.2603924,-0.4126684,-207.772,148.946,-1597.094,0.5971706,3,OK,-207.475,148.316,-1597.472,OK,-177.920,241.494,-1575.963,OK,-256.866,213.322,-1549.666
3,Port 0x01: JJH Probe  s/n:3E4C880C,914631628,1782469460.468621620,1,Too Few Markers,-3.697314E28,-3.697314E28,-3.697314E28,-3.697314E28,-3.697314E28,-3.697314E28,-3.697314E28,0.0000000,3,Missing,-3.697314E28,-3.697314E28,-3.697314E28,Missing,-3.697314E28,-3.697314E28,-3.697314E28,Missing,-3.697314E28,-3.697314E28,-3.697314E28,Port 0x02: JJH T tibia tracker  s/n:3E4C8800,914631628,1782469460.468621620,1,OK,0.7003655,0.1517871,-0.1425323,-0.6827397,7.887,150.636,-1635.335,0.2755699,3,OK,7.618,150.553,-1635.457,OK,-74.879,182.912,-1671.575,OK,5.482,240.536,-1634.636,Port 0x03: JJH Y femur tracker  s/n:3E4C8801,914631628,1782469460.468621620,1,OK,0.8784296,0.0750100,0.2348659,-0.4093567,-211.249,148.643,-1601.557,0.5856807,3,OK,-210.936,148.024,-1601.910,OK,-182.955,241.268,-1578.698,OK,-263.220,212.854,-1557.089
3,Port 0x01: JJH Probe  s/n:3E4C880C,914631631,1782469460.518621620,1,Too Few Markers,-3.697314E28,-3.697314E28,-3.697314E28,-3.697314E28,-3.697314E28,-3.697314E28,-3.697314E28,0.0000000,3,Missing,-3.697314E28,-3.697314E28,-3.697314E28,Missing,-3.697314E28,-3.697314E28,-3.697314E28,Missing,-3.697314E28,-3.697314E28,-3.697314E28,Port 0x02: JJH T tibia tracker  s/n:3E4C8800,914631631,1782469460.518621620,1,OK,0.6992090,0.1516442,-0.1431744,-0.6838216,8.465,149.973,-1635.591,0.2699596,3,OK,8.210,149.871,-1635.707,OK,-74.172,182.523,-1671.905,OK,6.347,239.887,-1634.936,Port 0x03: JJH Y femur tracker  s/n:3E4C8801,914631631,1782469460.518621620,1,OK,0.8855741,0.0872563,0.2093554,-0.4053580,-214.602,148.148,-1606.444,0.5880291,3,OK,-214.265,147.527,-1606.781,OK,-188.013,240.830,-1581.837,OK,-269.306,212.124,-1565.022
3,Port 0x01: JJH Probe  s/n:3E4C880C,914631634,1782469460.568621622,1,Too Few Markers,-3.697314E28,-3.697314E28,-3.697314E28,-3.697314E28,-3.697314E28,-3.697314E28,-3.697314E28,0.0000000,3,Missing,-3.697314E28,-3.697314E28,-3.697314E28,Missing,-3.697314E28,-3.697314E28,-3.697314E28,Missing,-3.697314E28,-3.697314E28,-3.697314E28,Port 0x02: JJH T tibia tracker  s/n:3E4C8800,914631634,1782469460.568621622,1,OK,0.6981650,0.1534735,-0.1415208,-0.6848236,8.790,149.616,-1635.404,0.2665088,3,OK,8.538,149.518,-1635.519,OK,-73.789,182.507,-1671.559,OK,6.841,239.528,-1634.259,Port 0x03: JJH Y femur tracker  s/n:3E4C8801,914631634,1782469460.568621622,1,OK,0.8926133,0.1001959,0.1814298,-0.4003567,-218.079,147.717,-1612.010,0.5853063,3,OK,-217.726,147.091,-1612.326,OK,-193.536,240.481,-1585.657,OK,-275.555,211.414,-1574.101
3,Port 0x01: JJH Probe  s/n:3E4C880C,914631637,1782469460.618621622,1,Too Few Markers,-3.697314E28,-3.697314E28,-3.697314E28,-3.697314E28,-3.697314E28,-3.697314E28,-3.697314E28,0.0000000,3,Missing,-3.697314E28,-3.697314E28,-3.697314E28,Missing,-3.697314E28,-3.697314E28,-3.697314E28,Missing,-3.697314E28,-3.697314E28,-3.697314E28,Port 0x02: JJH T tibia tracker  s/n:3E4C8800,914631637,1782469460.618621622,1,OK,0.6977701,0.1555022,-0.1389880,-0.6852871,9.287,149.091,-1635.189,0.2803898,3,OK,9.019,148.995,-1635.312,OK,-73.297,182.209,-1671.050,OK,7.310,238.989,-1633.460,Port 0x03: JJH Y femur tracker  s/n:3E4C8801,914631637,1782469460.618621622,1,OK,0.8986611,0.1127890,0.1527324,-0.3954236,-220.816,147.063,-1618.025,0.5709491,3,OK,-220.456,146.445,-1618.313,OK,-198.354,239.902,-1590.143,OK,-280.792,210.556,-1583.911
3,Port 0x01: JJH Probe  s/n:3E4C880C,914631640,1782469460.668621622,1,Too Few Markers,-3.697314E28,-3.697314E28,-3.697314E28,-3.697314E28,-3.697314E28,-3.697314E28,-3.697314E28,0.0000000,3,Missing,-3.697314E28,-3.697314E28,-3.697314E28,Missing,-3.697314E28,-3.697314E28,-3.697314E28,Missing,-3.697314E28,-3.697314E28,-3.697314E28,Port 0x02: JJH T tibia tracker  s/n:3E4C8800,914631640,1782469460.668621622,1,OK,0.6965325,0.1582809,-0.1369851,-0.6863124,9.786,149.093,-1634.382,0.2646971,3,OK,9.543,148.981,-1634.495,OK,-72.728,182.626,-1670.097,OK,7.961,238.986,-1632.000,Port 0x03: JJH Y femur tracker  s/n:3E4C8801,914631640,1782469460.668621622,1,OK,0.9035807,0.1278544,0.1228921,-0.3899907,-223.224,147.155,-1624.284,0.5860543,3,OK,-222.855,146.499,-1624.561,OK,-202.992,239.948,-1594.555,OK,-285.485,210.394,-1594.093
3,Port 0x01: JJH Probe  s/n:3E4C880C,914631643,1782469460.718621622,1,Too Few Markers,-3.697314E28,-3.697314E28,-3.697314E28,-3.697314E28,-3.697314E28,-3.697314E28,-3.697314E28,0.0000000,3,Missing,-3.697314E28,-3.697314E28,-3.697314E28,Missing,-3.697314E28,-3.697314E28,-3.697314E28,Missing,-3.697314E28,-3.697314E28,-3.697314E28,Port 0x02: JJH T tibia tracker  s/n:3E4C8800,914631643,1782469460.718621622,1,OK,0.6959579,0.1604591,-0.1342713,-0.6869256,10.320,148.859,-1633.706,0.2838221,3,OK,10.053,148.755,-1633.830,OK,-72.184,182.656,-1669.098,OK,8.505,238.728,-1630.688,Port 0x03: JJH Y femur tracker  s/n:3E4C8801,914631643,1782469460.718621622,1,OK,0.9079009,0.1413133,0.0907467,-0.3840724,-225.239,146.680,-1630.871,0.5644761,3,OK,-224.875,146.042,-1631.113,OK,-207.440,239.528,-1599.824,OK,-289.592,209.760,-1605.223
3,Port 0x01: JJH Probe  s/n:3E4C880C,914631646,1782469460.768621622,1,Too Few Markers,-3.697314E28,-3.697314E28,-3.697314E28,-3.697314E28,-3.697314E28,-3.697314E28,-3.697314E28,0.0000000,3,Missing,-3.697314E28,-3.697314E28,-3.697314E28,Missing,-3.697314E28,-3.697314E28,-3.697314E28,Missing,-3.697314E28,-3.697314E28,-3.697314E28,Port 0x02: JJH T tibia tracker  s/n:3E4C8800,914631646,1782469460.768621622,1,OK,0.6951743,0.1635344,-0.1310198,-0.6876212,10.610,148.363,-1632.827,0.2807914,3,OK,10.343,148.268,-1632.952,OK,-71.906,182.494,-1667.885,OK,8.820,238.200,-1628.979,Port 0x03: JJH Y femur tracker  s/n:3E4C8801,914631646,1782469460.768621622,1,OK,0.9109145,0.1559449,0.0597678,-0.3772847,-226.858,146.266,-1637.568,0.5682090,3,OK,-226.500,145.613,-1637.792,OK,-211.638,239.078,-1605.067,OK,-292.978,209.066,-1616.288
3,Port 0x01: JJH Probe  s/n:3E4C880C,914631649,1782469460.818621622,1,Too Few Markers,-3.697314E28,-3.697314E28,-3.697314E28,-3.697314E28,-3.697314E28,-3.697314E28,-3.697314E28,0.0000000,3,Missing,-3.697314E28,-3.697314E28,-3.697314E28,Missing,-3.697314E28,-3.697314E28,-3.697314E28,Missing,-3.697314E28,-3.697314E28,-3.697314E28,Port 0x02: JJH T tibia tracker  s/n:3E4C8800,914631649,1782469460.818621622,1,OK,0.6938050,0.1669966,-0.1276490,-0.6888052,11.283,148.442,-1631.614,0.2811582,3,OK,11.012,148.357,-1631.741,OK,-71.186,183.044,-1666.329,OK,9.641,238.240,-1626.844,Port 0x03: JJH Y femur tracker  s/n:3E4C8801,914631649,1782469460.818621622,1,OK,0.9127906,0.1702125,0.0285217,-0.3701724,-227.873,146.237,-1644.238,0.5717520,3,OK,-227.523,145.574,-1644.444,OK,-215.290,239.013,-1610.510,OK,-295.444,208.789,-1627.478
3,Port 0x01: JJH Probe  s/n:3E4C880C,914631652,1782469460.868621622,1,Too Few Markers,-3.697314E28,-3.697314E28,-3.697314E28,-3.697314E28,-3.697314E28,-3.697314E28,-3.697314E28,0.0000000,3,Missing,-3.697314E28,-3.697314E28,-3.697314E28,Missing,-3.697314E28,-3.697314E28,-3.697314E28,Missing,-3.697314E28,-3.697314E28,-3.697314E28,Port 0x02: JJH T tibia tracker  s/n:3E4C8800,914631652,1782469460.868621622,1,OK,0.6932457,0.1703134,-0.1243806,-0.6891540,11.401,147.944,-1630.160,0.2661292,3,OK,11.148,147.854,-1630.279,OK,-71.104,182.825,-1664.559,OK,9.692,237.685,-1624.550,Port 0x03: JJH Y femur tracker  s/n:3E4C8801,914631652,1782469460.868621622,1,OK,0.9134945,0.1835634,-0.0017753,-0.3630828,-228.454,145.680,-1650.769,0.5760220,3,OK,-228.118,145.011,-1650.959,OK,-218.453,238.422,-1616.082,OK,-297.084,208.034,-1638.480
3,Port 0x01: JJH Probe  s/n:3E4C880C,914631655,1782469460.918621622,1,Too Few Markers,-3.697314E28,-3.697314E28,-3.697314E28,-3.697314E28,-3.697314E28,-3.697314E28,-3.697314E28,0.0000000,3,Missing,-3.697314E28,-3.697314E28,-3.697314E28,Missing,-3.697314E28,-3.697314E28,-3.697314E28,Missing,-3.697314E28,-3.697314E28,-3.697314E28,Port 0x02: JJH T tibia tracker  s/n:3E4C8800,914631655,1782469460.918621622,1,OK,0.6926684,0.1716022,-0.1223726,-0.6897740,11.820,148.192,-1629.557,0.2708447,3,OK,11.562,148.104,-1629.678,OK,-70.685,183.299,-1663.688,OK,10.166,237.900,-1623.510,Port 0x03: JJH Y femur tracker  s/n:3E4C8801,914631655,1782469460.918621622,1,OK,0.9130752,0.1965995,-0.0313421,-0.3558933,-228.611,145.631,-1656.782,0.5732182,3,OK,-228.295,144.957,-1656.961,OK,-221.132,238.331,-1621.280,OK,-297.988,207.800,-1648.904
3,Port 0x01: JJH Probe  s/n:3E4C880C,914631658,1782469460.968621622,1,Too Few Markers,-3.697314E28,-3.697314E28,-3.697314E28,-3.697314E28,-3.697314E28,-3.697314E28,-3.697314E28,0.0000000,3,Missing,-3.697314E28,-3.697314E28,-3.697314E28,Missing,-3.697314E28,-3.697314E28,-3.697314E28,Missing,-3.697314E28,-3.697314E28,-3.697314E28,Port 0x02: JJH T tibia tracker  s/n:3E4C8800,914631658,1782469460.968621622,1,OK,0.6932303,0.1726042,-0.1207851,-0.6892391,11.922,148.439,-1628.893,0.2646304,3,OK,11.671,148.349,-1629.011,OK,-70.707,183.462,-1662.854,OK,10.077,238.129,-1622.547,Port 0x03: JJH Y femur tracker  s/n:3E4C8801,914631658,1782469460.968621622,1,OK,0.9119329,0.2080364,-0.0578258,-0.3489346,-228.352,145.278,-1662.639,0.5862471,3,OK,-228.051,144.600,-1662.809,OK,-223.249,237.926,-1626.584,OK,-298.136,207.279,-1658.744
3,Port 0x01: JJH Probe  s/n:3E4C880C,914631661,1782469461.018621622,1,Too Few Markers,-3.697314E28,-3.697314E28,-3.697314E28,-3.697314E28,-3.697314E28,-3.697314E28,-3.697314E28,0.0000000,3,Missing,-3.697314E28,-3.697314E28,-3.697314E28,Missing,-3.697314E28,-3.697314E28,-3.697314E28,Missing,-3.697314E28,-3.697314E28,-3.697314E28,Port 0x02: JJH T tibia tracker  s/n:3E4C8800,914631661,1782469461.018621622,1,OK,0.6933230,0.1720882,-0.1201795,-0.6893807,12.123,148.525,-1628.623,0.2701279,3,OK,11.870,148.428,-1628.743,OK,-70.546,183.560,-1662.439,OK,10.272,238.213,-1622.270,Port 0x03: JJH Y femur tracker  s/n:3E4C8801,914631661,1782469461.018621622,1,OK,0.9101092,0.2187461,-0.0835939,-0.3418529,-227.845,145.055,-1667.852,0.5864511,3,OK,-227.559,144.371,-1668.017,OK,-225.034,237.685,-1631.421,OK,-297.847,206.883,-1667.894
3,Port 0x01: JJH Probe  s/n:3E4C880C,914631664,1782469461.068621622,1,Too Few Markers,-3.697314E28,-3.697314E28,-3.697314E28,-3.697314E28,-3.697314E28,-3.697314E28,-3.697314E28,0.0000000,3,Missing,-3.697314E28,-3.697314E28,-3.697314E28,Missing,-3.697314E28,-3.697314E28,-3.697314E28,Missing,-3.697314E28,-3.697314E28,-3.697314E28,Port 0x02: JJH T tibia tracker  s/n:3E4C8800,914631664,1782469461.068621622,1,OK,0.6935180,0.1719643,-0.1201121,-0.6892272,12.337,148.846,-1628.493,0.2505558,3,OK,12.101,148.756,-1628.604,OK,-70.390,183.833,-1662.308,OK,10.460,238.530,-1622.150,Port 0x03: JJH Y femur tracker  s/n:3E4C8801,914631664,1782469461.068621622,1,OK,0.9075472,0.2292949,-0.1062382,-0.3354032,-227.088,144.953,-1672.581,0.5869667,3,OK,-226.832,144.262,-1672.753,OK,-226.345,237.489,-1635.695,OK,-297.072,206.626,-1676.006
3,Port 0x01: JJH Probe  s/n:3E4C880C,914631667,1782469461.118621622,1,Too Few Markers,-3.697314E28,-3.697314E28,-3.697314E28,-3.697314E28,-3.697314E28,-3.697314E28,-3.697314E28,0.0000000,3,Missing,-3.697314E28,-3.697314E28,-3.697314E28,Missing,-3.697314E28,-3.697314E28,-3.697314E28,Missing,-3.697314E28,-3.697314E28,-3.697314E28,Port 0x02: JJH T tibia tracker  s/n:3E4C8800,914631667,1782469461.118621622,1,OK,0.6942548,0.1701886,-0.1203613,-0.6888826,12.414,148.991,-1628.610,0.2789678,3,OK,12.144,148.909,-1628.735,OK,-70.379,183.779,-1662.339,OK,10.457,238.694,-1622.547,Port 0x03: JJH Y femur tracker  s/n:3E4C8801,914631667,1782469461.118621622,1,OK,0.9049418,0.2373841,-0.1264849,-0.3297434,-226.253,144.774,-1676.694,0.5858674,3,OK,-226.005,144.085,-1676.861,OK,-227.277,237.281,-1639.709,OK,-296.052,206.371,-1683.217
3,Port 0x01: JJH Probe  s/n:3E4C880C,914631670,1782469461.168621622,1,Too Few Markers,-3.697314E28,-3.697314E28,-3.697314E28,-3.697314E28,-3.697314E28,-3.697314E28,-3.697314E28,0.0000000,3,Missing,-3.697314E28,-3.697314E28,-3.697314E28,Missing,-3.697314E28,-3.697314E28,-3.697314E28,Missing,-3.697314E28,-3.697314E28,-3.697314E28,Port 0x02: JJH T tibia tracker  s/n:3E4C8800,914631670,1782469461.168621622,1,OK,0.6949249,0.1682219,-0.1227386,-0.6882703,12.431,149.269,-1628.960,0.2598652,3,OK,12.185,149.177,-1629.074,OK,-70.383,183.811,-1662.974,OK,10.427,239.007,-1623.470,Port 0x03: JJH Y femur tracker  s/n:3E4C8801,914631670,1782469461.168621622,1,OK,0.9023327,0.2446342,-0.1438220,-0.3244458,-225.371,144.600,-1680.185,0.5883780,3,OK,-225.133,143.910,-1680.353,OK,-227.993,237.060,-1643.122,OK,-294.927,206.094,-1689.346
3,Port 0x01: JJH Probe  s/n:3E4C880C,914631673,1782469461.218621622,1,Too Few Markers,-3.697314E28,-3.697314E28,-3.697314E28,-3.697314E28,-3.697314E28,-3.697314E28,-3.697314E28,0.0000000,3,Missing,-3.697314E28,-3.697314E28,-3.697314E28,Missing,-3.697314E28,-3.697314E28,-3.697314E28,Missing,-3.697314E28,-3.697314E28,-3.697314E28,Port 0x02: JJH T tibia tracker  s/n:3E4C8800,914631673,1782469461.218621622,1,OK,0.6957916,0.1653832,-0.1249272,-0.6876886,12.537,149.506,-1629.468,0.2651306,3,OK,12.290,149.404,-1629.583,OK,-70.320,183.751,-1663.660,OK,10.481,239.287,-1624.642,Port 0x03: JJH Y femur tracker  s/n:3E4C8801,914631673,1782469461.218621622,1,OK,0.8996058,0.2510864,-0.1586038,-0.3201717,-224.326,144.511,-1683.413,0.5939144,3,OK,-224.120,143.813,-1683.598,OK,-228.251,236.935,-1646.240,OK,-293.535,205.952,-1694.779
3,Port 0x01: JJH Probe  s/n:3E4C880C,914631676,1782469461.268621622,1,Too Few Markers,-3.697314E28,-3.697314E28,-3.697314E28,-3.697314E28,-3.697314E28,-3.697314E28,-3.697314E28,0.0000000,3,Missing,-3.697314E28,-3.697314E28,-3.697314E28,Missing,-3.697314E28,-3.697314E28,-3.697314E28,Missing,-3.697314E28,-3.697314E28,-3.697314E28,Port 0x02: JJH T tibia tracker  s/n:3E4C8800,914631676,1782469461.268621622,1,OK,0.6966563,0.1636708,-0.1261618,-0.6869972,12.487,149.722,-1629.891,0.2651094,3,OK,12.239,149.622,-1630.005,OK,-70.436,183.702,-1664.185,OK,10.317,239.521,-1625.471,Port 0x03: JJH Y femur tracker  s/n:3E4C8801,914631676,1782469461.268621622,1,OK,0.8972073,0.2561428,-0.1720152,-0.3159441,-223.493,144.370,-1686.058,0.6021461,3,OK,-223.282,143.678,-1686.235,OK,-228.652,236.759,-1649.009,OK,-292.358,205.762,-1699.470
3,Port 0x01: JJH Probe  s/n:3E4C880C,914631679,1782469461.318621622,1,Too Few Markers,-3.697314E28,-3.697314E28,-3.697314E28,-3.697314E28,-3.697314E28,-3.697314E28,-3.697314E28,0.0000000,3,Missing,-3.697314E28,-3.697314E28,-3.697314E28,Missing,-3.697314E28,-3.697314E28,-3.697314E28,Missing,-3.697314E28,-3.697314E28,-3.697314E28,Port 0x02: JJH T tibia tracker  s/n:3E4C8800,914631679,1782469461.318621622,1,OK,0.6972120,0.1622339,-0.1270685,-0.6866070,12.462,149.803,-1629.986,0.2726382,3,OK,12.209,149.699,-1630.102,OK,-70.488,183.616,-1664.331,OK,10.222,239.610,-1625.888,Port 0x03: JJH Y femur tracker  s/n:3E4C8801,914631679,1782469461.318621622,1,OK,0.8948606,0.2606692,-0.1837769,-0.3122532,-222.675,144.194,-1688.326,0.5901092,3,OK,-222.473,143.513,-1688.502,OK,-228.871,236.563,-1651.361,OK,-291.200,205.530,-1703.539
3,Port 0x01: JJH Probe  s/n:3E4C880C,914631682,1782469461.368621622,1,Too Few Markers,-3.697314E28,-3.697314E28,-3.697314E28,-3.697314E28,-3.697314E28,-3.697314E28,-3.697314E28,0.0000000,3,Missing,-3.697314E28,-3.697314E28,-3.697314E28,Missing,-3.697314E28,-3.697314E28,-3.697314E28,Missing,-3.697314E28,-3.697314E28,-3.697314E28,Port 0x02: JJH T tibia tracker  s/n:3E4C8800,914631682,1782469461.368621622,1,OK,0.6975851,0.1619274,-0.1274215,-0.6862349,12.442,150.001,-1630.090,0.2669350,3,OK,12.188,149.908,-1630.206,OK,-70.553,183.691,-1664.490,OK,10.147,239.814,-1626.084,Port 0x03: JJH Y femur tracker  s/n:3E4C8801,914631682,1782469461.368621622,1,OK,0.8924532,0.2652614,-0.1938855,-0.3091474,-221.922,144.201,-1690.326,0.5826437,3,OK,-221.732,143.512,-1690.513,OK,-228.999,236.532,-1653.293,OK,-290.114,205.504,-1707.042
3,Port 0x01: JJH Probe  s/n:3E4C880C,914631685,1782469461.418621622,1,Too Few Markers,-3.697314E28,-3.697314E28,-3.697314E28,-3.697314E28,-3.697314E28,-3.697314E28,-3.697314E28,0.0000000,3,Missing,-3.697314E28,-3.697314E28,-3.697314E28,Missing,-3.697314E28,-3.697314E28,-3.697314E28,Missing,-3.697314E28,-3.697314E28,-3.697314E28,Port 0x02: JJH T tibia tracker  s/n:3E4C8800,914631685,1782469461.418621622,1,OK,0.6980559,0.1615463,-0.1272049,-0.6858860,12.407,150.069,-1630.203,0.2803118,3,OK,12.137,149.978,-1630.325,OK,-70.640,183.643,-1664.545,OK,10.019,239.888,-1626.236,Port 0x03: JJH Y femur tracker  s/n:3E4C8801,914631685,1782469461.418621622,1,OK,0.8908047,0.2677954,-0.2019246,-0.3065600,-221.245,144.078,-1691.886,0.5929501,3,OK,-221.052,143.403,-1692.063,OK,-229.051,236.394,-1655.080,OK,-289.106,205.370,-1709.822
3,Port 0x01: JJH Probe  s/n:3E4C880C,914631688,1782469461.468621622,1,Too Few Markers,-3.697314E28,-3.697314E28,-3.697314E28,-3.697314E28,-3.697314E28,-3.697314E28,-3.697314E28,0.0000000,3,Missing,-3.697314E28,-3.697314E28,-3.697314E28,Missing,-3.697314E28,-3.697314E28,-3.697314E28,Missing,-3.697314E28,-3.697314E28,-3.697314E28,Port 0x02: JJH T tibia tracker  s/n:3E4C8800,914631688,1782469461.468621622,1,OK,0.6982926,0.1608307,-0.1282831,-0.6856124,12.327,150.177,-1630.110,0.2639157,3,OK,12.078,150.081,-1630.224,OK,-70.720,183.659,-1664.591,OK,9.914,239.995,-1626.385,Port 0x03: JJH Y femur tracker  s/n:3E4C8801,914631688,1782469461.468621622,1,OK,0.8888978,0.2713097,-0.2088013,-0.3043907,-220.609,144.056,-1693.444,0.5905631,3,OK,-220.437,143.375,-1693.639,OK,-229.039,236.329,-1656.537,OK,-288.192,205.324,-1712.365
3,Port 0x01: JJH Probe  s/n:3E4C880C,914631691,1782469461.518621622,1,Too Few Markers,-3.697314E28,-3.697314E28,-3.697314E28,-3.697314E28,-3.697314E28,-3.697314E28,-3.697314E28,0.0000000,3,Missing,-3.697314E28,-3.697314E28,-3.697314E28,Missing,-3.697314E28,-3.697314E28,-3.697314E28,Missing,-3.697314E28,-3.697314E28,-3.697314E28,Port 0x02: JJH T tibia tracker  s/n:3E4C8800,914631691,1782469461.518621622,1,OK,0.6987278,0.1605591,-0.1278645,-0.6853108,12.242,150.210,-1630.161,0.2781903,3,OK,11.979,150.110,-1630.281,OK,-70.858,183.598,-1664.554,OK,9.731,240.033,-1626.436,Port 0x03: JJH Y femur tracker  s/n:3E4C8801,914631691,1782469461.518621622,1,OK,0.8874391,0.2731376,-0.2157172,-0.3021818,-220.085,143.928,-1694.530,0.5885100,3,OK,-219.899,143.258,-1694.709,OK,-229.091,236.212,-1657.879,OK,-287.372,205.191,-1714.534
3,Port 0x01: JJH Probe  s/n:3E4C880C,914631694,1782469461.568621619,1,Too Few Markers,-3.697314E28,-3.697314E28,-3.697314E28,-3.697314E28,-3.697314E28,-3.697314E28,-3.697314E28,0.0000000,3,Missing,-3.697314E28,-3.697314E28,-3.697314E28,Missing,-3.697314E28,-3.697314E28,-3.697314E28,Missing,-3.697314E28,-3.697314E28,-3.697314E28,Port 0x02: JJH T tibia tracker  s/n:3E4C8800,914631694,1782469461.568621619,1,OK,0.6978830,0.1618543,-0.1271090,-0.6860072,12.144,150.230,-1629.543,0.2597000,3,OK,11.905,150.124,-1629.654,OK,-70.900,183.872,-1663.895,OK,9.768,240.040,-1625.526,Port 0x03: JJH Y femur tracker  s/n:3E4C8801,914631694,1782469461.568621619,1,OK,0.8855786,0.2737031,-0.2198006,-0.3041788,-219.053,144.900,-1695.339,0.5858217,3,OK,-218.893,144.237,-1695.530,OK,-227.708,237.246,-1658.702,OK,-285.764,206.592,-1715.804
3,Port 0x01: JJH Probe  s/n:3E4C880C,914631697,1782469461.618621619,1,Too Few Markers,-3.697314E28,-3.697314E28,-3.697314E28,-3.697314E28,-3.697314E28,-3.697314E28,-3.697314E28,0.0000000,3,Missing,-3.697314E28,-3.697314E28,-3.697314E28,Missing,-3.697314E28,-3.697314E28,-3.697314E28,Missing,-3.697314E28,-3.697314E28,-3.697314E28,Port 0x02: JJH T tibia tracker  s/n:3E4C8800,914631697,1782469461.618621619,1,OK,0.6975857,0.1648894,-0.1230107,-0.6863338,12.553,150.052,-1628.520,0.2867653,3,OK,12.286,149.945,-1628.643,OK,-70.549,183.930,-1662.384,OK,10.063,239.821,-1623.601,Port 0x03: JJH Y femur tracker  s/n:3E4C8801,914631697,1782469461.618621619,1,OK,0.8862802,0.2734509,-0.2179983,-0.3036591,-219.151,144.540,-1694.947,0.5907894,3,OK,-218.970,143.863,-1695.130,OK,-227.889,236.858,-1658.282,OK,-286.089,206.105,-1715.190
3,Port 0x01: JJH Probe  s/n:3E4C880C,914631700,1782469461.668621619,1,Too Few Markers,-3.697314E28,-3.697314E28,-3.697314E28,-3.697314E28,-3.697314E28,-3.697314E28,-3.697314E28,0.0000000,3,Missing,-3.697314E28,-3.697314E28,-3.697314E28,Missing,-3.697314E28,-3.697314E28,-3.697314E28,Missing,-3.697314E28,-3.697314E28,-3.697314E28,Port 0x02: JJH T tibia tracker  s/n:3E4C8800,914631700,1782469461.668621619,1,OK,0.6989532,0.1610478,-0.1272569,-0.6850793,12.242,150.283,-1629.758,0.2665422,3,OK,12.001,150.167,-1629.870,OK,-70.902,183.659,-1664.094,OK,9.631,240.095,-1625.916,Port 0x03: JJH Y femur tracker  s/n:3E4C8801,914631700,1782469461.668621619,1,OK,0.8877087,0.2726341,-0.2152795,-0.3021566,-219.992,143.913,-1694.490,0.5952056,3,OK,-219.815,143.249,-1694.672,OK,-228.991,236.217,-1657.915,OK,-287.292,205.144,-1714.445
3,Port 0x01: JJH Probe  s/n:3E4C880C,914631703,1782469461.718621619,1,Too Few Markers,-3.697314E28,-3.697314E28,-3.697314E28,-3.697314E28,-3.697314E28,-3.697314E28,-3.697314E28,0.0000000,3,Missing,-3.697314E28,-3.697314E28,-3.697314E28,Missing,-3.697314E28,-3.697314E28,-3.697314E28,Missing,-3.697314E28,-3.697314E28,-3.697314E28,Port 0x02: JJH T tibia tracker  s/n:3E4C8800,914631703,1782469461.718621619,1,OK,0.6993249,0.1608041,-0.1274116,-0.6847285,12.016,150.506,-1630.204,0.2687882,3,OK,11.763,150.405,-1630.320,OK,-71.167,183.764,-1664.561,OK,9.344,240.320,-1626.422,Port 0x03: JJH Y femur tracker  s/n:3E4C8801,914631703,1782469461.718621619,1,OK,0.8888201,0.2721435,-0.2110608,-0.3023080,-220.754,143.715,-1693.775,0.5891523,3,OK,-220.580,143.052,-1693.962,OK,-229.666,235.964,-1657.008,OK,-288.378,204.792,-1713.107
3,Port 0x01: JJH Probe  s/n:3E4C880C,914631706,1782469461.768621619,1,Too Few Markers,-3.697314E28,-3.697314E28,-3.697314E28,-3.697314E28,-3.697314E28,-3.697314E28,-3.697314E28,0.0000000,3,Missing,-3.697314E28,-3.697314E28,-3.697314E28,Missing,-3.697314E28,-3.697314E28,-3.697314E28,Missing,-3.697314E28,-3.697314E28,-3.697314E28,Port 0x02: JJH T tibia tracker  s/n:3E4C8800,914631706,1782469461.768621619,1,OK,0.6996400,0.1601432,-0.1279330,-0.6844641,11.925,150.610,-1630.640,0.2851059,3,OK,11.652,150.514,-1630.764,OK,-71.261,183.758,-1665.035,OK,9.214,240.435,-1627.018,Port 0x03: JJH Y femur tracker  s/n:3E4C8801,914631706,1782469461.768621619,1,OK,0.8909542,0.2688595,-0.2031734,-0.3043614,-221.536,143.682,-1692.366,0.6039785,3,OK,-221.346,142.999,-1692.551,OK,-229.847,235.974,-1655.578,OK,-289.541,204.718,-1710.554
3,Port 0x01: JJH Probe  s/n:3E4C880C,914631709,1782469461.818621619,1,Too Few Markers,-3.697314E28,-3.697314E28,-3.697314E28,-3.697314E28,-3.697314E28,-3.697314E28,-3.697314E28,0.0000000,3,Missing,-3.697314E28,-3.697314E28,-3.697314E28,Missing,-3.697314E28,-3.697314E28,-3.697314E28,Missing,-3.697314E28,-3.697314E28,-3.697314E28,Port 0x02: JJH T tibia tracker  s/n:3E4C8800,914631709,1782469461.818621619,1,OK,0.6994968,0.1602903,-0.1288079,-0.6844120,11.886,150.727,-1630.739,0.2557211,3,OK,11.650,150.622,-1630.847,OK,-71.269,183.890,-1665.302,OK,9.197,240.546,-1627.210,Port 0x03: JJH Y femur tracker  s/n:3E4C8801,914631709,1782469461.818621619,1,OK,0.8933624,0.2645936,-0.1906830,-0.3090855,-222.490,143.927,-1689.961,0.5983294,3,OK,-222.315,143.229,-1690.163,OK,-229.540,236.251,-1652.858,OK,-290.887,205.083,-1706.203
3,Port 0x01: JJH Probe  s/n:3E4C880C,914631712,1782469461.868621619,1,Too Few Markers,-3.697314E28,-3.697314E28,-3.697314E28,-3.697314E28,-3.697314E28,-3.697314E28,-3.697314E28,0.0000000,3,Missing,-3.697314E28,-3.697314E28,-3.697314E28,Missing,-3.697314E28,-3.697314E28,-3.697314E28,Missing,-3.697314E28,-3.697314E28,-3.697314E28,Port 0x02: JJH T tibia tracker  s/n:3E4C8800,914631712,1782469461.868621619,1,OK,0.6987859,0.1622144,-0.1271310,-0.6849981,11.881,150.533,-1630.297,0.2632051,3,OK,11.635,150.431,-1630.411,OK,-71.232,183.939,-1664.703,OK,9.262,240.337,-1626.286,Port 0x03: JJH Y femur tracker  s/n:3E4C8801,914631712,1782469461.868621619,1,OK,0.8968748,0.2573864,-0.1740349,-0.3147691,-223.605,144.132,-1686.492,0.6047888,3,OK,-223.392,143.427,-1686.675,OK,-229.062,236.507,-1649.389,OK,-292.492,205.439,-1700.223
3,Port 0x01: JJH Probe  s/n:3E4C880C,914631715,1782469461.918621619,1,Too Few Markers,-3.697314E28,-3.697314E28,-3.697314E28,-3.697314E28,-3.697314E28,-3.697314E28,-3.697314E28,0.0000000,3,Missing,-3.697314E28,-3.697314E28,-3.697314E28,Missing,-3.697314E28,-3.697314E28,-3.697314E28,Missing,-3.697314E28,-3.697314E28,-3.697314E28,Port 0x02: JJH T tibia tracker  s/n:3E4C8800,914631715,1782469461.918621619,1,OK,0.6980939,0.1646041,-0.1246937,-0.6855814,11.960,150.512,-1629.906,0.2763204,3,OK,11.707,150.399,-1630.024,OK,-71.126,184.195,-1664.054,OK,9.363,240.294,-1625.266,Port 0x03: JJH Y femur tracker  s/n:3E4C8801,914631715,1782469461.918621619,1,OK,0.9007576,0.2488274,-0.1539211,-0.3209811,-224.844,144.449,-1682.407,0.6082819,3,OK,-224.616,143.748,-1682.583,OK,-228.487,236.889,-1645.351,OK,-294.221,205.846,-1693.103
3,Port 0x01: JJH Probe  s/n:3E4C880C,914631718,1782469461.968621619,1,Too Few Markers,-3.697314E28,-3.697314E28,-3.697314E28,-3.697314E28,-3.697314E28,-3.697314E28,-3.697314E28,0.0000000,3,Missing,-3.697314E28,-3.697314E28,-3.697314E28,Missing,-3.697314E28,-3.697314E28,-3.697314E28,Missing,-3.697314E28,-3.697314E28,-3.697314E28,Port 0x02: JJH T tibia tracker  s/n:3E4C8800,914631718,1782469461.968621619,1,OK,0.6973718,0.1660728,-0.1232377,-0.6862251,12.068,150.496,-1629.556,0.2789733,3,OK,11.805,150.400,-1629.677,OK,-70.970,184.417,-1663.543,OK,9.559,240.243,-1624.520,Port 0x03: JJH Y femur tracker  s/n:3E4C8801,914631718,1782469461.968621619,1,OK,0.9040743,0.2400063,-0.1318876,-0.3281040,-225.949,144.759,-1677.895,0.5933396,3,OK,-225.710,144.061,-1678.069,OK,-227.486,237.241,-1640.811,OK,-295.676,206.322,-1685.214
3,Port 0x01: JJH Probe  s/n:3E4C880C,914631721,1782469462.018621619,1,Too Few Markers,-3.697314E28,-3.697314E28,-3.697314E28,-3.697314E28,-3.697314E28,-3.697314E28,-3.697314E28,0.0000000,3,Missing,-3.697314E28,-3.697314E28,-3.697314E28,Missing,-3.697314E28,-3.697314E28,-3.697314E28,Missing,-3.697314E28,-3.697314E28,-3.697314E28,Port 0x02: JJH T tibia tracker  s/n:3E4C8800,914631721,1782469462.018621619,1,OK,0.6973716,0.1665600,-0.1233204,-0.6860924,12.012,150.316,-1629.975,0.2636795,3,OK,11.762,150.225,-1630.091,OK,-71.038,184.224,-1664.027,OK,9.494,240.063,-1624.884,Port 0x03: JJH Y femur tracker  s/n:3E4C8801,914631721,1782469462.018621619,1,OK,0.9072375,0.2304262,-0.1085235,-0.3347335,-226.971,144.795,-1673.110,0.5887121,3,OK,-226.724,144.109,-1673.283,OK,-226.455,237.310,-1636.178,OK,-296.924,206.451,-1676.864
3,Port 0x01: JJH Probe  s/n:3E4C880C,914631724,1782469462.068621619,1,Too Few Markers,-3.697314E28,-3.697314E28,-3.697314E28,-3.697314E28,-3.697314E28,-3.697314E28,-3.697314E28,0.0000000,3,Missing,-3.697314E28,-3.697314E28,-3.697314E28,Missing,-3.697314E28,-3.697314E28,-3.697314E28,Missing,-3.697314E28,-3.697314E28,-3.697314E28,Port 0x02: JJH T tibia tracker  s/n:3E4C8800,914631724,1782469462.068621619,1,OK,0.6975162,0.1655877,-0.1237856,-0.6860970,11.917,150.424,-1630.436,0.2711974,3,OK,11.670,150.312,-1630.552,OK,-71.134,184.296,-1664.489,OK,9.399,240.187,-1625.536,Port 0x03: JJH Y femur tracker  s/n:3E4C8801,914631724,1782469462.068621619,1,OK,0.9098806,0.2196271,-0.0852174,-0.3414957,-227.784,144.966,-1668.046,0.5749695,3,OK,-227.502,144.302,-1668.203,OK,-225.106,237.559,-1631.561,OK,-297.774,206.795,-1668.316
3,Port 0x01: JJH Probe  s/n:3E4C880C,914631727,1782469462.118621619,1,Too Few Markers,-3.697314E28,-3.697314E28,-3.697314E28,-3.697314E28,-3.697314E28,-3.697314E28,-3.697314E28,0.0000000,3,Missing,-3.697314E28,-3.697314E28,-3.697314E28,Missing,-3.697314E28,-3.697314E28,-3.697314E28,Missing,-3.697314E28,-3.697314E28,-3.697314E28,Port 0x02: JJH T tibia tracker  s/n:3E4C8800,914631727,1782469462.118621619,1,OK,0.6975366,0.1657600,-0.1239479,-0.6860053,11.810,150.427,-1630.960,0.2708570,3,OK,11.555,150.327,-1631.078,OK,-71.239,184.272,-1665.058,OK,9.293,240.191,-1626.054,Port 0x03: JJH Y femur tracker  s/n:3E4C8801,914631727,1782469462.118621619,1,OK,0.9117071,0.2095940,-0.0598611,-0.3482487,-228.264,145.227,-1663.013,0.5914459,3,OK,-227.974,144.539,-1663.191,OK,-223.388,237.845,-1626.793,OK,-298.080,207.186,-1659.385
3,Port 0x01: JJH Probe  s/n:3E4C880C,914631730,1782469462.168621619,1,Too Few Markers,-3.697314E28,-3.697314E28,-3.697314E28,-3.697314E28,-3.697314E28,-3.697314E28,-3.697314E28,0.0000000,3,Missing,-3.697314E28,-3.697314E28,-3.697314E28,Missing,-3.697314E28,-3.697314E28,-3.697314E28,Missing,-3.697314E28,-3.697314E28,-3.697314E28,Port 0x02: JJH T tibia tracker  s/n:3E4C8800,914631730,1782469462.168621619,1,OK,0.6974989,0.1663533,-0.1241547,-0.6858626,11.796,150.368,-1631.238,0.2642489,3,OK,11.549,150.266,-1631.353,OK,-71.233,184.212,-1665.420,OK,9.257,240.131,-1626.287,Port 0x03: JJH Y femur tracker  s/n:3E4C8801,914631730,1782469462.168621619,1,OK,0.9129121,0.1988402,-0.0354521,-0.3546790,-228.420,145.268,-1657.751,0.5812494,3,OK,-228.111,144.585,-1657.933,OK,-221.355,237.943,-1622.072,OK,-297.884,207.384,-1650.462
3,Port 0x01: JJH Probe  s/n:3E4C880C,914631733,1782469462.218621619,1,Too Few Markers,-3.697314E28,-3.697314E28,-3.697314E28,-3.697314E28,-3.697314E28,-3.697314E28,-3.697314E28,0.0000000,3,Missing,-3.697314E28,-3.697314E28,-3.697314E28,Missing,-3.697314E28,-3.697314E28,-3.697314E28,Missing,-3.697314E28,-3.697314E28,-3.697314E28,Port 0x02: JJH T tibia tracker  s/n:3E4C8800,914631733,1782469462.218621619,1,OK,0.6970473,0.1675850,-0.1240704,-0.6860370,11.518,150.368,-1631.092,0.2520691,3,OK,11.286,150.265,-1631.202,OK,-71.448,184.334,-1665.345,OK,9.015,240.114,-1625.965,Port 0x03: JJH Y femur tracker  s/n:3E4C8801,914631733,1782469462.218621619,1,OK,0.9131948,0.1885151,-0.0116396,-0.3611119,-228.372,145.778,-1652.556,0.5655317,3,OK,-228.052,145.108,-1652.744,OK,-219.110,238.474,-1617.457,OK,-297.246,208.100,-1641.688
3,Port 0x01: JJH Probe  s/n:3E4C880C,914631736,1782469462.268621619,1,Too Few Markers,-3.697314E28,-3.697314E28,-3.697314E28,-3.697314E28,-3.697314E28,-3.697314E28,-3.697314E28,0.0000000,3,Missing,-3.697314E28,-3.697314E28,-3.697314E28,Missing,-3.697314E28,-3.697314E28,-3.697314E28,Missing,-3.697314E28,-3.697314E28,-3.697314E28,Port 0x02: JJH T tibia tracker  s/n:3E4C8800,914631736,1782469462.268621619,1,OK,0.6970009,0.1683759,-0.1243800,-0.6858345,11.364,150.272,-1631.269,0.2606899,3,OK,11.123,150.170,-1631.383,OK,-71.551,184.228,-1665.629,OK,8.829,240.021,-1626.086,Port 0x03: JJH Y femur tracker  s/n:3E4C8801,914631736,1782469462.268621619,1,OK,0.9131048,0.1776212,0.0129893,-0.3667718,-228.056,145.762,-1647.525,0.5720711,3,OK,-227.720,145.091,-1647.726,OK,-216.747,238.494,-1613.177,OK,-296.185,208.221,-1633.010
3,Port 0x01: JJH Probe  s/n:3E4C880C,914631739,1782469462.318621619,1,Too Few Markers,-3.697314E28,-3.697314E28,-3.697314E28,-3.697314E28,-3.697314E28,-3.697314E28,-3.697314E28,0.0000000,3,Missing,-3.697314E28,-3.697314E28,-3.697314E28,Missing,-3.697314E28,-3.697314E28,-3.697314E28,Missing,-3.697314E28,-3.697314E28,-3.697314E28,Port 0x02: JJH T tibia tracker  s/n:3E4C8800,914631739,1782469462.318621619,1,OK,0.6967049,0.1689828,-0.1246623,-0.6859347,11.107,150.050,-1631.215,0.2586187,3,OK,10.869,149.947,-1631.328,OK,-71.743,184.073,-1665.658,OK,8.601,239.791,-1625.987,Port 0x03: JJH Y femur tracker  s/n:3E4C8801,914631739,1782469462.318621619,1,OK,0.9124040,0.1667241,0.0363947,-0.3720181,-227.482,145.925,-1642.474,0.5700096,3,OK,-227.130,145.268,-1642.684,OK,-214.232,238.701,-1609.024,OK,-294.708,208.541,-1624.560
3,Port 0x01: JJH Probe  s/n:3E4C880C,914631742,1782469462.368621619,1,Too Few Markers,-3.697314E28,-3.697314E28,-3.697314E28,-3.697314E28,-3.697314E28,-3.697314E28,-3.697314E28,0.0000000,3,Missing,-3.697314E28,-3.697314E28,-3.697314E28,Missing,-3.697314E28,-3.697314E28,-3.697314E28,Missing,-3.697314E28,-3.697314E28,-3.697314E28,Port 0x02: JJH T tibia tracker  s/n:3E4C8800,914631742,1782469462.368621619,1,OK,0.6966966,0.1695849,-0.1243677,-0.6858480,11.082,150.113,-1631.523,0.2695746,3,OK,10.835,150.004,-1631.641,OK,-71.754,184.145,-1665.957,OK,8.540,239.855,-1626.186,Port 0x03: JJH Y femur tracker  s/n:3E4C8801,914631742,1782469462.368621619,1,OK,0.9108676,0.1565124,0.0591190,-0.3772651,-226.507,146.120,-1637.620,0.5676104,3,OK,-226.149,145.467,-1637.844,OK,-211.310,238.912,-1605.041,OK,-292.647,208.924,-1616.411
3,Port 0x01: JJH Probe  s/n:3E4C880C,914631745,1782469462.418621619,1,Too Few Markers,-3.697314E28,-3.697314E28,-3.697314E28,-3.697314E28,-3.697314E28,-3.697314E28,-3.697314E28,0.0000000,3,Missing,-3.697314E28,-3.697314E28,-3.697314E28,Missing,-3.697314E28,-3.697314E28,-3.697314E28,Missing,-3.697314E28,-3.697314E28,-3.697314E28,Port 0x02: JJH T tibia tracker  s/n:3E4C8800,914631745,1782469462.418621619,1,OK,0.6967039,0.1696495,-0.1244713,-0.6858059,10.750,150.070,-1631.731,0.2746738,3,OK,10.495,149.964,-1631.852,OK,-72.077,184.089,-1666.187,OK,8.207,239.816,-1626.398,Port 0x03: JJH Y femur tracker  s/n:3E4C8801,914631745,1782469462.418621619,1,OK,0.9089049,0.1468039,0.0812467,-0.3817583,-225.519,146.305,-1632.972,0.5705556,3,OK,-225.156,145.654,-1633.212,OK,-208.563,239.095,-1601.272,OK,-290.479,209.236,-1608.588
3,Port 0x01: JJH Probe  s/n:3E4C880C,914631748,1782469462.468621619,1,Too Few Markers,-3.697314E28,-3.697314E28,-3.697314E28,-3.697314E28,-3.697314E28,-3.697314E28,-3.697314E28,0.0000000,3,Missing,-3.697314E28,-3.697314E28,-3.697314E28,Missing,-3.697314E28,-3.697314E28,-3.697314E28,Missing,-3.697314E28,-3.697314E28,-3.697314E28,Port 0x02: JJH T tibia tracker  s/n:3E4C8800,914631748,1782469462.468621619,1,OK,0.6965420,0.1699264,-0.1254318,-0.6857267,10.439,149.982,-1631.739,0.2507254,3,OK,10.207,149.883,-1631.850,OK,-72.345,184.006,-1666.387,OK,7.927,239.723,-1626.489,Port 0x03: JJH Y femur tracker  s/n:3E4C8801,914631748,1782469462.468621619,1,OK,0.9065389,0.1367674,0.1022441,-0.3860416,-224.285,146.463,-1628.446,0.5622249,3,OK,-223.920,145.835,-1628.695,OK,-205.649,239.271,-1597.805,OK,-287.953,209.561,-1601.147
3,Port 0x01: JJH Probe  s/n:3E4C880C,914631751,1782469462.518621619,1,Too Few Markers,-3.697314E28,-3.697314E28,-3.697314E28,-3.697314E28,-3.697314E28,-3.697314E28,-3.697314E28,0.0000000,3,Missing,-3.697314E28,-3.697314E28,-3.697314E28,Missing,-3.697314E28,-3.697314E28,-3.697314E28,Missing,-3.697314E28,-3.697314E28,-3.697314E28,Port 0x02: JJH T tibia tracker  s/n:3E4C8800,914631751,1782469462.518621619,1,OK,0.6966133,0.1689743,-0.1257908,-0.6858238,10.275,150.019,-1632.047,0.2657889,3,OK,10.035,149.905,-1632.162,OK,-72.495,184.024,-1666.672,OK,7.781,239.774,-1626.968,Port 0x03: JJH Y femur tracker  s/n:3E4C8801,914631751,1782469462.518621619,1,OK,0.9036437,0.1280696,0.1222593,-0.3899729,-222.860,146.741,-1624.326,0.5774611,3,OK,-222.489,146.103,-1624.596,OK,-202.654,239.521,-1594.586,OK,-285.158,209.990,-1594.226
3,Port 0x01: JJH Probe  s/n:3E4C880C,914631754,1782469462.568621622,1,Too Few Markers,-3.697314E28,-3.697314E28,-3.697314E28,-3.697314E28,-3.697314E28,-3.697314E28,-3.697314E28,0.0000000,3,Missing,-3.697314E28,-3.697314E28,-3.697314E28,Missing,-3.697314E28,-3.697314E28,-3.697314E28,Missing,-3.697314E28,-3.697314E28,-3.697314E28,Port 0x02: JJH T tibia tracker  s/n:3E4C8800,914631754,1782469462.568621622,1,OK,0.6971570,0.1680797,-0.1270359,-0.6852614,9.407,149.689,-1631.983,0.2629426,3,OK,9.167,149.578,-1632.098,OK,-73.391,183.496,-1666.774,OK,6.849,239.466,-1627.191,Port 0x03: JJH Y femur tracker  s/n:3E4C8801,914631754,1782469462.568621622,1,OK,0.9005132,0.1187617,0.1420622,-0.3934336,-221.341,146.976,-1620.166,0.5719847,3,OK,-220.977,146.352,-1620.447,OK,-199.667,239.767,-1591.500,OK,-282.189,210.339,-1587.401
3,Port 0x01: JJH Probe  s/n:3E4C880C,914631757,1782469462.618621622,1,Too Few Markers,-3.697314E28,-3.697314E28,-3.697314E28,-3.697314E28,-3.697314E28,-3.697314E28,-3.697314E28,0.0000000,3,Missing,-3.697314E28,-3.697314E28,-3.697314E28,Missing,-3.697314E28,-3.697314E28,-3.697314E28,Missing,-3.697314E28,-3.697314E28,-3.697314E28,Port 0x02: JJH T tibia tracker  s/n:3E4C8800,914631757,1782469462.618621622,1,OK,0.6968070,0.1645478,-0.1293457,-0.6860421,9.614,149.616,-1632.754,0.2692962,3,OK,9.360,149.520,-1632.873,OK,-73.126,183.411,-1667.655,OK,7.360,239.429,-1628.654,Port 0x03: JJH Y femur tracker  s/n:3E4C8801,914631757,1782469462.618621622,1,OK,0.8968895,0.1106550,0.1609405,-0.3967906,-219.673,147.215,-1616.353,0.5814986,3,OK,-219.316,146.584,-1616.654,OK,-196.597,239.959,-1588.619,OK,-278.975,210.701,-1581.036
3,Port 0x01: JJH Probe  s/n:3E4C880C,914631760,1782469462.668621622,1,Too Few Markers,-3.697314E28,-3.697314E28,-3.697314E28,-3.697314E28,-3.697314E28,-3.697314E28,-3.697314E28,0.0000000,3,Missing,-3.697314E28,-3.697314E28,-3.697314E28,Missing,-3.697314E28,-3.697314E28,-3.697314E28,Missing,-3.697314E28,-3.697314E28,-3.697314E28,Port 0x02: JJH T tibia tracker  s/n:3E4C8800,914631760,1782469462.668621622,1,OK,0.6975056,0.1633834,-0.1312768,-0.6852431,9.245,149.750,-1633.186,0.2547710,3,OK,9.020,149.628,-1633.292,OK,-73.503,183.311,-1668.346,OK,6.865,239.578,-1629.520,Port 0x03: JJH Y femur tracker  s/n:3E4C8801,914631760,1782469462.668621622,1,OK,0.8932084,0.1027648,0.1786647,-0.3996211,-217.983,147.282,-1612.744,0.5885897,3,OK,-217.626,146.652,-1613.060,OK,-193.661,239.989,-1585.977,OK,-275.761,210.866,-1575.097
3,Port 0x01: JJH Probe  s/n:3E4C880C,914631763,1782469462.718621622,1,Too Few Markers,-3.697314E28,-3.697314E28,-3.697314E28,-3.697314E28,-3.697314E28,-3.697314E28,-3.697314E28,0.0000000,3,Missing,-3.697314E28,-3.697314E28,-3.697314E28,Missing,-3.697314E28,-3.697314E28,-3.697314E28,Missing,-3.697314E28,-3.697314E28,-3.697314E28,Port 0x02: JJH T tibia tracker  s/n:3E4C8800,914631763,1782469462.718621622,1,OK,0.6975334,0.1627684,-0.1310025,-0.6854138,9.225,149.985,-1633.128,0.2745279,3,OK,8.969,149.881,-1633.247,OK,-73.538,183.533,-1668.188,OK,6.884,239.818,-1629.494,Port 0x03: JJH Y femur tracker  s/n:3E4C8801,914631763,1782469462.718621622,1,OK,0.8892437,0.0945485,0.1958343,-0.4024366,-216.071,147.738,-1609.283,0.5917619,3,OK,-215.718,147.115,-1609.614,OK,-190.549,240.422,-1583.608,OK,-272.239,211.468,-1569.468
3,Port 0x01: JJH Probe  s/n:3E4C880C,914631766,1782469462.768621622,1,Too Few Markers,-3.697314E28,-3.697314E28,-3.697314E28,-3.697314E28,-3.697314E28,-3.697314E28,-3.697314E28,0.0000000,3,Missing,-3.697314E28,-3.697314E28,-3.697314E28,Missing,-3.697314E28,-3.697314E28,-3.697314E28,Missing,-3.697314E28,-3.697314E28,-3.697314E28,Port 0x02: JJH T tibia tracker  s/n:3E4C8800,914631766,1782469462.768621622,1,OK,0.6969581,0.1641612,-0.1303106,-0.6857986,9.689,150.482,-1632.729,0.2570208,3,OK,9.453,150.375,-1632.840,OK,-73.041,184.207,-1667.774,OK,7.415,240.303,-1628.811,Port 0x03: JJH Y femur tracker  s/n:3E4C8801,914631766,1782469462.768621622,1,OK,0.8852155,0.0874125,0.2117610,-0.4048579,-214.235,147.766,-1606.247,0.5919210,3,OK,-213.895,147.142,-1606.589,OK,-187.639,240.408,-1581.517,OK,-268.820,211.594,-1564.435
3,Port 0x01: JJH Probe  s/n:3E4C880C,914631769,1782469462.818621622,1,Too Few Markers,-3.697314E28,-3.697314E28,-3.697314E28,-3.697314E28,-3.697314E28,-3.697314E28,-3.697314E28,0.0000000,3,Missing,-3.697314E28,-3.697314E28,-3.697314E28,Missing,-3.697314E28,-3.697314E28,-3.697314E28,Missing,-3.697314E28,-3.697314E28,-3.697314E28,Port 0x02: JJH T tibia tracker  s/n:3E4C8800,914631769,1782469462.818621622,1,OK,0.6963889,0.1672956,-0.1266586,-0.6863034,9.396,150.393,-1631.744,0.2679464,3,OK,9.148,150.287,-1631.861,OK,-73.362,184.412,-1666.385,OK,7.072,240.171,-1626.956,Port 0x03: JJH Y femur tracker  s/n:3E4C8801,914631769,1782469462.818621622,1,OK,0.8810691,0.0800288,0.2271749,-0.4070678,-212.369,147.974,-1603.264,0.5884132,3,OK,-212.051,147.349,-1603.616,OK,-184.774,240.606,-1579.568,OK,-265.349,211.906,-1559.601
3,Port 0x01: JJH Probe  s/n:3E4C880C,914631772,1782469462.868621622,1,Too Few Markers,-3.697314E28,-3.697314E28,-3.697314E28,-3.697314E28,-3.697314E28,-3.697314E28,-3.697314E28,0.0000000,3,Missing,-3.697314E28,-3.697314E28,-3.697314E28,Missing,-3.697314E28,-3.697314E28,-3.697314E28,Missing,-3.697314E28,-3.697314E28,-3.697314E28,Port 0x02: JJH T tibia tracker  s/n:3E4C8800,914631772,1782469462.868621622,1,OK,0.6954459,0.1694877,-0.1240244,-0.6872021,9.862,150.535,-1630.694,0.2676994,3,OK,9.611,150.439,-1630.813,OK,-72.884,184.889,-1665.030,OK,7.647,240.275,-1625.254,Port 0x03: JJH Y femur tracker  s/n:3E4C8801,914631772,1782469462.868621622,1,OK,0.8768218,0.0730645,0.2418744,-0.4090744,-210.414,148.080,-1600.416,0.5899440,3,OK,-210.109,147.453,-1600.778,OK,-181.891,240.686,-1577.720,OK,-261.800,212.111,-1555.020
3,Port 0x01: JJH Probe  s/n:3E4C880C,914631775,1782469462.918621622,1,Too Few Markers,-3.697314E28,-3.697314E28,-3.697314E28,-3.697314E28,-3.697314E28,-3.697314E28,-3.697314E28,0.0000000,3,Missing,-3.697314E28,-3.697314E28,-3.697314E28,Missing,-3.697314E28,-3.697314E28,-3.697314E28,Missing,-3.697314E28,-3.697314E28,-3.697314E28,Port 0x02: JJH T tibia tracker  s/n:3E4C8800,914631775,1782469462.918621622,1,OK,0.6954072,0.1713407,-0.1226179,-0.6870343,9.719,150.862,-1630.445,0.2575855,3,OK,9.481,150.760,-1630.558,OK,-73.066,185.276,-1664.691,OK,7.409,240.581,-1624.599,Port 0x03: JJH Y femur tracker  s/n:3E4C8801,914631775,1782469462.918621622,1,OK,0.8722342,0.0658711,0.2567601,-0.4110265,-208.370,148.361,-1597.690,0.5880994,3,OK,-208.074,147.740,-1598.061,OK,-178.943,240.929,-1576.063,OK,-258.066,212.503,-1550.594
3,Port 0x01: JJH Probe  s/n:3E4C880C,914631778,1782469462.968621622,1,Too Few Markers,-3.697314E28,-3.697314E28,-3.697314E28,-3.697314E28,-3.697314E28,-3.697314E28,-3.697314E28,0.0000000,3,Missing,-3.697314E28,-3.697314E28,-3.697314E28,Missing,-3.697314E28,-3.697314E28,-3.697314E28,Missing,-3.697314E28,-3.697314E28,-3.697314E28,Port 0x02: JJH T tibia tracker  s/n:3E4C8800,914631778,1782469462.968621622,1,OK,0.6953306,0.1713825,-0.1217280,-0.6872595,9.840,151.116,-1630.373,0.2504182,3,OK,9.602,151.030,-1630.485,OK,-72.990,185.582,-1664.472,OK,7.553,240.814,-1624.401,Port 0x03: JJH Y femur tracker  s/n:3E4C8801,914631778,1782469462.968621622,1,OK,0.8674650,0.0592945,0.2711309,-0.4128883,-206.277,148.525,-1595.233,0.5942972,3,OK,-205.992,147.896,-1595.618,OK,-175.979,241.037,-1574.592,OK,-254.259,212.766,-1546.515
3,Port 0x01: JJH Probe  s/n:3E4C880C,914631781,1782469463.018621622,1,Too Few Markers,-3.697314E28,-3.697314E28,-3.697314E28,-3.697314E28,-3.697314E28,-3.697314E28,-3.697314E28,0.0000000,3,Missing,-3.697314E28,-3.697314E28,-3.697314E28,Missing,-3.697314E28,-3.697314E28,-3.697314E28,Missing,-3.697314E28,-3.697314E28,-3.697314E28,Port 0x02: JJH T tibia tracker  s/n:3E4C8800,914631781,1782469463.018621622,1,OK,0.6954455,0.1707212,-0.1218700,-0.6872827,9.325,151.015,-1630.727,0.2573790,3,OK,9.087,150.914,-1630.841,OK,-73.517,185.455,-1664.800,OK,7.040,240.730,-1624.860,Port 0x03: JJH Y femur tracker  s/n:3E4C8801,914631781,1782469463.018621622,1,OK,0.8619122,0.0513659,0.2867163,-0.4150454,-203.801,148.860,-1593.075,0.6041431,3,OK,-203.521,148.226,-1593.477,OK,-172.563,241.327,-1573.701,OK,-249.827,213.282,-1542.705
3,Port 0x01: JJH Probe  s/n:3E4C880C,914631784,1782469463.068621622,1,Too Few Markers,-3.697314E28,-3.697314E28,-3.697314E28,-3.697314E28,-3.697314E28,-3.697314E28,-3.697314E28,0.0000000,3,Missing,-3.697314E28,-3.697314E28,-3.697314E28,Missing,-3.697314E28,-3.697314E28,-3.697314E28,Missing,-3.697314E28,-3.697314E28,-3.697314E28,Port 0x02: JJH T tibia tracker  s/n:3E4C8800,914631784,1782469463.068621622,1,OK,0.6979253,0.1640806,-0.1291606,-0.6850514,7.730,150.097,-1631.290,0.2655291,3,OK,7.486,149.986,-1631.405,OK,-75.144,183.627,-1666.157,OK,5.219,239.915,-1627.281,Port 0x03: JJH Y femur tracker  s/n:3E4C8801,914631784,1782469463.068621622,1,OK,0.8568151,0.0444157,0.3010786,-0.4162293,-201.509,149.072,-1590.422,0.5969405,3,OK,-201.250,148.441,-1590.828,OK,-169.571,241.518,-1572.123,OK,-245.753,213.539,-1538.559
3,Port 0x01: JJH Probe  s/n:3E4C880C,914631787,1782469463.118621622,1,Too Few Markers,-3.697314E28,-3.697314E28,-3.697314E28,-3.697314E28,-3.697314E28,-3.697314E28,-3.697314E28,0.0000000,3,Missing,-3.697314E28,-3.697314E28,-3.697314E28,Missing,-3.697314E28,-3.697314E28,-3.697314E28,Missing,-3.697314E28,-3.697314E28,-3.697314E28,Port 0x02: JJH T tibia tracker  s/n:3E4C8800,914631787,1782469463.118621622,1,OK,0.6983719,0.1547790,-0.1379287,-0.6850517,8.335,150.391,-1633.402,0.2667597,3,OK,8.094,150.272,-1633.512,OK,-74.391,183.435,-1669.047,OK,6.226,240.284,-1631.660,Port 0x03: JJH Y femur tracker  s/n:3E4C8801,914631787,1782469463.118621622,1,OK,0.8521187,0.0382889,0.3134316,-0.4173588,-199.414,149.196,-1588.273,0.5942059,3,OK,-199.163,148.570,-1588.686,OK,-166.872,241.604,-1570.956,OK,-242.047,213.739,-1535.177
3,Port 0x01: JJH Probe  s/n:3E4C880C,914631790,1782469463.168621622,1,Too Few Markers,-3.697314E28,-3.697314E28,-3.697314E28,-3.697314E28,-3.697314E28,-3.697314E28,-3.697314E28,0.0000000,3,Missing,-3.697314E28,-3.697314E28,-3.697314E28,Missing,-3.697314E28,-3.697314E28,-3.697314E28,Missing,-3.697314E28,-3.697314E28,-3.697314E28,Port 0x02: JJH T tibia tracker  s/n:3E4C8800,914631790,1782469463.168621622,1,OK,0.6976497,0.1567300,-0.1363073,-0.6856682,8.566,150.220,-1633.943,0.2735162,3,OK,8.298,150.140,-1634.064,OK,-74.131,183.482,-1669.452,OK,6.571,240.104,-1631.703,Port 0x03: JJH Y femur tracker  s/n:3E4C8801,914631790,1782469463.168621622,1,OK,0.8468058,0.0316435,0.3265215,-0.4186912,-197.188,149.285,-1586.445,0.5867631,3,OK,-196.952,148.668,-1586.860,OK,-163.982,241.652,-1570.234,OK,-238.036,213.933,-1532.101
3,Port 0x01: JJH Probe  s/n:3E4C880C,914631793,1782469463.218621622,1,Too Few Markers,-3.697314E28,-3.697314E28,-3.697314E28,-3.697314E28,-3.697314E28,-3.697314E28,-3.697314E28,0.0000000,3,Missing,-3.697314E28,-3.697314E28,-3.697314E28,Missing,-3.697314E28,-3.697314E28,-3.697314E28,Missing,-3.697314E28,-3.697314E28,-3.697314E28,Port 0x02: JJH T tibia tracker  s/n:3E4C8800,914631793,1782469463.218621622,1,OK,0.6974253,0.1564926,-0.1351413,-0.6861814,8.482,150.199,-1633.185,0.2883347,3,OK,8.204,150.107,-1633.310,OK,-74.230,183.586,-1668.460,OK,6.532,240.082,-1630.819,Port 0x03: JJH Y femur tracker  s/n:3E4C8801,914631793,1782469463.218621622,1,OK,0.8419562,0.0257482,0.3382217,-0.4195865,-195.101,149.462,-1584.527,0.5766250,3,OK,-194.886,148.847,-1584.941,OK,-161.386,241.801,-1569.280,OK,-234.320,214.174,-1529.114
3,Port 0x01: JJH Probe  s/n:3E4C880C,914631796,1782469463.268621622,1,Too Few Markers,-3.697314E28,-3.697314E28,-3.697314E28,-3.697314E28,-3.697314E28,-3.697314E28,-3.697314E28,0.0000000,3,Missing,-3.697314E28,-3.697314E28,-3.697314E28,Missing,-3.697314E28,-3.697314E28,-3.697314E28,Missing,-3.697314E28,-3.697314E28,-3.697314E28,Port 0x02: JJH T tibia tracker  s/n:3E4C8800,914631796,1782469463.268621622,1,OK,0.6970598,0.1578522,-0.1335935,-0.6865443,8.411,149.982,-1632.363,0.2758693,3,OK,8.150,149.883,-1632.482,OK,-74.327,183.534,-1667.480,OK,6.481,239.858,-1629.613,Port 0x03: JJH Y femur tracker  s/n:3E4C8801,914631796,1782469463.268621622,1,OK,0.8366010,0.0192111,0.3503669,-0.4206812,-192.811,149.516,-1582.588,0.5642363,3,OK,-192.612,148.916,-1582.999,OK,-158.548,241.822,-1568.465,OK,-230.281,214.343,-1526.131
3,Port 0x01: JJH Probe  s/n:3E4C880C,914631799,1782469463.318621622,1,Too Few Markers,-3.697314E28,-3.697314E28,-3.697314E28,-3.697314E28,-3.697314E28,-3.697314E28,-3.697314E28,0.0000000,3,Missing,-3.697314E28,-3.697314E28,-3.697314E28,Missing,-3.697314E28,-3.697314E28,-3.697314E28,Missing,-3.697314E28,-3.697314E28,-3.697314E28,Port 0x02: JJH T tibia tracker  s/n:3E4C8800,914631799,1782469463.318621622,1,OK,0.6959463,0.1605065,-0.1326538,-0.6872404,8.553,150.203,-1632.015,0.2481300,3,OK,8.323,150.103,-1632.121,OK,-74.097,184.076,-1667.166,OK,6.764,240.065,-1628.767,Port 0x03: JJH Y femur tracker  s/n:3E4C8801,914631799,1782469463.318621622,1,OK,0.8310504,0.0134279,0.3625974,-0.4215425,-190.537,149.881,-1581.037,0.5767017,3,OK,-190.344,149.270,-1581.464,OK,-155.760,242.115,-1567.885,OK,-226.213,214.777,-1523.503
3,Port 0x01: JJH Probe  s/n:3E4C880C,914631802,1782469463.368621622,1,Too Few Markers,-3.697314E28,-3.697314E28,-3.697314E28,-3.697314E28,-3.697314E28,-3.697314E28,-3.697314E28,0.0000000,3,Missing,-3.697314E28,-3.697314E28,-3.697314E28,Missing,-3.697314E28,-3.697314E28,-3.697314E28,Missing,-3.697314E28,-3.697314E28,-3.697314E28,Port 0x02: JJH T tibia tracker  s/n:3E4C8800,914631802,1782469463.368621622,1,OK,0.6973945,0.1590684,-0.1326290,-0.6861106,7.977,150.369,-1632.110,0.2724277,3,OK,7.724,150.262,-1632.227,OK,-74.807,183.887,-1667.165,OK,5.887,240.235,-1629.113,Port 0x03: JJH Y femur tracker  s/n:3E4C8801,914631802,1782469463.368621622,1,OK,0.8253146,0.0069164,0.3747507,-0.4223385,-188.145,149.971,-1579.234,0.5654032,3,OK,-187.967,149.374,-1579.659,OK,-152.903,242.167,-1567.214,OK,-222.001,214.960,-1520.741
3,Port 0x01: JJH Probe  s/n:3E4C880C,914631805,1782469463.418621622,1,Too Few Markers,-3.697314E28,-3.697314E28,-3.697314E28,-3.697314E28,-3.697314E28,-3.697314E28,-3.697314E28,0.0000000,3,Missing,-3.697314E28,-3.697314E28,-3.697314E28,Missing,-3.697314E28,-3.697314E28,-3.697314E28,Missing,-3.697314E28,-3.697314E28,-3.697314E28,Port 0x02: JJH T tibia tracker  s/n:3E4C8800,914631805,1782469463.418621622,1,OK,0.6981270,0.1582498,-0.1331421,-0.6854552,7.799,150.714,-1632.679,0.2838091,3,OK,7.526,150.621,-1632.803,OK,-75.047,184.005,-1667.776,OK,5.590,240.587,-1629.875,Port 0x03: JJH Y femur tracker  s/n:3E4C8801,914631805,1782469463.418621622,1,OK,0.8194007,0.0005936,0.3869861,-0.4228758,-185.753,150.124,-1577.594,0.5591233,3,OK,-185.587,149.537,-1578.019,OK,-150.087,242.281,-1566.672,OK,-217.768,215.170,-1518.149
3,Port 0x01: JJH Probe  s/n:3E4C880C,914631808,1782469463.468621622,1,Too Few Markers,-3.697314E28,-3.697314E28,-3.697314E28,-3.697314E28,-3.697314E28,-3.697314E28,-3.697314E28,0.0000000,3,Missing,-3.697314E28,-3.697314E28,-3.697314E28,Missing,-3.697314E28,-3.697314E28,-3.697314E28,Missing,-3.697314E28,-3.697314E28,-3.697314E28,Port 0x02: JJH T tibia tracker  s/n:3E4C8800,914631808,1782469463.468621622,1,OK,0.6983114,0.1580649,-0.1330787,-0.6853224,7.592,150.628,-1632.970,0.2927130,3,OK,7.306,150.541,-1633.099,OK,-75.265,183.872,-1668.040,OK,5.344,240.498,-1630.190,Port 0x03: JJH Y femur tracker  s/n:3E4C8801,914631808,1782469463.468621622,1,OK,0.8128217,-0.0063503,0.3996401,-0.4237550,-183.073,150.287,-1576.002,0.5367047,3,OK,-182.934,149.719,-1576.410,OK,-146.963,242.390,-1566.318,OK,-213.039,215.453,-1515.710
3,Port 0x01: JJH Probe  s/n:3E4C880C,914631811,1782469463.518621622,1,Too Few Markers,-3.697314E28,-3.697314E28,-3.697314E28,-3.697314E28,-3.697314E28,-3.697314E28,-3.697314E28,0.0000000,3,Missing,-3.697314E28,-3.697314E28,-3.697314E28,Missing,-3.697314E28,-3.697314E28,-3.697314E28,Missing,-3.697314E28,-3.697314E28,-3.697314E28,Port 0x02: JJH T tibia tracker  s/n:3E4C8800,914631811,1782469463.518621622,1,OK,0.6977262,0.1599147,-0.1320797,-0.6856824,7.610,150.727,-1632.785,0.2849651,3,OK,7.339,150.626,-1632.910,OK,-75.202,184.168,-1667.818,OK,5.402,240.594,-1629.628,Port 0x03: JJH Y femur tracker  s/n:3E4C8801,914631811,1782469463.518621622,1,OK,0.8061971,-0.0126341,0.4121694,-0.4242676,-180.448,150.633,-1574.438,0.5438283,3,OK,-180.327,150.058,-1574.849,OK,-143.938,242.674,-1565.861,OK,-208.398,215.862,-1513.279
3,Port 0x01: JJH Probe  s/n:3E4C880C,914631814,1782469463.568621622,1,Too Few Markers,-3.697314E28,-3.697314E28,-3.697314E28,-3.697314E28,-3.697314E28,-3.697314E28,-3.697314E28,0.0000000,3,Missing,-3.697314E28,-3.697314E28,-3.697314E28,Missing,-3.697314E28,-3.697314E28,-3.697314E28,Missing,-3.697314E28,-3.697314E28,-3.697314E28,Port 0x02: JJH T tibia tracker  s/n:3E4C8800,914631814,1782469463.568621622,1,OK,0.6978548,0.1603865,-0.1314972,-0.6855533,7.359,150.556,-1632.453,0.2715860,3,OK,7.097,150.468,-1632.572,OK,-75.483,184.000,-1667.426,OK,5.083,240.393,-1629.176,Port 0x03: JJH Y femur tracker  s/n:3E4C8801,914631814,1782469463.568621622,1,OK,0.7996523,-0.0189728,0.4241667,-0.4245925,-177.901,150.676,-1572.961,0.5299962,3,OK,-177.789,150.127,-1573.366,OK,-141.055,242.660,-1565.530,OK,-203.914,215.959,-1511.034
3,Port 0x01: JJH Probe  s/n:3E4C880C,914631817,1782469463.618621622,1,Too Few Markers,-3.697314E28,-3.697314E28,-3.697314E28,-3.697314E28,-3.697314E28,-3.697314E28,-3.697314E28,0.0000000,3,Missing,-3.697314E28,-3.697314E28,-3.697314E28,Missing,-3.697314E28,-3.697314E28,-3.697314E28,Missing,-3.697314E28,-3.697314E28,-3.697314E28,Port 0x02: JJH T tibia tracker  s/n:3E4C8800,914631817,1782469463.618621622,1,OK,0.6976249,0.1623430,-0.1289179,-0.6858166,7.259,150.475,-1632.168,0.2821777,3,OK,6.992,150.374,-1632.291,OK,-75.629,184.087,-1666.845,OK,4.923,240.301,-1628.314,Port 0x03: JJH Y femur tracker  s/n:3E4C8801,914631817,1782469463.618621622,1,OK,0.7938773,-0.0244994,0.4344147,-0.4247852,-175.666,150.792,-1571.749,0.5294452,3,OK,-175.566,150.250,-1572.151,OK,-138.577,242.733,-1565.308,OK,-199.981,216.134,-1509.224
3,Port 0x01: JJH Probe  s/n:3E4C880C,914631820,1782469463.668621622,1,Too Few Markers,-3.697314E28,-3.697314E28,-3.697314E28,-3.697314E28,-3.697314E28,-3.697314E28,-3.697314E28,0.0000000,3,Missing,-3.697314E28,-3.697314E28,-3.697314E28,Missing,-3.697314E28,-3.697314E28,-3.697314E28,Missing,-3.697314E28,-3.697314E28,-3.697314E28,Port 0x02: JJH T tibia tracker  s/n:3E4C8800,914631820,1782469463.668621622,1,OK,0.6974241,0.1647920,-0.1257325,-0.6860281,6.971,150.359,-1631.033,0.2668623,3,OK,6.721,150.260,-1631.149,OK,-76.008,184.160,-1665.359,OK,4.542,240.143,-1626.467,Port 0x03: JJH Y femur tracker  s/n:3E4C8801,914631820,1782469463.668621622,1,OK,0.7885391,-0.0294530,0.4434420,-0.4250858,-173.723,150.961,-1570.365,0.5348291,3,OK,-173.626,150.419,-1570.778,OK,-136.388,242.858,-1564.857,OK,-196.515,216.383,-1507.329
3,Port 0x01: JJH Probe  s/n:3E4C880C,914631823,1782469463.718621622,1,Too Few Markers,-3.697314E28,-3.697314E28,-3.697314E28,-3.697314E28,-3.697314E28,-3.697314E28,-3.697314E28,0.0000000,3,Missing,-3.697314E28,-3.697314E28,-3.697314E28,Missing,-3.697314E28,-3.697314E28,-3.697314E28,Missing,-3.697314E28,-3.697314E28,-3.697314E28,Port 0x02: JJH T tibia tracker  s/n:3E4C8800,914631823,1782469463.718621622,1,OK,0.6975785,0.1660559,-0.1224653,-0.6861573,6.709,150.244,-1629.297,0.2456439,3,OK,6.490,150.131,-1629.401,OK,-76.449,184.151,-1663.184,OK,4.167,239.997,-1624.165,Port 0x03: JJH Y femur tracker  s/n:3E4C8801,914631823,1782469463.718621622,1,OK,0.7845520,-0.0328233,0.4500865,-0.4252328,-172.193,150.884,-1568.037,0.5171225,3,OK,-172.116,150.358,-1568.427,OK,-134.690,242.743,-1563.147,OK,-193.827,216.313,-1504.669
3,Port 0x01: JJH Probe  s/n:3E4C880C,914631826,1782469463.768621622,1,Too Few Markers,-3.697314E28,-3.697314E28,-3.697314E28,-3.697314E28,-3.697314E28,-3.697314E28,-3.697314E28,0.0000000,3,Missing,-3.697314E28,-3.697314E28,-3.697314E28,Missing,-3.697314E28,-3.697314E28,-3.697314E28,Missing,-3.697314E28,-3.697314E28,-3.697314E28,Port 0x02: JJH T tibia tracker  s/n:3E4C8800,914631826,1782469463.768621622,1,OK,0.6975872,0.1675700,-0.1175639,-0.6866376,6.681,150.302,-1626.672,0.2576514,3,OK,6.441,150.203,-1626.783,OK,-76.671,184.387,-1659.838,OK,4.050,239.999,-1620.721,Port 0x03: JJH Y femur tracker  s/n:3E4C8801,914631826,1782469463.768621622,1,OK,0.7816066,-0.0355804,0.4545814,-0.4256535,-171.078,151.230,-1565.098,0.5224381,3,OK,-171.002,150.703,-1565.492,OK,-133.437,243.051,-1560.752,OK,-191.881,216.755,-1501.546
3,Port 0x01: JJH Probe  s/n:3E4C880C,914631829,1782469463.818621622,1,Too Few Markers,-3.697314E28,-3.697314E28,-3.697314E28,-3.697314E28,-3.697314E28,-3.697314E28,-3.697314E28,0.0000000,3,Missing,-3.697314E28,-3.697314E28,-3.697314E28,Missing,-3.697314E28,-3.697314E28,-3.697314E28,Missing,-3.697314E28,-3.697314E28,-3.697314E28,Port 0x02: JJH T tibia tracker  s/n:3E4C8800,914631829,1782469463.818621622,1,OK,0.6978212,0.1672961,-0.1140379,-0.6870611,6.817,150.550,-1623.675,0.2736892,3,OK,6.551,150.466,-1623.795,OK,-76.741,184.686,-1656.230,OK,4.165,240.226,-1617.298,Port 0x03: JJH Y femur tracker  s/n:3E4C8801,914631829,1782469463.818621622,1,OK,0.7797817,-0.0373677,0.4571960,-0.4260469,-170.277,151.573,-1561.392,0.5146373,3,OK,-170.207,151.051,-1561.781,OK,-132.534,243.374,-1557.421,OK,-190.574,217.172,-1497.763
3,Port 0x01: JJH Probe  s/n:3E4C880C,914631832,1782469463.868621622,1,Too Few Markers,-3.697314E28,-3.697314E28,-3.697314E28,-3.697314E28,-3.697314E28,-3.697314E28,-3.697314E28,0.0000000,3,Missing,-3.697314E28,-3.697314E28,-3.697314E28,Missing,-3.697314E28,-3.697314E28,-3.697314E28,Missing,-3.697314E28,-3.697314E28,-3.697314E28,Port 0x02: JJH T tibia tracker  s/n:3E4C8800,914631832,1782469463.868621622,1,OK,0.6984804,0.1656484,-0.1136563,-0.6868537,6.730,150.744,-1621.829,0.2655620,3,OK,6.479,150.646,-1621.943,OK,-76.954,184.752,-1654.212,OK,3.995,240.428,-1615.635,Port 0x03: JJH Y femur tracker  s/n:3E4C8801,914631832,1782469463.868621622,1,OK,0.7769698,-0.0402047,0.4620455,-0.4256940,-169.253,151.707,-1558.759,0.5253091,3,OK,-169.179,151.188,-1559.157,OK,-131.515,243.505,-1555.267,OK,-188.765,217.325,-1494.892
3,Port 0x01: JJH Probe  s/n:3E4C880C,914631835,1782469463.918621622,1,Too Few Markers,-3.697314E28,-3.697314E28,-3.697314E28,-3.697314E28,-3.697314E28,-3.697314E28,-3.697314E28,0.0000000,3,Missing,-3.697314E28,-3.697314E28,-3.697314E28,Missing,-3.697314E28,-3.697314E28,-3.697314E28,Missing,-3.697314E28,-3.697314E28,-3.697314E28,Port 0x02: JJH T tibia tracker  s/n:3E4C8800,914631835,1782469463.918621622,1,OK,0.6983202,0.1662714,-0.1101587,-0.6874357,6.788,150.576,-1619.870,0.2681347,3,OK,6.537,150.472,-1619.983,OK,-77.032,184.754,-1651.699,OK,4.048,240.222,-1613.142,Port 0x03: JJH Y femur tracker  s/n:3E4C8801,914631835,1782469463.918621622,1,OK,0.7738914,-0.0432771,0.4669898,-0.4256052,-168.037,151.665,-1556.255,0.5057701,3,OK,-167.980,151.165,-1556.627,OK,-130.260,243.467,-1553.316,OK,-186.687,217.308,-1492.224
3,Port 0x01: JJH Probe  s/n:3E4C880C,914631838,1782469463.968621622,1,Too Few Markers,-3.697314E28,-3.697314E28,-3.697314E28,-3.697314E28,-3.697314E28,-3.697314E28,-3.697314E28,0.0000000,3,Missing,-3.697314E28,-3.697314E28,-3.697314E28,Missing,-3.697314E28,-3.697314E28,-3.697314E28,Missing,-3.697314E28,-3.697314E28,-3.697314E28,Port 0x02: JJH T tibia tracker  s/n:3E4C8800,914631838,1782469463.968621622,1,OK,0.6977643,0.1679782,-0.1053591,-0.6883370,6.971,150.581,-1617.469,0.2554529,3,OK,6.723,150.499,-1617.579,OK,-77.004,185.054,-1648.603,OK,4.278,240.143,-1609.887,Port 0x03: JJH Y femur tracker  s/n:3E4C8801,914631838,1782469463.968621622,1,OK,0.7712653,-0.0459867,0.4709123,-0.4257660,-166.962,151.984,-1553.588,0.4985381,3,OK,-166.911,151.496,-1553.951,OK,-129.135,243.773,-1551.166,OK,-184.892,217.704,-1489.454
3,Port 0x01: JJH Probe  s/n:3E4C880C,914631841,1782469464.018621622,1,Too Few Markers,-3.697314E28,-3.697314E28,-3.697314E28,-3.697314E28,-3.697314E28,-3.697314E28,-3.697314E28,0.0000000,3,Missing,-3.697314E28,-3.697314E28,-3.697314E28,Missing,-3.697314E28,-3.697314E28,-3.697314E28,Missing,-3.697314E28,-3.697314E28,-3.697314E28,Port 0x02: JJH T tibia tracker  s/n:3E4C8800,914631841,1782469464.018621622,1,OK,0.6984050,0.1660365,-0.1040273,-0.6883608,6.861,150.933,-1614.435,0.2569374,3,OK,6.619,150.835,-1614.542,OK,-77.293,185.302,-1645.214,OK,4.123,240.515,-1606.936,Port 0x03: JJH Y femur tracker  s/n:3E4C8801,914631841,1782469464.018621622,1,OK,0.7705096,-0.0466238,0.4722557,-0.4255769,-166.809,152.247,-1549.914,0.5090203,3,OK,-166.751,151.744,-1550.298,OK,-128.972,244.042,-1547.612,OK,-184.556,217.961,-1485.663
3,Port 0x01: JJH Probe  s/n:3E4C880C,914631844,1782469464.068621622,1,Too Few Markers,-3.697314E28,-3.697314E28,-3.697314E28,-3.697314E28,-3.697314E28,-3.697314E28,-3.697314E28,0.0000000,3,Missing,-3.697314E28,-3.697314E28,-3.697314E28,Missing,-3.697314E28,-3.697314E28,-3.697314E28,Missing,-3.697314E28,-3.697314E28,-3.697314E28,Port 0x02: JJH T tibia tracker  s/n:3E4C8800,914631844,1782469464.068621622,1,OK,0.6988077,0.1667816,-0.1025765,-0.6879896,6.970,151.027,-1613.080,0.2625964,3,OK,6.718,150.935,-1613.191,OK,-77.269,185.330,-1643.681,OK,4.092,240.584,-1605.323,Port 0x03: JJH Y femur tracker  s/n:3E4C8801,914631844,1782469464.068621622,1,OK,0.7670408,-0.0498743,0.4774859,-0.4256386,-165.288,152.362,-1548.383,0.5222207,3,OK,-165.225,151.856,-1548.782,OK,-127.390,244.126,-1546.696,OK,-182.096,218.161,-1483.941
3,Port 0x01: JJH Probe  s/n:3E4C880C,914631847,1782469464.118621622,1,Too Few Markers,-3.697314E28,-3.697314E28,-3.697314E28,-3.697314E28,-3.697314E28,-3.697314E28,-3.697314E28,0.0000000,3,Missing,-3.697314E28,-3.697314E28,-3.697314E28,Missing,-3.697314E28,-3.697314E28,-3.697314E28,Missing,-3.697314E28,-3.697314E28,-3.697314E28,Port 0x02: JJH T tibia tracker  s/n:3E4C8800,914631847,1782469464.118621622,1,OK,0.6975680,0.1700243,-0.0978711,-0.6891385,7.496,150.500,-1612.402,0.2480937,3,OK,7.255,150.421,-1612.508,OK,-76.795,185.246,-1642.420,OK,4.742,239.954,-1603.593,Port 0x03: JJH Y femur tracker  s/n:3E4C8801,914631847,1782469464.118621622,1,OK,0.7627578,-0.0531965,0.4838353,-0.4257630,-163.301,152.361,-1547.860,0.5236695,3,OK,-163.255,151.865,-1548.241,OK,-125.292,244.068,-1546.787,OK,-178.910,218.194,-1483.224
3,Port 0x01: JJH Probe  s/n:3E4C880C,914631850,1782469464.168621622,1,Too Few Markers,-3.697314E28,-3.697314E28,-3.697314E28,-3.697314E28,-3.697314E28,-3.697314E28,-3.697314E28,0.0000000,3,Missing,-3.697314E28,-3.697314E28,-3.697314E28,Missing,-3.697314E28,-3.697314E28,-3.697314E28,Missing,-3.697314E28,-3.697314E28,-3.697314E28,Port 0x02: JJH T tibia tracker  s/n:3E4C8800,914631850,1782469464.168621622,1,OK,0.6971400,0.1729749,-0.0937001,-0.6894170,7.664,150.480,-1611.243,0.2720236,3,OK,7.399,150.396,-1611.359,OK,-76.686,185.432,-1640.750,OK,4.832,239.851,-1601.529,Port 0x03: JJH Y femur tracker  s/n:3E4C8801,914631850,1782469464.168621622,1,OK,0.7596040,-0.0562552,0.4886365,-0.4255249,-161.951,152.570,-1547.134,0.5137867,3,OK,-161.905,152.081,-1547.519,OK,-123.929,244.282,-1546.641,OK,-176.746,218.440,-1482.319
3,Port 0x01: JJH Probe  s/n:3E4C880C,914631853,1782469464.218621622,1,Too Few Markers,-3.697314E28,-3.697314E28,-3.697314E28,-3.697314E28,-3.697314E28,-3.697314E28,-3.697314E28,0.0000000,3,Missing,-3.697314E28,-3.697314E28,-3.697314E28,Missing,-3.697314E28,-3.697314E28,-3.697314E28,Missing,-3.697314E28,-3.697314E28,-3.697314E28,Port 0x02: JJH T tibia tracker  s/n:3E4C8800,914631853,1782469464.218621622,1,OK,0.6969667,0.1743611,-0.0925655,-0.6893963,7.724,150.377,-1610.499,0.2520615,3,OK,7.485,150.285,-1610.606,OK,-76.655,185.408,-1639.922,OK,4.847,239.708,-1600.470,Port 0x03: JJH Y femur tracker  s/n:3E4C8801,914631853,1782469464.218621622,1,OK,0.7574768,-0.0579739,0.4915873,-0.4256875,-160.989,152.581,-1546.772,0.5138344,3,OK,-160.950,152.097,-1547.146,OK,-122.912,244.263,-1546.609,OK,-175.200,218.489,-1481.903
3,Port 0x01: JJH Probe  s/n:3E4C880C,914631856,1782469464.268621622,1,Too Few Markers,-3.697314E28,-3.697314E28,-3.697314E28,-3.697314E28,-3.697314E28,-3.697314E28,-3.697314E28,0.0000000,3,Missing,-3.697314E28,-3.697314E28,-3.697314E28,Missing,-3.697314E28,-3.697314E28,-3.697314E28,Missing,-3.697314E28,-3.697314E28,-3.697314E28,Port 0x02: JJH T tibia tracker  s/n:3E4C8800,914631856,1782469464.268621622,1,OK,0.6971319,0.1743672,-0.0911492,-0.6894165,7.797,150.407,-1610.528,0.2702588,3,OK,7.535,150.324,-1610.643,OK,-76.623,185.437,-1639.698,OK,4.861,239.705,-1600.331,Port 0x03: JJH Y femur tracker  s/n:3E4C8801,914631856,1782469464.268621622,1,OK,0.7568371,-0.0586674,0.4925727,-0.4255911,-160.650,152.629,-1546.721,0.5167042,3,OK,-160.606,152.146,-1547.104,OK,-122.588,244.310,-1546.687,OK,-174.703,218.554,-1481.811
3,Port 0x01: JJH Probe  s/n:3E4C880C,914631859,1782469464.318621622,1,Too Few Markers,-3.697314E28,-3.697314E28,-3.697314E28,-3.697314E28,-3.697314E28,-3.697314E28,-3.697314E28,0.0000000,3,Missing,-3.697314E28,-3.697314E28,-3.697314E28,Missing,-3.697314E28,-3.697314E28,-3.697314E28,Missing,-3.697314E28,-3.697314E28,-3.697314E28,Port 0x02: JJH T tibia tracker  s/n:3E4C8800,914631859,1782469464.318621622,1,OK,0.6973379,0.1740587,-0.0924535,-0.6891123,7.615,150.594,-1610.651,0.2599711,3,OK,7.362,150.514,-1610.762,OK,-76.794,185.533,-1640.038,OK,4.662,239.919,-1600.662,Port 0x03: JJH Y femur tracker  s/n:3E4C8801,914631859,1782469464.318621622,1,OK,0.7578974,-0.0579435,0.4908474,-0.4257967,-161.152,152.739,-1546.909,0.5080084,3,OK,-161.114,152.259,-1547.278,OK,-123.095,244.433,-1546.749,OK,-175.483,218.680,-1482.106
3,Port 0x01: JJH Probe  s/n:3E4C880C,914631862,1782469464.368621622,1,Too Few Markers,-3.697314E28,-3.697314E28,-3.697314E28,-3.697314E28,-3.697314E28,-3.697314E28,-3.697314E28,0.0000000,3,Missing,-3.697314E28,-3.697314E28,-3.697314E28,Missing,-3.697314E28,-3.697314E28,-3.697314E28,Missing,-3.697314E28,-3.697314E28,-3.697314E28,Port 0x02: JJH T tibia tracker  s/n:3E4C8800,914631862,1782469464.368621622,1,OK,0.6981604,0.1723109,-0.0943652,-0.6884593,7.211,150.834,-1611.246,0.2657658,3,OK,6.949,150.758,-1611.360,OK,-77.222,185.515,-1640.851,OK,4.165,240.210,-1601.746,Port 0x03: JJH Y femur tracker  s/n:3E4C8801,914631862,1782469464.368621622,1,OK,0.7606690,-0.0555155,0.4868384,-0.4257805,-162.452,152.666,-1547.315,0.5122660,3,OK,-162.403,152.177,-1547.700,OK,-124.428,244.379,-1546.708,OK,-177.539,218.569,-1482.595
3,Port 0x01: JJH Probe  s/n:3E4C880C,914631865,1782469464.418621622,1,Too Few Markers,-3.697314E28,-3.697314E28,-3.697314E28,-3.697314E28,-3.697314E28,-3.697314E28,-3.697314E28,0.0000000,3,Missing,-3.697314E28,-3.697314E28,-3.697314E28,Missing,-3.697314E28,-3.697314E28,-3.697314E28,Missing,-3.697314E28,-3.697314E28,-3.697314E28,Port 0x02: JJH T tibia tracker  s/n:3E4C8800,914631865,1782469464.418621622,1,OK,0.6993399,0.1690071,-0.0989419,-0.6874379,6.674,151.233,-1612.239,0.2452404,3,OK,6.442,151.141,-1612.342,OK,-77.756,185.513,-1642.416,OK,3.530,240.711,-1603.776,Port 0x03: JJH Y femur tracker  s/n:3E4C8801,914631865,1782469464.418621622,1,OK,0.7651916,-0.0518455,0.4799841,-0.4259215,-164.404,152.624,-1548.052,0.5084598,3,OK,-164.354,152.133,-1548.427,OK,-126.471,244.378,-1546.748,OK,-180.701,218.500,-1483.617
3,Port 0x01: JJH Probe  s/n:3E4C880C,914631868,1782469464.468621622,1,Too Few Markers,-3.697314E28,-3.697314E28,-3.697314E28,-3.697314E28,-3.697314E28,-3.697314E28,-3.697314E28,0.0000000,3,Missing,-3.697314E28,-3.697314E28,-3.697314E28,Missing,-3.697314E28,-3.697314E28,-3.697314E28,Missing,-3.697314E28,-3.697314E28,-3.697314E28,Port 0x02: JJH T tibia tracker  s/n:3E4C8800,914631868,1782469464.468621622,1,OK,0.7010660,0.1637128,-0.1040264,-0.6862092,6.038,151.865,-1613.613,0.2810481,3,OK,5.770,151.762,-1613.730,OK,-78.387,185.565,-1644.280,OK,2.760,241.469,-1606.518,Port 0x03: JJH Y femur tracker  s/n:3E4C8801,914631868,1782469464.468621622,1,OK,0.7708048,-0.0470593,0.4713382,-0.4260114,-166.953,152.641,-1549.150,0.5115083,3,OK,-166.897,152.131,-1549.531,OK,-129.128,244.447,-1546.959,OK,-184.786,218.471,-1485.052
3,Port 0x01: JJH Probe  s/n:3E4C880C,914631871,1782469464.518621622,1,Too Few Markers,-3.697314E28,-3.697314E28,-3.697314E28,-3.697314E28,-3.697314E28,-3.697314E28,-3.697314E28,0.0000000,3,Missing,-3.697314E28,-3.697314E28,-3.697314E28,Missing,-3.697314E28,-3.697314E28,-3.697314E28,Missing,-3.697314E28,-3.697314E28,-3.697314E28,Port 0x02: JJH T tibia tracker  s/n:3E4C8800,914631871,1782469464.518621622,1,OK,0.7018218,0.1613780,-0.1102927,-0.6850101,5.421,152.260,-1614.704,0.2678663,3,OK,5.158,152.179,-1614.818,OK,-78.864,185.541,-1646.291,OK,2.121,241.941,-1608.725,Port 0x03: JJH Y femur tracker  s/n:3E4C8801,914631871,1782469464.518621622,1,OK,0.7771443,-0.0417950,0.4611644,-0.4261777,-169.833,152.527,-1550.765,0.5001075,3,OK,-169.767,152.023,-1551.141,OK,-132.166,244.383,-1547.615,OK,-189.428,218.332,-1487.148
3,Port 0x01: JJH Probe  s/n:3E4C880C,914631874,1782469464.568621621,1,Too Few Markers,-3.697314E28,-3.697314E28,-3.697314E28,-3.697314E28,-3.697314E28,-3.697314E28,-3.697314E28,0.0000000,3,Missing,-3.697314E28,-3.697314E28,-3.697314E28,Missing,-3.697314E28,-3.697314E28,-3.697314E28,Missing,-3.697314E28,-3.697314E28,-3.697314E28,Port 0x02: JJH T tibia tracker  s/n:3E4C8800,914631874,1782469464.568621621,1,OK,0.7028121,0.1563640,-0.1152107,-0.6843478,4.918,152.460,-1616.370,0.3051030,3,OK,4.617,152.374,-1616.498,OK,-79.277,185.333,-1648.399,OK,1.617,242.212,-1611.684,Port 0x03: JJH Y femur tracker  s/n:3E4C8801,914631874,1782469464.568621621,1,OK,0.7841656,-0.0350399,0.4497684,-0.4261043,-172.995,152.234,-1552.860,0.5130433,3,OK,-172.916,151.711,-1553.247,OK,-135.509,244.124,-1548.458,OK,-194.551,217.941,-1489.747
3,Port 0x01: JJH Probe  s/n:3E4C880C,914631877,1782469464.618621621,1,Too Few Markers,-3.697314E28,-3.697314E28,-3.697314E28,-3.697314E28,-3.697314E28,-3.697314E28,-3.697314E28,0.0000000,3,Missing,-3.697314E28,-3.697314E28,-3.697314E28,Missing,-3.697314E28,-3.697314E28,-3.697314E28,Missing,-3.697314E28,-3.697314E28,-3.697314E28,Port 0x02: JJH T tibia tracker  s/n:3E4C8800,914631877,1782469464.618621621,1,OK,0.7023677,0.1566941,-0.1205085,-0.6838159,4.545,152.293,-1619.608,0.2803864,3,OK,4.274,152.200,-1619.726,OK,-79.379,185.069,-1652.563,OK,1.351,242.083,-1615.551,Port 0x03: JJH Y femur tracker  s/n:3E4C8801,914631877,1782469464.618621621,1,OK,0.7884111,-0.0304334,0.4428471,-0.4258734,-174.975,151.996,-1557.283,0.5318222,3,OK,-174.882,151.452,-1557.689,OK,-137.601,243.894,-1552.024,OK,-197.737,217.598,-1494.435
3,Port 0x01: JJH Probe  s/n:3E4C880C,914631880,1782469464.668621621,1,Too Few Markers,-3.697314E28,-3.697314E28,-3.697314E28,-3.697314E28,-3.697314E28,-3.697314E28,-3.697314E28,0.0000000,3,Missing,-3.697314E28,-3.697314E28,-3.697314E28,Missing,-3.697314E28,-3.697314E28,-3.697314E28,Missing,-3.697314E28,-3.697314E28,-3.697314E28,Port 0x02: JJH T tibia tracker  s/n:3E4C8800,914631880,1782469464.668621621,1,OK,0.7017592,0.1603170,-0.1247148,-0.6828460,4.400,152.087,-1624.710,0.2553741,3,OK,4.161,151.986,-1624.819,OK,-79.181,184.844,-1658.648,OK,1.153,241.875,-1620.753,Port 0x03: JJH Y femur tracker  s/n:3E4C8801,914631880,1782469464.668621621,1,OK,0.7897932,-0.0293285,0.4403266,-0.4260036,-175.490,151.787,-1564.144,0.5371286,3,OK,-175.388,151.244,-1564.557,OK,-138.165,243.684,-1558.697,OK,-198.651,217.420,-1501.458
3,Port 0x01: JJH Probe  s/n:3E4C880C,914631883,1782469464.718621621,1,Too Few Markers,-3.697314E28,-3.697314E28,-3.697314E28,-3.697314E28,-3.697314E28,-3.697314E28,-3.697314E28,0.0000000,3,Missing,-3.697314E28,-3.697314E28,-3.697314E28,Missing,-3.697314E28,-3.697314E28,-3.697314E28,Missing,-3.697314E28,-3.697314E28,-3.697314E28,Port 0x02: JJH T tibia tracker  s/n:3E4C8800,914631883,1782469464.718621621,1,OK,0.7019234,0.1605037,-0.1288885,-0.6818577,4.753,152.056,-1628.827,0.2638073,3,OK,4.505,151.956,-1628.940,OK,-78.605,184.589,-1663.480,OK,1.450,241.864,-1625.407,Port 0x03: JJH Y femur tracker  s/n:3E4C8801,914631883,1782469464.718621621,1,OK,0.7948672,-0.0251402,0.4319015,-0.4254589,-176.785,151.445,-1569.287,0.5213683,3,OK,-176.686,150.902,-1569.683,OK,-139.746,243.440,-1563.040,OK,-201.414,216.995,-1507.099
3,Port 0x01: JJH Probe  s/n:3E4C880C,914631886,1782469464.768621621,1,Too Few Markers,-3.697314E28,-3.697314E28,-3.697314E28,-3.697314E28,-3.697314E28,-3.697314E28,-3.697314E28,0.0000000,3,Missing,-3.697314E28,-3.697314E28,-3.697314E28,Missing,-3.697314E28,-3.697314E28,-3.697314E28,Missing,-3.697314E28,-3.697314E28,-3.697314E28,Port 0x02: JJH T tibia tracker  s/n:3E4C8800,914631886,1782469464.768621621,1,OK,0.7025317,0.1576691,-0.1317207,-0.6813511,4.838,152.363,-1629.610,0.2814246,3,OK,4.570,152.262,-1629.732,OK,-78.497,184.609,-1664.531,OK,1.547,242.206,-1626.922,Port 0x03: JJH Y femur tracker  s/n:3E4C8801,914631886,1782469464.768621621,1,OK,0.8043674,-0.0154202,0.4147659,-0.4251172,-180.523,151.288,-1571.665,0.5502188,3,OK,-180.398,150.711,-1572.084,OK,-143.881,243.323,-1563.666,OK,-207.944,216.730,-1510.471
3,Port 0x01: JJH Probe  s/n:3E4C880C,914631889,1782469464.818621621,1,Too Few Markers,-3.697314E28,-3.697314E28,-3.697314E28,-3.697314E28,-3.697314E28,-3.697314E28,-3.697314E28,0.0000000,3,Missing,-3.697314E28,-3.697314E28,-3.697314E28,Missing,-3.697314E28,-3.697314E28,-3.697314E28,Missing,-3.697314E28,-3.697314E28,-3.697314E28,Port 0x02: JJH T tibia tracker  s/n:3E4C8800,914631889,1782469464.818621621,1,OK,0.7031039,0.1547535,-0.1344451,-0.6808970,4.930,152.612,-1630.593,0.2908679,3,OK,4.647,152.522,-1630.721,OK,-78.389,184.584,-1665.756,OK,1.660,242.470,-1628.633,Port 0x03: JJH Y femur tracker  s/n:3E4C8801,914631889,1782469464.818621621,1,OK,0.8139769,-0.0056971,0.3966916,-0.4243171,-184.345,151.048,-1573.973,0.5454069,3,OK,-184.201,150.470,-1574.386,OK,-148.254,243.157,-1564.236,OK,-214.668,216.346,-1513.983
3,Port 0x01: JJH Probe  s/n:3E4C880C,914631892,1782469464.868621621,1,Too Few Markers,-3.697314E28,-3.697314E28,-3.697314E28,-3.697314E28,-3.697314E28,-3.697314E28,-3.697314E28,0.0000000,3,Missing,-3.697314E28,-3.697314E28,-3.697314E28,Missing,-3.697314E28,-3.697314E28,-3.697314E28,Missing,-3.697314E28,-3.697314E28,-3.697314E28,Port 0x02: JJH T tibia tracker  s/n:3E4C8800,914631892,1782469464.868621621,1,OK,0.7033675,0.1537440,-0.1359063,-0.6805633,5.017,152.607,-1631.239,0.2813152,3,OK,4.745,152.514,-1631.361,OK,-78.292,184.449,-1666.580,OK,1.736,242.470,-1629.603,Port 0x03: JJH Y femur tracker  s/n:3E4C8801,914631892,1782469464.868621621,1,OK,0.8233841,0.0039465,0.3778686,-0.4233657,-188.180,150.662,-1576.626,0.5501016,3,OK,-188.016,150.075,-1577.036,OK,-152.744,242.856,-1565.197,OK,-221.413,215.853,-1518.045
3,Port 0x01: JJH Probe  s/n:3E4C880C,914631895,1782469464.918621621,1,Too Few Markers,-3.697314E28,-3.697314E28,-3.697314E28,-3.697314E28,-3.697314E28,-3.697314E28,-3.697314E28,0.0000000,3,Missing,-3.697314E28,-3.697314E28,-3.697314E28,Missing,-3.697314E28,-3.697314E28,-3.697314E28,Missing,-3.697314E28,-3.697314E28,-3.697314E28,Port 0x02: JJH T tibia tracker  s/n:3E4C8800,914631895,1782469464.918621621,1,OK,0.7030719,0.1535413,-0.1371666,-0.6806617,5.273,152.468,-1631.704,0.2727119,3,OK,5.012,152.372,-1631.822,OK,-77.968,184.325,-1667.242,OK,2.085,242.341,-1630.239,Port 0x03: JJH Y femur tracker  s/n:3E4C8801,914631895,1782469464.918621621,1,OK,0.8318821,0.0138138,0.3597997,-0.4222861,-191.696,150.398,-1579.559,0.5683939,3,OK,-191.508,149.790,-1579.977,OK,-156.910,242.636,-1566.422,OK,-227.625,215.449,-1522.383
3,Port 0x01: JJH Probe  s/n:3E4C880C,914631898,1782469464.968621621,1,Too Few Markers,-3.697314E28,-3.697314E28,-3.697314E28,-3.697314E28,-3.697314E28,-3.697314E28,-3.697314E28,0.0000000,3,Missing,-3.697314E28,-3.697314E28,-3.697314E28,Missing,-3.697314E28,-3.697314E28,-3.697314E28,Missing,-3.697314E28,-3.697314E28,-3.697314E28,Port 0x02: JJH T tibia tracker  s/n:3E4C8800,914631898,1782469464.968621621,1,OK,0.7029438,0.1529022,-0.1381688,-0.6807351,5.735,152.348,-1632.685,0.2824239,3,OK,5.466,152.249,-1632.806,OK,-77.431,184.203,-1668.325,OK,2.592,242.215,-1631.431,Port 0x03: JJH Y femur tracker  s/n:3E4C8801,914631898,1782469464.968621621,1,OK,0.8398113,0.0230705,0.3422799,-0.4207484,-194.844,150.162,-1582.724,0.5816960,3,OK,-194.629,149.544,-1583.143,OK,-160.821,242.460,-1567.995,OK,-233.356,215.051,-1527.014
3,Port 0x01: JJH Probe  s/n:3E4C880C,914631901,1782469465.018621621,1,Too Few Markers,-3.697314E28,-3.697314E28,-3.697314E28,-3.697314E28,-3.697314E28,-3.697314E28,-3.697314E28,0.0000000,3,Missing,-3.697314E28,-3.697314E28,-3.697314E28,Missing,-3.697314E28,-3.697314E28,-3.697314E28,Missing,-3.697314E28,-3.697314E28,-3.697314E28,Port 0x02: JJH T tibia tracker  s/n:3E4C8800,914631901,1782469465.018621621,1,OK,0.7026282,0.1524508,-0.1398977,-0.6808090,6.030,152.095,-1633.385,0.2651254,3,OK,5.782,151.990,-1633.498,OK,-77.064,183.945,-1669.288,OK,3.004,241.977,-1632.389,Port 0x03: JJH Y femur tracker  s/n:3E4C8801,914631901,1782469465.018621621,1,OK,0.8475519,0.0320788,0.3236934,-0.4193439,-198.124,149.895,-1585.946,0.5965526,3,OK,-197.876,149.276,-1586.367,OK,-164.923,242.254,-1569.747,OK,-239.226,214.706,-1531.956
3,Port 0x01: JJH Probe  s/n:3E4C880C,914631904,1782469465.068621621,1,Too Few Markers,-3.697314E28,-3.697314E28,-3.697314E28,-3.697314E28,-3.697314E28,-3.697314E28,-3.697314E28,0.0000000,3,Missing,-3.697314E28,-3.697314E28,-3.697314E28,Missing,-3.697314E28,-3.697314E28,-3.697314E28,Missing,-3.697314E28,-3.697314E28,-3.697314E28,Port 0x02: JJH T tibia tracker  s/n:3E4C8800,914631904,1782469465.068621621,1,OK,0.7024413,0.1516182,-0.1408035,-0.6810011,6.374,151.722,-1634.088,0.2872375,3,OK,6.095,151.630,-1634.214,OK,-76.658,183.560,-1670.064,OK,3.446,241.612,-1633.296,Port 0x03: JJH Y femur tracker  s/n:3E4C8801,914631904,1782469465.068621621,1,OK,0.8553025,0.0417173,0.3038923,-0.4175724,-201.303,149.603,-1589.101,0.5908399,3,OK,-201.049,148.978,-1589.504,OK,-169.066,242.043,-1571.336,OK,-245.014,214.294,-1537.077
3,Port 0x01: JJH Probe  s/n:3E4C880C,914631907,1782469465.118621621,1,Too Few Markers,-3.697314E28,-3.697314E28,-3.697314E28,-3.697314E28,-3.697314E28,-3.697314E28,-3.697314E28,0.0000000,3,Missing,-3.697314E28,-3.697314E28,-3.697314E28,Missing,-3.697314E28,-3.697314E28,-3.697314E28,Missing,-3.697314E28,-3.697314E28,-3.697314E28,Port 0x02: JJH T tibia tracker  s/n:3E4C8800,914631907,1782469465.118621621,1,OK,0.7015709,0.1504090,-0.1428850,-0.6817325,6.926,151.329,-1634.838,0.2675489,3,OK,6.671,151.231,-1634.953,OK,-75.984,183.292,-1671.063,OK,4.285,241.227,-1634.414,Port 0x03: JJH Y femur tracker  s/n:3E4C8801,914631907,1782469465.118621621,1,OK,0.8628427,0.0519196,0.2834236,-0.4153045,-204.570,149.292,-1592.641,0.5929465,3,OK,-204.293,148.668,-1593.033,OK,-173.435,241.785,-1573.245,OK,-250.897,213.824,-1542.717
3,Port 0x01: JJH Probe  s/n:3E4C880C,914631910,1782469465.168621621,1,Too Few Markers,-3.697314E28,-3.697314E28,-3.697314E28,-3.697314E28,-3.697314E28,-3.697314E28,-3.697314E28,0.0000000,3,Missing,-3.697314E28,-3.697314E28,-3.697314E28,Missing,-3.697314E28,-3.697314E28,-3.697314E28,Missing,-3.697314E28,-3.697314E28,-3.697314E28,Port 0x02: JJH T tibia tracker  s/n:3E4C8800,914631910,1782469465.168621621,1,OK,0.7004625,0.1504236,-0.1430724,-0.6828289,7.455,150.764,-1635.077,0.2782446,3,OK,7.184,150.678,-1635.199,OK,-75.324,182.996,-1671.302,OK,5.089,240.662,-1634.619,Port 0x03: JJH Y femur tracker  s/n:3E4C8801,914631910,1782469465.168621621,1,OK,0.8699191,0.0623008,0.2623275,-0.4129693,-207.718,149.087,-1596.393,0.5979179,3,OK,-207.421,148.456,-1596.773,OK,-177.745,241.621,-1575.399,OK,-256.572,213.486,-1548.749
3,Port 0x01: JJH Probe  s/n:3E4C880C,914631913,1782469465.218621621,1,Too Few Markers,-3.697314E28,-3.697314E28,-3.697314E28,-3.697314E28,-3.697314E28,-3.697314E28,-3.697314E28,0.0000000,3,Missing,-3.697314E28,-3.697314E28,-3.697314E28,Missing,-3.697314E28,-3.697314E28,-3.697314E28,Missing,-3.697314E28,-3.697314E28,-3.697314E28,Port 0x02: JJH T tibia tracker  s/n:3E4C8800,914631913,1782469465.218621621,1,OK,0.6997178,0.1500474,-0.1437332,-0.6835360,8.002,150.221,-1635.704,0.2884163,3,OK,7.718,150.138,-1635.832,OK,-74.690,182.592,-1671.997,OK,5.859,240.138,-1635.330,Port 0x03: JJH Y femur tracker  s/n:3E4C8801,914631913,1782469465.218621621,1,OK,0.8771129,0.0733457,0.2394988,-0.4097971,-210.890,148.652,-1600.478,0.5917811,3,OK,-210.575,148.031,-1600.839,OK,-182.325,241.246,-1577.832,OK,-262.390,212.848,-1555.423
3,Port 0x01: JJH Probe  s/n:3E4C880C,914631916,1782469465.268621621,1,Too Few Markers,-3.697314E28,-3.697314E28,-3.697314E28,-3.697314E28,-3.697314E28,-3.697314E28,-3.697314E28,0.0000000,3,Missing,-3.697314E28,-3.697314E28,-3.697314E28,Missing,-3.697314E28,-3.697314E28,-3.697314E28,Missing,-3.697314E28,-3.697314E28,-3.697314E28,Port 0x02: JJH T tibia tracker  s/n:3E4C8800,914631916,1782469465.268621621,1,OK,0.6989049,0.1493225,-0.1459611,-0.6840541,8.327,149.679,-1636.021,0.2629950,3,OK,8.080,149.577,-1636.132,OK,-74.229,182.157,-1672.629,OK,6.424,239.604,-1635.982,Port 0x03: JJH Y femur tracker  s/n:3E4C8801,914631916,1782469465.268621621,1,OK,0.8839128,0.0844335,0.2157160,-0.4062459,-214.014,148.276,-1604.938,0.5855778,3,OK,-213.683,147.660,-1605.279,OK,-187.016,240.935,-1580.711,OK,-268.076,212.283,-1562.728
3,Port 0x01: JJH Probe  s/n:3E4C880C,914631919,1782469465.318621621,1,Too Few Markers,-3.697314E28,-3.697314E28,-3.697314E28,-3.697314E28,-3.697314E28,-3.697314E28,-3.697314E28,0.0000000,3,Missing,-3.697314E28,-3.697314E28,-3.697314E28,Missing,-3.697314E28,-3.697314E28,-3.697314E28,Missing,-3.697314E28,-3.697314E28,-3.697314E28,Port 0x02: JJH T tibia tracker  s/n:3E4C8800,914631919,1782469465.318621621,1,OK,0.6983284,0.1490844,-0.1451963,-0.6848572,8.843,149.384,-1636.295,0.2827158,3,OK,8.571,149.289,-1636.417,OK,-73.670,182.049,-1672.727,OK,7.081,239.305,-1636.160,Port 0x03: JJH Y femur tracker  s/n:3E4C8801,914631919,1782469465.318621621,1,OK,0.8903824,0.0973353,0.1895381,-0.4022690,-217.083,147.989,-1609.915,0.5877386,3,OK,-216.741,147.356,-1610.240,OK,-191.821,240.671,-1583.904,OK,-273.719,211.780,-1570.908
3,Port 0x01: JJH Probe  s/n:3E4C880C,914631922,1782469465.368621621,1,Too Few Markers,-3.697314E28,-3.697314E28,-3.697314E28,-3.697314E28,-3.697314E28,-3.697314E28,-3.697314E28,0.0000000,3,Missing,-3.697314E28,-3.697314E28,-3.697314E28,Missing,-3.697314E28,-3.697314E28,-3.697314E28,Missing,-3.697314E28,-3.697314E28,-3.697314E28,Port 0x02: JJH T tibia tracker  s/n:3E4C8800,914631922,1782469465.368621621,1,OK,0.6974214,0.1521405,-0.1421328,-0.6857514,9.242,149.163,-1635.875,0.2895133,3,OK,8.956,149.083,-1636.004,OK,-73.255,182.194,-1672.006,OK,7.559,239.083,-1634.924,Port 0x03: JJH Y femur tracker  s/n:3E4C8801,914631922,1782469465.368621621,1,OK,0.8964813,0.1091305,0.1628757,-0.3973453,-220.046,147.561,-1615.446,0.5730869,3,OK,-219.686,146.947,-1615.742,OK,-196.798,240.314,-1587.951,OK,-279.150,211.114,-1579.919
3,Port 0x01: JJH Probe  s/n:3E4C880C,914631925,1782469465.418621621,1,Too Few Markers,-3.697314E28,-3.697314E28,-3.697314E28,-3.697314E28,-3.697314E28,-3.697314E28,-3.697314E28,0.0000000,3,Missing,-3.697314E28,-3.697314E28,-3.697314E28,Missing,-3.697314E28,-3.697314E28,-3.697314E28,Missing,-3.697314E28,-3.697314E28,-3.697314E28,Port 0x02: JJH T tibia tracker  s/n:3E4C8800,914631925,1782469465.418621621,1,OK,0.6967596,0.1544638,-0.1407497,-0.6861899,9.452,148.797,-1635.192,0.2685780,3,OK,9.195,148.705,-1635.309,OK,-73.002,182.080,-1671.258,OK,7.799,238.707,-1633.755,Port 0x03: JJH Y femur tracker  s/n:3E4C8801,914631925,1782469465.418621621,1,OK,0.9017930,0.1218749,0.1347777,-0.3921108,-222.666,147.112,-1621.379,0.5750949,3,OK,-222.298,146.481,-1621.657,OK,-201.544,239.922,-1592.369,OK,-284.075,210.434,-1589.611
3,Port 0x01: JJH Probe  s/n:3E4C880C,914631928,1782469465.468621621,1,Too Few Markers,-3.697314E28,-3.697314E28,-3.697314E28,-3.697314E28,-3.697314E28,-3.697314E28,-3.697314E28,0.0000000,3,Missing,-3.697314E28,-3.697314E28,-3.697314E28,Missing,-3.697314E28,-3.697314E28,-3.697314E28,Missing,-3.697314E28,-3.697314E28,-3.697314E28,Port 0x02: JJH T tibia tracker  s/n:3E4C8800,914631928,1782469465.468621621,1,OK,0.6957510,0.1572858,-0.1379811,-0.6871339,9.930,148.632,-1634.456,0.2705930,3,OK,9.676,148.528,-1634.573,OK,-72.487,182.305,-1670.243,OK,8.364,238.536,-1632.275,Port 0x03: JJH Y femur tracker  s/n:3E4C8801,914631928,1782469465.468621621,1,OK,0.9061277,0.1354219,0.1057478,-0.3865370,-224.756,146.864,-1627.548,0.5741356,3,OK,-224.391,146.217,-1627.807,OK,-205.882,239.681,-1597.020,OK,-288.226,209.957,-1599.746
3,Port 0x01: JJH Probe  s/n:3E4C880C,914631931,1782469465.518621621,1,Too Few Markers,-3.697314E28,-3.697314E28,-3.697314E28,-3.697314E28,-3.697314E28,-3.697314E28,-3.697314E28,0.0000000,3,Missing,-3.697314E28,-3.697314E28,-3.697314E28,Missing,-3.697314E28,-3.697314E28,-3.697314E28,Missing,-3.697314E28,-3.697314E28,-3.697314E28,Port 0x02: JJH T tibia tracker  s/n:3E4C8800,914631931,1782469465.518621621,1,OK,0.6948413,0.1602852,-0.1349135,-0.6879699,10.405,148.411,-1633.554,0.2625100,3,OK,10.161,148.308,-1633.667,OK,-71.998,182.462,-1669.027,OK,8.889,238.285,-1630.576,Port 0x03: JJH Y femur tracker  s/n:3E4C8801,914631931,1782469465.518621621,1,OK,0.9095470,0.1485947,0.0764454,-0.3805258,-226.463,146.622,-1633.849,0.5760975,3,OK,-226.096,145.965,-1634.088,OK,-209.946,239.442,-1602.010,OK,-291.736,209.501,-1610.177
3,Port 0x01: JJH Probe  s/n:3E4C880C,914631934,1782469465.568621619,1,Too Few Markers,-3.697314E28,-3.697314E28,-3.697314E28,-3.697314E28,-3.697314E28,-3.697314E28,-3.697314E28,0.0000000,3,Missing,-3.697314E28,-3.697314E28,-3.697314E28,Missing,-3.697314E28,-3.697314E28,-3.697314E28,Missing,-3.697314E28,-3.697314E28,-3.697314E28,Port 0x02: JJH T tibia tracker  s/n:3E4C8800,914631934,1782469465.568621619,1,OK,0.6940691,0.1628494,-0.1321124,-0.6886904,10.774,148.093,-1632.578,0.2647478,3,OK,10.521,148.006,-1632.695,OK,-71.625,182.452,-1667.750,OK,9.309,237.936,-1628.890,Port 0x03: JJH Y femur tracker  s/n:3E4C8801,914631934,1782469465.568621619,1,OK,0.9119112,0.1622339,0.0462810,-0.3741071,-227.722,146.224,-1640.150,0.5705444,3,OK,-227.364,145.566,-1640.367,OK,-213.658,239.023,-1607.076,OK,-294.538,208.891,-1620.807
3,Port 0x01: JJH Probe  s/n:3E4C880C,914631937,1782469465.618621619,1,Too Few Markers,-3.697314E28,-3.697314E28,-3.697314E28,-3.697314E28,-3.697314E28,-3.697314E28,-3.697314E28,0.0000000,3,Missing,-3.697314E28,-3.697314E28,-3.697314E28,Missing,-3.697314E28,-3.697314E28,-3.697314E28,Missing,-3.697314E28,-3.697314E28,-3.697314E28,Port 0x02: JJH T tibia tracker  s/n:3E4C8800,914631937,1782469465.618621619,1,OK,0.6934044,0.1652620,-0.1295085,-0.6892796,11.151,148.074,-1631.551,0.2623266,3,OK,10.905,147.979,-1631.666,OK,-71.241,182.725,-1666.440,OK,9.691,237.881,-1627.214,Port 0x03: JJH Y femur tracker  s/n:3E4C8801,914631937,1782469465.618621619,1,OK,0.9131701,0.1755429,0.0168989,-0.3674498,-228.544,146.018,-1646.424,0.5689527,3,OK,-228.210,145.347,-1646.627,OK,-216.941,238.791,-1612.265,OK,-296.567,208.468,-1631.366
3,Port 0x01: JJH Probe  s/n:3E4C880C,914631940,1782469465.668621619,1,Too Few Markers,-3.697314E28,-3.697314E28,-3.697314E28,-3.697314E28,-3.697314E28,-3.697314E28,-3.697314E28,0.0000000,3,Missing,-3.697314E28,-3.697314E28,-3.697314E28,Missing,-3.697314E28,-3.697314E28,-3.697314E28,Missing,-3.697314E28,-3.697314E28,-3.697314E28,Port 0x02: JJH T tibia tracker  s/n:3E4C8800,914631940,1782469465.668621619,1,OK,0.6933370,0.1678270,-0.1264055,-0.6893036,11.294,148.042,-1630.722,0.2715674,3,OK,11.037,147.947,-1630.843,OK,-71.181,182.822,-1665.279,OK,9.712,237.824,-1625.671,Port 0x03: JJH Y femur tracker  s/n:3E4C8801,914631940,1782469465.668621619,1,OK,0.9135143,0.1878030,-0.0108107,-0.3607004,-228.948,145.640,-1652.517,0.5687523,3,OK,-228.630,144.969,-1652.706,OK,-219.751,238.376,-1617.516,OK,-297.867,207.887,-1641.568
3,Port 0x01: JJH Probe  s/n:3E4C880C,914631943,1782469465.718621619,1,Too Few Markers,-3.697314E28,-3.697314E28,-3.697314E28,-3.697314E28,-3.697314E28,-3.697314E28,-3.697314E28,0.0000000,3,Missing,-3.697314E28,-3.697314E28,-3.697314E28,Missing,-3.697314E28,-3.697314E28,-3.697314E28,Missing,-3.697314E28,-3.697314E28,-3.697314E28,Port 0x02: JJH T tibia tracker  s/n:3E4C8800,914631943,1782469465.718621619,1,OK,0.6933604,0.1690496,-0.1247511,-0.6892828,11.509,148.287,-1630.144,0.2746646,3,OK,11.241,148.208,-1630.269,OK,-71.013,183.120,-1664.510,OK,9.851,238.037,-1624.735,Port 0x03: JJH Y femur tracker  s/n:3E4C8801,914631943,1782469465.718621619,1,OK,0.9128269,0.2000052,-0.0376204,-0.3540193,-228.957,145.491,-1658.217,0.5776252,3,OK,-228.654,144.806,-1658.401,OK,-222.096,238.160,-1622.442,OK,-298.482,207.568,-1651.247
3,Port 0x01: JJH Probe  s/n:3E4C880C,914631946,1782469465.768621619,1,Too Few Markers,-3.697314E28,-3.697314E28,-3.697314E28,-3.697314E28,-3.697314E28,-3.697314E28,-3.697314E28,0.0000000,3,Missing,-3.697314E28,-3.697314E28,-3.697314E28,Missing,-3.697314E28,-3.697314E28,-3.697314E28,Missing,-3.697314E28,-3.697314E28,-3.697314E28,Port 0x02: JJH T tibia tracker  s/n:3E4C8800,914631946,1782469465.768621619,1,OK,0.6934406,0.1687559,-0.1238509,-0.6894364,11.844,148.512,-1629.765,0.2731269,3,OK,11.585,148.423,-1629.886,OK,-70.729,183.380,-1663.952,OK,10.164,238.251,-1624.286,Port 0x03: JJH Y femur tracker  s/n:3E4C8801,914631946,1782469465.768621619,1,OK,0.9115309,0.2107010,-0.0633512,-0.3474236,-228.636,145.300,-1663.623,0.5911591,3,OK,-228.344,144.602,-1663.801,OK,-224.021,237.947,-1627.397,OK,-298.498,207.252,-1660.552
3,Port 0x01: JJH Probe  s/n:3E4C880C,914631949,1782469465.818621619,1,Too Few Markers,-3.697314E28,-3.697314E28,-3.697314E28,-3.697314E28,-3.697314E28,-3.697314E28,-3.697314E28,0.0000000,3,Missing,-3.697314E28,-3.697314E28,-3.697314E28,Missing,-3.697314E28,-3.697314E28,-3.697314E28,Missing,-3.697314E28,-3.697314E28,-3.697314E28,Port 0x02: JJH T tibia tracker  s/n:3E4C8800,914631949,1782469465.818621619,1,OK,0.6937509,0.1691195,-0.1231540,-0.6891599,11.967,148.609,-1629.486,0.2557115,3,OK,11.732,148.504,-1629.598,OK,-70.696,183.431,-1663.607,OK,10.197,238.351,-1623.886,Port 0x03: JJH Y femur tracker  s/n:3E4C8801,914631949,1782469465.818621619,1,OK,0.9096824,0.2208631,-0.0877131,-0.3405934,-228.095,144.909,-1668.612,0.5818421,3,OK,-227.825,144.225,-1668.782,OK,-225.679,237.522,-1632.053,OK,-298.114,206.681,-1669.263
3,Port 0x01: JJH Probe  s/n:3E4C880C,914631952,1782469465.868621619,1,Too Few Markers,-3.697314E28,-3.697314E28,-3.697314E28,-3.697314E28,-3.697314E28,-3.697314E28,-3.697314E28,0.0000000,3,Missing,-3.697314E28,-3.697314E28,-3.697314E28,Missing,-3.697314E28,-3.697314E28,-3.697314E28,Missing,-3.697314E28,-3.697314E28,-3.697314E28,Port 0x02: JJH T tibia tracker  s/n:3E4C8800,914631952,1782469465.868621619,1,OK,0.6939343,0.1685941,-0.1220572,-0.6892991,12.185,148.891,-1629.377,0.2854289,3,OK,11.909,148.807,-1629.505,OK,-70.525,183.699,-1663.260,OK,10.399,238.624,-1623.706,Port 0x03: JJH Y femur tracker  s/n:3E4C8801,914631952,1782469465.868621619,1,OK,0.9071698,0.2306845,-0.1096606,-0.3343684,-227.344,144.938,-1673.374,0.5932677,3,OK,-227.098,144.243,-1673.550,OK,-226.929,237.477,-1636.467,OK,-297.298,206.582,-1677.319
3,Port 0x01: JJH Probe  s/n:3E4C880C,914631955,1782469465.918621619,1,Too Few Markers,-3.697314E28,-3.697314E28,-3.697314E28,-3.697314E28,-3.697314E28,-3.697314E28,-3.697314E28,0.0000000,3,Missing,-3.697314E28,-3.697314E28,-3.697314E28,Missing,-3.697314E28,-3.697314E28,-3.697314E28,Missing,-3.697314E28,-3.697314E28,-3.697314E28,Port 0x02: JJH T tibia tracker  s/n:3E4C8800,914631955,1782469465.918621619,1,OK,0.6945296,0.1671424,-0.1232935,-0.6888329,12.285,149.167,-1629.420,0.2817441,3,OK,12.013,149.083,-1629.546,OK,-70.458,183.784,-1663.421,OK,10.435,238.916,-1624.113,Port 0x03: JJH Y femur tracker  s/n:3E4C8801,914631955,1782469465.918621619,1,OK,0.9044468,0.2391460,-0.1301913,-0.3283830,-226.418,144.804,-1677.579,0.5965821,3,OK,-226.178,144.106,-1677.753,OK,-227.850,237.299,-1640.547,OK,-296.186,206.346,-1684.657
3,Port 0x01: JJH Probe  s/n:3E4C880C,914631958,1782469465.968621619,1,Too Few Markers,-3.697314E28,-3.697314E28,-3.697314E28,-3.697314E28,-3.697314E28,-3.697314E28,-3.697314E28,0.0000000,3,Missing,-3.697314E28,-3.697314E28,-3.697314E28,Missing,-3.697314E28,-3.697314E28,-3.697314E28,Missing,-3.697314E28,-3.697314E28,-3.697314E28,Port 0x02: JJH T tibia tracker  s/n:3E4C8800,914631958,1782469465.968621619,1,OK,0.6954894,0.1649358,-0.1253865,-0.6880181,12.251,149.473,-1629.907,0.2657616,3,OK,12.000,149.379,-1630.023,OK,-70.561,183.777,-1664.132,OK,10.295,239.254,-1625.179,Port 0x03: JJH Y femur tracker  s/n:3E4C8801,914631958,1782469465.968621619,1,OK,0.9016160,0.2467597,-0.1483744,-0.3227743,-225.467,144.626,-1681.448,0.5992566,3,OK,-225.247,143.930,-1681.627,OK,-228.584,237.074,-1644.346,OK,-294.946,206.051,-1691.288
3,Port 0x01: JJH Probe  s/n:3E4C880C,914631961,1782469466.018621619,1,Too Few Markers,-3.697314E28,-3.697314E28,-3.697314E28,-3.697314E28,-3.697314E28,-3.697314E28,-3.697314E28,0.0000000,3,Missing,-3.697314E28,-3.697314E28,-3.697314E28,Missing,-3.697314E28,-3.697314E28,-3.697314E28,Missing,-3.697314E28,-3.697314E28,-3.697314E28,Port 0x02: JJH T tibia tracker  s/n:3E4C8800,914631961,1782469466.018621619,1,OK,0.6965599,0.1624775,-0.1275120,-0.6871288,12.137,149.738,-1630.441,0.2661408,3,OK,11.894,149.625,-1630.554,OK,-70.742,183.693,-1664.871,OK,10.055,239.560,-1626.334,Port 0x03: JJH Y femur tracker  s/n:3E4C8801,914631961,1782469466.018621619,1,OK,0.8986529,0.2536728,-0.1640172,-0.3180747,-224.485,144.459,-1684.691,0.6049367,3,OK,-224.289,143.759,-1684.883,OK,-229.020,236.846,-1647.488,OK,-293.590,205.821,-1696.862
3,Port 0x01: JJH Probe  s/n:3E4C880C,914631964,1782469466.068621619,1,Too Few Markers,-3.697314E28,-3.697314E28,-3.697314E28,-3.697314E28,-3.697314E28,-3.697314E28,-3.697314E28,0.0000000,3,Missing,-3.697314E28,-3.697314E28,-3.697314E28,Missing,-3.697314E28,-3.697314E28,-3.697314E28,Missing,-3.697314E28,-3.697314E28,-3.697314E28,Port 0x02: JJH T tibia tracker  s/n:3E4C8800,914631964,1782469466.068621619,1,OK,0.6974337,0.1609712,-0.1280421,-0.6864982,12.086,149.984,-1630.683,0.2821384,3,OK,11.821,149.882,-1630.804,OK,-70.865,183.693,-1665.101,OK,9.870,239.812,-1626.868,Port 0x03: JJH Y femur tracker  s/n:3E4C8801,914631964,1782469466.068621619,1,OK,0.8961507,0.2585089,-0.1779033,-0.3137475,-223.597,144.329,-1687.281,0.5988025,3,OK,-223.395,143.642,-1687.461,OK,-229.354,236.708,-1650.273,OK,-292.332,205.640,-1701.606
3,Port 0x01: JJH Probe  s/n:3E4C880C,914631967,1782469466.118621619,1,Too Few Markers,-3.697314E28,-3.697314E28,-3.697314E28,-3.697314E28,-3.697314E28,-3.697314E28,-3.697314E28,0.0000000,3,Missing,-3.697314E28,-3.697314E28,-3.697314E28,Missing,-3.697314E28,-3.697314E28,-3.697314E28,Missing,-3.697314E28,-3.697314E28,-3.697314E28,Port 0x02: JJH T tibia tracker  s/n:3E4C8800,914631967,1782469466.118621619,1,OK,0.6977947,0.1607959,-0.1281147,-0.6861587,12.034,150.156,-1630.671,0.2790276,3,OK,11.768,150.063,-1630.792,OK,-70.951,183.771,-1665.097,OK,9.737,239.974,-1626.906,Port 0x03: JJH Y femur tracker  s/n:3E4C8801,914631967,1782469466.118621619,1,OK,0.8938571,0.2630152,-0.1885995,-0.3102784,-222.797,144.251,-1689.536,0.6019604,3,OK,-222.607,143.568,-1689.721,OK,-229.550,236.587,-1652.559,OK,-291.187,205.509,-1705.459
3,Port 0x01: JJH Probe  s/n:3E4C880C,914631970,1782469466.168621619,1,Too Few Markers,-3.697314E28,-3.697314E28,-3.697314E28,-3.697314E28,-3.697314E28,-3.697314E28,-3.697314E28,0.0000000,3,Missing,-3.697314E28,-3.697314E28,-3.697314E28,Missing,-3.697314E28,-3.697314E28,-3.697314E28,Missing,-3.697314E28,-3.697314E28,-3.697314E28,Port 0x02: JJH T tibia tracker  s/n:3E4C8800,914631970,1782469466.168621619,1,OK,0.6981596,0.1608482,-0.1280260,-0.6857918,11.944,150.303,-1630.528,0.2741518,3,OK,11.687,150.200,-1630.646,OK,-71.095,183.826,-1664.960,OK,9.563,240.131,-1626.759,Port 0x03: JJH Y femur tracker  s/n:3E4C8801,914631970,1782469466.168621619,1,OK,0.8919208,0.2662886,-0.1973524,-0.3076032,-222.113,144.250,-1691.247,0.5975429,3,OK,-221.931,143.568,-1691.436,OK,-229.608,236.583,-1654.359,OK,-290.185,205.484,-1708.501
3,Port 0x01: JJH Probe  s/n:3E4C880C,914631973,1782469466.218621619,1,Too Few Markers,-3.697314E28,-3.697314E28,-3.697314E28,-3.697314E28,-3.697314E28,-3.697314E28,-3.697314E28,0.0000000,3,Missing,-3.697314E28,-3.697314E28,-3.697314E28,Missing,-3.697314E28,-3.697314E28,-3.697314E28,Missing,-3.697314E28,-3.697314E28,-3.697314E28,Port 0x02: JJH T tibia tracker  s/n:3E4C8800,914631973,1782469466.218621619,1,OK,0.6983618,0.1612823,-0.1283063,-0.6854315,11.843,150.440,-1630.327,0.2605944,3,OK,11.597,150.344,-1630.440,OK,-71.210,183.896,-1664.855,OK,9.398,240.263,-1626.550,Port 0x03: JJH Y femur tracker  s/n:3E4C8801,914631973,1782469466.218621619,1,OK,0.8904950,0.2684046,-0.2043070,-0.3053462,-221.520,144.198,-1692.496,0.6018176,3,OK,-221.333,143.526,-1692.675,OK,-229.629,236.529,-1655.811,OK,-289.318,205.416,-1710.823
3,Port 0x01: JJH Probe  s/n:3E4C880C,914631976,1782469466.268621619,1,Too Few Markers,-3.697314E28,-3.697314E28,-3.697314E28,-3.697314E28,-3.697314E28,-3.697314E28,-3.697314E28,0.0000000,3,Missing,-3.697314E28,-3.697314E28,-3.697314E28,Missing,-3.697314E28,-3.697314E28,-3.697314E28,Missing,-3.697314E28,-3.697314E28,-3.697314E28,Port 0x02: JJH T tibia tracker  s/n:3E4C8800,914631976,1782469466.268621619,1,OK,0.6988221,0.1607959,-0.1277017,-0.6851894,11.811,150.572,-1630.287,0.2751364,3,OK,11.551,150.472,-1630.406,OK,-71.303,183.943,-1664.676,OK,9.264,240.391,-1626.518,Port 0x03: JJH Y femur tracker  s/n:3E4C8801,914631976,1782469466.268621619,1,OK,0.8889372,0.2712502,-0.2096074,-0.3037741,-221.009,144.202,-1693.739,0.6148309,3,OK,-220.849,143.514,-1693.946,OK,-229.596,236.507,-1656.948,OK,-288.555,205.413,-1712.797
3,Port 0x01: JJH Probe  s/n:3E4C880C,914631979,1782469466.318621619,1,Too Few Markers,-3.697314E28,-3.697314E28,-3.697314E28,-3.697314E28,-3.697314E28,-3.697314E28,-3.697314E28,0.0000000,3,Missing,-3.697314E28,-3.697314E28,-3.697314E28,Missing,-3.697314E28,-3.697314E28,-3.697314E28,Missing,-3.697314E28,-3.697314E28,-3.697314E28,Port 0x02: JJH T tibia tracker  s/n:3E4C8800,914631979,1782469466.318621619,1,OK,0.6990746,0.1609302,-0.1276609,-0.6849079,11.737,150.636,-1630.195,0.2727016,3,OK,11.481,150.532,-1630.313,OK,-71.405,183.945,-1664.597,OK,9.121,240.458,-1626.417,Port 0x03: JJH Y femur tracker  s/n:3E4C8801,914631979,1782469466.318621619,1,OK,0.8876025,0.2730796,-0.2150973,-0.3021961,-220.515,144.175,-1694.651,0.5843025,3,OK,-220.348,143.511,-1694.840,OK,-229.507,236.462,-1657.960,OK,-287.839,205.394,-1714.562
3,Port 0x01: JJH Probe  s/n:3E4C880C,914631982,1782469466.368621619,1,Too Few Markers,-3.697314E28,-3.697314E28,-3.697314E28,-3.697314E28,-3.697314E28,-3.697314E28,-3.697314E28,0.0000000,3,Missing,-3.697314E28,-3.697314E28,-3.697314E28,Missing,-3.697314E28,-3.697314E28,-3.697314E28,Missing,-3.697314E28,-3.697314E28,-3.697314E28,Port 0x02: JJH T tibia tracker  s/n:3E4C8800,914631982,1782469466.368621619,1,OK,0.6992331,0.1614304,-0.1269573,-0.6847592,11.722,150.633,-1630.014,0.2763161,3,OK,11.462,150.531,-1630.133,OK,-71.452,183.929,-1664.337,OK,9.039,240.448,-1626.093,Port 0x03: JJH Y femur tracker  s/n:3E4C8801,914631982,1782469466.368621619,1,OK,0.8861846,0.2741294,-0.2192360,-0.3024326,-219.752,144.468,-1695.300,0.5844480,3,OK,-219.592,143.806,-1695.492,OK,-228.770,236.778,-1658.662,OK,-286.708,205.893,-1715.763
3,Port 0x01: JJH Probe  s/n:3E4C880C,914631985,1782469466.418621619,1,Too Few Markers,-3.697314E28,-3.697314E28,-3.697314E28,-3.697314E28,-3.697314E28,-3.697314E28,-3.697314E28,0.0000000,3,Missing,-3.697314E28,-3.697314E28,-3.697314E28,Missing,-3.697314E28,-3.697314E28,-3.697314E28,Missing,-3.697314E28,-3.697314E28,-3.697314E28,Port 0x02: JJH T tibia tracker  s/n:3E4C8800,914631985,1782469466.418621619,1,OK,0.6978181,0.1656452,-0.1231230,-0.6858953,11.957,150.450,-1628.503,0.2763025,3,OK,11.694,150.356,-1628.624,OK,-71.157,184.253,-1662.459,OK,9.380,240.208,-1623.516,Port 0x03: JJH Y femur tracker  s/n:3E4C8801,914631985,1782469466.418621619,1,OK,0.8859823,0.2743112,-0.2188833,-0.3031153,-219.422,144.853,-1695.246,0.5940367,3,OK,-219.259,144.186,-1695.440,OK,-228.325,237.135,-1658.525,OK,-286.319,206.377,-1715.586
3,Port 0x01: JJH Probe  s/n:3E4C880C,914631988,1782469466.468621619,1,Too Few Markers,-3.697314E28,-3.697314E28,-3.697314E28,-3.697314E28,-3.697314E28,-3.697314E28,-3.697314E28,0.0000000,3,Missing,-3.697314E28,-3.697314E28,-3.697314E28,Missing,-3.697314E28,-3.697314E28,-3.697314E28,Missing,-3.697314E28,-3.697314E28,-3.697314E28,Port 0x02: JJH T tibia tracker  s/n:3E4C8800,914631988,1782469466.468621619,1,OK,0.6982089,0.1646777,-0.1239857,-0.6855751,12.306,150.509,-1628.857,0.2621588,3,OK,12.056,150.418,-1628.972,OK,-70.850,184.181,-1662.905,OK,9.695,240.275,-1624.113,Port 0x03: JJH Y femur tracker  s/n:3E4C8801,914631988,1782469466.468621619,1,OK,0.8868331,0.2735558,-0.2177173,-0.3021480,-219.525,144.435,-1694.974,0.5943912,3,OK,-219.348,143.767,-1695.157,OK,-228.580,236.735,-1658.382,OK,-286.637,205.774,-1715.249
3,Port 0x01: JJH Probe  s/n:3E4C880C,914631991,1782469466.518621619,1,Too Few Markers,-3.697314E28,-3.697314E28,-3.697314E28,-3.697314E28,-3.697314E28,-3.697314E28,-3.697314E28,0.0000000,3,Missing,-3.697314E28,-3.697314E28,-3.697314E28,Missing,-3.697314E28,-3.697314E28,-3.697314E28,Missing,-3.697314E28,-3.697314E28,-3.697314E28,Port 0x02: JJH T tibia tracker  s/n:3E4C8800,914631991,1782469466.518621619,1,OK,0.6982475,0.1643428,-0.1238973,-0.6856321,12.546,150.601,-1628.868,0.2718862,3,OK,12.291,150.499,-1628.986,OK,-70.612,184.272,-1662.870,OK,9.936,240.375,-1624.158,Port 0x03: JJH Y femur tracker  s/n:3E4C8801,914631991,1782469466.518621619,1,OK,0.8859007,0.2732410,-0.2190433,-0.3042028,-218.604,145.172,-1695.153,0.5983935,3,OK,-218.433,144.505,-1695.337,OK,-227.251,237.514,-1658.575,OK,-285.365,206.853,-1715.514
3,Port 0x01: JJH Probe  s/n:3E4C880C,914631994,1782469466.568621622,1,Too Few Markers,-3.697314E28,-3.697314E28,-3.697314E28,-3.697314E28,-3.697314E28,-3.697314E28,-3.697314E28,0.0000000,3,Missing,-3.697314E28,-3.697314E28,-3.697314E28,Missing,-3.697314E28,-3.697314E28,-3.697314E28,Missing,-3.697314E28,-3.697314E28,-3.697314E28,Port 0x02: JJH T tibia tracker  s/n:3E4C8800,914631994,1782469466.568621622,1,OK,0.6967383,0.1686987,-0.1201440,-0.6867765,13.219,149.739,-1627.140,0.2593548,3,OK,12.977,149.642,-1627.253,OK,-69.873,183.942,-1660.796,OK,10.717,239.439,-1621.359,Port 0x03: JJH Y femur tracker  s/n:3E4C8801,914631994,1782469466.568621622,1,OK,0.8835358,0.2738308,-0.2199361,-0.3098537,-216.616,146.204,-1695.156,0.5965989,3,OK,-216.476,145.532,-1695.363,OK,-224.164,238.519,-1658.155,OK,-282.645,208.713,-1715.254
3,Port 0x01: JJH Probe  s/n:3E4C880C,914631997,1782469466.618621622,1,Too Few Markers,-3.697314E28,-3.697314E28,-3.697314E28,-3.697314E28,-3.697314E28,-3.697314E28,-3.697314E28,0.0000000,3,Missing,-3.697314E28,-3.697314E28,-3.697314E28,Missing,-3.697314E28,-3.697314E28,-3.697314E28,Missing,-3.697314E28,-3.697314E28,-3.697314E28,Port 0x02: JJH T tibia tracker  s/n:3E4C8800,914631997,1782469466.618621622,1,OK,0.6938116,0.1745558,-0.1148376,-0.6891793,13.593,148.841,-1625.382,0.2493156,3,OK,13.359,148.750,-1625.492,OK,-69.359,183.952,-1658.503,OK,11.475,238.442,-1618.070,Port 0x03: JJH Y femur tracker  s/n:3E4C8801,914631997,1782469466.618621622,1,OK,0.8835374,0.2745994,-0.2205650,-0.3087198,-216.749,146.025,-1695.069,0.5848559,3,OK,-216.592,145.346,-1695.267,OK,-224.539,238.311,-1658.021,OK,-282.900,208.415,-1715.312
3,Port 0x01: JJH Probe  s/n:3E4C880C,914632000,1782469466.668621622,1,Too Few Markers,-3.697314E28,-3.697314E28,-3.697314E28,-3.697314E28,-3.697314E28,-3.697314E28,-3.697314E28,0.0000000,3,Missing,-3.697314E28,-3.697314E28,-3.697314E28,Missing,-3.697314E28,-3.697314E28,-3.697314E28,Missing,-3.697314E28,-3.697314E28,-3.697314E28,Port 0x02: JJH T tibia tracker  s/n:3E4C8800,914632000,1782469466.668621622,1,OK,0.6927657,0.1776737,-0.1108348,-0.6900894,14.341,148.776,-1624.195,0.2691934,3,OK,14.082,148.695,-1624.316,OK,-68.606,184.269,-1656.827,OK,12.285,238.298,-1615.948,Port 0x03: JJH Y femur tracker  s/n:3E4C8801,914632000,1782469466.668621622,1,OK,0.8838691,0.2740480,-0.2196675,-0.3089001,-216.426,146.062,-1694.808,0.5892757,3,OK,-216.281,145.398,-1695.008,OK,-224.169,238.352,-1657.815,OK,-282.594,208.432,-1714.915
3,Port 0x01: JJH Probe  s/n:3E4C880C,914632003,1782469466.718621622,1,Too Few Markers,-3.697314E28,-3.697314E28,-3.697314E28,-3.697314E28,-3.697314E28,-3.697314E28,-3.697314E28,0.0000000,3,Missing,-3.697314E28,-3.697314E28,-3.697314E28,Missing,-3.697314E28,-3.697314E28,-3.697314E28,Missing,-3.697314E28,-3.697314E28,-3.697314E28,Port 0x02: JJH T tibia tracker  s/n:3E4C8800,914632003,1782469466.718621622,1,OK,0.6937120,0.1779585,-0.1108480,-0.6890625,13.717,148.954,-1624.332,0.2642815,3,OK,13.465,148.867,-1624.451,OK,-69.324,184.209,-1657.024,OK,11.413,238.478,-1616.100,Port 0x03: JJH Y femur tracker  s/n:3E4C8801,914632003,1782469466.718621622,1,OK,0.8838489,0.2739092,-0.2203682,-0.3085819,-216.584,146.025,-1694.870,0.5770819,3,OK,-216.419,145.360,-1695.056,OK,-224.370,238.334,-1657.954,OK,-282.768,208.384,-1715.137
3,Port 0x01: JJH Probe  s/n:3E4C880C,914632006,1782469466.768621622,1,Too Few Markers,-3.697314E28,-3.697314E28,-3.697314E28,-3.697314E28,-3.697314E28,-3.697314E28,-3.697314E28,0.0000000,3,Missing,-3.697314E28,-3.697314E28,-3.697314E28,Missing,-3.697314E28,-3.697314E28,-3.697314E28,Missing,-3.697314E28,-3.697314E28,-3.697314E28,Port 0x02: JJH T tibia tracker  s/n:3E4C8800,914632006,1782469466.768621622,1,OK,0.6938950,0.1771018,-0.1120758,-0.6889003,13.919,149.066,-1624.604,0.2517275,3,OK,13.679,148.984,-1624.717,OK,-69.111,184.241,-1657.450,OK,11.623,238.605,-1616.641,Port 0x03: JJH Y femur tracker  s/n:3E4C8801,914632006,1782469466.768621622,1,OK,0.8838647,0.2739300,-0.2195835,-0.3090772,-216.415,146.038,-1694.718,0.5896868,3,OK,-216.253,145.370,-1694.907,OK,-224.121,238.317,-1657.739,OK,-282.584,208.448,-1714.810
3,Port 0x01: JJH Probe  s/n:3E4C880C,914632009,1782469466.818621622,1,Too Few Markers,-3.697314E28,-3.697314E28,-3.697314E28,-3.697314E28,-3.697314E28,-3.697314E28,-3.697314E28,0.0000000,3,Missing,-3.697314E28,-3.697314E28,-3.697314E28,Missing,-3.697314E28,-3.697314E28,-3.697314E28,Missing,-3.697314E28,-3.697314E28,-3.697314E28,Port 0x02: JJH T tibia tracker  s/n:3E4C8800,914632009,1782469466.818621622,1,OK,0.6940421,0.1763742,-0.1122745,-0.6889064,13.790,149.069,-1624.926,0.2624085,3,OK,13.532,149.001,-1625.046,OK,-69.253,184.189,-1657.753,OK,11.513,238.616,-1617.077,Port 0x03: JJH Y femur tracker  s/n:3E4C8801,914632009,1782469466.818621622,1,OK,0.8838479,0.2735088,-0.2201489,-0.3090958,-216.538,146.098,-1694.818,0.5896844,3,OK,-216.368,145.422,-1695.004,OK,-224.215,238.425,-1657.938,OK,-282.672,208.525,-1715.034
3,Port 0x01: JJH Probe  s/n:3E4C880C,914632012,1782469466.868621622,1,Too Few Markers,-3.697314E28,-3.697314E28,-3.697314E28,-3.697314E28,-3.697314E28,-3.697314E28,-3.697314E28,0.0000000,3,Missing,-3.697314E28,-3.697314E28,-3.697314E28,Missing,-3.697314E28,-3.697314E28,-3.697314E28,Missing,-3.697314E28,-3.697314E28,-3.697314E28,Port 0x02: JJH T tibia tracker  s/n:3E4C8800,914632012,1782469466.868621622,1,OK,0.6939077,0.1766586,-0.1121051,-0.6889966,13.967,149.039,-1624.702,0.2634808,3,OK,13.715,148.953,-1624.820,OK,-69.064,184.205,-1657.516,OK,11.698,238.592,-1616.793,Port 0x03: JJH Y femur tracker  s/n:3E4C8801,914632012,1782469466.868621622,1,OK,0.8837939,0.2739440,-0.2197993,-0.3091139,-216.395,146.050,-1694.732,0.5797777,3,OK,-216.224,145.375,-1694.917,OK,-224.070,238.344,-1657.737,OK,-282.576,208.470,-1714.880
