Tools,Port 0x01: JJH Probe  s/n:3E4C880C,Frame,Time [sec],Face,State,Q0,Qx,Qy,Qz,Tx,Ty,Tz,Error,Markers,State,Tx,Ty,Tz,State,Tx,Ty,Tz,State,Tx,Ty,Tz,Port 0x02: JJH T tibia tracker  s/n:3E4C8800,Frame,Time [sec],Face,State,Q0,Qx,Qy,Qz,Tx,Ty,Tz,Error,Markers,State,Tx,Ty,Tz,State,Tx,Ty,Tz,State,Tx,Ty,Tz,Port 0x03: JJH Y femur tracker  s/n:3E4C8801,Frame,Time [sec],Face,State,Q0,Qx,Qy,Qz,Tx,Ty,Tz,Error,Markers,State,Tx,Ty,Tz,State,Tx,Ty,Tz,State,Tx,Ty,Tz,Passive Strays,Frame,Time [sec],Face,State,Q0,Qx,Qy,Qz,Tx,Ty,Tz,Error,Markers
4,Port 0x01: JJH Probe  s/n:3E4C880C,795532894,1780484481.568646561,1,Too Few Markers,-3.697314E28,-3.697314E28,-3.697314E28,-3.697314E28,-3.697314E28,-3.697314E28,-3.697314E28,0.0000000,3,Missing,-3.697314E28,-3.697314E28,-3.697314E28,Missing,-3.697314E28,-3.697314E28,-3.697314E28,Missing,-3.697314E28,-3.697314E28,-3.697314E28,Port 0x02: JJH T tibia tracker  s/n:3E4C8800,795532894,1780484481.568646561,1,OK,0.6528908,-0.0355032,-0.0446619,-0.7553002,269.497,-38.181,-1800.655,0.1791008,3,OK,269.345,-38.184,-1800.656,OK,185.517,8.356,-1806.383,OK,282.672,50.173,-1810.716,Port 0x03: JJH Y femur tracker  s/n:3E4C8801,795532894,1780484481.568646561,1,OK,0.8554312,0.2403465,0.3627055,-0.2809196,70.830,-93.988,-1708.254,0.4883987,3,OK,71.119,-94.279,-1708.768,OK,89.607,-17.642,-1647.363,OK,16.686,-65.190,-1637.446,Passive Strays,795532894,1780484481.568,1,OK,-3.697314E28,-3.697314E28,-3.697314E28,-3.697314E28,-3.697314E28,-3.697314E28,-3.697314E28,0.0000000,0
4,Port 0x01: JJH Probe  s/n:3E4C880C,795532897,1780484481.618646561,1,Too Few Markers,-3.697314E28,-3.697314E28,-3.697314E28,-3.697314E28,-3.697314E28,-3.697314E28,-3.697314E28,0.0000000,3,Missing,-3.697314E28,-3.697314E28,-3.697314E28,Missing,-3.697314E28,-3.697314E28,-3.697314E28,Missing,-3.697314E28,-3.697314E28,-3.697314E28,Port 0x02: JJH T tibia tracker  s/n:3E4C8800,795532897,1780484481.618646561,1,OK,0.6530125,-0.0349489,-0.0428174,-0.7553277,269.520,-38.201,-1800.901,0.1648505,3,OK,269.385,-38.191,-1800.902,OK,185.517,8.358,-1806.333,OK,282.668,50.166,-1810.669,Port 0x03: JJH Y femur tracker  s/n:3E4C8801,795532897,1780484481.618646561,1,OK,0.8554776,0.2400863,0.3627044,-0.2810020,70.824,-94.012,-1708.238,0.4716116,3,OK,71.109,-94.283,-1708.729,OK,89.608,-17.642,-1647.402,OK,16.687,-65.189,-1637.444,Passive Strays,795532897,1780484481.618,1,OK,-3.697314E28,-3.697314E28,-3.697314E28,-3.697314E28,-3.697314E28,-3.697314E28,-3.697314E28,0.0000000,0
4,Port 0x01: JJH Probe  s/n:3E4C880C,795532900,1780484481.668646561,1,Too Few Markers,-3.697314E28,-3.697314E28,-3.697314E28,-3.697314E28,-3.697314E28,-3.697314E28,-3.697314E28,0.0000000,3,Missing,-3.697314E28,-3.697314E28,-3.697314E28,Missing,-3.697314E28,-3.697314E28,-3.697314E28,Missing,-3.697314E28,-3.697314E28,-3.697314E28,Port 0x02: JJH T tibia tracker  s/n:3E4C8800,795532900,1780484481.668646561,1,OK,0.6528338,-0.0359824,-0.0450585,-0.7553033,269.506,-38.185,-1800.616,0.1794811,3,OK,269.358,-38.189,-1800.616,OK,185.523,8.353,-1806.384,OK,282.692,50.155,-1810.788,Port 0x03: JJH Y femur tracker  s/n:3E4C8801,795532900,1780484481.668646561,1,OK,0.8555337,0.2402767,0.3624797,-0.2809583,70.846,-94.009,-1708.210,0.4532844,3,OK,71.113,-94.281,-1708.687,OK,89.607,-17.648,-1647.341,OK,16.695,-65.200,-1637.463,Passive Strays,795532900,1780484481.668,1,OK,-3.697314E28,-3.697314E28,-3.697314E28,-3.697314E28,-3.697314E28,-3.697314E28,-3.697314E28,0.0000000,0
4,Port 0x01: JJH Probe  s/n:3E4C880C,795532903,1780484481.718646561,1,Too Few Markers,-3.697314E28,-3.697314E28,-3.697314E28,-3.697314E28,-3.697314E28,-3.697314E28,-3.697314E28,0.0000000,3,Missing,-3.697314E28,-3.697314E28,-3.697314E28,Missing,-3.697314E28,-3.697314E28,-3.697314E28,Missing,-3.697314E28,-3.697314E28,-3.697314E28,Port 0x02: JJH T tibia tracker  s/n:3E4C8800,795532903,1780484481.718646561,1,OK,0.6529120,-0.0354545,-0.0444412,-0.7552972,269.515,-38.189,-1800.672,0.1772167,3,OK,269.367,-38.200,-1800.671,OK,185.534,8.352,-1806.364,OK,282.682,50.173,-1810.701,Port 0x03: JJH Y femur tracker  s/n:3E4C8801,795532903,1780484481.718646561,1,OK,0.8556085,0.2401519,0.3623652,-0.2809852,70.866,-94.024,-1708.219,0.4418973,3,OK,71.123,-94.292,-1708.685,OK,89.616,-17.639,-1647.372,OK,16.709,-65.199,-1637.502,Passive Strays,795532903,1780484481.718,1,OK,-3.697314E28,-3.697314E28,-3.697314E28,-3.697314E28,-3.697314E28,-3.697314E28,-3.697314E28,0.0000000,0
4,Port 0x01: JJH Probe  s/n:3E4C880C,795532906,1780484481.768646561,1,Too Few Markers,-3.697314E28,-3.697314E28,-3.697314E28,-3.697314E28,-3.697314E28,-3.697314E28,-3.697314E28,0.0000000,3,Missing,-3.697314E28,-3.697314E28,-3.697314E28,Missing,-3.697314E28,-3.697314E28,-3.697314E28,Missing,-3.697314E28,-3.697314E28,-3.697314E28,Port 0x02: JJH T tibia tracker  s/n:3E4C8800,795532906,1780484481.768646561,1,OK,0.6529539,-0.0357546,-0.0437085,-0.7552896,269.519,-38.199,-1800.773,0.1723786,3,OK,269.381,-38.211,-1800.772,OK,185.520,8.351,-1806.313,OK,282.673,50.165,-1810.756,Port 0x03: JJH Y femur tracker  s/n:3E4C8801,795532906,1780484481.768646561,1,OK,0.8555291,0.2401391,0.3625632,-0.2809823,70.834,-94.021,-1708.192,0.4600578,3,OK,71.110,-94.289,-1708.673,OK,89.603,-17.650,-1647.350,OK,16.684,-65.201,-1637.427,Passive Strays,795532906,1780484481.768,1,OK,-3.697314E28,-3.697314E28,-3.697314E28,-3.697314E28,-3.697314E28,-3.697314E28,-3.697314E28,0.0000000,0
4,Port 0x01: JJH Probe  s/n:3E4C880C,795532909,1780484481.818646561,1,Too Few Markers,-3.697314E28,-3.697314E28,-3.697314E28,-3.697314E28,-3.697314E28,-3.697314E28,-3.697314E28,0.0000000,3,Missing,-3.697314E28,-3.697314E28,-3.697314E28,Missing,-3.697314E28,-3.697314E28,-3.697314E28,Missing,-3.697314E28,-3.697314E28,-3.697314E28,Port 0x02: JJH T tibia tracker  s/n:3E4C8800,795532909,1780484481.818646561,1,OK,0.6528361,-0.0358427,-0.0442620,-0.7553550,269.507,-38.203,-1800.645,0.1892856,3,OK,269.348,-38.203,-1800.645,OK,185.525,8.344,-1806.278,OK,282.702,50.156,-1810.705,Port 0x03: JJH Y femur tracker  s/n:3E4C8801,795532909,1780484481.818646561,1,OK,0.8555325,0.2401586,0.3625810,-0.2809322,70.855,-94.009,-1708.230,0.4596352,3,OK,71.132,-94.275,-1708.710,OK,89.615,-17.645,-1647.383,OK,16.705,-65.197,-1637.464,Passive Strays,795532909,1780484481.818,1,OK,-3.697314E28,-3.697314E28,-3.697314E28,-3.697314E28,-3.697314E28,-3.697314E28,-3.697314E28,0.0000000,0
4,Port 0x01: JJH Probe  s/n:3E4C880C,795532912,1780484481.868646561,1,Too Few Markers,-3.697314E28,-3.697314E28,-3.697314E28,-3.697314E28,-3.697314E28,-3.697314E28,-3.697314E28,0.0000000,3,Missing,-3.697314E28,-3.697314E28,-3.697314E28,Missing,-3.697314E28,-3.697314E28,-3.697314E28,Missing,-3.697314E28,-3.697314E28,-3.697314E28,Port 0x02: JJH T tibia tracker  s/n:3E4C8800,795532912,1780484481.868646561,1,OK,0.6528046,-0.0360900,-0.0451095,-0.7553204,269.489,-38.194,-1800.541,0.1960520,3,OK,269.321,-38.213,-1800.539,OK,185.523,8.341,-1806.310,OK,282.685,50.168,-1810.736,Port 0x03: JJH Y femur tracker  s/n:3E4C8801,795532912,1780484481.868646561,1,OK,0.8554338,0.2404167,0.3626551,-0.2809167,70.835,-93.988,-1708.206,0.4833353,3,OK,71.117,-94.280,-1708.716,OK,89.607,-17.645,-1647.300,OK,16.693,-65.193,-1637.410,Passive Strays,795532912,1780484481.868,1,OK,-3.697314E28,-3.697314E28,-3.697314E28,-3.697314E28,-3.697314E28,-3.697314E28,-3.697314E28,0.0000000,0
4,Port 0x01: JJH Probe  s/n:3E4C880C,795532915,1780484481.918646561,1,Too Few Markers,-3.697314E28,-3.697314E28,-3.697314E28,-3.697314E28,-3.697314E28,-3.697314E28,-3.697314E28,0.0000000,3,Missing,-3.697314E28,-3.697314E28,-3.697314E28,Missing,-3.697314E28,-3.697314E28,-3.697314E28,Missing,-3.697314E28,-3.697314E28,-3.697314E28,Port 0x02: JJH T tibia tracker  s/n:3E4C8800,795532915,1780484481.918646561,1,OK,0.6528359,-0.0360903,-0.0442161,-0.7553461,269.512,-38.206,-1800.663,0.1857521,3,OK,269.361,-38.203,-1800.664,OK,185.520,8.344,-1806.272,OK,282.706,50.145,-1810.751,Port 0x03: JJH Y femur tracker  s/n:3E4C8801,795532915,1780484481.918646561,1,OK,0.8555322,0.2403835,0.3624562,-0.2809020,70.862,-94.002,-1708.224,0.4741120,3,OK,71.138,-94.290,-1708.725,OK,89.609,-17.649,-1647.328,OK,16.697,-65.197,-1637.464,Passive Strays,795532915,1780484481.918,1,OK,-3.697314E28,-3.697314E28,-3.697314E28,-3.697314E28,-3.697314E28,-3.697314E28,-3.697314E28,0.0000000,0
4,Port 0x01: JJH Probe  s/n:3E4C880C,795532918,1780484481.968646561,1,Too Few Markers,-3.697314E28,-3.697314E28,-3.697314E28,-3.697314E28,-3.697314E28,-3.697314E28,-3.697314E28,0.0000000,3,Missing,-3.697314E28,-3.697314E28,-3.697314E28,Missing,-3.697314E28,-3.697314E28,-3.697314E28,Missing,-3.697314E28,-3.697314E28,-3.697314E28,Port 0x02: JJH T tibia tracker  s/n:3E4C8800,795532918,1780484481.968646561,1,OK,0.6528875,-0.0359548,-0.0442750,-0.7553045,269.491,-38.209,-1800.647,0.1892093,3,OK,269.337,-38.221,-1800.647,OK,185.499,8.329,-1806.275,OK,282.673,50.156,-1810.726,Port 0x03: JJH Y femur tracker  s/n:3E4C8801,795532918,1780484481.968646561,1,OK,0.8554821,0.2400785,0.3627457,-0.2809417,70.818,-94.016,-1708.213,0.4770333,3,OK,71.109,-94.289,-1708.710,OK,89.592,-17.650,-1647.375,OK,16.680,-65.199,-1637.411,Passive Strays,795532918,1780484481.968,1,OK,-3.697314E28,-3.697314E28,-3.697314E28,-3.697314E28,-3.697314E28,-3.697314E28,-3.697314E28,0.0000000,0
4,Port 0x01: JJH Probe  s/n:3E4C880C,795532921,1780484482.018646561,1,Too Few Markers,-3.697314E28,-3.697314E28,-3.697314E28,-3.697314E28,-3.697314E28,-3.697314E28,-3.697314E28,0.0000000,3,Missing,-3.697314E28,-3.697314E28,-3.697314E28,Missing,-3.697314E28,-3.697314E28,-3.697314E28,Missing,-3.697314E28,-3.697314E28,-3.697314E28,Port 0x02: JJH T tibia tracker  s/n:3E4C8800,795532921,1780484482.018646561,1,OK,0.6529057,-0.0355690,-0.0442754,-0.7553070,269.511,-38.208,-1800.625,0.1850178,3,OK,269.361,-38.227,-1800.624,OK,185.520,8.334,-1806.280,OK,282.687,50.166,-1810.652,Port 0x03: JJH Y femur tracker  s/n:3E4C8801,795532921,1780484482.018646561,1,OK,0.8555468,0.2401417,0.3625248,-0.2809758,70.850,-94.017,-1708.197,0.4538937,3,OK,71.123,-94.283,-1708.672,OK,89.614,-17.645,-1647.355,OK,16.701,-65.197,-1637.443,Passive Strays,795532921,1780484482.018,1,OK,-3.697314E28,-3.697314E28,-3.697314E28,-3.697314E28,-3.697314E28,-3.697314E28,-3.697314E28,0.0000000,0
4,Port 0x01: JJH Probe  s/n:3E4C880C,795532924,1780484482.068646561,1,Too Few Markers,-3.697314E28,-3.697314E28,-3.697314E28,-3.697314E28,-3.697314E28,-3.697314E28,-3.697314E28,0.0000000,3,Missing,-3.697314E28,-3.697314E28,-3.697314E28,Missing,-3.697314E28,-3.697314E28,-3.697314E28,Missing,-3.697314E28,-3.697314E28,-3.697314E28,Port 0x02: JJH T tibia tracker  s/n:3E4C8800,795532924,1780484482.068646561,1,OK,0.6529159,-0.0354103,-0.0440642,-0.7553180,269.510,-38.212,-1800.619,0.1859916,3,OK,269.353,-38.218,-1800.619,OK,185.524,8.327,-1806.245,OK,282.687,50.159,-1810.598,Port 0x03: JJH Y femur tracker  s/n:3E4C8801,795532924,1780484482.068646561,1,OK,0.8554981,0.2400922,0.3626858,-0.2809587,70.846,-94.022,-1708.222,0.4689453,3,OK,71.129,-94.294,-1708.712,OK,89.623,-17.649,-1647.383,OK,16.703,-65.207,-1637.435,Passive Strays,795532924,1780484482.068,1,OK,-3.697314E28,-3.697314E28,-3.697314E28,-3.697314E28,-3.697314E28,-3.697314E28,-3.697314E28,0.0000000,0
4,Port 0x01: JJH Probe  s/n:3E4C880C,795532927,1780484482.118646559,1,Too Few Markers,-3.697314E28,-3.697314E28,-3.697314E28,-3.697314E28,-3.697314E28,-3.697314E28,-3.697314E28,0.0000000,3,Missing,-3.697314E28,-3.697314E28,-3.697314E28,Missing,-3.697314E28,-3.697314E28,-3.697314E28,Missing,-3.697314E28,-3.697314E28,-3.697314E28,Port 0x02: JJH T tibia tracker  s/n:3E4C8800,795532927,1780484482.118646559,1,OK,0.6528419,-0.0361635,-0.0445177,-0.7553197,269.509,-38.209,-1800.521,0.1871888,3,OK,269.352,-38.219,-1800.520,OK,185.528,8.334,-1806.179,OK,282.693,50.148,-1810.655,Port 0x03: JJH Y femur tracker  s/n:3E4C8801,795532927,1780484482.118646559,1,OK,0.8554071,0.2402658,0.3628047,-0.2809337,70.839,-94.009,-1708.280,0.4965492,3,OK,71.132,-94.305,-1708.802,OK,89.620,-17.658,-1647.396,OK,16.711,-65.203,-1637.455,Passive Strays,795532927,1780484482.118,1,OK,-3.697314E28,-3.697314E28,-3.697314E28,-3.697314E28,-3.697314E28,-3.697314E28,-3.697314E28,0.0000000,0
4,Port 0x01: JJH Probe  s/n:3E4C880C,795532930,1780484482.168646559,1,Too Few Markers,-3.697314E28,-3.697314E28,-3.697314E28,-3.697314E28,-3.697314E28,-3.697314E28,-3.697314E28,0.0000000,3,Missing,-3.697314E28,-3.697314E28,-3.697314E28,Missing,-3.697314E28,-3.697314E28,-3.697314E28,Missing,-3.697314E28,-3.697314E28,-3.697314E28,Port 0x02: JJH T tibia tracker  s/n:3E4C8800,795532930,1780484482.168646559,1,OK,0.6528485,-0.0361193,-0.0445160,-0.7553162,269.511,-38.213,-1800.589,0.1866461,3,OK,269.361,-38.226,-1800.588,OK,185.521,8.331,-1806.250,OK,282.698,50.145,-1810.717,Port 0x03: JJH Y femur tracker  s/n:3E4C8801,795532930,1780484482.168646559,1,OK,0.8556433,0.2403743,0.3621385,-0.2809813,70.874,-94.020,-1708.213,0.4253188,3,OK,71.117,-94.284,-1708.664,OK,89.612,-17.651,-1647.336,OK,16.699,-65.207,-1637.537,Passive Strays,795532930,1780484482.168,1,OK,-3.697314E28,-3.697314E28,-3.697314E28,-3.697314E28,-3.697314E28,-3.697314E28,-3.697314E28,0.0000000,0
4,Port 0x01: JJH Probe  s/n:3E4C880C,795532933,1780484482.218646559,1,Too Few Markers,-3.697314E28,-3.697314E28,-3.697314E28,-3.697314E28,-3.697314E28,-3.697314E28,-3.697314E28,0.0000000,3,Missing,-3.697314E28,-3.697314E28,-3.697314E28,Missing,-3.697314E28,-3.697314E28,-3.697314E28,Missing,-3.697314E28,-3.697314E28,-3.697314E28,Port 0x02: JJH T tibia tracker  s/n:3E4C8800,795532933,1780484482.218646559,1,OK,0.6528987,-0.0355887,-0.0447468,-0.7552843,269.489,-38.212,-1800.506,0.1778547,3,OK,269.338,-38.221,-1800.506,OK,185.510,8.324,-1806.244,OK,282.658,50.143,-1810.589,Port 0x03: JJH Y femur tracker  s/n:3E4C8801,795532933,1780484482.218646559,1,OK,0.8555304,0.2402354,0.3624908,-0.2809896,70.836,-94.028,-1708.239,0.4621580,3,OK,71.108,-94.304,-1708.725,OK,89.600,-17.661,-1647.377,OK,16.685,-65.207,-1637.483,Passive Strays,795532933,1780484482.218,1,OK,-3.697314E28,-3.697314E28,-3.697314E28,-3.697314E28,-3.697314E28,-3.697314E28,-3.697314E28,0.0000000,0
4,Port 0x01: JJH Probe  s/n:3E4C880C,795532936,1780484482.268646559,1,Too Few Markers,-3.697314E28,-3.697314E28,-3.697314E28,-3.697314E28,-3.697314E28,-3.697314E28,-3.697314E28,0.0000000,3,Missing,-3.697314E28,-3.697314E28,-3.697314E28,Missing,-3.697314E28,-3.697314E28,-3.697314E28,Missing,-3.697314E28,-3.697314E28,-3.697314E28,Port 0x02: JJH T tibia tracker  s/n:3E4C8800,795532936,1780484482.268646559,1,OK,0.6528864,-0.0358440,-0.0447019,-0.7552855,269.491,-38.202,-1800.462,0.1870672,3,OK,269.336,-38.215,-1800.461,OK,185.503,8.330,-1806.174,OK,282.670,50.159,-1810.575,Port 0x03: JJH Y femur tracker  s/n:3E4C8801,795532936,1780484482.268646559,1,OK,0.8555658,0.2401872,0.3624323,-0.2809984,70.858,-94.027,-1708.203,0.4601999,3,OK,71.128,-94.303,-1708.688,OK,89.618,-17.649,-1647.349,OK,16.699,-65.200,-1637.459,Passive Strays,795532936,1780484482.268,1,OK,-3.697314E28,-3.697314E28,-3.697314E28,-3.697314E28,-3.697314E28,-3.697314E28,-3.697314E28,0.0000000,0
4,Port 0x01: JJH Probe  s/n:3E4C880C,795532939,1780484482.318646559,1,Too Few Markers,-3.697314E28,-3.697314E28,-3.697314E28,-3.697314E28,-3.697314E28,-3.697314E28,-3.697314E28,0.0000000,3,Missing,-3.697314E28,-3.697314E28,-3.697314E28,Missing,-3.697314E28,-3.697314E28,-3.697314E28,Missing,-3.697314E28,-3.697314E28,-3.697314E28,Port 0x02: JJH T tibia tracker  s/n:3E4C8800,795532939,1780484482.318646559,1,OK,0.6528491,-0.0356574,-0.0449796,-0.7553102,269.496,-38.203,-1800.465,0.1921443,3,OK,269.336,-38.218,-1800.464,OK,185.516,8.329,-1806.240,OK,282.690,50.162,-1810.586,Port 0x03: JJH Y femur tracker  s/n:3E4C8801,795532939,1780484482.318646559,1,OK,0.8556202,0.2400150,0.3624146,-0.2810029,70.865,-94.038,-1708.159,0.4389161,3,OK,71.134,-94.287,-1708.615,OK,89.616,-17.657,-1647.350,OK,16.707,-65.202,-1637.431,Passive Strays,795532939,1780484482.318,1,OK,-3.697314E28,-3.697314E28,-3.697314E28,-3.697314E28,-3.697314E28,-3.697314E28,-3.697314E28,0.0000000,0
4,Port 0x01: JJH Probe  s/n:3E4C880C,795532942,1780484482.368646559,1,Too Few Markers,-3.697314E28,-3.697314E28,-3.697314E28,-3.697314E28,-3.697314E28,-3.697314E28,-3.697314E28,0.0000000,3,Missing,-3.697314E28,-3.697314E28,-3.697314E28,Missing,-3.697314E28,-3.697314E28,-3.697314E28,Missing,-3.697314E28,-3.697314E28,-3.697314E28,Port 0x02: JJH T tibia tracker  s/n:3E4C8800,795532942,1780484482.368646559,1,OK,0.6528294,-0.0359516,-0.0450213,-0.7553108,269.486,-38.210,-1800.447,0.1868171,3,OK,269.328,-38.233,-1800.445,OK,185.515,8.330,-1806.211,OK,282.670,50.150,-1810.613,Port 0x03: JJH Y femur tracker  s/n:3E4C8801,795532942,1780484482.368646559,1,OK,0.8555444,0.2401826,0.3624875,-0.2809962,70.861,-94.028,-1708.232,0.4573964,3,OK,71.134,-94.298,-1708.712,OK,89.627,-17.657,-1647.384,OK,16.707,-65.206,-1637.480,Passive Strays,795532942,1780484482.368,1,OK,-3.697314E28,-3.697314E28,-3.697314E28,-3.697314E28,-3.697314E28,-3.697314E28,-3.697314E28,0.0000000,0
4,Port 0x01: JJH Probe  s/n:3E4C880C,795532945,1780484482.418646559,1,Too Few Markers,-3.697314E28,-3.697314E28,-3.697314E28,-3.697314E28,-3.697314E28,-3.697314E28,-3.697314E28,0.0000000,3,Missing,-3.697314E28,-3.697314E28,-3.697314E28,Missing,-3.697314E28,-3.697314E28,-3.697314E28,Missing,-3.697314E28,-3.697314E28,-3.697314E28,Port 0x02: JJH T tibia tracker  s/n:3E4C8800,795532945,1780484482.418646559,1,OK,0.6529193,-0.0353115,-0.0443858,-0.7553009,269.489,-38.209,-1800.532,0.1881826,3,OK,269.332,-38.218,-1800.532,OK,185.503,8.322,-1806.223,OK,282.668,50.163,-1810.536,Port 0x03: JJH Y femur tracker  s/n:3E4C8801,795532945,1780484482.418646559,1,OK,0.8554861,0.2402308,0.3626381,-0.2809383,70.835,-94.008,-1708.219,0.4719207,3,OK,71.117,-94.285,-1708.713,OK,89.606,-17.650,-1647.355,OK,16.686,-65.202,-1637.433,Passive Strays,795532945,1780484482.418,1,OK,-3.697314E28,-3.697314E28,-3.697314E28,-3.697314E28,-3.697314E28,-3.697314E28,-3.697314E28,0.0000000,0
4,Port 0x01: JJH Probe  s/n:3E4C880C,795532948,1780484482.468646559,1,Too Few Markers,-3.697314E28,-3.697314E28,-3.697314E28,-3.697314E28,-3.697314E28,-3.697314E28,-3.697314E28,0.0000000,3,Missing,-3.697314E28,-3.697314E28,-3.697314E28,Missing,-3.697314E28,-3.697314E28,-3.697314E28,Missing,-3.697314E28,-3.697314E28,-3.697314E28,Port 0x02: JJH T tibia tracker  s/n:3E4C8800,795532948,1780484482.468646559,1,OK,0.6529123,-0.0358235,-0.0443870,-0.7552828,269.505,-38.216,-1800.515,0.1893199,3,OK,269.350,-38.232,-1800.514,OK,185.513,8.316,-1806.172,OK,282.681,50.154,-1810.589,Port 0x03: JJH Y femur tracker  s/n:3E4C8801,795532948,1780484482.468646559,1,OK,0.8554553,0.2402059,0.3627180,-0.2809501,70.847,-94.009,-1708.213,0.4764627,3,OK,71.131,-94.290,-1708.713,OK,89.624,-17.651,-1647.349,OK,16.715,-65.200,-1637.416,Passive Strays,795532948,1780484482.468,1,OK,-3.697314E28,-3.697314E28,-3.697314E28,-3.697314E28,-3.697314E28,-3.697314E28,-3.697314E28,0.0000000,0
4,Port 0x01: JJH Probe  s/n:3E4C880C,795532951,1780484482.518646559,1,Too Few Markers,-3.697314E28,-3.697314E28,-3.697314E28,-3.697314E28,-3.697314E28,-3.697314E28,-3.697314E28,0.0000000,3,Missing,-3.697314E28,-3.697314E28,-3.697314E28,Missing,-3.697314E28,-3.697314E28,-3.697314E28,Missing,-3.697314E28,-3.697314E28,-3.697314E28,Port 0x02: JJH T tibia tracker  s/n:3E4C8800,795532951,1780484482.518646559,1,OK,0.6529303,-0.0354282,-0.0437297,-0.7553241,269.496,-38.222,-1800.618,0.1826125,3,OK,269.346,-38.232,-1800.618,OK,185.505,8.325,-1806.183,OK,282.668,50.153,-1810.561,Port 0x03: JJH Y femur tracker  s/n:3E4C8801,795532951,1780484482.518646559,1,OK,0.8555284,0.2400921,0.3626056,-0.2809701,70.841,-94.025,-1708.206,0.4648452,3,OK,71.122,-94.294,-1708.692,OK,89.610,-17.651,-1647.370,OK,16.694,-65.203,-1637.433,Passive Strays,795532951,1780484482.518,1,OK,-3.697314E28,-3.697314E28,-3.697314E28,-3.697314E28,-3.697314E28,-3.697314E28,-3.697314E28,0.0000000,0
4,Port 0x01: JJH Probe  s/n:3E4C880C,795532954,1780484482.568646559,1,Too Few Markers,-3.697314E28,-3.697314E28,-3.697314E28,-3.697314E28,-3.697314E28,-3.697314E28,-3.697314E28,0.0000000,3,Missing,-3.697314E28,-3.697314E28,-3.697314E28,Missing,-3.697314E28,-3.697314E28,-3.697314E28,Missing,-3.697314E28,-3.697314E28,-3.697314E28,Port 0x02: JJH T tibia tracker  s/n:3E4C8800,795532954,1780484482.568646559,1,OK,0.6529695,-0.0351436,-0.0437844,-0.7553004,269.483,-38.218,-1800.597,0.1774440,3,OK,269.339,-38.227,-1800.597,OK,185.485,8.326,-1806.191,OK,282.646,50.157,-1810.507,Port 0x03: JJH Y femur tracker  s/n:3E4C8801,795532954,1780484482.568646559,1,OK,0.8553742,0.2403807,0.3628493,-0.2808782,70.815,-93.989,-1708.270,0.5009111,3,OK,71.111,-94.287,-1708.797,OK,89.596,-17.653,-1647.364,OK,16.684,-65.201,-1637.433,Passive Strays,795532954,1780484482.568,1,OK,-3.697314E28,-3.697314E28,-3.697314E28,-3.697314E28,-3.697314E28,-3.697314E28,-3.697314E28,0.0000000,0
4,Port 0x01: JJH Probe  s/n:3E4C880C,795532957,1780484482.618646559,1,Too Few Markers,-3.697314E28,-3.697314E28,-3.697314E28,-3.697314E28,-3.697314E28,-3.697314E28,-3.697314E28,0.0000000,3,Missing,-3.697314E28,-3.697314E28,-3.697314E28,Missing,-3.697314E28,-3.697314E28,-3.697314E28,Missing,-3.697314E28,-3.697314E28,-3.697314E28,Port 0x02: JJH T tibia tracker  s/n:3E4C8800,795532957,1780484482.618646559,1,OK,0.6528663,-0.0356176,-0.0442816,-0.7553384,269.488,-38.223,-1800.514,0.1896153,3,OK,269.329,-38.236,-1800.513,OK,185.510,8.321,-1806.166,OK,282.675,50.149,-1810.548,Port 0x03: JJH Y femur tracker  s/n:3E4C8801,795532957,1780484482.618646559,1,OK,0.8554951,0.2403013,0.3625861,-0.2809178,70.851,-94.010,-1708.224,0.4727547,3,OK,71.125,-94.297,-1708.723,OK,89.612,-17.649,-1647.338,OK,16.706,-65.206,-1637.451,Passive Strays,795532957,1780484482.618,1,OK,-3.697314E28,-3.697314E28,-3.697314E28,-3.697314E28,-3.697314E28,-3.697314E28,-3.697314E28,0.0000000,0
4,Port 0x01: JJH Probe  s/n:3E4C880C,795532960,1780484482.668646559,1,Too Few Markers,-3.697314E28,-3.697314E28,-3.697314E28,-3.697314E28,-3.697314E28,-3.697314E28,-3.697314E28,0.0000000,3,Missing,-3.697314E28,-3.697314E28,-3.697314E28,Missing,-3.697314E28,-3.697314E28,-3.697314E28,Missing,-3.697314E28,-3.697314E28,-3.697314E28,Port 0x02: JJH T tibia tracker  s/n:3E4C8800,795532960,1780484482.668646559,1,OK,0.6529244,-0.0354224,-0.0437995,-0.7553255,269.505,-38.227,-1800.562,0.1846273,3,OK,269.354,-38.242,-1800.560,OK,185.513,8.321,-1806.139,OK,282.679,50.153,-1810.512,Port 0x03: JJH Y femur tracker  s/n:3E4C8801,795532960,1780484482.668646559,1,OK,0.8555524,0.2404180,0.3623757,-0.2809148,70.872,-94.010,-1708.225,0.4531958,3,OK,71.133,-94.288,-1708.704,OK,89.618,-17.656,-1647.327,OK,16.709,-65.211,-1637.493,Passive Strays,795532960,1780484482.668,1,OK,-3.697314E28,-3.697314E28,-3.697314E28,-3.697314E28,-3.697314E28,-3.697314E28,-3.697314E28,0.0000000,0
4,Port 0x01: JJH Probe  s/n:3E4C880C,795532963,1780484482.718646559,1,Too Few Markers,-3.697314E28,-3.697314E28,-3.697314E28,-3.697314E28,-3.697314E28,-3.697314E28,-3.697314E28,0.0000000,3,Missing,-3.697314E28,-3.697314E28,-3.697314E28,Missing,-3.697314E28,-3.697314E28,-3.697314E28,Missing,-3.697314E28,-3.697314E28,-3.697314E28,Port 0x02: JJH T tibia tracker  s/n:3E4C8800,795532963,1780484482.718646559,1,OK,0.6530356,-0.0349850,-0.0429311,-0.7552996,269.510,-38.231,-1800.696,0.1696527,3,OK,269.376,-38.241,-1800.696,OK,185.501,8.323,-1806.147,OK,282.655,50.152,-1810.484,Port 0x03: JJH Y femur tracker  s/n:3E4C8801,795532963,1780484482.718646559,1,OK,0.8555122,0.2402040,0.3625799,-0.2809569,70.850,-94.013,-1708.210,0.4613399,3,OK,71.123,-94.287,-1708.695,OK,89.616,-17.648,-1647.350,OK,16.707,-65.201,-1637.445,Passive Strays,795532963,1780484482.718,1,OK,-3.697314E28,-3.697314E28,-3.697314E28,-3.697314E28,-3.697314E28,-3.697314E28,-3.697314E28,0.0000000,0
4,Port 0x01: JJH Probe  s/n:3E4C880C,795532966,1780484482.768646559,1,Too Few Markers,-3.697314E28,-3.697314E28,-3.697314E28,-3.697314E28,-3.697314E28,-3.697314E28,-3.697314E28,0.0000000,3,Missing,-3.697314E28,-3.697314E28,-3.697314E28,Missing,-3.697314E28,-3.697314E28,-3.697314E28,Missing,-3.697314E28,-3.697314E28,-3.697314E28,Port 0x02: JJH T tibia tracker  s/n:3E4C8800,795532966,1780484482.768646559,1,OK,0.6528629,-0.0359914,-0.0448929,-0.7552875,269.487,-38.213,-1800.410,0.1917832,3,OK,269.327,-38.234,-1800.409,OK,185.508,8.318,-1806.148,OK,282.669,50.152,-1810.567,Port 0x03: JJH Y femur tracker  s/n:3E4C8801,795532966,1780484482.768646559,1,OK,0.8556658,0.2401767,0.3622154,-0.2809827,70.881,-94.044,-1708.185,0.4338113,3,OK,71.138,-94.301,-1708.640,OK,89.613,-17.666,-1647.344,OK,16.707,-65.212,-1637.491,Passive Strays,795532966,1780484482.768,1,OK,-3.697314E28,-3.697314E28,-3.697314E28,-3.697314E28,-3.697314E28,-3.697314E28,-3.697314E28,0.0000000,0
4,Port 0x01: JJH Probe  s/n:3E4C880C,795532969,1780484482.818646559,1,Too Few Markers,-3.697314E28,-3.697314E28,-3.697314E28,-3.697314E28,-3.697314E28,-3.697314E28,-3.697314E28,0.0000000,3,Missing,-3.697314E28,-3.697314E28,-3.697314E28,Missing,-3.697314E28,-3.697314E28,-3.697314E28,Missing,-3.697314E28,-3.697314E28,-3.697314E28,Port 0x02: JJH T tibia tracker  s/n:3E4C8800,795532969,1780484482.818646559,1,OK,0.6528674,-0.0355312,-0.0444356,-0.7553325,269.484,-38.229,-1800.470,0.1864573,3,OK,269.330,-38.250,-1800.469,OK,185.505,8.317,-1806.156,OK,282.668,50.144,-1810.510,Port 0x03: JJH Y femur tracker  s/n:3E4C8801,795532969,1780484482.818646559,1,OK,0.8554718,0.2403770,0.3625970,-0.2809096,70.855,-94.000,-1708.228,0.4771297,3,OK,71.133,-94.288,-1708.731,OK,89.621,-17.650,-1647.331,OK,16.704,-65.204,-1637.445,Passive Strays,795532969,1780484482.818,1,OK,-3.697314E28,-3.697314E28,-3.697314E28,-3.697314E28,-3.697314E28,-3.697314E28,-3.697314E28,0.0000000,0
4,Port 0x01: JJH Probe  s/n:3E4C880C,795532972,1780484482.868646559,1,Too Few Markers,-3.697314E28,-3.697314E28,-3.697314E28,-3.697314E28,-3.697314E28,-3.697314E28,-3.697314E28,0.0000000,3,Missing,-3.697314E28,-3.697314E28,-3.697314E28,Missing,-3.697314E28,-3.697314E28,-3.697314E28,Missing,-3.697314E28,-3.697314E28,-3.697314E28,Port 0x02: JJH T tibia tracker  s/n:3E4C8800,795532972,1780484482.868646559,1,OK,0.6528273,-0.0353140,-0.0445824,-0.7553687,269.479,-38.233,-1800.456,0.1809132,3,OK,269.326,-38.246,-1800.455,OK,185.511,8.322,-1806.183,OK,282.669,50.131,-1810.483,Port 0x03: JJH Y femur tracker  s/n:3E4C8801,795532972,1780484482.868646559,1,OK,0.8555197,0.2404672,0.3624234,-0.2809109,70.864,-94.002,-1708.220,0.4625359,3,OK,71.130,-94.286,-1708.709,OK,89.613,-17.656,-1647.312,OK,16.705,-65.205,-1637.473,Passive Strays,795532972,1780484482.868,1,OK,-3.697314E28,-3.697314E28,-3.697314E28,-3.697314E28,-3.697314E28,-3.697314E28,-3.697314E28,0.0000000,0
4,Port 0x01: JJH Probe  s/n:3E4C880C,795532975,1780484482.918646559,1,Too Few Markers,-3.697314E28,-3.697314E28,-3.697314E28,-3.697314E28,-3.697314E28,-3.697314E28,-3.697314E28,0.0000000,3,Missing,-3.697314E28,-3.697314E28,-3.697314E28,Missing,-3.697314E28,-3.697314E28,-3.697314E28,Missing,-3.697314E28,-3.697314E28,-3.697314E28,Port 0x02: JJH T tibia tracker  s/n:3E4C8800,795532975,1780484482.918646559,1,OK,0.6529707,-0.0346749,-0.0436264,-0.7553302,269.497,-38.240,-1800.578,0.1692509,3,OK,269.358,-38.259,-1800.576,OK,185.510,8.319,-1806.175,OK,282.652,50.144,-1810.405,Port 0x03: JJH Y femur tracker  s/n:3E4C8801,795532975,1780484482.918646559,1,OK,0.8555506,0.2400681,0.3625320,-0.2810177,70.849,-94.034,-1708.186,0.4539370,3,OK,71.121,-94.300,-1708.661,OK,89.617,-17.654,-1647.357,OK,16.706,-65.202,-1637.434,Passive Strays,795532975,1780484482.918,1,OK,-3.697314E28,-3.697314E28,-3.697314E28,-3.697314E28,-3.697314E28,-3.697314E28,-3.697314E28,0.0000000,0
4,Port 0x01: JJH Probe  s/n:3E4C880C,795532978,1780484482.968646559,1,Too Few Markers,-3.697314E28,-3.697314E28,-3.697314E28,-3.697314E28,-3.697314E28,-3.697314E28,-3.697314E28,0.0000000,3,Missing,-3.697314E28,-3.697314E28,-3.697314E28,Missing,-3.697314E28,-3.697314E28,-3.697314E28,Missing,-3.697314E28,-3.697314E28,-3.697314E28,Port 0x02: JJH T tibia tracker  s/n:3E4C8800,795532978,1780484482.968646559,1,OK,0.6529044,-0.0351391,-0.0439045,-0.7553499,269.481,-38.239,-1800.510,0.1814997,3,OK,269.326,-38.246,-1800.510,OK,185.503,8.312,-1806.126,OK,282.657,50.135,-1810.433,Port 0x03: JJH Y femur tracker  s/n:3E4C8801,795532978,1780484482.968646559,1,OK,0.8555278,0.2400729,0.3625975,-0.2809987,70.842,-94.034,-1708.184,0.4571935,3,OK,71.118,-94.299,-1708.661,OK,89.617,-17.658,-1647.354,OK,16.697,-65.211,-1637.418,Passive Strays,795532978,1780484482.968,1,OK,-3.697314E28,-3.697314E28,-3.697314E28,-3.697314E28,-3.697314E28,-3.697314E28,-3.697314E28,0.0000000,0
4,Port 0x01: JJH Probe  s/n:3E4C880C,795532981,1780484483.018646559,1,Too Few Markers,-3.697314E28,-3.697314E28,-3.697314E28,-3.697314E28,-3.697314E28,-3.697314E28,-3.697314E28,0.0000000,3,Missing,-3.697314E28,-3.697314E28,-3.697314E28,Missing,-3.697314E28,-3.697314E28,-3.697314E28,Missing,-3.697314E28,-3.697314E28,-3.697314E28,Port 0x02: JJH T tibia tracker  s/n:3E4C8800,795532981,1780484483.018646559,1,OK,0.6528928,-0.0353245,-0.0439401,-0.7553492,269.478,-38.248,-1800.520,0.1869998,3,OK,269.321,-38.262,-1800.519,OK,185.498,8.301,-1806.130,OK,282.660,50.131,-1810.474,Port 0x03: JJH Y femur tracker  s/n:3E4C8801,795532981,1780484483.018646559,1,OK,0.8554490,0.2403120,0.3626347,-0.2809861,70.844,-94.019,-1708.227,0.4733105,3,OK,71.122,-94.304,-1708.726,OK,89.627,-17.663,-1647.346,OK,16.706,-65.212,-1637.442,Passive Strays,795532981,1780484483.018,1,OK,-3.697314E28,-3.697314E28,-3.697314E28,-3.697314E28,-3.697314E28,-3.697314E28,-3.697314E28,0.0000000,0
4,Port 0x01: JJH Probe  s/n:3E4C880C,795532984,1780484483.068646559,1,Too Few Markers,-3.697314E28,-3.697314E28,-3.697314E28,-3.697314E28,-3.697314E28,-3.697314E28,-3.697314E28,0.0000000,3,Missing,-3.697314E28,-3.697314E28,-3.697314E28,Missing,-3.697314E28,-3.697314E28,-3.697314E28,Missing,-3.697314E28,-3.697314E28,-3.697314E28,Port 0x02: JJH T tibia tracker  s/n:3E4C8800,795532984,1780484483.068646559,1,OK,0.6529675,-0.0351202,-0.0436637,-0.7553102,269.505,-38.240,-1800.571,0.1796686,3,OK,269.359,-38.252,-1800.570,OK,185.510,8.305,-1806.144,OK,282.669,50.140,-1810.464,Port 0x03: JJH Y femur tracker  s/n:3E4C8801,795532984,1780484483.068646559,1,OK,0.8555708,0.2402858,0.3623504,-0.2810045,70.867,-94.025,-1708.178,0.4405486,3,OK,71.127,-94.289,-1708.641,OK,89.623,-17.663,-1647.317,OK,16.711,-65.207,-1637.458,Passive Strays,795532984,1780484483.068,1,OK,-3.697314E28,-3.697314E28,-3.697314E28,-3.697314E28,-3.697314E28,-3.697314E28,-3.697314E28,0.0000000,0
4,Port 0x01: JJH Probe  s/n:3E4C880C,795532987,1780484483.118646565,1,Too Few Markers,-3.697314E28,-3.697314E28,-3.697314E28,-3.697314E28,-3.697314E28,-3.697314E28,-3.697314E28,0.0000000,3,Missing,-3.697314E28,-3.697314E28,-3.697314E28,Missing,-3.697314E28,-3.697314E28,-3.697314E28,Missing,-3.697314E28,-3.697314E28,-3.697314E28,Port 0x02: JJH T tibia tracker  s/n:3E4C8800,795532987,1780484483.118646565,1,OK,0.6529748,-0.0347769,-0.0436198,-0.7553223,269.502,-38.249,-1800.528,0.1713062,3,OK,269.361,-38.266,-1800.526,OK,185.514,8.306,-1806.116,OK,282.657,50.134,-1810.369,Port 0x03: JJH Y femur tracker  s/n:3E4C8801,795532987,1780484483.118646565,1,OK,0.8553843,0.2404505,0.3627226,-0.2809511,70.842,-94.004,-1708.275,0.4876115,3,OK,71.124,-94.301,-1708.791,OK,89.628,-17.665,-1647.361,OK,16.713,-65.209,-1637.467,Passive Strays,795532987,1780484483.118,1,OK,-3.697314E28,-3.697314E28,-3.697314E28,-3.697314E28,-3.697314E28,-3.697314E28,-3.697314E28,0.0000000,0
4,Port 0x01: JJH Probe  s/n:3E4C880C,795532990,1780484483.168646565,1,Too Few Markers,-3.697314E28,-3.697314E28,-3.697314E28,-3.697314E28,-3.697314E28,-3.697314E28,-3.697314E28,0.0000000,3,Missing,-3.697314E28,-3.697314E28,-3.697314E28,Missing,-3.697314E28,-3.697314E28,-3.697314E28,Missing,-3.697314E28,-3.697314E28,-3.697314E28,Port 0x02: JJH T tibia tracker  s/n:3E4C8800,795532990,1780484483.168646565,1,OK,0.6529012,-0.0356572,-0.0443320,-0.7553034,269.493,-38.240,-1800.438,0.1794296,3,OK,269.350,-38.256,-1800.436,OK,185.498,8.306,-1806.096,OK,282.667,50.125,-1810.481,Port 0x03: JJH Y femur tracker  s/n:3E4C8801,795532990,1780484483.168646565,1,OK,0.8554140,0.2402953,0.3627714,-0.2809304,70.837,-94.014,-1708.242,0.4955477,3,OK,71.130,-94.309,-1708.762,OK,89.614,-17.667,-1647.355,OK,16.704,-65.208,-1637.420,Passive Strays,795532990,1780484483.168,1,OK,-3.697314E28,-3.697314E28,-3.697314E28,-3.697314E28,-3.697314E28,-3.697314E28,-3.697314E28,0.0000000,0
4,Port 0x01: JJH Probe  s/n:3E4C880C,795532993,1780484483.218646565,1,Too Few Markers,-3.697314E28,-3.697314E28,-3.697314E28,-3.697314E28,-3.697314E28,-3.697314E28,-3.697314E28,0.0000000,3,Missing,-3.697314E28,-3.697314E28,-3.697314E28,Missing,-3.697314E28,-3.697314E28,-3.697314E28,Missing,-3.697314E28,-3.697314E28,-3.697314E28,Port 0x02: JJH T tibia tracker  s/n:3E4C8800,795532993,1780484483.218646565,1,OK,0.6529400,-0.0349489,-0.0439195,-0.7553271,269.482,-38.243,-1800.470,0.1773456,3,OK,269.335,-38.261,-1800.469,OK,185.500,8.307,-1806.101,OK,282.648,50.137,-1810.370,Port 0x03: JJH Y femur tracker  s/n:3E4C8801,795532993,1780484483.218646565,1,OK,0.8555865,0.2400140,0.3624844,-0.2810160,70.854,-94.037,-1708.168,0.4401648,3,OK,71.124,-94.286,-1708.625,OK,89.618,-17.657,-1647.359,OK,16.702,-65.206,-1637.429,Passive Strays,795532993,1780484483.218,1,OK,-3.697314E28,-3.697314E28,-3.697314E28,-3.697314E28,-3.697314E28,-3.697314E28,-3.697314E28,0.0000000,0
4,Port 0x01: JJH Probe  s/n:3E4C880C,795532996,1780484483.268646565,1,Too Few Markers,-3.697314E28,-3.697314E28,-3.697314E28,-3.697314E28,-3.697314E28,-3.697314E28,-3.697314E28,0.0000000,3,Missing,-3.697314E28,-3.697314E28,-3.697314E28,Missing,-3.697314E28,-3.697314E28,-3.697314E28,Missing,-3.697314E28,-3.697314E28,-3.697314E28,Port 0x02: JJH T tibia tracker  s/n:3E4C8800,795532996,1780484483.268646565,1,OK,0.6529343,-0.0351318,-0.0443016,-0.7553012,269.487,-38.245,-1800.432,0.1773794,3,OK,269.341,-38.268,-1800.430,OK,185.503,8.300,-1806.120,OK,282.650,50.132,-1810.402,Port 0x03: JJH Y femur tracker  s/n:3E4C8801,795532996,1780484483.268646565,1,OK,0.8555378,0.2400751,0.3625666,-0.2810063,70.850,-94.042,-1708.181,0.4529254,3,OK,71.124,-94.302,-1708.653,OK,89.622,-17.667,-1647.355,OK,16.704,-65.217,-1637.421,Passive Strays,795532996,1780484483.268,1,OK,-3.697314E28,-3.697314E28,-3.697314E28,-3.697314E28,-3.697314E28,-3.697314E28,-3.697314E28,0.0000000,0
4,Port 0x01: JJH Probe  s/n:3E4C880C,795532999,1780484483.318646565,1,Too Few Markers,-3.697314E28,-3.697314E28,-3.697314E28,-3.697314E28,-3.697314E28,-3.697314E28,-3.697314E28,0.0000000,3,Missing,-3.697314E28,-3.697314E28,-3.697314E28,Missing,-3.697314E28,-3.697314E28,-3.697314E28,Missing,-3.697314E28,-3.697314E28,-3.697314E28,Port 0x02: JJH T tibia tracker  s/n:3E4C8800,795532999,1780484483.318646565,1,OK,0.6529430,-0.0351173,-0.0435177,-0.7553399,269.498,-38.258,-1800.569,0.1795874,3,OK,269.354,-38.287,-1800.566,OK,185.510,8.301,-1806.117,OK,282.662,50.135,-1810.446,Port 0x03: JJH Y femur tracker  s/n:3E4C8801,795532999,1780484483.318646565,1,OK,0.8554623,0.2401920,0.3626976,-0.2809672,70.845,-94.028,-1708.213,0.4740323,3,OK,71.126,-94.309,-1708.711,OK,89.623,-17.665,-1647.351,OK,16.713,-65.215,-1637.422,Passive Strays,795532999,1780484483.318,1,OK,-3.697314E28,-3.697314E28,-3.697314E28,-3.697314E28,-3.697314E28,-3.697314E28,-3.697314E28,0.0000000,0
4,Port 0x01: JJH Probe  s/n:3E4C880C,795533002,1780484483.368646565,1,Too Few Markers,-3.697314E28,-3.697314E28,-3.697314E28,-3.697314E28,-3.697314E28,-3.697314E28,-3.697314E28,0.0000000,3,Missing,-3.697314E28,-3.697314E28,-3.697314E28,Missing,-3.697314E28,-3.697314E28,-3.697314E28,Missing,-3.697314E28,-3.697314E28,-3.697314E28,Port 0x02: JJH T tibia tracker  s/n:3E4C8800,795533002,1780484483.368646565,1,OK,0.6529609,-0.0348912,-0.0436447,-0.7553276,269.499,-38.250,-1800.511,0.1724997,3,OK,269.356,-38.257,-1800.510,OK,185.512,8.303,-1806.096,OK,282.660,50.125,-1810.369,Port 0x03: JJH Y femur tracker  s/n:3E4C8801,795533002,1780484483.368646565,1,OK,0.8555464,0.2402538,0.3624758,-0.2809446,70.869,-94.023,-1708.191,0.4472302,3,OK,71.136,-94.285,-1708.659,OK,89.625,-17.666,-1647.332,OK,16.715,-65.216,-1637.447,Passive Strays,795533002,1780484483.368,1,OK,-3.697314E28,-3.697314E28,-3.697314E28,-3.697314E28,-3.697314E28,-3.697314E28,-3.697314E28,0.0000000,0
4,Port 0x01: JJH Probe  s/n:3E4C880C,795533005,1780484483.418646565,1,Too Few Markers,-3.697314E28,-3.697314E28,-3.697314E28,-3.697314E28,-3.697314E28,-3.697314E28,-3.697314E28,0.0000000,3,Missing,-3.697314E28,-3.697314E28,-3.697314E28,Missing,-3.697314E28,-3.697314E28,-3.697314E28,Missing,-3.697314E28,-3.697314E28,-3.697314E28,Port 0x02: JJH T tibia tracker  s/n:3E4C8800,795533005,1780484483.418646565,1,OK,0.6528683,-0.0356351,-0.0442898,-0.7553354,269.486,-38.250,-1800.440,0.1889613,3,OK,269.333,-38.270,-1800.439,OK,185.501,8.297,-1806.093,OK,282.673,50.126,-1810.478,Port 0x03: JJH Y femur tracker  s/n:3E4C8801,795533005,1780484483.418646565,1,OK,0.8555345,0.2402042,0.3625289,-0.2809545,70.864,-94.032,-1708.210,0.4591716,3,OK,71.137,-94.303,-1708.692,OK,89.625,-17.667,-1647.354,OK,16.712,-65.218,-1637.452,Passive Strays,795533005,1780484483.418,1,OK,-3.697314E28,-3.697314E28,-3.697314E28,-3.697314E28,-3.697314E28,-3.697314E28,-3.697314E28,0.0000000,0
4,Port 0x01: JJH Probe  s/n:3E4C880C,795533008,1780484483.468646565,1,Too Few Markers,-3.697314E28,-3.697314E28,-3.697314E28,-3.697314E28,-3.697314E28,-3.697314E28,-3.697314E28,0.0000000,3,Missing,-3.697314E28,-3.697314E28,-3.697314E28,Missing,-3.697314E28,-3.697314E28,-3.697314E28,Missing,-3.697314E28,-3.697314E28,-3.697314E28,Port 0x02: JJH T tibia tracker  s/n:3E4C8800,795533008,1780484483.468646565,1,OK,0.6528940,-0.0358074,-0.0441977,-0.7553104,269.503,-38.243,-1800.479,0.1923195,3,OK,269.349,-38.264,-1800.477,OK,185.508,8.297,-1806.103,OK,282.687,50.134,-1810.529,Port 0x03: JJH Y femur tracker  s/n:3E4C8801,795533008,1780484483.468646565,1,OK,0.8554988,0.2402108,0.3625927,-0.2809751,70.853,-94.033,-1708.206,0.4651947,3,OK,71.125,-94.314,-1708.696,OK,89.627,-17.662,-1647.341,OK,16.712,-65.220,-1637.437,Passive Strays,795533008,1780484483.468,1,OK,-3.697314E28,-3.697314E28,-3.697314E28,-3.697314E28,-3.697314E28,-3.697314E28,-3.697314E28,0.0000000,0
4,Port 0x01: JJH Probe  s/n:3E4C880C,795533011,1780484483.518646565,1,Too Few Markers,-3.697314E28,-3.697314E28,-3.697314E28,-3.697314E28,-3.697314E28,-3.697314E28,-3.697314E28,0.0000000,3,Missing,-3.697314E28,-3.697314E28,-3.697314E28,Missing,-3.697314E28,-3.697314E28,-3.697314E28,Missing,-3.697314E28,-3.697314E28,-3.697314E28,Port 0x02: JJH T tibia tracker  s/n:3E4C8800,795533011,1780484483.518646565,1,OK,0.6529223,-0.0354265,-0.0437776,-0.7553284,269.492,-38.257,-1800.499,0.1800285,3,OK,269.350,-38.277,-1800.497,OK,185.493,8.297,-1806.073,OK,282.664,50.121,-1810.447,Port 0x03: JJH Y femur tracker  s/n:3E4C8801,795533011,1780484483.518646565,1,OK,0.8554504,0.2403372,0.3626176,-0.2809823,70.842,-94.021,-1708.204,0.4727158,3,OK,71.115,-94.311,-1708.704,OK,89.621,-17.664,-1647.314,OK,16.709,-65.214,-1637.425,Passive Strays,795533011,1780484483.518,1,OK,-3.697314E28,-3.697314E28,-3.697314E28,-3.697314E28,-3.697314E28,-3.697314E28,-3.697314E28,0.0000000,0
4,Port 0x01: JJH Probe  s/n:3E4C880C,795533014,1780484483.568646565,1,Too Few Markers,-3.697314E28,-3.697314E28,-3.697314E28,-3.697314E28,-3.697314E28,-3.697314E28,-3.697314E28,0.0000000,3,Missing,-3.697314E28,-3.697314E28,-3.697314E28,Missing,-3.697314E28,-3.697314E28,-3.697314E28,Missing,-3.697314E28,-3.697314E28,-3.697314E28,Port 0x02: JJH T tibia tracker  s/n:3E4C8800,795533014,1780484483.568646565,1,OK,0.6528982,-0.0355234,-0.0441552,-0.7553227,269.497,-38.254,-1800.495,0.1885388,3,OK,269.343,-38.272,-1800.494,OK,185.509,8.289,-1806.130,OK,282.679,50.124,-1810.501,Port 0x03: JJH Y femur tracker  s/n:3E4C8801,795533014,1780484483.568646565,1,OK,0.8555403,0.2401025,0.3625951,-0.2809382,70.865,-94.033,-1708.214,0.4599607,3,OK,71.146,-94.295,-1708.692,OK,89.628,-17.666,-1647.380,OK,16.711,-65.219,-1637.444,Passive Strays,795533014,1780484483.568,1,OK,-3.697314E28,-3.697314E28,-3.697314E28,-3.697314E28,-3.697314E28,-3.697314E28,-3.697314E28,0.0000000,0
4,Port 0x01: JJH Probe  s/n:3E4C880C,795533017,1780484483.618646565,1,Too Few Markers,-3.697314E28,-3.697314E28,-3.697314E28,-3.697314E28,-3.697314E28,-3.697314E28,-3.697314E28,0.0000000,3,Missing,-3.697314E28,-3.697314E28,-3.697314E28,Missing,-3.697314E28,-3.697314E28,-3.697314E28,Missing,-3.697314E28,-3.697314E28,-3.697314E28,Port 0x02: JJH T tibia tracker  s/n:3E4C8800,795533017,1780484483.618646565,1,OK,0.6529305,-0.0354352,-0.0440830,-0.7553031,269.496,-38.244,-1800.480,0.1835045,3,OK,269.347,-38.260,-1800.478,OK,185.504,8.297,-1806.108,OK,282.667,50.131,-1810.465,Port 0x03: JJH Y femur tracker  s/n:3E4C8801,795533017,1780484483.618646565,1,OK,0.8554452,0.2402461,0.3627381,-0.2809206,70.847,-94.015,-1708.248,0.4887310,3,OK,71.140,-94.301,-1708.760,OK,89.618,-17.666,-1647.376,OK,16.708,-65.208,-1637.436,Passive Strays,795533017,1780484483.618,1,OK,-3.697314E28,-3.697314E28,-3.697314E28,-3.697314E28,-3.697314E28,-3.697314E28,-3.697314E28,0.0000000,0
4,Port 0x01: JJH Probe  s/n:3E4C880C,795533020,1780484483.668646565,1,Too Few Markers,-3.697314E28,-3.697314E28,-3.697314E28,-3.697314E28,-3.697314E28,-3.697314E28,-3.697314E28,0.0000000,3,Missing,-3.697314E28,-3.697314E28,-3.697314E28,Missing,-3.697314E28,-3.697314E28,-3.697314E28,Missing,-3.697314E28,-3.697314E28,-3.697314E28,Port 0x02: JJH T tibia tracker  s/n:3E4C8800,795533020,1780484483.668646565,1,OK,0.6529310,-0.0352262,-0.0436101,-0.7553399,269.498,-38.266,-1800.552,0.1825542,3,OK,269.356,-38.290,-1800.550,OK,185.499,8.290,-1806.109,OK,282.673,50.122,-1810.454,Port 0x03: JJH Y femur tracker  s/n:3E4C8801,795533020,1780484483.668646565,1,OK,0.8556225,0.2400547,0.3623991,-0.2809820,70.868,-94.043,-1708.179,0.4268667,3,OK,71.128,-94.287,-1708.623,OK,89.619,-17.665,-1647.365,OK,16.710,-65.220,-1637.463,Passive Strays,795533020,1780484483.668,1,OK,-3.697314E28,-3.697314E28,-3.697314E28,-3.697314E28,-3.697314E28,-3.697314E28,-3.697314E28,0.0000000,0
4,Port 0x01: JJH Probe  s/n:3E4C880C,795533023,1780484483.718646565,1,Too Few Markers,-3.697314E28,-3.697314E28,-3.697314E28,-3.697314E28,-3.697314E28,-3.697314E28,-3.697314E28,0.0000000,3,Missing,-3.697314E28,-3.697314E28,-3.697314E28,Missing,-3.697314E28,-3.697314E28,-3.697314E28,Missing,-3.697314E28,-3.697314E28,-3.697314E28,Port 0x02: JJH T tibia tracker  s/n:3E4C8800,795533023,1780484483.718646565,1,OK,0.6528936,-0.0349727,-0.0437078,-0.7553784,269.499,-38.265,-1800.523,0.1752783,3,OK,269.352,-38.273,-1800.523,OK,185.522,8.299,-1806.115,OK,282.676,50.109,-1810.400,Port 0x03: JJH Y femur tracker  s/n:3E4C8801,795533023,1780484483.718646565,1,OK,0.8556426,0.2400275,0.3623450,-0.2810137,70.888,-94.055,-1708.179,0.4324700,3,OK,71.151,-94.304,-1708.630,OK,89.637,-17.669,-1647.369,OK,16.726,-65.218,-1637.468,Passive Strays,795533023,1780484483.718,1,OK,-3.697314E28,-3.697314E28,-3.697314E28,-3.697314E28,-3.697314E28,-3.697314E28,-3.697314E28,0.0000000,0
4,Port 0x01: JJH Probe  s/n:3E4C880C,795533026,1780484483.768646565,1,Too Few Markers,-3.697314E28,-3.697314E28,-3.697314E28,-3.697314E28,-3.697314E28,-3.697314E28,-3.697314E28,0.0000000,3,Missing,-3.697314E28,-3.697314E28,-3.697314E28,Missing,-3.697314E28,-3.697314E28,-3.697314E28,Missing,-3.697314E28,-3.697314E28,-3.697314E28,Port 0x02: JJH T tibia tracker  s/n:3E4C8800,795533026,1780484483.768646565,1,OK,0.6529121,-0.0352250,-0.0439985,-0.7553338,269.488,-38.253,-1800.483,0.1803654,3,OK,269.342,-38.266,-1800.482,OK,185.499,8.297,-1806.110,OK,282.665,50.121,-1810.429,Port 0x03: JJH Y femur tracker  s/n:3E4C8801,795533026,1780484483.768646565,1,OK,0.8555923,0.2403453,0.3622968,-0.2809574,70.872,-94.027,-1708.210,0.4467130,3,OK,71.133,-94.297,-1708.680,OK,89.616,-17.665,-1647.333,OK,16.703,-65.214,-1637.492,Passive Strays,795533026,1780484483.768,1,OK,-3.697314E28,-3.697314E28,-3.697314E28,-3.697314E28,-3.697314E28,-3.697314E28,-3.697314E28,0.0000000,0
4,Port 0x01: JJH Probe  s/n:3E4C880C,795533029,1780484483.818646565,1,Too Few Markers,-3.697314E28,-3.697314E28,-3.697314E28,-3.697314E28,-3.697314E28,-3.697314E28,-3.697314E28,0.0000000,3,Missing,-3.697314E28,-3.697314E28,-3.697314E28,Missing,-3.697314E28,-3.697314E28,-3.697314E28,Missing,-3.697314E28,-3.697314E28,-3.697314E28,Port 0x02: JJH T tibia tracker  s/n:3E4C8800,795533029,1780484483.818646565,1,OK,0.6528991,-0.0353410,-0.0443011,-0.7553219,269.492,-38.260,-1800.426,0.1850166,3,OK,269.340,-38.283,-1800.424,OK,185.510,8.285,-1806.100,OK,282.669,50.119,-1810.425,Port 0x03: JJH Y femur tracker  s/n:3E4C8801,795533029,1780484483.818646565,1,OK,0.8554293,0.2405166,0.3626185,-0.2808920,70.862,-94.008,-1708.246,0.4886169,3,OK,71.142,-94.310,-1708.763,OK,89.628,-17.671,-1647.317,OK,16.716,-65.220,-1637.452,Passive Strays,795533029,1780484483.818,1,OK,-3.697314E28,-3.697314E28,-3.697314E28,-3.697314E28,-3.697314E28,-3.697314E28,-3.697314E28,0.0000000,0
4,Port 0x01: JJH Probe  s/n:3E4C880C,795533032,1780484483.868646565,1,Too Few Markers,-3.697314E28,-3.697314E28,-3.697314E28,-3.697314E28,-3.697314E28,-3.697314E28,-3.697314E28,0.0000000,3,Missing,-3.697314E28,-3.697314E28,-3.697314E28,Missing,-3.697314E28,-3.697314E28,-3.697314E28,Missing,-3.697314E28,-3.697314E28,-3.697314E28,Port 0x02: JJH T tibia tracker  s/n:3E4C8800,795533032,1780484483.868646565,1,OK,0.6528738,-0.0350387,-0.0440152,-0.7553746,269.485,-38.260,-1800.523,0.1839139,3,OK,269.330,-38.269,-1800.523,OK,185.510,8.294,-1806.165,OK,282.673,50.116,-1810.446,Port 0x03: JJH Y femur tracker  s/n:3E4C8801,795533032,1780484483.868646565,1,OK,0.8555456,0.2400489,0.3625473,-0.2810298,70.849,-94.045,-1708.220,0.4519019,3,OK,71.125,-94.304,-1708.690,OK,89.622,-17.670,-1647.401,OK,16.704,-65.213,-1637.463,Passive Strays,795533032,1780484483.868,1,OK,-3.697314E28,-3.697314E28,-3.697314E28,-3.697314E28,-3.697314E28,-3.697314E28,-3.697314E28,0.0000000,0
4,Port 0x01: JJH Probe  s/n:3E4C880C,795533035,1780484483.918646565,1,Too Few Markers,-3.697314E28,-3.697314E28,-3.697314E28,-3.697314E28,-3.697314E28,-3.697314E28,-3.697314E28,0.0000000,3,Missing,-3.697314E28,-3.697314E28,-3.697314E28,Missing,-3.697314E28,-3.697314E28,-3.697314E28,Missing,-3.697314E28,-3.697314E28,-3.697314E28,Port 0x02: JJH T tibia tracker  s/n:3E4C8800,795533035,1780484483.918646565,1,OK,0.6529266,-0.0352827,-0.0434574,-0.7553499,269.501,-38.257,-1800.621,0.1832327,3,OK,269.354,-38.273,-1800.620,OK,185.508,8.300,-1806.147,OK,282.676,50.129,-1810.513,Port 0x03: JJH Y femur tracker  s/n:3E4C8801,795533035,1780484483.918646565,1,OK,0.8555647,0.2400810,0.3625026,-0.2810018,70.848,-94.046,-1708.204,0.4431234,3,OK,71.110,-94.309,-1708.669,OK,89.613,-17.662,-1647.371,OK,16.706,-65.221,-1637.467,Passive Strays,795533035,1780484483.918,1,OK,-3.697314E28,-3.697314E28,-3.697314E28,-3.697314E28,-3.697314E28,-3.697314E28,-3.697314E28,0.0000000,0
4,Port 0x01: JJH Probe  s/n:3E4C880C,795533038,1780484483.968646565,1,Too Few Markers,-3.697314E28,-3.697314E28,-3.697314E28,-3.697314E28,-3.697314E28,-3.697314E28,-3.697314E28,0.0000000,3,Missing,-3.697314E28,-3.697314E28,-3.697314E28,Missing,-3.697314E28,-3.697314E28,-3.697314E28,Missing,-3.697314E28,-3.697314E28,-3.697314E28,Port 0x02: JJH T tibia tracker  s/n:3E4C8800,795533038,1780484483.968646565,1,OK,0.6529096,-0.0347763,-0.0437940,-0.7553686,269.514,-38.268,-1800.539,0.1755080,3,OK,269.372,-38.283,-1800.538,OK,185.529,8.294,-1806.159,OK,282.691,50.112,-1810.400,Port 0x03: JJH Y femur tracker  s/n:3E4C8801,795533038,1780484483.968646565,1,OK,0.8555340,0.2402550,0.3624855,-0.2809685,70.880,-94.033,-1708.239,0.4540048,3,OK,71.147,-94.305,-1708.716,OK,89.639,-17.671,-1647.374,OK,16.732,-65.220,-1637.491,Passive Strays,795533038,1780484483.968,1,OK,-3.697314E28,-3.697314E28,-3.697314E28,-3.697314E28,-3.697314E28,-3.697314E28,-3.697314E28,0.0000000,0
4,Port 0x01: JJH Probe  s/n:3E4C880C,795533041,1780484484.018646565,1,Too Few Markers,-3.697314E28,-3.697314E28,-3.697314E28,-3.697314E28,-3.697314E28,-3.697314E28,-3.697314E28,0.0000000,3,Missing,-3.697314E28,-3.697314E28,-3.697314E28,Missing,-3.697314E28,-3.697314E28,-3.697314E28,Missing,-3.697314E28,-3.697314E28,-3.697314E28,Port 0x02: JJH T tibia tracker  s/n:3E4C8800,795533041,1780484484.018646565,1,OK,0.6528971,-0.0355831,-0.0442865,-0.7553131,269.512,-38.250,-1800.490,0.1786568,3,OK,269.372,-38.268,-1800.488,OK,185.515,8.299,-1806.145,OK,282.688,50.116,-1810.518,Port 0x03: JJH Y femur tracker  s/n:3E4C8801,795533041,1780484484.018646565,1,OK,0.8556484,0.2401545,0.3622668,-0.2809884,70.880,-94.043,-1708.180,0.4202994,3,OK,71.131,-94.291,-1708.620,OK,89.625,-17.665,-1647.348,OK,16.713,-65.222,-1637.489,Passive Strays,795533041,1780484484.018,1,OK,-3.697314E28,-3.697314E28,-3.697314E28,-3.697314E28,-3.697314E28,-3.697314E28,-3.697314E28,0.0000000,0
4,Port 0x01: JJH Probe  s/n:3E4C880C,795533044,1780484484.068646565,1,Too Few Markers,-3.697314E28,-3.697314E28,-3.697314E28,-3.697314E28,-3.697314E28,-3.697314E28,-3.697314E28,0.0000000,3,Missing,-3.697314E28,-3.697314E28,-3.697314E28,Missing,-3.697314E28,-3.697314E28,-3.697314E28,Missing,-3.697314E28,-3.697314E28,-3.697314E28,Port 0x02: JJH T tibia tracker  s/n:3E4C8800,795533044,1780484484.068646565,1,OK,0.6529343,-0.0345479,-0.0436439,-0.7553665,269.479,-38.262,-1800.576,0.1718870,3,OK,269.334,-38.277,-1800.575,OK,185.503,8.301,-1806.184,OK,282.645,50.122,-1810.388,Port 0x03: JJH Y femur tracker  s/n:3E4C8801,795533044,1780484484.068646565,1,OK,0.8555441,0.2401368,0.3625387,-0.2809702,70.851,-94.030,-1708.223,0.4547707,3,OK,71.124,-94.295,-1708.699,OK,89.611,-17.663,-1647.382,OK,16.705,-65.210,-1637.468,Passive Strays,795533044,1780484484.068,1,OK,-3.697314E28,-3.697314E28,-3.697314E28,-3.697314E28,-3.697314E28,-3.697314E28,-3.697314E28,0.0000000,0
4,Port 0x01: JJH Probe  s/n:3E4C880C,795533047,1780484484.118646563,1,Too Few Markers,-3.697314E28,-3.697314E28,-3.697314E28,-3.697314E28,-3.697314E28,-3.697314E28,-3.697314E28,0.0000000,3,Missing,-3.697314E28,-3.697314E28,-3.697314E28,Missing,-3.697314E28,-3.697314E28,-3.697314E28,Missing,-3.697314E28,-3.697314E28,-3.697314E28,Port 0x02: JJH T tibia tracker  s/n:3E4C8800,795533047,1780484484.118646563,1,OK,0.6528822,-0.0356167,-0.0438885,-0.7553477,269.499,-38.238,-1800.605,0.1896576,3,OK,269.346,-38.255,-1800.604,OK,185.509,8.312,-1806.187,OK,282.686,50.141,-1810.593,Port 0x03: JJH Y femur tracker  s/n:3E4C8801,795533047,1780484484.118646563,1,OK,0.8555670,0.2399829,0.3625849,-0.2809725,70.858,-94.042,-1708.189,0.4559801,3,OK,71.133,-94.307,-1708.665,OK,89.622,-17.654,-1647.370,OK,16.712,-65.214,-1637.429,Passive Strays,795533047,1780484484.118,1,OK,-3.697314E28,-3.697314E28,-3.697314E28,-3.697314E28,-3.697314E28,-3.697314E28,-3.697314E28,0.0000000,0
4,Port 0x01: JJH Probe  s/n:3E4C880C,795533050,1780484484.168646563,1,Too Few Markers,-3.697314E28,-3.697314E28,-3.697314E28,-3.697314E28,-3.697314E28,-3.697314E28,-3.697314E28,0.0000000,3,Missing,-3.697314E28,-3.697314E28,-3.697314E28,Missing,-3.697314E28,-3.697314E28,-3.697314E28,Missing,-3.697314E28,-3.697314E28,-3.697314E28,Port 0x02: JJH T tibia tracker  s/n:3E4C8800,795533050,1780484484.168646563,1,OK,0.6528411,-0.0356008,-0.0444817,-0.7553492,269.508,-38.230,-1800.593,0.1850255,3,OK,269.352,-38.246,-1800.592,OK,185.534,8.321,-1806.283,OK,282.695,50.137,-1810.648,Port 0x03: JJH Y femur tracker  s/n:3E4C8801,795533050,1780484484.168646563,1,OK,0.8554842,0.2402210,0.3626333,-0.2809585,70.858,-94.019,-1708.245,0.4667143,3,OK,71.136,-94.295,-1708.734,OK,89.632,-17.658,-1647.382,OK,16.717,-65.210,-1637.465,Passive Strays,795533050,1780484484.168,1,OK,-3.697314E28,-3.697314E28,-3.697314E28,-3.697314E28,-3.697314E28,-3.697314E28,-3.697314E28,0.0000000,0
4,Port 0x01: JJH Probe  s/n:3E4C880C,795533053,1780484484.218646563,1,Too Few Markers,-3.697314E28,-3.697314E28,-3.697314E28,-3.697314E28,-3.697314E28,-3.697314E28,-3.697314E28,0.0000000,3,Missing,-3.697314E28,-3.697314E28,-3.697314E28,Missing,-3.697314E28,-3.697314E28,-3.697314E28,Missing,-3.697314E28,-3.697314E28,-3.697314E28,Port 0x02: JJH T tibia tracker  s/n:3E4C8800,795533053,1780484484.218646563,1,OK,0.6527750,-0.0358102,-0.0445443,-0.7553927,269.522,-38.227,-1800.646,0.1861316,3,OK,269.368,-38.244,-1800.645,OK,185.550,8.335,-1806.334,OK,282.725,50.135,-1810.736,Port 0x03: JJH Y femur tracker  s/n:3E4C8801,795533053,1780484484.218646563,1,OK,0.8554303,0.2401907,0.3628137,-0.2809158,70.851,-94.017,-1708.230,0.4881944,3,OK,71.145,-94.301,-1708.740,OK,89.629,-17.664,-1647.365,OK,16.720,-65.212,-1637.409,Passive Strays,795533053,1780484484.218,1,OK,-3.697314E28,-3.697314E28,-3.697314E28,-3.697314E28,-3.697314E28,-3.697314E28,-3.697314E28,0.0000000,0
4,Port 0x01: JJH Probe  s/n:3E4C880C,795533056,1780484484.268646563,1,Too Few Markers,-3.697314E28,-3.697314E28,-3.697314E28,-3.697314E28,-3.697314E28,-3.697314E28,-3.697314E28,0.0000000,3,Missing,-3.697314E28,-3.697314E28,-3.697314E28,Missing,-3.697314E28,-3.697314E28,-3.697314E28,Missing,-3.697314E28,-3.697314E28,-3.697314E28,Port 0x02: JJH T tibia tracker  s/n:3E4C8800,795533056,1780484484.268646563,1,OK,0.6528784,-0.0357977,-0.0439589,-0.7553383,269.532,-38.219,-1800.714,0.1858817,3,OK,269.382,-38.223,-1800.714,OK,185.537,8.329,-1806.296,OK,282.719,50.145,-1810.733,Port 0x03: JJH Y femur tracker  s/n:3E4C8801,795533056,1780484484.268646563,1,OK,0.8556197,0.2400390,0.3624081,-0.2809921,70.873,-94.041,-1708.194,0.4266086,3,OK,71.132,-94.287,-1708.638,OK,89.623,-17.662,-1647.380,OK,16.723,-65.214,-1637.480,Passive Strays,795533056,1780484484.268,1,OK,-3.697314E28,-3.697314E28,-3.697314E28,-3.697314E28,-3.697314E28,-3.697314E28,-3.697314E28,0.0000000,0
4,Port 0x01: JJH Probe  s/n:3E4C880C,795533059,1780484484.318646563,1,Too Few Markers,-3.697314E28,-3.697314E28,-3.697314E28,-3.697314E28,-3.697314E28,-3.697314E28,-3.697314E28,0.0000000,3,Missing,-3.697314E28,-3.697314E28,-3.697314E28,Missing,-3.697314E28,-3.697314E28,-3.697314E28,Missing,-3.697314E28,-3.697314E28,-3.697314E28,Port 0x02: JJH T tibia tracker  s/n:3E4C8800,795533059,1780484484.318646563,1,OK,0.6528089,-0.0359919,-0.0448931,-0.7553342,269.514,-38.213,-1800.611,0.1923260,3,OK,269.353,-38.224,-1800.611,OK,185.538,8.326,-1806.349,OK,282.714,50.144,-1810.767,Port 0x03: JJH Y femur tracker  s/n:3E4C8801,795533059,1780484484.318646563,1,OK,0.8555458,0.2403192,0.3624065,-0.2809798,70.864,-94.025,-1708.231,0.4590881,3,OK,71.133,-94.301,-1708.714,OK,89.619,-17.666,-1647.356,OK,16.706,-65.207,-1637.488,Passive Strays,795533059,1780484484.318,1,OK,-3.697314E28,-3.697314E28,-3.697314E28,-3.697314E28,-3.697314E28,-3.697314E28,-3.697314E28,0.0000000,0
4,Port 0x01: JJH Probe  s/n:3E4C880C,795533062,1780484484.368646563,1,Too Few Markers,-3.697314E28,-3.697314E28,-3.697314E28,-3.697314E28,-3.697314E28,-3.697314E28,-3.697314E28,0.0000000,3,Missing,-3.697314E28,-3.697314E28,-3.697314E28,Missing,-3.697314E28,-3.697314E28,-3.697314E28,Missing,-3.697314E28,-3.697314E28,-3.697314E28,Port 0x02: JJH T tibia tracker  s/n:3E4C8800,795533062,1780484484.368646563,1,OK,0.6528296,-0.0354374,-0.0448136,-0.7553472,269.515,-38.229,-1800.598,0.1807938,3,OK,269.363,-38.252,-1800.596,OK,185.550,8.323,-1806.359,OK,282.700,50.136,-1810.669,Port 0x03: JJH Y femur tracker  s/n:3E4C8801,795533062,1780484484.368646563,1,OK,0.8555251,0.2401991,0.3625485,-0.2809621,70.864,-94.027,-1708.241,0.4632141,3,OK,71.137,-94.303,-1708.728,OK,89.628,-17.658,-1647.382,OK,16.716,-65.211,-1637.479,Passive Strays,795533062,1780484484.368,1,OK,-3.697314E28,-3.697314E28,-3.697314E28,-3.697314E28,-3.697314E28,-3.697314E28,-3.697314E28,0.0000000,0
4,Port 0x01: JJH Probe  s/n:3E4C880C,795533065,1780484484.418646563,1,Too Few Markers,-3.697314E28,-3.697314E28,-3.697314E28,-3.697314E28,-3.697314E28,-3.697314E28,-3.697314E28,0.0000000,3,Missing,-3.697314E28,-3.697314E28,-3.697314E28,Missing,-3.697314E28,-3.697314E28,-3.697314E28,Missing,-3.697314E28,-3.697314E28,-3.697314E28,Port 0x02: JJH T tibia tracker  s/n:3E4C8800,795533065,1780484484.418646563,1,OK,0.6529021,-0.0356214,-0.0438154,-0.7553344,269.529,-38.229,-1800.684,0.1889033,3,OK,269.378,-38.242,-1800.683,OK,185.533,8.318,-1806.251,OK,282.713,50.148,-1810.663,Port 0x03: JJH Y femur tracker  s/n:3E4C8801,795533065,1780484484.418646563,1,OK,0.8555433,0.2400724,0.3625652,-0.2809935,70.854,-94.032,-1708.182,0.4508105,3,OK,71.122,-94.298,-1708.655,OK,89.622,-17.651,-1647.349,OK,16.714,-65.209,-1637.429,Passive Strays,795533065,1780484484.418,1,OK,-3.697314E28,-3.697314E28,-3.697314E28,-3.697314E28,-3.697314E28,-3.697314E28,-3.697314E28,0.0000000,0
4,Port 0x01: JJH Probe  s/n:3E4C880C,795533068,1780484484.468646563,1,Too Few Markers,-3.697314E28,-3.697314E28,-3.697314E28,-3.697314E28,-3.697314E28,-3.697314E28,-3.697314E28,0.0000000,3,Missing,-3.697314E28,-3.697314E28,-3.697314E28,Missing,-3.697314E28,-3.697314E28,-3.697314E28,Missing,-3.697314E28,-3.697314E28,-3.697314E28,Port 0x02: JJH T tibia tracker  s/n:3E4C8800,795533068,1780484484.468646563,1,OK,0.6528754,-0.0352884,-0.0442271,-0.7553492,269.515,-38.229,-1800.557,0.1852861,3,OK,269.361,-38.230,-1800.557,OK,185.530,8.317,-1806.221,OK,282.705,50.137,-1810.538,Port 0x03: JJH Y femur tracker  s/n:3E4C8801,795533068,1780484484.468646563,1,OK,0.8554910,0.2402826,0.3626183,-0.2809045,70.863,-94.021,-1708.221,0.4804472,3,OK,71.145,-94.310,-1708.727,OK,89.619,-17.665,-1647.337,OK,16.719,-65.213,-1637.436,Passive Strays,795533068,1780484484.468,1,OK,-3.697314E28,-3.697314E28,-3.697314E28,-3.697314E28,-3.697314E28,-3.697314E28,-3.697314E28,0.0000000,0
4,Port 0x01: JJH Probe  s/n:3E4C880C,795533071,1780484484.518646563,1,Too Few Markers,-3.697314E28,-3.697314E28,-3.697314E28,-3.697314E28,-3.697314E28,-3.697314E28,-3.697314E28,0.0000000,3,Missing,-3.697314E28,-3.697314E28,-3.697314E28,Missing,-3.697314E28,-3.697314E28,-3.697314E28,Missing,-3.697314E28,-3.697314E28,-3.697314E28,Port 0x02: JJH T tibia tracker  s/n:3E4C8800,795533071,1780484484.518646563,1,OK,0.6529147,-0.0354420,-0.0436856,-0.7553395,269.523,-38.245,-1800.681,0.1788585,3,OK,269.377,-38.269,-1800.679,OK,185.538,8.314,-1806.238,OK,282.689,50.137,-1810.621,Port 0x03: JJH Y femur tracker  s/n:3E4C8801,795533071,1780484484.518646563,1,OK,0.8554228,0.2403357,0.3627555,-0.2808897,70.854,-94.005,-1708.264,0.4971241,3,OK,71.145,-94.305,-1708.788,OK,89.622,-17.659,-1647.365,OK,16.720,-65.205,-1637.447,Passive Strays,795533071,1780484484.518,1,OK,-3.697314E28,-3.697314E28,-3.697314E28,-3.697314E28,-3.697314E28,-3.697314E28,-3.697314E28,0.0000000,0
4,Port 0x01: JJH Probe  s/n:3E4C880C,795533074,1780484484.568646563,1,Too Few Markers,-3.697314E28,-3.697314E28,-3.697314E28,-3.697314E28,-3.697314E28,-3.697314E28,-3.697314E28,0.0000000,3,Missing,-3.697314E28,-3.697314E28,-3.697314E28,Missing,-3.697314E28,-3.697314E28,-3.697314E28,Missing,-3.697314E28,-3.697314E28,-3.697314E28,Port 0x02: JJH T tibia tracker  s/n:3E4C8800,795533074,1780484484.568646563,1,OK,0.6528614,-0.0356000,-0.0441419,-0.7553517,269.514,-38.222,-1800.652,0.1843547,3,OK,269.357,-38.225,-1800.652,OK,185.536,8.327,-1806.280,OK,282.699,50.141,-1810.665,Port 0x03: JJH Y femur tracker  s/n:3E4C8801,795533074,1780484484.568646563,1,OK,0.8554670,0.2403245,0.3626443,-0.2809083,70.860,-94.006,-1708.215,0.4740218,3,OK,71.138,-94.291,-1708.714,OK,89.628,-17.654,-1647.328,OK,16.716,-65.210,-1637.429,Passive Strays,795533074,1780484484.568,1,OK,-3.697314E28,-3.697314E28,-3.697314E28,-3.697314E28,-3.697314E28,-3.697314E28,-3.697314E28,0.0000000,0
4,Port 0x01: JJH Probe  s/n:3E4C880C,795533077,1780484484.618646563,1,Too Few Markers,-3.697314E28,-3.697314E28,-3.697314E28,-3.697314E28,-3.697314E28,-3.697314E28,-3.697314E28,0.0000000,3,Missing,-3.697314E28,-3.697314E28,-3.697314E28,Missing,-3.697314E28,-3.697314E28,-3.697314E28,Missing,-3.697314E28,-3.697314E28,-3.697314E28,Port 0x02: JJH T tibia tracker  s/n:3E4C8800,795533077,1780484484.618646563,1,OK,0.6527891,-0.0357213,-0.0447598,-0.7553720,269.502,-38.219,-1800.628,0.1793806,3,OK,269.350,-38.237,-1800.627,OK,185.539,8.342,-1806.361,OK,282.692,50.138,-1810.731,Port 0x03: JJH Y femur tracker  s/n:3E4C8801,795533077,1780484484.618646563,1,OK,0.8554690,0.2402787,0.3626608,-0.2809198,70.853,-94.008,-1708.223,0.4693603,3,OK,71.131,-94.286,-1708.716,OK,89.618,-17.659,-1647.347,OK,16.718,-65.206,-1637.439,Passive Strays,795533077,1780484484.618,1,OK,-3.697314E28,-3.697314E28,-3.697314E28,-3.697314E28,-3.697314E28,-3.697314E28,-3.697314E28,0.0000000,0
4,Port 0x01: JJH Probe  s/n:3E4C880C,795533080,1780484484.668646563,1,Too Few Markers,-3.697314E28,-3.697314E28,-3.697314E28,-3.697314E28,-3.697314E28,-3.697314E28,-3.697314E28,0.0000000,3,Missing,-3.697314E28,-3.697314E28,-3.697314E28,Missing,-3.697314E28,-3.697314E28,-3.697314E28,Missing,-3.697314E28,-3.697314E28,-3.697314E28,Port 0x02: JJH T tibia tracker  s/n:3E4C8800,795533080,1780484484.668646563,1,OK,0.6528157,-0.0359397,-0.0444869,-0.7553549,269.532,-38.211,-1800.771,0.1791605,3,OK,269.386,-38.221,-1800.771,OK,185.549,8.347,-1806.440,OK,282.722,50.141,-1810.871,Port 0x03: JJH Y femur tracker  s/n:3E4C8801,795533080,1780484484.668646563,1,OK,0.8555102,0.2402303,0.3626038,-0.2809095,70.864,-94.013,-1708.239,0.4665500,3,OK,71.138,-94.293,-1708.730,OK,89.627,-17.647,-1647.369,OK,16.716,-65.211,-1637.467,Passive Strays,795533080,1780484484.668,1,OK,-3.697314E28,-3.697314E28,-3.697314E28,-3.697314E28,-3.697314E28,-3.697314E28,-3.697314E28,0.0000000,0
4,Port 0x01: JJH Probe  s/n:3E4C880C,795533083,1780484484.718646563,1,Too Few Markers,-3.697314E28,-3.697314E28,-3.697314E28,-3.697314E28,-3.697314E28,-3.697314E28,-3.697314E28,0.0000000,3,Missing,-3.697314E28,-3.697314E28,-3.697314E28,Missing,-3.697314E28,-3.697314E28,-3.697314E28,Missing,-3.697314E28,-3.697314E28,-3.697314E28,Port 0x02: JJH T tibia tracker  s/n:3E4C8800,795533083,1780484484.718646563,1,OK,0.6527237,-0.0361740,-0.0440807,-0.7554470,269.577,-38.205,-1801.043,0.1862881,3,OK,269.423,-38.213,-1801.043,OK,185.604,8.374,-1806.624,OK,282.791,50.151,-1811.128,Port 0x03: JJH Y femur tracker  s/n:3E4C8801,795533083,1780484484.718646563,1,OK,0.8555638,0.2402329,0.3624555,-0.2809354,70.900,-94.013,-1708.203,0.4565768,3,OK,71.170,-94.285,-1708.683,OK,89.651,-17.647,-1647.341,OK,16.741,-65.200,-1637.458,Passive Strays,795533083,1780484484.718,1,OK,-3.697314E28,-3.697314E28,-3.697314E28,-3.697314E28,-3.697314E28,-3.697314E28,-3.697314E28,0.0000000,0
4,Port 0x01: JJH Probe  s/n:3E4C880C,795533086,1780484484.768646563,1,Too Few Markers,-3.697314E28,-3.697314E28,-3.697314E28,-3.697314E28,-3.697314E28,-3.697314E28,-3.697314E28,0.0000000,3,Missing,-3.697314E28,-3.697314E28,-3.697314E28,Missing,-3.697314E28,-3.697314E28,-3.697314E28,Missing,-3.697314E28,-3.697314E28,-3.697314E28,Port 0x02: JJH T tibia tracker  s/n:3E4C8800,795533086,1780484484.768646563,1,OK,0.6526009,-0.0369894,-0.0451318,-0.7554515,269.591,-38.170,-1801.171,0.1855051,3,OK,269.438,-38.184,-1801.170,OK,185.631,8.411,-1806.889,OK,282.820,50.159,-1811.489,Port 0x03: JJH Y femur tracker  s/n:3E4C8801,795533086,1780484484.768646563,1,OK,0.8555558,0.2400605,0.3625302,-0.2810107,70.869,-94.028,-1708.222,0.4507844,3,OK,71.140,-94.291,-1708.693,OK,89.637,-17.648,-1647.396,OK,16.722,-65.200,-1637.471,Passive Strays,795533086,1780484484.768,1,OK,-3.697314E28,-3.697314E28,-3.697314E28,-3.697314E28,-3.697314E28,-3.697314E28,-3.697314E28,0.0000000,0
4,Port 0x01: JJH Probe  s/n:3E4C880C,795533089,1780484484.818646563,1,Too Few Markers,-3.697314E28,-3.697314E28,-3.697314E28,-3.697314E28,-3.697314E28,-3.697314E28,-3.697314E28,0.0000000,3,Missing,-3.697314E28,-3.697314E28,-3.697314E28,Missing,-3.697314E28,-3.697314E28,-3.697314E28,Missing,-3.697314E28,-3.697314E28,-3.697314E28,Port 0x02: JJH T tibia tracker  s/n:3E4C8800,795533089,1780484484.818646563,1,OK,0.6524413,-0.0381610,-0.0468181,-0.7554285,269.613,-38.110,-1801.376,0.1761697,3,OK,269.467,-38.140,-1801.373,OK,185.673,8.476,-1807.323,OK,282.847,50.176,-1812.050,Port 0x03: JJH Y femur tracker  s/n:3E4C8801,795533089,1780484484.818646563,1,OK,0.8553659,0.2403315,0.3628750,-0.2809121,70.836,-93.980,-1708.253,0.5055535,3,OK,71.135,-94.281,-1708.785,OK,89.622,-17.639,-1647.355,OK,16.711,-65.182,-1637.410,Passive Strays,795533089,1780484484.818,1,OK,-3.697314E28,-3.697314E28,-3.697314E28,-3.697314E28,-3.697314E28,-3.697314E28,-3.697314E28,0.0000000,0
4,Port 0x01: JJH Probe  s/n:3E4C880C,795533092,1780484484.868646563,1,Too Few Markers,-3.697314E28,-3.697314E28,-3.697314E28,-3.697314E28,-3.697314E28,-3.697314E28,-3.697314E28,0.0000000,3,Missing,-3.697314E28,-3.697314E28,-3.697314E28,Missing,-3.697314E28,-3.697314E28,-3.697314E28,Missing,-3.697314E28,-3.697314E28,-3.697314E28,Port 0x02: JJH T tibia tracker  s/n:3E4C8800,795533092,1780484484.868646563,1,OK,0.6523428,-0.0381187,-0.0465743,-0.7555307,269.675,-38.079,-1801.755,0.1709308,3,OK,269.534,-38.096,-1801.754,OK,185.744,8.536,-1807.663,OK,282.934,50.196,-1812.393,Port 0x03: JJH Y femur tracker  s/n:3E4C8801,795533092,1780484484.868646563,1,OK,0.8554095,0.2403120,0.3627693,-0.2809326,70.863,-93.984,-1708.276,0.4961755,3,OK,71.149,-94.288,-1708.801,OK,89.650,-17.624,-1647.379,OK,16.729,-65.185,-1637.459,Passive Strays,795533092,1780484484.868,1,OK,-3.697314E28,-3.697314E28,-3.697314E28,-3.697314E28,-3.697314E28,-3.697314E28,-3.697314E28,0.0000000,0
4,Port 0x01: JJH Probe  s/n:3E4C880C,795533095,1780484484.918646563,1,Too Few Markers,-3.697314E28,-3.697314E28,-3.697314E28,-3.697314E28,-3.697314E28,-3.697314E28,-3.697314E28,0.0000000,3,Missing,-3.697314E28,-3.697314E28,-3.697314E28,Missing,-3.697314E28,-3.697314E28,-3.697314E28,Missing,-3.697314E28,-3.697314E28,-3.697314E28,Port 0x02: JJH T tibia tracker  s/n:3E4C8800,795533095,1780484484.918646563,1,OK,0.6522468,-0.0389370,-0.0468090,-0.7555574,269.697,-38.047,-1801.952,0.1782002,3,OK,269.551,-38.054,-1801.952,OK,185.763,8.570,-1807.848,OK,282.979,50.208,-1812.728,Port 0x03: JJH Y femur tracker  s/n:3E4C8801,795533095,1780484484.918646563,1,OK,0.8553979,0.2404869,0.3627024,-0.2809048,70.866,-93.966,-1708.271,0.4940746,3,OK,71.151,-94.269,-1708.794,OK,89.641,-17.630,-1647.346,OK,16.730,-65.176,-1637.461,Passive Strays,795533095,1780484484.918,1,OK,-3.697314E28,-3.697314E28,-3.697314E28,-3.697314E28,-3.697314E28,-3.697314E28,-3.697314E28,0.0000000,0
4,Port 0x01: JJH Probe  s/n:3E4C880C,795533098,1780484484.968646563,1,Too Few Markers,-3.697314E28,-3.697314E28,-3.697314E28,-3.697314E28,-3.697314E28,-3.697314E28,-3.697314E28,0.0000000,3,Missing,-3.697314E28,-3.697314E28,-3.697314E28,Missing,-3.697314E28,-3.697314E28,-3.697314E28,Missing,-3.697314E28,-3.697314E28,-3.697314E28,Port 0x02: JJH T tibia tracker  s/n:3E4C8800,795533098,1780484484.968646563,1,OK,0.6521664,-0.0394408,-0.0475533,-0.7555542,269.712,-38.017,-1802.075,0.1680006,3,OK,269.566,-38.022,-1802.075,OK,185.800,8.605,-1808.073,OK,282.989,50.209,-1813.005,Port 0x03: JJH Y femur tracker  s/n:3E4C8801,795533098,1780484484.968646563,1,OK,0.8554119,0.2403301,0.3627572,-0.2809256,70.860,-93.975,-1708.274,0.4982343,3,OK,71.150,-94.277,-1708.800,OK,89.635,-17.626,-1647.375,OK,16.730,-65.170,-1637.456,Passive Strays,795533098,1780484484.968,1,OK,-3.697314E28,-3.697314E28,-3.697314E28,-3.697314E28,-3.697314E28,-3.697314E28,-3.697314E28,0.0000000,0
4,Port 0x01: JJH Probe  s/n:3E4C880C,795533101,1780484485.018646563,1,Too Few Markers,-3.697314E28,-3.697314E28,-3.697314E28,-3.697314E28,-3.697314E28,-3.697314E28,-3.697314E28,0.0000000,3,Missing,-3.697314E28,-3.697314E28,-3.697314E28,Missing,-3.697314E28,-3.697314E28,-3.697314E28,Missing,-3.697314E28,-3.697314E28,-3.697314E28,Port 0x02: JJH T tibia tracker  s/n:3E4C8800,795533101,1780484485.018646563,1,OK,0.6518729,-0.0408295,-0.0486162,-0.7556660,269.777,-37.948,-1802.645,0.1741451,3,OK,269.634,-37.957,-1802.644,OK,185.878,8.704,-1808.746,OK,283.115,50.238,-1813.887,Port 0x03: JJH Y femur tracker  s/n:3E4C8801,795533101,1780484485.018646563,1,OK,0.8554298,0.2401177,0.3627832,-0.2810189,70.857,-93.978,-1708.262,0.4897463,3,OK,71.152,-94.262,-1708.774,OK,89.647,-17.615,-1647.415,OK,16.731,-65.149,-1637.443,Passive Strays,795533101,1780484485.018,1,OK,-3.697314E28,-3.697314E28,-3.697314E28,-3.697314E28,-3.697314E28,-3.697314E28,-3.697314E28,0.0000000,0
4,Port 0x01: JJH Probe  s/n:3E4C880C,795533104,1780484485.068646563,1,Too Few Markers,-3.697314E28,-3.697314E28,-3.697314E28,-3.697314E28,-3.697314E28,-3.697314E28,-3.697314E28,0.0000000,3,Missing,-3.697314E28,-3.697314E28,-3.697314E28,Missing,-3.697314E28,-3.697314E28,-3.697314E28,Missing,-3.697314E28,-3.697314E28,-3.697314E28,Port 0x02: JJH T tibia tracker  s/n:3E4C8800,795533104,1780484485.068646563,1,OK,0.6512942,-0.0436830,-0.0507875,-0.7558626,269.931,-37.792,-1803.820,0.1616740,3,OK,269.794,-37.788,-1803.821,OK,186.086,8.926,-1810.132,OK,283.349,50.278,-1815.698,Port 0x03: JJH Y femur tracker  s/n:3E4C8801,795533104,1780484485.068646563,1,OK,0.8554896,0.2401759,0.3626755,-0.2809262,70.860,-93.965,-1708.254,0.4825919,3,OK,71.145,-94.252,-1708.761,OK,89.623,-17.599,-1647.389,OK,16.721,-65.149,-1637.460,Passive Strays,795533104,1780484485.068,1,OK,-3.697314E28,-3.697314E28,-3.697314E28,-3.697314E28,-3.697314E28,-3.697314E28,-3.697314E28,0.0000000,0
4,Port 0x01: JJH Probe  s/n:3E4C880C,795533107,1780484485.118646559,1,Too Few Markers,-3.697314E28,-3.697314E28,-3.697314E28,-3.697314E28,-3.697314E28,-3.697314E28,-3.697314E28,0.0000000,3,Missing,-3.697314E28,-3.697314E28,-3.697314E28,Missing,-3.697314E28,-3.697314E28,-3.697314E28,Missing,-3.697314E28,-3.697314E28,-3.697314E28,Port 0x02: JJH T tibia tracker  s/n:3E4C8800,795533107,1780484485.118646559,1,OK,0.6504350,-0.0480939,-0.0543797,-0.7560847,270.125,-37.608,-1805.015,0.1725456,3,OK,269.984,-37.618,-1805.014,OK,186.342,9.176,-1811.693,OK,283.682,50.317,-1817.909,Port 0x03: JJH Y femur tracker  s/n:3E4C8801,795533107,1780484485.118646559,1,OK,0.8554553,0.2401214,0.3627535,-0.2809767,70.848,-93.927,-1708.256,0.4960887,3,OK,71.146,-94.216,-1708.775,OK,89.626,-17.562,-1647.404,OK,16.713,-65.099,-1637.438,Passive Strays,795533107,1780484485.118,1,OK,-3.697314E28,-3.697314E28,-3.697314E28,-3.697314E28,-3.697314E28,-3.697314E28,-3.697314E28,0.0000000,0
4,Port 0x01: JJH Probe  s/n:3E4C880C,795533110,1780484485.168646559,1,Too Few Markers,-3.697314E28,-3.697314E28,-3.697314E28,-3.697314E28,-3.697314E28,-3.697314E28,-3.697314E28,0.0000000,3,Missing,-3.697314E28,-3.697314E28,-3.697314E28,Missing,-3.697314E28,-3.697314E28,-3.697314E28,Missing,-3.697314E28,-3.697314E28,-3.697314E28,Port 0x02: JJH T tibia tracker  s/n:3E4C8800,795533110,1780484485.168646559,1,OK,0.6495163,-0.0525814,-0.0579062,-0.7563139,270.338,-37.416,-1806.492,0.1718411,3,OK,270.196,-37.426,-1806.490,OK,186.629,9.446,-1813.523,OK,284.026,50.334,-1820.401,Port 0x03: JJH Y femur tracker  s/n:3E4C8801,795533110,1780484485.168646559,1,OK,0.8556465,0.2400811,0.3623301,-0.2809751,70.852,-93.920,-1708.182,0.4545913,3,OK,71.120,-94.193,-1708.661,OK,89.594,-17.524,-1647.346,OK,16.680,-65.083,-1637.460,Passive Strays,795533110,1780484485.168,1,OK,-3.697314E28,-3.697314E28,-3.697314E28,-3.697314E28,-3.697314E28,-3.697314E28,-3.697314E28,0.0000000,0
4,Port 0x01: JJH Probe  s/n:3E4C880C,795533113,1780484485.218646559,1,Too Few Markers,-3.697314E28,-3.697314E28,-3.697314E28,-3.697314E28,-3.697314E28,-3.697314E28,-3.697314E28,0.0000000,3,Missing,-3.697314E28,-3.697314E28,-3.697314E28,Missing,-3.697314E28,-3.697314E28,-3.697314E28,Missing,-3.697314E28,-3.697314E28,-3.697314E28,Port 0x02: JJH T tibia tracker  s/n:3E4C8800,795533113,1780484485.218646559,1,OK,0.6490255,-0.0543213,-0.0599945,-0.7564494,270.469,-37.325,-1807.345,0.1568704,3,OK,270.336,-37.327,-1807.345,OK,186.810,9.583,-1814.646,OK,284.224,50.318,-1821.728,Port 0x03: JJH Y femur tracker  s/n:3E4C8801,795533113,1780484485.218646559,1,OK,0.8555226,0.2401281,0.3625577,-0.2810187,70.832,-93.884,-1708.249,0.4888863,3,OK,71.124,-94.172,-1708.761,OK,89.601,-17.507,-1647.401,OK,16.677,-65.042,-1637.463,Passive Strays,795533113,1780484485.218,1,OK,-3.697314E28,-3.697314E28,-3.697314E28,-3.697314E28,-3.697314E28,-3.697314E28,-3.697314E28,0.0000000,0
4,Port 0x01: JJH Probe  s/n:3E4C880C,795533116,1780484485.268646559,1,Too Few Markers,-3.697314E28,-3.697314E28,-3.697314E28,-3.697314E28,-3.697314E28,-3.697314E28,-3.697314E28,0.0000000,3,Missing,-3.697314E28,-3.697314E28,-3.697314E28,Missing,-3.697314E28,-3.697314E28,-3.697314E28,Missing,-3.697314E28,-3.697314E28,-3.697314E28,Port 0x02: JJH T tibia tracker  s/n:3E4C8800,795533116,1780484485.268646559,1,OK,0.6487279,-0.0551958,-0.0612639,-0.7565396,270.490,-37.286,-1807.603,0.1635898,3,OK,270.353,-37.298,-1807.600,OK,186.858,9.641,-1815.078,OK,284.301,50.317,-1822.252,Port 0x03: JJH Y femur tracker  s/n:3E4C8801,795533116,1780484485.268646559,1,OK,0.8556630,0.2400106,0.3622449,-0.2810949,70.821,-93.910,-1708.220,0.4595716,3,OK,71.094,-94.183,-1708.701,OK,89.570,-17.508,-1647.405,OK,16.646,-65.041,-1637.502,Passive Strays,795533116,1780484485.268,1,OK,-3.697314E28,-3.697314E28,-3.697314E28,-3.697314E28,-3.697314E28,-3.697314E28,-3.697314E28,0.0000000,0
4,Port 0x01: JJH Probe  s/n:3E4C880C,795533119,1780484485.318646559,1,Too Few Markers,-3.697314E28,-3.697314E28,-3.697314E28,-3.697314E28,-3.697314E28,-3.697314E28,-3.697314E28,0.0000000,3,Missing,-3.697314E28,-3.697314E28,-3.697314E28,Missing,-3.697314E28,-3.697314E28,-3.697314E28,Missing,-3.697314E28,-3.697314E28,-3.697314E28,Port 0x02: JJH T tibia tracker  s/n:3E4C8800,795533119,1780484485.318646559,1,OK,0.6485296,-0.0570692,-0.0611751,-0.7565778,270.559,-37.240,-1808.115,0.1665175,3,OK,270.426,-37.238,-1808.114,OK,186.918,9.714,-1815.454,OK,284.391,50.313,-1823.006,Port 0x03: JJH Y femur tracker  s/n:3E4C8801,795533119,1780484485.318646559,1,OK,0.8557936,0.2400983,0.3619426,-0.2810117,70.829,-93.886,-1708.241,0.4473538,3,OK,71.089,-94.159,-1708.713,OK,89.534,-17.476,-1647.410,OK,16.618,-65.021,-1637.578,Passive Strays,795533119,1780484485.318,1,OK,-3.697314E28,-3.697314E28,-3.697314E28,-3.697314E28,-3.697314E28,-3.697314E28,-3.697314E28,0.0000000,0
4,Port 0x01: JJH Probe  s/n:3E4C880C,795533122,1780484485.368646559,1,Too Few Markers,-3.697314E28,-3.697314E28,-3.697314E28,-3.697314E28,-3.697314E28,-3.697314E28,-3.697314E28,0.0000000,3,Missing,-3.697314E28,-3.697314E28,-3.697314E28,Missing,-3.697314E28,-3.697314E28,-3.697314E28,Missing,-3.697314E28,-3.697314E28,-3.697314E28,Port 0x02: JJH T tibia tracker  s/n:3E4C8800,795533122,1780484485.368646559,1,OK,0.6479732,-0.0592700,-0.0636247,-0.7566833,270.689,-37.189,-1808.866,0.1636216,3,OK,270.562,-37.198,-1808.864,OK,187.089,9.802,-1816.510,OK,284.601,50.254,-1824.337,Port 0x03: JJH Y femur tracker  s/n:3E4C8801,795533122,1780484485.368646559,1,OK,0.8556805,0.2397398,0.3622809,-0.2812264,70.805,-93.898,-1708.196,0.4451428,3,OK,71.076,-94.154,-1708.659,OK,89.574,-17.472,-1647.440,OK,16.649,-64.997,-1637.487,Passive Strays,795533122,1780484485.368,1,OK,-3.697314E28,-3.697314E28,-3.697314E28,-3.697314E28,-3.697314E28,-3.697314E28,-3.697314E28,0.0000000,0
4,Port 0x01: JJH Probe  s/n:3E4C880C,795533125,1780484485.418646559,1,Too Few Markers,-3.697314E28,-3.697314E28,-3.697314E28,-3.697314E28,-3.697314E28,-3.697314E28,-3.697314E28,0.0000000,3,Missing,-3.697314E28,-3.697314E28,-3.697314E28,Missing,-3.697314E28,-3.697314E28,-3.697314E28,Missing,-3.697314E28,-3.697314E28,-3.697314E28,Port 0x02: JJH T tibia tracker  s/n:3E4C8800,795533125,1780484485.418646559,1,OK,0.6473420,-0.0617675,-0.0656441,-0.7568514,270.810,-37.124,-1809.700,0.1604015,3,OK,270.679,-37.132,-1809.698,OK,187.271,9.924,-1817.554,OK,284.807,50.199,-1825.740,Port 0x03: JJH Y femur tracker  s/n:3E4C8801,795533125,1780484485.418646559,1,OK,0.8558617,0.2395805,0.3619555,-0.2812298,70.796,-93.900,-1708.182,0.4214658,3,OK,71.057,-94.136,-1708.617,OK,89.529,-17.447,-1647.467,OK,16.600,-64.977,-1637.536,Passive Strays,795533125,1780484485.418,1,OK,-3.697314E28,-3.697314E28,-3.697314E28,-3.697314E28,-3.697314E28,-3.697314E28,-3.697314E28,0.0000000,0
4,Port 0x01: JJH Probe  s/n:3E4C880C,795533128,1780484485.468646559,1,Too Few Markers,-3.697314E28,-3.697314E28,-3.697314E28,-3.697314E28,-3.697314E28,-3.697314E28,-3.697314E28,0.0000000,3,Missing,-3.697314E28,-3.697314E28,-3.697314E28,Missing,-3.697314E28,-3.697314E28,-3.697314E28,Missing,-3.697314E28,-3.697314E28,-3.697314E28,Port 0x02: JJH T tibia tracker  s/n:3E4C8800,795533128,1780484485.468646559,1,OK,0.6471457,-0.0624425,-0.0656604,-0.7569624,270.900,-37.112,-1810.215,0.1461225,3,OK,270.781,-37.102,-1810.216,OK,187.376,9.980,-1818.033,OK,284.919,50.166,-1826.344,Port 0x03: JJH Y femur tracker  s/n:3E4C8801,795533128,1780484485.468646559,1,OK,0.8559013,0.2395066,0.3619024,-0.2812406,70.794,-93.850,-1708.200,0.4328981,3,OK,71.053,-94.106,-1708.653,OK,89.518,-17.372,-1647.483,OK,16.598,-64.910,-1637.563,Passive Strays,795533128,1780484485.468,1,OK,-3.697314E28,-3.697314E28,-3.697314E28,-3.697314E28,-3.697314E28,-3.697314E28,-3.697314E28,0.0000000,0
4,Port 0x01: JJH Probe  s/n:3E4C880C,795533131,1780484485.518646559,1,Too Few Markers,-3.697314E28,-3.697314E28,-3.697314E28,-3.697314E28,-3.697314E28,-3.697314E28,-3.697314E28,0.0000000,3,Missing,-3.697314E28,-3.697314E28,-3.697314E28,Missing,-3.697314E28,-3.697314E28,-3.697314E28,Missing,-3.697314E28,-3.697314E28,-3.697314E28,Port 0x02: JJH T tibia tracker  s/n:3E4C8800,795533131,1780484485.518646559,1,OK,0.6470844,-0.0622807,-0.0656686,-0.7570275,270.900,-37.118,-1810.134,0.1499055,3,OK,270.780,-37.097,-1810.137,OK,187.381,9.983,-1817.964,OK,284.945,50.155,-1826.240,Port 0x03: JJH Y femur tracker  s/n:3E4C8801,795533131,1780484485.518646559,1,OK,0.8556870,0.2399229,0.3622138,-0.2811370,70.767,-93.823,-1708.263,0.4840466,3,OK,71.048,-94.119,-1708.774,OK,89.512,-17.397,-1647.450,OK,16.589,-64.927,-1637.537,Passive Strays,795533131,1780484485.518,1,OK,-3.697314E28,-3.697314E28,-3.697314E28,-3.697314E28,-3.697314E28,-3.697314E28,-3.697314E28,0.0000000,0
4,Port 0x01: JJH Probe  s/n:3E4C880C,795533134,1780484485.568646559,1,Too Few Markers,-3.697314E28,-3.697314E28,-3.697314E28,-3.697314E28,-3.697314E28,-3.697314E28,-3.697314E28,0.0000000,3,Missing,-3.697314E28,-3.697314E28,-3.697314E28,Missing,-3.697314E28,-3.697314E28,-3.697314E28,Missing,-3.697314E28,-3.697314E28,-3.697314E28,Port 0x02: JJH T tibia tracker  s/n:3E4C8800,795533134,1780484485.568646559,1,OK,0.6470224,-0.0628083,-0.0659009,-0.7570167,270.922,-37.119,-1810.175,0.1552321,3,OK,270.790,-37.119,-1810.174,OK,187.423,9.983,-1818.013,OK,284.963,50.156,-1826.383,Port 0x03: JJH Y femur tracker  s/n:3E4C8801,795533134,1780484485.568646559,1,OK,0.8558528,0.2395141,0.3620943,-0.2811345,70.795,-93.863,-1708.225,0.4586714,3,OK,71.079,-94.120,-1708.699,OK,89.516,-17.403,-1647.505,OK,16.590,-64.938,-1637.534,Passive Strays,795533134,1780484485.568,1,OK,-3.697314E28,-3.697314E28,-3.697314E28,-3.697314E28,-3.697314E28,-3.697314E28,-3.697314E28,0.0000000,0
4,Port 0x01: JJH Probe  s/n:3E4C880C,795533137,1780484485.618646559,1,Too Few Markers,-3.697314E28,-3.697314E28,-3.697314E28,-3.697314E28,-3.697314E28,-3.697314E28,-3.697314E28,0.0000000,3,Missing,-3.697314E28,-3.697314E28,-3.697314E28,Missing,-3.697314E28,-3.697314E28,-3.697314E28,Missing,-3.697314E28,-3.697314E28,-3.697314E28,Port 0x02: JJH T tibia tracker  s/n:3E4C8800,795533137,1780484485.618646559,1,OK,0.6469474,-0.0628245,-0.0665148,-0.7570257,270.908,-37.114,-1810.094,0.1509520,3,OK,270.775,-37.115,-1810.093,OK,187.424,9.988,-1818.044,OK,284.957,50.143,-1826.374,Port 0x03: JJH Y femur tracker  s/n:3E4C8801,795533137,1780484485.618646559,1,OK,0.8558184,0.2398845,0.3619281,-0.2811376,70.787,-93.836,-1708.214,0.4414451,3,OK,71.041,-94.109,-1708.680,OK,89.508,-17.394,-1647.420,OK,16.591,-64.939,-1637.564,Passive Strays,795533137,1780484485.618,1,OK,-3.697314E28,-3.697314E28,-3.697314E28,-3.697314E28,-3.697314E28,-3.697314E28,-3.697314E28,0.0000000,0
4,Port 0x01: JJH Probe  s/n:3E4C880C,795533140,1780484485.668646559,1,Too Few Markers,-3.697314E28,-3.697314E28,-3.697314E28,-3.697314E28,-3.697314E28,-3.697314E28,-3.697314E28,0.0000000,3,Missing,-3.697314E28,-3.697314E28,-3.697314E28,Missing,-3.697314E28,-3.697314E28,-3.697314E28,Missing,-3.697314E28,-3.697314E28,-3.697314E28,Port 0x02: JJH T tibia tracker  s/n:3E4C8800,795533140,1780484485.668646559,1,OK,0.6469334,-0.0629402,-0.0659147,-0.7570805,270.922,-37.128,-1810.210,0.1533033,3,OK,270.792,-37.120,-1810.210,OK,187.427,9.992,-1818.044,OK,284.981,50.134,-1826.436,Port 0x03: JJH Y femur tracker  s/n:3E4C8801,795533140,1780484485.668646559,1,OK,0.8558739,0.2396897,0.3618679,-0.2812123,70.779,-93.855,-1708.177,0.4352043,3,OK,71.035,-94.117,-1708.634,OK,89.503,-17.391,-1647.426,OK,16.576,-64.931,-1637.539,Passive Strays,795533140,1780484485.668,1,OK,-3.697314E28,-3.697314E28,-3.697314E28,-3.697314E28,-3.697314E28,-3.697314E28,-3.697314E28,0.0000000,0
4,Port 0x01: JJH Probe  s/n:3E4C880C,795533143,1780484485.718646559,1,Too Few Markers,-3.697314E28,-3.697314E28,-3.697314E28,-3.697314E28,-3.697314E28,-3.697314E28,-3.697314E28,0.0000000,3,Missing,-3.697314E28,-3.697314E28,-3.697314E28,Missing,-3.697314E28,-3.697314E28,-3.697314E28,Missing,-3.697314E28,-3.697314E28,-3.697314E28,Port 0x02: JJH T tibia tracker  s/n:3E4C8800,795533143,1780484485.718646559,1,OK,0.6468143,-0.0634961,-0.0664036,-0.7570932,270.920,-37.123,-1810.156,0.1484836,3,OK,270.795,-37.123,-1810.155,OK,187.436,10.009,-1818.045,OK,284.989,50.114,-1826.514,Port 0x03: JJH Y femur tracker  s/n:3E4C8801,795533143,1780484485.718646559,1,OK,0.8559416,0.2395358,0.3617904,-0.2812370,70.786,-93.864,-1708.147,0.4159026,3,OK,71.039,-94.103,-1708.579,OK,89.502,-17.392,-1647.437,OK,16.576,-64.927,-1637.533,Passive Strays,795533143,1780484485.718,1,OK,-3.697314E28,-3.697314E28,-3.697314E28,-3.697314E28,-3.697314E28,-3.697314E28,-3.697314E28,0.0000000,0
4,Port 0x01: JJH Probe  s/n:3E4C880C,795533146,1780484485.768646559,1,Too Few Markers,-3.697314E28,-3.697314E28,-3.697314E28,-3.697314E28,-3.697314E28,-3.697314E28,-3.697314E28,0.0000000,3,Missing,-3.697314E28,-3.697314E28,-3.697314E28,Missing,-3.697314E28,-3.697314E28,-3.697314E28,Missing,-3.697314E28,-3.697314E28,-3.697314E28,Port 0x02: JJH T tibia tracker  s/n:3E4C8800,795533146,1780484485.768646559,1,OK,0.6468206,-0.0633370,-0.0667686,-0.7570690,270.946,-37.106,-1810.193,0.1566688,3,OK,270.815,-37.102,-1810.193,OK,187.459,10.006,-1818.156,OK,285.026,50.130,-1826.572,Port 0x03: JJH Y femur tracker  s/n:3E4C8801,795533146,1780484485.768646559,1,OK,0.8557965,0.2397493,0.3620427,-0.2811719,70.770,-93.835,-1708.236,0.4522071,3,OK,71.041,-94.101,-1708.709,OK,89.501,-17.393,-1647.472,OK,16.578,-64.923,-1637.557,Passive Strays,795533146,1780484485.768,1,OK,-3.697314E28,-3.697314E28,-3.697314E28,-3.697314E28,-3.697314E28,-3.697314E28,-3.697314E28,0.0000000,0
4,Port 0x01: JJH Probe  s/n:3E4C880C,795533149,1780484485.818646559,1,Too Few Markers,-3.697314E28,-3.697314E28,-3.697314E28,-3.697314E28,-3.697314E28,-3.697314E28,-3.697314E28,0.0000000,3,Missing,-3.697314E28,-3.697314E28,-3.697314E28,Missing,-3.697314E28,-3.697314E28,-3.697314E28,Missing,-3.697314E28,-3.697314E28,-3.697314E28,Port 0x02: JJH T tibia tracker  s/n:3E4C8800,795533149,1780484485.818646559,1,OK,0.6467959,-0.0635707,-0.0665846,-0.7570867,270.956,-37.114,-1810.281,0.1516986,3,OK,270.829,-37.108,-1810.281,OK,187.470,10.012,-1818.197,OK,285.032,50.115,-1826.669,Port 0x03: JJH Y femur tracker  s/n:3E4C8801,795533149,1780484485.818646559,1,OK,0.8559486,0.2394489,0.3618325,-0.2812357,70.793,-93.872,-1708.177,0.4249639,3,OK,71.052,-94.116,-1708.619,OK,89.504,-17.393,-1647.478,OK,16.588,-64.924,-1637.554,Passive Strays,795533149,1780484485.818,1,OK,-3.697314E28,-3.697314E28,-3.697314E28,-3.697314E28,-3.697314E28,-3.697314E28,-3.697314E28,0.0000000,0
4,Port 0x01: JJH Probe  s/n:3E4C880C,795533152,1780484485.868646559,1,Too Few Markers,-3.697314E28,-3.697314E28,-3.697314E28,-3.697314E28,-3.697314E28,-3.697314E28,-3.697314E28,0.0000000,3,Missing,-3.697314E28,-3.697314E28,-3.697314E28,Missing,-3.697314E28,-3.697314E28,-3.697314E28,Missing,-3.697314E28,-3.697314E28,-3.697314E28,Port 0x02: JJH T tibia tracker  s/n:3E4C8800,795533152,1780484485.868646559,1,OK,0.6467264,-0.0638685,-0.0665959,-0.7571200,270.961,-37.110,-1810.322,0.1567877,3,OK,270.828,-37.104,-1810.321,OK,187.482,10.024,-1818.220,OK,285.050,50.114,-1826.752,Port 0x03: JJH Y femur tracker  s/n:3E4C8801,795533152,1780484485.868646559,1,OK,0.8558782,0.2395571,0.3619353,-0.2812252,70.772,-93.855,-1708.200,0.4386661,3,OK,71.034,-94.113,-1708.659,OK,89.495,-17.385,-1647.473,OK,16.578,-64.918,-1637.552,Passive Strays,795533152,1780484485.868,1,OK,-3.697314E28,-3.697314E28,-3.697314E28,-3.697314E28,-3.697314E28,-3.697314E28,-3.697314E28,0.0000000,0
4,Port 0x01: JJH Probe  s/n:3E4C880C,795533155,1780484485.918646559,1,Too Few Markers,-3.697314E28,-3.697314E28,-3.697314E28,-3.697314E28,-3.697314E28,-3.697314E28,-3.697314E28,0.0000000,3,Missing,-3.697314E28,-3.697314E28,-3.697314E28,Missing,-3.697314E28,-3.697314E28,-3.697314E28,Missing,-3.697314E28,-3.697314E28,-3.697314E28,Port 0x02: JJH T tibia tracker  s/n:3E4C8800,795533155,1780484485.918646559,1,OK,0.6468248,-0.0631059,-0.0667972,-0.7570822,270.971,-37.109,-1810.322,0.1364485,3,OK,270.852,-37.093,-1810.324,OK,187.493,10.016,-1818.308,OK,285.035,50.106,-1826.668,Port 0x03: JJH Y femur tracker  s/n:3E4C8801,795533155,1780484485.918646559,1,OK,0.8559123,0.2397004,0.3617346,-0.2812578,70.785,-93.850,-1708.154,0.4131770,3,OK,71.026,-94.101,-1708.589,OK,89.501,-17.386,-1647.408,OK,16.589,-64.917,-1637.554,Passive Strays,795533155,1780484485.918,1,OK,-3.697314E28,-3.697314E28,-3.697314E28,-3.697314E28,-3.697314E28,-3.697314E28,-3.697314E28,0.0000000,0
4,Port 0x01: JJH Probe  s/n:3E4C880C,795533158,1780484485.968646559,1,Too Few Markers,-3.697314E28,-3.697314E28,-3.697314E28,-3.697314E28,-3.697314E28,-3.697314E28,-3.697314E28,0.0000000,3,Missing,-3.697314E28,-3.697314E28,-3.697314E28,Missing,-3.697314E28,-3.697314E28,-3.697314E28,Missing,-3.697314E28,-3.697314E28,-3.697314E28,Port 0x02: JJH T tibia tracker  s/n:3E4C8800,795533158,1780484485.968646559,1,OK,0.6467929,-0.0632611,-0.0662416,-0.7571454,270.977,-37.118,-1810.423,0.1440164,3,OK,270.862,-37.113,-1810.423,OK,187.488,10.029,-1818.299,OK,285.057,50.119,-1826.729,Port 0x03: JJH Y femur tracker  s/n:3E4C8801,795533158,1780484485.968646559,1,OK,0.8557708,0.2398934,0.3619977,-0.2811852,70.767,-93.834,-1708.239,0.4715030,3,OK,71.037,-94.126,-1708.738,OK,89.496,-17.393,-1647.435,OK,16.578,-64.917,-1637.555,Passive Strays,795533158,1780484485.968,1,OK,-3.697314E28,-3.697314E28,-3.697314E28,-3.697314E28,-3.697314E28,-3.697314E28,-3.697314E28,0.0000000,0
4,Port 0x01: JJH Probe  s/n:3E4C880C,795533161,1780484486.018646559,1,Too Few Markers,-3.697314E28,-3.697314E28,-3.697314E28,-3.697314E28,-3.697314E28,-3.697314E28,-3.697314E28,0.0000000,3,Missing,-3.697314E28,-3.697314E28,-3.697314E28,Missing,-3.697314E28,-3.697314E28,-3.697314E28,Missing,-3.697314E28,-3.697314E28,-3.697314E28,Port 0x02: JJH T tibia tracker  s/n:3E4C8800,795533161,1780484486.018646559,1,OK,0.6467083,-0.0636538,-0.0664915,-0.7571628,270.971,-37.117,-1810.415,0.1532235,3,OK,270.842,-37.108,-1810.416,OK,187.496,10.028,-1818.310,OK,285.067,50.108,-1826.803,Port 0x03: JJH Y femur tracker  s/n:3E4C8801,795533161,1780484486.018646559,1,OK,0.8558549,0.2396909,0.3619408,-0.2811751,70.770,-93.839,-1708.183,0.4373376,3,OK,71.025,-94.105,-1708.644,OK,89.487,-17.381,-1647.424,OK,16.583,-64.920,-1637.538,Passive Strays,795533161,1780484486.018,1,OK,-3.697314E28,-3.697314E28,-3.697314E28,-3.697314E28,-3.697314E28,-3.697314E28,-3.697314E28,0.0000000,0
4,Port 0x01: JJH Probe  s/n:3E4C880C,795533164,1780484486.068646559,1,Too Few Markers,-3.697314E28,-3.697314E28,-3.697314E28,-3.697314E28,-3.697314E28,-3.697314E28,-3.697314E28,0.0000000,3,Missing,-3.697314E28,-3.697314E28,-3.697314E28,Missing,-3.697314E28,-3.697314E28,-3.697314E28,Missing,-3.697314E28,-3.697314E28,-3.697314E28,Port 0x02: JJH T tibia tracker  s/n:3E4C8800,795533164,1780484486.068646559,1,OK,0.6466264,-0.0641095,-0.0670798,-0.7571423,270.978,-37.106,-1810.363,0.1610796,3,OK,270.847,-37.113,-1810.360,OK,187.502,10.032,-1818.334,OK,285.089,50.109,-1826.883,Port 0x03: JJH Y femur tracker  s/n:3E4C8801,795533164,1780484486.068646559,1,OK,0.8557666,0.2396255,0.3621740,-0.2811995,70.757,-93.845,-1708.249,0.4599815,3,OK,71.034,-94.113,-1708.729,OK,89.502,-17.394,-1647.504,OK,16.579,-64.924,-1637.548,Passive Strays,795533164,1780484486.068,1,OK,-3.697314E28,-3.697314E28,-3.697314E28,-3.697314E28,-3.697314E28,-3.697314E28,-3.697314E28,0.0000000,0
4,Port 0x01: JJH Probe  s/n:3E4C880C,795533167,1780484486.118646563,1,Too Few Markers,-3.697314E28,-3.697314E28,-3.697314E28,-3.697314E28,-3.697314E28,-3.697314E28,-3.697314E28,0.0000000,3,Missing,-3.697314E28,-3.697314E28,-3.697314E28,Missing,-3.697314E28,-3.697314E28,-3.697314E28,Missing,-3.697314E28,-3.697314E28,-3.697314E28,Port 0x02: JJH T tibia tracker  s/n:3E4C8800,795533167,1780484486.118646563,1,OK,0.6466972,-0.0639719,-0.0666556,-0.7571310,271.036,-37.100,-1810.443,0.1623854,3,OK,270.901,-37.090,-1810.444,OK,187.553,10.032,-1818.345,OK,285.139,50.120,-1826.895,Port 0x03: JJH Y femur tracker  s/n:3E4C8801,795533167,1780484486.118646563,1,OK,0.8558641,0.2397890,0.3618132,-0.2812278,70.816,-93.849,-1708.174,0.4377286,3,OK,71.067,-94.121,-1708.637,OK,89.536,-17.391,-1647.401,OK,16.618,-64.924,-1637.544,Passive Strays,795533167,1780484486.118,1,OK,-3.697314E28,-3.697314E28,-3.697314E28,-3.697314E28,-3.697314E28,-3.697314E28,-3.697314E28,0.0000000,0
4,Port 0x01: JJH Probe  s/n:3E4C880C,795533170,1780484486.168646563,1,Too Few Markers,-3.697314E28,-3.697314E28,-3.697314E28,-3.697314E28,-3.697314E28,-3.697314E28,-3.697314E28,0.0000000,3,Missing,-3.697314E28,-3.697314E28,-3.697314E28,Missing,-3.697314E28,-3.697314E28,-3.697314E28,Missing,-3.697314E28,-3.697314E28,-3.697314E28,Port 0x02: JJH T tibia tracker  s/n:3E4C8800,795533170,1780484486.168646563,1,OK,0.6467438,-0.0637179,-0.0664198,-0.7571333,270.986,-37.110,-1810.452,0.1537975,3,OK,270.860,-37.095,-1810.453,OK,187.498,10.028,-1818.328,OK,285.078,50.112,-1826.839,Port 0x03: JJH Y femur tracker  s/n:3E4C8801,795533170,1780484486.168646563,1,OK,0.8558185,0.2396332,0.3620343,-0.2812147,70.762,-93.846,-1708.177,0.4509909,3,OK,71.031,-94.112,-1708.649,OK,89.492,-17.391,-1647.432,OK,16.577,-64.917,-1637.504,Passive Strays,795533170,1780484486.168,1,OK,-3.697314E28,-3.697314E28,-3.697314E28,-3.697314E28,-3.697314E28,-3.697314E28,-3.697314E28,0.0000000,0
4,Port 0x01: JJH Probe  s/n:3E4C880C,795533173,1780484486.218646563,1,Too Few Markers,-3.697314E28,-3.697314E28,-3.697314E28,-3.697314E28,-3.697314E28,-3.697314E28,-3.697314E28,0.0000000,3,Missing,-3.697314E28,-3.697314E28,-3.697314E28,Missing,-3.697314E28,-3.697314E28,-3.697314E28,Missing,-3.697314E28,-3.697314E28,-3.697314E28,Port 0x02: JJH T tibia tracker  s/n:3E4C8800,795533173,1780484486.218646563,1,OK,0.6466072,-0.0644488,-0.0673652,-0.7571046,270.977,-37.098,-1810.389,0.1573008,3,OK,270.848,-37.096,-1810.388,OK,187.497,10.033,-1818.390,OK,285.084,50.095,-1826.986,Port 0x03: JJH Y femur tracker  s/n:3E4C8801,795533173,1780484486.218646563,1,OK,0.8559005,0.2398221,0.3617137,-0.2812167,70.769,-93.842,-1708.163,0.4324499,3,OK,71.019,-94.108,-1708.619,OK,89.476,-17.388,-1647.389,OK,16.560,-64.915,-1637.548,Passive Strays,795533173,1780484486.218,1,OK,-3.697314E28,-3.697314E28,-3.697314E28,-3.697314E28,-3.697314E28,-3.697314E28,-3.697314E28,0.0000000,0
4,Port 0x01: JJH Probe  s/n:3E4C880C,795533176,1780484486.268646562,1,Too Few Markers,-3.697314E28,-3.697314E28,-3.697314E28,-3.697314E28,-3.697314E28,-3.697314E28,-3.697314E28,0.0000000,3,Missing,-3.697314E28,-3.697314E28,-3.697314E28,Missing,-3.697314E28,-3.697314E28,-3.697314E28,Missing,-3.697314E28,-3.697314E28,-3.697314E28,Port 0x02: JJH T tibia tracker  s/n:3E4C8800,795533176,1780484486.268646562,1,OK,0.6467074,-0.0636725,-0.0661682,-0.7571903,271.013,-37.122,-1810.568,0.1478008,3,OK,270.892,-37.101,-1810.571,OK,187.528,10.035,-1818.404,OK,285.110,50.095,-1826.919,Port 0x03: JJH Y femur tracker  s/n:3E4C8801,795533176,1780484486.268646562,1,OK,0.8558765,0.2395848,0.3619402,-0.2812008,70.789,-93.847,-1708.182,0.4367001,3,OK,71.050,-94.104,-1708.638,OK,89.509,-17.382,-1647.450,OK,16.593,-64.918,-1637.534,Passive Strays,795533176,1780484486.268,1,OK,-3.697314E28,-3.697314E28,-3.697314E28,-3.697314E28,-3.697314E28,-3.697314E28,-3.697314E28,0.0000000,0
4,Port 0x01: JJH Probe  s/n:3E4C880C,795533179,1780484486.318646562,1,Too Few Markers,-3.697314E28,-3.697314E28,-3.697314E28,-3.697314E28,-3.697314E28,-3.697314E28,-3.697314E28,0.0000000,3,Missing,-3.697314E28,-3.697314E28,-3.697314E28,Missing,-3.697314E28,-3.697314E28,-3.697314E28,Missing,-3.697314E28,-3.697314E28,-3.697314E28,Port 0x02: JJH T tibia tracker  s/n:3E4C8800,795533179,1780484486.318646562,1,OK,0.6466886,-0.0635252,-0.0668139,-0.7571620,271.010,-37.112,-1810.501,0.1394560,3,OK,270.892,-37.106,-1810.501,OK,187.540,10.039,-1818.465,OK,285.100,50.098,-1826.907,Port 0x03: JJH Y femur tracker  s/n:3E4C8801,795533179,1780484486.318646562,1,OK,0.8556640,0.2397188,0.3623769,-0.2811706,70.751,-93.823,-1708.221,0.4776854,3,OK,71.040,-94.100,-1708.720,OK,89.515,-17.391,-1647.454,OK,16.586,-64.920,-1637.475,Passive Strays,795533179,1780484486.318,1,OK,-3.697314E28,-3.697314E28,-3.697314E28,-3.697314E28,-3.697314E28,-3.697314E28,-3.697314E28,0.0000000,0
4,Port 0x01: JJH Probe  s/n:3E4C880C,795533182,1780484486.368646563,1,Too Few Markers,-3.697314E28,-3.697314E28,-3.697314E28,-3.697314E28,-3.697314E28,-3.697314E28,-3.697314E28,0.0000000,3,Missing,-3.697314E28,-3.697314E28,-3.697314E28,Missing,-3.697314E28,-3.697314E28,-3.697314E28,Missing,-3.697314E28,-3.697314E28,-3.697314E28,Port 0x02: JJH T tibia tracker  s/n:3E4C8800,795533182,1780484486.368646563,1,OK,0.6466337,-0.0639057,-0.0665842,-0.7571971,271.025,-37.124,-1810.506,0.1483220,3,OK,270.911,-37.122,-1810.505,OK,187.539,10.040,-1818.404,OK,285.134,50.090,-1826.939,Port 0x03: JJH Y femur tracker  s/n:3E4C8801,795533182,1780484486.368646563,1,OK,0.8558200,0.2395200,0.3620991,-0.2812231,70.782,-93.847,-1708.180,0.4480268,3,OK,71.056,-94.103,-1708.645,OK,89.524,-17.384,-1647.461,OK,16.595,-64.917,-1637.498,Passive Strays,795533182,1780484486.368,1,OK,-3.697314E28,-3.697314E28,-3.697314E28,-3.697314E28,-3.697314E28,-3.697314E28,-3.697314E28,0.0000000,0
4,Port 0x01: JJH Probe  s/n:3E4C880C,795533185,1780484486.418646563,1,Too Few Markers,-3.697314E28,-3.697314E28,-3.697314E28,-3.697314E28,-3.697314E28,-3.697314E28,-3.697314E28,0.0000000,3,Missing,-3.697314E28,-3.697314E28,-3.697314E28,Missing,-3.697314E28,-3.697314E28,-3.697314E28,Missing,-3.697314E28,-3.697314E28,-3.697314E28,Port 0x02: JJH T tibia tracker  s/n:3E4C8800,795533185,1780484486.418646563,1,OK,0.6465773,-0.0642387,-0.0672224,-0.7571607,271.000,-37.100,-1810.433,0.1617597,3,OK,270.870,-37.102,-1810.432,OK,187.523,10.042,-1818.422,OK,285.124,50.105,-1826.987,Port 0x03: JJH Y femur tracker  s/n:3E4C8801,795533185,1780484486.418646563,1,OK,0.8559988,0.2392725,0.3617688,-0.2813150,70.764,-93.882,-1708.100,0.4057226,3,OK,71.015,-94.110,-1708.519,OK,89.481,-17.383,-1647.442,OK,16.560,-64.916,-1637.501,Passive Strays,795533185,1780484486.418,1,OK,-3.697314E28,-3.697314E28,-3.697314E28,-3.697314E28,-3.697314E28,-3.697314E28,-3.697314E28,0.0000000,0
4,Port 0x01: JJH Probe  s/n:3E4C880C,795533188,1780484486.468646563,1,Too Few Markers,-3.697314E28,-3.697314E28,-3.697314E28,-3.697314E28,-3.697314E28,-3.697314E28,-3.697314E28,0.0000000,3,Missing,-3.697314E28,-3.697314E28,-3.697314E28,Missing,-3.697314E28,-3.697314E28,-3.697314E28,Missing,-3.697314E28,-3.697314E28,-3.697314E28,Port 0x02: JJH T tibia tracker  s/n:3E4C8800,795533188,1780484486.468646563,1,OK,0.6466143,-0.0637723,-0.0668138,-0.7572047,270.996,-37.119,-1810.484,0.1398908,3,OK,270.878,-37.105,-1810.485,OK,187.530,10.045,-1818.432,OK,285.100,50.078,-1826.922,Port 0x03: JJH Y femur tracker  s/n:3E4C8801,795533188,1780484486.468646563,1,OK,0.8558931,0.2393952,0.3619656,-0.2812791,70.759,-93.866,-1708.140,0.4251561,3,OK,71.020,-94.109,-1708.582,OK,89.495,-17.385,-1647.452,OK,16.570,-64.920,-1637.498,Passive Strays,795533188,1780484486.468,1,OK,-3.697314E28,-3.697314E28,-3.697314E28,-3.697314E28,-3.697314E28,-3.697314E28,-3.697314E28,0.0000000,0
4,Port 0x01: JJH Probe  s/n:3E4C880C,795533191,1780484486.518646562,1,Too Few Markers,-3.697314E28,-3.697314E28,-3.697314E28,-3.697314E28,-3.697314E28,-3.697314E28,-3.697314E28,0.0000000,3,Missing,-3.697314E28,-3.697314E28,-3.697314E28,Missing,-3.697314E28,-3.697314E28,-3.697314E28,Missing,-3.697314E28,-3.697314E28,-3.697314E28,Port 0x02: JJH T tibia tracker  s/n:3E4C8800,795533191,1780484486.518646562,1,OK,0.6465699,-0.0638541,-0.0673506,-0.7571882,271.024,-37.108,-1810.465,0.1458241,3,OK,270.906,-37.111,-1810.464,OK,187.559,10.047,-1818.505,OK,285.141,50.090,-1826.979,Port 0x03: JJH Y femur tracker  s/n:3E4C8801,795533191,1780484486.518646562,1,OK,0.8558534,0.2396914,0.3619399,-0.2811806,70.786,-93.846,-1708.204,0.4476654,3,OK,71.049,-94.116,-1708.674,OK,89.506,-17.387,-1647.445,OK,16.589,-64.923,-1637.548,Passive Strays,795533191,1780484486.518,1,OK,-3.697314E28,-3.697314E28,-3.697314E28,-3.697314E28,-3.697314E28,-3.697314E28,-3.697314E28,0.0000000,0
4,Port 0x01: JJH Probe  s/n:3E4C880C,795533194,1780484486.568646562,1,Too Few Markers,-3.697314E28,-3.697314E28,-3.697314E28,-3.697314E28,-3.697314E28,-3.697314E28,-3.697314E28,0.0000000,3,Missing,-3.697314E28,-3.697314E28,-3.697314E28,Missing,-3.697314E28,-3.697314E28,-3.697314E28,Missing,-3.697314E28,-3.697314E28,-3.697314E28,Port 0x02: JJH T tibia tracker  s/n:3E4C8800,795533194,1780484486.568646562,1,OK,0.6465208,-0.0641423,-0.0673281,-0.7572077,271.020,-37.113,-1810.484,0.1519258,3,OK,270.893,-37.114,-1810.482,OK,187.561,10.046,-1818.500,OK,285.146,50.083,-1827.035,Port 0x03: JJH Y femur tracker  s/n:3E4C8801,795533194,1780484486.568646562,1,OK,0.8557802,0.2397942,0.3620476,-0.2811771,70.774,-93.834,-1708.246,0.4618631,3,OK,71.044,-94.114,-1708.732,OK,89.503,-17.393,-1647.465,OK,16.590,-64.918,-1637.562,Passive Strays,795533194,1780484486.568,1,OK,-3.697314E28,-3.697314E28,-3.697314E28,-3.697314E28,-3.697314E28,-3.697314E28,-3.697314E28,0.0000000,0
4,Port 0x01: JJH Probe  s/n:3E4C880C,795533197,1780484486.618646563,1,Too Few Markers,-3.697314E28,-3.697314E28,-3.697314E28,-3.697314E28,-3.697314E28,-3.697314E28,-3.697314E28,0.0000000,3,Missing,-3.697314E28,-3.697314E28,-3.697314E28,Missing,-3.697314E28,-3.697314E28,-3.697314E28,Missing,-3.697314E28,-3.697314E28,-3.697314E28,Port 0x02: JJH T tibia tracker  s/n:3E4C8800,795533197,1780484486.618646563,1,OK,0.6465350,-0.0640378,-0.0672709,-0.7572095,271.003,-37.101,-1810.473,0.1518857,3,OK,270.871,-37.086,-1810.474,OK,187.551,10.052,-1818.485,OK,285.128,50.086,-1827.001,Port 0x03: JJH Y femur tracker  s/n:3E4C8801,795533197,1780484486.618646563,1,OK,0.8559616,0.2393526,0.3618144,-0.2813012,70.773,-93.874,-1708.123,0.4187869,3,OK,71.032,-94.110,-1708.557,OK,89.490,-17.388,-1647.448,OK,16.573,-64.910,-1637.506,Passive Strays,795533197,1780484486.618,1,OK,-3.697314E28,-3.697314E28,-3.697314E28,-3.697314E28,-3.697314E28,-3.697314E28,-3.697314E28,0.0000000,0
4,Port 0x01: JJH Probe  s/n:3E4C880C,795533200,1780484486.668646563,1,Too Few Markers,-3.697314E28,-3.697314E28,-3.697314E28,-3.697314E28,-3.697314E28,-3.697314E28,-3.697314E28,0.0000000,3,Missing,-3.697314E28,-3.697314E28,-3.697314E28,Missing,-3.697314E28,-3.697314E28,-3.697314E28,Missing,-3.697314E28,-3.697314E28,-3.697314E28,Port 0x02: JJH T tibia tracker  s/n:3E4C8800,795533200,1780484486.668646563,1,OK,0.6465070,-0.0641780,-0.0667876,-0.7572643,271.018,-37.115,-1810.542,0.1562564,3,OK,270.888,-37.110,-1810.541,OK,187.560,10.058,-1818.459,OK,285.152,50.089,-1827.035,Port 0x03: JJH Y femur tracker  s/n:3E4C8801,795533200,1780484486.668646563,1,OK,0.8557517,0.2397790,0.3621066,-0.2812007,70.754,-93.829,-1708.227,0.4609394,3,OK,71.024,-94.108,-1708.712,OK,89.498,-17.385,-1647.450,OK,16.575,-64.916,-1637.535,Passive Strays,795533200,1780484486.668,1,OK,-3.697314E28,-3.697314E28,-3.697314E28,-3.697314E28,-3.697314E28,-3.697314E28,-3.697314E28,0.0000000,0
4,Port 0x01: JJH Probe  s/n:3E4C880C,795533203,1780484486.718646563,1,Too Few Markers,-3.697314E28,-3.697314E28,-3.697314E28,-3.697314E28,-3.697314E28,-3.697314E28,-3.697314E28,0.0000000,3,Missing,-3.697314E28,-3.697314E28,-3.697314E28,Missing,-3.697314E28,-3.697314E28,-3.697314E28,Missing,-3.697314E28,-3.697314E28,-3.697314E28,Port 0x02: JJH T tibia tracker  s/n:3E4C8800,795533203,1780484486.718646563,1,OK,0.6465988,-0.0638466,-0.0668087,-0.7572122,271.046,-37.111,-1810.524,0.1373485,3,OK,270.936,-37.092,-1810.526,OK,187.573,10.057,-1818.467,OK,285.155,50.077,-1826.971,Port 0x03: JJH Y femur tracker  s/n:3E4C8801,795533203,1780484486.718646563,1,OK,0.8559120,0.2395366,0.3618831,-0.2812070,70.796,-93.852,-1708.155,0.4319604,3,OK,71.057,-94.103,-1708.605,OK,89.511,-17.381,-1647.436,OK,16.593,-64.916,-1637.518,Passive Strays,795533203,1780484486.718,1,OK,-3.697314E28,-3.697314E28,-3.697314E28,-3.697314E28,-3.697314E28,-3.697314E28,-3.697314E28,0.0000000,0
4,Port 0x01: JJH Probe  s/n:3E4C880C,795533206,1780484486.768646562,1,Too Few Markers,-3.697314E28,-3.697314E28,-3.697314E28,-3.697314E28,-3.697314E28,-3.697314E28,-3.697314E28,0.0000000,3,Missing,-3.697314E28,-3.697314E28,-3.697314E28,Missing,-3.697314E28,-3.697314E28,-3.697314E28,Missing,-3.697314E28,-3.697314E28,-3.697314E28,Port 0x02: JJH T tibia tracker  s/n:3E4C8800,795533206,1780484486.768646562,1,OK,0.6465764,-0.0639395,-0.0664389,-0.7572560,271.036,-37.119,-1810.582,0.1459962,3,OK,270.915,-37.111,-1810.582,OK,187.571,10.060,-1818.453,OK,285.151,50.090,-1827.002,Port 0x03: JJH Y femur tracker  s/n:3E4C8801,795533206,1780484486.768646562,1,OK,0.8559258,0.2395974,0.3617866,-0.2812376,70.785,-93.852,-1708.153,0.4175841,3,OK,71.034,-94.099,-1708.590,OK,89.496,-17.385,-1647.426,OK,16.587,-64.914,-1637.542,Passive Strays,795533206,1780484486.768,1,OK,-3.697314E28,-3.697314E28,-3.697314E28,-3.697314E28,-3.697314E28,-3.697314E28,-3.697314E28,0.0000000,0
4,Port 0x01: JJH Probe  s/n:3E4C880C,795533209,1780484486.818646562,1,Too Few Markers,-3.697314E28,-3.697314E28,-3.697314E28,-3.697314E28,-3.697314E28,-3.697314E28,-3.697314E28,0.0000000,3,Missing,-3.697314E28,-3.697314E28,-3.697314E28,Missing,-3.697314E28,-3.697314E28,-3.697314E28,Missing,-3.697314E28,-3.697314E28,-3.697314E28,Port 0x02: JJH T tibia tracker  s/n:3E4C8800,795533209,1780484486.818646562,1,OK,0.6465209,-0.0641264,-0.0665234,-0.7572801,271.018,-37.127,-1810.595,0.1457191,3,OK,270.902,-37.120,-1810.595,OK,187.551,10.062,-1818.470,OK,285.145,50.075,-1827.050,Port 0x03: JJH Y femur tracker  s/n:3E4C8801,795533209,1780484486.818646562,1,OK,0.8557385,0.2400281,0.3620099,-0.2811528,70.743,-93.807,-1708.238,0.4725184,3,OK,71.009,-94.106,-1708.740,OK,89.476,-17.375,-1647.406,OK,16.553,-64.909,-1637.552,Passive Strays,795533209,1780484486.818,1,OK,-3.697314E28,-3.697314E28,-3.697314E28,-3.697314E28,-3.697314E28,-3.697314E28,-3.697314E28,0.0000000,0
4,Port 0x01: JJH Probe  s/n:3E4C880C,795533212,1780484486.868646563,1,Too Few Markers,-3.697314E28,-3.697314E28,-3.697314E28,-3.697314E28,-3.697314E28,-3.697314E28,-3.697314E28,0.0000000,3,Missing,-3.697314E28,-3.697314E28,-3.697314E28,Missing,-3.697314E28,-3.697314E28,-3.697314E28,Missing,-3.697314E28,-3.697314E28,-3.697314E28,Port 0x02: JJH T tibia tracker  s/n:3E4C8800,795533212,1780484486.868646563,1,OK,0.6464562,-0.0642887,-0.0670218,-0.7572776,271.028,-37.106,-1810.521,0.1648444,3,OK,270.886,-37.094,-1810.522,OK,187.580,10.062,-1818.473,OK,285.178,50.093,-1827.057,Port 0x03: JJH Y femur tracker  s/n:3E4C8801,795533212,1780484486.868646563,1,OK,0.8558143,0.2396372,0.3620330,-0.2812258,70.770,-93.842,-1708.222,0.4427192,3,OK,71.033,-94.105,-1708.686,OK,89.511,-17.381,-1647.478,OK,16.584,-64.920,-1637.556,Passive Strays,795533212,1780484486.868,1,OK,-3.697314E28,-3.697314E28,-3.697314E28,-3.697314E28,-3.697314E28,-3.697314E28,-3.697314E28,0.0000000,0
4,Port 0x01: JJH Probe  s/n:3E4C880C,795533215,1780484486.918646563,1,Too Few Markers,-3.697314E28,-3.697314E28,-3.697314E28,-3.697314E28,-3.697314E28,-3.697314E28,-3.697314E28,0.0000000,3,Missing,-3.697314E28,-3.697314E28,-3.697314E28,Missing,-3.697314E28,-3.697314E28,-3.697314E28,Missing,-3.697314E28,-3.697314E28,-3.697314E28,Port 0x02: JJH T tibia tracker  s/n:3E4C8800,795533215,1780484486.918646563,1,OK,0.6465193,-0.0639038,-0.0670859,-0.7572507,271.054,-37.113,-1810.489,0.1420383,3,OK,270.933,-37.090,-1810.493,OK,187.599,10.057,-1818.479,OK,285.180,50.066,-1826.975,Port 0x03: JJH Y femur tracker  s/n:3E4C8801,795533215,1780484486.918646563,1,OK,0.8558142,0.2398860,0.3618536,-0.2812449,70.795,-93.835,-1708.182,0.4467383,3,OK,71.050,-94.113,-1708.655,OK,89.530,-17.386,-1647.392,OK,16.597,-64.916,-1637.536,Passive Strays,795533215,1780484486.918,1,OK,-3.697314E28,-3.697314E28,-3.697314E28,-3.697314E28,-3.697314E28,-3.697314E28,-3.697314E28,0.0000000,0
4,Port 0x01: JJH Probe  s/n:3E4C880C,795533218,1780484486.968646563,1,Too Few Markers,-3.697314E28,-3.697314E28,-3.697314E28,-3.697314E28,-3.697314E28,-3.697314E28,-3.697314E28,0.0000000,3,Missing,-3.697314E28,-3.697314E28,-3.697314E28,Missing,-3.697314E28,-3.697314E28,-3.697314E28,Missing,-3.697314E28,-3.697314E28,-3.697314E28,Port 0x02: JJH T tibia tracker  s/n:3E4C8800,795533218,1780484486.968646563,1,OK,0.6464212,-0.0645599,-0.0674512,-0.7572463,271.034,-37.107,-1810.483,0.1562657,3,OK,270.903,-37.102,-1810.482,OK,187.581,10.060,-1818.495,OK,285.179,50.071,-1827.104,Port 0x03: JJH Y femur tracker  s/n:3E4C8801,795533218,1780484486.968646563,1,OK,0.8558137,0.2395734,0.3621435,-0.2811399,70.770,-93.837,-1708.200,0.4528428,3,OK,71.046,-94.096,-1708.671,OK,89.497,-17.385,-1647.466,OK,16.583,-64.920,-1637.509,Passive Strays,795533218,1780484486.968,1,OK,-3.697314E28,-3.697314E28,-3.697314E28,-3.697314E28,-3.697314E28,-3.697314E28,-3.697314E28,0.0000000,0
4,Port 0x01: JJH Probe  s/n:3E4C880C,795533221,1780484487.018646562,1,Too Few Markers,-3.697314E28,-3.697314E28,-3.697314E28,-3.697314E28,-3.697314E28,-3.697314E28,-3.697314E28,0.0000000,3,Missing,-3.697314E28,-3.697314E28,-3.697314E28,Missing,-3.697314E28,-3.697314E28,-3.697314E28,Missing,-3.697314E28,-3.697314E28,-3.697314E28,Port 0x02: JJH T tibia tracker  s/n:3E4C8800,795533221,1780484487.018646562,1,OK,0.6464141,-0.0644672,-0.0679629,-0.7572146,271.007,-37.097,-1810.440,0.1568756,3,OK,270.875,-37.098,-1810.439,OK,187.561,10.057,-1818.551,OK,285.154,50.077,-1827.109,Port 0x03: JJH Y femur tracker  s/n:3E4C8801,795533221,1780484487.018646562,1,OK,0.8558870,0.2393825,0.3619427,-0.2813377,70.739,-93.864,-1708.134,0.4109661,3,OK,70.991,-94.099,-1708.560,OK,89.485,-17.381,-1647.453,OK,16.560,-64.914,-1637.505,Passive Strays,795533221,1780484487.018,1,OK,-3.697314E28,-3.697314E28,-3.697314E28,-3.697314E28,-3.697314E28,-3.697314E28,-3.697314E28,0.0000000,0
4,Port 0x01: JJH Probe  s/n:3E4C880C,795533224,1780484487.068646562,1,Too Few Markers,-3.697314E28,-3.697314E28,-3.697314E28,-3.697314E28,-3.697314E28,-3.697314E28,-3.697314E28,0.0000000,3,Missing,-3.697314E28,-3.697314E28,-3.697314E28,Missing,-3.697314E28,-3.697314E28,-3.697314E28,Missing,-3.697314E28,-3.697314E28,-3.697314E28,Port 0x02: JJH T tibia tracker  s/n:3E4C8800,795533224,1780484487.068646562,1,OK,0.6464952,-0.0641971,-0.0670607,-0.7572487,271.029,-37.119,-1810.516,0.1407796,3,OK,270.911,-37.112,-1810.515,OK,187.575,10.061,-1818.483,OK,285.151,50.066,-1827.040,Port 0x03: JJH Y femur tracker  s/n:3E4C8801,795533224,1780484487.068646562,1,OK,0.8558010,0.2396507,0.3620884,-0.2811834,70.753,-93.838,-1708.215,0.4534081,3,OK,71.024,-94.106,-1708.689,OK,89.485,-17.386,-1647.464,OK,16.571,-64.918,-1637.533,Passive Strays,795533224,1780484487.068,1,OK,-3.697314E28,-3.697314E28,-3.697314E28,-3.697314E28,-3.697314E28,-3.697314E28,-3.697314E28,0.0000000,0
4,Port 0x01: JJH Probe  s/n:3E4C880C,795533227,1780484487.118646560,1,Too Few Markers,-3.697314E28,-3.697314E28,-3.697314E28,-3.697314E28,-3.697314E28,-3.697314E28,-3.697314E28,0.0000000,3,Missing,-3.697314E28,-3.697314E28,-3.697314E28,Missing,-3.697314E28,-3.697314E28,-3.697314E28,Missing,-3.697314E28,-3.697314E28,-3.697314E28,Port 0x02: JJH T tibia tracker  s/n:3E4C8800,795533227,1780484487.118646560,1,OK,0.6464176,-0.0648227,-0.0669612,-0.7572704,271.060,-37.123,-1810.549,0.1637710,3,OK,270.922,-37.119,-1810.548,OK,187.608,10.053,-1818.456,OK,285.206,50.068,-1827.151,Port 0x03: JJH Y femur tracker  s/n:3E4C8801,795533227,1780484487.118646560,1,OK,0.8558823,0.2395558,0.3618827,-0.2812817,70.791,-93.862,-1708.193,0.4267816,3,OK,71.046,-94.113,-1708.639,OK,89.521,-17.392,-1647.473,OK,16.599,-64.920,-1637.559,Passive Strays,795533227,1780484487.118,1,OK,-3.697314E28,-3.697314E28,-3.697314E28,-3.697314E28,-3.697314E28,-3.697314E28,-3.697314E28,0.0000000,0
4,Port 0x01: JJH Probe  s/n:3E4C880C,795533230,1780484487.168646560,1,Too Few Markers,-3.697314E28,-3.697314E28,-3.697314E28,-3.697314E28,-3.697314E28,-3.697314E28,-3.697314E28,0.0000000,3,Missing,-3.697314E28,-3.697314E28,-3.697314E28,Missing,-3.697314E28,-3.697314E28,-3.697314E28,Missing,-3.697314E28,-3.697314E28,-3.697314E28,Port 0x02: JJH T tibia tracker  s/n:3E4C8800,795533230,1780484487.168646560,1,OK,0.6464161,-0.0641411,-0.0670877,-0.7573185,271.027,-37.124,-1810.510,0.1515240,3,OK,270.898,-37.122,-1810.509,OK,187.587,10.064,-1818.486,OK,285.176,50.070,-1827.033,Port 0x03: JJH Y femur tracker  s/n:3E4C8801,795533230,1780484487.168646560,1,OK,0.8557204,0.2397009,0.3622165,-0.2812211,70.746,-93.838,-1708.198,0.4638283,3,OK,71.022,-94.112,-1708.684,OK,89.502,-17.394,-1647.437,OK,16.577,-64.921,-1637.488,Passive Strays,795533230,1780484487.168,1,OK,-3.697314E28,-3.697314E28,-3.697314E28,-3.697314E28,-3.697314E28,-3.697314E28,-3.697314E28,0.0000000,0
4,Port 0x01: JJH Probe  s/n:3E4C880C,795533233,1780484487.218646560,1,Too Few Markers,-3.697314E28,-3.697314E28,-3.697314E28,-3.697314E28,-3.697314E28,-3.697314E28,-3.697314E28,0.0000000,3,Missing,-3.697314E28,-3.697314E28,-3.697314E28,Missing,-3.697314E28,-3.697314E28,-3.697314E28,Missing,-3.697314E28,-3.697314E28,-3.697314E28,Port 0x02: JJH T tibia tracker  s/n:3E4C8800,795533233,1780484487.218646560,1,OK,0.6464039,-0.0641137,-0.0673688,-0.7573064,271.025,-37.120,-1810.515,0.1457546,3,OK,270.900,-37.106,-1810.516,OK,187.585,10.064,-1818.544,OK,285.174,50.055,-1827.064,Port 0x03: JJH Y femur tracker  s/n:3E4C8801,795533233,1780484487.218646560,1,OK,0.8559097,0.2395475,0.3618826,-0.2812055,70.776,-93.854,-1708.167,0.4222869,3,OK,71.033,-94.097,-1708.606,OK,89.493,-17.389,-1647.451,OK,16.574,-64.924,-1637.536,Passive Strays,795533233,1780484487.218,1,OK,-3.697314E28,-3.697314E28,-3.697314E28,-3.697314E28,-3.697314E28,-3.697314E28,-3.697314E28,0.0000000,0
4,Port 0x01: JJH Probe  s/n:3E4C880C,795533236,1780484487.268646560,1,Too Few Markers,-3.697314E28,-3.697314E28,-3.697314E28,-3.697314E28,-3.697314E28,-3.697314E28,-3.697314E28,0.0000000,3,Missing,-3.697314E28,-3.697314E28,-3.697314E28,Missing,-3.697314E28,-3.697314E28,-3.697314E28,Missing,-3.697314E28,-3.697314E28,-3.697314E28,Port 0x02: JJH T tibia tracker  s/n:3E4C8800,795533236,1780484487.268646560,1,OK,0.6464939,-0.0640027,-0.0666422,-0.7573031,271.041,-37.134,-1810.623,0.1409787,3,OK,270.922,-37.105,-1810.627,OK,187.585,10.056,-1818.527,OK,285.171,50.047,-1827.070,Port 0x03: JJH Y femur tracker  s/n:3E4C8801,795533236,1780484487.268646560,1,OK,0.8557042,0.2398330,0.3621731,-0.2812136,70.749,-93.833,-1708.267,0.4795830,3,OK,71.026,-94.128,-1708.774,OK,89.501,-17.391,-1647.471,OK,16.578,-64.917,-1637.554,Passive Strays,795533236,1780484487.268,1,OK,-3.697314E28,-3.697314E28,-3.697314E28,-3.697314E28,-3.697314E28,-3.697314E28,-3.697314E28,0.0000000,0
4,Port 0x01: JJH Probe  s/n:3E4C880C,795533239,1780484487.318646560,1,Too Few Markers,-3.697314E28,-3.697314E28,-3.697314E28,-3.697314E28,-3.697314E28,-3.697314E28,-3.697314E28,0.0000000,3,Missing,-3.697314E28,-3.697314E28,-3.697314E28,Missing,-3.697314E28,-3.697314E28,-3.697314E28,Missing,-3.697314E28,-3.697314E28,-3.697314E28,Port 0x02: JJH T tibia tracker  s/n:3E4C8800,795533239,1780484487.318646560,1,OK,0.6463414,-0.0647267,-0.0677320,-0.7572752,271.037,-37.120,-1810.499,0.1602736,3,OK,270.905,-37.126,-1810.496,OK,187.593,10.055,-1818.552,OK,285.199,50.058,-1827.177,Port 0x03: JJH Y femur tracker  s/n:3E4C8801,795533239,1780484487.318646560,1,OK,0.8558047,0.2396330,0.3620622,-0.2812210,70.760,-93.847,-1708.195,0.4504555,3,OK,71.027,-94.115,-1708.667,OK,89.498,-17.389,-1647.448,OK,16.577,-64.921,-1637.519,Passive Strays,795533239,1780484487.318,1,OK,-3.697314E28,-3.697314E28,-3.697314E28,-3.697314E28,-3.697314E28,-3.697314E28,-3.697314E28,0.0000000,0
4,Port 0x01: JJH Probe  s/n:3E4C880C,795533242,1780484487.368646560,1,Too Few Markers,-3.697314E28,-3.697314E28,-3.697314E28,-3.697314E28,-3.697314E28,-3.697314E28,-3.697314E28,0.0000000,3,Missing,-3.697314E28,-3.697314E28,-3.697314E28,Missing,-3.697314E28,-3.697314E28,-3.697314E28,Missing,-3.697314E28,-3.697314E28,-3.697314E28,Port 0x02: JJH T tibia tracker  s/n:3E4C8800,795533242,1780484487.368646560,1,OK,0.6464405,-0.0645613,-0.0670203,-0.7572680,271.050,-37.117,-1810.615,0.1554961,3,OK,270.923,-37.117,-1810.614,OK,187.593,10.063,-1818.551,OK,285.190,50.074,-1827.188,Port 0x03: JJH Y femur tracker  s/n:3E4C8801,795533242,1780484487.368646560,1,OK,0.8557894,0.2399590,0.3619356,-0.2811526,70.777,-93.822,-1708.207,0.4553478,3,OK,71.036,-94.106,-1708.689,OK,89.497,-17.388,-1647.395,OK,16.585,-64.919,-1637.545,Passive Strays,795533242,1780484487.368,1,OK,-3.697314E28,-3.697314E28,-3.697314E28,-3.697314E28,-3.697314E28,-3.697314E28,-3.697314E28,0.0000000,0
4,Port 0x01: JJH Probe  s/n:3E4C880C,795533245,1780484487.418646560,1,Too Few Markers,-3.697314E28,-3.697314E28,-3.697314E28,-3.697314E28,-3.697314E28,-3.697314E28,-3.697314E28,0.0000000,3,Missing,-3.697314E28,-3.697314E28,-3.697314E28,Missing,-3.697314E28,-3.697314E28,-3.697314E28,Missing,-3.697314E28,-3.697314E28,-3.697314E28,Port 0x02: JJH T tibia tracker  s/n:3E4C8800,795533245,1780484487.418646560,1,OK,0.6464725,-0.0640478,-0.0670094,-0.7572853,271.070,-37.136,-1810.607,0.1365679,3,OK,270.959,-37.135,-1810.606,OK,187.618,10.057,-1818.576,OK,285.197,50.053,-1827.106,Port 0x03: JJH Y femur tracker  s/n:3E4C8801,795533245,1780484487.418646560,1,OK,0.8558109,0.2397778,0.3619366,-0.2812404,70.775,-93.853,-1708.230,0.4597591,3,OK,71.038,-94.139,-1708.716,OK,89.508,-17.394,-1647.450,OK,16.586,-64.923,-1637.567,Passive Strays,795533245,1780484487.418,1,OK,-3.697314E28,-3.697314E28,-3.697314E28,-3.697314E28,-3.697314E28,-3.697314E28,-3.697314E28,0.0000000,0
4,Port 0x01: JJH Probe  s/n:3E4C880C,795533248,1780484487.468646560,1,Too Few Markers,-3.697314E28,-3.697314E28,-3.697314E28,-3.697314E28,-3.697314E28,-3.697314E28,-3.697314E28,0.0000000,3,Missing,-3.697314E28,-3.697314E28,-3.697314E28,Missing,-3.697314E28,-3.697314E28,-3.697314E28,Missing,-3.697314E28,-3.697314E28,-3.697314E28,Port 0x02: JJH T tibia tracker  s/n:3E4C8800,795533248,1780484487.468646560,1,OK,0.6463956,-0.0649080,-0.0670928,-0.7572703,271.068,-37.124,-1810.615,0.1591453,3,OK,270.941,-37.124,-1810.614,OK,187.607,10.058,-1818.541,OK,285.217,50.059,-1827.244,Port 0x03: JJH Y femur tracker  s/n:3E4C8801,795533248,1780484487.468646560,1,OK,0.8558042,0.2396496,0.3620663,-0.2812032,70.775,-93.843,-1708.204,0.4622569,3,OK,71.049,-94.119,-1708.689,OK,89.512,-17.383,-1647.452,OK,16.584,-64.917,-1637.518,Passive Strays,795533248,1780484487.468,1,OK,-3.697314E28,-3.697314E28,-3.697314E28,-3.697314E28,-3.697314E28,-3.697314E28,-3.697314E28,0.0000000,0
4,Port 0x01: JJH Probe  s/n:3E4C880C,795533251,1780484487.518646560,1,Too Few Markers,-3.697314E28,-3.697314E28,-3.697314E28,-3.697314E28,-3.697314E28,-3.697314E28,-3.697314E28,0.0000000,3,Missing,-3.697314E28,-3.697314E28,-3.697314E28,Missing,-3.697314E28,-3.697314E28,-3.697314E28,Missing,-3.697314E28,-3.697314E28,-3.697314E28,Port 0x02: JJH T tibia tracker  s/n:3E4C8800,795533251,1780484487.518646560,1,OK,0.6463403,-0.0644840,-0.0675763,-0.7573107,271.042,-37.127,-1810.556,0.1569491,3,OK,270.910,-37.135,-1810.553,OK,187.605,10.058,-1818.598,OK,285.204,50.057,-1827.183,Port 0x03: JJH Y femur tracker  s/n:3E4C8801,795533251,1780484487.518646560,1,OK,0.8557838,0.2396013,0.3621416,-0.2812095,70.754,-93.843,-1708.229,0.4523114,3,OK,71.030,-94.101,-1708.699,OK,89.498,-17.393,-1647.495,OK,16.571,-64.921,-1637.536,Passive Strays,795533251,1780484487.518,1,OK,-3.697314E28,-3.697314E28,-3.697314E28,-3.697314E28,-3.697314E28,-3.697314E28,-3.697314E28,0.0000000,0
4,Port 0x01: JJH Probe  s/n:3E4C880C,795533254,1780484487.568646560,1,Too Few Markers,-3.697314E28,-3.697314E28,-3.697314E28,-3.697314E28,-3.697314E28,-3.697314E28,-3.697314E28,0.0000000,3,Missing,-3.697314E28,-3.697314E28,-3.697314E28,Missing,-3.697314E28,-3.697314E28,-3.697314E28,Missing,-3.697314E28,-3.697314E28,-3.697314E28,Port 0x02: JJH T tibia tracker  s/n:3E4C8800,795533254,1780484487.568646560,1,OK,0.6464074,-0.0642311,-0.0673209,-0.7572976,271.050,-37.128,-1810.600,0.1512479,3,OK,270.926,-37.131,-1810.598,OK,187.602,10.056,-1818.613,OK,285.201,50.061,-1827.162,Port 0x03: JJH Y femur tracker  s/n:3E4C8801,795533254,1780484487.568646560,1,OK,0.8557724,0.2396327,0.3621370,-0.2812233,70.752,-93.850,-1708.238,0.4643385,3,OK,71.026,-94.127,-1708.726,OK,89.496,-17.391,-1647.486,OK,16.575,-64.922,-1637.542,Passive Strays,795533254,1780484487.568,1,OK,-3.697314E28,-3.697314E28,-3.697314E28,-3.697314E28,-3.697314E28,-3.697314E28,-3.697314E28,0.0000000,0
4,Port 0x01: JJH Probe  s/n:3E4C880C,795533257,1780484487.618646560,1,Too Few Markers,-3.697314E28,-3.697314E28,-3.697314E28,-3.697314E28,-3.697314E28,-3.697314E28,-3.697314E28,0.0000000,3,Missing,-3.697314E28,-3.697314E28,-3.697314E28,Missing,-3.697314E28,-3.697314E28,-3.697314E28,Missing,-3.697314E28,-3.697314E28,-3.697314E28,Port 0x02: JJH T tibia tracker  s/n:3E4C8800,795533257,1780484487.618646560,1,OK,0.6464658,-0.0643758,-0.0666500,-0.7572948,271.064,-37.125,-1810.745,0.1444621,3,OK,270.945,-37.108,-1810.747,OK,187.606,10.068,-1818.627,OK,285.195,50.059,-1827.246,Port 0x03: JJH Y femur tracker  s/n:3E4C8801,795533257,1780484487.618646560,1,OK,0.8558431,0.2394226,0.3620688,-0.2812751,70.748,-93.859,-1708.183,0.4421750,3,OK,71.018,-94.112,-1708.643,OK,89.490,-17.385,-1647.484,OK,16.567,-64.913,-1637.513,Passive Strays,795533257,1780484487.618,1,OK,-3.697314E28,-3.697314E28,-3.697314E28,-3.697314E28,-3.697314E28,-3.697314E28,-3.697314E28,0.0000000,0
4,Port 0x01: JJH Probe  s/n:3E4C880C,795533260,1780484487.668646560,1,Too Few Markers,-3.697314E28,-3.697314E28,-3.697314E28,-3.697314E28,-3.697314E28,-3.697314E28,-3.697314E28,0.0000000,3,Missing,-3.697314E28,-3.697314E28,-3.697314E28,Missing,-3.697314E28,-3.697314E28,-3.697314E28,Missing,-3.697314E28,-3.697314E28,-3.697314E28,Port 0x02: JJH T tibia tracker  s/n:3E4C8800,795533260,1780484487.668646560,1,OK,0.6463392,-0.0644525,-0.0677856,-0.7572956,271.057,-37.117,-1810.540,0.1504915,3,OK,270.926,-37.116,-1810.539,OK,187.628,10.064,-1818.623,OK,285.213,50.053,-1827.185,Port 0x03: JJH Y femur tracker  s/n:3E4C8801,795533260,1780484487.668646560,1,OK,0.8558303,0.2397952,0.3618986,-0.2812157,70.780,-93.838,-1708.188,0.4420909,3,OK,71.038,-94.107,-1708.654,OK,89.505,-17.391,-1647.416,OK,16.589,-64.917,-1637.540,Passive Strays,795533260,1780484487.668,1,OK,-3.697314E28,-3.697314E28,-3.697314E28,-3.697314E28,-3.697314E28,-3.697314E28,-3.697314E28,0.0000000,0
4,Port 0x01: JJH Probe  s/n:3E4C880C,795533263,1780484487.718646560,1,Too Few Markers,-3.697314E28,-3.697314E28,-3.697314E28,-3.697314E28,-3.697314E28,-3.697314E28,-3.697314E28,0.0000000,3,Missing,-3.697314E28,-3.697314E28,-3.697314E28,Missing,-3.697314E28,-3.697314E28,-3.697314E28,Missing,-3.697314E28,-3.697314E28,-3.697314E28,Port 0x02: JJH T tibia tracker  s/n:3E4C8800,795533263,1780484487.718646560,1,OK,0.6463364,-0.0644187,-0.0674748,-0.7573286,271.091,-37.128,-1810.670,0.1517281,3,OK,270.967,-37.126,-1810.669,OK,187.650,10.063,-1818.699,OK,285.256,50.048,-1827.275,Port 0x03: JJH Y femur tracker  s/n:3E4C8801,795533263,1780484487.718646560,1,OK,0.8558066,0.2396738,0.3620010,-0.2812594,70.784,-93.851,-1708.233,0.4607684,3,OK,71.057,-94.126,-1708.716,OK,89.523,-17.392,-1647.480,OK,16.596,-64.913,-1637.556,Passive Strays,795533263,1780484487.718,1,OK,-3.697314E28,-3.697314E28,-3.697314E28,-3.697314E28,-3.697314E28,-3.697314E28,-3.697314E28,0.0000000,0
4,Port 0x01: JJH Probe  s/n:3E4C880C,795533266,1780484487.768646560,1,Too Few Markers,-3.697314E28,-3.697314E28,-3.697314E28,-3.697314E28,-3.697314E28,-3.697314E28,-3.697314E28,0.0000000,3,Missing,-3.697314E28,-3.697314E28,-3.697314E28,Missing,-3.697314E28,-3.697314E28,-3.697314E28,Missing,-3.697314E28,-3.697314E28,-3.697314E28,Port 0x02: JJH T tibia tracker  s/n:3E4C8800,795533266,1780484487.768646560,1,OK,0.6463927,-0.0646694,-0.0669680,-0.7573042,271.080,-37.126,-1810.744,0.1524033,3,OK,270.957,-37.119,-1810.744,OK,187.622,10.066,-1818.664,OK,285.230,50.054,-1827.324,Port 0x03: JJH Y femur tracker  s/n:3E4C8801,795533266,1780484487.768646560,1,OK,0.8559222,0.2395838,0.3618173,-0.2812206,70.779,-93.853,-1708.195,0.4261660,3,OK,71.032,-94.106,-1708.641,OK,89.491,-17.382,-1647.466,OK,16.576,-64.917,-1637.573,Passive Strays,795533266,1780484487.768,1,OK,-3.697314E28,-3.697314E28,-3.697314E28,-3.697314E28,-3.697314E28,-3.697314E28,-3.697314E28,0.0000000,0
4,Port 0x01: JJH Probe  s/n:3E4C880C,795533269,1780484487.818646560,1,Too Few Markers,-3.697314E28,-3.697314E28,-3.697314E28,-3.697314E28,-3.697314E28,-3.697314E28,-3.697314E28,0.0000000,3,Missing,-3.697314E28,-3.697314E28,-3.697314E28,Missing,-3.697314E28,-3.697314E28,-3.697314E28,Missing,-3.697314E28,-3.697314E28,-3.697314E28,Port 0x02: JJH T tibia tracker  s/n:3E4C8800,795533269,1780484487.818646560,1,OK,0.6463561,-0.0646963,-0.0672967,-0.7573040,271.066,-37.119,-1810.704,0.1590552,3,OK,270.935,-37.110,-1810.704,OK,187.615,10.064,-1818.681,OK,285.228,50.057,-1827.326,Port 0x03: JJH Y femur tracker  s/n:3E4C8801,795533269,1780484487.818646560,1,OK,0.8558481,0.2397146,0.3619515,-0.2811619,70.763,-93.837,-1708.159,0.4422482,3,OK,71.024,-94.103,-1708.624,OK,89.479,-17.386,-1647.398,OK,16.571,-64.920,-1637.506,Passive Strays,795533269,1780484487.818,1,OK,-3.697314E28,-3.697314E28,-3.697314E28,-3.697314E28,-3.697314E28,-3.697314E28,-3.697314E28,0.0000000,0
4,Port 0x01: JJH Probe  s/n:3E4C880C,795533272,1780484487.868646560,1,Too Few Markers,-3.697314E28,-3.697314E28,-3.697314E28,-3.697314E28,-3.697314E28,-3.697314E28,-3.697314E28,0.0000000,3,Missing,-3.697314E28,-3.697314E28,-3.697314E28,Missing,-3.697314E28,-3.697314E28,-3.697314E28,Missing,-3.697314E28,-3.697314E28,-3.697314E28,Port 0x02: JJH T tibia tracker  s/n:3E4C8800,795533272,1780484487.868646560,1,OK,0.6462832,-0.0650601,-0.0675152,-0.7573156,271.100,-37.118,-1810.660,0.1604436,3,OK,270.968,-37.111,-1810.660,OK,187.656,10.071,-1818.653,OK,285.272,50.046,-1827.357,Port 0x03: JJH Y femur tracker  s/n:3E4C8801,795533272,1780484487.868646560,1,OK,0.8558308,0.2396525,0.3619850,-0.2812244,70.781,-93.843,-1708.203,0.4470504,3,OK,71.048,-94.108,-1708.671,OK,89.512,-17.386,-1647.458,OK,16.590,-64.914,-1637.539,Passive Strays,795533272,1780484487.868,1,OK,-3.697314E28,-3.697314E28,-3.697314E28,-3.697314E28,-3.697314E28,-3.697314E28,-3.697314E28,0.0000000,0
4,Port 0x01: JJH Probe  s/n:3E4C880C,795533275,1780484487.918646560,1,Too Few Markers,-3.697314E28,-3.697314E28,-3.697314E28,-3.697314E28,-3.697314E28,-3.697314E28,-3.697314E28,0.0000000,3,Missing,-3.697314E28,-3.697314E28,-3.697314E28,Missing,-3.697314E28,-3.697314E28,-3.697314E28,Missing,-3.697314E28,-3.697314E28,-3.697314E28,Port 0x02: JJH T tibia tracker  s/n:3E4C8800,795533275,1780484487.918646560,1,OK,0.6462728,-0.0650115,-0.0673556,-0.7573429,271.087,-37.126,-1810.702,0.1579287,3,OK,270.958,-37.119,-1810.702,OK,187.642,10.072,-1818.671,OK,285.261,50.038,-1827.373,Port 0x03: JJH Y femur tracker  s/n:3E4C8801,795533275,1780484487.918646560,1,OK,0.8557373,0.2398950,0.3621366,-0.2811069,70.766,-93.814,-1708.231,0.4705333,3,OK,71.041,-94.100,-1708.726,OK,89.499,-17.384,-1647.427,OK,16.579,-64.921,-1637.526,Passive Strays,795533275,1780484487.918,1,OK,-3.697314E28,-3.697314E28,-3.697314E28,-3.697314E28,-3.697314E28,-3.697314E28,-3.697314E28,0.0000000,0
4,Port 0x01: JJH Probe  s/n:3E4C880C,795533278,1780484487.968646560,1,Too Few Markers,-3.697314E28,-3.697314E28,-3.697314E28,-3.697314E28,-3.697314E28,-3.697314E28,-3.697314E28,0.0000000,3,Missing,-3.697314E28,-3.697314E28,-3.697314E28,Missing,-3.697314E28,-3.697314E28,-3.697314E28,Missing,-3.697314E28,-3.697314E28,-3.697314E28,Port 0x02: JJH T tibia tracker  s/n:3E4C8800,795533278,1780484487.968646560,1,OK,0.6463198,-0.0649464,-0.0672598,-0.7573168,271.087,-37.125,-1810.713,0.1614399,3,OK,270.954,-37.123,-1810.711,OK,187.640,10.065,-1818.667,OK,285.252,50.052,-1827.365,Port 0x03: JJH Y femur tracker  s/n:3E4C8801,795533278,1780484487.968646560,1,OK,0.8556916,0.2398511,0.3622578,-0.2811273,70.751,-93.822,-1708.253,0.4857289,3,OK,71.029,-94.123,-1708.766,OK,89.493,-17.385,-1647.444,OK,16.583,-64.922,-1637.525,Passive Strays,795533278,1780484487.968,1,OK,-3.697314E28,-3.697314E28,-3.697314E28,-3.697314E28,-3.697314E28,-3.697314E28,-3.697314E28,0.0000000,0
4,Port 0x01: JJH Probe  s/n:3E4C880C,795533281,1780484488.018646560,1,Too Few Markers,-3.697314E28,-3.697314E28,-3.697314E28,-3.697314E28,-3.697314E28,-3.697314E28,-3.697314E28,0.0000000,3,Missing,-3.697314E28,-3.697314E28,-3.697314E28,Missing,-3.697314E28,-3.697314E28,-3.697314E28,Missing,-3.697314E28,-3.697314E28,-3.697314E28,Port 0x02: JJH T tibia tracker  s/n:3E4C8800,795533281,1780484488.018646560,1,OK,0.6462595,-0.0651950,-0.0678929,-0.7572904,271.092,-37.119,-1810.625,0.1613035,3,OK,270.962,-37.128,-1810.622,OK,187.648,10.066,-1818.679,OK,285.264,50.044,-1827.386,Port 0x03: JJH Y femur tracker  s/n:3E4C8801,795533281,1780484488.018646560,1,OK,0.8558560,0.2396378,0.3619015,-0.2812678,70.772,-93.850,-1708.165,0.4313546,3,OK,71.030,-94.103,-1708.616,OK,89.503,-17.392,-1647.432,OK,16.582,-64.914,-1637.524,Passive Strays,795533281,1780484488.018,1,OK,-3.697314E28,-3.697314E28,-3.697314E28,-3.697314E28,-3.697314E28,-3.697314E28,-3.697314E28,0.0000000,0
4,Port 0x01: JJH Probe  s/n:3E4C880C,795533284,1780484488.068646560,1,Too Few Markers,-3.697314E28,-3.697314E28,-3.697314E28,-3.697314E28,-3.697314E28,-3.697314E28,-3.697314E28,0.0000000,3,Missing,-3.697314E28,-3.697314E28,-3.697314E28,Missing,-3.697314E28,-3.697314E28,-3.697314E28,Missing,-3.697314E28,-3.697314E28,-3.697314E28,Port 0x02: JJH T tibia tracker  s/n:3E4C8800,795533284,1780484488.068646560,1,OK,0.6462803,-0.0647001,-0.0675768,-0.7573434,271.084,-37.121,-1810.709,0.1531520,3,OK,270.955,-37.114,-1810.709,OK,187.648,10.074,-1818.738,OK,285.255,50.042,-1827.363,Port 0x03: JJH Y femur tracker  s/n:3E4C8801,795533284,1780484488.068646560,1,OK,0.8557249,0.2398608,0.3621438,-0.2811644,70.758,-93.825,-1708.257,0.4715478,3,OK,71.030,-94.114,-1708.755,OK,89.495,-17.390,-1647.456,OK,16.585,-64.917,-1637.554,Passive Strays,795533284,1780484488.068,1,OK,-3.697314E28,-3.697314E28,-3.697314E28,-3.697314E28,-3.697314E28,-3.697314E28,-3.697314E28,0.0000000,0
4,Port 0x01: JJH Probe  s/n:3E4C880C,795533287,1780484488.118646563,1,Too Few Markers,-3.697314E28,-3.697314E28,-3.697314E28,-3.697314E28,-3.697314E28,-3.697314E28,-3.697314E28,0.0000000,3,Missing,-3.697314E28,-3.697314E28,-3.697314E28,Missing,-3.697314E28,-3.697314E28,-3.697314E28,Missing,-3.697314E28,-3.697314E28,-3.697314E28,Port 0x02: JJH T tibia tracker  s/n:3E4C8800,795533287,1780484488.118646563,1,OK,0.6462389,-0.0653364,-0.0676201,-0.7573202,271.095,-37.122,-1810.677,0.1640778,3,OK,270.968,-37.137,-1810.673,OK,187.643,10.075,-1818.673,OK,285.273,50.047,-1827.427,Port 0x03: JJH Y femur tracker  s/n:3E4C8801,795533287,1780484488.118646563,1,OK,0.8558872,0.2394576,0.3619335,-0.2812849,70.761,-93.857,-1708.153,0.4242643,3,OK,71.014,-94.107,-1708.597,OK,89.495,-17.375,-1647.447,OK,16.577,-64.912,-1637.519,Passive Strays,795533287,1780484488.118,1,OK,-3.697314E28,-3.697314E28,-3.697314E28,-3.697314E28,-3.697314E28,-3.697314E28,-3.697314E28,0.0000000,0
4,Port 0x01: JJH Probe  s/n:3E4C880C,795533290,1780484488.168646563,1,Too Few Markers,-3.697314E28,-3.697314E28,-3.697314E28,-3.697314E28,-3.697314E28,-3.697314E28,-3.697314E28,0.0000000,3,Missing,-3.697314E28,-3.697314E28,-3.697314E28,Missing,-3.697314E28,-3.697314E28,-3.697314E28,Missing,-3.697314E28,-3.697314E28,-3.697314E28,Port 0x02: JJH T tibia tracker  s/n:3E4C8800,795533290,1780484488.168646563,1,OK,0.6462470,-0.0651575,-0.0675718,-0.7573330,271.097,-37.122,-1810.670,0.1614145,3,OK,270.965,-37.126,-1810.668,OK,187.655,10.073,-1818.668,OK,285.273,50.044,-1827.387,Port 0x03: JJH Y femur tracker  s/n:3E4C8801,795533290,1780484488.168646563,1,OK,0.8558517,0.2397624,0.3618728,-0.2812116,70.773,-93.841,-1708.184,0.4418323,3,OK,71.029,-94.111,-1708.649,OK,89.488,-17.390,-1647.415,OK,16.583,-64.914,-1637.542,Passive Strays,795533290,1780484488.168,1,OK,-3.697314E28,-3.697314E28,-3.697314E28,-3.697314E28,-3.697314E28,-3.697314E28,-3.697314E28,0.0000000,0
4,Port 0x01: JJH Probe  s/n:3E4C880C,795533293,1780484488.218646563,1,Too Few Markers,-3.697314E28,-3.697314E28,-3.697314E28,-3.697314E28,-3.697314E28,-3.697314E28,-3.697314E28,0.0000000,3,Missing,-3.697314E28,-3.697314E28,-3.697314E28,Missing,-3.697314E28,-3.697314E28,-3.697314E28,Missing,-3.697314E28,-3.697314E28,-3.697314E28,Port 0x02: JJH T tibia tracker  s/n:3E4C8800,795533293,1780484488.218646563,1,OK,0.6463421,-0.0641994,-0.0671702,-0.7573695,271.102,-37.135,-1810.735,0.1425638,3,OK,270.985,-37.124,-1810.736,OK,187.661,10.072,-1818.725,OK,285.264,50.040,-1827.272,Port 0x03: JJH Y femur tracker  s/n:3E4C8801,795533293,1780484488.218646563,1,OK,0.8558651,0.2395714,0.3619226,-0.2812693,70.765,-93.859,-1708.188,0.4365342,3,OK,71.022,-94.122,-1708.647,OK,89.498,-17.384,-1647.457,OK,16.578,-64.919,-1637.546,Passive Strays,795533293,1780484488.218,1,OK,-3.697314E28,-3.697314E28,-3.697314E28,-3.697314E28,-3.697314E28,-3.697314E28,-3.697314E28,0.0000000,0
4,Port 0x01: JJH Probe  s/n:3E4C880C,795533296,1780484488.268646563,1,Too Few Markers,-3.697314E28,-3.697314E28,-3.697314E28,-3.697314E28,-3.697314E28,-3.697314E28,-3.697314E28,0.0000000,3,Missing,-3.697314E28,-3.697314E28,-3.697314E28,Missing,-3.697314E28,-3.697314E28,-3.697314E28,Missing,-3.697314E28,-3.697314E28,-3.697314E28,Port 0x02: JJH T tibia tracker  s/n:3E4C8800,795533296,1780484488.268646563,1,OK,0.6462497,-0.0651941,-0.0672836,-0.7573533,271.109,-37.126,-1810.746,0.1590459,3,OK,270.983,-37.127,-1810.745,OK,187.659,10.080,-1818.691,OK,285.286,50.041,-1827.435,Port 0x03: JJH Y femur tracker  s/n:3E4C8801,795533296,1780484488.268646563,1,OK,0.8558864,0.2394605,0.3619322,-0.2812866,70.758,-93.867,-1708.172,0.4286541,3,OK,71.015,-94.119,-1708.620,OK,89.491,-17.386,-1647.466,OK,16.572,-64.919,-1637.534,Passive Strays,795533296,1780484488.268,1,OK,-3.697314E28,-3.697314E28,-3.697314E28,-3.697314E28,-3.697314E28,-3.697314E28,-3.697314E28,0.0000000,0
4,Port 0x01: JJH Probe  s/n:3E4C880C,795533299,1780484488.318646563,1,Too Few Markers,-3.697314E28,-3.697314E28,-3.697314E28,-3.697314E28,-3.697314E28,-3.697314E28,-3.697314E28,0.0000000,3,Missing,-3.697314E28,-3.697314E28,-3.697314E28,Missing,-3.697314E28,-3.697314E28,-3.697314E28,Missing,-3.697314E28,-3.697314E28,-3.697314E28,Port 0x02: JJH T tibia tracker  s/n:3E4C8800,795533299,1780484488.318646563,1,OK,0.6461999,-0.0653133,-0.0676019,-0.7573571,271.097,-37.127,-1810.726,0.1645663,3,OK,270.965,-37.129,-1810.724,OK,187.654,10.073,-1818.720,OK,285.286,50.033,-1827.468,Port 0x03: JJH Y femur tracker  s/n:3E4C8801,795533299,1780484488.318646563,1,OK,0.8557494,0.2399168,0.3620457,-0.2811686,70.748,-93.825,-1708.225,0.4679496,3,OK,71.010,-94.122,-1708.722,OK,89.483,-17.382,-1647.410,OK,16.567,-64.921,-1637.542,Passive Strays,795533299,1780484488.318,1,OK,-3.697314E28,-3.697314E28,-3.697314E28,-3.697314E28,-3.697314E28,-3.697314E28,-3.697314E28,0.0000000,0
4,Port 0x01: JJH Probe  s/n:3E4C880C,795533302,1780484488.368646563,1,Too Few Markers,-3.697314E28,-3.697314E28,-3.697314E28,-3.697314E28,-3.697314E28,-3.697314E28,-3.697314E28,0.0000000,3,Missing,-3.697314E28,-3.697314E28,-3.697314E28,Missing,-3.697314E28,-3.697314E28,-3.697314E28,Missing,-3.697314E28,-3.697314E28,-3.697314E28,Port 0x02: JJH T tibia tracker  s/n:3E4C8800,795533302,1780484488.368646563,1,OK,0.6462346,-0.0646013,-0.0674648,-0.7574009,271.115,-37.134,-1810.746,0.1511487,3,OK,270.994,-37.134,-1810.745,OK,187.680,10.080,-1818.764,OK,285.300,50.034,-1827.374,Port 0x03: JJH Y femur tracker  s/n:3E4C8801,795533302,1780484488.368646563,1,OK,0.8557892,0.2396154,0.3621217,-0.2812065,70.764,-93.836,-1708.198,0.4500037,3,OK,71.032,-94.103,-1708.670,OK,89.509,-17.376,-1647.453,OK,16.584,-64.918,-1637.515,Passive Strays,795533302,1780484488.368,1,OK,-3.697314E28,-3.697314E28,-3.697314E28,-3.697314E28,-3.697314E28,-3.697314E28,-3.697314E28,0.0000000,0
4,Port 0x01: JJH Probe  s/n:3E4C880C,795533305,1780484488.418646563,1,Too Few Markers,-3.697314E28,-3.697314E28,-3.697314E28,-3.697314E28,-3.697314E28,-3.697314E28,-3.697314E28,0.0000000,3,Missing,-3.697314E28,-3.697314E28,-3.697314E28,Missing,-3.697314E28,-3.697314E28,-3.697314E28,Missing,-3.697314E28,-3.697314E28,-3.697314E28,Port 0x02: JJH T tibia tracker  s/n:3E4C8800,795533305,1780484488.418646563,1,OK,0.6461059,-0.0654677,-0.0684107,-0.7573514,271.120,-37.116,-1810.617,0.1691569,3,OK,270.983,-37.128,-1810.614,OK,187.692,10.077,-1818.748,OK,285.328,50.032,-1827.476,Port 0x03: JJH Y femur tracker  s/n:3E4C8801,795533305,1780484488.418646563,1,OK,0.8557741,0.2399063,0.3620035,-0.2811567,70.778,-93.825,-1708.228,0.4599076,3,OK,71.043,-94.109,-1708.714,OK,89.507,-17.387,-1647.425,OK,16.587,-64.921,-1637.551,Passive Strays,795533305,1780484488.418,1,OK,-3.697314E28,-3.697314E28,-3.697314E28,-3.697314E28,-3.697314E28,-3.697314E28,-3.697314E28,0.0000000,0
4,Port 0x01: JJH Probe  s/n:3E4C880C,795533308,1780484488.468646563,1,Too Few Markers,-3.697314E28,-3.697314E28,-3.697314E28,-3.697314E28,-3.697314E28,-3.697314E28,-3.697314E28,0.0000000,3,Missing,-3.697314E28,-3.697314E28,-3.697314E28,Missing,-3.697314E28,-3.697314E28,-3.697314E28,Missing,-3.697314E28,-3.697314E28,-3.697314E28,Port 0x02: JJH T tibia tracker  s/n:3E4C8800,795533308,1780484488.468646563,1,OK,0.6461849,-0.0652611,-0.0677024,-0.7573655,271.108,-37.122,-1810.689,0.1599422,3,OK,270.975,-37.118,-1810.688,OK,187.674,10.080,-1818.705,OK,285.296,50.029,-1827.434,Port 0x03: JJH Y femur tracker  s/n:3E4C8801,795533308,1780484488.468646563,1,OK,0.8557870,0.2395962,0.3621543,-0.2811878,70.760,-93.843,-1708.223,0.4553284,3,OK,71.034,-94.110,-1708.699,OK,89.501,-17.386,-1647.482,OK,16.580,-64.923,-1637.530,Passive Strays,795533308,1780484488.468,1,OK,-3.697314E28,-3.697314E28,-3.697314E28,-3.697314E28,-3.697314E28,-3.697314E28,-3.697314E28,0.0000000,0
4,Port 0x01: JJH Probe  s/n:3E4C880C,795533311,1780484488.518646563,1,Too Few Markers,-3.697314E28,-3.697314E28,-3.697314E28,-3.697314E28,-3.697314E28,-3.697314E28,-3.697314E28,0.0000000,3,Missing,-3.697314E28,-3.697314E28,-3.697314E28,Missing,-3.697314E28,-3.697314E28,-3.697314E28,Missing,-3.697314E28,-3.697314E28,-3.697314E28,Port 0x02: JJH T tibia tracker  s/n:3E4C8800,795533311,1780484488.518646563,1,OK,0.6462179,-0.0647924,-0.0671985,-0.7574224,271.107,-37.137,-1810.752,0.1483061,3,OK,270.992,-37.125,-1810.752,OK,187.662,10.088,-1818.709,OK,285.294,50.022,-1827.373,Port 0x03: JJH Y femur tracker  s/n:3E4C8801,795533311,1780484488.518646563,1,OK,0.8558013,0.2397090,0.3620721,-0.2811538,70.755,-93.830,-1708.207,0.4542978,3,OK,71.025,-94.100,-1708.683,OK,89.485,-17.380,-1647.444,OK,16.565,-64.919,-1637.525,Passive Strays,795533311,1780484488.518,1,OK,-3.697314E28,-3.697314E28,-3.697314E28,-3.697314E28,-3.697314E28,-3.697314E28,-3.697314E28,0.0000000,0
4,Port 0x01: JJH Probe  s/n:3E4C880C,795533314,1780484488.568646563,1,Too Few Markers,-3.697314E28,-3.697314E28,-3.697314E28,-3.697314E28,-3.697314E28,-3.697314E28,-3.697314E28,0.0000000,3,Missing,-3.697314E28,-3.697314E28,-3.697314E28,Missing,-3.697314E28,-3.697314E28,-3.697314E28,Missing,-3.697314E28,-3.697314E28,-3.697314E28,Port 0x02: JJH T tibia tracker  s/n:3E4C8800,795533314,1780484488.568646563,1,OK,0.6462437,-0.0643369,-0.0671167,-0.7574465,271.118,-37.150,-1810.750,0.1431083,3,OK,270.996,-37.133,-1810.752,OK,187.693,10.077,-1818.723,OK,285.298,50.016,-1827.299,Port 0x03: JJH Y femur tracker  s/n:3E4C8801,795533314,1780484488.568646563,1,OK,0.8558133,0.2394808,0.3621148,-0.2812568,70.766,-93.858,-1708.182,0.4465485,3,OK,71.041,-94.112,-1708.645,OK,89.514,-17.393,-1647.473,OK,16.584,-64.922,-1637.498,Passive Strays,795533314,1780484488.568,1,OK,-3.697314E28,-3.697314E28,-3.697314E28,-3.697314E28,-3.697314E28,-3.697314E28,-3.697314E28,0.0000000,0
