Tools,Port 0x01: JJH Probe  s/n:3E4C880C,Frame,Time [sec],Face,State,Q0,Qx,Qy,Qz,Tx,Ty,Tz,Error,Markers,State,Tx,Ty,Tz,State,Tx,Ty,Tz,State,Tx,Ty,Tz,Port 0x02: JJH T tibia tracker  s/n:3E4C8800,Frame,Time [sec],Face,State,Q0,Qx,Qy,Qz,Tx,Ty,Tz,Error,Markers,State,Tx,Ty,Tz,State,Tx,Ty,Tz,State,Tx,Ty,Tz,Port 0x03: JJH Y femur tracker  s/n:3E4C8801,Frame,Time [sec],Face,State,Q0,Qx,Qy,Qz,Tx,Ty,Tz,Error,Markers,State,Tx,Ty,Tz,State,Tx,Ty,Tz,State,Tx,Ty,Tz
3,Port 0x01: JJH Probe  s/n:3E4C880C,930692338,1782737138.968673012,1,Too Few Markers,-3.697314E28,-3.697314E28,-3.697314E28,-3.697314E28,-3.697314E28,-3.697314E28,-3.697314E28,0.0000000,3,Missing,-3.697314E28,-3.697314E28,-3.697314E28,Missing,-3.697314E28,-3.697314E28,-3.697314E28,Missing,-3.697314E28,-3.697314E28,-3.697314E28,Port 0x02: JJH T tibia tracker  s/n:3E4C8800,930692338,1782737138.968673012,1,OK,0.8312379,-0.1613288,-0.1819133,0.4999242,1.147,-91.871,-1533.089,0.1445688,3,OK,1.226,-92.040,-1533.031,OK,55.622,-162.597,-1497.516,OK,-37.823,-171.671,-1545.772,Port 0x03: JJH Y femur tracker  s/n:3E4C8801,930692338,1782737138.968673012,1,OK,0.6029289,0.2556348,0.2815646,0.7013194,-181.840,-107.463,-1495.133,0.4968008,3,OK,-181.620,-106.884,-1495.419,OK,-230.160,-174.798,-1439.461,OK,-168.619,-199.886,-1496.848
3,Port 0x01: JJH Probe  s/n:3E4C880C,930692341,1782737139.018673012,1,Too Few Markers,-3.697314E28,-3.697314E28,-3.697314E28,-3.697314E28,-3.697314E28,-3.697314E28,-3.697314E28,0.0000000,3,Missing,-3.697314E28,-3.697314E28,-3.697314E28,Missing,-3.697314E28,-3.697314E28,-3.697314E28,Missing,-3.697314E28,-3.697314E28,-3.697314E28,Port 0x02: JJH T tibia tracker  s/n:3E4C8800,930692341,1782737139.018673012,1,OK,0.8312911,-0.1613190,-0.1816748,0.4999255,1.123,-91.871,-1533.081,0.1427296,3,OK,1.198,-92.042,-1533.026,OK,55.602,-162.601,-1497.518,OK,-37.854,-171.664,-1545.728,Port 0x03: JJH Y femur tracker  s/n:3E4C8801,930692341,1782737139.018673012,1,OK,0.6029475,0.2554102,0.2816100,0.7013670,-181.868,-107.466,-1495.153,0.5010791,3,OK,-181.643,-106.884,-1495.446,OK,-230.188,-174.803,-1439.479,OK,-168.640,-199.879,-1496.826
3,Port 0x01: JJH Probe  s/n:3E4C880C,930692344,1782737139.068673012,1,Too Few Markers,-3.697314E28,-3.697314E28,-3.697314E28,-3.697314E28,-3.697314E28,-3.697314E28,-3.697314E28,0.0000000,3,Missing,-3.697314E28,-3.697314E28,-3.697314E28,Missing,-3.697314E28,-3.697314E28,-3.697314E28,Missing,-3.697314E28,-3.697314E28,-3.697314E28,Port 0x02: JJH T tibia tracker  s/n:3E4C8800,930692344,1782737139.068673012,1,OK,0.8313692,-0.1609951,-0.1816693,0.4999021,1.113,-91.862,-1533.042,0.1533398,3,OK,1.198,-92.038,-1532.980,OK,55.583,-162.603,-1497.550,OK,-37.857,-171.651,-1545.713,Port 0x03: JJH Y femur tracker  s/n:3E4C8801,930692344,1782737139.068673012,1,OK,0.6029642,0.2555613,0.2814935,0.7013444,-181.872,-107.465,-1495.130,0.4925586,3,OK,-181.655,-106.888,-1495.414,OK,-230.200,-174.797,-1439.476,OK,-168.655,-199.887,-1496.840
3,Port 0x01: JJH Probe  s/n:3E4C880C,930692347,1782737139.118673012,1,Too Few Markers,-3.697314E28,-3.697314E28,-3.697314E28,-3.697314E28,-3.697314E28,-3.697314E28,-3.697314E28,0.0000000,3,Missing,-3.697314E28,-3.697314E28,-3.697314E28,Missing,-3.697314E28,-3.697314E28,-3.697314E28,Missing,-3.697314E28,-3.697314E28,-3.697314E28,Port 0x02: JJH T tibia tracker  s/n:3E4C8800,930692347,1782737139.118673012,1,OK,0.8313094,-0.1607546,-0.1819083,0.4999921,1.097,-91.853,-1532.976,0.1523996,3,OK,1.188,-92.022,-1532.911,OK,55.591,-162.591,-1497.516,OK,-37.852,-171.660,-1545.704,Port 0x03: JJH Y femur tracker  s/n:3E4C8801,930692347,1782737139.118673012,1,OK,0.6029346,0.2556912,0.2814606,0.7013357,-181.865,-107.458,-1495.127,0.4905362,3,OK,-181.651,-106.882,-1495.407,OK,-230.189,-174.793,-1439.478,OK,-168.648,-199.886,-1496.863
3,Port 0x01: JJH Probe  s/n:3E4C880C,930692350,1782737139.168673012,1,Too Few Markers,-3.697314E28,-3.697314E28,-3.697314E28,-3.697314E28,-3.697314E28,-3.697314E28,-3.697314E28,0.0000000,3,Missing,-3.697314E28,-3.697314E28,-3.697314E28,Missing,-3.697314E28,-3.697314E28,-3.697314E28,Missing,-3.697314E28,-3.697314E28,-3.697314E28,Port 0x02: JJH T tibia tracker  s/n:3E4C8800,930692350,1782737139.168673012,1,OK,0.8313272,-0.1615755,-0.1814443,0.4998664,1.143,-91.872,-1533.101,0.1397936,3,OK,1.218,-92.036,-1533.046,OK,55.594,-162.600,-1497.506,OK,-37.849,-171.664,-1545.687,Port 0x03: JJH Y femur tracker  s/n:3E4C8801,930692350,1782737139.168673012,1,OK,0.6029266,0.2556393,0.2815343,0.7013320,-181.860,-107.460,-1495.110,0.4950231,3,OK,-181.642,-106.881,-1495.394,OK,-230.178,-174.797,-1439.447,OK,-168.641,-199.884,-1496.827
3,Port 0x01: JJH Probe  s/n:3E4C880C,930692353,1782737139.218673012,1,Too Few Markers,-3.697314E28,-3.697314E28,-3.697314E28,-3.697314E28,-3.697314E28,-3.697314E28,-3.697314E28,0.0000000,3,Missing,-3.697314E28,-3.697314E28,-3.697314E28,Missing,-3.697314E28,-3.697314E28,-3.697314E28,Missing,-3.697314E28,-3.697314E28,-3.697314E28,Port 0x02: JJH T tibia tracker  s/n:3E4C8800,930692353,1782737139.218673012,1,OK,0.8313634,-0.1612211,-0.1814814,0.4999071,1.139,-91.866,-1533.063,0.1470058,3,OK,1.216,-92.037,-1533.005,OK,55.602,-162.602,-1497.535,OK,-37.835,-171.654,-1545.682,Port 0x03: JJH Y femur tracker  s/n:3E4C8801,930692353,1782737139.218673012,1,OK,0.6029003,0.2558501,0.2814237,0.7013221,-181.839,-107.451,-1495.070,0.4876308,3,OK,-181.629,-106.877,-1495.346,OK,-230.157,-174.792,-1439.429,OK,-168.627,-199.884,-1496.834
3,Port 0x01: JJH Probe  s/n:3E4C880C,930692356,1782737139.268673012,1,Too Few Markers,-3.697314E28,-3.697314E28,-3.697314E28,-3.697314E28,-3.697314E28,-3.697314E28,-3.697314E28,0.0000000,3,Missing,-3.697314E28,-3.697314E28,-3.697314E28,Missing,-3.697314E28,-3.697314E28,-3.697314E28,Missing,-3.697314E28,-3.697314E28,-3.697314E28,Port 0x02: JJH T tibia tracker  s/n:3E4C8800,930692356,1782737139.268673012,1,OK,0.8313819,-0.1605510,-0.1819488,0.4999222,1.107,-91.848,-1532.969,0.1587174,3,OK,1.210,-92.015,-1532.899,OK,55.592,-162.599,-1497.551,OK,-37.857,-171.655,-1545.728,Port 0x03: JJH Y femur tracker  s/n:3E4C8801,930692356,1782737139.268673012,1,OK,0.6029331,0.2555902,0.2816121,0.7013130,-181.871,-107.459,-1495.135,0.5010867,3,OK,-181.648,-106.876,-1495.425,OK,-230.191,-174.793,-1439.453,OK,-168.647,-199.881,-1496.838
3,Port 0x01: JJH Probe  s/n:3E4C880C,930692359,1782737139.318673012,1,Too Few Markers,-3.697314E28,-3.697314E28,-3.697314E28,-3.697314E28,-3.697314E28,-3.697314E28,-3.697314E28,0.0000000,3,Missing,-3.697314E28,-3.697314E28,-3.697314E28,Missing,-3.697314E28,-3.697314E28,-3.697314E28,Missing,-3.697314E28,-3.697314E28,-3.697314E28,Port 0x02: JJH T tibia tracker  s/n:3E4C8800,930692359,1782737139.318673012,1,OK,0.8314111,-0.1607728,-0.1815897,0.4999328,1.097,-91.859,-1532.989,0.1552351,3,OK,1.189,-92.030,-1532.924,OK,55.579,-162.603,-1497.542,OK,-37.874,-171.656,-1545.668,Port 0x03: JJH Y femur tracker  s/n:3E4C8801,930692359,1782737139.318673012,1,OK,0.6029087,0.2558540,0.2815612,0.7012582,-181.876,-107.463,-1495.107,0.4964509,3,OK,-181.657,-106.887,-1495.393,OK,-230.200,-174.796,-1439.425,OK,-168.658,-199.891,-1496.862
3,Port 0x01: JJH Probe  s/n:3E4C880C,930692362,1782737139.368673012,1,Too Few Markers,-3.697314E28,-3.697314E28,-3.697314E28,-3.697314E28,-3.697314E28,-3.697314E28,-3.697314E28,0.0000000,3,Missing,-3.697314E28,-3.697314E28,-3.697314E28,Missing,-3.697314E28,-3.697314E28,-3.697314E28,Missing,-3.697314E28,-3.697314E28,-3.697314E28,Port 0x02: JJH T tibia tracker  s/n:3E4C8800,930692362,1782737139.368673012,1,OK,0.8313132,-0.1609006,-0.1820057,0.4999032,1.133,-91.860,-1533.018,0.1566712,3,OK,1.226,-92.037,-1532.952,OK,55.615,-162.598,-1497.527,OK,-37.838,-171.659,-1545.758,Port 0x03: JJH Y femur tracker  s/n:3E4C8801,930692362,1782737139.368673012,1,OK,0.6029085,0.2557100,0.2816127,0.7012902,-181.857,-107.459,-1495.134,0.4996730,3,OK,-181.636,-106.877,-1495.421,OK,-230.176,-174.791,-1439.447,OK,-168.631,-199.886,-1496.859
3,Port 0x01: JJH Probe  s/n:3E4C880C,930692365,1782737139.418673012,1,Too Few Markers,-3.697314E28,-3.697314E28,-3.697314E28,-3.697314E28,-3.697314E28,-3.697314E28,-3.697314E28,0.0000000,3,Missing,-3.697314E28,-3.697314E28,-3.697314E28,Missing,-3.697314E28,-3.697314E28,-3.697314E28,Missing,-3.697314E28,-3.697314E28,-3.697314E28,Port 0x02: JJH T tibia tracker  s/n:3E4C8800,930692365,1782737139.418673012,1,OK,0.8313322,-0.1615220,-0.1814233,0.4998831,1.141,-91.867,-1533.113,0.1429414,3,OK,1.212,-92.038,-1533.058,OK,55.597,-162.594,-1497.527,OK,-37.847,-171.653,-1545.699,Port 0x03: JJH Y femur tracker  s/n:3E4C8801,930692365,1782737139.418673012,1,OK,0.6029173,0.2557434,0.2817059,0.7012331,-181.857,-107.458,-1495.139,0.5006709,3,OK,-181.633,-106.882,-1495.430,OK,-230.177,-174.784,-1439.428,OK,-168.634,-199.879,-1496.859
3,Port 0x01: JJH Probe  s/n:3E4C880C,930692368,1782737139.468673012,1,Too Few Markers,-3.697314E28,-3.697314E28,-3.697314E28,-3.697314E28,-3.697314E28,-3.697314E28,-3.697314E28,0.0000000,3,Missing,-3.697314E28,-3.697314E28,-3.697314E28,Missing,-3.697314E28,-3.697314E28,-3.697314E28,Missing,-3.697314E28,-3.697314E28,-3.697314E28,Port 0x02: JJH T tibia tracker  s/n:3E4C8800,930692368,1782737139.468673012,1,OK,0.8313575,-0.1612842,-0.1814900,0.4998935,1.126,-91.867,-1533.031,0.1475262,3,OK,1.203,-92.042,-1532.973,OK,55.591,-162.600,-1497.488,OK,-37.856,-171.653,-1545.649,Port 0x03: JJH Y femur tracker  s/n:3E4C8801,930692368,1782737139.468673012,1,OK,0.6029033,0.2559255,0.2815353,0.7012472,-181.855,-107.458,-1495.088,0.4946106,3,OK,-181.638,-106.884,-1495.371,OK,-230.181,-174.791,-1439.408,OK,-168.639,-199.888,-1496.858
3,Port 0x01: JJH Probe  s/n:3E4C880C,930692371,1782737139.518673012,1,Too Few Markers,-3.697314E28,-3.697314E28,-3.697314E28,-3.697314E28,-3.697314E28,-3.697314E28,-3.697314E28,0.0000000,3,Missing,-3.697314E28,-3.697314E28,-3.697314E28,Missing,-3.697314E28,-3.697314E28,-3.697314E28,Missing,-3.697314E28,-3.697314E28,-3.697314E28,Port 0x02: JJH T tibia tracker  s/n:3E4C8800,930692371,1782737139.518673012,1,OK,0.8313426,-0.1608655,-0.1818293,0.4999299,1.112,-91.858,-1533.003,0.1482395,3,OK,1.201,-92.023,-1532.940,OK,55.599,-162.602,-1497.524,OK,-37.859,-171.661,-1545.715,Port 0x03: JJH Y femur tracker  s/n:3E4C8801,930692371,1782737139.518673012,1,OK,0.6029026,0.2558051,0.2816374,0.7012507,-181.863,-107.459,-1495.100,0.4976765,3,OK,-181.644,-106.881,-1495.386,OK,-230.180,-174.788,-1439.406,OK,-168.642,-199.887,-1496.837
3,Port 0x01: JJH Probe  s/n:3E4C880C,930692374,1782737139.568673012,1,Too Few Markers,-3.697314E28,-3.697314E28,-3.697314E28,-3.697314E28,-3.697314E28,-3.697314E28,-3.697314E28,0.0000000,3,Missing,-3.697314E28,-3.697314E28,-3.697314E28,Missing,-3.697314E28,-3.697314E28,-3.697314E28,Missing,-3.697314E28,-3.697314E28,-3.697314E28,Port 0x02: JJH T tibia tracker  s/n:3E4C8800,930692374,1782737139.568673012,1,OK,0.8312813,-0.1613600,-0.1817798,0.4998904,1.128,-91.867,-1533.048,0.1419437,3,OK,1.205,-92.034,-1532.991,OK,55.598,-162.599,-1497.475,OK,-37.852,-171.663,-1545.708,Port 0x03: JJH Y femur tracker  s/n:3E4C8801,930692374,1782737139.568673012,1,OK,0.6029457,0.2555850,0.2815738,0.7013194,-181.860,-107.462,-1495.114,0.4988987,3,OK,-181.638,-106.881,-1495.403,OK,-230.184,-174.796,-1439.440,OK,-168.639,-199.884,-1496.819
3,Port 0x01: JJH Probe  s/n:3E4C880C,930692377,1782737139.618673012,1,Too Few Markers,-3.697314E28,-3.697314E28,-3.697314E28,-3.697314E28,-3.697314E28,-3.697314E28,-3.697314E28,0.0000000,3,Missing,-3.697314E28,-3.697314E28,-3.697314E28,Missing,-3.697314E28,-3.697314E28,-3.697314E28,Missing,-3.697314E28,-3.697314E28,-3.697314E28,Port 0x02: JJH T tibia tracker  s/n:3E4C8800,930692377,1782737139.618673012,1,OK,0.8313225,-0.1611082,-0.1816988,0.4999326,1.123,-91.861,-1533.031,0.1407103,3,OK,1.203,-92.022,-1532.973,OK,55.604,-162.600,-1497.510,OK,-37.848,-171.660,-1545.698,Port 0x03: JJH Y femur tracker  s/n:3E4C8801,930692377,1782737139.618673012,1,OK,0.6029448,0.2557500,0.2814545,0.7013079,-181.841,-107.454,-1495.081,0.4976653,3,OK,-181.623,-106.871,-1495.366,OK,-230.172,-174.794,-1439.426,OK,-168.632,-199.884,-1496.824
3,Port 0x01: JJH Probe  s/n:3E4C880C,930692380,1782737139.668673012,1,Too Few Markers,-3.697314E28,-3.697314E28,-3.697314E28,-3.697314E28,-3.697314E28,-3.697314E28,-3.697314E28,0.0000000,3,Missing,-3.697314E28,-3.697314E28,-3.697314E28,Missing,-3.697314E28,-3.697314E28,-3.697314E28,Missing,-3.697314E28,-3.697314E28,-3.697314E28,Port 0x02: JJH T tibia tracker  s/n:3E4C8800,930692380,1782737139.668673012,1,OK,0.8313205,-0.1608424,-0.1820416,0.4998967,1.103,-91.861,-1532.975,0.1571691,3,OK,1.195,-92.039,-1532.910,OK,55.580,-162.604,-1497.496,OK,-37.862,-171.658,-1545.723,Port 0x03: JJH Y femur tracker  s/n:3E4C8801,930692380,1782737139.668673012,1,OK,0.6028939,0.2557260,0.2816002,0.7013020,-181.866,-107.457,-1495.106,0.4963629,3,OK,-181.643,-106.883,-1495.395,OK,-230.181,-174.796,-1439.424,OK,-168.643,-199.873,-1496.833
3,Port 0x01: JJH Probe  s/n:3E4C880C,930692383,1782737139.718673012,1,Too Few Markers,-3.697314E28,-3.697314E28,-3.697314E28,-3.697314E28,-3.697314E28,-3.697314E28,-3.697314E28,0.0000000,3,Missing,-3.697314E28,-3.697314E28,-3.697314E28,Missing,-3.697314E28,-3.697314E28,-3.697314E28,Missing,-3.697314E28,-3.697314E28,-3.697314E28,Port 0x02: JJH T tibia tracker  s/n:3E4C8800,930692383,1782737139.718673012,1,OK,0.8313812,-0.1610941,-0.1816184,0.4998688,1.114,-91.860,-1533.010,0.1427735,3,OK,1.190,-92.027,-1532.954,OK,55.580,-162.611,-1497.500,OK,-37.863,-171.647,-1545.665,Port 0x03: JJH Y femur tracker  s/n:3E4C8801,930692383,1782737139.718673012,1,OK,0.6029379,0.2559202,0.2813607,0.7012895,-181.851,-107.450,-1495.079,0.4880663,3,OK,-181.640,-106.877,-1495.355,OK,-230.186,-174.786,-1439.439,OK,-168.646,-199.887,-1496.863
3,Port 0x01: JJH Probe  s/n:3E4C880C,930692386,1782737139.768673012,1,Too Few Markers,-3.697314E28,-3.697314E28,-3.697314E28,-3.697314E28,-3.697314E28,-3.697314E28,-3.697314E28,0.0000000,3,Missing,-3.697314E28,-3.697314E28,-3.697314E28,Missing,-3.697314E28,-3.697314E28,-3.697314E28,Missing,-3.697314E28,-3.697314E28,-3.697314E28,Port 0x02: JJH T tibia tracker  s/n:3E4C8800,930692386,1782737139.768673012,1,OK,0.8313520,-0.1608053,-0.1820658,0.4998475,1.123,-91.859,-1532.978,0.1528793,3,OK,1.214,-92.030,-1532.914,OK,55.595,-162.615,-1497.506,OK,-37.850,-171.654,-1545.735,Port 0x03: JJH Y femur tracker  s/n:3E4C8801,930692386,1782737139.768673012,1,OK,0.6029187,0.2557057,0.2816227,0.7012790,-181.855,-107.464,-1495.116,0.4976977,3,OK,-181.635,-106.885,-1495.402,OK,-230.176,-174.792,-1439.426,OK,-168.630,-199.890,-1496.840
3,Port 0x01: JJH Probe  s/n:3E4C880C,930692389,1782737139.818673012,1,Too Few Markers,-3.697314E28,-3.697314E28,-3.697314E28,-3.697314E28,-3.697314E28,-3.697314E28,-3.697314E28,0.0000000,3,Missing,-3.697314E28,-3.697314E28,-3.697314E28,Missing,-3.697314E28,-3.697314E28,-3.697314E28,Missing,-3.697314E28,-3.697314E28,-3.697314E28,Port 0x02: JJH T tibia tracker  s/n:3E4C8800,930692389,1782737139.818673012,1,OK,0.8313587,-0.1611757,-0.1816603,0.4998646,1.120,-91.873,-1533.052,0.1424614,3,OK,1.191,-92.046,-1532.998,OK,55.592,-162.621,-1497.519,OK,-37.861,-171.653,-1545.709,Port 0x03: JJH Y femur tracker  s/n:3E4C8801,930692389,1782737139.818673012,1,OK,0.6029227,0.2558910,0.2816228,0.7012080,-181.856,-107.462,-1495.124,0.4982246,3,OK,-181.635,-106.885,-1495.411,OK,-230.177,-174.791,-1439.429,OK,-168.648,-199.888,-1496.870
3,Port 0x01: JJH Probe  s/n:3E4C880C,930692392,1782737139.868673012,1,Too Few Markers,-3.697314E28,-3.697314E28,-3.697314E28,-3.697314E28,-3.697314E28,-3.697314E28,-3.697314E28,0.0000000,3,Missing,-3.697314E28,-3.697314E28,-3.697314E28,Missing,-3.697314E28,-3.697314E28,-3.697314E28,Missing,-3.697314E28,-3.697314E28,-3.697314E28,Port 0x02: JJH T tibia tracker  s/n:3E4C8800,930692392,1782737139.868673012,1,OK,0.8313121,-0.1613842,-0.1817022,0.4998597,1.124,-91.874,-1533.074,0.1407634,3,OK,1.198,-92.040,-1533.019,OK,55.578,-162.613,-1497.506,OK,-37.853,-171.663,-1545.716,Port 0x03: JJH Y femur tracker  s/n:3E4C8801,930692392,1782737139.868673012,1,OK,0.6029866,0.2556595,0.2813757,0.7013366,-181.851,-107.455,-1495.087,0.4893083,3,OK,-181.635,-106.883,-1495.368,OK,-230.192,-174.790,-1439.449,OK,-168.644,-199.878,-1496.825
3,Port 0x01: JJH Probe  s/n:3E4C880C,930692395,1782737139.918673012,1,Too Few Markers,-3.697314E28,-3.697314E28,-3.697314E28,-3.697314E28,-3.697314E28,-3.697314E28,-3.697314E28,0.0000000,3,Missing,-3.697314E28,-3.697314E28,-3.697314E28,Missing,-3.697314E28,-3.697314E28,-3.697314E28,Missing,-3.697314E28,-3.697314E28,-3.697314E28,Port 0x02: JJH T tibia tracker  s/n:3E4C8800,930692395,1782737139.918673012,1,OK,0.8313832,-0.1607944,-0.1817042,0.4999307,1.121,-91.865,-1532.972,0.1481765,3,OK,1.208,-92.029,-1532.910,OK,55.604,-162.615,-1497.514,OK,-37.845,-171.663,-1545.666,Port 0x03: JJH Y femur tracker  s/n:3E4C8801,930692395,1782737139.918673012,1,OK,0.6029397,0.2556132,0.2815821,0.7013110,-181.842,-107.469,-1495.122,0.5018584,3,OK,-181.618,-106.887,-1495.413,OK,-230.169,-174.804,-1439.440,OK,-168.619,-199.891,-1496.833
3,Port 0x01: JJH Probe  s/n:3E4C880C,930692398,1782737139.968673017,1,Too Few Markers,-3.697314E28,-3.697314E28,-3.697314E28,-3.697314E28,-3.697314E28,-3.697314E28,-3.697314E28,0.0000000,3,Missing,-3.697314E28,-3.697314E28,-3.697314E28,Missing,-3.697314E28,-3.697314E28,-3.697314E28,Missing,-3.697314E28,-3.697314E28,-3.697314E28,Port 0x02: JJH T tibia tracker  s/n:3E4C8800,930692398,1782737139.968673017,1,OK,0.8313373,-0.1605985,-0.1821136,0.4999211,1.093,-91.859,-1532.955,0.1557148,3,OK,1.184,-92.036,-1532.891,OK,55.590,-162.613,-1497.515,OK,-37.866,-171.654,-1545.737,Port 0x03: JJH Y femur tracker  s/n:3E4C8801,930692398,1782737139.968673017,1,OK,0.6029222,0.2557102,0.2815055,0.7013215,-181.865,-107.460,-1495.103,0.4942443,3,OK,-181.646,-106.886,-1495.389,OK,-230.191,-174.798,-1439.439,OK,-168.645,-199.882,-1496.840
3,Port 0x01: JJH Probe  s/n:3E4C880C,930692401,1782737140.018673017,1,Too Few Markers,-3.697314E28,-3.697314E28,-3.697314E28,-3.697314E28,-3.697314E28,-3.697314E28,-3.697314E28,0.0000000,3,Missing,-3.697314E28,-3.697314E28,-3.697314E28,Missing,-3.697314E28,-3.697314E28,-3.697314E28,Missing,-3.697314E28,-3.697314E28,-3.697314E28,Port 0x02: JJH T tibia tracker  s/n:3E4C8800,930692401,1782737140.018673017,1,OK,0.8313203,-0.1608214,-0.1820717,0.4998928,1.109,-91.867,-1532.992,0.1547718,3,OK,1.202,-92.040,-1532.926,OK,55.593,-162.612,-1497.512,OK,-37.863,-171.668,-1545.750,Port 0x03: JJH Y femur tracker  s/n:3E4C8801,930692401,1782737140.018673017,1,OK,0.6029754,0.2555794,0.2814754,0.7013354,-181.862,-107.466,-1495.142,0.4943380,3,OK,-181.642,-106.890,-1495.428,OK,-230.197,-174.800,-1439.485,OK,-168.647,-199.885,-1496.857
3,Port 0x01: JJH Probe  s/n:3E4C880C,930692404,1782737140.068673017,1,Too Few Markers,-3.697314E28,-3.697314E28,-3.697314E28,-3.697314E28,-3.697314E28,-3.697314E28,-3.697314E28,0.0000000,3,Missing,-3.697314E28,-3.697314E28,-3.697314E28,Missing,-3.697314E28,-3.697314E28,-3.697314E28,Missing,-3.697314E28,-3.697314E28,-3.697314E28,Port 0x02: JJH T tibia tracker  s/n:3E4C8800,930692404,1782737140.068673017,1,OK,0.8313664,-0.1611910,-0.1815329,0.4998932,1.142,-91.878,-1533.065,0.1463484,3,OK,1.224,-92.045,-1533.006,OK,55.607,-162.615,-1497.541,OK,-37.839,-171.671,-1545.699,Port 0x03: JJH Y femur tracker  s/n:3E4C8801,930692404,1782737140.068673017,1,OK,0.6029840,0.2557126,0.2813031,0.7013487,-181.830,-107.457,-1495.065,0.4871753,3,OK,-181.619,-106.883,-1495.341,OK,-230.172,-174.794,-1439.444,OK,-168.627,-199.888,-1496.819
3,Port 0x01: JJH Probe  s/n:3E4C880C,930692407,1782737140.118673017,1,Too Few Markers,-3.697314E28,-3.697314E28,-3.697314E28,-3.697314E28,-3.697314E28,-3.697314E28,-3.697314E28,0.0000000,3,Missing,-3.697314E28,-3.697314E28,-3.697314E28,Missing,-3.697314E28,-3.697314E28,-3.697314E28,Missing,-3.697314E28,-3.697314E28,-3.697314E28,Port 0x02: JJH T tibia tracker  s/n:3E4C8800,930692407,1782737140.118673017,1,OK,0.8313270,-0.1616215,-0.1813538,0.4998848,1.128,-91.870,-1533.110,0.1407190,3,OK,1.198,-92.039,-1533.057,OK,55.584,-162.593,-1497.507,OK,-37.863,-171.656,-1545.676,Port 0x03: JJH Y femur tracker  s/n:3E4C8801,930692407,1782737140.118673017,1,OK,0.6030144,0.2556016,0.2811545,0.7014225,-181.835,-107.446,-1495.047,0.4875020,3,OK,-181.624,-106.869,-1495.324,OK,-230.189,-174.793,-1439.459,OK,-168.635,-199.876,-1496.799
3,Port 0x01: JJH Probe  s/n:3E4C880C,930692410,1782737140.168673017,1,Too Few Markers,-3.697314E28,-3.697314E28,-3.697314E28,-3.697314E28,-3.697314E28,-3.697314E28,-3.697314E28,0.0000000,3,Missing,-3.697314E28,-3.697314E28,-3.697314E28,Missing,-3.697314E28,-3.697314E28,-3.697314E28,Missing,-3.697314E28,-3.697314E28,-3.697314E28,Port 0x02: JJH T tibia tracker  s/n:3E4C8800,930692410,1782737140.168673017,1,OK,0.8313469,-0.1610690,-0.1817163,0.4998983,1.122,-91.871,-1533.044,0.1459781,3,OK,1.203,-92.039,-1532.985,OK,55.594,-162.614,-1497.533,OK,-37.851,-171.664,-1545.718,Port 0x03: JJH Y femur tracker  s/n:3E4C8801,930692410,1782737140.168673017,1,OK,0.6029532,0.2557507,0.2814914,0.7012857,-181.849,-107.460,-1495.115,0.4992374,3,OK,-181.631,-106.877,-1495.401,OK,-230.183,-174.795,-1439.449,OK,-168.637,-199.893,-1496.857
3,Port 0x01: JJH Probe  s/n:3E4C880C,930692413,1782737140.218673017,1,Too Few Markers,-3.697314E28,-3.697314E28,-3.697314E28,-3.697314E28,-3.697314E28,-3.697314E28,-3.697314E28,0.0000000,3,Missing,-3.697314E28,-3.697314E28,-3.697314E28,Missing,-3.697314E28,-3.697314E28,-3.697314E28,Missing,-3.697314E28,-3.697314E28,-3.697314E28,Port 0x02: JJH T tibia tracker  s/n:3E4C8800,930692413,1782737140.218673017,1,OK,0.8313728,-0.1609207,-0.1817028,0.4999079,1.128,-91.858,-1533.014,0.1446521,3,OK,1.210,-92.021,-1532.955,OK,55.601,-162.610,-1497.534,OK,-37.838,-171.653,-1545.695,Port 0x03: JJH Y femur tracker  s/n:3E4C8801,930692413,1782737140.218673017,1,OK,0.6029058,0.2559613,0.2816081,0.7012028,-181.848,-107.463,-1495.118,0.4935164,3,OK,-181.629,-106.893,-1495.402,OK,-230.168,-174.791,-1439.424,OK,-168.637,-199.890,-1496.881
3,Port 0x01: JJH Probe  s/n:3E4C880C,930692416,1782737140.268673017,1,Too Few Markers,-3.697314E28,-3.697314E28,-3.697314E28,-3.697314E28,-3.697314E28,-3.697314E28,-3.697314E28,0.0000000,3,Missing,-3.697314E28,-3.697314E28,-3.697314E28,Missing,-3.697314E28,-3.697314E28,-3.697314E28,Missing,-3.697314E28,-3.697314E28,-3.697314E28,Port 0x02: JJH T tibia tracker  s/n:3E4C8800,930692416,1782737140.268673017,1,OK,0.8312988,-0.1610198,-0.1819506,0.4999089,1.119,-91.862,-1533.052,0.1478878,3,OK,1.205,-92.029,-1532.990,OK,55.599,-162.601,-1497.539,OK,-37.852,-171.663,-1545.770,Port 0x03: JJH Y femur tracker  s/n:3E4C8801,930692416,1782737140.268673017,1,OK,0.6029680,0.2555928,0.2813079,0.7014041,-181.846,-107.451,-1495.088,0.4861543,3,OK,-181.635,-106.877,-1495.364,OK,-230.181,-174.792,-1439.474,OK,-168.633,-199.878,-1496.824
3,Port 0x01: JJH Probe  s/n:3E4C880C,930692419,1782737140.318673017,1,Too Few Markers,-3.697314E28,-3.697314E28,-3.697314E28,-3.697314E28,-3.697314E28,-3.697314E28,-3.697314E28,0.0000000,3,Missing,-3.697314E28,-3.697314E28,-3.697314E28,Missing,-3.697314E28,-3.697314E28,-3.697314E28,Missing,-3.697314E28,-3.697314E28,-3.697314E28,Port 0x02: JJH T tibia tracker  s/n:3E4C8800,930692419,1782737140.318673017,1,OK,0.8313991,-0.1611680,-0.1814880,0.4998626,1.139,-91.868,-1533.035,0.1438675,3,OK,1.216,-92.035,-1532.978,OK,55.601,-162.615,-1497.516,OK,-37.845,-171.654,-1545.663,Port 0x03: JJH Y femur tracker  s/n:3E4C8801,930692419,1782737140.318673017,1,OK,0.6029617,0.2557369,0.2812549,0.7013783,-181.834,-107.460,-1495.088,0.4861310,3,OK,-181.624,-106.887,-1495.364,OK,-230.177,-174.804,-1439.476,OK,-168.627,-199.891,-1496.855
3,Port 0x01: JJH Probe  s/n:3E4C880C,930692422,1782737140.368673017,1,Too Few Markers,-3.697314E28,-3.697314E28,-3.697314E28,-3.697314E28,-3.697314E28,-3.697314E28,-3.697314E28,0.0000000,3,Missing,-3.697314E28,-3.697314E28,-3.697314E28,Missing,-3.697314E28,-3.697314E28,-3.697314E28,Missing,-3.697314E28,-3.697314E28,-3.697314E28,Port 0x02: JJH T tibia tracker  s/n:3E4C8800,930692422,1782737140.368673017,1,OK,0.8313606,-0.1607231,-0.1818792,0.4999275,1.113,-91.853,-1532.974,0.1524138,3,OK,1.204,-92.022,-1532.909,OK,55.599,-162.602,-1497.522,OK,-37.849,-171.652,-1545.704,Port 0x03: JJH Y femur tracker  s/n:3E4C8801,930692422,1782737140.368673017,1,OK,0.6029104,0.2555113,0.2817848,0.7012919,-181.863,-107.467,-1495.152,0.4989206,3,OK,-181.638,-106.891,-1495.444,OK,-230.167,-174.791,-1439.441,OK,-168.629,-199.880,-1496.824
3,Port 0x01: JJH Probe  s/n:3E4C880C,930692425,1782737140.418673017,1,Too Few Markers,-3.697314E28,-3.697314E28,-3.697314E28,-3.697314E28,-3.697314E28,-3.697314E28,-3.697314E28,0.0000000,3,Missing,-3.697314E28,-3.697314E28,-3.697314E28,Missing,-3.697314E28,-3.697314E28,-3.697314E28,Missing,-3.697314E28,-3.697314E28,-3.697314E28,Port 0x02: JJH T tibia tracker  s/n:3E4C8800,930692425,1782737140.418673017,1,OK,0.8313259,-0.1613284,-0.1816262,0.4998823,1.119,-91.867,-1533.059,0.1405941,3,OK,1.193,-92.033,-1533.004,OK,55.585,-162.605,-1497.500,OK,-37.861,-171.656,-1545.695,Port 0x03: JJH Y femur tracker  s/n:3E4C8801,930692425,1782737140.418673017,1,OK,0.6029791,0.2557442,0.2812274,0.7013717,-181.852,-107.450,-1495.069,0.4848947,3,OK,-181.644,-106.876,-1495.343,OK,-230.194,-174.792,-1439.467,OK,-168.651,-199.886,-1496.836
3,Port 0x01: JJH Probe  s/n:3E4C880C,930692428,1782737140.468673017,1,Too Few Markers,-3.697314E28,-3.697314E28,-3.697314E28,-3.697314E28,-3.697314E28,-3.697314E28,-3.697314E28,0.0000000,3,Missing,-3.697314E28,-3.697314E28,-3.697314E28,Missing,-3.697314E28,-3.697314E28,-3.697314E28,Missing,-3.697314E28,-3.697314E28,-3.697314E28,Port 0x02: JJH T tibia tracker  s/n:3E4C8800,930692428,1782737140.468673017,1,OK,0.8313291,-0.1610188,-0.1818956,0.4998789,1.132,-91.870,-1533.026,0.1554374,3,OK,1.223,-92.045,-1532.961,OK,55.598,-162.608,-1497.521,OK,-37.842,-171.666,-1545.735,Port 0x03: JJH Y femur tracker  s/n:3E4C8801,930692428,1782737140.468673017,1,OK,0.6028960,0.2559139,0.2815804,0.7012396,-181.851,-107.463,-1495.109,0.4957098,3,OK,-181.634,-106.886,-1495.392,OK,-230.171,-174.793,-1439.423,OK,-168.633,-199.896,-1496.871
3,Port 0x01: JJH Probe  s/n:3E4C880C,930692431,1782737140.518673017,1,Too Few Markers,-3.697314E28,-3.697314E28,-3.697314E28,-3.697314E28,-3.697314E28,-3.697314E28,-3.697314E28,0.0000000,3,Missing,-3.697314E28,-3.697314E28,-3.697314E28,Missing,-3.697314E28,-3.697314E28,-3.697314E28,Missing,-3.697314E28,-3.697314E28,-3.697314E28,Port 0x02: JJH T tibia tracker  s/n:3E4C8800,930692431,1782737140.518673017,1,OK,0.8313709,-0.1607546,-0.1818614,0.4999069,1.108,-91.850,-1532.975,0.1512575,3,OK,1.201,-92.016,-1532.910,OK,55.592,-162.600,-1497.518,OK,-37.863,-171.651,-1545.702,Port 0x03: JJH Y femur tracker  s/n:3E4C8801,930692431,1782737140.518673017,1,OK,0.6029169,0.2557943,0.2814747,0.7013077,-181.859,-107.454,-1495.103,0.4943274,3,OK,-181.642,-106.878,-1495.386,OK,-230.186,-174.794,-1439.443,OK,-168.643,-199.882,-1496.855
3,Port 0x01: JJH Probe  s/n:3E4C880C,930692434,1782737140.568673017,1,Too Few Markers,-3.697314E28,-3.697314E28,-3.697314E28,-3.697314E28,-3.697314E28,-3.697314E28,-3.697314E28,0.0000000,3,Missing,-3.697314E28,-3.697314E28,-3.697314E28,Missing,-3.697314E28,-3.697314E28,-3.697314E28,Missing,-3.697314E28,-3.697314E28,-3.697314E28,Port 0x02: JJH T tibia tracker  s/n:3E4C8800,930692434,1782737140.568673017,1,OK,0.8313911,-0.1609427,-0.1815861,0.4999128,1.126,-91.863,-1533.031,0.1541289,3,OK,1.210,-92.041,-1532.969,OK,55.604,-162.604,-1497.550,OK,-37.848,-171.650,-1545.695,Port 0x03: JJH Y femur tracker  s/n:3E4C8801,930692434,1782737140.568673017,1,OK,0.6029667,0.2555133,0.2814425,0.7013802,-181.842,-107.462,-1495.107,0.4887033,3,OK,-181.627,-106.890,-1495.388,OK,-230.176,-174.794,-1439.463,OK,-168.620,-199.883,-1496.820
3,Port 0x01: JJH Probe  s/n:3E4C880C,930692437,1782737140.618673017,1,Too Few Markers,-3.697314E28,-3.697314E28,-3.697314E28,-3.697314E28,-3.697314E28,-3.697314E28,-3.697314E28,0.0000000,3,Missing,-3.697314E28,-3.697314E28,-3.697314E28,Missing,-3.697314E28,-3.697314E28,-3.697314E28,Missing,-3.697314E28,-3.697314E28,-3.697314E28,Port 0x02: JJH T tibia tracker  s/n:3E4C8800,930692437,1782737140.618673017,1,OK,0.8313460,-0.1610588,-0.1817738,0.4998822,1.146,-91.867,-1533.024,0.1478571,3,OK,1.229,-92.037,-1532.964,OK,55.620,-162.610,-1497.511,OK,-37.834,-171.660,-1545.711,Port 0x03: JJH Y femur tracker  s/n:3E4C8801,930692437,1782737140.618673017,1,OK,0.6029573,0.2557793,0.2814510,0.7012880,-181.819,-107.466,-1495.075,0.4904630,3,OK,-181.603,-106.894,-1495.357,OK,-230.153,-174.798,-1439.419,OK,-168.612,-199.891,-1496.825
3,Port 0x01: JJH Probe  s/n:3E4C880C,930692440,1782737140.668673017,1,Too Few Markers,-3.697314E28,-3.697314E28,-3.697314E28,-3.697314E28,-3.697314E28,-3.697314E28,-3.697314E28,0.0000000,3,Missing,-3.697314E28,-3.697314E28,-3.697314E28,Missing,-3.697314E28,-3.697314E28,-3.697314E28,Missing,-3.697314E28,-3.697314E28,-3.697314E28,Port 0x02: JJH T tibia tracker  s/n:3E4C8800,930692440,1782737140.668673017,1,OK,0.8314184,-0.1610153,-0.1815816,0.4998457,1.119,-91.860,-1533.030,0.1519618,3,OK,1.205,-92.032,-1532.969,OK,55.579,-162.608,-1497.540,OK,-37.867,-171.646,-1545.689,Port 0x03: JJH Y femur tracker  s/n:3E4C8801,930692440,1782737140.668673017,1,OK,0.6029112,0.2555890,0.2817696,0.7012691,-181.879,-107.466,-1495.126,0.5025238,3,OK,-181.652,-106.887,-1495.420,OK,-230.191,-174.791,-1439.409,OK,-168.646,-199.881,-1496.815
3,Port 0x01: JJH Probe  s/n:3E4C880C,930692443,1782737140.718673017,1,Too Few Markers,-3.697314E28,-3.697314E28,-3.697314E28,-3.697314E28,-3.697314E28,-3.697314E28,-3.697314E28,0.0000000,3,Missing,-3.697314E28,-3.697314E28,-3.697314E28,Missing,-3.697314E28,-3.697314E28,-3.697314E28,Missing,-3.697314E28,-3.697314E28,-3.697314E28,Port 0x02: JJH T tibia tracker  s/n:3E4C8800,930692443,1782737140.718673017,1,OK,0.8313561,-0.1608169,-0.1818318,0.4999222,1.103,-91.863,-1533.017,0.1514585,3,OK,1.192,-92.032,-1532.953,OK,55.589,-162.608,-1497.548,OK,-37.867,-171.661,-1545.734,Port 0x03: JJH Y femur tracker  s/n:3E4C8801,930692443,1782737140.718673017,1,OK,0.6029357,0.2557759,0.2814376,0.7013131,-181.853,-107.462,-1495.076,0.4917994,3,OK,-181.639,-106.886,-1495.356,OK,-230.184,-174.797,-1439.424,OK,-168.638,-199.894,-1496.830
3,Port 0x01: JJH Probe  s/n:3E4C880C,930692446,1782737140.768673017,1,Too Few Markers,-3.697314E28,-3.697314E28,-3.697314E28,-3.697314E28,-3.697314E28,-3.697314E28,-3.697314E28,0.0000000,3,Missing,-3.697314E28,-3.697314E28,-3.697314E28,Missing,-3.697314E28,-3.697314E28,-3.697314E28,Missing,-3.697314E28,-3.697314E28,-3.697314E28,Port 0x02: JJH T tibia tracker  s/n:3E4C8800,930692446,1782737140.768673017,1,OK,0.8313021,-0.1612918,-0.1818079,0.4998676,1.149,-91.864,-1533.066,0.1414254,3,OK,1.229,-92.027,-1533.007,OK,55.617,-162.601,-1497.505,OK,-37.837,-171.662,-1545.739,Port 0x03: JJH Y femur tracker  s/n:3E4C8801,930692446,1782737140.768673017,1,OK,0.6029512,0.2557863,0.2812798,0.7013593,-181.827,-107.457,-1495.089,0.4897586,3,OK,-181.615,-106.881,-1495.367,OK,-230.170,-174.802,-1439.468,OK,-168.618,-199.890,-1496.862
3,Port 0x01: JJH Probe  s/n:3E4C880C,930692449,1782737140.818673017,1,Too Few Markers,-3.697314E28,-3.697314E28,-3.697314E28,-3.697314E28,-3.697314E28,-3.697314E28,-3.697314E28,0.0000000,3,Missing,-3.697314E28,-3.697314E28,-3.697314E28,Missing,-3.697314E28,-3.697314E28,-3.697314E28,Missing,-3.697314E28,-3.697314E28,-3.697314E28,Port 0x02: JJH T tibia tracker  s/n:3E4C8800,930692449,1782737140.818673017,1,OK,0.8313632,-0.1612314,-0.1814662,0.4999097,1.131,-91.872,-1533.068,0.1478412,3,OK,1.206,-92.046,-1533.011,OK,55.595,-162.607,-1497.538,OK,-37.843,-171.656,-1545.684,Port 0x03: JJH Y femur tracker  s/n:3E4C8801,930692449,1782737140.818673017,1,OK,0.6029419,0.2556034,0.2815174,0.7013387,-181.854,-107.457,-1495.131,0.4957207,3,OK,-181.638,-106.874,-1495.414,OK,-230.177,-174.789,-1439.471,OK,-168.633,-199.886,-1496.846
3,Port 0x01: JJH Probe  s/n:3E4C880C,930692452,1782737140.868673017,1,Too Few Markers,-3.697314E28,-3.697314E28,-3.697314E28,-3.697314E28,-3.697314E28,-3.697314E28,-3.697314E28,0.0000000,3,Missing,-3.697314E28,-3.697314E28,-3.697314E28,Missing,-3.697314E28,-3.697314E28,-3.697314E28,Missing,-3.697314E28,-3.697314E28,-3.697314E28,Port 0x02: JJH T tibia tracker  s/n:3E4C8800,930692452,1782737140.868673017,1,OK,0.8314148,-0.1609041,-0.1816396,0.4998664,1.141,-91.862,-1533.007,0.1559865,3,OK,1.229,-92.039,-1532.943,OK,55.606,-162.610,-1497.536,OK,-37.838,-171.649,-1545.684,Port 0x03: JJH Y femur tracker  s/n:3E4C8801,930692452,1782737140.868673017,1,OK,0.6029545,0.2557628,0.2815154,0.7012705,-181.831,-107.464,-1495.116,0.4969289,3,OK,-181.612,-106.885,-1495.401,OK,-230.163,-174.796,-1439.445,OK,-168.620,-199.893,-1496.856
3,Port 0x01: JJH Probe  s/n:3E4C880C,930692455,1782737140.918673017,1,Too Few Markers,-3.697314E28,-3.697314E28,-3.697314E28,-3.697314E28,-3.697314E28,-3.697314E28,-3.697314E28,0.0000000,3,Missing,-3.697314E28,-3.697314E28,-3.697314E28,Missing,-3.697314E28,-3.697314E28,-3.697314E28,Missing,-3.697314E28,-3.697314E28,-3.697314E28,Port 0x02: JJH T tibia tracker  s/n:3E4C8800,930692455,1782737140.918673017,1,OK,0.8313275,-0.1612112,-0.1816109,0.4999231,1.127,-91.872,-1533.048,0.1434236,3,OK,1.205,-92.039,-1532.991,OK,55.599,-162.607,-1497.513,OK,-37.846,-171.666,-1545.690,Port 0x03: JJH Y femur tracker  s/n:3E4C8801,930692455,1782737140.918673017,1,OK,0.6029175,0.2557799,0.2814930,0.7013051,-181.852,-107.458,-1495.114,0.4957212,3,OK,-181.635,-106.880,-1495.398,OK,-230.180,-174.795,-1439.449,OK,-168.632,-199.889,-1496.865
3,Port 0x01: JJH Probe  s/n:3E4C880C,930692458,1782737140.968673012,1,Too Few Markers,-3.697314E28,-3.697314E28,-3.697314E28,-3.697314E28,-3.697314E28,-3.697314E28,-3.697314E28,0.0000000,3,Missing,-3.697314E28,-3.697314E28,-3.697314E28,Missing,-3.697314E28,-3.697314E28,-3.697314E28,Missing,-3.697314E28,-3.697314E28,-3.697314E28,Port 0x02: JJH T tibia tracker  s/n:3E4C8800,930692458,1782737140.968673012,1,OK,0.8313484,-0.1611672,-0.1817192,0.4998632,1.117,-91.867,-1533.048,0.1492598,3,OK,1.203,-92.037,-1532.986,OK,55.586,-162.604,-1497.517,OK,-37.874,-171.661,-1545.720,Port 0x03: JJH Y femur tracker  s/n:3E4C8801,930692458,1782737140.968673012,1,OK,0.6029420,0.2555921,0.2815436,0.7013322,-181.868,-107.463,-1495.140,0.4966151,3,OK,-181.649,-106.883,-1495.425,OK,-230.193,-174.796,-1439.472,OK,-168.645,-199.888,-1496.852
3,Port 0x01: JJH Probe  s/n:3E4C880C,930692461,1782737141.018673012,1,Too Few Markers,-3.697314E28,-3.697314E28,-3.697314E28,-3.697314E28,-3.697314E28,-3.697314E28,-3.697314E28,0.0000000,3,Missing,-3.697314E28,-3.697314E28,-3.697314E28,Missing,-3.697314E28,-3.697314E28,-3.697314E28,Missing,-3.697314E28,-3.697314E28,-3.697314E28,Port 0x02: JJH T tibia tracker  s/n:3E4C8800,930692461,1782737141.018673012,1,OK,0.8314023,-0.1609057,-0.1815958,0.4999025,1.127,-91.863,-1533.008,0.1488775,3,OK,1.211,-92.031,-1532.947,OK,55.600,-162.612,-1497.535,OK,-37.845,-171.654,-1545.675,Port 0x03: JJH Y femur tracker  s/n:3E4C8801,930692461,1782737141.018673012,1,OK,0.6029625,0.2557294,0.2813679,0.7013351,-181.841,-107.464,-1495.107,0.4939255,3,OK,-181.624,-106.885,-1495.389,OK,-230.179,-174.806,-1439.469,OK,-168.634,-199.893,-1496.857
3,Port 0x01: JJH Probe  s/n:3E4C880C,930692464,1782737141.068673012,1,Too Few Markers,-3.697314E28,-3.697314E28,-3.697314E28,-3.697314E28,-3.697314E28,-3.697314E28,-3.697314E28,0.0000000,3,Missing,-3.697314E28,-3.697314E28,-3.697314E28,Missing,-3.697314E28,-3.697314E28,-3.697314E28,Missing,-3.697314E28,-3.697314E28,-3.697314E28,Port 0x02: JJH T tibia tracker  s/n:3E4C8800,930692464,1782737141.068673012,1,OK,0.8312665,-0.1613159,-0.1819689,0.4998604,1.144,-91.872,-1533.053,0.1493230,3,OK,1.226,-92.047,-1532.993,OK,55.606,-162.604,-1497.485,OK,-37.835,-171.667,-1545.749,Port 0x03: JJH Y femur tracker  s/n:3E4C8801,930692464,1782737141.068673012,1,OK,0.6029165,0.2558276,0.2814656,0.7012995,-181.835,-107.456,-1495.099,0.4980535,3,OK,-181.617,-106.874,-1495.383,OK,-230.166,-174.796,-1439.436,OK,-168.618,-199.890,-1496.859
3,Port 0x01: JJH Probe  s/n:3E4C880C,930692467,1782737141.118673012,1,Too Few Markers,-3.697314E28,-3.697314E28,-3.697314E28,-3.697314E28,-3.697314E28,-3.697314E28,-3.697314E28,0.0000000,3,Missing,-3.697314E28,-3.697314E28,-3.697314E28,Missing,-3.697314E28,-3.697314E28,-3.697314E28,Missing,-3.697314E28,-3.697314E28,-3.697314E28,Port 0x02: JJH T tibia tracker  s/n:3E4C8800,930692467,1782737141.118673012,1,OK,0.8314084,-0.1609205,-0.1815649,0.4998988,1.129,-91.880,-1533.042,0.1496753,3,OK,1.212,-92.051,-1532.981,OK,55.606,-162.627,-1497.565,OK,-37.850,-171.668,-1545.706,Port 0x03: JJH Y femur tracker  s/n:3E4C8801,930692467,1782737141.118673012,1,OK,0.6029631,0.2555955,0.2813517,0.7013898,-181.841,-107.461,-1495.100,0.4905002,3,OK,-181.627,-106.885,-1495.381,OK,-230.180,-174.802,-1439.471,OK,-168.624,-199.887,-1496.835
3,Port 0x01: JJH Probe  s/n:3E4C880C,930692470,1782737141.168673012,1,Too Few Markers,-3.697314E28,-3.697314E28,-3.697314E28,-3.697314E28,-3.697314E28,-3.697314E28,-3.697314E28,0.0000000,3,Missing,-3.697314E28,-3.697314E28,-3.697314E28,Missing,-3.697314E28,-3.697314E28,-3.697314E28,Missing,-3.697314E28,-3.697314E28,-3.697314E28,Port 0x02: JJH T tibia tracker  s/n:3E4C8800,930692470,1782737141.168673012,1,OK,0.8314205,-0.1610176,-0.1818222,0.4997539,1.132,-91.891,-1533.044,0.1491043,3,OK,1.214,-92.065,-1532.984,OK,55.588,-162.654,-1497.541,OK,-37.866,-171.667,-1545.748,Port 0x03: JJH Y femur tracker  s/n:3E4C8801,930692470,1782737141.168673012,1,OK,0.6029270,0.2556026,0.2815531,0.7013375,-181.863,-107.469,-1495.125,0.4912530,3,OK,-181.649,-106.894,-1495.406,OK,-230.185,-174.796,-1439.458,OK,-168.634,-199.896,-1496.842
3,Port 0x01: JJH Probe  s/n:3E4C880C,930692473,1782737141.218673012,1,Too Few Markers,-3.697314E28,-3.697314E28,-3.697314E28,-3.697314E28,-3.697314E28,-3.697314E28,-3.697314E28,0.0000000,3,Missing,-3.697314E28,-3.697314E28,-3.697314E28,Missing,-3.697314E28,-3.697314E28,-3.697314E28,Missing,-3.697314E28,-3.697314E28,-3.697314E28,Port 0x02: JJH T tibia tracker  s/n:3E4C8800,930692473,1782737141.218673012,1,OK,0.8313859,-0.1612128,-0.1818764,0.4997288,1.123,-91.891,-1533.083,0.1441407,3,OK,1.201,-92.061,-1533.026,OK,55.568,-162.653,-1497.541,OK,-37.878,-171.669,-1545.778,Port 0x03: JJH Y femur tracker  s/n:3E4C8801,930692473,1782737141.218673012,1,OK,0.6029783,0.2557015,0.2813628,0.7013337,-181.845,-107.457,-1495.065,0.4895028,3,OK,-181.630,-106.884,-1495.346,OK,-230.186,-174.794,-1439.430,OK,-168.640,-199.883,-1496.811
3,Port 0x01: JJH Probe  s/n:3E4C880C,930692476,1782737141.268673012,1,Too Few Markers,-3.697314E28,-3.697314E28,-3.697314E28,-3.697314E28,-3.697314E28,-3.697314E28,-3.697314E28,0.0000000,3,Missing,-3.697314E28,-3.697314E28,-3.697314E28,Missing,-3.697314E28,-3.697314E28,-3.697314E28,Missing,-3.697314E28,-3.697314E28,-3.697314E28,Port 0x02: JJH T tibia tracker  s/n:3E4C8800,930692476,1782737141.268673012,1,OK,0.8314465,-0.1608238,-0.1820049,0.4997066,1.140,-91.893,-1533.033,0.1491777,3,OK,1.227,-92.062,-1532.971,OK,55.594,-162.671,-1497.561,OK,-37.861,-171.671,-1545.786,Port 0x03: JJH Y femur tracker  s/n:3E4C8801,930692476,1782737141.268673012,1,OK,0.6029735,0.2556351,0.2814064,0.7013445,-181.835,-107.459,-1495.090,0.4933624,3,OK,-181.621,-106.879,-1495.371,OK,-230.175,-174.792,-1439.446,OK,-168.619,-199.891,-1496.825
3,Port 0x01: JJH Probe  s/n:3E4C880C,930692479,1782737141.318673012,1,Too Few Markers,-3.697314E28,-3.697314E28,-3.697314E28,-3.697314E28,-3.697314E28,-3.697314E28,-3.697314E28,0.0000000,3,Missing,-3.697314E28,-3.697314E28,-3.697314E28,Missing,-3.697314E28,-3.697314E28,-3.697314E28,Missing,-3.697314E28,-3.697314E28,-3.697314E28,Port 0x02: JJH T tibia tracker  s/n:3E4C8800,930692479,1782737141.318673012,1,OK,0.8314709,-0.1606282,-0.1819409,0.4997522,1.140,-91.904,-1533.047,0.1526807,3,OK,1.228,-92.077,-1532.984,OK,55.602,-162.684,-1497.616,OK,-37.850,-171.682,-1545.804,Port 0x03: JJH Y femur tracker  s/n:3E4C8801,930692479,1782737141.318673012,1,OK,0.6030082,0.2557536,0.2811340,0.7013807,-181.803,-107.452,-1495.040,0.4884236,3,OK,-181.594,-106.874,-1495.315,OK,-230.162,-174.799,-1439.448,OK,-168.607,-199.891,-1496.820
3,Port 0x01: JJH Probe  s/n:3E4C880C,930692482,1782737141.368673012,1,Too Few Markers,-3.697314E28,-3.697314E28,-3.697314E28,-3.697314E28,-3.697314E28,-3.697314E28,-3.697314E28,0.0000000,3,Missing,-3.697314E28,-3.697314E28,-3.697314E28,Missing,-3.697314E28,-3.697314E28,-3.697314E28,Missing,-3.697314E28,-3.697314E28,-3.697314E28,Port 0x02: JJH T tibia tracker  s/n:3E4C8800,930692482,1782737141.368673012,1,OK,0.8315852,-0.1604706,-0.1817242,0.4996914,1.102,-91.904,-1533.039,0.1523367,3,OK,1.186,-92.078,-1532.978,OK,55.559,-162.704,-1497.649,OK,-37.898,-171.665,-1545.776,Port 0x03: JJH Y femur tracker  s/n:3E4C8801,930692482,1782737141.368673012,1,OK,0.6029919,0.2554512,0.2814439,0.7013806,-181.861,-107.460,-1495.097,0.4938865,3,OK,-181.645,-106.881,-1495.380,OK,-230.200,-174.791,-1439.451,OK,-168.639,-199.886,-1496.799
3,Port 0x01: JJH Probe  s/n:3E4C880C,930692485,1782737141.418673012,1,Too Few Markers,-3.697314E28,-3.697314E28,-3.697314E28,-3.697314E28,-3.697314E28,-3.697314E28,-3.697314E28,0.0000000,3,Missing,-3.697314E28,-3.697314E28,-3.697314E28,Missing,-3.697314E28,-3.697314E28,-3.697314E28,Missing,-3.697314E28,-3.697314E28,-3.697314E28,Port 0x02: JJH T tibia tracker  s/n:3E4C8800,930692485,1782737141.418673012,1,OK,0.8315450,-0.1603462,-0.1821876,0.4996296,1.090,-91.933,-1533.044,0.1492178,3,OK,1.171,-92.107,-1532.985,OK,55.546,-162.751,-1497.658,OK,-37.904,-171.690,-1545.869,Port 0x03: JJH Y femur tracker  s/n:3E4C8801,930692485,1782737141.418673012,1,OK,0.6030434,0.2556259,0.2810379,0.7014354,-181.840,-107.458,-1495.031,0.4844512,3,OK,-181.634,-106.882,-1495.302,OK,-230.211,-174.802,-1439.459,OK,-168.641,-199.897,-1496.804
3,Port 0x01: JJH Probe  s/n:3E4C880C,930692488,1782737141.468673012,1,Too Few Markers,-3.697314E28,-3.697314E28,-3.697314E28,-3.697314E28,-3.697314E28,-3.697314E28,-3.697314E28,0.0000000,3,Missing,-3.697314E28,-3.697314E28,-3.697314E28,Missing,-3.697314E28,-3.697314E28,-3.697314E28,Missing,-3.697314E28,-3.697314E28,-3.697314E28,Port 0x02: JJH T tibia tracker  s/n:3E4C8800,930692488,1782737141.468673012,1,OK,0.8316586,-0.1604306,-0.1819771,0.4994901,1.133,-91.957,-1533.126,0.1435466,3,OK,1.203,-92.131,-1533.072,OK,55.566,-162.800,-1497.734,OK,-37.887,-171.692,-1545.913,Port 0x03: JJH Y femur tracker  s/n:3E4C8801,930692488,1782737141.468673012,1,OK,0.6031129,0.2554835,0.2808605,0.7014986,-181.796,-107.448,-1494.994,0.4828714,3,OK,-181.593,-106.869,-1495.263,OK,-230.181,-174.798,-1439.466,OK,-168.611,-199.889,-1496.756
3,Port 0x01: JJH Probe  s/n:3E4C880C,930692491,1782737141.518673012,1,Too Few Markers,-3.697314E28,-3.697314E28,-3.697314E28,-3.697314E28,-3.697314E28,-3.697314E28,-3.697314E28,0.0000000,3,Missing,-3.697314E28,-3.697314E28,-3.697314E28,Missing,-3.697314E28,-3.697314E28,-3.697314E28,Missing,-3.697314E28,-3.697314E28,-3.697314E28,Port 0x02: JJH T tibia tracker  s/n:3E4C8800,930692491,1782737141.518673012,1,OK,0.8317468,-0.1596478,-0.1823050,0.4994744,1.105,-91.963,-1533.057,0.1535937,3,OK,1.190,-92.139,-1532.995,OK,55.556,-162.836,-1497.805,OK,-37.901,-171.698,-1545.969,Port 0x03: JJH Y femur tracker  s/n:3E4C8801,930692491,1782737141.518673012,1,OK,0.6030509,0.2554979,0.2810874,0.7014559,-181.810,-107.453,-1494.993,0.4881234,3,OK,-181.597,-106.878,-1495.271,OK,-230.182,-174.800,-1439.411,OK,-168.606,-199.881,-1496.741
3,Port 0x01: JJH Probe  s/n:3E4C880C,930692494,1782737141.568673012,1,Too Few Markers,-3.697314E28,-3.697314E28,-3.697314E28,-3.697314E28,-3.697314E28,-3.697314E28,-3.697314E28,0.0000000,3,Missing,-3.697314E28,-3.697314E28,-3.697314E28,Missing,-3.697314E28,-3.697314E28,-3.697314E28,Missing,-3.697314E28,-3.697314E28,-3.697314E28,Port 0x02: JJH T tibia tracker  s/n:3E4C8800,930692494,1782737141.568673012,1,OK,0.8316685,-0.1599964,-0.1823840,0.4994644,1.102,-91.971,-1533.082,0.1456628,3,OK,1.180,-92.143,-1533.025,OK,55.547,-162.835,-1497.757,OK,-37.906,-171.708,-1545.975,Port 0x03: JJH Y femur tracker  s/n:3E4C8801,930692494,1782737141.568673012,1,OK,0.6030311,0.2553408,0.2813602,0.7014207,-181.831,-107.461,-1495.022,0.4968715,3,OK,-181.609,-106.883,-1495.310,OK,-230.188,-174.798,-1439.386,OK,-168.610,-199.879,-1496.716
3,Port 0x01: JJH Probe  s/n:3E4C880C,930692497,1782737141.618673012,1,Too Few Markers,-3.697314E28,-3.697314E28,-3.697314E28,-3.697314E28,-3.697314E28,-3.697314E28,-3.697314E28,0.0000000,3,Missing,-3.697314E28,-3.697314E28,-3.697314E28,Missing,-3.697314E28,-3.697314E28,-3.697314E28,Missing,-3.697314E28,-3.697314E28,-3.697314E28,Port 0x02: JJH T tibia tracker  s/n:3E4C8800,930692497,1782737141.618673012,1,OK,0.8317417,-0.1600199,-0.1821690,0.4994134,1.097,-91.979,-1533.092,0.1426419,3,OK,1.169,-92.149,-1533.038,OK,55.531,-162.855,-1497.773,OK,-37.922,-171.704,-1545.949,Port 0x03: JJH Y femur tracker  s/n:3E4C8801,930692497,1782737141.618673012,1,OK,0.6030584,0.2554852,0.2810996,0.7014492,-181.836,-107.455,-1495.013,0.4876151,3,OK,-181.624,-106.881,-1495.290,OK,-230.210,-174.798,-1439.428,OK,-168.630,-199.885,-1496.759
3,Port 0x01: JJH Probe  s/n:3E4C880C,930692500,1782737141.668673012,1,Too Few Markers,-3.697314E28,-3.697314E28,-3.697314E28,-3.697314E28,-3.697314E28,-3.697314E28,-3.697314E28,0.0000000,3,Missing,-3.697314E28,-3.697314E28,-3.697314E28,Missing,-3.697314E28,-3.697314E28,-3.697314E28,Missing,-3.697314E28,-3.697314E28,-3.697314E28,Port 0x02: JJH T tibia tracker  s/n:3E4C8800,930692500,1782737141.668673012,1,OK,0.8317584,-0.1598563,-0.1824762,0.4993259,1.083,-91.995,-1533.067,0.1528622,3,OK,1.160,-92.179,-1533.009,OK,55.506,-162.882,-1497.772,OK,-37.940,-171.709,-1545.992,Port 0x03: JJH Y femur tracker  s/n:3E4C8801,930692500,1782737141.668673012,1,OK,0.6030786,0.2551990,0.2811016,0.7015351,-181.833,-107.454,-1494.985,0.4908536,3,OK,-181.618,-106.876,-1495.266,OK,-230.209,-174.801,-1439.407,OK,-168.617,-199.875,-1496.686
3,Port 0x01: JJH Probe  s/n:3E4C880C,930692503,1782737141.718673012,1,Too Few Markers,-3.697314E28,-3.697314E28,-3.697314E28,-3.697314E28,-3.697314E28,-3.697314E28,-3.697314E28,0.0000000,3,Missing,-3.697314E28,-3.697314E28,-3.697314E28,Missing,-3.697314E28,-3.697314E28,-3.697314E28,Missing,-3.697314E28,-3.697314E28,-3.697314E28,Port 0x02: JJH T tibia tracker  s/n:3E4C8800,930692503,1782737141.718673012,1,OK,0.8318940,-0.1595125,-0.1825395,0.4991869,1.108,-92.016,-1533.052,0.1541202,3,OK,1.182,-92.204,-1532.995,OK,55.523,-162.942,-1497.822,OK,-37.933,-171.708,-1546.025,Port 0x03: JJH Y femur tracker  s/n:3E4C8801,930692503,1782737141.718673012,1,OK,0.6030861,0.2552570,0.2811166,0.7015016,-181.800,-107.459,-1494.979,0.4960904,3,OK,-181.583,-106.875,-1495.262,OK,-230.183,-174.803,-1439.389,OK,-168.583,-199.888,-1496.690
3,Port 0x01: JJH Probe  s/n:3E4C880C,930692506,1782737141.768673012,1,Too Few Markers,-3.697314E28,-3.697314E28,-3.697314E28,-3.697314E28,-3.697314E28,-3.697314E28,-3.697314E28,0.0000000,3,Missing,-3.697314E28,-3.697314E28,-3.697314E28,Missing,-3.697314E28,-3.697314E28,-3.697314E28,Missing,-3.697314E28,-3.697314E28,-3.697314E28,Port 0x02: JJH T tibia tracker  s/n:3E4C8800,930692506,1782737141.768673012,1,OK,0.8318821,-0.1596574,-0.1826619,0.4991155,1.082,-92.035,-1533.081,0.1377703,3,OK,1.143,-92.207,-1533.033,OK,55.484,-162.981,-1497.817,OK,-37.959,-171.721,-1546.058,Port 0x03: JJH Y femur tracker  s/n:3E4C8801,930692506,1782737141.768673012,1,OK,0.6030633,0.2549258,0.2812044,0.7016065,-181.842,-107.469,-1494.974,0.4955471,3,OK,-181.624,-106.886,-1495.259,OK,-230.214,-174.811,-1439.380,OK,-168.597,-199.887,-1496.631
3,Port 0x01: JJH Probe  s/n:3E4C880C,930692509,1782737141.818673012,1,Too Few Markers,-3.697314E28,-3.697314E28,-3.697314E28,-3.697314E28,-3.697314E28,-3.697314E28,-3.697314E28,0.0000000,3,Missing,-3.697314E28,-3.697314E28,-3.697314E28,Missing,-3.697314E28,-3.697314E28,-3.697314E28,Missing,-3.697314E28,-3.697314E28,-3.697314E28,Port 0x02: JJH T tibia tracker  s/n:3E4C8800,930692509,1782737141.818673012,1,OK,0.8318804,-0.1590766,-0.1832340,0.4990941,1.056,-92.033,-1532.987,0.1418593,3,OK,1.136,-92.195,-1532.930,OK,55.462,-163.002,-1497.818,OK,-37.963,-171.734,-1546.106,Port 0x03: JJH Y femur tracker  s/n:3E4C8801,930692509,1782737141.818673012,1,OK,0.6030459,0.2550331,0.2813843,0.7015103,-181.862,-107.473,-1495.023,0.5055072,3,OK,-181.637,-106.886,-1495.316,OK,-230.234,-174.807,-1439.377,OK,-168.610,-199.893,-1496.682
3,Port 0x01: JJH Probe  s/n:3E4C880C,930692512,1782737141.868673012,1,Too Few Markers,-3.697314E28,-3.697314E28,-3.697314E28,-3.697314E28,-3.697314E28,-3.697314E28,-3.697314E28,0.0000000,3,Missing,-3.697314E28,-3.697314E28,-3.697314E28,Missing,-3.697314E28,-3.697314E28,-3.697314E28,Missing,-3.697314E28,-3.697314E28,-3.697314E28,Port 0x02: JJH T tibia tracker  s/n:3E4C8800,930692512,1782737141.868673012,1,OK,0.8320208,-0.1589075,-0.1826284,0.4991360,1.053,-92.044,-1532.965,0.1513984,3,OK,1.121,-92.223,-1532.913,OK,55.463,-163.020,-1497.855,OK,-37.959,-171.719,-1545.995,Port 0x03: JJH Y femur tracker  s/n:3E4C8801,930692512,1782737141.868673012,1,OK,0.6030511,0.2553605,0.2810272,0.7015299,-181.837,-107.471,-1494.967,0.4939404,3,OK,-181.624,-106.889,-1495.246,OK,-230.226,-174.822,-1439.388,OK,-168.613,-199.904,-1496.714
3,Port 0x01: JJH Probe  s/n:3E4C880C,930692515,1782737141.918673012,1,Too Few Markers,-3.697314E28,-3.697314E28,-3.697314E28,-3.697314E28,-3.697314E28,-3.697314E28,-3.697314E28,0.0000000,3,Missing,-3.697314E28,-3.697314E28,-3.697314E28,Missing,-3.697314E28,-3.697314E28,-3.697314E28,Missing,-3.697314E28,-3.697314E28,-3.697314E28,Port 0x02: JJH T tibia tracker  s/n:3E4C8800,930692515,1782737141.918673012,1,OK,0.8320658,-0.1587649,-0.1826726,0.4990901,1.052,-92.048,-1532.999,0.1522044,3,OK,1.129,-92.224,-1532.942,OK,55.464,-163.030,-1497.914,OK,-37.978,-171.727,-1546.056,Port 0x03: JJH Y femur tracker  s/n:3E4C8801,930692515,1782737141.918673012,1,OK,0.6030775,0.2552196,0.2808740,0.7016197,-181.842,-107.467,-1494.966,0.4901837,3,OK,-181.632,-106.886,-1495.242,OK,-230.244,-174.823,-1439.421,OK,-168.613,-199.901,-1496.712
3,Port 0x01: JJH Probe  s/n:3E4C880C,930692518,1782737141.968673015,1,Too Few Markers,-3.697314E28,-3.697314E28,-3.697314E28,-3.697314E28,-3.697314E28,-3.697314E28,-3.697314E28,0.0000000,3,Missing,-3.697314E28,-3.697314E28,-3.697314E28,Missing,-3.697314E28,-3.697314E28,-3.697314E28,Missing,-3.697314E28,-3.697314E28,-3.697314E28,Port 0x02: JJH T tibia tracker  s/n:3E4C8800,930692518,1782737141.968673015,1,OK,0.8320764,-0.1591166,-0.1825949,0.4989889,1.060,-92.082,-1533.069,0.1458470,3,OK,1.130,-92.258,-1533.016,OK,55.455,-163.066,-1497.918,OK,-38.000,-171.751,-1546.090,Port 0x03: JJH Y femur tracker  s/n:3E4C8801,930692518,1782737141.968673015,1,OK,0.6031678,0.2548830,0.2807429,0.7017169,-181.844,-107.467,-1494.965,0.4953445,3,OK,-181.630,-106.878,-1495.245,OK,-230.264,-174.829,-1439.454,OK,-168.621,-199.895,-1496.664
3,Port 0x01: JJH Probe  s/n:3E4C880C,930692521,1782737142.018673015,1,Too Few Markers,-3.697314E28,-3.697314E28,-3.697314E28,-3.697314E28,-3.697314E28,-3.697314E28,-3.697314E28,0.0000000,3,Missing,-3.697314E28,-3.697314E28,-3.697314E28,Missing,-3.697314E28,-3.697314E28,-3.697314E28,Missing,-3.697314E28,-3.697314E28,-3.697314E28,Port 0x02: JJH T tibia tracker  s/n:3E4C8800,930692521,1782737142.018673015,1,OK,0.8322666,-0.1580324,-0.1829398,0.4988898,1.039,-92.091,-1532.934,0.1542411,3,OK,1.122,-92.260,-1532.875,OK,55.436,-163.139,-1497.987,OK,-38.005,-171.750,-1546.105,Port 0x03: JJH Y femur tracker  s/n:3E4C8801,930692521,1782737142.018673015,1,OK,0.6031069,0.2551840,0.2806572,0.7016942,-181.848,-107.471,-1494.950,0.4906030,3,OK,-181.637,-106.891,-1495.226,OK,-230.275,-174.841,-1439.440,OK,-168.621,-199.904,-1496.718
3,Port 0x01: JJH Probe  s/n:3E4C880C,930692524,1782737142.068673015,1,Too Few Markers,-3.697314E28,-3.697314E28,-3.697314E28,-3.697314E28,-3.697314E28,-3.697314E28,-3.697314E28,0.0000000,3,Missing,-3.697314E28,-3.697314E28,-3.697314E28,Missing,-3.697314E28,-3.697314E28,-3.697314E28,Missing,-3.697314E28,-3.697314E28,-3.697314E28,Port 0x02: JJH T tibia tracker  s/n:3E4C8800,930692524,1782737142.068673015,1,OK,0.8322761,-0.1582755,-0.1832373,0.4986878,1.022,-92.144,-1533.036,0.1457157,3,OK,1.091,-92.320,-1532.983,OK,55.393,-163.217,-1498.028,OK,-38.049,-171.776,-1546.242,Port 0x03: JJH Y femur tracker  s/n:3E4C8801,930692524,1782737142.068673015,1,OK,0.6031060,0.2551407,0.2809221,0.7016047,-181.895,-107.482,-1494.980,0.5029649,3,OK,-181.674,-106.899,-1495.268,OK,-230.325,-174.836,-1439.401,OK,-168.652,-199.911,-1496.721
3,Port 0x01: JJH Probe  s/n:3E4C880C,930692527,1782737142.118673015,1,Too Few Markers,-3.697314E28,-3.697314E28,-3.697314E28,-3.697314E28,-3.697314E28,-3.697314E28,-3.697314E28,0.0000000,3,Missing,-3.697314E28,-3.697314E28,-3.697314E28,Missing,-3.697314E28,-3.697314E28,-3.697314E28,Missing,-3.697314E28,-3.697314E28,-3.697314E28,Port 0x02: JJH T tibia tracker  s/n:3E4C8800,930692527,1782737142.118673015,1,OK,0.8323162,-0.1573496,-0.1840466,0.4986158,1.010,-92.149,-1532.853,0.1590435,3,OK,1.104,-92.323,-1532.788,OK,55.385,-163.261,-1498.001,OK,-38.034,-171.787,-1546.272,Port 0x03: JJH Y femur tracker  s/n:3E4C8801,930692527,1782737142.118673015,1,OK,0.6031478,0.2549929,0.2805634,0.7017660,-181.884,-107.485,-1494.931,0.4960526,3,OK,-181.667,-106.904,-1495.213,OK,-230.341,-174.859,-1439.426,OK,-168.642,-199.915,-1496.692
3,Port 0x01: JJH Probe  s/n:3E4C880C,930692530,1782737142.168673015,1,Too Few Markers,-3.697314E28,-3.697314E28,-3.697314E28,-3.697314E28,-3.697314E28,-3.697314E28,-3.697314E28,0.0000000,3,Missing,-3.697314E28,-3.697314E28,-3.697314E28,Missing,-3.697314E28,-3.697314E28,-3.697314E28,Missing,-3.697314E28,-3.697314E28,-3.697314E28,Port 0x02: JJH T tibia tracker  s/n:3E4C8800,930692530,1782737142.168673015,1,OK,0.8322430,-0.1585333,-0.1835170,0.4985583,1.025,-92.136,-1533.003,0.1393092,3,OK,1.086,-92.310,-1532.955,OK,55.369,-163.221,-1497.938,OK,-38.057,-171.759,-1546.235,Port 0x03: JJH Y femur tracker  s/n:3E4C8801,930692530,1782737142.168673015,1,OK,0.6031302,0.2548933,0.2807077,0.7017596,-181.900,-107.472,-1494.992,0.4987310,3,OK,-181.678,-106.894,-1495.280,OK,-230.349,-174.842,-1439.458,OK,-168.646,-199.891,-1496.725
3,Port 0x01: JJH Probe  s/n:3E4C880C,930692533,1782737142.218673015,1,Too Few Markers,-3.697314E28,-3.697314E28,-3.697314E28,-3.697314E28,-3.697314E28,-3.697314E28,-3.697314E28,0.0000000,3,Missing,-3.697314E28,-3.697314E28,-3.697314E28,Missing,-3.697314E28,-3.697314E28,-3.697314E28,Missing,-3.697314E28,-3.697314E28,-3.697314E28,Port 0x02: JJH T tibia tracker  s/n:3E4C8800,930692533,1782737142.218673015,1,OK,0.8323075,-0.1579023,-0.1836774,0.4985917,1.009,-92.147,-1532.960,0.1507474,3,OK,1.091,-92.321,-1532.901,OK,55.369,-163.244,-1498.014,OK,-38.060,-171.780,-1546.274,Port 0x03: JJH Y femur tracker  s/n:3E4C8801,930692533,1782737142.218673015,1,OK,0.6031063,0.2549645,0.2805945,0.7017995,-181.914,-107.491,-1494.963,0.4989537,3,OK,-181.695,-106.909,-1495.247,OK,-230.367,-174.870,-1439.450,OK,-168.656,-199.920,-1496.725
3,Port 0x01: JJH Probe  s/n:3E4C880C,930692536,1782737142.268673015,1,Too Few Markers,-3.697314E28,-3.697314E28,-3.697314E28,-3.697314E28,-3.697314E28,-3.697314E28,-3.697314E28,0.0000000,3,Missing,-3.697314E28,-3.697314E28,-3.697314E28,Missing,-3.697314E28,-3.697314E28,-3.697314E28,Missing,-3.697314E28,-3.697314E28,-3.697314E28,Port 0x02: JJH T tibia tracker  s/n:3E4C8800,930692536,1782737142.268673015,1,OK,0.8324080,-0.1577485,-0.1832758,0.4986204,1.004,-92.152,-1532.968,0.1513471,3,OK,1.079,-92.325,-1532.913,OK,55.368,-163.259,-1498.068,OK,-38.062,-171.775,-1546.226,Port 0x03: JJH Y femur tracker  s/n:3E4C8801,930692536,1782737142.268673015,1,OK,0.6031771,0.2550642,0.2802620,0.7018353,-181.900,-107.473,-1494.905,0.4896737,3,OK,-181.687,-106.898,-1495.182,OK,-230.381,-174.864,-1439.456,OK,-168.671,-199.904,-1496.712
3,Port 0x01: JJH Probe  s/n:3E4C880C,930692539,1782737142.318673015,1,Too Few Markers,-3.697314E28,-3.697314E28,-3.697314E28,-3.697314E28,-3.697314E28,-3.697314E28,-3.697314E28,0.0000000,3,Missing,-3.697314E28,-3.697314E28,-3.697314E28,Missing,-3.697314E28,-3.697314E28,-3.697314E28,Missing,-3.697314E28,-3.697314E28,-3.697314E28,Port 0x02: JJH T tibia tracker  s/n:3E4C8800,930692539,1782737142.318673015,1,OK,0.8323098,-0.1582507,-0.1833950,0.4985814,1.008,-92.164,-1533.019,0.1404145,3,OK,1.065,-92.339,-1532.973,OK,55.364,-163.264,-1498.012,OK,-38.064,-171.778,-1546.253,Port 0x03: JJH Y femur tracker  s/n:3E4C8801,930692539,1782737142.318673015,1,OK,0.6031794,0.2549097,0.2803140,0.7018688,-181.914,-107.492,-1494.958,0.4910676,3,OK,-181.700,-106.917,-1495.236,OK,-230.397,-174.878,-1439.498,OK,-168.672,-199.919,-1496.740
3,Port 0x01: JJH Probe  s/n:3E4C880C,930692542,1782737142.368673015,1,Too Few Markers,-3.697314E28,-3.697314E28,-3.697314E28,-3.697314E28,-3.697314E28,-3.697314E28,-3.697314E28,0.0000000,3,Missing,-3.697314E28,-3.697314E28,-3.697314E28,Missing,-3.697314E28,-3.697314E28,-3.697314E28,Missing,-3.697314E28,-3.697314E28,-3.697314E28,Port 0x02: JJH T tibia tracker  s/n:3E4C8800,930692542,1782737142.368673015,1,OK,0.8323891,-0.1576969,-0.1834564,0.4986019,1.023,-92.145,-1532.927,0.1567483,3,OK,1.102,-92.326,-1532.870,OK,55.385,-163.251,-1498.032,OK,-38.039,-171.765,-1546.219,Port 0x03: JJH Y femur tracker  s/n:3E4C8801,930692542,1782737142.368673015,1,OK,0.6031448,0.2550427,0.2802546,0.7018739,-181.902,-107.483,-1494.937,0.4817851,3,OK,-181.695,-106.913,-1495.208,OK,-230.371,-174.871,-1439.499,OK,-168.664,-199.913,-1496.745
3,Port 0x01: JJH Probe  s/n:3E4C880C,930692545,1782737142.418673015,1,Too Few Markers,-3.697314E28,-3.697314E28,-3.697314E28,-3.697314E28,-3.697314E28,-3.697314E28,-3.697314E28,0.0000000,3,Missing,-3.697314E28,-3.697314E28,-3.697314E28,Missing,-3.697314E28,-3.697314E28,-3.697314E28,Missing,-3.697314E28,-3.697314E28,-3.697314E28,Port 0x02: JJH T tibia tracker  s/n:3E4C8800,930692545,1782737142.418673015,1,OK,0.8324197,-0.1576340,-0.1833433,0.4986123,1.014,-92.149,-1532.953,0.1556013,3,OK,1.092,-92.327,-1532.896,OK,55.381,-163.258,-1498.073,OK,-38.051,-171.768,-1546.233,Port 0x03: JJH Y femur tracker  s/n:3E4C8801,930692545,1782737142.418673015,1,OK,0.6032248,0.2548503,0.2801290,0.7019252,-181.888,-107.493,-1494.937,0.4849318,3,OK,-181.676,-106.923,-1495.212,OK,-230.383,-174.888,-1439.519,OK,-168.659,-199.914,-1496.724
3,Port 0x01: JJH Probe  s/n:3E4C880C,930692548,1782737142.468673015,1,Too Few Markers,-3.697314E28,-3.697314E28,-3.697314E28,-3.697314E28,-3.697314E28,-3.697314E28,-3.697314E28,0.0000000,3,Missing,-3.697314E28,-3.697314E28,-3.697314E28,Missing,-3.697314E28,-3.697314E28,-3.697314E28,Missing,-3.697314E28,-3.697314E28,-3.697314E28,Port 0x02: JJH T tibia tracker  s/n:3E4C8800,930692548,1782737142.468673015,1,OK,0.8323880,-0.1578118,-0.1833010,0.4986244,0.987,-92.154,-1532.991,0.1506608,3,OK,1.058,-92.332,-1532.938,OK,55.357,-163.257,-1498.075,OK,-38.082,-171.773,-1546.250,Port 0x03: JJH Y femur tracker  s/n:3E4C8801,930692548,1782737142.468673015,1,OK,0.6031184,0.2547580,0.2804718,0.7019131,-181.960,-107.502,-1495.008,0.4987804,3,OK,-181.739,-106.920,-1495.293,OK,-230.422,-174.894,-1439.524,OK,-168.694,-199.923,-1496.753
3,Port 0x01: JJH Probe  s/n:3E4C880C,930692551,1782737142.518673015,1,Too Few Markers,-3.697314E28,-3.697314E28,-3.697314E28,-3.697314E28,-3.697314E28,-3.697314E28,-3.697314E28,0.0000000,3,Missing,-3.697314E28,-3.697314E28,-3.697314E28,Missing,-3.697314E28,-3.697314E28,-3.697314E28,Missing,-3.697314E28,-3.697314E28,-3.697314E28,Port 0x02: JJH T tibia tracker  s/n:3E4C8800,930692551,1782737142.518673015,1,OK,0.8323202,-0.1574713,-0.1839030,0.4986236,0.995,-92.156,-1532.925,0.1638482,3,OK,1.083,-92.346,-1532.862,OK,55.372,-163.259,-1498.053,OK,-38.055,-171.783,-1546.312,Port 0x03: JJH Y femur tracker  s/n:3E4C8801,930692551,1782737142.518673015,1,OK,0.6031334,0.2550725,0.2802508,0.7018743,-181.921,-107.493,-1494.955,0.4905776,3,OK,-181.709,-106.916,-1495.231,OK,-230.396,-174.890,-1439.510,OK,-168.680,-199.925,-1496.771
3,Port 0x01: JJH Probe  s/n:3E4C880C,930692554,1782737142.568673015,1,Too Few Markers,-3.697314E28,-3.697314E28,-3.697314E28,-3.697314E28,-3.697314E28,-3.697314E28,-3.697314E28,0.0000000,3,Missing,-3.697314E28,-3.697314E28,-3.697314E28,Missing,-3.697314E28,-3.697314E28,-3.697314E28,Missing,-3.697314E28,-3.697314E28,-3.697314E28,Port 0x02: JJH T tibia tracker  s/n:3E4C8800,930692554,1782737142.568673015,1,OK,0.8323061,-0.1580063,-0.1836244,0.4985807,1.040,-92.169,-1533.027,0.1494095,3,OK,1.109,-92.351,-1532.974,OK,55.401,-163.268,-1498.060,OK,-38.029,-171.787,-1546.322,Port 0x03: JJH Y femur tracker  s/n:3E4C8801,930692554,1782737142.568673015,1,OK,0.6031720,0.2549063,0.2802240,0.7019123,-181.889,-107.497,-1494.967,0.4877792,3,OK,-181.680,-106.920,-1495.241,OK,-230.367,-174.890,-1439.535,OK,-168.650,-199.928,-1496.755
3,Port 0x01: JJH Probe  s/n:3E4C880C,930692557,1782737142.618673015,1,Too Few Markers,-3.697314E28,-3.697314E28,-3.697314E28,-3.697314E28,-3.697314E28,-3.697314E28,-3.697314E28,0.0000000,3,Missing,-3.697314E28,-3.697314E28,-3.697314E28,Missing,-3.697314E28,-3.697314E28,-3.697314E28,Missing,-3.697314E28,-3.697314E28,-3.697314E28,Port 0x02: JJH T tibia tracker  s/n:3E4C8800,930692557,1782737142.618673015,1,OK,0.8323661,-0.1575478,-0.1836929,0.4986003,0.991,-92.141,-1532.941,0.1495560,3,OK,1.069,-92.316,-1532.884,OK,55.372,-163.257,-1498.057,OK,-38.074,-171.765,-1546.290,Port 0x03: JJH Y femur tracker  s/n:3E4C8801,930692557,1782737142.618673015,1,OK,0.6031604,0.2549281,0.2803319,0.7018712,-181.928,-107.490,-1494.985,0.4895633,3,OK,-181.713,-106.917,-1495.264,OK,-230.404,-174.878,-1439.525,OK,-168.684,-199.913,-1496.768
3,Port 0x01: JJH Probe  s/n:3E4C880C,930692560,1782737142.668673015,1,Too Few Markers,-3.697314E28,-3.697314E28,-3.697314E28,-3.697314E28,-3.697314E28,-3.697314E28,-3.697314E28,0.0000000,3,Missing,-3.697314E28,-3.697314E28,-3.697314E28,Missing,-3.697314E28,-3.697314E28,-3.697314E28,Missing,-3.697314E28,-3.697314E28,-3.697314E28,Port 0x02: JJH T tibia tracker  s/n:3E4C8800,930692560,1782737142.668673015,1,OK,0.8324005,-0.1575366,-0.1834943,0.4986195,0.992,-92.163,-1532.954,0.1509135,3,OK,1.069,-92.337,-1532.898,OK,55.370,-163.278,-1498.082,OK,-38.069,-171.785,-1546.268,Port 0x03: JJH Y femur tracker  s/n:3E4C8801,930692560,1782737142.668673015,1,OK,0.6031634,0.2549471,0.2801446,0.7019365,-181.923,-107.501,-1494.952,0.4921539,3,OK,-181.709,-106.922,-1495.231,OK,-230.411,-174.906,-1439.527,OK,-168.683,-199.929,-1496.759
3,Port 0x01: JJH Probe  s/n:3E4C880C,930692563,1782737142.718673015,1,Too Few Markers,-3.697314E28,-3.697314E28,-3.697314E28,-3.697314E28,-3.697314E28,-3.697314E28,-3.697314E28,0.0000000,3,Missing,-3.697314E28,-3.697314E28,-3.697314E28,Missing,-3.697314E28,-3.697314E28,-3.697314E28,Missing,-3.697314E28,-3.697314E28,-3.697314E28,Port 0x02: JJH T tibia tracker  s/n:3E4C8800,930692563,1782737142.718673015,1,OK,0.8323207,-0.1579366,-0.1837375,0.4985367,1.013,-92.145,-1532.967,0.1447347,3,OK,1.086,-92.318,-1532.913,OK,55.374,-163.254,-1498.007,OK,-38.067,-171.768,-1546.292,Port 0x03: JJH Y femur tracker  s/n:3E4C8801,930692563,1782737142.718673015,1,OK,0.6031425,0.2549380,0.2803255,0.7018856,-181.924,-107.493,-1494.985,0.4903802,3,OK,-181.708,-106.922,-1495.264,OK,-230.402,-174.884,-1439.521,OK,-168.672,-199.916,-1496.776
3,Port 0x01: JJH Probe  s/n:3E4C880C,930692566,1782737142.768673015,1,Too Few Markers,-3.697314E28,-3.697314E28,-3.697314E28,-3.697314E28,-3.697314E28,-3.697314E28,-3.697314E28,0.0000000,3,Missing,-3.697314E28,-3.697314E28,-3.697314E28,Missing,-3.697314E28,-3.697314E28,-3.697314E28,Missing,-3.697314E28,-3.697314E28,-3.697314E28,Port 0x02: JJH T tibia tracker  s/n:3E4C8800,930692566,1782737142.768673015,1,OK,0.8324037,-0.1573588,-0.1834895,0.4986722,0.989,-92.156,-1532.924,0.1587716,3,OK,1.065,-92.343,-1532.867,OK,55.380,-163.269,-1498.085,OK,-38.057,-171.773,-1546.249,Port 0x03: JJH Y femur tracker  s/n:3E4C8801,930692566,1782737142.768673015,1,OK,0.6032230,0.2548760,0.2800565,0.7019463,-181.917,-107.493,-1494.956,0.4912166,3,OK,-181.704,-106.915,-1495.233,OK,-230.423,-174.895,-1439.545,OK,-168.683,-199.924,-1496.761
3,Port 0x01: JJH Probe  s/n:3E4C880C,930692569,1782737142.818673015,1,Too Few Markers,-3.697314E28,-3.697314E28,-3.697314E28,-3.697314E28,-3.697314E28,-3.697314E28,-3.697314E28,0.0000000,3,Missing,-3.697314E28,-3.697314E28,-3.697314E28,Missing,-3.697314E28,-3.697314E28,-3.697314E28,Missing,-3.697314E28,-3.697314E28,-3.697314E28,Port 0x02: JJH T tibia tracker  s/n:3E4C8800,930692569,1782737142.818673015,1,OK,0.8323424,-0.1577758,-0.1835619,0.4986161,1.006,-92.158,-1532.972,0.1482346,3,OK,1.077,-92.335,-1532.919,OK,55.378,-163.266,-1498.051,OK,-38.054,-171.779,-1546.275,Port 0x03: JJH Y femur tracker  s/n:3E4C8801,930692569,1782737142.818673015,1,OK,0.6031432,0.2549059,0.2802994,0.7019071,-181.921,-107.505,-1494.992,0.4907345,3,OK,-181.707,-106.929,-1495.270,OK,-230.397,-174.898,-1439.539,OK,-168.670,-199.932,-1496.779
3,Port 0x01: JJH Probe  s/n:3E4C880C,930692572,1782737142.868673015,1,Too Few Markers,-3.697314E28,-3.697314E28,-3.697314E28,-3.697314E28,-3.697314E28,-3.697314E28,-3.697314E28,0.0000000,3,Missing,-3.697314E28,-3.697314E28,-3.697314E28,Missing,-3.697314E28,-3.697314E28,-3.697314E28,Missing,-3.697314E28,-3.697314E28,-3.697314E28,Port 0x02: JJH T tibia tracker  s/n:3E4C8800,930692572,1782737142.868673015,1,OK,0.8323898,-0.1572914,-0.1837622,0.4986162,0.990,-92.149,-1532.923,0.1498160,3,OK,1.075,-92.318,-1532.863,OK,55.382,-163.273,-1498.085,OK,-38.070,-171.781,-1546.306,Port 0x03: JJH Y femur tracker  s/n:3E4C8801,930692572,1782737142.868673015,1,OK,0.6032249,0.2549315,0.2799034,0.7019855,-181.899,-107.484,-1494.930,0.4879659,3,OK,-181.689,-106.906,-1495.204,OK,-230.410,-174.897,-1439.552,OK,-168.675,-199.916,-1496.758
3,Port 0x01: JJH Probe  s/n:3E4C880C,930692575,1782737142.918673015,1,Too Few Markers,-3.697314E28,-3.697314E28,-3.697314E28,-3.697314E28,-3.697314E28,-3.697314E28,-3.697314E28,0.0000000,3,Missing,-3.697314E28,-3.697314E28,-3.697314E28,Missing,-3.697314E28,-3.697314E28,-3.697314E28,Missing,-3.697314E28,-3.697314E28,-3.697314E28,Port 0x02: JJH T tibia tracker  s/n:3E4C8800,930692575,1782737142.918673015,1,OK,0.8323499,-0.1574321,-0.1837769,0.4986330,0.997,-92.156,-1532.901,0.1549671,3,OK,1.081,-92.335,-1532.841,OK,55.385,-163.267,-1498.036,OK,-38.060,-171.785,-1546.273,Port 0x03: JJH Y femur tracker  s/n:3E4C8801,930692575,1782737142.918673015,1,OK,0.6031600,0.2548875,0.2801180,0.7019717,-181.919,-107.498,-1494.941,0.4867233,3,OK,-181.711,-106.920,-1495.214,OK,-230.402,-174.900,-1439.531,OK,-168.675,-199.930,-1496.743
3,Port 0x01: JJH Probe  s/n:3E4C880C,930692578,1782737142.968673014,1,Too Few Markers,-3.697314E28,-3.697314E28,-3.697314E28,-3.697314E28,-3.697314E28,-3.697314E28,-3.697314E28,0.0000000,3,Missing,-3.697314E28,-3.697314E28,-3.697314E28,Missing,-3.697314E28,-3.697314E28,-3.697314E28,Missing,-3.697314E28,-3.697314E28,-3.697314E28,Port 0x02: JJH T tibia tracker  s/n:3E4C8800,930692578,1782737142.968673014,1,OK,0.8323344,-0.1576858,-0.1837113,0.4986029,1.003,-92.162,-1532.997,0.1462183,3,OK,1.079,-92.335,-1532.942,OK,55.381,-163.274,-1498.085,OK,-38.062,-171.789,-1546.336,Port 0x03: JJH Y femur tracker  s/n:3E4C8801,930692578,1782737142.968673014,1,OK,0.6031988,0.2547768,0.2801428,0.7019686,-181.919,-107.507,-1494.983,0.4853303,3,OK,-181.710,-106.932,-1495.256,OK,-230.409,-174.900,-1439.567,OK,-168.674,-199.935,-1496.765
3,Port 0x01: JJH Probe  s/n:3E4C880C,930692581,1782737143.018673014,1,Too Few Markers,-3.697314E28,-3.697314E28,-3.697314E28,-3.697314E28,-3.697314E28,-3.697314E28,-3.697314E28,0.0000000,3,Missing,-3.697314E28,-3.697314E28,-3.697314E28,Missing,-3.697314E28,-3.697314E28,-3.697314E28,Missing,-3.697314E28,-3.697314E28,-3.697314E28,Port 0x02: JJH T tibia tracker  s/n:3E4C8800,930692581,1782737143.018673014,1,OK,0.8323975,-0.1575722,-0.1835968,0.4985757,0.987,-92.156,-1532.943,0.1497575,3,OK,1.061,-92.335,-1532.888,OK,55.366,-163.276,-1498.057,OK,-38.084,-171.772,-1546.275,Port 0x03: JJH Y femur tracker  s/n:3E4C8801,930692581,1782737143.018673014,1,OK,0.6031592,0.2550290,0.2803235,0.7018389,-181.939,-107.506,-1494.975,0.4955876,3,OK,-181.722,-106.929,-1495.257,OK,-230.422,-174.898,-1439.507,OK,-168.697,-199.935,-1496.777
3,Port 0x01: JJH Probe  s/n:3E4C880C,930692584,1782737143.068673014,1,Too Few Markers,-3.697314E28,-3.697314E28,-3.697314E28,-3.697314E28,-3.697314E28,-3.697314E28,-3.697314E28,0.0000000,3,Missing,-3.697314E28,-3.697314E28,-3.697314E28,Missing,-3.697314E28,-3.697314E28,-3.697314E28,Missing,-3.697314E28,-3.697314E28,-3.697314E28,Port 0x02: JJH T tibia tracker  s/n:3E4C8800,930692584,1782737143.068673014,1,OK,0.8323249,-0.1574918,-0.1839043,0.4986089,0.983,-92.154,-1532.949,0.1490149,3,OK,1.063,-92.327,-1532.891,OK,55.367,-163.271,-1498.067,OK,-38.071,-171.783,-1546.335,Port 0x03: JJH Y femur tracker  s/n:3E4C8801,930692584,1782737143.068673014,1,OK,0.6031926,0.2548899,0.2801810,0.7019176,-181.928,-107.505,-1495.004,0.4933172,3,OK,-181.714,-106.925,-1495.283,OK,-230.422,-174.901,-1439.568,OK,-168.687,-199.934,-1496.798
3,Port 0x01: JJH Probe  s/n:3E4C880C,930692587,1782737143.118673014,1,Too Few Markers,-3.697314E28,-3.697314E28,-3.697314E28,-3.697314E28,-3.697314E28,-3.697314E28,-3.697314E28,0.0000000,3,Missing,-3.697314E28,-3.697314E28,-3.697314E28,Missing,-3.697314E28,-3.697314E28,-3.697314E28,Missing,-3.697314E28,-3.697314E28,-3.697314E28,Port 0x02: JJH T tibia tracker  s/n:3E4C8800,930692587,1782737143.118673014,1,OK,0.8323907,-0.1577148,-0.1835940,0.4985429,1.022,-92.158,-1532.965,0.1439166,3,OK,1.096,-92.328,-1532.912,OK,55.391,-163.279,-1498.054,OK,-38.057,-171.778,-1546.286,Port 0x03: JJH Y femur tracker  s/n:3E4C8801,930692587,1782737143.118673014,1,OK,0.6032330,0.2548423,0.2798572,0.7020294,-181.894,-107.499,-1494.943,0.4758623,3,OK,-181.692,-106.932,-1495.208,OK,-230.404,-174.902,-1439.583,OK,-168.663,-199.931,-1496.766
3,Port 0x01: JJH Probe  s/n:3E4C880C,930692590,1782737143.168673014,1,Too Few Markers,-3.697314E28,-3.697314E28,-3.697314E28,-3.697314E28,-3.697314E28,-3.697314E28,-3.697314E28,0.0000000,3,Missing,-3.697314E28,-3.697314E28,-3.697314E28,Missing,-3.697314E28,-3.697314E28,-3.697314E28,Missing,-3.697314E28,-3.697314E28,-3.697314E28,Port 0x02: JJH T tibia tracker  s/n:3E4C8800,930692590,1782737143.168673014,1,OK,0.8324005,-0.1577577,-0.1835708,0.4985216,1.010,-92.159,-1532.956,0.1470423,3,OK,1.082,-92.333,-1532.902,OK,55.367,-163.281,-1498.041,OK,-38.068,-171.774,-1546.267,Port 0x03: JJH Y femur tracker  s/n:3E4C8801,930692590,1782737143.168673014,1,OK,0.6031824,0.2551283,0.2799700,0.7019241,-181.912,-107.500,-1494.951,0.4831810,3,OK,-181.705,-106.930,-1495.221,OK,-230.416,-174.906,-1439.554,OK,-168.684,-199.936,-1496.809
3,Port 0x01: JJH Probe  s/n:3E4C880C,930692593,1782737143.218673014,1,Too Few Markers,-3.697314E28,-3.697314E28,-3.697314E28,-3.697314E28,-3.697314E28,-3.697314E28,-3.697314E28,0.0000000,3,Missing,-3.697314E28,-3.697314E28,-3.697314E28,Missing,-3.697314E28,-3.697314E28,-3.697314E28,Missing,-3.697314E28,-3.697314E28,-3.697314E28,Port 0x02: JJH T tibia tracker  s/n:3E4C8800,930692593,1782737143.218673014,1,OK,0.8323336,-0.1575754,-0.1837960,0.4986079,0.989,-92.154,-1532.945,0.1506402,3,OK,1.066,-92.333,-1532.889,OK,55.369,-163.268,-1498.052,OK,-38.066,-171.777,-1546.305,Port 0x03: JJH Y femur tracker  s/n:3E4C8801,930692593,1782737143.218673014,1,OK,0.6032093,0.2547623,0.2802403,0.7019260,-181.936,-107.513,-1494.992,0.4901430,3,OK,-181.720,-106.941,-1495.272,OK,-230.430,-174.902,-1439.547,OK,-168.689,-199.934,-1496.762
3,Port 0x01: JJH Probe  s/n:3E4C880C,930692596,1782737143.268673014,1,Too Few Markers,-3.697314E28,-3.697314E28,-3.697314E28,-3.697314E28,-3.697314E28,-3.697314E28,-3.697314E28,0.0000000,3,Missing,-3.697314E28,-3.697314E28,-3.697314E28,Missing,-3.697314E28,-3.697314E28,-3.697314E28,Missing,-3.697314E28,-3.697314E28,-3.697314E28,Port 0x02: JJH T tibia tracker  s/n:3E4C8800,930692596,1782737143.268673014,1,OK,0.8324022,-0.1570346,-0.1839174,0.4986191,0.978,-92.157,-1532.901,0.1580282,3,OK,1.070,-92.331,-1532.837,OK,55.369,-163.287,-1498.110,OK,-38.068,-171.788,-1546.328,Port 0x03: JJH Y femur tracker  s/n:3E4C8801,930692596,1782737143.268673014,1,OK,0.6031892,0.2550782,0.2801163,0.7018780,-181.921,-107.511,-1494.981,0.4929733,3,OK,-181.706,-106.934,-1495.260,OK,-230.422,-174.913,-1439.550,OK,-168.691,-199.943,-1496.813
3,Port 0x01: JJH Probe  s/n:3E4C880C,930692599,1782737143.318673014,1,Too Few Markers,-3.697314E28,-3.697314E28,-3.697314E28,-3.697314E28,-3.697314E28,-3.697314E28,-3.697314E28,0.0000000,3,Missing,-3.697314E28,-3.697314E28,-3.697314E28,Missing,-3.697314E28,-3.697314E28,-3.697314E28,Missing,-3.697314E28,-3.697314E28,-3.697314E28,Port 0x02: JJH T tibia tracker  s/n:3E4C8800,930692599,1782737143.318673014,1,OK,0.8323940,-0.1579720,-0.1832890,0.4985681,1.009,-92.171,-1533.004,0.1475032,3,OK,1.077,-92.348,-1532.952,OK,55.368,-163.277,-1498.057,OK,-38.074,-171.785,-1546.250,Port 0x03: JJH Y femur tracker  s/n:3E4C8801,930692599,1782737143.318673014,1,OK,0.6031725,0.2548889,0.2803837,0.7018544,-181.936,-107.516,-1495.006,0.4980821,3,OK,-181.718,-106.934,-1495.289,OK,-230.414,-174.904,-1439.531,OK,-168.691,-199.944,-1496.775
3,Port 0x01: JJH Probe  s/n:3E4C880C,930692602,1782737143.368673014,1,Too Few Markers,-3.697314E28,-3.697314E28,-3.697314E28,-3.697314E28,-3.697314E28,-3.697314E28,-3.697314E28,0.0000000,3,Missing,-3.697314E28,-3.697314E28,-3.697314E28,Missing,-3.697314E28,-3.697314E28,-3.697314E28,Missing,-3.697314E28,-3.697314E28,-3.697314E28,Port 0x02: JJH T tibia tracker  s/n:3E4C8800,930692602,1782737143.368673014,1,OK,0.8323146,-0.1574968,-0.1839686,0.4986008,1.005,-92.165,-1532.926,0.1517565,3,OK,1.087,-92.343,-1532.867,OK,55.391,-163.279,-1498.038,OK,-38.054,-171.793,-1546.324,Port 0x03: JJH Y femur tracker  s/n:3E4C8801,930692602,1782737143.368673014,1,OK,0.6032396,0.2547108,0.2801116,0.7019700,-181.910,-107.511,-1495.005,0.4903126,3,OK,-181.697,-106.932,-1495.283,OK,-230.410,-174.907,-1439.593,OK,-168.673,-199.938,-1496.775
3,Port 0x01: JJH Probe  s/n:3E4C880C,930692605,1782737143.418673014,1,Too Few Markers,-3.697314E28,-3.697314E28,-3.697314E28,-3.697314E28,-3.697314E28,-3.697314E28,-3.697314E28,0.0000000,3,Missing,-3.697314E28,-3.697314E28,-3.697314E28,Missing,-3.697314E28,-3.697314E28,-3.697314E28,Missing,-3.697314E28,-3.697314E28,-3.697314E28,Port 0x02: JJH T tibia tracker  s/n:3E4C8800,930692605,1782737143.418673014,1,OK,0.8323811,-0.1572012,-0.1840179,0.4985649,0.976,-92.161,-1532.915,0.1603829,3,OK,1.068,-92.341,-1532.851,OK,55.357,-163.286,-1498.089,OK,-38.085,-171.788,-1546.350,Port 0x03: JJH Y femur tracker  s/n:3E4C8801,930692605,1782737143.418673014,1,OK,0.6031710,0.2548344,0.2802934,0.7019115,-181.946,-107.519,-1495.010,0.4960341,3,OK,-181.729,-106.940,-1495.292,OK,-230.433,-174.913,-1439.552,OK,-168.695,-199.945,-1496.786
3,Port 0x01: JJH Probe  s/n:3E4C880C,930692608,1782737143.468673014,1,Too Few Markers,-3.697314E28,-3.697314E28,-3.697314E28,-3.697314E28,-3.697314E28,-3.697314E28,-3.697314E28,0.0000000,3,Missing,-3.697314E28,-3.697314E28,-3.697314E28,Missing,-3.697314E28,-3.697314E28,-3.697314E28,Missing,-3.697314E28,-3.697314E28,-3.697314E28,Port 0x02: JJH T tibia tracker  s/n:3E4C8800,930692608,1782737143.468673014,1,OK,0.8323415,-0.1578323,-0.1835751,0.4985948,0.970,-92.169,-1533.002,0.1397153,3,OK,1.035,-92.339,-1532.953,OK,55.347,-163.283,-1498.065,OK,-38.097,-171.788,-1546.305,Port 0x03: JJH Y femur tracker  s/n:3E4C8801,930692608,1782737143.468673014,1,OK,0.6031710,0.2550098,0.2802704,0.7018571,-181.959,-107.515,-1494.995,0.4897838,3,OK,-181.746,-106.942,-1495.273,OK,-230.445,-174.904,-1439.540,OK,-168.719,-199.943,-1496.800
3,Port 0x01: JJH Probe  s/n:3E4C880C,930692611,1782737143.518673014,1,Too Few Markers,-3.697314E28,-3.697314E28,-3.697314E28,-3.697314E28,-3.697314E28,-3.697314E28,-3.697314E28,0.0000000,3,Missing,-3.697314E28,-3.697314E28,-3.697314E28,Missing,-3.697314E28,-3.697314E28,-3.697314E28,Missing,-3.697314E28,-3.697314E28,-3.697314E28,Port 0x02: JJH T tibia tracker  s/n:3E4C8800,930692611,1782737143.518673014,1,OK,0.8323460,-0.1575597,-0.1838612,0.4985680,0.990,-92.161,-1532.929,0.1482903,3,OK,1.066,-92.338,-1532.873,OK,55.371,-163.282,-1498.034,OK,-38.077,-171.782,-1546.306,Port 0x03: JJH Y femur tracker  s/n:3E4C8801,930692611,1782737143.518673014,1,OK,0.6031853,0.2548923,0.2801407,0.7019392,-181.921,-107.508,-1494.977,0.4931394,3,OK,-181.708,-106.927,-1495.255,OK,-230.414,-174.910,-1439.553,OK,-168.681,-199.940,-1496.776
3,Port 0x01: JJH Probe  s/n:3E4C880C,930692614,1782737143.568673014,1,Too Few Markers,-3.697314E28,-3.697314E28,-3.697314E28,-3.697314E28,-3.697314E28,-3.697314E28,-3.697314E28,0.0000000,3,Missing,-3.697314E28,-3.697314E28,-3.697314E28,Missing,-3.697314E28,-3.697314E28,-3.697314E28,Missing,-3.697314E28,-3.697314E28,-3.697314E28,Port 0x02: JJH T tibia tracker  s/n:3E4C8800,930692614,1782737143.568673014,1,OK,0.8323504,-0.1578059,-0.1835728,0.4985891,1.000,-92.167,-1532.981,0.1475383,3,OK,1.069,-92.346,-1532.928,OK,55.371,-163.277,-1498.052,OK,-38.068,-171.784,-1546.286,Port 0x03: JJH Y femur tracker  s/n:3E4C8801,930692614,1782737143.568673014,1,OK,0.6031887,0.2549695,0.2801253,0.7019144,-181.930,-107.510,-1494.978,0.4899281,3,OK,-181.719,-106.932,-1495.253,OK,-230.426,-174.907,-1439.554,OK,-168.693,-199.944,-1496.792
3,Port 0x01: JJH Probe  s/n:3E4C880C,930692617,1782737143.618673014,1,Too Few Markers,-3.697314E28,-3.697314E28,-3.697314E28,-3.697314E28,-3.697314E28,-3.697314E28,-3.697314E28,0.0000000,3,Missing,-3.697314E28,-3.697314E28,-3.697314E28,Missing,-3.697314E28,-3.697314E28,-3.697314E28,Missing,-3.697314E28,-3.697314E28,-3.697314E28,Port 0x02: JJH T tibia tracker  s/n:3E4C8800,930692617,1782737143.618673014,1,OK,0.8323574,-0.1574627,-0.1837825,0.4986087,0.978,-92.165,-1532.955,0.1500382,3,OK,1.058,-92.339,-1532.897,OK,55.361,-163.283,-1498.084,OK,-38.080,-171.792,-1546.325,Port 0x03: JJH Y femur tracker  s/n:3E4C8801,930692617,1782737143.618673014,1,OK,0.6031728,0.2549280,0.2802800,0.7018813,-181.944,-107.509,-1495.010,0.4961769,3,OK,-181.729,-106.926,-1495.290,OK,-230.427,-174.902,-1439.557,OK,-168.701,-199.941,-1496.798
3,Port 0x01: JJH Probe  s/n:3E4C880C,930692620,1782737143.668673014,1,Too Few Markers,-3.697314E28,-3.697314E28,-3.697314E28,-3.697314E28,-3.697314E28,-3.697314E28,-3.697314E28,0.0000000,3,Missing,-3.697314E28,-3.697314E28,-3.697314E28,Missing,-3.697314E28,-3.697314E28,-3.697314E28,Missing,-3.697314E28,-3.697314E28,-3.697314E28,Port 0x02: JJH T tibia tracker  s/n:3E4C8800,930692620,1782737143.668673014,1,OK,0.8323294,-0.1576212,-0.1838312,0.4985873,0.987,-92.166,-1532.955,0.1503968,3,OK,1.062,-92.347,-1532.899,OK,55.366,-163.280,-1498.050,OK,-38.075,-171.786,-1546.320,Port 0x03: JJH Y femur tracker  s/n:3E4C8801,930692620,1782737143.668673014,1,OK,0.6031703,0.2550846,0.2800741,0.7019088,-181.929,-107.506,-1494.968,0.4879748,3,OK,-181.718,-106.934,-1495.243,OK,-230.428,-174.910,-1439.549,OK,-168.695,-199.938,-1496.808
3,Port 0x01: JJH Probe  s/n:3E4C880C,930692623,1782737143.718673014,1,Too Few Markers,-3.697314E28,-3.697314E28,-3.697314E28,-3.697314E28,-3.697314E28,-3.697314E28,-3.697314E28,0.0000000,3,Missing,-3.697314E28,-3.697314E28,-3.697314E28,Missing,-3.697314E28,-3.697314E28,-3.697314E28,Missing,-3.697314E28,-3.697314E28,-3.697314E28,Port 0x02: JJH T tibia tracker  s/n:3E4C8800,930692623,1782737143.718673014,1,OK,0.8323613,-0.1574252,-0.1838371,0.4985939,0.963,-92.168,-1532.940,0.1542062,3,OK,1.046,-92.349,-1532.881,OK,55.348,-163.286,-1498.073,OK,-38.100,-171.792,-1546.325,Port 0x03: JJH Y femur tracker  s/n:3E4C8801,930692623,1782737143.718673014,1,OK,0.6031475,0.2549117,0.2803063,0.7018985,-181.968,-107.516,-1495.006,0.4945370,3,OK,-181.753,-106.936,-1495.286,OK,-230.447,-174.909,-1439.548,OK,-168.716,-199.946,-1496.793
3,Port 0x01: JJH Probe  s/n:3E4C880C,930692626,1782737143.768673014,1,Too Few Markers,-3.697314E28,-3.697314E28,-3.697314E28,-3.697314E28,-3.697314E28,-3.697314E28,-3.697314E28,0.0000000,3,Missing,-3.697314E28,-3.697314E28,-3.697314E28,Missing,-3.697314E28,-3.697314E28,-3.697314E28,Missing,-3.697314E28,-3.697314E28,-3.697314E28,Port 0x02: JJH T tibia tracker  s/n:3E4C8800,930692626,1782737143.768673014,1,OK,0.8323595,-0.1575255,-0.1838398,0.4985643,0.993,-92.163,-1532.930,0.1486051,3,OK,1.070,-92.340,-1532.874,OK,55.374,-163.285,-1498.042,OK,-38.076,-171.784,-1546.308,Port 0x03: JJH Y femur tracker  s/n:3E4C8801,930692626,1782737143.768673014,1,OK,0.6032151,0.2548986,0.2801188,0.7019200,-181.928,-107.511,-1494.996,0.4915363,3,OK,-181.714,-106.934,-1495.274,OK,-230.431,-174.907,-1439.571,OK,-168.691,-199.942,-1496.800
3,Port 0x01: JJH Probe  s/n:3E4C880C,930692629,1782737143.818673014,1,Too Few Markers,-3.697314E28,-3.697314E28,-3.697314E28,-3.697314E28,-3.697314E28,-3.697314E28,-3.697314E28,0.0000000,3,Missing,-3.697314E28,-3.697314E28,-3.697314E28,Missing,-3.697314E28,-3.697314E28,-3.697314E28,Missing,-3.697314E28,-3.697314E28,-3.697314E28,Port 0x02: JJH T tibia tracker  s/n:3E4C8800,930692629,1782737143.818673014,1,OK,0.8324527,-0.1576324,-0.1833679,0.4985487,1.018,-92.164,-1532.986,0.1493501,3,OK,1.090,-92.342,-1532.933,OK,55.389,-163.287,-1498.100,OK,-38.065,-171.775,-1546.278,Port 0x03: JJH Y femur tracker  s/n:3E4C8801,930692629,1782737143.818673014,1,OK,0.6032152,0.2550565,0.2799494,0.7019302,-181.900,-107.507,-1494.969,0.4830064,3,OK,-181.693,-106.937,-1495.239,OK,-230.410,-174.910,-1439.577,OK,-168.676,-199.941,-1496.815
3,Port 0x01: JJH Probe  s/n:3E4C880C,930692632,1782737143.868673014,1,Too Few Markers,-3.697314E28,-3.697314E28,-3.697314E28,-3.697314E28,-3.697314E28,-3.697314E28,-3.697314E28,0.0000000,3,Missing,-3.697314E28,-3.697314E28,-3.697314E28,Missing,-3.697314E28,-3.697314E28,-3.697314E28,Missing,-3.697314E28,-3.697314E28,-3.697314E28,Port 0x02: JJH T tibia tracker  s/n:3E4C8800,930692632,1782737143.868673014,1,OK,0.8324768,-0.1572511,-0.1833663,0.4986294,0.970,-92.153,-1532.915,0.1549028,3,OK,1.047,-92.330,-1532.858,OK,55.357,-163.281,-1498.103,OK,-38.089,-171.769,-1546.233,Port 0x03: JJH Y femur tracker  s/n:3E4C8801,930692632,1782737143.868673014,1,OK,0.6031767,0.2552120,0.2799707,0.7018983,-181.938,-107.504,-1494.982,0.4888201,3,OK,-181.732,-106.926,-1495.251,OK,-230.444,-174.910,-1439.579,OK,-168.710,-199.951,-1496.854
3,Port 0x01: JJH Probe  s/n:3E4C880C,930692635,1782737143.918673014,1,Too Few Markers,-3.697314E28,-3.697314E28,-3.697314E28,-3.697314E28,-3.697314E28,-3.697314E28,-3.697314E28,0.0000000,3,Missing,-3.697314E28,-3.697314E28,-3.697314E28,Missing,-3.697314E28,-3.697314E28,-3.697314E28,Missing,-3.697314E28,-3.697314E28,-3.697314E28,Port 0x02: JJH T tibia tracker  s/n:3E4C8800,930692635,1782737143.918673014,1,OK,0.8324268,-0.1572536,-0.1836976,0.4985901,0.974,-92.158,-1532.900,0.1609678,3,OK,1.063,-92.343,-1532.837,OK,55.362,-163.278,-1498.074,OK,-38.097,-171.780,-1546.280,Port 0x03: JJH Y femur tracker  s/n:3E4C8801,930692635,1782737143.918673014,1,OK,0.6032251,0.2547647,0.2798832,0.7020540,-181.937,-107.507,-1494.941,0.4815040,3,OK,-181.732,-106.933,-1495.210,OK,-230.446,-174.915,-1439.577,OK,-168.700,-199.938,-1496.750
3,Port 0x01: JJH Probe  s/n:3E4C880C,930692638,1782737143.968673014,1,Too Few Markers,-3.697314E28,-3.697314E28,-3.697314E28,-3.697314E28,-3.697314E28,-3.697314E28,-3.697314E28,0.0000000,3,Missing,-3.697314E28,-3.697314E28,-3.697314E28,Missing,-3.697314E28,-3.697314E28,-3.697314E28,Missing,-3.697314E28,-3.697314E28,-3.697314E28,Port 0x02: JJH T tibia tracker  s/n:3E4C8800,930692638,1782737143.968673014,1,OK,0.8323661,-0.1576342,-0.1837057,0.4985683,0.996,-92.163,-1532.969,0.1464114,3,OK,1.072,-92.335,-1532.914,OK,55.369,-163.282,-1498.069,OK,-38.073,-171.786,-1546.313,Port 0x03: JJH Y femur tracker  s/n:3E4C8801,930692638,1782737143.968673014,1,OK,0.6032355,0.2548831,0.2800023,0.7019546,-181.919,-107.511,-1494.982,0.4853468,3,OK,-181.709,-106.940,-1495.256,OK,-230.430,-174.910,-1439.582,OK,-168.688,-199.941,-1496.796
3,Port 0x01: JJH Probe  s/n:3E4C880C,930692641,1782737144.018673014,1,Too Few Markers,-3.697314E28,-3.697314E28,-3.697314E28,-3.697314E28,-3.697314E28,-3.697314E28,-3.697314E28,0.0000000,3,Missing,-3.697314E28,-3.697314E28,-3.697314E28,Missing,-3.697314E28,-3.697314E28,-3.697314E28,Missing,-3.697314E28,-3.697314E28,-3.697314E28,Port 0x02: JJH T tibia tracker  s/n:3E4C8800,930692641,1782737144.018673014,1,OK,0.8324309,-0.1575477,-0.1833956,0.4986016,0.994,-92.157,-1532.965,0.1517121,3,OK,1.073,-92.331,-1532.908,OK,55.370,-163.272,-1498.096,OK,-38.079,-171.779,-1546.266,Port 0x03: JJH Y femur tracker  s/n:3E4C8801,930692641,1782737144.018673014,1,OK,0.6032174,0.2547527,0.2801129,0.7019733,-181.937,-107.509,-1494.997,0.4908032,3,OK,-181.726,-106.927,-1495.272,OK,-230.431,-174.907,-1439.586,OK,-168.697,-199.941,-1496.774
3,Port 0x01: JJH Probe  s/n:3E4C880C,930692644,1782737144.068673014,1,Too Few Markers,-3.697314E28,-3.697314E28,-3.697314E28,-3.697314E28,-3.697314E28,-3.697314E28,-3.697314E28,0.0000000,3,Missing,-3.697314E28,-3.697314E28,-3.697314E28,Missing,-3.697314E28,-3.697314E28,-3.697314E28,Missing,-3.697314E28,-3.697314E28,-3.697314E28,Port 0x02: JJH T tibia tracker  s/n:3E4C8800,930692644,1782737144.068673014,1,OK,0.8323602,-0.1575039,-0.1837528,0.4986020,0.983,-92.163,-1532.960,0.1495168,3,OK,1.060,-92.339,-1532.904,OK,55.367,-163.281,-1498.081,OK,-38.078,-171.786,-1546.322,Port 0x03: JJH Y femur tracker  s/n:3E4C8801,930692644,1782737144.068673014,1,OK,0.6032516,0.2548004,0.2799281,0.7020003,-181.920,-107.510,-1494.953,0.4852505,3,OK,-181.711,-106.935,-1495.225,OK,-230.433,-174.914,-1439.573,OK,-168.691,-199.940,-1496.758
3,Port 0x01: JJH Probe  s/n:3E4C880C,930692647,1782737144.118673013,1,Too Few Markers,-3.697314E28,-3.697314E28,-3.697314E28,-3.697314E28,-3.697314E28,-3.697314E28,-3.697314E28,0.0000000,3,Missing,-3.697314E28,-3.697314E28,-3.697314E28,Missing,-3.697314E28,-3.697314E28,-3.697314E28,Missing,-3.697314E28,-3.697314E28,-3.697314E28,Port 0x02: JJH T tibia tracker  s/n:3E4C8800,930692647,1782737144.118673013,1,OK,0.8324108,-0.1573765,-0.1835558,0.4986304,0.972,-92.160,-1532.941,0.1521485,3,OK,1.051,-92.336,-1532.884,OK,55.360,-163.281,-1498.096,OK,-38.085,-171.782,-1546.280,Port 0x03: JJH Y femur tracker  s/n:3E4C8801,930692647,1782737144.118673013,1,OK,0.6032107,0.2547788,0.2801649,0.7019489,-181.952,-107.512,-1495.001,0.4939325,3,OK,-181.738,-106.931,-1495.280,OK,-230.450,-174.908,-1439.572,OK,-168.708,-199.942,-1496.781
3,Port 0x01: JJH Probe  s/n:3E4C880C,930692650,1782737144.168673013,1,Too Few Markers,-3.697314E28,-3.697314E28,-3.697314E28,-3.697314E28,-3.697314E28,-3.697314E28,-3.697314E28,0.0000000,3,Missing,-3.697314E28,-3.697314E28,-3.697314E28,Missing,-3.697314E28,-3.697314E28,-3.697314E28,Missing,-3.697314E28,-3.697314E28,-3.697314E28,Port 0x02: JJH T tibia tracker  s/n:3E4C8800,930692650,1782737144.168673013,1,OK,0.8323728,-0.1576572,-0.1835826,0.4985952,0.993,-92.162,-1532.973,0.1453702,3,OK,1.069,-92.333,-1532.918,OK,55.372,-163.277,-1498.072,OK,-38.079,-171.788,-1546.296,Port 0x03: JJH Y femur tracker  s/n:3E4C8801,930692650,1782737144.168673013,1,OK,0.6031623,0.2550725,0.2800782,0.7019184,-181.939,-107.511,-1494.991,0.4865359,3,OK,-181.731,-106.939,-1495.263,OK,-230.435,-174.913,-1439.573,OK,-168.702,-199.946,-1496.829
3,Port 0x01: JJH Probe  s/n:3E4C880C,930692653,1782737144.218673014,1,Too Few Markers,-3.697314E28,-3.697314E28,-3.697314E28,-3.697314E28,-3.697314E28,-3.697314E28,-3.697314E28,0.0000000,3,Missing,-3.697314E28,-3.697314E28,-3.697314E28,Missing,-3.697314E28,-3.697314E28,-3.697314E28,Missing,-3.697314E28,-3.697314E28,-3.697314E28,Port 0x02: JJH T tibia tracker  s/n:3E4C8800,930692653,1782737144.218673014,1,OK,0.8324286,-0.1577452,-0.1833379,0.4985642,1.021,-92.171,-1532.987,0.1531740,3,OK,1.092,-92.353,-1532.933,OK,55.383,-163.285,-1498.084,OK,-38.056,-171.781,-1546.260,Port 0x03: JJH Y femur tracker  s/n:3E4C8801,930692653,1782737144.218673014,1,OK,0.6032190,0.2549896,0.2798057,0.7020085,-181.909,-107.508,-1494.967,0.4793215,3,OK,-181.707,-106.936,-1495.232,OK,-230.422,-174.919,-1439.610,OK,-168.683,-199.946,-1496.819
3,Port 0x01: JJH Probe  s/n:3E4C880C,930692656,1782737144.268673014,1,Too Few Markers,-3.697314E28,-3.697314E28,-3.697314E28,-3.697314E28,-3.697314E28,-3.697314E28,-3.697314E28,0.0000000,3,Missing,-3.697314E28,-3.697314E28,-3.697314E28,Missing,-3.697314E28,-3.697314E28,-3.697314E28,Missing,-3.697314E28,-3.697314E28,-3.697314E28,Port 0x02: JJH T tibia tracker  s/n:3E4C8800,930692656,1782737144.268673014,1,OK,0.8324360,-0.1573161,-0.1836255,0.4985816,0.981,-92.158,-1532.927,0.1555190,3,OK,1.064,-92.338,-1532.867,OK,55.366,-163.283,-1498.090,OK,-38.089,-171.777,-1546.288,Port 0x03: JJH Y femur tracker  s/n:3E4C8801,930692656,1782737144.268673014,1,OK,0.6031750,0.2549815,0.2800340,0.7019582,-181.941,-107.505,-1494.972,0.4877216,3,OK,-181.734,-106.927,-1495.244,OK,-230.440,-174.908,-1439.567,OK,-168.701,-199.942,-1496.802
3,Port 0x01: JJH Probe  s/n:3E4C880C,930692659,1782737144.318673014,1,Too Few Markers,-3.697314E28,-3.697314E28,-3.697314E28,-3.697314E28,-3.697314E28,-3.697314E28,-3.697314E28,0.0000000,3,Missing,-3.697314E28,-3.697314E28,-3.697314E28,Missing,-3.697314E28,-3.697314E28,-3.697314E28,Missing,-3.697314E28,-3.697314E28,-3.697314E28,Port 0x02: JJH T tibia tracker  s/n:3E4C8800,930692659,1782737144.318673014,1,OK,0.8323500,-0.1573513,-0.1838493,0.4986317,0.955,-92.161,-1532.925,0.1563183,3,OK,1.042,-92.341,-1532.864,OK,55.348,-163.274,-1498.071,OK,-38.101,-171.790,-1546.317,Port 0x03: JJH Y femur tracker  s/n:3E4C8801,930692659,1782737144.318673014,1,OK,0.6031728,0.2549264,0.2800444,0.7019760,-181.956,-107.510,-1494.965,0.4885652,3,OK,-181.748,-106.932,-1495.238,OK,-230.454,-174.915,-1439.559,OK,-168.711,-199.946,-1496.787
3,Port 0x01: JJH Probe  s/n:3E4C880C,930692662,1782737144.368673013,1,Too Few Markers,-3.697314E28,-3.697314E28,-3.697314E28,-3.697314E28,-3.697314E28,-3.697314E28,-3.697314E28,0.0000000,3,Missing,-3.697314E28,-3.697314E28,-3.697314E28,Missing,-3.697314E28,-3.697314E28,-3.697314E28,Missing,-3.697314E28,-3.697314E28,-3.697314E28,Port 0x02: JJH T tibia tracker  s/n:3E4C8800,930692662,1782737144.368673013,1,OK,0.8323772,-0.1572823,-0.1837637,0.4986395,0.975,-92.165,-1532.910,0.1537058,3,OK,1.058,-92.344,-1532.851,OK,55.374,-163.284,-1498.071,OK,-38.081,-171.791,-1546.295,Port 0x03: JJH Y femur tracker  s/n:3E4C8801,930692662,1782737144.368673013,1,OK,0.6032147,0.2550738,0.2799347,0.7019301,-181.920,-107.511,-1494.942,0.4878739,3,OK,-181.713,-106.934,-1495.214,OK,-230.433,-174.916,-1439.550,OK,-168.696,-199.951,-1496.794
3,Port 0x01: JJH Probe  s/n:3E4C880C,930692665,1782737144.418673013,1,Too Few Markers,-3.697314E28,-3.697314E28,-3.697314E28,-3.697314E28,-3.697314E28,-3.697314E28,-3.697314E28,0.0000000,3,Missing,-3.697314E28,-3.697314E28,-3.697314E28,Missing,-3.697314E28,-3.697314E28,-3.697314E28,Missing,-3.697314E28,-3.697314E28,-3.697314E28,Port 0x02: JJH T tibia tracker  s/n:3E4C8800,930692665,1782737144.418673013,1,OK,0.8323844,-0.1573353,-0.1838650,0.4985735,0.967,-92.156,-1532.911,0.1519514,3,OK,1.054,-92.328,-1532.851,OK,55.350,-163.281,-1498.062,OK,-38.097,-171.784,-1546.309,Port 0x03: JJH Y femur tracker  s/n:3E4C8801,930692665,1782737144.418673013,1,OK,0.6032076,0.2548217,0.2802182,0.7019147,-181.957,-107.517,-1495.016,0.4910784,3,OK,-181.740,-106.944,-1495.296,OK,-230.454,-174.908,-1439.571,OK,-168.713,-199.939,-1496.797
3,Port 0x01: JJH Probe  s/n:3E4C880C,930692668,1782737144.468673014,1,Too Few Markers,-3.697314E28,-3.697314E28,-3.697314E28,-3.697314E28,-3.697314E28,-3.697314E28,-3.697314E28,0.0000000,3,Missing,-3.697314E28,-3.697314E28,-3.697314E28,Missing,-3.697314E28,-3.697314E28,-3.697314E28,Missing,-3.697314E28,-3.697314E28,-3.697314E28,Port 0x02: JJH T tibia tracker  s/n:3E4C8800,930692668,1782737144.468673014,1,OK,0.8323327,-0.1573803,-0.1840347,0.4985829,0.976,-92.164,-1532.912,0.1517138,3,OK,1.058,-92.343,-1532.853,OK,55.369,-163.287,-1498.042,OK,-38.085,-171.789,-1546.335,Port 0x03: JJH Y femur tracker  s/n:3E4C8801,930692668,1782737144.468673014,1,OK,0.6031943,0.2551234,0.2799618,0.7019188,-181.928,-107.516,-1494.980,0.4841579,3,OK,-181.719,-106.946,-1495.251,OK,-230.437,-174.920,-1439.580,OK,-168.701,-199.950,-1496.838
3,Port 0x01: JJH Probe  s/n:3E4C880C,930692671,1782737144.518673014,1,Too Few Markers,-3.697314E28,-3.697314E28,-3.697314E28,-3.697314E28,-3.697314E28,-3.697314E28,-3.697314E28,0.0000000,3,Missing,-3.697314E28,-3.697314E28,-3.697314E28,Missing,-3.697314E28,-3.697314E28,-3.697314E28,Missing,-3.697314E28,-3.697314E28,-3.697314E28,Port 0x02: JJH T tibia tracker  s/n:3E4C8800,930692671,1782737144.518673014,1,OK,0.8323875,-0.1572628,-0.1838099,0.4986115,0.980,-92.157,-1532.911,0.1504308,3,OK,1.062,-92.330,-1532.852,OK,55.375,-163.283,-1498.074,OK,-38.080,-171.784,-1546.305,Port 0x03: JJH Y femur tracker  s/n:3E4C8801,930692671,1782737144.518673014,1,OK,0.6031960,0.2549698,0.2800412,0.7019416,-181.934,-107.523,-1494.993,0.4849016,3,OK,-181.725,-106.952,-1495.266,OK,-230.437,-174.923,-1439.585,OK,-168.698,-199.955,-1496.819
3,Port 0x01: JJH Probe  s/n:3E4C880C,930692674,1782737144.568673014,1,Too Few Markers,-3.697314E28,-3.697314E28,-3.697314E28,-3.697314E28,-3.697314E28,-3.697314E28,-3.697314E28,0.0000000,3,Missing,-3.697314E28,-3.697314E28,-3.697314E28,Missing,-3.697314E28,-3.697314E28,-3.697314E28,Missing,-3.697314E28,-3.697314E28,-3.697314E28,Port 0x02: JJH T tibia tracker  s/n:3E4C8800,930692674,1782737144.568673014,1,OK,0.8324072,-0.1578611,-0.1833542,0.4985572,0.976,-92.165,-1533.010,0.1491551,3,OK,1.042,-92.347,-1532.960,OK,55.339,-163.279,-1498.082,OK,-38.102,-171.773,-1546.276,Port 0x03: JJH Y femur tracker  s/n:3E4C8801,930692674,1782737144.568673014,1,OK,0.6032472,0.2549607,0.2799277,0.7019461,-181.951,-107.508,-1494.953,0.4837494,3,OK,-181.744,-106.935,-1495.223,OK,-230.465,-174.909,-1439.568,OK,-168.729,-199.944,-1496.783
3,Port 0x01: JJH Probe  s/n:3E4C880C,930692677,1782737144.618673013,1,Too Few Markers,-3.697314E28,-3.697314E28,-3.697314E28,-3.697314E28,-3.697314E28,-3.697314E28,-3.697314E28,0.0000000,3,Missing,-3.697314E28,-3.697314E28,-3.697314E28,Missing,-3.697314E28,-3.697314E28,-3.697314E28,Missing,-3.697314E28,-3.697314E28,-3.697314E28,Port 0x02: JJH T tibia tracker  s/n:3E4C8800,930692677,1782737144.618673013,1,OK,0.8324029,-0.1578411,-0.1833663,0.4985663,0.990,-92.171,-1533.044,0.1411270,3,OK,1.051,-92.346,-1532.997,OK,55.369,-163.289,-1498.111,OK,-38.095,-171.779,-1546.318,Port 0x03: JJH Y femur tracker  s/n:3E4C8801,930692677,1782737144.618673013,1,OK,0.6031907,0.2548528,0.2802941,0.7018876,-181.957,-107.527,-1495.026,0.4938690,3,OK,-181.741,-106.948,-1495.306,OK,-230.444,-174.914,-1439.569,OK,-168.711,-199.956,-1496.804
3,Port 0x01: JJH Probe  s/n:3E4C880C,930692680,1782737144.668673013,1,Too Few Markers,-3.697314E28,-3.697314E28,-3.697314E28,-3.697314E28,-3.697314E28,-3.697314E28,-3.697314E28,0.0000000,3,Missing,-3.697314E28,-3.697314E28,-3.697314E28,Missing,-3.697314E28,-3.697314E28,-3.697314E28,Missing,-3.697314E28,-3.697314E28,-3.697314E28,Port 0x02: JJH T tibia tracker  s/n:3E4C8800,930692680,1782737144.668673013,1,OK,0.8324127,-0.1576815,-0.1834576,0.4985669,1.003,-92.168,-1532.983,0.1460364,3,OK,1.073,-92.344,-1532.931,OK,55.379,-163.289,-1498.081,OK,-38.075,-171.782,-1546.284,Port 0x03: JJH Y femur tracker  s/n:3E4C8801,930692680,1782737144.668673013,1,OK,0.6031904,0.2550496,0.2800571,0.7019110,-181.924,-107.514,-1494.998,0.4894664,3,OK,-181.713,-106.940,-1495.274,OK,-230.430,-174.916,-1439.580,OK,-168.690,-199.947,-1496.835
3,Port 0x01: JJH Probe  s/n:3E4C880C,930692683,1782737144.718673014,1,Too Few Markers,-3.697314E28,-3.697314E28,-3.697314E28,-3.697314E28,-3.697314E28,-3.697314E28,-3.697314E28,0.0000000,3,Missing,-3.697314E28,-3.697314E28,-3.697314E28,Missing,-3.697314E28,-3.697314E28,-3.697314E28,Missing,-3.697314E28,-3.697314E28,-3.697314E28,Port 0x02: JJH T tibia tracker  s/n:3E4C8800,930692683,1782737144.718673014,1,OK,0.8324338,-0.1572715,-0.1835155,0.4986399,0.960,-92.162,-1532.941,0.1586112,3,OK,1.041,-92.345,-1532.882,OK,55.350,-163.282,-1498.119,OK,-38.097,-171.781,-1546.283,Port 0x03: JJH Y femur tracker  s/n:3E4C8801,930692683,1782737144.718673014,1,OK,0.6032064,0.2548521,0.2800418,0.7019751,-181.949,-107.512,-1494.967,0.4870510,3,OK,-181.742,-106.933,-1495.239,OK,-230.448,-174.911,-1439.567,OK,-168.710,-199.947,-1496.771
3,Port 0x01: JJH Probe  s/n:3E4C880C,930692686,1782737144.768673014,1,Too Few Markers,-3.697314E28,-3.697314E28,-3.697314E28,-3.697314E28,-3.697314E28,-3.697314E28,-3.697314E28,0.0000000,3,Missing,-3.697314E28,-3.697314E28,-3.697314E28,Missing,-3.697314E28,-3.697314E28,-3.697314E28,Missing,-3.697314E28,-3.697314E28,-3.697314E28,Port 0x02: JJH T tibia tracker  s/n:3E4C8800,930692686,1782737144.768673014,1,OK,0.8324845,-0.1570956,-0.1835210,0.4986086,0.974,-92.172,-1532.922,0.1583577,3,OK,1.056,-92.353,-1532.863,OK,55.366,-163.304,-1498.133,OK,-38.088,-171.787,-1546.283,Port 0x03: JJH Y femur tracker  s/n:3E4C8801,930692686,1782737144.768673014,1,OK,0.6032487,0.2548096,0.2798399,0.7020347,-181.928,-107.520,-1494.959,0.4834801,3,OK,-181.723,-106.944,-1495.228,OK,-230.445,-174.929,-1439.598,OK,-168.699,-199.954,-1496.778
3,Port 0x01: JJH Probe  s/n:3E4C880C,930692689,1782737144.818673014,1,Too Few Markers,-3.697314E28,-3.697314E28,-3.697314E28,-3.697314E28,-3.697314E28,-3.697314E28,-3.697314E28,0.0000000,3,Missing,-3.697314E28,-3.697314E28,-3.697314E28,Missing,-3.697314E28,-3.697314E28,-3.697314E28,Missing,-3.697314E28,-3.697314E28,-3.697314E28,Port 0x02: JJH T tibia tracker  s/n:3E4C8800,930692689,1782737144.818673014,1,OK,0.8324210,-0.1575647,-0.1834656,0.4985870,0.984,-92.167,-1532.978,0.1496553,3,OK,1.054,-92.348,-1532.925,OK,55.368,-163.287,-1498.097,OK,-38.091,-171.779,-1546.291,Port 0x03: JJH Y femur tracker  s/n:3E4C8801,930692689,1782737144.818673014,1,OK,0.6032024,0.2550511,0.2799164,0.7019563,-181.934,-107.513,-1494.956,0.4828573,3,OK,-181.729,-106.941,-1495.224,OK,-230.444,-174.918,-1439.571,OK,-168.705,-199.951,-1496.808
3,Port 0x01: JJH Probe  s/n:3E4C880C,930692692,1782737144.868673013,1,Too Few Markers,-3.697314E28,-3.697314E28,-3.697314E28,-3.697314E28,-3.697314E28,-3.697314E28,-3.697314E28,0.0000000,3,Missing,-3.697314E28,-3.697314E28,-3.697314E28,Missing,-3.697314E28,-3.697314E28,-3.697314E28,Missing,-3.697314E28,-3.697314E28,-3.697314E28,Port 0x02: JJH T tibia tracker  s/n:3E4C8800,930692692,1782737144.868673013,1,OK,0.8323946,-0.1573428,-0.1837136,0.4986099,0.973,-92.166,-1532.923,0.1540526,3,OK,1.055,-92.346,-1532.865,OK,55.364,-163.286,-1498.076,OK,-38.090,-171.788,-1546.295,Port 0x03: JJH Y femur tracker  s/n:3E4C8801,930692692,1782737144.868673013,1,OK,0.6032290,0.2548622,0.2799259,0.7019982,-181.943,-107.523,-1494.990,0.4827927,3,OK,-181.737,-106.950,-1495.259,OK,-230.451,-174.927,-1439.612,OK,-168.711,-199.957,-1496.808
3,Port 0x01: JJH Probe  s/n:3E4C880C,930692695,1782737144.918673013,1,Too Few Markers,-3.697314E28,-3.697314E28,-3.697314E28,-3.697314E28,-3.697314E28,-3.697314E28,-3.697314E28,0.0000000,3,Missing,-3.697314E28,-3.697314E28,-3.697314E28,Missing,-3.697314E28,-3.697314E28,-3.697314E28,Missing,-3.697314E28,-3.697314E28,-3.697314E28,Port 0x02: JJH T tibia tracker  s/n:3E4C8800,930692695,1782737144.918673013,1,OK,0.8324303,-0.1568375,-0.1838203,0.4986701,0.961,-92.163,-1532.858,0.1608275,3,OK,1.050,-92.344,-1532.795,OK,55.370,-163.295,-1498.105,OK,-38.078,-171.788,-1546.286,Port 0x03: JJH Y femur tracker  s/n:3E4C8801,930692695,1782737144.918673013,1,OK,0.6031407,0.2549061,0.2802872,0.7019140,-181.954,-107.522,-1495.007,0.4947717,3,OK,-181.741,-106.941,-1495.285,OK,-230.435,-174.916,-1439.551,OK,-168.697,-199.956,-1496.799
3,Port 0x01: JJH Probe  s/n:3E4C880C,930692698,1782737144.968673014,1,Too Few Markers,-3.697314E28,-3.697314E28,-3.697314E28,-3.697314E28,-3.697314E28,-3.697314E28,-3.697314E28,0.0000000,3,Missing,-3.697314E28,-3.697314E28,-3.697314E28,Missing,-3.697314E28,-3.697314E28,-3.697314E28,Missing,-3.697314E28,-3.697314E28,-3.697314E28,Port 0x02: JJH T tibia tracker  s/n:3E4C8800,930692698,1782737144.968673014,1,OK,0.8323941,-0.1572403,-0.1839028,0.4985734,0.960,-92.162,-1532.917,0.1562691,3,OK,1.050,-92.338,-1532.854,OK,55.343,-163.288,-1498.086,OK,-38.102,-171.790,-1546.329,Port 0x03: JJH Y femur tracker  s/n:3E4C8801,930692698,1782737144.968673014,1,OK,0.6032098,0.2549072,0.2800608,0.7019446,-181.958,-107.519,-1494.994,0.4889378,3,OK,-181.748,-106.942,-1495.268,OK,-230.462,-174.918,-1439.582,OK,-168.722,-199.952,-1496.806
3,Port 0x01: JJH Probe  s/n:3E4C880C,930692701,1782737145.018673014,1,Too Few Markers,-3.697314E28,-3.697314E28,-3.697314E28,-3.697314E28,-3.697314E28,-3.697314E28,-3.697314E28,0.0000000,3,Missing,-3.697314E28,-3.697314E28,-3.697314E28,Missing,-3.697314E28,-3.697314E28,-3.697314E28,Missing,-3.697314E28,-3.697314E28,-3.697314E28,Port 0x02: JJH T tibia tracker  s/n:3E4C8800,930692701,1782737145.018673014,1,OK,0.8323736,-0.1575580,-0.1835612,0.4986330,0.992,-92.175,-1532.984,0.1455609,3,OK,1.063,-92.351,-1532.931,OK,55.388,-163.291,-1498.096,OK,-38.075,-171.796,-1546.312,Port 0x03: JJH Y femur tracker  s/n:3E4C8801,930692701,1782737145.018673014,1,OK,0.6031789,0.2548773,0.2803426,0.7018695,-181.940,-107.532,-1495.028,0.4949353,3,OK,-181.722,-106.957,-1495.310,OK,-230.430,-174.917,-1439.555,OK,-168.688,-199.958,-1496.809
3,Port 0x01: JJH Probe  s/n:3E4C880C,930692704,1782737145.068673014,1,Too Few Markers,-3.697314E28,-3.697314E28,-3.697314E28,-3.697314E28,-3.697314E28,-3.697314E28,-3.697314E28,0.0000000,3,Missing,-3.697314E28,-3.697314E28,-3.697314E28,Missing,-3.697314E28,-3.697314E28,-3.697314E28,Missing,-3.697314E28,-3.697314E28,-3.697314E28,Port 0x02: JJH T tibia tracker  s/n:3E4C8800,930692704,1782737145.068673014,1,OK,0.8323525,-0.1575412,-0.1837723,0.4985959,1.003,-92.168,-1532.982,0.1497137,3,OK,1.080,-92.347,-1532.925,OK,55.393,-163.284,-1498.091,OK,-38.066,-171.790,-1546.348,Port 0x03: JJH Y femur tracker  s/n:3E4C8801,930692704,1782737145.068673014,1,OK,0.6032093,0.2547564,0.2801467,0.7019655,-181.926,-107.521,-1495.020,0.4920524,3,OK,-181.710,-106.944,-1495.300,OK,-230.424,-174.921,-1439.596,OK,-168.683,-199.945,-1496.797
3,Port 0x01: JJH Probe  s/n:3E4C880C,930692707,1782737145.118673014,1,Too Few Markers,-3.697314E28,-3.697314E28,-3.697314E28,-3.697314E28,-3.697314E28,-3.697314E28,-3.697314E28,0.0000000,3,Missing,-3.697314E28,-3.697314E28,-3.697314E28,Missing,-3.697314E28,-3.697314E28,-3.697314E28,Missing,-3.697314E28,-3.697314E28,-3.697314E28,Port 0x02: JJH T tibia tracker  s/n:3E4C8800,930692707,1782737145.118673014,1,OK,0.8323861,-0.1571604,-0.1838707,0.4986236,0.950,-92.155,-1532.912,0.1531322,3,OK,1.040,-92.325,-1532.849,OK,55.346,-163.280,-1498.094,OK,-38.107,-171.790,-1546.325,Port 0x03: JJH Y femur tracker  s/n:3E4C8801,930692707,1782737145.118673014,1,OK,0.6031719,0.2550205,0.2801342,0.7019067,-181.971,-107.513,-1495.003,0.4879357,3,OK,-181.763,-106.939,-1495.275,OK,-230.466,-174.908,-1439.574,OK,-168.730,-199.949,-1496.828
3,Port 0x01: JJH Probe  s/n:3E4C880C,930692710,1782737145.168673014,1,Too Few Markers,-3.697314E28,-3.697314E28,-3.697314E28,-3.697314E28,-3.697314E28,-3.697314E28,-3.697314E28,0.0000000,3,Missing,-3.697314E28,-3.697314E28,-3.697314E28,Missing,-3.697314E28,-3.697314E28,-3.697314E28,Missing,-3.697314E28,-3.697314E28,-3.697314E28,Port 0x02: JJH T tibia tracker  s/n:3E4C8800,930692710,1782737145.168673014,1,OK,0.8323605,-0.1576770,-0.1835667,0.4986153,0.969,-92.176,-1532.985,0.1443723,3,OK,1.039,-92.351,-1532.933,OK,55.358,-163.290,-1498.076,OK,-38.102,-171.797,-1546.304,Port 0x03: JJH Y femur tracker  s/n:3E4C8801,930692710,1782737145.168673014,1,OK,0.6031907,0.2548384,0.2801622,0.7019455,-181.957,-107.527,-1494.984,0.4918551,3,OK,-181.741,-106.952,-1495.264,OK,-230.453,-174.927,-1439.552,OK,-168.712,-199.951,-1496.775
