Tools,Port 0x01: JJH Probe  s/n:3E4C880C,Frame,Time [sec],Face,State,Q0,Qx,Qy,Qz,Tx,Ty,Tz,Error,Markers,State,Tx,Ty,Tz,State,Tx,Ty,Tz,State,Tx,Ty,Tz,Port 0x02: JJH T tibia tracker  s/n:3E4C8800,Frame,Time [sec],Face,State,Q0,Qx,Qy,Qz,Tx,Ty,Tz,Error,Markers,State,Tx,Ty,Tz,State,Tx,Ty,Tz,State,Tx,Ty,Tz,Port 0x03: JJH Y femur tracker  s/n:3E4C8801,Frame,Time [sec],Face,State,Q0,Qx,Qy,Qz,Tx,Ty,Tz,Error,Markers,State,Tx,Ty,Tz,State,Tx,Ty,Tz,State,Tx,Ty,Tz
3,Port 0x01: JJH Probe  s/n:3E4C880C,869167735,1781711728.918581367,1,Too Few Markers,-3.697314E28,-3.697314E28,-3.697314E28,-3.697314E28,-3.697314E28,-3.697314E28,-3.697314E28,0.0000000,3,Missing,-3.697314E28,-3.697314E28,-3.697314E28,Missing,-3.697314E28,-3.697314E28,-3.697314E28,Missing,-3.697314E28,-3.697314E28,-3.697314E28,Port 0x02: JJH T tibia tracker  s/n:3E4C8800,869167735,1781711728.918581367,1,OK,0.9575368,0.0993643,-0.1071036,0.2485535,35.543,56.502,-1634.059,0.3550018,3,OK,35.754,56.150,-1634.115,OK,50.927,-35.756,-1655.027,OK,-41.258,15.677,-1656.938,Port 0x03: JJH Y femur tracker  s/n:3E4C8801,869167735,1781711728.918581367,1,OK,0.6504365,-0.4736339,-0.1944397,0.5610672,-217.712,20.541,-1658.645,0.5824822,3,OK,-217.693,20.892,-1658.906,OK,-278.841,-38.831,-1709.775,OK,-245.166,-65.254,-1632.145
3,Port 0x01: JJH Probe  s/n:3E4C880C,869167738,1781711728.968581367,1,Too Few Markers,-3.697314E28,-3.697314E28,-3.697314E28,-3.697314E28,-3.697314E28,-3.697314E28,-3.697314E28,0.0000000,3,Missing,-3.697314E28,-3.697314E28,-3.697314E28,Missing,-3.697314E28,-3.697314E28,-3.697314E28,Missing,-3.697314E28,-3.697314E28,-3.697314E28,Port 0x02: JJH T tibia tracker  s/n:3E4C8800,869167738,1781711728.968581367,1,OK,0.9575360,0.0995374,-0.1069534,0.2485520,35.576,56.501,-1634.040,0.3479597,3,OK,35.783,56.156,-1634.094,OK,50.959,-35.760,-1655.039,OK,-41.229,15.677,-1656.899,Port 0x03: JJH Y femur tracker  s/n:3E4C8801,869167738,1781711728.968581367,1,OK,0.6504839,-0.4735069,-0.1944362,0.5611207,-217.683,20.544,-1658.637,0.5608500,3,OK,-217.669,20.886,-1658.900,OK,-278.802,-38.828,-1709.732,OK,-245.136,-65.243,-1632.176
3,Port 0x01: JJH Probe  s/n:3E4C880C,869167741,1781711729.018581368,1,Too Few Markers,-3.697314E28,-3.697314E28,-3.697314E28,-3.697314E28,-3.697314E28,-3.697314E28,-3.697314E28,0.0000000,3,Missing,-3.697314E28,-3.697314E28,-3.697314E28,Missing,-3.697314E28,-3.697314E28,-3.697314E28,Missing,-3.697314E28,-3.697314E28,-3.697314E28,Port 0x02: JJH T tibia tracker  s/n:3E4C8800,869167741,1781711729.018581368,1,OK,0.9574625,0.0998749,-0.1072219,0.2485842,35.524,56.499,-1634.020,0.3424728,3,OK,35.740,56.171,-1634.069,OK,50.928,-35.755,-1655.089,OK,-41.279,15.679,-1656.943,Port 0x03: JJH Y femur tracker  s/n:3E4C8801,869167741,1781711729.018581368,1,OK,0.6504774,-0.4735268,-0.1944542,0.5611052,-217.736,20.547,-1658.650,0.5658481,3,OK,-217.716,20.900,-1658.912,OK,-278.856,-38.829,-1709.752,OK,-245.193,-65.247,-1632.189
3,Port 0x01: JJH Probe  s/n:3E4C880C,869167744,1781711729.068581368,1,Too Few Markers,-3.697314E28,-3.697314E28,-3.697314E28,-3.697314E28,-3.697314E28,-3.697314E28,-3.697314E28,0.0000000,3,Missing,-3.697314E28,-3.697314E28,-3.697314E28,Missing,-3.697314E28,-3.697314E28,-3.697314E28,Missing,-3.697314E28,-3.697314E28,-3.697314E28,Port 0x02: JJH T tibia tracker  s/n:3E4C8800,869167744,1781711729.068581368,1,OK,0.9574951,0.0994964,-0.1073605,0.2485506,35.537,56.501,-1634.029,0.3472064,3,OK,35.754,56.167,-1634.078,OK,50.932,-35.763,-1655.028,OK,-41.265,15.681,-1656.959,Port 0x03: JJH Y femur tracker  s/n:3E4C8801,869167744,1781711729.068581368,1,OK,0.6505445,-0.4734314,-0.1944054,0.5611248,-217.713,20.538,-1658.635,0.5592153,3,OK,-217.698,20.885,-1658.901,OK,-278.838,-38.826,-1709.717,OK,-245.174,-65.254,-1632.188
3,Port 0x01: JJH Probe  s/n:3E4C880C,869167747,1781711729.118581367,1,Too Few Markers,-3.697314E28,-3.697314E28,-3.697314E28,-3.697314E28,-3.697314E28,-3.697314E28,-3.697314E28,0.0000000,3,Missing,-3.697314E28,-3.697314E28,-3.697314E28,Missing,-3.697314E28,-3.697314E28,-3.697314E28,Missing,-3.697314E28,-3.697314E28,-3.697314E28,Port 0x02: JJH T tibia tracker  s/n:3E4C8800,869167747,1781711729.118581367,1,OK,0.9574883,0.0995209,-0.1072972,0.2485940,35.548,56.500,-1634.010,0.3539173,3,OK,35.766,56.156,-1634.062,OK,50.946,-35.752,-1655.010,OK,-41.250,15.671,-1656.931,Port 0x03: JJH Y femur tracker  s/n:3E4C8801,869167747,1781711729.118581367,1,OK,0.6504863,-0.4734873,-0.1945034,0.5611111,-217.709,20.546,-1658.656,0.5617705,3,OK,-217.686,20.895,-1658.911,OK,-278.831,-38.832,-1709.771,OK,-245.158,-65.245,-1632.204
3,Port 0x01: JJH Probe  s/n:3E4C880C,869167750,1781711729.168581367,1,Too Few Markers,-3.697314E28,-3.697314E28,-3.697314E28,-3.697314E28,-3.697314E28,-3.697314E28,-3.697314E28,0.0000000,3,Missing,-3.697314E28,-3.697314E28,-3.697314E28,Missing,-3.697314E28,-3.697314E28,-3.697314E28,Missing,-3.697314E28,-3.697314E28,-3.697314E28,Port 0x02: JJH T tibia tracker  s/n:3E4C8800,869167750,1781711729.168581367,1,OK,0.9574977,0.0998009,-0.1071268,0.2485190,35.566,56.497,-1633.997,0.3452851,3,OK,35.780,56.163,-1634.047,OK,50.950,-35.755,-1655.050,OK,-41.240,15.684,-1656.898,Port 0x03: JJH Y femur tracker  s/n:3E4C8801,869167750,1781711729.168581367,1,OK,0.6503999,-0.4735404,-0.1942431,0.5612567,-217.702,20.554,-1658.682,0.5696563,3,OK,-217.696,20.898,-1658.959,OK,-278.820,-38.831,-1709.724,OK,-245.145,-65.239,-1632.175
3,Port 0x01: JJH Probe  s/n:3E4C880C,869167753,1781711729.218581367,1,Too Few Markers,-3.697314E28,-3.697314E28,-3.697314E28,-3.697314E28,-3.697314E28,-3.697314E28,-3.697314E28,0.0000000,3,Missing,-3.697314E28,-3.697314E28,-3.697314E28,Missing,-3.697314E28,-3.697314E28,-3.697314E28,Missing,-3.697314E28,-3.697314E28,-3.697314E28,Port 0x02: JJH T tibia tracker  s/n:3E4C8800,869167753,1781711729.218581367,1,OK,0.9574802,0.0995727,-0.1073996,0.2485603,35.530,56.499,-1634.000,0.3544320,3,OK,35.753,56.159,-1634.050,OK,50.923,-35.750,-1655.012,OK,-41.268,15.675,-1656.941,Port 0x03: JJH Y femur tracker  s/n:3E4C8801,869167753,1781711729.218581367,1,OK,0.6503560,-0.4737290,-0.1943850,0.5610992,-217.719,20.552,-1658.641,0.5881695,3,OK,-217.703,20.901,-1658.906,OK,-278.843,-38.830,-1709.760,OK,-245.168,-65.241,-1632.111
3,Port 0x01: JJH Probe  s/n:3E4C880C,869167756,1781711729.268581368,1,Too Few Markers,-3.697314E28,-3.697314E28,-3.697314E28,-3.697314E28,-3.697314E28,-3.697314E28,-3.697314E28,0.0000000,3,Missing,-3.697314E28,-3.697314E28,-3.697314E28,Missing,-3.697314E28,-3.697314E28,-3.697314E28,Missing,-3.697314E28,-3.697314E28,-3.697314E28,Port 0x02: JJH T tibia tracker  s/n:3E4C8800,869167756,1781711729.268581368,1,OK,0.9574993,0.0997400,-0.1070683,0.2485629,35.546,56.500,-1633.973,0.3447814,3,OK,35.761,56.167,-1634.023,OK,50.937,-35.756,-1655.013,OK,-41.261,15.676,-1656.864,Port 0x03: JJH Y femur tracker  s/n:3E4C8801,869167756,1781711729.268581368,1,OK,0.6504398,-0.4735867,-0.1941700,0.5611966,-217.698,20.544,-1658.647,0.5758950,3,OK,-217.692,20.889,-1658.926,OK,-278.831,-38.829,-1709.691,OK,-245.157,-65.246,-1632.125
3,Port 0x01: JJH Probe  s/n:3E4C880C,869167759,1781711729.318581368,1,Too Few Markers,-3.697314E28,-3.697314E28,-3.697314E28,-3.697314E28,-3.697314E28,-3.697314E28,-3.697314E28,0.0000000,3,Missing,-3.697314E28,-3.697314E28,-3.697314E28,Missing,-3.697314E28,-3.697314E28,-3.697314E28,Missing,-3.697314E28,-3.697314E28,-3.697314E28,Port 0x02: JJH T tibia tracker  s/n:3E4C8800,869167759,1781711729.318581368,1,OK,0.9574779,0.0996507,-0.1073561,0.2485566,35.561,56.500,-1634.014,0.3463999,3,OK,35.783,56.172,-1634.062,OK,50.956,-35.758,-1655.043,OK,-41.242,15.678,-1656.952,Port 0x03: JJH Y femur tracker  s/n:3E4C8801,869167759,1781711729.318581368,1,OK,0.6504741,-0.4735043,-0.1943540,0.5611628,-217.689,20.555,-1658.620,0.5583556,3,OK,-217.672,20.906,-1658.887,OK,-278.809,-38.827,-1709.684,OK,-245.149,-65.234,-1632.158
3,Port 0x01: JJH Probe  s/n:3E4C880C,869167762,1781711729.368581367,1,Too Few Markers,-3.697314E28,-3.697314E28,-3.697314E28,-3.697314E28,-3.697314E28,-3.697314E28,-3.697314E28,0.0000000,3,Missing,-3.697314E28,-3.697314E28,-3.697314E28,Missing,-3.697314E28,-3.697314E28,-3.697314E28,Missing,-3.697314E28,-3.697314E28,-3.697314E28,Port 0x02: JJH T tibia tracker  s/n:3E4C8800,869167762,1781711729.368581367,1,OK,0.9575652,0.0991803,-0.1069772,0.2485721,35.538,56.514,-1634.096,0.3571753,3,OK,35.756,56.165,-1634.149,OK,50.922,-35.754,-1655.026,OK,-41.276,15.676,-1656.947,Port 0x03: JJH Y femur tracker  s/n:3E4C8801,869167762,1781711729.368581367,1,OK,0.6504099,-0.4736518,-0.1942628,0.5611443,-217.721,20.549,-1658.647,0.5746942,3,OK,-217.708,20.894,-1658.915,OK,-278.852,-38.832,-1709.723,OK,-245.177,-65.236,-1632.129
3,Port 0x01: JJH Probe  s/n:3E4C880C,869167765,1781711729.418581367,1,Too Few Markers,-3.697314E28,-3.697314E28,-3.697314E28,-3.697314E28,-3.697314E28,-3.697314E28,-3.697314E28,0.0000000,3,Missing,-3.697314E28,-3.697314E28,-3.697314E28,Missing,-3.697314E28,-3.697314E28,-3.697314E28,Missing,-3.697314E28,-3.697314E28,-3.697314E28,Port 0x02: JJH T tibia tracker  s/n:3E4C8800,869167765,1781711729.418581367,1,OK,0.9575644,0.0989286,-0.1071314,0.2486088,35.548,56.526,-1634.087,0.3582072,3,OK,35.767,56.176,-1634.140,OK,50.938,-35.749,-1654.972,OK,-41.256,15.678,-1656.954,Port 0x03: JJH Y femur tracker  s/n:3E4C8801,869167765,1781711729.418581367,1,OK,0.6504884,-0.4734982,-0.1944065,0.5611331,-217.697,20.549,-1658.596,0.5634989,3,OK,-217.679,20.896,-1658.858,OK,-278.823,-38.826,-1709.689,OK,-245.150,-65.241,-1632.130
3,Port 0x01: JJH Probe  s/n:3E4C880C,869167768,1781711729.468581367,1,Too Few Markers,-3.697314E28,-3.697314E28,-3.697314E28,-3.697314E28,-3.697314E28,-3.697314E28,-3.697314E28,0.0000000,3,Missing,-3.697314E28,-3.697314E28,-3.697314E28,Missing,-3.697314E28,-3.697314E28,-3.697314E28,Missing,-3.697314E28,-3.697314E28,-3.697314E28,Port 0x02: JJH T tibia tracker  s/n:3E4C8800,869167768,1781711729.468581367,1,OK,0.9574579,0.0998387,-0.1073343,0.2485676,35.560,56.503,-1633.942,0.3501146,3,OK,35.782,56.168,-1633.991,OK,50.959,-35.742,-1655.004,OK,-41.242,15.683,-1656.883,Port 0x03: JJH Y femur tracker  s/n:3E4C8801,869167768,1781711729.468581367,1,OK,0.6504776,-0.4734662,-0.1942646,0.5612218,-217.691,20.551,-1658.642,0.5614290,3,OK,-217.687,20.893,-1658.920,OK,-278.810,-38.822,-1709.679,OK,-245.146,-65.241,-1632.165
3,Port 0x01: JJH Probe  s/n:3E4C880C,869167771,1781711729.518581368,1,Too Few Markers,-3.697314E28,-3.697314E28,-3.697314E28,-3.697314E28,-3.697314E28,-3.697314E28,-3.697314E28,0.0000000,3,Missing,-3.697314E28,-3.697314E28,-3.697314E28,Missing,-3.697314E28,-3.697314E28,-3.697314E28,Missing,-3.697314E28,-3.697314E28,-3.697314E28,Port 0x02: JJH T tibia tracker  s/n:3E4C8800,869167771,1781711729.518581368,1,OK,0.9575008,0.0994613,-0.1071967,0.2486133,35.535,56.506,-1634.021,0.3497264,3,OK,35.748,56.165,-1634.073,OK,50.938,-35.756,-1655.009,OK,-41.265,15.674,-1656.922,Port 0x03: JJH Y femur tracker  s/n:3E4C8801,869167771,1781711729.518581368,1,OK,0.6503613,-0.4737100,-0.1943105,0.5611349,-217.707,20.555,-1658.622,0.5864672,3,OK,-217.698,20.896,-1658.892,OK,-278.833,-38.824,-1709.721,OK,-245.153,-65.234,-1632.082
3,Port 0x01: JJH Probe  s/n:3E4C880C,869167774,1781711729.568581368,1,Too Few Markers,-3.697314E28,-3.697314E28,-3.697314E28,-3.697314E28,-3.697314E28,-3.697314E28,-3.697314E28,0.0000000,3,Missing,-3.697314E28,-3.697314E28,-3.697314E28,Missing,-3.697314E28,-3.697314E28,-3.697314E28,Missing,-3.697314E28,-3.697314E28,-3.697314E28,Port 0x02: JJH T tibia tracker  s/n:3E4C8800,869167774,1781711729.568581368,1,OK,0.9575184,0.0993731,-0.1072287,0.2485670,35.519,56.516,-1634.050,0.3521367,3,OK,35.735,56.174,-1634.102,OK,50.917,-35.750,-1655.022,OK,-41.291,15.693,-1656.952,Port 0x03: JJH Y femur tracker  s/n:3E4C8801,869167774,1781711729.568581368,1,OK,0.6503743,-0.4736455,-0.1941537,0.5612286,-217.717,20.562,-1658.655,0.5848801,3,OK,-217.716,20.907,-1658.943,OK,-278.839,-38.815,-1709.691,OK,-245.170,-65.235,-1632.111
3,Port 0x01: JJH Probe  s/n:3E4C880C,869167777,1781711729.618581367,1,Too Few Markers,-3.697314E28,-3.697314E28,-3.697314E28,-3.697314E28,-3.697314E28,-3.697314E28,-3.697314E28,0.0000000,3,Missing,-3.697314E28,-3.697314E28,-3.697314E28,Missing,-3.697314E28,-3.697314E28,-3.697314E28,Missing,-3.697314E28,-3.697314E28,-3.697314E28,Port 0x02: JJH T tibia tracker  s/n:3E4C8800,869167777,1781711729.618581367,1,OK,0.9575392,0.0995235,-0.1068695,0.2485813,35.561,56.509,-1634.006,0.3507995,3,OK,35.770,56.161,-1634.060,OK,50.949,-35.750,-1654.999,OK,-41.248,15.679,-1656.851,Port 0x03: JJH Y femur tracker  s/n:3E4C8801,869167777,1781711729.618581367,1,OK,0.6504668,-0.4735361,-0.1944644,0.5611061,-217.695,20.551,-1658.607,0.5673339,3,OK,-217.679,20.894,-1658.867,OK,-278.817,-38.822,-1709.720,OK,-245.144,-65.239,-1632.136
3,Port 0x01: JJH Probe  s/n:3E4C880C,869167780,1781711729.668581367,1,Too Few Markers,-3.697314E28,-3.697314E28,-3.697314E28,-3.697314E28,-3.697314E28,-3.697314E28,-3.697314E28,0.0000000,3,Missing,-3.697314E28,-3.697314E28,-3.697314E28,Missing,-3.697314E28,-3.697314E28,-3.697314E28,Missing,-3.697314E28,-3.697314E28,-3.697314E28,Port 0x02: JJH T tibia tracker  s/n:3E4C8800,869167780,1781711729.668581367,1,OK,0.9574847,0.0995720,-0.1074116,0.2485379,35.551,56.500,-1633.984,0.3540762,3,OK,35.776,56.163,-1634.033,OK,50.942,-35.753,-1654.998,OK,-41.254,15.679,-1656.928,Port 0x03: JJH Y femur tracker  s/n:3E4C8801,869167780,1781711729.668581367,1,OK,0.6504956,-0.4734722,-0.1945325,0.5611031,-217.708,20.550,-1658.657,0.5641533,3,OK,-217.685,20.902,-1658.913,OK,-278.829,-38.826,-1709.779,OK,-245.157,-65.246,-1632.211
3,Port 0x01: JJH Probe  s/n:3E4C880C,869167783,1781711729.718581367,1,Too Few Markers,-3.697314E28,-3.697314E28,-3.697314E28,-3.697314E28,-3.697314E28,-3.697314E28,-3.697314E28,0.0000000,3,Missing,-3.697314E28,-3.697314E28,-3.697314E28,Missing,-3.697314E28,-3.697314E28,-3.697314E28,Missing,-3.697314E28,-3.697314E28,-3.697314E28,Port 0x02: JJH T tibia tracker  s/n:3E4C8800,869167783,1781711729.718581367,1,OK,0.9574502,0.0997309,-0.1074786,0.2485785,35.523,56.500,-1633.977,0.3538721,3,OK,35.749,56.164,-1634.026,OK,50.925,-35.743,-1655.021,OK,-41.275,15.676,-1656.940,Port 0x03: JJH Y femur tracker  s/n:3E4C8801,869167783,1781711729.718581367,1,OK,0.6504465,-0.4735421,-0.1943377,0.5611685,-217.725,20.557,-1658.658,0.5724549,3,OK,-217.714,20.904,-1658.930,OK,-278.846,-38.818,-1709.733,OK,-245.176,-65.239,-1632.166
3,Port 0x01: JJH Probe  s/n:3E4C880C,869167786,1781711729.768581368,1,Too Few Markers,-3.697314E28,-3.697314E28,-3.697314E28,-3.697314E28,-3.697314E28,-3.697314E28,-3.697314E28,0.0000000,3,Missing,-3.697314E28,-3.697314E28,-3.697314E28,Missing,-3.697314E28,-3.697314E28,-3.697314E28,Missing,-3.697314E28,-3.697314E28,-3.697314E28,Port 0x02: JJH T tibia tracker  s/n:3E4C8800,869167786,1781711729.768581368,1,OK,0.9574613,0.0998901,-0.1073763,0.2485158,35.527,56.494,-1633.942,0.3453138,3,OK,35.748,56.166,-1633.990,OK,50.916,-35.754,-1655.017,OK,-41.274,15.683,-1656.892,Port 0x03: JJH Y femur tracker  s/n:3E4C8801,869167786,1781711729.768581368,1,OK,0.6504660,-0.4735489,-0.1943211,0.5611459,-217.717,20.553,-1658.644,0.5700868,3,OK,-217.706,20.899,-1658.915,OK,-278.844,-38.818,-1709.720,OK,-245.175,-65.238,-1632.155
3,Port 0x01: JJH Probe  s/n:3E4C880C,869167789,1781711729.818581368,1,Too Few Markers,-3.697314E28,-3.697314E28,-3.697314E28,-3.697314E28,-3.697314E28,-3.697314E28,-3.697314E28,0.0000000,3,Missing,-3.697314E28,-3.697314E28,-3.697314E28,Missing,-3.697314E28,-3.697314E28,-3.697314E28,Missing,-3.697314E28,-3.697314E28,-3.697314E28,Port 0x02: JJH T tibia tracker  s/n:3E4C8800,869167789,1781711729.818581368,1,OK,0.9574950,0.0994090,-0.1074779,0.2485349,35.559,56.505,-1634.018,0.3529524,3,OK,35.780,56.165,-1634.068,OK,50.947,-35.753,-1655.002,OK,-41.236,15.683,-1656.964,Port 0x03: JJH Y femur tracker  s/n:3E4C8801,869167789,1781711729.818581368,1,OK,0.6504392,-0.4735379,-0.1944532,0.5611405,-217.704,20.555,-1658.648,0.5646411,3,OK,-217.687,20.902,-1658.910,OK,-278.820,-38.828,-1709.747,OK,-245.152,-65.237,-1632.180
3,Port 0x01: JJH Probe  s/n:3E4C880C,869167792,1781711729.868581367,1,Too Few Markers,-3.697314E28,-3.697314E28,-3.697314E28,-3.697314E28,-3.697314E28,-3.697314E28,-3.697314E28,0.0000000,3,Missing,-3.697314E28,-3.697314E28,-3.697314E28,Missing,-3.697314E28,-3.697314E28,-3.697314E28,Missing,-3.697314E28,-3.697314E28,-3.697314E28,Port 0x02: JJH T tibia tracker  s/n:3E4C8800,869167792,1781711729.868581367,1,OK,0.9574644,0.0996306,-0.1075093,0.2485505,35.535,56.497,-1633.999,0.3555917,3,OK,35.763,56.160,-1634.048,OK,50.930,-35.749,-1655.025,OK,-41.264,15.676,-1656.963,Port 0x03: JJH Y femur tracker  s/n:3E4C8801,869167792,1781711729.868581367,1,OK,0.6504876,-0.4734646,-0.1945229,0.5611221,-217.721,20.545,-1658.643,0.5625291,3,OK,-217.697,20.896,-1658.895,OK,-278.845,-38.835,-1709.764,OK,-245.165,-65.248,-1632.194
3,Port 0x01: JJH Probe  s/n:3E4C880C,869167795,1781711729.918581368,1,Too Few Markers,-3.697314E28,-3.697314E28,-3.697314E28,-3.697314E28,-3.697314E28,-3.697314E28,-3.697314E28,0.0000000,3,Missing,-3.697314E28,-3.697314E28,-3.697314E28,Missing,-3.697314E28,-3.697314E28,-3.697314E28,Missing,-3.697314E28,-3.697314E28,-3.697314E28,Port 0x02: JJH T tibia tracker  s/n:3E4C8800,869167795,1781711729.918581368,1,OK,0.9575105,0.0995673,-0.1071566,0.2485507,35.536,56.506,-1634.036,0.3484672,3,OK,35.757,56.174,-1634.084,OK,50.924,-35.755,-1655.045,OK,-41.275,15.680,-1656.935,Port 0x03: JJH Y femur tracker  s/n:3E4C8801,869167795,1781711729.918581368,1,OK,0.6505182,-0.4734964,-0.1946524,0.5610148,-217.733,20.545,-1658.649,0.5671905,3,OK,-217.700,20.898,-1658.891,OK,-278.861,-38.827,-1709.821,OK,-245.182,-65.248,-1632.212
3,Port 0x01: JJH Probe  s/n:3E4C880C,869167798,1781711729.968581361,1,Too Few Markers,-3.697314E28,-3.697314E28,-3.697314E28,-3.697314E28,-3.697314E28,-3.697314E28,-3.697314E28,0.0000000,3,Missing,-3.697314E28,-3.697314E28,-3.697314E28,Missing,-3.697314E28,-3.697314E28,-3.697314E28,Missing,-3.697314E28,-3.697314E28,-3.697314E28,Port 0x02: JJH T tibia tracker  s/n:3E4C8800,869167798,1781711729.968581361,1,OK,0.9574732,0.0996367,-0.1074425,0.2485431,35.546,56.498,-1633.988,0.3509143,3,OK,35.768,56.163,-1634.037,OK,50.942,-35.755,-1655.015,OK,-41.255,15.681,-1656.939,Port 0x03: JJH Y femur tracker  s/n:3E4C8801,869167798,1781711729.968581361,1,OK,0.6504471,-0.4735865,-0.1943157,0.5611380,-217.698,20.545,-1658.658,0.5728909,3,OK,-217.686,20.892,-1658.928,OK,-278.824,-38.829,-1709.736,OK,-245.156,-65.247,-1632.160
3,Port 0x01: JJH Probe  s/n:3E4C880C,869167801,1781711730.018581368,1,Too Few Markers,-3.697314E28,-3.697314E28,-3.697314E28,-3.697314E28,-3.697314E28,-3.697314E28,-3.697314E28,0.0000000,3,Missing,-3.697314E28,-3.697314E28,-3.697314E28,Missing,-3.697314E28,-3.697314E28,-3.697314E28,Missing,-3.697314E28,-3.697314E28,-3.697314E28,Port 0x02: JJH T tibia tracker  s/n:3E4C8800,869167801,1781711730.018581368,1,OK,0.9574623,0.0997116,-0.1074950,0.2485323,35.536,56.486,-1633.953,0.3528099,3,OK,35.757,56.146,-1634.004,OK,50.932,-35.760,-1654.994,OK,-41.262,15.675,-1656.916,Port 0x03: JJH Y femur tracker  s/n:3E4C8801,869167801,1781711730.018581368,1,OK,0.6505156,-0.4734162,-0.1944693,0.5611491,-217.716,20.543,-1658.640,0.5610158,3,OK,-217.696,20.892,-1658.898,OK,-278.842,-38.831,-1709.742,OK,-245.163,-65.252,-1632.193
3,Port 0x01: JJH Probe  s/n:3E4C880C,869167804,1781711730.068581368,1,Too Few Markers,-3.697314E28,-3.697314E28,-3.697314E28,-3.697314E28,-3.697314E28,-3.697314E28,-3.697314E28,0.0000000,3,Missing,-3.697314E28,-3.697314E28,-3.697314E28,Missing,-3.697314E28,-3.697314E28,-3.697314E28,Missing,-3.697314E28,-3.697314E28,-3.697314E28,Port 0x02: JJH T tibia tracker  s/n:3E4C8800,869167804,1781711730.068581368,1,OK,0.9574452,0.0998782,-0.1074605,0.2485465,35.521,56.488,-1633.928,0.3516748,3,OK,35.741,56.149,-1633.979,OK,50.925,-35.754,-1654.999,OK,-41.280,15.680,-1656.892,Port 0x03: JJH Y femur tracker  s/n:3E4C8801,869167804,1781711730.068581368,1,OK,0.6504640,-0.4735561,-0.1944424,0.5611001,-217.727,20.549,-1658.631,0.5694684,3,OK,-217.708,20.897,-1658.890,OK,-278.853,-38.826,-1709.743,OK,-245.179,-65.241,-1632.155
3,Port 0x01: JJH Probe  s/n:3E4C880C,869167807,1781711730.118581368,1,Too Few Markers,-3.697314E28,-3.697314E28,-3.697314E28,-3.697314E28,-3.697314E28,-3.697314E28,-3.697314E28,0.0000000,3,Missing,-3.697314E28,-3.697314E28,-3.697314E28,Missing,-3.697314E28,-3.697314E28,-3.697314E28,Missing,-3.697314E28,-3.697314E28,-3.697314E28,Port 0x02: JJH T tibia tracker  s/n:3E4C8800,869167807,1781711730.118581368,1,OK,0.9575161,0.0992812,-0.1072343,0.2486102,35.542,56.510,-1634.025,0.3591799,3,OK,35.760,56.158,-1634.079,OK,50.940,-35.747,-1654.978,OK,-41.258,15.673,-1656.925,Port 0x03: JJH Y femur tracker  s/n:3E4C8801,869167807,1781711730.118581368,1,OK,0.6505178,-0.4734956,-0.1945726,0.5610437,-217.708,20.544,-1658.629,0.5568781,3,OK,-217.682,20.894,-1658.879,OK,-278.830,-38.830,-1709.762,OK,-245.166,-65.243,-1632.198
3,Port 0x01: JJH Probe  s/n:3E4C880C,869167810,1781711730.168581368,1,Too Few Markers,-3.697314E28,-3.697314E28,-3.697314E28,-3.697314E28,-3.697314E28,-3.697314E28,-3.697314E28,0.0000000,3,Missing,-3.697314E28,-3.697314E28,-3.697314E28,Missing,-3.697314E28,-3.697314E28,-3.697314E28,Missing,-3.697314E28,-3.697314E28,-3.697314E28,Port 0x02: JJH T tibia tracker  s/n:3E4C8800,869167810,1781711730.168581368,1,OK,0.9575232,0.0994830,-0.1070922,0.2485631,35.558,56.505,-1633.987,0.3449453,3,OK,35.772,56.170,-1634.038,OK,50.945,-35.761,-1654.980,OK,-41.245,15.676,-1656.870,Port 0x03: JJH Y femur tracker  s/n:3E4C8801,869167810,1781711730.168581368,1,OK,0.6504780,-0.4735071,-0.1945097,0.5611019,-217.705,20.551,-1658.632,0.5655652,3,OK,-217.680,20.898,-1658.882,OK,-278.835,-38.829,-1709.764,OK,-245.149,-65.238,-1632.170
3,Port 0x01: JJH Probe  s/n:3E4C880C,869167813,1781711730.218581361,1,Too Few Markers,-3.697314E28,-3.697314E28,-3.697314E28,-3.697314E28,-3.697314E28,-3.697314E28,-3.697314E28,0.0000000,3,Missing,-3.697314E28,-3.697314E28,-3.697314E28,Missing,-3.697314E28,-3.697314E28,-3.697314E28,Missing,-3.697314E28,-3.697314E28,-3.697314E28,Port 0x02: JJH T tibia tracker  s/n:3E4C8800,869167813,1781711730.218581361,1,OK,0.9574382,0.0999361,-0.1074777,0.2485427,35.511,56.491,-1633.949,0.3485397,3,OK,35.735,56.162,-1633.997,OK,50.908,-35.749,-1655.033,OK,-41.286,15.678,-1656.920,Port 0x03: JJH Y femur tracker  s/n:3E4C8801,869167813,1781711730.218581361,1,OK,0.6504539,-0.4735918,-0.1942240,0.5611574,-217.732,20.549,-1658.683,0.5764671,3,OK,-217.723,20.896,-1658.958,OK,-278.865,-38.821,-1709.744,OK,-245.193,-65.241,-1632.169
3,Port 0x01: JJH Probe  s/n:3E4C880C,869167816,1781711730.268581368,1,Too Few Markers,-3.697314E28,-3.697314E28,-3.697314E28,-3.697314E28,-3.697314E28,-3.697314E28,-3.697314E28,0.0000000,3,Missing,-3.697314E28,-3.697314E28,-3.697314E28,Missing,-3.697314E28,-3.697314E28,-3.697314E28,Missing,-3.697314E28,-3.697314E28,-3.697314E28,Port 0x02: JJH T tibia tracker  s/n:3E4C8800,869167816,1781711730.268581368,1,OK,0.9574829,0.0997230,-0.1073061,0.2485300,35.544,56.494,-1633.993,0.3499326,3,OK,35.763,56.158,-1634.043,OK,50.935,-35.757,-1655.033,OK,-41.262,15.680,-1656.923,Port 0x03: JJH Y femur tracker  s/n:3E4C8801,869167816,1781711730.268581368,1,OK,0.6504480,-0.4735634,-0.1942532,0.5611780,-217.711,20.546,-1658.691,0.5720940,3,OK,-217.700,20.898,-1658.966,OK,-278.838,-38.830,-1709.745,OK,-245.172,-65.247,-1632.191
3,Port 0x01: JJH Probe  s/n:3E4C880C,869167819,1781711730.318581368,1,Too Few Markers,-3.697314E28,-3.697314E28,-3.697314E28,-3.697314E28,-3.697314E28,-3.697314E28,-3.697314E28,0.0000000,3,Missing,-3.697314E28,-3.697314E28,-3.697314E28,Missing,-3.697314E28,-3.697314E28,-3.697314E28,Missing,-3.697314E28,-3.697314E28,-3.697314E28,Port 0x02: JJH T tibia tracker  s/n:3E4C8800,869167819,1781711730.318581368,1,OK,0.9574774,0.0998491,-0.1072453,0.2485270,35.564,56.493,-1633.955,0.3407791,3,OK,35.772,56.160,-1634.006,OK,50.952,-35.760,-1655.020,OK,-41.231,15.683,-1656.878,Port 0x03: JJH Y femur tracker  s/n:3E4C8801,869167819,1781711730.318581368,1,OK,0.6503972,-0.4736173,-0.1943335,0.5611637,-217.691,20.557,-1658.667,0.5802058,3,OK,-217.680,20.903,-1658.940,OK,-278.812,-38.821,-1709.754,OK,-245.138,-65.238,-1632.153
3,Port 0x01: JJH Probe  s/n:3E4C880C,869167822,1781711730.368581368,1,Too Few Markers,-3.697314E28,-3.697314E28,-3.697314E28,-3.697314E28,-3.697314E28,-3.697314E28,-3.697314E28,0.0000000,3,Missing,-3.697314E28,-3.697314E28,-3.697314E28,Missing,-3.697314E28,-3.697314E28,-3.697314E28,Missing,-3.697314E28,-3.697314E28,-3.697314E28,Port 0x02: JJH T tibia tracker  s/n:3E4C8800,869167822,1781711730.368581368,1,OK,0.9576140,0.0992878,-0.1064149,0.2485826,35.538,56.525,-1634.050,0.3484226,3,OK,35.734,56.169,-1634.109,OK,50.915,-35.750,-1654.991,OK,-41.278,15.689,-1656.804,Port 0x03: JJH Y femur tracker  s/n:3E4C8801,869167822,1781711730.368581368,1,OK,0.6504079,-0.4735887,-0.1943013,0.5611865,-217.732,20.559,-1658.675,0.5791242,3,OK,-217.719,20.909,-1658.947,OK,-278.856,-38.821,-1709.750,OK,-245.180,-65.239,-1632.162
3,Port 0x01: JJH Probe  s/n:3E4C880C,869167825,1781711730.418581368,1,Too Few Markers,-3.697314E28,-3.697314E28,-3.697314E28,-3.697314E28,-3.697314E28,-3.697314E28,-3.697314E28,0.0000000,3,Missing,-3.697314E28,-3.697314E28,-3.697314E28,Missing,-3.697314E28,-3.697314E28,-3.697314E28,Missing,-3.697314E28,-3.697314E28,-3.697314E28,Port 0x02: JJH T tibia tracker  s/n:3E4C8800,869167825,1781711730.418581368,1,OK,0.9574696,0.0997348,-0.1074155,0.2485294,35.544,56.495,-1633.959,0.3479532,3,OK,35.762,56.161,-1634.009,OK,50.933,-35.754,-1655.005,OK,-41.252,15.681,-1656.909,Port 0x03: JJH Y femur tracker  s/n:3E4C8801,869167825,1781711730.418581368,1,OK,0.6504617,-0.4735923,-0.1943808,0.5610936,-217.717,20.552,-1658.690,0.5780376,3,OK,-217.702,20.898,-1658.953,OK,-278.851,-38.816,-1709.802,OK,-245.171,-65.239,-1632.191
3,Port 0x01: JJH Probe  s/n:3E4C880C,869167828,1781711730.468581361,1,Too Few Markers,-3.697314E28,-3.697314E28,-3.697314E28,-3.697314E28,-3.697314E28,-3.697314E28,-3.697314E28,0.0000000,3,Missing,-3.697314E28,-3.697314E28,-3.697314E28,Missing,-3.697314E28,-3.697314E28,-3.697314E28,Missing,-3.697314E28,-3.697314E28,-3.697314E28,Port 0x02: JJH T tibia tracker  s/n:3E4C8800,869167828,1781711730.468581361,1,OK,0.9574244,0.0998334,-0.1077515,0.2485185,35.535,56.493,-1633.933,0.3504866,3,OK,35.759,56.160,-1633.981,OK,50.936,-35.750,-1655.002,OK,-41.257,15.689,-1656.945,Port 0x03: JJH Y femur tracker  s/n:3E4C8801,869167828,1781711730.468581361,1,OK,0.6503874,-0.4736721,-0.1943164,0.5611346,-217.702,20.556,-1658.646,0.5797104,3,OK,-217.691,20.903,-1658.919,OK,-278.822,-38.823,-1709.729,OK,-245.157,-65.236,-1632.127
3,Port 0x01: JJH Probe  s/n:3E4C880C,869167831,1781711730.518581368,1,Too Few Markers,-3.697314E28,-3.697314E28,-3.697314E28,-3.697314E28,-3.697314E28,-3.697314E28,-3.697314E28,0.0000000,3,Missing,-3.697314E28,-3.697314E28,-3.697314E28,Missing,-3.697314E28,-3.697314E28,-3.697314E28,Missing,-3.697314E28,-3.697314E28,-3.697314E28,Port 0x02: JJH T tibia tracker  s/n:3E4C8800,869167831,1781711730.518581368,1,OK,0.9574647,0.0995744,-0.1074891,0.2485807,35.545,56.502,-1633.959,0.3501870,3,OK,35.767,56.168,-1634.008,OK,50.947,-35.753,-1654.974,OK,-41.251,15.678,-1656.916,Port 0x03: JJH Y femur tracker  s/n:3E4C8801,869167831,1781711730.518581368,1,OK,0.6503687,-0.4736345,-0.1940343,0.5612857,-217.692,20.558,-1658.700,0.5836567,3,OK,-217.695,20.904,-1658.993,OK,-278.819,-38.822,-1709.702,OK,-245.147,-65.237,-1632.144
3,Port 0x01: JJH Probe  s/n:3E4C880C,869167834,1781711730.568581368,1,Too Few Markers,-3.697314E28,-3.697314E28,-3.697314E28,-3.697314E28,-3.697314E28,-3.697314E28,-3.697314E28,0.0000000,3,Missing,-3.697314E28,-3.697314E28,-3.697314E28,Missing,-3.697314E28,-3.697314E28,-3.697314E28,Missing,-3.697314E28,-3.697314E28,-3.697314E28,Port 0x02: JJH T tibia tracker  s/n:3E4C8800,869167834,1781711730.568581368,1,OK,0.9574452,0.0997571,-0.1075711,0.2485469,35.524,56.498,-1633.918,0.3506227,3,OK,35.749,56.166,-1633.966,OK,50.921,-35.746,-1654.969,OK,-41.269,15.682,-1656.897,Port 0x03: JJH Y femur tracker  s/n:3E4C8801,869167834,1781711730.568581368,1,OK,0.6504214,-0.4735828,-0.1943376,0.5611634,-217.732,20.560,-1658.665,0.5823069,3,OK,-217.720,20.908,-1658.936,OK,-278.858,-38.813,-1709.757,OK,-245.177,-65.238,-1632.152
3,Port 0x01: JJH Probe  s/n:3E4C880C,869167837,1781711730.618581368,1,Too Few Markers,-3.697314E28,-3.697314E28,-3.697314E28,-3.697314E28,-3.697314E28,-3.697314E28,-3.697314E28,0.0000000,3,Missing,-3.697314E28,-3.697314E28,-3.697314E28,Missing,-3.697314E28,-3.697314E28,-3.697314E28,Missing,-3.697314E28,-3.697314E28,-3.697314E28,Port 0x02: JJH T tibia tracker  s/n:3E4C8800,869167837,1781711730.618581368,1,OK,0.9575307,0.0993503,-0.1071514,0.2485618,35.542,56.515,-1634.019,0.3502494,3,OK,35.757,56.174,-1634.071,OK,50.931,-35.752,-1654.987,OK,-41.262,15.686,-1656.907,Port 0x03: JJH Y femur tracker  s/n:3E4C8801,869167837,1781711730.618581368,1,OK,0.6505079,-0.4735913,-0.1945318,0.5609885,-217.712,20.549,-1658.630,0.5704640,3,OK,-217.689,20.891,-1658.877,OK,-278.849,-38.815,-1709.788,OK,-245.171,-65.233,-1632.161
3,Port 0x01: JJH Probe  s/n:3E4C880C,869167840,1781711730.668581368,1,Too Few Markers,-3.697314E28,-3.697314E28,-3.697314E28,-3.697314E28,-3.697314E28,-3.697314E28,-3.697314E28,0.0000000,3,Missing,-3.697314E28,-3.697314E28,-3.697314E28,Missing,-3.697314E28,-3.697314E28,-3.697314E28,Missing,-3.697314E28,-3.697314E28,-3.697314E28,Port 0x02: JJH T tibia tracker  s/n:3E4C8800,869167840,1781711730.668581368,1,OK,0.9575287,0.0993772,-0.1070787,0.2485903,35.565,56.512,-1633.999,0.3459844,3,OK,35.777,56.176,-1634.050,OK,50.957,-35.758,-1654.970,OK,-41.238,15.678,-1656.875,Port 0x03: JJH Y femur tracker  s/n:3E4C8801,869167840,1781711730.668581368,1,OK,0.6505272,-0.4734711,-0.1946124,0.5610396,-217.695,20.545,-1658.624,0.5590382,3,OK,-217.671,20.890,-1658.873,OK,-278.815,-38.824,-1709.769,OK,-245.147,-65.245,-1632.195
3,Port 0x01: JJH Probe  s/n:3E4C880C,869167843,1781711730.718581361,1,Too Few Markers,-3.697314E28,-3.697314E28,-3.697314E28,-3.697314E28,-3.697314E28,-3.697314E28,-3.697314E28,0.0000000,3,Missing,-3.697314E28,-3.697314E28,-3.697314E28,Missing,-3.697314E28,-3.697314E28,-3.697314E28,Missing,-3.697314E28,-3.697314E28,-3.697314E28,Port 0x02: JJH T tibia tracker  s/n:3E4C8800,869167843,1781711730.718581361,1,OK,0.9575341,0.0994685,-0.1069914,0.2485705,35.527,56.514,-1634.008,0.3506769,3,OK,35.742,56.172,-1634.060,OK,50.913,-35.747,-1654.994,OK,-41.281,15.682,-1656.873,Port 0x03: JJH Y femur tracker  s/n:3E4C8801,869167843,1781711730.718581361,1,OK,0.6504344,-0.4735935,-0.1942962,0.5611536,-217.728,20.556,-1658.634,0.5711001,3,OK,-217.715,20.900,-1658.901,OK,-278.858,-38.823,-1709.712,OK,-245.182,-65.230,-1632.130
3,Port 0x01: JJH Probe  s/n:3E4C880C,869167846,1781711730.768581368,1,Too Few Markers,-3.697314E28,-3.697314E28,-3.697314E28,-3.697314E28,-3.697314E28,-3.697314E28,-3.697314E28,0.0000000,3,Missing,-3.697314E28,-3.697314E28,-3.697314E28,Missing,-3.697314E28,-3.697314E28,-3.697314E28,Missing,-3.697314E28,-3.697314E28,-3.697314E28,Port 0x02: JJH T tibia tracker  s/n:3E4C8800,869167846,1781711730.768581368,1,OK,0.9574620,0.0998782,-0.1073534,0.2485277,35.521,56.493,-1633.944,0.3429664,3,OK,35.736,56.164,-1633.992,OK,50.910,-35.755,-1655.016,OK,-41.274,15.682,-1656.888,Port 0x03: JJH Y femur tracker  s/n:3E4C8801,869167846,1781711730.768581368,1,OK,0.6505346,-0.4734146,-0.1942369,0.5612089,-217.724,20.555,-1658.670,0.5567065,3,OK,-217.716,20.903,-1658.946,OK,-278.853,-38.814,-1709.699,OK,-245.189,-65.235,-1632.208
3,Port 0x01: JJH Probe  s/n:3E4C880C,869167849,1781711730.818581368,1,Too Few Markers,-3.697314E28,-3.697314E28,-3.697314E28,-3.697314E28,-3.697314E28,-3.697314E28,-3.697314E28,0.0000000,3,Missing,-3.697314E28,-3.697314E28,-3.697314E28,Missing,-3.697314E28,-3.697314E28,-3.697314E28,Missing,-3.697314E28,-3.697314E28,-3.697314E28,Port 0x02: JJH T tibia tracker  s/n:3E4C8800,869167849,1781711730.818581368,1,OK,0.9574766,0.0995744,-0.1073471,0.2485963,35.570,56.497,-1633.969,0.3527642,3,OK,35.786,56.152,-1634.021,OK,50.972,-35.753,-1654.980,OK,-41.223,15.671,-1656.900,Port 0x03: JJH Y femur tracker  s/n:3E4C8801,869167849,1781711730.818581368,1,OK,0.6503603,-0.4736497,-0.1939637,0.5613069,-217.671,20.554,-1658.753,0.5840417,3,OK,-217.674,20.901,-1659.047,OK,-278.803,-38.830,-1709.739,OK,-245.129,-65.239,-1632.186
3,Port 0x01: JJH Probe  s/n:3E4C880C,869167852,1781711730.868581368,1,Too Few Markers,-3.697314E28,-3.697314E28,-3.697314E28,-3.697314E28,-3.697314E28,-3.697314E28,-3.697314E28,0.0000000,3,Missing,-3.697314E28,-3.697314E28,-3.697314E28,Missing,-3.697314E28,-3.697314E28,-3.697314E28,Missing,-3.697314E28,-3.697314E28,-3.697314E28,Port 0x02: JJH T tibia tracker  s/n:3E4C8800,869167852,1781711730.868581368,1,OK,0.9574165,0.1000627,-0.1076685,0.2484925,35.524,56.484,-1633.937,0.3424026,3,OK,35.744,56.160,-1633.984,OK,50.920,-35.758,-1655.051,OK,-41.270,15.689,-1656.944,Port 0x03: JJH Y femur tracker  s/n:3E4C8801,869167852,1781711730.868581368,1,OK,0.6503825,-0.4736738,-0.1940834,0.5612196,-217.707,20.555,-1658.692,0.5873409,3,OK,-217.704,20.904,-1658.977,OK,-278.842,-38.822,-1709.724,OK,-245.166,-65.238,-1632.134
3,Port 0x01: JJH Probe  s/n:3E4C880C,869167855,1781711730.918581363,1,Too Few Markers,-3.697314E28,-3.697314E28,-3.697314E28,-3.697314E28,-3.697314E28,-3.697314E28,-3.697314E28,0.0000000,3,Missing,-3.697314E28,-3.697314E28,-3.697314E28,Missing,-3.697314E28,-3.697314E28,-3.697314E28,Missing,-3.697314E28,-3.697314E28,-3.697314E28,Port 0x02: JJH T tibia tracker  s/n:3E4C8800,869167855,1781711730.918581363,1,OK,0.9574510,0.1000510,-0.1072650,0.2485388,35.505,56.490,-1633.961,0.3413710,3,OK,35.722,56.165,-1634.009,OK,50.899,-35.755,-1655.064,OK,-41.296,15.679,-1656.899,Port 0x03: JJH Y femur tracker  s/n:3E4C8801,869167855,1781711730.918581363,1,OK,0.6505924,-0.4733528,-0.1945571,0.5610830,-217.739,20.550,-1658.593,0.5437178,3,OK,-217.717,20.893,-1658.843,OK,-278.864,-38.817,-1709.706,OK,-245.196,-65.234,-1632.191
3,Port 0x01: JJH Probe  s/n:3E4C880C,869167858,1781711730.968581363,1,Too Few Markers,-3.697314E28,-3.697314E28,-3.697314E28,-3.697314E28,-3.697314E28,-3.697314E28,-3.697314E28,0.0000000,3,Missing,-3.697314E28,-3.697314E28,-3.697314E28,Missing,-3.697314E28,-3.697314E28,-3.697314E28,Missing,-3.697314E28,-3.697314E28,-3.697314E28,Port 0x02: JJH T tibia tracker  s/n:3E4C8800,869167858,1781711730.968581363,1,OK,0.9574944,0.0996417,-0.1071732,0.2485759,35.565,56.499,-1634.038,0.3467409,3,OK,35.781,56.164,-1634.088,OK,50.962,-35.760,-1655.061,OK,-41.240,15.674,-1656.943,Port 0x03: JJH Y femur tracker  s/n:3E4C8801,869167858,1781711730.968581363,1,OK,0.6504711,-0.4735279,-0.1942058,0.5611976,-217.683,20.551,-1658.687,0.5690767,3,OK,-217.678,20.895,-1658.967,OK,-278.811,-38.818,-1709.728,OK,-245.143,-65.239,-1632.187
3,Port 0x01: JJH Probe  s/n:3E4C880C,869167861,1781711731.018581363,1,Too Few Markers,-3.697314E28,-3.697314E28,-3.697314E28,-3.697314E28,-3.697314E28,-3.697314E28,-3.697314E28,0.0000000,3,Missing,-3.697314E28,-3.697314E28,-3.697314E28,Missing,-3.697314E28,-3.697314E28,-3.697314E28,Missing,-3.697314E28,-3.697314E28,-3.697314E28,Port 0x02: JJH T tibia tracker  s/n:3E4C8800,869167861,1781711731.018581363,1,OK,0.9574450,0.0997744,-0.1075070,0.2485688,35.534,56.497,-1633.992,0.3474931,3,OK,35.750,56.162,-1634.042,OK,50.943,-35.754,-1655.045,OK,-41.262,15.685,-1656.959,Port 0x03: JJH Y femur tracker  s/n:3E4C8801,869167861,1781711731.018581363,1,OK,0.6504514,-0.4735139,-0.1944176,0.5611590,-217.713,20.551,-1658.639,0.5654158,3,OK,-217.699,20.896,-1658.904,OK,-278.831,-38.827,-1709.730,OK,-245.159,-65.241,-1632.167
3,Port 0x01: JJH Probe  s/n:3E4C880C,869167864,1781711731.068581363,1,Too Few Markers,-3.697314E28,-3.697314E28,-3.697314E28,-3.697314E28,-3.697314E28,-3.697314E28,-3.697314E28,0.0000000,3,Missing,-3.697314E28,-3.697314E28,-3.697314E28,Missing,-3.697314E28,-3.697314E28,-3.697314E28,Missing,-3.697314E28,-3.697314E28,-3.697314E28,Port 0x02: JJH T tibia tracker  s/n:3E4C8800,869167864,1781711731.068581363,1,OK,0.9575354,0.0991348,-0.1072054,0.2486067,35.535,56.514,-1634.029,0.3578099,3,OK,35.750,56.161,-1634.084,OK,50.928,-35.750,-1654.954,OK,-41.262,15.675,-1656.917,Port 0x03: JJH Y femur tracker  s/n:3E4C8801,869167864,1781711731.068581363,1,OK,0.6504377,-0.4735430,-0.1942155,0.5612203,-217.704,20.553,-1658.653,0.5736910,3,OK,-217.697,20.899,-1658.932,OK,-278.832,-38.823,-1709.700,OK,-245.156,-65.241,-1632.143
3,Port 0x01: JJH Probe  s/n:3E4C880C,869167867,1781711731.118581363,1,Too Few Markers,-3.697314E28,-3.697314E28,-3.697314E28,-3.697314E28,-3.697314E28,-3.697314E28,-3.697314E28,0.0000000,3,Missing,-3.697314E28,-3.697314E28,-3.697314E28,Missing,-3.697314E28,-3.697314E28,-3.697314E28,Missing,-3.697314E28,-3.697314E28,-3.697314E28,Port 0x02: JJH T tibia tracker  s/n:3E4C8800,869167867,1781711731.118581363,1,OK,0.9575028,0.0995269,-0.1072757,0.2485452,35.538,56.502,-1634.026,0.3496839,3,OK,35.751,56.160,-1634.078,OK,50.929,-35.757,-1655.029,OK,-41.263,15.683,-1656.942,Port 0x03: JJH Y femur tracker  s/n:3E4C8801,869167867,1781711731.118581363,1,OK,0.6504788,-0.4735287,-0.1942936,0.5611577,-217.713,20.551,-1658.649,0.5712988,3,OK,-217.698,20.901,-1658.917,OK,-278.848,-38.823,-1709.723,OK,-245.170,-65.241,-1632.157
3,Port 0x01: JJH Probe  s/n:3E4C880C,869167870,1781711731.168581363,1,Too Few Markers,-3.697314E28,-3.697314E28,-3.697314E28,-3.697314E28,-3.697314E28,-3.697314E28,-3.697314E28,0.0000000,3,Missing,-3.697314E28,-3.697314E28,-3.697314E28,Missing,-3.697314E28,-3.697314E28,-3.697314E28,Missing,-3.697314E28,-3.697314E28,-3.697314E28,Port 0x02: JJH T tibia tracker  s/n:3E4C8800,869167870,1781711731.168581363,1,OK,0.9575278,0.0993553,-0.1071573,0.2485688,35.542,56.504,-1634.008,0.3542088,3,OK,35.753,56.153,-1634.063,OK,50.931,-35.756,-1654.975,OK,-41.258,15.677,-1656.895,Port 0x03: JJH Y femur tracker  s/n:3E4C8801,869167870,1781711731.168581363,1,OK,0.6505237,-0.4733950,-0.1943369,0.5612033,-217.713,20.542,-1658.650,0.5570350,3,OK,-217.700,20.892,-1658.921,OK,-278.835,-38.831,-1709.700,OK,-245.170,-65.254,-1632.200
3,Port 0x01: JJH Probe  s/n:3E4C880C,869167873,1781711731.218581363,1,Too Few Markers,-3.697314E28,-3.697314E28,-3.697314E28,-3.697314E28,-3.697314E28,-3.697314E28,-3.697314E28,0.0000000,3,Missing,-3.697314E28,-3.697314E28,-3.697314E28,Missing,-3.697314E28,-3.697314E28,-3.697314E28,Missing,-3.697314E28,-3.697314E28,-3.697314E28,Port 0x02: JJH T tibia tracker  s/n:3E4C8800,869167873,1781711731.218581363,1,OK,0.9574812,0.0994440,-0.1074190,0.2485997,35.543,56.510,-1634.011,0.3496170,3,OK,35.761,56.172,-1634.061,OK,50.948,-35.751,-1655.000,OK,-41.251,15.682,-1656.949,Port 0x03: JJH Y femur tracker  s/n:3E4C8801,869167873,1781711731.218581363,1,OK,0.6504327,-0.4735840,-0.1940797,0.5612385,-217.692,20.550,-1658.694,0.5837748,3,OK,-217.694,20.891,-1658.982,OK,-278.829,-38.816,-1709.722,OK,-245.146,-65.243,-1632.148
3,Port 0x01: JJH Probe  s/n:3E4C880C,869167876,1781711731.268581363,1,Too Few Markers,-3.697314E28,-3.697314E28,-3.697314E28,-3.697314E28,-3.697314E28,-3.697314E28,-3.697314E28,0.0000000,3,Missing,-3.697314E28,-3.697314E28,-3.697314E28,Missing,-3.697314E28,-3.697314E28,-3.697314E28,Missing,-3.697314E28,-3.697314E28,-3.697314E28,Port 0x02: JJH T tibia tracker  s/n:3E4C8800,869167876,1781711731.268581363,1,OK,0.9574613,0.0998628,-0.1072552,0.2485793,35.534,56.500,-1633.979,0.3447371,3,OK,35.749,56.167,-1634.029,OK,50.935,-35.749,-1655.045,OK,-41.265,15.681,-1656.907,Port 0x03: JJH Y femur tracker  s/n:3E4C8801,869167876,1781711731.268581363,1,OK,0.6504260,-0.4735614,-0.1945201,0.5611128,-217.732,20.556,-1658.657,0.5713842,3,OK,-217.708,20.905,-1658.910,OK,-278.854,-38.829,-1709.792,OK,-245.171,-65.236,-1632.182
3,Port 0x01: JJH Probe  s/n:3E4C880C,869167879,1781711731.318581363,1,Too Few Markers,-3.697314E28,-3.697314E28,-3.697314E28,-3.697314E28,-3.697314E28,-3.697314E28,-3.697314E28,0.0000000,3,Missing,-3.697314E28,-3.697314E28,-3.697314E28,Missing,-3.697314E28,-3.697314E28,-3.697314E28,Missing,-3.697314E28,-3.697314E28,-3.697314E28,Port 0x02: JJH T tibia tracker  s/n:3E4C8800,869167879,1781711731.318581363,1,OK,0.9575209,0.0993770,-0.1071987,0.2485685,35.551,56.506,-1634.046,0.3548746,3,OK,35.764,56.156,-1634.100,OK,50.938,-35.750,-1655.017,OK,-41.246,15.678,-1656.942,Port 0x03: JJH Y femur tracker  s/n:3E4C8801,869167879,1781711731.318581363,1,OK,0.6504995,-0.4734278,-0.1946287,0.5611027,-217.718,20.547,-1658.632,0.5575432,3,OK,-217.691,20.895,-1658.878,OK,-278.836,-38.833,-1709.774,OK,-245.156,-65.246,-1632.205
3,Port 0x01: JJH Probe  s/n:3E4C880C,869167882,1781711731.368581363,1,Too Few Markers,-3.697314E28,-3.697314E28,-3.697314E28,-3.697314E28,-3.697314E28,-3.697314E28,-3.697314E28,0.0000000,3,Missing,-3.697314E28,-3.697314E28,-3.697314E28,Missing,-3.697314E28,-3.697314E28,-3.697314E28,Missing,-3.697314E28,-3.697314E28,-3.697314E28,Port 0x02: JJH T tibia tracker  s/n:3E4C8800,869167882,1781711731.368581363,1,OK,0.9574438,0.0999059,-0.1075156,0.2485168,35.553,56.499,-1633.989,0.3483980,3,OK,35.774,56.166,-1634.038,OK,50.948,-35.744,-1655.068,OK,-41.245,15.693,-1656.964,Port 0x03: JJH Y femur tracker  s/n:3E4C8801,869167882,1781711731.368581363,1,OK,0.6505696,-0.4734623,-0.1945567,0.5610172,-217.695,20.544,-1658.636,0.5643162,3,OK,-217.673,20.887,-1658.886,OK,-278.830,-38.812,-1709.784,OK,-245.152,-65.244,-1632.195
3,Port 0x01: JJH Probe  s/n:3E4C880C,869167885,1781711731.418581363,1,Too Few Markers,-3.697314E28,-3.697314E28,-3.697314E28,-3.697314E28,-3.697314E28,-3.697314E28,-3.697314E28,0.0000000,3,Missing,-3.697314E28,-3.697314E28,-3.697314E28,Missing,-3.697314E28,-3.697314E28,-3.697314E28,Missing,-3.697314E28,-3.697314E28,-3.697314E28,Port 0x02: JJH T tibia tracker  s/n:3E4C8800,869167885,1781711731.418581363,1,OK,0.9575612,0.0996049,-0.1067411,0.2485191,35.549,56.527,-1634.106,0.3471744,3,OK,35.756,56.184,-1634.160,OK,50.925,-35.737,-1655.114,OK,-41.272,15.708,-1656.932,Port 0x03: JJH Y femur tracker  s/n:3E4C8801,869167885,1781711731.418581363,1,OK,0.6505455,-0.4733852,-0.1944896,0.5611335,-217.723,20.558,-1658.624,0.5545039,3,OK,-217.702,20.905,-1658.880,OK,-278.849,-38.813,-1709.727,OK,-245.172,-65.233,-1632.192
3,Port 0x01: JJH Probe  s/n:3E4C880C,869167888,1781711731.468581363,1,Too Few Markers,-3.697314E28,-3.697314E28,-3.697314E28,-3.697314E28,-3.697314E28,-3.697314E28,-3.697314E28,0.0000000,3,Missing,-3.697314E28,-3.697314E28,-3.697314E28,Missing,-3.697314E28,-3.697314E28,-3.697314E28,Missing,-3.697314E28,-3.697314E28,-3.697314E28,Port 0x02: JJH T tibia tracker  s/n:3E4C8800,869167888,1781711731.468581363,1,OK,0.9575376,0.0995363,-0.1070081,0.2485228,35.545,56.532,-1634.071,0.3569351,3,OK,35.754,56.175,-1634.129,OK,50.929,-35.720,-1655.069,OK,-41.266,15.719,-1656.940,Port 0x03: JJH Y femur tracker  s/n:3E4C8801,869167888,1781711731.468581363,1,OK,0.6504804,-0.4735416,-0.1943917,0.5611110,-217.708,20.552,-1658.675,0.5712268,3,OK,-217.692,20.900,-1658.939,OK,-278.837,-38.818,-1709.775,OK,-245.164,-65.240,-1632.194
3,Port 0x01: JJH Probe  s/n:3E4C880C,869167891,1781711731.518581363,1,Too Few Markers,-3.697314E28,-3.697314E28,-3.697314E28,-3.697314E28,-3.697314E28,-3.697314E28,-3.697314E28,0.0000000,3,Missing,-3.697314E28,-3.697314E28,-3.697314E28,Missing,-3.697314E28,-3.697314E28,-3.697314E28,Missing,-3.697314E28,-3.697314E28,-3.697314E28,Port 0x02: JJH T tibia tracker  s/n:3E4C8800,869167891,1781711731.518581363,1,OK,0.9574430,0.0999374,-0.1075941,0.2484732,35.547,56.531,-1634.025,0.3540028,3,OK,35.764,56.186,-1634.077,OK,50.935,-35.702,-1655.110,OK,-41.247,15.738,-1657.012,Port 0x03: JJH Y femur tracker  s/n:3E4C8801,869167891,1781711731.518581363,1,OK,0.6504833,-0.4735205,-0.1944988,0.5610882,-217.700,20.557,-1658.652,0.5655560,3,OK,-217.679,20.907,-1658.911,OK,-278.820,-38.817,-1709.768,OK,-245.155,-65.237,-1632.195
3,Port 0x01: JJH Probe  s/n:3E4C880C,869167894,1781711731.568581363,1,Too Few Markers,-3.697314E28,-3.697314E28,-3.697314E28,-3.697314E28,-3.697314E28,-3.697314E28,-3.697314E28,0.0000000,3,Missing,-3.697314E28,-3.697314E28,-3.697314E28,Missing,-3.697314E28,-3.697314E28,-3.697314E28,Missing,-3.697314E28,-3.697314E28,-3.697314E28,Port 0x02: JJH T tibia tracker  s/n:3E4C8800,869167894,1781711731.568581363,1,OK,0.9574752,0.1002045,-0.1070909,0.2484591,35.526,56.564,-1634.157,0.3530844,3,OK,35.736,56.214,-1634.213,OK,50.902,-35.660,-1655.283,OK,-41.282,15.772,-1657.068,Port 0x03: JJH Y femur tracker  s/n:3E4C8801,869167894,1781711731.568581363,1,OK,0.6505736,-0.4733459,-0.1945065,0.5611283,-217.718,20.553,-1658.597,0.5500135,3,OK,-217.696,20.902,-1658.852,OK,-278.844,-38.816,-1709.697,OK,-245.171,-65.238,-1632.181
3,Port 0x01: JJH Probe  s/n:3E4C880C,869167897,1781711731.618581363,1,Too Few Markers,-3.697314E28,-3.697314E28,-3.697314E28,-3.697314E28,-3.697314E28,-3.697314E28,-3.697314E28,0.0000000,3,Missing,-3.697314E28,-3.697314E28,-3.697314E28,Missing,-3.697314E28,-3.697314E28,-3.697314E28,Missing,-3.697314E28,-3.697314E28,-3.697314E28,Port 0x02: JJH T tibia tracker  s/n:3E4C8800,869167897,1781711731.618581363,1,OK,0.9574383,0.1010100,-0.1070046,0.2483121,35.543,56.618,-1634.320,0.3550522,3,OK,35.749,56.262,-1634.379,OK,50.911,-35.578,-1655.596,OK,-41.288,15.876,-1657.247,Port 0x03: JJH Y femur tracker  s/n:3E4C8801,869167897,1781711731.618581363,1,OK,0.6505219,-0.4734383,-0.1944561,0.5611277,-217.711,20.554,-1658.620,0.5559381,3,OK,-217.689,20.904,-1658.876,OK,-278.837,-38.822,-1709.715,OK,-245.166,-65.236,-1632.178
3,Port 0x01: JJH Probe  s/n:3E4C880C,869167900,1781711731.668581363,1,Too Few Markers,-3.697314E28,-3.697314E28,-3.697314E28,-3.697314E28,-3.697314E28,-3.697314E28,-3.697314E28,0.0000000,3,Missing,-3.697314E28,-3.697314E28,-3.697314E28,Missing,-3.697314E28,-3.697314E28,-3.697314E28,Missing,-3.697314E28,-3.697314E28,-3.697314E28,Port 0x02: JJH T tibia tracker  s/n:3E4C8800,869167900,1781711731.668581363,1,OK,0.9570641,0.1039507,-0.1083007,0.2479789,35.509,56.715,-1634.469,0.3500932,3,OK,35.728,56.379,-1634.522,OK,50.875,-35.345,-1656.323,OK,-41.300,16.110,-1657.740,Port 0x03: JJH Y femur tracker  s/n:3E4C8801,869167900,1781711731.668581363,1,OK,0.6505205,-0.4733957,-0.1943791,0.5611919,-217.701,20.553,-1658.622,0.5534498,3,OK,-217.688,20.899,-1658.890,OK,-278.820,-38.820,-1709.682,OK,-245.154,-65.238,-1632.179
3,Port 0x01: JJH Probe  s/n:3E4C880C,869167903,1781711731.718581363,1,Too Few Markers,-3.697314E28,-3.697314E28,-3.697314E28,-3.697314E28,-3.697314E28,-3.697314E28,-3.697314E28,0.0000000,3,Missing,-3.697314E28,-3.697314E28,-3.697314E28,Missing,-3.697314E28,-3.697314E28,-3.697314E28,Missing,-3.697314E28,-3.697314E28,-3.697314E28,Port 0x02: JJH T tibia tracker  s/n:3E4C8800,869167903,1781711731.718581363,1,OK,0.9568061,0.1072628,-0.1088401,0.2473271,35.480,56.974,-1635.181,0.3617803,3,OK,35.697,56.619,-1635.242,OK,50.790,-34.932,-1657.667,OK,-41.371,16.576,-1658.674,Port 0x03: JJH Y femur tracker  s/n:3E4C8801,869167903,1781711731.718581363,1,OK,0.6505271,-0.4734868,-0.1944489,0.5610832,-217.712,20.553,-1658.663,0.5629632,3,OK,-217.692,20.898,-1658.917,OK,-278.848,-38.816,-1709.779,OK,-245.168,-65.234,-1632.205
3,Port 0x01: JJH Probe  s/n:3E4C880C,869167906,1781711731.768581363,1,Too Few Markers,-3.697314E28,-3.697314E28,-3.697314E28,-3.697314E28,-3.697314E28,-3.697314E28,-3.697314E28,0.0000000,3,Missing,-3.697314E28,-3.697314E28,-3.697314E28,Missing,-3.697314E28,-3.697314E28,-3.697314E28,Missing,-3.697314E28,-3.697314E28,-3.697314E28,Port 0x02: JJH T tibia tracker  s/n:3E4C8800,869167906,1781711731.768581363,1,OK,0.9563870,0.1108916,-0.1100908,0.2467933,35.435,57.200,-1635.768,0.3623736,3,OK,35.663,56.854,-1635.828,OK,50.730,-34.533,-1658.959,OK,-41.422,17.001,-1659.622,Port 0x03: JJH Y femur tracker  s/n:3E4C8801,869167906,1781711731.768581363,1,OK,0.6505448,-0.4734665,-0.1944823,0.5610682,-217.696,20.547,-1658.623,0.5583007,3,OK,-217.675,20.891,-1658.876,OK,-278.829,-38.820,-1709.743,OK,-245.153,-65.237,-1632.179
3,Port 0x01: JJH Probe  s/n:3E4C880C,869167909,1781711731.818581363,1,Too Few Markers,-3.697314E28,-3.697314E28,-3.697314E28,-3.697314E28,-3.697314E28,-3.697314E28,-3.697314E28,0.0000000,3,Missing,-3.697314E28,-3.697314E28,-3.697314E28,Missing,-3.697314E28,-3.697314E28,-3.697314E28,Missing,-3.697314E28,-3.697314E28,-3.697314E28,Port 0x02: JJH T tibia tracker  s/n:3E4C8800,869167909,1781711731.818581363,1,OK,0.9561441,0.1143204,-0.1097639,0.2463152,35.441,57.376,-1636.189,0.3525665,3,OK,35.644,57.022,-1636.258,OK,50.690,-34.212,-1660.019,OK,-41.453,17.347,-1660.116,Port 0x03: JJH Y femur tracker  s/n:3E4C8801,869167909,1781711731.818581363,1,OK,0.6505466,-0.4733811,-0.1945588,0.5611117,-217.691,20.548,-1658.609,0.5536792,3,OK,-217.666,20.898,-1658.860,OK,-278.813,-38.824,-1709.727,OK,-245.139,-65.244,-1632.189
3,Port 0x01: JJH Probe  s/n:3E4C880C,869167912,1781711731.868581363,1,Too Few Markers,-3.697314E28,-3.697314E28,-3.697314E28,-3.697314E28,-3.697314E28,-3.697314E28,-3.697314E28,0.0000000,3,Missing,-3.697314E28,-3.697314E28,-3.697314E28,Missing,-3.697314E28,-3.697314E28,-3.697314E28,Missing,-3.697314E28,-3.697314E28,-3.697314E28,Port 0x02: JJH T tibia tracker  s/n:3E4C8800,869167912,1781711731.868581363,1,OK,0.9557939,0.1171582,-0.1106144,0.2459603,35.389,57.544,-1636.498,0.3514968,3,OK,35.600,57.200,-1636.565,OK,50.625,-33.898,-1660.875,OK,-41.501,17.654,-1660.685,Port 0x03: JJH Y femur tracker  s/n:3E4C8801,869167912,1781711731.868581363,1,OK,0.6504692,-0.4735469,-0.1944852,0.5610871,-217.715,20.552,-1658.650,0.5798542,3,OK,-217.695,20.901,-1658.908,OK,-278.845,-38.816,-1709.786,OK,-245.161,-65.246,-1632.166
3,Port 0x01: JJH Probe  s/n:3E4C880C,869167915,1781711731.918581366,1,Too Few Markers,-3.697314E28,-3.697314E28,-3.697314E28,-3.697314E28,-3.697314E28,-3.697314E28,-3.697314E28,0.0000000,3,Missing,-3.697314E28,-3.697314E28,-3.697314E28,Missing,-3.697314E28,-3.697314E28,-3.697314E28,Missing,-3.697314E28,-3.697314E28,-3.697314E28,Port 0x02: JJH T tibia tracker  s/n:3E4C8800,869167915,1781711731.918581366,1,OK,0.9553657,0.1204605,-0.1117805,0.2455010,35.338,57.746,-1636.948,0.3517567,3,OK,35.556,57.408,-1637.014,OK,50.570,-33.526,-1661.964,OK,-41.553,18.041,-1661.465,Port 0x03: JJH Y femur tracker  s/n:3E4C8801,869167915,1781711731.918581366,1,OK,0.6504998,-0.4734555,-0.1942078,0.5612247,-217.704,20.549,-1658.646,0.5710877,3,OK,-217.694,20.901,-1658.924,OK,-278.838,-38.820,-1709.686,OK,-245.160,-65.249,-1632.153
3,Port 0x01: JJH Probe  s/n:3E4C880C,869167918,1781711731.968581366,1,Too Few Markers,-3.697314E28,-3.697314E28,-3.697314E28,-3.697314E28,-3.697314E28,-3.697314E28,-3.697314E28,0.0000000,3,Missing,-3.697314E28,-3.697314E28,-3.697314E28,Missing,-3.697314E28,-3.697314E28,-3.697314E28,Missing,-3.697314E28,-3.697314E28,-3.697314E28,Port 0x02: JJH T tibia tracker  s/n:3E4C8800,869167918,1781711731.968581366,1,OK,0.9551607,0.1230173,-0.1116128,0.2451067,35.358,57.969,-1637.531,0.3458551,3,OK,35.557,57.624,-1637.605,OK,50.559,-33.189,-1663.023,OK,-41.569,18.405,-1662.113,Port 0x03: JJH Y femur tracker  s/n:3E4C8801,869167918,1781711731.968581366,1,OK,0.6503899,-0.4736137,-0.1939630,0.5613034,-217.669,20.548,-1658.715,0.5890268,3,OK,-217.674,20.892,-1659.011,OK,-278.806,-38.825,-1709.711,OK,-245.122,-65.248,-1632.143
3,Port 0x01: JJH Probe  s/n:3E4C880C,869167921,1781711732.018581366,1,Too Few Markers,-3.697314E28,-3.697314E28,-3.697314E28,-3.697314E28,-3.697314E28,-3.697314E28,-3.697314E28,0.0000000,3,Missing,-3.697314E28,-3.697314E28,-3.697314E28,Missing,-3.697314E28,-3.697314E28,-3.697314E28,Missing,-3.697314E28,-3.697314E28,-3.697314E28,Port 0x02: JJH T tibia tracker  s/n:3E4C8800,869167921,1781711732.018581366,1,OK,0.9546906,0.1272491,-0.1124628,0.2443884,35.322,58.255,-1638.133,0.3501138,3,OK,35.526,57.909,-1638.209,OK,50.459,-32.671,-1664.431,OK,-41.628,18.930,-1663.022,Port 0x03: JJH Y femur tracker  s/n:3E4C8801,869167921,1781711732.018581366,1,OK,0.6505235,-0.4734972,-0.1943750,0.5611042,-217.686,20.545,-1658.651,0.5733499,3,OK,-217.670,20.893,-1658.914,OK,-278.827,-38.817,-1709.758,OK,-245.142,-65.247,-1632.171
3,Port 0x01: JJH Probe  s/n:3E4C880C,869167924,1781711732.068581366,1,Too Few Markers,-3.697314E28,-3.697314E28,-3.697314E28,-3.697314E28,-3.697314E28,-3.697314E28,-3.697314E28,0.0000000,3,Missing,-3.697314E28,-3.697314E28,-3.697314E28,Missing,-3.697314E28,-3.697314E28,-3.697314E28,Missing,-3.697314E28,-3.697314E28,-3.697314E28,Port 0x02: JJH T tibia tracker  s/n:3E4C8800,869167924,1781711732.068581366,1,OK,0.9543096,0.1300578,-0.1135386,0.2438997,35.266,58.479,-1638.484,0.3594394,3,OK,35.477,58.125,-1638.564,OK,50.380,-32.277,-1665.323,OK,-41.683,19.333,-1663.664,Port 0x03: JJH Y femur tracker  s/n:3E4C8801,869167924,1781711732.068581366,1,OK,0.6505264,-0.4734575,-0.1943462,0.5611443,-217.687,20.536,-1658.645,0.5783572,3,OK,-217.671,20.883,-1658.909,OK,-278.832,-38.825,-1709.749,OK,-245.134,-65.262,-1632.155
3,Port 0x01: JJH Probe  s/n:3E4C880C,869167927,1781711732.118581366,1,Too Few Markers,-3.697314E28,-3.697314E28,-3.697314E28,-3.697314E28,-3.697314E28,-3.697314E28,-3.697314E28,0.0000000,3,Missing,-3.697314E28,-3.697314E28,-3.697314E28,Missing,-3.697314E28,-3.697314E28,-3.697314E28,Missing,-3.697314E28,-3.697314E28,-3.697314E28,Port 0x02: JJH T tibia tracker  s/n:3E4C8800,869167927,1781711732.118581366,1,OK,0.9539991,0.1324708,-0.1140493,0.2435774,35.244,58.619,-1638.782,0.3565690,3,OK,35.456,58.271,-1638.861,OK,50.355,-32.011,-1666.079,OK,-41.721,19.605,-1664.141,Port 0x03: JJH Y femur tracker  s/n:3E4C8801,869167927,1781711732.118581366,1,OK,0.6505736,-0.4734406,-0.1945073,0.5610480,-217.684,20.536,-1658.585,0.5671628,3,OK,-217.658,20.880,-1658.829,OK,-278.834,-38.824,-1709.738,OK,-245.132,-65.249,-1632.130
3,Port 0x01: JJH Probe  s/n:3E4C880C,869167930,1781711732.168581366,1,Too Few Markers,-3.697314E28,-3.697314E28,-3.697314E28,-3.697314E28,-3.697314E28,-3.697314E28,-3.697314E28,0.0000000,3,Missing,-3.697314E28,-3.697314E28,-3.697314E28,Missing,-3.697314E28,-3.697314E28,-3.697314E28,Missing,-3.697314E28,-3.697314E28,-3.697314E28,Port 0x02: JJH T tibia tracker  s/n:3E4C8800,869167930,1781711732.168581366,1,OK,0.9538649,0.1336632,-0.1141254,0.2434160,35.228,58.709,-1638.960,0.3552108,3,OK,35.438,58.361,-1639.041,OK,50.327,-31.856,-1666.481,OK,-41.746,19.756,-1664.377,Port 0x03: JJH Y femur tracker  s/n:3E4C8801,869167930,1781711732.168581366,1,OK,0.6505437,-0.4734622,-0.1942623,0.5611493,-217.671,20.537,-1658.605,0.5686387,3,OK,-217.655,20.882,-1658.867,OK,-278.824,-38.827,-1709.686,OK,-245.127,-65.249,-1632.116
3,Port 0x01: JJH Probe  s/n:3E4C880C,869167933,1781711732.218581366,1,Too Few Markers,-3.697314E28,-3.697314E28,-3.697314E28,-3.697314E28,-3.697314E28,-3.697314E28,-3.697314E28,0.0000000,3,Missing,-3.697314E28,-3.697314E28,-3.697314E28,Missing,-3.697314E28,-3.697314E28,-3.697314E28,Missing,-3.697314E28,-3.697314E28,-3.697314E28,Port 0x02: JJH T tibia tracker  s/n:3E4C8800,869167933,1781711732.218581366,1,OK,0.9535661,0.1360957,-0.1146729,0.2429811,35.232,58.861,-1639.273,0.3480690,3,OK,35.444,58.526,-1639.351,OK,50.302,-31.577,-1667.260,OK,-41.760,20.056,-1664.875,Port 0x03: JJH Y femur tracker  s/n:3E4C8801,869167933,1781711732.218581366,1,OK,0.6505583,-0.4734768,-0.1943423,0.5610925,-217.654,20.538,-1658.608,0.5815493,3,OK,-217.634,20.889,-1658.868,OK,-278.809,-38.816,-1709.725,OK,-245.109,-65.258,-1632.115
3,Port 0x01: JJH Probe  s/n:3E4C880C,869167936,1781711732.268581366,1,Too Few Markers,-3.697314E28,-3.697314E28,-3.697314E28,-3.697314E28,-3.697314E28,-3.697314E28,-3.697314E28,0.0000000,3,Missing,-3.697314E28,-3.697314E28,-3.697314E28,Missing,-3.697314E28,-3.697314E28,-3.697314E28,Missing,-3.697314E28,-3.697314E28,-3.697314E28,Port 0x02: JJH T tibia tracker  s/n:3E4C8800,869167936,1781711732.268581366,1,OK,0.9530006,0.1400595,-0.1157613,0.2424305,35.180,59.111,-1639.625,0.3535061,3,OK,35.401,58.776,-1639.704,OK,50.228,-31.083,-1668.364,OK,-41.814,20.525,-1665.563,Port 0x03: JJH Y femur tracker  s/n:3E4C8801,869167936,1781711732.268581366,1,OK,0.6505066,-0.4735106,-0.1942567,0.5611535,-217.659,20.540,-1658.617,0.5809359,3,OK,-217.641,20.892,-1658.881,OK,-278.813,-38.827,-1709.707,OK,-245.112,-65.254,-1632.107
3,Port 0x01: JJH Probe  s/n:3E4C880C,869167939,1781711732.318581366,1,Too Few Markers,-3.697314E28,-3.697314E28,-3.697314E28,-3.697314E28,-3.697314E28,-3.697314E28,-3.697314E28,0.0000000,3,Missing,-3.697314E28,-3.697314E28,-3.697314E28,Missing,-3.697314E28,-3.697314E28,-3.697314E28,Missing,-3.697314E28,-3.697314E28,-3.697314E28,Port 0x02: JJH T tibia tracker  s/n:3E4C8800,869167939,1781711732.318581366,1,OK,0.9526479,0.1433382,-0.1156675,0.2419445,35.192,59.428,-1640.168,0.3577996,3,OK,35.395,59.072,-1640.261,OK,50.204,-30.575,-1669.509,OK,-41.842,21.026,-1666.205,Port 0x03: JJH Y femur tracker  s/n:3E4C8801,869167939,1781711732.318581366,1,OK,0.6505233,-0.4734656,-0.1942967,0.5611582,-217.648,20.539,-1658.585,0.5774623,3,OK,-217.625,20.892,-1658.842,OK,-278.806,-38.832,-1709.686,OK,-245.096,-65.255,-1632.088
3,Port 0x01: JJH Probe  s/n:3E4C880C,869167942,1781711732.368581366,1,Too Few Markers,-3.697314E28,-3.697314E28,-3.697314E28,-3.697314E28,-3.697314E28,-3.697314E28,-3.697314E28,0.0000000,3,Missing,-3.697314E28,-3.697314E28,-3.697314E28,Missing,-3.697314E28,-3.697314E28,-3.697314E28,Missing,-3.697314E28,-3.697314E28,-3.697314E28,Port 0x02: JJH T tibia tracker  s/n:3E4C8800,869167942,1781711732.368581366,1,OK,0.9522629,0.1458514,-0.1161983,0.2417036,35.200,59.657,-1640.485,0.3608995,3,OK,35.404,59.298,-1640.581,OK,50.214,-30.183,-1670.297,OK,-41.828,21.375,-1666.709,Port 0x03: JJH Y femur tracker  s/n:3E4C8801,869167942,1781711732.368581366,1,OK,0.6506050,-0.4733548,-0.1943342,0.5611440,-217.621,20.536,-1658.541,0.5684853,3,OK,-217.602,20.887,-1658.803,OK,-278.775,-38.819,-1709.634,OK,-245.076,-65.260,-1632.079
3,Port 0x01: JJH Probe  s/n:3E4C880C,869167945,1781711732.418581366,1,Too Few Markers,-3.697314E28,-3.697314E28,-3.697314E28,-3.697314E28,-3.697314E28,-3.697314E28,-3.697314E28,0.0000000,3,Missing,-3.697314E28,-3.697314E28,-3.697314E28,Missing,-3.697314E28,-3.697314E28,-3.697314E28,Missing,-3.697314E28,-3.697314E28,-3.697314E28,Port 0x02: JJH T tibia tracker  s/n:3E4C8800,869167945,1781711732.418581366,1,OK,0.9520105,0.1470177,-0.1166904,0.2417543,35.188,59.785,-1640.552,0.3622716,3,OK,35.399,59.430,-1640.646,OK,50.246,-29.974,-1670.583,OK,-41.822,21.539,-1666.909,Port 0x03: JJH Y femur tracker  s/n:3E4C8801,869167945,1781711732.418581366,1,OK,0.6505317,-0.4734529,-0.1940560,0.5612425,-217.644,20.542,-1658.578,0.5825680,3,OK,-217.636,20.893,-1658.857,OK,-278.806,-38.818,-1709.612,OK,-245.100,-65.254,-1632.049
3,Port 0x01: JJH Probe  s/n:3E4C880C,869167948,1781711732.468581366,1,Too Few Markers,-3.697314E28,-3.697314E28,-3.697314E28,-3.697314E28,-3.697314E28,-3.697314E28,-3.697314E28,0.0000000,3,Missing,-3.697314E28,-3.697314E28,-3.697314E28,Missing,-3.697314E28,-3.697314E28,-3.697314E28,Missing,-3.697314E28,-3.697314E28,-3.697314E28,Port 0x02: JJH T tibia tracker  s/n:3E4C8800,869167948,1781711732.468581366,1,OK,0.9518335,0.1478507,-0.1169154,0.2418347,35.216,59.913,-1640.649,0.3615745,3,OK,35.423,59.556,-1640.745,OK,50.314,-29.790,-1670.833,OK,-41.777,21.689,-1667.077,Port 0x03: JJH Y femur tracker  s/n:3E4C8801,869167948,1781711732.468581366,1,OK,0.6505918,-0.4733505,-0.1943449,0.5611592,-217.625,20.541,-1658.537,0.5689060,3,OK,-217.602,20.893,-1658.793,OK,-278.782,-38.821,-1709.637,OK,-245.073,-65.254,-1632.072
3,Port 0x01: JJH Probe  s/n:3E4C880C,869167951,1781711732.518581366,1,Too Few Markers,-3.697314E28,-3.697314E28,-3.697314E28,-3.697314E28,-3.697314E28,-3.697314E28,-3.697314E28,0.0000000,3,Missing,-3.697314E28,-3.697314E28,-3.697314E28,Missing,-3.697314E28,-3.697314E28,-3.697314E28,Missing,-3.697314E28,-3.697314E28,-3.697314E28,Port 0x02: JJH T tibia tracker  s/n:3E4C8800,869167951,1781711732.518581366,1,OK,0.9515439,0.1496548,-0.1172612,0.2416970,35.238,60.086,-1640.772,0.3548533,3,OK,35.454,59.747,-1640.861,OK,50.343,-29.511,-1671.297,OK,-41.759,21.936,-1667.332,Port 0x03: JJH Y femur tracker  s/n:3E4C8801,869167951,1781711732.518581366,1,OK,0.6504640,-0.4735556,-0.1941160,0.5612136,-217.624,20.538,-1658.613,0.5993031,3,OK,-217.615,20.883,-1658.886,OK,-278.791,-38.824,-1709.695,OK,-245.064,-65.260,-1632.047
3,Port 0x01: JJH Probe  s/n:3E4C880C,869167954,1781711732.568581366,1,Too Few Markers,-3.697314E28,-3.697314E28,-3.697314E28,-3.697314E28,-3.697314E28,-3.697314E28,-3.697314E28,0.0000000,3,Missing,-3.697314E28,-3.697314E28,-3.697314E28,Missing,-3.697314E28,-3.697314E28,-3.697314E28,Missing,-3.697314E28,-3.697314E28,-3.697314E28,Port 0x02: JJH T tibia tracker  s/n:3E4C8800,869167954,1781711732.568581366,1,OK,0.9511377,0.1518202,-0.1178738,0.2416472,35.240,60.354,-1641.025,0.3710839,3,OK,35.462,59.996,-1641.123,OK,50.396,-29.082,-1671.948,OK,-41.747,22.297,-1667.775,Port 0x03: JJH Y femur tracker  s/n:3E4C8801,869167954,1781711732.568581366,1,OK,0.6505705,-0.4733645,-0.1942016,0.5612218,-217.636,20.546,-1658.545,0.5772189,3,OK,-217.620,20.899,-1658.813,OK,-278.799,-38.814,-1709.614,OK,-245.083,-65.253,-1632.048
3,Port 0x01: JJH Probe  s/n:3E4C880C,869167957,1781711732.618581366,1,Too Few Markers,-3.697314E28,-3.697314E28,-3.697314E28,-3.697314E28,-3.697314E28,-3.697314E28,-3.697314E28,0.0000000,3,Missing,-3.697314E28,-3.697314E28,-3.697314E28,Missing,-3.697314E28,-3.697314E28,-3.697314E28,Missing,-3.697314E28,-3.697314E28,-3.697314E28,Port 0x02: JJH T tibia tracker  s/n:3E4C8800,869167957,1781711732.618581366,1,OK,0.9506962,0.1542624,-0.1180387,0.2417577,35.301,60.622,-1641.155,0.3637556,3,OK,35.511,60.266,-1641.255,OK,50.504,-28.646,-1672.522,OK,-41.643,22.617,-1668.029,Port 0x03: JJH Y femur tracker  s/n:3E4C8801,869167957,1781711732.618581366,1,OK,0.6504894,-0.4734695,-0.1938904,0.5613347,-217.608,20.540,-1658.612,0.5892903,3,OK,-217.605,20.892,-1658.901,OK,-278.775,-38.827,-1709.606,OK,-245.060,-65.259,-1632.048
3,Port 0x01: JJH Probe  s/n:3E4C880C,869167960,1781711732.668581366,1,Too Few Markers,-3.697314E28,-3.697314E28,-3.697314E28,-3.697314E28,-3.697314E28,-3.697314E28,-3.697314E28,0.0000000,3,Missing,-3.697314E28,-3.697314E28,-3.697314E28,Missing,-3.697314E28,-3.697314E28,-3.697314E28,Missing,-3.697314E28,-3.697314E28,-3.697314E28,Port 0x02: JJH T tibia tracker  s/n:3E4C8800,869167960,1781711732.668581366,1,OK,0.9502121,0.1563457,-0.1187978,0.2419506,35.349,60.879,-1641.219,0.3570574,3,OK,35.575,60.547,-1641.310,OK,50.650,-28.250,-1672.977,OK,-41.563,22.919,-1668.315,Port 0x03: JJH Y femur tracker  s/n:3E4C8801,869167960,1781711732.668581366,1,OK,0.6504791,-0.4735123,-0.1940884,0.5612422,-217.603,20.545,-1658.553,0.5928372,3,OK,-217.591,20.901,-1658.832,OK,-278.762,-38.822,-1709.605,OK,-245.052,-65.258,-1632.006
3,Port 0x01: JJH Probe  s/n:3E4C880C,869167963,1781711732.718581366,1,Too Few Markers,-3.697314E28,-3.697314E28,-3.697314E28,-3.697314E28,-3.697314E28,-3.697314E28,-3.697314E28,0.0000000,3,Missing,-3.697314E28,-3.697314E28,-3.697314E28,Missing,-3.697314E28,-3.697314E28,-3.697314E28,Missing,-3.697314E28,-3.697314E28,-3.697314E28,Port 0x02: JJH T tibia tracker  s/n:3E4C8800,869167963,1781711732.718581366,1,OK,0.9500737,0.1568154,-0.1182413,0.2424622,35.440,61.175,-1641.344,0.3614037,3,OK,35.644,60.817,-1641.449,OK,50.839,-27.912,-1673.164,OK,-41.443,23.150,-1668.367,Port 0x03: JJH Y femur tracker  s/n:3E4C8801,869167963,1781711732.718581366,1,OK,0.6505473,-0.4733727,-0.1941490,0.5612598,-217.606,20.540,-1658.541,0.5805783,3,OK,-217.592,20.891,-1658.812,OK,-278.769,-38.823,-1709.598,OK,-245.048,-65.261,-1632.029
3,Port 0x01: JJH Probe  s/n:3E4C880C,869167966,1781711732.768581366,1,Too Few Markers,-3.697314E28,-3.697314E28,-3.697314E28,-3.697314E28,-3.697314E28,-3.697314E28,-3.697314E28,0.0000000,3,Missing,-3.697314E28,-3.697314E28,-3.697314E28,Missing,-3.697314E28,-3.697314E28,-3.697314E28,Missing,-3.697314E28,-3.697314E28,-3.697314E28,Port 0x02: JJH T tibia tracker  s/n:3E4C8800,869167966,1781711732.768581366,1,OK,0.9496825,0.1578006,-0.1192913,0.2428408,35.503,61.387,-1641.311,0.3755459,3,OK,35.736,61.034,-1641.410,OK,51.011,-27.592,-1673.314,OK,-41.313,23.341,-1668.569,Port 0x03: JJH Y femur tracker  s/n:3E4C8801,869167966,1781711732.768581366,1,OK,0.6505560,-0.4733818,-0.1940863,0.5612638,-217.587,20.540,-1658.559,0.5748903,3,OK,-217.577,20.888,-1658.833,OK,-278.753,-38.822,-1709.598,OK,-245.036,-65.253,-1632.047
3,Port 0x01: JJH Probe  s/n:3E4C880C,869167969,1781711732.818581366,1,Too Few Markers,-3.697314E28,-3.697314E28,-3.697314E28,-3.697314E28,-3.697314E28,-3.697314E28,-3.697314E28,0.0000000,3,Missing,-3.697314E28,-3.697314E28,-3.697314E28,Missing,-3.697314E28,-3.697314E28,-3.697314E28,Missing,-3.697314E28,-3.697314E28,-3.697314E28,Port 0x02: JJH T tibia tracker  s/n:3E4C8800,869167969,1781711732.818581366,1,OK,0.9494300,0.1589123,-0.1190102,0.2432410,35.538,61.586,-1641.359,0.3618763,3,OK,35.757,61.240,-1641.458,OK,51.136,-27.328,-1673.556,OK,-41.250,23.509,-1668.619,Port 0x03: JJH Y femur tracker  s/n:3E4C8801,869167969,1781711732.818581366,1,OK,0.6505330,-0.4734042,-0.1938137,0.5613658,-217.601,20.547,-1658.559,0.5856676,3,OK,-217.608,20.893,-1658.860,OK,-278.764,-38.808,-1709.518,OK,-245.059,-65.254,-1632.003
3,Port 0x01: JJH Probe  s/n:3E4C880C,869167972,1781711732.868581366,1,Too Few Markers,-3.697314E28,-3.697314E28,-3.697314E28,-3.697314E28,-3.697314E28,-3.697314E28,-3.697314E28,0.0000000,3,Missing,-3.697314E28,-3.697314E28,-3.697314E28,Missing,-3.697314E28,-3.697314E28,-3.697314E28,Missing,-3.697314E28,-3.697314E28,-3.697314E28,Port 0x02: JJH T tibia tracker  s/n:3E4C8800,869167972,1781711732.868581366,1,OK,0.9493862,0.1586933,-0.1190009,0.2435593,35.617,61.752,-1641.434,0.3816000,3,OK,35.831,61.374,-1641.547,OK,51.270,-27.141,-1673.575,OK,-41.134,23.624,-1668.687,Port 0x03: JJH Y femur tracker  s/n:3E4C8801,869167972,1781711732.868581366,1,OK,0.6506066,-0.4733302,-0.1940347,0.5612665,-217.586,20.540,-1658.527,0.5709245,3,OK,-217.576,20.889,-1658.803,OK,-278.758,-38.817,-1709.548,OK,-245.044,-65.253,-1632.024
3,Port 0x01: JJH Probe  s/n:3E4C880C,869167975,1781711732.918581363,1,Too Few Markers,-3.697314E28,-3.697314E28,-3.697314E28,-3.697314E28,-3.697314E28,-3.697314E28,-3.697314E28,0.0000000,3,Missing,-3.697314E28,-3.697314E28,-3.697314E28,Missing,-3.697314E28,-3.697314E28,-3.697314E28,Missing,-3.697314E28,-3.697314E28,-3.697314E28,Port 0x02: JJH T tibia tracker  s/n:3E4C8800,869167975,1781711732.918581363,1,OK,0.9490507,0.1601935,-0.1192712,0.2437522,35.670,61.881,-1641.377,0.3721185,3,OK,35.893,61.524,-1641.482,OK,51.390,-26.913,-1673.794,OK,-41.058,23.766,-1668.744,Port 0x03: JJH Y femur tracker  s/n:3E4C8801,869167975,1781711732.918581363,1,OK,0.6505841,-0.4733370,-0.1941086,0.5612614,-217.582,20.534,-1658.550,0.5726822,3,OK,-217.576,20.883,-1658.831,OK,-278.736,-38.820,-1709.575,OK,-245.037,-65.265,-1632.056
3,Port 0x01: JJH Probe  s/n:3E4C880C,869167978,1781711732.968581363,1,Too Few Markers,-3.697314E28,-3.697314E28,-3.697314E28,-3.697314E28,-3.697314E28,-3.697314E28,-3.697314E28,0.0000000,3,Missing,-3.697314E28,-3.697314E28,-3.697314E28,Missing,-3.697314E28,-3.697314E28,-3.697314E28,Missing,-3.697314E28,-3.697314E28,-3.697314E28,Port 0x02: JJH T tibia tracker  s/n:3E4C8800,869167978,1781711732.968581363,1,OK,0.9488353,0.1607890,-0.1195249,0.2440744,35.681,62.032,-1641.298,0.3787625,3,OK,35.901,61.663,-1641.408,OK,51.484,-26.703,-1673.817,OK,-41.009,23.897,-1668.737,Port 0x03: JJH Y femur tracker  s/n:3E4C8801,869167978,1781711732.968581363,1,OK,0.6505851,-0.4733875,-0.1940943,0.5612226,-217.596,20.533,-1658.521,0.5842436,3,OK,-217.580,20.889,-1658.792,OK,-278.773,-38.823,-1709.578,OK,-245.051,-65.266,-1632.003
3,Port 0x01: JJH Probe  s/n:3E4C880C,869167981,1781711733.018581362,1,Too Few Markers,-3.697314E28,-3.697314E28,-3.697314E28,-3.697314E28,-3.697314E28,-3.697314E28,-3.697314E28,0.0000000,3,Missing,-3.697314E28,-3.697314E28,-3.697314E28,Missing,-3.697314E28,-3.697314E28,-3.697314E28,Missing,-3.697314E28,-3.697314E28,-3.697314E28,Port 0x02: JJH T tibia tracker  s/n:3E4C8800,869167981,1781711733.018581362,1,OK,0.9485412,0.1617816,-0.1199257,0.2443648,35.754,62.168,-1641.276,0.3647783,3,OK,35.991,61.834,-1641.371,OK,51.643,-26.508,-1673.984,OK,-40.910,24.017,-1668.837,Port 0x03: JJH Y femur tracker  s/n:3E4C8801,869167981,1781711733.018581362,1,OK,0.6506533,-0.4732557,-0.1940328,0.5612758,-217.557,20.530,-1658.504,0.5692782,3,OK,-217.551,20.876,-1658.783,OK,-278.730,-38.816,-1709.521,OK,-245.014,-65.265,-1632.013
3,Port 0x01: JJH Probe  s/n:3E4C880C,869167984,1781711733.068581362,1,Too Few Markers,-3.697314E28,-3.697314E28,-3.697314E28,-3.697314E28,-3.697314E28,-3.697314E28,-3.697314E28,0.0000000,3,Missing,-3.697314E28,-3.697314E28,-3.697314E28,Missing,-3.697314E28,-3.697314E28,-3.697314E28,Missing,-3.697314E28,-3.697314E28,-3.697314E28,Port 0x02: JJH T tibia tracker  s/n:3E4C8800,869167984,1781711733.068581362,1,OK,0.9483932,0.1620514,-0.1200974,0.2446758,35.807,62.339,-1641.195,0.3720165,3,OK,36.042,61.992,-1641.296,OK,51.759,-26.294,-1673.944,OK,-40.812,24.150,-1668.802,Port 0x03: JJH Y femur tracker  s/n:3E4C8801,869167984,1781711733.068581362,1,OK,0.6505926,-0.4732803,-0.1938243,0.5613974,-217.554,20.533,-1658.524,0.5749741,3,OK,-217.552,20.886,-1658.816,OK,-278.729,-38.827,-1709.480,OK,-245.010,-65.266,-1631.996
3,Port 0x01: JJH Probe  s/n:3E4C880C,869167987,1781711733.118581363,1,Too Few Markers,-3.697314E28,-3.697314E28,-3.697314E28,-3.697314E28,-3.697314E28,-3.697314E28,-3.697314E28,0.0000000,3,Missing,-3.697314E28,-3.697314E28,-3.697314E28,Missing,-3.697314E28,-3.697314E28,-3.697314E28,Missing,-3.697314E28,-3.697314E28,-3.697314E28,Port 0x02: JJH T tibia tracker  s/n:3E4C8800,869167987,1781711733.118581363,1,OK,0.9482265,0.1630463,-0.1194954,0.2449555,35.866,62.482,-1641.107,0.3643019,3,OK,36.085,62.134,-1641.212,OK,51.867,-26.089,-1674.021,OK,-40.744,24.268,-1668.653,Port 0x03: JJH Y femur tracker  s/n:3E4C8801,869167987,1781711733.118581363,1,OK,0.6505970,-0.4733138,-0.1939507,0.5613205,-217.581,20.529,-1658.514,0.5793323,3,OK,-217.573,20.882,-1658.795,OK,-278.759,-38.826,-1709.520,OK,-245.033,-65.269,-1631.990
3,Port 0x01: JJH Probe  s/n:3E4C880C,869167990,1781711733.168581363,1,Too Few Markers,-3.697314E28,-3.697314E28,-3.697314E28,-3.697314E28,-3.697314E28,-3.697314E28,-3.697314E28,0.0000000,3,Missing,-3.697314E28,-3.697314E28,-3.697314E28,Missing,-3.697314E28,-3.697314E28,-3.697314E28,Missing,-3.697314E28,-3.697314E28,-3.697314E28,Port 0x02: JJH T tibia tracker  s/n:3E4C8800,869167990,1781711733.168581363,1,OK,0.9481810,0.1629699,-0.1188322,0.2455046,35.981,62.683,-1641.184,0.3792632,3,OK,36.178,62.296,-1641.307,OK,52.066,-25.869,-1674.054,OK,-40.595,24.375,-1668.619,Port 0x03: JJH Y femur tracker  s/n:3E4C8801,869167990,1781711733.168581363,1,OK,0.6505962,-0.4733314,-0.1939298,0.5613138,-217.541,20.522,-1658.521,0.5835892,3,OK,-217.535,20.875,-1658.805,OK,-278.721,-38.830,-1709.528,OK,-244.995,-65.278,-1631.988
3,Port 0x01: JJH Probe  s/n:3E4C880C,869167993,1781711733.218581363,1,Too Few Markers,-3.697314E28,-3.697314E28,-3.697314E28,-3.697314E28,-3.697314E28,-3.697314E28,-3.697314E28,0.0000000,3,Missing,-3.697314E28,-3.697314E28,-3.697314E28,Missing,-3.697314E28,-3.697314E28,-3.697314E28,Missing,-3.697314E28,-3.697314E28,-3.697314E28,Port 0x02: JJH T tibia tracker  s/n:3E4C8800,869167993,1781711733.218581363,1,OK,0.9478800,0.1634966,-0.1198712,0.2458116,35.977,62.747,-1640.979,0.3702625,3,OK,36.202,62.395,-1641.084,OK,52.161,-25.759,-1673.961,OK,-40.547,24.419,-1668.629,Port 0x03: JJH Y femur tracker  s/n:3E4C8801,869167993,1781711733.218581363,1,OK,0.6506549,-0.4732106,-0.1939250,0.5613492,-217.556,20.527,-1658.517,0.5665073,3,OK,-217.551,20.878,-1658.803,OK,-278.730,-38.825,-1709.492,OK,-245.015,-65.271,-1632.024
3,Port 0x01: JJH Probe  s/n:3E4C880C,869167996,1781711733.268581362,1,Too Few Markers,-3.697314E28,-3.697314E28,-3.697314E28,-3.697314E28,-3.697314E28,-3.697314E28,-3.697314E28,0.0000000,3,Missing,-3.697314E28,-3.697314E28,-3.697314E28,Missing,-3.697314E28,-3.697314E28,-3.697314E28,Missing,-3.697314E28,-3.697314E28,-3.697314E28,Port 0x02: JJH T tibia tracker  s/n:3E4C8800,869167996,1781711733.268581362,1,OK,0.9478953,0.1633662,-0.1192683,0.2461324,36.021,62.844,-1641.004,0.3662486,3,OK,36.229,62.483,-1641.116,OK,52.245,-25.672,-1673.947,OK,-40.486,24.452,-1668.548,Port 0x03: JJH Y femur tracker  s/n:3E4C8801,869167996,1781711733.268581362,1,OK,0.6506174,-0.4733148,-0.1941736,0.5612189,-217.577,20.527,-1658.494,0.5839902,3,OK,-217.558,20.880,-1658.757,OK,-278.758,-38.824,-1709.577,OK,-245.019,-65.274,-1631.988
3,Port 0x01: JJH Probe  s/n:3E4C880C,869167999,1781711733.318581362,1,Too Few Markers,-3.697314E28,-3.697314E28,-3.697314E28,-3.697314E28,-3.697314E28,-3.697314E28,-3.697314E28,0.0000000,3,Missing,-3.697314E28,-3.697314E28,-3.697314E28,Missing,-3.697314E28,-3.697314E28,-3.697314E28,Missing,-3.697314E28,-3.697314E28,-3.697314E28,Port 0x02: JJH T tibia tracker  s/n:3E4C8800,869167999,1781711733.318581362,1,OK,0.9476833,0.1638741,-0.1199353,0.2462866,36.081,62.930,-1640.927,0.3643611,3,OK,36.308,62.587,-1641.029,OK,52.365,-25.543,-1673.972,OK,-40.398,24.538,-1668.615,Port 0x03: JJH Y femur tracker  s/n:3E4C8801,869167999,1781711733.318581362,1,OK,0.6506165,-0.4733211,-0.1939837,0.5612803,-217.523,20.521,-1658.484,0.5848743,3,OK,-217.517,20.870,-1658.766,OK,-278.704,-38.825,-1709.510,OK,-244.976,-65.280,-1631.957
3,Port 0x01: JJH Probe  s/n:3E4C880C,869168002,1781711733.368581363,1,Too Few Markers,-3.697314E28,-3.697314E28,-3.697314E28,-3.697314E28,-3.697314E28,-3.697314E28,-3.697314E28,0.0000000,3,Missing,-3.697314E28,-3.697314E28,-3.697314E28,Missing,-3.697314E28,-3.697314E28,-3.697314E28,Missing,-3.697314E28,-3.697314E28,-3.697314E28,Port 0x02: JJH T tibia tracker  s/n:3E4C8800,869168002,1781711733.368581363,1,OK,0.9475674,0.1641376,-0.1198779,0.2465850,36.093,63.014,-1640.844,0.3652317,3,OK,36.326,62.676,-1640.943,OK,52.434,-25.434,-1673.929,OK,-40.368,24.577,-1668.543,Port 0x03: JJH Y femur tracker  s/n:3E4C8801,869168002,1781711733.368581363,1,OK,0.6505810,-0.4733462,-0.1939673,0.5613060,-217.560,20.528,-1658.475,0.5932302,3,OK,-217.556,20.883,-1658.764,OK,-278.734,-38.820,-1709.492,OK,-245.011,-65.283,-1631.934
3,Port 0x01: JJH Probe  s/n:3E4C880C,869168005,1781711733.418581363,1,Too Few Markers,-3.697314E28,-3.697314E28,-3.697314E28,-3.697314E28,-3.697314E28,-3.697314E28,-3.697314E28,0.0000000,3,Missing,-3.697314E28,-3.697314E28,-3.697314E28,Missing,-3.697314E28,-3.697314E28,-3.697314E28,Missing,-3.697314E28,-3.697314E28,-3.697314E28,Port 0x02: JJH T tibia tracker  s/n:3E4C8800,869168005,1781711733.418581363,1,OK,0.9473611,0.1646479,-0.1204901,0.2467390,36.109,63.037,-1640.697,0.3564528,3,OK,36.353,62.724,-1640.785,OK,52.499,-25.370,-1673.887,OK,-40.310,24.596,-1668.529,Port 0x03: JJH Y femur tracker  s/n:3E4C8801,869168005,1781711733.418581363,1,OK,0.6506203,-0.4733079,-0.1941483,0.5612302,-217.559,20.528,-1658.507,0.5771443,3,OK,-217.547,20.876,-1658.777,OK,-278.732,-38.821,-1709.568,OK,-245.008,-65.270,-1632.010
3,Port 0x01: JJH Probe  s/n:3E4C880C,869168008,1781711733.468581363,1,Too Few Markers,-3.697314E28,-3.697314E28,-3.697314E28,-3.697314E28,-3.697314E28,-3.697314E28,-3.697314E28,0.0000000,3,Missing,-3.697314E28,-3.697314E28,-3.697314E28,Missing,-3.697314E28,-3.697314E28,-3.697314E28,Missing,-3.697314E28,-3.697314E28,-3.697314E28,Port 0x02: JJH T tibia tracker  s/n:3E4C8800,869168008,1781711733.468581363,1,OK,0.9475006,0.1641826,-0.1196495,0.2469225,36.176,63.103,-1640.800,0.3641969,3,OK,36.395,62.754,-1640.906,OK,52.577,-25.334,-1673.882,OK,-40.253,24.615,-1668.465,Port 0x03: JJH Y femur tracker  s/n:3E4C8801,869168008,1781711733.468581363,1,OK,0.6507177,-0.4731213,-0.1941537,0.5612727,-217.533,20.503,-1658.476,0.5650204,3,OK,-217.520,20.861,-1658.753,OK,-278.699,-38.838,-1709.501,OK,-244.992,-65.306,-1632.030
3,Port 0x01: JJH Probe  s/n:3E4C880C,869168011,1781711733.518581362,1,Too Few Markers,-3.697314E28,-3.697314E28,-3.697314E28,-3.697314E28,-3.697314E28,-3.697314E28,-3.697314E28,0.0000000,3,Missing,-3.697314E28,-3.697314E28,-3.697314E28,Missing,-3.697314E28,-3.697314E28,-3.697314E28,Missing,-3.697314E28,-3.697314E28,-3.697314E28,Port 0x02: JJH T tibia tracker  s/n:3E4C8800,869168011,1781711733.518581362,1,OK,0.9472986,0.1647300,-0.1203644,0.2469854,36.131,63.110,-1640.688,0.3539666,3,OK,36.366,62.791,-1640.780,OK,52.571,-25.289,-1673.886,OK,-40.269,24.636,-1668.505,Port 0x03: JJH Y femur tracker  s/n:3E4C8801,869168011,1781711733.518581362,1,OK,0.6506414,-0.4732386,-0.1940523,0.5612974,-217.576,20.524,-1658.504,0.5745890,3,OK,-217.569,20.872,-1658.784,OK,-278.748,-38.823,-1709.527,OK,-245.026,-65.278,-1632.008
3,Port 0x01: JJH Probe  s/n:3E4C880C,869168014,1781711733.568581362,1,Too Few Markers,-3.697314E28,-3.697314E28,-3.697314E28,-3.697314E28,-3.697314E28,-3.697314E28,-3.697314E28,0.0000000,3,Missing,-3.697314E28,-3.697314E28,-3.697314E28,Missing,-3.697314E28,-3.697314E28,-3.697314E28,Missing,-3.697314E28,-3.697314E28,-3.697314E28,Port 0x02: JJH T tibia tracker  s/n:3E4C8800,869168014,1781711733.568581362,1,OK,0.9474176,0.1641790,-0.1197906,0.2471747,36.171,63.171,-1640.793,0.3689831,3,OK,36.401,62.824,-1640.896,OK,52.623,-25.252,-1673.870,OK,-40.236,24.641,-1668.491,Port 0x03: JJH Y femur tracker  s/n:3E4C8801,869168014,1781711733.568581362,1,OK,0.6506490,-0.4732723,-0.1940238,0.5612701,-217.570,20.525,-1658.524,0.5792482,3,OK,-217.555,20.879,-1658.795,OK,-278.760,-38.824,-1709.563,OK,-245.022,-65.273,-1632.014
3,Port 0x01: JJH Probe  s/n:3E4C880C,869168017,1781711733.618581363,1,Too Few Markers,-3.697314E28,-3.697314E28,-3.697314E28,-3.697314E28,-3.697314E28,-3.697314E28,-3.697314E28,0.0000000,3,Missing,-3.697314E28,-3.697314E28,-3.697314E28,Missing,-3.697314E28,-3.697314E28,-3.697314E28,Missing,-3.697314E28,-3.697314E28,-3.697314E28,Port 0x02: JJH T tibia tracker  s/n:3E4C8800,869168017,1781711733.618581363,1,OK,0.9473737,0.1643279,-0.1197481,0.2472645,36.233,63.200,-1640.764,0.3626699,3,OK,36.451,62.853,-1640.869,OK,52.703,-25.216,-1673.868,OK,-40.160,24.663,-1668.460,Port 0x03: JJH Y femur tracker  s/n:3E4C8801,869168017,1781711733.618581363,1,OK,0.6507227,-0.4731202,-0.1940913,0.5612894,-217.524,20.517,-1658.479,0.5656690,3,OK,-217.512,20.872,-1658.756,OK,-278.699,-38.824,-1709.499,OK,-244.980,-65.288,-1632.021
3,Port 0x01: JJH Probe  s/n:3E4C880C,869168020,1781711733.668581363,1,Too Few Markers,-3.697314E28,-3.697314E28,-3.697314E28,-3.697314E28,-3.697314E28,-3.697314E28,-3.697314E28,0.0000000,3,Missing,-3.697314E28,-3.697314E28,-3.697314E28,Missing,-3.697314E28,-3.697314E28,-3.697314E28,Missing,-3.697314E28,-3.697314E28,-3.697314E28,Port 0x02: JJH T tibia tracker  s/n:3E4C8800,869168020,1781711733.668581363,1,OK,0.9474212,0.1641649,-0.1193694,0.2473741,36.237,63.249,-1640.783,0.3706261,3,OK,36.450,62.886,-1640.895,OK,52.715,-25.171,-1673.845,OK,-40.160,24.685,-1668.407,Port 0x03: JJH Y femur tracker  s/n:3E4C8801,869168020,1781711733.668581363,1,OK,0.6507137,-0.4732309,-0.1942055,0.5611669,-217.548,20.522,-1658.473,0.5712167,3,OK,-217.528,20.872,-1658.732,OK,-278.735,-38.817,-1709.558,OK,-245.004,-65.272,-1632.004
3,Port 0x01: JJH Probe  s/n:3E4C880C,869168023,1781711733.718581363,1,Too Few Markers,-3.697314E28,-3.697314E28,-3.697314E28,-3.697314E28,-3.697314E28,-3.697314E28,-3.697314E28,0.0000000,3,Missing,-3.697314E28,-3.697314E28,-3.697314E28,Missing,-3.697314E28,-3.697314E28,-3.697314E28,Missing,-3.697314E28,-3.697314E28,-3.697314E28,Port 0x02: JJH T tibia tracker  s/n:3E4C8800,869168023,1781711733.718581363,1,OK,0.9471891,0.1645792,-0.1205684,0.2474059,36.182,63.237,-1640.699,0.3663511,3,OK,36.429,62.911,-1640.792,OK,52.710,-25.148,-1673.860,OK,-40.185,24.696,-1668.557,Port 0x03: JJH Y femur tracker  s/n:3E4C8801,869168023,1781711733.718581363,1,OK,0.6506542,-0.4732074,-0.1942132,0.5612531,-217.581,20.529,-1658.504,0.5714154,3,OK,-217.567,20.876,-1658.770,OK,-278.752,-38.819,-1709.572,OK,-245.020,-65.272,-1632.031
3,Port 0x01: JJH Probe  s/n:3E4C880C,869168026,1781711733.768581362,1,Too Few Markers,-3.697314E28,-3.697314E28,-3.697314E28,-3.697314E28,-3.697314E28,-3.697314E28,-3.697314E28,0.0000000,3,Missing,-3.697314E28,-3.697314E28,-3.697314E28,Missing,-3.697314E28,-3.697314E28,-3.697314E28,Missing,-3.697314E28,-3.697314E28,-3.697314E28,Port 0x02: JJH T tibia tracker  s/n:3E4C8800,869168026,1781711733.768581362,1,OK,0.9472410,0.1647355,-0.1198474,0.2474537,36.244,63.241,-1640.677,0.3582699,3,OK,36.469,62.906,-1640.777,OK,52.764,-25.149,-1673.855,OK,-40.136,24.687,-1668.413,Port 0x03: JJH Y femur tracker  s/n:3E4C8801,869168026,1781711733.768581362,1,OK,0.6506875,-0.4732076,-0.1942181,0.5612128,-217.543,20.512,-1658.484,0.5734946,3,OK,-217.526,20.861,-1658.746,OK,-278.724,-38.830,-1709.566,OK,-244.987,-65.287,-1632.011
3,Port 0x01: JJH Probe  s/n:3E4C880C,869168029,1781711733.818581362,1,Too Few Markers,-3.697314E28,-3.697314E28,-3.697314E28,-3.697314E28,-3.697314E28,-3.697314E28,-3.697314E28,0.0000000,3,Missing,-3.697314E28,-3.697314E28,-3.697314E28,Missing,-3.697314E28,-3.697314E28,-3.697314E28,Missing,-3.697314E28,-3.697314E28,-3.697314E28,Port 0x02: JJH T tibia tracker  s/n:3E4C8800,869168029,1781711733.818581362,1,OK,0.9472248,0.1647004,-0.1199745,0.2474776,36.241,63.259,-1640.665,0.3592284,3,OK,36.472,62.928,-1640.762,OK,52.768,-25.130,-1673.838,OK,-40.135,24.701,-1668.423,Port 0x03: JJH Y femur tracker  s/n:3E4C8801,869168029,1781711733.818581362,1,OK,0.6507163,-0.4731568,-0.1943642,0.5611715,-217.554,20.525,-1658.490,0.5638099,3,OK,-217.530,20.881,-1658.748,OK,-278.719,-38.819,-1709.584,OK,-245.005,-65.280,-1632.063
3,Port 0x01: JJH Probe  s/n:3E4C880C,869168032,1781711733.868581363,1,Too Few Markers,-3.697314E28,-3.697314E28,-3.697314E28,-3.697314E28,-3.697314E28,-3.697314E28,-3.697314E28,0.0000000,3,Missing,-3.697314E28,-3.697314E28,-3.697314E28,Missing,-3.697314E28,-3.697314E28,-3.697314E28,Missing,-3.697314E28,-3.697314E28,-3.697314E28,Port 0x02: JJH T tibia tracker  s/n:3E4C8800,869168032,1781711733.868581363,1,OK,0.9473139,0.1642324,-0.1196433,0.2476076,36.218,63.292,-1640.747,0.3717529,3,OK,36.443,62.937,-1640.855,OK,52.751,-25.113,-1673.822,OK,-40.155,24.695,-1668.431,Port 0x03: JJH Y femur tracker  s/n:3E4C8801,869168032,1781711733.868581363,1,OK,0.6507147,-0.4731547,-0.1943393,0.5611839,-217.565,20.525,-1658.472,0.5630339,3,OK,-217.547,20.875,-1658.734,OK,-278.728,-38.815,-1709.557,OK,-245.015,-65.278,-1632.041
3,Port 0x01: JJH Probe  s/n:3E4C880C,869168035,1781711733.918581364,1,Too Few Markers,-3.697314E28,-3.697314E28,-3.697314E28,-3.697314E28,-3.697314E28,-3.697314E28,-3.697314E28,0.0000000,3,Missing,-3.697314E28,-3.697314E28,-3.697314E28,Missing,-3.697314E28,-3.697314E28,-3.697314E28,Missing,-3.697314E28,-3.697314E28,-3.697314E28,Port 0x02: JJH T tibia tracker  s/n:3E4C8800,869168035,1781711733.918581364,1,OK,0.9473001,0.1641832,-0.1199213,0.2475587,36.223,63.271,-1640.727,0.3739284,3,OK,36.452,62.916,-1640.834,OK,52.756,-25.134,-1673.797,OK,-40.146,24.688,-1668.455,Port 0x03: JJH Y femur tracker  s/n:3E4C8801,869168035,1781711733.918581364,1,OK,0.6507218,-0.4730954,-0.1942594,0.5612532,-217.561,20.519,-1658.443,0.5556595,3,OK,-217.542,20.875,-1658.709,OK,-278.724,-38.829,-1709.491,OK,-245.013,-65.284,-1632.020
3,Port 0x01: JJH Probe  s/n:3E4C880C,869168038,1781711733.968581364,1,Too Few Markers,-3.697314E28,-3.697314E28,-3.697314E28,-3.697314E28,-3.697314E28,-3.697314E28,-3.697314E28,0.0000000,3,Missing,-3.697314E28,-3.697314E28,-3.697314E28,Missing,-3.697314E28,-3.697314E28,-3.697314E28,Missing,-3.697314E28,-3.697314E28,-3.697314E28,Port 0x02: JJH T tibia tracker  s/n:3E4C8800,869168038,1781711733.968581364,1,OK,0.9472816,0.1645513,-0.1196570,0.2475128,36.249,63.279,-1640.715,0.3645079,3,OK,36.476,62.937,-1640.818,OK,52.768,-25.116,-1673.853,OK,-40.135,24.704,-1668.414,Port 0x03: JJH Y femur tracker  s/n:3E4C8801,869168038,1781711733.968581364,1,OK,0.6506895,-0.4732459,-0.1941437,0.5612038,-217.547,20.524,-1658.501,0.5738294,3,OK,-217.536,20.872,-1658.773,OK,-278.723,-38.812,-1709.557,OK,-245.005,-65.275,-1632.021
3,Port 0x01: JJH Probe  s/n:3E4C880C,869168041,1781711734.018581365,1,Too Few Markers,-3.697314E28,-3.697314E28,-3.697314E28,-3.697314E28,-3.697314E28,-3.697314E28,-3.697314E28,0.0000000,3,Missing,-3.697314E28,-3.697314E28,-3.697314E28,Missing,-3.697314E28,-3.697314E28,-3.697314E28,Missing,-3.697314E28,-3.697314E28,-3.697314E28,Port 0x02: JJH T tibia tracker  s/n:3E4C8800,869168041,1781711734.018581365,1,OK,0.9472384,0.1645392,-0.1198424,0.2475964,36.243,63.278,-1640.690,0.3653815,3,OK,36.471,62.936,-1640.793,OK,52.781,-25.110,-1673.827,OK,-40.122,24.693,-1668.422,Port 0x03: JJH Y femur tracker  s/n:3E4C8801,869168041,1781711734.018581365,1,OK,0.6507091,-0.4731824,-0.1940199,0.5612774,-217.532,20.518,-1658.487,0.5674816,3,OK,-217.520,20.874,-1658.766,OK,-278.712,-38.825,-1709.495,OK,-244.997,-65.282,-1632.013
3,Port 0x01: JJH Probe  s/n:3E4C880C,869168044,1781711734.068581365,1,Too Few Markers,-3.697314E28,-3.697314E28,-3.697314E28,-3.697314E28,-3.697314E28,-3.697314E28,-3.697314E28,0.0000000,3,Missing,-3.697314E28,-3.697314E28,-3.697314E28,Missing,-3.697314E28,-3.697314E28,-3.697314E28,Missing,-3.697314E28,-3.697314E28,-3.697314E28,Port 0x02: JJH T tibia tracker  s/n:3E4C8800,869168044,1781711734.068581365,1,OK,0.9472316,0.1643669,-0.1201662,0.2475802,36.205,63.265,-1640.679,0.3708460,3,OK,36.437,62.917,-1640.783,OK,52.750,-25.125,-1673.788,OK,-40.149,24.687,-1668.458,Port 0x03: JJH Y femur tracker  s/n:3E4C8801,869168044,1781711734.068581365,1,OK,0.6507131,-0.4731830,-0.1939958,0.5612805,-217.564,20.509,-1658.474,0.5759212,3,OK,-217.560,20.857,-1658.756,OK,-278.749,-38.822,-1709.490,OK,-245.021,-65.293,-1631.979
3,Port 0x01: JJH Probe  s/n:3E4C880C,869168047,1781711734.118581365,1,Too Few Markers,-3.697314E28,-3.697314E28,-3.697314E28,-3.697314E28,-3.697314E28,-3.697314E28,-3.697314E28,0.0000000,3,Missing,-3.697314E28,-3.697314E28,-3.697314E28,Missing,-3.697314E28,-3.697314E28,-3.697314E28,Missing,-3.697314E28,-3.697314E28,-3.697314E28,Port 0x02: JJH T tibia tracker  s/n:3E4C8800,869168047,1781711734.118581365,1,OK,0.9473088,0.1643463,-0.1195966,0.2475741,36.251,63.294,-1640.718,0.3731137,3,OK,36.472,62.933,-1640.829,OK,52.782,-25.106,-1673.812,OK,-40.129,24.709,-1668.396,Port 0x03: JJH Y femur tracker  s/n:3E4C8801,869168047,1781711734.118581365,1,OK,0.6506759,-0.4732202,-0.1941728,0.5612312,-217.544,20.515,-1658.501,0.5780455,3,OK,-217.532,20.868,-1658.776,OK,-278.715,-38.824,-1709.559,OK,-244.996,-65.294,-1632.023
3,Port 0x01: JJH Probe  s/n:3E4C880C,869168050,1781711734.168581364,1,Too Few Markers,-3.697314E28,-3.697314E28,-3.697314E28,-3.697314E28,-3.697314E28,-3.697314E28,-3.697314E28,0.0000000,3,Missing,-3.697314E28,-3.697314E28,-3.697314E28,Missing,-3.697314E28,-3.697314E28,-3.697314E28,Missing,-3.697314E28,-3.697314E28,-3.697314E28,Port 0x02: JJH T tibia tracker  s/n:3E4C8800,869168050,1781711734.168581364,1,OK,0.9472932,0.1644747,-0.1194758,0.2476069,36.250,63.291,-1640.708,0.3595281,3,OK,36.468,62.947,-1640.813,OK,52.781,-25.114,-1673.829,OK,-40.125,24.697,-1668.372,Port 0x03: JJH Y femur tracker  s/n:3E4C8801,869168050,1781711734.168581364,1,OK,0.6506854,-0.4732079,-0.1940182,0.5612840,-217.536,20.514,-1658.508,0.5734938,3,OK,-217.528,20.870,-1658.793,OK,-278.709,-38.827,-1709.513,OK,-244.999,-65.293,-1632.024
3,Port 0x01: JJH Probe  s/n:3E4C880C,869168053,1781711734.218581364,1,Too Few Markers,-3.697314E28,-3.697314E28,-3.697314E28,-3.697314E28,-3.697314E28,-3.697314E28,-3.697314E28,0.0000000,3,Missing,-3.697314E28,-3.697314E28,-3.697314E28,Missing,-3.697314E28,-3.697314E28,-3.697314E28,Missing,-3.697314E28,-3.697314E28,-3.697314E28,Port 0x02: JJH T tibia tracker  s/n:3E4C8800,869168053,1781711734.218581364,1,OK,0.9472374,0.1646343,-0.1198304,0.2475430,36.219,63.262,-1640.641,0.3634714,3,OK,36.445,62.921,-1640.743,OK,52.750,-25.124,-1673.796,OK,-40.151,24.690,-1668.372,Port 0x03: JJH Y femur tracker  s/n:3E4C8801,869168053,1781711734.218581364,1,OK,0.6507840,-0.4730077,-0.1941872,0.5612801,-217.572,20.502,-1658.472,0.5503915,3,OK,-217.555,20.857,-1658.740,OK,-278.744,-38.839,-1709.497,OK,-245.028,-65.299,-1632.059
3,Port 0x01: JJH Probe  s/n:3E4C880C,869168056,1781711734.268581365,1,Too Few Markers,-3.697314E28,-3.697314E28,-3.697314E28,-3.697314E28,-3.697314E28,-3.697314E28,-3.697314E28,0.0000000,3,Missing,-3.697314E28,-3.697314E28,-3.697314E28,Missing,-3.697314E28,-3.697314E28,-3.697314E28,Missing,-3.697314E28,-3.697314E28,-3.697314E28,Port 0x02: JJH T tibia tracker  s/n:3E4C8800,869168056,1781711734.268581365,1,OK,0.9472282,0.1644630,-0.1200515,0.2475851,36.227,63.276,-1640.671,0.3716055,3,OK,36.457,62.927,-1640.776,OK,52.772,-25.109,-1673.794,OK,-40.134,24.699,-1668.434,Port 0x03: JJH Y femur tracker  s/n:3E4C8801,869168056,1781711734.268581365,1,OK,0.6507133,-0.4731707,-0.1941358,0.5612423,-217.547,20.507,-1658.504,0.5622436,3,OK,-217.534,20.857,-1658.774,OK,-278.722,-38.835,-1709.541,OK,-245.005,-65.289,-1632.047
3,Port 0x01: JJH Probe  s/n:3E4C880C,869168059,1781711734.318581365,1,Too Few Markers,-3.697314E28,-3.697314E28,-3.697314E28,-3.697314E28,-3.697314E28,-3.697314E28,-3.697314E28,0.0000000,3,Missing,-3.697314E28,-3.697314E28,-3.697314E28,Missing,-3.697314E28,-3.697314E28,-3.697314E28,Missing,-3.697314E28,-3.697314E28,-3.697314E28,Port 0x02: JJH T tibia tracker  s/n:3E4C8800,869168059,1781711734.318581365,1,OK,0.9473210,0.1641040,-0.1197078,0.2476344,36.248,63.293,-1640.725,0.3759344,3,OK,36.473,62.932,-1640.835,OK,52.785,-25.115,-1673.775,OK,-40.119,24.690,-1668.415,Port 0x03: JJH Y femur tracker  s/n:3E4C8801,869168059,1781711734.318581365,1,OK,0.6506305,-0.4733068,-0.1941743,0.5612103,-217.544,20.507,-1658.522,0.5855912,3,OK,-217.532,20.858,-1658.796,OK,-278.716,-38.834,-1709.595,OK,-244.992,-65.299,-1632.021
3,Port 0x01: JJH Probe  s/n:3E4C880C,869168062,1781711734.368581365,1,Too Few Markers,-3.697314E28,-3.697314E28,-3.697314E28,-3.697314E28,-3.697314E28,-3.697314E28,-3.697314E28,0.0000000,3,Missing,-3.697314E28,-3.697314E28,-3.697314E28,Missing,-3.697314E28,-3.697314E28,-3.697314E28,Missing,-3.697314E28,-3.697314E28,-3.697314E28,Port 0x02: JJH T tibia tracker  s/n:3E4C8800,869168062,1781711734.368581365,1,OK,0.9471935,0.1647892,-0.1199667,0.2475418,36.226,63.259,-1640.617,0.3561597,3,OK,36.452,62.928,-1640.715,OK,52.766,-25.124,-1673.806,OK,-40.139,24.695,-1668.378,Port 0x03: JJH Y femur tracker  s/n:3E4C8801,869168062,1781711734.368581365,1,OK,0.6506713,-0.4732212,-0.1940338,0.5612838,-217.550,20.504,-1658.487,0.5734564,3,OK,-217.536,20.863,-1658.763,OK,-278.729,-38.844,-1709.505,OK,-245.008,-65.299,-1631.999
3,Port 0x01: JJH Probe  s/n:3E4C880C,869168065,1781711734.418581364,1,Too Few Markers,-3.697314E28,-3.697314E28,-3.697314E28,-3.697314E28,-3.697314E28,-3.697314E28,-3.697314E28,0.0000000,3,Missing,-3.697314E28,-3.697314E28,-3.697314E28,Missing,-3.697314E28,-3.697314E28,-3.697314E28,Missing,-3.697314E28,-3.697314E28,-3.697314E28,Port 0x02: JJH T tibia tracker  s/n:3E4C8800,869168065,1781711734.418581364,1,OK,0.9472693,0.1643608,-0.1197894,0.2476223,36.224,63.282,-1640.688,0.3695821,3,OK,36.447,62.929,-1640.795,OK,52.767,-25.115,-1673.788,OK,-40.142,24.692,-1668.401,Port 0x03: JJH Y femur tracker  s/n:3E4C8801,869168065,1781711734.418581364,1,OK,0.6506439,-0.4732677,-0.1940943,0.5612553,-217.559,20.512,-1658.545,0.5831869,3,OK,-217.548,20.865,-1658.822,OK,-278.736,-38.831,-1709.594,OK,-245.008,-65.294,-1632.042
3,Port 0x01: JJH Probe  s/n:3E4C880C,869168068,1781711734.468581364,1,Too Few Markers,-3.697314E28,-3.697314E28,-3.697314E28,-3.697314E28,-3.697314E28,-3.697314E28,-3.697314E28,0.0000000,3,Missing,-3.697314E28,-3.697314E28,-3.697314E28,Missing,-3.697314E28,-3.697314E28,-3.697314E28,Missing,-3.697314E28,-3.697314E28,-3.697314E28,Port 0x02: JJH T tibia tracker  s/n:3E4C8800,869168068,1781711734.468581364,1,OK,0.9472396,0.1645409,-0.1198827,0.2475712,36.236,63.272,-1640.630,0.3695438,3,OK,36.466,62.925,-1640.734,OK,52.774,-25.114,-1673.766,OK,-40.135,24.694,-1668.368,Port 0x03: JJH Y femur tracker  s/n:3E4C8801,869168068,1781711734.468581364,1,OK,0.6507156,-0.4731836,-0.1942298,0.5611963,-217.562,20.501,-1658.508,0.5700404,3,OK,-217.541,20.855,-1658.768,OK,-278.745,-38.841,-1709.590,OK,-245.013,-65.299,-1632.049
3,Port 0x01: JJH Probe  s/n:3E4C880C,869168071,1781711734.518581365,1,Too Few Markers,-3.697314E28,-3.697314E28,-3.697314E28,-3.697314E28,-3.697314E28,-3.697314E28,-3.697314E28,0.0000000,3,Missing,-3.697314E28,-3.697314E28,-3.697314E28,Missing,-3.697314E28,-3.697314E28,-3.697314E28,Missing,-3.697314E28,-3.697314E28,-3.697314E28,Port 0x02: JJH T tibia tracker  s/n:3E4C8800,869168071,1781711734.518581365,1,OK,0.9472271,0.1644724,-0.1199399,0.2476369,36.242,63.272,-1640.639,0.3686982,3,OK,36.467,62.922,-1640.745,OK,52.800,-25.118,-1673.762,OK,-40.121,24.689,-1668.383,Port 0x03: JJH Y femur tracker  s/n:3E4C8801,869168071,1781711734.518581365,1,OK,0.6506585,-0.4731908,-0.1942503,0.5612493,-217.546,20.512,-1658.491,0.5789765,3,OK,-217.529,20.862,-1658.755,OK,-278.721,-38.833,-1709.579,OK,-244.978,-65.295,-1632.013
3,Port 0x01: JJH Probe  s/n:3E4C880C,869168074,1781711734.568581365,1,Too Few Markers,-3.697314E28,-3.697314E28,-3.697314E28,-3.697314E28,-3.697314E28,-3.697314E28,-3.697314E28,0.0000000,3,Missing,-3.697314E28,-3.697314E28,-3.697314E28,Missing,-3.697314E28,-3.697314E28,-3.697314E28,Missing,-3.697314E28,-3.697314E28,-3.697314E28,Port 0x02: JJH T tibia tracker  s/n:3E4C8800,869168074,1781711734.568581365,1,OK,0.9472359,0.1643178,-0.1201745,0.2475923,36.219,63.279,-1640.656,0.3721171,3,OK,36.455,62.934,-1640.758,OK,52.765,-25.114,-1673.755,OK,-40.139,24.697,-1668.436,Port 0x03: JJH Y femur tracker  s/n:3E4C8801,869168074,1781711734.568581365,1,OK,0.6506497,-0.4733119,-0.1940259,0.5612350,-217.556,20.508,-1658.557,0.5841664,3,OK,-217.546,20.860,-1658.834,OK,-278.740,-38.833,-1709.596,OK,-245.015,-65.293,-1632.041
3,Port 0x01: JJH Probe  s/n:3E4C880C,869168077,1781711734.618581365,1,Too Few Markers,-3.697314E28,-3.697314E28,-3.697314E28,-3.697314E28,-3.697314E28,-3.697314E28,-3.697314E28,0.0000000,3,Missing,-3.697314E28,-3.697314E28,-3.697314E28,Missing,-3.697314E28,-3.697314E28,-3.697314E28,Missing,-3.697314E28,-3.697314E28,-3.697314E28,Port 0x02: JJH T tibia tracker  s/n:3E4C8800,869168077,1781711734.618581365,1,OK,0.9472267,0.1647487,-0.1197191,0.2475615,36.218,63.266,-1640.608,0.3606492,3,OK,36.441,62.926,-1640.711,OK,52.753,-25.116,-1673.783,OK,-40.154,24.693,-1668.325,Port 0x03: JJH Y femur tracker  s/n:3E4C8801,869168077,1781711734.618581365,1,OK,0.6507192,-0.4731624,-0.1942653,0.5611976,-217.572,20.501,-1658.476,0.5634151,3,OK,-217.551,20.858,-1658.738,OK,-278.744,-38.843,-1709.547,OK,-245.028,-65.300,-1632.037
3,Port 0x01: JJH Probe  s/n:3E4C880C,869168080,1781711734.668581364,1,Too Few Markers,-3.697314E28,-3.697314E28,-3.697314E28,-3.697314E28,-3.697314E28,-3.697314E28,-3.697314E28,0.0000000,3,Missing,-3.697314E28,-3.697314E28,-3.697314E28,Missing,-3.697314E28,-3.697314E28,-3.697314E28,Missing,-3.697314E28,-3.697314E28,-3.697314E28,Port 0x02: JJH T tibia tracker  s/n:3E4C8800,869168080,1781711734.668581364,1,OK,0.9472077,0.1645412,-0.1200949,0.2475903,36.235,63.275,-1640.646,0.3682288,3,OK,36.469,62.933,-1640.748,OK,52.786,-25.110,-1673.786,OK,-40.127,24.699,-1668.421,Port 0x03: JJH Y femur tracker  s/n:3E4C8801,869168080,1781711734.668581364,1,OK,0.6508029,-0.4730540,-0.1942449,0.5611991,-217.530,20.505,-1658.460,0.5473502,3,OK,-217.515,20.859,-1658.729,OK,-278.695,-38.829,-1709.495,OK,-245.003,-65.294,-1632.063
3,Port 0x01: JJH Probe  s/n:3E4C880C,869168083,1781711734.718581364,1,Too Few Markers,-3.697314E28,-3.697314E28,-3.697314E28,-3.697314E28,-3.697314E28,-3.697314E28,-3.697314E28,0.0000000,3,Missing,-3.697314E28,-3.697314E28,-3.697314E28,Missing,-3.697314E28,-3.697314E28,-3.697314E28,Missing,-3.697314E28,-3.697314E28,-3.697314E28,Port 0x02: JJH T tibia tracker  s/n:3E4C8800,869168083,1781711734.718581364,1,OK,0.9472288,0.1644355,-0.1200303,0.2476112,36.247,63.278,-1640.630,0.3742745,3,OK,36.484,62.930,-1640.733,OK,52.794,-25.106,-1673.747,OK,-40.117,24.692,-1668.391,Port 0x03: JJH Y femur tracker  s/n:3E4C8801,869168083,1781711734.718581364,1,OK,0.6507598,-0.4731485,-0.1942546,0.5611659,-217.524,20.502,-1658.461,0.5635472,3,OK,-217.500,20.860,-1658.721,OK,-278.704,-38.836,-1709.537,OK,-244.987,-65.298,-1632.026
3,Port 0x01: JJH Probe  s/n:3E4C880C,869168086,1781711734.768581365,1,Too Few Markers,-3.697314E28,-3.697314E28,-3.697314E28,-3.697314E28,-3.697314E28,-3.697314E28,-3.697314E28,0.0000000,3,Missing,-3.697314E28,-3.697314E28,-3.697314E28,Missing,-3.697314E28,-3.697314E28,-3.697314E28,Missing,-3.697314E28,-3.697314E28,-3.697314E28,Port 0x02: JJH T tibia tracker  s/n:3E4C8800,869168086,1781711734.768581365,1,OK,0.9472752,0.1643813,-0.1197946,0.2475838,36.209,63.279,-1640.633,0.3737960,3,OK,36.432,62.920,-1640.743,OK,52.746,-25.113,-1673.736,OK,-40.160,24.697,-1668.346,Port 0x03: JJH Y femur tracker  s/n:3E4C8801,869168086,1781711734.768581365,1,OK,0.6506724,-0.4731983,-0.1940698,0.5612894,-217.571,20.509,-1658.494,0.5778593,3,OK,-217.564,20.857,-1658.772,OK,-278.749,-38.830,-1709.530,OK,-245.017,-65.295,-1632.000
3,Port 0x01: JJH Probe  s/n:3E4C880C,869168089,1781711734.818581365,1,Too Few Markers,-3.697314E28,-3.697314E28,-3.697314E28,-3.697314E28,-3.697314E28,-3.697314E28,-3.697314E28,0.0000000,3,Missing,-3.697314E28,-3.697314E28,-3.697314E28,Missing,-3.697314E28,-3.697314E28,-3.697314E28,Missing,-3.697314E28,-3.697314E28,-3.697314E28,Port 0x02: JJH T tibia tracker  s/n:3E4C8800,869168089,1781711734.818581365,1,OK,0.9472873,0.1643611,-0.1196264,0.2476322,36.233,63.288,-1640.712,0.3695970,3,OK,36.456,62.935,-1640.819,OK,52.771,-25.110,-1673.809,OK,-40.136,24.691,-1668.398,Port 0x03: JJH Y femur tracker  s/n:3E4C8801,869168089,1781711734.818581365,1,OK,0.6507445,-0.4730883,-0.1941264,0.5612790,-217.547,20.513,-1658.479,0.5589482,3,OK,-217.536,20.863,-1658.754,OK,-278.719,-38.825,-1709.500,OK,-245.003,-65.288,-1632.036
3,Port 0x01: JJH Probe  s/n:3E4C880C,869168092,1781711734.868581365,1,Too Few Markers,-3.697314E28,-3.697314E28,-3.697314E28,-3.697314E28,-3.697314E28,-3.697314E28,-3.697314E28,0.0000000,3,Missing,-3.697314E28,-3.697314E28,-3.697314E28,Missing,-3.697314E28,-3.697314E28,-3.697314E28,Missing,-3.697314E28,-3.697314E28,-3.697314E28,Port 0x02: JJH T tibia tracker  s/n:3E4C8800,869168092,1781711734.868581365,1,OK,0.9472322,0.1646233,-0.1198750,0.2475487,36.275,63.271,-1640.660,0.3644055,3,OK,36.506,62.932,-1640.760,OK,52.807,-25.114,-1673.813,OK,-40.095,24.696,-1668.400,Port 0x03: JJH Y femur tracker  s/n:3E4C8801,869168092,1781711734.868581365,1,OK,0.6507446,-0.4730993,-0.1941590,0.5612582,-217.508,20.504,-1658.496,0.5615355,3,OK,-217.492,20.860,-1658.767,OK,-278.684,-38.836,-1709.532,OK,-244.965,-65.299,-1632.055
3,Port 0x01: JJH Probe  s/n:3E4C880C,869168095,1781711734.918581361,1,Too Few Markers,-3.697314E28,-3.697314E28,-3.697314E28,-3.697314E28,-3.697314E28,-3.697314E28,-3.697314E28,0.0000000,3,Missing,-3.697314E28,-3.697314E28,-3.697314E28,Missing,-3.697314E28,-3.697314E28,-3.697314E28,Missing,-3.697314E28,-3.697314E28,-3.697314E28,Port 0x02: JJH T tibia tracker  s/n:3E4C8800,869168095,1781711734.918581361,1,OK,0.9472786,0.1643670,-0.1197671,0.2475936,36.209,63.292,-1640.658,0.3670938,3,OK,36.439,62.949,-1640.760,OK,52.735,-25.105,-1673.761,OK,-40.156,24.696,-1668.370,Port 0x03: JJH Y femur tracker  s/n:3E4C8801,869168095,1781711734.918581361,1,OK,0.6507103,-0.4731330,-0.1941112,0.5612861,-217.571,20.512,-1658.472,0.5679001,3,OK,-217.559,20.865,-1658.749,OK,-278.743,-38.829,-1709.498,OK,-245.024,-65.295,-1632.010
3,Port 0x01: JJH Probe  s/n:3E4C880C,869168098,1781711734.968581361,1,Too Few Markers,-3.697314E28,-3.697314E28,-3.697314E28,-3.697314E28,-3.697314E28,-3.697314E28,-3.697314E28,0.0000000,3,Missing,-3.697314E28,-3.697314E28,-3.697314E28,Missing,-3.697314E28,-3.697314E28,-3.697314E28,Missing,-3.697314E28,-3.697314E28,-3.697314E28,Port 0x02: JJH T tibia tracker  s/n:3E4C8800,869168098,1781711734.968581361,1,OK,0.9472801,0.1645065,-0.1195701,0.2475902,36.228,63.291,-1640.692,0.3678341,3,OK,36.447,62.937,-1640.800,OK,52.758,-25.100,-1673.816,OK,-40.146,24.705,-1668.372,Port 0x03: JJH Y femur tracker  s/n:3E4C8801,869168098,1781711734.968581361,1,OK,0.6507726,-0.4730495,-0.1942424,0.5612389,-217.559,20.512,-1658.460,0.5495349,3,OK,-217.538,20.864,-1658.719,OK,-278.735,-38.832,-1709.512,OK,-245.013,-65.283,-1632.046
3,Port 0x01: JJH Probe  s/n:3E4C880C,869168101,1781711735.018581361,1,Too Few Markers,-3.697314E28,-3.697314E28,-3.697314E28,-3.697314E28,-3.697314E28,-3.697314E28,-3.697314E28,0.0000000,3,Missing,-3.697314E28,-3.697314E28,-3.697314E28,Missing,-3.697314E28,-3.697314E28,-3.697314E28,Missing,-3.697314E28,-3.697314E28,-3.697314E28,Port 0x02: JJH T tibia tracker  s/n:3E4C8800,869168101,1781711735.018581361,1,OK,0.9473108,0.1643200,-0.1193918,0.2476828,36.277,63.305,-1640.700,0.3664615,3,OK,36.495,62.952,-1640.808,OK,52.817,-25.101,-1673.786,OK,-40.095,24.693,-1668.344,Port 0x03: JJH Y femur tracker  s/n:3E4C8801,869168101,1781711735.018581361,1,OK,0.6507232,-0.4731749,-0.1941715,0.5612151,-217.509,20.512,-1658.490,0.5642856,3,OK,-217.494,20.863,-1658.759,OK,-278.684,-38.828,-1709.540,OK,-244.969,-65.287,-1632.037
3,Port 0x01: JJH Probe  s/n:3E4C880C,869168104,1781711735.068581361,1,Too Few Markers,-3.697314E28,-3.697314E28,-3.697314E28,-3.697314E28,-3.697314E28,-3.697314E28,-3.697314E28,0.0000000,3,Missing,-3.697314E28,-3.697314E28,-3.697314E28,Missing,-3.697314E28,-3.697314E28,-3.697314E28,Missing,-3.697314E28,-3.697314E28,-3.697314E28,Port 0x02: JJH T tibia tracker  s/n:3E4C8800,869168104,1781711735.068581361,1,OK,0.9472295,0.1646446,-0.1197462,0.2476070,36.212,63.282,-1640.599,0.3606759,3,OK,36.435,62.942,-1640.701,OK,52.747,-25.103,-1673.754,OK,-40.149,24.695,-1668.318,Port 0x03: JJH Y femur tracker  s/n:3E4C8801,869168104,1781711735.068581361,1,OK,0.6507158,-0.4732341,-0.1941050,0.5611967,-217.559,20.516,-1658.458,0.5711097,3,OK,-217.550,20.864,-1658.734,OK,-278.737,-38.815,-1709.501,OK,-245.025,-65.281,-1631.983
3,Port 0x01: JJH Probe  s/n:3E4C880C,869168107,1781711735.118581361,1,Too Few Markers,-3.697314E28,-3.697314E28,-3.697314E28,-3.697314E28,-3.697314E28,-3.697314E28,-3.697314E28,0.0000000,3,Missing,-3.697314E28,-3.697314E28,-3.697314E28,Missing,-3.697314E28,-3.697314E28,-3.697314E28,Missing,-3.697314E28,-3.697314E28,-3.697314E28,Port 0x02: JJH T tibia tracker  s/n:3E4C8800,869168107,1781711735.118581361,1,OK,0.9472595,0.1646410,-0.1196080,0.2475614,36.213,63.289,-1640.630,0.3599205,3,OK,36.430,62.944,-1640.736,OK,52.738,-25.101,-1673.783,OK,-40.154,24.710,-1668.322,Port 0x03: JJH Y femur tracker  s/n:3E4C8801,869168107,1781711735.118581361,1,OK,0.6506676,-0.4732732,-0.1942465,0.5611706,-217.578,20.518,-1658.487,0.5740792,3,OK,-217.559,20.863,-1658.743,OK,-278.761,-38.826,-1709.587,OK,-245.023,-65.274,-1632.008
3,Port 0x01: JJH Probe  s/n:3E4C880C,869168110,1781711735.168581361,1,Too Few Markers,-3.697314E28,-3.697314E28,-3.697314E28,-3.697314E28,-3.697314E28,-3.697314E28,-3.697314E28,0.0000000,3,Missing,-3.697314E28,-3.697314E28,-3.697314E28,Missing,-3.697314E28,-3.697314E28,-3.697314E28,Missing,-3.697314E28,-3.697314E28,-3.697314E28,Port 0x02: JJH T tibia tracker  s/n:3E4C8800,869168110,1781711735.168581361,1,OK,0.9472789,0.1643085,-0.1198588,0.2475870,36.253,63.296,-1640.672,0.3703516,3,OK,36.482,62.947,-1640.776,OK,52.790,-25.104,-1673.765,OK,-40.117,24.710,-1668.396,Port 0x03: JJH Y femur tracker  s/n:3E4C8801,869168110,1781711735.168581361,1,OK,0.6506337,-0.4732277,-0.1939506,0.5613506,-217.528,20.524,-1658.479,0.5756844,3,OK,-217.525,20.872,-1658.764,OK,-278.704,-38.825,-1709.474,OK,-244.977,-65.278,-1631.969
3,Port 0x01: JJH Probe  s/n:3E4C880C,869168113,1781711735.218581361,1,Too Few Markers,-3.697314E28,-3.697314E28,-3.697314E28,-3.697314E28,-3.697314E28,-3.697314E28,-3.697314E28,0.0000000,3,Missing,-3.697314E28,-3.697314E28,-3.697314E28,Missing,-3.697314E28,-3.697314E28,-3.697314E28,Missing,-3.697314E28,-3.697314E28,-3.697314E28,Port 0x02: JJH T tibia tracker  s/n:3E4C8800,869168113,1781711735.218581361,1,OK,0.9471997,0.1645368,-0.1201244,0.2476097,36.243,63.280,-1640.629,0.3669403,3,OK,36.474,62.937,-1640.731,OK,52.793,-25.103,-1673.768,OK,-40.110,24.700,-1668.409,Port 0x03: JJH Y femur tracker  s/n:3E4C8801,869168113,1781711735.218581361,1,OK,0.6506778,-0.4732403,-0.1940400,0.5612579,-217.528,20.516,-1658.507,0.5756642,3,OK,-217.520,20.863,-1658.784,OK,-278.711,-38.822,-1709.540,OK,-244.983,-65.281,-1632.009
3,Port 0x01: JJH Probe  s/n:3E4C880C,869168116,1781711735.268581361,1,Too Few Markers,-3.697314E28,-3.697314E28,-3.697314E28,-3.697314E28,-3.697314E28,-3.697314E28,-3.697314E28,0.0000000,3,Missing,-3.697314E28,-3.697314E28,-3.697314E28,Missing,-3.697314E28,-3.697314E28,-3.697314E28,Missing,-3.697314E28,-3.697314E28,-3.697314E28,Port 0x02: JJH T tibia tracker  s/n:3E4C8800,869168116,1781711735.268581361,1,OK,0.9471996,0.1647326,-0.1199392,0.2475696,36.224,63.279,-1640.624,0.3565668,3,OK,36.449,62.947,-1640.723,OK,52.766,-25.107,-1673.801,OK,-40.140,24.708,-1668.379,Port 0x03: JJH Y femur tracker  s/n:3E4C8801,869168116,1781711735.268581361,1,OK,0.6506936,-0.4732197,-0.1941413,0.5612220,-217.548,20.511,-1658.470,0.5738690,3,OK,-217.535,20.866,-1658.744,OK,-278.722,-38.827,-1709.517,OK,-245.008,-65.293,-1631.996
3,Port 0x01: JJH Probe  s/n:3E4C880C,869168119,1781711735.318581361,1,Too Few Markers,-3.697314E28,-3.697314E28,-3.697314E28,-3.697314E28,-3.697314E28,-3.697314E28,-3.697314E28,0.0000000,3,Missing,-3.697314E28,-3.697314E28,-3.697314E28,Missing,-3.697314E28,-3.697314E28,-3.697314E28,Missing,-3.697314E28,-3.697314E28,-3.697314E28,Port 0x02: JJH T tibia tracker  s/n:3E4C8800,869168119,1781711735.318581361,1,OK,0.9472904,0.1642724,-0.1197417,0.2476234,36.213,63.301,-1640.702,0.3725198,3,OK,36.444,62.950,-1640.807,OK,52.752,-25.101,-1673.786,OK,-40.161,24.702,-1668.407,Port 0x03: JJH Y femur tracker  s/n:3E4C8801,869168119,1781711735.318581361,1,OK,0.6506302,-0.4732647,-0.1939785,0.5613138,-217.567,20.515,-1658.501,0.5783415,3,OK,-217.561,20.866,-1658.785,OK,-278.742,-38.833,-1709.508,OK,-245.020,-65.287,-1631.990
3,Port 0x01: JJH Probe  s/n:3E4C880C,869168122,1781711735.368581361,1,Too Few Markers,-3.697314E28,-3.697314E28,-3.697314E28,-3.697314E28,-3.697314E28,-3.697314E28,-3.697314E28,0.0000000,3,Missing,-3.697314E28,-3.697314E28,-3.697314E28,Missing,-3.697314E28,-3.697314E28,-3.697314E28,Missing,-3.697314E28,-3.697314E28,-3.697314E28,Port 0x02: JJH T tibia tracker  s/n:3E4C8800,869168122,1781711735.368581361,1,OK,0.9472992,0.1645094,-0.1193929,0.2476008,36.253,63.298,-1640.674,0.3682126,3,OK,36.471,62.942,-1640.783,OK,52.783,-25.097,-1673.795,OK,-40.129,24.707,-1668.323,Port 0x03: JJH Y femur tracker  s/n:3E4C8801,869168122,1781711735.368581361,1,OK,0.6506681,-0.4732051,-0.1941064,0.5612759,-217.544,20.514,-1658.512,0.5719534,3,OK,-217.527,20.871,-1658.782,OK,-278.723,-38.837,-1709.551,OK,-244.994,-65.288,-1632.032
3,Port 0x01: JJH Probe  s/n:3E4C880C,869168125,1781711735.418581361,1,Too Few Markers,-3.697314E28,-3.697314E28,-3.697314E28,-3.697314E28,-3.697314E28,-3.697314E28,-3.697314E28,0.0000000,3,Missing,-3.697314E28,-3.697314E28,-3.697314E28,Missing,-3.697314E28,-3.697314E28,-3.697314E28,Missing,-3.697314E28,-3.697314E28,-3.697314E28,Port 0x02: JJH T tibia tracker  s/n:3E4C8800,869168125,1781711735.418581361,1,OK,0.9472638,0.1644682,-0.1197319,0.2476002,36.257,63.292,-1640.659,0.3652502,3,OK,36.482,62.947,-1640.763,OK,52.795,-25.105,-1673.781,OK,-40.115,24.704,-1668.368,Port 0x03: JJH Y femur tracker  s/n:3E4C8801,869168125,1781711735.418581361,1,OK,0.6507339,-0.4731268,-0.1943171,0.5611928,-217.534,20.509,-1658.498,0.5629272,3,OK,-217.508,20.871,-1658.755,OK,-278.707,-38.838,-1709.579,OK,-244.989,-65.297,-1632.072
3,Port 0x01: JJH Probe  s/n:3E4C880C,869168128,1781711735.468581361,1,Too Few Markers,-3.697314E28,-3.697314E28,-3.697314E28,-3.697314E28,-3.697314E28,-3.697314E28,-3.697314E28,0.0000000,3,Missing,-3.697314E28,-3.697314E28,-3.697314E28,Missing,-3.697314E28,-3.697314E28,-3.697314E28,Missing,-3.697314E28,-3.697314E28,-3.697314E28,Port 0x02: JJH T tibia tracker  s/n:3E4C8800,869168128,1781711735.468581361,1,OK,0.9472138,0.1648323,-0.1197067,0.2475613,36.211,63.283,-1640.608,0.3619832,3,OK,36.439,62.945,-1640.709,OK,52.748,-25.095,-1673.798,OK,-40.169,24.711,-1668.328,Port 0x03: JJH Y femur tracker  s/n:3E4C8801,869168128,1781711735.468581361,1,OK,0.6506404,-0.4733087,-0.1942565,0.5611687,-217.575,20.518,-1658.468,0.5863932,3,OK,-217.554,20.870,-1658.728,OK,-278.755,-38.826,-1709.578,OK,-245.018,-65.285,-1631.973
3,Port 0x01: JJH Probe  s/n:3E4C880C,869168131,1781711735.518581361,1,Too Few Markers,-3.697314E28,-3.697314E28,-3.697314E28,-3.697314E28,-3.697314E28,-3.697314E28,-3.697314E28,0.0000000,3,Missing,-3.697314E28,-3.697314E28,-3.697314E28,Missing,-3.697314E28,-3.697314E28,-3.697314E28,Missing,-3.697314E28,-3.697314E28,-3.697314E28,Port 0x02: JJH T tibia tracker  s/n:3E4C8800,869168131,1781711735.518581361,1,OK,0.9472552,0.1645153,-0.1197587,0.2475887,36.227,63.286,-1640.674,0.3697585,3,OK,36.456,62.938,-1640.778,OK,52.766,-25.103,-1673.803,OK,-40.149,24.702,-1668.389,Port 0x03: JJH Y femur tracker  s/n:3E4C8801,869168131,1781711735.518581361,1,OK,0.6507217,-0.4731896,-0.1940575,0.5612437,-217.542,20.509,-1658.487,0.5711988,3,OK,-217.527,20.867,-1658.761,OK,-278.727,-38.831,-1709.516,OK,-245.006,-65.292,-1632.012
3,Port 0x01: JJH Probe  s/n:3E4C880C,869168134,1781711735.568581361,1,Too Few Markers,-3.697314E28,-3.697314E28,-3.697314E28,-3.697314E28,-3.697314E28,-3.697314E28,-3.697314E28,0.0000000,3,Missing,-3.697314E28,-3.697314E28,-3.697314E28,Missing,-3.697314E28,-3.697314E28,-3.697314E28,Missing,-3.697314E28,-3.697314E28,-3.697314E28,Port 0x02: JJH T tibia tracker  s/n:3E4C8800,869168134,1781711735.568581361,1,OK,0.9473591,0.1639891,-0.1195043,0.2476630,36.255,63.323,-1640.723,0.3769592,3,OK,36.481,62.961,-1640.833,OK,52.790,-25.095,-1673.748,OK,-40.121,24.706,-1668.375,Port 0x03: JJH Y femur tracker  s/n:3E4C8801,869168134,1781711735.568581361,1,OK,0.6506644,-0.4732664,-0.1940544,0.5612464,-217.526,20.512,-1658.509,0.5866080,3,OK,-217.512,20.868,-1658.784,OK,-278.713,-38.829,-1709.557,OK,-244.980,-65.295,-1631.999
3,Port 0x01: JJH Probe  s/n:3E4C880C,869168137,1781711735.618581361,1,Too Few Markers,-3.697314E28,-3.697314E28,-3.697314E28,-3.697314E28,-3.697314E28,-3.697314E28,-3.697314E28,0.0000000,3,Missing,-3.697314E28,-3.697314E28,-3.697314E28,Missing,-3.697314E28,-3.697314E28,-3.697314E28,Missing,-3.697314E28,-3.697314E28,-3.697314E28,Port 0x02: JJH T tibia tracker  s/n:3E4C8800,869168137,1781711735.618581361,1,OK,0.9472476,0.1644363,-0.1197508,0.2476740,36.221,63.299,-1640.621,0.3653604,3,OK,36.444,62.952,-1640.725,OK,52.770,-25.096,-1673.735,OK,-40.139,24.699,-1668.332,Port 0x03: JJH Y femur tracker  s/n:3E4C8801,869168137,1781711735.618581361,1,OK,0.6506791,-0.4732260,-0.1941871,0.5612176,-217.550,20.516,-1658.478,0.5784171,3,OK,-217.533,20.868,-1658.744,OK,-278.731,-38.825,-1709.554,OK,-244.997,-65.288,-1631.996
3,Port 0x01: JJH Probe  s/n:3E4C880C,869168140,1781711735.668581361,1,Too Few Markers,-3.697314E28,-3.697314E28,-3.697314E28,-3.697314E28,-3.697314E28,-3.697314E28,-3.697314E28,0.0000000,3,Missing,-3.697314E28,-3.697314E28,-3.697314E28,Missing,-3.697314E28,-3.697314E28,-3.697314E28,Missing,-3.697314E28,-3.697314E28,-3.697314E28,Port 0x02: JJH T tibia tracker  s/n:3E4C8800,869168140,1781711735.668581361,1,OK,0.9472712,0.1644705,-0.1195815,0.2476427,36.237,63.300,-1640.659,0.3631151,3,OK,36.460,62.956,-1640.763,OK,52.775,-25.098,-1673.779,OK,-40.131,24.700,-1668.343,Port 0x03: JJH Y femur tracker  s/n:3E4C8801,869168140,1781711735.668581361,1,OK,0.6507387,-0.4731094,-0.1941354,0.5612647,-217.544,20.508,-1658.482,0.5631884,3,OK,-217.533,20.853,-1658.752,OK,-278.723,-38.828,-1709.522,OK,-244.994,-65.291,-1632.026
3,Port 0x01: JJH Probe  s/n:3E4C880C,869168143,1781711735.718581361,1,Too Few Markers,-3.697314E28,-3.697314E28,-3.697314E28,-3.697314E28,-3.697314E28,-3.697314E28,-3.697314E28,0.0000000,3,Missing,-3.697314E28,-3.697314E28,-3.697314E28,Missing,-3.697314E28,-3.697314E28,-3.697314E28,Missing,-3.697314E28,-3.697314E28,-3.697314E28,Port 0x02: JJH T tibia tracker  s/n:3E4C8800,869168143,1781711735.718581361,1,OK,0.9472875,0.1644223,-0.1196097,0.2475989,36.240,63.302,-1640.661,0.3686574,3,OK,36.466,62.953,-1640.766,OK,52.772,-25.095,-1673.771,OK,-40.138,24.710,-1668.347,Port 0x03: JJH Y femur tracker  s/n:3E4C8801,869168143,1781711735.718581361,1,OK,0.6507107,-0.4731689,-0.1942986,0.5611906,-217.547,20.513,-1658.473,0.5704537,3,OK,-217.529,20.862,-1658.735,OK,-278.720,-38.825,-1709.565,OK,-244.992,-65.291,-1632.022
3,Port 0x01: JJH Probe  s/n:3E4C880C,869168146,1781711735.768581361,1,Too Few Markers,-3.697314E28,-3.697314E28,-3.697314E28,-3.697314E28,-3.697314E28,-3.697314E28,-3.697314E28,0.0000000,3,Missing,-3.697314E28,-3.697314E28,-3.697314E28,Missing,-3.697314E28,-3.697314E28,-3.697314E28,Missing,-3.697314E28,-3.697314E28,-3.697314E28,Port 0x02: JJH T tibia tracker  s/n:3E4C8800,869168146,1781711735.768581361,1,OK,0.9472294,0.1646130,-0.1198401,0.2475829,36.237,63.281,-1640.621,0.3635899,3,OK,36.465,62.941,-1640.723,OK,52.774,-25.104,-1673.771,OK,-40.128,24.700,-1668.354,Port 0x03: JJH Y femur tracker  s/n:3E4C8801,869168146,1781711735.768581361,1,OK,0.6506745,-0.4732948,-0.1943615,0.5611046,-217.543,20.504,-1658.476,0.5779202,3,OK,-217.514,20.862,-1658.726,OK,-278.722,-38.842,-1709.605,OK,-244.996,-65.296,-1632.013
3,Port 0x01: JJH Probe  s/n:3E4C880C,869168149,1781711735.818581361,1,Too Few Markers,-3.697314E28,-3.697314E28,-3.697314E28,-3.697314E28,-3.697314E28,-3.697314E28,-3.697314E28,0.0000000,3,Missing,-3.697314E28,-3.697314E28,-3.697314E28,Missing,-3.697314E28,-3.697314E28,-3.697314E28,Missing,-3.697314E28,-3.697314E28,-3.697314E28,Port 0x02: JJH T tibia tracker  s/n:3E4C8800,869168149,1781711735.818581361,1,OK,0.9472483,0.1645552,-0.1197725,0.2475818,36.225,63.284,-1640.624,0.3657267,3,OK,36.451,62.939,-1640.727,OK,52.756,-25.103,-1673.761,OK,-40.139,24.699,-1668.343,Port 0x03: JJH Y femur tracker  s/n:3E4C8801,869168149,1781711735.818581361,1,OK,0.6506808,-0.4732398,-0.1942373,0.5611866,-217.561,20.508,-1658.495,0.5726876,3,OK,-217.540,20.863,-1658.757,OK,-278.737,-38.837,-1709.577,OK,-245.014,-65.292,-1632.028
3,Port 0x01: JJH Probe  s/n:3E4C880C,869168152,1781711735.868581361,1,Too Few Markers,-3.697314E28,-3.697314E28,-3.697314E28,-3.697314E28,-3.697314E28,-3.697314E28,-3.697314E28,0.0000000,3,Missing,-3.697314E28,-3.697314E28,-3.697314E28,Missing,-3.697314E28,-3.697314E28,-3.697314E28,Missing,-3.697314E28,-3.697314E28,-3.697314E28,Port 0x02: JJH T tibia tracker  s/n:3E4C8800,869168152,1781711735.868581361,1,OK,0.9472956,0.1643189,-0.1196421,0.2476209,36.237,63.307,-1640.659,0.3682095,3,OK,36.457,62.953,-1640.767,OK,52.774,-25.096,-1673.750,OK,-40.132,24.713,-1668.344,Port 0x03: JJH Y femur tracker  s/n:3E4C8801,869168152,1781711735.868581361,1,OK,0.6507336,-0.4731428,-0.1941264,0.5612456,-217.545,20.510,-1658.513,0.5671809,3,OK,-217.529,20.866,-1658.783,OK,-278.728,-38.830,-1709.554,OK,-245.004,-65.292,-1632.054
3,Port 0x01: JJH Probe  s/n:3E4C880C,869168155,1781711735.918581362,1,Too Few Markers,-3.697314E28,-3.697314E28,-3.697314E28,-3.697314E28,-3.697314E28,-3.697314E28,-3.697314E28,0.0000000,3,Missing,-3.697314E28,-3.697314E28,-3.697314E28,Missing,-3.697314E28,-3.697314E28,-3.697314E28,Missing,-3.697314E28,-3.697314E28,-3.697314E28,Port 0x02: JJH T tibia tracker  s/n:3E4C8800,869168155,1781711735.918581362,1,OK,0.9472988,0.1642121,-0.1197467,0.2476289,36.225,63.300,-1640.664,0.3715640,3,OK,36.446,62.943,-1640.773,OK,52.769,-25.106,-1673.735,OK,-40.144,24.707,-1668.363,Port 0x03: JJH Y femur tracker  s/n:3E4C8801,869168155,1781711735.918581362,1,OK,0.6507507,-0.4730742,-0.1941577,0.5612728,-217.558,20.512,-1658.486,0.5573991,3,OK,-217.542,20.863,-1658.753,OK,-278.737,-38.830,-1709.523,OK,-245.010,-65.286,-1632.047
3,Port 0x01: JJH Probe  s/n:3E4C880C,869168158,1781711735.968581361,1,Too Few Markers,-3.697314E28,-3.697314E28,-3.697314E28,-3.697314E28,-3.697314E28,-3.697314E28,-3.697314E28,0.0000000,3,Missing,-3.697314E28,-3.697314E28,-3.697314E28,Missing,-3.697314E28,-3.697314E28,-3.697314E28,Missing,-3.697314E28,-3.697314E28,-3.697314E28,Port 0x02: JJH T tibia tracker  s/n:3E4C8800,869168158,1781711735.968581361,1,OK,0.9473359,0.1642387,-0.1194362,0.2476194,36.255,63.309,-1640.670,0.3734819,3,OK,36.475,62.947,-1640.781,OK,52.786,-25.098,-1673.741,OK,-40.127,24.709,-1668.317,Port 0x03: JJH Y femur tracker  s/n:3E4C8801,869168158,1781711735.968581361,1,OK,0.6506783,-0.4732279,-0.1941747,0.5612212,-217.531,20.515,-1658.478,0.5722508,3,OK,-217.516,20.864,-1658.745,OK,-278.708,-38.828,-1709.542,OK,-244.982,-65.284,-1632.003
3,Port 0x01: JJH Probe  s/n:3E4C880C,869168161,1781711736.018581361,1,Too Few Markers,-3.697314E28,-3.697314E28,-3.697314E28,-3.697314E28,-3.697314E28,-3.697314E28,-3.697314E28,0.0000000,3,Missing,-3.697314E28,-3.697314E28,-3.697314E28,Missing,-3.697314E28,-3.697314E28,-3.697314E28,Missing,-3.697314E28,-3.697314E28,-3.697314E28,Port 0x02: JJH T tibia tracker  s/n:3E4C8800,869168161,1781711736.018581361,1,OK,0.9473048,0.1643682,-0.1195673,0.2475890,36.237,63.300,-1640.673,0.3689785,3,OK,36.461,62.948,-1640.780,OK,52.759,-25.098,-1673.772,OK,-40.134,24.704,-1668.349,Port 0x03: JJH Y femur tracker  s/n:3E4C8801,869168161,1781711736.018581361,1,OK,0.6507087,-0.4731913,-0.1940066,0.5612750,-217.547,20.512,-1658.516,0.5743841,3,OK,-217.542,20.858,-1658.797,OK,-278.730,-38.821,-1709.534,OK,-245.004,-65.288,-1632.024
3,Port 0x01: JJH Probe  s/n:3E4C880C,869168164,1781711736.068581362,1,Too Few Markers,-3.697314E28,-3.697314E28,-3.697314E28,-3.697314E28,-3.697314E28,-3.697314E28,-3.697314E28,0.0000000,3,Missing,-3.697314E28,-3.697314E28,-3.697314E28,Missing,-3.697314E28,-3.697314E28,-3.697314E28,Missing,-3.697314E28,-3.697314E28,-3.697314E28,Port 0x02: JJH T tibia tracker  s/n:3E4C8800,869168164,1781711736.068581362,1,OK,0.9471893,0.1645874,-0.1202001,0.2475789,36.208,63.280,-1640.597,0.3654779,3,OK,36.447,62.947,-1640.694,OK,52.753,-25.101,-1673.749,OK,-40.148,24.703,-1668.394,Port 0x03: JJH Y femur tracker  s/n:3E4C8801,869168164,1781711736.068581362,1,OK,0.6506476,-0.4732413,-0.1940003,0.5613058,-217.554,20.517,-1658.515,0.5795820,3,OK,-217.551,20.864,-1658.799,OK,-278.730,-38.824,-1709.530,OK,-245.004,-65.286,-1632.006
3,Port 0x01: JJH Probe  s/n:3E4C880C,869168167,1781711736.118581362,1,Too Few Markers,-3.697314E28,-3.697314E28,-3.697314E28,-3.697314E28,-3.697314E28,-3.697314E28,-3.697314E28,0.0000000,3,Missing,-3.697314E28,-3.697314E28,-3.697314E28,Missing,-3.697314E28,-3.697314E28,-3.697314E28,Missing,-3.697314E28,-3.697314E28,-3.697314E28,Port 0x02: JJH T tibia tracker  s/n:3E4C8800,869168167,1781711736.118581362,1,OK,0.9473270,0.1641010,-0.1196871,0.2476237,36.243,63.302,-1640.654,0.3794456,3,OK,36.465,62.934,-1640.768,OK,52.784,-25.104,-1673.702,OK,-40.131,24.707,-1668.338,Port 0x03: JJH Y femur tracker  s/n:3E4C8801,869168167,1781711736.118581362,1,OK,0.6506924,-0.4731880,-0.1941807,0.5612365,-217.541,20.510,-1658.517,0.5772226,3,OK,-217.523,20.865,-1658.783,OK,-278.724,-38.832,-1709.588,OK,-244.987,-65.295,-1632.040
3,Port 0x01: JJH Probe  s/n:3E4C880C,869168170,1781711736.168581362,1,Too Few Markers,-3.697314E28,-3.697314E28,-3.697314E28,-3.697314E28,-3.697314E28,-3.697314E28,-3.697314E28,0.0000000,3,Missing,-3.697314E28,-3.697314E28,-3.697314E28,Missing,-3.697314E28,-3.697314E28,-3.697314E28,Missing,-3.697314E28,-3.697314E28,-3.697314E28,Port 0x02: JJH T tibia tracker  s/n:3E4C8800,869168170,1781711736.168581362,1,OK,0.9473446,0.1642255,-0.1193931,0.2476156,36.236,63.311,-1640.692,0.3700496,3,OK,36.453,62.951,-1640.802,OK,52.760,-25.099,-1673.761,OK,-40.141,24.708,-1668.330,Port 0x03: JJH Y femur tracker  s/n:3E4C8801,869168170,1781711736.168581362,1,OK,0.6507936,-0.4730783,-0.1942950,0.5611721,-217.547,20.512,-1658.435,0.5601090,3,OK,-217.526,20.864,-1658.694,OK,-278.727,-38.818,-1709.519,OK,-245.003,-65.288,-1632.014
3,Port 0x01: JJH Probe  s/n:3E4C880C,869168173,1781711736.218581361,1,Too Few Markers,-3.697314E28,-3.697314E28,-3.697314E28,-3.697314E28,-3.697314E28,-3.697314E28,-3.697314E28,0.0000000,3,Missing,-3.697314E28,-3.697314E28,-3.697314E28,Missing,-3.697314E28,-3.697314E28,-3.697314E28,Missing,-3.697314E28,-3.697314E28,-3.697314E28,Port 0x02: JJH T tibia tracker  s/n:3E4C8800,869168173,1781711736.218581361,1,OK,0.9473246,0.1642521,-0.1194853,0.2476299,36.251,63.301,-1640.669,0.3719019,3,OK,36.465,62.937,-1640.782,OK,52.779,-25.100,-1673.743,OK,-40.114,24.701,-1668.323,Port 0x03: JJH Y femur tracker  s/n:3E4C8801,869168173,1781711736.218581361,1,OK,0.6507601,-0.4731802,-0.1942431,0.5611430,-217.529,20.503,-1658.488,0.5718124,3,OK,-217.508,20.852,-1658.745,OK,-278.720,-38.826,-1709.587,OK,-244.984,-65.293,-1632.030
3,Port 0x01: JJH Probe  s/n:3E4C880C,869168176,1781711736.268581361,1,Too Few Markers,-3.697314E28,-3.697314E28,-3.697314E28,-3.697314E28,-3.697314E28,-3.697314E28,-3.697314E28,0.0000000,3,Missing,-3.697314E28,-3.697314E28,-3.697314E28,Missing,-3.697314E28,-3.697314E28,-3.697314E28,Missing,-3.697314E28,-3.697314E28,-3.697314E28,Port 0x02: JJH T tibia tracker  s/n:3E4C8800,869168176,1781711736.268581361,1,OK,0.9472615,0.1646798,-0.1195169,0.2475719,36.236,63.286,-1640.629,0.3648455,3,OK,36.458,62.938,-1640.734,OK,52.767,-25.100,-1673.785,OK,-40.146,24.705,-1668.307,Port 0x03: JJH Y femur tracker  s/n:3E4C8801,869168176,1781711736.268581361,1,OK,0.6506951,-0.4732141,-0.1940349,0.5612618,-217.552,20.501,-1658.530,0.5779187,3,OK,-217.538,20.854,-1658.802,OK,-278.744,-38.840,-1709.570,OK,-245.005,-65.299,-1632.032
3,Port 0x01: JJH Probe  s/n:3E4C880C,869168179,1781711736.318581362,1,Too Few Markers,-3.697314E28,-3.697314E28,-3.697314E28,-3.697314E28,-3.697314E28,-3.697314E28,-3.697314E28,0.0000000,3,Missing,-3.697314E28,-3.697314E28,-3.697314E28,Missing,-3.697314E28,-3.697314E28,-3.697314E28,Missing,-3.697314E28,-3.697314E28,-3.697314E28,Port 0x02: JJH T tibia tracker  s/n:3E4C8800,869168179,1781711736.318581362,1,OK,0.9473432,0.1642304,-0.1193968,0.2476157,36.236,63.308,-1640.667,0.3739071,3,OK,36.456,62.946,-1640.778,OK,52.763,-25.099,-1673.735,OK,-40.147,24.705,-1668.307,Port 0x03: JJH Y femur tracker  s/n:3E4C8801,869168179,1781711736.318581362,1,OK,0.6506799,-0.4732322,-0.1940410,0.5612621,-217.538,20.507,-1658.536,0.5727803,3,OK,-217.524,20.860,-1658.808,OK,-278.725,-38.839,-1709.570,OK,-244.994,-65.290,-1632.044
