Tools,Port 0x01: JJH Probe  s/n:3E4C880C,Frame,Time [sec],Face,State,Q0,Qx,Qy,Qz,Tx,Ty,Tz,Error,Markers,State,Tx,Ty,Tz,State,Tx,Ty,Tz,State,Tx,Ty,Tz,Port 0x02: JJH T tibia tracker  s/n:3E4C8800,Frame,Time [sec],Face,State,Q0,Qx,Qy,Qz,Tx,Ty,Tz,Error,Markers,State,Tx,Ty,Tz,State,Tx,Ty,Tz,State,Tx,Ty,Tz,Port 0x03: JJH Y femur tracker  s/n:3E4C8801,Frame,Time [sec],Face,State,Q0,Qx,Qy,Qz,Tx,Ty,Tz,Error,Markers,State,Tx,Ty,Tz,State,Tx,Ty,Tz,State,Tx,Ty,Tz
3,Port 0x01: JJH Probe  s/n:3E4C880C,868050946,1781693115.768695159,1,Too Few Markers,-3.697314E28,-3.697314E28,-3.697314E28,-3.697314E28,-3.697314E28,-3.697314E28,-3.697314E28,0.0000000,3,Missing,-3.697314E28,-3.697314E28,-3.697314E28,Missing,-3.697314E28,-3.697314E28,-3.697314E28,Missing,-3.697314E28,-3.697314E28,-3.697314E28,Port 0x02: JJH T tibia tracker  s/n:3E4C8800,868050946,1781693115.768695159,1,OK,0.9420475,0.2005052,-0.1159791,0.2426789,7.401,51.742,-1632.315,0.3037824,3,OK,7.620,51.493,-1632.406,OK,23.281,-34.152,-1671.924,OK,-69.548,14.842,-1660.704,Port 0x03: JJH Y femur tracker  s/n:3E4C8801,868050946,1781693115.768695159,1,OK,0.6331473,-0.1462430,0.0798850,0.7558809,-232.462,-7.844,-1549.703,0.4957324,3,OK,-232.343,-7.196,-1549.898,OK,-302.344,-77.473,-1536.021,OK,-217.998,-95.295,-1519.537
3,Port 0x01: JJH Probe  s/n:3E4C880C,868050949,1781693115.818695159,1,Too Few Markers,-3.697314E28,-3.697314E28,-3.697314E28,-3.697314E28,-3.697314E28,-3.697314E28,-3.697314E28,0.0000000,3,Missing,-3.697314E28,-3.697314E28,-3.697314E28,Missing,-3.697314E28,-3.697314E28,-3.697314E28,Missing,-3.697314E28,-3.697314E28,-3.697314E28,Port 0x02: JJH T tibia tracker  s/n:3E4C8800,868050949,1781693115.818695159,1,OK,0.9422031,0.2000661,-0.1153583,0.2427329,7.425,51.769,-1632.406,0.3126566,3,OK,7.629,51.492,-1632.513,OK,23.289,-34.157,-1671.920,OK,-69.539,14.836,-1660.669,Port 0x03: JJH Y femur tracker  s/n:3E4C8801,868050949,1781693115.818695159,1,OK,0.6332394,-0.1458231,0.0797365,0.7559005,-232.448,-7.836,-1549.662,0.4939637,3,OK,-232.318,-7.190,-1549.855,OK,-302.337,-77.476,-1536.001,OK,-217.990,-95.303,-1519.576
3,Port 0x01: JJH Probe  s/n:3E4C880C,868050952,1781693115.868695159,1,Too Few Markers,-3.697314E28,-3.697314E28,-3.697314E28,-3.697314E28,-3.697314E28,-3.697314E28,-3.697314E28,0.0000000,3,Missing,-3.697314E28,-3.697314E28,-3.697314E28,Missing,-3.697314E28,-3.697314E28,-3.697314E28,Missing,-3.697314E28,-3.697314E28,-3.697314E28,Port 0x02: JJH T tibia tracker  s/n:3E4C8800,868050952,1781693115.868695159,1,OK,0.9422190,0.1999744,-0.1153712,0.2427407,7.419,51.778,-1632.405,0.3130044,3,OK,7.619,51.498,-1632.514,OK,23.284,-34.154,-1671.902,OK,-69.541,14.844,-1660.665,Port 0x03: JJH Y femur tracker  s/n:3E4C8801,868050952,1781693115.868695159,1,OK,0.6331665,-0.1459852,0.0799384,0.7559090,-232.457,-7.838,-1549.699,0.4989519,3,OK,-232.333,-7.185,-1549.895,OK,-302.335,-77.473,-1536.001,OK,-217.988,-95.298,-1519.563
3,Port 0x01: JJH Probe  s/n:3E4C880C,868050955,1781693115.918695159,1,Too Few Markers,-3.697314E28,-3.697314E28,-3.697314E28,-3.697314E28,-3.697314E28,-3.697314E28,-3.697314E28,0.0000000,3,Missing,-3.697314E28,-3.697314E28,-3.697314E28,Missing,-3.697314E28,-3.697314E28,-3.697314E28,Missing,-3.697314E28,-3.697314E28,-3.697314E28,Port 0x02: JJH T tibia tracker  s/n:3E4C8800,868050955,1781693115.918695159,1,OK,0.9422563,0.1998382,-0.1153230,0.2427311,7.411,51.786,-1632.410,0.3173768,3,OK,7.618,51.505,-1632.518,OK,23.270,-34.154,-1671.880,OK,-69.557,14.844,-1660.658,Port 0x03: JJH Y femur tracker  s/n:3E4C8801,868050955,1781693115.918695159,1,OK,0.6332559,-0.1458400,0.0797230,0.7558848,-232.460,-7.833,-1549.647,0.4901681,3,OK,-232.331,-7.191,-1549.838,OK,-302.344,-77.469,-1535.989,OK,-218.013,-95.296,-1519.562
3,Port 0x01: JJH Probe  s/n:3E4C880C,868050958,1781693115.968695159,1,Too Few Markers,-3.697314E28,-3.697314E28,-3.697314E28,-3.697314E28,-3.697314E28,-3.697314E28,-3.697314E28,0.0000000,3,Missing,-3.697314E28,-3.697314E28,-3.697314E28,Missing,-3.697314E28,-3.697314E28,-3.697314E28,Missing,-3.697314E28,-3.697314E28,-3.697314E28,Port 0x02: JJH T tibia tracker  s/n:3E4C8800,868050958,1781693115.968695159,1,OK,0.9423769,0.1994681,-0.1148516,0.2427910,7.431,51.799,-1632.487,0.3253207,3,OK,7.620,51.491,-1632.610,OK,23.281,-34.166,-1671.877,OK,-69.538,14.831,-1660.635,Port 0x03: JJH Y femur tracker  s/n:3E4C8801,868050958,1781693115.968695159,1,OK,0.6331932,-0.1459204,0.0798488,0.7559086,-232.455,-7.838,-1549.673,0.4945211,3,OK,-232.333,-7.192,-1549.866,OK,-302.335,-77.471,-1535.992,OK,-217.988,-95.302,-1519.557
3,Port 0x01: JJH Probe  s/n:3E4C880C,868050961,1781693116.018695159,1,Too Few Markers,-3.697314E28,-3.697314E28,-3.697314E28,-3.697314E28,-3.697314E28,-3.697314E28,-3.697314E28,0.0000000,3,Missing,-3.697314E28,-3.697314E28,-3.697314E28,Missing,-3.697314E28,-3.697314E28,-3.697314E28,Missing,-3.697314E28,-3.697314E28,-3.697314E28,Port 0x02: JJH T tibia tracker  s/n:3E4C8800,868050961,1781693116.018695159,1,OK,0.9423221,0.1995153,-0.1153266,0.2427395,7.446,51.797,-1632.424,0.3316926,3,OK,7.655,51.496,-1632.541,OK,23.302,-34.153,-1671.829,OK,-69.523,14.846,-1660.659,Port 0x03: JJH Y femur tracker  s/n:3E4C8801,868050961,1781693116.018695159,1,OK,0.6332386,-0.1459540,0.0795929,0.7558911,-232.432,-7.825,-1549.646,0.4926776,3,OK,-232.306,-7.181,-1549.838,OK,-302.321,-77.465,-1536.016,OK,-217.978,-95.295,-1519.557
3,Port 0x01: JJH Probe  s/n:3E4C880C,868050964,1781693116.068695159,1,Too Few Markers,-3.697314E28,-3.697314E28,-3.697314E28,-3.697314E28,-3.697314E28,-3.697314E28,-3.697314E28,0.0000000,3,Missing,-3.697314E28,-3.697314E28,-3.697314E28,Missing,-3.697314E28,-3.697314E28,-3.697314E28,Missing,-3.697314E28,-3.697314E28,-3.697314E28,Port 0x02: JJH T tibia tracker  s/n:3E4C8800,868050964,1781693116.068695159,1,OK,0.9421929,0.1999919,-0.1156659,0.2426873,7.402,51.769,-1632.380,0.3092831,3,OK,7.611,51.502,-1632.481,OK,23.266,-34.162,-1671.888,OK,-69.553,14.848,-1660.692,Port 0x03: JJH Y femur tracker  s/n:3E4C8801,868050964,1781693116.068695159,1,OK,0.6332695,-0.1456978,0.0797518,0.7558978,-232.464,-7.823,-1549.646,0.4909250,3,OK,-232.338,-7.180,-1549.838,OK,-302.350,-77.456,-1535.982,OK,-218.008,-95.294,-1519.576
3,Port 0x01: JJH Probe  s/n:3E4C880C,868050967,1781693116.118695159,1,Too Few Markers,-3.697314E28,-3.697314E28,-3.697314E28,-3.697314E28,-3.697314E28,-3.697314E28,-3.697314E28,0.0000000,3,Missing,-3.697314E28,-3.697314E28,-3.697314E28,Missing,-3.697314E28,-3.697314E28,-3.697314E28,Missing,-3.697314E28,-3.697314E28,-3.697314E28,Port 0x02: JJH T tibia tracker  s/n:3E4C8800,868050967,1781693116.118695159,1,OK,0.9422048,0.1998832,-0.1156622,0.2427326,7.404,51.774,-1632.382,0.3256235,3,OK,7.617,51.487,-1632.493,OK,23.278,-34.148,-1671.862,OK,-69.555,14.846,-1660.691,Port 0x03: JJH Y femur tracker  s/n:3E4C8801,868050967,1781693116.118695159,1,OK,0.6332238,-0.1460363,0.0796388,0.7558827,-232.457,-7.833,-1549.657,0.4895341,3,OK,-232.338,-7.193,-1549.848,OK,-302.348,-77.463,-1536.022,OK,-217.998,-95.299,-1519.549
3,Port 0x01: JJH Probe  s/n:3E4C880C,868050970,1781693116.168695159,1,Too Few Markers,-3.697314E28,-3.697314E28,-3.697314E28,-3.697314E28,-3.697314E28,-3.697314E28,-3.697314E28,0.0000000,3,Missing,-3.697314E28,-3.697314E28,-3.697314E28,Missing,-3.697314E28,-3.697314E28,-3.697314E28,Missing,-3.697314E28,-3.697314E28,-3.697314E28,Port 0x02: JJH T tibia tracker  s/n:3E4C8800,868050970,1781693116.168695159,1,OK,0.9422097,0.2001548,-0.1152596,0.2426811,7.446,51.766,-1632.360,0.3127276,3,OK,7.652,51.491,-1632.465,OK,23.294,-34.154,-1671.889,OK,-69.526,14.837,-1660.609,Port 0x03: JJH Y femur tracker  s/n:3E4C8801,868050970,1781693116.168695159,1,OK,0.6332405,-0.1458069,0.0797305,0.7559034,-232.450,-7.830,-1549.680,0.4914630,3,OK,-232.325,-7.186,-1549.871,OK,-302.334,-77.465,-1536.020,OK,-217.991,-95.298,-1519.595
3,Port 0x01: JJH Probe  s/n:3E4C880C,868050973,1781693116.218695159,1,Too Few Markers,-3.697314E28,-3.697314E28,-3.697314E28,-3.697314E28,-3.697314E28,-3.697314E28,-3.697314E28,0.0000000,3,Missing,-3.697314E28,-3.697314E28,-3.697314E28,Missing,-3.697314E28,-3.697314E28,-3.697314E28,Missing,-3.697314E28,-3.697314E28,-3.697314E28,Port 0x02: JJH T tibia tracker  s/n:3E4C8800,868050973,1781693116.218695159,1,OK,0.9422082,0.2000101,-0.1154220,0.2427292,7.407,51.775,-1632.385,0.3165209,3,OK,7.611,51.493,-1632.494,OK,23.280,-34.154,-1671.888,OK,-69.562,14.848,-1660.655,Port 0x03: JJH Y femur tracker  s/n:3E4C8801,868050973,1781693116.218695159,1,OK,0.6332269,-0.1456869,0.0799887,0.7559106,-232.472,-7.824,-1549.653,0.4951856,3,OK,-232.346,-7.175,-1549.847,OK,-302.347,-77.455,-1535.939,OK,-218.012,-95.287,-1519.556
3,Port 0x01: JJH Probe  s/n:3E4C880C,868050976,1781693116.268695159,1,Too Few Markers,-3.697314E28,-3.697314E28,-3.697314E28,-3.697314E28,-3.697314E28,-3.697314E28,-3.697314E28,0.0000000,3,Missing,-3.697314E28,-3.697314E28,-3.697314E28,Missing,-3.697314E28,-3.697314E28,-3.697314E28,Missing,-3.697314E28,-3.697314E28,-3.697314E28,Port 0x02: JJH T tibia tracker  s/n:3E4C8800,868050976,1781693116.268695159,1,OK,0.9422497,0.1999306,-0.1152255,0.2427271,7.435,51.770,-1632.392,0.3082064,3,OK,7.630,51.493,-1632.500,OK,23.293,-34.173,-1671.881,OK,-69.529,14.834,-1660.624,Port 0x03: JJH Y femur tracker  s/n:3E4C8801,868050976,1781693116.268695159,1,OK,0.6332783,-0.1458427,0.0795762,0.7558811,-232.436,-7.829,-1549.632,0.4897539,3,OK,-232.310,-7.188,-1549.823,OK,-302.328,-77.466,-1536.005,OK,-217.988,-95.301,-1519.562
3,Port 0x01: JJH Probe  s/n:3E4C880C,868050979,1781693116.318695159,1,Too Few Markers,-3.697314E28,-3.697314E28,-3.697314E28,-3.697314E28,-3.697314E28,-3.697314E28,-3.697314E28,0.0000000,3,Missing,-3.697314E28,-3.697314E28,-3.697314E28,Missing,-3.697314E28,-3.697314E28,-3.697314E28,Missing,-3.697314E28,-3.697314E28,-3.697314E28,Port 0x02: JJH T tibia tracker  s/n:3E4C8800,868050979,1781693116.318695159,1,OK,0.9421876,0.2001336,-0.1154057,0.2427151,7.437,51.771,-1632.382,0.3081441,3,OK,7.641,51.501,-1632.486,OK,23.302,-34.155,-1671.911,OK,-69.527,14.845,-1660.655,Port 0x03: JJH Y femur tracker  s/n:3E4C8801,868050979,1781693116.318695159,1,OK,0.6332219,-0.1458125,0.0797615,0.7559146,-232.445,-7.824,-1549.662,0.4903980,3,OK,-232.320,-7.182,-1549.854,OK,-302.325,-77.462,-1535.996,OK,-217.985,-95.289,-1519.574
3,Port 0x01: JJH Probe  s/n:3E4C880C,868050982,1781693116.368695159,1,Too Few Markers,-3.697314E28,-3.697314E28,-3.697314E28,-3.697314E28,-3.697314E28,-3.697314E28,-3.697314E28,0.0000000,3,Missing,-3.697314E28,-3.697314E28,-3.697314E28,Missing,-3.697314E28,-3.697314E28,-3.697314E28,Missing,-3.697314E28,-3.697314E28,-3.697314E28,Port 0x02: JJH T tibia tracker  s/n:3E4C8800,868050982,1781693116.368695159,1,OK,0.9422144,0.1999487,-0.1155333,0.2427027,7.393,51.768,-1632.345,0.3162621,3,OK,7.601,51.489,-1632.452,OK,23.253,-34.160,-1671.839,OK,-69.564,14.839,-1660.633,Port 0x03: JJH Y femur tracker  s/n:3E4C8801,868050982,1781693116.368695159,1,OK,0.6331756,-0.1461012,0.0797613,0.7558976,-232.482,-7.830,-1549.665,0.4954808,3,OK,-232.361,-7.183,-1549.859,OK,-302.369,-77.463,-1536.006,OK,-218.012,-95.292,-1519.532
3,Port 0x01: JJH Probe  s/n:3E4C880C,868050985,1781693116.418695159,1,Too Few Markers,-3.697314E28,-3.697314E28,-3.697314E28,-3.697314E28,-3.697314E28,-3.697314E28,-3.697314E28,0.0000000,3,Missing,-3.697314E28,-3.697314E28,-3.697314E28,Missing,-3.697314E28,-3.697314E28,-3.697314E28,Missing,-3.697314E28,-3.697314E28,-3.697314E28,Port 0x02: JJH T tibia tracker  s/n:3E4C8800,868050985,1781693116.418695159,1,OK,0.9422619,0.1997314,-0.1154163,0.2427528,7.414,51.782,-1632.381,0.3208392,3,OK,7.616,51.492,-1632.494,OK,23.284,-34.161,-1671.831,OK,-69.547,14.843,-1660.638,Port 0x03: JJH Y femur tracker  s/n:3E4C8801,868050985,1781693116.418695159,1,OK,0.6332188,-0.1458873,0.0795112,0.7559291,-232.463,-7.821,-1549.619,0.4884417,3,OK,-232.337,-7.182,-1549.809,OK,-302.350,-77.468,-1536.004,OK,-217.995,-95.291,-1519.549
3,Port 0x01: JJH Probe  s/n:3E4C880C,868050988,1781693116.468695159,1,Too Few Markers,-3.697314E28,-3.697314E28,-3.697314E28,-3.697314E28,-3.697314E28,-3.697314E28,-3.697314E28,0.0000000,3,Missing,-3.697314E28,-3.697314E28,-3.697314E28,Missing,-3.697314E28,-3.697314E28,-3.697314E28,Missing,-3.697314E28,-3.697314E28,-3.697314E28,Port 0x02: JJH T tibia tracker  s/n:3E4C8800,868050988,1781693116.468695159,1,OK,0.9422364,0.1998359,-0.1155482,0.2427030,7.440,51.775,-1632.366,0.3152831,3,OK,7.645,51.495,-1632.474,OK,23.305,-34.166,-1671.841,OK,-69.521,14.848,-1660.650,Port 0x03: JJH Y femur tracker  s/n:3E4C8801,868050988,1781693116.468695159,1,OK,0.6332990,-0.1456008,0.0796577,0.7559017,-232.431,-7.825,-1549.642,0.4885615,3,OK,-232.303,-7.184,-1549.832,OK,-302.313,-77.462,-1535.993,OK,-217.983,-95.300,-1519.598
3,Port 0x01: JJH Probe  s/n:3E4C880C,868050991,1781693116.518695159,1,Too Few Markers,-3.697314E28,-3.697314E28,-3.697314E28,-3.697314E28,-3.697314E28,-3.697314E28,-3.697314E28,0.0000000,3,Missing,-3.697314E28,-3.697314E28,-3.697314E28,Missing,-3.697314E28,-3.697314E28,-3.697314E28,Missing,-3.697314E28,-3.697314E28,-3.697314E28,Port 0x02: JJH T tibia tracker  s/n:3E4C8800,868050991,1781693116.518695159,1,OK,0.9423426,0.1996114,-0.1149837,0.2427436,7.418,51.795,-1632.457,0.3245953,3,OK,7.619,51.498,-1632.573,OK,23.264,-34.160,-1671.877,OK,-69.559,14.837,-1660.636,Port 0x03: JJH Y femur tracker  s/n:3E4C8801,868050991,1781693116.518695159,1,OK,0.6332010,-0.1459122,0.0798022,0.7559085,-232.475,-7.831,-1549.682,0.4906343,3,OK,-232.352,-7.189,-1549.874,OK,-302.355,-77.465,-1536.010,OK,-218.011,-95.292,-1519.575
3,Port 0x01: JJH Probe  s/n:3E4C880C,868050994,1781693116.568695159,1,Too Few Markers,-3.697314E28,-3.697314E28,-3.697314E28,-3.697314E28,-3.697314E28,-3.697314E28,-3.697314E28,0.0000000,3,Missing,-3.697314E28,-3.697314E28,-3.697314E28,Missing,-3.697314E28,-3.697314E28,-3.697314E28,Missing,-3.697314E28,-3.697314E28,-3.697314E28,Port 0x02: JJH T tibia tracker  s/n:3E4C8800,868050994,1781693116.568695159,1,OK,0.9423630,0.1994213,-0.1150668,0.2427812,7.420,51.800,-1632.455,0.3342587,3,OK,7.621,51.490,-1632.578,OK,23.274,-34.156,-1671.837,OK,-69.550,14.836,-1660.641,Port 0x03: JJH Y femur tracker  s/n:3E4C8801,868050994,1781693116.568695159,1,OK,0.6332433,-0.1460153,0.0795546,0.7558793,-232.446,-7.823,-1549.610,0.4874275,3,OK,-232.321,-7.186,-1549.800,OK,-302.341,-77.459,-1535.990,OK,-217.991,-95.288,-1519.518
3,Port 0x01: JJH Probe  s/n:3E4C880C,868050997,1781693116.618695159,1,Too Few Markers,-3.697314E28,-3.697314E28,-3.697314E28,-3.697314E28,-3.697314E28,-3.697314E28,-3.697314E28,0.0000000,3,Missing,-3.697314E28,-3.697314E28,-3.697314E28,Missing,-3.697314E28,-3.697314E28,-3.697314E28,Missing,-3.697314E28,-3.697314E28,-3.697314E28,Port 0x02: JJH T tibia tracker  s/n:3E4C8800,868050997,1781693116.618695159,1,OK,0.9423632,0.1995959,-0.1148216,0.2427533,7.454,51.791,-1632.446,0.3208840,3,OK,7.646,51.493,-1632.564,OK,23.296,-34.170,-1671.862,OK,-69.523,14.829,-1660.594,Port 0x03: JJH Y femur tracker  s/n:3E4C8801,868050997,1781693116.618695159,1,OK,0.6331829,-0.1460893,0.0797271,0.7558975,-232.446,-7.836,-1549.673,0.4961548,3,OK,-232.322,-7.187,-1549.868,OK,-302.331,-77.474,-1536.019,OK,-217.983,-95.298,-1519.548
3,Port 0x01: JJH Probe  s/n:3E4C880C,868051000,1781693116.668695159,1,Too Few Markers,-3.697314E28,-3.697314E28,-3.697314E28,-3.697314E28,-3.697314E28,-3.697314E28,-3.697314E28,0.0000000,3,Missing,-3.697314E28,-3.697314E28,-3.697314E28,Missing,-3.697314E28,-3.697314E28,-3.697314E28,Missing,-3.697314E28,-3.697314E28,-3.697314E28,Port 0x02: JJH T tibia tracker  s/n:3E4C8800,868051000,1781693116.668695159,1,OK,0.9423379,0.1996664,-0.1149407,0.2427369,7.430,51.793,-1632.417,0.3219846,3,OK,7.623,51.494,-1632.535,OK,23.278,-34.161,-1671.847,OK,-69.548,14.842,-1660.587,Port 0x03: JJH Y femur tracker  s/n:3E4C8801,868051000,1781693116.668695159,1,OK,0.6332346,-0.1458956,0.0795836,0.7559067,-232.463,-7.826,-1549.656,0.4868826,3,OK,-232.338,-7.189,-1549.846,OK,-302.350,-77.465,-1536.028,OK,-218.003,-95.292,-1519.578
3,Port 0x01: JJH Probe  s/n:3E4C880C,868051003,1781693116.718695159,1,Too Few Markers,-3.697314E28,-3.697314E28,-3.697314E28,-3.697314E28,-3.697314E28,-3.697314E28,-3.697314E28,0.0000000,3,Missing,-3.697314E28,-3.697314E28,-3.697314E28,Missing,-3.697314E28,-3.697314E28,-3.697314E28,Missing,-3.697314E28,-3.697314E28,-3.697314E28,Port 0x02: JJH T tibia tracker  s/n:3E4C8800,868051003,1781693116.718695159,1,OK,0.9423228,0.1996839,-0.1149699,0.2427674,7.413,51.789,-1632.446,0.3172514,3,OK,7.605,51.495,-1632.562,OK,23.266,-34.167,-1671.881,OK,-69.557,14.833,-1660.624,Port 0x03: JJH Y femur tracker  s/n:3E4C8801,868051003,1781693116.718695159,1,OK,0.6332694,-0.1457124,0.0796567,0.7559051,-232.469,-7.828,-1549.631,0.4914590,3,OK,-232.342,-7.185,-1549.822,OK,-302.355,-77.466,-1535.984,OK,-218.013,-95.302,-1519.569
3,Port 0x01: JJH Probe  s/n:3E4C880C,868051006,1781693116.768695159,1,Too Few Markers,-3.697314E28,-3.697314E28,-3.697314E28,-3.697314E28,-3.697314E28,-3.697314E28,-3.697314E28,0.0000000,3,Missing,-3.697314E28,-3.697314E28,-3.697314E28,Missing,-3.697314E28,-3.697314E28,-3.697314E28,Missing,-3.697314E28,-3.697314E28,-3.697314E28,Port 0x02: JJH T tibia tracker  s/n:3E4C8800,868051006,1781693116.768695159,1,OK,0.9422895,0.1997137,-0.1151945,0.2427655,7.431,51.785,-1632.411,0.3188809,3,OK,7.630,51.494,-1632.525,OK,23.293,-34.164,-1671.855,OK,-69.535,14.836,-1660.630,Port 0x03: JJH Y femur tracker  s/n:3E4C8801,868051006,1781693116.768695159,1,OK,0.6331873,-0.1461041,0.0796254,0.7559016,-232.451,-7.830,-1549.654,0.4929783,3,OK,-232.328,-7.186,-1549.847,OK,-302.338,-77.470,-1536.021,OK,-217.987,-95.294,-1519.538
3,Port 0x01: JJH Probe  s/n:3E4C880C,868051009,1781693116.818695159,1,Too Few Markers,-3.697314E28,-3.697314E28,-3.697314E28,-3.697314E28,-3.697314E28,-3.697314E28,-3.697314E28,0.0000000,3,Missing,-3.697314E28,-3.697314E28,-3.697314E28,Missing,-3.697314E28,-3.697314E28,-3.697314E28,Missing,-3.697314E28,-3.697314E28,-3.697314E28,Port 0x02: JJH T tibia tracker  s/n:3E4C8800,868051009,1781693116.818695159,1,OK,0.9422669,0.1998849,-0.1150287,0.2427909,7.443,51.784,-1632.425,0.3129127,3,OK,7.638,51.499,-1632.536,OK,23.308,-34.161,-1671.900,OK,-69.528,14.831,-1660.622,Port 0x03: JJH Y femur tracker  s/n:3E4C8801,868051009,1781693116.818695159,1,OK,0.6332227,-0.1459294,0.0795745,0.7559110,-232.431,-7.830,-1549.596,0.4872471,3,OK,-232.304,-7.193,-1549.786,OK,-302.320,-77.472,-1535.970,OK,-217.969,-95.294,-1519.515
3,Port 0x01: JJH Probe  s/n:3E4C880C,868051012,1781693116.868695159,1,Too Few Markers,-3.697314E28,-3.697314E28,-3.697314E28,-3.697314E28,-3.697314E28,-3.697314E28,-3.697314E28,0.0000000,3,Missing,-3.697314E28,-3.697314E28,-3.697314E28,Missing,-3.697314E28,-3.697314E28,-3.697314E28,Missing,-3.697314E28,-3.697314E28,-3.697314E28,Port 0x02: JJH T tibia tracker  s/n:3E4C8800,868051012,1781693116.868695159,1,OK,0.9422779,0.1999142,-0.1150150,0.2427309,7.405,51.783,-1632.387,0.3100337,3,OK,7.599,51.502,-1632.497,OK,23.257,-34.163,-1671.869,OK,-69.569,14.840,-1660.581,Port 0x03: JJH Y femur tracker  s/n:3E4C8801,868051012,1781693116.868695159,1,OK,0.6331961,-0.1461710,0.0795820,0.7558858,-232.470,-7.828,-1549.620,0.4940870,3,OK,-232.343,-7.183,-1549.812,OK,-302.370,-77.469,-1535.997,OK,-218.007,-95.289,-1519.500
3,Port 0x01: JJH Probe  s/n:3E4C880C,868051015,1781693116.918695159,1,Too Few Markers,-3.697314E28,-3.697314E28,-3.697314E28,-3.697314E28,-3.697314E28,-3.697314E28,-3.697314E28,0.0000000,3,Missing,-3.697314E28,-3.697314E28,-3.697314E28,Missing,-3.697314E28,-3.697314E28,-3.697314E28,Missing,-3.697314E28,-3.697314E28,-3.697314E28,Port 0x02: JJH T tibia tracker  s/n:3E4C8800,868051015,1781693116.918695159,1,OK,0.9423502,0.1995196,-0.1150188,0.2427729,7.420,51.792,-1632.422,0.3247909,3,OK,7.614,51.489,-1632.543,OK,23.277,-34.169,-1671.826,OK,-69.551,14.835,-1660.601,Port 0x03: JJH Y femur tracker  s/n:3E4C8801,868051015,1781693116.918695159,1,OK,0.6332455,-0.1457667,0.0796659,0.7559137,-232.459,-7.826,-1549.630,0.4897338,3,OK,-232.331,-7.184,-1549.821,OK,-302.338,-77.469,-1535.981,OK,-218.007,-95.293,-1519.562
3,Port 0x01: JJH Probe  s/n:3E4C880C,868051018,1781693116.968695159,1,Too Few Markers,-3.697314E28,-3.697314E28,-3.697314E28,-3.697314E28,-3.697314E28,-3.697314E28,-3.697314E28,0.0000000,3,Missing,-3.697314E28,-3.697314E28,-3.697314E28,Missing,-3.697314E28,-3.697314E28,-3.697314E28,Missing,-3.697314E28,-3.697314E28,-3.697314E28,Port 0x02: JJH T tibia tracker  s/n:3E4C8800,868051018,1781693116.968695159,1,OK,0.9421446,0.2001434,-0.1157523,0.2427088,7.430,51.749,-1632.345,0.3097645,3,OK,7.646,51.488,-1632.443,OK,23.301,-34.168,-1671.882,OK,-69.523,14.827,-1660.682,Port 0x03: JJH Y femur tracker  s/n:3E4C8801,868051018,1781693116.968695159,1,OK,0.6332455,-0.1457284,0.0798461,0.7559021,-232.427,-7.837,-1549.629,0.4928916,3,OK,-232.298,-7.191,-1549.822,OK,-302.309,-77.472,-1535.945,OK,-217.970,-95.302,-1519.544
3,Port 0x01: JJH Probe  s/n:3E4C880C,868051021,1781693117.018695159,1,Too Few Markers,-3.697314E28,-3.697314E28,-3.697314E28,-3.697314E28,-3.697314E28,-3.697314E28,-3.697314E28,0.0000000,3,Missing,-3.697314E28,-3.697314E28,-3.697314E28,Missing,-3.697314E28,-3.697314E28,-3.697314E28,Missing,-3.697314E28,-3.697314E28,-3.697314E28,Port 0x02: JJH T tibia tracker  s/n:3E4C8800,868051021,1781693117.018695159,1,OK,0.9421782,0.2000994,-0.1155787,0.2426974,7.421,51.756,-1632.310,0.3096202,3,OK,7.628,51.487,-1632.413,OK,23.284,-34.167,-1671.836,OK,-69.537,14.833,-1660.612,Port 0x03: JJH Y femur tracker  s/n:3E4C8801,868051021,1781693117.018695159,1,OK,0.6332200,-0.1458274,0.0796306,0.7559271,-232.451,-7.818,-1549.604,0.4913900,3,OK,-232.328,-7.175,-1549.796,OK,-302.328,-77.461,-1535.964,OK,-217.991,-95.290,-1519.529
3,Port 0x01: JJH Probe  s/n:3E4C880C,868051024,1781693117.068695159,1,Too Few Markers,-3.697314E28,-3.697314E28,-3.697314E28,-3.697314E28,-3.697314E28,-3.697314E28,-3.697314E28,0.0000000,3,Missing,-3.697314E28,-3.697314E28,-3.697314E28,Missing,-3.697314E28,-3.697314E28,-3.697314E28,Missing,-3.697314E28,-3.697314E28,-3.697314E28,Port 0x02: JJH T tibia tracker  s/n:3E4C8800,868051024,1781693117.068695159,1,OK,0.9422707,0.1999392,-0.1151495,0.2426746,7.413,51.766,-1632.381,0.3126702,3,OK,7.611,51.485,-1632.491,OK,23.252,-34.172,-1671.869,OK,-69.557,14.832,-1660.600,Port 0x03: JJH Y femur tracker  s/n:3E4C8801,868051024,1781693117.068695159,1,OK,0.6332490,-0.1459936,0.0794439,0.7558904,-232.478,-7.824,-1549.623,0.4894302,3,OK,-232.351,-7.184,-1549.813,OK,-302.376,-77.467,-1536.024,OK,-218.022,-95.294,-1519.546
3,Port 0x01: JJH Probe  s/n:3E4C880C,868051027,1781693117.118695159,1,Too Few Markers,-3.697314E28,-3.697314E28,-3.697314E28,-3.697314E28,-3.697314E28,-3.697314E28,-3.697314E28,0.0000000,3,Missing,-3.697314E28,-3.697314E28,-3.697314E28,Missing,-3.697314E28,-3.697314E28,-3.697314E28,Missing,-3.697314E28,-3.697314E28,-3.697314E28,Port 0x02: JJH T tibia tracker  s/n:3E4C8800,868051027,1781693117.118695159,1,OK,0.9423353,0.1994597,-0.1152277,0.2427809,7.413,51.791,-1632.414,0.3317997,3,OK,7.618,51.487,-1632.533,OK,23.268,-34.161,-1671.806,OK,-69.547,14.828,-1660.631,Port 0x03: JJH Y femur tracker  s/n:3E4C8801,868051027,1781693117.118695159,1,OK,0.6332589,-0.1456757,0.0796807,0.7559184,-232.469,-7.828,-1549.639,0.4900046,3,OK,-232.340,-7.186,-1549.830,OK,-302.353,-77.469,-1535.987,OK,-218.010,-95.299,-1519.580
3,Port 0x01: JJH Probe  s/n:3E4C880C,868051030,1781693117.168695159,1,Too Few Markers,-3.697314E28,-3.697314E28,-3.697314E28,-3.697314E28,-3.697314E28,-3.697314E28,-3.697314E28,0.0000000,3,Missing,-3.697314E28,-3.697314E28,-3.697314E28,Missing,-3.697314E28,-3.697314E28,-3.697314E28,Missing,-3.697314E28,-3.697314E28,-3.697314E28,Port 0x02: JJH T tibia tracker  s/n:3E4C8800,868051030,1781693117.168695159,1,OK,0.9421920,0.2000770,-0.1154569,0.2427204,7.435,51.762,-1632.363,0.3057122,3,OK,7.644,51.501,-1632.461,OK,23.293,-34.167,-1671.885,OK,-69.523,14.827,-1660.646,Port 0x03: JJH Y femur tracker  s/n:3E4C8801,868051030,1781693117.168695159,1,OK,0.6332733,-0.1455487,0.0796986,0.7559290,-232.444,-7.824,-1549.633,0.4876008,3,OK,-232.316,-7.185,-1549.823,OK,-302.322,-77.465,-1535.974,OK,-217.988,-95.297,-1519.591
3,Port 0x01: JJH Probe  s/n:3E4C880C,868051033,1781693117.218695159,1,Too Few Markers,-3.697314E28,-3.697314E28,-3.697314E28,-3.697314E28,-3.697314E28,-3.697314E28,-3.697314E28,0.0000000,3,Missing,-3.697314E28,-3.697314E28,-3.697314E28,Missing,-3.697314E28,-3.697314E28,-3.697314E28,Missing,-3.697314E28,-3.697314E28,-3.697314E28,Port 0x02: JJH T tibia tracker  s/n:3E4C8800,868051033,1781693117.218695159,1,OK,0.9423420,0.1995724,-0.1151093,0.2427186,7.435,51.779,-1632.459,0.3342405,3,OK,7.643,51.475,-1632.578,OK,23.277,-34.166,-1671.870,OK,-69.542,14.825,-1660.659,Port 0x03: JJH Y femur tracker  s/n:3E4C8801,868051033,1781693117.218695159,1,OK,0.6332268,-0.1458321,0.0796755,0.7559158,-232.450,-7.826,-1549.641,0.4915582,3,OK,-232.326,-7.183,-1549.833,OK,-302.332,-77.465,-1535.992,OK,-217.988,-95.297,-1519.559
3,Port 0x01: JJH Probe  s/n:3E4C880C,868051036,1781693117.268695159,1,Too Few Markers,-3.697314E28,-3.697314E28,-3.697314E28,-3.697314E28,-3.697314E28,-3.697314E28,-3.697314E28,0.0000000,3,Missing,-3.697314E28,-3.697314E28,-3.697314E28,Missing,-3.697314E28,-3.697314E28,-3.697314E28,Missing,-3.697314E28,-3.697314E28,-3.697314E28,Port 0x02: JJH T tibia tracker  s/n:3E4C8800,868051036,1781693117.268695159,1,OK,0.9422960,0.1996559,-0.1153032,0.2427364,7.405,51.785,-1632.409,0.3168569,3,OK,7.613,51.506,-1632.516,OK,23.256,-34.168,-1671.847,OK,-69.558,14.832,-1660.648,Port 0x03: JJH Y femur tracker  s/n:3E4C8801,868051036,1781693117.268695159,1,OK,0.6332283,-0.1458222,0.0799146,0.7558912,-232.475,-7.833,-1549.667,0.4919463,3,OK,-232.351,-7.189,-1549.859,OK,-302.353,-77.461,-1535.971,OK,-218.019,-95.294,-1519.559
3,Port 0x01: JJH Probe  s/n:3E4C880C,868051039,1781693117.318695159,1,Too Few Markers,-3.697314E28,-3.697314E28,-3.697314E28,-3.697314E28,-3.697314E28,-3.697314E28,-3.697314E28,0.0000000,3,Missing,-3.697314E28,-3.697314E28,-3.697314E28,Missing,-3.697314E28,-3.697314E28,-3.697314E28,Missing,-3.697314E28,-3.697314E28,-3.697314E28,Port 0x02: JJH T tibia tracker  s/n:3E4C8800,868051039,1781693117.318695159,1,OK,0.9422202,0.2000564,-0.1153406,0.2426831,7.425,51.763,-1632.379,0.3120421,3,OK,7.634,51.493,-1632.482,OK,23.277,-34.167,-1671.893,OK,-69.548,14.833,-1660.639,Port 0x03: JJH Y femur tracker  s/n:3E4C8801,868051039,1781693117.318695159,1,OK,0.6331890,-0.1461352,0.0796656,0.7558900,-232.458,-7.829,-1549.659,0.4921026,3,OK,-232.338,-7.186,-1549.851,OK,-302.345,-77.464,-1536.018,OK,-217.997,-95.291,-1519.534
3,Port 0x01: JJH Probe  s/n:3E4C880C,868051042,1781693117.368695159,1,Too Few Markers,-3.697314E28,-3.697314E28,-3.697314E28,-3.697314E28,-3.697314E28,-3.697314E28,-3.697314E28,0.0000000,3,Missing,-3.697314E28,-3.697314E28,-3.697314E28,Missing,-3.697314E28,-3.697314E28,-3.697314E28,Missing,-3.697314E28,-3.697314E28,-3.697314E28,Port 0x02: JJH T tibia tracker  s/n:3E4C8800,868051042,1781693117.368695159,1,OK,0.9423463,0.1995296,-0.1149428,0.2428158,7.442,51.789,-1632.440,0.3222225,3,OK,7.635,51.489,-1632.559,OK,23.300,-34.173,-1671.844,OK,-69.525,14.820,-1660.609,Port 0x03: JJH Y femur tracker  s/n:3E4C8801,868051042,1781693117.368695159,1,OK,0.6332396,-0.1460703,0.0796784,0.7558588,-232.435,-7.832,-1549.635,0.4954704,3,OK,-232.310,-7.184,-1549.828,OK,-302.329,-77.463,-1535.991,OK,-217.986,-95.297,-1519.518
3,Port 0x01: JJH Probe  s/n:3E4C880C,868051045,1781693117.418695159,1,Too Few Markers,-3.697314E28,-3.697314E28,-3.697314E28,-3.697314E28,-3.697314E28,-3.697314E28,-3.697314E28,0.0000000,3,Missing,-3.697314E28,-3.697314E28,-3.697314E28,Missing,-3.697314E28,-3.697314E28,-3.697314E28,Missing,-3.697314E28,-3.697314E28,-3.697314E28,Port 0x02: JJH T tibia tracker  s/n:3E4C8800,868051045,1781693117.418695159,1,OK,0.9422957,0.1995666,-0.1153604,0.2427836,7.394,51.783,-1632.389,0.3213043,3,OK,7.601,51.497,-1632.499,OK,23.256,-34.171,-1671.808,OK,-69.563,14.824,-1660.635,Port 0x03: JJH Y femur tracker  s/n:3E4C8801,868051045,1781693117.418695159,1,OK,0.6332224,-0.1458731,0.0797398,0.7559047,-232.476,-7.821,-1549.636,0.4950389,3,OK,-232.344,-7.174,-1549.829,OK,-302.368,-77.464,-1535.975,OK,-218.015,-95.284,-1519.542
3,Port 0x01: JJH Probe  s/n:3E4C880C,868051048,1781693117.468695159,1,Too Few Markers,-3.697314E28,-3.697314E28,-3.697314E28,-3.697314E28,-3.697314E28,-3.697314E28,-3.697314E28,0.0000000,3,Missing,-3.697314E28,-3.697314E28,-3.697314E28,Missing,-3.697314E28,-3.697314E28,-3.697314E28,Missing,-3.697314E28,-3.697314E28,-3.697314E28,Port 0x02: JJH T tibia tracker  s/n:3E4C8800,868051048,1781693117.468695159,1,OK,0.9423952,0.1993750,-0.1148655,0.2427897,7.436,51.795,-1632.459,0.3273816,3,OK,7.632,51.490,-1632.580,OK,23.288,-34.178,-1671.833,OK,-69.542,14.824,-1660.608,Port 0x03: JJH Y femur tracker  s/n:3E4C8801,868051048,1781693117.468695159,1,OK,0.6332061,-0.1461660,0.0794763,0.7558896,-232.452,-7.832,-1549.657,0.4914609,3,OK,-232.328,-7.191,-1549.849,OK,-302.349,-77.474,-1536.056,OK,-217.991,-95.298,-1519.551
3,Port 0x01: JJH Probe  s/n:3E4C880C,868051051,1781693117.518695159,1,Too Few Markers,-3.697314E28,-3.697314E28,-3.697314E28,-3.697314E28,-3.697314E28,-3.697314E28,-3.697314E28,0.0000000,3,Missing,-3.697314E28,-3.697314E28,-3.697314E28,Missing,-3.697314E28,-3.697314E28,-3.697314E28,Missing,-3.697314E28,-3.697314E28,-3.697314E28,Port 0x02: JJH T tibia tracker  s/n:3E4C8800,868051051,1781693117.518695159,1,OK,0.9422719,0.1997364,-0.1153420,0.2427451,7.440,51.779,-1632.389,0.3178660,3,OK,7.644,51.495,-1632.498,OK,23.301,-34.167,-1671.841,OK,-69.524,14.834,-1660.635,Port 0x03: JJH Y femur tracker  s/n:3E4C8801,868051051,1781693117.518695159,1,OK,0.6332080,-0.1460955,0.0796008,0.7558885,-232.434,-7.826,-1549.647,0.4921723,3,OK,-232.310,-7.183,-1549.840,OK,-302.323,-77.467,-1536.018,OK,-217.980,-95.289,-1519.538
3,Port 0x01: JJH Probe  s/n:3E4C880C,868051054,1781693117.568695159,1,Too Few Markers,-3.697314E28,-3.697314E28,-3.697314E28,-3.697314E28,-3.697314E28,-3.697314E28,-3.697314E28,0.0000000,3,Missing,-3.697314E28,-3.697314E28,-3.697314E28,Missing,-3.697314E28,-3.697314E28,-3.697314E28,Missing,-3.697314E28,-3.697314E28,-3.697314E28,Port 0x02: JJH T tibia tracker  s/n:3E4C8800,868051054,1781693117.568695159,1,OK,0.9422087,0.2000505,-0.1153484,0.2427289,7.402,51.766,-1632.371,0.3074995,3,OK,7.610,51.501,-1632.472,OK,23.266,-34.169,-1671.886,OK,-69.567,14.830,-1660.633,Port 0x03: JJH Y femur tracker  s/n:3E4C8801,868051054,1781693117.568695159,1,OK,0.6332839,-0.1457654,0.0794781,0.7559016,-232.472,-7.819,-1549.613,0.4850710,3,OK,-232.345,-7.185,-1549.801,OK,-302.363,-77.461,-1536.004,OK,-218.020,-95.293,-1519.566
3,Port 0x01: JJH Probe  s/n:3E4C880C,868051057,1781693117.618695160,1,Too Few Markers,-3.697314E28,-3.697314E28,-3.697314E28,-3.697314E28,-3.697314E28,-3.697314E28,-3.697314E28,0.0000000,3,Missing,-3.697314E28,-3.697314E28,-3.697314E28,Missing,-3.697314E28,-3.697314E28,-3.697314E28,Missing,-3.697314E28,-3.697314E28,-3.697314E28,Port 0x02: JJH T tibia tracker  s/n:3E4C8800,868051057,1781693117.618695160,1,OK,0.9423310,0.1996649,-0.1150102,0.2427322,7.434,51.776,-1632.423,0.3206213,3,OK,7.634,51.485,-1632.536,OK,23.277,-34.178,-1671.855,OK,-69.543,14.821,-1660.609,Port 0x03: JJH Y femur tracker  s/n:3E4C8801,868051057,1781693117.618695160,1,OK,0.6332218,-0.1458723,0.0796752,0.7559123,-232.457,-7.834,-1549.641,0.4909168,3,OK,-232.335,-7.192,-1549.833,OK,-302.339,-77.471,-1535.995,OK,-217.994,-95.304,-1519.554
3,Port 0x01: JJH Probe  s/n:3E4C880C,868051060,1781693117.668695160,1,Too Few Markers,-3.697314E28,-3.697314E28,-3.697314E28,-3.697314E28,-3.697314E28,-3.697314E28,-3.697314E28,0.0000000,3,Missing,-3.697314E28,-3.697314E28,-3.697314E28,Missing,-3.697314E28,-3.697314E28,-3.697314E28,Missing,-3.697314E28,-3.697314E28,-3.697314E28,Port 0x02: JJH T tibia tracker  s/n:3E4C8800,868051060,1781693117.668695160,1,OK,0.9422450,0.2000636,-0.1151241,0.2426837,7.452,51.765,-1632.387,0.3060403,3,OK,7.648,51.491,-1632.493,OK,23.298,-34.173,-1671.900,OK,-69.521,14.834,-1660.606,Port 0x03: JJH Y femur tracker  s/n:3E4C8801,868051060,1781693117.668695160,1,OK,0.6332400,-0.1459508,0.0795893,0.7558909,-232.436,-7.820,-1549.625,0.4928785,3,OK,-232.310,-7.175,-1549.818,OK,-302.325,-77.461,-1535.996,OK,-217.985,-95.289,-1519.538
3,Port 0x01: JJH Probe  s/n:3E4C880C,868051063,1781693117.718695160,1,Too Few Markers,-3.697314E28,-3.697314E28,-3.697314E28,-3.697314E28,-3.697314E28,-3.697314E28,-3.697314E28,0.0000000,3,Missing,-3.697314E28,-3.697314E28,-3.697314E28,Missing,-3.697314E28,-3.697314E28,-3.697314E28,Missing,-3.697314E28,-3.697314E28,-3.697314E28,Port 0x02: JJH T tibia tracker  s/n:3E4C8800,868051063,1781693117.718695160,1,OK,0.9421182,0.2003553,-0.1156300,0.2426948,7.400,51.733,-1632.314,0.3030179,3,OK,7.606,51.472,-1632.413,OK,23.270,-34.177,-1671.890,OK,-69.555,14.820,-1660.635,Port 0x03: JJH Y femur tracker  s/n:3E4C8801,868051063,1781693117.718695160,1,OK,0.6332217,-0.1459209,0.0797312,0.7558970,-232.473,-7.829,-1549.659,0.4919145,3,OK,-232.347,-7.186,-1549.851,OK,-302.362,-77.464,-1536.002,OK,-218.010,-95.293,-1519.558
3,Port 0x01: JJH Probe  s/n:3E4C880C,868051066,1781693117.768695160,1,Too Few Markers,-3.697314E28,-3.697314E28,-3.697314E28,-3.697314E28,-3.697314E28,-3.697314E28,-3.697314E28,0.0000000,3,Missing,-3.697314E28,-3.697314E28,-3.697314E28,Missing,-3.697314E28,-3.697314E28,-3.697314E28,Missing,-3.697314E28,-3.697314E28,-3.697314E28,Port 0x02: JJH T tibia tracker  s/n:3E4C8800,868051066,1781693117.768695160,1,OK,0.9423663,0.1994657,-0.1149941,0.2427666,7.423,51.788,-1632.471,0.3242036,3,OK,7.612,51.482,-1632.593,OK,23.274,-34.177,-1671.865,OK,-69.543,14.830,-1660.643,Port 0x03: JJH Y femur tracker  s/n:3E4C8801,868051066,1781693117.768695160,1,OK,0.6331833,-0.1459247,0.0797686,0.7559245,-232.469,-7.832,-1549.669,0.4964004,3,OK,-232.344,-7.183,-1549.863,OK,-302.349,-77.473,-1536.003,OK,-217.999,-95.298,-1519.561
3,Port 0x01: JJH Probe  s/n:3E4C880C,868051069,1781693117.818695160,1,Too Few Markers,-3.697314E28,-3.697314E28,-3.697314E28,-3.697314E28,-3.697314E28,-3.697314E28,-3.697314E28,0.0000000,3,Missing,-3.697314E28,-3.697314E28,-3.697314E28,Missing,-3.697314E28,-3.697314E28,-3.697314E28,Missing,-3.697314E28,-3.697314E28,-3.697314E28,Port 0x02: JJH T tibia tracker  s/n:3E4C8800,868051069,1781693117.818695160,1,OK,0.9422997,0.1996241,-0.1151883,0.2428026,7.420,51.784,-1632.394,0.3188382,3,OK,7.614,51.490,-1632.510,OK,23.283,-34.167,-1671.821,OK,-69.533,14.826,-1660.609,Port 0x03: JJH Y femur tracker  s/n:3E4C8801,868051069,1781693117.818695160,1,OK,0.6331923,-0.1460936,0.0798535,0.7558754,-232.452,-7.833,-1549.676,0.4917668,3,OK,-232.329,-7.190,-1549.869,OK,-302.337,-77.462,-1535.998,OK,-217.993,-95.287,-1519.537
3,Port 0x01: JJH Probe  s/n:3E4C880C,868051072,1781693117.868695160,1,Too Few Markers,-3.697314E28,-3.697314E28,-3.697314E28,-3.697314E28,-3.697314E28,-3.697314E28,-3.697314E28,0.0000000,3,Missing,-3.697314E28,-3.697314E28,-3.697314E28,Missing,-3.697314E28,-3.697314E28,-3.697314E28,Missing,-3.697314E28,-3.697314E28,-3.697314E28,Port 0x02: JJH T tibia tracker  s/n:3E4C8800,868051072,1781693117.868695160,1,OK,0.9422895,0.1997123,-0.1152428,0.2427438,7.437,51.775,-1632.411,0.3198469,3,OK,7.637,51.485,-1632.524,OK,23.294,-34.172,-1671.856,OK,-69.529,14.829,-1660.638,Port 0x03: JJH Y femur tracker  s/n:3E4C8801,868051072,1781693117.868695160,1,OK,0.6332486,-0.1459472,0.0797000,0.7558727,-232.437,-7.837,-1549.652,0.4916746,3,OK,-232.312,-7.194,-1549.844,OK,-302.331,-77.469,-1536.002,OK,-217.983,-95.302,-1519.551
3,Port 0x01: JJH Probe  s/n:3E4C880C,868051075,1781693117.918695160,1,Too Few Markers,-3.697314E28,-3.697314E28,-3.697314E28,-3.697314E28,-3.697314E28,-3.697314E28,-3.697314E28,0.0000000,3,Missing,-3.697314E28,-3.697314E28,-3.697314E28,Missing,-3.697314E28,-3.697314E28,-3.697314E28,Missing,-3.697314E28,-3.697314E28,-3.697314E28,Port 0x02: JJH T tibia tracker  s/n:3E4C8800,868051075,1781693117.918695160,1,OK,0.9422407,0.1998867,-0.1153579,0.2427351,7.406,51.768,-1632.392,0.3092010,3,OK,7.616,51.502,-1632.493,OK,23.259,-34.174,-1671.876,OK,-69.554,14.820,-1660.651,Port 0x03: JJH Y femur tracker  s/n:3E4C8801,868051075,1781693117.918695160,1,OK,0.6331707,-0.1461887,0.0796688,0.7558946,-232.463,-7.831,-1549.659,0.4965287,3,OK,-232.339,-7.183,-1549.853,OK,-302.358,-77.470,-1536.020,OK,-217.994,-95.292,-1519.526
3,Port 0x01: JJH Probe  s/n:3E4C880C,868051078,1781693117.968695160,1,Too Few Markers,-3.697314E28,-3.697314E28,-3.697314E28,-3.697314E28,-3.697314E28,-3.697314E28,-3.697314E28,0.0000000,3,Missing,-3.697314E28,-3.697314E28,-3.697314E28,Missing,-3.697314E28,-3.697314E28,-3.697314E28,Missing,-3.697314E28,-3.697314E28,-3.697314E28,Port 0x02: JJH T tibia tracker  s/n:3E4C8800,868051078,1781693117.968695160,1,OK,0.9422321,0.2000691,-0.1150594,0.2427600,7.405,51.776,-1632.435,0.3054038,3,OK,7.601,51.503,-1632.540,OK,23.259,-34.159,-1671.947,OK,-69.561,14.828,-1660.646,Port 0x03: JJH Y femur tracker  s/n:3E4C8801,868051078,1781693117.968695160,1,OK,0.6331842,-0.1461082,0.0797264,0.7558928,-232.474,-7.826,-1549.677,0.4900941,3,OK,-232.350,-7.185,-1549.869,OK,-302.362,-77.461,-1536.025,OK,-218.011,-95.281,-1519.551
3,Port 0x01: JJH Probe  s/n:3E4C880C,868051081,1781693118.018695160,1,Too Few Markers,-3.697314E28,-3.697314E28,-3.697314E28,-3.697314E28,-3.697314E28,-3.697314E28,-3.697314E28,0.0000000,3,Missing,-3.697314E28,-3.697314E28,-3.697314E28,Missing,-3.697314E28,-3.697314E28,-3.697314E28,Missing,-3.697314E28,-3.697314E28,-3.697314E28,Port 0x02: JJH T tibia tracker  s/n:3E4C8800,868051081,1781693118.018695160,1,OK,0.9422034,0.2002168,-0.1151318,0.2427153,7.443,51.756,-1632.398,0.3007903,3,OK,7.642,51.492,-1632.499,OK,23.300,-34.176,-1671.941,OK,-69.531,14.823,-1660.626,Port 0x03: JJH Y femur tracker  s/n:3E4C8801,868051081,1781693118.018695160,1,OK,0.6331876,-0.1461194,0.0798647,0.7558732,-232.447,-7.834,-1549.696,0.4986245,3,OK,-232.323,-7.182,-1549.891,OK,-302.334,-77.465,-1536.015,OK,-217.989,-95.292,-1519.550
3,Port 0x01: JJH Probe  s/n:3E4C880C,868051084,1781693118.068695160,1,Too Few Markers,-3.697314E28,-3.697314E28,-3.697314E28,-3.697314E28,-3.697314E28,-3.697314E28,-3.697314E28,0.0000000,3,Missing,-3.697314E28,-3.697314E28,-3.697314E28,Missing,-3.697314E28,-3.697314E28,-3.697314E28,Missing,-3.697314E28,-3.697314E28,-3.697314E28,Port 0x02: JJH T tibia tracker  s/n:3E4C8800,868051084,1781693118.068695160,1,OK,0.9422957,0.1997989,-0.1150538,0.2427383,7.423,51.782,-1632.420,0.3120640,3,OK,7.619,51.499,-1632.530,OK,23.274,-34.170,-1671.881,OK,-69.547,14.834,-1660.617,Port 0x03: JJH Y femur tracker  s/n:3E4C8801,868051084,1781693118.068695160,1,OK,0.6331977,-0.1458695,0.0799143,0.7559078,-232.458,-7.831,-1549.688,0.4971929,3,OK,-232.334,-7.180,-1549.883,OK,-302.338,-77.464,-1535.993,OK,-217.991,-95.295,-1519.572
3,Port 0x01: JJH Probe  s/n:3E4C880C,868051087,1781693118.118695160,1,Too Few Markers,-3.697314E28,-3.697314E28,-3.697314E28,-3.697314E28,-3.697314E28,-3.697314E28,-3.697314E28,0.0000000,3,Missing,-3.697314E28,-3.697314E28,-3.697314E28,Missing,-3.697314E28,-3.697314E28,-3.697314E28,Missing,-3.697314E28,-3.697314E28,-3.697314E28,Port 0x02: JJH T tibia tracker  s/n:3E4C8800,868051087,1781693118.118695160,1,OK,0.9423688,0.1997113,-0.1145446,0.2427675,7.416,51.795,-1632.474,0.3137741,3,OK,7.603,51.502,-1632.591,OK,23.255,-34.171,-1671.910,OK,-69.572,14.827,-1660.579,Port 0x03: JJH Y femur tracker  s/n:3E4C8801,868051087,1781693118.118695160,1,OK,0.6332393,-0.1460275,0.0794535,0.7558909,-232.469,-7.817,-1549.611,0.4902750,3,OK,-232.344,-7.176,-1549.802,OK,-302.362,-77.459,-1536.011,OK,-218.014,-95.288,-1519.528
3,Port 0x01: JJH Probe  s/n:3E4C880C,868051090,1781693118.168695160,1,Too Few Markers,-3.697314E28,-3.697314E28,-3.697314E28,-3.697314E28,-3.697314E28,-3.697314E28,-3.697314E28,0.0000000,3,Missing,-3.697314E28,-3.697314E28,-3.697314E28,Missing,-3.697314E28,-3.697314E28,-3.697314E28,Missing,-3.697314E28,-3.697314E28,-3.697314E28,Port 0x02: JJH T tibia tracker  s/n:3E4C8800,868051090,1781693118.168695160,1,OK,0.9422397,0.1997514,-0.1155758,0.2427465,7.403,51.780,-1632.406,0.3205857,3,OK,7.618,51.502,-1632.511,OK,23.267,-34.158,-1671.863,OK,-69.554,14.835,-1660.697,Port 0x03: JJH Y femur tracker  s/n:3E4C8801,868051090,1781693118.168695160,1,OK,0.6331854,-0.1460131,0.0799049,0.7558913,-232.463,-7.832,-1549.689,0.4931877,3,OK,-232.338,-7.187,-1549.882,OK,-302.346,-77.464,-1535.998,OK,-218.002,-95.285,-1519.556
3,Port 0x01: JJH Probe  s/n:3E4C880C,868051093,1781693118.218695160,1,Too Few Markers,-3.697314E28,-3.697314E28,-3.697314E28,-3.697314E28,-3.697314E28,-3.697314E28,-3.697314E28,0.0000000,3,Missing,-3.697314E28,-3.697314E28,-3.697314E28,Missing,-3.697314E28,-3.697314E28,-3.697314E28,Missing,-3.697314E28,-3.697314E28,-3.697314E28,Port 0x02: JJH T tibia tracker  s/n:3E4C8800,868051093,1781693118.218695160,1,OK,0.9423582,0.1995074,-0.1150423,0.2427408,7.430,51.823,-1632.502,0.3329977,3,OK,7.633,51.515,-1632.623,OK,23.276,-34.129,-1671.900,OK,-69.545,14.866,-1660.687,Port 0x03: JJH Y femur tracker  s/n:3E4C8801,868051093,1781693118.218695160,1,OK,0.6331955,-0.1460043,0.0798097,0.7558946,-232.459,-7.830,-1549.669,0.4922807,3,OK,-232.333,-7.186,-1549.861,OK,-302.347,-77.464,-1535.997,OK,-217.995,-95.287,-1519.547
3,Port 0x01: JJH Probe  s/n:3E4C880C,868051096,1781693118.268695160,1,Too Few Markers,-3.697314E28,-3.697314E28,-3.697314E28,-3.697314E28,-3.697314E28,-3.697314E28,-3.697314E28,0.0000000,3,Missing,-3.697314E28,-3.697314E28,-3.697314E28,Missing,-3.697314E28,-3.697314E28,-3.697314E28,Missing,-3.697314E28,-3.697314E28,-3.697314E28,Port 0x02: JJH T tibia tracker  s/n:3E4C8800,868051096,1781693118.268695160,1,OK,0.9422225,0.2002719,-0.1147776,0.2427632,7.427,51.994,-1632.720,0.3346499,3,OK,7.613,51.672,-1632.852,OK,23.284,-33.898,-1672.247,OK,-69.553,15.059,-1660.884,Port 0x03: JJH Y femur tracker  s/n:3E4C8801,868051096,1781693118.268695160,1,OK,0.6331914,-0.1459770,0.0797390,0.7559107,-232.452,-7.819,-1549.655,0.4942022,3,OK,-232.325,-7.173,-1549.847,OK,-302.338,-77.461,-1535.995,OK,-217.987,-95.280,-1519.545
3,Port 0x01: JJH Probe  s/n:3E4C880C,868051099,1781693118.318695160,1,Too Few Markers,-3.697314E28,-3.697314E28,-3.697314E28,-3.697314E28,-3.697314E28,-3.697314E28,-3.697314E28,0.0000000,3,Missing,-3.697314E28,-3.697314E28,-3.697314E28,Missing,-3.697314E28,-3.697314E28,-3.697314E28,Missing,-3.697314E28,-3.697314E28,-3.697314E28,Port 0x02: JJH T tibia tracker  s/n:3E4C8800,868051099,1781693118.318695160,1,OK,0.9417898,0.2019378,-0.1156764,0.2426355,7.406,52.101,-1632.841,0.3196859,3,OK,7.614,51.818,-1632.952,OK,23.285,-33.658,-1672.687,OK,-69.554,15.251,-1661.228,Port 0x03: JJH Y femur tracker  s/n:3E4C8801,868051099,1781693118.318695160,1,OK,0.6331962,-0.1459874,0.0797549,0.7559031,-232.450,-7.814,-1549.662,0.4944716,3,OK,-232.325,-7.168,-1549.855,OK,-302.338,-77.451,-1536.002,OK,-217.983,-95.278,-1519.548
3,Port 0x01: JJH Probe  s/n:3E4C880C,868051102,1781693118.368695160,1,Too Few Markers,-3.697314E28,-3.697314E28,-3.697314E28,-3.697314E28,-3.697314E28,-3.697314E28,-3.697314E28,0.0000000,3,Missing,-3.697314E28,-3.697314E28,-3.697314E28,Missing,-3.697314E28,-3.697314E28,-3.697314E28,Missing,-3.697314E28,-3.697314E28,-3.697314E28,Port 0x02: JJH T tibia tracker  s/n:3E4C8800,868051102,1781693118.368695160,1,OK,0.9417083,0.2023075,-0.1161499,0.2424179,7.397,52.151,-1633.051,0.3338062,3,OK,7.606,51.849,-1633.171,OK,23.256,-33.556,-1672.965,OK,-69.559,15.366,-1661.524,Port 0x03: JJH Y femur tracker  s/n:3E4C8801,868051102,1781693118.368695160,1,OK,0.6332086,-0.1461527,0.0795808,0.7558791,-232.440,-7.828,-1549.667,0.4939206,3,OK,-232.318,-7.183,-1549.860,OK,-302.339,-77.463,-1536.046,OK,-217.976,-95.295,-1519.549
3,Port 0x01: JJH Probe  s/n:3E4C880C,868051105,1781693118.418695160,1,Too Few Markers,-3.697314E28,-3.697314E28,-3.697314E28,-3.697314E28,-3.697314E28,-3.697314E28,-3.697314E28,0.0000000,3,Missing,-3.697314E28,-3.697314E28,-3.697314E28,Missing,-3.697314E28,-3.697314E28,-3.697314E28,Missing,-3.697314E28,-3.697314E28,-3.697314E28,Port 0x02: JJH T tibia tracker  s/n:3E4C8800,868051105,1781693118.418695160,1,OK,0.9414204,0.2039883,-0.1161929,0.2421066,7.357,52.280,-1633.401,0.3340590,3,OK,7.563,51.976,-1633.524,OK,23.195,-33.300,-1673.618,OK,-69.639,15.609,-1661.933,Port 0x03: JJH Y femur tracker  s/n:3E4C8801,868051105,1781693118.418695160,1,OK,0.6332902,-0.1455888,0.0795778,0.7559199,-232.450,-7.833,-1549.635,0.4908665,3,OK,-232.321,-7.190,-1549.826,OK,-302.335,-77.477,-1536.002,OK,-217.996,-95.314,-1519.601
3,Port 0x01: JJH Probe  s/n:3E4C880C,868051108,1781693118.468695160,1,Too Few Markers,-3.697314E28,-3.697314E28,-3.697314E28,-3.697314E28,-3.697314E28,-3.697314E28,-3.697314E28,0.0000000,3,Missing,-3.697314E28,-3.697314E28,-3.697314E28,Missing,-3.697314E28,-3.697314E28,-3.697314E28,Missing,-3.697314E28,-3.697314E28,-3.697314E28,Port 0x02: JJH T tibia tracker  s/n:3E4C8800,868051108,1781693118.468695160,1,OK,0.9411135,0.2058847,-0.1161253,0.2417265,7.344,52.560,-1633.794,0.3253685,3,OK,7.527,52.249,-1633.924,OK,23.131,-32.876,-1674.351,OK,-69.667,16.015,-1662.368,Port 0x03: JJH Y femur tracker  s/n:3E4C8801,868051108,1781693118.468695160,1,OK,0.6332215,-0.1458163,0.0796039,0.7559308,-232.440,-7.816,-1549.655,0.4906395,3,OK,-232.315,-7.175,-1549.846,OK,-302.327,-77.459,-1536.021,OK,-217.970,-95.289,-1519.583
3,Port 0x01: JJH Probe  s/n:3E4C880C,868051111,1781693118.518695160,1,Too Few Markers,-3.697314E28,-3.697314E28,-3.697314E28,-3.697314E28,-3.697314E28,-3.697314E28,-3.697314E28,0.0000000,3,Missing,-3.697314E28,-3.697314E28,-3.697314E28,Missing,-3.697314E28,-3.697314E28,-3.697314E28,Missing,-3.697314E28,-3.697314E28,-3.697314E28,Port 0x02: JJH T tibia tracker  s/n:3E4C8800,868051111,1781693118.518695160,1,OK,0.9405671,0.2081175,-0.1170608,0.2414899,7.289,52.804,-1634.152,0.3176769,3,OK,7.490,52.520,-1634.269,OK,23.091,-32.441,-1675.126,OK,-69.714,16.387,-1662.971,Port 0x03: JJH Y femur tracker  s/n:3E4C8801,868051111,1781693118.518695160,1,OK,0.6331851,-0.1457903,0.0798070,0.7559449,-232.432,-7.813,-1549.703,0.4956620,3,OK,-232.307,-7.164,-1549.896,OK,-302.310,-77.456,-1536.026,OK,-217.957,-95.281,-1519.610
3,Port 0x01: JJH Probe  s/n:3E4C880C,868051114,1781693118.568695160,1,Too Few Markers,-3.697314E28,-3.697314E28,-3.697314E28,-3.697314E28,-3.697314E28,-3.697314E28,-3.697314E28,0.0000000,3,Missing,-3.697314E28,-3.697314E28,-3.697314E28,Missing,-3.697314E28,-3.697314E28,-3.697314E28,Missing,-3.697314E28,-3.697314E28,-3.697314E28,Port 0x02: JJH T tibia tracker  s/n:3E4C8800,868051114,1781693118.568695160,1,OK,0.9402341,0.2098091,-0.1174310,0.2411431,7.246,52.937,-1634.384,0.3057301,3,OK,7.443,52.667,-1634.495,OK,23.014,-32.174,-1675.671,OK,-69.760,16.640,-1663.318,Port 0x03: JJH Y femur tracker  s/n:3E4C8801,868051114,1781693118.568695160,1,OK,0.6331789,-0.1459127,0.0798431,0.7559226,-232.435,-7.816,-1549.682,0.4998028,3,OK,-232.314,-7.163,-1549.878,OK,-302.316,-77.452,-1536.002,OK,-217.961,-95.287,-1519.565
3,Port 0x01: JJH Probe  s/n:3E4C880C,868051117,1781693118.618695164,1,Too Few Markers,-3.697314E28,-3.697314E28,-3.697314E28,-3.697314E28,-3.697314E28,-3.697314E28,-3.697314E28,0.0000000,3,Missing,-3.697314E28,-3.697314E28,-3.697314E28,Missing,-3.697314E28,-3.697314E28,-3.697314E28,Missing,-3.697314E28,-3.697314E28,-3.697314E28,Port 0x02: JJH T tibia tracker  s/n:3E4C8800,868051117,1781693118.618695164,1,OK,0.9399184,0.2112438,-0.1182025,0.2407440,7.213,53.039,-1634.661,0.2998901,3,OK,7.416,52.783,-1634.766,OK,22.952,-31.950,-1676.222,OK,-69.793,16.874,-1663.771,Port 0x03: JJH Y femur tracker  s/n:3E4C8801,868051117,1781693118.618695164,1,OK,0.6331752,-0.1460627,0.0797522,0.7559064,-232.404,-7.837,-1549.698,0.4972525,3,OK,-232.283,-7.187,-1549.893,OK,-302.292,-77.473,-1536.040,OK,-217.933,-95.302,-1519.572
3,Port 0x01: JJH Probe  s/n:3E4C880C,868051120,1781693118.668695164,1,Too Few Markers,-3.697314E28,-3.697314E28,-3.697314E28,-3.697314E28,-3.697314E28,-3.697314E28,-3.697314E28,0.0000000,3,Missing,-3.697314E28,-3.697314E28,-3.697314E28,Missing,-3.697314E28,-3.697314E28,-3.697314E28,Missing,-3.697314E28,-3.697314E28,-3.697314E28,Port 0x02: JJH T tibia tracker  s/n:3E4C8800,868051120,1781693118.668695164,1,OK,0.9394987,0.2133817,-0.1185299,0.2403353,7.140,53.381,-1635.323,0.3162585,3,OK,7.341,53.100,-1635.442,OK,22.845,-31.407,-1677.259,OK,-69.889,17.368,-1664.552,Port 0x03: JJH Y femur tracker  s/n:3E4C8801,868051120,1781693118.668695164,1,OK,0.6331950,-0.1458962,0.0796528,0.7559324,-232.413,-7.818,-1549.681,0.4900148,3,OK,-232.290,-7.177,-1549.872,OK,-302.295,-77.460,-1536.039,OK,-217.941,-95.285,-1519.592
3,Port 0x01: JJH Probe  s/n:3E4C880C,868051123,1781693118.718695164,1,Too Few Markers,-3.697314E28,-3.697314E28,-3.697314E28,-3.697314E28,-3.697314E28,-3.697314E28,-3.697314E28,0.0000000,3,Missing,-3.697314E28,-3.697314E28,-3.697314E28,Missing,-3.697314E28,-3.697314E28,-3.697314E28,Missing,-3.697314E28,-3.697314E28,-3.697314E28,Port 0x02: JJH T tibia tracker  s/n:3E4C8800,868051123,1781693118.718695164,1,OK,0.9388061,0.2168833,-0.1192942,0.2395278,7.038,53.794,-1636.083,0.3211242,3,OK,7.234,53.503,-1636.209,OK,22.670,-30.686,-1678.651,OK,-70.029,18.056,-1665.543,Port 0x03: JJH Y femur tracker  s/n:3E4C8801,868051123,1781693118.718695164,1,OK,0.6330966,-0.1461998,0.0798555,0.7559348,-232.429,-7.834,-1549.712,0.4976067,3,OK,-232.309,-7.185,-1549.907,OK,-302.310,-77.474,-1536.034,OK,-217.942,-95.289,-1519.553
3,Port 0x01: JJH Probe  s/n:3E4C880C,868051126,1781693118.768695164,1,Too Few Markers,-3.697314E28,-3.697314E28,-3.697314E28,-3.697314E28,-3.697314E28,-3.697314E28,-3.697314E28,0.0000000,3,Missing,-3.697314E28,-3.697314E28,-3.697314E28,Missing,-3.697314E28,-3.697314E28,-3.697314E28,Missing,-3.697314E28,-3.697314E28,-3.697314E28,Port 0x02: JJH T tibia tracker  s/n:3E4C8800,868051126,1781693118.768695164,1,OK,0.9378029,0.2216521,-0.1206542,0.2384087,6.919,54.402,-1637.172,0.3283948,3,OK,7.118,54.104,-1637.305,OK,22.467,-29.646,-1680.605,OK,-70.193,19.055,-1667.000,Port 0x03: JJH Y femur tracker  s/n:3E4C8801,868051126,1781693118.768695164,1,OK,0.6331827,-0.1458502,0.0795729,0.7559601,-232.391,-7.828,-1549.681,0.4898525,3,OK,-232.271,-7.189,-1549.872,OK,-302.270,-77.474,-1536.054,OK,-217.908,-95.303,-1519.606
3,Port 0x01: JJH Probe  s/n:3E4C880C,868051129,1781693118.818695164,1,Too Few Markers,-3.697314E28,-3.697314E28,-3.697314E28,-3.697314E28,-3.697314E28,-3.697314E28,-3.697314E28,0.0000000,3,Missing,-3.697314E28,-3.697314E28,-3.697314E28,Missing,-3.697314E28,-3.697314E28,-3.697314E28,Missing,-3.697314E28,-3.697314E28,-3.697314E28,Port 0x02: JJH T tibia tracker  s/n:3E4C8800,868051129,1781693118.818695164,1,OK,0.9366411,0.2272307,-0.1215811,0.2372503,6.799,54.988,-1638.198,0.3065369,3,OK,6.975,54.705,-1638.331,OK,22.262,-28.588,-1682.644,OK,-70.373,20.064,-1668.337,Port 0x03: JJH Y femur tracker  s/n:3E4C8801,868051129,1781693118.818695164,1,OK,0.6331616,-0.1458577,0.0797791,0.7559545,-232.378,-7.838,-1549.738,0.4957335,3,OK,-232.256,-7.190,-1549.932,OK,-302.254,-77.481,-1536.069,OK,-217.897,-95.306,-1519.638
3,Port 0x01: JJH Probe  s/n:3E4C880C,868051132,1781693118.868695164,1,Too Few Markers,-3.697314E28,-3.697314E28,-3.697314E28,-3.697314E28,-3.697314E28,-3.697314E28,-3.697314E28,0.0000000,3,Missing,-3.697314E28,-3.697314E28,-3.697314E28,Missing,-3.697314E28,-3.697314E28,-3.697314E28,Missing,-3.697314E28,-3.697314E28,-3.697314E28,Port 0x02: JJH T tibia tracker  s/n:3E4C8800,868051132,1781693118.868695164,1,OK,0.9357095,0.2308616,-0.1234166,0.2364718,6.699,55.320,-1638.657,0.2854645,3,OK,6.911,55.099,-1638.753,OK,22.127,-27.925,-1683.788,OK,-70.469,20.685,-1669.230,Port 0x03: JJH Y femur tracker  s/n:3E4C8801,868051132,1781693118.868695164,1,OK,0.6331726,-0.1459209,0.0795538,0.7559568,-232.384,-7.840,-1549.747,0.4968436,3,OK,-232.263,-7.191,-1549.941,OK,-302.265,-77.489,-1536.124,OK,-217.903,-95.319,-1519.662
3,Port 0x01: JJH Probe  s/n:3E4C880C,868051135,1781693118.918695164,1,Too Few Markers,-3.697314E28,-3.697314E28,-3.697314E28,-3.697314E28,-3.697314E28,-3.697314E28,-3.697314E28,0.0000000,3,Missing,-3.697314E28,-3.697314E28,-3.697314E28,Missing,-3.697314E28,-3.697314E28,-3.697314E28,Missing,-3.697314E28,-3.697314E28,-3.697314E28,Port 0x02: JJH T tibia tracker  s/n:3E4C8800,868051135,1781693118.918695164,1,OK,0.9353265,0.2325674,-0.1235895,0.2362254,6.657,55.623,-1639.077,0.2856925,3,OK,6.862,55.395,-1639.178,OK,22.064,-27.456,-1684.504,OK,-70.513,21.092,-1669.730,Port 0x03: JJH Y femur tracker  s/n:3E4C8801,868051135,1781693118.918695164,1,OK,0.6331419,-0.1460965,0.0793304,0.7559721,-232.388,-7.830,-1549.740,0.4956224,3,OK,-232.268,-7.184,-1549.934,OK,-302.276,-77.488,-1536.165,OK,-217.898,-95.310,-1519.656
3,Port 0x01: JJH Probe  s/n:3E4C880C,868051138,1781693118.968695164,1,Too Few Markers,-3.697314E28,-3.697314E28,-3.697314E28,-3.697314E28,-3.697314E28,-3.697314E28,-3.697314E28,0.0000000,3,Missing,-3.697314E28,-3.697314E28,-3.697314E28,Missing,-3.697314E28,-3.697314E28,-3.697314E28,Missing,-3.697314E28,-3.697314E28,-3.697314E28,Port 0x02: JJH T tibia tracker  s/n:3E4C8800,868051138,1781693118.968695164,1,OK,0.9349381,0.2343067,-0.1241346,0.2357577,6.603,55.801,-1639.522,0.2998869,3,OK,6.806,55.551,-1639.638,OK,21.975,-27.097,-1685.254,OK,-70.585,21.434,-1670.309,Port 0x03: JJH Y femur tracker  s/n:3E4C8801,868051138,1781693118.968695164,1,OK,0.6331663,-0.1459423,0.0795174,0.7559618,-232.377,-7.860,-1549.752,0.4962788,3,OK,-232.260,-7.214,-1549.946,OK,-302.262,-77.507,-1536.138,OK,-217.887,-95.343,-1519.666
3,Port 0x01: JJH Probe  s/n:3E4C880C,868051141,1781693119.018695164,1,Too Few Markers,-3.697314E28,-3.697314E28,-3.697314E28,-3.697314E28,-3.697314E28,-3.697314E28,-3.697314E28,0.0000000,3,Missing,-3.697314E28,-3.697314E28,-3.697314E28,Missing,-3.697314E28,-3.697314E28,-3.697314E28,Missing,-3.697314E28,-3.697314E28,-3.697314E28,Port 0x02: JJH T tibia tracker  s/n:3E4C8800,868051141,1781693119.018695164,1,OK,0.9345870,0.2358435,-0.1246164,0.2353629,6.573,56.075,-1639.888,0.3191133,3,OK,6.780,55.801,-1640.019,OK,21.914,-26.652,-1685.885,OK,-70.629,21.847,-1670.795,Port 0x03: JJH Y femur tracker  s/n:3E4C8801,868051141,1781693119.018695164,1,OK,0.6331892,-0.1457118,0.0793665,0.7560030,-232.376,-7.859,-1549.749,0.4914475,3,OK,-232.253,-7.217,-1549.940,OK,-302.252,-77.520,-1536.159,OK,-217.889,-95.346,-1519.717
3,Port 0x01: JJH Probe  s/n:3E4C880C,868051144,1781693119.068695164,1,Too Few Markers,-3.697314E28,-3.697314E28,-3.697314E28,-3.697314E28,-3.697314E28,-3.697314E28,-3.697314E28,0.0000000,3,Missing,-3.697314E28,-3.697314E28,-3.697314E28,Missing,-3.697314E28,-3.697314E28,-3.697314E28,Missing,-3.697314E28,-3.697314E28,-3.697314E28,Port 0x02: JJH T tibia tracker  s/n:3E4C8800,868051144,1781693119.068695164,1,OK,0.9341183,0.2380132,-0.1245040,0.2350987,6.573,56.372,-1640.276,0.3040617,3,OK,6.765,56.107,-1640.404,OK,21.885,-26.166,-1686.654,OK,-70.644,22.256,-1671.229,Port 0x03: JJH Y femur tracker  s/n:3E4C8801,868051144,1781693119.068695164,1,OK,0.6332021,-0.1455170,0.0796235,0.7560027,-232.370,-7.855,-1549.804,0.4917268,3,OK,-232.248,-7.212,-1549.996,OK,-302.238,-77.506,-1536.160,OK,-217.882,-95.340,-1519.770
3,Port 0x01: JJH Probe  s/n:3E4C880C,868051147,1781693119.118695164,1,Too Few Markers,-3.697314E28,-3.697314E28,-3.697314E28,-3.697314E28,-3.697314E28,-3.697314E28,-3.697314E28,0.0000000,3,Missing,-3.697314E28,-3.697314E28,-3.697314E28,Missing,-3.697314E28,-3.697314E28,-3.697314E28,Missing,-3.697314E28,-3.697314E28,-3.697314E28,Port 0x02: JJH T tibia tracker  s/n:3E4C8800,868051147,1781693119.118695164,1,OK,0.9336224,0.2398586,-0.1251409,0.2348548,6.548,56.520,-1640.453,0.2867566,3,OK,6.752,56.291,-1640.559,OK,21.869,-25.856,-1687.174,OK,-70.673,22.524,-1671.577,Port 0x03: JJH Y femur tracker  s/n:3E4C8801,868051147,1781693119.118695164,1,OK,0.6331595,-0.1458114,0.0794196,0.7560031,-232.365,-7.841,-1549.784,0.4972205,3,OK,-232.244,-7.192,-1549.978,OK,-302.243,-77.501,-1536.185,OK,-217.870,-95.330,-1519.728
3,Port 0x01: JJH Probe  s/n:3E4C880C,868051150,1781693119.168695164,1,Too Few Markers,-3.697314E28,-3.697314E28,-3.697314E28,-3.697314E28,-3.697314E28,-3.697314E28,-3.697314E28,0.0000000,3,Missing,-3.697314E28,-3.697314E28,-3.697314E28,Missing,-3.697314E28,-3.697314E28,-3.697314E28,Missing,-3.697314E28,-3.697314E28,-3.697314E28,Port 0x02: JJH T tibia tracker  s/n:3E4C8800,868051150,1781693119.168695164,1,OK,0.9334653,0.2405467,-0.1250705,0.2348132,6.564,56.605,-1640.557,0.2700883,3,OK,6.749,56.382,-1640.663,OK,21.886,-25.720,-1687.403,OK,-70.647,22.643,-1671.686,Port 0x03: JJH Y femur tracker  s/n:3E4C8801,868051150,1781693119.168695164,1,OK,0.6331661,-0.1457341,0.0794615,0.7560080,-232.350,-7.849,-1549.815,0.4980315,3,OK,-232.224,-7.198,-1550.009,OK,-302.225,-77.514,-1536.205,OK,-217.862,-95.335,-1519.769
3,Port 0x01: JJH Probe  s/n:3E4C880C,868051153,1781693119.218695164,1,Too Few Markers,-3.697314E28,-3.697314E28,-3.697314E28,-3.697314E28,-3.697314E28,-3.697314E28,-3.697314E28,0.0000000,3,Missing,-3.697314E28,-3.697314E28,-3.697314E28,Missing,-3.697314E28,-3.697314E28,-3.697314E28,Missing,-3.697314E28,-3.697314E28,-3.697314E28,Port 0x02: JJH T tibia tracker  s/n:3E4C8800,868051153,1781693119.218695164,1,OK,0.9337014,0.2398099,-0.1246224,0.2348661,6.565,56.703,-1640.705,0.3064663,3,OK,6.751,56.431,-1640.840,OK,21.861,-25.659,-1687.393,OK,-70.662,22.693,-1671.731,Port 0x03: JJH Y femur tracker  s/n:3E4C8801,868051153,1781693119.218695164,1,OK,0.6332094,-0.1456496,0.0793984,0.7559947,-232.354,-7.834,-1549.795,0.4935835,3,OK,-232.232,-7.189,-1549.988,OK,-302.231,-77.492,-1536.198,OK,-217.870,-95.326,-1519.768
3,Port 0x01: JJH Probe  s/n:3E4C880C,868051156,1781693119.268695164,1,Too Few Markers,-3.697314E28,-3.697314E28,-3.697314E28,-3.697314E28,-3.697314E28,-3.697314E28,-3.697314E28,0.0000000,3,Missing,-3.697314E28,-3.697314E28,-3.697314E28,Missing,-3.697314E28,-3.697314E28,-3.697314E28,Missing,-3.697314E28,-3.697314E28,-3.697314E28,Port 0x02: JJH T tibia tracker  s/n:3E4C8800,868051156,1781693119.268695164,1,OK,0.9336225,0.2400656,-0.1248952,0.2347739,6.552,56.678,-1640.729,0.3130926,3,OK,6.743,56.401,-1640.866,OK,21.851,-25.651,-1687.463,OK,-70.678,22.705,-1671.807,Port 0x03: JJH Y femur tracker  s/n:3E4C8801,868051156,1781693119.268695164,1,OK,0.6332117,-0.1455066,0.0794833,0.7560114,-232.369,-7.847,-1549.811,0.4924151,3,OK,-232.248,-7.203,-1550.003,OK,-302.238,-77.503,-1536.194,OK,-217.882,-95.341,-1519.794
3,Port 0x01: JJH Probe  s/n:3E4C880C,868051159,1781693119.318695164,1,Too Few Markers,-3.697314E28,-3.697314E28,-3.697314E28,-3.697314E28,-3.697314E28,-3.697314E28,-3.697314E28,0.0000000,3,Missing,-3.697314E28,-3.697314E28,-3.697314E28,Missing,-3.697314E28,-3.697314E28,-3.697314E28,Missing,-3.697314E28,-3.697314E28,-3.697314E28,Port 0x02: JJH T tibia tracker  s/n:3E4C8800,868051159,1781693119.318695164,1,OK,0.9334239,0.2405509,-0.1255516,0.2347168,6.533,56.660,-1640.646,0.2965042,3,OK,6.744,56.423,-1640.758,OK,21.854,-25.631,-1687.488,OK,-70.682,22.726,-1671.861,Port 0x03: JJH Y femur tracker  s/n:3E4C8801,868051159,1781693119.318695164,1,OK,0.6331608,-0.1456472,0.0793982,0.7560359,-232.359,-7.842,-1549.782,0.4969170,3,OK,-232.234,-7.192,-1549.975,OK,-302.230,-77.511,-1536.182,OK,-217.863,-95.332,-1519.754
3,Port 0x01: JJH Probe  s/n:3E4C880C,868051162,1781693119.368695164,1,Too Few Markers,-3.697314E28,-3.697314E28,-3.697314E28,-3.697314E28,-3.697314E28,-3.697314E28,-3.697314E28,0.0000000,3,Missing,-3.697314E28,-3.697314E28,-3.697314E28,Missing,-3.697314E28,-3.697314E28,-3.697314E28,Missing,-3.697314E28,-3.697314E28,-3.697314E28,Port 0x02: JJH T tibia tracker  s/n:3E4C8800,868051162,1781693119.368695164,1,OK,0.9335528,0.2402561,-0.1249930,0.2348039,6.538,56.712,-1640.732,0.2997584,3,OK,6.725,56.450,-1640.862,OK,21.850,-25.608,-1687.508,OK,-70.679,22.744,-1671.835,Port 0x03: JJH Y femur tracker  s/n:3E4C8801,868051162,1781693119.368695164,1,OK,0.6331879,-0.1456531,0.0793256,0.7560196,-232.363,-7.847,-1549.786,0.4955021,3,OK,-232.239,-7.200,-1549.978,OK,-302.240,-77.514,-1536.202,OK,-217.870,-95.342,-1519.765
3,Port 0x01: JJH Probe  s/n:3E4C880C,868051165,1781693119.418695164,1,Too Few Markers,-3.697314E28,-3.697314E28,-3.697314E28,-3.697314E28,-3.697314E28,-3.697314E28,-3.697314E28,0.0000000,3,Missing,-3.697314E28,-3.697314E28,-3.697314E28,Missing,-3.697314E28,-3.697314E28,-3.697314E28,Missing,-3.697314E28,-3.697314E28,-3.697314E28,Port 0x02: JJH T tibia tracker  s/n:3E4C8800,868051165,1781693119.418695164,1,OK,0.9335690,0.2402272,-0.1250366,0.2347459,6.547,56.722,-1640.785,0.3081080,3,OK,6.741,56.454,-1640.917,OK,21.854,-25.598,-1687.553,OK,-70.686,22.765,-1671.892,Port 0x03: JJH Y femur tracker  s/n:3E4C8801,868051165,1781693119.418695164,1,OK,0.6332203,-0.1456308,0.0792589,0.7560038,-232.343,-7.839,-1549.767,0.4911093,3,OK,-232.217,-7.198,-1549.958,OK,-302.225,-77.505,-1536.197,OK,-217.859,-95.332,-1519.760
3,Port 0x01: JJH Probe  s/n:3E4C880C,868051168,1781693119.468695164,1,Too Few Markers,-3.697314E28,-3.697314E28,-3.697314E28,-3.697314E28,-3.697314E28,-3.697314E28,-3.697314E28,0.0000000,3,Missing,-3.697314E28,-3.697314E28,-3.697314E28,Missing,-3.697314E28,-3.697314E28,-3.697314E28,Missing,-3.697314E28,-3.697314E28,-3.697314E28,Port 0x02: JJH T tibia tracker  s/n:3E4C8800,868051168,1781693119.468695164,1,OK,0.9332940,0.2411702,-0.1254243,0.2346655,6.529,56.697,-1640.651,0.2727903,3,OK,6.730,56.487,-1640.748,OK,21.846,-25.565,-1687.613,OK,-70.694,22.787,-1671.863,Port 0x03: JJH Y femur tracker  s/n:3E4C8801,868051168,1781693119.468695164,1,OK,0.6331647,-0.1457906,0.0793572,0.7560093,-232.356,-7.851,-1549.809,0.4979040,3,OK,-232.232,-7.201,-1550.003,OK,-302.237,-77.517,-1536.222,OK,-217.862,-95.341,-1519.765
3,Port 0x01: JJH Probe  s/n:3E4C880C,868051171,1781693119.518695164,1,Too Few Markers,-3.697314E28,-3.697314E28,-3.697314E28,-3.697314E28,-3.697314E28,-3.697314E28,-3.697314E28,0.0000000,3,Missing,-3.697314E28,-3.697314E28,-3.697314E28,Missing,-3.697314E28,-3.697314E28,-3.697314E28,Missing,-3.697314E28,-3.697314E28,-3.697314E28,Port 0x02: JJH T tibia tracker  s/n:3E4C8800,868051171,1781693119.518695164,1,OK,0.9334482,0.2404633,-0.1254493,0.2347644,6.526,56.754,-1640.789,0.3128847,3,OK,6.738,56.495,-1640.913,OK,21.849,-25.528,-1687.602,OK,-70.692,22.807,-1671.984,Port 0x03: JJH Y femur tracker  s/n:3E4C8801,868051171,1781693119.518695164,1,OK,0.6332139,-0.1454385,0.0794512,0.7560260,-232.359,-7.851,-1549.814,0.4927906,3,OK,-232.231,-7.206,-1550.006,OK,-302.230,-77.516,-1536.201,OK,-217.871,-95.343,-1519.812
3,Port 0x01: JJH Probe  s/n:3E4C880C,868051174,1781693119.568695164,1,Too Few Markers,-3.697314E28,-3.697314E28,-3.697314E28,-3.697314E28,-3.697314E28,-3.697314E28,-3.697314E28,0.0000000,3,Missing,-3.697314E28,-3.697314E28,-3.697314E28,Missing,-3.697314E28,-3.697314E28,-3.697314E28,Missing,-3.697314E28,-3.697314E28,-3.697314E28,Port 0x02: JJH T tibia tracker  s/n:3E4C8800,868051174,1781693119.568695164,1,OK,0.9333815,0.2409103,-0.1254140,0.2345902,6.547,56.739,-1640.775,0.2967587,3,OK,6.746,56.491,-1640.895,OK,21.848,-25.522,-1687.677,OK,-70.682,22.839,-1671.969,Port 0x03: JJH Y femur tracker  s/n:3E4C8801,868051174,1781693119.568695164,1,OK,0.6331716,-0.1455475,0.0795390,0.7560312,-232.348,-7.858,-1549.813,0.4943558,3,OK,-232.225,-7.211,-1550.005,OK,-302.215,-77.520,-1536.184,OK,-217.853,-95.346,-1519.783
3,Port 0x01: JJH Probe  s/n:3E4C880C,868051177,1781693119.618695158,1,Too Few Markers,-3.697314E28,-3.697314E28,-3.697314E28,-3.697314E28,-3.697314E28,-3.697314E28,-3.697314E28,0.0000000,3,Missing,-3.697314E28,-3.697314E28,-3.697314E28,Missing,-3.697314E28,-3.697314E28,-3.697314E28,Missing,-3.697314E28,-3.697314E28,-3.697314E28,Port 0x02: JJH T tibia tracker  s/n:3E4C8800,868051177,1781693119.618695158,1,OK,0.9334317,0.2407776,-0.1250956,0.2346966,6.527,56.774,-1640.849,0.3017198,3,OK,6.710,56.506,-1640.983,OK,21.838,-25.497,-1687.716,OK,-70.700,22.851,-1671.980,Port 0x03: JJH Y femur tracker  s/n:3E4C8801,868051177,1781693119.618695158,1,OK,0.6332137,-0.1456530,0.0792082,0.7560104,-232.362,-7.847,-1549.795,0.4918565,3,OK,-232.237,-7.205,-1549.986,OK,-302.245,-77.514,-1536.236,OK,-217.873,-95.343,-1519.790
3,Port 0x01: JJH Probe  s/n:3E4C880C,868051180,1781693119.668695158,1,Too Few Markers,-3.697314E28,-3.697314E28,-3.697314E28,-3.697314E28,-3.697314E28,-3.697314E28,-3.697314E28,0.0000000,3,Missing,-3.697314E28,-3.697314E28,-3.697314E28,Missing,-3.697314E28,-3.697314E28,-3.697314E28,Missing,-3.697314E28,-3.697314E28,-3.697314E28,Port 0x02: JJH T tibia tracker  s/n:3E4C8800,868051180,1781693119.668695158,1,OK,0.9334572,0.2406476,-0.1252576,0.2346422,6.523,56.777,-1640.859,0.3133735,3,OK,6.714,56.499,-1640.997,OK,21.822,-25.490,-1687.699,OK,-70.700,22.860,-1672.013,Port 0x03: JJH Y femur tracker  s/n:3E4C8801,868051180,1781693119.668695158,1,OK,0.6331310,-0.1457032,0.0797159,0.7560166,-232.371,-7.863,-1549.842,0.4982277,3,OK,-232.247,-7.211,-1550.036,OK,-302.237,-77.520,-1536.180,OK,-217.873,-95.340,-1519.769
3,Port 0x01: JJH Probe  s/n:3E4C880C,868051183,1781693119.718695158,1,Too Few Markers,-3.697314E28,-3.697314E28,-3.697314E28,-3.697314E28,-3.697314E28,-3.697314E28,-3.697314E28,0.0000000,3,Missing,-3.697314E28,-3.697314E28,-3.697314E28,Missing,-3.697314E28,-3.697314E28,-3.697314E28,Missing,-3.697314E28,-3.697314E28,-3.697314E28,Port 0x02: JJH T tibia tracker  s/n:3E4C8800,868051183,1781693119.718695158,1,OK,0.9333329,0.2412214,-0.1251911,0.2345831,6.557,56.781,-1640.805,0.2911355,3,OK,6.748,56.535,-1640.924,OK,21.852,-25.460,-1687.759,OK,-70.679,22.887,-1671.969,Port 0x03: JJH Y femur tracker  s/n:3E4C8801,868051183,1781693119.718695158,1,OK,0.6331752,-0.1457486,0.0793796,0.7560062,-232.342,-7.856,-1549.804,0.4933471,3,OK,-232.222,-7.212,-1549.996,OK,-302.219,-77.515,-1536.212,OK,-217.849,-95.346,-1519.763
3,Port 0x01: JJH Probe  s/n:3E4C880C,868051186,1781693119.768695158,1,Too Few Markers,-3.697314E28,-3.697314E28,-3.697314E28,-3.697314E28,-3.697314E28,-3.697314E28,-3.697314E28,0.0000000,3,Missing,-3.697314E28,-3.697314E28,-3.697314E28,Missing,-3.697314E28,-3.697314E28,-3.697314E28,Missing,-3.697314E28,-3.697314E28,-3.697314E28,Port 0x02: JJH T tibia tracker  s/n:3E4C8800,868051186,1781693119.768695158,1,OK,0.9331239,0.2416467,-0.1258995,0.2345977,6.513,56.754,-1640.707,0.2855698,3,OK,6.724,56.533,-1640.809,OK,21.840,-25.437,-1687.750,OK,-70.693,22.887,-1672.017,Port 0x03: JJH Y femur tracker  s/n:3E4C8801,868051186,1781693119.768695158,1,OK,0.6331399,-0.1458365,0.0794271,0.7560138,-232.344,-7.855,-1549.811,0.5009334,3,OK,-232.219,-7.201,-1550.006,OK,-302.220,-77.522,-1536.209,OK,-217.849,-95.343,-1519.752
3,Port 0x01: JJH Probe  s/n:3E4C880C,868051189,1781693119.818695158,1,Too Few Markers,-3.697314E28,-3.697314E28,-3.697314E28,-3.697314E28,-3.697314E28,-3.697314E28,-3.697314E28,0.0000000,3,Missing,-3.697314E28,-3.697314E28,-3.697314E28,Missing,-3.697314E28,-3.697314E28,-3.697314E28,Missing,-3.697314E28,-3.697314E28,-3.697314E28,Port 0x02: JJH T tibia tracker  s/n:3E4C8800,868051189,1781693119.818695158,1,OK,0.9332487,0.2414832,-0.1253793,0.2345478,6.513,56.783,-1640.766,0.2863678,3,OK,6.702,56.541,-1640.883,OK,21.812,-25.432,-1687.770,OK,-70.711,22.910,-1671.969,Port 0x03: JJH Y femur tracker  s/n:3E4C8801,868051189,1781693119.818695158,1,OK,0.6331492,-0.1456284,0.0795637,0.7560318,-232.373,-7.852,-1549.829,0.4990709,3,OK,-232.249,-7.200,-1550.024,OK,-302.242,-77.515,-1536.197,OK,-217.872,-95.341,-1519.784
3,Port 0x01: JJH Probe  s/n:3E4C880C,868051192,1781693119.868695158,1,Too Few Markers,-3.697314E28,-3.697314E28,-3.697314E28,-3.697314E28,-3.697314E28,-3.697314E28,-3.697314E28,0.0000000,3,Missing,-3.697314E28,-3.697314E28,-3.697314E28,Missing,-3.697314E28,-3.697314E28,-3.697314E28,Missing,-3.697314E28,-3.697314E28,-3.697314E28,Port 0x02: JJH T tibia tracker  s/n:3E4C8800,868051192,1781693119.868695158,1,OK,0.9333344,0.2412008,-0.1251730,0.2346078,6.535,56.812,-1640.851,0.2927109,3,OK,6.727,56.564,-1640.972,OK,21.827,-25.426,-1687.800,OK,-70.695,22.909,-1672.014,Port 0x03: JJH Y femur tracker  s/n:3E4C8801,868051192,1781693119.868695158,1,OK,0.6332212,-0.1454811,0.0794867,0.7560080,-232.346,-7.852,-1549.792,0.4977438,3,OK,-232.217,-7.201,-1549.985,OK,-302.223,-77.515,-1536.172,OK,-217.861,-95.346,-1519.778
3,Port 0x01: JJH Probe  s/n:3E4C880C,868051195,1781693119.918695158,1,Too Few Markers,-3.697314E28,-3.697314E28,-3.697314E28,-3.697314E28,-3.697314E28,-3.697314E28,-3.697314E28,0.0000000,3,Missing,-3.697314E28,-3.697314E28,-3.697314E28,Missing,-3.697314E28,-3.697314E28,-3.697314E28,Missing,-3.697314E28,-3.697314E28,-3.697314E28,Port 0x02: JJH T tibia tracker  s/n:3E4C8800,868051195,1781693119.918695158,1,OK,0.9332083,0.2415622,-0.1256217,0.2344977,6.537,56.785,-1640.790,0.2857129,3,OK,6.736,56.554,-1640.900,OK,21.834,-25.419,-1687.814,OK,-70.684,22.927,-1672.040,Port 0x03: JJH Y femur tracker  s/n:3E4C8801,868051195,1781693119.918695158,1,OK,0.6331779,-0.1458303,0.0793762,0.7559886,-232.346,-7.856,-1549.805,0.4964314,3,OK,-232.220,-7.208,-1549.998,OK,-302.234,-77.518,-1536.215,OK,-217.856,-95.341,-1519.755
3,Port 0x01: JJH Probe  s/n:3E4C880C,868051198,1781693119.968695158,1,Too Few Markers,-3.697314E28,-3.697314E28,-3.697314E28,-3.697314E28,-3.697314E28,-3.697314E28,-3.697314E28,0.0000000,3,Missing,-3.697314E28,-3.697314E28,-3.697314E28,Missing,-3.697314E28,-3.697314E28,-3.697314E28,Missing,-3.697314E28,-3.697314E28,-3.697314E28,Port 0x02: JJH T tibia tracker  s/n:3E4C8800,868051198,1781693119.968695158,1,OK,0.9332719,0.2413553,-0.1254262,0.2345624,6.507,56.824,-1640.826,0.2957537,3,OK,6.698,56.571,-1640.951,OK,21.808,-25.390,-1687.803,OK,-70.713,22.948,-1672.033,Port 0x03: JJH Y femur tracker  s/n:3E4C8801,868051198,1781693119.968695158,1,OK,0.6331793,-0.1457482,0.0793192,0.7560092,-232.366,-7.848,-1549.793,0.4928176,3,OK,-232.240,-7.205,-1549.984,OK,-302.247,-77.515,-1536.212,OK,-217.876,-95.334,-1519.762
3,Port 0x01: JJH Probe  s/n:3E4C880C,868051201,1781693120.018695158,1,Too Few Markers,-3.697314E28,-3.697314E28,-3.697314E28,-3.697314E28,-3.697314E28,-3.697314E28,-3.697314E28,0.0000000,3,Missing,-3.697314E28,-3.697314E28,-3.697314E28,Missing,-3.697314E28,-3.697314E28,-3.697314E28,Missing,-3.697314E28,-3.697314E28,-3.697314E28,Port 0x02: JJH T tibia tracker  s/n:3E4C8800,868051201,1781693120.018695158,1,OK,0.9332829,0.2412548,-0.1255025,0.2345809,6.513,56.827,-1640.860,0.3033096,3,OK,6.711,56.569,-1640.986,OK,21.821,-25.390,-1687.817,OK,-70.711,22.947,-1672.079,Port 0x03: JJH Y femur tracker  s/n:3E4C8801,868051201,1781693120.018695158,1,OK,0.6331495,-0.1457393,0.0794733,0.7560197,-232.364,-7.852,-1549.819,0.4954426,3,OK,-232.241,-7.205,-1550.012,OK,-302.237,-77.515,-1536.207,OK,-217.867,-95.337,-1519.769
3,Port 0x01: JJH Probe  s/n:3E4C880C,868051204,1781693120.068695158,1,Too Few Markers,-3.697314E28,-3.697314E28,-3.697314E28,-3.697314E28,-3.697314E28,-3.697314E28,-3.697314E28,0.0000000,3,Missing,-3.697314E28,-3.697314E28,-3.697314E28,Missing,-3.697314E28,-3.697314E28,-3.697314E28,Missing,-3.697314E28,-3.697314E28,-3.697314E28,Port 0x02: JJH T tibia tracker  s/n:3E4C8800,868051204,1781693120.068695158,1,OK,0.9333517,0.2412866,-0.1249704,0.2345586,6.573,56.837,-1640.947,0.2958433,3,OK,6.761,56.581,-1641.073,OK,21.857,-25.398,-1687.907,OK,-70.676,22.943,-1672.074,Port 0x03: JJH Y femur tracker  s/n:3E4C8801,868051204,1781693120.068695158,1,OK,0.6331386,-0.1457865,0.0796518,0.7560009,-232.332,-7.861,-1549.838,0.4973167,3,OK,-232.216,-7.212,-1550.033,OK,-302.203,-77.510,-1536.194,OK,-217.833,-95.344,-1519.759
3,Port 0x01: JJH Probe  s/n:3E4C880C,868051207,1781693120.118695158,1,Too Few Markers,-3.697314E28,-3.697314E28,-3.697314E28,-3.697314E28,-3.697314E28,-3.697314E28,-3.697314E28,0.0000000,3,Missing,-3.697314E28,-3.697314E28,-3.697314E28,Missing,-3.697314E28,-3.697314E28,-3.697314E28,Missing,-3.697314E28,-3.697314E28,-3.697314E28,Port 0x02: JJH T tibia tracker  s/n:3E4C8800,868051207,1781693120.118695158,1,OK,0.9332496,0.2414246,-0.1253874,0.2346003,6.493,56.831,-1640.829,0.2981128,3,OK,6.681,56.572,-1640.957,OK,21.802,-25.375,-1687.815,OK,-70.727,22.952,-1672.032,Port 0x03: JJH Y femur tracker  s/n:3E4C8801,868051207,1781693120.118695158,1,OK,0.6331484,-0.1455832,0.0798542,0.7560105,-232.383,-7.858,-1549.860,0.4974784,3,OK,-232.261,-7.208,-1550.054,OK,-302.252,-77.507,-1536.171,OK,-217.882,-95.336,-1519.787
3,Port 0x01: JJH Probe  s/n:3E4C880C,868051210,1781693120.168695158,1,Too Few Markers,-3.697314E28,-3.697314E28,-3.697314E28,-3.697314E28,-3.697314E28,-3.697314E28,-3.697314E28,0.0000000,3,Missing,-3.697314E28,-3.697314E28,-3.697314E28,Missing,-3.697314E28,-3.697314E28,-3.697314E28,Missing,-3.697314E28,-3.697314E28,-3.697314E28,Port 0x02: JJH T tibia tracker  s/n:3E4C8800,868051210,1781693120.168695158,1,OK,0.9333464,0.2412360,-0.1251067,0.2345592,6.492,56.851,-1640.902,0.3099627,3,OK,6.684,56.580,-1641.037,OK,21.785,-25.372,-1687.846,OK,-70.757,22.965,-1672.049,Port 0x03: JJH Y femur tracker  s/n:3E4C8801,868051210,1781693120.168695158,1,OK,0.6331305,-0.1457320,0.0796106,0.7560225,-232.388,-7.854,-1549.799,0.4996656,3,OK,-232.268,-7.201,-1549.995,OK,-302.255,-77.513,-1536.159,OK,-217.889,-95.339,-1519.733
3,Port 0x01: JJH Probe  s/n:3E4C880C,868051213,1781693120.218695158,1,Too Few Markers,-3.697314E28,-3.697314E28,-3.697314E28,-3.697314E28,-3.697314E28,-3.697314E28,-3.697314E28,0.0000000,3,Missing,-3.697314E28,-3.697314E28,-3.697314E28,Missing,-3.697314E28,-3.697314E28,-3.697314E28,Missing,-3.697314E28,-3.697314E28,-3.697314E28,Port 0x02: JJH T tibia tracker  s/n:3E4C8800,868051213,1781693120.218695158,1,OK,0.9333127,0.2413459,-0.1251546,0.2345545,6.563,56.846,-1640.952,0.2981898,3,OK,6.748,56.585,-1641.082,OK,21.855,-25.375,-1687.922,OK,-70.674,22.965,-1672.110,Port 0x03: JJH Y femur tracker  s/n:3E4C8801,868051213,1781693120.218695158,1,OK,0.6331579,-0.1458929,0.0795416,0.7559759,-232.306,-7.864,-1549.811,0.4975226,3,OK,-232.189,-7.215,-1550.006,OK,-302.186,-77.512,-1536.191,OK,-217.814,-95.348,-1519.730
3,Port 0x01: JJH Probe  s/n:3E4C880C,868051216,1781693120.268695158,1,Too Few Markers,-3.697314E28,-3.697314E28,-3.697314E28,-3.697314E28,-3.697314E28,-3.697314E28,-3.697314E28,0.0000000,3,Missing,-3.697314E28,-3.697314E28,-3.697314E28,Missing,-3.697314E28,-3.697314E28,-3.697314E28,Missing,-3.697314E28,-3.697314E28,-3.697314E28,Port 0x02: JJH T tibia tracker  s/n:3E4C8800,868051216,1781693120.268695158,1,OK,0.9332343,0.2415682,-0.1253646,0.2345258,6.521,56.844,-1640.882,0.2990434,3,OK,6.722,56.595,-1641.002,OK,21.815,-25.352,-1687.894,OK,-70.717,22.974,-1672.089,Port 0x03: JJH Y femur tracker  s/n:3E4C8801,868051216,1781693120.268695158,1,OK,0.6331209,-0.1459281,0.0796286,0.7559909,-232.358,-7.851,-1549.839,0.5018207,3,OK,-232.239,-7.197,-1550.036,OK,-302.233,-77.504,-1536.201,OK,-217.860,-95.332,-1519.741
3,Port 0x01: JJH Probe  s/n:3E4C880C,868051219,1781693120.318695158,1,Too Few Markers,-3.697314E28,-3.697314E28,-3.697314E28,-3.697314E28,-3.697314E28,-3.697314E28,-3.697314E28,0.0000000,3,Missing,-3.697314E28,-3.697314E28,-3.697314E28,Missing,-3.697314E28,-3.697314E28,-3.697314E28,Missing,-3.697314E28,-3.697314E28,-3.697314E28,Port 0x02: JJH T tibia tracker  s/n:3E4C8800,868051219,1781693120.318695158,1,OK,0.9332780,0.2413451,-0.1254126,0.2345558,6.472,56.859,-1640.925,0.3056433,3,OK,6.673,56.601,-1641.051,OK,21.763,-25.345,-1687.894,OK,-70.752,22.976,-1672.134,Port 0x03: JJH Y femur tracker  s/n:3E4C8801,868051219,1781693120.318695158,1,OK,0.6331712,-0.1454621,0.0797953,0.7560210,-232.401,-7.855,-1549.854,0.5001765,3,OK,-232.276,-7.200,-1550.049,OK,-302.262,-77.511,-1536.172,OK,-217.911,-95.339,-1519.807
3,Port 0x01: JJH Probe  s/n:3E4C880C,868051222,1781693120.368695158,1,Too Few Markers,-3.697314E28,-3.697314E28,-3.697314E28,-3.697314E28,-3.697314E28,-3.697314E28,-3.697314E28,0.0000000,3,Missing,-3.697314E28,-3.697314E28,-3.697314E28,Missing,-3.697314E28,-3.697314E28,-3.697314E28,Missing,-3.697314E28,-3.697314E28,-3.697314E28,Port 0x02: JJH T tibia tracker  s/n:3E4C8800,868051222,1781693120.368695158,1,OK,0.9331554,0.2418924,-0.1254654,0.2344516,6.536,56.832,-1640.875,0.2846263,3,OK,6.731,56.599,-1640.987,OK,21.828,-25.348,-1687.955,OK,-70.702,22.991,-1672.106,Port 0x03: JJH Y femur tracker  s/n:3E4C8801,868051222,1781693120.368695158,1,OK,0.6332204,-0.1455768,0.0793994,0.7559993,-232.336,-7.851,-1549.784,0.4890104,3,OK,-232.213,-7.212,-1549.974,OK,-302.213,-77.509,-1536.186,OK,-217.851,-95.341,-1519.768
3,Port 0x01: JJH Probe  s/n:3E4C880C,868051225,1781693120.418695158,1,Too Few Markers,-3.697314E28,-3.697314E28,-3.697314E28,-3.697314E28,-3.697314E28,-3.697314E28,-3.697314E28,0.0000000,3,Missing,-3.697314E28,-3.697314E28,-3.697314E28,Missing,-3.697314E28,-3.697314E28,-3.697314E28,Missing,-3.697314E28,-3.697314E28,-3.697314E28,Port 0x02: JJH T tibia tracker  s/n:3E4C8800,868051225,1781693120.418695158,1,OK,0.9331975,0.2417432,-0.1253714,0.2344879,6.539,56.843,-1640.954,0.2947572,3,OK,6.735,56.596,-1641.074,OK,21.830,-25.340,-1688.000,OK,-70.699,22.987,-1672.166,Port 0x03: JJH Y femur tracker  s/n:3E4C8801,868051225,1781693120.418695158,1,OK,0.6331577,-0.1458479,0.0793326,0.7560067,-232.336,-7.850,-1549.790,0.4990667,3,OK,-232.213,-7.199,-1549.984,OK,-302.218,-77.515,-1536.209,OK,-217.841,-95.341,-1519.740
3,Port 0x01: JJH Probe  s/n:3E4C880C,868051228,1781693120.468695158,1,Too Few Markers,-3.697314E28,-3.697314E28,-3.697314E28,-3.697314E28,-3.697314E28,-3.697314E28,-3.697314E28,0.0000000,3,Missing,-3.697314E28,-3.697314E28,-3.697314E28,Missing,-3.697314E28,-3.697314E28,-3.697314E28,Missing,-3.697314E28,-3.697314E28,-3.697314E28,Port 0x02: JJH T tibia tracker  s/n:3E4C8800,868051228,1781693120.468695158,1,OK,0.9332105,0.2416733,-0.1253826,0.2345023,6.499,56.847,-1640.955,0.3000517,3,OK,6.693,56.591,-1641.081,OK,21.799,-25.339,-1687.986,OK,-70.742,22.994,-1672.163,Port 0x03: JJH Y femur tracker  s/n:3E4C8801,868051228,1781693120.468695158,1,OK,0.6332504,-0.1454435,0.0793774,0.7560022,-232.364,-7.846,-1549.792,0.4881420,3,OK,-232.236,-7.208,-1549.982,OK,-302.243,-77.506,-1536.196,OK,-217.882,-95.338,-1519.800
3,Port 0x01: JJH Probe  s/n:3E4C880C,868051231,1781693120.518695158,1,Too Few Markers,-3.697314E28,-3.697314E28,-3.697314E28,-3.697314E28,-3.697314E28,-3.697314E28,-3.697314E28,0.0000000,3,Missing,-3.697314E28,-3.697314E28,-3.697314E28,Missing,-3.697314E28,-3.697314E28,-3.697314E28,Missing,-3.697314E28,-3.697314E28,-3.697314E28,Port 0x02: JJH T tibia tracker  s/n:3E4C8800,868051231,1781693120.518695158,1,OK,0.9331966,0.2415824,-0.1255675,0.2345525,6.508,56.856,-1640.911,0.2980456,3,OK,6.707,56.607,-1641.032,OK,21.816,-25.333,-1687.929,OK,-70.714,22.991,-1672.153,Port 0x03: JJH Y femur tracker  s/n:3E4C8801,868051231,1781693120.518695158,1,OK,0.6332356,-0.1454357,0.0793237,0.7560217,-232.349,-7.851,-1549.772,0.4883120,3,OK,-232.222,-7.212,-1549.962,OK,-302.224,-77.516,-1536.185,OK,-217.864,-95.345,-1519.786
3,Port 0x01: JJH Probe  s/n:3E4C880C,868051234,1781693120.568695158,1,Too Few Markers,-3.697314E28,-3.697314E28,-3.697314E28,-3.697314E28,-3.697314E28,-3.697314E28,-3.697314E28,0.0000000,3,Missing,-3.697314E28,-3.697314E28,-3.697314E28,Missing,-3.697314E28,-3.697314E28,-3.697314E28,Missing,-3.697314E28,-3.697314E28,-3.697314E28,Port 0x02: JJH T tibia tracker  s/n:3E4C8800,868051234,1781693120.568695158,1,OK,0.9331874,0.2419492,-0.1249763,0.2345266,6.539,56.862,-1640.987,0.2780366,3,OK,6.714,56.620,-1641.107,OK,21.829,-25.326,-1688.070,OK,-70.702,23.000,-1672.133,Port 0x03: JJH Y femur tracker  s/n:3E4C8801,868051234,1781693120.568695158,1,OK,0.6332549,-0.1455169,0.0792005,0.7560029,-232.340,-7.850,-1549.762,0.4888120,3,OK,-232.212,-7.211,-1549.951,OK,-302.229,-77.515,-1536.203,OK,-217.855,-95.347,-1519.779
3,Port 0x01: JJH Probe  s/n:3E4C880C,868051237,1781693120.618695163,1,Too Few Markers,-3.697314E28,-3.697314E28,-3.697314E28,-3.697314E28,-3.697314E28,-3.697314E28,-3.697314E28,0.0000000,3,Missing,-3.697314E28,-3.697314E28,-3.697314E28,Missing,-3.697314E28,-3.697314E28,-3.697314E28,Missing,-3.697314E28,-3.697314E28,-3.697314E28,Port 0x02: JJH T tibia tracker  s/n:3E4C8800,868051237,1781693120.618695163,1,OK,0.9331891,0.2417067,-0.1255200,0.2344796,6.520,56.862,-1640.988,0.2958640,3,OK,6.714,56.611,-1641.110,OK,21.819,-25.321,-1688.028,OK,-70.711,23.017,-1672.220,Port 0x03: JJH Y femur tracker  s/n:3E4C8801,868051237,1781693120.618695163,1,OK,0.6331986,-0.1456306,0.0792943,0.7560183,-232.345,-7.855,-1549.808,0.4938125,3,OK,-232.216,-7.210,-1549.999,OK,-302.229,-77.525,-1536.229,OK,-217.853,-95.346,-1519.796
3,Port 0x01: JJH Probe  s/n:3E4C880C,868051240,1781693120.668695163,1,Too Few Markers,-3.697314E28,-3.697314E28,-3.697314E28,-3.697314E28,-3.697314E28,-3.697314E28,-3.697314E28,0.0000000,3,Missing,-3.697314E28,-3.697314E28,-3.697314E28,Missing,-3.697314E28,-3.697314E28,-3.697314E28,Missing,-3.697314E28,-3.697314E28,-3.697314E28,Port 0x02: JJH T tibia tracker  s/n:3E4C8800,868051240,1781693120.668695163,1,OK,0.9331300,0.2419927,-0.1255138,0.2344233,6.517,56.850,-1640.931,0.2849856,3,OK,6.715,56.620,-1641.041,OK,21.809,-25.322,-1688.031,OK,-70.726,23.018,-1672.175,Port 0x03: JJH Y femur tracker  s/n:3E4C8801,868051240,1781693120.668695163,1,OK,0.6331669,-0.1457656,0.0794742,0.7560000,-232.360,-7.857,-1549.834,0.4981052,3,OK,-232.239,-7.206,-1550.029,OK,-302.235,-77.515,-1536.224,OK,-217.868,-95.346,-1519.779
3,Port 0x01: JJH Probe  s/n:3E4C880C,868051243,1781693120.718695163,1,Too Few Markers,-3.697314E28,-3.697314E28,-3.697314E28,-3.697314E28,-3.697314E28,-3.697314E28,-3.697314E28,0.0000000,3,Missing,-3.697314E28,-3.697314E28,-3.697314E28,Missing,-3.697314E28,-3.697314E28,-3.697314E28,Missing,-3.697314E28,-3.697314E28,-3.697314E28,Port 0x02: JJH T tibia tracker  s/n:3E4C8800,868051243,1781693120.718695163,1,OK,0.9332605,0.2415397,-0.1252906,0.2344903,6.520,56.874,-1641.023,0.3021539,3,OK,6.713,56.614,-1641.152,OK,21.808,-25.324,-1688.028,OK,-70.723,23.012,-1672.212,Port 0x03: JJH Y femur tracker  s/n:3E4C8801,868051243,1781693120.718695163,1,OK,0.6332279,-0.1455692,0.0792352,0.7560118,-232.351,-7.845,-1549.790,0.4933091,3,OK,-232.226,-7.200,-1549.981,OK,-302.229,-77.512,-1536.223,OK,-217.867,-95.345,-1519.793
3,Port 0x01: JJH Probe  s/n:3E4C880C,868051246,1781693120.768695163,1,Too Few Markers,-3.697314E28,-3.697314E28,-3.697314E28,-3.697314E28,-3.697314E28,-3.697314E28,-3.697314E28,0.0000000,3,Missing,-3.697314E28,-3.697314E28,-3.697314E28,Missing,-3.697314E28,-3.697314E28,-3.697314E28,Missing,-3.697314E28,-3.697314E28,-3.697314E28,Port 0x02: JJH T tibia tracker  s/n:3E4C8800,868051246,1781693120.768695163,1,OK,0.9332778,0.2414226,-0.1252764,0.2345494,6.526,56.888,-1641.033,0.3061658,3,OK,6.718,56.621,-1641.165,OK,21.818,-25.312,-1688.012,OK,-70.705,23.011,-1672.216,Port 0x03: JJH Y femur tracker  s/n:3E4C8801,868051246,1781693120.768695163,1,OK,0.6331893,-0.1456067,0.0794622,0.7560131,-232.342,-7.851,-1549.781,0.4944298,3,OK,-232.217,-7.205,-1549.974,OK,-302.213,-77.513,-1536.169,OK,-217.854,-95.340,-1519.753
3,Port 0x01: JJH Probe  s/n:3E4C880C,868051249,1781693120.818695163,1,Too Few Markers,-3.697314E28,-3.697314E28,-3.697314E28,-3.697314E28,-3.697314E28,-3.697314E28,-3.697314E28,0.0000000,3,Missing,-3.697314E28,-3.697314E28,-3.697314E28,Missing,-3.697314E28,-3.697314E28,-3.697314E28,Missing,-3.697314E28,-3.697314E28,-3.697314E28,Port 0x02: JJH T tibia tracker  s/n:3E4C8800,868051249,1781693120.818695163,1,OK,0.9331914,0.2418379,-0.1253222,0.2344410,6.514,56.868,-1640.972,0.2941450,3,OK,6.707,56.619,-1641.094,OK,21.793,-25.307,-1688.033,OK,-70.725,23.022,-1672.176,Port 0x03: JJH Y femur tracker  s/n:3E4C8801,868051249,1781693120.818695163,1,OK,0.6331822,-0.1454692,0.0794349,0.7560483,-232.361,-7.848,-1549.786,0.4939441,3,OK,-232.239,-7.202,-1549.978,OK,-302.225,-77.514,-1536.176,OK,-217.865,-95.344,-1519.779
3,Port 0x01: JJH Probe  s/n:3E4C880C,868051252,1781693120.868695163,1,Too Few Markers,-3.697314E28,-3.697314E28,-3.697314E28,-3.697314E28,-3.697314E28,-3.697314E28,-3.697314E28,0.0000000,3,Missing,-3.697314E28,-3.697314E28,-3.697314E28,Missing,-3.697314E28,-3.697314E28,-3.697314E28,Missing,-3.697314E28,-3.697314E28,-3.697314E28,Port 0x02: JJH T tibia tracker  s/n:3E4C8800,868051252,1781693120.868695163,1,OK,0.9331967,0.2416842,-0.1255232,0.2344709,6.520,56.867,-1641.008,0.2962787,3,OK,6.712,56.614,-1641.132,OK,21.813,-25.315,-1688.043,OK,-70.706,23.021,-1672.240,Port 0x03: JJH Y femur tracker  s/n:3E4C8801,868051252,1781693120.868695163,1,OK,0.6331973,-0.1456493,0.0792607,0.7560194,-232.344,-7.850,-1549.784,0.4893647,3,OK,-232.219,-7.211,-1549.975,OK,-302.221,-77.517,-1536.214,OK,-217.854,-95.341,-1519.775
3,Port 0x01: JJH Probe  s/n:3E4C880C,868051255,1781693120.918695163,1,Too Few Markers,-3.697314E28,-3.697314E28,-3.697314E28,-3.697314E28,-3.697314E28,-3.697314E28,-3.697314E28,0.0000000,3,Missing,-3.697314E28,-3.697314E28,-3.697314E28,Missing,-3.697314E28,-3.697314E28,-3.697314E28,Missing,-3.697314E28,-3.697314E28,-3.697314E28,Port 0x02: JJH T tibia tracker  s/n:3E4C8800,868051255,1781693120.918695163,1,OK,0.9331454,0.2421281,-0.1251543,0.2344145,6.540,56.863,-1640.973,0.2783478,3,OK,6.714,56.620,-1641.094,OK,21.819,-25.305,-1688.091,OK,-70.700,23.033,-1672.151,Port 0x03: JJH Y femur tracker  s/n:3E4C8801,868051255,1781693120.918695163,1,OK,0.6331455,-0.1459224,0.0793768,0.7559978,-232.346,-7.854,-1549.811,0.4974335,3,OK,-232.224,-7.205,-1550.005,OK,-302.226,-77.517,-1536.222,OK,-217.853,-95.339,-1519.745
3,Port 0x01: JJH Probe  s/n:3E4C880C,868051258,1781693120.968695163,1,Too Few Markers,-3.697314E28,-3.697314E28,-3.697314E28,-3.697314E28,-3.697314E28,-3.697314E28,-3.697314E28,0.0000000,3,Missing,-3.697314E28,-3.697314E28,-3.697314E28,Missing,-3.697314E28,-3.697314E28,-3.697314E28,Missing,-3.697314E28,-3.697314E28,-3.697314E28,Port 0x02: JJH T tibia tracker  s/n:3E4C8800,868051258,1781693120.968695163,1,OK,0.9331370,0.2420506,-0.1252633,0.2344696,6.509,56.867,-1640.958,0.2816589,3,OK,6.687,56.624,-1641.079,OK,21.797,-25.299,-1688.060,OK,-70.721,23.027,-1672.155,Port 0x03: JJH Y femur tracker  s/n:3E4C8801,868051258,1781693120.968695163,1,OK,0.6331744,-0.1456693,0.0794440,0.7560154,-232.360,-7.851,-1549.773,0.4962230,3,OK,-232.237,-7.204,-1549.966,OK,-302.241,-77.512,-1536.167,OK,-217.861,-95.342,-1519.735
3,Port 0x01: JJH Probe  s/n:3E4C880C,868051261,1781693121.018695163,1,Too Few Markers,-3.697314E28,-3.697314E28,-3.697314E28,-3.697314E28,-3.697314E28,-3.697314E28,-3.697314E28,0.0000000,3,Missing,-3.697314E28,-3.697314E28,-3.697314E28,Missing,-3.697314E28,-3.697314E28,-3.697314E28,Missing,-3.697314E28,-3.697314E28,-3.697314E28,Port 0x02: JJH T tibia tracker  s/n:3E4C8800,868051261,1781693121.018695163,1,OK,0.9330806,0.2420979,-0.1257311,0.2343949,6.510,56.857,-1640.941,0.2898216,3,OK,6.704,56.615,-1641.059,OK,21.807,-25.291,-1688.057,OK,-70.718,23.046,-1672.221,Port 0x03: JJH Y femur tracker  s/n:3E4C8801,868051261,1781693121.018695163,1,OK,0.6331875,-0.1458194,0.0795450,0.7559649,-232.353,-7.857,-1549.852,0.5034218,3,OK,-232.227,-7.200,-1550.048,OK,-302.245,-77.510,-1536.229,OK,-217.864,-95.344,-1519.780
3,Port 0x01: JJH Probe  s/n:3E4C880C,868051264,1781693121.068695163,1,Too Few Markers,-3.697314E28,-3.697314E28,-3.697314E28,-3.697314E28,-3.697314E28,-3.697314E28,-3.697314E28,0.0000000,3,Missing,-3.697314E28,-3.697314E28,-3.697314E28,Missing,-3.697314E28,-3.697314E28,-3.697314E28,Missing,-3.697314E28,-3.697314E28,-3.697314E28,Port 0x02: JJH T tibia tracker  s/n:3E4C8800,868051264,1781693121.068695163,1,OK,0.9331785,0.2419254,-0.1252915,0.2344186,6.531,56.871,-1641.013,0.2897762,3,OK,6.705,56.613,-1641.143,OK,21.814,-25.300,-1688.090,OK,-70.702,23.043,-1672.205,Port 0x03: JJH Y femur tracker  s/n:3E4C8801,868051264,1781693121.068695163,1,OK,0.6331781,-0.1458407,0.0794456,0.7559791,-232.332,-7.857,-1549.796,0.4988614,3,OK,-232.212,-7.206,-1549.991,OK,-302.212,-77.511,-1536.194,OK,-217.845,-95.346,-1519.734
3,Port 0x01: JJH Probe  s/n:3E4C880C,868051267,1781693121.118695163,1,Too Few Markers,-3.697314E28,-3.697314E28,-3.697314E28,-3.697314E28,-3.697314E28,-3.697314E28,-3.697314E28,0.0000000,3,Missing,-3.697314E28,-3.697314E28,-3.697314E28,Missing,-3.697314E28,-3.697314E28,-3.697314E28,Missing,-3.697314E28,-3.697314E28,-3.697314E28,Port 0x02: JJH T tibia tracker  s/n:3E4C8800,868051267,1781693121.118695163,1,OK,0.9330110,0.2424421,-0.1255937,0.2343898,6.503,56.848,-1640.941,0.2717505,3,OK,6.694,56.630,-1641.045,OK,21.799,-25.292,-1688.126,OK,-70.732,23.042,-1672.211,Port 0x03: JJH Y femur tracker  s/n:3E4C8801,868051267,1781693121.118695163,1,OK,0.6331302,-0.1458624,0.0794268,0.7560170,-232.357,-7.858,-1549.815,0.4967883,3,OK,-232.234,-7.210,-1550.008,OK,-302.231,-77.524,-1536.214,OK,-217.861,-95.341,-1519.753
3,Port 0x01: JJH Probe  s/n:3E4C880C,868051270,1781693121.168695163,1,Too Few Markers,-3.697314E28,-3.697314E28,-3.697314E28,-3.697314E28,-3.697314E28,-3.697314E28,-3.697314E28,0.0000000,3,Missing,-3.697314E28,-3.697314E28,-3.697314E28,Missing,-3.697314E28,-3.697314E28,-3.697314E28,Missing,-3.697314E28,-3.697314E28,-3.697314E28,Port 0x02: JJH T tibia tracker  s/n:3E4C8800,868051270,1781693121.168695163,1,OK,0.9331663,0.2419796,-0.1252704,0.2344223,6.527,56.895,-1640.994,0.2938659,3,OK,6.714,56.642,-1641.119,OK,21.798,-25.264,-1688.077,OK,-70.708,23.055,-1672.192,Port 0x03: JJH Y femur tracker  s/n:3E4C8801,868051270,1781693121.168695163,1,OK,0.6331331,-0.1455978,0.0797750,0.7560289,-232.359,-7.855,-1549.862,0.5032322,3,OK,-232.237,-7.198,-1550.059,OK,-302.225,-77.512,-1536.187,OK,-217.855,-95.341,-1519.794
3,Port 0x01: JJH Probe  s/n:3E4C880C,868051273,1781693121.218695163,1,Too Few Markers,-3.697314E28,-3.697314E28,-3.697314E28,-3.697314E28,-3.697314E28,-3.697314E28,-3.697314E28,0.0000000,3,Missing,-3.697314E28,-3.697314E28,-3.697314E28,Missing,-3.697314E28,-3.697314E28,-3.697314E28,Missing,-3.697314E28,-3.697314E28,-3.697314E28,Port 0x02: JJH T tibia tracker  s/n:3E4C8800,868051273,1781693121.218695163,1,OK,0.9330095,0.2425885,-0.1254277,0.2343331,6.522,56.869,-1640.923,0.2714984,3,OK,6.710,56.648,-1641.029,OK,21.797,-25.258,-1688.131,OK,-70.719,23.068,-1672.168,Port 0x03: JJH Y femur tracker  s/n:3E4C8801,868051273,1781693121.218695163,1,OK,0.6331867,-0.1456625,0.0795076,0.7559997,-232.352,-7.860,-1549.832,0.4953654,3,OK,-232.231,-7.212,-1550.026,OK,-302.224,-77.516,-1536.213,OK,-217.865,-95.348,-1519.790
3,Port 0x01: JJH Probe  s/n:3E4C880C,868051276,1781693121.268695163,1,Too Few Markers,-3.697314E28,-3.697314E28,-3.697314E28,-3.697314E28,-3.697314E28,-3.697314E28,-3.697314E28,0.0000000,3,Missing,-3.697314E28,-3.697314E28,-3.697314E28,Missing,-3.697314E28,-3.697314E28,-3.697314E28,Missing,-3.697314E28,-3.697314E28,-3.697314E28,Port 0x02: JJH T tibia tracker  s/n:3E4C8800,868051276,1781693121.268695163,1,OK,0.9330996,0.2421821,-0.1255328,0.2343385,6.509,56.895,-1640.951,0.2902338,3,OK,6.697,56.648,-1641.073,OK,21.778,-25.244,-1688.077,OK,-70.720,23.085,-1672.198,Port 0x03: JJH Y femur tracker  s/n:3E4C8801,868051276,1781693121.268695163,1,OK,0.6331830,-0.1454676,0.0795807,0.7560326,-232.366,-7.851,-1549.820,0.4938406,3,OK,-232.242,-7.205,-1550.012,OK,-302.232,-77.512,-1536.181,OK,-217.871,-95.340,-1519.797
3,Port 0x01: JJH Probe  s/n:3E4C880C,868051279,1781693121.318695163,1,Too Few Markers,-3.697314E28,-3.697314E28,-3.697314E28,-3.697314E28,-3.697314E28,-3.697314E28,-3.697314E28,0.0000000,3,Missing,-3.697314E28,-3.697314E28,-3.697314E28,Missing,-3.697314E28,-3.697314E28,-3.697314E28,Missing,-3.697314E28,-3.697314E28,-3.697314E28,Port 0x02: JJH T tibia tracker  s/n:3E4C8800,868051279,1781693121.318695163,1,OK,0.9330207,0.2423368,-0.1258723,0.2343106,6.503,56.876,-1640.972,0.2896977,3,OK,6.705,56.642,-1641.084,OK,21.781,-25.245,-1688.132,OK,-70.721,23.082,-1672.287,Port 0x03: JJH Y femur tracker  s/n:3E4C8801,868051279,1781693121.318695163,1,OK,0.6331760,-0.1457037,0.0793835,0.7560138,-232.358,-7.848,-1549.832,0.4992605,3,OK,-232.232,-7.196,-1550.027,OK,-302.237,-77.514,-1536.238,OK,-217.864,-95.341,-1519.797
3,Port 0x01: JJH Probe  s/n:3E4C880C,868051282,1781693121.368695163,1,Too Few Markers,-3.697314E28,-3.697314E28,-3.697314E28,-3.697314E28,-3.697314E28,-3.697314E28,-3.697314E28,0.0000000,3,Missing,-3.697314E28,-3.697314E28,-3.697314E28,Missing,-3.697314E28,-3.697314E28,-3.697314E28,Missing,-3.697314E28,-3.697314E28,-3.697314E28,Port 0x02: JJH T tibia tracker  s/n:3E4C8800,868051282,1781693121.368695163,1,OK,0.9330106,0.2425442,-0.1255249,0.2343223,6.531,56.881,-1640.951,0.2794175,3,OK,6.719,56.649,-1641.064,OK,21.810,-25.240,-1688.148,OK,-70.708,23.087,-1672.209,Port 0x03: JJH Y femur tracker  s/n:3E4C8801,868051282,1781693121.368695163,1,OK,0.6332065,-0.1456909,0.0792176,0.7560081,-232.341,-7.853,-1549.812,0.4963937,3,OK,-232.217,-7.205,-1550.005,OK,-302.222,-77.521,-1536.250,OK,-217.855,-95.352,-1519.799
3,Port 0x01: JJH Probe  s/n:3E4C880C,868051285,1781693121.418695163,1,Too Few Markers,-3.697314E28,-3.697314E28,-3.697314E28,-3.697314E28,-3.697314E28,-3.697314E28,-3.697314E28,0.0000000,3,Missing,-3.697314E28,-3.697314E28,-3.697314E28,Missing,-3.697314E28,-3.697314E28,-3.697314E28,Missing,-3.697314E28,-3.697314E28,-3.697314E28,Port 0x02: JJH T tibia tracker  s/n:3E4C8800,868051285,1781693121.418695163,1,OK,0.9330979,0.2422589,-0.1253814,0.2343469,6.522,56.906,-1641.044,0.2933595,3,OK,6.711,56.655,-1641.168,OK,21.801,-25.233,-1688.181,OK,-70.728,23.097,-1672.266,Port 0x03: JJH Y femur tracker  s/n:3E4C8801,868051285,1781693121.418695163,1,OK,0.6331335,-0.1458904,0.0794504,0.7560064,-232.352,-7.856,-1549.852,0.4974405,3,OK,-232.228,-7.206,-1550.045,OK,-302.231,-77.519,-1536.247,OK,-217.855,-95.337,-1519.783
3,Port 0x01: JJH Probe  s/n:3E4C880C,868051288,1781693121.468695163,1,Too Few Markers,-3.697314E28,-3.697314E28,-3.697314E28,-3.697314E28,-3.697314E28,-3.697314E28,-3.697314E28,0.0000000,3,Missing,-3.697314E28,-3.697314E28,-3.697314E28,Missing,-3.697314E28,-3.697314E28,-3.697314E28,Missing,-3.697314E28,-3.697314E28,-3.697314E28,Port 0x02: JJH T tibia tracker  s/n:3E4C8800,868051288,1781693121.468695163,1,OK,0.9330213,0.2424765,-0.1255401,0.2343418,6.505,56.904,-1641.002,0.2891776,3,OK,6.698,56.662,-1641.120,OK,21.790,-25.214,-1688.181,OK,-70.737,23.106,-1672.261,Port 0x03: JJH Y femur tracker  s/n:3E4C8801,868051288,1781693121.468695163,1,OK,0.6332287,-0.1455871,0.0793175,0.7559991,-232.360,-7.852,-1549.821,0.4908486,3,OK,-232.234,-7.211,-1550.012,OK,-302.244,-77.515,-1536.239,OK,-217.876,-95.344,-1519.814
3,Port 0x01: JJH Probe  s/n:3E4C880C,868051291,1781693121.518695163,1,Too Few Markers,-3.697314E28,-3.697314E28,-3.697314E28,-3.697314E28,-3.697314E28,-3.697314E28,-3.697314E28,0.0000000,3,Missing,-3.697314E28,-3.697314E28,-3.697314E28,Missing,-3.697314E28,-3.697314E28,-3.697314E28,Missing,-3.697314E28,-3.697314E28,-3.697314E28,Port 0x02: JJH T tibia tracker  s/n:3E4C8800,868051291,1781693121.518695163,1,OK,0.9330216,0.2424141,-0.1256191,0.2343630,6.512,56.907,-1641.019,0.2786679,3,OK,6.697,56.674,-1641.133,OK,21.799,-25.222,-1688.193,OK,-70.713,23.107,-1672.289,Port 0x03: JJH Y femur tracker  s/n:3E4C8801,868051291,1781693121.518695163,1,OK,0.6331634,-0.1455018,0.0798903,0.7560099,-232.353,-7.863,-1549.868,0.5036754,3,OK,-232.229,-7.204,-1550.065,OK,-302.211,-77.514,-1536.167,OK,-217.864,-95.347,-1519.802
3,Port 0x01: JJH Probe  s/n:3E4C880C,868051294,1781693121.568695163,1,Too Few Markers,-3.697314E28,-3.697314E28,-3.697314E28,-3.697314E28,-3.697314E28,-3.697314E28,-3.697314E28,0.0000000,3,Missing,-3.697314E28,-3.697314E28,-3.697314E28,Missing,-3.697314E28,-3.697314E28,-3.697314E28,Missing,-3.697314E28,-3.697314E28,-3.697314E28,Port 0x02: JJH T tibia tracker  s/n:3E4C8800,868051294,1781693121.568695163,1,OK,0.9330743,0.2422621,-0.1255327,0.2343564,6.527,56.913,-1641.046,0.2939030,3,OK,6.715,56.660,-1641.171,OK,21.814,-25.220,-1688.185,OK,-70.712,23.110,-1672.294,Port 0x03: JJH Y femur tracker  s/n:3E4C8801,868051294,1781693121.568695163,1,OK,0.6331935,-0.1457247,0.0792262,0.7560116,-232.342,-7.853,-1549.795,0.4922967,3,OK,-232.217,-7.209,-1549.986,OK,-302.217,-77.522,-1536.231,OK,-217.859,-95.344,-1519.778
3,Port 0x01: JJH Probe  s/n:3E4C880C,868051297,1781693121.618695165,1,Too Few Markers,-3.697314E28,-3.697314E28,-3.697314E28,-3.697314E28,-3.697314E28,-3.697314E28,-3.697314E28,0.0000000,3,Missing,-3.697314E28,-3.697314E28,-3.697314E28,Missing,-3.697314E28,-3.697314E28,-3.697314E28,Missing,-3.697314E28,-3.697314E28,-3.697314E28,Port 0x02: JJH T tibia tracker  s/n:3E4C8800,868051297,1781693121.618695165,1,OK,0.9329873,0.2425649,-0.1256442,0.2343301,6.513,56.900,-1640.985,0.2762596,3,OK,6.703,56.674,-1641.094,OK,21.797,-25.219,-1688.188,OK,-70.718,23.108,-1672.265,Port 0x03: JJH Y femur tracker  s/n:3E4C8801,868051297,1781693121.618695165,1,OK,0.6332002,-0.1454477,0.0794202,0.7560389,-232.340,-7.852,-1549.790,0.4899188,3,OK,-232.216,-7.211,-1549.981,OK,-302.209,-77.516,-1536.184,OK,-217.844,-95.345,-1519.790
3,Port 0x01: JJH Probe  s/n:3E4C880C,868051300,1781693121.668695165,1,Too Few Markers,-3.697314E28,-3.697314E28,-3.697314E28,-3.697314E28,-3.697314E28,-3.697314E28,-3.697314E28,0.0000000,3,Missing,-3.697314E28,-3.697314E28,-3.697314E28,Missing,-3.697314E28,-3.697314E28,-3.697314E28,Missing,-3.697314E28,-3.697314E28,-3.697314E28,Port 0x02: JJH T tibia tracker  s/n:3E4C8800,868051300,1781693121.668695165,1,OK,0.9329669,0.2426985,-0.1256000,0.2342965,6.510,56.894,-1640.988,0.2755641,3,OK,6.699,56.669,-1641.097,OK,21.787,-25.214,-1688.214,OK,-70.724,23.110,-1672.264,Port 0x03: JJH Y femur tracker  s/n:3E4C8801,868051300,1781693121.668695165,1,OK,0.6331884,-0.1456854,0.0792030,0.7560259,-232.353,-7.852,-1549.770,0.4870054,3,OK,-232.231,-7.216,-1549.959,OK,-302.229,-77.520,-1536.211,OK,-217.861,-95.343,-1519.761
3,Port 0x01: JJH Probe  s/n:3E4C880C,868051303,1781693121.718695164,1,Too Few Markers,-3.697314E28,-3.697314E28,-3.697314E28,-3.697314E28,-3.697314E28,-3.697314E28,-3.697314E28,0.0000000,3,Missing,-3.697314E28,-3.697314E28,-3.697314E28,Missing,-3.697314E28,-3.697314E28,-3.697314E28,Missing,-3.697314E28,-3.697314E28,-3.697314E28,Port 0x02: JJH T tibia tracker  s/n:3E4C8800,868051303,1781693121.718695164,1,OK,0.9328851,0.2427502,-0.1260960,0.2343023,6.503,56.881,-1640.933,0.2815962,3,OK,6.708,56.662,-1641.035,OK,21.799,-25.207,-1688.173,OK,-70.717,23.110,-1672.301,Port 0x03: JJH Y femur tracker  s/n:3E4C8801,868051303,1781693121.718695164,1,OK,0.6331546,-0.1458100,0.0793422,0.7560155,-232.345,-7.864,-1549.810,0.4959356,3,OK,-232.221,-7.216,-1550.004,OK,-302.219,-77.532,-1536.225,OK,-217.854,-95.351,-1519.766
3,Port 0x01: JJH Probe  s/n:3E4C880C,868051306,1781693121.768695165,1,Too Few Markers,-3.697314E28,-3.697314E28,-3.697314E28,-3.697314E28,-3.697314E28,-3.697314E28,-3.697314E28,0.0000000,3,Missing,-3.697314E28,-3.697314E28,-3.697314E28,Missing,-3.697314E28,-3.697314E28,-3.697314E28,Missing,-3.697314E28,-3.697314E28,-3.697314E28,Port 0x02: JJH T tibia tracker  s/n:3E4C8800,868051306,1781693121.768695165,1,OK,0.9329635,0.2428323,-0.1253871,0.2342853,6.546,56.894,-1640.998,0.2681493,3,OK,6.722,56.668,-1641.109,OK,21.816,-25.212,-1688.248,OK,-70.693,23.114,-1672.238,Port 0x03: JJH Y femur tracker  s/n:3E4C8801,868051306,1781693121.768695165,1,OK,0.6331326,-0.1458506,0.0794880,0.7560109,-232.327,-7.854,-1549.805,0.4988193,3,OK,-232.207,-7.203,-1550.000,OK,-302.197,-77.514,-1536.192,OK,-217.831,-95.340,-1519.736
3,Port 0x01: JJH Probe  s/n:3E4C880C,868051309,1781693121.818695165,1,Too Few Markers,-3.697314E28,-3.697314E28,-3.697314E28,-3.697314E28,-3.697314E28,-3.697314E28,-3.697314E28,0.0000000,3,Missing,-3.697314E28,-3.697314E28,-3.697314E28,Missing,-3.697314E28,-3.697314E28,-3.697314E28,Missing,-3.697314E28,-3.697314E28,-3.697314E28,Port 0x02: JJH T tibia tracker  s/n:3E4C8800,868051309,1781693121.818695165,1,OK,0.9328133,0.2429524,-0.1262420,0.2342999,6.487,56.879,-1640.908,0.2675018,3,OK,6.694,56.682,-1640.997,OK,21.791,-25.204,-1688.196,OK,-70.724,23.117,-1672.311,Port 0x03: JJH Y femur tracker  s/n:3E4C8801,868051309,1781693121.818695165,1,OK,0.6331783,-0.1457632,0.0792688,0.7560124,-232.353,-7.853,-1549.776,0.4935088,3,OK,-232.231,-7.209,-1549.968,OK,-302.231,-77.518,-1536.206,OK,-217.861,-95.345,-1519.747
3,Port 0x01: JJH Probe  s/n:3E4C880C,868051312,1781693121.868695165,1,Too Few Markers,-3.697314E28,-3.697314E28,-3.697314E28,-3.697314E28,-3.697314E28,-3.697314E28,-3.697314E28,0.0000000,3,Missing,-3.697314E28,-3.697314E28,-3.697314E28,Missing,-3.697314E28,-3.697314E28,-3.697314E28,Missing,-3.697314E28,-3.697314E28,-3.697314E28,Port 0x02: JJH T tibia tracker  s/n:3E4C8800,868051312,1781693121.868695165,1,OK,0.9329813,0.2424990,-0.1259113,0.2342786,6.498,56.891,-1640.985,0.2950766,3,OK,6.696,56.646,-1641.104,OK,21.780,-25.208,-1688.169,OK,-70.728,23.116,-1672.307,Port 0x03: JJH Y femur tracker  s/n:3E4C8801,868051312,1781693121.868695165,1,OK,0.6331727,-0.1458073,0.0794898,0.7559855,-232.356,-7.865,-1549.810,0.4976125,3,OK,-232.234,-7.216,-1550.004,OK,-302.238,-77.520,-1536.198,OK,-217.864,-95.351,-1519.748
3,Port 0x01: JJH Probe  s/n:3E4C880C,868051315,1781693121.918695165,1,Too Few Markers,-3.697314E28,-3.697314E28,-3.697314E28,-3.697314E28,-3.697314E28,-3.697314E28,-3.697314E28,0.0000000,3,Missing,-3.697314E28,-3.697314E28,-3.697314E28,Missing,-3.697314E28,-3.697314E28,-3.697314E28,Missing,-3.697314E28,-3.697314E28,-3.697314E28,Port 0x02: JJH T tibia tracker  s/n:3E4C8800,868051315,1781693121.918695165,1,OK,0.9328384,0.2431091,-0.1259614,0.2341883,6.537,56.875,-1640.918,0.2681575,3,OK,6.736,56.671,-1641.013,OK,21.810,-25.198,-1688.229,OK,-70.694,23.128,-1672.272,Port 0x03: JJH Y femur tracker  s/n:3E4C8801,868051315,1781693121.918695165,1,OK,0.6331564,-0.1456277,0.0797332,0.7560081,-232.332,-7.859,-1549.849,0.5059041,3,OK,-232.208,-7.198,-1550.047,OK,-302.204,-77.514,-1536.184,OK,-217.835,-95.347,-1519.782
3,Port 0x01: JJH Probe  s/n:3E4C880C,868051318,1781693121.968695164,1,Too Few Markers,-3.697314E28,-3.697314E28,-3.697314E28,-3.697314E28,-3.697314E28,-3.697314E28,-3.697314E28,0.0000000,3,Missing,-3.697314E28,-3.697314E28,-3.697314E28,Missing,-3.697314E28,-3.697314E28,-3.697314E28,Missing,-3.697314E28,-3.697314E28,-3.697314E28,Port 0x02: JJH T tibia tracker  s/n:3E4C8800,868051318,1781693121.968695164,1,OK,0.9329409,0.2426711,-0.1258755,0.2342805,6.500,56.893,-1640.998,0.2868329,3,OK,6.693,56.655,-1641.113,OK,21.788,-25.201,-1688.217,OK,-70.727,23.124,-1672.318,Port 0x03: JJH Y femur tracker  s/n:3E4C8801,868051318,1781693121.968695164,1,OK,0.6331974,-0.1455415,0.0794623,0.7560188,-232.344,-7.855,-1549.793,0.4936808,3,OK,-232.220,-7.210,-1549.985,OK,-302.218,-77.517,-1536.180,OK,-217.853,-95.346,-1519.774
3,Port 0x01: JJH Probe  s/n:3E4C880C,868051321,1781693122.018695165,1,Too Few Markers,-3.697314E28,-3.697314E28,-3.697314E28,-3.697314E28,-3.697314E28,-3.697314E28,-3.697314E28,0.0000000,3,Missing,-3.697314E28,-3.697314E28,-3.697314E28,Missing,-3.697314E28,-3.697314E28,-3.697314E28,Missing,-3.697314E28,-3.697314E28,-3.697314E28,Port 0x02: JJH T tibia tracker  s/n:3E4C8800,868051321,1781693122.018695165,1,OK,0.9329824,0.2427247,-0.1254273,0.2343003,6.506,56.908,-1641.016,0.2788303,3,OK,6.696,56.679,-1641.126,OK,21.773,-25.197,-1688.242,OK,-70.737,23.115,-1672.265,Port 0x03: JJH Y femur tracker  s/n:3E4C8801,868051321,1781693122.018695165,1,OK,0.6331892,-0.1457267,0.0794321,0.7559932,-232.345,-7.851,-1549.769,0.4967028,3,OK,-232.221,-7.202,-1549.963,OK,-302.217,-77.512,-1536.165,OK,-217.864,-95.340,-1519.727
3,Port 0x01: JJH Probe  s/n:3E4C880C,868051324,1781693122.068695165,1,Too Few Markers,-3.697314E28,-3.697314E28,-3.697314E28,-3.697314E28,-3.697314E28,-3.697314E28,-3.697314E28,0.0000000,3,Missing,-3.697314E28,-3.697314E28,-3.697314E28,Missing,-3.697314E28,-3.697314E28,-3.697314E28,Missing,-3.697314E28,-3.697314E28,-3.697314E28,Port 0x02: JJH T tibia tracker  s/n:3E4C8800,868051324,1781693122.068695165,1,OK,0.9330336,0.2425310,-0.1253986,0.2343121,6.535,56.923,-1641.052,0.2950009,3,OK,6.718,56.665,-1641.182,OK,21.812,-25.185,-1688.234,OK,-70.711,23.134,-1672.283,Port 0x03: JJH Y femur tracker  s/n:3E4C8801,868051324,1781693122.068695165,1,OK,0.6331505,-0.1458785,0.0794941,0.7559898,-232.327,-7.856,-1549.808,0.4966048,3,OK,-232.204,-7.207,-1550.001,OK,-302.204,-77.514,-1536.195,OK,-217.838,-95.336,-1519.736
3,Port 0x01: JJH Probe  s/n:3E4C880C,868051327,1781693122.118695165,1,Too Few Markers,-3.697314E28,-3.697314E28,-3.697314E28,-3.697314E28,-3.697314E28,-3.697314E28,-3.697314E28,0.0000000,3,Missing,-3.697314E28,-3.697314E28,-3.697314E28,Missing,-3.697314E28,-3.697314E28,-3.697314E28,Missing,-3.697314E28,-3.697314E28,-3.697314E28,Port 0x02: JJH T tibia tracker  s/n:3E4C8800,868051327,1781693122.118695165,1,OK,0.9328848,0.2427274,-0.1262235,0.2342584,6.503,56.900,-1640.946,0.2882277,3,OK,6.711,56.673,-1641.053,OK,21.800,-25.183,-1688.181,OK,-70.718,23.143,-1672.332,Port 0x03: JJH Y femur tracker  s/n:3E4C8801,868051327,1781693122.118695165,1,OK,0.6331386,-0.1458079,0.0797687,0.7559845,-232.339,-7.860,-1549.838,0.5032943,3,OK,-232.217,-7.202,-1550.035,OK,-302.212,-77.510,-1536.169,OK,-217.846,-95.338,-1519.742
3,Port 0x01: JJH Probe  s/n:3E4C880C,868051330,1781693122.168695165,1,Too Few Markers,-3.697314E28,-3.697314E28,-3.697314E28,-3.697314E28,-3.697314E28,-3.697314E28,-3.697314E28,0.0000000,3,Missing,-3.697314E28,-3.697314E28,-3.697314E28,Missing,-3.697314E28,-3.697314E28,-3.697314E28,Missing,-3.697314E28,-3.697314E28,-3.697314E28,Port 0x02: JJH T tibia tracker  s/n:3E4C8800,868051330,1781693122.168695165,1,OK,0.9328649,0.2428454,-0.1260256,0.2343220,6.498,56.902,-1640.986,0.2791238,3,OK,6.696,56.679,-1641.092,OK,21.797,-25.178,-1688.242,OK,-70.717,23.132,-1672.344,Port 0x03: JJH Y femur tracker  s/n:3E4C8801,868051330,1781693122.168695165,1,OK,0.6331223,-0.1458416,0.0796466,0.7560045,-232.348,-7.858,-1549.827,0.5056537,3,OK,-232.231,-7.199,-1550.025,OK,-302.221,-77.511,-1536.184,OK,-217.845,-95.347,-1519.737
3,Port 0x01: JJH Probe  s/n:3E4C880C,868051333,1781693122.218695164,1,Too Few Markers,-3.697314E28,-3.697314E28,-3.697314E28,-3.697314E28,-3.697314E28,-3.697314E28,-3.697314E28,0.0000000,3,Missing,-3.697314E28,-3.697314E28,-3.697314E28,Missing,-3.697314E28,-3.697314E28,-3.697314E28,Missing,-3.697314E28,-3.697314E28,-3.697314E28,Port 0x02: JJH T tibia tracker  s/n:3E4C8800,868051333,1781693122.218695164,1,OK,0.9329245,0.2428589,-0.1256336,0.2342810,6.512,56.916,-1641.016,0.2819044,3,OK,6.706,56.686,-1641.127,OK,21.789,-25.169,-1688.266,OK,-70.726,23.140,-1672.304,Port 0x03: JJH Y femur tracker  s/n:3E4C8801,868051333,1781693122.218695164,1,OK,0.6332008,-0.1455627,0.0794663,0.7560115,-232.348,-7.854,-1549.811,0.4930071,3,OK,-232.222,-7.209,-1550.002,OK,-302.224,-77.515,-1536.197,OK,-217.859,-95.342,-1519.789
3,Port 0x01: JJH Probe  s/n:3E4C880C,868051336,1781693122.268695165,1,Too Few Markers,-3.697314E28,-3.697314E28,-3.697314E28,-3.697314E28,-3.697314E28,-3.697314E28,-3.697314E28,0.0000000,3,Missing,-3.697314E28,-3.697314E28,-3.697314E28,Missing,-3.697314E28,-3.697314E28,-3.697314E28,Missing,-3.697314E28,-3.697314E28,-3.697314E28,Port 0x02: JJH T tibia tracker  s/n:3E4C8800,868051336,1781693122.268695165,1,OK,0.9330048,0.2424987,-0.1255945,0.2343554,6.521,56.943,-1641.056,0.2913049,3,OK,6.712,56.697,-1641.177,OK,21.804,-25.165,-1688.236,OK,-70.710,23.145,-1672.325,Port 0x03: JJH Y femur tracker  s/n:3E4C8801,868051336,1781693122.268695165,1,OK,0.6331785,-0.1456774,0.0792957,0.7560260,-232.341,-7.851,-1549.801,0.4932195,3,OK,-232.216,-7.207,-1549.992,OK,-302.217,-77.520,-1536.223,OK,-217.847,-95.343,-1519.781
3,Port 0x01: JJH Probe  s/n:3E4C880C,868051339,1781693122.318695165,1,Too Few Markers,-3.697314E28,-3.697314E28,-3.697314E28,-3.697314E28,-3.697314E28,-3.697314E28,-3.697314E28,0.0000000,3,Missing,-3.697314E28,-3.697314E28,-3.697314E28,Missing,-3.697314E28,-3.697314E28,-3.697314E28,Missing,-3.697314E28,-3.697314E28,-3.697314E28,Port 0x02: JJH T tibia tracker  s/n:3E4C8800,868051339,1781693122.318695165,1,OK,0.9329882,0.2425124,-0.1257868,0.2343042,6.511,56.933,-1641.018,0.2960523,3,OK,6.711,56.688,-1641.137,OK,21.792,-25.167,-1688.202,OK,-70.721,23.147,-1672.322,Port 0x03: JJH Y femur tracker  s/n:3E4C8801,868051339,1781693122.318695165,1,OK,0.6331319,-0.1459227,0.0795272,0.7559934,-232.337,-7.858,-1549.832,0.5006884,3,OK,-232.213,-7.204,-1550.027,OK,-302.216,-77.518,-1536.212,OK,-217.845,-95.337,-1519.749
