Tools,Port 0x01: JJH Probe  s/n:3E4C880C,Frame,Time [sec],Face,State,Q0,Qx,Qy,Qz,Tx,Ty,Tz,Error,Markers,State,Tx,Ty,Tz,State,Tx,Ty,Tz,State,Tx,Ty,Tz,Port 0x02: JJH T tibia tracker  s/n:3E4C8800,Frame,Time [sec],Face,State,Q0,Qx,Qy,Qz,Tx,Ty,Tz,Error,Markers,State,Tx,Ty,Tz,State,Tx,Ty,Tz,State,Tx,Ty,Tz,Port 0x03: JJH Y femur tracker  s/n:3E4C8801,Frame,Time [sec],Face,State,Q0,Qx,Qy,Qz,Tx,Ty,Tz,Error,Markers,State,Tx,Ty,Tz,State,Tx,Ty,Tz,State,Tx,Ty,Tz
3,Port 0x01: JJH Probe  s/n:3E4C880C,868857883,1781706564.718580078,1,Too Few Markers,-3.697314E28,-3.697314E28,-3.697314E28,-3.697314E28,-3.697314E28,-3.697314E28,-3.697314E28,0.0000000,3,Missing,-3.697314E28,-3.697314E28,-3.697314E28,Missing,-3.697314E28,-3.697314E28,-3.697314E28,Missing,-3.697314E28,-3.697314E28,-3.697314E28,Port 0x02: JJH T tibia tracker  s/n:3E4C8800,868857883,1781706564.718580078,1,OK,0.9622633,0.0535132,-0.0941887,0.2496281,37.294,51.645,-1625.458,0.3585017,3,OK,37.544,51.326,-1625.468,OK,51.936,-42.322,-1637.576,OK,-39.926,9.394,-1644.170,Port 0x03: JJH Y femur tracker  s/n:3E4C8801,868857883,1781706564.718580078,1,OK,0.6468621,-0.4994073,-0.2169086,0.5339592,-213.263,21.946,-1665.958,0.5082557,3,OK,-213.212,22.278,-1666.194,OK,-270.980,-36.342,-1722.017,OK,-244.602,-63.171,-1641.961
3,Port 0x01: JJH Probe  s/n:3E4C880C,868857886,1781706564.768580078,1,Too Few Markers,-3.697314E28,-3.697314E28,-3.697314E28,-3.697314E28,-3.697314E28,-3.697314E28,-3.697314E28,0.0000000,3,Missing,-3.697314E28,-3.697314E28,-3.697314E28,Missing,-3.697314E28,-3.697314E28,-3.697314E28,Missing,-3.697314E28,-3.697314E28,-3.697314E28,Port 0x02: JJH T tibia tracker  s/n:3E4C8800,868857886,1781706564.768580078,1,OK,0.9622442,0.0532134,-0.0945279,0.2496375,37.299,51.648,-1625.465,0.3650672,3,OK,37.555,51.324,-1625.474,OK,51.938,-42.316,-1637.532,OK,-39.911,9.388,-1644.223,Port 0x03: JJH Y femur tracker  s/n:3E4C8801,868857886,1781706564.768580078,1,OK,0.6468169,-0.4994456,-0.2169738,0.5339517,-213.252,21.947,-1665.929,0.5183277,3,OK,-213.202,22.277,-1666.166,OK,-270.959,-36.341,-1722.009,OK,-244.582,-63.179,-1641.917
3,Port 0x01: JJH Probe  s/n:3E4C880C,868857889,1781706564.818580078,1,Too Few Markers,-3.697314E28,-3.697314E28,-3.697314E28,-3.697314E28,-3.697314E28,-3.697314E28,-3.697314E28,0.0000000,3,Missing,-3.697314E28,-3.697314E28,-3.697314E28,Missing,-3.697314E28,-3.697314E28,-3.697314E28,Missing,-3.697314E28,-3.697314E28,-3.697314E28,Port 0x02: JJH T tibia tracker  s/n:3E4C8800,868857889,1781706564.818580078,1,OK,0.9622727,0.0533963,-0.0941465,0.2496327,37.345,51.644,-1625.516,0.3539203,3,OK,37.592,51.329,-1625.526,OK,51.981,-42.330,-1637.612,OK,-39.871,9.388,-1644.215,Port 0x03: JJH Y femur tracker  s/n:3E4C8801,868857889,1781706564.818580078,1,OK,0.6467736,-0.4995615,-0.2169393,0.5339097,-213.206,21.943,-1665.953,0.5298610,3,OK,-213.154,22.274,-1666.186,OK,-270.920,-36.346,-1722.053,OK,-244.538,-63.178,-1641.906
3,Port 0x01: JJH Probe  s/n:3E4C880C,868857892,1781706564.868580078,1,Too Few Markers,-3.697314E28,-3.697314E28,-3.697314E28,-3.697314E28,-3.697314E28,-3.697314E28,-3.697314E28,0.0000000,3,Missing,-3.697314E28,-3.697314E28,-3.697314E28,Missing,-3.697314E28,-3.697314E28,-3.697314E28,Missing,-3.697314E28,-3.697314E28,-3.697314E28,Port 0x02: JJH T tibia tracker  s/n:3E4C8800,868857892,1781706564.868580078,1,OK,0.9623164,0.0530463,-0.0938831,0.2496382,37.325,51.664,-1625.556,0.3650410,3,OK,37.577,51.336,-1625.566,OK,51.959,-42.310,-1637.578,OK,-39.910,9.400,-1644.196,Port 0x03: JJH Y femur tracker  s/n:3E4C8801,868857892,1781706564.868580078,1,OK,0.6468335,-0.4995031,-0.2167576,0.5339656,-213.234,21.947,-1666.001,0.5234324,3,OK,-213.193,22.271,-1666.248,OK,-270.962,-36.332,-1722.048,OK,-244.578,-63.169,-1641.950
3,Port 0x01: JJH Probe  s/n:3E4C880C,868857895,1781706564.918580078,1,Too Few Markers,-3.697314E28,-3.697314E28,-3.697314E28,-3.697314E28,-3.697314E28,-3.697314E28,-3.697314E28,0.0000000,3,Missing,-3.697314E28,-3.697314E28,-3.697314E28,Missing,-3.697314E28,-3.697314E28,-3.697314E28,Missing,-3.697314E28,-3.697314E28,-3.697314E28,Port 0x02: JJH T tibia tracker  s/n:3E4C8800,868857895,1781706564.918580078,1,OK,0.9623065,0.0531701,-0.0938787,0.2496515,37.300,51.651,-1625.552,0.3581799,3,OK,37.544,51.326,-1625.563,OK,51.933,-42.323,-1637.598,OK,-39.922,9.388,-1644.194,Port 0x03: JJH Y femur tracker  s/n:3E4C8801,868857895,1781706564.918580078,1,OK,0.6468136,-0.4995011,-0.2167870,0.5339796,-213.259,21.946,-1665.977,0.5228965,3,OK,-213.215,22.274,-1666.223,OK,-270.980,-36.339,-1722.024,OK,-244.599,-63.173,-1641.930
3,Port 0x01: JJH Probe  s/n:3E4C880C,868857898,1781706564.968580078,1,Too Few Markers,-3.697314E28,-3.697314E28,-3.697314E28,-3.697314E28,-3.697314E28,-3.697314E28,-3.697314E28,0.0000000,3,Missing,-3.697314E28,-3.697314E28,-3.697314E28,Missing,-3.697314E28,-3.697314E28,-3.697314E28,Missing,-3.697314E28,-3.697314E28,-3.697314E28,Port 0x02: JJH T tibia tracker  s/n:3E4C8800,868857898,1781706564.968580078,1,OK,0.9622111,0.0532620,-0.0947710,0.2496626,37.316,51.654,-1625.434,0.3627287,3,OK,37.570,51.333,-1625.443,OK,51.972,-42.313,-1637.514,OK,-39.888,9.400,-1644.236,Port 0x03: JJH Y femur tracker  s/n:3E4C8801,868857898,1781706564.968580078,1,OK,0.6468528,-0.4994177,-0.2168175,0.5339977,-213.221,21.947,-1665.943,0.5114844,3,OK,-213.179,22.275,-1666.193,OK,-270.935,-36.336,-1721.969,OK,-244.565,-63.174,-1641.932
3,Port 0x01: JJH Probe  s/n:3E4C880C,868857901,1781706565.018580078,1,Too Few Markers,-3.697314E28,-3.697314E28,-3.697314E28,-3.697314E28,-3.697314E28,-3.697314E28,-3.697314E28,0.0000000,3,Missing,-3.697314E28,-3.697314E28,-3.697314E28,Missing,-3.697314E28,-3.697314E28,-3.697314E28,Missing,-3.697314E28,-3.697314E28,-3.697314E28,Port 0x02: JJH T tibia tracker  s/n:3E4C8800,868857901,1781706565.018580078,1,OK,0.9622880,0.0532153,-0.0940059,0.2496655,37.327,51.657,-1625.521,0.3568884,3,OK,37.577,51.339,-1625.531,OK,51.967,-42.320,-1637.579,OK,-39.894,9.390,-1644.189,Port 0x03: JJH Y femur tracker  s/n:3E4C8801,868857901,1781706565.018580078,1,OK,0.6468823,-0.4994421,-0.2168747,0.5339160,-213.222,21.940,-1665.953,0.5156753,3,OK,-213.172,22.270,-1666.188,OK,-270.949,-36.337,-1722.025,OK,-244.566,-63.175,-1641.938
3,Port 0x01: JJH Probe  s/n:3E4C880C,868857904,1781706565.068580078,1,Too Few Markers,-3.697314E28,-3.697314E28,-3.697314E28,-3.697314E28,-3.697314E28,-3.697314E28,-3.697314E28,0.0000000,3,Missing,-3.697314E28,-3.697314E28,-3.697314E28,Missing,-3.697314E28,-3.697314E28,-3.697314E28,Missing,-3.697314E28,-3.697314E28,-3.697314E28,Port 0x02: JJH T tibia tracker  s/n:3E4C8800,868857904,1781706565.068580078,1,OK,0.9622763,0.0533643,-0.0940071,0.2496781,37.293,51.652,-1625.493,0.3596451,3,OK,37.546,51.334,-1625.502,OK,51.940,-42.319,-1637.578,OK,-39.932,9.387,-1644.168,Port 0x03: JJH Y femur tracker  s/n:3E4C8801,868857904,1781706565.068580078,1,OK,0.6468854,-0.4993212,-0.2170961,0.5339353,-213.273,21.939,-1665.929,0.5017351,3,OK,-213.217,22.266,-1666.150,OK,-270.983,-36.348,-1722.033,OK,-244.594,-63.179,-1641.964
3,Port 0x01: JJH Probe  s/n:3E4C880C,868857907,1781706565.118580078,1,Too Few Markers,-3.697314E28,-3.697314E28,-3.697314E28,-3.697314E28,-3.697314E28,-3.697314E28,-3.697314E28,0.0000000,3,Missing,-3.697314E28,-3.697314E28,-3.697314E28,Missing,-3.697314E28,-3.697314E28,-3.697314E28,Missing,-3.697314E28,-3.697314E28,-3.697314E28,Port 0x02: JJH T tibia tracker  s/n:3E4C8800,868857907,1781706565.118580078,1,OK,0.9622424,0.0534229,-0.0944786,0.2496184,37.314,51.639,-1625.459,0.3610008,3,OK,37.568,51.320,-1625.468,OK,51.962,-42.331,-1637.565,OK,-39.905,9.392,-1644.218,Port 0x03: JJH Y femur tracker  s/n:3E4C8801,868857907,1781706565.118580078,1,OK,0.6468266,-0.4994900,-0.2171804,0.5338144,-213.239,21.939,-1665.902,0.5248164,3,OK,-213.175,22.275,-1666.116,OK,-270.949,-36.348,-1722.066,OK,-244.566,-63.185,-1641.905
3,Port 0x01: JJH Probe  s/n:3E4C880C,868857910,1781706565.168580078,1,Too Few Markers,-3.697314E28,-3.697314E28,-3.697314E28,-3.697314E28,-3.697314E28,-3.697314E28,-3.697314E28,0.0000000,3,Missing,-3.697314E28,-3.697314E28,-3.697314E28,Missing,-3.697314E28,-3.697314E28,-3.697314E28,Missing,-3.697314E28,-3.697314E28,-3.697314E28,Port 0x02: JJH T tibia tracker  s/n:3E4C8800,868857910,1781706565.168580078,1,OK,0.9622447,0.0532198,-0.0945296,0.2496336,37.330,51.642,-1625.484,0.3653718,3,OK,37.579,51.310,-1625.495,OK,51.978,-42.324,-1637.551,OK,-39.881,9.393,-1644.241,Port 0x03: JJH Y femur tracker  s/n:3E4C8801,868857910,1781706565.168580078,1,OK,0.6468502,-0.4994692,-0.2170505,0.5338580,-213.215,21.941,-1665.933,0.5203688,3,OK,-213.156,22.270,-1666.151,OK,-270.936,-36.343,-1722.067,OK,-244.544,-63.175,-1641.923
3,Port 0x01: JJH Probe  s/n:3E4C880C,868857913,1781706565.218580078,1,Too Few Markers,-3.697314E28,-3.697314E28,-3.697314E28,-3.697314E28,-3.697314E28,-3.697314E28,-3.697314E28,0.0000000,3,Missing,-3.697314E28,-3.697314E28,-3.697314E28,Missing,-3.697314E28,-3.697314E28,-3.697314E28,Missing,-3.697314E28,-3.697314E28,-3.697314E28,Port 0x02: JJH T tibia tracker  s/n:3E4C8800,868857913,1781706565.218580078,1,OK,0.9622852,0.0532559,-0.0940995,0.2496324,37.302,51.639,-1625.517,0.3636981,3,OK,37.555,51.314,-1625.527,OK,51.935,-42.327,-1637.584,OK,-39.920,9.378,-1644.202,Port 0x03: JJH Y femur tracker  s/n:3E4C8801,868857913,1781706565.218580078,1,OK,0.6468577,-0.4994710,-0.2170398,0.5338516,-213.264,21.936,-1665.964,0.5248079,3,OK,-213.205,22.265,-1666.183,OK,-270.990,-36.344,-1722.103,OK,-244.594,-63.182,-1641.948
3,Port 0x01: JJH Probe  s/n:3E4C880C,868857916,1781706565.268580078,1,Too Few Markers,-3.697314E28,-3.697314E28,-3.697314E28,-3.697314E28,-3.697314E28,-3.697314E28,-3.697314E28,0.0000000,3,Missing,-3.697314E28,-3.697314E28,-3.697314E28,Missing,-3.697314E28,-3.697314E28,-3.697314E28,Missing,-3.697314E28,-3.697314E28,-3.697314E28,Port 0x02: JJH T tibia tracker  s/n:3E4C8800,868857916,1781706565.268580078,1,OK,0.9623142,0.0529861,-0.0939591,0.2496308,37.315,51.646,-1625.545,0.3604449,3,OK,37.562,51.321,-1625.556,OK,51.943,-42.331,-1637.559,OK,-39.908,9.382,-1644.194,Port 0x03: JJH Y femur tracker  s/n:3E4C8801,868857916,1781706565.268580078,1,OK,0.6468849,-0.4994112,-0.2171461,0.5338314,-213.246,21.928,-1665.909,0.5102525,3,OK,-213.187,22.256,-1666.125,OK,-270.957,-36.351,-1722.048,OK,-244.576,-63.187,-1641.934
3,Port 0x01: JJH Probe  s/n:3E4C880C,868857919,1781706565.318580078,1,Too Few Markers,-3.697314E28,-3.697314E28,-3.697314E28,-3.697314E28,-3.697314E28,-3.697314E28,-3.697314E28,0.0000000,3,Missing,-3.697314E28,-3.697314E28,-3.697314E28,Missing,-3.697314E28,-3.697314E28,-3.697314E28,Missing,-3.697314E28,-3.697314E28,-3.697314E28,Port 0x02: JJH T tibia tracker  s/n:3E4C8800,868857919,1781706565.318580078,1,OK,0.9623381,0.0528804,-0.0938022,0.2496201,37.346,51.643,-1625.593,0.3624714,3,OK,37.591,51.311,-1625.605,OK,51.971,-42.336,-1637.583,OK,-39.884,9.380,-1644.209,Port 0x03: JJH Y femur tracker  s/n:3E4C8801,868857919,1781706565.318580078,1,OK,0.6468121,-0.4995019,-0.2168212,0.5339667,-213.217,21.929,-1665.963,0.5295563,3,OK,-213.173,22.256,-1666.208,OK,-270.939,-36.351,-1722.029,OK,-244.552,-63.194,-1641.909
3,Port 0x01: JJH Probe  s/n:3E4C880C,868857922,1781706565.368580078,1,Too Few Markers,-3.697314E28,-3.697314E28,-3.697314E28,-3.697314E28,-3.697314E28,-3.697314E28,-3.697314E28,0.0000000,3,Missing,-3.697314E28,-3.697314E28,-3.697314E28,Missing,-3.697314E28,-3.697314E28,-3.697314E28,Missing,-3.697314E28,-3.697314E28,-3.697314E28,Port 0x02: JJH T tibia tracker  s/n:3E4C8800,868857922,1781706565.368580078,1,OK,0.9622405,0.0534076,-0.0944324,0.2496467,37.288,51.633,-1625.480,0.3609297,3,OK,37.539,51.310,-1625.490,OK,51.935,-42.333,-1637.582,OK,-39.924,9.380,-1644.230,Port 0x03: JJH Y femur tracker  s/n:3E4C8801,868857922,1781706565.368580078,1,OK,0.6468029,-0.4995480,-0.2168069,0.5339406,-213.257,21.932,-1665.989,0.5234346,3,OK,-213.210,22.259,-1666.227,OK,-270.983,-36.355,-1722.055,OK,-244.597,-63.180,-1641.936
3,Port 0x01: JJH Probe  s/n:3E4C880C,868857925,1781706565.418580078,1,Too Few Markers,-3.697314E28,-3.697314E28,-3.697314E28,-3.697314E28,-3.697314E28,-3.697314E28,-3.697314E28,0.0000000,3,Missing,-3.697314E28,-3.697314E28,-3.697314E28,Missing,-3.697314E28,-3.697314E28,-3.697314E28,Missing,-3.697314E28,-3.697314E28,-3.697314E28,Port 0x02: JJH T tibia tracker  s/n:3E4C8800,868857925,1781706565.418580078,1,OK,0.9622715,0.0531190,-0.0942056,0.2496744,37.292,51.627,-1625.524,0.3586464,3,OK,37.543,51.309,-1625.533,OK,51.937,-42.350,-1637.567,OK,-39.925,9.360,-1644.222,Port 0x03: JJH Y femur tracker  s/n:3E4C8801,868857925,1781706565.418580078,1,OK,0.6468937,-0.4993446,-0.2172189,0.5338534,-213.268,21.911,-1665.901,0.5051351,3,OK,-213.206,22.239,-1666.112,OK,-270.975,-36.373,-1722.047,OK,-244.589,-63.207,-1641.947
3,Port 0x01: JJH Probe  s/n:3E4C880C,868857928,1781706565.468580078,1,Too Few Markers,-3.697314E28,-3.697314E28,-3.697314E28,-3.697314E28,-3.697314E28,-3.697314E28,-3.697314E28,0.0000000,3,Missing,-3.697314E28,-3.697314E28,-3.697314E28,Missing,-3.697314E28,-3.697314E28,-3.697314E28,Missing,-3.697314E28,-3.697314E28,-3.697314E28,Port 0x02: JJH T tibia tracker  s/n:3E4C8800,868857928,1781706565.468580078,1,OK,0.9622494,0.0531695,-0.0944936,0.2496399,37.328,51.629,-1625.484,0.3634177,3,OK,37.582,51.306,-1625.494,OK,51.971,-42.341,-1637.543,OK,-39.885,9.371,-1644.235,Port 0x03: JJH Y femur tracker  s/n:3E4C8801,868857928,1781706565.468580078,1,OK,0.6469025,-0.4993477,-0.2170781,0.5338971,-213.224,21.911,-1665.913,0.4923050,3,OK,-213.165,22.241,-1666.133,OK,-270.933,-36.380,-1722.002,OK,-244.560,-63.198,-1641.965
3,Port 0x01: JJH Probe  s/n:3E4C880C,868857931,1781706565.518580078,1,Too Few Markers,-3.697314E28,-3.697314E28,-3.697314E28,-3.697314E28,-3.697314E28,-3.697314E28,-3.697314E28,0.0000000,3,Missing,-3.697314E28,-3.697314E28,-3.697314E28,Missing,-3.697314E28,-3.697314E28,-3.697314E28,Missing,-3.697314E28,-3.697314E28,-3.697314E28,Port 0x02: JJH T tibia tracker  s/n:3E4C8800,868857931,1781706565.518580078,1,OK,0.9623159,0.0528872,-0.0939611,0.2496447,37.313,51.612,-1625.608,0.3595509,3,OK,37.563,51.291,-1625.617,OK,51.940,-42.368,-1637.603,OK,-39.909,9.340,-1644.253,Port 0x03: JJH Y femur tracker  s/n:3E4C8801,868857931,1781706565.518580078,1,OK,0.6467445,-0.4996036,-0.2168532,0.5339404,-213.240,21.901,-1665.969,0.5226976,3,OK,-213.192,22.226,-1666.205,OK,-270.955,-36.397,-1722.043,OK,-244.575,-63.210,-1641.912
3,Port 0x01: JJH Probe  s/n:3E4C880C,868857934,1781706565.568580078,1,Too Few Markers,-3.697314E28,-3.697314E28,-3.697314E28,-3.697314E28,-3.697314E28,-3.697314E28,-3.697314E28,0.0000000,3,Missing,-3.697314E28,-3.697314E28,-3.697314E28,Missing,-3.697314E28,-3.697314E28,-3.697314E28,Missing,-3.697314E28,-3.697314E28,-3.697314E28,Port 0x02: JJH T tibia tracker  s/n:3E4C8800,868857934,1781706565.568580078,1,OK,0.9623091,0.0529471,-0.0939696,0.2496547,37.318,51.602,-1625.568,0.3636261,3,OK,37.564,51.270,-1625.580,OK,51.952,-42.372,-1637.573,OK,-39.904,9.336,-1644.217,Port 0x03: JJH Y femur tracker  s/n:3E4C8801,868857934,1781706565.568580078,1,OK,0.6468259,-0.4994522,-0.2169089,0.5339610,-213.245,21.881,-1665.971,0.5064226,3,OK,-213.197,22.203,-1666.203,OK,-270.960,-36.412,-1722.037,OK,-244.576,-63.228,-1641.961
3,Port 0x01: JJH Probe  s/n:3E4C880C,868857937,1781706565.618580078,1,Too Few Markers,-3.697314E28,-3.697314E28,-3.697314E28,-3.697314E28,-3.697314E28,-3.697314E28,-3.697314E28,0.0000000,3,Missing,-3.697314E28,-3.697314E28,-3.697314E28,Missing,-3.697314E28,-3.697314E28,-3.697314E28,Missing,-3.697314E28,-3.697314E28,-3.697314E28,Port 0x02: JJH T tibia tracker  s/n:3E4C8800,868857937,1781706565.618580078,1,OK,0.9622979,0.0530105,-0.0941572,0.2496138,37.325,51.580,-1625.565,0.3652635,3,OK,37.581,51.256,-1625.574,OK,51.951,-42.392,-1637.587,OK,-39.900,9.317,-1644.250,Port 0x03: JJH Y femur tracker  s/n:3E4C8801,868857937,1781706565.618580078,1,OK,0.6468680,-0.4994874,-0.2167889,0.5339257,-213.251,21.892,-1665.908,0.5060285,3,OK,-213.202,22.213,-1666.138,OK,-270.988,-36.396,-1721.966,OK,-244.597,-63.205,-1641.883
3,Port 0x01: JJH Probe  s/n:3E4C880C,868857940,1781706565.668580078,1,Too Few Markers,-3.697314E28,-3.697314E28,-3.697314E28,-3.697314E28,-3.697314E28,-3.697314E28,-3.697314E28,0.0000000,3,Missing,-3.697314E28,-3.697314E28,-3.697314E28,Missing,-3.697314E28,-3.697314E28,-3.697314E28,Missing,-3.697314E28,-3.697314E28,-3.697314E28,Port 0x02: JJH T tibia tracker  s/n:3E4C8800,868857940,1781706565.668580078,1,OK,0.9622310,0.0537837,-0.0944007,0.2496142,37.366,51.483,-1625.451,0.3541796,3,OK,37.622,51.178,-1625.457,OK,52.010,-42.485,-1637.626,OK,-39.853,9.235,-1644.213,Port 0x03: JJH Y femur tracker  s/n:3E4C8801,868857940,1781706565.668580078,1,OK,0.6468790,-0.4994232,-0.2167448,0.5339904,-213.218,21.774,-1665.905,0.5120724,3,OK,-213.170,22.098,-1666.138,OK,-270.963,-36.512,-1721.955,OK,-244.556,-63.331,-1641.870
3,Port 0x01: JJH Probe  s/n:3E4C880C,868857943,1781706565.718580078,1,Too Few Markers,-3.697314E28,-3.697314E28,-3.697314E28,-3.697314E28,-3.697314E28,-3.697314E28,-3.697314E28,0.0000000,3,Missing,-3.697314E28,-3.697314E28,-3.697314E28,Missing,-3.697314E28,-3.697314E28,-3.697314E28,Missing,-3.697314E28,-3.697314E28,-3.697314E28,Port 0x02: JJH T tibia tracker  s/n:3E4C8800,868857943,1781706565.718580078,1,OK,0.9622582,0.0532759,-0.0943381,0.2496422,36.708,51.691,-1625.468,0.3560217,3,OK,36.960,51.377,-1625.476,OK,51.349,-42.285,-1637.545,OK,-40.505,9.432,-1644.196,Port 0x03: JJH Y femur tracker  s/n:3E4C8801,868857943,1781706565.718580078,1,OK,0.6441949,-0.4991650,-0.2188674,0.5366044,-212.955,20.972,-1665.857,0.5050908,3,OK,-212.902,21.304,-1666.084,OK,-270.148,-37.880,-1721.889,OK,-243.599,-64.363,-1641.763
3,Port 0x01: JJH Probe  s/n:3E4C880C,868857946,1781706565.768580078,1,Too Few Markers,-3.697314E28,-3.697314E28,-3.697314E28,-3.697314E28,-3.697314E28,-3.697314E28,-3.697314E28,0.0000000,3,Missing,-3.697314E28,-3.697314E28,-3.697314E28,Missing,-3.697314E28,-3.697314E28,-3.697314E28,Missing,-3.697314E28,-3.697314E28,-3.697314E28,Port 0x02: JJH T tibia tracker  s/n:3E4C8800,868857946,1781706565.768580078,1,OK,0.9620957,0.0541522,-0.0951761,0.2497615,36.508,51.794,-1625.612,0.3689022,3,OK,36.772,51.473,-1625.619,OK,51.199,-42.138,-1637.866,OK,-40.678,9.539,-1644.525,Port 0x03: JJH Y femur tracker  s/n:3E4C8801,868857946,1781706565.768580078,1,OK,0.6417982,-0.4970047,-0.2208045,0.5406725,-212.326,19.851,-1665.495,0.4848467,3,OK,-212.272,20.186,-1665.713,OK,-269.043,-39.589,-1721.384,OK,-241.996,-65.809,-1641.406
3,Port 0x01: JJH Probe  s/n:3E4C880C,868857949,1781706565.818580078,1,Too Few Markers,-3.697314E28,-3.697314E28,-3.697314E28,-3.697314E28,-3.697314E28,-3.697314E28,-3.697314E28,0.0000000,3,Missing,-3.697314E28,-3.697314E28,-3.697314E28,Missing,-3.697314E28,-3.697314E28,-3.697314E28,Missing,-3.697314E28,-3.697314E28,-3.697314E28,Port 0x02: JJH T tibia tracker  s/n:3E4C8800,868857949,1781706565.818580078,1,OK,0.9619276,0.0560501,-0.0951234,0.2500104,36.335,52.078,-1625.959,0.3623230,3,OK,36.592,51.761,-1625.969,OK,51.106,-41.805,-1638.566,OK,-40.829,9.825,-1644.946,Port 0x03: JJH Y femur tracker  s/n:3E4C8801,868857949,1781706565.818580078,1,OK,0.6420798,-0.4948495,-0.2180449,0.5434279,-212.809,19.692,-1664.832,0.4969016,3,OK,-212.768,20.017,-1665.064,OK,-269.919,-39.875,-1720.161,OK,-242.138,-65.991,-1640.366
3,Port 0x01: JJH Probe  s/n:3E4C880C,868857952,1781706565.868540012,1,Too Few Markers,-3.697314E28,-3.697314E28,-3.697314E28,-3.697314E28,-3.697314E28,-3.697314E28,-3.697314E28,0.0000000,3,Missing,-3.697314E28,-3.697314E28,-3.697314E28,Missing,-3.697314E28,-3.697314E28,-3.697314E28,Missing,-3.697314E28,-3.697314E28,-3.697314E28,Port 0x02: JJH T tibia tracker  s/n:3E4C8800,868857952,1781706565.868540012,1,OK,0.9616790,0.0579405,-0.0962932,0.2500878,36.198,52.219,-1626.312,0.3632486,3,OK,36.468,51.915,-1626.318,OK,51.021,-41.599,-1639.298,OK,-40.918,9.994,-1645.585,Port 0x03: JJH Y femur tracker  s/n:3E4C8801,868857952,1781706565.868540012,1,OK,0.6428838,-0.4913548,-0.2157209,0.5465669,-213.386,19.511,-1664.008,0.4992318,3,OK,-213.333,19.848,-1664.220,OK,-270.941,-40.132,-1718.860,OK,-242.253,-66.270,-1639.355
3,Port 0x01: JJH Probe  s/n:3E4C880C,868857955,1781706565.918540012,1,Too Few Markers,-3.697314E28,-3.697314E28,-3.697314E28,-3.697314E28,-3.697314E28,-3.697314E28,-3.697314E28,0.0000000,3,Missing,-3.697314E28,-3.697314E28,-3.697314E28,Missing,-3.697314E28,-3.697314E28,-3.697314E28,Missing,-3.697314E28,-3.697314E28,-3.697314E28,Port 0x02: JJH T tibia tracker  s/n:3E4C8800,868857955,1781706565.918540012,1,OK,0.9615237,0.0592532,-0.0968268,0.2501715,35.933,52.430,-1626.676,0.3623622,3,OK,36.196,52.119,-1626.685,OK,50.807,-41.346,-1639.917,OK,-41.154,10.233,-1646.097,Port 0x03: JJH Y femur tracker  s/n:3E4C8801,868857955,1781706565.918540012,1,OK,0.6439118,-0.4863122,-0.2113690,0.5515443,-214.251,19.266,-1662.693,0.4982933,3,OK,-214.195,19.612,-1662.901,OK,-272.514,-40.537,-1716.628,OK,-242.439,-66.621,-1637.628
3,Port 0x01: JJH Probe  s/n:3E4C880C,868857958,1781706565.968540012,1,Too Few Markers,-3.697314E28,-3.697314E28,-3.697314E28,-3.697314E28,-3.697314E28,-3.697314E28,-3.697314E28,0.0000000,3,Missing,-3.697314E28,-3.697314E28,-3.697314E28,Missing,-3.697314E28,-3.697314E28,-3.697314E28,Missing,-3.697314E28,-3.697314E28,-3.697314E28,Port 0x02: JJH T tibia tracker  s/n:3E4C8800,868857958,1781706565.968540012,1,OK,0.9613915,0.0614908,-0.0974368,0.2499027,35.676,52.603,-1627.508,0.3556030,3,OK,35.935,52.299,-1627.518,OK,50.545,-41.121,-1641.188,OK,-41.414,10.507,-1647.129,Port 0x03: JJH Y femur tracker  s/n:3E4C8801,868857958,1781706565.968540012,1,OK,0.6456676,-0.4790569,-0.2046064,0.5583493,-215.480,18.943,-1660.688,0.5212114,3,OK,-215.414,19.302,-1660.880,OK,-274.858,-41.024,-1713.300,OK,-242.756,-67.061,-1634.982
3,Port 0x01: JJH Probe  s/n:3E4C880C,868857961,1781706566.018540012,1,Too Few Markers,-3.697314E28,-3.697314E28,-3.697314E28,-3.697314E28,-3.697314E28,-3.697314E28,-3.697314E28,0.0000000,3,Missing,-3.697314E28,-3.697314E28,-3.697314E28,Missing,-3.697314E28,-3.697314E28,-3.697314E28,Missing,-3.697314E28,-3.697314E28,-3.697314E28,Port 0x02: JJH T tibia tracker  s/n:3E4C8800,868857961,1781706566.018540012,1,OK,0.9612710,0.0649339,-0.0981034,0.2492335,35.273,52.924,-1628.678,0.3629186,3,OK,35.526,52.600,-1628.695,OK,50.076,-40.696,-1643.028,OK,-41.847,11.023,-1648.558,Port 0x03: JJH Y femur tracker  s/n:3E4C8801,868857961,1781706566.018540012,1,OK,0.6479706,-0.4692167,-0.1951983,0.5673336,-217.073,18.700,-1658.022,0.5122944,3,OK,-217.024,19.078,-1658.244,OK,-277.853,-41.469,-1708.643,OK,-243.184,-67.453,-1631.548
3,Port 0x01: JJH Probe  s/n:3E4C880C,868857964,1781706566.068591815,1,Too Few Markers,-3.697314E28,-3.697314E28,-3.697314E28,-3.697314E28,-3.697314E28,-3.697314E28,-3.697314E28,0.0000000,3,Missing,-3.697314E28,-3.697314E28,-3.697314E28,Missing,-3.697314E28,-3.697314E28,-3.697314E28,Missing,-3.697314E28,-3.697314E28,-3.697314E28,Port 0x02: JJH T tibia tracker  s/n:3E4C8800,868857964,1781706566.068591815,1,OK,0.9608865,0.0705875,-0.1002567,0.2483206,34.734,53.168,-1629.888,0.3591362,3,OK,34.986,52.850,-1629.907,OK,49.482,-40.284,-1645.359,OK,-42.387,11.566,-1650.374,Port 0x03: JJH Y femur tracker  s/n:3E4C8801,868857964,1781706566.068591815,1,OK,0.6502942,-0.4575093,-0.1849702,0.5775714,-218.810,18.242,-1654.728,0.5151178,3,OK,-218.742,18.635,-1654.917,OK,-281.131,-42.213,-1703.219,OK,-243.427,-68.084,-1627.454
3,Port 0x01: JJH Probe  s/n:3E4C880C,868857967,1781706566.118591815,1,Too Few Markers,-3.697314E28,-3.697314E28,-3.697314E28,-3.697314E28,-3.697314E28,-3.697314E28,-3.697314E28,0.0000000,3,Missing,-3.697314E28,-3.697314E28,-3.697314E28,Missing,-3.697314E28,-3.697314E28,-3.697314E28,Missing,-3.697314E28,-3.697314E28,-3.697314E28,Port 0x02: JJH T tibia tracker  s/n:3E4C8800,868857967,1781706566.118591815,1,OK,0.9606036,0.0746341,-0.1021478,0.2474595,34.246,53.535,-1631.127,0.3743090,3,OK,34.521,53.218,-1631.146,OK,48.928,-39.780,-1647.407,OK,-42.904,12.181,-1652.110,Port 0x03: JJH Y femur tracker  s/n:3E4C8801,868857967,1781706566.118591815,1,OK,0.6526441,-0.4444171,-0.1730979,0.5887157,-220.546,17.836,-1651.030,0.5340147,3,OK,-220.471,18.243,-1651.207,OK,-284.517,-42.930,-1697.011,OK,-243.498,-68.669,-1622.859
3,Port 0x01: JJH Probe  s/n:3E4C880C,868857970,1781706566.168591815,1,Too Few Markers,-3.697314E28,-3.697314E28,-3.697314E28,-3.697314E28,-3.697314E28,-3.697314E28,-3.697314E28,0.0000000,3,Missing,-3.697314E28,-3.697314E28,-3.697314E28,Missing,-3.697314E28,-3.697314E28,-3.697314E28,Missing,-3.697314E28,-3.697314E28,-3.697314E28,Port 0x02: JJH T tibia tracker  s/n:3E4C8800,868857970,1781706566.168591815,1,OK,0.9604127,0.0779037,-0.1027187,0.2469562,33.517,53.719,-1632.207,0.3678676,3,OK,33.774,53.392,-1632.233,OK,48.167,-39.491,-1649.120,OK,-43.643,12.541,-1653.418,Port 0x03: JJH Y femur tracker  s/n:3E4C8801,868857970,1781706566.168591815,1,OK,0.6548859,-0.4298088,-0.1605732,0.6005040,-222.347,17.252,-1647.005,0.5098221,3,OK,-222.259,17.678,-1647.167,OK,-287.906,-43.884,-1690.192,OK,-243.466,-69.446,-1618.085
3,Port 0x01: JJH Probe  s/n:3E4C880C,868857973,1781706566.218591815,1,Too Few Markers,-3.697314E28,-3.697314E28,-3.697314E28,-3.697314E28,-3.697314E28,-3.697314E28,-3.697314E28,0.0000000,3,Missing,-3.697314E28,-3.697314E28,-3.697314E28,Missing,-3.697314E28,-3.697314E28,-3.697314E28,Missing,-3.697314E28,-3.697314E28,-3.697314E28,Port 0x02: JJH T tibia tracker  s/n:3E4C8800,868857973,1781706566.218591815,1,OK,0.9602290,0.0799031,-0.1035910,0.2466671,32.918,53.941,-1632.908,0.3565542,3,OK,33.167,53.624,-1632.934,OK,47.551,-39.202,-1650.219,OK,-44.217,12.867,-1654.348,Port 0x03: JJH Y femur tracker  s/n:3E4C8801,868857973,1781706566.218591815,1,OK,0.6567955,-0.4140970,-0.1472690,0.6127439,-223.986,16.666,-1642.609,0.4850129,3,OK,-223.880,17.114,-1642.754,OK,-291.070,-44.906,-1682.761,OK,-243.109,-70.223,-1612.986
3,Port 0x01: JJH Probe  s/n:3E4C880C,868857976,1781706566.268591815,1,Too Few Markers,-3.697314E28,-3.697314E28,-3.697314E28,-3.697314E28,-3.697314E28,-3.697314E28,-3.697314E28,0.0000000,3,Missing,-3.697314E28,-3.697314E28,-3.697314E28,Missing,-3.697314E28,-3.697314E28,-3.697314E28,Missing,-3.697314E28,-3.697314E28,-3.697314E28,Port 0x02: JJH T tibia tracker  s/n:3E4C8800,868857976,1781706566.268591815,1,OK,0.9601988,0.0805842,-0.1044424,0.2462037,32.258,53.810,-1633.457,0.3609543,3,OK,32.524,53.505,-1633.478,OK,46.831,-39.317,-1650.922,OK,-44.903,12.832,-1655.073,Port 0x03: JJH Y femur tracker  s/n:3E4C8801,868857976,1781706566.268591815,1,OK,0.6582731,-0.3983719,-0.1334506,0.6246337,-225.395,15.949,-1638.164,0.5002078,3,OK,-225.279,16.424,-1638.306,OK,-293.905,-46.059,-1675.180,OK,-242.480,-71.118,-1607.801
3,Port 0x01: JJH Probe  s/n:3E4C880C,868857979,1781706566.318591815,1,Too Few Markers,-3.697314E28,-3.697314E28,-3.697314E28,-3.697314E28,-3.697314E28,-3.697314E28,-3.697314E28,0.0000000,3,Missing,-3.697314E28,-3.697314E28,-3.697314E28,Missing,-3.697314E28,-3.697314E28,-3.697314E28,Missing,-3.697314E28,-3.697314E28,-3.697314E28,Port 0x02: JJH T tibia tracker  s/n:3E4C8800,868857979,1781706566.318591815,1,OK,0.9603209,0.0811647,-0.1051176,0.2452477,31.436,53.593,-1633.732,0.3583015,3,OK,31.703,53.294,-1633.752,OK,45.849,-39.537,-1651.337,OK,-45.786,12.796,-1655.479,Port 0x03: JJH Y femur tracker  s/n:3E4C8801,868857979,1781706566.318591815,1,OK,0.6593290,-0.3821999,-0.1200795,0.6362306,-226.632,15.277,-1633.584,0.4954907,3,OK,-226.497,15.771,-1633.711,OK,-296.364,-47.209,-1667.471,OK,-241.616,-71.965,-1602.687
3,Port 0x01: JJH Probe  s/n:3E4C880C,868857982,1781706566.368628305,1,Too Few Markers,-3.697314E28,-3.697314E28,-3.697314E28,-3.697314E28,-3.697314E28,-3.697314E28,-3.697314E28,0.0000000,3,Missing,-3.697314E28,-3.697314E28,-3.697314E28,Missing,-3.697314E28,-3.697314E28,-3.697314E28,Missing,-3.697314E28,-3.697314E28,-3.697314E28,Port 0x02: JJH T tibia tracker  s/n:3E4C8800,868857982,1781706566.368628305,1,OK,0.9604943,0.0813041,-0.1042295,0.2449013,31.018,53.097,-1634.303,0.3528363,3,OK,31.265,52.785,-1634.329,OK,45.353,-40.047,-1651.922,OK,-46.258,12.357,-1655.896,Port 0x03: JJH Y femur tracker  s/n:3E4C8801,868857982,1781706566.368628305,1,OK,0.6598423,-0.3667077,-0.1063397,0.6471673,-227.631,14.544,-1629.156,0.5174303,3,OK,-227.498,15.065,-1629.296,OK,-298.424,-48.413,-1659.835,OK,-240.562,-72.843,-1597.664
3,Port 0x01: JJH Probe  s/n:3E4C880C,868857985,1781706566.418628305,1,Too Few Markers,-3.697314E28,-3.697314E28,-3.697314E28,-3.697314E28,-3.697314E28,-3.697314E28,-3.697314E28,0.0000000,3,Missing,-3.697314E28,-3.697314E28,-3.697314E28,Missing,-3.697314E28,-3.697314E28,-3.697314E28,Missing,-3.697314E28,-3.697314E28,-3.697314E28,Port 0x02: JJH T tibia tracker  s/n:3E4C8800,868857985,1781706566.418628305,1,OK,0.9606036,0.0809503,-0.1043352,0.2445443,30.212,53.176,-1634.550,0.3511385,3,OK,30.457,52.864,-1634.576,OK,44.476,-39.991,-1652.112,OK,-47.089,12.489,-1656.142,Port 0x03: JJH Y femur tracker  s/n:3E4C8801,868857985,1781706566.418628305,1,OK,0.6603135,-0.3504624,-0.0934942,0.6575873,-228.431,13.987,-1624.628,0.4866524,3,OK,-228.287,14.510,-1624.755,OK,-300.087,-49.433,-1652.204,OK,-239.327,-73.540,-1592.898
3,Port 0x01: JJH Probe  s/n:3E4C880C,868857988,1781706566.468628305,1,Too Few Markers,-3.697314E28,-3.697314E28,-3.697314E28,-3.697314E28,-3.697314E28,-3.697314E28,-3.697314E28,0.0000000,3,Missing,-3.697314E28,-3.697314E28,-3.697314E28,Missing,-3.697314E28,-3.697314E28,-3.697314E28,Missing,-3.697314E28,-3.697314E28,-3.697314E28,Port 0x02: JJH T tibia tracker  s/n:3E4C8800,868857988,1781706566.468628305,1,OK,0.9606420,0.0807940,-0.1042222,0.2444932,29.651,53.123,-1634.997,0.3581132,3,OK,29.889,52.792,-1635.028,OK,43.901,-40.041,-1652.526,OK,-47.654,12.444,-1656.560,Port 0x03: JJH Y femur tracker  s/n:3E4C8801,868857988,1781706566.468628305,1,OK,0.6602317,-0.3351562,-0.0807650,0.6672641,-228.918,13.389,-1620.400,0.4868282,3,OK,-228.770,13.934,-1620.532,OK,-301.263,-50.501,-1644.911,OK,-237.850,-74.257,-1588.399
3,Port 0x01: JJH Probe  s/n:3E4C880C,868857991,1781706566.518628305,1,Too Few Markers,-3.697314E28,-3.697314E28,-3.697314E28,-3.697314E28,-3.697314E28,-3.697314E28,-3.697314E28,0.0000000,3,Missing,-3.697314E28,-3.697314E28,-3.697314E28,Missing,-3.697314E28,-3.697314E28,-3.697314E28,Missing,-3.697314E28,-3.697314E28,-3.697314E28,Port 0x02: JJH T tibia tracker  s/n:3E4C8800,868857991,1781706566.518628305,1,OK,0.9604729,0.0825572,-0.1050406,0.2442182,28.768,53.219,-1635.606,0.3537599,3,OK,29.003,52.892,-1635.638,OK,43.013,-39.885,-1653.487,OK,-48.528,12.643,-1657.380,Port 0x03: JJH Y femur tracker  s/n:3E4C8801,868857991,1781706566.518628305,1,OK,0.6596566,-0.3200759,-0.0683803,0.6765565,-229.240,12.505,-1616.239,0.4969159,3,OK,-229.092,13.070,-1616.377,OK,-302.107,-51.883,-1637.747,OK,-236.184,-75.254,-1584.033
3,Port 0x01: JJH Probe  s/n:3E4C880C,868857994,1781706566.568628304,1,Too Few Markers,-3.697314E28,-3.697314E28,-3.697314E28,-3.697314E28,-3.697314E28,-3.697314E28,-3.697314E28,0.0000000,3,Missing,-3.697314E28,-3.697314E28,-3.697314E28,Missing,-3.697314E28,-3.697314E28,-3.697314E28,Missing,-3.697314E28,-3.697314E28,-3.697314E28,Port 0x02: JJH T tibia tracker  s/n:3E4C8800,868857994,1781706566.568628304,1,OK,0.9602006,0.0859766,-0.1060416,0.2436761,28.160,53.543,-1636.415,0.3498013,3,OK,28.395,53.222,-1636.447,OK,42.365,-39.433,-1654.965,OK,-49.135,13.146,-1658.497,Port 0x03: JJH Y femur tracker  s/n:3E4C8801,868857994,1781706566.568628304,1,OK,0.6591960,-0.3048331,-0.0561651,0.6851153,-229.461,12.062,-1612.048,0.4909962,3,OK,-229.305,12.643,-1612.187,OK,-302.752,-52.764,-1630.587,OK,-234.541,-75.790,-1579.805
3,Port 0x01: JJH Probe  s/n:3E4C880C,868857997,1781706566.618628304,1,Too Few Markers,-3.697314E28,-3.697314E28,-3.697314E28,-3.697314E28,-3.697314E28,-3.697314E28,-3.697314E28,0.0000000,3,Missing,-3.697314E28,-3.697314E28,-3.697314E28,Missing,-3.697314E28,-3.697314E28,-3.697314E28,Missing,-3.697314E28,-3.697314E28,-3.697314E28,Port 0x02: JJH T tibia tracker  s/n:3E4C8800,868857997,1781706566.618628304,1,OK,0.9599571,0.0884674,-0.1068102,0.2434080,27.470,53.579,-1637.115,0.3556567,3,OK,27.705,53.249,-1637.152,OK,41.680,-39.291,-1656.148,OK,-49.820,13.299,-1659.431,Port 0x03: JJH Y femur tracker  s/n:3E4C8801,868857997,1781706566.618628304,1,OK,0.6580930,-0.2901535,-0.0440383,0.6933868,-229.407,11.162,-1608.097,0.4881082,3,OK,-229.258,11.753,-1608.243,OK,-302.941,-54.144,-1623.679,OK,-232.602,-76.752,-1575.799
3,Port 0x01: JJH Probe  s/n:3E4C880C,868858000,1781706566.668628304,1,Too Few Markers,-3.697314E28,-3.697314E28,-3.697314E28,-3.697314E28,-3.697314E28,-3.697314E28,-3.697314E28,0.0000000,3,Missing,-3.697314E28,-3.697314E28,-3.697314E28,Missing,-3.697314E28,-3.697314E28,-3.697314E28,Missing,-3.697314E28,-3.697314E28,-3.697314E28,Port 0x02: JJH T tibia tracker  s/n:3E4C8800,868858000,1781706566.668628304,1,OK,0.9598448,0.0895104,-0.1076119,0.2431162,26.888,53.814,-1637.430,0.3620926,3,OK,27.125,53.476,-1637.469,OK,41.075,-39.005,-1656.677,OK,-50.396,13.622,-1659.923,Port 0x03: JJH Y femur tracker  s/n:3E4C8801,868858000,1781706566.668628304,1,OK,0.6570834,-0.2756248,-0.0328304,0.7008527,-229.190,10.730,-1604.139,0.4745060,3,OK,-229.038,11.317,-1604.281,OK,-302.873,-55.005,-1616.979,OK,-230.622,-77.248,-1571.980
3,Port 0x01: JJH Probe  s/n:3E4C880C,868858003,1781706566.718628304,1,Too Few Markers,-3.697314E28,-3.697314E28,-3.697314E28,-3.697314E28,-3.697314E28,-3.697314E28,-3.697314E28,0.0000000,3,Missing,-3.697314E28,-3.697314E28,-3.697314E28,Missing,-3.697314E28,-3.697314E28,-3.697314E28,Missing,-3.697314E28,-3.697314E28,-3.697314E28,Port 0x02: JJH T tibia tracker  s/n:3E4C8800,868858003,1781706566.718628304,1,OK,0.9597296,0.0897147,-0.1075993,0.2435009,26.307,53.642,-1637.514,0.3493163,3,OK,26.540,53.320,-1637.550,OK,40.578,-39.178,-1656.795,OK,-50.945,13.395,-1660.017,Port 0x03: JJH Y femur tracker  s/n:3E4C8801,868858003,1781706566.718628304,1,OK,0.6557175,-0.2622486,-0.0226724,0.7076342,-228.945,9.972,-1600.424,0.4864959,3,OK,-228.780,10.567,-1600.563,OK,-302.685,-56.200,-1610.787,OK,-228.668,-78.074,-1568.423
3,Port 0x01: JJH Probe  s/n:3E4C880C,868858006,1781706566.768628304,1,Too Few Markers,-3.697314E28,-3.697314E28,-3.697314E28,-3.697314E28,-3.697314E28,-3.697314E28,-3.697314E28,0.0000000,3,Missing,-3.697314E28,-3.697314E28,-3.697314E28,Missing,-3.697314E28,-3.697314E28,-3.697314E28,Missing,-3.697314E28,-3.697314E28,-3.697314E28,Port 0x02: JJH T tibia tracker  s/n:3E4C8800,868858006,1781706566.768628304,1,OK,0.9599963,0.0875900,-0.1068355,0.2435594,25.788,53.421,-1637.373,0.3490293,3,OK,26.009,53.088,-1637.412,OK,40.017,-39.485,-1656.241,OK,-51.477,13.105,-1659.654,Port 0x03: JJH Y femur tracker  s/n:3E4C8801,868858006,1781706566.768628304,1,OK,0.6540431,-0.2485282,-0.0114899,0.7143733,-228.480,9.338,-1596.865,0.4783862,3,OK,-228.331,9.937,-1597.014,OK,-302.117,-57.270,-1604.505,OK,-226.517,-78.731,-1565.010
3,Port 0x01: JJH Probe  s/n:3E4C880C,868858009,1781706566.818628304,1,Too Few Markers,-3.697314E28,-3.697314E28,-3.697314E28,-3.697314E28,-3.697314E28,-3.697314E28,-3.697314E28,0.0000000,3,Missing,-3.697314E28,-3.697314E28,-3.697314E28,Missing,-3.697314E28,-3.697314E28,-3.697314E28,Missing,-3.697314E28,-3.697314E28,-3.697314E28,Port 0x02: JJH T tibia tracker  s/n:3E4C8800,868858009,1781706566.818628304,1,OK,0.9600145,0.0861534,-0.1070051,0.2439254,25.375,53.318,-1637.114,0.3397892,3,OK,25.598,53.002,-1637.148,OK,39.655,-39.645,-1655.713,OK,-51.849,12.909,-1659.368,Port 0x03: JJH Y femur tracker  s/n:3E4C8801,868858009,1781706566.818628304,1,OK,0.6524109,-0.2351558,-0.0012506,0.7204584,-227.870,8.820,-1593.356,0.4800490,3,OK,-227.711,9.428,-1593.504,OK,-301.368,-58.201,-1598.505,OK,-224.312,-79.281,-1561.778
3,Port 0x01: JJH Probe  s/n:3E4C880C,868858012,1781706566.868628304,1,Too Few Markers,-3.697314E28,-3.697314E28,-3.697314E28,-3.697314E28,-3.697314E28,-3.697314E28,-3.697314E28,0.0000000,3,Missing,-3.697314E28,-3.697314E28,-3.697314E28,Missing,-3.697314E28,-3.697314E28,-3.697314E28,Missing,-3.697314E28,-3.697314E28,-3.697314E28,Port 0x02: JJH T tibia tracker  s/n:3E4C8800,868858012,1781706566.868628304,1,OK,0.9600189,0.0849573,-0.1069284,0.2443611,24.993,53.117,-1637.074,0.3529392,3,OK,25.228,52.791,-1637.107,OK,39.343,-39.872,-1655.437,OK,-52.212,12.608,-1659.272,Port 0x03: JJH Y femur tracker  s/n:3E4C8801,868858012,1781706566.868628304,1,OK,0.6503493,-0.2220278,0.0092009,0.7264054,-227.232,8.231,-1590.034,0.4786345,3,OK,-227.088,8.840,-1590.189,OK,-300.462,-59.212,-1592.660,OK,-222.053,-79.882,-1558.708
3,Port 0x01: JJH Probe  s/n:3E4C880C,868858015,1781706566.918628304,1,Too Few Markers,-3.697314E28,-3.697314E28,-3.697314E28,-3.697314E28,-3.697314E28,-3.697314E28,-3.697314E28,0.0000000,3,Missing,-3.697314E28,-3.697314E28,-3.697314E28,Missing,-3.697314E28,-3.697314E28,-3.697314E28,Missing,-3.697314E28,-3.697314E28,-3.697314E28,Port 0x02: JJH T tibia tracker  s/n:3E4C8800,868858015,1781706566.918628304,1,OK,0.9601619,0.0837044,-0.1065368,0.2444027,24.341,53.023,-1636.893,0.3533795,3,OK,24.585,52.705,-1636.922,OK,38.664,-40.018,-1655.015,OK,-52.879,12.461,-1658.975,Port 0x03: JJH Y femur tracker  s/n:3E4C8801,868858015,1781706566.918628304,1,OK,0.6484603,-0.2086713,0.0189774,0.7318439,-226.504,7.682,-1586.609,0.4687841,3,OK,-226.352,8.289,-1586.761,OK,-299.408,-60.164,-1586.858,OK,-219.827,-80.448,-1555.724
3,Port 0x01: JJH Probe  s/n:3E4C880C,868858018,1781706566.968628304,1,Too Few Markers,-3.697314E28,-3.697314E28,-3.697314E28,-3.697314E28,-3.697314E28,-3.697314E28,-3.697314E28,0.0000000,3,Missing,-3.697314E28,-3.697314E28,-3.697314E28,Missing,-3.697314E28,-3.697314E28,-3.697314E28,Missing,-3.697314E28,-3.697314E28,-3.697314E28,Port 0x02: JJH T tibia tracker  s/n:3E4C8800,868858018,1781706566.968628304,1,OK,0.9601677,0.0836039,-0.1066406,0.2443690,23.830,53.048,-1636.984,0.3529144,3,OK,24.067,52.724,-1637.015,OK,38.143,-39.992,-1655.089,OK,-53.378,12.492,-1659.076,Port 0x03: JJH Y femur tracker  s/n:3E4C8801,868858018,1781706566.968628304,1,OK,0.6460711,-0.1965904,0.0288800,0.7369602,-225.559,7.179,-1583.366,0.4855710,3,OK,-225.416,7.803,-1583.528,OK,-298.081,-61.065,-1581.267,OK,-217.362,-80.942,-1552.743
3,Port 0x01: JJH Probe  s/n:3E4C880C,868858021,1781706567.018628304,1,Too Few Markers,-3.697314E28,-3.697314E28,-3.697314E28,-3.697314E28,-3.697314E28,-3.697314E28,-3.697314E28,0.0000000,3,Missing,-3.697314E28,-3.697314E28,-3.697314E28,Missing,-3.697314E28,-3.697314E28,-3.697314E28,Missing,-3.697314E28,-3.697314E28,-3.697314E28,Port 0x02: JJH T tibia tracker  s/n:3E4C8800,868858021,1781706567.018628304,1,OK,0.9600430,0.0839582,-0.1072523,0.2444698,23.375,52.922,-1637.160,0.3645752,3,OK,23.624,52.594,-1637.190,OK,37.734,-40.090,-1655.338,OK,-53.820,12.370,-1659.376,Port 0x03: JJH Y femur tracker  s/n:3E4C8801,868858021,1781706567.018628304,1,OK,0.6436775,-0.1837836,0.0387967,0.7418879,-224.583,6.528,-1580.262,0.4843707,3,OK,-224.447,7.155,-1580.428,OK,-296.618,-62.105,-1575.804,OK,-214.912,-81.582,-1550.058
3,Port 0x01: JJH Probe  s/n:3E4C880C,868858024,1781706567.068674117,1,Too Few Markers,-3.697314E28,-3.697314E28,-3.697314E28,-3.697314E28,-3.697314E28,-3.697314E28,-3.697314E28,0.0000000,3,Missing,-3.697314E28,-3.697314E28,-3.697314E28,Missing,-3.697314E28,-3.697314E28,-3.697314E28,Missing,-3.697314E28,-3.697314E28,-3.697314E28,Port 0x02: JJH T tibia tracker  s/n:3E4C8800,868858024,1781706567.068674117,1,OK,0.9601134,0.0843456,-0.1069263,0.2442024,22.797,53.165,-1637.282,0.3534662,3,OK,23.031,52.838,-1637.314,OK,37.108,-39.854,-1655.533,OK,-54.426,12.668,-1659.452,Port 0x03: JJH Y femur tracker  s/n:3E4C8801,868858024,1781706567.068674117,1,OK,0.6413686,-0.1713704,0.0482310,0.7462923,-223.594,6.264,-1577.151,0.4808059,3,OK,-223.460,6.890,-1577.318,OK,-295.121,-62.721,-1570.467,OK,-212.556,-81.831,-1547.418
3,Port 0x01: JJH Probe  s/n:3E4C880C,868858027,1781706567.118674117,1,Too Few Markers,-3.697314E28,-3.697314E28,-3.697314E28,-3.697314E28,-3.697314E28,-3.697314E28,-3.697314E28,0.0000000,3,Missing,-3.697314E28,-3.697314E28,-3.697314E28,Missing,-3.697314E28,-3.697314E28,-3.697314E28,Missing,-3.697314E28,-3.697314E28,-3.697314E28,Port 0x02: JJH T tibia tracker  s/n:3E4C8800,868858027,1781706567.118674117,1,OK,0.9601882,0.0830652,-0.1065951,0.2444918,22.263,52.865,-1637.034,0.3520021,3,OK,22.502,52.544,-1637.064,OK,36.598,-40.199,-1655.036,OK,-54.944,12.279,-1659.099,Port 0x03: JJH Y femur tracker  s/n:3E4C8801,868858027,1781706567.118674117,1,OK,0.6387715,-0.1597382,0.0574239,0.7504380,-222.473,5.534,-1574.413,0.4880765,3,OK,-222.348,6.171,-1574.588,OK,-293.407,-63.811,-1565.579,OK,-210.102,-82.533,-1545.104
3,Port 0x01: JJH Probe  s/n:3E4C880C,868858030,1781706567.168674117,1,Too Few Markers,-3.697314E28,-3.697314E28,-3.697314E28,-3.697314E28,-3.697314E28,-3.697314E28,-3.697314E28,0.0000000,3,Missing,-3.697314E28,-3.697314E28,-3.697314E28,Missing,-3.697314E28,-3.697314E28,-3.697314E28,Missing,-3.697314E28,-3.697314E28,-3.697314E28,Port 0x02: JJH T tibia tracker  s/n:3E4C8800,868858030,1781706567.168674117,1,OK,0.9602273,0.0818403,-0.1064860,0.2447988,21.831,52.866,-1636.845,0.3492633,3,OK,22.065,52.545,-1636.875,OK,36.204,-40.239,-1654.610,OK,-55.349,12.202,-1658.841,Port 0x03: JJH Y femur tracker  s/n:3E4C8801,868858030,1781706567.168674117,1,OK,0.6361422,-0.1487741,0.0657181,0.7542350,-221.372,5.122,-1571.793,0.4997102,3,OK,-221.248,5.777,-1571.974,OK,-291.684,-64.590,-1561.017,OK,-207.751,-82.921,-1542.957
3,Port 0x01: JJH Probe  s/n:3E4C880C,868858033,1781706567.218674117,1,Too Few Markers,-3.697314E28,-3.697314E28,-3.697314E28,-3.697314E28,-3.697314E28,-3.697314E28,-3.697314E28,0.0000000,3,Missing,-3.697314E28,-3.697314E28,-3.697314E28,Missing,-3.697314E28,-3.697314E28,-3.697314E28,Missing,-3.697314E28,-3.697314E28,-3.697314E28,Port 0x02: JJH T tibia tracker  s/n:3E4C8800,868858033,1781706567.218674117,1,OK,0.9602713,0.0815948,-0.1065424,0.2446837,21.089,52.840,-1636.634,0.3459640,3,OK,21.327,52.530,-1636.661,OK,35.439,-40.285,-1654.358,OK,-56.107,12.189,-1658.629,Port 0x03: JJH Y femur tracker  s/n:3E4C8801,868858033,1781706567.218674117,1,OK,0.6334576,-0.1386933,0.0735459,0.7576851,-220.281,4.624,-1569.289,0.4958255,3,OK,-220.170,5.274,-1569.472,OK,-289.948,-65.425,-1556.704,OK,-205.474,-83.370,-1540.889
3,Port 0x01: JJH Probe  s/n:3E4C880C,868858036,1781706567.268674117,1,Too Few Markers,-3.697314E28,-3.697314E28,-3.697314E28,-3.697314E28,-3.697314E28,-3.697314E28,-3.697314E28,0.0000000,3,Missing,-3.697314E28,-3.697314E28,-3.697314E28,Missing,-3.697314E28,-3.697314E28,-3.697314E28,Missing,-3.697314E28,-3.697314E28,-3.697314E28,Port 0x02: JJH T tibia tracker  s/n:3E4C8800,868858036,1781706567.268674117,1,OK,0.9601997,0.0825232,-0.1070010,0.2444529,20.537,52.922,-1636.885,0.3637129,3,OK,20.781,52.588,-1636.916,OK,34.864,-40.146,-1654.791,OK,-56.663,12.338,-1658.996,Port 0x03: JJH Y femur tracker  s/n:3E4C8801,868858036,1781706567.268674117,1,OK,0.6307512,-0.1286995,0.0819118,0.7608415,-219.136,4.161,-1567.090,0.5137565,3,OK,-219.030,4.836,-1567.283,OK,-288.126,-66.192,-1552.607,OK,-203.199,-83.774,-1539.074
3,Port 0x01: JJH Probe  s/n:3E4C880C,868858039,1781706567.318674117,1,Too Few Markers,-3.697314E28,-3.697314E28,-3.697314E28,-3.697314E28,-3.697314E28,-3.697314E28,-3.697314E28,0.0000000,3,Missing,-3.697314E28,-3.697314E28,-3.697314E28,Missing,-3.697314E28,-3.697314E28,-3.697314E28,Missing,-3.697314E28,-3.697314E28,-3.697314E28,Port 0x02: JJH T tibia tracker  s/n:3E4C8800,868858039,1781706567.318674117,1,OK,0.9602127,0.0833498,-0.1065415,0.2443220,20.001,52.974,-1636.936,0.3500017,3,OK,20.223,52.639,-1636.972,OK,34.305,-40.079,-1654.992,OK,-57.206,12.430,-1658.997,Port 0x03: JJH Y femur tracker  s/n:3E4C8801,868858039,1781706567.318674117,1,OK,0.6281272,-0.1187107,0.0882866,0.7639172,-217.942,3.664,-1564.705,0.4921888,3,OK,-217.845,4.312,-1564.890,OK,-286.240,-67.038,-1548.737,OK,-200.918,-84.249,-1537.338
3,Port 0x01: JJH Probe  s/n:3E4C880C,868858042,1781706567.368674117,1,Too Few Markers,-3.697314E28,-3.697314E28,-3.697314E28,-3.697314E28,-3.697314E28,-3.697314E28,-3.697314E28,0.0000000,3,Missing,-3.697314E28,-3.697314E28,-3.697314E28,Missing,-3.697314E28,-3.697314E28,-3.697314E28,Missing,-3.697314E28,-3.697314E28,-3.697314E28,Port 0x02: JJH T tibia tracker  s/n:3E4C8800,868858042,1781706567.368674117,1,OK,0.9603067,0.0814975,-0.1064161,0.2446321,19.686,52.862,-1636.697,0.3572373,3,OK,19.921,52.529,-1636.729,OK,34.017,-40.250,-1654.398,OK,-57.511,12.216,-1658.665,Port 0x03: JJH Y femur tracker  s/n:3E4C8801,868858042,1781706567.368674117,1,OK,0.6254690,-0.1090595,0.0965347,0.7665348,-216.775,3.410,-1562.603,0.5067567,3,OK,-216.681,4.079,-1562.797,OK,-284.354,-67.544,-1544.806,OK,-198.734,-84.431,-1535.638
3,Port 0x01: JJH Probe  s/n:3E4C880C,868858045,1781706567.418674117,1,Too Few Markers,-3.697314E28,-3.697314E28,-3.697314E28,-3.697314E28,-3.697314E28,-3.697314E28,-3.697314E28,0.0000000,3,Missing,-3.697314E28,-3.697314E28,-3.697314E28,Missing,-3.697314E28,-3.697314E28,-3.697314E28,Missing,-3.697314E28,-3.697314E28,-3.697314E28,Port 0x02: JJH T tibia tracker  s/n:3E4C8800,868858045,1781706567.418674117,1,OK,0.9605395,0.0786619,-0.1055325,0.2450287,18.799,52.752,-1635.916,0.3614066,3,OK,19.040,52.418,-1635.945,OK,33.147,-40.461,-1653.060,OK,-58.408,11.961,-1657.618,Port 0x03: JJH Y femur tracker  s/n:3E4C8801,868858045,1781706567.418674117,1,OK,0.6223360,-0.0993526,0.1043889,0.7693698,-215.483,3.066,-1560.304,0.5016322,3,OK,-215.395,3.729,-1560.498,OK,-282.242,-68.207,-1540.762,OK,-196.331,-84.679,-1533.819
3,Port 0x01: JJH Probe  s/n:3E4C880C,868858048,1781706567.468674117,1,Too Few Markers,-3.697314E28,-3.697314E28,-3.697314E28,-3.697314E28,-3.697314E28,-3.697314E28,-3.697314E28,0.0000000,3,Missing,-3.697314E28,-3.697314E28,-3.697314E28,Missing,-3.697314E28,-3.697314E28,-3.697314E28,Missing,-3.697314E28,-3.697314E28,-3.697314E28,Port 0x02: JJH T tibia tracker  s/n:3E4C8800,868858048,1781706567.468674117,1,OK,0.9595919,0.0957996,-0.1090987,0.2410463,16.729,54.366,-1637.399,0.3489725,3,OK,16.949,54.033,-1637.444,OK,30.656,-38.242,-1657.888,OK,-60.668,14.700,-1660.378,Port 0x03: JJH Y femur tracker  s/n:3E4C8801,868858048,1781706567.468674117,1,OK,0.6196206,-0.0896608,0.1099898,0.7719673,-214.334,2.544,-1557.956,0.4984151,3,OK,-214.257,3.203,-1558.149,OK,-280.323,-69.077,-1537.137,OK,-194.204,-85.206,-1532.225
3,Port 0x01: JJH Probe  s/n:3E4C880C,868858051,1781706567.518674117,1,Too Few Markers,-3.697314E28,-3.697314E28,-3.697314E28,-3.697314E28,-3.697314E28,-3.697314E28,-3.697314E28,0.0000000,3,Missing,-3.697314E28,-3.697314E28,-3.697314E28,Missing,-3.697314E28,-3.697314E28,-3.697314E28,Missing,-3.697314E28,-3.697314E28,-3.697314E28,Port 0x02: JJH T tibia tracker  s/n:3E4C8800,868858051,1781706567.518674117,1,OK,0.9590464,0.1019491,-0.1104894,0.2400592,16.627,54.646,-1639.018,0.3501545,3,OK,16.861,54.326,-1639.061,OK,30.487,-37.699,-1660.695,OK,-60.806,15.307,-1662.478,Port 0x03: JJH Y femur tracker  s/n:3E4C8801,868858051,1781706567.518674117,1,OK,0.6170268,-0.0822873,0.1167441,0.7738718,-213.175,2.286,-1556.248,0.5128551,3,OK,-213.107,2.964,-1556.449,OK,-278.467,-69.541,-1533.976,OK,-192.204,-85.374,-1530.820
3,Port 0x01: JJH Probe  s/n:3E4C880C,868858054,1781706567.568674118,1,Too Few Markers,-3.697314E28,-3.697314E28,-3.697314E28,-3.697314E28,-3.697314E28,-3.697314E28,-3.697314E28,0.0000000,3,Missing,-3.697314E28,-3.697314E28,-3.697314E28,Missing,-3.697314E28,-3.697314E28,-3.697314E28,Missing,-3.697314E28,-3.697314E28,-3.697314E28,Port 0x02: JJH T tibia tracker  s/n:3E4C8800,868858054,1781706567.568674118,1,OK,0.9597809,0.0934022,-0.1082266,0.2416273,16.615,53.850,-1637.641,0.3582268,3,OK,16.850,53.517,-1637.682,OK,30.586,-38.842,-1657.654,OK,-60.770,14.002,-1660.383,Port 0x03: JJH Y femur tracker  s/n:3E4C8801,868858054,1781706567.568674118,1,OK,0.6144756,-0.0729108,0.1236501,0.7757670,-211.899,1.957,-1554.468,0.5043737,3,OK,-211.836,2.625,-1554.667,OK,-276.413,-70.084,-1530.708,OK,-190.081,-85.652,-1529.635
3,Port 0x01: JJH Probe  s/n:3E4C880C,868858057,1781706567.618674118,1,Too Few Markers,-3.697314E28,-3.697314E28,-3.697314E28,-3.697314E28,-3.697314E28,-3.697314E28,-3.697314E28,0.0000000,3,Missing,-3.697314E28,-3.697314E28,-3.697314E28,Missing,-3.697314E28,-3.697314E28,-3.697314E28,Missing,-3.697314E28,-3.697314E28,-3.697314E28,Port 0x02: JJH T tibia tracker  s/n:3E4C8800,868858057,1781706567.618674118,1,OK,0.9600068,0.0901849,-0.1075741,0.2422424,16.463,53.456,-1637.147,0.3550728,3,OK,16.697,53.127,-1637.185,OK,30.494,-39.368,-1656.537,OK,-60.900,13.422,-1659.651,Port 0x03: JJH Y femur tracker  s/n:3E4C8801,868858057,1781706567.618674118,1,OK,0.6115475,-0.0655638,0.1297398,0.7777395,-210.716,1.504,-1552.796,0.5235167,3,OK,-210.664,2.198,-1553.004,OK,-274.425,-70.806,-1527.734,OK,-188.041,-86.022,-1528.367
3,Port 0x01: JJH Probe  s/n:3E4C880C,868858060,1781706567.668674118,1,Too Few Markers,-3.697314E28,-3.697314E28,-3.697314E28,-3.697314E28,-3.697314E28,-3.697314E28,-3.697314E28,0.0000000,3,Missing,-3.697314E28,-3.697314E28,-3.697314E28,Missing,-3.697314E28,-3.697314E28,-3.697314E28,Missing,-3.697314E28,-3.697314E28,-3.697314E28,Port 0x02: JJH T tibia tracker  s/n:3E4C8800,868858060,1781706567.668674118,1,OK,0.9607096,0.0830580,-0.1055444,0.2428967,16.276,52.950,-1635.693,0.3586489,3,OK,16.509,52.614,-1635.728,OK,30.279,-40.155,-1653.701,OK,-61.111,12.608,-1657.560,Port 0x03: JJH Y femur tracker  s/n:3E4C8801,868858060,1781706567.668674118,1,OK,0.6085735,-0.0565074,0.1362373,0.7796695,-209.290,1.295,-1550.868,0.5238744,3,OK,-209.246,1.990,-1551.076,OK,-272.131,-71.281,-1524.425,OK,-185.727,-86.171,-1527.067
3,Port 0x01: JJH Probe  s/n:3E4C880C,868858063,1781706567.718706872,1,Too Few Markers,-3.697314E28,-3.697314E28,-3.697314E28,-3.697314E28,-3.697314E28,-3.697314E28,-3.697314E28,0.0000000,3,Missing,-3.697314E28,-3.697314E28,-3.697314E28,Missing,-3.697314E28,-3.697314E28,-3.697314E28,Missing,-3.697314E28,-3.697314E28,-3.697314E28,Port 0x02: JJH T tibia tracker  s/n:3E4C8800,868858063,1781706567.718706872,1,OK,0.9609350,0.0803544,-0.1049440,0.2431746,16.072,52.548,-1635.268,0.3555523,3,OK,16.327,52.240,-1635.291,OK,30.064,-40.666,-1652.757,OK,-61.326,12.068,-1656.928,Port 0x03: JJH Y femur tracker  s/n:3E4C8801,868858063,1781706567.718706872,1,OK,0.6051630,-0.0468902,0.1435599,0.7816454,-207.782,0.984,-1549.039,0.5154653,3,OK,-207.747,1.667,-1549.244,OK,-269.633,-71.867,-1521.066,OK,-183.254,-86.382,-1525.881
3,Port 0x01: JJH Probe  s/n:3E4C880C,868858066,1781706567.768706872,1,Too Few Markers,-3.697314E28,-3.697314E28,-3.697314E28,-3.697314E28,-3.697314E28,-3.697314E28,-3.697314E28,0.0000000,3,Missing,-3.697314E28,-3.697314E28,-3.697314E28,Missing,-3.697314E28,-3.697314E28,-3.697314E28,Missing,-3.697314E28,-3.697314E28,-3.697314E28,Port 0x02: JJH T tibia tracker  s/n:3E4C8800,868858066,1781706567.768706872,1,OK,0.9618876,0.0673257,-0.1015373,0.2448055,15.946,51.536,-1633.145,0.3645912,3,OK,16.178,51.188,-1633.170,OK,29.993,-42.096,-1648.089,OK,-61.425,10.469,-1653.677,Port 0x03: JJH Y femur tracker  s/n:3E4C8801,868858066,1781706567.768706872,1,OK,0.6013415,-0.0362013,0.1519434,0.7835758,-205.997,0.599,-1546.763,0.5254165,3,OK,-205.969,1.297,-1546.974,OK,-266.705,-72.532,-1517.067,OK,-180.446,-86.663,-1524.309
3,Port 0x01: JJH Probe  s/n:3E4C880C,868858069,1781706567.818706872,1,Too Few Markers,-3.697314E28,-3.697314E28,-3.697314E28,-3.697314E28,-3.697314E28,-3.697314E28,-3.697314E28,0.0000000,3,Missing,-3.697314E28,-3.697314E28,-3.697314E28,Missing,-3.697314E28,-3.697314E28,-3.697314E28,Missing,-3.697314E28,-3.697314E28,-3.697314E28,Port 0x02: JJH T tibia tracker  s/n:3E4C8800,868858069,1781706567.818706872,1,OK,0.9623164,0.0638123,-0.1003709,0.2445422,15.529,51.107,-1632.155,0.3667770,3,OK,15.776,50.772,-1632.173,OK,29.452,-42.657,-1646.422,OK,-61.927,9.983,-1652.341,Port 0x03: JJH Y femur tracker  s/n:3E4C8801,868858069,1781706567.818706872,1,OK,0.5973803,-0.0251314,0.1600005,0.7854330,-204.122,0.401,-1544.385,0.5079234,3,OK,-204.104,1.076,-1544.589,OK,-263.624,-73.024,-1513.057,OK,-177.564,-86.748,-1522.758
3,Port 0x01: JJH Probe  s/n:3E4C880C,868858072,1781706567.868706872,1,Too Few Markers,-3.697314E28,-3.697314E28,-3.697314E28,-3.697314E28,-3.697314E28,-3.697314E28,-3.697314E28,0.0000000,3,Missing,-3.697314E28,-3.697314E28,-3.697314E28,Missing,-3.697314E28,-3.697314E28,-3.697314E28,Missing,-3.697314E28,-3.697314E28,-3.697314E28,Port 0x02: JJH T tibia tracker  s/n:3E4C8800,868858072,1781706567.868706872,1,OK,0.9628556,0.0606452,-0.0992110,0.2436976,14.934,50.583,-1631.668,0.3633574,3,OK,15.178,50.250,-1631.684,OK,28.627,-43.312,-1645.332,OK,-62.640,9.516,-1651.514,Port 0x03: JJH Y femur tracker  s/n:3E4C8801,868858072,1781706567.868706872,1,OK,0.5929906,-0.0140498,0.1687903,0.7871941,-202.213,0.071,-1542.124,0.5130825,3,OK,-202.206,0.753,-1542.330,OK,-260.389,-73.644,-1509.050,OK,-174.604,-86.942,-1521.271
3,Port 0x01: JJH Probe  s/n:3E4C880C,868858075,1781706567.918706872,1,Too Few Markers,-3.697314E28,-3.697314E28,-3.697314E28,-3.697314E28,-3.697314E28,-3.697314E28,-3.697314E28,0.0000000,3,Missing,-3.697314E28,-3.697314E28,-3.697314E28,Missing,-3.697314E28,-3.697314E28,-3.697314E28,Missing,-3.697314E28,-3.697314E28,-3.697314E28,Port 0x02: JJH T tibia tracker  s/n:3E4C8800,868858075,1781706567.918706872,1,OK,0.9635050,0.0610411,-0.0979631,0.2415269,14.082,49.892,-1631.269,0.3553855,3,OK,14.327,49.573,-1631.283,OK,27.324,-44.060,-1645.023,OK,-63.719,9.157,-1650.904,Port 0x03: JJH Y femur tracker  s/n:3E4C8801,868858075,1781706567.918706872,1,OK,0.5889791,-0.0036074,0.1761184,0.7887160,-200.356,-0.309,-1539.669,0.5044740,3,OK,-200.363,0.361,-1539.869,OK,-257.304,-74.310,-1505.164,OK,-171.824,-87.221,-1519.669
3,Port 0x01: JJH Probe  s/n:3E4C880C,868858078,1781706567.968706872,1,Too Few Markers,-3.697314E28,-3.697314E28,-3.697314E28,-3.697314E28,-3.697314E28,-3.697314E28,-3.697314E28,0.0000000,3,Missing,-3.697314E28,-3.697314E28,-3.697314E28,Missing,-3.697314E28,-3.697314E28,-3.697314E28,Missing,-3.697314E28,-3.697314E28,-3.697314E28,Port 0x02: JJH T tibia tracker  s/n:3E4C8800,868858078,1781706567.968706872,1,OK,0.9646424,0.0586412,-0.0945921,0.2389112,12.970,48.702,-1629.950,0.3653844,3,OK,13.213,48.366,-1629.966,OK,25.604,-45.389,-1643.225,OK,-65.176,8.298,-1648.888,Port 0x03: JJH Y femur tracker  s/n:3E4C8801,868858078,1781706567.968706872,1,OK,0.5858181,0.0042234,0.1828110,0.7895438,-199.160,-0.784,-1536.629,0.5117548,3,OK,-199.161,-0.103,-1536.835,OK,-255.123,-74.942,-1500.834,OK,-169.945,-87.579,-1517.152
3,Port 0x01: JJH Probe  s/n:3E4C880C,868858081,1781706568.018706872,1,Too Few Markers,-3.697314E28,-3.697314E28,-3.697314E28,-3.697314E28,-3.697314E28,-3.697314E28,-3.697314E28,0.0000000,3,Missing,-3.697314E28,-3.697314E28,-3.697314E28,Missing,-3.697314E28,-3.697314E28,-3.697314E28,Missing,-3.697314E28,-3.697314E28,-3.697314E28,Port 0x02: JJH T tibia tracker  s/n:3E4C8800,868858081,1781706568.018706872,1,OK,0.9657238,0.0584256,-0.0903946,0.2362050,11.729,47.506,-1628.104,0.3592355,3,OK,11.962,47.171,-1628.122,OK,23.757,-46.686,-1641.293,OK,-66.785,7.485,-1646.291,Port 0x03: JJH Y femur tracker  s/n:3E4C8801,868858081,1781706568.018706872,1,OK,0.5844671,0.0086003,0.1858617,0.7897972,-198.798,-1.356,-1532.964,0.5051395,3,OK,-198.811,-0.684,-1533.165,OK,-254.292,-75.566,-1496.594,OK,-169.298,-88.134,-1513.846
3,Port 0x01: JJH Probe  s/n:3E4C880C,868858084,1781706568.068706872,1,Too Few Markers,-3.697314E28,-3.697314E28,-3.697314E28,-3.697314E28,-3.697314E28,-3.697314E28,-3.697314E28,0.0000000,3,Missing,-3.697314E28,-3.697314E28,-3.697314E28,Missing,-3.697314E28,-3.697314E28,-3.697314E28,Missing,-3.697314E28,-3.697314E28,-3.697314E28,Port 0x02: JJH T tibia tracker  s/n:3E4C8800,868858084,1781706568.068706872,1,OK,0.9662381,0.0587036,-0.0880926,0.2348991,10.877,46.352,-1625.452,0.3581210,3,OK,11.121,46.030,-1625.467,OK,22.605,-47.878,-1638.665,OK,-67.828,6.505,-1643.248,Port 0x03: JJH Y femur tracker  s/n:3E4C8801,868858084,1781706568.068706872,1,OK,0.5834011,0.0116252,0.1883182,0.7899647,-198.622,-2.121,-1529.289,0.5119086,3,OK,-198.631,-1.440,-1529.495,OK,-253.765,-76.375,-1492.452,OK,-168.903,-88.872,-1510.385
3,Port 0x01: JJH Probe  s/n:3E4C880C,868858087,1781706568.118706872,1,Too Few Markers,-3.697314E28,-3.697314E28,-3.697314E28,-3.697314E28,-3.697314E28,-3.697314E28,-3.697314E28,0.0000000,3,Missing,-3.697314E28,-3.697314E28,-3.697314E28,Missing,-3.697314E28,-3.697314E28,-3.697314E28,Missing,-3.697314E28,-3.697314E28,-3.697314E28,Port 0x02: JJH T tibia tracker  s/n:3E4C8800,868858087,1781706568.118706872,1,OK,0.9664818,0.0584143,-0.0867146,0.2344808,10.370,45.895,-1623.533,0.3602174,3,OK,10.618,45.574,-1623.548,OK,21.986,-48.358,-1636.667,OK,-68.416,6.089,-1641.078,Port 0x03: JJH Y femur tracker  s/n:3E4C8801,868858087,1781706568.118706872,1,OK,0.5813301,0.0158853,0.1917013,0.7906033,-197.869,-2.597,-1526.413,0.5054263,3,OK,-197.887,-1.925,-1526.615,OK,-252.389,-76.978,-1488.947,OK,-167.728,-89.268,-1507.843
3,Port 0x01: JJH Probe  s/n:3E4C880C,868858090,1781706568.168706872,1,Too Few Markers,-3.697314E28,-3.697314E28,-3.697314E28,-3.697314E28,-3.697314E28,-3.697314E28,-3.697314E28,0.0000000,3,Missing,-3.697314E28,-3.697314E28,-3.697314E28,Missing,-3.697314E28,-3.697314E28,-3.697314E28,Missing,-3.697314E28,-3.697314E28,-3.697314E28,Port 0x02: JJH T tibia tracker  s/n:3E4C8800,868858090,1781706568.168706872,1,OK,0.9666114,0.0579224,-0.0854720,0.2345250,10.244,45.766,-1623.187,0.3630714,3,OK,10.494,45.443,-1623.202,OK,21.841,-48.504,-1636.199,OK,-68.582,5.927,-1640.497,Port 0x03: JJH Y femur tracker  s/n:3E4C8801,868858090,1781706568.168706872,1,OK,0.5782440,0.0224655,0.1969549,0.7914152,-196.443,-2.911,-1524.716,0.5123575,3,OK,-196.457,-2.229,-1524.923,OK,-250.036,-77.483,-1486.271,OK,-165.685,-89.470,-1506.661
3,Port 0x01: JJH Probe  s/n:3E4C880C,868858093,1781706568.218706872,1,Too Few Markers,-3.697314E28,-3.697314E28,-3.697314E28,-3.697314E28,-3.697314E28,-3.697314E28,-3.697314E28,0.0000000,3,Missing,-3.697314E28,-3.697314E28,-3.697314E28,Missing,-3.697314E28,-3.697314E28,-3.697314E28,Missing,-3.697314E28,-3.697314E28,-3.697314E28,Port 0x02: JJH T tibia tracker  s/n:3E4C8800,868858093,1781706568.218706872,1,OK,0.9668460,0.0577891,-0.0833698,0.2343474,9.882,45.511,-1621.776,0.3648133,3,OK,10.123,45.177,-1621.794,OK,21.411,-48.776,-1634.716,OK,-69.021,5.678,-1638.715,Port 0x03: JJH Y femur tracker  s/n:3E4C8801,868858093,1781706568.218706872,1,OK,0.5764146,0.0262615,0.2001631,0.7918278,-195.743,-3.140,-1522.300,0.5102776,3,OK,-195.763,-2.462,-1522.506,OK,-248.781,-77.800,-1483.268,OK,-164.623,-89.629,-1504.529
3,Port 0x01: JJH Probe  s/n:3E4C880C,868858096,1781706568.268706872,1,Too Few Markers,-3.697314E28,-3.697314E28,-3.697314E28,-3.697314E28,-3.697314E28,-3.697314E28,-3.697314E28,0.0000000,3,Missing,-3.697314E28,-3.697314E28,-3.697314E28,Missing,-3.697314E28,-3.697314E28,-3.697314E28,Missing,-3.697314E28,-3.697314E28,-3.697314E28,Port 0x02: JJH T tibia tracker  s/n:3E4C8800,868858096,1781706568.268706872,1,OK,0.9670244,0.0592801,-0.0809568,0.2340849,9.098,44.760,-1618.881,0.3589685,3,OK,9.346,44.441,-1618.898,OK,20.540,-49.510,-1632.053,OK,-69.894,4.951,-1635.464,Port 0x03: JJH Y femur tracker  s/n:3E4C8801,868858096,1781706568.268706872,1,OK,0.5765845,0.0260682,0.2004103,0.7916480,-196.329,-3.962,-1518.353,0.5124500,3,OK,-196.350,-3.281,-1518.559,OK,-249.399,-78.573,-1479.273,OK,-165.241,-90.454,-1500.519
3,Port 0x01: JJH Probe  s/n:3E4C880C,868858099,1781706568.318706872,1,Too Few Markers,-3.697314E28,-3.697314E28,-3.697314E28,-3.697314E28,-3.697314E28,-3.697314E28,-3.697314E28,0.0000000,3,Missing,-3.697314E28,-3.697314E28,-3.697314E28,Missing,-3.697314E28,-3.697314E28,-3.697314E28,Missing,-3.697314E28,-3.697314E28,-3.697314E28,Port 0x02: JJH T tibia tracker  s/n:3E4C8800,868858099,1781706568.318706872,1,OK,0.9672548,0.0580991,-0.0798774,0.2337996,8.892,44.259,-1617.227,0.3677866,3,OK,9.140,43.927,-1617.245,OK,20.250,-50.047,-1630.154,OK,-70.163,4.466,-1633.572,Port 0x03: JJH Y femur tracker  s/n:3E4C8801,868858099,1781706568.318706872,1,OK,0.5747124,0.0304443,0.2040483,0.7919237,-195.437,-4.286,-1515.821,0.5051129,3,OK,-195.466,-3.616,-1516.023,OK,-247.902,-78.961,-1476.083,OK,-163.995,-90.712,-1498.314
3,Port 0x01: JJH Probe  s/n:3E4C880C,868858102,1781706568.368706872,1,Too Few Markers,-3.697314E28,-3.697314E28,-3.697314E28,-3.697314E28,-3.697314E28,-3.697314E28,-3.697314E28,0.0000000,3,Missing,-3.697314E28,-3.697314E28,-3.697314E28,Missing,-3.697314E28,-3.697314E28,-3.697314E28,Missing,-3.697314E28,-3.697314E28,-3.697314E28,Port 0x02: JJH T tibia tracker  s/n:3E4C8800,868858102,1781706568.368706872,1,OK,0.9675400,0.0575046,-0.0779993,0.2334003,8.869,44.148,-1617.098,0.3680340,3,OK,9.120,43.817,-1617.116,OK,20.105,-50.190,-1629.876,OK,-70.269,4.381,-1633.091,Port 0x03: JJH Y femur tracker  s/n:3E4C8801,868858102,1781706568.368706872,1,OK,0.5716346,0.0372062,0.2096156,0.7924083,-193.687,-4.387,-1514.294,0.5078611,3,OK,-193.717,-3.712,-1514.499,OK,-245.185,-79.199,-1473.552,OK,-161.679,-90.702,-1497.310
3,Port 0x01: JJH Probe  s/n:3E4C880C,868858105,1781706568.418706872,1,Too Few Markers,-3.697314E28,-3.697314E28,-3.697314E28,-3.697314E28,-3.697314E28,-3.697314E28,-3.697314E28,0.0000000,3,Missing,-3.697314E28,-3.697314E28,-3.697314E28,Missing,-3.697314E28,-3.697314E28,-3.697314E28,Missing,-3.697314E28,-3.697314E28,-3.697314E28,Port 0x02: JJH T tibia tracker  s/n:3E4C8800,868858105,1781706568.418706872,1,OK,0.9678108,0.0573226,-0.0769526,0.2326686,8.839,43.629,-1616.534,0.3613961,3,OK,9.082,43.301,-1616.553,OK,19.910,-50.739,-1629.265,OK,-70.381,3.966,-1632.333,Port 0x03: JJH Y femur tracker  s/n:3E4C8801,868858105,1781706568.418706872,1,OK,0.5686586,0.0437453,0.2144602,0.7929190,-192.064,-4.753,-1512.924,0.5030151,3,OK,-192.091,-4.084,-1513.129,OK,-242.644,-79.729,-1471.323,OK,-159.521,-90.966,-1496.515
3,Port 0x01: JJH Probe  s/n:3E4C880C,868858108,1781706568.468706872,1,Too Few Markers,-3.697314E28,-3.697314E28,-3.697314E28,-3.697314E28,-3.697314E28,-3.697314E28,-3.697314E28,0.0000000,3,Missing,-3.697314E28,-3.697314E28,-3.697314E28,Missing,-3.697314E28,-3.697314E28,-3.697314E28,Missing,-3.697314E28,-3.697314E28,-3.697314E28,Port 0x02: JJH T tibia tracker  s/n:3E4C8800,868858108,1781706568.468706872,1,OK,0.9682839,0.0562402,-0.0758132,0.2313344,8.749,43.120,-1616.266,0.3630654,3,OK,8.982,42.780,-1616.288,OK,19.535,-51.309,-1628.783,OK,-70.612,3.654,-1631.813,Port 0x03: JJH Y femur tracker  s/n:3E4C8801,868858108,1781706568.468706872,1,OK,0.5659538,0.0489092,0.2183741,0.7934840,-190.516,-4.962,-1511.798,0.5035419,3,OK,-190.553,-4.295,-1512.001,OK,-240.270,-80.095,-1469.526,OK,-157.501,-91.081,-1495.847
3,Port 0x01: JJH Probe  s/n:3E4C880C,868858111,1781706568.518706872,1,Too Few Markers,-3.697314E28,-3.697314E28,-3.697314E28,-3.697314E28,-3.697314E28,-3.697314E28,-3.697314E28,0.0000000,3,Missing,-3.697314E28,-3.697314E28,-3.697314E28,Missing,-3.697314E28,-3.697314E28,-3.697314E28,Missing,-3.697314E28,-3.697314E28,-3.697314E28,Port 0x02: JJH T tibia tracker  s/n:3E4C8800,868858111,1781706568.518706872,1,OK,0.9687434,0.0554248,-0.0745621,0.2300107,8.589,42.656,-1616.174,0.3621548,3,OK,8.823,42.319,-1616.195,OK,19.088,-51.830,-1628.526,OK,-70.919,3.378,-1631.462,Port 0x03: JJH Y femur tracker  s/n:3E4C8801,868858111,1781706568.518706872,1,OK,0.5634974,0.0553346,0.2221539,0.7937610,-189.065,-5.082,-1510.747,0.4920208,3,OK,-189.106,-4.428,-1510.944,OK,-238.035,-80.365,-1467.830,OK,-155.646,-91.158,-1495.458
3,Port 0x01: JJH Probe  s/n:3E4C880C,868858114,1781706568.568706871,1,Too Few Markers,-3.697314E28,-3.697314E28,-3.697314E28,-3.697314E28,-3.697314E28,-3.697314E28,-3.697314E28,0.0000000,3,Missing,-3.697314E28,-3.697314E28,-3.697314E28,Missing,-3.697314E28,-3.697314E28,-3.697314E28,Missing,-3.697314E28,-3.697314E28,-3.697314E28,Port 0x02: JJH T tibia tracker  s/n:3E4C8800,868858114,1781706568.568706871,1,OK,0.9690454,0.0548101,-0.0744266,0.2289269,8.493,42.233,-1615.799,0.3664677,3,OK,8.733,41.896,-1615.818,OK,18.776,-52.292,-1628.045,OK,-71.120,3.121,-1631.033,Port 0x03: JJH Y femur tracker  s/n:3E4C8801,868858114,1781706568.568706871,1,OK,0.5610407,0.0601118,0.2264175,0.7939490,-187.735,-5.277,-1509.886,0.4967660,3,OK,-187.773,-4.617,-1510.088,OK,-235.934,-80.646,-1466.235,OK,-153.911,-91.252,-1494.958
3,Port 0x01: JJH Probe  s/n:3E4C880C,868858117,1781706568.618706871,1,Too Few Markers,-3.697314E28,-3.697314E28,-3.697314E28,-3.697314E28,-3.697314E28,-3.697314E28,-3.697314E28,0.0000000,3,Missing,-3.697314E28,-3.697314E28,-3.697314E28,Missing,-3.697314E28,-3.697314E28,-3.697314E28,Missing,-3.697314E28,-3.697314E28,-3.697314E28,Port 0x02: JJH T tibia tracker  s/n:3E4C8800,868858117,1781706568.618706871,1,OK,0.9693081,0.0546184,-0.0734537,0.2281736,8.510,41.893,-1615.589,0.3634966,3,OK,8.750,41.560,-1615.607,OK,18.624,-52.659,-1627.786,OK,-71.187,2.886,-1630.641,Port 0x03: JJH Y femur tracker  s/n:3E4C8801,868858117,1781706568.618706871,1,OK,0.5589992,0.0642262,0.2294040,0.7942095,-186.510,-5.436,-1509.111,0.4940812,3,OK,-186.553,-4.782,-1509.310,OK,-234.068,-80.911,-1464.969,OK,-152.366,-91.342,-1494.566
3,Port 0x01: JJH Probe  s/n:3E4C880C,868858120,1781706568.668706871,1,Too Few Markers,-3.697314E28,-3.697314E28,-3.697314E28,-3.697314E28,-3.697314E28,-3.697314E28,-3.697314E28,0.0000000,3,Missing,-3.697314E28,-3.697314E28,-3.697314E28,Missing,-3.697314E28,-3.697314E28,-3.697314E28,Missing,-3.697314E28,-3.697314E28,-3.697314E28,Port 0x02: JJH T tibia tracker  s/n:3E4C8800,868858120,1781706568.668706871,1,OK,0.9694681,0.0547859,-0.0733741,0.2274784,8.438,41.551,-1615.526,0.3624458,3,OK,8.680,41.222,-1615.544,OK,18.414,-53.010,-1627.762,OK,-71.317,2.657,-1630.567,Port 0x03: JJH Y femur tracker  s/n:3E4C8801,868858120,1781706568.668706871,1,OK,0.5572325,0.0678655,0.2320356,0.7943838,-185.529,-5.602,-1508.554,0.4851252,3,OK,-185.573,-4.959,-1508.749,OK,-232.545,-81.160,-1463.976,OK,-151.100,-91.446,-1494.356
3,Port 0x01: JJH Probe  s/n:3E4C880C,868858123,1781706568.718706871,1,Too Few Markers,-3.697314E28,-3.697314E28,-3.697314E28,-3.697314E28,-3.697314E28,-3.697314E28,-3.697314E28,0.0000000,3,Missing,-3.697314E28,-3.697314E28,-3.697314E28,Missing,-3.697314E28,-3.697314E28,-3.697314E28,Missing,-3.697314E28,-3.697314E28,-3.697314E28,Port 0x02: JJH T tibia tracker  s/n:3E4C8800,868858123,1781706568.718706871,1,OK,0.9697338,0.0539304,-0.0726227,0.2267901,8.354,41.251,-1615.355,0.3664294,3,OK,8.597,40.917,-1615.373,OK,18.176,-53.345,-1627.420,OK,-71.481,2.450,-1630.227,Port 0x03: JJH Y femur tracker  s/n:3E4C8801,868858123,1781706568.718706871,1,OK,0.5557590,0.0704845,0.2343967,0.7944949,-184.744,-5.730,-1508.057,0.4997790,3,OK,-184.785,-5.068,-1508.260,OK,-231.299,-81.351,-1463.084,OK,-150.088,-91.516,-1494.060
3,Port 0x01: JJH Probe  s/n:3E4C880C,868858126,1781706568.768706871,1,Too Few Markers,-3.697314E28,-3.697314E28,-3.697314E28,-3.697314E28,-3.697314E28,-3.697314E28,-3.697314E28,0.0000000,3,Missing,-3.697314E28,-3.697314E28,-3.697314E28,Missing,-3.697314E28,-3.697314E28,-3.697314E28,Missing,-3.697314E28,-3.697314E28,-3.697314E28,Port 0x02: JJH T tibia tracker  s/n:3E4C8800,868858126,1781706568.768706871,1,OK,0.9699316,0.0532893,-0.0722199,0.2262240,8.329,40.983,-1615.290,0.3641191,3,OK,8.577,40.658,-1615.306,OK,18.018,-53.641,-1627.232,OK,-71.559,2.251,-1630.063,Port 0x03: JJH Y femur tracker  s/n:3E4C8801,868858126,1781706568.768706871,1,OK,0.5545480,0.0736181,0.2363205,0.7944869,-184.045,-5.855,-1507.666,0.4945486,3,OK,-184.084,-5.198,-1507.869,OK,-230.214,-81.538,-1462.374,OK,-149.213,-91.618,-1493.993
3,Port 0x01: JJH Probe  s/n:3E4C880C,868858129,1781706568.818706871,1,Too Few Markers,-3.697314E28,-3.697314E28,-3.697314E28,-3.697314E28,-3.697314E28,-3.697314E28,-3.697314E28,0.0000000,3,Missing,-3.697314E28,-3.697314E28,-3.697314E28,Missing,-3.697314E28,-3.697314E28,-3.697314E28,Missing,-3.697314E28,-3.697314E28,-3.697314E28,Port 0x02: JJH T tibia tracker  s/n:3E4C8800,868858129,1781706568.818706871,1,OK,0.9700160,0.0536255,-0.0719258,0.2258760,8.322,40.718,-1615.204,0.3683861,3,OK,8.565,40.381,-1615.223,OK,17.950,-53.903,-1627.206,OK,-71.606,2.054,-1629.937,Port 0x03: JJH Y femur tracker  s/n:3E4C8801,868858129,1781706568.818706871,1,OK,0.5534015,0.0754402,0.2378113,0.7946706,-183.401,-6.025,-1507.346,0.4978674,3,OK,-183.446,-5.366,-1507.548,OK,-229.217,-81.766,-1461.823,OK,-148.396,-91.741,-1493.834
3,Port 0x01: JJH Probe  s/n:3E4C880C,868858132,1781706568.868706871,1,Too Few Markers,-3.697314E28,-3.697314E28,-3.697314E28,-3.697314E28,-3.697314E28,-3.697314E28,-3.697314E28,0.0000000,3,Missing,-3.697314E28,-3.697314E28,-3.697314E28,Missing,-3.697314E28,-3.697314E28,-3.697314E28,Missing,-3.697314E28,-3.697314E28,-3.697314E28,Port 0x02: JJH T tibia tracker  s/n:3E4C8800,868858132,1781706568.868706871,1,OK,0.9701758,0.0526859,-0.0715765,0.2255217,8.307,40.623,-1615.044,0.3749050,3,OK,8.549,40.275,-1615.064,OK,17.855,-54.023,-1626.863,OK,-71.663,2.003,-1629.677,Port 0x03: JJH Y femur tracker  s/n:3E4C8801,868858132,1781706568.868706871,1,OK,0.5525132,0.0774745,0.2391248,0.7946988,-182.844,-5.942,-1506.912,0.4933134,3,OK,-182.891,-5.289,-1507.111,OK,-228.376,-81.724,-1461.181,OK,-147.711,-91.637,-1493.608
3,Port 0x01: JJH Probe  s/n:3E4C880C,868858135,1781706568.918706871,1,Too Few Markers,-3.697314E28,-3.697314E28,-3.697314E28,-3.697314E28,-3.697314E28,-3.697314E28,-3.697314E28,0.0000000,3,Missing,-3.697314E28,-3.697314E28,-3.697314E28,Missing,-3.697314E28,-3.697314E28,-3.697314E28,Missing,-3.697314E28,-3.697314E28,-3.697314E28,Port 0x02: JJH T tibia tracker  s/n:3E4C8800,868858135,1781706568.918706871,1,OK,0.9701838,0.0534148,-0.0718026,0.2252436,8.250,40.576,-1614.885,0.3715955,3,OK,8.497,40.239,-1614.903,OK,17.754,-54.062,-1626.852,OK,-71.740,2.012,-1629.585,Port 0x03: JJH Y femur tracker  s/n:3E4C8801,868858135,1781706568.918706871,1,OK,0.5521499,0.0781548,0.2396378,0.7947302,-182.623,-5.892,-1506.782,0.4859754,3,OK,-182.675,-5.249,-1506.976,OK,-228.042,-81.681,-1460.974,OK,-147.432,-91.572,-1493.544
3,Port 0x01: JJH Probe  s/n:3E4C880C,868858138,1781706568.968706871,1,Too Few Markers,-3.697314E28,-3.697314E28,-3.697314E28,-3.697314E28,-3.697314E28,-3.697314E28,-3.697314E28,0.0000000,3,Missing,-3.697314E28,-3.697314E28,-3.697314E28,Missing,-3.697314E28,-3.697314E28,-3.697314E28,Missing,-3.697314E28,-3.697314E28,-3.697314E28,Port 0x02: JJH T tibia tracker  s/n:3E4C8800,868858138,1781706568.968706871,1,OK,0.9702456,0.0531488,-0.0717833,0.2250464,8.232,40.601,-1614.991,0.3669645,3,OK,8.474,40.266,-1615.008,OK,17.689,-54.048,-1626.909,OK,-71.766,2.064,-1629.674,Port 0x03: JJH Y femur tracker  s/n:3E4C8801,868858138,1781706568.968706871,1,OK,0.5524790,0.0775544,0.2397186,0.7945359,-182.859,-5.825,-1506.909,0.4916362,3,OK,-182.900,-5.172,-1507.112,OK,-228.376,-81.565,-1461.062,OK,-147.709,-91.506,-1493.561
3,Port 0x01: JJH Probe  s/n:3E4C880C,868858141,1781706569.018706871,1,Too Few Markers,-3.697314E28,-3.697314E28,-3.697314E28,-3.697314E28,-3.697314E28,-3.697314E28,-3.697314E28,0.0000000,3,Missing,-3.697314E28,-3.697314E28,-3.697314E28,Missing,-3.697314E28,-3.697314E28,-3.697314E28,Missing,-3.697314E28,-3.697314E28,-3.697314E28,Port 0x02: JJH T tibia tracker  s/n:3E4C8800,868858141,1781706569.018706871,1,OK,0.9702106,0.0538931,-0.0723962,0.2248239,8.130,40.714,-1614.999,0.3618727,3,OK,8.369,40.383,-1615.017,OK,17.556,-53.919,-1627.077,OK,-71.859,2.230,-1629.817,Port 0x03: JJH Y femur tracker  s/n:3E4C8801,868858141,1781706569.018706871,1,OK,0.5539338,0.0743191,0.2379598,0.7943608,-183.663,-5.641,-1507.322,0.4990171,3,OK,-183.696,-4.978,-1507.531,OK,-229.626,-81.287,-1461.743,OK,-148.732,-91.349,-1493.605
3,Port 0x01: JJH Probe  s/n:3E4C880C,868858144,1781706569.068706871,1,Too Few Markers,-3.697314E28,-3.697314E28,-3.697314E28,-3.697314E28,-3.697314E28,-3.697314E28,-3.697314E28,0.0000000,3,Missing,-3.697314E28,-3.697314E28,-3.697314E28,Missing,-3.697314E28,-3.697314E28,-3.697314E28,Missing,-3.697314E28,-3.697314E28,-3.697314E28,Port 0x02: JJH T tibia tracker  s/n:3E4C8800,868858144,1781706569.068706871,1,OK,0.9701062,0.0551493,-0.0734787,0.2246182,7.820,40.887,-1615.272,0.3602403,3,OK,8.057,40.558,-1615.291,OK,17.243,-53.719,-1627.617,OK,-72.163,2.474,-1630.326,Port 0x03: JJH Y femur tracker  s/n:3E4C8801,868858144,1781706569.068706871,1,OK,0.5567087,0.0689114,0.2338306,0.7941347,-185.263,-5.462,-1508.172,0.4993484,3,OK,-185.302,-4.799,-1508.377,OK,-232.082,-80.972,-1463.272,OK,-150.754,-91.276,-1493.959
3,Port 0x01: JJH Probe  s/n:3E4C880C,868858147,1781706569.118706871,1,Too Few Markers,-3.697314E28,-3.697314E28,-3.697314E28,-3.697314E28,-3.697314E28,-3.697314E28,-3.697314E28,0.0000000,3,Missing,-3.697314E28,-3.697314E28,-3.697314E28,Missing,-3.697314E28,-3.697314E28,-3.697314E28,Missing,-3.697314E28,-3.697314E28,-3.697314E28,Port 0x02: JJH T tibia tracker  s/n:3E4C8800,868858147,1781706569.118706871,1,OK,0.9699274,0.0572108,-0.0749398,0.2243920,7.578,41.170,-1615.612,0.3582332,3,OK,7.814,40.843,-1615.631,OK,17.006,-53.382,-1628.384,OK,-72.385,2.847,-1630.998,Port 0x03: JJH Y femur tracker  s/n:3E4C8801,868858147,1781706569.118706871,1,OK,0.5604785,0.0609045,0.2280512,0.7938181,-187.389,-5.211,-1509.432,0.5017443,3,OK,-187.429,-4.546,-1509.635,OK,-235.382,-80.536,-1465.496,OK,-153.476,-91.143,-1494.466
3,Port 0x01: JJH Probe  s/n:3E4C880C,868858150,1781706569.168706871,1,Too Few Markers,-3.697314E28,-3.697314E28,-3.697314E28,-3.697314E28,-3.697314E28,-3.697314E28,-3.697314E28,0.0000000,3,Missing,-3.697314E28,-3.697314E28,-3.697314E28,Missing,-3.697314E28,-3.697314E28,-3.697314E28,Missing,-3.697314E28,-3.697314E28,-3.697314E28,Port 0x02: JJH T tibia tracker  s/n:3E4C8800,868858150,1781706569.168706871,1,OK,0.9693541,0.0611886,-0.0770798,0.2250939,7.528,42.042,-1616.358,0.3570968,3,OK,7.761,41.713,-1616.381,OK,17.173,-52.375,-1629.922,OK,-72.312,3.697,-1632.277,Port 0x03: JJH Y femur tracker  s/n:3E4C8801,868858150,1781706569.168706871,1,OK,0.5650329,0.0511533,0.2209762,0.7932784,-189.923,-4.775,-1511.014,0.4995859,3,OK,-189.961,-4.113,-1511.216,OK,-239.350,-79.864,-1468.278,OK,-156.752,-90.848,-1495.157
3,Port 0x01: JJH Probe  s/n:3E4C880C,868858153,1781706569.218706871,1,Too Few Markers,-3.697314E28,-3.697314E28,-3.697314E28,-3.697314E28,-3.697314E28,-3.697314E28,-3.697314E28,0.0000000,3,Missing,-3.697314E28,-3.697314E28,-3.697314E28,Missing,-3.697314E28,-3.697314E28,-3.697314E28,Missing,-3.697314E28,-3.697314E28,-3.697314E28,Port 0x02: JJH T tibia tracker  s/n:3E4C8800,868858153,1781706569.218706871,1,OK,0.9689056,0.0630435,-0.0809650,0.2251490,7.279,42.455,-1616.235,0.3540463,3,OK,7.507,42.125,-1616.259,OK,17.025,-51.885,-1630.242,OK,-72.437,4.188,-1632.900,Port 0x03: JJH Y femur tracker  s/n:3E4C8801,868858153,1781706569.218706871,1,OK,0.5704108,0.0396876,0.2128408,0.7923100,-193.016,-4.375,-1512.919,0.5077823,3,OK,-193.042,-3.701,-1513.128,OK,-244.098,-79.156,-1471.593,OK,-160.792,-90.613,-1496.003
3,Port 0x01: JJH Probe  s/n:3E4C880C,868858156,1781706569.268706871,1,Too Few Markers,-3.697314E28,-3.697314E28,-3.697314E28,-3.697314E28,-3.697314E28,-3.697314E28,-3.697314E28,0.0000000,3,Missing,-3.697314E28,-3.697314E28,-3.697314E28,Missing,-3.697314E28,-3.697314E28,-3.697314E28,Missing,-3.697314E28,-3.697314E28,-3.697314E28,Port 0x02: JJH T tibia tracker  s/n:3E4C8800,868858156,1781706569.268706871,1,OK,0.9683412,0.0680671,-0.0842702,0.2249018,6.975,43.224,-1617.023,0.3607030,3,OK,7.209,42.890,-1617.050,OK,16.800,-50.945,-1632.057,OK,-72.671,5.137,-1634.457,Port 0x03: JJH Y femur tracker  s/n:3E4C8801,868858156,1781706569.268706871,1,OK,0.5761489,0.0273758,0.2032258,0.7912031,-196.266,-3.865,-1515.158,0.5017349,3,OK,-196.299,-3.200,-1515.358,OK,-249.123,-78.328,-1475.563,OK,-165.097,-90.306,-1497.227
3,Port 0x01: JJH Probe  s/n:3E4C880C,868858159,1781706569.318706871,1,Too Few Markers,-3.697314E28,-3.697314E28,-3.697314E28,-3.697314E28,-3.697314E28,-3.697314E28,-3.697314E28,0.0000000,3,Missing,-3.697314E28,-3.697314E28,-3.697314E28,Missing,-3.697314E28,-3.697314E28,-3.697314E28,Missing,-3.697314E28,-3.697314E28,-3.697314E28,Port 0x02: JJH T tibia tracker  s/n:3E4C8800,868858159,1781706569.318706871,1,OK,0.9676004,0.0741179,-0.0867670,0.2252277,6.931,44.350,-1618.664,0.3605462,3,OK,7.153,44.004,-1618.698,OK,16.943,-49.594,-1634.886,OK,-72.596,6.364,-1636.767,Port 0x03: JJH Y femur tracker  s/n:3E4C8801,868858159,1781706569.318706871,1,OK,0.5817932,0.0143671,0.1937114,0.7898014,-199.376,-3.233,-1518.029,0.5080031,3,OK,-199.395,-2.559,-1518.234,OK,-253.993,-77.358,-1480.181,OK,-169.313,-89.842,-1498.998
3,Port 0x01: JJH Probe  s/n:3E4C880C,868858162,1781706569.368706871,1,Too Few Markers,-3.697314E28,-3.697314E28,-3.697314E28,-3.697314E28,-3.697314E28,-3.697314E28,-3.697314E28,0.0000000,3,Missing,-3.697314E28,-3.697314E28,-3.697314E28,Missing,-3.697314E28,-3.697314E28,-3.697314E28,Missing,-3.697314E28,-3.697314E28,-3.697314E28,Port 0x02: JJH T tibia tracker  s/n:3E4C8800,868858162,1781706569.368706871,1,OK,0.9668907,0.0796951,-0.0908648,0.2247547,6.832,45.317,-1621.271,0.3690934,3,OK,7.061,44.965,-1621.308,OK,16.914,-48.404,-1638.639,OK,-72.608,7.587,-1640.295,Port 0x03: JJH Y femur tracker  s/n:3E4C8801,868858162,1781706569.368706871,1,OK,0.5866621,0.0028759,0.1854264,0.7883124,-202.036,-2.550,-1522.118,0.5229465,3,OK,-202.044,-1.856,-1522.331,OK,-258.137,-76.357,-1485.834,OK,-173.003,-89.306,-1502.121
3,Port 0x01: JJH Probe  s/n:3E4C880C,868858165,1781706569.418706871,1,Too Few Markers,-3.697314E28,-3.697314E28,-3.697314E28,-3.697314E28,-3.697314E28,-3.697314E28,-3.697314E28,0.0000000,3,Missing,-3.697314E28,-3.697314E28,-3.697314E28,Missing,-3.697314E28,-3.697314E28,-3.697314E28,Missing,-3.697314E28,-3.697314E28,-3.697314E28,Port 0x02: JJH T tibia tracker  s/n:3E4C8800,868858165,1781706569.418706871,1,OK,0.9666217,0.0805734,-0.0945311,0.2240855,7.311,45.986,-1625.063,0.3569929,3,OK,7.532,45.646,-1625.100,OK,17.360,-47.705,-1642.697,OK,-72.057,8.453,-1644.746,Port 0x03: JJH Y femur tracker  s/n:3E4C8801,868858165,1781706569.418706871,1,OK,0.5897191,-0.0036211,0.1792286,0.7874613,-203.255,-1.632,-1527.963,0.5018105,3,OK,-203.254,-0.966,-1528.167,OK,-260.292,-75.301,-1492.867,OK,-174.884,-88.505,-1507.597
3,Port 0x01: JJH Probe  s/n:3E4C880C,868858168,1781706569.468706871,1,Too Few Markers,-3.697314E28,-3.697314E28,-3.697314E28,-3.697314E28,-3.697314E28,-3.697314E28,-3.697314E28,0.0000000,3,Missing,-3.697314E28,-3.697314E28,-3.697314E28,Missing,-3.697314E28,-3.697314E28,-3.697314E28,Missing,-3.697314E28,-3.697314E28,-3.697314E28,Port 0x02: JJH T tibia tracker  s/n:3E4C8800,868858168,1781706569.468706871,1,OK,0.9662085,0.0810417,-0.0990960,0.2237262,8.672,46.940,-1630.177,0.3595711,3,OK,8.893,46.594,-1630.214,OK,18.767,-46.704,-1648.012,OK,-70.564,9.562,-1650.660,Port 0x03: JJH Y femur tracker  s/n:3E4C8801,868858168,1781706569.468706871,1,OK,0.5914561,-0.0092656,0.1751272,0.7870351,-203.096,-0.502,-1535.092,0.5159786,3,OK,-203.093,0.183,-1535.302,OK,-260.707,-74.095,-1500.795,OK,-175.131,-87.414,-1514.287
3,Port 0x01: JJH Probe  s/n:3E4C880C,868858171,1781706569.518706871,1,Too Few Markers,-3.697314E28,-3.697314E28,-3.697314E28,-3.697314E28,-3.697314E28,-3.697314E28,-3.697314E28,0.0000000,3,Missing,-3.697314E28,-3.697314E28,-3.697314E28,Missing,-3.697314E28,-3.697314E28,-3.697314E28,Missing,-3.697314E28,-3.697314E28,-3.697314E28,Port 0x02: JJH T tibia tracker  s/n:3E4C8800,868858171,1781706569.518706871,1,OK,0.9657507,0.0844727,-0.1020547,0.2231029,9.225,47.385,-1631.899,0.3580829,3,OK,9.460,47.056,-1631.932,OK,19.315,-46.124,-1650.457,OK,-69.963,10.228,-1653.020,Port 0x03: JJH Y femur tracker  s/n:3E4C8801,868858171,1781706569.518706871,1,OK,0.5979916,-0.0257410,0.1630835,0.7843132,-205.862,0.147,-1539.569,0.5187683,3,OK,-205.848,0.834,-1539.779,OK,-265.446,-72.956,-1507.662,OK,-179.445,-86.948,-1517.489
3,Port 0x01: JJH Probe  s/n:3E4C880C,868858174,1781706569.568706869,1,Too Few Markers,-3.697314E28,-3.697314E28,-3.697314E28,-3.697314E28,-3.697314E28,-3.697314E28,-3.697314E28,0.0000000,3,Missing,-3.697314E28,-3.697314E28,-3.697314E28,Missing,-3.697314E28,-3.697314E28,-3.697314E28,Missing,-3.697314E28,-3.697314E28,-3.697314E28,Port 0x02: JJH T tibia tracker  s/n:3E4C8800,868858174,1781706569.568706869,1,OK,0.9651515,0.0927504,-0.1042288,0.2213963,9.365,48.275,-1633.444,0.3550414,3,OK,9.589,47.941,-1633.485,OK,19.304,-44.915,-1653.624,OK,-69.872,11.632,-1655.232,Port 0x03: JJH Y femur tracker  s/n:3E4C8801,868858174,1781706569.568706869,1,OK,0.6052061,-0.0457140,0.1482403,0.7808077,-209.392,1.023,-1543.472,0.5209675,3,OK,-209.364,1.712,-1543.682,OK,-271.160,-71.535,-1514.597,OK,-184.854,-86.256,-1519.957
3,Port 0x01: JJH Probe  s/n:3E4C880C,868858177,1781706569.618706869,1,Too Few Markers,-3.697314E28,-3.697314E28,-3.697314E28,-3.697314E28,-3.697314E28,-3.697314E28,-3.697314E28,0.0000000,3,Missing,-3.697314E28,-3.697314E28,-3.697314E28,Missing,-3.697314E28,-3.697314E28,-3.697314E28,Missing,-3.697314E28,-3.697314E28,-3.697314E28,Port 0x02: JJH T tibia tracker  s/n:3E4C8800,868858177,1781706569.618706869,1,OK,0.9641615,0.1030270,-0.1073004,0.2196921,9.631,48.893,-1635.229,0.3514918,3,OK,9.858,48.568,-1635.273,OK,19.470,-43.850,-1657.418,OK,-69.619,12.827,-1657.908,Port 0x03: JJH Y femur tracker  s/n:3E4C8801,868858177,1781706569.618706869,1,OK,0.6124114,-0.0652820,0.1326397,0.7765933,-212.837,1.629,-1547.917,0.5116662,3,OK,-212.786,2.306,-1548.122,OK,-276.689,-70.359,-1522.312,OK,-190.349,-85.853,-1523.192
3,Port 0x01: JJH Probe  s/n:3E4C880C,868858180,1781706569.668706869,1,Too Few Markers,-3.697314E28,-3.697314E28,-3.697314E28,-3.697314E28,-3.697314E28,-3.697314E28,-3.697314E28,0.0000000,3,Missing,-3.697314E28,-3.697314E28,-3.697314E28,Missing,-3.697314E28,-3.697314E28,-3.697314E28,Missing,-3.697314E28,-3.697314E28,-3.697314E28,Port 0x02: JJH T tibia tracker  s/n:3E4C8800,868858180,1781706569.668706869,1,OK,0.9636067,0.1091374,-0.1086721,0.2184982,10.096,49.547,-1636.893,0.3520358,3,OK,10.304,49.204,-1636.950,OK,19.834,-42.904,-1660.262,OK,-69.172,13.864,-1660.010,Port 0x03: JJH Y femur tracker  s/n:3E4C8801,868858180,1781706569.668706869,1,OK,0.6189621,-0.0849503,0.1172196,0.7719643,-215.950,2.352,-1552.498,0.5129370,3,OK,-215.878,3.029,-1552.701,OK,-281.677,-69.068,-1530.210,OK,-195.514,-85.301,-1526.617
3,Port 0x01: JJH Probe  s/n:3E4C880C,868858183,1781706569.718706869,1,Too Few Markers,-3.697314E28,-3.697314E28,-3.697314E28,-3.697314E28,-3.697314E28,-3.697314E28,-3.697314E28,0.0000000,3,Missing,-3.697314E28,-3.697314E28,-3.697314E28,Missing,-3.697314E28,-3.697314E28,-3.697314E28,Missing,-3.697314E28,-3.697314E28,-3.697314E28,Port 0x02: JJH T tibia tracker  s/n:3E4C8800,868858183,1781706569.718706869,1,OK,0.9626534,0.1167181,-0.1111195,0.2175496,10.737,50.204,-1638.436,0.3491440,3,OK,10.944,49.866,-1638.498,OK,20.482,-41.868,-1663.278,OK,-68.510,14.922,-1662.236,Port 0x03: JJH Y femur tracker  s/n:3E4C8801,868858183,1781706569.718706869,1,OK,0.6251826,-0.1050794,0.1015031,0.7666826,-218.855,3.106,-1557.156,0.5002341,3,OK,-218.771,3.765,-1557.350,OK,-286.289,-67.707,-1538.334,OK,-200.585,-84.686,-1530.181
3,Port 0x01: JJH Probe  s/n:3E4C880C,868858186,1781706569.768706869,1,Too Few Markers,-3.697314E28,-3.697314E28,-3.697314E28,-3.697314E28,-3.697314E28,-3.697314E28,-3.697314E28,0.0000000,3,Missing,-3.697314E28,-3.697314E28,-3.697314E28,Missing,-3.697314E28,-3.697314E28,-3.697314E28,Missing,-3.697314E28,-3.697314E28,-3.697314E28,Port 0x02: JJH T tibia tracker  s/n:3E4C8800,868858186,1781706569.768706869,1,OK,0.9617076,0.1236516,-0.1131741,0.2168420,11.471,50.899,-1639.813,0.3601648,3,OK,11.686,50.553,-1639.880,OK,21.255,-40.789,-1665.985,OK,-67.761,15.962,-1664.206,Port 0x03: JJH Y femur tracker  s/n:3E4C8801,868858186,1781706569.768706869,1,OK,0.6310805,-0.1255103,0.0862060,0.7606268,-221.702,3.979,-1562.070,0.4970313,3,OK,-221.602,4.631,-1562.259,OK,-290.709,-66.162,-1546.715,OK,-205.687,-83.912,-1534.003
3,Port 0x01: JJH Probe  s/n:3E4C880C,868858189,1781706569.818706869,1,Too Few Markers,-3.697314E28,-3.697314E28,-3.697314E28,-3.697314E28,-3.697314E28,-3.697314E28,-3.697314E28,0.0000000,3,Missing,-3.697314E28,-3.697314E28,-3.697314E28,Missing,-3.697314E28,-3.697314E28,-3.697314E28,Missing,-3.697314E28,-3.697314E28,-3.697314E28,Port 0x02: JJH T tibia tracker  s/n:3E4C8800,868858189,1781706569.818706869,1,OK,0.9603912,0.1302298,-0.1150597,0.2178308,12.554,51.893,-1640.942,0.3540067,3,OK,12.762,51.551,-1641.015,OK,22.681,-39.394,-1668.344,OK,-66.503,17.010,-1665.911,Port 0x03: JJH Y femur tracker  s/n:3E4C8801,868858189,1781706569.818706869,1,OK,0.6365177,-0.1463707,0.0694959,0.7540498,-224.298,4.768,-1567.337,0.4940365,3,OK,-224.177,5.416,-1567.519,OK,-294.665,-64.755,-1555.797,OK,-210.638,-83.227,-1538.391
3,Port 0x01: JJH Probe  s/n:3E4C880C,868858192,1781706569.868706869,1,Too Few Markers,-3.697314E28,-3.697314E28,-3.697314E28,-3.697314E28,-3.697314E28,-3.697314E28,-3.697314E28,0.0000000,3,Missing,-3.697314E28,-3.697314E28,-3.697314E28,Missing,-3.697314E28,-3.697314E28,-3.697314E28,Missing,-3.697314E28,-3.697314E28,-3.697314E28,Port 0x02: JJH T tibia tracker  s/n:3E4C8800,868858192,1781706569.868706869,1,OK,0.9588388,0.1357717,-0.1161207,0.2207038,13.996,53.289,-1641.913,0.3510863,3,OK,14.189,52.938,-1641.996,OK,24.806,-37.623,-1670.295,OK,-64.779,18.123,-1667.313,Port 0x03: JJH Y femur tracker  s/n:3E4C8801,868858192,1781706569.868706869,1,OK,0.6411965,-0.1687492,0.0520282,0.7467823,-226.555,5.495,-1572.841,0.4894338,3,OK,-226.429,6.130,-1573.015,OK,-298.062,-63.421,-1565.357,OK,-215.305,-82.555,-1542.999
3,Port 0x01: JJH Probe  s/n:3E4C880C,868858195,1781706569.918661989,1,Too Few Markers,-3.697314E28,-3.697314E28,-3.697314E28,-3.697314E28,-3.697314E28,-3.697314E28,-3.697314E28,0.0000000,3,Missing,-3.697314E28,-3.697314E28,-3.697314E28,Missing,-3.697314E28,-3.697314E28,-3.697314E28,Missing,-3.697314E28,-3.697314E28,-3.697314E28,Port 0x02: JJH T tibia tracker  s/n:3E4C8800,868858195,1781706569.918661989,1,OK,0.9577215,0.1366175,-0.1170583,0.2245049,15.411,54.650,-1642.078,0.3582362,3,OK,15.639,54.319,-1642.149,OK,26.989,-36.129,-1670.563,OK,-63.043,18.892,-1667.755,Port 0x03: JJH Y femur tracker  s/n:3E4C8801,868858195,1781706569.918661989,1,OK,0.6453628,-0.1910220,0.0341666,0.7388167,-228.577,6.516,-1578.636,0.4799164,3,OK,-228.435,7.132,-1578.797,OK,-300.991,-61.802,-1575.341,OK,-219.800,-81.564,-1548.081
3,Port 0x01: JJH Probe  s/n:3E4C880C,868858198,1781706569.968661989,1,Too Few Markers,-3.697314E28,-3.697314E28,-3.697314E28,-3.697314E28,-3.697314E28,-3.697314E28,-3.697314E28,0.0000000,3,Missing,-3.697314E28,-3.697314E28,-3.697314E28,Missing,-3.697314E28,-3.697314E28,-3.697314E28,Missing,-3.697314E28,-3.697314E28,-3.697314E28,Port 0x02: JJH T tibia tracker  s/n:3E4C8800,868858198,1781706569.968661989,1,OK,0.9562256,0.1412475,-0.1181822,0.2274085,16.850,56.029,-1642.617,0.3446746,3,OK,17.066,55.707,-1642.692,OK,29.104,-34.418,-1671.917,OK,-61.310,19.967,-1668.712,Port 0x03: JJH Y femur tracker  s/n:3E4C8801,868858198,1781706569.968661989,1,OK,0.6490048,-0.2130085,0.0172042,0.7301536,-230.199,7.447,-1584.630,0.4832865,3,OK,-230.048,8.063,-1584.786,OK,-303.269,-60.236,-1585.382,OK,-223.962,-80.631,-1553.412
3,Port 0x01: JJH Probe  s/n:3E4C880C,868858201,1781706570.018661989,1,Too Few Markers,-3.697314E28,-3.697314E28,-3.697314E28,-3.697314E28,-3.697314E28,-3.697314E28,-3.697314E28,0.0000000,3,Missing,-3.697314E28,-3.697314E28,-3.697314E28,Missing,-3.697314E28,-3.697314E28,-3.697314E28,Missing,-3.697314E28,-3.697314E28,-3.697314E28,Port 0x02: JJH T tibia tracker  s/n:3E4C8800,868858201,1781706570.018661989,1,OK,0.9562506,0.1366576,-0.1167671,0.2308136,18.412,56.579,-1642.237,0.3534970,3,OK,18.621,56.236,-1642.317,OK,31.209,-34.080,-1670.601,OK,-59.527,19.808,-1667.982,Port 0x03: JJH Y femur tracker  s/n:3E4C8801,868858201,1781706570.018661989,1,OK,0.6519715,-0.2344210,0.0006443,0.7210961,-231.270,8.420,-1590.570,0.4757188,3,OK,-231.121,9.026,-1590.722,OK,-304.725,-58.650,-1595.297,OK,-227.555,-79.618,-1558.837
3,Port 0x01: JJH Probe  s/n:3E4C880C,868858204,1781706570.068661989,1,Too Few Markers,-3.697314E28,-3.697314E28,-3.697314E28,-3.697314E28,-3.697314E28,-3.697314E28,-3.697314E28,0.0000000,3,Missing,-3.697314E28,-3.697314E28,-3.697314E28,Missing,-3.697314E28,-3.697314E28,-3.697314E28,Missing,-3.697314E28,-3.697314E28,-3.697314E28,Port 0x02: JJH T tibia tracker  s/n:3E4C8800,868858204,1781706570.068661989,1,OK,0.9558111,0.1374787,-0.1172746,0.2318866,19.596,56.893,-1642.195,0.3499402,3,OK,19.824,56.572,-1642.265,OK,32.620,-33.695,-1670.701,OK,-58.240,19.969,-1668.085,Port 0x03: JJH Y femur tracker  s/n:3E4C8801,868858204,1781706570.068661989,1,OK,0.6548454,-0.2561750,-0.0167874,0.7108235,-232.277,9.464,-1596.514,0.4806944,3,OK,-232.118,10.062,-1596.658,OK,-305.990,-56.916,-1605.474,OK,-231.223,-78.545,-1564.454
3,Port 0x01: JJH Probe  s/n:3E4C880C,868858207,1781706570.118661989,1,Too Few Markers,-3.697314E28,-3.697314E28,-3.697314E28,-3.697314E28,-3.697314E28,-3.697314E28,-3.697314E28,0.0000000,3,Missing,-3.697314E28,-3.697314E28,-3.697314E28,Missing,-3.697314E28,-3.697314E28,-3.697314E28,Missing,-3.697314E28,-3.697314E28,-3.697314E28,Port 0x02: JJH T tibia tracker  s/n:3E4C8800,868858207,1781706570.118661989,1,OK,0.9565711,0.1309496,-0.1157926,0.2332724,21.348,56.717,-1641.503,0.3500406,3,OK,21.568,56.387,-1641.573,OK,34.495,-34.237,-1668.759,OK,-56.431,19.358,-1666.912,Port 0x03: JJH Y femur tracker  s/n:3E4C8801,868858207,1781706570.118661989,1,OK,0.6568094,-0.2758920,-0.0324389,0.7010226,-232.113,10.587,-1602.385,0.4783896,3,OK,-231.952,11.167,-1602.521,OK,-305.815,-55.187,-1615.161,OK,-233.472,-77.352,-1570.118
3,Port 0x01: JJH Probe  s/n:3E4C880C,868858210,1781706570.168661989,1,Too Few Markers,-3.697314E28,-3.697314E28,-3.697314E28,-3.697314E28,-3.697314E28,-3.697314E28,-3.697314E28,0.0000000,3,Missing,-3.697314E28,-3.697314E28,-3.697314E28,Missing,-3.697314E28,-3.697314E28,-3.697314E28,Missing,-3.697314E28,-3.697314E28,-3.697314E28,Port 0x02: JJH T tibia tracker  s/n:3E4C8800,868858210,1781706570.168661989,1,OK,0.9570808,0.1259300,-0.1154293,0.2341242,23.999,56.267,-1641.418,0.3503402,3,OK,24.228,55.945,-1641.480,OK,37.218,-34.954,-1667.732,OK,-53.728,18.620,-1666.588,Port 0x03: JJH Y femur tracker  s/n:3E4C8801,868858210,1781706570.168661989,1,OK,0.6580331,-0.2933525,-0.0460768,0.6919636,-230.610,11.372,-1608.251,0.4867960,3,OK,-230.459,11.959,-1608.395,OK,-304.081,-53.890,-1624.336,OK,-234.137,-76.494,-1575.865
3,Port 0x01: JJH Probe  s/n:3E4C880C,868858213,1781706570.218627935,1,Too Few Markers,-3.697314E28,-3.697314E28,-3.697314E28,-3.697314E28,-3.697314E28,-3.697314E28,-3.697314E28,0.0000000,3,Missing,-3.697314E28,-3.697314E28,-3.697314E28,Missing,-3.697314E28,-3.697314E28,-3.697314E28,Missing,-3.697314E28,-3.697314E28,-3.697314E28,Port 0x02: JJH T tibia tracker  s/n:3E4C8800,868858213,1781706570.218627935,1,OK,0.9574539,0.1218478,-0.1147633,0.2350841,25.422,55.940,-1640.725,0.3462702,3,OK,25.652,55.624,-1640.781,OK,38.744,-35.495,-1666.259,OK,-52.254,18.012,-1665.637,Port 0x03: JJH Y femur tracker  s/n:3E4C8801,868858213,1781706570.218627935,1,OK,0.6590974,-0.3129979,-0.0617450,0.6810363,-230.180,12.199,-1613.855,0.4943210,3,OK,-230.031,12.770,-1613.995,OK,-303.256,-52.458,-1633.772,OK,-236.159,-75.558,-1581.471
3,Port 0x01: JJH Probe  s/n:3E4C880C,868858216,1781706570.268627935,1,Too Few Markers,-3.697314E28,-3.697314E28,-3.697314E28,-3.697314E28,-3.697314E28,-3.697314E28,-3.697314E28,0.0000000,3,Missing,-3.697314E28,-3.697314E28,-3.697314E28,Missing,-3.697314E28,-3.697314E28,-3.697314E28,Missing,-3.697314E28,-3.697314E28,-3.697314E28,Port 0x02: JJH T tibia tracker  s/n:3E4C8800,868858216,1781706570.268627935,1,OK,0.9577488,0.1191390,-0.1138515,0.2357139,26.515,55.678,-1640.282,0.3399296,3,OK,26.747,55.374,-1640.334,OK,39.885,-35.901,-1665.291,OK,-51.142,17.549,-1664.944,Port 0x03: JJH Y femur tracker  s/n:3E4C8801,868858216,1781706570.268627935,1,OK,0.6598296,-0.3315428,-0.0771001,0.6698955,-229.823,13.045,-1619.118,0.4889681,3,OK,-229.679,13.599,-1619.257,OK,-302.291,-51.022,-1642.743,OK,-238.216,-74.601,-1586.952
3,Port 0x01: JJH Probe  s/n:3E4C880C,868858219,1781706570.318627935,1,Too Few Markers,-3.697314E28,-3.697314E28,-3.697314E28,-3.697314E28,-3.697314E28,-3.697314E28,-3.697314E28,0.0000000,3,Missing,-3.697314E28,-3.697314E28,-3.697314E28,Missing,-3.697314E28,-3.697314E28,-3.697314E28,Missing,-3.697314E28,-3.697314E28,-3.697314E28,Port 0x02: JJH T tibia tracker  s/n:3E4C8800,868858219,1781706570.318627935,1,OK,0.9580974,0.1151737,-0.1132422,0.2365600,27.507,55.389,-1639.394,0.3529691,3,OK,27.752,55.077,-1639.442,OK,40.968,-36.375,-1663.640,OK,-50.124,17.005,-1663.811,Port 0x03: JJH Y femur tracker  s/n:3E4C8801,868858219,1781706570.318627935,1,OK,0.6599657,-0.3492099,-0.0917321,0.6588497,-229.233,13.875,-1623.945,0.4964329,3,OK,-229.094,14.407,-1624.080,OK,-300.946,-49.651,-1651.106,OK,-239.876,-73.643,-1592.056
3,Port 0x01: JJH Probe  s/n:3E4C880C,868858222,1781706570.368627935,1,Too Few Markers,-3.697314E28,-3.697314E28,-3.697314E28,-3.697314E28,-3.697314E28,-3.697314E28,-3.697314E28,0.0000000,3,Missing,-3.697314E28,-3.697314E28,-3.697314E28,Missing,-3.697314E28,-3.697314E28,-3.697314E28,Missing,-3.697314E28,-3.697314E28,-3.697314E28,Port 0x02: JJH T tibia tracker  s/n:3E4C8800,868858222,1781706570.368627935,1,OK,0.9588150,0.1090084,-0.1110929,0.2375905,28.463,54.824,-1638.316,0.3424360,3,OK,28.693,54.512,-1638.363,OK,41.968,-37.252,-1661.363,OK,-49.155,16.072,-1662.131,Port 0x03: JJH Y femur tracker  s/n:3E4C8801,868858222,1781706570.368627935,1,OK,0.6596591,-0.3655264,-0.1053115,0.6481897,-228.513,14.514,-1628.594,0.5008244,3,OK,-228.376,15.032,-1628.727,OK,-299.338,-48.537,-1658.996,OK,-241.252,-72.865,-1597.068
3,Port 0x01: JJH Probe  s/n:3E4C880C,868858225,1781706570.418627935,1,Too Few Markers,-3.697314E28,-3.697314E28,-3.697314E28,-3.697314E28,-3.697314E28,-3.697314E28,-3.697314E28,0.0000000,3,Missing,-3.697314E28,-3.697314E28,-3.697314E28,Missing,-3.697314E28,-3.697314E28,-3.697314E28,Missing,-3.697314E28,-3.697314E28,-3.697314E28,Port 0x02: JJH T tibia tracker  s/n:3E4C8800,868858225,1781706570.418627935,1,OK,0.9594737,0.1019418,-0.1095828,0.2387671,29.357,54.387,-1637.161,0.3542206,3,OK,29.603,54.072,-1637.201,OK,42.939,-37.999,-1658.845,OK,-48.235,15.228,-1660.453,Port 0x03: JJH Y femur tracker  s/n:3E4C8801,868858225,1781706570.418627935,1,OK,0.6591870,-0.3805790,-0.1179628,0.6377436,-227.559,15.221,-1632.853,0.4968343,3,OK,-227.434,15.722,-1632.993,OK,-297.412,-47.360,-1666.242,OK,-242.288,-72.018,-1601.782
3,Port 0x01: JJH Probe  s/n:3E4C880C,868858228,1781706570.468627935,1,Too Few Markers,-3.697314E28,-3.697314E28,-3.697314E28,-3.697314E28,-3.697314E28,-3.697314E28,-3.697314E28,0.0000000,3,Missing,-3.697314E28,-3.697314E28,-3.697314E28,Missing,-3.697314E28,-3.697314E28,-3.697314E28,Missing,-3.697314E28,-3.697314E28,-3.697314E28,Port 0x02: JJH T tibia tracker  s/n:3E4C8800,868858228,1781706570.468627935,1,OK,0.9599571,0.0957506,-0.1084512,0.2399009,30.160,53.889,-1635.803,0.3626730,3,OK,30.423,53.580,-1635.835,OK,43.834,-38.749,-1656.292,OK,-47.393,14.363,-1658.668,Port 0x03: JJH Y femur tracker  s/n:3E4C8801,868858228,1781706570.468627935,1,OK,0.6583801,-0.3946898,-0.1300437,0.6275701,-226.503,15.739,-1636.807,0.4794188,3,OK,-226.381,16.214,-1636.941,OK,-295.298,-46.430,-1673.008,OK,-243.086,-71.337,-1606.274
3,Port 0x01: JJH Probe  s/n:3E4C880C,868858231,1781706570.518627935,1,Too Few Markers,-3.697314E28,-3.697314E28,-3.697314E28,-3.697314E28,-3.697314E28,-3.697314E28,-3.697314E28,0.0000000,3,Missing,-3.697314E28,-3.697314E28,-3.697314E28,Missing,-3.697314E28,-3.697314E28,-3.697314E28,Missing,-3.697314E28,-3.697314E28,-3.697314E28,Port 0x02: JJH T tibia tracker  s/n:3E4C8800,868858231,1781706570.518627935,1,OK,0.9604127,0.0911798,-0.1067576,0.2406170,30.831,53.722,-1634.902,0.3587431,3,OK,31.083,53.406,-1634.935,OK,44.536,-39.109,-1654.493,OK,-46.719,13.945,-1657.295,Port 0x03: JJH Y femur tracker  s/n:3E4C8801,868858231,1781706570.518627935,1,OK,0.6573261,-0.4079956,-0.1414762,0.6176135,-225.380,16.457,-1640.582,0.4900733,3,OK,-225.260,16.918,-1640.717,OK,-293.074,-45.321,-1679.441,OK,-243.689,-70.476,-1610.594
3,Port 0x01: JJH Probe  s/n:3E4C880C,868858234,1781706570.568627936,1,Too Few Markers,-3.697314E28,-3.697314E28,-3.697314E28,-3.697314E28,-3.697314E28,-3.697314E28,-3.697314E28,0.0000000,3,Missing,-3.697314E28,-3.697314E28,-3.697314E28,Missing,-3.697314E28,-3.697314E28,-3.697314E28,Missing,-3.697314E28,-3.697314E28,-3.697314E28,Port 0x02: JJH T tibia tracker  s/n:3E4C8800,868858234,1781706570.568627936,1,OK,0.9606960,0.0880162,-0.1051021,0.2413916,31.504,53.442,-1634.024,0.3455151,3,OK,31.745,53.136,-1634.054,OK,45.276,-39.530,-1652.981,OK,-46.038,13.439,-1656.010,Port 0x03: JJH Y femur tracker  s/n:3E4C8801,868858234,1781706570.568627936,1,OK,0.6559352,-0.4203790,-0.1516758,0.6082968,-224.144,16.953,-1644.128,0.4920473,3,OK,-224.056,17.395,-1644.294,OK,-290.680,-44.485,-1685.294,OK,-244.042,-69.831,-1614.639
3,Port 0x01: JJH Probe  s/n:3E4C880C,868858237,1781706570.618627936,1,Too Few Markers,-3.697314E28,-3.697314E28,-3.697314E28,-3.697314E28,-3.697314E28,-3.697314E28,-3.697314E28,0.0000000,3,Missing,-3.697314E28,-3.697314E28,-3.697314E28,Missing,-3.697314E28,-3.697314E28,-3.697314E28,Missing,-3.697314E28,-3.697314E28,-3.697314E28,Port 0x02: JJH T tibia tracker  s/n:3E4C8800,868858237,1781706570.618627936,1,OK,0.9610629,0.0835693,-0.1037792,0.2420831,32.065,53.158,-1633.041,0.3565480,3,OK,32.309,52.837,-1633.071,OK,45.867,-39.964,-1651.126,OK,-45.463,12.913,-1654.623,Port 0x03: JJH Y femur tracker  s/n:3E4C8801,868858237,1781706570.618627936,1,OK,0.6544677,-0.4317596,-0.1615832,0.5992883,-222.940,17.399,-1647.219,0.5037152,3,OK,-222.845,17.825,-1647.374,OK,-288.346,-43.747,-1690.643,OK,-244.275,-69.233,-1618.297
3,Port 0x01: JJH Probe  s/n:3E4C880C,868858240,1781706570.668627936,1,Too Few Markers,-3.697314E28,-3.697314E28,-3.697314E28,-3.697314E28,-3.697314E28,-3.697314E28,-3.697314E28,0.0000000,3,Missing,-3.697314E28,-3.697314E28,-3.697314E28,Missing,-3.697314E28,-3.697314E28,-3.697314E28,Missing,-3.697314E28,-3.697314E28,-3.697314E28,Port 0x02: JJH T tibia tracker  s/n:3E4C8800,868858240,1781706570.668627936,1,OK,0.9612394,0.0802936,-0.1031381,0.2427636,32.519,52.995,-1631.874,0.3584988,3,OK,32.777,52.685,-1631.896,OK,46.391,-40.245,-1649.322,OK,-44.990,12.547,-1653.219,Port 0x03: JJH Y femur tracker  s/n:3E4C8801,868858240,1781706570.668627936,1,OK,0.6532664,-0.4413471,-0.1701075,0.5912014,-221.803,17.950,-1649.944,0.4987532,3,OK,-221.723,18.360,-1650.115,OK,-286.149,-42.892,-1695.251,OK,-244.423,-68.560,-1621.615
3,Port 0x01: JJH Probe  s/n:3E4C880C,868858243,1781706570.718627936,1,Too Few Markers,-3.697314E28,-3.697314E28,-3.697314E28,-3.697314E28,-3.697314E28,-3.697314E28,-3.697314E28,0.0000000,3,Missing,-3.697314E28,-3.697314E28,-3.697314E28,Missing,-3.697314E28,-3.697314E28,-3.697314E28,Missing,-3.697314E28,-3.697314E28,-3.697314E28,Port 0x02: JJH T tibia tracker  s/n:3E4C8800,868858243,1781706570.718627936,1,OK,0.9614978,0.0766291,-0.1015875,0.2435774,33.029,52.746,-1631.137,0.3623518,3,OK,33.272,52.414,-1631.165,OK,46.974,-40.608,-1647.851,OK,-44.457,12.069,-1652.066,Port 0x03: JJH Y femur tracker  s/n:3E4C8801,868858243,1781706570.718627936,1,OK,0.6517304,-0.4503254,-0.1778680,0.5837958,-220.657,18.202,-1652.412,0.5306063,3,OK,-220.569,18.606,-1652.574,OK,-284.003,-42.430,-1699.471,OK,-244.375,-68.183,-1624.554
3,Port 0x01: JJH Probe  s/n:3E4C880C,868858246,1781706570.768590706,1,Too Few Markers,-3.697314E28,-3.697314E28,-3.697314E28,-3.697314E28,-3.697314E28,-3.697314E28,-3.697314E28,0.0000000,3,Missing,-3.697314E28,-3.697314E28,-3.697314E28,Missing,-3.697314E28,-3.697314E28,-3.697314E28,Missing,-3.697314E28,-3.697314E28,-3.697314E28,Port 0x02: JJH T tibia tracker  s/n:3E4C8800,868858246,1781706570.768590706,1,OK,0.9616534,0.0739948,-0.1007899,0.2441083,33.390,52.629,-1630.433,0.3609701,3,OK,33.639,52.305,-1630.457,OK,47.379,-40.812,-1646.629,OK,-44.081,11.790,-1651.120,Port 0x03: JJH Y femur tracker  s/n:3E4C8801,868858246,1781706570.768590706,1,OK,0.6502175,-0.4580589,-0.1844432,0.5773907,-219.570,18.528,-1654.678,0.5220990,3,OK,-219.506,18.917,-1654.873,OK,-281.935,-41.931,-1703.105,OK,-244.258,-67.747,-1627.282
3,Port 0x01: JJH Probe  s/n:3E4C880C,868858249,1781706570.818590706,1,Too Few Markers,-3.697314E28,-3.697314E28,-3.697314E28,-3.697314E28,-3.697314E28,-3.697314E28,-3.697314E28,0.0000000,3,Missing,-3.697314E28,-3.697314E28,-3.697314E28,Missing,-3.697314E28,-3.697314E28,-3.697314E28,Missing,-3.697314E28,-3.697314E28,-3.697314E28,Port 0x02: JJH T tibia tracker  s/n:3E4C8800,868858249,1781706570.818590706,1,OK,0.9618379,0.0709242,-0.0996966,0.2447411,33.754,52.451,-1629.726,0.3692808,3,OK,34.003,52.113,-1629.750,OK,47.802,-41.077,-1645.311,OK,-43.705,11.429,-1650.101,Port 0x03: JJH Y femur tracker  s/n:3E4C8801,868858249,1781706570.818590706,1,OK,0.6490744,-0.4647137,-0.1906277,0.5713184,-218.596,18.761,-1656.520,0.4938389,3,OK,-218.536,19.135,-1656.717,OK,-280.075,-41.510,-1706.233,OK,-244.177,-67.403,-1629.678
3,Port 0x01: JJH Probe  s/n:3E4C880C,868858252,1781706570.868590706,1,Too Few Markers,-3.697314E28,-3.697314E28,-3.697314E28,-3.697314E28,-3.697314E28,-3.697314E28,-3.697314E28,0.0000000,3,Missing,-3.697314E28,-3.697314E28,-3.697314E28,Missing,-3.697314E28,-3.697314E28,-3.697314E28,Missing,-3.697314E28,-3.697314E28,-3.697314E28,Port 0x02: JJH T tibia tracker  s/n:3E4C8800,868858252,1781706570.868590706,1,OK,0.9618794,0.0690114,-0.0993521,0.2452643,34.011,52.311,-1628.997,0.3696232,3,OK,34.269,51.983,-1629.016,OK,48.127,-41.274,-1644.207,OK,-43.426,11.154,-1649.238,Port 0x03: JJH Y femur tracker  s/n:3E4C8801,868858252,1781706570.868590706,1,OK,0.6479061,-0.4708654,-0.1957744,0.5658408,-217.739,19.078,-1658.215,0.5028901,3,OK,-217.688,19.441,-1658.426,OK,-278.441,-41.024,-1709.038,OK,-244.116,-66.980,-1631.763
3,Port 0x01: JJH Probe  s/n:3E4C880C,868858255,1781706570.918590706,1,Too Few Markers,-3.697314E28,-3.697314E28,-3.697314E28,-3.697314E28,-3.697314E28,-3.697314E28,-3.697314E28,0.0000000,3,Missing,-3.697314E28,-3.697314E28,-3.697314E28,Missing,-3.697314E28,-3.697314E28,-3.697314E28,Missing,-3.697314E28,-3.697314E28,-3.697314E28,Port 0x02: JJH T tibia tracker  s/n:3E4C8800,868858255,1781706570.918590706,1,OK,0.9620817,0.0656453,-0.0984819,0.2457455,34.282,52.178,-1628.453,0.3675995,3,OK,34.535,51.848,-1628.471,OK,48.424,-41.509,-1643.005,OK,-43.139,10.861,-1648.403,Port 0x03: JJH Y femur tracker  s/n:3E4C8801,868858255,1781706570.918590706,1,OK,0.6465835,-0.4766494,-0.2012484,0.5605660,-216.844,19.297,-1659.799,0.5122229,3,OK,-216.788,19.651,-1660.001,OK,-276.728,-40.676,-1711.780,OK,-243.916,-66.679,-1633.791
3,Port 0x01: JJH Probe  s/n:3E4C880C,868858258,1781706570.968590706,1,Too Few Markers,-3.697314E28,-3.697314E28,-3.697314E28,-3.697314E28,-3.697314E28,-3.697314E28,-3.697314E28,0.0000000,3,Missing,-3.697314E28,-3.697314E28,-3.697314E28,Missing,-3.697314E28,-3.697314E28,-3.697314E28,Missing,-3.697314E28,-3.697314E28,-3.697314E28,Port 0x02: JJH T tibia tracker  s/n:3E4C8800,868858258,1781706570.968590706,1,OK,0.9622002,0.0635566,-0.0972929,0.2463036,34.571,52.042,-1627.784,0.3602853,3,OK,34.819,51.718,-1627.801,OK,48.768,-41.709,-1641.912,OK,-42.836,10.575,-1647.444,Port 0x03: JJH Y femur tracker  s/n:3E4C8801,868858258,1781706570.968590706,1,OK,0.6453190,-0.4822230,-0.2062051,0.5554313,-215.905,19.480,-1661.369,0.5153201,3,OK,-215.850,19.832,-1661.578,OK,-274.999,-40.365,-1714.372,OK,-243.680,-66.406,-1635.786
3,Port 0x01: JJH Probe  s/n:3E4C880C,868858261,1781706571.018590706,1,Too Few Markers,-3.697314E28,-3.697314E28,-3.697314E28,-3.697314E28,-3.697314E28,-3.697314E28,-3.697314E28,0.0000000,3,Missing,-3.697314E28,-3.697314E28,-3.697314E28,Missing,-3.697314E28,-3.697314E28,-3.697314E28,Missing,-3.697314E28,-3.697314E28,-3.697314E28,Port 0x02: JJH T tibia tracker  s/n:3E4C8800,868858261,1781706571.018590706,1,OK,0.9622692,0.0613923,-0.0967143,0.2468103,34.805,51.966,-1627.224,0.3598926,3,OK,35.051,51.639,-1627.240,OK,49.058,-41.840,-1640.924,OK,-42.576,10.366,-1646.694,Port 0x03: JJH Y femur tracker  s/n:3E4C8801,868858261,1781706571.018590706,1,OK,0.6440942,-0.4872594,-0.2111970,0.5505605,-215.073,19.670,-1662.806,0.4993744,3,OK,-215.009,20.015,-1663.000,OK,-273.381,-40.066,-1716.812,OK,-243.471,-66.132,-1637.710
3,Port 0x01: JJH Probe  s/n:3E4C880C,868858264,1781706571.068590706,1,Too Few Markers,-3.697314E28,-3.697314E28,-3.697314E28,-3.697314E28,-3.697314E28,-3.697314E28,-3.697314E28,0.0000000,3,Missing,-3.697314E28,-3.697314E28,-3.697314E28,Missing,-3.697314E28,-3.697314E28,-3.697314E28,Missing,-3.697314E28,-3.697314E28,-3.697314E28,Port 0x02: JJH T tibia tracker  s/n:3E4C8800,868858264,1781706571.068590706,1,OK,0.9622987,0.0593239,-0.0963378,0.2473475,34.997,51.882,-1626.659,0.3604848,3,OK,35.253,51.567,-1626.671,OK,49.313,-41.973,-1639.954,OK,-42.356,10.138,-1645.982,Port 0x03: JJH Y femur tracker  s/n:3E4C8801,868858264,1781706571.068590706,1,OK,0.6429031,-0.4919734,-0.2152947,0.5461557,-214.279,19.834,-1664.099,0.5101779,3,OK,-214.227,20.177,-1664.320,OK,-271.876,-39.789,-1718.919,OK,-243.267,-65.898,-1639.362
3,Port 0x01: JJH Probe  s/n:3E4C880C,868858267,1781706571.118590706,1,Too Few Markers,-3.697314E28,-3.697314E28,-3.697314E28,-3.697314E28,-3.697314E28,-3.697314E28,-3.697314E28,0.0000000,3,Missing,-3.697314E28,-3.697314E28,-3.697314E28,Missing,-3.697314E28,-3.697314E28,-3.697314E28,Missing,-3.697314E28,-3.697314E28,-3.697314E28,Port 0x02: JJH T tibia tracker  s/n:3E4C8800,868858267,1781706571.118590706,1,OK,0.9624257,0.0570570,-0.0950899,0.2478693,35.272,51.777,-1626.263,0.3584876,3,OK,35.517,51.453,-1626.276,OK,49.643,-42.140,-1639.096,OK,-42.077,9.898,-1645.273,Port 0x03: JJH Y femur tracker  s/n:3E4C8801,868858267,1781706571.118590706,1,OK,0.6420223,-0.4959345,-0.2188642,0.5421760,-213.570,19.983,-1665.128,0.4964712,3,OK,-213.515,20.317,-1665.342,OK,-270.576,-39.530,-1720.677,OK,-243.082,-65.658,-1640.760
3,Port 0x01: JJH Probe  s/n:3E4C880C,868858270,1781706571.168590706,1,Too Few Markers,-3.697314E28,-3.697314E28,-3.697314E28,-3.697314E28,-3.697314E28,-3.697314E28,-3.697314E28,0.0000000,3,Missing,-3.697314E28,-3.697314E28,-3.697314E28,Missing,-3.697314E28,-3.697314E28,-3.697314E28,Missing,-3.697314E28,-3.697314E28,-3.697314E28,Port 0x02: JJH T tibia tracker  s/n:3E4C8800,868858270,1781706571.168590706,1,OK,0.9624245,0.0557029,-0.0949373,0.2482401,35.436,51.732,-1625.805,0.3623667,3,OK,35.687,51.407,-1625.816,OK,49.848,-42.204,-1638.373,OK,-41.880,9.756,-1644.733,Port 0x03: JJH Y femur tracker  s/n:3E4C8801,868858270,1781706571.168590706,1,OK,0.6410068,-0.4996219,-0.2222760,0.5385923,-212.910,20.178,-1666.113,0.5000586,3,OK,-212.848,20.512,-1666.319,OK,-269.338,-39.268,-1722.353,OK,-242.865,-65.398,-1642.063
3,Port 0x01: JJH Probe  s/n:3E4C880C,868858273,1781706571.218590706,1,Too Few Markers,-3.697314E28,-3.697314E28,-3.697314E28,-3.697314E28,-3.697314E28,-3.697314E28,-3.697314E28,0.0000000,3,Missing,-3.697314E28,-3.697314E28,-3.697314E28,Missing,-3.697314E28,-3.697314E28,-3.697314E28,Missing,-3.697314E28,-3.697314E28,-3.697314E28,Port 0x02: JJH T tibia tracker  s/n:3E4C8800,868858273,1781706571.218590706,1,OK,0.9624421,0.0542135,-0.0949019,0.2485150,35.515,51.779,-1625.496,0.3629061,3,OK,35.769,51.457,-1625.506,OK,49.958,-42.190,-1637.779,OK,-41.781,9.728,-1644.356,Port 0x03: JJH Y femur tracker  s/n:3E4C8801,868858273,1781706571.218590706,1,OK,0.6424878,-0.4998485,-0.2216793,0.5368605,-213.312,20.727,-1666.242,0.4791340,3,OK,-213.254,21.062,-1666.461,OK,-269.950,-38.393,-1722.535,OK,-243.685,-64.740,-1642.365
3,Port 0x01: JJH Probe  s/n:3E4C880C,868858276,1781706571.268590706,1,Too Few Markers,-3.697314E28,-3.697314E28,-3.697314E28,-3.697314E28,-3.697314E28,-3.697314E28,-3.697314E28,0.0000000,3,Missing,-3.697314E28,-3.697314E28,-3.697314E28,Missing,-3.697314E28,-3.697314E28,-3.697314E28,Missing,-3.697314E28,-3.697314E28,-3.697314E28,Port 0x02: JJH T tibia tracker  s/n:3E4C8800,868858276,1781706571.268590706,1,OK,0.9623820,0.0536852,-0.0942513,0.2491094,36.062,51.791,-1625.626,0.3645718,3,OK,36.315,51.466,-1625.636,OK,50.610,-42.182,-1637.786,OK,-41.210,9.629,-1644.355,Port 0x03: JJH Y femur tracker  s/n:3E4C8801,868858276,1781706571.268590706,1,OK,0.6415420,-0.4990172,-0.2207451,0.5391450,-212.669,20.239,-1665.746,0.4941585,3,OK,-212.620,20.569,-1665.977,OK,-269.326,-39.163,-1721.714,OK,-242.652,-65.297,-1641.566
3,Port 0x01: JJH Probe  s/n:3E4C880C,868858279,1781706571.318590706,1,Too Few Markers,-3.697314E28,-3.697314E28,-3.697314E28,-3.697314E28,-3.697314E28,-3.697314E28,-3.697314E28,0.0000000,3,Missing,-3.697314E28,-3.697314E28,-3.697314E28,Missing,-3.697314E28,-3.697314E28,-3.697314E28,Missing,-3.697314E28,-3.697314E28,-3.697314E28,Port 0x02: JJH T tibia tracker  s/n:3E4C8800,868858279,1781706571.318590706,1,OK,0.9622482,0.0546866,-0.0950174,0.2491174,35.955,51.800,-1625.634,0.3684962,3,OK,36.216,51.476,-1625.643,OK,50.528,-42.137,-1637.997,OK,-41.292,9.661,-1644.539,Port 0x03: JJH Y femur tracker  s/n:3E4C8801,868858279,1781706571.318590706,1,OK,0.6417751,-0.4986625,-0.2206561,0.5392321,-212.791,20.183,-1665.739,0.5049862,3,OK,-212.741,20.508,-1665.961,OK,-269.506,-39.180,-1721.734,OK,-242.751,-65.364,-1641.558
3,Port 0x01: JJH Probe  s/n:3E4C880C,868858282,1781706571.368590706,1,Too Few Markers,-3.697314E28,-3.697314E28,-3.697314E28,-3.697314E28,-3.697314E28,-3.697314E28,-3.697314E28,0.0000000,3,Missing,-3.697314E28,-3.697314E28,-3.697314E28,Missing,-3.697314E28,-3.697314E28,-3.697314E28,Missing,-3.697314E28,-3.697314E28,-3.697314E28,Port 0x02: JJH T tibia tracker  s/n:3E4C8800,868858282,1781706571.368590706,1,OK,0.9621840,0.0551444,-0.0951466,0.2492150,35.911,51.914,-1625.596,0.3699041,3,OK,36.178,51.595,-1625.604,OK,50.506,-42.004,-1638.047,OK,-41.324,9.764,-1644.545,Port 0x03: JJH Y femur tracker  s/n:3E4C8801,868858282,1781706571.368590706,1,OK,0.6412531,-0.4984898,-0.2215845,0.5396319,-212.663,20.051,-1665.800,0.5060362,3,OK,-212.606,20.382,-1666.010,OK,-269.220,-39.409,-1721.890,OK,-242.462,-65.567,-1641.685
3,Port 0x01: JJH Probe  s/n:3E4C880C,868858285,1781706571.418550840,1,Too Few Markers,-3.697314E28,-3.697314E28,-3.697314E28,-3.697314E28,-3.697314E28,-3.697314E28,-3.697314E28,0.0000000,3,Missing,-3.697314E28,-3.697314E28,-3.697314E28,Missing,-3.697314E28,-3.697314E28,-3.697314E28,Missing,-3.697314E28,-3.697314E28,-3.697314E28,Port 0x02: JJH T tibia tracker  s/n:3E4C8800,868858285,1781706571.418550840,1,OK,0.9621958,0.0548152,-0.0947850,0.2493801,35.766,51.951,-1625.692,0.3654189,3,OK,36.023,51.628,-1625.701,OK,50.381,-41.975,-1638.070,OK,-41.456,9.766,-1644.563,Port 0x03: JJH Y femur tracker  s/n:3E4C8801,868858285,1781706571.418550840,1,OK,0.6408952,-0.4980432,-0.2211421,0.5406501,-212.772,19.886,-1665.648,0.5279421,3,OK,-212.711,20.222,-1665.856,OK,-269.363,-39.689,-1721.623,OK,-242.389,-65.770,-1641.383
3,Port 0x01: JJH Probe  s/n:3E4C880C,868858288,1781706571.468550840,1,Too Few Markers,-3.697314E28,-3.697314E28,-3.697314E28,-3.697314E28,-3.697314E28,-3.697314E28,-3.697314E28,0.0000000,3,Missing,-3.697314E28,-3.697314E28,-3.697314E28,Missing,-3.697314E28,-3.697314E28,-3.697314E28,Missing,-3.697314E28,-3.697314E28,-3.697314E28,Port 0x02: JJH T tibia tracker  s/n:3E4C8800,868858288,1781706571.468550840,1,OK,0.9620753,0.0558059,-0.0948795,0.2495891,35.677,52.020,-1625.921,0.3576136,3,OK,35.923,51.698,-1625.933,OK,50.354,-41.880,-1638.485,OK,-41.516,9.831,-1644.850,Port 0x03: JJH Y femur tracker  s/n:3E4C8801,868858288,1781706571.468550840,1,OK,0.6415935,-0.4957181,-0.2193909,0.5426683,-213.193,19.678,-1665.116,0.5064006,3,OK,-213.142,20.008,-1665.334,OK,-270.091,-39.913,-1720.699,OK,-242.556,-66.025,-1640.753
3,Port 0x01: JJH Probe  s/n:3E4C880C,868858291,1781706571.518550840,1,Too Few Markers,-3.697314E28,-3.697314E28,-3.697314E28,-3.697314E28,-3.697314E28,-3.697314E28,-3.697314E28,0.0000000,3,Missing,-3.697314E28,-3.697314E28,-3.697314E28,Missing,-3.697314E28,-3.697314E28,-3.697314E28,Missing,-3.697314E28,-3.697314E28,-3.697314E28,Port 0x02: JJH T tibia tracker  s/n:3E4C8800,868858291,1781706571.518550840,1,OK,0.9618680,0.0580749,-0.0960848,0.2494091,35.454,52.176,-1626.353,0.3555329,3,OK,35.712,51.871,-1626.362,OK,50.146,-41.666,-1639.373,OK,-41.723,10.066,-1645.591,Port 0x03: JJH Y femur tracker  s/n:3E4C8801,868858291,1781706571.518550840,1,OK,0.6424078,-0.4914572,-0.2155175,0.5471145,-213.919,19.458,-1663.992,0.5020877,3,OK,-213.874,19.796,-1664.221,OK,-271.424,-40.289,-1718.729,OK,-242.699,-66.338,-1639.241
3,Port 0x01: JJH Probe  s/n:3E4C880C,868858294,1781706571.568550842,1,Too Few Markers,-3.697314E28,-3.697314E28,-3.697314E28,-3.697314E28,-3.697314E28,-3.697314E28,-3.697314E28,0.0000000,3,Missing,-3.697314E28,-3.697314E28,-3.697314E28,Missing,-3.697314E28,-3.697314E28,-3.697314E28,Missing,-3.697314E28,-3.697314E28,-3.697314E28,Port 0x02: JJH T tibia tracker  s/n:3E4C8800,868858294,1781706571.568550842,1,OK,0.9617180,0.0596830,-0.0969655,0.2492673,35.189,52.392,-1627.059,0.3560275,3,OK,35.438,52.076,-1627.072,OK,49.898,-41.399,-1640.400,OK,-41.963,10.360,-1646.514,Port 0x03: JJH Y femur tracker  s/n:3E4C8801,868858294,1781706571.568550842,1,OK,0.6441557,-0.4846565,-0.2092367,0.5535264,-215.121,19.222,-1662.150,0.5093445,3,OK,-215.077,19.567,-1662.376,OK,-273.671,-40.662,-1715.640,OK,-243.068,-66.687,-1636.820
3,Port 0x01: JJH Probe  s/n:3E4C880C,868858297,1781706571.618550842,1,Too Few Markers,-3.697314E28,-3.697314E28,-3.697314E28,-3.697314E28,-3.697314E28,-3.697314E28,-3.697314E28,0.0000000,3,Missing,-3.697314E28,-3.697314E28,-3.697314E28,Missing,-3.697314E28,-3.697314E28,-3.697314E28,Missing,-3.697314E28,-3.697314E28,-3.697314E28,Port 0x02: JJH T tibia tracker  s/n:3E4C8800,868858297,1781706571.618550842,1,OK,0.9615575,0.0630335,-0.0975544,0.2488313,34.831,52.635,-1627.887,0.3544957,3,OK,35.082,52.323,-1627.901,OK,49.514,-41.068,-1641.878,OK,-42.341,10.749,-1647.587,Port 0x03: JJH Y femur tracker  s/n:3E4C8801,868858297,1781706571.618550842,1,OK,0.6466130,-0.4754196,-0.2011581,0.5616077,-216.686,18.941,-1659.550,0.5057297,3,OK,-216.617,19.303,-1659.734,OK,-276.612,-41.099,-1711.456,OK,-243.545,-67.099,-1633.577
3,Port 0x01: JJH Probe  s/n:3E4C880C,868858300,1781706571.668550842,1,Too Few Markers,-3.697314E28,-3.697314E28,-3.697314E28,-3.697314E28,-3.697314E28,-3.697314E28,-3.697314E28,0.0000000,3,Missing,-3.697314E28,-3.697314E28,-3.697314E28,Missing,-3.697314E28,-3.697314E28,-3.697314E28,Missing,-3.697314E28,-3.697314E28,-3.697314E28,Port 0x02: JJH T tibia tracker  s/n:3E4C8800,868858300,1781706571.668550842,1,OK,0.9613039,0.0673597,-0.0990717,0.2480773,34.432,52.901,-1629.141,0.3627285,3,OK,34.689,52.582,-1629.158,OK,49.063,-40.669,-1643.987,OK,-42.759,11.249,-1649.284,Port 0x03: JJH Y femur tracker  s/n:3E4C8801,868858300,1781706571.668550842,1,OK,0.6489208,-0.4643442,-0.1906547,0.5717841,-218.357,18.530,-1656.486,0.5193232,3,OK,-218.291,18.907,-1656.675,OK,-279.845,-41.782,-1706.213,OK,-243.814,-67.672,-1629.599
3,Port 0x01: JJH Probe  s/n:3E4C880C,868858303,1781706571.718550842,1,Too Few Markers,-3.697314E28,-3.697314E28,-3.697314E28,-3.697314E28,-3.697314E28,-3.697314E28,-3.697314E28,0.0000000,3,Missing,-3.697314E28,-3.697314E28,-3.697314E28,Missing,-3.697314E28,-3.697314E28,-3.697314E28,Missing,-3.697314E28,-3.697314E28,-3.697314E28,Port 0x02: JJH T tibia tracker  s/n:3E4C8800,868858303,1781706571.718550842,1,OK,0.9609657,0.0727685,-0.1007895,0.2471663,33.800,53.315,-1630.365,0.3602011,3,OK,34.057,53.000,-1630.384,OK,48.365,-40.090,-1646.276,OK,-43.405,11.951,-1651.027,Port 0x03: JJH Y femur tracker  s/n:3E4C8801,868858303,1781706571.718550842,1,OK,0.6516310,-0.4509738,-0.1794242,0.5829293,-220.223,18.166,-1652.799,0.4840923,3,OK,-220.143,18.559,-1652.966,OK,-283.347,-42.432,-1700.090,OK,-244.059,-68.231,-1625.193
3,Port 0x01: JJH Probe  s/n:3E4C880C,868858306,1781706571.768596532,1,Too Few Markers,-3.697314E28,-3.697314E28,-3.697314E28,-3.697314E28,-3.697314E28,-3.697314E28,-3.697314E28,0.0000000,3,Missing,-3.697314E28,-3.697314E28,-3.697314E28,Missing,-3.697314E28,-3.697314E28,-3.697314E28,Missing,-3.697314E28,-3.697314E28,-3.697314E28,Port 0x02: JJH T tibia tracker  s/n:3E4C8800,868858306,1781706571.768596532,1,OK,0.9606042,0.0775188,-0.1027715,0.2463098,33.150,53.620,-1631.754,0.3700837,3,OK,33.414,53.297,-1631.777,OK,47.660,-39.616,-1648.607,OK,-44.064,12.530,-1652.953,Port 0x03: JJH Y femur tracker  s/n:3E4C8801,868858306,1781706571.768596532,1,OK,0.6538154,-0.4364792,-0.1664882,0.5952252,-222.074,17.573,-1648.673,0.5158745,3,OK,-221.989,17.985,-1648.833,OK,-286.903,-43.413,-1693.174,OK,-244.003,-69.039,-1620.103
3,Port 0x01: JJH Probe  s/n:3E4C880C,868858309,1781706571.818596532,1,Too Few Markers,-3.697314E28,-3.697314E28,-3.697314E28,-3.697314E28,-3.697314E28,-3.697314E28,-3.697314E28,0.0000000,3,Missing,-3.697314E28,-3.697314E28,-3.697314E28,Missing,-3.697314E28,-3.697314E28,-3.697314E28,Missing,-3.697314E28,-3.697314E28,-3.697314E28,Port 0x02: JJH T tibia tracker  s/n:3E4C8800,868858309,1781706571.818596532,1,OK,0.9603626,0.0818587,-0.1038135,0.2454091,32.379,54.012,-1633.047,0.3556802,3,OK,32.626,53.695,-1633.075,OK,46.809,-39.094,-1650.751,OK,-44.864,13.194,-1654.596,Port 0x03: JJH Y femur tracker  s/n:3E4C8801,868858309,1781706571.818596532,1,OK,0.6561785,-0.4198834,-0.1521586,0.6082560,-223.935,17.063,-1644.066,0.4953883,3,OK,-223.833,17.504,-1644.215,OK,-290.487,-44.341,-1685.349,OK,-243.800,-69.756,-1614.693
3,Port 0x01: JJH Probe  s/n:3E4C880C,868858312,1781706571.868596532,1,Too Few Markers,-3.697314E28,-3.697314E28,-3.697314E28,-3.697314E28,-3.697314E28,-3.697314E28,-3.697314E28,0.0000000,3,Missing,-3.697314E28,-3.697314E28,-3.697314E28,Missing,-3.697314E28,-3.697314E28,-3.697314E28,Missing,-3.697314E28,-3.697314E28,-3.697314E28,Port 0x02: JJH T tibia tracker  s/n:3E4C8800,868858312,1781706571.868596532,1,OK,0.9602261,0.0840213,-0.1043687,0.2449763,31.622,54.232,-1633.932,0.3582144,3,OK,31.859,53.900,-1633.966,OK,46.013,-38.791,-1652.057,OK,-45.629,13.550,-1655.660,Port 0x03: JJH Y femur tracker  s/n:3E4C8801,868858312,1781706571.868596532,1,OK,0.6580988,-0.4022032,-0.1370480,0.6215757,-225.637,16.368,-1639.033,0.4784324,3,OK,-225.525,16.834,-1639.176,OK,-293.794,-45.504,-1676.848,OK,-243.275,-70.656,-1608.916
3,Port 0x01: JJH Probe  s/n:3E4C880C,868858315,1781706571.918596532,1,Too Few Markers,-3.697314E28,-3.697314E28,-3.697314E28,-3.697314E28,-3.697314E28,-3.697314E28,-3.697314E28,0.0000000,3,Missing,-3.697314E28,-3.697314E28,-3.697314E28,Missing,-3.697314E28,-3.697314E28,-3.697314E28,Missing,-3.697314E28,-3.697314E28,-3.697314E28,Port 0x02: JJH T tibia tracker  s/n:3E4C8800,868858315,1781706571.918596532,1,OK,0.9602721,0.0853342,-0.1048825,0.2441214,30.733,54.132,-1634.472,0.3484874,3,OK,30.967,53.814,-1634.504,OK,44.997,-38.875,-1652.871,OK,-46.578,13.631,-1656.335,Port 0x03: JJH Y femur tracker  s/n:3E4C8801,868858315,1781706571.918596532,1,OK,0.6592504,-0.3841259,-0.1217979,0.6348240,-227.039,15.630,-1633.884,0.4934535,3,OK,-226.912,16.124,-1634.019,OK,-296.613,-46.789,-1668.159,OK,-242.288,-71.604,-1603.071
3,Port 0x01: JJH Probe  s/n:3E4C880C,868858318,1781706571.968596532,1,Too Few Markers,-3.697314E28,-3.697314E28,-3.697314E28,-3.697314E28,-3.697314E28,-3.697314E28,-3.697314E28,0.0000000,3,Missing,-3.697314E28,-3.697314E28,-3.697314E28,Missing,-3.697314E28,-3.697314E28,-3.697314E28,Missing,-3.697314E28,-3.697314E28,-3.697314E28,Port 0x02: JJH T tibia tracker  s/n:3E4C8800,868858318,1781706571.968596532,1,OK,0.9605200,0.0848411,-0.1056610,0.2429796,29.886,53.958,-1634.745,0.3569313,3,OK,30.137,53.644,-1634.773,OK,43.934,-39.085,-1653.088,OK,-47.507,13.634,-1656.713,Port 0x03: JJH Y femur tracker  s/n:3E4C8801,868858318,1781706571.968596532,1,OK,0.6603810,-0.3659721,-0.1066593,0.6469816,-228.263,15.145,-1628.792,0.4968508,3,OK,-228.117,15.652,-1628.913,OK,-299.113,-47.737,-1659.547,OK,-241.232,-72.259,-1597.475
3,Port 0x01: JJH Probe  s/n:3E4C880C,868858321,1781706572.018632215,1,Too Few Markers,-3.697314E28,-3.697314E28,-3.697314E28,-3.697314E28,-3.697314E28,-3.697314E28,-3.697314E28,0.0000000,3,Missing,-3.697314E28,-3.697314E28,-3.697314E28,Missing,-3.697314E28,-3.697314E28,-3.697314E28,Missing,-3.697314E28,-3.697314E28,-3.697314E28,Port 0x02: JJH T tibia tracker  s/n:3E4C8800,868858321,1781706572.018632215,1,OK,0.9604030,0.0838343,-0.1056394,0.2437996,29.587,53.324,-1635.020,0.3580613,3,OK,29.838,53.008,-1635.047,OK,43.782,-39.737,-1653.158,OK,-47.738,12.847,-1656.949,Port 0x03: JJH Y femur tracker  s/n:3E4C8801,868858321,1781706572.018632215,1,OK,0.6604693,-0.3483831,-0.0916482,0.6587945,-229.029,14.064,-1623.952,0.5009540,3,OK,-228.881,14.602,-1624.083,OK,-300.826,-49.386,-1651.112,OK,-239.688,-73.489,-1592.167
3,Port 0x01: JJH Probe  s/n:3E4C880C,868858324,1781706572.068632215,1,Too Few Markers,-3.697314E28,-3.697314E28,-3.697314E28,-3.697314E28,-3.697314E28,-3.697314E28,-3.697314E28,0.0000000,3,Missing,-3.697314E28,-3.697314E28,-3.697314E28,Missing,-3.697314E28,-3.697314E28,-3.697314E28,Missing,-3.697314E28,-3.697314E28,-3.697314E28,Port 0x02: JJH T tibia tracker  s/n:3E4C8800,868858324,1781706572.068632215,1,OK,0.9605509,0.0821684,-0.1053549,0.2439072,28.809,53.432,-1634.920,0.3548671,3,OK,29.063,53.124,-1634.945,OK,42.991,-39.698,-1652.742,OK,-48.518,12.890,-1656.734,Port 0x03: JJH Y femur tracker  s/n:3E4C8801,868858324,1781706572.068632215,1,OK,0.6603543,-0.3316079,-0.0773811,0.6693135,-229.618,13.521,-1619.204,0.5091935,3,OK,-229.478,14.076,-1619.345,OK,-302.181,-50.418,-1642.960,OK,-238.113,-74.156,-1587.076
3,Port 0x01: JJH Probe  s/n:3E4C880C,868858327,1781706572.118632215,1,Too Few Markers,-3.697314E28,-3.697314E28,-3.697314E28,-3.697314E28,-3.697314E28,-3.697314E28,-3.697314E28,0.0000000,3,Missing,-3.697314E28,-3.697314E28,-3.697314E28,Missing,-3.697314E28,-3.697314E28,-3.697314E28,Missing,-3.697314E28,-3.697314E28,-3.697314E28,Port 0x02: JJH T tibia tracker  s/n:3E4C8800,868858327,1781706572.118632215,1,OK,0.9603587,0.0838865,-0.1057292,0.2439173,28.148,53.447,-1635.468,0.3461903,3,OK,28.376,53.126,-1635.500,OK,42.366,-39.612,-1653.617,OK,-49.138,12.963,-1657.410,Port 0x03: JJH Y femur tracker  s/n:3E4C8801,868858327,1781706572.118632215,1,OK,0.6599190,-0.3141731,-0.0636917,0.6795186,-229.896,12.641,-1614.537,0.4776828,3,OK,-229.754,13.207,-1614.679,OK,-302.962,-51.834,-1634.909,OK,-236.248,-75.154,-1582.366
3,Port 0x01: JJH Probe  s/n:3E4C880C,868858330,1781706572.168632215,1,Too Few Markers,-3.697314E28,-3.697314E28,-3.697314E28,-3.697314E28,-3.697314E28,-3.697314E28,-3.697314E28,0.0000000,3,Missing,-3.697314E28,-3.697314E28,-3.697314E28,Missing,-3.697314E28,-3.697314E28,-3.697314E28,Missing,-3.697314E28,-3.697314E28,-3.697314E28,Port 0x02: JJH T tibia tracker  s/n:3E4C8800,868858330,1781706572.168632215,1,OK,0.9601278,0.0864864,-0.1066051,0.2435367,27.534,53.331,-1636.088,0.3447509,3,OK,27.769,53.018,-1636.119,OK,41.730,-39.629,-1654.749,OK,-49.748,12.975,-1658.287,Port 0x03: JJH Y femur tracker  s/n:3E4C8801,868858330,1781706572.168632215,1,OK,0.6589216,-0.2981042,-0.0507619,0.6887521,-229.995,11.832,-1610.079,0.4858445,3,OK,-229.845,12.415,-1610.223,OK,-303.426,-53.173,-1627.304,OK,-234.262,-76.059,-1577.839
3,Port 0x01: JJH Probe  s/n:3E4C880C,868858333,1781706572.218632215,1,Too Few Markers,-3.697314E28,-3.697314E28,-3.697314E28,-3.697314E28,-3.697314E28,-3.697314E28,-3.697314E28,0.0000000,3,Missing,-3.697314E28,-3.697314E28,-3.697314E28,Missing,-3.697314E28,-3.697314E28,-3.697314E28,Missing,-3.697314E28,-3.697314E28,-3.697314E28,Port 0x02: JJH T tibia tracker  s/n:3E4C8800,868858333,1781706572.218632215,1,OK,0.9599254,0.0881686,-0.1076759,0.2432601,26.697,53.599,-1636.283,0.3423285,3,OK,26.940,53.300,-1636.311,OK,40.887,-39.297,-1655.286,OK,-50.572,13.341,-1658.735,Port 0x03: JJH Y femur tracker  s/n:3E4C8801,868858333,1781706572.218632215,1,OK,0.6578243,-0.2824406,-0.0379560,0.6971756,-229.863,11.207,-1605.742,0.4849550,3,OK,-229.718,11.796,-1605.889,OK,-303.537,-54.268,-1619.864,OK,-232.169,-76.750,-1573.499
3,Port 0x01: JJH Probe  s/n:3E4C880C,868858336,1781706572.268632215,1,Too Few Markers,-3.697314E28,-3.697314E28,-3.697314E28,-3.697314E28,-3.697314E28,-3.697314E28,-3.697314E28,0.0000000,3,Missing,-3.697314E28,-3.697314E28,-3.697314E28,Missing,-3.697314E28,-3.697314E28,-3.697314E28,Missing,-3.697314E28,-3.697314E28,-3.697314E28,Port 0x02: JJH T tibia tracker  s/n:3E4C8800,868858336,1781706572.268632215,1,OK,0.9598223,0.0892501,-0.1078727,0.2431851,26.126,53.523,-1636.785,0.3458728,3,OK,26.365,53.213,-1636.816,OK,40.330,-39.325,-1655.992,OK,-51.143,13.314,-1659.313,Port 0x03: JJH Y femur tracker  s/n:3E4C8801,868858336,1781706572.268632215,1,OK,0.6564655,-0.2673368,-0.0261803,0.7049104,-229.584,10.462,-1601.618,0.4854159,3,OK,-229.429,11.057,-1601.762,OK,-303.361,-55.490,-1612.870,OK,-230.002,-77.557,-1569.512
3,Port 0x01: JJH Probe  s/n:3E4C880C,868858339,1781706572.318632215,1,Too Few Markers,-3.697314E28,-3.697314E28,-3.697314E28,-3.697314E28,-3.697314E28,-3.697314E28,-3.697314E28,0.0000000,3,Missing,-3.697314E28,-3.697314E28,-3.697314E28,Missing,-3.697314E28,-3.697314E28,-3.697314E28,Missing,-3.697314E28,-3.697314E28,-3.697314E28,Port 0x02: JJH T tibia tracker  s/n:3E4C8800,868858339,1781706572.318632215,1,OK,0.9597730,0.0902908,-0.1077648,0.2430436,25.420,53.524,-1636.910,0.3345727,3,OK,25.646,53.220,-1636.944,OK,39.611,-39.297,-1656.315,OK,-51.856,13.367,-1659.459,Port 0x03: JJH Y femur tracker  s/n:3E4C8801,868858339,1781706572.318632215,1,OK,0.6548929,-0.2528038,-0.0151977,0.7120215,-229.155,9.790,-1597.730,0.4769228,3,OK,-228.991,10.384,-1597.870,OK,-302.888,-56.635,-1606.282,OK,-227.790,-78.276,-1565.870
3,Port 0x01: JJH Probe  s/n:3E4C880C,868858342,1781706572.368632215,1,Too Few Markers,-3.697314E28,-3.697314E28,-3.697314E28,-3.697314E28,-3.697314E28,-3.697314E28,-3.697314E28,0.0000000,3,Missing,-3.697314E28,-3.697314E28,-3.697314E28,Missing,-3.697314E28,-3.697314E28,-3.697314E28,Missing,-3.697314E28,-3.697314E28,-3.697314E28,Port 0x02: JJH T tibia tracker  s/n:3E4C8800,868858342,1781706572.368632215,1,OK,0.9598238,0.0891099,-0.1078433,0.2432439,24.930,53.501,-1636.849,0.3552100,3,OK,25.173,53.181,-1636.881,OK,39.136,-39.338,-1656.026,OK,-52.335,13.275,-1659.367,Port 0x03: JJH Y femur tracker  s/n:3E4C8801,868858342,1781706572.368632215,1,OK,0.6532396,-0.2402601,-0.0050943,0.7180022,-228.616,9.256,-1594.290,0.4865185,3,OK,-228.457,9.864,-1594.438,OK,-302.232,-57.569,-1600.398,OK,-225.691,-78.842,-1562.592
3,Port 0x01: JJH Probe  s/n:3E4C880C,868858345,1781706572.418632215,1,Too Few Markers,-3.697314E28,-3.697314E28,-3.697314E28,-3.697314E28,-3.697314E28,-3.697314E28,-3.697314E28,0.0000000,3,Missing,-3.697314E28,-3.697314E28,-3.697314E28,Missing,-3.697314E28,-3.697314E28,-3.697314E28,Missing,-3.697314E28,-3.697314E28,-3.697314E28,Port 0x02: JJH T tibia tracker  s/n:3E4C8800,868858345,1781706572.418632215,1,OK,0.9597884,0.0892919,-0.1079531,0.2432681,24.415,53.320,-1636.882,0.3467484,3,OK,24.654,53.010,-1636.914,OK,38.644,-39.527,-1656.097,OK,-52.851,13.105,-1659.427,Port 0x03: JJH Y femur tracker  s/n:3E4C8801,868858345,1781706572.418632215,1,OK,0.6514878,-0.2282792,0.0040731,0.7234886,-228.020,8.559,-1591.274,0.4772712,3,OK,-227.871,9.163,-1591.424,OK,-301.413,-58.657,-1595.142,OK,-223.633,-79.559,-1559.842
3,Port 0x01: JJH Probe  s/n:3E4C880C,868858348,1781706572.468632215,1,Too Few Markers,-3.697314E28,-3.697314E28,-3.697314E28,-3.697314E28,-3.697314E28,-3.697314E28,-3.697314E28,0.0000000,3,Missing,-3.697314E28,-3.697314E28,-3.697314E28,Missing,-3.697314E28,-3.697314E28,-3.697314E28,Missing,-3.697314E28,-3.697314E28,-3.697314E28,Port 0x02: JJH T tibia tracker  s/n:3E4C8800,868858348,1781706572.468632215,1,OK,0.9596819,0.0897345,-0.1085292,0.2432688,23.999,53.352,-1637.068,0.3581056,3,OK,24.242,53.027,-1637.103,OK,38.243,-39.454,-1656.374,OK,-53.241,13.155,-1659.730,Port 0x03: JJH Y femur tracker  s/n:3E4C8801,868858348,1781706572.468632215,1,OK,0.6498386,-0.2175397,0.0123300,0.7281718,-227.403,8.085,-1588.425,0.4772738,3,OK,-227.248,8.694,-1588.576,OK,-300.562,-59.484,-1590.291,OK,-221.735,-80.040,-1557.263
3,Port 0x01: JJH Probe  s/n:3E4C880C,868858351,1781706572.518632215,1,Too Few Markers,-3.697314E28,-3.697314E28,-3.697314E28,-3.697314E28,-3.697314E28,-3.697314E28,-3.697314E28,0.0000000,3,Missing,-3.697314E28,-3.697314E28,-3.697314E28,Missing,-3.697314E28,-3.697314E28,-3.697314E28,Missing,-3.697314E28,-3.697314E28,-3.697314E28,Port 0x02: JJH T tibia tracker  s/n:3E4C8800,868858351,1781706572.518632215,1,OK,0.9597248,0.0893928,-0.1082008,0.2433716,23.693,53.270,-1637.160,0.3513920,3,OK,23.932,52.951,-1637.194,OK,37.943,-39.557,-1656.395,OK,-53.546,13.042,-1659.752,Port 0x03: JJH Y femur tracker  s/n:3E4C8801,868858351,1781706572.518632215,1,OK,0.6481156,-0.2072946,0.0205334,0.7324981,-226.720,7.602,-1585.719,0.4812372,3,OK,-226.572,8.218,-1585.876,OK,-299.607,-60.281,-1585.624,OK,-219.821,-80.524,-1554.794
3,Port 0x01: JJH Probe  s/n:3E4C880C,868858354,1781706572.568632217,1,Too Few Markers,-3.697314E28,-3.697314E28,-3.697314E28,-3.697314E28,-3.697314E28,-3.697314E28,-3.697314E28,0.0000000,3,Missing,-3.697314E28,-3.697314E28,-3.697314E28,Missing,-3.697314E28,-3.697314E28,-3.697314E28,Missing,-3.697314E28,-3.697314E28,-3.697314E28,Port 0x02: JJH T tibia tracker  s/n:3E4C8800,868858354,1781706572.568632217,1,OK,0.9598752,0.0868070,-0.1077037,0.2439346,23.513,53.009,-1637.197,0.3642394,3,OK,23.750,52.668,-1637.234,OK,37.827,-39.898,-1655.925,OK,-53.703,12.628,-1659.601,Port 0x03: JJH Y femur tracker  s/n:3E4C8801,868858354,1781706572.568632217,1,OK,0.6460012,-0.1962580,0.0296855,0.7370780,-225.945,7.050,-1583.016,0.4938166,3,OK,-225.808,7.688,-1583.185,OK,-298.445,-61.187,-1580.743,OK,-217.724,-81.062,-1552.338
3,Port 0x01: JJH Probe  s/n:3E4C880C,868858357,1781706572.618632217,1,Too Few Markers,-3.697314E28,-3.697314E28,-3.697314E28,-3.697314E28,-3.697314E28,-3.697314E28,-3.697314E28,0.0000000,3,Missing,-3.697314E28,-3.697314E28,-3.697314E28,Missing,-3.697314E28,-3.697314E28,-3.697314E28,Missing,-3.697314E28,-3.697314E28,-3.697314E28,Port 0x02: JJH T tibia tracker  s/n:3E4C8800,868858357,1781706572.618632217,1,OK,0.9600558,0.0838722,-0.1074281,0.2443716,23.226,52.720,-1636.601,0.3641199,3,OK,23.483,52.400,-1636.628,OK,37.568,-40.300,-1654.770,OK,-53.976,12.179,-1658.845,Port 0x03: JJH Y femur tracker  s/n:3E4C8801,868858357,1781706572.618632217,1,OK,0.6438901,-0.1835577,0.0394705,0.7417238,-224.955,6.579,-1579.845,0.4902065,3,OK,-224.819,7.216,-1580.015,OK,-297.021,-62.000,-1575.256,OK,-215.337,-81.525,-1549.598
3,Port 0x01: JJH Probe  s/n:3E4C880C,868858360,1781706572.668670467,1,Too Few Markers,-3.697314E28,-3.697314E28,-3.697314E28,-3.697314E28,-3.697314E28,-3.697314E28,-3.697314E28,0.0000000,3,Missing,-3.697314E28,-3.697314E28,-3.697314E28,Missing,-3.697314E28,-3.697314E28,-3.697314E28,Missing,-3.697314E28,-3.697314E28,-3.697314E28,Port 0x02: JJH T tibia tracker  s/n:3E4C8800,868858360,1781706572.668670467,1,OK,0.9604459,0.0792089,-0.1054218,0.2452669,22.813,52.334,-1636.186,0.3547127,3,OK,23.051,52.008,-1636.214,OK,37.210,-40.859,-1653.428,OK,-54.370,11.513,-1657.893,Port 0x03: JJH Y femur tracker  s/n:3E4C8801,868858360,1781706572.668670467,1,OK,0.6410291,-0.1695464,0.0498134,0.7468964,-223.751,5.972,-1576.324,0.4855403,3,OK,-223.617,6.603,-1576.494,OK,-295.211,-63.053,-1569.279,OK,-212.509,-82.120,-1546.638
3,Port 0x01: JJH Probe  s/n:3E4C880C,868858363,1781706572.718670467,1,Too Few Markers,-3.697314E28,-3.697314E28,-3.697314E28,-3.697314E28,-3.697314E28,-3.697314E28,-3.697314E28,0.0000000,3,Missing,-3.697314E28,-3.697314E28,-3.697314E28,Missing,-3.697314E28,-3.697314E28,-3.697314E28,Missing,-3.697314E28,-3.697314E28,-3.697314E28,Port 0x02: JJH T tibia tracker  s/n:3E4C8800,868858363,1781706572.718670467,1,OK,0.9608641,0.0751123,-0.1033645,0.2457927,22.358,52.163,-1635.580,0.3508532,3,OK,22.580,51.827,-1635.611,OK,36.754,-41.182,-1652.006,OK,-54.848,11.140,-1656.763,Port 0x03: JJH Y femur tracker  s/n:3E4C8801,868858363,1781706572.718670467,1,OK,0.6379357,-0.1546045,0.0617296,0.7518809,-222.334,5.631,-1572.658,0.4914027,3,OK,-222.211,6.272,-1572.835,OK,-293.068,-63.795,-1562.849,OK,-209.456,-82.424,-1543.520
3,Port 0x01: JJH Probe  s/n:3E4C880C,868858366,1781706572.768670467,1,Too Few Markers,-3.697314E28,-3.697314E28,-3.697314E28,-3.697314E28,-3.697314E28,-3.697314E28,-3.697314E28,0.0000000,3,Missing,-3.697314E28,-3.697314E28,-3.697314E28,Missing,-3.697314E28,-3.697314E28,-3.697314E28,Missing,-3.697314E28,-3.697314E28,-3.697314E28,Port 0x02: JJH T tibia tracker  s/n:3E4C8800,868858366,1781706572.768670467,1,OK,0.9610205,0.0710904,-0.1032220,0.2464368,21.778,51.946,-1634.632,0.3586563,3,OK,22.008,51.606,-1634.659,OK,36.235,-41.513,-1650.287,OK,-55.382,10.726,-1655.626,Port 0x03: JJH Y femur tracker  s/n:3E4C8801,868858366,1781706572.768670467,1,OK,0.6344378,-0.1398308,0.0730743,0.7567008,-220.772,5.007,-1569.180,0.4934367,3,OK,-220.653,5.655,-1569.362,OK,-290.641,-64.870,-1556.742,OK,-206.265,-82.998,-1540.690
3,Port 0x01: JJH Probe  s/n:3E4C880C,868858369,1781706572.818670467,1,Too Few Markers,-3.697314E28,-3.697314E28,-3.697314E28,-3.697314E28,-3.697314E28,-3.697314E28,-3.697314E28,0.0000000,3,Missing,-3.697314E28,-3.697314E28,-3.697314E28,Missing,-3.697314E28,-3.697314E28,-3.697314E28,Missing,-3.697314E28,-3.697314E28,-3.697314E28,Port 0x02: JJH T tibia tracker  s/n:3E4C8800,868858369,1781706572.818670467,1,OK,0.9610953,0.0700648,-0.1028232,0.2466051,21.056,51.780,-1634.441,0.3585234,3,OK,21.288,51.441,-1634.466,OK,35.520,-41.712,-1649.893,OK,-56.104,10.500,-1655.324,Port 0x03: JJH Y femur tracker  s/n:3E4C8801,868858369,1781706572.818670467,1,OK,0.6309374,-0.1270131,0.0833559,0.7608136,-219.317,4.322,-1566.186,0.5045213,3,OK,-219.211,4.985,-1566.375,OK,-288.312,-65.962,-1551.401,OK,-203.344,-83.617,-1538.240
3,Port 0x01: JJH Probe  s/n:3E4C880C,868858372,1781706572.868670467,1,Too Few Markers,-3.697314E28,-3.697314E28,-3.697314E28,-3.697314E28,-3.697314E28,-3.697314E28,-3.697314E28,0.0000000,3,Missing,-3.697314E28,-3.697314E28,-3.697314E28,Missing,-3.697314E28,-3.697314E28,-3.697314E28,Missing,-3.697314E28,-3.697314E28,-3.697314E28,Port 0x02: JJH T tibia tracker  s/n:3E4C8800,868858372,1781706572.868670467,1,OK,0.9609818,0.0726343,-0.1033932,0.2460654,20.258,52.032,-1634.611,0.3496409,3,OK,20.490,51.708,-1634.636,OK,34.668,-41.395,-1650.569,OK,-56.929,10.904,-1655.698,Port 0x03: JJH Y femur tracker  s/n:3E4C8801,868858372,1781706572.868670467,1,OK,0.6279513,-0.1157843,0.0917734,0.7641000,-217.996,3.966,-1563.615,0.5052208,3,OK,-217.896,4.633,-1563.808,OK,-286.191,-66.662,-1546.917,OK,-200.824,-83.924,-1536.254
3,Port 0x01: JJH Probe  s/n:3E4C880C,868858375,1781706572.918670467,1,Too Few Markers,-3.697314E28,-3.697314E28,-3.697314E28,-3.697314E28,-3.697314E28,-3.697314E28,-3.697314E28,0.0000000,3,Missing,-3.697314E28,-3.697314E28,-3.697314E28,Missing,-3.697314E28,-3.697314E28,-3.697314E28,Missing,-3.697314E28,-3.697314E28,-3.697314E28,Port 0x02: JJH T tibia tracker  s/n:3E4C8800,868858375,1781706572.918670467,1,OK,0.9606709,0.0774433,-0.1046122,0.2452961,19.701,52.331,-1635.200,0.3416866,3,OK,19.937,52.025,-1635.223,OK,34.058,-40.949,-1652.099,OK,-57.508,11.448,-1656.695,Port 0x03: JJH Y femur tracker  s/n:3E4C8801,868858375,1781706572.918670467,1,OK,0.6254218,-0.1072201,0.0981346,0.7666296,-216.849,3.614,-1561.648,0.5037028,3,OK,-216.761,4.278,-1561.841,OK,-284.383,-67.295,-1543.515,OK,-198.712,-84.234,-1534.756
3,Port 0x01: JJH Probe  s/n:3E4C880C,868858378,1781706572.968670467,1,Too Few Markers,-3.697314E28,-3.697314E28,-3.697314E28,-3.697314E28,-3.697314E28,-3.697314E28,-3.697314E28,0.0000000,3,Missing,-3.697314E28,-3.697314E28,-3.697314E28,Missing,-3.697314E28,-3.697314E28,-3.697314E28,Missing,-3.697314E28,-3.697314E28,-3.697314E28,Port 0x02: JJH T tibia tracker  s/n:3E4C8800,868858378,1781706572.968670467,1,OK,0.9604043,0.0844344,-0.1057529,0.2435381,18.011,53.020,-1635.840,0.3541766,3,OK,18.245,52.692,-1635.873,OK,32.164,-40.019,-1654.097,OK,-59.312,12.608,-1657.807,Port 0x03: JJH Y femur tracker  s/n:3E4C8801,868858378,1781706572.968670467,1,OK,0.6231198,-0.0989721,0.1038449,0.7688579,-215.765,3.261,-1559.876,0.4970101,3,OK,-215.681,3.917,-1560.068,OK,-282.661,-67.911,-1540.457,OK,-196.777,-84.554,-1533.504
3,Port 0x01: JJH Probe  s/n:3E4C880C,868858381,1781706573.018700124,1,Too Few Markers,-3.697314E28,-3.697314E28,-3.697314E28,-3.697314E28,-3.697314E28,-3.697314E28,-3.697314E28,0.0000000,3,Missing,-3.697314E28,-3.697314E28,-3.697314E28,Missing,-3.697314E28,-3.697314E28,-3.697314E28,Missing,-3.697314E28,-3.697314E28,-3.697314E28,Port 0x02: JJH T tibia tracker  s/n:3E4C8800,868858381,1781706573.018700124,1,OK,0.9583585,0.1093858,-0.1112765,0.2391678,16.543,55.153,-1639.394,0.3565680,3,OK,16.769,54.815,-1639.449,OK,30.367,-36.845,-1662.478,OK,-60.928,16.168,-1663.276,Port 0x03: JJH Y femur tracker  s/n:3E4C8801,868858381,1781706573.018700124,1,OK,0.6216099,-0.0947164,0.1069757,0.7701858,-215.356,2.794,-1558.619,0.5015901,3,OK,-215.277,3.456,-1558.813,OK,-281.860,-68.551,-1538.498,OK,-195.856,-84.992,-1532.498
3,Port 0x01: JJH Probe  s/n:3E4C880C,868858384,1781706573.068700124,1,Too Few Markers,-3.697314E28,-3.697314E28,-3.697314E28,-3.697314E28,-3.697314E28,-3.697314E28,-3.697314E28,0.0000000,3,Missing,-3.697314E28,-3.697314E28,-3.697314E28,Missing,-3.697314E28,-3.697314E28,-3.697314E28,Missing,-3.697314E28,-3.697314E28,-3.697314E28,Port 0x02: JJH T tibia tracker  s/n:3E4C8800,868858384,1781706573.068700124,1,OK,0.9587439,0.1074107,-0.1111405,0.2385811,16.445,54.804,-1639.401,0.3490107,3,OK,16.681,54.488,-1639.447,OK,30.126,-37.322,-1662.132,OK,-61.097,15.856,-1663.175,Port 0x03: JJH Y femur tracker  s/n:3E4C8801,868858384,1781706573.068700124,1,OK,0.6203154,-0.0908048,0.1100432,0.7712677,-214.726,2.906,-1557.801,0.4951776,3,OK,-214.647,3.560,-1557.993,OK,-280.881,-68.570,-1537.004,OK,-194.794,-84.835,-1531.897
3,Port 0x01: JJH Probe  s/n:3E4C880C,868858387,1781706573.118700124,1,Too Few Markers,-3.697314E28,-3.697314E28,-3.697314E28,-3.697314E28,-3.697314E28,-3.697314E28,-3.697314E28,0.0000000,3,Missing,-3.697314E28,-3.697314E28,-3.697314E28,Missing,-3.697314E28,-3.697314E28,-3.697314E28,Missing,-3.697314E28,-3.697314E28,-3.697314E28,Port 0x02: JJH T tibia tracker  s/n:3E4C8800,868858387,1781706573.118700124,1,OK,0.9586833,0.1086731,-0.1113505,0.2381546,16.297,54.873,-1639.724,0.3580078,3,OK,16.532,54.543,-1639.775,OK,29.915,-37.186,-1662.698,OK,-61.269,16.029,-1663.578,Port 0x03: JJH Y femur tracker  s/n:3E4C8801,868858387,1781706573.118700124,1,OK,0.6196283,-0.0885324,0.1115745,0.7718639,-214.375,2.652,-1557.428,0.5003090,3,OK,-214.302,3.313,-1557.622,OK,-280.333,-68.900,-1536.290,OK,-194.207,-85.090,-1531.676
3,Port 0x01: JJH Probe  s/n:3E4C880C,868858390,1781706573.168700124,1,Too Few Markers,-3.697314E28,-3.697314E28,-3.697314E28,-3.697314E28,-3.697314E28,-3.697314E28,-3.697314E28,0.0000000,3,Missing,-3.697314E28,-3.697314E28,-3.697314E28,Missing,-3.697314E28,-3.697314E28,-3.697314E28,Missing,-3.697314E28,-3.697314E28,-3.697314E28,Port 0x02: JJH T tibia tracker  s/n:3E4C8800,868858390,1781706573.168700124,1,OK,0.9590959,0.1051938,-0.1097859,0.2387811,16.319,54.540,-1639.080,0.3428322,3,OK,16.535,54.214,-1639.131,OK,29.961,-37.696,-1661.371,OK,-61.236,15.480,-1662.531,Port 0x03: JJH Y femur tracker  s/n:3E4C8801,868858390,1781706573.168700124,1,OK,0.6190504,-0.0868714,0.1128042,0.7723374,-214.127,2.556,-1557.026,0.5021302,3,OK,-214.054,3.220,-1557.222,OK,-279.927,-69.060,-1535.617,OK,-193.774,-85.172,-1531.376
3,Port 0x01: JJH Probe  s/n:3E4C880C,868858393,1781706573.218700124,1,Too Few Markers,-3.697314E28,-3.697314E28,-3.697314E28,-3.697314E28,-3.697314E28,-3.697314E28,-3.697314E28,0.0000000,3,Missing,-3.697314E28,-3.697314E28,-3.697314E28,Missing,-3.697314E28,-3.697314E28,-3.697314E28,Missing,-3.697314E28,-3.697314E28,-3.697314E28,Port 0x02: JJH T tibia tracker  s/n:3E4C8800,868858393,1781706573.218700124,1,OK,0.9588488,0.1077323,-0.1108889,0.2381310,16.146,54.910,-1639.607,0.3578220,3,OK,16.364,54.564,-1639.665,OK,29.736,-37.194,-1662.397,OK,-61.427,16.048,-1663.339,Port 0x03: JJH Y femur tracker  s/n:3E4C8801,868858393,1781706573.218700124,1,OK,0.6186031,-0.0851168,0.1137611,0.7727508,-213.923,2.633,-1556.639,0.4968043,3,OK,-213.848,3.289,-1556.832,OK,-279.600,-69.041,-1535.012,OK,-193.403,-85.094,-1531.136
3,Port 0x01: JJH Probe  s/n:3E4C880C,868858396,1781706573.268700124,1,Too Few Markers,-3.697314E28,-3.697314E28,-3.697314E28,-3.697314E28,-3.697314E28,-3.697314E28,-3.697314E28,0.0000000,3,Missing,-3.697314E28,-3.697314E28,-3.697314E28,Missing,-3.697314E28,-3.697314E28,-3.697314E28,Missing,-3.697314E28,-3.697314E28,-3.697314E28,Port 0x02: JJH T tibia tracker  s/n:3E4C8800,868858396,1781706573.268700124,1,OK,0.9592207,0.1035134,-0.1100019,0.2389148,16.160,54.319,-1638.754,0.3581620,3,OK,16.401,53.994,-1638.799,OK,29.815,-37.984,-1660.733,OK,-61.405,15.193,-1662.182,Port 0x03: JJH Y femur tracker  s/n:3E4C8801,868858396,1781706573.268700124,1,OK,0.6176821,-0.0831383,0.1158324,0.7733950,-213.586,2.336,-1556.310,0.5031912,3,OK,-213.520,3.000,-1556.506,OK,-279.022,-69.411,-1534.240,OK,-192.793,-85.353,-1530.859
3,Port 0x01: JJH Probe  s/n:3E4C880C,868858399,1781706573.318700124,1,Too Few Markers,-3.697314E28,-3.697314E28,-3.697314E28,-3.697314E28,-3.697314E28,-3.697314E28,-3.697314E28,0.0000000,3,Missing,-3.697314E28,-3.697314E28,-3.697314E28,Missing,-3.697314E28,-3.697314E28,-3.697314E28,Missing,-3.697314E28,-3.697314E28,-3.697314E28,Port 0x02: JJH T tibia tracker  s/n:3E4C8800,868858399,1781706573.318700124,1,OK,0.9593817,0.1014257,-0.1098153,0.2392492,16.132,54.144,-1638.271,0.3591568,3,OK,16.369,53.814,-1638.316,OK,29.815,-38.246,-1659.852,OK,-61.410,14.912,-1661.585,Port 0x03: JJH Y femur tracker  s/n:3E4C8801,868858399,1781706573.318700124,1,OK,0.6166467,-0.0797672,0.1186229,0.7741529,-213.052,2.283,-1555.452,0.5070372,3,OK,-212.986,2.953,-1555.651,OK,-278.194,-69.548,-1532.782,OK,-191.919,-85.376,-1530.177
3,Port 0x01: JJH Probe  s/n:3E4C880C,868858402,1781706573.368700124,1,Too Few Markers,-3.697314E28,-3.697314E28,-3.697314E28,-3.697314E28,-3.697314E28,-3.697314E28,-3.697314E28,0.0000000,3,Missing,-3.697314E28,-3.697314E28,-3.697314E28,Missing,-3.697314E28,-3.697314E28,-3.697314E28,Missing,-3.697314E28,-3.697314E28,-3.697314E28,Port 0x02: JJH T tibia tracker  s/n:3E4C8800,868858402,1781706573.368700124,1,OK,0.9595523,0.1007693,-0.1090126,0.2392096,16.006,54.093,-1638.415,0.3585405,3,OK,16.231,53.751,-1638.465,OK,29.653,-38.332,-1659.858,OK,-61.561,14.842,-1661.561,Port 0x03: JJH Y femur tracker  s/n:3E4C8801,868858402,1781706573.368700124,1,OK,0.6151799,-0.0752633,0.1221804,0.7752168,-212.401,2.111,-1554.419,0.5124138,3,OK,-212.335,2.789,-1554.621,OK,-277.131,-69.853,-1530.980,OK,-190.801,-85.510,-1529.403
3,Port 0x01: JJH Probe  s/n:3E4C880C,868858405,1781706573.418700124,1,Too Few Markers,-3.697314E28,-3.697314E28,-3.697314E28,-3.697314E28,-3.697314E28,-3.697314E28,-3.697314E28,0.0000000,3,Missing,-3.697314E28,-3.697314E28,-3.697314E28,Missing,-3.697314E28,-3.697314E28,-3.697314E28,Missing,-3.697314E28,-3.697314E28,-3.697314E28,Port 0x02: JJH T tibia tracker  s/n:3E4C8800,868858405,1781706573.418700124,1,OK,0.9596366,0.0980084,-0.1094166,0.2398333,15.953,53.669,-1637.801,0.3525386,3,OK,16.202,53.361,-1637.836,OK,29.681,-38.875,-1658.732,OK,-61.560,14.239,-1660.919,Port 0x03: JJH Y femur tracker  s/n:3E4C8801,868858405,1781706573.418700124,1,OK,0.6132750,-0.0695226,0.1267144,0.7765332,-211.549,1.867,-1553.221,0.5063072,3,OK,-211.495,2.536,-1553.421,OK,-275.732,-70.251,-1528.814,OK,-189.352,-85.702,-1528.543
3,Port 0x01: JJH Probe  s/n:3E4C880C,868858408,1781706573.468700124,1,Too Few Markers,-3.697314E28,-3.697314E28,-3.697314E28,-3.697314E28,-3.697314E28,-3.697314E28,-3.697314E28,0.0000000,3,Missing,-3.697314E28,-3.697314E28,-3.697314E28,Missing,-3.697314E28,-3.697314E28,-3.697314E28,Missing,-3.697314E28,-3.697314E28,-3.697314E28,Port 0x02: JJH T tibia tracker  s/n:3E4C8800,868858408,1781706573.468700124,1,OK,0.9603570,0.0914299,-0.1065731,0.2408259,16.060,53.106,-1636.985,0.3590967,3,OK,16.281,52.758,-1637.031,OK,29.812,-39.702,-1656.612,OK,-61.455,13.320,-1659.350,Port 0x03: JJH Y femur tracker  s/n:3E4C8801,868858408,1781706573.468700124,1,OK,0.6111272,-0.0633588,0.1319456,0.7778815,-210.564,1.575,-1551.893,0.5207260,3,OK,-210.516,2.264,-1552.099,OK,-274.122,-70.709,-1526.378,OK,-187.732,-85.934,-1527.540
3,Port 0x01: JJH Probe  s/n:3E4C880C,868858411,1781706573.518700124,1,Too Few Markers,-3.697314E28,-3.697314E28,-3.697314E28,-3.697314E28,-3.697314E28,-3.697314E28,-3.697314E28,0.0000000,3,Missing,-3.697314E28,-3.697314E28,-3.697314E28,Missing,-3.697314E28,-3.697314E28,-3.697314E28,Missing,-3.697314E28,-3.697314E28,-3.697314E28,Port 0x02: JJH T tibia tracker  s/n:3E4C8800,868858411,1781706573.518700124,1,OK,0.9606367,0.0872761,-0.1059380,0.2415307,15.913,52.748,-1635.994,0.3535258,3,OK,16.154,52.428,-1636.026,OK,29.713,-40.226,-1654.824,OK,-61.575,12.719,-1658.092,Port 0x03: JJH Y femur tracker  s/n:3E4C8801,868858411,1781706573.518700124,1,OK,0.6089806,-0.0570443,0.1367864,0.7792163,-209.570,1.424,-1550.442,0.5210994,3,OK,-209.526,2.115,-1550.649,OK,-272.502,-71.038,-1523.905,OK,-186.109,-86.028,-1526.494
3,Port 0x01: JJH Probe  s/n:3E4C880C,868858414,1781706573.568700122,1,Too Few Markers,-3.697314E28,-3.697314E28,-3.697314E28,-3.697314E28,-3.697314E28,-3.697314E28,-3.697314E28,0.0000000,3,Missing,-3.697314E28,-3.697314E28,-3.697314E28,Missing,-3.697314E28,-3.697314E28,-3.697314E28,Missing,-3.697314E28,-3.697314E28,-3.697314E28,Port 0x02: JJH T tibia tracker  s/n:3E4C8800,868858414,1781706573.568700122,1,OK,0.9609389,0.0838086,-0.1052055,0.2418768,15.835,52.388,-1635.630,0.3563060,3,OK,16.065,52.054,-1635.665,OK,29.647,-40.721,-1653.790,OK,-61.657,12.225,-1657.460,Port 0x03: JJH Y femur tracker  s/n:3E4C8801,868858414,1781706573.568700122,1,OK,0.6066898,-0.0505558,0.1420847,0.7805021,-208.567,1.154,-1549.272,0.5254981,3,OK,-208.524,1.851,-1549.483,OK,-270.827,-71.482,-1521.629,OK,-184.460,-86.226,-1525.714
3,Port 0x01: JJH Probe  s/n:3E4C880C,868858417,1781706573.618700122,1,Too Few Markers,-3.697314E28,-3.697314E28,-3.697314E28,-3.697314E28,-3.697314E28,-3.697314E28,-3.697314E28,0.0000000,3,Missing,-3.697314E28,-3.697314E28,-3.697314E28,Missing,-3.697314E28,-3.697314E28,-3.697314E28,Missing,-3.697314E28,-3.697314E28,-3.697314E28,Port 0x02: JJH T tibia tracker  s/n:3E4C8800,868858417,1781706573.618700122,1,OK,0.9613193,0.0797025,-0.1038907,0.2423209,15.737,51.905,-1634.816,0.3541678,3,OK,15.969,51.574,-1634.847,OK,29.535,-41.358,-1652.176,OK,-61.759,11.546,-1656.254,Port 0x03: JJH Y femur tracker  s/n:3E4C8801,868858417,1781706573.618700122,1,OK,0.6044631,-0.0447072,0.1464688,0.7817752,-207.542,0.850,-1548.005,0.5308481,3,OK,-207.508,1.554,-1548.217,OK,-269.162,-71.976,-1519.448,OK,-182.822,-86.476,-1524.849
3,Port 0x01: JJH Probe  s/n:3E4C880C,868858420,1781706573.668700122,1,Too Few Markers,-3.697314E28,-3.697314E28,-3.697314E28,-3.697314E28,-3.697314E28,-3.697314E28,-3.697314E28,0.0000000,3,Missing,-3.697314E28,-3.697314E28,-3.697314E28,Missing,-3.697314E28,-3.697314E28,-3.697314E28,Missing,-3.697314E28,-3.697314E28,-3.697314E28,Port 0x02: JJH T tibia tracker  s/n:3E4C8800,868858420,1781706573.668700122,1,OK,0.9615947,0.0759505,-0.1032719,0.2426975,15.531,51.530,-1634.087,0.3478773,3,OK,15.763,51.211,-1634.113,OK,29.337,-41.877,-1650.727,OK,-61.964,11.018,-1655.266,Port 0x03: JJH Y femur tracker  s/n:3E4C8801,868858420,1781706573.668700122,1,OK,0.6023683,-0.0388402,0.1503834,0.7829615,-206.569,0.651,-1546.822,0.5146087,3,OK,-206.544,1.333,-1547.028,OK,-267.560,-72.361,-1517.455,OK,-181.293,-86.622,-1524.134
3,Port 0x01: JJH Probe  s/n:3E4C880C,868858423,1781706573.718700122,1,Too Few Markers,-3.697314E28,-3.697314E28,-3.697314E28,-3.697314E28,-3.697314E28,-3.697314E28,-3.697314E28,0.0000000,3,Missing,-3.697314E28,-3.697314E28,-3.697314E28,Missing,-3.697314E28,-3.697314E28,-3.697314E28,Missing,-3.697314E28,-3.697314E28,-3.697314E28,Port 0x02: JJH T tibia tracker  s/n:3E4C8800,868858423,1781706573.718700122,1,OK,0.9619237,0.0727317,-0.1026157,0.2426580,15.362,51.259,-1633.714,0.3615904,3,OK,15.595,50.918,-1633.742,OK,29.101,-42.249,-1649.735,OK,-62.164,10.676,-1654.645,Port 0x03: JJH Y femur tracker  s/n:3E4C8801,868858423,1781706573.718700122,1,OK,0.6004606,-0.0333062,0.1541193,0.7839547,-205.633,0.523,-1545.703,0.5025775,3,OK,-205.612,1.190,-1545.903,OK,-266.054,-72.647,-1515.568,OK,-179.846,-86.704,-1523.456
3,Port 0x01: JJH Probe  s/n:3E4C880C,868858426,1781706573.768700122,1,Too Few Markers,-3.697314E28,-3.697314E28,-3.697314E28,-3.697314E28,-3.697314E28,-3.697314E28,-3.697314E28,0.0000000,3,Missing,-3.697314E28,-3.697314E28,-3.697314E28,Missing,-3.697314E28,-3.697314E28,-3.697314E28,Missing,-3.697314E28,-3.697314E28,-3.697314E28,Port 0x02: JJH T tibia tracker  s/n:3E4C8800,868858426,1781706573.768700122,1,OK,0.9621176,0.0710360,-0.1021816,0.2425750,15.169,50.918,-1633.095,0.3604859,3,OK,15.402,50.579,-1633.121,OK,28.857,-42.655,-1648.790,OK,-62.380,10.304,-1653.879,Port 0x03: JJH Y femur tracker  s/n:3E4C8801,868858426,1781706573.768700122,1,OK,0.5983958,-0.0280375,0.1580782,0.7849507,-204.710,0.267,-1544.670,0.5081163,3,OK,-204.696,0.942,-1544.873,OK,-264.516,-73.066,-1513.734,OK,-178.407,-86.905,-1522.803
3,Port 0x01: JJH Probe  s/n:3E4C880C,868858429,1781706573.818700122,1,Too Few Markers,-3.697314E28,-3.697314E28,-3.697314E28,-3.697314E28,-3.697314E28,-3.697314E28,-3.697314E28,0.0000000,3,Missing,-3.697314E28,-3.697314E28,-3.697314E28,Missing,-3.697314E28,-3.697314E28,-3.697314E28,Missing,-3.697314E28,-3.697314E28,-3.697314E28,Port 0x02: JJH T tibia tracker  s/n:3E4C8800,868858429,1781706573.818700122,1,OK,0.9624889,0.0693652,-0.1007071,0.2422017,14.929,50.660,-1632.990,0.3577970,3,OK,15.148,50.311,-1633.020,OK,28.490,-42.987,-1648.349,OK,-62.696,10.055,-1653.445,Port 0x03: JJH Y femur tracker  s/n:3E4C8801,868858429,1781706573.818700122,1,OK,0.5965267,-0.0230523,0.1621043,0.7857141,-203.907,0.093,-1543.745,0.5119393,3,OK,-203.889,0.774,-1543.950,OK,-263.152,-73.364,-1511.998,OK,-177.141,-87.017,-1522.211
3,Port 0x01: JJH Probe  s/n:3E4C880C,868858432,1781706573.868700122,1,Too Few Markers,-3.697314E28,-3.697314E28,-3.697314E28,-3.697314E28,-3.697314E28,-3.697314E28,-3.697314E28,0.0000000,3,Missing,-3.697314E28,-3.697314E28,-3.697314E28,Missing,-3.697314E28,-3.697314E28,-3.697314E28,Missing,-3.697314E28,-3.697314E28,-3.697314E28,Port 0x02: JJH T tibia tracker  s/n:3E4C8800,868858432,1781706573.868700122,1,OK,0.9627565,0.0674094,-0.1005073,0.2417731,14.664,50.343,-1632.549,0.3601475,3,OK,14.903,50.010,-1632.571,OK,28.105,-43.383,-1647.546,OK,-63.023,9.749,-1652.889,Port 0x03: JJH Y femur tracker  s/n:3E4C8801,868858432,1781706573.868700122,1,OK,0.5948081,-0.0184724,0.1653202,0.7864676,-203.079,-0.005,-1542.880,0.5099450,3,OK,-203.067,0.673,-1543.085,OK,-261.803,-73.596,-1510.491,OK,-175.896,-87.074,-1521.710
3,Port 0x01: JJH Probe  s/n:3E4C880C,868858435,1781706573.918700122,1,Too Few Markers,-3.697314E28,-3.697314E28,-3.697314E28,-3.697314E28,-3.697314E28,-3.697314E28,-3.697314E28,0.0000000,3,Missing,-3.697314E28,-3.697314E28,-3.697314E28,Missing,-3.697314E28,-3.697314E28,-3.697314E28,Missing,-3.697314E28,-3.697314E28,-3.697314E28,Port 0x02: JJH T tibia tracker  s/n:3E4C8800,868858435,1781706573.918700122,1,OK,0.9630193,0.0666411,-0.1002630,0.2410396,14.389,49.984,-1632.200,0.3546460,3,OK,14.626,49.659,-1632.220,OK,27.665,-43.791,-1647.062,OK,-63.365,9.485,-1652.460,Port 0x03: JJH Y femur tracker  s/n:3E4C8801,868858435,1781706573.918700122,1,OK,0.5931982,-0.0144000,0.1682094,0.7871557,-202.365,-0.169,-1542.016,0.5007538,3,OK,-202.363,0.496,-1542.215,OK,-260.595,-73.876,-1509.059,OK,-174.803,-87.193,-1521.172
3,Port 0x01: JJH Probe  s/n:3E4C880C,868858438,1781706573.968700122,1,Too Few Markers,-3.697314E28,-3.697314E28,-3.697314E28,-3.697314E28,-3.697314E28,-3.697314E28,-3.697314E28,0.0000000,3,Missing,-3.697314E28,-3.697314E28,-3.697314E28,Missing,-3.697314E28,-3.697314E28,-3.697314E28,Missing,-3.697314E28,-3.697314E28,-3.697314E28,Port 0x02: JJH T tibia tracker  s/n:3E4C8800,868858438,1781706573.968700122,1,OK,0.9633172,0.0658681,-0.1000559,0.2401463,14.060,49.666,-1632.039,0.3517386,3,OK,14.299,49.348,-1632.057,OK,27.147,-44.162,-1646.769,OK,-63.781,9.291,-1652.225,Port 0x03: JJH Y femur tracker  s/n:3E4C8801,868858438,1781706573.968700122,1,OK,0.5916352,-0.0098322,0.1713852,0.7877171,-201.637,-0.301,-1541.238,0.4965581,3,OK,-201.632,0.360,-1541.437,OK,-259.387,-74.117,-1507.652,OK,-173.703,-87.286,-1520.765
3,Port 0x01: JJH Probe  s/n:3E4C880C,868858441,1781706574.018700122,1,Too Few Markers,-3.697314E28,-3.697314E28,-3.697314E28,-3.697314E28,-3.697314E28,-3.697314E28,-3.697314E28,0.0000000,3,Missing,-3.697314E28,-3.697314E28,-3.697314E28,Missing,-3.697314E28,-3.697314E28,-3.697314E28,Missing,-3.697314E28,-3.697314E28,-3.697314E28,Port 0x02: JJH T tibia tracker  s/n:3E4C8800,868858441,1781706574.018700122,1,OK,0.9636655,0.0649929,-0.0995855,0.2391806,13.755,49.413,-1631.833,0.3530274,3,OK,13.991,49.089,-1631.851,OK,26.634,-44.469,-1646.406,OK,-64.188,9.172,-1651.895,Port 0x03: JJH Y femur tracker  s/n:3E4C8801,868858441,1781706574.018700122,1,OK,0.5899823,-0.0062247,0.1743828,0.7883355,-200.877,-0.337,-1540.423,0.4987522,3,OK,-200.877,0.326,-1540.622,OK,-258.131,-74.262,-1506.255,OK,-172.576,-87.261,-1520.199
3,Port 0x01: JJH Probe  s/n:3E4C880C,868858444,1781706574.068700122,1,Too Few Markers,-3.697314E28,-3.697314E28,-3.697314E28,-3.697314E28,-3.697314E28,-3.697314E28,-3.697314E28,0.0000000,3,Missing,-3.697314E28,-3.697314E28,-3.697314E28,Missing,-3.697314E28,-3.697314E28,-3.697314E28,Missing,-3.697314E28,-3.697314E28,-3.697314E28,Port 0x02: JJH T tibia tracker  s/n:3E4C8800,868858444,1781706574.068700122,1,OK,0.9640873,0.0622987,-0.0986310,0.2385929,13.437,49.037,-1631.575,0.3627802,3,OK,13.671,48.696,-1631.595,OK,26.146,-44.935,-1645.629,OK,-64.593,8.826,-1651.356,Port 0x03: JJH Y femur tracker  s/n:3E4C8801,868858444,1781706574.068700122,1,OK,0.5880477,-0.0014495,0.1780067,0.7889939,-200.013,-0.520,-1539.529,0.5065926,3,OK,-200.015,0.154,-1539.732,OK,-256.679,-74.577,-1504.657,OK,-171.282,-87.391,-1519.670
3,Port 0x01: JJH Probe  s/n:3E4C880C,868858447,1781706574.118700122,1,Too Few Markers,-3.697314E28,-3.697314E28,-3.697314E28,-3.697314E28,-3.697314E28,-3.697314E28,-3.697314E28,0.0000000,3,Missing,-3.697314E28,-3.697314E28,-3.697314E28,Missing,-3.697314E28,-3.697314E28,-3.697314E28,Missing,-3.697314E28,-3.697314E28,-3.697314E28,Port 0x02: JJH T tibia tracker  s/n:3E4C8800,868858447,1781706574.118700122,1,OK,0.9644816,0.0609837,-0.0977969,0.2376805,13.060,48.640,-1631.148,0.3639111,3,OK,13.301,48.305,-1631.165,OK,25.555,-45.399,-1644.954,OK,-65.085,8.535,-1650.727,Port 0x03: JJH Y femur tracker  s/n:3E4C8801,868858447,1781706574.118700122,1,OK,0.5861292,0.0031364,0.1814417,0.7896339,-199.125,-0.647,-1538.368,0.5025171,3,OK,-199.136,0.020,-1538.567,OK,-255.200,-74.825,-1502.841,OK,-169.978,-87.460,-1518.871
3,Port 0x01: JJH Probe  s/n:3E4C880C,868858450,1781706574.168700122,1,Too Few Markers,-3.697314E28,-3.697314E28,-3.697314E28,-3.697314E28,-3.697314E28,-3.697314E28,-3.697314E28,0.0000000,3,Missing,-3.697314E28,-3.697314E28,-3.697314E28,Missing,-3.697314E28,-3.697314E28,-3.697314E28,Missing,-3.697314E28,-3.697314E28,-3.697314E28,Port 0x02: JJH T tibia tracker  s/n:3E4C8800,868858450,1781706574.168700122,1,OK,0.9649686,0.0601273,-0.0964569,0.2364664,12.623,48.218,-1630.887,0.3595366,3,OK,12.854,47.880,-1630.906,OK,24.844,-45.886,-1644.525,OK,-65.666,8.278,-1650.190,Port 0x03: JJH Y femur tracker  s/n:3E4C8801,868858450,1781706574.168700122,1,OK,0.5838277,0.0088919,0.1860714,0.7902174,-198.100,-0.842,-1537.162,0.5082279,3,OK,-198.110,-0.166,-1537.365,OK,-253.453,-75.141,-1500.752,OK,-168.468,-87.582,-1518.085
3,Port 0x01: JJH Probe  s/n:3E4C880C,868858453,1781706574.218700122,1,Too Few Markers,-3.697314E28,-3.697314E28,-3.697314E28,-3.697314E28,-3.697314E28,-3.697314E28,-3.697314E28,0.0000000,3,Missing,-3.697314E28,-3.697314E28,-3.697314E28,Missing,-3.697314E28,-3.697314E28,-3.697314E28,Missing,-3.697314E28,-3.697314E28,-3.697314E28,Port 0x02: JJH T tibia tracker  s/n:3E4C8800,868858453,1781706574.218700122,1,OK,0.9653441,0.0611472,-0.0952915,0.2351412,11.987,47.707,-1629.957,0.3510776,3,OK,12.223,47.388,-1629.973,OK,23.933,-46.412,-1643.786,OK,-66.451,7.977,-1649.094,Port 0x03: JJH Y femur tracker  s/n:3E4C8801,868858453,1781706574.218700122,1,OK,0.5818616,0.0135040,0.1897481,0.7907277,-197.303,-1.102,-1534.885,0.5023688,3,OK,-197.326,-0.436,-1535.083,OK,-252.046,-75.496,-1497.788,OK,-167.256,-87.780,-1516.158
3,Port 0x01: JJH Probe  s/n:3E4C880C,868858456,1781706574.268700122,1,Too Few Markers,-3.697314E28,-3.697314E28,-3.697314E28,-3.697314E28,-3.697314E28,-3.697314E28,-3.697314E28,0.0000000,3,Missing,-3.697314E28,-3.697314E28,-3.697314E28,Missing,-3.697314E28,-3.697314E28,-3.697314E28,Missing,-3.697314E28,-3.697314E28,-3.697314E28,Port 0x02: JJH T tibia tracker  s/n:3E4C8800,868858456,1781706574.268700122,1,OK,0.9657000,0.0613305,-0.0932029,0.2344683,11.348,46.962,-1627.889,0.3551652,3,OK,11.591,46.643,-1627.904,OK,23.121,-47.174,-1641.717,OK,-67.221,7.308,-1646.670,Port 0x03: JJH Y femur tracker  s/n:3E4C8801,868858456,1781706574.268700122,1,OK,0.5809617,0.0162895,0.1917960,0.7908429,-197.163,-1.687,-1532.010,0.5107553,3,OK,-197.181,-1.008,-1532.214,OK,-251.599,-76.124,-1494.526,OK,-166.941,-88.350,-1513.502
3,Port 0x01: JJH Probe  s/n:3E4C880C,868858459,1781706574.318700122,1,Too Few Markers,-3.697314E28,-3.697314E28,-3.697314E28,-3.697314E28,-3.697314E28,-3.697314E28,-3.697314E28,0.0000000,3,Missing,-3.697314E28,-3.697314E28,-3.697314E28,Missing,-3.697314E28,-3.697314E28,-3.697314E28,Missing,-3.697314E28,-3.697314E28,-3.697314E28,Port 0x02: JJH T tibia tracker  s/n:3E4C8800,868858459,1781706574.318700122,1,OK,0.9660802,0.0606439,-0.0899414,0.2343543,10.906,46.584,-1625.700,0.3605802,3,OK,11.143,46.250,-1625.719,OK,22.585,-47.582,-1639.327,OK,-67.774,6.892,-1643.889,Port 0x03: JJH Y femur tracker  s/n:3E4C8801,868858459,1781706574.318700122,1,OK,0.5804488,0.0178236,0.1934148,0.7907922,-197.154,-2.046,-1528.850,0.5100109,3,OK,-197.172,-1.368,-1529.054,OK,-251.405,-76.466,-1491.062,OK,-166.831,-88.686,-1510.411
3,Port 0x01: JJH Probe  s/n:3E4C880C,868858462,1781706574.368700122,1,Too Few Markers,-3.697314E28,-3.697314E28,-3.697314E28,-3.697314E28,-3.697314E28,-3.697314E28,-3.697314E28,0.0000000,3,Missing,-3.697314E28,-3.697314E28,-3.697314E28,Missing,-3.697314E28,-3.697314E28,-3.697314E28,Missing,-3.697314E28,-3.697314E28,-3.697314E28,Port 0x02: JJH T tibia tracker  s/n:3E4C8800,868858462,1781706574.368700122,1,OK,0.9661182,0.0613870,-0.0888917,0.2344045,10.536,46.121,-1623.600,0.3583975,3,OK,10.780,45.798,-1623.617,OK,22.214,-48.036,-1637.343,OK,-68.181,6.414,-1641.641,Port 0x03: JJH Y femur tracker  s/n:3E4C8801,868858462,1781706574.368700122,1,OK,0.5797967,0.0193136,0.1947205,0.7909151,-197.071,-2.568,-1525.967,0.5044983,3,OK,-197.088,-1.897,-1526.170,OK,-251.123,-77.013,-1487.935,OK,-166.616,-89.177,-1507.633
3,Port 0x01: JJH Probe  s/n:3E4C880C,868858465,1781706574.418700122,1,Too Few Markers,-3.697314E28,-3.697314E28,-3.697314E28,-3.697314E28,-3.697314E28,-3.697314E28,-3.697314E28,0.0000000,3,Missing,-3.697314E28,-3.697314E28,-3.697314E28,Missing,-3.697314E28,-3.697314E28,-3.697314E28,Missing,-3.697314E28,-3.697314E28,-3.697314E28,Port 0x02: JJH T tibia tracker  s/n:3E4C8800,868858465,1781706574.418700122,1,OK,0.9662694,0.0604566,-0.0878417,0.2344191,10.493,45.847,-1623.097,0.3512404,3,OK,10.733,45.532,-1623.113,OK,22.136,-48.347,-1636.643,OK,-68.249,6.103,-1640.917,Port 0x03: JJH Y femur tracker  s/n:3E4C8801,868858465,1781706574.418700122,1,OK,0.5774609,0.0245086,0.1984751,0.7915465,-195.908,-2.909,-1524.674,0.5062511,3,OK,-195.921,-2.235,-1524.880,OK,-249.252,-77.518,-1485.949,OK,-164.998,-89.441,-1506.789
3,Port 0x01: JJH Probe  s/n:3E4C880C,868858468,1781706574.468700122,1,Too Few Markers,-3.697314E28,-3.697314E28,-3.697314E28,-3.697314E28,-3.697314E28,-3.697314E28,-3.697314E28,0.0000000,3,Missing,-3.697314E28,-3.697314E28,-3.697314E28,Missing,-3.697314E28,-3.697314E28,-3.697314E28,Missing,-3.697314E28,-3.697314E28,-3.697314E28,Port 0x02: JJH T tibia tracker  s/n:3E4C8800,868858468,1781706574.468700122,1,OK,0.9664414,0.0607138,-0.0862827,0.2342224,10.225,45.729,-1622.779,0.3633508,3,OK,10.466,45.396,-1622.799,OK,21.815,-48.461,-1636.338,OK,-68.593,6.007,-1640.340,Port 0x03: JJH Y femur tracker  s/n:3E4C8801,868858468,1781706574.468700122,1,OK,0.5756562,0.0285087,0.2014987,0.7919630,-195.076,-3.011,-1523.213,0.5018848,3,OK,-195.101,-2.344,-1523.414,OK,-247.861,-77.714,-1483.942,OK,-163.814,-89.489,-1505.662
3,Port 0x01: JJH Probe  s/n:3E4C880C,868858471,1781706574.518700122,1,Too Few Markers,-3.697314E28,-3.697314E28,-3.697314E28,-3.697314E28,-3.697314E28,-3.697314E28,-3.697314E28,0.0000000,3,Missing,-3.697314E28,-3.697314E28,-3.697314E28,Missing,-3.697314E28,-3.697314E28,-3.697314E28,Missing,-3.697314E28,-3.697314E28,-3.697314E28,Port 0x02: JJH T tibia tracker  s/n:3E4C8800,868858471,1781706574.518700122,1,OK,0.9668959,0.0611753,-0.0836431,0.2331818,9.449,45.110,-1621.147,0.3620351,3,OK,9.704,44.793,-1621.163,OK,20.782,-49.107,-1634.750,OK,-69.541,5.514,-1638.266,Port 0x03: JJH Y femur tracker  s/n:3E4C8801,868858471,1781706574.518700122,1,OK,0.5753016,0.0293180,0.2025162,0.7919316,-195.290,-3.493,-1520.576,0.4969766,3,OK,-195.311,-2.832,-1520.777,OK,-247.956,-78.184,-1481.116,OK,-163.962,-89.943,-1503.050
3,Port 0x01: JJH Probe  s/n:3E4C880C,868858474,1781706574.568700121,1,Too Few Markers,-3.697314E28,-3.697314E28,-3.697314E28,-3.697314E28,-3.697314E28,-3.697314E28,-3.697314E28,0.0000000,3,Missing,-3.697314E28,-3.697314E28,-3.697314E28,Missing,-3.697314E28,-3.697314E28,-3.697314E28,Missing,-3.697314E28,-3.697314E28,-3.697314E28,Port 0x02: JJH T tibia tracker  s/n:3E4C8800,868858474,1781706574.568700121,1,OK,0.9673094,0.0600661,-0.0825499,0.2321425,8.982,44.440,-1619.443,0.3669171,3,OK,9.226,44.106,-1619.463,OK,20.096,-49.835,-1632.825,OK,-70.134,4.996,-1636.318,Port 0x03: JJH Y femur tracker  s/n:3E4C8801,868858474,1781706574.568700121,1,OK,0.5745290,0.0304714,0.2041071,0.7920405,-195.034,-3.870,-1518.374,0.5175741,3,OK,-195.068,-3.183,-1518.580,OK,-247.460,-78.568,-1478.626,OK,-163.551,-90.296,-1500.869
3,Port 0x01: JJH Probe  s/n:3E4C880C,868858477,1781706574.618700121,1,Too Few Markers,-3.697314E28,-3.697314E28,-3.697314E28,-3.697314E28,-3.697314E28,-3.697314E28,-3.697314E28,0.0000000,3,Missing,-3.697314E28,-3.697314E28,-3.697314E28,Missing,-3.697314E28,-3.697314E28,-3.697314E28,Missing,-3.697314E28,-3.697314E28,-3.697314E28,Port 0x02: JJH T tibia tracker  s/n:3E4C8800,868858477,1781706574.618700121,1,OK,0.9674762,0.0599545,-0.0803766,0.2322386,8.775,44.188,-1618.085,0.3669089,3,OK,9.022,43.856,-1618.104,OK,19.859,-50.097,-1631.395,OK,-70.394,4.689,-1634.581,Port 0x03: JJH Y femur tracker  s/n:3E4C8801,868858477,1781706574.618700121,1,OK,0.5734826,0.0332713,0.2061531,0.7921563,-194.616,-4.108,-1516.302,0.4992230,3,OK,-194.648,-3.445,-1516.502,OK,-246.699,-78.845,-1476.186,OK,-162.943,-90.492,-1499.038
3,Port 0x01: JJH Probe  s/n:3E4C880C,868858480,1781706574.668700121,1,Too Few Markers,-3.697314E28,-3.697314E28,-3.697314E28,-3.697314E28,-3.697314E28,-3.697314E28,-3.697314E28,0.0000000,3,Missing,-3.697314E28,-3.697314E28,-3.697314E28,Missing,-3.697314E28,-3.697314E28,-3.697314E28,Missing,-3.697314E28,-3.697314E28,-3.697314E28,Port 0x02: JJH T tibia tracker  s/n:3E4C8800,868858480,1781706574.668700121,1,OK,0.9675531,0.0599697,-0.0793011,0.2322840,8.732,44.059,-1617.539,0.3666561,3,OK,8.973,43.722,-1617.561,OK,19.805,-50.228,-1630.827,OK,-70.459,4.541,-1633.850,Port 0x03: JJH Y femur tracker  s/n:3E4C8801,868858480,1781706574.668700121,1,OK,0.5717496,0.0371801,0.2090696,0.7924708,-193.736,-4.340,-1514.881,0.5058591,3,OK,-193.761,-3.667,-1515.087,OK,-245.281,-79.183,-1474.237,OK,-161.750,-90.670,-1497.950
3,Port 0x01: JJH Probe  s/n:3E4C880C,868858483,1781706574.718700121,1,Too Few Markers,-3.697314E28,-3.697314E28,-3.697314E28,-3.697314E28,-3.697314E28,-3.697314E28,-3.697314E28,0.0000000,3,Missing,-3.697314E28,-3.697314E28,-3.697314E28,Missing,-3.697314E28,-3.697314E28,-3.697314E28,Missing,-3.697314E28,-3.697314E28,-3.697314E28,Port 0x02: JJH T tibia tracker  s/n:3E4C8800,868858483,1781706574.718700121,1,OK,0.9677629,0.0589154,-0.0783921,0.2319882,8.716,43.674,-1617.027,0.3704688,3,OK,8.958,43.332,-1617.049,OK,19.712,-50.655,-1630.098,OK,-70.535,4.179,-1633.135,Port 0x03: JJH Y femur tracker  s/n:3E4C8801,868858483,1781706574.718700121,1,OK,0.5697824,0.0410769,0.2126312,0.7927475,-192.657,-4.609,-1513.767,0.5150053,3,OK,-192.687,-3.924,-1513.976,OK,-243.589,-79.523,-1472.488,OK,-160.311,-90.864,-1497.107
3,Port 0x01: JJH Probe  s/n:3E4C880C,868858486,1781706574.768728444,1,Too Few Markers,-3.697314E28,-3.697314E28,-3.697314E28,-3.697314E28,-3.697314E28,-3.697314E28,-3.697314E28,0.0000000,3,Missing,-3.697314E28,-3.697314E28,-3.697314E28,Missing,-3.697314E28,-3.697314E28,-3.697314E28,Missing,-3.697314E28,-3.697314E28,-3.697314E28,Port 0x02: JJH T tibia tracker  s/n:3E4C8800,868858486,1781706574.768728444,1,OK,0.9680970,0.0583316,-0.0776577,0.2309867,8.593,43.378,-1616.789,0.3617649,3,OK,8.838,43.053,-1616.807,OK,19.367,-51.001,-1629.749,OK,-70.759,4.021,-1632.740,Port 0x03: JJH Y femur tracker  s/n:3E4C8801,868858486,1781706574.768728444,1,OK,0.5677229,0.0455485,0.2156431,0.7931671,-191.503,-4.694,-1512.795,0.5084497,3,OK,-191.535,-4.018,-1513.000,OK,-241.798,-79.741,-1470.993,OK,-158.799,-90.883,-1496.561
3,Port 0x01: JJH Probe  s/n:3E4C880C,868858489,1781706574.818728444,1,Too Few Markers,-3.697314E28,-3.697314E28,-3.697314E28,-3.697314E28,-3.697314E28,-3.697314E28,-3.697314E28,0.0000000,3,Missing,-3.697314E28,-3.697314E28,-3.697314E28,Missing,-3.697314E28,-3.697314E28,-3.697314E28,Missing,-3.697314E28,-3.697314E28,-3.697314E28,Port 0x02: JJH T tibia tracker  s/n:3E4C8800,868858489,1781706574.818728444,1,OK,0.9683706,0.0579598,-0.0769782,0.2301596,8.515,43.009,-1616.426,0.3643434,3,OK,8.755,42.674,-1616.447,OK,19.108,-51.391,-1629.311,OK,-70.915,3.772,-1632.237,Port 0x03: JJH Y femur tracker  s/n:3E4C8801,868858489,1781706574.818728444,1,OK,0.5656360,0.0503042,0.2190171,0.7934462,-190.309,-4.850,-1511.811,0.5047887,3,OK,-190.339,-4.178,-1512.017,OK,-239.951,-80.010,-1469.422,OK,-157.248,-90.975,-1496.013
3,Port 0x01: JJH Probe  s/n:3E4C880C,868858492,1781706574.868728444,1,Too Few Markers,-3.697314E28,-3.697314E28,-3.697314E28,-3.697314E28,-3.697314E28,-3.697314E28,-3.697314E28,0.0000000,3,Missing,-3.697314E28,-3.697314E28,-3.697314E28,Missing,-3.697314E28,-3.697314E28,-3.697314E28,Missing,-3.697314E28,-3.697314E28,-3.697314E28,Port 0x02: JJH T tibia tracker  s/n:3E4C8800,868858492,1781706574.868728444,1,OK,0.9686663,0.0572376,-0.0762412,0.2293398,8.479,42.629,-1616.100,0.3742384,3,OK,8.728,42.288,-1616.120,OK,18.894,-51.803,-1628.841,OK,-71.052,3.504,-1631.750,Port 0x03: JJH Y femur tracker  s/n:3E4C8801,868858492,1781706574.868728444,1,OK,0.5636393,0.0551212,0.2221270,0.7936826,-189.121,-4.991,-1510.859,0.4847701,3,OK,-189.160,-4.348,-1511.053,OK,-238.122,-80.251,-1467.946,OK,-155.733,-91.063,-1495.535
3,Port 0x01: JJH Probe  s/n:3E4C880C,868858495,1781706574.918728444,1,Too Few Markers,-3.697314E28,-3.697314E28,-3.697314E28,-3.697314E28,-3.697314E28,-3.697314E28,-3.697314E28,0.0000000,3,Missing,-3.697314E28,-3.697314E28,-3.697314E28,Missing,-3.697314E28,-3.697314E28,-3.697314E28,Missing,-3.697314E28,-3.697314E28,-3.697314E28,Port 0x02: JJH T tibia tracker  s/n:3E4C8800,868858495,1781706574.918728444,1,OK,0.9688860,0.0570588,-0.0755888,0.2286714,8.403,42.332,-1615.949,0.3636065,3,OK,8.650,42.006,-1615.967,OK,18.666,-52.131,-1628.651,OK,-71.193,3.300,-1631.474,Port 0x03: JJH Y femur tracker  s/n:3E4C8801,868858495,1781706574.918728444,1,OK,0.5616416,0.0587666,0.2254116,0.7939111,-188.048,-5.143,-1510.186,0.4951550,3,OK,-188.081,-4.485,-1510.389,OK,-236.440,-80.490,-1466.705,OK,-154.323,-91.130,-1495.139
3,Port 0x01: JJH Probe  s/n:3E4C880C,868858498,1781706574.968728444,1,Too Few Markers,-3.697314E28,-3.697314E28,-3.697314E28,-3.697314E28,-3.697314E28,-3.697314E28,-3.697314E28,0.0000000,3,Missing,-3.697314E28,-3.697314E28,-3.697314E28,Missing,-3.697314E28,-3.697314E28,-3.697314E28,Missing,-3.697314E28,-3.697314E28,-3.697314E28,Port 0x02: JJH T tibia tracker  s/n:3E4C8800,868858498,1781706574.968728444,1,OK,0.9691683,0.0560665,-0.0746300,0.2280345,8.427,42.009,-1615.727,0.3665287,3,OK,8.674,41.678,-1615.745,OK,18.542,-52.496,-1628.227,OK,-71.249,3.055,-1631.042,Port 0x03: JJH Y femur tracker  s/n:3E4C8801,868858498,1781706574.968728444,1,OK,0.5600520,0.0625696,0.2277113,0.7940871,-187.012,-5.254,-1509.377,0.4841024,3,OK,-187.060,-4.613,-1509.569,OK,-234.887,-80.684,-1465.526,OK,-153.040,-91.212,-1494.722
3,Port 0x01: JJH Probe  s/n:3E4C880C,868858501,1781706575.018728444,1,Too Few Markers,-3.697314E28,-3.697314E28,-3.697314E28,-3.697314E28,-3.697314E28,-3.697314E28,-3.697314E28,0.0000000,3,Missing,-3.697314E28,-3.697314E28,-3.697314E28,Missing,-3.697314E28,-3.697314E28,-3.697314E28,Missing,-3.697314E28,-3.697314E28,-3.697314E28,Port 0x02: JJH T tibia tracker  s/n:3E4C8800,868858501,1781706575.018728444,1,OK,0.9693251,0.0559285,-0.0745462,0.2274284,8.389,41.714,-1615.563,0.3684541,3,OK,8.641,41.387,-1615.580,OK,18.386,-52.808,-1628.043,OK,-71.349,2.857,-1630.854,Port 0x03: JJH Y femur tracker  s/n:3E4C8801,868858501,1781706575.018728444,1,OK,0.5586037,0.0651967,0.2300549,0.7942204,-186.202,-5.390,-1508.856,0.4859671,3,OK,-186.245,-4.746,-1509.051,OK,-233.630,-80.879,-1464.607,OK,-151.999,-91.281,-1494.406
3,Port 0x01: JJH Probe  s/n:3E4C880C,868858504,1781706575.068728444,1,Too Few Markers,-3.697314E28,-3.697314E28,-3.697314E28,-3.697314E28,-3.697314E28,-3.697314E28,-3.697314E28,0.0000000,3,Missing,-3.697314E28,-3.697314E28,-3.697314E28,Missing,-3.697314E28,-3.697314E28,-3.697314E28,Missing,-3.697314E28,-3.697314E28,-3.697314E28,Port 0x02: JJH T tibia tracker  s/n:3E4C8800,868858504,1781706575.068728444,1,OK,0.9695180,0.0554558,-0.0741002,0.2268672,8.276,41.453,-1615.456,0.3669873,3,OK,8.515,41.114,-1615.476,OK,18.155,-53.093,-1627.843,OK,-71.510,2.684,-1630.645,Port 0x03: JJH Y femur tracker  s/n:3E4C8801,868858504,1781706575.068728444,1,OK,0.5576673,0.0670575,0.2316306,0.7942655,-185.741,-5.495,-1508.511,0.4880967,3,OK,-185.786,-4.848,-1508.707,OK,-232.878,-81.013,-1463.996,OK,-151.383,-91.354,-1494.214
3,Port 0x01: JJH Probe  s/n:3E4C880C,868858507,1781706575.118728444,1,Too Few Markers,-3.697314E28,-3.697314E28,-3.697314E28,-3.697314E28,-3.697314E28,-3.697314E28,-3.697314E28,0.0000000,3,Missing,-3.697314E28,-3.697314E28,-3.697314E28,Missing,-3.697314E28,-3.697314E28,-3.697314E28,Missing,-3.697314E28,-3.697314E28,-3.697314E28,Port 0x02: JJH T tibia tracker  s/n:3E4C8800,868858507,1781706575.118728444,1,OK,0.9695889,0.0559578,-0.0738775,0.2265133,8.266,41.303,-1615.364,0.3583813,3,OK,8.498,40.971,-1615.384,OK,18.073,-53.244,-1627.845,OK,-71.546,2.597,-1630.530,Port 0x03: JJH Y femur tracker  s/n:3E4C8801,868858507,1781706575.118728444,1,OK,0.5572771,0.0680238,0.2324162,0.7942277,-185.495,-5.544,-1508.423,0.4896203,3,OK,-185.539,-4.895,-1508.620,OK,-232.499,-81.071,-1463.775,OK,-151.082,-91.393,-1494.203
3,Port 0x01: JJH Probe  s/n:3E4C880C,868858510,1781706575.168728444,1,Too Few Markers,-3.697314E28,-3.697314E28,-3.697314E28,-3.697314E28,-3.697314E28,-3.697314E28,-3.697314E28,0.0000000,3,Missing,-3.697314E28,-3.697314E28,-3.697314E28,Missing,-3.697314E28,-3.697314E28,-3.697314E28,Missing,-3.697314E28,-3.697314E28,-3.697314E28,Port 0x02: JJH T tibia tracker  s/n:3E4C8800,868858510,1781706575.168728444,1,OK,0.9696722,0.0553177,-0.0735385,0.2264239,8.263,41.283,-1615.475,0.3639029,3,OK,8.501,40.947,-1615.494,OK,18.040,-53.279,-1627.828,OK,-71.570,2.575,-1630.557,Port 0x03: JJH Y femur tracker  s/n:3E4C8801,868858510,1781706575.168728444,1,OK,0.5573349,0.0679547,0.2322556,0.7942401,-185.518,-5.555,-1508.425,0.4891617,3,OK,-185.562,-4.907,-1508.621,OK,-232.538,-81.085,-1463.806,OK,-151.117,-91.408,-1494.208
3,Port 0x01: JJH Probe  s/n:3E4C880C,868858513,1781706575.218728444,1,Too Few Markers,-3.697314E28,-3.697314E28,-3.697314E28,-3.697314E28,-3.697314E28,-3.697314E28,-3.697314E28,0.0000000,3,Missing,-3.697314E28,-3.697314E28,-3.697314E28,Missing,-3.697314E28,-3.697314E28,-3.697314E28,Missing,-3.697314E28,-3.697314E28,-3.697314E28,Port 0x02: JJH T tibia tracker  s/n:3E4C8800,868858513,1781706575.218728444,1,OK,0.9696206,0.0558124,-0.0741237,0.2263328,8.161,41.415,-1615.487,0.3613117,3,OK,8.408,41.093,-1615.504,OK,17.934,-53.139,-1627.951,OK,-71.670,2.731,-1630.693,Port 0x03: JJH Y femur tracker  s/n:3E4C8801,868858513,1781706575.218728444,1,OK,0.5578699,0.0663127,0.2316294,0.7941861,-185.893,-5.397,-1508.647,0.4962029,3,OK,-185.936,-4.740,-1508.848,OK,-233.086,-80.881,-1464.124,OK,-151.567,-91.249,-1494.225
3,Port 0x01: JJH Probe  s/n:3E4C880C,868858516,1781706575.268728444,1,Too Few Markers,-3.697314E28,-3.697314E28,-3.697314E28,-3.697314E28,-3.697314E28,-3.697314E28,-3.697314E28,0.0000000,3,Missing,-3.697314E28,-3.697314E28,-3.697314E28,Missing,-3.697314E28,-3.697314E28,-3.697314E28,Missing,-3.697314E28,-3.697314E28,-3.697314E28,Port 0x02: JJH T tibia tracker  s/n:3E4C8800,868858516,1781706575.268728444,1,OK,0.9696364,0.0563067,-0.0742342,0.2261064,8.043,41.576,-1615.637,0.3616253,3,OK,8.281,41.243,-1615.656,OK,17.773,-52.961,-1628.198,OK,-71.789,2.940,-1630.877,Port 0x03: JJH Y femur tracker  s/n:3E4C8801,868858516,1781706575.268728444,1,OK,0.5594436,0.0634093,0.2292952,0.7939936,-186.726,-5.183,-1509.011,0.4932903,3,OK,-186.770,-4.529,-1509.210,OK,-234.405,-80.588,-1464.876,OK,-152.647,-91.098,-1494.337
3,Port 0x01: JJH Probe  s/n:3E4C880C,868858519,1781706575.318728444,1,Too Few Markers,-3.697314E28,-3.697314E28,-3.697314E28,-3.697314E28,-3.697314E28,-3.697314E28,-3.697314E28,0.0000000,3,Missing,-3.697314E28,-3.697314E28,-3.697314E28,Missing,-3.697314E28,-3.697314E28,-3.697314E28,Missing,-3.697314E28,-3.697314E28,-3.697314E28,Port 0x02: JJH T tibia tracker  s/n:3E4C8800,868858519,1781706575.318728444,1,OK,0.9695017,0.0578046,-0.0754984,0.2258875,7.826,41.725,-1615.871,0.3606608,3,OK,8.058,41.388,-1615.893,OK,17.559,-52.773,-1628.749,OK,-71.991,3.173,-1631.388,Port 0x03: JJH Y femur tracker  s/n:3E4C8801,868858519,1781706575.318728444,1,OK,0.5618638,0.0584814,0.2254275,0.7937704,-188.076,-5.049,-1509.825,0.4848725,3,OK,-188.124,-4.407,-1510.016,OK,-236.505,-80.337,-1466.349,OK,-154.389,-91.047,-1494.723
3,Port 0x01: JJH Probe  s/n:3E4C880C,868858522,1781706575.368728444,1,Too Few Markers,-3.697314E28,-3.697314E28,-3.697314E28,-3.697314E28,-3.697314E28,-3.697314E28,-3.697314E28,0.0000000,3,Missing,-3.697314E28,-3.697314E28,-3.697314E28,Missing,-3.697314E28,-3.697314E28,-3.697314E28,Missing,-3.697314E28,-3.697314E28,-3.697314E28,Port 0x02: JJH T tibia tracker  s/n:3E4C8800,868858522,1781706575.368728444,1,OK,0.9692770,0.0597394,-0.0767810,0.2259160,7.621,42.030,-1616.233,0.3602628,3,OK,7.844,41.686,-1616.258,OK,17.403,-52.403,-1629.504,OK,-72.149,3.527,-1632.047,Port 0x03: JJH Y femur tracker  s/n:3E4C8801,868858522,1781706575.368728444,1,OK,0.5648980,0.0519254,0.2209931,0.7933196,-189.836,-4.853,-1510.977,0.4972574,3,OK,-189.875,-4.194,-1511.177,OK,-239.213,-79.973,-1468.243,OK,-156.651,-90.941,-1495.239
3,Port 0x01: JJH Probe  s/n:3E4C880C,868858525,1781706575.418728444,1,Too Few Markers,-3.697314E28,-3.697314E28,-3.697314E28,-3.697314E28,-3.697314E28,-3.697314E28,-3.697314E28,0.0000000,3,Missing,-3.697314E28,-3.697314E28,-3.697314E28,Missing,-3.697314E28,-3.697314E28,-3.697314E28,Missing,-3.697314E28,-3.697314E28,-3.697314E28,Port 0x02: JJH T tibia tracker  s/n:3E4C8800,868858525,1781706575.418728444,1,OK,0.9686736,0.0632465,-0.0793888,0.2266467,7.636,42.733,-1616.756,0.3583521,3,OK,7.872,42.406,-1616.779,OK,17.651,-51.584,-1630.742,OK,-72.017,4.199,-1633.170,Port 0x03: JJH Y femur tracker  s/n:3E4C8801,868858525,1781706575.418728444,1,OK,0.5682708,0.0443256,0.2159635,0.7927568,-191.859,-4.563,-1512.348,0.5065086,3,OK,-191.890,-3.891,-1512.555,OK,-242.291,-79.481,-1470.476,OK,-159.249,-90.742,-1495.875
3,Port 0x01: JJH Probe  s/n:3E4C880C,868858528,1781706575.468728444,1,Too Few Markers,-3.697314E28,-3.697314E28,-3.697314E28,-3.697314E28,-3.697314E28,-3.697314E28,-3.697314E28,0.0000000,3,Missing,-3.697314E28,-3.697314E28,-3.697314E28,Missing,-3.697314E28,-3.697314E28,-3.697314E28,Missing,-3.697314E28,-3.697314E28,-3.697314E28,Port 0x02: JJH T tibia tracker  s/n:3E4C8800,868858528,1781706575.468728444,1,OK,0.9685277,0.0640792,-0.0822391,0.2260194,7.393,42.846,-1616.432,0.3620602,3,OK,7.616,42.498,-1616.459,OK,17.351,-51.431,-1630.650,OK,-72.215,4.481,-1633.364,Port 0x03: JJH Y femur tracker  s/n:3E4C8801,868858528,1781706575.468728444,1,OK,0.5723758,0.0356900,0.2093177,0.7920216,-194.166,-4.201,-1513.803,0.5083275,3,OK,-194.196,-3.526,-1514.008,OK,-245.866,-78.900,-1473.106,OK,-162.291,-90.525,-1496.595
3,Port 0x01: JJH Probe  s/n:3E4C880C,868858531,1781706575.518728444,1,Too Few Markers,-3.697314E28,-3.697314E28,-3.697314E28,-3.697314E28,-3.697314E28,-3.697314E28,-3.697314E28,0.0000000,3,Missing,-3.697314E28,-3.697314E28,-3.697314E28,Missing,-3.697314E28,-3.697314E28,-3.697314E28,Missing,-3.697314E28,-3.697314E28,-3.697314E28,Port 0x02: JJH T tibia tracker  s/n:3E4C8800,868858531,1781706575.518728444,1,OK,0.9680500,0.0690308,-0.0848927,0.2256262,7.177,43.448,-1617.415,0.3565231,3,OK,7.407,43.117,-1617.442,OK,17.173,-50.681,-1632.634,OK,-72.391,5.273,-1635.000,Port 0x03: JJH Y femur tracker  s/n:3E4C8801,868858531,1781706575.518728444,1,OK,0.5768407,0.0260023,0.2021336,0.7910251,-196.564,-3.880,-1515.619,0.5064277,3,OK,-196.589,-3.207,-1515.823,OK,-249.636,-78.310,-1476.217,OK,-165.529,-90.346,-1497.577
3,Port 0x01: JJH Probe  s/n:3E4C880C,868858534,1781706575.568728444,1,Too Few Markers,-3.697314E28,-3.697314E28,-3.697314E28,-3.697314E28,-3.697314E28,-3.697314E28,-3.697314E28,0.0000000,3,Missing,-3.697314E28,-3.697314E28,-3.697314E28,Missing,-3.697314E28,-3.697314E28,-3.697314E28,Missing,-3.697314E28,-3.697314E28,-3.697314E28,Port 0x02: JJH T tibia tracker  s/n:3E4C8800,868858534,1781706575.568728444,1,OK,0.9675685,0.0734233,-0.0868407,0.2255636,7.026,44.254,-1618.585,0.3599777,3,OK,7.249,43.910,-1618.618,OK,17.101,-49.711,-1634.674,OK,-72.477,6.204,-1636.677,Port 0x03: JJH Y femur tracker  s/n:3E4C8801,868858534,1781706575.568728444,1,OK,0.5809100,0.0162053,0.1946443,0.7901864,-198.904,-3.372,-1517.746,0.5092209,3,OK,-198.926,-2.696,-1517.951,OK,-253.262,-77.591,-1479.727,OK,-168.666,-89.963,-1498.915
3,Port 0x01: JJH Probe  s/n:3E4C880C,868858537,1781706575.618728444,1,Too Few Markers,-3.697314E28,-3.697314E28,-3.697314E28,-3.697314E28,-3.697314E28,-3.697314E28,-3.697314E28,0.0000000,3,Missing,-3.697314E28,-3.697314E28,-3.697314E28,Missing,-3.697314E28,-3.697314E28,-3.697314E28,Missing,-3.697314E28,-3.697314E28,-3.697314E28,Port 0x02: JJH T tibia tracker  s/n:3E4C8800,868858537,1781706575.618728444,1,OK,0.9670757,0.0790802,-0.0896441,0.2246659,6.755,44.928,-1620.318,0.3561117,3,OK,6.988,44.599,-1620.350,OK,16.777,-48.841,-1637.548,OK,-72.729,7.169,-1639.108,Port 0x03: JJH Y femur tracker  s/n:3E4C8801,868858537,1781706575.618728444,1,OK,0.5848016,0.0079191,0.1885911,0.7889092,-201.060,-2.857,-1520.528,0.5156697,3,OK,-201.060,-2.171,-1520.741,OK,-256.588,-76.814,-1483.636,OK,-171.630,-89.568,-1500.997
3,Port 0x01: JJH Probe  s/n:3E4C880C,868858540,1781706575.668728444,1,Too Few Markers,-3.697314E28,-3.697314E28,-3.697314E28,-3.697314E28,-3.697314E28,-3.697314E28,-3.697314E28,0.0000000,3,Missing,-3.697314E28,-3.697314E28,-3.697314E28,Missing,-3.697314E28,-3.697314E28,-3.697314E28,Missing,-3.697314E28,-3.697314E28,-3.697314E28,Port 0x02: JJH T tibia tracker  s/n:3E4C8800,868858540,1781706575.668728444,1,OK,0.9668337,0.0797748,-0.0928376,0.2241646,7.043,45.434,-1623.159,0.3585841,3,OK,7.272,45.098,-1623.193,OK,17.053,-48.294,-1640.603,OK,-72.377,7.834,-1642.521,Port 0x03: JJH Y femur tracker  s/n:3E4C8801,868858540,1781706575.668728444,1,OK,0.5869774,0.0025823,0.1841582,0.7883760,-201.997,-2.252,-1524.747,0.5129718,3,OK,-202.006,-1.572,-1524.954,OK,-258.204,-76.095,-1488.703,OK,-173.025,-89.044,-1504.839
3,Port 0x01: JJH Probe  s/n:3E4C880C,868858543,1781706575.718728444,1,Too Few Markers,-3.697314E28,-3.697314E28,-3.697314E28,-3.697314E28,-3.697314E28,-3.697314E28,-3.697314E28,0.0000000,3,Missing,-3.697314E28,-3.697314E28,-3.697314E28,Missing,-3.697314E28,-3.697314E28,-3.697314E28,Missing,-3.697314E28,-3.697314E28,-3.697314E28,Port 0x02: JJH T tibia tracker  s/n:3E4C8800,868858543,1781706575.718728444,1,OK,0.9665928,0.0789124,-0.0965612,0.2239354,7.872,46.115,-1627.150,0.3607671,3,OK,8.103,45.777,-1627.182,OK,17.907,-47.617,-1644.524,OK,-71.436,8.599,-1647.118,Port 0x03: JJH Y femur tracker  s/n:3E4C8801,868858543,1781706575.718728444,1,OK,0.5878391,0.0005717,0.1825698,0.7881073,-201.850,-1.365,-1530.302,0.5153941,3,OK,-201.846,-0.680,-1530.514,OK,-258.329,-75.167,-1494.557,OK,-173.065,-88.179,-1510.245
3,Port 0x01: JJH Probe  s/n:3E4C880C,868858546,1781706575.768728444,1,Too Few Markers,-3.697314E28,-3.697314E28,-3.697314E28,-3.697314E28,-3.697314E28,-3.697314E28,-3.697314E28,0.0000000,3,Missing,-3.697314E28,-3.697314E28,-3.697314E28,Missing,-3.697314E28,-3.697314E28,-3.697314E28,Missing,-3.697314E28,-3.697314E28,-3.697314E28,Port 0x02: JJH T tibia tracker  s/n:3E4C8800,868858546,1781706575.768728444,1,OK,0.9663069,0.0792462,-0.0992247,0.2238870,8.619,46.652,-1629.770,0.3654271,3,OK,8.851,46.309,-1629.803,OK,18.724,-47.054,-1647.270,OK,-70.615,9.207,-1650.211,Port 0x03: JJH Y femur tracker  s/n:3E4C8801,868858546,1781706575.768728444,1,OK,0.5906268,-0.0065226,0.1765020,0.7873782,-202.648,-0.684,-1534.692,0.5069678,3,OK,-202.645,-0.011,-1534.898,OK,-260.002,-74.357,-1500.122,OK,-174.483,-87.592,-1514.169
3,Port 0x01: JJH Probe  s/n:3E4C880C,868858549,1781706575.818728444,1,Too Few Markers,-3.697314E28,-3.697314E28,-3.697314E28,-3.697314E28,-3.697314E28,-3.697314E28,-3.697314E28,0.0000000,3,Missing,-3.697314E28,-3.697314E28,-3.697314E28,Missing,-3.697314E28,-3.697314E28,-3.697314E28,Missing,-3.697314E28,-3.697314E28,-3.697314E28,Port 0x02: JJH T tibia tracker  s/n:3E4C8800,868858549,1781706575.818728444,1,OK,0.9660152,0.0845464,-0.1003772,0.2226902,8.617,47.165,-1630.895,0.3578449,3,OK,8.832,46.818,-1630.935,OK,18.592,-46.356,-1649.432,OK,-70.653,10.059,-1651.720,Port 0x03: JJH Y femur tracker  s/n:3E4C8801,868858549,1781706575.818728444,1,OK,0.5963860,-0.0211486,0.1656537,0.7851340,-205.446,-0.189,-1537.455,0.5131986,3,OK,-205.429,0.492,-1537.665,OK,-264.543,-73.463,-1505.024,OK,-178.641,-87.258,-1515.810
3,Port 0x01: JJH Probe  s/n:3E4C880C,868858552,1781706575.868728444,1,Too Few Markers,-3.697314E28,-3.697314E28,-3.697314E28,-3.697314E28,-3.697314E28,-3.697314E28,-3.697314E28,0.0000000,3,Missing,-3.697314E28,-3.697314E28,-3.697314E28,Missing,-3.697314E28,-3.697314E28,-3.697314E28,Missing,-3.697314E28,-3.697314E28,-3.697314E28,Port 0x02: JJH T tibia tracker  s/n:3E4C8800,868858552,1781706575.868728444,1,OK,0.9654185,0.0917761,-0.1027065,0.2213494,8.655,47.745,-1632.048,0.3556256,3,OK,8.871,47.402,-1632.092,OK,18.530,-45.493,-1652.010,OK,-70.632,11.061,-1653.534,Port 0x03: JJH Y femur tracker  s/n:3E4C8801,868858552,1781706575.868728444,1,OK,0.6019384,-0.0360476,0.1550607,0.7825132,-208.233,0.406,-1540.382,0.5142129,3,OK,-208.210,1.087,-1540.590,OK,-269.006,-72.415,-1510.099,OK,-182.814,-86.801,-1517.590
3,Port 0x01: JJH Probe  s/n:3E4C880C,868858555,1781706575.918728444,1,Too Few Markers,-3.697314E28,-3.697314E28,-3.697314E28,-3.697314E28,-3.697314E28,-3.697314E28,-3.697314E28,0.0000000,3,Missing,-3.697314E28,-3.697314E28,-3.697314E28,Missing,-3.697314E28,-3.697314E28,-3.697314E28,Missing,-3.697314E28,-3.697314E28,-3.697314E28,Port 0x02: JJH T tibia tracker  s/n:3E4C8800,868858555,1781706575.918728444,1,OK,0.9650124,0.0966937,-0.1039679,0.2204360,8.793,48.199,-1633.368,0.3481513,3,OK,8.999,47.860,-1633.417,OK,18.592,-44.839,-1654.291,OK,-70.506,11.803,-1655.243,Port 0x03: JJH Y femur tracker  s/n:3E4C8801,868858555,1781706575.918728444,1,OK,0.6073983,-0.0508410,0.1437637,0.7796246,-210.944,0.888,-1543.764,0.5298147,3,OK,-210.903,1.590,-1543.978,OK,-273.333,-71.517,-1515.811,OK,-187.000,-86.478,-1519.960
3,Port 0x01: JJH Probe  s/n:3E4C880C,868858558,1781706575.968728444,1,Too Few Markers,-3.697314E28,-3.697314E28,-3.697314E28,-3.697314E28,-3.697314E28,-3.697314E28,-3.697314E28,0.0000000,3,Missing,-3.697314E28,-3.697314E28,-3.697314E28,Missing,-3.697314E28,-3.697314E28,-3.697314E28,Missing,-3.697314E28,-3.697314E28,-3.697314E28,Port 0x02: JJH T tibia tracker  s/n:3E4C8800,868858558,1781706575.968728444,1,OK,0.9645196,0.1018118,-0.1058137,0.2194077,9.025,48.721,-1634.325,0.3564994,3,OK,9.239,48.377,-1634.377,OK,18.746,-44.081,-1656.256,OK,-70.290,12.646,-1656.696,Port 0x03: JJH Y femur tracker  s/n:3E4C8801,868858558,1781706575.968728444,1,OK,0.6128330,-0.0664020,0.1318451,0.7763011,-213.544,1.555,-1547.049,0.5211687,3,OK,-213.493,2.244,-1547.258,OK,-277.518,-70.391,-1521.615,OK,-191.173,-85.948,-1522.243
3,Port 0x01: JJH Probe  s/n:3E4C880C,868858561,1781706576.018699064,1,Too Few Markers,-3.697314E28,-3.697314E28,-3.697314E28,-3.697314E28,-3.697314E28,-3.697314E28,-3.697314E28,0.0000000,3,Missing,-3.697314E28,-3.697314E28,-3.697314E28,Missing,-3.697314E28,-3.697314E28,-3.697314E28,Missing,-3.697314E28,-3.697314E28,-3.697314E28,Port 0x02: JJH T tibia tracker  s/n:3E4C8800,868858561,1781706576.018699064,1,OK,0.9638598,0.1083996,-0.1076157,0.2182720,9.301,49.170,-1635.656,0.3623595,3,OK,9.519,48.821,-1635.713,OK,18.946,-43.316,-1658.866,OK,-70.030,13.473,-1658.565,Port 0x03: JJH Y femur tracker  s/n:3E4C8801,868858561,1781706576.018699064,1,OK,0.6181493,-0.0818784,0.1192674,0.7726336,-216.119,2.075,-1550.624,0.4999430,3,OK,-216.050,2.736,-1550.822,OK,-281.599,-69.422,-1527.887,OK,-195.404,-85.561,-1524.960
3,Port 0x01: JJH Probe  s/n:3E4C880C,868858564,1781706576.068699064,1,Too Few Markers,-3.697314E28,-3.697314E28,-3.697314E28,-3.697314E28,-3.697314E28,-3.697314E28,-3.697314E28,0.0000000,3,Missing,-3.697314E28,-3.697314E28,-3.697314E28,Missing,-3.697314E28,-3.697314E28,-3.697314E28,Missing,-3.697314E28,-3.697314E28,-3.697314E28,Port 0x02: JJH T tibia tracker  s/n:3E4C8800,868858564,1781706576.068699064,1,OK,0.9632693,0.1134998,-0.1093745,0.2174103,9.708,49.727,-1637.010,0.3626480,3,OK,9.916,49.369,-1637.075,OK,19.329,-42.512,-1661.217,OK,-69.625,14.351,-1660.391,Port 0x03: JJH Y femur tracker  s/n:3E4C8801,868858564,1781706576.068699064,1,OK,0.6232405,-0.0981131,0.1067137,0.7684773,-218.575,2.733,-1554.579,0.5034887,3,OK,-218.495,3.397,-1554.776,OK,-285.464,-68.278,-1534.597,OK,-199.591,-85.028,-1527.998
3,Port 0x01: JJH Probe  s/n:3E4C880C,868858567,1781706576.118699064,1,Too Few Markers,-3.697314E28,-3.697314E28,-3.697314E28,-3.697314E28,-3.697314E28,-3.697314E28,-3.697314E28,0.0000000,3,Missing,-3.697314E28,-3.697314E28,-3.697314E28,Missing,-3.697314E28,-3.697314E28,-3.697314E28,Missing,-3.697314E28,-3.697314E28,-3.697314E28,Port 0x02: JJH T tibia tracker  s/n:3E4C8800,868858567,1781706576.118699064,1,OK,0.9623743,0.1205780,-0.1114995,0.2164820,10.309,50.407,-1638.323,0.3600325,3,OK,10.524,50.061,-1638.389,OK,19.911,-41.460,-1663.899,OK,-69.007,15.399,-1662.313,Port 0x03: JJH Y femur tracker  s/n:3E4C8801,868858567,1781706576.118699064,1,OK,0.6283071,-0.1157575,0.0934561,0.7636075,-221.018,3.517,-1558.722,0.5041159,3,OK,-220.922,4.180,-1558.915,OK,-289.301,-66.955,-1541.712,OK,-203.913,-84.334,-1531.169
3,Port 0x01: JJH Probe  s/n:3E4C880C,868858570,1781706576.168699064,1,Too Few Markers,-3.697314E28,-3.697314E28,-3.697314E28,-3.697314E28,-3.697314E28,-3.697314E28,-3.697314E28,0.0000000,3,Missing,-3.697314E28,-3.697314E28,-3.697314E28,Missing,-3.697314E28,-3.697314E28,-3.697314E28,Missing,-3.697314E28,-3.697314E28,-3.697314E28,Port 0x02: JJH T tibia tracker  s/n:3E4C8800,868858570,1781706576.168699064,1,OK,0.9611991,0.1271896,-0.1133768,0.2169441,11.073,51.258,-1639.581,0.3481691,3,OK,11.283,50.926,-1639.649,OK,20.925,-40.238,-1666.408,OK,-68.123,16.392,-1664.138,Port 0x03: JJH Y femur tracker  s/n:3E4C8801,868858570,1781706576.168699064,1,OK,0.6332024,-0.1337108,0.0792746,0.7582161,-223.412,4.172,-1563.129,0.4954496,3,OK,-223.306,4.820,-1563.315,OK,-292.973,-65.754,-1549.337,OK,-208.284,-83.777,-1534.743
3,Port 0x01: JJH Probe  s/n:3E4C880C,868858573,1781706576.218699064,1,Too Few Markers,-3.697314E28,-3.697314E28,-3.697314E28,-3.697314E28,-3.697314E28,-3.697314E28,-3.697314E28,0.0000000,3,Missing,-3.697314E28,-3.697314E28,-3.697314E28,Missing,-3.697314E28,-3.697314E28,-3.697314E28,Missing,-3.697314E28,-3.697314E28,-3.697314E28,Port 0x02: JJH T tibia tracker  s/n:3E4C8800,868858573,1781706576.218699064,1,OK,0.9600196,0.1318449,-0.1143397,0.2188738,12.188,52.275,-1640.474,0.3525941,3,OK,12.387,51.927,-1640.552,OK,22.525,-38.915,-1668.135,OK,-66.816,17.252,-1665.395,Port 0x03: JJH Y femur tracker  s/n:3E4C8801,868858573,1781706576.218699064,1,OK,0.6376015,-0.1514704,0.0648757,0.7525371,-225.555,4.788,-1567.798,0.4880965,3,OK,-225.429,5.427,-1567.975,OK,-296.186,-64.636,-1557.298,OK,-212.437,-83.237,-1538.716
3,Port 0x01: JJH Probe  s/n:3E4C880C,868858576,1781706576.268699064,1,Too Few Markers,-3.697314E28,-3.697314E28,-3.697314E28,-3.697314E28,-3.697314E28,-3.697314E28,-3.697314E28,0.0000000,3,Missing,-3.697314E28,-3.697314E28,-3.697314E28,Missing,-3.697314E28,-3.697314E28,-3.697314E28,Missing,-3.697314E28,-3.697314E28,-3.697314E28,Port 0x02: JJH T tibia tracker  s/n:3E4C8800,868858576,1781706576.268699064,1,OK,0.9583055,0.1380351,-0.1160118,0.2216715,13.364,53.936,-1641.454,0.3523361,3,OK,13.560,53.586,-1641.539,OK,24.407,-36.835,-1670.229,OK,-65.356,18.678,-1666.939,Port 0x03: JJH Y femur tracker  s/n:3E4C8801,868858576,1781706576.268699064,1,OK,0.6416664,-0.1704695,0.0502139,0.7461119,-227.575,5.632,-1572.466,0.4810602,3,OK,-227.446,6.256,-1572.635,OK,-299.180,-63.231,-1565.394,OK,-216.542,-82.433,-1542.620
3,Port 0x01: JJH Probe  s/n:3E4C880C,868858579,1781706576.318699064,1,Too Few Markers,-3.697314E28,-3.697314E28,-3.697314E28,-3.697314E28,-3.697314E28,-3.697314E28,-3.697314E28,0.0000000,3,Missing,-3.697314E28,-3.697314E28,-3.697314E28,Missing,-3.697314E28,-3.697314E28,-3.697314E28,Missing,-3.697314E28,-3.697314E28,-3.697314E28,Port 0x02: JJH T tibia tracker  s/n:3E4C8800,868858579,1781706576.318699064,1,OK,0.9570431,0.1401756,-0.1167285,0.2253749,14.686,55.372,-1641.752,0.3501563,3,OK,14.889,55.030,-1641.835,OK,26.485,-35.189,-1670.862,OK,-63.695,19.578,-1667.514,Port 0x03: JJH Y femur tracker  s/n:3E4C8801,868858579,1781706576.318699064,1,OK,0.6453223,-0.1892917,0.0354347,0.7392375,-229.313,6.523,-1577.443,0.4851477,3,OK,-229.172,7.148,-1577.608,OK,-301.699,-61.800,-1573.854,OK,-220.416,-81.575,-1546.961
3,Port 0x01: JJH Probe  s/n:3E4C880C,868858582,1781706576.368663494,1,Too Few Markers,-3.697314E28,-3.697314E28,-3.697314E28,-3.697314E28,-3.697314E28,-3.697314E28,-3.697314E28,0.0000000,3,Missing,-3.697314E28,-3.697314E28,-3.697314E28,Missing,-3.697314E28,-3.697314E28,-3.697314E28,Missing,-3.697314E28,-3.697314E28,-3.697314E28,Port 0x02: JJH T tibia tracker  s/n:3E4C8800,868858582,1781706576.368663494,1,OK,0.9558775,0.1428464,-0.1176548,0.2281459,15.952,56.543,-1642.049,0.3438215,3,OK,16.162,56.217,-1642.127,OK,28.355,-33.798,-1671.613,OK,-62.167,20.392,-1668.127,Port 0x03: JJH Y femur tracker  s/n:3E4C8801,868858582,1781706576.368663494,1,OK,0.6487867,-0.2080157,0.0205866,0.7316976,-230.800,7.390,-1582.522,0.4708346,3,OK,-230.652,7.996,-1582.677,OK,-303.809,-60.347,-1582.468,OK,-224.134,-80.714,-1551.528
3,Port 0x01: JJH Probe  s/n:3E4C880C,868858585,1781706576.418663494,1,Too Few Markers,-3.697314E28,-3.697314E28,-3.697314E28,-3.697314E28,-3.697314E28,-3.697314E28,-3.697314E28,0.0000000,3,Missing,-3.697314E28,-3.697314E28,-3.697314E28,Missing,-3.697314E28,-3.697314E28,-3.697314E28,Missing,-3.697314E28,-3.697314E28,-3.697314E28,Port 0x02: JJH T tibia tracker  s/n:3E4C8800,868858585,1781706576.418663494,1,OK,0.9554968,0.1423069,-0.1175529,0.2301214,17.251,57.119,-1642.309,0.3549966,3,OK,17.462,56.776,-1642.393,OK,30.028,-33.205,-1671.730,OK,-60.714,20.636,-1668.389,Port 0x03: JJH Y femur tracker  s/n:3E4C8801,868858585,1781706576.418663494,1,OK,0.6517376,-0.2268147,0.0056906,0.7237132,-231.851,8.260,-1587.853,0.4796843,3,OK,-231.689,8.871,-1588.002,OK,-305.314,-58.912,-1591.376,OK,-227.414,-79.844,-1556.420
3,Port 0x01: JJH Probe  s/n:3E4C880C,868858588,1781706576.468663494,1,Too Few Markers,-3.697314E28,-3.697314E28,-3.697314E28,-3.697314E28,-3.697314E28,-3.697314E28,-3.697314E28,0.0000000,3,Missing,-3.697314E28,-3.697314E28,-3.697314E28,Missing,-3.697314E28,-3.697314E28,-3.697314E28,Missing,-3.697314E28,-3.697314E28,-3.697314E28,Port 0x02: JJH T tibia tracker  s/n:3E4C8800,868858588,1781706576.468663494,1,OK,0.9555794,0.1395162,-0.1183445,0.2310798,19.334,57.285,-1642.512,0.3518419,3,OK,19.556,56.956,-1642.587,OK,32.278,-33.184,-1671.425,OK,-58.523,20.586,-1668.643,Port 0x03: JJH Y femur tracker  s/n:3E4C8801,868858588,1781706576.468663494,1,OK,0.6537446,-0.2429893,-0.0071227,0.7166055,-231.379,9.200,-1593.231,0.4812833,3,OK,-231.220,9.802,-1593.377,OK,-305.052,-57.507,-1599.844,OK,-228.826,-78.885,-1561.480
3,Port 0x01: JJH Probe  s/n:3E4C880C,868858591,1781706576.518663494,1,Too Few Markers,-3.697314E28,-3.697314E28,-3.697314E28,-3.697314E28,-3.697314E28,-3.697314E28,-3.697314E28,0.0000000,3,Missing,-3.697314E28,-3.697314E28,-3.697314E28,Missing,-3.697314E28,-3.697314E28,-3.697314E28,Missing,-3.697314E28,-3.697314E28,-3.697314E28,Port 0x02: JJH T tibia tracker  s/n:3E4C8800,868858591,1781706576.518663494,1,OK,0.9559719,0.1355607,-0.1178314,0.2320705,22.303,56.976,-1643.246,0.3480639,3,OK,22.522,56.650,-1643.318,OK,35.360,-33.718,-1671.410,OK,-55.492,19.995,-1669.157,Port 0x03: JJH Y femur tracker  s/n:3E4C8801,868858591,1781706576.518663494,1,OK,0.6551020,-0.2567989,-0.0177965,0.7103373,-229.687,9.857,-1598.514,0.4845978,3,OK,-229.529,10.459,-1598.660,OK,-303.412,-56.477,-1607.707,OK,-228.753,-78.184,-1566.515
3,Port 0x01: JJH Probe  s/n:3E4C880C,868858594,1781706576.568663492,1,Too Few Markers,-3.697314E28,-3.697314E28,-3.697314E28,-3.697314E28,-3.697314E28,-3.697314E28,-3.697314E28,0.0000000,3,Missing,-3.697314E28,-3.697314E28,-3.697314E28,Missing,-3.697314E28,-3.697314E28,-3.697314E28,Missing,-3.697314E28,-3.697314E28,-3.697314E28,Port 0x02: JJH T tibia tracker  s/n:3E4C8800,868858594,1781706576.568663492,1,OK,0.9564115,0.1315359,-0.1174264,0.2327798,23.395,56.747,-1642.410,0.3491117,3,OK,23.624,56.427,-1642.475,OK,36.510,-34.170,-1669.817,OK,-54.363,19.523,-1668.113,Port 0x03: JJH Y femur tracker  s/n:3E4C8801,868858594,1781706576.568663492,1,OK,0.6570366,-0.2747094,-0.0313118,0.7013253,-230.003,10.721,-1603.416,0.4849328,3,OK,-229.850,11.316,-1603.562,OK,-303.748,-55.018,-1615.937,OK,-231.318,-77.237,-1571.156
3,Port 0x01: JJH Probe  s/n:3E4C880C,868858597,1781706576.618663492,1,Too Few Markers,-3.697314E28,-3.697314E28,-3.697314E28,-3.697314E28,-3.697314E28,-3.697314E28,-3.697314E28,0.0000000,3,Missing,-3.697314E28,-3.697314E28,-3.697314E28,Missing,-3.697314E28,-3.697314E28,-3.697314E28,Missing,-3.697314E28,-3.697314E28,-3.697314E28,Port 0x02: JJH T tibia tracker  s/n:3E4C8800,868858597,1781706576.618663492,1,OK,0.9568698,0.1275601,-0.1165384,0.2335540,24.386,56.422,-1641.859,0.3561188,3,OK,24.620,56.096,-1641.922,OK,37.552,-34.700,-1668.503,OK,-53.341,18.937,-1667.272,Port 0x03: JJH Y femur tracker  s/n:3E4C8801,868858597,1781706576.618663492,1,OK,0.6583746,-0.2924448,-0.0457674,0.6920435,-230.184,11.510,-1608.211,0.4856418,3,OK,-230.022,12.095,-1608.348,OK,-303.727,-53.710,-1624.236,OK,-233.690,-76.376,-1575.904
3,Port 0x01: JJH Probe  s/n:3E4C880C,868858600,1781706576.668663492,1,Too Few Markers,-3.697314E28,-3.697314E28,-3.697314E28,-3.697314E28,-3.697314E28,-3.697314E28,-3.697314E28,0.0000000,3,Missing,-3.697314E28,-3.697314E28,-3.697314E28,Missing,-3.697314E28,-3.697314E28,-3.697314E28,Missing,-3.697314E28,-3.697314E28,-3.697314E28,Port 0x02: JJH T tibia tracker  s/n:3E4C8800,868858600,1781706576.668663492,1,OK,0.9572596,0.1242249,-0.1154232,0.2343067,25.321,55.989,-1641.185,0.3496763,3,OK,25.557,55.674,-1641.242,OK,38.548,-35.325,-1667.183,OK,-52.397,18.262,-1666.292,Port 0x03: JJH Y femur tracker  s/n:3E4C8801,868858600,1781706576.668663492,1,OK,0.6592351,-0.3097332,-0.0595295,0.6825912,-230.153,12.145,-1612.905,0.4854133,3,OK,-229.997,12.710,-1613.039,OK,-303.338,-52.565,-1632.284,OK,-235.791,-75.639,-1580.587
3,Port 0x01: JJH Probe  s/n:3E4C880C,868858603,1781706576.718663492,1,Too Few Markers,-3.697314E28,-3.697314E28,-3.697314E28,-3.697314E28,-3.697314E28,-3.697314E28,-3.697314E28,0.0000000,3,Missing,-3.697314E28,-3.697314E28,-3.697314E28,Missing,-3.697314E28,-3.697314E28,-3.697314E28,Missing,-3.697314E28,-3.697314E28,-3.697314E28,Port 0x02: JJH T tibia tracker  s/n:3E4C8800,868858603,1781706576.718663492,1,OK,0.9578066,0.1195795,-0.1140285,0.2351696,26.189,55.839,-1640.363,0.3574989,3,OK,26.416,55.502,-1640.425,OK,39.474,-35.707,-1665.459,OK,-51.510,17.826,-1665.060,Port 0x03: JJH Y femur tracker  s/n:3E4C8801,868858603,1781706576.718663492,1,OK,0.6598300,-0.3262108,-0.0726214,0.6730060,-229.943,13.044,-1617.525,0.4905798,3,OK,-229.813,13.600,-1617.674,OK,-302.618,-51.143,-1640.081,OK,-237.682,-74.647,-1585.285
3,Port 0x01: JJH Probe  s/n:3E4C880C,868858606,1781706576.768663492,1,Too Few Markers,-3.697314E28,-3.697314E28,-3.697314E28,-3.697314E28,-3.697314E28,-3.697314E28,-3.697314E28,0.0000000,3,Missing,-3.697314E28,-3.697314E28,-3.697314E28,Missing,-3.697314E28,-3.697314E28,-3.697314E28,Missing,-3.697314E28,-3.697314E28,-3.697314E28,Port 0x02: JJH T tibia tracker  s/n:3E4C8800,868858606,1781706576.768663492,1,OK,0.9581527,0.1162682,-0.1129045,0.2359612,27.176,55.428,-1639.752,0.3485215,3,OK,27.406,55.108,-1639.806,OK,40.525,-36.295,-1664.204,OK,-50.502,17.166,-1664.141,Port 0x03: JJH Y femur tracker  s/n:3E4C8801,868858606,1781706576.768663492,1,OK,0.6601689,-0.3417777,-0.0854899,0.6633676,-229.478,13.610,-1621.860,0.4926284,3,OK,-229.338,14.150,-1621.997,OK,-301.569,-50.097,-1647.538,OK,-239.224,-73.962,-1589.847
3,Port 0x01: JJH Probe  s/n:3E4C880C,868858609,1781706576.818663492,1,Too Few Markers,-3.697314E28,-3.697314E28,-3.697314E28,-3.697314E28,-3.697314E28,-3.697314E28,-3.697314E28,0.0000000,3,Missing,-3.697314E28,-3.697314E28,-3.697314E28,Missing,-3.697314E28,-3.697314E28,-3.697314E28,Missing,-3.697314E28,-3.697314E28,-3.697314E28,Port 0x02: JJH T tibia tracker  s/n:3E4C8800,868858609,1781706576.818663492,1,OK,0.9585501,0.1122485,-0.1118846,0.2367778,28.028,55.108,-1638.893,0.3431828,3,OK,28.257,54.795,-1638.943,OK,41.445,-36.817,-1662.570,OK,-49.624,16.588,-1662.961,Port 0x03: JJH Y femur tracker  s/n:3E4C8801,868858609,1781706576.818663492,1,OK,0.6600901,-0.3565945,-0.0975628,0.6539135,-228.887,14.308,-1625.948,0.5015458,3,OK,-228.752,14.833,-1626.086,OK,-300.274,-48.951,-1654.543,OK,-240.527,-73.139,-1594.184
3,Port 0x01: JJH Probe  s/n:3E4C880C,868858612,1781706576.868663492,1,Too Few Markers,-3.697314E28,-3.697314E28,-3.697314E28,-3.697314E28,-3.697314E28,-3.697314E28,-3.697314E28,0.0000000,3,Missing,-3.697314E28,-3.697314E28,-3.697314E28,Missing,-3.697314E28,-3.697314E28,-3.697314E28,Missing,-3.697314E28,-3.697314E28,-3.697314E28,Port 0x02: JJH T tibia tracker  s/n:3E4C8800,868858612,1781706576.868663492,1,OK,0.9591026,0.1066831,-0.1108929,0.2375787,28.756,54.864,-1637.932,0.3492139,3,OK,29.000,54.557,-1637.974,OK,42.219,-37.323,-1660.544,OK,-48.885,16.046,-1661.623,Port 0x03: JJH Y femur tracker  s/n:3E4C8801,868858612,1781706576.868663492,1,OK,0.6598547,-0.3705224,-0.1098524,0.6443892,-228.232,15.116,-1629.908,0.4940686,3,OK,-228.092,15.626,-1630.036,OK,-298.774,-47.716,-1661.398,OK,-241.711,-72.223,-1598.606
3,Port 0x01: JJH Probe  s/n:3E4C880C,868858615,1781706576.918663492,1,Too Few Markers,-3.697314E28,-3.697314E28,-3.697314E28,-3.697314E28,-3.697314E28,-3.697314E28,-3.697314E28,0.0000000,3,Missing,-3.697314E28,-3.697314E28,-3.697314E28,Missing,-3.697314E28,-3.697314E28,-3.697314E28,Missing,-3.697314E28,-3.697314E28,-3.697314E28,Port 0x02: JJH T tibia tracker  s/n:3E4C8800,868858615,1781706576.918663492,1,OK,0.9596545,0.1008612,-0.1090750,0.2387320,29.686,54.226,-1636.935,0.3434252,3,OK,29.923,53.919,-1636.973,OK,43.231,-38.225,-1658.411,OK,-47.920,15.038,-1660.093,Port 0x03: JJH Y femur tracker  s/n:3E4C8801,868858615,1781706576.918663492,1,OK,0.6591678,-0.3842019,-0.1211756,0.6349828,-227.194,15.434,-1633.782,0.5041245,3,OK,-227.060,15.935,-1633.915,OK,-296.821,-47.008,-1667.949,OK,-242.427,-71.772,-1602.860
3,Port 0x01: JJH Probe  s/n:3E4C880C,868858618,1781706576.968611239,1,Too Few Markers,-3.697314E28,-3.697314E28,-3.697314E28,-3.697314E28,-3.697314E28,-3.697314E28,-3.697314E28,0.0000000,3,Missing,-3.697314E28,-3.697314E28,-3.697314E28,Missing,-3.697314E28,-3.697314E28,-3.697314E28,Missing,-3.697314E28,-3.697314E28,-3.697314E28,Port 0x02: JJH T tibia tracker  s/n:3E4C8800,868858618,1781706576.968611239,1,OK,0.9601811,0.0955317,-0.1074630,0.2395362,30.355,54.015,-1635.770,0.3493099,3,OK,30.592,53.700,-1635.807,OK,43.930,-38.657,-1656.207,OK,-47.245,14.534,-1658.446,Port 0x03: JJH Y femur tracker  s/n:3E4C8801,868858618,1781706576.968611239,1,OK,0.6583227,-0.3970219,-0.1315580,0.6258413,-226.243,16.118,-1637.528,0.4939788,3,OK,-226.143,16.592,-1637.687,OK,-294.887,-45.937,-1674.109,OK,-243.154,-70.940,-1607.013
3,Port 0x01: JJH Probe  s/n:3E4C880C,868858621,1781706577.018611239,1,Too Few Markers,-3.697314E28,-3.697314E28,-3.697314E28,-3.697314E28,-3.697314E28,-3.697314E28,-3.697314E28,0.0000000,3,Missing,-3.697314E28,-3.697314E28,-3.697314E28,Missing,-3.697314E28,-3.697314E28,-3.697314E28,Missing,-3.697314E28,-3.697314E28,-3.697314E28,Port 0x02: JJH T tibia tracker  s/n:3E4C8800,868858621,1781706577.018611239,1,OK,0.9604101,0.0919579,-0.1069964,0.2402248,30.870,53.804,-1635.017,0.3631107,3,OK,31.124,53.483,-1635.050,OK,44.514,-38.996,-1654.764,OK,-46.704,14.111,-1657.479,Port 0x03: JJH Y femur tracker  s/n:3E4C8801,868858621,1781706577.018611239,1,OK,0.6572963,-0.4089783,-0.1425274,0.6167530,-225.257,16.655,-1640.837,0.4944277,3,OK,-225.137,17.111,-1640.969,OK,-292.864,-45.075,-1679.947,OK,-243.699,-70.274,-1610.918
3,Port 0x01: JJH Probe  s/n:3E4C880C,868858624,1781706577.068611239,1,Too Few Markers,-3.697314E28,-3.697314E28,-3.697314E28,-3.697314E28,-3.697314E28,-3.697314E28,-3.697314E28,0.0000000,3,Missing,-3.697314E28,-3.697314E28,-3.697314E28,Missing,-3.697314E28,-3.697314E28,-3.697314E28,Missing,-3.697314E28,-3.697314E28,-3.697314E28,Port 0x02: JJH T tibia tracker  s/n:3E4C8800,868858624,1781706577.068611239,1,OK,0.9606696,0.0894091,-0.1054486,0.2408328,31.565,53.551,-1634.367,0.3476444,3,OK,31.801,53.236,-1634.401,OK,45.252,-39.368,-1653.600,OK,-46.003,13.677,-1656.461,Port 0x03: JJH Y femur tracker  s/n:3E4C8801,868858624,1781706577.068611239,1,OK,0.6562387,-0.4197308,-0.1511751,0.6085416,-224.100,17.084,-1643.878,0.4769636,3,OK,-224.013,17.519,-1644.041,OK,-290.715,-44.325,-1684.941,OK,-243.978,-69.694,-1614.408
3,Port 0x01: JJH Probe  s/n:3E4C880C,868858627,1781706577.118611239,1,Too Few Markers,-3.697314E28,-3.697314E28,-3.697314E28,-3.697314E28,-3.697314E28,-3.697314E28,-3.697314E28,0.0000000,3,Missing,-3.697314E28,-3.697314E28,-3.697314E28,Missing,-3.697314E28,-3.697314E28,-3.697314E28,Missing,-3.697314E28,-3.697314E28,-3.697314E28,Port 0x02: JJH T tibia tracker  s/n:3E4C8800,868858627,1781706577.118611239,1,OK,0.9609150,0.0859165,-0.1049404,0.2413468,32.074,53.246,-1633.447,0.3566187,3,OK,32.323,52.931,-1633.476,OK,45.795,-39.796,-1652.007,OK,-45.480,13.192,-1655.319,Port 0x03: JJH Y femur tracker  s/n:3E4C8801,868858627,1781706577.118611239,1,OK,0.6548687,-0.4301156,-0.1603013,0.6003757,-222.997,17.425,-1646.815,0.5006198,3,OK,-222.904,17.853,-1646.973,OK,-288.578,-43.720,-1689.958,OK,-244.169,-69.234,-1617.852
3,Port 0x01: JJH Probe  s/n:3E4C880C,868858630,1781706577.168611239,1,Too Few Markers,-3.697314E28,-3.697314E28,-3.697314E28,-3.697314E28,-3.697314E28,-3.697314E28,-3.697314E28,0.0000000,3,Missing,-3.697314E28,-3.697314E28,-3.697314E28,Missing,-3.697314E28,-3.697314E28,-3.697314E28,Missing,-3.697314E28,-3.697314E28,-3.697314E28,Port 0x02: JJH T tibia tracker  s/n:3E4C8800,868858630,1781706577.168611239,1,OK,0.9611816,0.0823946,-0.1035882,0.2420960,32.495,53.050,-1632.503,0.3624232,3,OK,32.747,52.729,-1632.531,OK,46.284,-40.119,-1650.363,OK,-45.056,12.773,-1654.005,Port 0x03: JJH Y femur tracker  s/n:3E4C8801,868858630,1781706577.168611239,1,OK,0.6536221,-0.4397471,-0.1685528,0.5924446,-221.929,17.911,-1649.544,0.5046405,3,OK,-221.845,18.324,-1649.711,OK,-286.496,-42.950,-1694.542,OK,-244.364,-68.612,-1621.104
3,Port 0x01: JJH Probe  s/n:3E4C880C,868858633,1781706577.218611239,1,Too Few Markers,-3.697314E28,-3.697314E28,-3.697314E28,-3.697314E28,-3.697314E28,-3.697314E28,-3.697314E28,0.0000000,3,Missing,-3.697314E28,-3.697314E28,-3.697314E28,Missing,-3.697314E28,-3.697314E28,-3.697314E28,Missing,-3.697314E28,-3.697314E28,-3.697314E28,Port 0x02: JJH T tibia tracker  s/n:3E4C8800,868858633,1781706577.218611239,1,OK,0.9614645,0.0782311,-0.1023454,0.2428812,32.986,52.759,-1631.524,0.3704030,3,OK,33.237,52.423,-1631.552,OK,46.836,-40.542,-1648.564,OK,-44.541,12.242,-1652.646,Port 0x03: JJH Y femur tracker  s/n:3E4C8801,868858633,1781706577.218611239,1,OK,0.6519051,-0.4491491,-0.1767174,0.5848554,-220.719,18.221,-1652.200,0.5266472,3,OK,-220.651,18.624,-1652.388,OK,-284.178,-42.430,-1698.973,OK,-244.297,-68.194,-1624.259
3,Port 0x01: JJH Probe  s/n:3E4C880C,868858636,1781706577.268611239,1,Too Few Markers,-3.697314E28,-3.697314E28,-3.697314E28,-3.697314E28,-3.697314E28,-3.697314E28,-3.697314E28,0.0000000,3,Missing,-3.697314E28,-3.697314E28,-3.697314E28,Missing,-3.697314E28,-3.697314E28,-3.697314E28,Missing,-3.697314E28,-3.697314E28,-3.697314E28,Port 0x02: JJH T tibia tracker  s/n:3E4C8800,868858636,1781706577.268611239,1,OK,0.9616590,0.0750910,-0.1012173,0.2435743,33.406,52.554,-1630.614,0.3605378,3,OK,33.666,52.243,-1630.633,OK,47.315,-40.865,-1647.035,OK,-44.105,11.825,-1651.419,Port 0x03: JJH Y femur tracker  s/n:3E4C8801,868858636,1781706577.268611239,1,OK,0.6504512,-0.4577281,-0.1841326,0.5774888,-219.548,18.559,-1654.621,0.5070341,3,OK,-219.493,18.941,-1654.823,OK,-281.959,-41.867,-1702.974,OK,-244.247,-67.709,-1627.244
3,Port 0x01: JJH Probe  s/n:3E4C880C,868858639,1781706577.318611239,1,Too Few Markers,-3.697314E28,-3.697314E28,-3.697314E28,-3.697314E28,-3.697314E28,-3.697314E28,-3.697314E28,0.0000000,3,Missing,-3.697314E28,-3.697314E28,-3.697314E28,Missing,-3.697314E28,-3.697314E28,-3.697314E28,Missing,-3.697314E28,-3.697314E28,-3.697314E28,Port 0x02: JJH T tibia tracker  s/n:3E4C8800,868858639,1781706577.318611239,1,OK,0.9618560,0.0714549,-0.1002416,0.2442926,33.815,52.387,-1629.808,0.3666461,3,OK,34.072,52.063,-1629.828,OK,47.792,-41.137,-1645.513,OK,-43.669,11.452,-1650.297,Port 0x03: JJH Y femur tracker  s/n:3E4C8801,868858639,1781706577.318611239,1,OK,0.6487186,-0.4660754,-0.1915534,0.5703026,-218.354,18.868,-1656.911,0.5092650,3,OK,-218.301,19.238,-1657.118,OK,-279.676,-41.383,-1706.834,OK,-244.079,-67.277,-1630.088
3,Port 0x01: JJH Probe  s/n:3E4C880C,868858642,1781706577.368611239,1,Too Few Markers,-3.697314E28,-3.697314E28,-3.697314E28,-3.697314E28,-3.697314E28,-3.697314E28,-3.697314E28,0.0000000,3,Missing,-3.697314E28,-3.697314E28,-3.697314E28,Missing,-3.697314E28,-3.697314E28,-3.697314E28,Missing,-3.697314E28,-3.697314E28,-3.697314E28,Port 0x02: JJH T tibia tracker  s/n:3E4C8800,868858642,1781706577.368611239,1,OK,0.9620830,0.0678929,-0.0987987,0.2450015,34.196,52.220,-1629.013,0.3644527,3,OK,34.444,51.889,-1629.034,OK,48.235,-41.415,-1644.008,OK,-43.275,11.080,-1649.107,Port 0x03: JJH Y femur tracker  s/n:3E4C8801,868858642,1781706577.368611239,1,OK,0.6473984,-0.4733281,-0.1984764,0.5634208,-217.248,19.167,-1658.911,0.5152350,3,OK,-217.181,19.534,-1659.102,OK,-277.593,-40.867,-1710.331,OK,-243.922,-66.869,-1632.695
3,Port 0x01: JJH Probe  s/n:3E4C880C,868858645,1781706577.418611239,1,Too Few Markers,-3.697314E28,-3.697314E28,-3.697314E28,-3.697314E28,-3.697314E28,-3.697314E28,-3.697314E28,0.0000000,3,Missing,-3.697314E28,-3.697314E28,-3.697314E28,Missing,-3.697314E28,-3.697314E28,-3.697314E28,Missing,-3.697314E28,-3.697314E28,-3.697314E28,Port 0x02: JJH T tibia tracker  s/n:3E4C8800,868858645,1781706577.418611239,1,OK,0.9622480,0.0649908,-0.0974472,0.2456807,34.461,52.031,-1628.140,0.3589268,3,OK,34.705,51.705,-1628.159,OK,48.560,-41.691,-1642.551,OK,-42.992,10.699,-1647.882,Port 0x03: JJH Y femur tracker  s/n:3E4C8801,868858645,1781706577.418611239,1,OK,0.6457382,-0.4800285,-0.2041722,0.5575917,-216.243,19.395,-1660.822,0.5173478,3,OK,-216.197,19.751,-1661.047,OK,-275.629,-40.512,-1713.371,OK,-243.733,-66.541,-1635.052
3,Port 0x01: JJH Probe  s/n:3E4C880C,868858648,1781706577.468611239,1,Too Few Markers,-3.697314E28,-3.697314E28,-3.697314E28,-3.697314E28,-3.697314E28,-3.697314E28,-3.697314E28,0.0000000,3,Missing,-3.697314E28,-3.697314E28,-3.697314E28,Missing,-3.697314E28,-3.697314E28,-3.697314E28,Missing,-3.697314E28,-3.697314E28,-3.697314E28,Port 0x02: JJH T tibia tracker  s/n:3E4C8800,868858648,1781706577.468611239,1,OK,0.9622354,0.0623918,-0.0974343,0.2464080,34.796,51.943,-1627.381,0.3611421,3,OK,35.058,51.634,-1627.392,OK,48.999,-41.846,-1641.292,OK,-42.612,10.429,-1647.020,Port 0x03: JJH Y femur tracker  s/n:3E4C8801,868858648,1781706577.468611239,1,OK,0.6443020,-0.4859103,-0.2098725,0.5520142,-215.161,19.599,-1662.433,0.5086877,3,OK,-215.107,19.949,-1662.648,OK,-273.650,-40.184,-1716.139,OK,-243.370,-66.245,-1637.192
3,Port 0x01: JJH Probe  s/n:3E4C880C,868858651,1781706577.518611239,1,Too Few Markers,-3.697314E28,-3.697314E28,-3.697314E28,-3.697314E28,-3.697314E28,-3.697314E28,-3.697314E28,0.0000000,3,Missing,-3.697314E28,-3.697314E28,-3.697314E28,Missing,-3.697314E28,-3.697314E28,-3.697314E28,Missing,-3.697314E28,-3.697314E28,-3.697314E28,Port 0x02: JJH T tibia tracker  s/n:3E4C8800,868858651,1781706577.518611239,1,OK,0.9623245,0.0599221,-0.0962419,0.2471406,35.074,51.852,-1626.761,0.3569195,3,OK,35.326,51.538,-1626.773,OK,49.358,-41.997,-1640.171,OK,-42.298,10.155,-1646.091,Port 0x03: JJH Y femur tracker  s/n:3E4C8801,868858651,1781706577.518611239,1,OK,0.6432682,-0.4908557,-0.2144143,0.5470770,-214.329,19.786,-1663.731,0.4901051,3,OK,-214.272,20.131,-1663.946,OK,-272.082,-39.853,-1718.354,OK,-243.208,-65.957,-1638.965
3,Port 0x01: JJH Probe  s/n:3E4C880C,868858654,1781706577.568567937,1,Too Few Markers,-3.697314E28,-3.697314E28,-3.697314E28,-3.697314E28,-3.697314E28,-3.697314E28,-3.697314E28,0.0000000,3,Missing,-3.697314E28,-3.697314E28,-3.697314E28,Missing,-3.697314E28,-3.697314E28,-3.697314E28,Missing,-3.697314E28,-3.697314E28,-3.697314E28,Port 0x02: JJH T tibia tracker  s/n:3E4C8800,868858654,1781706577.568567937,1,OK,0.9623773,0.0580020,-0.0955963,0.2476429,35.239,51.772,-1626.207,0.3527390,3,OK,35.494,51.469,-1626.215,OK,49.582,-42.129,-1639.234,OK,-42.114,9.944,-1645.346,Port 0x03: JJH Y femur tracker  s/n:3E4C8801,868858654,1781706577.568567937,1,OK,0.6419781,-0.4954094,-0.2182539,0.5429538,-213.615,19.968,-1665.043,0.5158328,3,OK,-213.568,20.301,-1665.270,OK,-270.696,-39.586,-1720.463,OK,-243.014,-65.700,-1640.556
3,Port 0x01: JJH Probe  s/n:3E4C880C,868858657,1781706577.618567937,1,Too Few Markers,-3.697314E28,-3.697314E28,-3.697314E28,-3.697314E28,-3.697314E28,-3.697314E28,-3.697314E28,0.0000000,3,Missing,-3.697314E28,-3.697314E28,-3.697314E28,Missing,-3.697314E28,-3.697314E28,-3.697314E28,Missing,-3.697314E28,-3.697314E28,-3.697314E28,Port 0x02: JJH T tibia tracker  s/n:3E4C8800,868858657,1781706577.618567937,1,OK,0.9624403,0.0555448,-0.0950401,0.2481751,35.474,51.705,-1625.825,0.3619047,3,OK,35.725,51.381,-1625.836,OK,49.876,-42.239,-1638.367,OK,-41.849,9.739,-1644.764,Port 0x03: JJH Y femur tracker  s/n:3E4C8801,868858657,1781706577.618567937,1,OK,0.6410515,-0.4991040,-0.2218570,0.5391917,-212.866,20.058,-1666.031,0.5046055,3,OK,-212.815,20.386,-1666.253,OK,-269.345,-39.404,-1722.161,OK,-242.737,-65.543,-1641.926
3,Port 0x01: JJH Probe  s/n:3E4C880C,868858660,1781706577.668567937,1,Too Few Markers,-3.697314E28,-3.697314E28,-3.697314E28,-3.697314E28,-3.697314E28,-3.697314E28,-3.697314E28,0.0000000,3,Missing,-3.697314E28,-3.697314E28,-3.697314E28,Missing,-3.697314E28,-3.697314E28,-3.697314E28,Missing,-3.697314E28,-3.697314E28,-3.697314E28,Port 0x02: JJH T tibia tracker  s/n:3E4C8800,868858660,1781706577.668567937,1,OK,0.9623210,0.0548335,-0.0951431,0.2487557,35.591,51.789,-1625.413,0.3546999,3,OK,35.844,51.479,-1625.421,OK,50.095,-42.166,-1637.815,OK,-41.674,9.714,-1644.342,Port 0x03: JJH Y femur tracker  s/n:3E4C8801,868858660,1781706577.668567937,1,OK,0.6423812,-0.4999448,-0.2216530,0.5369093,-213.210,20.690,-1666.086,0.5001684,3,OK,-213.147,21.025,-1666.293,OK,-269.861,-38.446,-1722.418,OK,-243.557,-64.779,-1642.145
3,Port 0x01: JJH Probe  s/n:3E4C880C,868858663,1781706577.718567937,1,Too Few Markers,-3.697314E28,-3.697314E28,-3.697314E28,-3.697314E28,-3.697314E28,-3.697314E28,-3.697314E28,0.0000000,3,Missing,-3.697314E28,-3.697314E28,-3.697314E28,Missing,-3.697314E28,-3.697314E28,-3.697314E28,Missing,-3.697314E28,-3.697314E28,-3.697314E28,Port 0x02: JJH T tibia tracker  s/n:3E4C8800,868858663,1781706577.718567937,1,OK,0.9623677,0.0537941,-0.0942446,0.2491436,36.018,51.746,-1625.498,0.3596615,3,OK,36.266,51.423,-1625.509,OK,50.569,-42.225,-1637.678,OK,-41.243,9.580,-1644.229,Port 0x03: JJH Y femur tracker  s/n:3E4C8801,868858663,1781706577.718567937,1,OK,0.6416057,-0.4988563,-0.2216875,0.5388314,-212.679,20.178,-1665.878,0.4944717,3,OK,-212.623,20.510,-1666.094,OK,-269.244,-39.182,-1722.025,OK,-242.641,-65.403,-1641.851
3,Port 0x01: JJH Probe  s/n:3E4C880C,868858666,1781706577.768567937,1,Too Few Markers,-3.697314E28,-3.697314E28,-3.697314E28,-3.697314E28,-3.697314E28,-3.697314E28,-3.697314E28,0.0000000,3,Missing,-3.697314E28,-3.697314E28,-3.697314E28,Missing,-3.697314E28,-3.697314E28,-3.697314E28,Missing,-3.697314E28,-3.697314E28,-3.697314E28,Port 0x02: JJH T tibia tracker  s/n:3E4C8800,868858666,1781706577.768567937,1,OK,0.9622681,0.0544669,-0.0947058,0.2492072,36.021,51.843,-1625.435,0.3611789,3,OK,36.277,51.527,-1625.443,OK,50.611,-42.112,-1637.749,OK,-41.233,9.686,-1644.277,Port 0x03: JJH Y femur tracker  s/n:3E4C8801,868858666,1781706577.768567937,1,OK,0.6417321,-0.4989164,-0.2208880,0.5389534,-212.715,20.276,-1665.752,0.4857442,3,OK,-212.663,20.604,-1665.971,OK,-269.385,-39.088,-1721.769,OK,-242.723,-65.254,-1641.630
3,Port 0x01: JJH Probe  s/n:3E4C880C,868858669,1781706577.818567937,1,Too Few Markers,-3.697314E28,-3.697314E28,-3.697314E28,-3.697314E28,-3.697314E28,-3.697314E28,-3.697314E28,0.0000000,3,Missing,-3.697314E28,-3.697314E28,-3.697314E28,Missing,-3.697314E28,-3.697314E28,-3.697314E28,Missing,-3.697314E28,-3.697314E28,-3.697314E28,Port 0x02: JJH T tibia tracker  s/n:3E4C8800,868858669,1781706577.818567937,1,OK,0.9621526,0.0548421,-0.0951583,0.2493984,35.952,51.929,-1625.427,0.3693266,3,OK,36.219,51.611,-1625.434,OK,50.583,-41.996,-1637.817,OK,-41.271,9.745,-1644.366,Port 0x03: JJH Y femur tracker  s/n:3E4C8801,868858669,1781706577.818567937,1,OK,0.6418905,-0.4986802,-0.2218872,0.5385729,-212.746,20.178,-1665.830,0.4735258,3,OK,-212.684,20.506,-1666.029,OK,-269.329,-39.133,-1722.035,OK,-242.744,-65.389,-1641.903
3,Port 0x01: JJH Probe  s/n:3E4C880C,868858672,1781706577.868567937,1,Too Few Markers,-3.697314E28,-3.697314E28,-3.697314E28,-3.697314E28,-3.697314E28,-3.697314E28,-3.697314E28,0.0000000,3,Missing,-3.697314E28,-3.697314E28,-3.697314E28,Missing,-3.697314E28,-3.697314E28,-3.697314E28,Missing,-3.697314E28,-3.697314E28,-3.697314E28,Port 0x02: JJH T tibia tracker  s/n:3E4C8800,868858672,1781706577.868567937,1,OK,0.9621261,0.0547975,-0.0951075,0.2495300,35.831,51.963,-1625.457,0.3640320,3,OK,36.086,51.640,-1625.467,OK,50.486,-41.961,-1637.835,OK,-41.370,9.763,-1644.383,Port 0x03: JJH Y femur tracker  s/n:3E4C8801,868858672,1781706577.868567937,1,OK,0.6409781,-0.4982068,-0.2214167,0.5402885,-212.685,19.933,-1665.703,0.5046846,3,OK,-212.625,20.267,-1665.910,OK,-269.239,-39.614,-1721.713,OK,-242.365,-65.707,-1641.527
3,Port 0x01: JJH Probe  s/n:3E4C880C,868858675,1781706577.918567937,1,Too Few Markers,-3.697314E28,-3.697314E28,-3.697314E28,-3.697314E28,-3.697314E28,-3.697314E28,-3.697314E28,0.0000000,3,Missing,-3.697314E28,-3.697314E28,-3.697314E28,Missing,-3.697314E28,-3.697314E28,-3.697314E28,Missing,-3.697314E28,-3.697314E28,-3.697314E28,Port 0x02: JJH T tibia tracker  s/n:3E4C8800,868858675,1781706577.918567937,1,OK,0.9620869,0.0553415,-0.0948857,0.2496453,35.769,52.001,-1625.767,0.3698116,3,OK,36.025,51.668,-1625.779,OK,50.452,-41.899,-1638.241,OK,-41.430,9.791,-1644.679,Port 0x03: JJH Y femur tracker  s/n:3E4C8801,868858675,1781706577.918567937,1,OK,0.6416265,-0.4958732,-0.2195838,0.5424095,-213.097,19.693,-1665.088,0.4939094,3,OK,-213.045,20.022,-1665.302,OK,-269.970,-39.882,-1720.702,OK,-242.502,-65.997,-1640.775
3,Port 0x01: JJH Probe  s/n:3E4C880C,868858678,1781706577.968567937,1,Too Few Markers,-3.697314E28,-3.697314E28,-3.697314E28,-3.697314E28,-3.697314E28,-3.697314E28,-3.697314E28,0.0000000,3,Missing,-3.697314E28,-3.697314E28,-3.697314E28,Missing,-3.697314E28,-3.697314E28,-3.697314E28,Missing,-3.697314E28,-3.697314E28,-3.697314E28,Port 0x02: JJH T tibia tracker  s/n:3E4C8800,868858678,1781706577.968567937,1,OK,0.9619181,0.0574968,-0.0957466,0.2494801,35.511,52.170,-1626.186,0.3572510,3,OK,35.766,51.859,-1626.196,OK,50.202,-41.685,-1639.088,OK,-41.668,10.035,-1645.339,Port 0x03: JJH Y femur tracker  s/n:3E4C8801,868858678,1781706577.968567937,1,OK,0.6428106,-0.4916383,-0.2158167,0.5463601,-213.964,19.566,-1663.966,0.5009388,3,OK,-213.906,19.903,-1664.169,OK,-271.506,-40.083,-1718.859,OK,-242.860,-66.199,-1639.306
3,Port 0x01: JJH Probe  s/n:3E4C880C,868858681,1781706578.018567937,1,Too Few Markers,-3.697314E28,-3.697314E28,-3.697314E28,-3.697314E28,-3.697314E28,-3.697314E28,-3.697314E28,0.0000000,3,Missing,-3.697314E28,-3.697314E28,-3.697314E28,Missing,-3.697314E28,-3.697314E28,-3.697314E28,Missing,-3.697314E28,-3.697314E28,-3.697314E28,Port 0x02: JJH T tibia tracker  s/n:3E4C8800,868858681,1781706578.018567937,1,OK,0.9617741,0.0595012,-0.0966899,0.2492012,35.257,52.337,-1626.930,0.3565579,3,OK,35.509,52.023,-1626.942,OK,49.948,-41.465,-1640.233,OK,-41.916,10.308,-1646.331,Port 0x03: JJH Y femur tracker  s/n:3E4C8801,868858681,1781706578.018567937,1,OK,0.6443064,-0.4851232,-0.2094412,0.5528645,-215.063,19.315,-1662.230,0.5136477,3,OK,-215.013,19.664,-1662.449,OK,-273.612,-40.510,-1715.819,OK,-243.127,-66.565,-1636.934
3,Port 0x01: JJH Probe  s/n:3E4C880C,868858684,1781706578.068567937,1,Too Few Markers,-3.697314E28,-3.697314E28,-3.697314E28,-3.697314E28,-3.697314E28,-3.697314E28,-3.697314E28,0.0000000,3,Missing,-3.697314E28,-3.697314E28,-3.697314E28,Missing,-3.697314E28,-3.697314E28,-3.697314E28,Missing,-3.697314E28,-3.697314E28,-3.697314E28,Port 0x02: JJH T tibia tracker  s/n:3E4C8800,868858684,1781706578.068567937,1,OK,0.9615586,0.0630463,-0.0980384,0.2486335,34.879,52.553,-1627.696,0.3584701,3,OK,35.147,52.255,-1627.705,OK,49.529,-41.153,-1641.704,OK,-42.306,10.693,-1647.482,Port 0x03: JJH Y femur tracker  s/n:3E4C8801,868858684,1781706578.068567937,1,OK,0.6465774,-0.4760869,-0.2019377,0.5608030,-216.541,19.056,-1659.760,0.5084991,3,OK,-216.473,19.421,-1659.948,OK,-276.363,-40.933,-1711.832,OK,-243.513,-66.983,-1633.881
3,Port 0x01: JJH Probe  s/n:3E4C880C,868858687,1781706578.118567937,1,Too Few Markers,-3.697314E28,-3.697314E28,-3.697314E28,-3.697314E28,-3.697314E28,-3.697314E28,-3.697314E28,0.0000000,3,Missing,-3.697314E28,-3.697314E28,-3.697314E28,Missing,-3.697314E28,-3.697314E28,-3.697314E28,Missing,-3.697314E28,-3.697314E28,-3.697314E28,Port 0x02: JJH T tibia tracker  s/n:3E4C8800,868858687,1781706578.118567937,1,OK,0.9614420,0.0666965,-0.0986423,0.2478921,34.433,52.796,-1628.972,0.3567421,3,OK,34.676,52.472,-1628.992,OK,49.009,-40.806,-1643.688,OK,-42.778,11.160,-1649.008,Port 0x03: JJH Y femur tracker  s/n:3E4C8801,868858687,1781706578.118567937,1,OK,0.6488743,-0.4656749,-0.1919990,0.5703029,-218.189,18.651,-1656.896,0.4960227,3,OK,-218.126,19.029,-1657.093,OK,-279.484,-41.584,-1706.878,OK,-243.892,-67.526,-1630.199
3,Port 0x01: JJH Probe  s/n:3E4C880C,868858690,1781706578.168567937,1,Too Few Markers,-3.697314E28,-3.697314E28,-3.697314E28,-3.697314E28,-3.697314E28,-3.697314E28,-3.697314E28,0.0000000,3,Missing,-3.697314E28,-3.697314E28,-3.697314E28,Missing,-3.697314E28,-3.697314E28,-3.697314E28,Missing,-3.697314E28,-3.697314E28,-3.697314E28,Port 0x02: JJH T tibia tracker  s/n:3E4C8800,868858690,1781706578.168567937,1,OK,0.9611265,0.0715195,-0.1002996,0.2471049,33.956,53.144,-1630.179,0.3632749,3,OK,34.212,52.824,-1630.199,OK,48.485,-40.307,-1645.847,OK,-43.278,11.759,-1650.704,Port 0x03: JJH Y femur tracker  s/n:3E4C8801,868858690,1781706578.168567937,1,OK,0.6512438,-0.4540095,-0.1816717,0.5803037,-219.870,18.290,-1653.602,0.5211763,3,OK,-219.789,18.678,-1653.766,OK,-282.723,-42.196,-1701.474,OK,-244.097,-68.054,-1626.088
3,Port 0x01: JJH Probe  s/n:3E4C880C,868858693,1781706578.218567937,1,Too Few Markers,-3.697314E28,-3.697314E28,-3.697314E28,-3.697314E28,-3.697314E28,-3.697314E28,-3.697314E28,0.0000000,3,Missing,-3.697314E28,-3.697314E28,-3.697314E28,Missing,-3.697314E28,-3.697314E28,-3.697314E28,Missing,-3.697314E28,-3.697314E28,-3.697314E28,Port 0x02: JJH T tibia tracker  s/n:3E4C8800,868858693,1781706578.218567937,1,OK,0.9608224,0.0760136,-0.1017558,0.2463492,33.403,53.381,-1631.390,0.3638550,3,OK,33.660,53.061,-1631.413,OK,47.880,-39.923,-1647.942,OK,-43.842,12.238,-1652.350,Port 0x03: JJH Y femur tracker  s/n:3E4C8801,868858693,1781706578.218567937,1,OK,0.6532485,-0.4410905,-0.1702876,0.5913609,-221.486,17.728,-1650.010,0.5177111,3,OK,-221.404,18.145,-1650.183,OK,-285.826,-43.116,-1695.355,OK,-244.048,-68.820,-1621.695
3,Port 0x01: JJH Probe  s/n:3E4C880C,868858696,1781706578.268604597,1,Too Few Markers,-3.697314E28,-3.697314E28,-3.697314E28,-3.697314E28,-3.697314E28,-3.697314E28,-3.697314E28,0.0000000,3,Missing,-3.697314E28,-3.697314E28,-3.697314E28,Missing,-3.697314E28,-3.697314E28,-3.697314E28,Missing,-3.697314E28,-3.697314E28,-3.697314E28,Port 0x02: JJH T tibia tracker  s/n:3E4C8800,868858696,1781706578.268604597,1,OK,0.9605372,0.0798329,-0.1033907,0.2455716,32.731,53.755,-1632.421,0.3596080,3,OK,32.982,53.435,-1632.447,OK,47.146,-39.420,-1649.735,OK,-44.512,12.852,-1653.815,Port 0x03: JJH Y femur tracker  s/n:3E4C8801,868858696,1781706578.268604597,1,OK,0.6552555,-0.4278433,-0.1583045,0.6021047,-223.191,17.398,-1646.214,0.5232887,3,OK,-223.108,17.831,-1646.386,OK,-289.021,-43.765,-1688.935,OK,-244.081,-69.313,-1617.108
3,Port 0x01: JJH Probe  s/n:3E4C880C,868858699,1781706578.318604597,1,Too Few Markers,-3.697314E28,-3.697314E28,-3.697314E28,-3.697314E28,-3.697314E28,-3.697314E28,-3.697314E28,0.0000000,3,Missing,-3.697314E28,-3.697314E28,-3.697314E28,Missing,-3.697314E28,-3.697314E28,-3.697314E28,Missing,-3.697314E28,-3.697314E28,-3.697314E28,Port 0x02: JJH T tibia tracker  s/n:3E4C8800,868858699,1781706578.318604597,1,OK,0.9605039,0.0817530,-0.1033881,0.2450708,32.148,53.884,-1633.274,0.3525104,3,OK,32.385,53.561,-1633.305,OK,46.495,-39.236,-1650.957,OK,-45.127,13.112,-1654.740,Port 0x03: JJH Y femur tracker  s/n:3E4C8801,868858699,1781706578.318604597,1,OK,0.6571785,-0.4133650,-0.1464573,0.6130221,-224.580,16.790,-1642.261,0.4788458,3,OK,-224.476,17.239,-1642.409,OK,-291.780,-44.739,-1682.258,OK,-243.692,-70.093,-1612.623
3,Port 0x01: JJH Probe  s/n:3E4C880C,868858702,1781706578.368604597,1,Too Few Markers,-3.697314E28,-3.697314E28,-3.697314E28,-3.697314E28,-3.697314E28,-3.697314E28,-3.697314E28,0.0000000,3,Missing,-3.697314E28,-3.697314E28,-3.697314E28,Missing,-3.697314E28,-3.697314E28,-3.697314E28,Missing,-3.697314E28,-3.697314E28,-3.697314E28,Port 0x02: JJH T tibia tracker  s/n:3E4C8800,868858702,1781706578.368604597,1,OK,0.9603668,0.0834258,-0.1048849,0.2444073,31.457,53.951,-1633.672,0.3580212,3,OK,31.715,53.642,-1633.697,OK,45.738,-39.116,-1651.710,OK,-45.842,13.342,-1655.464,Port 0x03: JJH Y femur tracker  s/n:3E4C8801,868858702,1781706578.368604597,1,OK,0.6584024,-0.3996065,-0.1350697,0.6233595,-225.870,16.374,-1638.248,0.4935275,3,OK,-225.738,16.842,-1638.370,OK,-294.283,-45.559,-1675.649,OK,-243.165,-70.681,-1608.042
3,Port 0x01: JJH Probe  s/n:3E4C880C,868858705,1781706578.418604597,1,Too Few Markers,-3.697314E28,-3.697314E28,-3.697314E28,-3.697314E28,-3.697314E28,-3.697314E28,-3.697314E28,0.0000000,3,Missing,-3.697314E28,-3.697314E28,-3.697314E28,Missing,-3.697314E28,-3.697314E28,-3.697314E28,Missing,-3.697314E28,-3.697314E28,-3.697314E28,Port 0x02: JJH T tibia tracker  s/n:3E4C8800,868858705,1781706578.418604597,1,OK,0.9605468,0.0836174,-0.1047588,0.2436875,30.687,53.880,-1634.158,0.3530804,3,OK,30.935,53.568,-1634.185,OK,44.836,-39.205,-1652.242,OK,-46.678,13.399,-1655.927,Port 0x03: JJH Y femur tracker  s/n:3E4C8801,868858705,1781706578.418604597,1,OK,0.6593189,-0.3860172,-0.1228659,0.6333981,-227.000,15.893,-1634.379,0.4996991,3,OK,-226.875,16.374,-1634.512,OK,-296.521,-46.428,-1668.969,OK,-242.519,-71.293,-1603.558
3,Port 0x01: JJH Probe  s/n:3E4C880C,868858708,1781706578.468604597,1,Too Few Markers,-3.697314E28,-3.697314E28,-3.697314E28,-3.697314E28,-3.697314E28,-3.697314E28,-3.697314E28,0.0000000,3,Missing,-3.697314E28,-3.697314E28,-3.697314E28,Missing,-3.697314E28,-3.697314E28,-3.697314E28,Missing,-3.697314E28,-3.697314E28,-3.697314E28,Port 0x02: JJH T tibia tracker  s/n:3E4C8800,868858708,1781706578.468604597,1,OK,0.9606339,0.0836360,-0.1050854,0.2431964,30.212,53.587,-1634.510,0.3623903,3,OK,30.467,53.268,-1634.538,OK,44.263,-39.492,-1652.612,OK,-47.181,13.183,-1656.332,Port 0x03: JJH Y femur tracker  s/n:3E4C8801,868858708,1781706578.468604597,1,OK,0.6600948,-0.3718232,-0.1114861,0.6431121,-227.841,15.186,-1630.519,0.4848947,3,OK,-227.715,15.692,-1630.658,OK,-298.270,-47.536,-1662.373,OK,-241.577,-72.171,-1599.367
3,Port 0x01: JJH Probe  s/n:3E4C880C,868858711,1781706578.518604597,1,Too Few Markers,-3.697314E28,-3.697314E28,-3.697314E28,-3.697314E28,-3.697314E28,-3.697314E28,-3.697314E28,0.0000000,3,Missing,-3.697314E28,-3.697314E28,-3.697314E28,Missing,-3.697314E28,-3.697314E28,-3.697314E28,Missing,-3.697314E28,-3.697314E28,-3.697314E28,Port 0x02: JJH T tibia tracker  s/n:3E4C8800,868858711,1781706578.518604597,1,OK,0.9605377,0.0838106,-0.1053117,0.2434186,29.801,53.366,-1634.666,0.3508070,3,OK,30.053,53.063,-1634.691,OK,43.906,-39.715,-1652.804,OK,-47.564,12.936,-1656.536,Port 0x03: JJH Y femur tracker  s/n:3E4C8801,868858711,1781706578.518604597,1,OK,0.6604263,-0.3585460,-0.1004685,0.6520643,-228.605,14.505,-1626.611,0.4908854,3,OK,-228.453,15.015,-1626.727,OK,-299.870,-48.631,-1655.880,OK,-240.581,-72.956,-1595.102
3,Port 0x01: JJH Probe  s/n:3E4C880C,868858714,1781706578.568604597,1,Too Few Markers,-3.697314E28,-3.697314E28,-3.697314E28,-3.697314E28,-3.697314E28,-3.697314E28,-3.697314E28,0.0000000,3,Missing,-3.697314E28,-3.697314E28,-3.697314E28,Missing,-3.697314E28,-3.697314E28,-3.697314E28,Missing,-3.697314E28,-3.697314E28,-3.697314E28,Port 0x02: JJH T tibia tracker  s/n:3E4C8800,868858714,1781706578.568604597,1,OK,0.9605448,0.0831248,-0.1053842,0.2435940,29.416,53.197,-1634.838,0.3572828,3,OK,29.673,52.889,-1634.862,OK,43.546,-39.898,-1652.844,OK,-47.935,12.723,-1656.694,Port 0x03: JJH Y femur tracker  s/n:3E4C8801,868858714,1781706578.568604597,1,OK,0.6604742,-0.3455510,-0.0890543,0.6606343,-229.182,14.001,-1622.953,0.5060143,3,OK,-229.035,14.537,-1623.083,OK,-301.147,-49.528,-1649.517,OK,-239.461,-73.565,-1591.068
3,Port 0x01: JJH Probe  s/n:3E4C880C,868858717,1781706578.618643090,1,Too Few Markers,-3.697314E28,-3.697314E28,-3.697314E28,-3.697314E28,-3.697314E28,-3.697314E28,-3.697314E28,0.0000000,3,Missing,-3.697314E28,-3.697314E28,-3.697314E28,Missing,-3.697314E28,-3.697314E28,-3.697314E28,Missing,-3.697314E28,-3.697314E28,-3.697314E28,Port 0x02: JJH T tibia tracker  s/n:3E4C8800,868858717,1781706578.618643090,1,OK,0.9605872,0.0823295,-0.1053981,0.2436913,28.781,53.232,-1634.972,0.3558203,3,OK,29.028,52.915,-1634.999,OK,42.924,-39.893,-1652.827,OK,-48.557,12.733,-1656.795,Port 0x03: JJH Y femur tracker  s/n:3E4C8801,868858717,1781706578.618643090,1,OK,0.6603506,-0.3324228,-0.0780716,0.6688326,-229.604,13.400,-1619.421,0.4969884,3,OK,-229.463,13.955,-1619.562,OK,-302.107,-50.528,-1643.320,OK,-238.225,-74.264,-1587.326
3,Port 0x01: JJH Probe  s/n:3E4C880C,868858720,1781706578.668643090,1,Too Few Markers,-3.697314E28,-3.697314E28,-3.697314E28,-3.697314E28,-3.697314E28,-3.697314E28,-3.697314E28,0.0000000,3,Missing,-3.697314E28,-3.697314E28,-3.697314E28,Missing,-3.697314E28,-3.697314E28,-3.697314E28,Missing,-3.697314E28,-3.697314E28,-3.697314E28,Port 0x02: JJH T tibia tracker  s/n:3E4C8800,868858720,1781706578.668643090,1,OK,0.9604396,0.0836529,-0.1059557,0.2435803,28.289,53.236,-1635.329,0.3542996,3,OK,28.537,52.922,-1635.357,OK,42.432,-39.831,-1653.446,OK,-49.025,12.788,-1657.302,Port 0x03: JJH Y femur tracker  s/n:3E4C8801,868858720,1781706578.668643090,1,OK,0.6600559,-0.3198765,-0.0680014,0.6762995,-229.861,12.829,-1615.962,0.4958659,3,OK,-229.721,13.395,-1616.106,OK,-302.796,-51.473,-1637.416,OK,-236.887,-74.931,-1583.758
3,Port 0x01: JJH Probe  s/n:3E4C880C,868858723,1781706578.718643090,1,Too Few Markers,-3.697314E28,-3.697314E28,-3.697314E28,-3.697314E28,-3.697314E28,-3.697314E28,-3.697314E28,0.0000000,3,Missing,-3.697314E28,-3.697314E28,-3.697314E28,Missing,-3.697314E28,-3.697314E28,-3.697314E28,Missing,-3.697314E28,-3.697314E28,-3.697314E28,Port 0x02: JJH T tibia tracker  s/n:3E4C8800,868858723,1781706578.718643090,1,OK,0.9602869,0.0861501,-0.1064225,0.2431080,27.675,53.460,-1635.902,0.3591838,3,OK,27.910,53.124,-1635.938,OK,41.782,-39.509,-1654.500,OK,-49.656,13.168,-1658.050,Port 0x03: JJH Y femur tracker  s/n:3E4C8801,868858723,1781706578.718643090,1,OK,0.6594727,-0.3077180,-0.0581252,0.6833936,-229.940,12.295,-1612.626,0.4829442,3,OK,-229.800,12.866,-1612.771,OK,-303.181,-52.399,-1631.661,OK,-235.425,-75.528,-1580.357
3,Port 0x01: JJH Probe  s/n:3E4C880C,868858726,1781706578.768643090,1,Too Few Markers,-3.697314E28,-3.697314E28,-3.697314E28,-3.697314E28,-3.697314E28,-3.697314E28,-3.697314E28,0.0000000,3,Missing,-3.697314E28,-3.697314E28,-3.697314E28,Missing,-3.697314E28,-3.697314E28,-3.697314E28,Missing,-3.697314E28,-3.697314E28,-3.697314E28,Port 0x02: JJH T tibia tracker  s/n:3E4C8800,868858726,1781706578.768643090,1,OK,0.9598947,0.0913174,-0.1076902,0.2422111,26.853,53.804,-1636.641,0.3419586,3,OK,27.087,53.496,-1636.675,OK,40.896,-38.990,-1656.250,OK,-50.506,13.800,-1659.213,Port 0x03: JJH Y femur tracker  s/n:3E4C8801,868858726,1781706578.768643090,1,OK,0.6588876,-0.2958723,-0.0489434,0.6898778,-230.004,11.733,-1609.329,0.4864079,3,OK,-229.850,12.315,-1609.469,OK,-303.508,-53.321,-1626.127,OK,-234.010,-76.165,-1577.088
3,Port 0x01: JJH Probe  s/n:3E4C880C,868858729,1781706578.818643090,1,Too Few Markers,-3.697314E28,-3.697314E28,-3.697314E28,-3.697314E28,-3.697314E28,-3.697314E28,-3.697314E28,0.0000000,3,Missing,-3.697314E28,-3.697314E28,-3.697314E28,Missing,-3.697314E28,-3.697314E28,-3.697314E28,Missing,-3.697314E28,-3.697314E28,-3.697314E28,Port 0x02: JJH T tibia tracker  s/n:3E4C8800,868858729,1781706578.818643090,1,OK,0.9593734,0.0963467,-0.1094753,0.2415267,26.267,54.057,-1637.445,0.3557118,3,OK,26.507,53.733,-1637.484,OK,40.299,-38.508,-1658.033,OK,-51.087,14.320,-1660.522,Port 0x03: JJH Y femur tracker  s/n:3E4C8801,868858729,1781706578.818643090,1,OK,0.6579350,-0.2844166,-0.0395852,0.6961765,-229.903,11.148,-1606.158,0.4853944,3,OK,-229.746,11.742,-1606.300,OK,-303.550,-54.291,-1620.667,OK,-232.454,-76.792,-1573.919
3,Port 0x01: JJH Probe  s/n:3E4C880C,868858732,1781706578.868643090,1,Too Few Markers,-3.697314E28,-3.697314E28,-3.697314E28,-3.697314E28,-3.697314E28,-3.697314E28,-3.697314E28,0.0000000,3,Missing,-3.697314E28,-3.697314E28,-3.697314E28,Missing,-3.697314E28,-3.697314E28,-3.697314E28,Missing,-3.697314E28,-3.697314E28,-3.697314E28,Port 0x02: JJH T tibia tracker  s/n:3E4C8800,868858732,1781706578.868643090,1,OK,0.9591259,0.0983825,-0.1100351,0.2414345,26.129,53.981,-1638.065,0.3419425,3,OK,26.362,53.672,-1638.104,OK,40.188,-38.507,-1659.049,OK,-51.202,14.321,-1661.320,Port 0x03: JJH Y femur tracker  s/n:3E4C8801,868858732,1781706578.868643090,1,OK,0.6569847,-0.2732531,-0.0307989,0.7019653,-229.640,10.577,-1603.120,0.4832399,3,OK,-229.492,11.172,-1603.268,OK,-303.368,-55.197,-1615.486,OK,-230.795,-77.419,-1570.957
3,Port 0x01: JJH Probe  s/n:3E4C880C,868858735,1781706578.918643090,1,Too Few Markers,-3.697314E28,-3.697314E28,-3.697314E28,-3.697314E28,-3.697314E28,-3.697314E28,-3.697314E28,0.0000000,3,Missing,-3.697314E28,-3.697314E28,-3.697314E28,Missing,-3.697314E28,-3.697314E28,-3.697314E28,Missing,-3.697314E28,-3.697314E28,-3.697314E28,Port 0x02: JJH T tibia tracker  s/n:3E4C8800,868858735,1781706578.918643090,1,OK,0.9594822,0.0946467,-0.1089883,0.2419866,25.683,53.764,-1637.604,0.3420111,3,OK,25.919,53.459,-1637.639,OK,39.768,-38.886,-1657.862,OK,-51.649,13.902,-1660.533,Port 0x03: JJH Y femur tracker  s/n:3E4C8801,868858735,1781706578.918643090,1,OK,0.6559497,-0.2619400,-0.0221219,0.7075507,-229.416,10.174,-1600.016,0.4761896,3,OK,-229.256,10.765,-1600.156,OK,-303.185,-55.949,-1610.265,OK,-229.189,-77.858,-1568.006
3,Port 0x01: JJH Probe  s/n:3E4C880C,868858738,1781706578.968643090,1,Too Few Markers,-3.697314E28,-3.697314E28,-3.697314E28,-3.697314E28,-3.697314E28,-3.697314E28,-3.697314E28,0.0000000,3,Missing,-3.697314E28,-3.697314E28,-3.697314E28,Missing,-3.697314E28,-3.697314E28,-3.697314E28,Missing,-3.697314E28,-3.697314E28,-3.697314E28,Port 0x02: JJH T tibia tracker  s/n:3E4C8800,868858738,1781706578.968643090,1,OK,0.9599056,0.0889231,-0.1077303,0.2430394,25.573,53.208,-1636.935,0.3570738,3,OK,25.815,52.884,-1636.969,OK,39.741,-39.646,-1656.079,OK,-51.720,13.014,-1659.425,Port 0x03: JJH Y femur tracker  s/n:3E4C8801,868858738,1781706578.968643090,1,OK,0.6546734,-0.2500747,-0.0130579,0.7132284,-229.014,9.596,-1596.833,0.4777739,3,OK,-228.849,10.195,-1596.974,OK,-302.739,-56.897,-1604.866,OK,-227.349,-78.480,-1565.022
3,Port 0x01: JJH Probe  s/n:3E4C880C,868858741,1781706579.018643090,1,Too Few Markers,-3.697314E28,-3.697314E28,-3.697314E28,-3.697314E28,-3.697314E28,-3.697314E28,-3.697314E28,0.0000000,3,Missing,-3.697314E28,-3.697314E28,-3.697314E28,Missing,-3.697314E28,-3.697314E28,-3.697314E28,Missing,-3.697314E28,-3.697314E28,-3.697314E28,Port 0x02: JJH T tibia tracker  s/n:3E4C8800,868858741,1781706579.018643090,1,OK,0.9601917,0.0836647,-0.1070629,0.2440691,25.395,52.818,-1636.022,0.3549930,3,OK,25.644,52.505,-1636.049,OK,39.666,-40.230,-1654.153,OK,-51.842,12.317,-1658.191,Port 0x03: JJH Y femur tracker  s/n:3E4C8801,868858741,1781706579.018643090,1,OK,0.6531805,-0.2372169,-0.0029068,0.7190792,-228.451,9.174,-1593.405,0.4737037,3,OK,-228.287,9.769,-1593.546,OK,-302.079,-57.688,-1598.991,OK,-225.248,-78.927,-1561.811
3,Port 0x01: JJH Probe  s/n:3E4C880C,868858744,1781706579.068643090,1,Too Few Markers,-3.697314E28,-3.697314E28,-3.697314E28,-3.697314E28,-3.697314E28,-3.697314E28,-3.697314E28,0.0000000,3,Missing,-3.697314E28,-3.697314E28,-3.697314E28,Missing,-3.697314E28,-3.697314E28,-3.697314E28,Missing,-3.697314E28,-3.697314E28,-3.697314E28,Port 0x02: JJH T tibia tracker  s/n:3E4C8800,868858744,1781706579.068643090,1,OK,0.9606217,0.0782924,-0.1048807,0.2451045,25.094,52.349,-1635.409,0.3474943,3,OK,25.331,52.034,-1635.435,OK,39.439,-40.899,-1652.474,OK,-52.127,11.526,-1656.984,Port 0x03: JJH Y femur tracker  s/n:3E4C8801,868858744,1781706579.068643090,1,OK,0.6511940,-0.2228800,0.0083277,0.7253975,-227.752,8.538,-1589.765,0.4736874,3,OK,-227.592,9.141,-1589.912,OK,-301.127,-58.761,-1592.632,OK,-222.855,-79.584,-1558.477
3,Port 0x01: JJH Probe  s/n:3E4C880C,868858747,1781706579.118643090,1,Too Few Markers,-3.697314E28,-3.697314E28,-3.697314E28,-3.697314E28,-3.697314E28,-3.697314E28,-3.697314E28,0.0000000,3,Missing,-3.697314E28,-3.697314E28,-3.697314E28,Missing,-3.697314E28,-3.697314E28,-3.697314E28,Missing,-3.697314E28,-3.697314E28,-3.697314E28,Port 0x02: JJH T tibia tracker  s/n:3E4C8800,868858747,1781706579.118643090,1,OK,0.9609475,0.0739971,-0.1033858,0.2457961,24.494,52.015,-1634.839,0.3463652,3,OK,24.722,51.692,-1634.865,OK,38.872,-41.376,-1651.057,OK,-52.715,10.961,-1655.980,Port 0x03: JJH Y femur tracker  s/n:3E4C8801,868858747,1781706579.118643090,1,OK,0.6487979,-0.2079324,0.0201250,0.7317242,-226.870,7.874,-1585.895,0.4743823,3,OK,-226.721,8.484,-1586.049,OK,-299.867,-59.881,-1585.927,OK,-220.201,-80.256,-1554.966
3,Port 0x01: JJH Probe  s/n:3E4C880C,868858750,1781706579.168643090,1,Too Few Markers,-3.697314E28,-3.697314E28,-3.697314E28,-3.697314E28,-3.697314E28,-3.697314E28,-3.697314E28,0.0000000,3,Missing,-3.697314E28,-3.697314E28,-3.697314E28,Missing,-3.697314E28,-3.697314E28,-3.697314E28,Missing,-3.697314E28,-3.697314E28,-3.697314E28,Port 0x02: JJH T tibia tracker  s/n:3E4C8800,868858750,1781706579.168643090,1,OK,0.9609342,0.0734195,-0.1037481,0.2458685,23.910,51.997,-1634.708,0.3536345,3,OK,24.153,51.677,-1634.731,OK,38.295,-41.402,-1650.824,OK,-53.285,10.914,-1655.890,Port 0x03: JJH Y femur tracker  s/n:3E4C8801,868858750,1781706579.168643090,1,OK,0.6462136,-0.1932397,0.0317771,0.7376019,-225.785,7.291,-1582.170,0.4839213,3,OK,-225.638,7.916,-1582.331,OK,-298.326,-60.908,-1579.430,OK,-217.389,-80.834,-1551.639
3,Port 0x01: JJH Probe  s/n:3E4C880C,868858753,1781706579.218643090,1,Too Few Markers,-3.697314E28,-3.697314E28,-3.697314E28,-3.697314E28,-3.697314E28,-3.697314E28,-3.697314E28,0.0000000,3,Missing,-3.697314E28,-3.697314E28,-3.697314E28,Missing,-3.697314E28,-3.697314E28,-3.697314E28,Missing,-3.697314E28,-3.697314E28,-3.697314E28,Port 0x02: JJH T tibia tracker  s/n:3E4C8800,868858753,1781706579.218643090,1,OK,0.9607028,0.0765489,-0.1049678,0.2453000,23.190,52.237,-1635.421,0.3602576,3,OK,23.439,51.914,-1635.445,OK,37.539,-41.051,-1652.156,OK,-54.016,11.335,-1656.942,Port 0x03: JJH Y femur tracker  s/n:3E4C8801,868858753,1781706579.218643090,1,OK,0.6434284,-0.1796545,0.0428281,0.7428929,-224.675,6.685,-1578.700,0.4937358,3,OK,-224.539,7.324,-1578.872,OK,-296.663,-61.938,-1573.352,OK,-214.663,-81.415,-1548.549
3,Port 0x01: JJH Probe  s/n:3E4C880C,868858756,1781706579.268643090,1,Too Few Markers,-3.697314E28,-3.697314E28,-3.697314E28,-3.697314E28,-3.697314E28,-3.697314E28,-3.697314E28,0.0000000,3,Missing,-3.697314E28,-3.697314E28,-3.697314E28,Missing,-3.697314E28,-3.697314E28,-3.697314E28,Missing,-3.697314E28,-3.697314E28,-3.697314E28,Port 0x02: JJH T tibia tracker  s/n:3E4C8800,868858756,1781706579.268643090,1,OK,0.9604590,0.0817521,-0.1049847,0.2445675,22.524,52.415,-1636.366,0.3430142,3,OK,22.743,52.089,-1636.400,OK,36.814,-40.713,-1654.090,OK,-54.719,11.765,-1658.095,Port 0x03: JJH Y femur tracker  s/n:3E4C8801,868858756,1781706579.268643090,1,OK,0.6407622,-0.1671594,0.0520322,0.7475120,-223.575,6.033,-1575.657,0.4873927,3,OK,-223.446,6.667,-1575.829,OK,-294.963,-63.002,-1568.116,OK,-212.124,-82.053,-1546.021
3,Port 0x01: JJH Probe  s/n:3E4C880C,868858759,1781706579.318643090,1,Too Few Markers,-3.697314E28,-3.697314E28,-3.697314E28,-3.697314E28,-3.697314E28,-3.697314E28,-3.697314E28,0.0000000,3,Missing,-3.697314E28,-3.697314E28,-3.697314E28,Missing,-3.697314E28,-3.697314E28,-3.697314E28,Missing,-3.697314E28,-3.697314E28,-3.697314E28,Port 0x02: JJH T tibia tracker  s/n:3E4C8800,868858759,1781706579.318643090,1,OK,0.9602911,0.0841251,-0.1059298,0.2440140,21.824,52.803,-1636.861,0.3526963,3,OK,22.045,52.464,-1636.899,OK,36.073,-40.234,-1655.055,OK,-55.441,12.321,-1658.846,Port 0x03: JJH Y femur tracker  s/n:3E4C8801,868858759,1781706579.318643090,1,OK,0.6382871,-0.1566491,0.0604421,0.7512639,-222.524,5.662,-1573.134,0.4977706,3,OK,-222.401,6.311,-1573.313,OK,-293.355,-63.710,-1563.631,OK,-209.847,-82.391,-1543.873
3,Port 0x01: JJH Probe  s/n:3E4C880C,868858762,1781706579.368680107,1,Too Few Markers,-3.697314E28,-3.697314E28,-3.697314E28,-3.697314E28,-3.697314E28,-3.697314E28,-3.697314E28,0.0000000,3,Missing,-3.697314E28,-3.697314E28,-3.697314E28,Missing,-3.697314E28,-3.697314E28,-3.697314E28,Missing,-3.697314E28,-3.697314E28,-3.697314E28,Port 0x02: JJH T tibia tracker  s/n:3E4C8800,868858762,1781706579.368680107,1,OK,0.9601299,0.0865121,-0.1064217,0.2435994,21.047,52.876,-1636.914,0.3493570,3,OK,21.273,52.547,-1636.950,OK,35.257,-40.077,-1655.572,OK,-56.235,12.517,-1659.081,Port 0x03: JJH Y femur tracker  s/n:3E4C8801,868858762,1781706579.368680107,1,OK,0.6361345,-0.1467768,0.0671389,0.7545077,-221.626,5.197,-1570.890,0.4842358,3,OK,-221.502,5.831,-1571.065,OK,-291.911,-64.494,-1559.802,OK,-207.889,-82.846,-1542.163
3,Port 0x01: JJH Probe  s/n:3E4C880C,868858765,1781706579.418680107,1,Too Few Markers,-3.697314E28,-3.697314E28,-3.697314E28,-3.697314E28,-3.697314E28,-3.697314E28,-3.697314E28,0.0000000,3,Missing,-3.697314E28,-3.697314E28,-3.697314E28,Missing,-3.697314E28,-3.697314E28,-3.697314E28,Missing,-3.697314E28,-3.697314E28,-3.697314E28,Port 0x02: JJH T tibia tracker  s/n:3E4C8800,868858765,1781706579.418680107,1,OK,0.9600289,0.0882731,-0.1068827,0.2431636,20.750,53.072,-1637.298,0.3513392,3,OK,20.975,52.740,-1637.336,OK,34.912,-39.813,-1656.301,OK,-56.549,12.835,-1659.612,Port 0x03: JJH Y femur tracker  s/n:3E4C8801,868858765,1781706579.418680107,1,OK,0.6341845,-0.1393653,0.0731798,0.7569888,-220.778,4.938,-1569.069,0.4860516,3,OK,-220.664,5.577,-1569.248,OK,-290.581,-64.987,-1556.592,OK,-206.193,-83.063,-1540.631
3,Port 0x01: JJH Probe  s/n:3E4C880C,868858768,1781706579.468680107,1,Too Few Markers,-3.697314E28,-3.697314E28,-3.697314E28,-3.697314E28,-3.697314E28,-3.697314E28,-3.697314E28,0.0000000,3,Missing,-3.697314E28,-3.697314E28,-3.697314E28,Missing,-3.697314E28,-3.697314E28,-3.697314E28,Missing,-3.697314E28,-3.697314E28,-3.697314E28,Port 0x02: JJH T tibia tracker  s/n:3E4C8800,868858768,1781706579.468680107,1,OK,0.9601446,0.0873783,-0.1063765,0.2432519,20.396,53.054,-1637.247,0.3502815,3,OK,20.606,52.708,-1637.290,OK,34.551,-39.866,-1656.070,OK,-56.901,12.781,-1659.433,Port 0x03: JJH Y femur tracker  s/n:3E4C8801,868858768,1781706579.468680107,1,OK,0.6326160,-0.1329660,0.0780450,0.7589638,-220.087,4.650,-1567.631,0.4894445,3,OK,-219.970,5.294,-1567.812,OK,-289.497,-65.470,-1554.037,OK,-204.806,-83.326,-1539.496
3,Port 0x01: JJH Probe  s/n:3E4C880C,868858771,1781706579.518680107,1,Too Few Markers,-3.697314E28,-3.697314E28,-3.697314E28,-3.697314E28,-3.697314E28,-3.697314E28,-3.697314E28,0.0000000,3,Missing,-3.697314E28,-3.697314E28,-3.697314E28,Missing,-3.697314E28,-3.697314E28,-3.697314E28,Missing,-3.697314E28,-3.697314E28,-3.697314E28,Port 0x02: JJH T tibia tracker  s/n:3E4C8800,868858771,1781706579.518680107,1,OK,0.9600697,0.0874453,-0.1069164,0.2432865,19.818,52.972,-1636.862,0.3591701,3,OK,20.048,52.632,-1636.901,OK,33.988,-39.933,-1655.708,OK,-57.471,12.692,-1659.150,Port 0x03: JJH Y femur tracker  s/n:3E4C8801,868858771,1781706579.518680107,1,OK,0.6309191,-0.1284448,0.0822600,0.7607078,-219.476,4.231,-1566.510,0.5065372,3,OK,-219.378,4.895,-1566.700,OK,-288.503,-66.068,-1551.965,OK,-203.550,-83.707,-1538.489
3,Port 0x01: JJH Probe  s/n:3E4C880C,868858774,1781706579.568680103,1,Too Few Markers,-3.697314E28,-3.697314E28,-3.697314E28,-3.697314E28,-3.697314E28,-3.697314E28,-3.697314E28,0.0000000,3,Missing,-3.697314E28,-3.697314E28,-3.697314E28,Missing,-3.697314E28,-3.697314E28,-3.697314E28,Missing,-3.697314E28,-3.697314E28,-3.697314E28,Port 0x02: JJH T tibia tracker  s/n:3E4C8800,868858774,1781706579.568680103,1,OK,0.9596997,0.0947768,-0.1077944,0.2416075,18.577,53.836,-1637.540,0.3595038,3,OK,18.808,53.498,-1637.584,OK,32.563,-38.804,-1657.800,OK,-58.834,14.023,-1660.264,Port 0x03: JJH Y femur tracker  s/n:3E4C8801,868858774,1781706579.568680103,1,OK,0.6295911,-0.1223208,0.0865747,0.7623369,-218.762,4.138,-1565.131,0.4953647,3,OK,-218.659,4.790,-1565.318,OK,-287.402,-66.324,-1549.599,OK,-202.260,-83.778,-1537.464
3,Port 0x01: JJH Probe  s/n:3E4C880C,868858777,1781706579.618680103,1,Too Few Markers,-3.697314E28,-3.697314E28,-3.697314E28,-3.697314E28,-3.697314E28,-3.697314E28,-3.697314E28,0.0000000,3,Missing,-3.697314E28,-3.697314E28,-3.697314E28,Missing,-3.697314E28,-3.697314E28,-3.697314E28,Missing,-3.697314E28,-3.697314E28,-3.697314E28,Port 0x02: JJH T tibia tracker  s/n:3E4C8800,868858777,1781706579.618680103,1,OK,0.9577675,0.1143920,-0.1130708,0.2383504,17.306,55.726,-1640.051,0.3576874,3,OK,17.532,55.388,-1640.109,OK,31.099,-36.024,-1664.110,OK,-60.162,17.042,-1664.428,Port 0x03: JJH Y femur tracker  s/n:3E4C8801,868858777,1781706579.618680103,1,OK,0.6280179,-0.1181624,0.0893401,0.7639696,-218.234,3.795,-1564.041,0.5070928,3,OK,-218.139,4.462,-1564.233,OK,-286.500,-66.887,-1547.856,OK,-201.162,-84.112,-1536.625
3,Port 0x01: JJH Probe  s/n:3E4C880C,868858780,1781706579.668680103,1,Too Few Markers,-3.697314E28,-3.697314E28,-3.697314E28,-3.697314E28,-3.697314E28,-3.697314E28,-3.697314E28,0.0000000,3,Missing,-3.697314E28,-3.697314E28,-3.697314E28,Missing,-3.697314E28,-3.697314E28,-3.697314E28,Missing,-3.697314E28,-3.697314E28,-3.697314E28,Port 0x02: JJH T tibia tracker  s/n:3E4C8800,868858780,1781706579.668680103,1,OK,0.9570413,0.1229306,-0.1150960,0.2360357,16.906,56.142,-1641.964,0.3476384,3,OK,17.130,55.818,-1642.025,OK,30.445,-35.207,-1667.683,OK,-60.674,18.105,-1666.989,Port 0x03: JJH Y femur tracker  s/n:3E4C8801,868858780,1781706579.668680103,1,OK,0.6271365,-0.1139642,0.0927312,0.7649267,-217.785,3.635,-1563.033,0.5040417,3,OK,-217.689,4.299,-1563.225,OK,-285.788,-67.121,-1546.097,OK,-200.336,-84.249,-1535.815
3,Port 0x01: JJH Probe  s/n:3E4C880C,868858783,1781706579.718680103,1,Too Few Markers,-3.697314E28,-3.697314E28,-3.697314E28,-3.697314E28,-3.697314E28,-3.697314E28,-3.697314E28,0.0000000,3,Missing,-3.697314E28,-3.697314E28,-3.697314E28,Missing,-3.697314E28,-3.697314E28,-3.697314E28,Missing,-3.697314E28,-3.697314E28,-3.697314E28,Port 0x02: JJH T tibia tracker  s/n:3E4C8800,868858783,1781706579.718680103,1,OK,0.9575587,0.1194728,-0.1136572,0.2364099,16.770,55.818,-1641.312,0.3493917,3,OK,16.982,55.480,-1641.377,OK,30.299,-35.725,-1666.359,OK,-60.842,17.608,-1665.958,Port 0x03: JJH Y femur tracker  s/n:3E4C8801,868858783,1781706579.718680103,1,OK,0.6258101,-0.1092630,0.0961302,0.7662782,-217.135,3.490,-1562.008,0.4971739,3,OK,-217.041,4.145,-1562.197,OK,-284.790,-67.417,-1544.303,OK,-199.174,-84.366,-1535.061
3,Port 0x01: JJH Probe  s/n:3E4C880C,868858786,1781706579.768680103,1,Too Few Markers,-3.697314E28,-3.697314E28,-3.697314E28,-3.697314E28,-3.697314E28,-3.697314E28,-3.697314E28,0.0000000,3,Missing,-3.697314E28,-3.697314E28,-3.697314E28,Missing,-3.697314E28,-3.697314E28,-3.697314E28,Missing,-3.697314E28,-3.697314E28,-3.697314E28,Port 0x02: JJH T tibia tracker  s/n:3E4C8800,868858786,1781706579.768680103,1,OK,0.9579073,0.1168073,-0.1130375,0.2366268,16.624,55.649,-1641.017,0.3584797,3,OK,16.838,55.299,-1641.083,OK,30.125,-36.016,-1665.553,OK,-60.986,17.315,-1665.455,Port 0x03: JJH Y femur tracker  s/n:3E4C8801,868858786,1781706579.768680103,1,OK,0.6242946,-0.1041726,0.1001212,0.7677110,-216.482,3.317,-1560.817,0.5037515,3,OK,-216.395,3.982,-1561.011,OK,-283.726,-67.747,-1542.222,OK,-197.968,-84.511,-1534.131
3,Port 0x01: JJH Probe  s/n:3E4C880C,868858789,1781706579.818680103,1,Too Few Markers,-3.697314E28,-3.697314E28,-3.697314E28,-3.697314E28,-3.697314E28,-3.697314E28,-3.697314E28,0.0000000,3,Missing,-3.697314E28,-3.697314E28,-3.697314E28,Missing,-3.697314E28,-3.697314E28,-3.697314E28,Missing,-3.697314E28,-3.697314E28,-3.697314E28,Port 0x02: JJH T tibia tracker  s/n:3E4C8800,868858789,1781706579.818680103,1,OK,0.9581922,0.1135932,-0.1130071,0.2370523,16.415,55.248,-1640.225,0.3501534,3,OK,16.647,54.927,-1640.277,OK,29.942,-36.585,-1664.164,OK,-61.172,16.747,-1664.542,Port 0x03: JJH Y femur tracker  s/n:3E4C8801,868858789,1781706579.818680103,1,OK,0.6224499,-0.0982064,0.1050869,0.7693298,-215.671,3.125,-1559.390,0.5050921,3,OK,-215.594,3.790,-1559.586,OK,-282.424,-68.104,-1539.704,OK,-196.490,-84.655,-1532.983
3,Port 0x01: JJH Probe  s/n:3E4C880C,868858792,1781706579.868680103,1,Too Few Markers,-3.697314E28,-3.697314E28,-3.697314E28,-3.697314E28,-3.697314E28,-3.697314E28,-3.697314E28,0.0000000,3,Missing,-3.697314E28,-3.697314E28,-3.697314E28,Missing,-3.697314E28,-3.697314E28,-3.697314E28,Missing,-3.697314E28,-3.697314E28,-3.697314E28,Port 0x02: JJH T tibia tracker  s/n:3E4C8800,868858792,1781706579.868680103,1,OK,0.9589510,0.1062902,-0.1112158,0.2382149,16.456,54.576,-1639.274,0.3607450,3,OK,16.694,54.244,-1639.323,OK,30.050,-37.596,-1661.802,OK,-61.116,15.662,-1663.010,Port 0x03: JJH Y femur tracker  s/n:3E4C8801,868858792,1781706579.868680103,1,OK,0.6203086,-0.0908929,0.1106778,0.7711719,-214.682,2.828,-1557.803,0.4980582,3,OK,-214.607,3.486,-1557.997,OK,-280.830,-68.610,-1536.885,OK,-194.755,-84.895,-1531.813
3,Port 0x01: JJH Probe  s/n:3E4C880C,868858795,1781706579.918680103,1,Too Few Markers,-3.697314E28,-3.697314E28,-3.697314E28,-3.697314E28,-3.697314E28,-3.697314E28,-3.697314E28,0.0000000,3,Missing,-3.697314E28,-3.697314E28,-3.697314E28,Missing,-3.697314E28,-3.697314E28,-3.697314E28,Missing,-3.697314E28,-3.697314E28,-3.697314E28,Port 0x02: JJH T tibia tracker  s/n:3E4C8800,868858795,1781706579.918680103,1,OK,0.9594665,0.1006321,-0.1095929,0.2393461,16.340,53.926,-1638.059,0.3414186,3,OK,16.568,53.614,-1638.100,OK,30.016,-38.516,-1659.491,OK,-61.186,14.650,-1661.302,Port 0x03: JJH Y femur tracker  s/n:3E4C8801,868858795,1781706579.918680103,1,OK,0.6178415,-0.0829263,0.1163459,0.7732133,-213.503,2.429,-1555.967,0.4963354,3,OK,-213.436,3.085,-1556.161,OK,-278.962,-69.265,-1533.800,OK,-192.744,-85.250,-1530.490
3,Port 0x01: JJH Probe  s/n:3E4C880C,868858798,1781706579.968680103,1,Too Few Markers,-3.697314E28,-3.697314E28,-3.697314E28,-3.697314E28,-3.697314E28,-3.697314E28,-3.697314E28,0.0000000,3,Missing,-3.697314E28,-3.697314E28,-3.697314E28,Missing,-3.697314E28,-3.697314E28,-3.697314E28,Missing,-3.697314E28,-3.697314E28,-3.697314E28,Port 0x02: JJH T tibia tracker  s/n:3E4C8800,868858798,1781706579.968680103,1,OK,0.9597196,0.0980724,-0.1087706,0.2397686,16.209,53.710,-1637.611,0.3438146,3,OK,16.450,53.408,-1637.646,OK,29.903,-38.844,-1658.544,OK,-61.324,14.277,-1660.618,Port 0x03: JJH Y femur tracker  s/n:3E4C8801,868858798,1781706579.968680103,1,OK,0.6150120,-0.0744202,0.1235671,0.7752117,-212.242,2.214,-1554.108,0.5096932,3,OK,-212.182,2.887,-1554.309,OK,-276.906,-69.708,-1530.391,OK,-190.578,-85.385,-1529.057
3,Port 0x01: JJH Probe  s/n:3E4C880C,868858801,1781706580.018680103,1,Too Few Markers,-3.697314E28,-3.697314E28,-3.697314E28,-3.697314E28,-3.697314E28,-3.697314E28,-3.697314E28,0.0000000,3,Missing,-3.697314E28,-3.697314E28,-3.697314E28,Missing,-3.697314E28,-3.697314E28,-3.697314E28,Missing,-3.697314E28,-3.697314E28,-3.697314E28,Port 0x02: JJH T tibia tracker  s/n:3E4C8800,868858801,1781706580.018680103,1,OK,0.9601713,0.0931223,-0.1074578,0.2405247,16.124,53.365,-1637.055,0.3511298,3,OK,16.350,53.035,-1637.096,OK,29.871,-39.388,-1657.023,OK,-61.393,13.684,-1659.639,Port 0x03: JJH Y femur tracker  s/n:3E4C8801,868858801,1781706580.018680103,1,OK,0.6121843,-0.0657721,0.1302009,0.7771436,-210.919,1.966,-1552.248,0.5069405,3,OK,-210.862,2.638,-1552.450,OK,-274.765,-70.203,-1527.111,OK,-188.387,-85.555,-1527.734
3,Port 0x01: JJH Probe  s/n:3E4C880C,868858804,1781706580.068680103,1,Too Few Markers,-3.697314E28,-3.697314E28,-3.697314E28,-3.697314E28,-3.697314E28,-3.697314E28,-3.697314E28,0.0000000,3,Missing,-3.697314E28,-3.697314E28,-3.697314E28,Missing,-3.697314E28,-3.697314E28,-3.697314E28,Missing,-3.697314E28,-3.697314E28,-3.697314E28,Port 0x02: JJH T tibia tracker  s/n:3E4C8800,868858804,1781706580.068680103,1,OK,0.9605680,0.0876358,-0.1061875,0.2415641,16.086,52.714,-1636.013,0.3454913,3,OK,16.318,52.398,-1636.046,OK,29.911,-40.256,-1654.917,OK,-61.389,12.700,-1658.167,Port 0x03: JJH Y femur tracker  s/n:3E4C8801,868858804,1781706580.068680103,1,OK,0.6093752,-0.0584969,0.1364263,0.7788631,-209.728,1.536,-1550.685,0.5203486,3,OK,-209.687,2.224,-1550.893,OK,-272.784,-70.850,-1524.237,OK,-186.381,-85.903,-1526.561
3,Port 0x01: JJH Probe  s/n:3E4C880C,868858807,1781706580.118680103,1,Too Few Markers,-3.697314E28,-3.697314E28,-3.697314E28,-3.697314E28,-3.697314E28,-3.697314E28,-3.697314E28,0.0000000,3,Missing,-3.697314E28,-3.697314E28,-3.697314E28,Missing,-3.697314E28,-3.697314E28,-3.697314E28,Missing,-3.697314E28,-3.697314E28,-3.697314E28,Port 0x02: JJH T tibia tracker  s/n:3E4C8800,868858807,1781706580.118680103,1,OK,0.9610704,0.0810508,-0.1049591,0.2424008,15.978,52.257,-1635.018,0.3673660,3,OK,16.213,51.910,-1635.053,OK,29.839,-40.930,-1652.646,OK,-61.477,11.939,-1656.696,Port 0x03: JJH Y femur tracker  s/n:3E4C8801,868858807,1781706580.118680103,1,OK,0.6069691,-0.0511003,0.1415126,0.7803534,-208.578,1.259,-1549.254,0.5164984,3,OK,-208.543,1.943,-1549.460,OK,-270.910,-71.347,-1521.732,OK,-184.541,-86.134,-1525.676
3,Port 0x01: JJH Probe  s/n:3E4C880C,868858810,1781706580.168680103,1,Too Few Markers,-3.697314E28,-3.697314E28,-3.697314E28,-3.697314E28,-3.697314E28,-3.697314E28,-3.697314E28,0.0000000,3,Missing,-3.697314E28,-3.697314E28,-3.697314E28,Missing,-3.697314E28,-3.697314E28,-3.697314E28,Missing,-3.697314E28,-3.697314E28,-3.697314E28,Port 0x02: JJH T tibia tracker  s/n:3E4C8800,868858810,1781706580.168680103,1,OK,0.9613913,0.0779802,-0.1037303,0.2426643,15.821,52.039,-1634.599,0.3628386,3,OK,16.045,51.687,-1634.635,OK,29.664,-41.269,-1651.624,OK,-61.652,11.595,-1655.938,Port 0x03: JJH Y femur tracker  s/n:3E4C8801,868858810,1781706580.168680103,1,OK,0.6048147,-0.0449518,0.1460165,0.7815739,-207.631,1.145,-1548.038,0.5141627,3,OK,-207.593,1.828,-1548.245,OK,-269.326,-71.648,-1519.575,OK,-183.005,-86.186,-1524.896
3,Port 0x01: JJH Probe  s/n:3E4C880C,868858813,1781706580.218715526,1,Too Few Markers,-3.697314E28,-3.697314E28,-3.697314E28,-3.697314E28,-3.697314E28,-3.697314E28,-3.697314E28,0.0000000,3,Missing,-3.697314E28,-3.697314E28,-3.697314E28,Missing,-3.697314E28,-3.697314E28,-3.697314E28,Missing,-3.697314E28,-3.697314E28,-3.697314E28,Port 0x02: JJH T tibia tracker  s/n:3E4C8800,868858813,1781706580.218715526,1,OK,0.9616377,0.0756303,-0.1028059,0.2428247,15.661,51.696,-1634.182,0.3623459,3,OK,15.883,51.343,-1634.216,OK,29.478,-41.699,-1650.745,OK,-61.831,11.158,-1655.265,Port 0x03: JJH Y femur tracker  s/n:3E4C8801,868858813,1781706580.218715526,1,OK,0.6028121,-0.0395603,0.1499565,0.7826657,-206.701,0.869,-1546.966,0.5164058,3,OK,-206.674,1.554,-1547.173,OK,-267.808,-72.088,-1517.689,OK,-181.533,-86.419,-1524.211
3,Port 0x01: JJH Probe  s/n:3E4C880C,868858816,1781706580.268715526,1,Too Few Markers,-3.697314E28,-3.697314E28,-3.697314E28,-3.697314E28,-3.697314E28,-3.697314E28,-3.697314E28,0.0000000,3,Missing,-3.697314E28,-3.697314E28,-3.697314E28,Missing,-3.697314E28,-3.697314E28,-3.697314E28,Missing,-3.697314E28,-3.697314E28,-3.697314E28,Port 0x02: JJH T tibia tracker  s/n:3E4C8800,868858816,1781706580.268715526,1,OK,0.9617254,0.0739271,-0.1034438,0.2427310,15.518,51.358,-1633.640,0.3653661,3,OK,15.759,51.019,-1633.666,OK,29.304,-42.097,-1649.899,OK,-61.975,10.797,-1654.765,Port 0x03: JJH Y femur tracker  s/n:3E4C8801,868858816,1781706580.268715526,1,OK,0.6010946,-0.0347326,0.1531750,0.7835920,-205.837,0.646,-1546.020,0.5029023,3,OK,-205.815,1.313,-1546.221,OK,-266.434,-72.460,-1516.081,OK,-180.212,-86.598,-1523.654
3,Port 0x01: JJH Probe  s/n:3E4C880C,868858819,1781706580.318715526,1,Too Few Markers,-3.697314E28,-3.697314E28,-3.697314E28,-3.697314E28,-3.697314E28,-3.697314E28,-3.697314E28,0.0000000,3,Missing,-3.697314E28,-3.697314E28,-3.697314E28,Missing,-3.697314E28,-3.697314E28,-3.697314E28,Missing,-3.697314E28,-3.697314E28,-3.697314E28,Port 0x02: JJH T tibia tracker  s/n:3E4C8800,868858819,1781706580.318715526,1,OK,0.9619758,0.0729795,-0.1026073,0.2423805,15.247,51.168,-1633.389,0.3553205,3,OK,15.487,50.845,-1633.412,OK,28.929,-42.346,-1649.463,OK,-62.305,10.626,-1654.328,Port 0x03: JJH Y femur tracker  s/n:3E4C8801,868858819,1781706580.318715526,1,OK,0.5994944,-0.0303562,0.1565593,0.7843304,-205.157,0.547,-1545.183,0.5128940,3,OK,-205.129,1.229,-1545.390,OK,-265.267,-72.686,-1514.554,OK,-179.134,-86.652,-1523.118
3,Port 0x01: JJH Probe  s/n:3E4C880C,868858822,1781706580.368715526,1,Too Few Markers,-3.697314E28,-3.697314E28,-3.697314E28,-3.697314E28,-3.697314E28,-3.697314E28,-3.697314E28,0.0000000,3,Missing,-3.697314E28,-3.697314E28,-3.697314E28,Missing,-3.697314E28,-3.697314E28,-3.697314E28,Missing,-3.697314E28,-3.697314E28,-3.697314E28,Port 0x02: JJH T tibia tracker  s/n:3E4C8800,868858822,1781706580.368715526,1,OK,0.9621974,0.0715252,-0.1023417,0.2420466,15.034,50.887,-1633.225,0.3644386,3,OK,15.274,50.548,-1633.250,OK,28.628,-42.677,-1649.025,OK,-62.560,10.367,-1654.054,Port 0x03: JJH Y femur tracker  s/n:3E4C8801,868858822,1781706580.368715526,1,OK,0.5979745,-0.0264242,0.1596342,0.7850128,-204.500,0.350,-1544.457,0.5181464,3,OK,-204.481,1.038,-1544.665,OK,-264.161,-72.986,-1513.208,OK,-178.086,-86.812,-1522.662
3,Port 0x01: JJH Probe  s/n:3E4C880C,868858825,1781706580.418715526,1,Too Few Markers,-3.697314E28,-3.697314E28,-3.697314E28,-3.697314E28,-3.697314E28,-3.697314E28,-3.697314E28,0.0000000,3,Missing,-3.697314E28,-3.697314E28,-3.697314E28,Missing,-3.697314E28,-3.697314E28,-3.697314E28,Missing,-3.697314E28,-3.697314E28,-3.697314E28,Port 0x02: JJH T tibia tracker  s/n:3E4C8800,868858825,1781706580.418715526,1,OK,0.9625011,0.0698000,-0.1016118,0.2416497,14.888,50.635,-1632.951,0.3598249,3,OK,15.127,50.304,-1632.973,OK,28.365,-43.010,-1648.421,OK,-62.771,10.130,-1653.580,Port 0x03: JJH Y femur tracker  s/n:3E4C8801,868858825,1781706580.418715526,1,OK,0.5965251,-0.0227454,0.1622776,0.7856885,-203.768,0.235,-1543.659,0.5085667,3,OK,-203.750,0.911,-1543.863,OK,-263.001,-73.216,-1511.878,OK,-176.997,-86.879,-1522.152
3,Port 0x01: JJH Probe  s/n:3E4C880C,868858828,1781706580.468715526,1,Too Few Markers,-3.697314E28,-3.697314E28,-3.697314E28,-3.697314E28,-3.697314E28,-3.697314E28,-3.697314E28,0.0000000,3,Missing,-3.697314E28,-3.697314E28,-3.697314E28,Missing,-3.697314E28,-3.697314E28,-3.697314E28,Missing,-3.697314E28,-3.697314E28,-3.697314E28,Port 0x02: JJH T tibia tracker  s/n:3E4C8800,868858828,1781706580.468715526,1,OK,0.9627008,0.0692912,-0.1012837,0.2411378,14.561,50.387,-1632.760,0.3569101,3,OK,14.797,50.057,-1632.783,OK,27.923,-43.292,-1648.138,OK,-63.150,9.950,-1653.307,Port 0x03: JJH Y femur tracker  s/n:3E4C8801,868858828,1781706580.468715526,1,OK,0.5949503,-0.0188060,0.1652284,0.7863715,-203.142,0.114,-1542.914,0.5070195,3,OK,-203.134,0.787,-1543.117,OK,-261.891,-73.451,-1510.549,OK,-176.000,-86.955,-1521.700
3,Port 0x01: JJH Probe  s/n:3E4C880C,868858831,1781706580.518715526,1,Too Few Markers,-3.697314E28,-3.697314E28,-3.697314E28,-3.697314E28,-3.697314E28,-3.697314E28,-3.697314E28,0.0000000,3,Missing,-3.697314E28,-3.697314E28,-3.697314E28,Missing,-3.697314E28,-3.697314E28,-3.697314E28,Missing,-3.697314E28,-3.697314E28,-3.697314E28,Port 0x02: JJH T tibia tracker  s/n:3E4C8800,868858831,1781706580.518715526,1,OK,0.9631253,0.0668262,-0.0998068,0.2407539,14.326,50.096,-1632.513,0.3483150,3,OK,14.550,49.766,-1632.536,OK,27.542,-43.686,-1647.406,OK,-63.456,9.648,-1652.697,Port 0x03: JJH Y femur tracker  s/n:3E4C8801,868858831,1781706580.518715526,1,OK,0.5933059,-0.0145641,0.1686286,0.7869818,-202.403,0.003,-1542.076,0.5167078,3,OK,-202.397,0.689,-1542.283,OK,-260.654,-73.666,-1509.036,OK,-174.869,-87.022,-1521.154
3,Port 0x01: JJH Probe  s/n:3E4C880C,868858834,1781706580.568715530,1,Too Few Markers,-3.697314E28,-3.697314E28,-3.697314E28,-3.697314E28,-3.697314E28,-3.697314E28,-3.697314E28,0.0000000,3,Missing,-3.697314E28,-3.697314E28,-3.697314E28,Missing,-3.697314E28,-3.697314E28,-3.697314E28,Missing,-3.697314E28,-3.697314E28,-3.697314E28,Port 0x02: JJH T tibia tracker  s/n:3E4C8800,868858834,1781706580.568715530,1,OK,0.9633608,0.0658980,-0.0996541,0.2401300,14.130,49.686,-1631.970,0.3473358,3,OK,14.364,49.370,-1631.988,OK,27.206,-44.148,-1646.698,OK,-63.723,9.310,-1652.087,Port 0x03: JJH Y femur tracker  s/n:3E4C8801,868858834,1781706580.568715530,1,OK,0.5916363,-0.0098111,0.1715912,0.7876717,-201.551,-0.171,-1541.178,0.4975640,3,OK,-201.547,0.491,-1541.377,OK,-259.288,-73.973,-1507.555,OK,-173.623,-87.153,-1520.684
3,Port 0x01: JJH Probe  s/n:3E4C880C,868858837,1781706580.618715530,1,Too Few Markers,-3.697314E28,-3.697314E28,-3.697314E28,-3.697314E28,-3.697314E28,-3.697314E28,-3.697314E28,0.0000000,3,Missing,-3.697314E28,-3.697314E28,-3.697314E28,Missing,-3.697314E28,-3.697314E28,-3.697314E28,Missing,-3.697314E28,-3.697314E28,-3.697314E28,Port 0x02: JJH T tibia tracker  s/n:3E4C8800,868858837,1781706580.618715530,1,OK,0.9636466,0.0649126,-0.0994902,0.2393185,13.760,49.395,-1631.753,0.3555982,3,OK,14.002,49.074,-1631.770,OK,26.654,-44.479,-1646.306,OK,-64.170,9.120,-1651.797,Port 0x03: JJH Y femur tracker  s/n:3E4C8801,868858837,1781706580.618715530,1,OK,0.5898070,-0.0064419,0.1752626,0.7882698,-200.807,-0.296,-1540.380,0.5142642,3,OK,-200.807,0.387,-1540.587,OK,-258.020,-74.185,-1506.043,OK,-172.464,-87.193,-1520.029
3,Port 0x01: JJH Probe  s/n:3E4C880C,868858840,1781706580.668715530,1,Too Few Markers,-3.697314E28,-3.697314E28,-3.697314E28,-3.697314E28,-3.697314E28,-3.697314E28,-3.697314E28,0.0000000,3,Missing,-3.697314E28,-3.697314E28,-3.697314E28,Missing,-3.697314E28,-3.697314E28,-3.697314E28,Missing,-3.697314E28,-3.697314E28,-3.697314E28,Port 0x02: JJH T tibia tracker  s/n:3E4C8800,868858840,1781706580.668715530,1,OK,0.9641074,0.0624588,-0.0982275,0.2386360,13.461,49.032,-1631.553,0.3581510,3,OK,13.697,48.701,-1631.572,OK,26.177,-44.947,-1645.630,OK,-64.586,8.812,-1651.273,Port 0x03: JJH Y femur tracker  s/n:3E4C8801,868858840,1781706580.668715530,1,OK,0.5878731,-0.0012625,0.1786770,0.7889728,-199.894,-0.453,-1539.411,0.5097491,3,OK,-199.898,0.225,-1539.615,OK,-256.503,-74.490,-1504.413,OK,-171.125,-87.306,-1519.510
3,Port 0x01: JJH Probe  s/n:3E4C880C,868858843,1781706580.718715530,1,Too Few Markers,-3.697314E28,-3.697314E28,-3.697314E28,-3.697314E28,-3.697314E28,-3.697314E28,-3.697314E28,0.0000000,3,Missing,-3.697314E28,-3.697314E28,-3.697314E28,Missing,-3.697314E28,-3.697314E28,-3.697314E28,Missing,-3.697314E28,-3.697314E28,-3.697314E28,Port 0x02: JJH T tibia tracker  s/n:3E4C8800,868858843,1781706580.718715530,1,OK,0.9644465,0.0617495,-0.0978949,0.2375849,13.029,48.647,-1631.128,0.3560583,3,OK,13.266,48.320,-1631.145,OK,25.518,-45.380,-1645.083,OK,-65.115,8.574,-1650.754,Port 0x03: JJH Y femur tracker  s/n:3E4C8801,868858843,1781706580.718715530,1,OK,0.5857958,0.0036568,0.1829614,0.7895283,-198.989,-0.562,-1538.148,0.5091140,3,OK,-198.997,0.114,-1538.353,OK,-254.961,-74.693,-1502.329,OK,-169.763,-87.337,-1518.573
3,Port 0x01: JJH Probe  s/n:3E4C880C,868858846,1781706580.768715530,1,Too Few Markers,-3.697314E28,-3.697314E28,-3.697314E28,-3.697314E28,-3.697314E28,-3.697314E28,-3.697314E28,0.0000000,3,Missing,-3.697314E28,-3.697314E28,-3.697314E28,Missing,-3.697314E28,-3.697314E28,-3.697314E28,Missing,-3.697314E28,-3.697314E28,-3.697314E28,Port 0x02: JJH T tibia tracker  s/n:3E4C8800,868858846,1781706580.768715530,1,OK,0.9649368,0.0611377,-0.0965829,0.2362858,12.556,48.109,-1630.712,0.3531756,3,OK,12.792,47.786,-1630.728,OK,24.750,-45.973,-1644.548,OK,-65.738,8.212,-1650.078,Port 0x03: JJH Y femur tracker  s/n:3E4C8801,868858846,1781706580.768715530,1,OK,0.5837272,0.0089591,0.1867168,0.7901386,-198.089,-0.856,-1536.897,0.5139629,3,OK,-198.095,-0.172,-1537.105,OK,-253.410,-75.130,-1500.363,OK,-168.434,-87.578,-1517.762
3,Port 0x01: JJH Probe  s/n:3E4C880C,868858849,1781706580.818715530,1,Too Few Markers,-3.697314E28,-3.697314E28,-3.697314E28,-3.697314E28,-3.697314E28,-3.697314E28,-3.697314E28,0.0000000,3,Missing,-3.697314E28,-3.697314E28,-3.697314E28,Missing,-3.697314E28,-3.697314E28,-3.697314E28,Missing,-3.697314E28,-3.697314E28,-3.697314E28,Port 0x02: JJH T tibia tracker  s/n:3E4C8800,868858849,1781706580.818715530,1,OK,0.9654016,0.0594456,-0.0949158,0.2354932,12.124,47.617,-1629.804,0.3486424,3,OK,12.361,47.302,-1629.818,OK,24.101,-46.545,-1643.300,OK,-66.291,7.786,-1648.808,Port 0x03: JJH Y femur tracker  s/n:3E4C8801,868858849,1781706580.818715530,1,OK,0.5822430,0.0134040,0.1893485,0.7905445,-197.401,-1.006,-1535.253,0.5001684,3,OK,-197.411,-0.340,-1535.453,OK,-252.241,-75.383,-1498.224,OK,-167.438,-87.704,-1516.544
3,Port 0x01: JJH Probe  s/n:3E4C880C,868858852,1781706580.868715530,1,Too Few Markers,-3.697314E28,-3.697314E28,-3.697314E28,-3.697314E28,-3.697314E28,-3.697314E28,-3.697314E28,0.0000000,3,Missing,-3.697314E28,-3.697314E28,-3.697314E28,Missing,-3.697314E28,-3.697314E28,-3.697314E28,Missing,-3.697314E28,-3.697314E28,-3.697314E28,Port 0x02: JJH T tibia tracker  s/n:3E4C8800,868858852,1781706580.868715530,1,OK,0.9656953,0.0596770,-0.0933387,0.2348599,11.683,47.245,-1628.732,0.3470727,3,OK,11.915,46.929,-1628.747,OK,23.520,-46.942,-1642.247,OK,-66.846,7.506,-1647.469,Port 0x03: JJH Y femur tracker  s/n:3E4C8801,868858852,1781706580.868715530,1,OK,0.5816578,0.0146820,0.1904900,0.7906783,-197.331,-1.334,-1533.416,0.4973117,3,OK,-197.348,-0.673,-1533.614,OK,-251.988,-75.729,-1496.177,OK,-167.247,-88.010,-1514.792
3,Port 0x01: JJH Probe  s/n:3E4C880C,868858855,1781706580.918715530,1,Too Few Markers,-3.697314E28,-3.697314E28,-3.697314E28,-3.697314E28,-3.697314E28,-3.697314E28,-3.697314E28,0.0000000,3,Missing,-3.697314E28,-3.697314E28,-3.697314E28,Missing,-3.697314E28,-3.697314E28,-3.697314E28,Missing,-3.697314E28,-3.697314E28,-3.697314E28,Port 0x02: JJH T tibia tracker  s/n:3E4C8800,868858855,1781706580.918715530,1,OK,0.9657744,0.0605314,-0.0928816,0.2344970,11.329,46.826,-1627.429,0.3502006,3,OK,11.568,46.512,-1627.444,OK,23.098,-47.344,-1641.100,OK,-67.251,7.153,-1646.122,Port 0x03: JJH Y femur tracker  s/n:3E4C8801,868858855,1781706580.918715530,1,OK,0.5813892,0.0149054,0.1913179,0.7906718,-197.404,-1.708,-1531.790,0.5148438,3,OK,-197.420,-1.023,-1531.996,OK,-251.975,-76.095,-1494.394,OK,-167.271,-88.366,-1513.112
3,Port 0x01: JJH Probe  s/n:3E4C880C,868858858,1781706580.968715530,1,Too Few Markers,-3.697314E28,-3.697314E28,-3.697314E28,-3.697314E28,-3.697314E28,-3.697314E28,-3.697314E28,0.0000000,3,Missing,-3.697314E28,-3.697314E28,-3.697314E28,Missing,-3.697314E28,-3.697314E28,-3.697314E28,Missing,-3.697314E28,-3.697314E28,-3.697314E28,Port 0x02: JJH T tibia tracker  s/n:3E4C8800,868858858,1781706580.968715530,1,OK,0.9659859,0.0603032,-0.0911569,0.2343613,11.150,46.629,-1626.574,0.3515350,3,OK,11.377,46.301,-1626.593,OK,22.857,-47.554,-1640.164,OK,-67.490,6.957,-1644.957,Port 0x03: JJH Y femur tracker  s/n:3E4C8801,868858858,1781706580.968715530,1,OK,0.5812196,0.0158542,0.1916901,0.7906879,-197.351,-1.905,-1530.302,0.5050386,3,OK,-197.367,-1.234,-1530.505,OK,-251.853,-76.304,-1492.838,OK,-167.186,-88.567,-1511.734
3,Port 0x01: JJH Probe  s/n:3E4C880C,868858861,1781706581.018715530,1,Too Few Markers,-3.697314E28,-3.697314E28,-3.697314E28,-3.697314E28,-3.697314E28,-3.697314E28,-3.697314E28,0.0000000,3,Missing,-3.697314E28,-3.697314E28,-3.697314E28,Missing,-3.697314E28,-3.697314E28,-3.697314E28,Missing,-3.697314E28,-3.697314E28,-3.697314E28,Port 0x02: JJH T tibia tracker  s/n:3E4C8800,868858861,1781706581.018715530,1,OK,0.9659632,0.0611920,-0.0907461,0.2343836,10.964,46.416,-1625.591,0.3590319,3,OK,11.207,46.092,-1625.608,OK,22.678,-47.739,-1639.339,OK,-67.700,6.742,-1643.943,Port 0x03: JJH Y femur tracker  s/n:3E4C8801,868858861,1781706581.018715530,1,OK,0.5807230,0.0172364,0.1928100,0.7907515,-197.247,-2.149,-1528.993,0.5071416,3,OK,-197.264,-1.475,-1529.196,OK,-251.588,-76.563,-1491.318,OK,-166.977,-88.800,-1510.525
3,Port 0x01: JJH Probe  s/n:3E4C880C,868858864,1781706581.068715530,1,Too Few Markers,-3.697314E28,-3.697314E28,-3.697314E28,-3.697314E28,-3.697314E28,-3.697314E28,-3.697314E28,0.0000000,3,Missing,-3.697314E28,-3.697314E28,-3.697314E28,Missing,-3.697314E28,-3.697314E28,-3.697314E28,Missing,-3.697314E28,-3.697314E28,-3.697314E28,Port 0x02: JJH T tibia tracker  s/n:3E4C8800,868858864,1781706581.068715530,1,OK,0.9659961,0.0612340,-0.0902268,0.2344375,10.780,46.200,-1624.707,0.3590448,3,OK,11.030,45.883,-1624.722,OK,22.490,-47.957,-1638.451,OK,-67.900,6.502,-1642.973,Port 0x03: JJH Y femur tracker  s/n:3E4C8801,868858864,1781706581.068715530,1,OK,0.5803108,0.0183119,0.1933226,0.7909048,-197.133,-2.448,-1527.624,0.5128673,3,OK,-197.151,-1.766,-1527.829,OK,-251.347,-76.907,-1489.854,OK,-166.782,-89.100,-1509.272
3,Port 0x01: JJH Probe  s/n:3E4C880C,868858867,1781706581.118715530,1,Too Few Markers,-3.697314E28,-3.697314E28,-3.697314E28,-3.697314E28,-3.697314E28,-3.697314E28,-3.697314E28,0.0000000,3,Missing,-3.697314E28,-3.697314E28,-3.697314E28,Missing,-3.697314E28,-3.697314E28,-3.697314E28,Missing,-3.697314E28,-3.697314E28,-3.697314E28,Port 0x02: JJH T tibia tracker  s/n:3E4C8800,868858867,1781706581.118715530,1,OK,0.9661807,0.0602895,-0.0893053,0.2342746,10.629,46.101,-1623.864,0.3678614,3,OK,10.876,45.766,-1623.882,OK,22.280,-48.078,-1637.410,OK,-68.092,6.405,-1641.930,Port 0x03: JJH Y femur tracker  s/n:3E4C8801,868858867,1781706581.118715530,1,OK,0.5794576,0.0199996,0.1950953,0.7910542,-196.752,-2.516,-1526.260,0.5075890,3,OK,-196.773,-1.841,-1526.463,OK,-250.699,-76.994,-1488.163,OK,-166.234,-89.121,-1507.997
3,Port 0x01: JJH Probe  s/n:3E4C880C,868858870,1781706581.168715530,1,Too Few Markers,-3.697314E28,-3.697314E28,-3.697314E28,-3.697314E28,-3.697314E28,-3.697314E28,-3.697314E28,0.0000000,3,Missing,-3.697314E28,-3.697314E28,-3.697314E28,Missing,-3.697314E28,-3.697314E28,-3.697314E28,Missing,-3.697314E28,-3.697314E28,-3.697314E28,Port 0x02: JJH T tibia tracker  s/n:3E4C8800,868858870,1781706581.168715530,1,OK,0.9662845,0.0604479,-0.0882890,0.2341908,10.512,45.897,-1623.454,0.3573486,3,OK,10.756,45.576,-1623.471,OK,22.123,-48.295,-1637.011,OK,-68.241,6.197,-1641.351,Port 0x03: JJH Y femur tracker  s/n:3E4C8801,868858870,1781706581.168715530,1,OK,0.5778980,0.0234947,0.1975383,0.7914926,-196.086,-2.745,-1525.370,0.5064176,3,OK,-196.106,-2.072,-1525.573,OK,-249.564,-77.335,-1486.822,OK,-165.258,-89.302,-1507.418
3,Port 0x01: JJH Probe  s/n:3E4C880C,868858873,1781706581.218715530,1,Too Few Markers,-3.697314E28,-3.697314E28,-3.697314E28,-3.697314E28,-3.697314E28,-3.697314E28,-3.697314E28,0.0000000,3,Missing,-3.697314E28,-3.697314E28,-3.697314E28,Missing,-3.697314E28,-3.697314E28,-3.697314E28,Missing,-3.697314E28,-3.697314E28,-3.697314E28,Port 0x02: JJH T tibia tracker  s/n:3E4C8800,868858873,1781706581.218715530,1,OK,0.9665370,0.0604248,-0.0867917,0.2337140,10.326,45.656,-1623.284,0.3514496,3,OK,10.559,45.332,-1623.303,OK,21.816,-48.559,-1636.810,OK,-68.504,6.017,-1640.916,Port 0x03: JJH Y femur tracker  s/n:3E4C8801,868858873,1781706581.218715530,1,OK,0.5767586,0.0258759,0.1995377,0.7917478,-195.510,-2.929,-1524.451,0.5045650,3,OK,-195.536,-2.259,-1524.652,OK,-248.636,-77.571,-1485.539,OK,-164.461,-89.442,-1506.678
3,Port 0x01: JJH Probe  s/n:3E4C880C,868858876,1781706581.268715530,1,Too Few Markers,-3.697314E28,-3.697314E28,-3.697314E28,-3.697314E28,-3.697314E28,-3.697314E28,-3.697314E28,0.0000000,3,Missing,-3.697314E28,-3.697314E28,-3.697314E28,Missing,-3.697314E28,-3.697314E28,-3.697314E28,Missing,-3.697314E28,-3.697314E28,-3.697314E28,Port 0x02: JJH T tibia tracker  s/n:3E4C8800,868858876,1781706581.268715530,1,OK,0.9667235,0.0599077,-0.0869448,0.2330178,10.024,45.295,-1622.827,0.3701668,3,OK,10.278,44.965,-1622.843,OK,21.380,-48.937,-1636.268,OK,-68.888,5.758,-1640.464,Port 0x03: JJH Y femur tracker  s/n:3E4C8801,868858876,1781706581.268715530,1,OK,0.5755984,0.0285200,0.2015127,0.7920011,-195.015,-3.106,-1523.581,0.5041682,3,OK,-195.041,-2.436,-1523.782,OK,-247.783,-77.817,-1484.308,OK,-163.746,-89.582,-1506.030
3,Port 0x01: JJH Probe  s/n:3E4C880C,868858879,1781706581.318715530,1,Too Few Markers,-3.697314E28,-3.697314E28,-3.697314E28,-3.697314E28,-3.697314E28,-3.697314E28,-3.697314E28,0.0000000,3,Missing,-3.697314E28,-3.697314E28,-3.697314E28,Missing,-3.697314E28,-3.697314E28,-3.697314E28,Missing,-3.697314E28,-3.697314E28,-3.697314E28,Port 0x02: JJH T tibia tracker  s/n:3E4C8800,868858879,1781706581.318715530,1,OK,0.9670479,0.0593781,-0.0846941,0.2326359,9.776,45.051,-1622.486,0.3654177,3,OK,10.008,44.707,-1622.508,OK,21.017,-49.218,-1635.780,OK,-69.224,5.552,-1639.705,Port 0x03: JJH Y femur tracker  s/n:3E4C8801,868858879,1781706581.318715530,1,OK,0.5748068,0.0299831,0.2032099,0.7920883,-194.729,-3.325,-1522.518,0.5137584,3,OK,-194.752,-2.642,-1522.726,OK,-247.257,-78.053,-1482.931,OK,-163.302,-89.762,-1505.030
3,Port 0x01: JJH Probe  s/n:3E4C880C,868858882,1781706581.368715530,1,Too Few Markers,-3.697314E28,-3.697314E28,-3.697314E28,-3.697314E28,-3.697314E28,-3.697314E28,-3.697314E28,0.0000000,3,Missing,-3.697314E28,-3.697314E28,-3.697314E28,Missing,-3.697314E28,-3.697314E28,-3.697314E28,Missing,-3.697314E28,-3.697314E28,-3.697314E28,Port 0x02: JJH T tibia tracker  s/n:3E4C8800,868858882,1781706581.368715530,1,OK,0.9672640,0.0596910,-0.0833762,0.2321330,9.474,44.818,-1621.700,0.3563289,3,OK,9.700,44.481,-1621.722,OK,20.593,-49.468,-1635.032,OK,-69.598,5.387,-1638.700,Port 0x03: JJH Y femur tracker  s/n:3E4C8801,868858882,1781706581.368715530,1,OK,0.5742939,0.0311514,0.2043684,0.7921172,-194.604,-3.455,-1521.313,0.5143490,3,OK,-194.627,-2.771,-1521.521,OK,-246.968,-78.189,-1481.512,OK,-163.078,-89.871,-1503.893
3,Port 0x01: JJH Probe  s/n:3E4C880C,868858885,1781706581.418715530,1,Too Few Markers,-3.697314E28,-3.697314E28,-3.697314E28,-3.697314E28,-3.697314E28,-3.697314E28,-3.697314E28,0.0000000,3,Missing,-3.697314E28,-3.697314E28,-3.697314E28,Missing,-3.697314E28,-3.697314E28,-3.697314E28,Missing,-3.697314E28,-3.697314E28,-3.697314E28,Port 0x02: JJH T tibia tracker  s/n:3E4C8800,868858885,1781706581.418715530,1,OK,0.9673333,0.0600875,-0.0828308,0.2319372,9.219,44.617,-1620.826,0.3620502,3,OK,9.465,44.291,-1620.844,OK,20.287,-49.662,-1634.224,OK,-69.899,5.203,-1637.750,Port 0x03: JJH Y femur tracker  s/n:3E4C8801,868858885,1781706581.418715530,1,OK,0.5739373,0.0321464,0.2046826,0.7922548,-194.527,-3.619,-1519.960,0.5015687,3,OK,-194.556,-2.952,-1520.160,OK,-246.777,-78.389,-1480.110,OK,-162.938,-90.030,-1502.670
3,Port 0x01: JJH Probe  s/n:3E4C880C,868858888,1781706581.468715530,1,Too Few Markers,-3.697314E28,-3.697314E28,-3.697314E28,-3.697314E28,-3.697314E28,-3.697314E28,-3.697314E28,0.0000000,3,Missing,-3.697314E28,-3.697314E28,-3.697314E28,Missing,-3.697314E28,-3.697314E28,-3.697314E28,Missing,-3.697314E28,-3.697314E28,-3.697314E28,Port 0x02: JJH T tibia tracker  s/n:3E4C8800,868858888,1781706581.468715530,1,OK,0.9674044,0.0598144,-0.0819585,0.2320212,9.057,44.481,-1619.968,0.3683402,3,OK,9.303,44.146,-1619.988,OK,20.130,-49.805,-1633.291,OK,-70.088,5.042,-1636.731,Port 0x03: JJH Y femur tracker  s/n:3E4C8801,868858888,1781706581.468715530,1,OK,0.5735970,0.0329396,0.2051506,0.7923476,-194.458,-3.822,-1518.725,0.5009819,3,OK,-194.485,-3.156,-1518.926,OK,-246.601,-78.621,-1478.793,OK,-162.811,-90.222,-1501.515
3,Port 0x01: JJH Probe  s/n:3E4C880C,868858891,1781706581.518715530,1,Too Few Markers,-3.697314E28,-3.697314E28,-3.697314E28,-3.697314E28,-3.697314E28,-3.697314E28,-3.697314E28,0.0000000,3,Missing,-3.697314E28,-3.697314E28,-3.697314E28,Missing,-3.697314E28,-3.697314E28,-3.697314E28,Missing,-3.697314E28,-3.697314E28,-3.697314E28,Port 0x02: JJH T tibia tracker  s/n:3E4C8800,868858891,1781706581.518715530,1,OK,0.9674080,0.0606682,-0.0811385,0.2320726,8.910,44.332,-1619.085,0.3644946,3,OK,9.152,43.999,-1619.106,OK,19.986,-49.936,-1632.550,OK,-70.249,4.887,-1635.740,Port 0x03: JJH Y femur tracker  s/n:3E4C8801,868858891,1781706581.518715530,1,OK,0.5731509,0.0337075,0.2061658,0.7923746,-194.380,-4.016,-1517.508,0.5091804,3,OK,-194.404,-3.339,-1517.714,OK,-246.387,-78.822,-1477.387,OK,-162.647,-90.393,-1500.319
3,Port 0x01: JJH Probe  s/n:3E4C880C,868858894,1781706581.568715529,1,Too Few Markers,-3.697314E28,-3.697314E28,-3.697314E28,-3.697314E28,-3.697314E28,-3.697314E28,-3.697314E28,0.0000000,3,Missing,-3.697314E28,-3.697314E28,-3.697314E28,Missing,-3.697314E28,-3.697314E28,-3.697314E28,Missing,-3.697314E28,-3.697314E28,-3.697314E28,Port 0x02: JJH T tibia tracker  s/n:3E4C8800,868858894,1781706581.568715529,1,OK,0.9674943,0.0598707,-0.0805904,0.2321111,8.780,44.225,-1618.497,0.3748411,3,OK,9.027,43.880,-1618.518,OK,19.845,-50.054,-1631.796,OK,-70.396,4.752,-1635.026,Port 0x03: JJH Y femur tracker  s/n:3E4C8801,868858894,1781706581.568715529,1,OK,0.5725885,0.0351554,0.2073029,0.7924217,-194.148,-4.172,-1516.447,0.5121911,3,OK,-194.177,-3.491,-1516.652,OK,-245.965,-78.994,-1476.123,OK,-162.313,-90.539,-1499.370
3,Port 0x01: JJH Probe  s/n:3E4C880C,868858897,1781706581.618715529,1,Too Few Markers,-3.697314E28,-3.697314E28,-3.697314E28,-3.697314E28,-3.697314E28,-3.697314E28,-3.697314E28,0.0000000,3,Missing,-3.697314E28,-3.697314E28,-3.697314E28,Missing,-3.697314E28,-3.697314E28,-3.697314E28,Missing,-3.697314E28,-3.697314E28,-3.697314E28,Port 0x02: JJH T tibia tracker  s/n:3E4C8800,868858897,1781706581.618715529,1,OK,0.9675730,0.0604791,-0.0796356,0.2319547,8.755,44.068,-1617.893,0.3592187,3,OK,8.992,43.738,-1617.914,OK,19.776,-50.218,-1631.290,OK,-70.449,4.618,-1634.279,Port 0x03: JJH Y femur tracker  s/n:3E4C8801,868858897,1781706581.618715529,1,OK,0.5717268,0.0375162,0.2085368,0.7926118,-193.638,-4.274,-1515.354,0.4954227,3,OK,-193.672,-3.616,-1515.551,OK,-245.176,-79.155,-1474.818,OK,-161.651,-90.623,-1498.533
3,Port 0x01: JJH Probe  s/n:3E4C880C,868858900,1781706581.668715529,1,Too Few Markers,-3.697314E28,-3.697314E28,-3.697314E28,-3.697314E28,-3.697314E28,-3.697314E28,-3.697314E28,0.0000000,3,Missing,-3.697314E28,-3.697314E28,-3.697314E28,Missing,-3.697314E28,-3.697314E28,-3.697314E28,Missing,-3.697314E28,-3.697314E28,-3.697314E28,Port 0x02: JJH T tibia tracker  s/n:3E4C8800,868858900,1781706581.668715529,1,OK,0.9677079,0.0597551,-0.0787871,0.2318692,8.722,43.870,-1617.364,0.3583757,3,OK,8.961,43.543,-1617.384,OK,19.703,-50.446,-1630.606,OK,-70.515,4.409,-1633.573,Port 0x03: JJH Y femur tracker  s/n:3E4C8801,868858900,1781706581.668715529,1,OK,0.5706220,0.0393077,0.2109324,0.7926872,-193.057,-4.411,-1514.518,0.5092285,3,OK,-193.090,-3.735,-1514.723,OK,-244.254,-79.303,-1473.546,OK,-160.863,-90.700,-1497.746
3,Port 0x01: JJH Probe  s/n:3E4C880C,868858903,1781706581.718715529,1,Too Few Markers,-3.697314E28,-3.697314E28,-3.697314E28,-3.697314E28,-3.697314E28,-3.697314E28,-3.697314E28,0.0000000,3,Missing,-3.697314E28,-3.697314E28,-3.697314E28,Missing,-3.697314E28,-3.697314E28,-3.697314E28,Missing,-3.697314E28,-3.697314E28,-3.697314E28,Port 0x02: JJH T tibia tracker  s/n:3E4C8800,868858903,1781706581.718715529,1,OK,0.9678436,0.0592329,-0.0786415,0.2314860,8.622,43.634,-1617.107,0.3617361,3,OK,8.865,43.307,-1617.127,OK,19.521,-50.702,-1630.253,OK,-70.658,4.224,-1633.268,Port 0x03: JJH Y femur tracker  s/n:3E4C8801,868858903,1781706581.718715529,1,OK,0.5693529,0.0423572,0.2126607,0.7929808,-192.362,-4.563,-1513.713,0.4970533,3,OK,-192.393,-3.903,-1513.913,OK,-243.169,-79.553,-1472.440,OK,-159.945,-90.816,-1497.263
3,Port 0x01: JJH Probe  s/n:3E4C880C,868858906,1781706581.768715529,1,Too Few Markers,-3.697314E28,-3.697314E28,-3.697314E28,-3.697314E28,-3.697314E28,-3.697314E28,-3.697314E28,0.0000000,3,Missing,-3.697314E28,-3.697314E28,-3.697314E28,Missing,-3.697314E28,-3.697314E28,-3.697314E28,Missing,-3.697314E28,-3.697314E28,-3.697314E28,Port 0x02: JJH T tibia tracker  s/n:3E4C8800,868858906,1781706581.768715529,1,OK,0.9679717,0.0589699,-0.0781407,0.2311867,8.603,43.412,-1616.774,0.3606093,3,OK,8.849,43.090,-1616.792,OK,19.427,-50.941,-1629.863,OK,-70.715,4.036,-1632.836,Port 0x03: JJH Y femur tracker  s/n:3E4C8801,868858906,1781706581.768715529,1,OK,0.5680429,0.0452658,0.2151018,0.7931012,-191.643,-4.683,-1512.941,0.4999170,3,OK,-191.675,-4.018,-1513.143,OK,-242.036,-79.719,-1471.235,OK,-158.994,-90.892,-1496.715
3,Port 0x01: JJH Probe  s/n:3E4C880C,868858909,1781706581.818715529,1,Too Few Markers,-3.697314E28,-3.697314E28,-3.697314E28,-3.697314E28,-3.697314E28,-3.697314E28,-3.697314E28,0.0000000,3,Missing,-3.697314E28,-3.697314E28,-3.697314E28,Missing,-3.697314E28,-3.697314E28,-3.697314E28,Missing,-3.697314E28,-3.697314E28,-3.697314E28,Port 0x02: JJH T tibia tracker  s/n:3E4C8800,868858909,1781706581.818715529,1,OK,0.9682181,0.0583730,-0.0773044,0.2305869,8.607,43.177,-1616.662,0.3650913,3,OK,8.850,42.845,-1616.682,OK,19.295,-51.203,-1629.626,OK,-70.785,3.881,-1632.550,Port 0x03: JJH Y femur tracker  s/n:3E4C8801,868858909,1781706581.818715529,1,OK,0.5665473,0.0480457,0.2177564,0.7932830,-190.813,-4.813,-1512.345,0.5103035,3,OK,-190.841,-4.134,-1512.554,OK,-240.747,-79.908,-1470.168,OK,-157.899,-90.958,-1496.308
3,Port 0x01: JJH Probe  s/n:3E4C880C,868858912,1781706581.868715529,1,Too Few Markers,-3.697314E28,-3.697314E28,-3.697314E28,-3.697314E28,-3.697314E28,-3.697314E28,-3.697314E28,0.0000000,3,Missing,-3.697314E28,-3.697314E28,-3.697314E28,Missing,-3.697314E28,-3.697314E28,-3.697314E28,Missing,-3.697314E28,-3.697314E28,-3.697314E28,Port 0x02: JJH T tibia tracker  s/n:3E4C8800,868858912,1781706581.868715529,1,OK,0.9684715,0.0575347,-0.0766589,0.2299482,8.467,42.842,-1616.405,0.3624477,3,OK,8.701,42.504,-1616.427,OK,19.017,-51.581,-1629.205,OK,-70.992,3.637,-1632.142,Port 0x03: JJH Y femur tracker  s/n:3E4C8801,868858912,1781706581.868715529,1,OK,0.5651473,0.0515837,0.2197312,0.7935149,-190.028,-4.944,-1511.578,0.4961788,3,OK,-190.065,-4.286,-1511.777,OK,-239.510,-80.129,-1469.073,OK,-156.886,-91.062,-1495.917
3,Port 0x01: JJH Probe  s/n:3E4C880C,868858915,1781706581.918715529,1,Too Few Markers,-3.697314E28,-3.697314E28,-3.697314E28,-3.697314E28,-3.697314E28,-3.697314E28,-3.697314E28,0.0000000,3,Missing,-3.697314E28,-3.697314E28,-3.697314E28,Missing,-3.697314E28,-3.697314E28,-3.697314E28,Missing,-3.697314E28,-3.697314E28,-3.697314E28,Port 0x02: JJH T tibia tracker  s/n:3E4C8800,868858915,1781706581.918715529,1,OK,0.9686605,0.0575500,-0.0764973,0.2292006,8.417,42.540,-1616.076,0.3663035,3,OK,8.669,42.214,-1616.093,OK,18.805,-51.893,-1628.885,OK,-71.114,3.439,-1631.782,Port 0x03: JJH Y femur tracker  s/n:3E4C8801,868858915,1781706581.918715529,1,OK,0.5636744,0.0545631,0.2223754,0.7936266,-189.194,-5.050,-1510.898,0.5021536,3,OK,-189.229,-4.382,-1511.102,OK,-238.212,-80.285,-1467.931,OK,-155.803,-91.111,-1495.459
3,Port 0x01: JJH Probe  s/n:3E4C880C,868858918,1781706581.968715529,1,Too Few Markers,-3.697314E28,-3.697314E28,-3.697314E28,-3.697314E28,-3.697314E28,-3.697314E28,-3.697314E28,0.0000000,3,Missing,-3.697314E28,-3.697314E28,-3.697314E28,Missing,-3.697314E28,-3.697314E28,-3.697314E28,Missing,-3.697314E28,-3.697314E28,-3.697314E28,Port 0x02: JJH T tibia tracker  s/n:3E4C8800,868858918,1781706581.968715529,1,OK,0.9688959,0.0569823,-0.0752458,0.2287616,8.442,42.316,-1615.958,0.3691630,3,OK,8.682,41.973,-1615.979,OK,18.719,-52.140,-1628.635,OK,-71.151,3.270,-1631.420,Port 0x03: JJH Y femur tracker  s/n:3E4C8801,868858918,1781706581.968715529,1,OK,0.5621982,0.0574142,0.2246229,0.7938396,-188.320,-5.151,-1510.332,0.4973612,3,OK,-188.360,-4.491,-1510.533,OK,-236.883,-80.455,-1466.986,OK,-154.682,-91.155,-1495.142
3,Port 0x01: JJH Probe  s/n:3E4C880C,868858921,1781706582.018715529,1,Too Few Markers,-3.697314E28,-3.697314E28,-3.697314E28,-3.697314E28,-3.697314E28,-3.697314E28,-3.697314E28,0.0000000,3,Missing,-3.697314E28,-3.697314E28,-3.697314E28,Missing,-3.697314E28,-3.697314E28,-3.697314E28,Missing,-3.697314E28,-3.697314E28,-3.697314E28,Port 0x02: JJH T tibia tracker  s/n:3E4C8800,868858921,1781706582.018715529,1,OK,0.9690957,0.0563510,-0.0746781,0.2282568,8.415,42.091,-1615.902,0.3642867,3,OK,8.650,41.752,-1615.923,OK,18.580,-52.401,-1628.454,OK,-71.234,3.114,-1631.236,Port 0x03: JJH Y femur tracker  s/n:3E4C8801,868858921,1781706582.018715529,1,OK,0.5608208,0.0600853,0.2268761,0.7939755,-187.559,-5.261,-1509.804,0.5038717,3,OK,-187.604,-4.593,-1510.006,OK,-235.684,-80.618,-1466.078,OK,-153.696,-91.219,-1494.828
3,Port 0x01: JJH Probe  s/n:3E4C880C,868858924,1781706582.068715529,1,Too Few Markers,-3.697314E28,-3.697314E28,-3.697314E28,-3.697314E28,-3.697314E28,-3.697314E28,-3.697314E28,0.0000000,3,Missing,-3.697314E28,-3.697314E28,-3.697314E28,Missing,-3.697314E28,-3.697314E28,-3.697314E28,Missing,-3.697314E28,-3.697314E28,-3.697314E28,Port 0x02: JJH T tibia tracker  s/n:3E4C8800,868858924,1781706582.068715529,1,OK,0.9692602,0.0561714,-0.0742142,0.2277536,8.378,41.934,-1615.695,0.3532146,3,OK,8.615,41.615,-1615.713,OK,18.435,-52.591,-1628.210,OK,-71.326,3.028,-1630.938,Port 0x03: JJH Y femur tracker  s/n:3E4C8801,868858924,1781706582.068715529,1,OK,0.5598455,0.0622946,0.2286487,0.7939850,-186.972,-5.257,-1509.357,0.5028381,3,OK,-187.011,-4.591,-1509.562,OK,-234.784,-80.649,-1465.326,OK,-152.957,-91.179,-1494.565
3,Port 0x01: JJH Probe  s/n:3E4C880C,868858927,1781706582.118715529,1,Too Few Markers,-3.697314E28,-3.697314E28,-3.697314E28,-3.697314E28,-3.697314E28,-3.697314E28,-3.697314E28,0.0000000,3,Missing,-3.697314E28,-3.697314E28,-3.697314E28,Missing,-3.697314E28,-3.697314E28,-3.697314E28,Missing,-3.697314E28,-3.697314E28,-3.697314E28,Port 0x02: JJH T tibia tracker  s/n:3E4C8800,868858927,1781706582.118715529,1,OK,0.9693596,0.0563532,-0.0739848,0.2273598,8.298,41.831,-1615.691,0.3540310,3,OK,8.524,41.499,-1615.712,OK,18.284,-52.697,-1628.239,OK,-71.441,3.000,-1630.897,Port 0x03: JJH Y femur tracker  s/n:3E4C8801,868858927,1781706582.118715529,1,OK,0.5594634,0.0630432,0.2291042,0.7940639,-186.783,-5.256,-1509.227,0.4962574,3,OK,-186.818,-4.597,-1509.431,OK,-234.483,-80.676,-1465.121,OK,-152.707,-91.157,-1494.517
3,Port 0x01: JJH Probe  s/n:3E4C880C,868858930,1781706582.168715529,1,Too Few Markers,-3.697314E28,-3.697314E28,-3.697314E28,-3.697314E28,-3.697314E28,-3.697314E28,-3.697314E28,0.0000000,3,Missing,-3.697314E28,-3.697314E28,-3.697314E28,Missing,-3.697314E28,-3.697314E28,-3.697314E28,Missing,-3.697314E28,-3.697314E28,-3.697314E28,Port 0x02: JJH T tibia tracker  s/n:3E4C8800,868858930,1781706582.168715529,1,OK,0.9693510,0.0561698,-0.0745560,0.2272554,8.250,41.813,-1615.685,0.3644269,3,OK,8.486,41.474,-1615.706,OK,18.215,-52.703,-1628.213,OK,-71.485,2.996,-1630.984,Port 0x03: JJH Y femur tracker  s/n:3E4C8801,868858930,1781706582.168715529,1,OK,0.5599448,0.0620703,0.2281791,0.7940676,-186.974,-5.226,-1509.261,0.4912582,3,OK,-187.021,-4.577,-1509.457,OK,-234.821,-80.626,-1465.322,OK,-152.974,-91.153,-1494.483
3,Port 0x01: JJH Probe  s/n:3E4C880C,868858933,1781706582.218715529,1,Too Few Markers,-3.697314E28,-3.697314E28,-3.697314E28,-3.697314E28,-3.697314E28,-3.697314E28,-3.697314E28,0.0000000,3,Missing,-3.697314E28,-3.697314E28,-3.697314E28,Missing,-3.697314E28,-3.697314E28,-3.697314E28,Missing,-3.697314E28,-3.697314E28,-3.697314E28,Port 0x02: JJH T tibia tracker  s/n:3E4C8800,868858933,1781706582.218715529,1,OK,0.9693037,0.0573755,-0.0750630,0.2269889,8.150,41.893,-1615.806,0.3555177,3,OK,8.368,41.552,-1615.830,OK,18.089,-52.602,-1628.577,OK,-71.581,3.156,-1631.235,Port 0x03: JJH Y femur tracker  s/n:3E4C8801,868858933,1781706582.218715529,1,OK,0.5612273,0.0596829,0.2264189,0.7938491,-187.691,-5.113,-1509.681,0.4925614,3,OK,-187.733,-4.460,-1509.879,OK,-235.931,-80.442,-1466.030,OK,-153.901,-91.086,-1494.679
3,Port 0x01: JJH Probe  s/n:3E4C880C,868858936,1781706582.268715529,1,Too Few Markers,-3.697314E28,-3.697314E28,-3.697314E28,-3.697314E28,-3.697314E28,-3.697314E28,-3.697314E28,0.0000000,3,Missing,-3.697314E28,-3.697314E28,-3.697314E28,Missing,-3.697314E28,-3.697314E28,-3.697314E28,Missing,-3.697314E28,-3.697314E28,-3.697314E28,Port 0x02: JJH T tibia tracker  s/n:3E4C8800,868858936,1781706582.268715529,1,OK,0.9691570,0.0589244,-0.0764227,0.2267645,7.898,42.034,-1616.011,0.3561344,3,OK,8.141,41.716,-1616.029,OK,17.831,-52.425,-1629.112,OK,-71.833,3.361,-1631.741,Port 0x03: JJH Y femur tracker  s/n:3E4C8801,868858936,1781706582.268715529,1,OK,0.5634141,0.0549292,0.2233411,0.7935150,-189.006,-4.952,-1510.479,0.4940230,3,OK,-189.045,-4.297,-1510.679,OK,-237.928,-80.142,-1467.342,OK,-155.565,-90.986,-1495.004
3,Port 0x01: JJH Probe  s/n:3E4C880C,868858939,1781706582.318715529,1,Too Few Markers,-3.697314E28,-3.697314E28,-3.697314E28,-3.697314E28,-3.697314E28,-3.697314E28,-3.697314E28,0.0000000,3,Missing,-3.697314E28,-3.697314E28,-3.697314E28,Missing,-3.697314E28,-3.697314E28,-3.697314E28,Missing,-3.697314E28,-3.697314E28,-3.697314E28,Port 0x02: JJH T tibia tracker  s/n:3E4C8800,868858939,1781706582.318715529,1,OK,0.9690233,0.0605931,-0.0772208,0.2266257,7.687,42.394,-1616.475,0.3559820,3,OK,7.915,42.061,-1616.498,OK,17.628,-52.011,-1629.910,OK,-72.020,3.792,-1632.406,Port 0x03: JJH Y femur tracker  s/n:3E4C8801,868858939,1781706582.318715529,1,OK,0.5664722,0.0484268,0.2187559,0.7930384,-190.751,-4.694,-1511.543,0.5013138,3,OK,-190.785,-4.029,-1511.747,OK,-240.615,-79.714,-1469.190,OK,-157.833,-90.823,-1495.457
3,Port 0x01: JJH Probe  s/n:3E4C880C,868858942,1781706582.368715529,1,Too Few Markers,-3.697314E28,-3.697314E28,-3.697314E28,-3.697314E28,-3.697314E28,-3.697314E28,-3.697314E28,0.0000000,3,Missing,-3.697314E28,-3.697314E28,-3.697314E28,Missing,-3.697314E28,-3.697314E28,-3.697314E28,Missing,-3.697314E28,-3.697314E28,-3.697314E28,Port 0x02: JJH T tibia tracker  s/n:3E4C8800,868858942,1781706582.368715529,1,OK,0.9683873,0.0636169,-0.0807174,0.2272964,7.763,43.020,-1616.716,0.3630149,3,OK,7.991,42.676,-1616.742,OK,17.936,-51.257,-1630.792,OK,-71.791,4.412,-1633.377,Port 0x03: JJH Y femur tracker  s/n:3E4C8801,868858942,1781706582.368715529,1,OK,0.5701563,0.0403773,0.2129799,0.7924210,-192.816,-4.394,-1512.977,0.5012157,3,OK,-192.843,-3.728,-1513.182,OK,-243.834,-79.208,-1471.627,OK,-160.537,-90.632,-1496.163
3,Port 0x01: JJH Probe  s/n:3E4C880C,868858945,1781706582.418715529,1,Too Few Markers,-3.697314E28,-3.697314E28,-3.697314E28,-3.697314E28,-3.697314E28,-3.697314E28,-3.697314E28,0.0000000,3,Missing,-3.697314E28,-3.697314E28,-3.697314E28,Missing,-3.697314E28,-3.697314E28,-3.697314E28,Missing,-3.697314E28,-3.697314E28,-3.697314E28,Port 0x02: JJH T tibia tracker  s/n:3E4C8800,868858945,1781706582.418715529,1,OK,0.9681694,0.0659836,-0.0838210,0.2264249,7.446,43.374,-1616.810,0.3624007,3,OK,7.671,43.029,-1616.838,OK,17.540,-50.832,-1631.418,OK,-72.088,5.000,-1634.095,Port 0x03: JJH Y femur tracker  s/n:3E4C8801,868858945,1781706582.418715529,1,OK,0.5744973,0.0309078,0.2059245,0.7915760,-195.315,-3.922,-1514.678,0.5018046,3,OK,-195.343,-3.256,-1514.882,OK,-247.675,-78.487,-1474.590,OK,-163.832,-90.302,-1497.046
3,Port 0x01: JJH Probe  s/n:3E4C880C,868858948,1781706582.468715529,1,Too Few Markers,-3.697314E28,-3.697314E28,-3.697314E28,-3.697314E28,-3.697314E28,-3.697314E28,-3.697314E28,0.0000000,3,Missing,-3.697314E28,-3.697314E28,-3.697314E28,Missing,-3.697314E28,-3.697314E28,-3.697314E28,Missing,-3.697314E28,-3.697314E28,-3.697314E28,Port 0x02: JJH T tibia tracker  s/n:3E4C8800,868858948,1781706582.468715529,1,OK,0.9676238,0.0714404,-0.0868371,0.2259641,7.152,43.967,-1617.963,0.3544783,3,OK,7.386,43.642,-1617.990,OK,17.266,-50.059,-1633.677,OK,-72.315,5.799,-1635.982,Port 0x03: JJH Y femur tracker  s/n:3E4C8801,868858948,1781706582.468715529,1,OK,0.5788525,0.0206455,0.1987547,0.7905695,-197.784,-3.593,-1516.917,0.5227790,3,OK,-197.804,-2.899,-1517.130,OK,-251.501,-77.896,-1478.131,OK,-167.137,-90.104,-1498.369
3,Port 0x01: JJH Probe  s/n:3E4C880C,868858951,1781706582.518715529,1,Too Few Markers,-3.697314E28,-3.697314E28,-3.697314E28,-3.697314E28,-3.697314E28,-3.697314E28,-3.697314E28,0.0000000,3,Missing,-3.697314E28,-3.697314E28,-3.697314E28,Missing,-3.697314E28,-3.697314E28,-3.697314E28,Missing,-3.697314E28,-3.697314E28,-3.697314E28,Port 0x02: JJH T tibia tracker  s/n:3E4C8800,868858951,1781706582.518715529,1,OK,0.9672971,0.0764571,-0.0886355,0.2250206,6.939,44.637,-1619.826,0.3628335,3,OK,7.163,44.290,-1619.861,OK,16.979,-49.215,-1636.533,OK,-72.546,6.760,-1638.341,Port 0x03: JJH Y femur tracker  s/n:3E4C8801,868858951,1781706582.518715529,1,OK,0.5832481,0.0112441,0.1910122,0.7894363,-200.123,-3.059,-1519.621,0.5063108,3,OK,-200.139,-2.388,-1519.825,OK,-255.177,-77.113,-1482.280,OK,-170.366,-89.723,-1500.370
3,Port 0x01: JJH Probe  s/n:3E4C880C,868858954,1781706582.568715530,1,Too Few Markers,-3.697314E28,-3.697314E28,-3.697314E28,-3.697314E28,-3.697314E28,-3.697314E28,-3.697314E28,0.0000000,3,Missing,-3.697314E28,-3.697314E28,-3.697314E28,Missing,-3.697314E28,-3.697314E28,-3.697314E28,Missing,-3.697314E28,-3.697314E28,-3.697314E28,Port 0x02: JJH T tibia tracker  s/n:3E4C8800,868858954,1781706582.568715530,1,OK,0.9670558,0.0789305,-0.0911478,0.2241990,6.928,45.397,-1622.326,0.3551829,3,OK,7.142,45.051,-1622.364,OK,16.889,-48.367,-1639.570,OK,-72.525,7.748,-1641.360,Port 0x03: JJH Y femur tracker  s/n:3E4C8801,868858954,1781706582.568715530,1,OK,0.5865145,0.0039530,0.1856080,0.7883747,-201.781,-2.248,-1523.572,0.5115048,3,OK,-201.781,-1.568,-1523.782,OK,-257.828,-76.088,-1487.248,OK,-172.715,-89.010,-1503.724
3,Port 0x01: JJH Probe  s/n:3E4C880C,868858957,1781706582.618715530,1,Too Few Markers,-3.697314E28,-3.697314E28,-3.697314E28,-3.697314E28,-3.697314E28,-3.697314E28,-3.697314E28,0.0000000,3,Missing,-3.697314E28,-3.697314E28,-3.697314E28,Missing,-3.697314E28,-3.697314E28,-3.697314E28,Missing,-3.697314E28,-3.697314E28,-3.697314E28,Port 0x02: JJH T tibia tracker  s/n:3E4C8800,868858957,1781706582.618715530,1,OK,0.9666757,0.0790971,-0.0959264,0.2237853,7.631,46.061,-1626.499,0.3640177,3,OK,7.862,45.719,-1626.532,OK,17.631,-47.671,-1643.894,OK,-71.719,8.567,-1646.363,Port 0x03: JJH Y femur tracker  s/n:3E4C8801,868858957,1781706582.618715530,1,OK,0.5880680,-0.0003587,0.1824437,0.7879658,-202.109,-1.444,-1529.378,0.5178742,3,OK,-202.113,-0.757,-1529.589,OK,-258.653,-75.195,-1493.663,OK,-173.377,-88.253,-1509.187
3,Port 0x01: JJH Probe  s/n:3E4C880C,868858960,1781706582.668715530,1,Too Few Markers,-3.697314E28,-3.697314E28,-3.697314E28,-3.697314E28,-3.697314E28,-3.697314E28,-3.697314E28,0.0000000,3,Missing,-3.697314E28,-3.697314E28,-3.697314E28,Missing,-3.697314E28,-3.697314E28,-3.697314E28,Missing,-3.697314E28,-3.697314E28,-3.697314E28,Port 0x02: JJH T tibia tracker  s/n:3E4C8800,868858960,1781706582.668715530,1,OK,0.9663040,0.0787332,-0.0998182,0.2238169,8.807,46.662,-1630.195,0.3552397,3,OK,9.042,46.338,-1630.223,OK,18.897,-47.069,-1647.618,OK,-70.406,9.220,-1650.718,Port 0x03: JJH Y femur tracker  s/n:3E4C8801,868858960,1781706582.668715530,1,OK,0.5898414,-0.0057873,0.1780731,0.7876190,-202.177,-0.653,-1535.031,0.5140150,3,OK,-202.172,0.030,-1535.242,OK,-259.325,-74.351,-1500.157,OK,-173.841,-87.497,-1514.466
3,Port 0x01: JJH Probe  s/n:3E4C880C,868858963,1781706582.718715530,1,Too Few Markers,-3.697314E28,-3.697314E28,-3.697314E28,-3.697314E28,-3.697314E28,-3.697314E28,-3.697314E28,0.0000000,3,Missing,-3.697314E28,-3.697314E28,-3.697314E28,Missing,-3.697314E28,-3.697314E28,-3.697314E28,Missing,-3.697314E28,-3.697314E28,-3.697314E28,Port 0x02: JJH T tibia tracker  s/n:3E4C8800,868858963,1781706582.718715530,1,OK,0.9660634,0.0831383,-0.1010437,0.2227097,9.002,47.228,-1631.516,0.3584445,3,OK,9.213,46.876,-1631.557,OK,18.967,-46.333,-1649.806,OK,-70.228,10.097,-1652.401,Port 0x03: JJH Y femur tracker  s/n:3E4C8801,868858963,1781706582.718715530,1,OK,0.5963195,-0.0216272,0.1663577,0.7850226,-205.112,0.031,-1538.485,0.5142857,3,OK,-205.098,0.713,-1538.695,OK,-264.198,-73.190,-1505.923,OK,-178.292,-87.001,-1516.693
3,Port 0x01: JJH Probe  s/n:3E4C880C,868858966,1781706582.768715530,1,Too Few Markers,-3.697314E28,-3.697314E28,-3.697314E28,-3.697314E28,-3.697314E28,-3.697314E28,-3.697314E28,0.0000000,3,Missing,-3.697314E28,-3.697314E28,-3.697314E28,Missing,-3.697314E28,-3.697314E28,-3.697314E28,Missing,-3.697314E28,-3.697314E28,-3.697314E28,Port 0x02: JJH T tibia tracker  s/n:3E4C8800,868858966,1781706582.768715530,1,OK,0.9653791,0.0915160,-0.1037470,0.2211437,9.097,47.938,-1633.009,0.3607166,3,OK,9.313,47.588,-1633.055,OK,18.958,-45.300,-1652.950,OK,-70.170,11.306,-1654.661,Port 0x03: JJH Y femur tracker  s/n:3E4C8801,868858966,1781706582.768715530,1,OK,0.6028242,-0.0391219,0.1533130,0.7820278,-208.298,0.687,-1541.944,0.5259971,3,OK,-208.273,1.383,-1542.157,OK,-269.355,-72.053,-1512.022,OK,-183.121,-86.530,-1518.875
3,Port 0x01: JJH Probe  s/n:3E4C880C,868858969,1781706582.818715530,1,Too Few Markers,-3.697314E28,-3.697314E28,-3.697314E28,-3.697314E28,-3.697314E28,-3.697314E28,-3.697314E28,0.0000000,3,Missing,-3.697314E28,-3.697314E28,-3.697314E28,Missing,-3.697314E28,-3.697314E28,-3.697314E28,Missing,-3.697314E28,-3.697314E28,-3.697314E28,Port 0x02: JJH T tibia tracker  s/n:3E4C8800,868858969,1781706582.818715530,1,OK,0.9647045,0.0988205,-0.1058953,0.2199224,9.337,48.412,-1634.481,0.3542110,3,OK,9.557,48.076,-1634.527,OK,19.115,-44.519,-1655.852,OK,-69.938,12.181,-1656.763,Port 0x03: JJH Y femur tracker  s/n:3E4C8801,868858969,1781706582.818715530,1,OK,0.6091400,-0.0564346,0.1398301,0.7785956,-211.344,1.171,-1545.938,0.5235520,3,OK,-211.306,1.863,-1546.149,OK,-274.260,-71.080,-1518.816,OK,-187.904,-86.223,-1521.732
3,Port 0x01: JJH Probe  s/n:3E4C880C,868858972,1781706582.868715530,1,Too Few Markers,-3.697314E28,-3.697314E28,-3.697314E28,-3.697314E28,-3.697314E28,-3.697314E28,-3.697314E28,0.0000000,3,Missing,-3.697314E28,-3.697314E28,-3.697314E28,Missing,-3.697314E28,-3.697314E28,-3.697314E28,Missing,-3.697314E28,-3.697314E28,-3.697314E28,Port 0x02: JJH T tibia tracker  s/n:3E4C8800,868858972,1781706582.868715530,1,OK,0.9640862,0.1052162,-0.1078100,0.2187337,9.642,48.976,-1635.820,0.3526052,3,OK,9.862,48.643,-1635.870,OK,19.336,-43.667,-1658.442,OK,-69.650,13.131,-1658.652,Port 0x03: JJH Y femur tracker  s/n:3E4C8801,868858972,1781706582.868715530,1,OK,0.6153410,-0.0735683,0.1262519,0.7745990,-214.256,1.880,-1549.804,0.5112519,3,OK,-214.193,2.556,-1550.009,OK,-278.936,-69.850,-1525.567,OK,-192.661,-85.676,-1524.568
3,Port 0x01: JJH Probe  s/n:3E4C880C,868858975,1781706582.918715530,1,Too Few Markers,-3.697314E28,-3.697314E28,-3.697314E28,-3.697314E28,-3.697314E28,-3.697314E28,-3.697314E28,0.0000000,3,Missing,-3.697314E28,-3.697314E28,-3.697314E28,Missing,-3.697314E28,-3.697314E28,-3.697314E28,Missing,-3.697314E28,-3.697314E28,-3.697314E28,Port 0x02: JJH T tibia tracker  s/n:3E4C8800,868858975,1781706582.918715530,1,OK,0.9633193,0.1125948,-0.1097803,0.2174549,10.132,49.635,-1637.297,0.3495937,3,OK,10.337,49.294,-1637.357,OK,19.755,-42.657,-1661.350,OK,-69.175,14.236,-1660.715,Port 0x03: JJH Y femur tracker  s/n:3E4C8801,868858975,1781706582.918715530,1,OK,0.6211404,-0.0912305,0.1120425,0.7702649,-216.938,2.608,-1553.724,0.4987592,3,OK,-216.858,3.267,-1553.920,OK,-283.248,-68.610,-1532.566,OK,-197.225,-85.095,-1527.525
3,Port 0x01: JJH Probe  s/n:3E4C880C,868858978,1781706582.968715530,1,Too Few Markers,-3.697314E28,-3.697314E28,-3.697314E28,-3.697314E28,-3.697314E28,-3.697314E28,-3.697314E28,0.0000000,3,Missing,-3.697314E28,-3.697314E28,-3.697314E28,Missing,-3.697314E28,-3.697314E28,-3.697314E28,Missing,-3.697314E28,-3.697314E28,-3.697314E28,Port 0x02: JJH T tibia tracker  s/n:3E4C8800,868858978,1781706582.968715530,1,OK,0.9625664,0.1187252,-0.1112932,0.2167582,10.796,50.288,-1638.721,0.3389941,3,OK,10.986,49.951,-1638.787,OK,20.423,-41.697,-1663.953,OK,-68.489,15.196,-1662.606,Port 0x03: JJH Y femur tracker  s/n:3E4C8801,868858978,1781706582.968715530,1,OK,0.6262663,-0.1084142,0.0985931,0.7657129,-219.304,3.327,-1558.157,0.5014629,3,OK,-219.214,3.989,-1558.351,OK,-287.019,-67.388,-1539.977,OK,-201.426,-84.500,-1531.045
3,Port 0x01: JJH Probe  s/n:3E4C880C,868858981,1781706583.018715530,1,Too Few Markers,-3.697314E28,-3.697314E28,-3.697314E28,-3.697314E28,-3.697314E28,-3.697314E28,-3.697314E28,0.0000000,3,Missing,-3.697314E28,-3.697314E28,-3.697314E28,Missing,-3.697314E28,-3.697314E28,-3.697314E28,Missing,-3.697314E28,-3.697314E28,-3.697314E28,Port 0x02: JJH T tibia tracker  s/n:3E4C8800,868858981,1781706583.018715530,1,OK,0.9616595,0.1241368,-0.1134663,0.2166250,11.584,50.921,-1640.068,0.3508427,3,OK,11.787,50.578,-1640.137,OK,21.335,-40.743,-1666.342,OK,-67.630,16.038,-1664.521,Port 0x03: JJH Y femur tracker  s/n:3E4C8801,868858981,1781706583.018715530,1,OK,0.6312746,-0.1271218,0.0851001,0.7603225,-221.743,3.987,-1562.726,0.5069506,3,OK,-221.644,4.652,-1562.920,OK,-290.810,-66.141,-1547.619,OK,-205.855,-83.908,-1534.563
3,Port 0x01: JJH Probe  s/n:3E4C880C,868858984,1781706583.068678690,1,Too Few Markers,-3.697314E28,-3.697314E28,-3.697314E28,-3.697314E28,-3.697314E28,-3.697314E28,-3.697314E28,0.0000000,3,Missing,-3.697314E28,-3.697314E28,-3.697314E28,Missing,-3.697314E28,-3.697314E28,-3.697314E28,Missing,-3.697314E28,-3.697314E28,-3.697314E28,Port 0x02: JJH T tibia tracker  s/n:3E4C8800,868858984,1781706583.068678690,1,OK,0.9606170,0.1292337,-0.1147397,0.2175969,12.632,51.782,-1640.765,0.3343837,3,OK,12.835,51.463,-1640.831,OK,22.690,-39.593,-1667.990,OK,-66.453,16.902,-1665.638,Port 0x03: JJH Y femur tracker  s/n:3E4C8801,868858984,1781706583.068678690,1,OK,0.6361679,-0.1461029,0.0699564,0.7543543,-223.993,4.799,-1567.295,0.5004452,3,OK,-223.874,5.452,-1567.479,OK,-294.311,-64.768,-1555.651,OK,-210.218,-83.184,-1538.323
3,Port 0x01: JJH Probe  s/n:3E4C880C,868858987,1781706583.118678690,1,Too Few Markers,-3.697314E28,-3.697314E28,-3.697314E28,-3.697314E28,-3.697314E28,-3.697314E28,-3.697314E28,0.0000000,3,Missing,-3.697314E28,-3.697314E28,-3.697314E28,Missing,-3.697314E28,-3.697314E28,-3.697314E28,Missing,-3.697314E28,-3.697314E28,-3.697314E28,Port 0x02: JJH T tibia tracker  s/n:3E4C8800,868858987,1781706583.118678690,1,OK,0.9591488,0.1349029,-0.1160500,0.2199256,13.898,53.222,-1641.971,0.3515617,3,OK,14.096,52.874,-1642.051,OK,24.545,-37.757,-1670.208,OK,-64.949,18.157,-1667.314,Port 0x03: JJH Y femur tracker  s/n:3E4C8801,868858987,1781706583.118678690,1,OK,0.6408373,-0.1657787,0.0539715,0.7476176,-226.176,5.643,-1572.262,0.4886156,3,OK,-226.040,6.279,-1572.435,OK,-297.589,-63.336,-1564.318,OK,-214.659,-82.414,-1542.584
3,Port 0x01: JJH Probe  s/n:3E4C880C,868858990,1781706583.168678690,1,Too Few Markers,-3.697314E28,-3.697314E28,-3.697314E28,-3.697314E28,-3.697314E28,-3.697314E28,-3.697314E28,0.0000000,3,Missing,-3.697314E28,-3.697314E28,-3.697314E28,Missing,-3.697314E28,-3.697314E28,-3.697314E28,Missing,-3.697314E28,-3.697314E28,-3.697314E28,Port 0x02: JJH T tibia tracker  s/n:3E4C8800,868858990,1781706583.168678690,1,OK,0.9580032,0.1362054,-0.1168481,0.2236614,15.445,54.577,-1642.163,0.3541376,3,OK,15.656,54.236,-1642.241,OK,26.853,-36.247,-1670.585,OK,-63.074,18.951,-1667.767,Port 0x03: JJH Y femur tracker  s/n:3E4C8801,868858990,1781706583.168678690,1,OK,0.6447873,-0.1864145,0.0376658,0.7403244,-227.908,6.612,-1577.725,0.4797083,3,OK,-227.765,7.231,-1577.887,OK,-300.190,-61.797,-1573.606,OK,-218.680,-81.475,-1547.339
3,Port 0x01: JJH Probe  s/n:3E4C880C,868858993,1781706583.218678690,1,Too Few Markers,-3.697314E28,-3.697314E28,-3.697314E28,-3.697314E28,-3.697314E28,-3.697314E28,-3.697314E28,0.0000000,3,Missing,-3.697314E28,-3.697314E28,-3.697314E28,Missing,-3.697314E28,-3.697314E28,-3.697314E28,Missing,-3.697314E28,-3.697314E28,-3.697314E28,Port 0x02: JJH T tibia tracker  s/n:3E4C8800,868858993,1781706583.218678690,1,OK,0.9567947,0.1395551,-0.1175561,0.2263821,17.015,55.747,-1642.563,0.3415717,3,OK,17.222,55.421,-1642.639,OK,29.027,-34.835,-1671.562,OK,-61.252,19.792,-1668.465,Port 0x03: JJH Y femur tracker  s/n:3E4C8801,868858993,1781706583.218678690,1,OK,0.6485051,-0.2076339,0.0214219,0.7320317,-229.379,7.527,-1583.495,0.4817848,3,OK,-229.232,8.143,-1583.654,OK,-302.368,-60.243,-1583.259,OK,-222.602,-80.562,-1552.431
3,Port 0x01: JJH Probe  s/n:3E4C880C,868858996,1781706583.268678690,1,Too Few Markers,-3.697314E28,-3.697314E28,-3.697314E28,-3.697314E28,-3.697314E28,-3.697314E28,-3.697314E28,0.0000000,3,Missing,-3.697314E28,-3.697314E28,-3.697314E28,Missing,-3.697314E28,-3.697314E28,-3.697314E28,Missing,-3.697314E28,-3.697314E28,-3.697314E28,Port 0x02: JJH T tibia tracker  s/n:3E4C8800,868858996,1781706583.268678690,1,OK,0.9565363,0.1372317,-0.1179410,0.2286827,19.179,56.320,-1642.854,0.3489314,3,OK,19.396,55.991,-1642.927,OK,31.610,-34.343,-1671.391,OK,-58.890,19.935,-1668.781,Port 0x03: JJH Y femur tracker  s/n:3E4C8801,868858996,1781706583.268678690,1,OK,0.6515492,-0.2274477,0.0060118,0.7236816,-229.694,8.537,-1589.654,0.4802145,3,OK,-229.542,9.147,-1589.807,OK,-303.140,-58.640,-1593.122,OK,-225.265,-79.532,-1558.094
3,Port 0x01: JJH Probe  s/n:3E4C880C,868858999,1781706583.318678690,1,Too Few Markers,-3.697314E28,-3.697314E28,-3.697314E28,-3.697314E28,-3.697314E28,-3.697314E28,-3.697314E28,0.0000000,3,Missing,-3.697314E28,-3.697314E28,-3.697314E28,Missing,-3.697314E28,-3.697314E28,-3.697314E28,Missing,-3.697314E28,-3.697314E28,-3.697314E28,Port 0x02: JJH T tibia tracker  s/n:3E4C8800,868858999,1781706583.318678690,1,OK,0.9565468,0.1350835,-0.1175271,0.2301262,22.031,56.420,-1643.828,0.3437927,3,OK,22.235,56.086,-1643.904,OK,34.695,-34.347,-1671.937,OK,-55.923,19.738,-1669.627,Port 0x03: JJH Y femur tracker  s/n:3E4C8801,868858999,1781706583.318678690,1,OK,0.6540957,-0.2466567,-0.0090425,0.7150087,-228.946,9.498,-1595.879,0.4826318,3,OK,-228.781,10.098,-1596.022,OK,-302.690,-57.096,-1603.004,OK,-226.805,-78.529,-1563.942
3,Port 0x01: JJH Probe  s/n:3E4C880C,868859002,1781706583.368678690,1,Too Few Markers,-3.697314E28,-3.697314E28,-3.697314E28,-3.697314E28,-3.697314E28,-3.697314E28,-3.697314E28,0.0000000,3,Missing,-3.697314E28,-3.697314E28,-3.697314E28,Missing,-3.697314E28,-3.697314E28,-3.697314E28,Missing,-3.697314E28,-3.697314E28,-3.697314E28,Port 0x02: JJH T tibia tracker  s/n:3E4C8800,868859002,1781706583.368678690,1,OK,0.9571790,0.1287254,-0.1159833,0.2319183,23.198,56.211,-1642.500,0.3536438,3,OK,23.414,55.873,-1642.571,OK,36.049,-34.886,-1669.378,OK,-54.676,19.015,-1667.829,Port 0x03: JJH Y femur tracker  s/n:3E4C8801,868859002,1781706583.368678690,1,OK,0.6563348,-0.2696578,-0.0268001,0.7041243,-229.683,10.467,-1602.059,0.4824512,3,OK,-229.526,11.063,-1602.203,OK,-303.438,-55.468,-1613.489,OK,-230.318,-77.477,-1569.769
3,Port 0x01: JJH Probe  s/n:3E4C880C,868859005,1781706583.418646080,1,Too Few Markers,-3.697314E28,-3.697314E28,-3.697314E28,-3.697314E28,-3.697314E28,-3.697314E28,-3.697314E28,0.0000000,3,Missing,-3.697314E28,-3.697314E28,-3.697314E28,Missing,-3.697314E28,-3.697314E28,-3.697314E28,Missing,-3.697314E28,-3.697314E28,-3.697314E28,Port 0x02: JJH T tibia tracker  s/n:3E4C8800,868859005,1781706583.418646080,1,OK,0.9575416,0.1246416,-0.1155193,0.2328814,24.422,55.831,-1641.653,0.3548973,3,OK,24.641,55.492,-1641.720,OK,37.387,-35.479,-1667.753,OK,-53.398,18.361,-1666.762,Port 0x03: JJH Y femur tracker  s/n:3E4C8801,868859005,1781706583.418646080,1,OK,0.6582389,-0.2924944,-0.0455644,0.6921650,-229.995,11.452,-1608.278,0.4841830,3,OK,-229.833,12.033,-1608.413,OK,-303.535,-53.791,-1624.260,OK,-233.468,-76.417,-1575.931
3,Port 0x01: JJH Probe  s/n:3E4C880C,868859008,1781706583.468646080,1,Too Few Markers,-3.697314E28,-3.697314E28,-3.697314E28,-3.697314E28,-3.697314E28,-3.697314E28,-3.697314E28,0.0000000,3,Missing,-3.697314E28,-3.697314E28,-3.697314E28,Missing,-3.697314E28,-3.697314E28,-3.697314E28,Missing,-3.697314E28,-3.697314E28,-3.697314E28,Port 0x02: JJH T tibia tracker  s/n:3E4C8800,868859008,1781706583.468646080,1,OK,0.9580464,0.1200890,-0.1144341,0.2337318,25.645,55.588,-1640.754,0.3480114,3,OK,25.878,55.273,-1640.808,OK,38.675,-35.977,-1665.984,OK,-52.168,17.826,-1665.520,Port 0x03: JJH Y femur tracker  s/n:3E4C8801,868859008,1781706583.468646080,1,OK,0.6596485,-0.3148323,-0.0632696,0.6795156,-229.954,12.640,-1614.405,0.4885550,3,OK,-229.796,13.211,-1614.541,OK,-303.047,-51.877,-1634.720,OK,-236.298,-75.101,-1582.083
3,Port 0x01: JJH Probe  s/n:3E4C880C,868859011,1781706583.518646080,1,Too Few Markers,-3.697314E28,-3.697314E28,-3.697314E28,-3.697314E28,-3.697314E28,-3.697314E28,-3.697314E28,0.0000000,3,Missing,-3.697314E28,-3.697314E28,-3.697314E28,Missing,-3.697314E28,-3.697314E28,-3.697314E28,Missing,-3.697314E28,-3.697314E28,-3.697314E28,Port 0x02: JJH T tibia tracker  s/n:3E4C8800,868859011,1781706583.518646080,1,OK,0.9585295,0.1151608,-0.1133893,0.2347381,26.811,55.109,-1639.646,0.3458701,3,OK,27.058,54.811,-1639.690,OK,39.922,-36.705,-1663.931,OK,-50.968,17.019,-1664.060,Port 0x03: JJH Y femur tracker  s/n:3E4C8801,868859011,1781706583.518646080,1,OK,0.6600861,-0.3368257,-0.0812394,0.6665095,-229.544,13.575,-1620.538,0.4974276,3,OK,-229.404,14.118,-1620.676,OK,-301.863,-50.283,-1645.208,OK,-238.632,-74.029,-1588.412
3,Port 0x01: JJH Probe  s/n:3E4C880C,868859014,1781706583.568646078,1,Too Few Markers,-3.697314E28,-3.697314E28,-3.697314E28,-3.697314E28,-3.697314E28,-3.697314E28,-3.697314E28,0.0000000,3,Missing,-3.697314E28,-3.697314E28,-3.697314E28,Missing,-3.697314E28,-3.697314E28,-3.697314E28,Missing,-3.697314E28,-3.697314E28,-3.697314E28,Port 0x02: JJH T tibia tracker  s/n:3E4C8800,868859014,1781706583.568646078,1,OK,0.9592634,0.1092695,-0.1108898,0.2357486,28.077,54.651,-1638.687,0.3477000,3,OK,28.295,54.321,-1638.740,OK,41.228,-37.449,-1661.810,OK,-49.701,16.209,-1662.447,Port 0x03: JJH Y femur tracker  s/n:3E4C8801,868859014,1781706583.568646078,1,OK,0.6601665,-0.3577117,-0.0991067,0.6529934,-228.699,14.510,-1626.328,0.4962627,3,OK,-228.550,15.026,-1626.450,OK,-300.017,-48.709,-1655.281,OK,-240.500,-72.936,-1594.683
3,Port 0x01: JJH Probe  s/n:3E4C880C,868859017,1781706583.618646078,1,Too Few Markers,-3.697314E28,-3.697314E28,-3.697314E28,-3.697314E28,-3.697314E28,-3.697314E28,-3.697314E28,0.0000000,3,Missing,-3.697314E28,-3.697314E28,-3.697314E28,Missing,-3.697314E28,-3.697314E28,-3.697314E28,Missing,-3.697314E28,-3.697314E28,-3.697314E28,Port 0x02: JJH T tibia tracker  s/n:3E4C8800,868859017,1781706583.618646078,1,OK,0.9599850,0.1020895,-0.1088388,0.2369823,29.198,54.212,-1637.503,0.3450195,3,OK,29.418,53.886,-1637.550,OK,42.413,-38.216,-1659.233,OK,-48.548,15.340,-1660.643,Port 0x03: JJH Y femur tracker  s/n:3E4C8801,868859017,1781706583.618646078,1,OK,0.6593965,-0.3780387,-0.1157856,0.6394346,-227.558,15.375,-1632.107,0.5086254,3,OK,-227.430,15.870,-1632.240,OK,-297.631,-47.254,-1665.026,OK,-241.951,-71.886,-1600.934
3,Port 0x01: JJH Probe  s/n:3E4C880C,868859020,1781706583.668646078,1,Too Few Markers,-3.697314E28,-3.697314E28,-3.697314E28,-3.697314E28,-3.697314E28,-3.697314E28,-3.697314E28,0.0000000,3,Missing,-3.697314E28,-3.697314E28,-3.697314E28,Missing,-3.697314E28,-3.697314E28,-3.697314E28,Missing,-3.697314E28,-3.697314E28,-3.697314E28,Port 0x02: JJH T tibia tracker  s/n:3E4C8800,868859020,1781706583.668646078,1,OK,0.9605407,0.0949745,-0.1076223,0.2382411,30.208,53.655,-1635.750,0.3469580,3,OK,30.455,53.353,-1635.782,OK,43.533,-39.082,-1656.113,OK,-47.510,14.370,-1658.417,Port 0x03: JJH Y femur tracker  s/n:3E4C8801,868859020,1781706583.668646078,1,OK,0.6583937,-0.3967624,-0.1314782,0.6259480,-226.197,16.278,-1637.492,0.4921002,3,OK,-226.084,16.755,-1637.638,OK,-294.875,-45.786,-1674.063,OK,-243.085,-70.777,-1606.995
3,Port 0x01: JJH Probe  s/n:3E4C880C,868859023,1781706583.718608358,1,Too Few Markers,-3.697314E28,-3.697314E28,-3.697314E28,-3.697314E28,-3.697314E28,-3.697314E28,-3.697314E28,0.0000000,3,Missing,-3.697314E28,-3.697314E28,-3.697314E28,Missing,-3.697314E28,-3.697314E28,-3.697314E28,Missing,-3.697314E28,-3.697314E28,-3.697314E28,Port 0x02: JJH T tibia tracker  s/n:3E4C8800,868859023,1781706583.718608358,1,OK,0.9610421,0.0884272,-0.1058406,0.2395341,31.226,53.152,-1634.296,0.3565897,3,OK,31.484,52.848,-1634.323,OK,44.662,-39.837,-1653.378,OK,-46.467,13.466,-1656.409,Port 0x03: JJH Y femur tracker  s/n:3E4C8801,868859023,1781706583.718608358,1,OK,0.6568265,-0.4147955,-0.1468591,0.6123366,-224.545,17.007,-1642.590,0.4872179,3,OK,-224.447,17.456,-1642.745,OK,-291.658,-44.532,-1682.697,OK,-243.788,-69.833,-1612.868
3,Port 0x01: JJH Probe  s/n:3E4C880C,868859026,1781706583.768608358,1,Too Few Markers,-3.697314E28,-3.697314E28,-3.697314E28,-3.697314E28,-3.697314E28,-3.697314E28,-3.697314E28,0.0000000,3,Missing,-3.697314E28,-3.697314E28,-3.697314E28,Missing,-3.697314E28,-3.697314E28,-3.697314E28,Missing,-3.697314E28,-3.697314E28,-3.697314E28,Port 0x02: JJH T tibia tracker  s/n:3E4C8800,868859026,1781706583.768608358,1,OK,0.9614879,0.0831817,-0.1040830,0.2403925,32.006,52.845,-1633.026,0.3621597,3,OK,32.259,52.524,-1633.054,OK,45.478,-40.327,-1651.075,OK,-45.665,12.865,-1654.628,Port 0x03: JJH Y femur tracker  s/n:3E4C8801,868859026,1781706583.768608358,1,OK,0.6546392,-0.4320944,-0.1622229,0.5986866,-222.712,17.659,-1647.474,0.4881626,3,OK,-222.619,18.081,-1647.628,OK,-288.064,-43.428,-1691.029,OK,-244.154,-68.971,-1618.666
3,Port 0x01: JJH Probe  s/n:3E4C880C,868859029,1781706583.818608358,1,Too Few Markers,-3.697314E28,-3.697314E28,-3.697314E28,-3.697314E28,-3.697314E28,-3.697314E28,-3.697314E28,0.0000000,3,Missing,-3.697314E28,-3.697314E28,-3.697314E28,Missing,-3.697314E28,-3.697314E28,-3.697314E28,Missing,-3.697314E28,-3.697314E28,-3.697314E28,Port 0x02: JJH T tibia tracker  s/n:3E4C8800,868859029,1781706583.818608358,1,OK,0.9617448,0.0789787,-0.1022964,0.2415465,32.867,52.540,-1631.740,0.3618304,3,OK,33.120,52.220,-1631.765,OK,46.464,-40.779,-1648.947,OK,-44.777,12.248,-1652.874,Port 0x03: JJH Y femur tracker  s/n:3E4C8801,868859029,1781706583.818608358,1,OK,0.6520507,-0.4481193,-0.1761015,0.5856682,-220.724,18.253,-1651.932,0.5141550,3,OK,-220.635,18.656,-1652.091,OK,-284.296,-42.448,-1698.573,OK,-244.157,-68.163,-1623.977
3,Port 0x01: JJH Probe  s/n:3E4C880C,868859032,1781706583.868608358,1,Too Few Markers,-3.697314E28,-3.697314E28,-3.697314E28,-3.697314E28,-3.697314E28,-3.697314E28,-3.697314E28,0.0000000,3,Missing,-3.697314E28,-3.697314E28,-3.697314E28,Missing,-3.697314E28,-3.697314E28,-3.697314E28,Missing,-3.697314E28,-3.697314E28,-3.697314E28,Port 0x02: JJH T tibia tracker  s/n:3E4C8800,868859032,1781706583.868608358,1,OK,0.9620178,0.0732852,-0.1006833,0.2429278,33.556,52.312,-1630.284,0.3636881,3,OK,33.809,51.988,-1630.306,OK,47.304,-41.184,-1646.366,OK,-44.028,11.646,-1650.914,Port 0x03: JJH Y femur tracker  s/n:3E4C8801,868859032,1781706583.868608358,1,OK,0.6495185,-0.4622512,-0.1880125,0.5736731,-218.787,18.810,-1655.918,0.5174917,3,OK,-218.736,19.190,-1656.131,OK,-280.624,-41.520,-1705.098,OK,-244.041,-67.398,-1628.808
3,Port 0x01: JJH Probe  s/n:3E4C880C,868859035,1781706583.918608358,1,Too Few Markers,-3.697314E28,-3.697314E28,-3.697314E28,-3.697314E28,-3.697314E28,-3.697314E28,-3.697314E28,0.0000000,3,Missing,-3.697314E28,-3.697314E28,-3.697314E28,Missing,-3.697314E28,-3.697314E28,-3.697314E28,Missing,-3.697314E28,-3.697314E28,-3.697314E28,Port 0x02: JJH T tibia tracker  s/n:3E4C8800,868859035,1781706583.918608358,1,OK,0.9622930,0.0671486,-0.0986786,0.2444296,34.155,52.045,-1628.802,0.3587515,3,OK,34.404,51.726,-1628.820,OK,48.067,-41.638,-1643.667,OK,-43.372,10.976,-1648.841,Port 0x03: JJH Y femur tracker  s/n:3E4C8801,868859035,1781706583.918608358,1,OK,0.6468968,-0.4743466,-0.1990446,0.5629396,-217.016,19.221,-1659.288,0.5252131,3,OK,-216.966,19.581,-1659.501,OK,-277.208,-40.843,-1710.791,OK,-243.752,-66.808,-1633.046
3,Port 0x01: JJH Probe  s/n:3E4C880C,868859038,1781706583.968608358,1,Too Few Markers,-3.697314E28,-3.697314E28,-3.697314E28,-3.697314E28,-3.697314E28,-3.697314E28,-3.697314E28,0.0000000,3,Missing,-3.697314E28,-3.697314E28,-3.697314E28,Missing,-3.697314E28,-3.697314E28,-3.697314E28,Missing,-3.697314E28,-3.697314E28,-3.697314E28,Port 0x02: JJH T tibia tracker  s/n:3E4C8800,868859038,1781706583.968608358,1,OK,0.9624252,0.0617814,-0.0969727,0.2460024,34.725,51.957,-1627.485,0.3604206,3,OK,34.980,51.642,-1627.499,OK,48.833,-41.862,-1641.279,OK,-42.730,10.495,-1647.014,Port 0x03: JJH Y femur tracker  s/n:3E4C8801,868859038,1781706583.968608358,1,OK,0.6446273,-0.4843673,-0.2084091,0.5535428,-215.374,19.610,-1661.981,0.5184629,3,OK,-215.317,19.959,-1662.189,OK,-274.107,-40.219,-1715.413,OK,-243.368,-66.258,-1636.578
3,Port 0x01: JJH Probe  s/n:3E4C880C,868859041,1781706584.018608358,1,Too Few Markers,-3.697314E28,-3.697314E28,-3.697314E28,-3.697314E28,-3.697314E28,-3.697314E28,-3.697314E28,0.0000000,3,Missing,-3.697314E28,-3.697314E28,-3.697314E28,Missing,-3.697314E28,-3.697314E28,-3.697314E28,Missing,-3.697314E28,-3.697314E28,-3.697314E28,Port 0x02: JJH T tibia tracker  s/n:3E4C8800,868859041,1781706584.018608358,1,OK,0.9623922,0.0581992,-0.0961647,0.2473184,35.207,51.871,-1626.344,0.3574785,3,OK,35.470,51.569,-1626.352,OK,49.499,-42.027,-1639.426,OK,-42.162,10.103,-1645.590,Port 0x03: JJH Y femur tracker  s/n:3E4C8801,868859041,1781706584.018608358,1,OK,0.6426007,-0.4925375,-0.2158361,0.5457893,-213.932,19.921,-1664.266,0.4875434,3,OK,-213.880,20.263,-1664.489,OK,-271.404,-39.737,-1719.130,OK,-242.967,-65.799,-1639.598
3,Port 0x01: JJH Probe  s/n:3E4C880C,868859044,1781706584.068561882,1,Too Few Markers,-3.697314E28,-3.697314E28,-3.697314E28,-3.697314E28,-3.697314E28,-3.697314E28,-3.697314E28,0.0000000,3,Missing,-3.697314E28,-3.697314E28,-3.697314E28,Missing,-3.697314E28,-3.697314E28,-3.697314E28,Missing,-3.697314E28,-3.697314E28,-3.697314E28,Port 0x02: JJH T tibia tracker  s/n:3E4C8800,868859044,1781706584.068561882,1,OK,0.9623700,0.0549449,-0.0955442,0.2483876,35.541,51.868,-1625.529,0.3675216,3,OK,35.811,51.557,-1625.534,OK,49.983,-42.084,-1637.964,OK,-41.761,9.853,-1644.534,Port 0x03: JJH Y femur tracker  s/n:3E4C8801,868859044,1781706584.068561882,1,OK,0.6409746,-0.4993572,-0.2220508,0.5389689,-212.777,20.226,-1666.085,0.4969038,3,OK,-212.718,20.557,-1666.294,OK,-269.228,-39.246,-1722.259,OK,-242.675,-65.358,-1642.003
3,Port 0x01: JJH Probe  s/n:3E4C880C,868859047,1781706584.118561882,1,Too Few Markers,-3.697314E28,-3.697314E28,-3.697314E28,-3.697314E28,-3.697314E28,-3.697314E28,-3.697314E28,0.0000000,3,Missing,-3.697314E28,-3.697314E28,-3.697314E28,Missing,-3.697314E28,-3.697314E28,-3.697314E28,Missing,-3.697314E28,-3.697314E28,-3.697314E28,Port 0x02: JJH T tibia tracker  s/n:3E4C8800,868859047,1781706584.118561882,1,OK,0.9624975,0.0521587,-0.0948465,0.2487611,35.763,51.917,-1625.206,0.3632799,3,OK,36.029,51.609,-1625.210,OK,50.224,-42.107,-1637.097,OK,-41.526,9.777,-1643.971,Port 0x03: JJH Y femur tracker  s/n:3E4C8801,868859047,1781706584.118561882,1,OK,0.6431676,-0.4993467,-0.2212188,0.5367034,-213.277,21.108,-1666.310,0.5130750,3,OK,-213.220,21.444,-1666.532,OK,-270.071,-37.876,-1722.634,OK,-243.703,-64.367,-1642.417
3,Port 0x01: JJH Probe  s/n:3E4C880C,868859050,1781706584.168561882,1,Too Few Markers,-3.697314E28,-3.697314E28,-3.697314E28,-3.697314E28,-3.697314E28,-3.697314E28,-3.697314E28,0.0000000,3,Missing,-3.697314E28,-3.697314E28,-3.697314E28,Missing,-3.697314E28,-3.697314E28,-3.697314E28,Missing,-3.697314E28,-3.697314E28,-3.697314E28,Port 0x02: JJH T tibia tracker  s/n:3E4C8800,868859050,1781706584.168561882,1,OK,0.9623259,0.0525260,-0.0940625,0.2496441,36.110,51.916,-1625.187,0.3634951,3,OK,36.363,51.592,-1625.196,OK,50.736,-42.071,-1637.116,OK,-41.114,9.639,-1643.835,Port 0x03: JJH Y femur tracker  s/n:3E4C8801,868859050,1781706584.168561882,1,OK,0.6413561,-0.4990996,-0.2204859,0.5393959,-212.648,20.331,-1665.854,0.4933540,3,OK,-212.602,20.656,-1666.084,OK,-269.316,-39.120,-1721.760,OK,-242.600,-65.194,-1641.600
3,Port 0x01: JJH Probe  s/n:3E4C880C,868859053,1781706584.218561882,1,Too Few Markers,-3.697314E28,-3.697314E28,-3.697314E28,-3.697314E28,-3.697314E28,-3.697314E28,-3.697314E28,0.0000000,3,Missing,-3.697314E28,-3.697314E28,-3.697314E28,Missing,-3.697314E28,-3.697314E28,-3.697314E28,Missing,-3.697314E28,-3.697314E28,-3.697314E28,Port 0x02: JJH T tibia tracker  s/n:3E4C8800,868859053,1781706584.218561882,1,OK,0.9623060,0.0531927,-0.0944000,0.2494522,36.096,51.995,-1625.366,0.3597134,3,OK,36.352,51.681,-1625.374,OK,50.697,-41.983,-1637.432,OK,-41.134,9.763,-1644.101,Port 0x03: JJH Y femur tracker  s/n:3E4C8801,868859053,1781706584.218561882,1,OK,0.6423664,-0.4988628,-0.2199125,0.5386462,-212.950,20.589,-1665.716,0.5015843,3,OK,-212.899,20.917,-1665.939,OK,-269.817,-38.662,-1721.668,OK,-243.093,-64.886,-1641.513
3,Port 0x01: JJH Probe  s/n:3E4C880C,868859056,1781706584.268561882,1,Too Few Markers,-3.697314E28,-3.697314E28,-3.697314E28,-3.697314E28,-3.697314E28,-3.697314E28,-3.697314E28,0.0000000,3,Missing,-3.697314E28,-3.697314E28,-3.697314E28,Missing,-3.697314E28,-3.697314E28,-3.697314E28,Missing,-3.697314E28,-3.697314E28,-3.697314E28,Port 0x02: JJH T tibia tracker  s/n:3E4C8800,868859056,1781706584.268561882,1,OK,0.9622073,0.0530483,-0.0946791,0.2497576,36.249,52.044,-1625.156,0.3612761,3,OK,36.513,51.736,-1625.161,OK,50.910,-41.928,-1637.194,OK,-40.949,9.757,-1643.935,Port 0x03: JJH Y femur tracker  s/n:3E4C8801,868859056,1781706584.268561882,1,OK,0.6429483,-0.4993259,-0.2208593,0.5371334,-212.963,20.893,-1666.055,0.5232210,3,OK,-212.907,21.223,-1666.272,OK,-269.789,-38.152,-1722.316,OK,-243.321,-64.575,-1642.047
3,Port 0x01: JJH Probe  s/n:3E4C880C,868859059,1781706584.318561882,1,Too Few Markers,-3.697314E28,-3.697314E28,-3.697314E28,-3.697314E28,-3.697314E28,-3.697314E28,-3.697314E28,0.0000000,3,Missing,-3.697314E28,-3.697314E28,-3.697314E28,Missing,-3.697314E28,-3.697314E28,-3.697314E28,Missing,-3.697314E28,-3.697314E28,-3.697314E28,Port 0x02: JJH T tibia tracker  s/n:3E4C8800,868859059,1781706584.318561882,1,OK,0.9622105,0.0521781,-0.0944795,0.2500039,36.175,52.122,-1625.060,0.3590512,3,OK,36.437,51.816,-1625.065,OK,50.871,-41.872,-1636.926,OK,-41.010,9.778,-1643.768,Port 0x03: JJH Y femur tracker  s/n:3E4C8801,868859059,1781706584.318561882,1,OK,0.6440095,-0.5004598,-0.2195079,0.5353579,-213.463,21.512,-1666.170,0.5077013,3,OK,-213.408,21.835,-1666.387,OK,-270.549,-37.299,-1722.394,OK,-244.294,-63.759,-1642.116
3,Port 0x01: JJH Probe  s/n:3E4C880C,868859062,1781706584.368561882,1,Too Few Markers,-3.697314E28,-3.697314E28,-3.697314E28,-3.697314E28,-3.697314E28,-3.697314E28,-3.697314E28,0.0000000,3,Missing,-3.697314E28,-3.697314E28,-3.697314E28,Missing,-3.697314E28,-3.697314E28,-3.697314E28,Missing,-3.697314E28,-3.697314E28,-3.697314E28,Port 0x02: JJH T tibia tracker  s/n:3E4C8800,868859062,1781706584.368561882,1,OK,0.9622263,0.0517536,-0.0938558,0.2502661,36.451,52.068,-1624.902,0.3552072,3,OK,36.710,51.765,-1624.906,OK,51.184,-41.938,-1636.672,OK,-40.731,9.668,-1643.485,Port 0x03: JJH Y femur tracker  s/n:3E4C8801,868859062,1781706584.368561882,1,OK,0.6443067,-0.5000254,-0.2186618,0.5357523,-213.315,21.466,-1666.009,0.5098000,3,OK,-213.283,21.786,-1666.269,OK,-270.500,-37.305,-1722.034,OK,-244.158,-63.808,-1641.894
3,Port 0x01: JJH Probe  s/n:3E4C880C,868859065,1781706584.418561882,1,Too Few Markers,-3.697314E28,-3.697314E28,-3.697314E28,-3.697314E28,-3.697314E28,-3.697314E28,-3.697314E28,0.0000000,3,Missing,-3.697314E28,-3.697314E28,-3.697314E28,Missing,-3.697314E28,-3.697314E28,-3.697314E28,Missing,-3.697314E28,-3.697314E28,-3.697314E28,Port 0x02: JJH T tibia tracker  s/n:3E4C8800,868859065,1781706584.418561882,1,OK,0.9621965,0.0512968,-0.0942918,0.2503108,36.882,51.993,-1624.809,0.3629378,3,OK,37.151,51.688,-1624.812,OK,51.624,-42.014,-1636.500,OK,-40.289,9.578,-1643.449,Port 0x03: JJH Y femur tracker  s/n:3E4C8801,868859065,1781706584.418561882,1,OK,0.6458907,-0.5001838,-0.2177544,0.5340640,-213.446,21.962,-1665.992,0.5023385,3,OK,-213.402,22.283,-1666.233,OK,-270.932,-36.481,-1722.105,OK,-244.695,-63.176,-1641.975
3,Port 0x01: JJH Probe  s/n:3E4C880C,868859068,1781706584.468561882,1,Too Few Markers,-3.697314E28,-3.697314E28,-3.697314E28,-3.697314E28,-3.697314E28,-3.697314E28,-3.697314E28,0.0000000,3,Missing,-3.697314E28,-3.697314E28,-3.697314E28,Missing,-3.697314E28,-3.697314E28,-3.697314E28,Missing,-3.697314E28,-3.697314E28,-3.697314E28,Port 0x02: JJH T tibia tracker  s/n:3E4C8800,868859068,1781706584.468561882,1,OK,0.9622697,0.0505042,-0.0939442,0.2503213,36.975,51.756,-1624.946,0.3595375,3,OK,37.233,51.444,-1624.951,OK,51.699,-42.272,-1636.480,OK,-40.195,9.323,-1643.489,Port 0x03: JJH Y femur tracker  s/n:3E4C8801,868859068,1781706584.468561882,1,OK,0.6463359,-0.4999352,-0.2175148,0.5338558,-213.480,22.087,-1666.164,0.5134708,3,OK,-213.422,22.417,-1666.383,OK,-271.077,-36.282,-1722.325,OK,-244.778,-63.037,-1642.155
3,Port 0x01: JJH Probe  s/n:3E4C880C,868859071,1781706584.518561882,1,Too Few Markers,-3.697314E28,-3.697314E28,-3.697314E28,-3.697314E28,-3.697314E28,-3.697314E28,-3.697314E28,0.0000000,3,Missing,-3.697314E28,-3.697314E28,-3.697314E28,Missing,-3.697314E28,-3.697314E28,-3.697314E28,Missing,-3.697314E28,-3.697314E28,-3.697314E28,Port 0x02: JJH T tibia tracker  s/n:3E4C8800,868859071,1781706584.518561882,1,OK,0.9621587,0.0507019,-0.0941778,0.2506203,37.307,51.750,-1624.860,0.3607214,3,OK,37.567,51.439,-1624.865,OK,52.102,-42.266,-1636.431,OK,-39.835,9.279,-1643.454,Port 0x03: JJH Y femur tracker  s/n:3E4C8801,868859071,1781706584.518561882,1,OK,0.6473001,-0.4994730,-0.2174140,0.5331609,-213.388,22.034,-1666.102,0.5201963,3,OK,-213.335,22.365,-1666.334,OK,-271.099,-36.120,-1722.335,OK,-244.836,-63.085,-1642.229
3,Port 0x01: JJH Probe  s/n:3E4C880C,868859074,1781706584.568561882,1,Too Few Markers,-3.697314E28,-3.697314E28,-3.697314E28,-3.697314E28,-3.697314E28,-3.697314E28,-3.697314E28,0.0000000,3,Missing,-3.697314E28,-3.697314E28,-3.697314E28,Missing,-3.697314E28,-3.697314E28,-3.697314E28,Missing,-3.697314E28,-3.697314E28,-3.697314E28,Port 0x02: JJH T tibia tracker  s/n:3E4C8800,868859074,1781706584.568561882,1,OK,0.9622571,0.0502616,-0.0934698,0.2505960,37.229,51.800,-1624.876,0.3593073,3,OK,37.479,51.479,-1624.883,OK,52.003,-42.229,-1636.349,OK,-39.931,9.322,-1643.327,Port 0x03: JJH Y femur tracker  s/n:3E4C8801,868859074,1781706584.568561882,1,OK,0.6469485,-0.5000899,-0.2166381,0.5333250,-213.478,22.143,-1666.048,0.5202292,3,OK,-213.425,22.473,-1666.281,OK,-271.235,-36.100,-1722.138,OK,-244.958,-62.914,-1641.990
3,Port 0x01: JJH Probe  s/n:3E4C880C,868859077,1781706584.618561882,1,Too Few Markers,-3.697314E28,-3.697314E28,-3.697314E28,-3.697314E28,-3.697314E28,-3.697314E28,-3.697314E28,0.0000000,3,Missing,-3.697314E28,-3.697314E28,-3.697314E28,Missing,-3.697314E28,-3.697314E28,-3.697314E28,Missing,-3.697314E28,-3.697314E28,-3.697314E28,Port 0x02: JJH T tibia tracker  s/n:3E4C8800,868859077,1781706584.618561882,1,OK,0.9622897,0.0499060,-0.0934042,0.2505664,37.239,51.745,-1624.870,0.3637806,3,OK,37.494,51.423,-1624.877,OK,51.995,-42.286,-1636.275,OK,-39.926,9.260,-1643.294,Port 0x03: JJH Y femur tracker  s/n:3E4C8801,868859077,1781706584.618561882,1,OK,0.6469811,-0.4993996,-0.2174043,0.5336206,-213.404,22.037,-1666.001,0.5032347,3,OK,-213.343,22.364,-1666.212,OK,-271.097,-36.216,-1722.193,OK,-244.757,-63.080,-1642.091
3,Port 0x01: JJH Probe  s/n:3E4C880C,868859080,1781706584.668561882,1,Too Few Markers,-3.697314E28,-3.697314E28,-3.697314E28,-3.697314E28,-3.697314E28,-3.697314E28,-3.697314E28,0.0000000,3,Missing,-3.697314E28,-3.697314E28,-3.697314E28,Missing,-3.697314E28,-3.697314E28,-3.697314E28,Missing,-3.697314E28,-3.697314E28,-3.697314E28,Port 0x02: JJH T tibia tracker  s/n:3E4C8800,868859080,1781706584.668561882,1,OK,0.9622047,0.0505677,-0.0938223,0.2506040,37.193,51.810,-1624.787,0.3638675,3,OK,37.453,51.494,-1624.792,OK,51.973,-42.204,-1636.325,OK,-39.960,9.333,-1643.314,Port 0x03: JJH Y femur tracker  s/n:3E4C8801,868859080,1781706584.668561882,1,OK,0.6468697,-0.4995855,-0.2177062,0.5334585,-213.404,22.052,-1666.121,0.5185679,3,OK,-213.350,22.379,-1666.346,OK,-271.038,-36.189,-1722.366,OK,-244.764,-63.085,-1642.222
