Tools,Port 0x01: JJH Probe  s/n:3E4C880C,Frame,Time [sec],Face,State,Q0,Qx,Qy,Qz,Tx,Ty,Tz,Error,Markers,State,Tx,Ty,Tz,State,Tx,Ty,Tz,State,Tx,Ty,Tz,Port 0x02: JJH T tibia tracker  s/n:3E4C8800,Frame,Time [sec],Face,State,Q0,Qx,Qy,Qz,Tx,Ty,Tz,Error,Markers,State,Tx,Ty,Tz,State,Tx,Ty,Tz,State,Tx,Ty,Tz,Port 0x03: JJH Y femur tracker  s/n:3E4C8801,Frame,Time [sec],Face,State,Q0,Qx,Qy,Qz,Tx,Ty,Tz,Error,Markers,State,Tx,Ty,Tz,State,Tx,Ty,Tz,State,Tx,Ty,Tz
3,Port 0x01: JJH Probe  s/n:3E4C880C,833787679,1781122061.318609470,1,Too Few Markers,-3.697314E28,-3.697314E28,-3.697314E28,-3.697314E28,-3.697314E28,-3.697314E28,-3.697314E28,0.0000000,3,Missing,-3.697314E28,-3.697314E28,-3.697314E28,Missing,-3.697314E28,-3.697314E28,-3.697314E28,Missing,-3.697314E28,-3.697314E28,-3.697314E28,Port 0x02: JJH T tibia tracker  s/n:3E4C8800,833787679,1781122061.318609470,1,OK,0.6814648,0.1882173,0.0105622,-0.7071551,248.655,174.925,-1558.508,0.4555889,3,OK,248.474,174.597,-1558.653,OK,162.182,214.387,-1570.416,OK,248.357,261.275,-1533.354,Port 0x03: JJH Y femur tracker  s/n:3E4C8801,833787679,1781122061.318609470,1,OK,0.8291059,0.4430482,-0.1029268,-0.3251119,-69.362,168.716,-1685.915,0.5699568,3,OK,-69.065,168.154,-1686.323,OK,-78.478,237.658,-1614.521,OK,-140.820,227.708,-1674.640
3,Port 0x01: JJH Probe  s/n:3E4C880C,833787682,1781122061.368609470,1,Too Few Markers,-3.697314E28,-3.697314E28,-3.697314E28,-3.697314E28,-3.697314E28,-3.697314E28,-3.697314E28,0.0000000,3,Missing,-3.697314E28,-3.697314E28,-3.697314E28,Missing,-3.697314E28,-3.697314E28,-3.697314E28,Missing,-3.697314E28,-3.697314E28,-3.697314E28,Port 0x02: JJH T tibia tracker  s/n:3E4C8800,833787682,1781122061.368609470,1,OK,0.6813797,0.1884311,0.0105053,-0.7071811,248.645,174.914,-1558.507,0.4533145,3,OK,248.459,174.584,-1558.654,OK,162.178,214.387,-1570.440,OK,248.363,261.267,-1533.327,Port 0x03: JJH Y femur tracker  s/n:3E4C8801,833787682,1781122061.368609470,1,OK,0.8291514,0.4429981,-0.1027719,-0.3251132,-69.364,168.718,-1685.933,0.5771840,3,OK,-69.065,168.152,-1686.344,OK,-78.479,237.661,-1614.543,OK,-140.820,227.702,-1674.628
3,Port 0x01: JJH Probe  s/n:3E4C880C,833787685,1781122061.418609470,1,Too Few Markers,-3.697314E28,-3.697314E28,-3.697314E28,-3.697314E28,-3.697314E28,-3.697314E28,-3.697314E28,0.0000000,3,Missing,-3.697314E28,-3.697314E28,-3.697314E28,Missing,-3.697314E28,-3.697314E28,-3.697314E28,Missing,-3.697314E28,-3.697314E28,-3.697314E28,Port 0x02: JJH T tibia tracker  s/n:3E4C8800,833787685,1781122061.418609470,1,OK,0.6814225,0.1882142,0.0101349,-0.7072030,248.649,174.913,-1558.460,0.4456816,3,OK,248.463,174.599,-1558.602,OK,162.187,214.385,-1570.444,OK,248.372,261.272,-1533.357,Port 0x03: JJH Y femur tracker  s/n:3E4C8801,833787685,1781122061.418609470,1,OK,0.8291321,0.4430601,-0.1027397,-0.3250879,-69.349,168.725,-1685.951,0.5822111,3,OK,-69.047,168.157,-1686.363,OK,-78.478,237.657,-1614.560,OK,-140.804,227.706,-1674.631
3,Port 0x01: JJH Probe  s/n:3E4C880C,833787688,1781122061.468609470,1,Too Few Markers,-3.697314E28,-3.697314E28,-3.697314E28,-3.697314E28,-3.697314E28,-3.697314E28,-3.697314E28,0.0000000,3,Missing,-3.697314E28,-3.697314E28,-3.697314E28,Missing,-3.697314E28,-3.697314E28,-3.697314E28,Missing,-3.697314E28,-3.697314E28,-3.697314E28,Port 0x02: JJH T tibia tracker  s/n:3E4C8800,833787688,1781122061.468609470,1,OK,0.6814418,0.1877818,0.0096965,-0.7073055,248.636,174.905,-1558.423,0.4464425,3,OK,248.456,174.591,-1558.564,OK,162.185,214.391,-1570.449,OK,248.378,261.290,-1533.428,Port 0x03: JJH Y femur tracker  s/n:3E4C8801,833787688,1781122061.468609470,1,OK,0.8291697,0.4430067,-0.1026452,-0.3250949,-69.354,168.726,-1685.937,0.5819258,3,OK,-69.053,168.158,-1686.349,OK,-78.473,237.662,-1614.548,OK,-140.811,227.701,-1674.607
3,Port 0x01: JJH Probe  s/n:3E4C880C,833787691,1781122061.518609474,1,Too Few Markers,-3.697314E28,-3.697314E28,-3.697314E28,-3.697314E28,-3.697314E28,-3.697314E28,-3.697314E28,0.0000000,3,Missing,-3.697314E28,-3.697314E28,-3.697314E28,Missing,-3.697314E28,-3.697314E28,-3.697314E28,Missing,-3.697314E28,-3.697314E28,-3.697314E28,Port 0x02: JJH T tibia tracker  s/n:3E4C8800,833787691,1781122061.518609474,1,OK,0.6814659,0.1877965,0.0101017,-0.7072727,248.627,174.922,-1558.512,0.4494868,3,OK,248.439,174.613,-1558.652,OK,162.170,214.393,-1570.468,OK,248.360,261.288,-1533.468,Port 0x03: JJH Y femur tracker  s/n:3E4C8801,833787691,1781122061.518609474,1,OK,0.8291484,0.4430858,-0.1026386,-0.3250433,-69.370,168.724,-1685.958,0.5844955,3,OK,-69.069,168.149,-1686.377,OK,-78.497,237.656,-1614.546,OK,-140.840,227.689,-1674.632
3,Port 0x01: JJH Probe  s/n:3E4C880C,833787694,1781122061.568609474,1,Too Few Markers,-3.697314E28,-3.697314E28,-3.697314E28,-3.697314E28,-3.697314E28,-3.697314E28,-3.697314E28,0.0000000,3,Missing,-3.697314E28,-3.697314E28,-3.697314E28,Missing,-3.697314E28,-3.697314E28,-3.697314E28,Missing,-3.697314E28,-3.697314E28,-3.697314E28,Port 0x02: JJH T tibia tracker  s/n:3E4C8800,833787694,1781122061.568609474,1,OK,0.6815183,0.1879595,0.0107651,-0.7071691,248.663,174.947,-1558.585,0.4555089,3,OK,248.477,174.631,-1558.727,OK,162.185,214.396,-1570.438,OK,248.366,261.289,-1533.442,Port 0x03: JJH Y femur tracker  s/n:3E4C8801,833787694,1781122061.568609474,1,OK,0.8290093,0.4432101,-0.1031357,-0.3250714,-69.349,168.722,-1685.932,0.5615220,3,OK,-69.057,168.162,-1686.340,OK,-78.472,237.654,-1614.508,OK,-140.818,227.715,-1674.699
3,Port 0x01: JJH Probe  s/n:3E4C880C,833787697,1781122061.618609474,1,Too Few Markers,-3.697314E28,-3.697314E28,-3.697314E28,-3.697314E28,-3.697314E28,-3.697314E28,-3.697314E28,0.0000000,3,Missing,-3.697314E28,-3.697314E28,-3.697314E28,Missing,-3.697314E28,-3.697314E28,-3.697314E28,Missing,-3.697314E28,-3.697314E28,-3.697314E28,Port 0x02: JJH T tibia tracker  s/n:3E4C8800,833787697,1781122061.618609474,1,OK,0.6814849,0.1879555,0.0100990,-0.7072121,248.648,174.928,-1558.507,0.4477996,3,OK,248.458,174.622,-1558.648,OK,162.188,214.390,-1570.478,OK,248.369,261.290,-1533.444,Port 0x03: JJH Y femur tracker  s/n:3E4C8801,833787697,1781122061.618609474,1,OK,0.8291209,0.4430691,-0.1026918,-0.3251195,-69.354,168.722,-1685.927,0.5844206,3,OK,-69.052,168.149,-1686.343,OK,-78.472,237.654,-1614.524,OK,-140.809,227.703,-1674.599
3,Port 0x01: JJH Probe  s/n:3E4C880C,833787700,1781122061.668609474,1,Too Few Markers,-3.697314E28,-3.697314E28,-3.697314E28,-3.697314E28,-3.697314E28,-3.697314E28,-3.697314E28,0.0000000,3,Missing,-3.697314E28,-3.697314E28,-3.697314E28,Missing,-3.697314E28,-3.697314E28,-3.697314E28,Missing,-3.697314E28,-3.697314E28,-3.697314E28,Port 0x02: JJH T tibia tracker  s/n:3E4C8800,833787700,1781122061.668609474,1,OK,0.6814945,0.1877186,0.0101176,-0.7072656,248.636,174.929,-1558.484,0.4482417,3,OK,248.449,174.622,-1558.624,OK,162.174,214.394,-1570.433,OK,248.368,261.296,-1533.449,Port 0x03: JJH Y femur tracker  s/n:3E4C8801,833787700,1781122061.668609474,1,OK,0.8289829,0.4433231,-0.1027827,-0.3250964,-69.357,168.740,-1685.953,0.5790207,3,OK,-69.065,168.168,-1686.378,OK,-78.479,237.651,-1614.493,OK,-140.817,227.709,-1674.642
3,Port 0x01: JJH Probe  s/n:3E4C880C,833787703,1781122061.718609474,1,Too Few Markers,-3.697314E28,-3.697314E28,-3.697314E28,-3.697314E28,-3.697314E28,-3.697314E28,-3.697314E28,0.0000000,3,Missing,-3.697314E28,-3.697314E28,-3.697314E28,Missing,-3.697314E28,-3.697314E28,-3.697314E28,Missing,-3.697314E28,-3.697314E28,-3.697314E28,Port 0x02: JJH T tibia tracker  s/n:3E4C8800,833787703,1781122061.718609474,1,OK,0.6815431,0.1878038,0.0105210,-0.7071902,248.665,174.947,-1558.549,0.4508528,3,OK,248.481,174.634,-1558.690,OK,162.185,214.395,-1570.436,OK,248.376,261.300,-1533.455,Port 0x03: JJH Y femur tracker  s/n:3E4C8801,833787703,1781122061.718609474,1,OK,0.8289966,0.4433539,-0.1026234,-0.3250697,-69.340,168.752,-1685.954,0.5851512,3,OK,-69.046,168.178,-1686.379,OK,-78.474,237.649,-1614.496,OK,-140.799,227.708,-1674.606
3,Port 0x01: JJH Probe  s/n:3E4C880C,833787706,1781122061.768609474,1,Too Few Markers,-3.697314E28,-3.697314E28,-3.697314E28,-3.697314E28,-3.697314E28,-3.697314E28,-3.697314E28,0.0000000,3,Missing,-3.697314E28,-3.697314E28,-3.697314E28,Missing,-3.697314E28,-3.697314E28,-3.697314E28,Missing,-3.697314E28,-3.697314E28,-3.697314E28,Port 0x02: JJH T tibia tracker  s/n:3E4C8800,833787706,1781122061.768609474,1,OK,0.6815259,0.1878093,0.0100958,-0.7072115,248.642,174.938,-1558.507,0.4501139,3,OK,248.455,174.627,-1558.648,OK,162.178,214.395,-1570.468,OK,248.360,261.308,-1533.463,Port 0x03: JJH Y femur tracker  s/n:3E4C8801,833787706,1781122061.768609474,1,OK,0.8290712,0.4432081,-0.1026075,-0.3250835,-69.352,168.738,-1685.968,0.5866738,3,OK,-69.050,168.162,-1686.388,OK,-78.478,237.650,-1614.537,OK,-140.816,227.705,-1674.622
3,Port 0x01: JJH Probe  s/n:3E4C880C,833787709,1781122061.818609474,1,Too Few Markers,-3.697314E28,-3.697314E28,-3.697314E28,-3.697314E28,-3.697314E28,-3.697314E28,-3.697314E28,0.0000000,3,Missing,-3.697314E28,-3.697314E28,-3.697314E28,Missing,-3.697314E28,-3.697314E28,-3.697314E28,Missing,-3.697314E28,-3.697314E28,-3.697314E28,Port 0x02: JJH T tibia tracker  s/n:3E4C8800,833787709,1781122061.818609474,1,OK,0.6815257,0.1877317,0.0102933,-0.7072295,248.636,174.944,-1558.541,0.4470241,3,OK,248.454,174.633,-1558.680,OK,162.160,214.401,-1570.462,OK,248.359,261.306,-1533.482,Port 0x03: JJH Y femur tracker  s/n:3E4C8801,833787709,1781122061.818609474,1,OK,0.8290447,0.4431659,-0.1028358,-0.3251364,-69.378,168.730,-1685.955,0.5751083,3,OK,-69.085,168.164,-1686.371,OK,-78.494,237.656,-1614.535,OK,-140.828,227.713,-1674.653
3,Port 0x01: JJH Probe  s/n:3E4C880C,833787712,1781122061.868609474,1,Too Few Markers,-3.697314E28,-3.697314E28,-3.697314E28,-3.697314E28,-3.697314E28,-3.697314E28,-3.697314E28,0.0000000,3,Missing,-3.697314E28,-3.697314E28,-3.697314E28,Missing,-3.697314E28,-3.697314E28,-3.697314E28,Missing,-3.697314E28,-3.697314E28,-3.697314E28,Port 0x02: JJH T tibia tracker  s/n:3E4C8800,833787712,1781122061.868609474,1,OK,0.6814603,0.1879434,0.0101027,-0.7072390,248.653,174.934,-1558.520,0.4471432,3,OK,248.467,174.620,-1558.662,OK,162.190,214.402,-1570.489,OK,248.383,261.303,-1533.455,Port 0x03: JJH Y femur tracker  s/n:3E4C8801,833787712,1781122061.868609474,1,OK,0.8289653,0.4433913,-0.1026244,-0.3250982,-69.344,168.758,-1686.000,0.5882192,3,OK,-69.049,168.177,-1686.431,OK,-78.467,237.657,-1614.521,OK,-140.807,227.717,-1674.653
3,Port 0x01: JJH Probe  s/n:3E4C880C,833787715,1781122061.918609474,1,Too Few Markers,-3.697314E28,-3.697314E28,-3.697314E28,-3.697314E28,-3.697314E28,-3.697314E28,-3.697314E28,0.0000000,3,Missing,-3.697314E28,-3.697314E28,-3.697314E28,Missing,-3.697314E28,-3.697314E28,-3.697314E28,Missing,-3.697314E28,-3.697314E28,-3.697314E28,Port 0x02: JJH T tibia tracker  s/n:3E4C8800,833787715,1781122061.918609474,1,OK,0.6814899,0.1879202,0.0102137,-0.7072151,248.653,174.938,-1558.534,0.4496862,3,OK,248.472,174.619,-1558.675,OK,162.184,214.403,-1570.481,OK,248.372,261.304,-1533.459,Port 0x03: JJH Y femur tracker  s/n:3E4C8801,833787715,1781122061.918609474,1,OK,0.8289713,0.4433969,-0.1024658,-0.3251255,-69.360,168.761,-1686.038,0.6026262,3,OK,-69.065,168.168,-1686.484,OK,-78.481,237.663,-1614.542,OK,-140.815,227.711,-1674.656
3,Port 0x01: JJH Probe  s/n:3E4C880C,833787718,1781122061.968609474,1,Too Few Markers,-3.697314E28,-3.697314E28,-3.697314E28,-3.697314E28,-3.697314E28,-3.697314E28,-3.697314E28,0.0000000,3,Missing,-3.697314E28,-3.697314E28,-3.697314E28,Missing,-3.697314E28,-3.697314E28,-3.697314E28,Missing,-3.697314E28,-3.697314E28,-3.697314E28,Port 0x02: JJH T tibia tracker  s/n:3E4C8800,833787718,1781122061.968609474,1,OK,0.6815134,0.1878351,0.0102912,-0.7072140,248.648,174.947,-1558.557,0.4519945,3,OK,248.464,174.631,-1558.699,OK,162.179,214.405,-1570.485,OK,248.365,261.310,-1533.486,Port 0x03: JJH Y femur tracker  s/n:3E4C8801,833787718,1781122061.968609474,1,OK,0.8291276,0.4431417,-0.1023968,-0.3250965,-69.364,168.756,-1686.012,0.6002319,3,OK,-69.063,168.172,-1686.441,OK,-78.492,237.673,-1614.587,OK,-140.815,227.711,-1674.620
3,Port 0x01: JJH Probe  s/n:3E4C880C,833787721,1781122062.018609474,1,Too Few Markers,-3.697314E28,-3.697314E28,-3.697314E28,-3.697314E28,-3.697314E28,-3.697314E28,-3.697314E28,0.0000000,3,Missing,-3.697314E28,-3.697314E28,-3.697314E28,Missing,-3.697314E28,-3.697314E28,-3.697314E28,Missing,-3.697314E28,-3.697314E28,-3.697314E28,Port 0x02: JJH T tibia tracker  s/n:3E4C8800,833787721,1781122062.018609474,1,OK,0.6814799,0.1877113,0.0096689,-0.7072878,248.627,174.937,-1558.507,0.4468140,3,OK,248.437,174.630,-1558.648,OK,162.178,214.409,-1570.534,OK,248.368,261.325,-1533.524,Port 0x03: JJH Y femur tracker  s/n:3E4C8801,833787721,1781122062.018609474,1,OK,0.8289959,0.4433254,-0.1027151,-0.3250816,-69.368,168.750,-1685.999,0.5825029,3,OK,-69.071,168.174,-1686.423,OK,-78.494,237.655,-1614.543,OK,-140.833,227.716,-1674.673
3,Port 0x01: JJH Probe  s/n:3E4C880C,833787724,1781122062.068609474,1,Too Few Markers,-3.697314E28,-3.697314E28,-3.697314E28,-3.697314E28,-3.697314E28,-3.697314E28,-3.697314E28,0.0000000,3,Missing,-3.697314E28,-3.697314E28,-3.697314E28,Missing,-3.697314E28,-3.697314E28,-3.697314E28,Missing,-3.697314E28,-3.697314E28,-3.697314E28,Port 0x02: JJH T tibia tracker  s/n:3E4C8800,833787724,1781122062.068609474,1,OK,0.6815250,0.1877449,0.0104664,-0.7072242,248.667,174.959,-1558.606,0.4560103,3,OK,248.475,174.640,-1558.750,OK,162.196,214.408,-1570.497,OK,248.390,261.326,-1533.521,Port 0x03: JJH Y femur tracker  s/n:3E4C8801,833787724,1781122062.068609474,1,OK,0.8290575,0.4432312,-0.1026953,-0.3250591,-69.347,168.737,-1685.991,0.5809926,3,OK,-69.048,168.164,-1686.411,OK,-78.472,237.653,-1614.552,OK,-140.818,227.703,-1674.670
3,Port 0x01: JJH Probe  s/n:3E4C880C,833787727,1781122062.118609474,1,Too Few Markers,-3.697314E28,-3.697314E28,-3.697314E28,-3.697314E28,-3.697314E28,-3.697314E28,-3.697314E28,0.0000000,3,Missing,-3.697314E28,-3.697314E28,-3.697314E28,Missing,-3.697314E28,-3.697314E28,-3.697314E28,Missing,-3.697314E28,-3.697314E28,-3.697314E28,Port 0x02: JJH T tibia tracker  s/n:3E4C8800,833787727,1781122062.118609474,1,OK,0.6815110,0.1876052,0.0099150,-0.7072827,248.646,174.945,-1558.537,0.4496644,3,OK,248.461,174.629,-1558.679,OK,162.185,214.411,-1570.514,OK,248.383,261.331,-1533.537,Port 0x03: JJH Y femur tracker  s/n:3E4C8801,833787727,1781122062.118609474,1,OK,0.8290310,0.4432841,-0.1027417,-0.3250398,-69.345,168.749,-1685.975,0.5835422,3,OK,-69.049,168.173,-1686.401,OK,-78.479,237.665,-1614.524,OK,-140.815,227.712,-1674.661
3,Port 0x01: JJH Probe  s/n:3E4C880C,833787730,1781122062.168609474,1,Too Few Markers,-3.697314E28,-3.697314E28,-3.697314E28,-3.697314E28,-3.697314E28,-3.697314E28,-3.697314E28,0.0000000,3,Missing,-3.697314E28,-3.697314E28,-3.697314E28,Missing,-3.697314E28,-3.697314E28,-3.697314E28,Missing,-3.697314E28,-3.697314E28,-3.697314E28,Port 0x02: JJH T tibia tracker  s/n:3E4C8800,833787730,1781122062.168609474,1,OK,0.6814850,0.1879081,0.0101570,-0.7072238,248.646,174.949,-1558.575,0.4538342,3,OK,248.456,174.629,-1558.719,OK,162.185,214.411,-1570.531,OK,248.369,261.323,-1533.507,Port 0x03: JJH Y femur tracker  s/n:3E4C8801,833787730,1781122062.168609474,1,OK,0.8290004,0.4433267,-0.1024491,-0.3251524,-69.372,168.753,-1685.999,0.5992305,3,OK,-69.074,168.165,-1686.436,OK,-78.489,237.654,-1614.528,OK,-140.823,227.711,-1674.611
3,Port 0x01: JJH Probe  s/n:3E4C880C,833787733,1781122062.218609474,1,Too Few Markers,-3.697314E28,-3.697314E28,-3.697314E28,-3.697314E28,-3.697314E28,-3.697314E28,-3.697314E28,0.0000000,3,Missing,-3.697314E28,-3.697314E28,-3.697314E28,Missing,-3.697314E28,-3.697314E28,-3.697314E28,Missing,-3.697314E28,-3.697314E28,-3.697314E28,Port 0x02: JJH T tibia tracker  s/n:3E4C8800,833787733,1781122062.218609474,1,OK,0.6815426,0.1876584,0.0097910,-0.7072398,248.634,174.945,-1558.511,0.4413736,3,OK,248.454,174.639,-1558.649,OK,162.167,214.406,-1570.517,OK,248.361,261.323,-1533.524,Port 0x03: JJH Y femur tracker  s/n:3E4C8801,833787733,1781122062.218609474,1,OK,0.8289483,0.4433333,-0.1028898,-0.3251369,-69.376,168.740,-1685.973,0.5811812,3,OK,-69.085,168.164,-1686.401,OK,-78.496,237.657,-1614.510,OK,-140.827,227.720,-1674.675
3,Port 0x01: JJH Probe  s/n:3E4C880C,833787736,1781122062.268609474,1,Too Few Markers,-3.697314E28,-3.697314E28,-3.697314E28,-3.697314E28,-3.697314E28,-3.697314E28,-3.697314E28,0.0000000,3,Missing,-3.697314E28,-3.697314E28,-3.697314E28,Missing,-3.697314E28,-3.697314E28,-3.697314E28,Missing,-3.697314E28,-3.697314E28,-3.697314E28,Port 0x02: JJH T tibia tracker  s/n:3E4C8800,833787736,1781122062.268609474,1,OK,0.6814507,0.1879870,0.0096052,-0.7072437,248.629,174.928,-1558.450,0.4449384,3,OK,248.438,174.622,-1558.591,OK,162.185,214.403,-1570.509,OK,248.361,261.308,-1533.441,Port 0x03: JJH Y femur tracker  s/n:3E4C8801,833787736,1781122062.268609474,1,OK,0.8290713,0.4431657,-0.1027522,-0.3250953,-69.351,168.732,-1685.945,0.5825208,3,OK,-69.053,168.160,-1686.365,OK,-78.476,237.657,-1614.524,OK,-140.808,227.708,-1674.628
3,Port 0x01: JJH Probe  s/n:3E4C880C,833787739,1781122062.318609474,1,Too Few Markers,-3.697314E28,-3.697314E28,-3.697314E28,-3.697314E28,-3.697314E28,-3.697314E28,-3.697314E28,0.0000000,3,Missing,-3.697314E28,-3.697314E28,-3.697314E28,Missing,-3.697314E28,-3.697314E28,-3.697314E28,Missing,-3.697314E28,-3.697314E28,-3.697314E28,Port 0x02: JJH T tibia tracker  s/n:3E4C8800,833787739,1781122062.318609474,1,OK,0.6814653,0.1874789,0.0093744,-0.7073675,248.629,174.924,-1558.479,0.4469498,3,OK,248.441,174.617,-1558.618,OK,162.191,214.410,-1570.537,OK,248.387,261.327,-1533.560,Port 0x03: JJH Y femur tracker  s/n:3E4C8801,833787739,1781122062.318609474,1,OK,0.8290381,0.4432732,-0.1026571,-0.3250634,-69.343,168.743,-1685.974,0.5838376,3,OK,-69.042,168.166,-1686.396,OK,-78.469,237.651,-1614.526,OK,-140.815,227.707,-1674.642
3,Port 0x01: JJH Probe  s/n:3E4C880C,833787742,1781122062.368609474,1,Too Few Markers,-3.697314E28,-3.697314E28,-3.697314E28,-3.697314E28,-3.697314E28,-3.697314E28,-3.697314E28,0.0000000,3,Missing,-3.697314E28,-3.697314E28,-3.697314E28,Missing,-3.697314E28,-3.697314E28,-3.697314E28,Missing,-3.697314E28,-3.697314E28,-3.697314E28,Port 0x02: JJH T tibia tracker  s/n:3E4C8800,833787742,1781122062.368609474,1,OK,0.6814793,0.1876074,0.0098093,-0.7073141,248.628,174.937,-1558.508,0.4489278,3,OK,248.445,174.630,-1558.647,OK,162.178,214.417,-1570.499,OK,248.367,261.315,-1533.525,Port 0x03: JJH Y femur tracker  s/n:3E4C8801,833787742,1781122062.368609474,1,OK,0.8291037,0.4430658,-0.1029886,-0.3250739,-69.361,168.723,-1685.899,0.5648199,3,OK,-69.061,168.166,-1686.301,OK,-78.484,237.660,-1614.512,OK,-140.827,227.717,-1674.638
3,Port 0x01: JJH Probe  s/n:3E4C880C,833787745,1781122062.418609474,1,Too Few Markers,-3.697314E28,-3.697314E28,-3.697314E28,-3.697314E28,-3.697314E28,-3.697314E28,-3.697314E28,0.0000000,3,Missing,-3.697314E28,-3.697314E28,-3.697314E28,Missing,-3.697314E28,-3.697314E28,-3.697314E28,Missing,-3.697314E28,-3.697314E28,-3.697314E28,Port 0x02: JJH T tibia tracker  s/n:3E4C8800,833787745,1781122062.418609474,1,OK,0.6815069,0.1875318,0.0094958,-0.7073119,248.623,174.930,-1558.480,0.4479604,3,OK,248.434,174.623,-1558.620,OK,162.179,214.404,-1570.523,OK,248.366,261.326,-1533.542,Port 0x03: JJH Y femur tracker  s/n:3E4C8801,833787745,1781122062.418609474,1,OK,0.8291504,0.4430765,-0.1026485,-0.3250479,-69.366,168.731,-1685.959,0.5787565,3,OK,-69.067,168.166,-1686.369,OK,-78.496,237.656,-1614.563,OK,-140.826,227.697,-1674.629
3,Port 0x01: JJH Probe  s/n:3E4C880C,833787748,1781122062.468609474,1,Too Few Markers,-3.697314E28,-3.697314E28,-3.697314E28,-3.697314E28,-3.697314E28,-3.697314E28,-3.697314E28,0.0000000,3,Missing,-3.697314E28,-3.697314E28,-3.697314E28,Missing,-3.697314E28,-3.697314E28,-3.697314E28,Missing,-3.697314E28,-3.697314E28,-3.697314E28,Port 0x02: JJH T tibia tracker  s/n:3E4C8800,833787748,1781122062.468609474,1,OK,0.6815060,0.1877592,0.0101546,-0.7072432,248.641,174.946,-1558.539,0.4484966,3,OK,248.447,174.638,-1558.681,OK,162.178,214.400,-1570.486,OK,248.374,261.318,-1533.490,Port 0x03: JJH Y femur tracker  s/n:3E4C8801,833787748,1781122062.468609474,1,OK,0.8291202,0.4430965,-0.1027094,-0.3250785,-69.358,168.730,-1685.946,0.5789777,3,OK,-69.055,168.161,-1686.357,OK,-78.481,237.655,-1614.542,OK,-140.824,227.707,-1674.627
3,Port 0x01: JJH Probe  s/n:3E4C880C,833787751,1781122062.518609470,1,Too Few Markers,-3.697314E28,-3.697314E28,-3.697314E28,-3.697314E28,-3.697314E28,-3.697314E28,-3.697314E28,0.0000000,3,Missing,-3.697314E28,-3.697314E28,-3.697314E28,Missing,-3.697314E28,-3.697314E28,-3.697314E28,Missing,-3.697314E28,-3.697314E28,-3.697314E28,Port 0x02: JJH T tibia tracker  s/n:3E4C8800,833787751,1781122062.518609470,1,OK,0.6815323,0.1876007,0.0100526,-0.7072613,248.654,174.943,-1558.532,0.4529063,3,OK,248.464,174.629,-1558.674,OK,162.193,214.400,-1570.484,OK,248.384,261.323,-1533.517,Port 0x03: JJH Y femur tracker  s/n:3E4C8801,833787751,1781122062.518609470,1,OK,0.8290441,0.4432899,-0.1024370,-0.3250949,-69.348,168.757,-1685.987,0.5904566,3,OK,-69.055,168.181,-1686.416,OK,-78.472,237.657,-1614.530,OK,-140.802,227.704,-1674.606
3,Port 0x01: JJH Probe  s/n:3E4C880C,833787754,1781122062.568609470,1,Too Few Markers,-3.697314E28,-3.697314E28,-3.697314E28,-3.697314E28,-3.697314E28,-3.697314E28,-3.697314E28,0.0000000,3,Missing,-3.697314E28,-3.697314E28,-3.697314E28,Missing,-3.697314E28,-3.697314E28,-3.697314E28,Missing,-3.697314E28,-3.697314E28,-3.697314E28,Port 0x02: JJH T tibia tracker  s/n:3E4C8800,833787754,1781122062.568609470,1,OK,0.6814872,0.1878505,0.0100420,-0.7072386,248.638,174.944,-1558.559,0.4456721,3,OK,248.452,174.637,-1558.699,OK,162.176,214.409,-1570.532,OK,248.367,261.312,-1533.515,Port 0x03: JJH Y femur tracker  s/n:3E4C8801,833787754,1781122062.568609470,1,OK,0.8291585,0.4430362,-0.1024766,-0.3251363,-69.380,168.736,-1685.981,0.5869979,3,OK,-69.079,168.166,-1686.395,OK,-78.492,237.660,-1614.581,OK,-140.830,227.705,-1674.611
3,Port 0x01: JJH Probe  s/n:3E4C880C,833787757,1781122062.618609470,1,Too Few Markers,-3.697314E28,-3.697314E28,-3.697314E28,-3.697314E28,-3.697314E28,-3.697314E28,-3.697314E28,0.0000000,3,Missing,-3.697314E28,-3.697314E28,-3.697314E28,Missing,-3.697314E28,-3.697314E28,-3.697314E28,Missing,-3.697314E28,-3.697314E28,-3.697314E28,Port 0x02: JJH T tibia tracker  s/n:3E4C8800,833787757,1781122062.618609470,1,OK,0.6815029,0.1877818,0.0099723,-0.7072427,248.632,174.939,-1558.512,0.4453998,3,OK,248.445,174.636,-1558.651,OK,162.172,214.403,-1570.492,OK,248.360,261.308,-1533.487,Port 0x03: JJH Y femur tracker  s/n:3E4C8801,833787757,1781122062.618609470,1,OK,0.8290041,0.4432109,-0.1029805,-0.3251328,-69.373,168.724,-1685.942,0.5675079,3,OK,-69.081,168.164,-1686.352,OK,-78.491,237.647,-1614.520,OK,-140.826,227.716,-1674.667
3,Port 0x01: JJH Probe  s/n:3E4C880C,833787760,1781122062.668609470,1,Too Few Markers,-3.697314E28,-3.697314E28,-3.697314E28,-3.697314E28,-3.697314E28,-3.697314E28,-3.697314E28,0.0000000,3,Missing,-3.697314E28,-3.697314E28,-3.697314E28,Missing,-3.697314E28,-3.697314E28,-3.697314E28,Missing,-3.697314E28,-3.697314E28,-3.697314E28,Port 0x02: JJH T tibia tracker  s/n:3E4C8800,833787760,1781122062.668609470,1,OK,0.6814960,0.1877163,0.0101164,-0.7072647,248.650,174.942,-1558.548,0.4530677,3,OK,248.455,174.632,-1558.691,OK,162.194,214.401,-1570.497,OK,248.384,261.317,-1533.510,Port 0x03: JJH Y femur tracker  s/n:3E4C8801,833787760,1781122062.668609470,1,OK,0.8291818,0.4429264,-0.1027311,-0.3251463,-69.361,168.712,-1685.931,0.5776758,3,OK,-69.063,168.150,-1686.338,OK,-78.474,237.658,-1614.562,OK,-140.804,227.699,-1674.613
3,Port 0x01: JJH Probe  s/n:3E4C880C,833787763,1781122062.718609470,1,Too Few Markers,-3.697314E28,-3.697314E28,-3.697314E28,-3.697314E28,-3.697314E28,-3.697314E28,-3.697314E28,0.0000000,3,Missing,-3.697314E28,-3.697314E28,-3.697314E28,Missing,-3.697314E28,-3.697314E28,-3.697314E28,Missing,-3.697314E28,-3.697314E28,-3.697314E28,Port 0x02: JJH T tibia tracker  s/n:3E4C8800,833787763,1781122062.718609470,1,OK,0.6815239,0.1878527,0.0098531,-0.7072054,248.650,174.946,-1558.517,0.4437004,3,OK,248.464,174.641,-1558.656,OK,162.189,214.404,-1570.525,OK,248.371,261.318,-1533.497,Port 0x03: JJH Y femur tracker  s/n:3E4C8801,833787763,1781122062.718609470,1,OK,0.8290909,0.4432517,-0.1022769,-0.3250778,-69.350,168.754,-1685.982,0.5991842,3,OK,-69.051,168.171,-1686.413,OK,-78.478,237.652,-1614.531,OK,-140.808,227.694,-1674.569
3,Port 0x01: JJH Probe  s/n:3E4C880C,833787766,1781122062.768609470,1,Too Few Markers,-3.697314E28,-3.697314E28,-3.697314E28,-3.697314E28,-3.697314E28,-3.697314E28,-3.697314E28,0.0000000,3,Missing,-3.697314E28,-3.697314E28,-3.697314E28,Missing,-3.697314E28,-3.697314E28,-3.697314E28,Missing,-3.697314E28,-3.697314E28,-3.697314E28,Port 0x02: JJH T tibia tracker  s/n:3E4C8800,833787766,1781122062.768609470,1,OK,0.6814808,0.1875652,0.0092186,-0.7073317,248.615,174.919,-1558.446,0.4466377,3,OK,248.428,174.613,-1558.585,OK,162.180,214.404,-1570.538,OK,248.361,261.322,-1533.538,Port 0x03: JJH Y femur tracker  s/n:3E4C8801,833787766,1781122062.768609470,1,OK,0.8292447,0.4428286,-0.1028286,-0.3250881,-69.373,168.703,-1685.913,0.5746361,3,OK,-69.067,168.144,-1686.310,OK,-78.497,237.659,-1614.576,OK,-140.827,227.699,-1674.619
3,Port 0x01: JJH Probe  s/n:3E4C880C,833787769,1781122062.818609470,1,Too Few Markers,-3.697314E28,-3.697314E28,-3.697314E28,-3.697314E28,-3.697314E28,-3.697314E28,-3.697314E28,0.0000000,3,Missing,-3.697314E28,-3.697314E28,-3.697314E28,Missing,-3.697314E28,-3.697314E28,-3.697314E28,Missing,-3.697314E28,-3.697314E28,-3.697314E28,Port 0x02: JJH T tibia tracker  s/n:3E4C8800,833787769,1781122062.818609470,1,OK,0.6815109,0.1875863,0.0098918,-0.7072880,248.640,174.935,-1558.507,0.4459329,3,OK,248.458,174.624,-1558.647,OK,162.176,214.403,-1570.487,OK,248.378,261.317,-1533.514,Port 0x03: JJH Y femur tracker  s/n:3E4C8801,833787769,1781122062.818609470,1,OK,0.8292259,0.4428886,-0.1027501,-0.3250793,-69.356,168.712,-1685.907,0.5794080,3,OK,-69.054,168.149,-1686.311,OK,-78.485,237.662,-1614.553,OK,-140.807,227.697,-1674.596
3,Port 0x01: JJH Probe  s/n:3E4C880C,833787772,1781122062.868609470,1,Too Few Markers,-3.697314E28,-3.697314E28,-3.697314E28,-3.697314E28,-3.697314E28,-3.697314E28,-3.697314E28,0.0000000,3,Missing,-3.697314E28,-3.697314E28,-3.697314E28,Missing,-3.697314E28,-3.697314E28,-3.697314E28,Missing,-3.697314E28,-3.697314E28,-3.697314E28,Port 0x02: JJH T tibia tracker  s/n:3E4C8800,833787772,1781122062.868609470,1,OK,0.6815291,0.1873982,0.0100618,-0.7073180,248.654,174.935,-1558.542,0.4563558,3,OK,248.466,174.618,-1558.685,OK,162.195,214.400,-1570.475,OK,248.394,261.323,-1533.551,Port 0x03: JJH Y femur tracker  s/n:3E4C8801,833787772,1781122062.868609470,1,OK,0.8291315,0.4429368,-0.1032148,-0.3251072,-69.349,168.696,-1685.893,0.5587121,3,OK,-69.048,168.144,-1686.286,OK,-78.468,237.655,-1614.539,OK,-140.809,227.715,-1674.676
3,Port 0x01: JJH Probe  s/n:3E4C880C,833787775,1781122062.918609470,1,Too Few Markers,-3.697314E28,-3.697314E28,-3.697314E28,-3.697314E28,-3.697314E28,-3.697314E28,-3.697314E28,0.0000000,3,Missing,-3.697314E28,-3.697314E28,-3.697314E28,Missing,-3.697314E28,-3.697314E28,-3.697314E28,Missing,-3.697314E28,-3.697314E28,-3.697314E28,Port 0x02: JJH T tibia tracker  s/n:3E4C8800,833787775,1781122062.918609470,1,OK,0.6815523,0.1878164,0.0101410,-0.7071835,248.646,174.952,-1558.589,0.4503620,3,OK,248.459,174.641,-1558.730,OK,162.178,214.402,-1570.543,OK,248.356,261.319,-1533.540,Port 0x03: JJH Y femur tracker  s/n:3E4C8801,833787775,1781122062.918609470,1,OK,0.8291227,0.4430587,-0.1028291,-0.3250858,-69.365,168.716,-1685.915,0.5715514,3,OK,-69.067,168.155,-1686.320,OK,-78.488,237.648,-1614.525,OK,-140.825,227.700,-1674.620
3,Port 0x01: JJH Probe  s/n:3E4C880C,833787778,1781122062.968609470,1,Too Few Markers,-3.697314E28,-3.697314E28,-3.697314E28,-3.697314E28,-3.697314E28,-3.697314E28,-3.697314E28,0.0000000,3,Missing,-3.697314E28,-3.697314E28,-3.697314E28,Missing,-3.697314E28,-3.697314E28,-3.697314E28,Missing,-3.697314E28,-3.697314E28,-3.697314E28,Port 0x02: JJH T tibia tracker  s/n:3E4C8800,833787778,1781122062.968609470,1,OK,0.6814673,0.1880274,0.0100773,-0.7072103,248.631,174.947,-1558.566,0.4538936,3,OK,248.436,174.634,-1558.710,OK,162.181,214.410,-1570.544,OK,248.352,261.315,-1533.495,Port 0x03: JJH Y femur tracker  s/n:3E4C8801,833787778,1781122062.968609470,1,OK,0.8290936,0.4430897,-0.1028904,-0.3250983,-69.372,168.718,-1685.919,0.5713940,3,OK,-69.075,168.154,-1686.329,OK,-78.490,237.654,-1614.516,OK,-140.834,227.705,-1674.638
3,Port 0x01: JJH Probe  s/n:3E4C880C,833787781,1781122063.018609470,1,Too Few Markers,-3.697314E28,-3.697314E28,-3.697314E28,-3.697314E28,-3.697314E28,-3.697314E28,-3.697314E28,0.0000000,3,Missing,-3.697314E28,-3.697314E28,-3.697314E28,Missing,-3.697314E28,-3.697314E28,-3.697314E28,Missing,-3.697314E28,-3.697314E28,-3.697314E28,Port 0x02: JJH T tibia tracker  s/n:3E4C8800,833787781,1781122063.018609470,1,OK,0.6814898,0.1875969,0.0097336,-0.7073078,248.646,174.932,-1558.524,0.4474120,3,OK,248.462,174.621,-1558.664,OK,162.192,214.407,-1570.530,OK,248.388,261.319,-1533.549,Port 0x03: JJH Y femur tracker  s/n:3E4C8801,833787781,1781122063.018609470,1,OK,0.8290462,0.4431924,-0.1027500,-0.3251235,-69.353,168.727,-1685.940,0.5830191,3,OK,-69.060,168.154,-1686.364,OK,-78.472,237.654,-1614.504,OK,-140.804,227.702,-1674.621
3,Port 0x01: JJH Probe  s/n:3E4C880C,833787784,1781122063.068609470,1,Too Few Markers,-3.697314E28,-3.697314E28,-3.697314E28,-3.697314E28,-3.697314E28,-3.697314E28,-3.697314E28,0.0000000,3,Missing,-3.697314E28,-3.697314E28,-3.697314E28,Missing,-3.697314E28,-3.697314E28,-3.697314E28,Missing,-3.697314E28,-3.697314E28,-3.697314E28,Port 0x02: JJH T tibia tracker  s/n:3E4C8800,833787784,1781122063.068609470,1,OK,0.6814706,0.1878068,0.0096508,-0.7072717,248.656,174.936,-1558.531,0.4469360,3,OK,248.471,174.622,-1558.672,OK,162.206,214.412,-1570.568,OK,248.393,261.324,-1533.538,Port 0x03: JJH Y femur tracker  s/n:3E4C8801,833787784,1781122063.068609470,1,OK,0.8291252,0.4430804,-0.1027266,-0.3250821,-69.336,168.721,-1685.943,0.5771948,3,OK,-69.040,168.155,-1686.358,OK,-78.457,237.654,-1614.537,OK,-140.795,227.694,-1674.631
3,Port 0x01: JJH Probe  s/n:3E4C880C,833787787,1781122063.118609470,1,Too Few Markers,-3.697314E28,-3.697314E28,-3.697314E28,-3.697314E28,-3.697314E28,-3.697314E28,-3.697314E28,0.0000000,3,Missing,-3.697314E28,-3.697314E28,-3.697314E28,Missing,-3.697314E28,-3.697314E28,-3.697314E28,Missing,-3.697314E28,-3.697314E28,-3.697314E28,Port 0x02: JJH T tibia tracker  s/n:3E4C8800,833787787,1781122063.118609470,1,OK,0.6815306,0.1876957,0.0103067,-0.7072341,248.643,174.964,-1558.626,0.4541119,3,OK,248.453,174.651,-1558.769,OK,162.177,214.416,-1570.541,OK,248.366,261.332,-1533.569,Port 0x03: JJH Y femur tracker  s/n:3E4C8801,833787787,1781122063.118609470,1,OK,0.8291461,0.4429756,-0.1029538,-0.3250998,-69.365,168.711,-1685.886,0.5643777,3,OK,-69.072,168.158,-1686.285,OK,-78.486,237.657,-1614.517,OK,-140.815,227.703,-1674.616
3,Port 0x01: JJH Probe  s/n:3E4C880C,833787790,1781122063.168609470,1,Too Few Markers,-3.697314E28,-3.697314E28,-3.697314E28,-3.697314E28,-3.697314E28,-3.697314E28,-3.697314E28,0.0000000,3,Missing,-3.697314E28,-3.697314E28,-3.697314E28,Missing,-3.697314E28,-3.697314E28,-3.697314E28,Missing,-3.697314E28,-3.697314E28,-3.697314E28,Port 0x02: JJH T tibia tracker  s/n:3E4C8800,833787790,1781122063.168609470,1,OK,0.6815367,0.1874100,0.0098806,-0.7073101,248.633,174.947,-1558.543,0.4514763,3,OK,248.442,174.636,-1558.685,OK,162.176,214.408,-1570.511,OK,248.376,261.339,-1533.572,Port 0x03: JJH Y femur tracker  s/n:3E4C8801,833787790,1781122063.168609470,1,OK,0.8291888,0.4429254,-0.1027426,-0.3251262,-69.377,168.719,-1685.919,0.5728583,3,OK,-69.082,168.161,-1686.323,OK,-78.491,237.664,-1614.551,OK,-140.823,227.702,-1674.607
3,Port 0x01: JJH Probe  s/n:3E4C880C,833787793,1781122063.218609470,1,Too Few Markers,-3.697314E28,-3.697314E28,-3.697314E28,-3.697314E28,-3.697314E28,-3.697314E28,-3.697314E28,0.0000000,3,Missing,-3.697314E28,-3.697314E28,-3.697314E28,Missing,-3.697314E28,-3.697314E28,-3.697314E28,Missing,-3.697314E28,-3.697314E28,-3.697314E28,Port 0x02: JJH T tibia tracker  s/n:3E4C8800,833787793,1781122063.218609470,1,OK,0.6814963,0.1875383,0.0095634,-0.7073193,248.627,174.939,-1558.533,0.4461318,3,OK,248.440,174.629,-1558.674,OK,162.177,214.412,-1570.566,OK,248.376,261.336,-1533.584,Port 0x03: JJH Y femur tracker  s/n:3E4C8801,833787793,1781122063.218609470,1,OK,0.8290783,0.4431627,-0.1026765,-0.3251055,-69.366,168.740,-1685.980,0.5788336,3,OK,-69.069,168.171,-1686.396,OK,-78.484,237.659,-1614.558,OK,-140.825,227.711,-1674.652
3,Port 0x01: JJH Probe  s/n:3E4C880C,833787796,1781122063.268609470,1,Too Few Markers,-3.697314E28,-3.697314E28,-3.697314E28,-3.697314E28,-3.697314E28,-3.697314E28,-3.697314E28,0.0000000,3,Missing,-3.697314E28,-3.697314E28,-3.697314E28,Missing,-3.697314E28,-3.697314E28,-3.697314E28,Missing,-3.697314E28,-3.697314E28,-3.697314E28,Port 0x02: JJH T tibia tracker  s/n:3E4C8800,833787796,1781122063.268609470,1,OK,0.6814786,0.1875215,0.0091283,-0.7073467,248.633,174.935,-1558.476,0.4414001,3,OK,248.446,174.637,-1558.613,OK,162.199,214.420,-1570.582,OK,248.387,261.336,-1533.585,Port 0x03: JJH Y femur tracker  s/n:3E4C8801,833787796,1781122063.268609470,1,OK,0.8290103,0.4433336,-0.1026523,-0.3250535,-69.340,168.747,-1685.951,0.5845305,3,OK,-69.043,168.170,-1686.377,OK,-78.470,237.650,-1614.491,OK,-140.810,227.706,-1674.616
3,Port 0x01: JJH Probe  s/n:3E4C880C,833787799,1781122063.318609470,1,Too Few Markers,-3.697314E28,-3.697314E28,-3.697314E28,-3.697314E28,-3.697314E28,-3.697314E28,-3.697314E28,0.0000000,3,Missing,-3.697314E28,-3.697314E28,-3.697314E28,Missing,-3.697314E28,-3.697314E28,-3.697314E28,Missing,-3.697314E28,-3.697314E28,-3.697314E28,Port 0x02: JJH T tibia tracker  s/n:3E4C8800,833787799,1781122063.318609470,1,OK,0.6814970,0.1875402,0.0097880,-0.7073151,248.637,174.947,-1558.554,0.4507001,3,OK,248.445,174.635,-1558.697,OK,162.186,214.415,-1570.547,OK,248.384,261.340,-1533.577,Port 0x03: JJH Y femur tracker  s/n:3E4C8801,833787799,1781122063.318609470,1,OK,0.8290515,0.4432335,-0.1026021,-0.3251007,-69.369,168.746,-1686.008,0.5781556,3,OK,-69.078,168.176,-1686.430,OK,-78.480,237.659,-1614.557,OK,-140.831,227.703,-1674.672
3,Port 0x01: JJH Probe  s/n:3E4C880C,833787802,1781122063.368609470,1,Too Few Markers,-3.697314E28,-3.697314E28,-3.697314E28,-3.697314E28,-3.697314E28,-3.697314E28,-3.697314E28,0.0000000,3,Missing,-3.697314E28,-3.697314E28,-3.697314E28,Missing,-3.697314E28,-3.697314E28,-3.697314E28,Missing,-3.697314E28,-3.697314E28,-3.697314E28,Port 0x02: JJH T tibia tracker  s/n:3E4C8800,833787802,1781122063.368609470,1,OK,0.6814715,0.1878148,0.0097826,-0.7072669,248.639,174.949,-1558.567,0.4469253,3,OK,248.457,174.634,-1558.708,OK,162.183,214.425,-1570.581,OK,248.373,261.333,-1533.557,Port 0x03: JJH Y femur tracker  s/n:3E4C8801,833787802,1781122063.368609470,1,OK,0.8291023,0.4430988,-0.1027257,-0.3251159,-69.372,168.736,-1685.956,0.5761365,3,OK,-69.074,168.170,-1686.368,OK,-78.487,237.662,-1614.549,OK,-140.828,227.714,-1674.638
3,Port 0x01: JJH Probe  s/n:3E4C880C,833787805,1781122063.418609470,1,Too Few Markers,-3.697314E28,-3.697314E28,-3.697314E28,-3.697314E28,-3.697314E28,-3.697314E28,-3.697314E28,0.0000000,3,Missing,-3.697314E28,-3.697314E28,-3.697314E28,Missing,-3.697314E28,-3.697314E28,-3.697314E28,Missing,-3.697314E28,-3.697314E28,-3.697314E28,Port 0x02: JJH T tibia tracker  s/n:3E4C8800,833787805,1781122063.418609470,1,OK,0.6814748,0.1875887,0.0097943,-0.7073236,248.639,174.954,-1558.579,0.4492153,3,OK,248.448,174.642,-1558.721,OK,162.188,214.426,-1570.574,OK,248.390,261.345,-1533.594,Port 0x03: JJH Y femur tracker  s/n:3E4C8801,833787805,1781122063.418609470,1,OK,0.8291313,0.4429970,-0.1030775,-0.3250690,-69.357,168.716,-1685.923,0.5570978,3,OK,-69.062,168.167,-1686.317,OK,-78.481,237.661,-1614.556,OK,-140.818,227.713,-1674.682
3,Port 0x01: JJH Probe  s/n:3E4C880C,833787808,1781122063.468609470,1,Too Few Markers,-3.697314E28,-3.697314E28,-3.697314E28,-3.697314E28,-3.697314E28,-3.697314E28,-3.697314E28,0.0000000,3,Missing,-3.697314E28,-3.697314E28,-3.697314E28,Missing,-3.697314E28,-3.697314E28,-3.697314E28,Missing,-3.697314E28,-3.697314E28,-3.697314E28,Port 0x02: JJH T tibia tracker  s/n:3E4C8800,833787808,1781122063.468609470,1,OK,0.6815611,0.1873828,0.0097757,-0.7072952,248.656,174.946,-1558.557,0.4469470,3,OK,248.474,174.637,-1558.695,OK,162.193,214.408,-1570.542,OK,248.393,261.336,-1533.605,Port 0x03: JJH Y femur tracker  s/n:3E4C8801,833787808,1781122063.468609470,1,OK,0.8291609,0.4429699,-0.1029702,-0.3250646,-69.343,168.709,-1685.874,0.5621080,3,OK,-69.047,168.159,-1686.268,OK,-78.471,237.652,-1614.513,OK,-140.800,227.700,-1674.609
3,Port 0x01: JJH Probe  s/n:3E4C880C,833787811,1781122063.518609472,1,Too Few Markers,-3.697314E28,-3.697314E28,-3.697314E28,-3.697314E28,-3.697314E28,-3.697314E28,-3.697314E28,0.0000000,3,Missing,-3.697314E28,-3.697314E28,-3.697314E28,Missing,-3.697314E28,-3.697314E28,-3.697314E28,Missing,-3.697314E28,-3.697314E28,-3.697314E28,Port 0x02: JJH T tibia tracker  s/n:3E4C8800,833787811,1781122063.518609472,1,OK,0.6815193,0.1875223,0.0098394,-0.7072977,248.637,174.953,-1558.561,0.4512569,3,OK,248.447,174.641,-1558.703,OK,162.182,214.418,-1570.544,OK,248.376,261.344,-1533.581,Port 0x03: JJH Y femur tracker  s/n:3E4C8801,833787811,1781122063.518609472,1,OK,0.8292126,0.4429188,-0.1026509,-0.3251032,-69.370,168.730,-1685.930,0.5779364,3,OK,-69.069,168.169,-1686.334,OK,-78.489,237.670,-1614.567,OK,-140.822,227.710,-1674.601
3,Port 0x01: JJH Probe  s/n:3E4C880C,833787814,1781122063.568609472,1,Too Few Markers,-3.697314E28,-3.697314E28,-3.697314E28,-3.697314E28,-3.697314E28,-3.697314E28,-3.697314E28,0.0000000,3,Missing,-3.697314E28,-3.697314E28,-3.697314E28,Missing,-3.697314E28,-3.697314E28,-3.697314E28,Missing,-3.697314E28,-3.697314E28,-3.697314E28,Port 0x02: JJH T tibia tracker  s/n:3E4C8800,833787814,1781122063.568609472,1,OK,0.6815301,0.1873439,0.0097958,-0.7073351,248.621,174.935,-1558.536,0.4507111,3,OK,248.435,174.624,-1558.676,OK,162.165,214.404,-1570.512,OK,248.367,261.328,-1533.585,Port 0x03: JJH Y femur tracker  s/n:3E4C8801,833787814,1781122063.568609472,1,OK,0.8289901,0.4433668,-0.1024752,-0.3251156,-69.378,168.756,-1685.985,0.5952299,3,OK,-69.086,168.170,-1686.424,OK,-78.497,237.657,-1614.500,OK,-140.834,227.704,-1674.609
3,Port 0x01: JJH Probe  s/n:3E4C880C,833787817,1781122063.618609472,1,Too Few Markers,-3.697314E28,-3.697314E28,-3.697314E28,-3.697314E28,-3.697314E28,-3.697314E28,-3.697314E28,0.0000000,3,Missing,-3.697314E28,-3.697314E28,-3.697314E28,Missing,-3.697314E28,-3.697314E28,-3.697314E28,Missing,-3.697314E28,-3.697314E28,-3.697314E28,Port 0x02: JJH T tibia tracker  s/n:3E4C8800,833787817,1781122063.618609472,1,OK,0.6815035,0.1875610,0.0097979,-0.7073032,248.639,174.918,-1558.459,0.4470632,3,OK,248.456,174.612,-1558.597,OK,162.185,214.391,-1570.450,OK,248.377,261.297,-1533.483,Port 0x03: JJH Y femur tracker  s/n:3E4C8801,833787817,1781122063.618609472,1,OK,0.8292136,0.4428658,-0.1028777,-0.3251015,-69.354,168.717,-1685.917,0.5613016,3,OK,-69.055,168.171,-1686.305,OK,-78.470,237.663,-1614.577,OK,-140.808,227.712,-1674.636
3,Port 0x01: JJH Probe  s/n:3E4C880C,833787820,1781122063.668609472,1,Too Few Markers,-3.697314E28,-3.697314E28,-3.697314E28,-3.697314E28,-3.697314E28,-3.697314E28,-3.697314E28,0.0000000,3,Missing,-3.697314E28,-3.697314E28,-3.697314E28,Missing,-3.697314E28,-3.697314E28,-3.697314E28,Missing,-3.697314E28,-3.697314E28,-3.697314E28,Port 0x02: JJH T tibia tracker  s/n:3E4C8800,833787820,1781122063.668609472,1,OK,0.6814611,0.1877098,0.0102660,-0.7072980,248.647,174.914,-1558.500,0.4524268,3,OK,248.466,174.594,-1558.642,OK,162.182,214.389,-1570.420,OK,248.384,261.283,-1533.445,Port 0x03: JJH Y femur tracker  s/n:3E4C8801,833787820,1781122063.668609472,1,OK,0.8291589,0.4430330,-0.1025823,-0.3251063,-69.359,168.732,-1685.945,0.5767230,3,OK,-69.063,168.172,-1686.352,OK,-78.477,237.656,-1614.556,OK,-140.809,227.700,-1674.599
3,Port 0x01: JJH Probe  s/n:3E4C880C,833787823,1781122063.718609472,1,Too Few Markers,-3.697314E28,-3.697314E28,-3.697314E28,-3.697314E28,-3.697314E28,-3.697314E28,-3.697314E28,0.0000000,3,Missing,-3.697314E28,-3.697314E28,-3.697314E28,Missing,-3.697314E28,-3.697314E28,-3.697314E28,Missing,-3.697314E28,-3.697314E28,-3.697314E28,Port 0x02: JJH T tibia tracker  s/n:3E4C8800,833787823,1781122063.718609472,1,OK,0.6813781,0.1882001,0.0102258,-0.7072482,248.628,174.879,-1558.394,0.4517205,3,OK,248.444,174.561,-1558.537,OK,162.175,214.366,-1570.356,OK,248.354,261.233,-1533.283,Port 0x03: JJH Y femur tracker  s/n:3E4C8801,833787823,1781122063.718609472,1,OK,0.8291739,0.4430595,-0.1023671,-0.3250998,-69.360,168.748,-1685.970,0.5909882,3,OK,-69.062,168.175,-1686.390,OK,-78.479,237.668,-1614.562,OK,-140.812,227.700,-1674.582
3,Port 0x01: JJH Probe  s/n:3E4C880C,833787826,1781122063.768609472,1,Too Few Markers,-3.697314E28,-3.697314E28,-3.697314E28,-3.697314E28,-3.697314E28,-3.697314E28,-3.697314E28,0.0000000,3,Missing,-3.697314E28,-3.697314E28,-3.697314E28,Missing,-3.697314E28,-3.697314E28,-3.697314E28,Missing,-3.697314E28,-3.697314E28,-3.697314E28,Port 0x02: JJH T tibia tracker  s/n:3E4C8800,833787826,1781122063.768609472,1,OK,0.6813343,0.1883969,0.0107327,-0.7072306,248.632,174.854,-1558.379,0.4489259,3,OK,248.440,174.545,-1558.521,OK,162.170,214.333,-1570.267,OK,248.363,261.182,-1533.179,Port 0x03: JJH Y femur tracker  s/n:3E4C8801,833787826,1781122063.768609472,1,OK,0.8291498,0.4430392,-0.1025522,-0.3251305,-69.352,168.735,-1685.927,0.5827487,3,OK,-69.049,168.167,-1686.336,OK,-78.466,237.656,-1614.534,OK,-140.807,227.710,-1674.571
3,Port 0x01: JJH Probe  s/n:3E4C880C,833787829,1781122063.818609472,1,Too Few Markers,-3.697314E28,-3.697314E28,-3.697314E28,-3.697314E28,-3.697314E28,-3.697314E28,-3.697314E28,0.0000000,3,Missing,-3.697314E28,-3.697314E28,-3.697314E28,Missing,-3.697314E28,-3.697314E28,-3.697314E28,Missing,-3.697314E28,-3.697314E28,-3.697314E28,Port 0x02: JJH T tibia tracker  s/n:3E4C8800,833787829,1781122063.818609472,1,OK,0.6812315,0.1891378,0.0113723,-0.7071218,248.636,174.799,-1558.238,0.4541172,3,OK,248.449,174.478,-1558.383,OK,162.168,214.286,-1570.066,OK,248.337,261.085,-1532.869,Port 0x03: JJH Y femur tracker  s/n:3E4C8801,833787829,1781122063.818609472,1,OK,0.8290634,0.4431517,-0.1029278,-0.3250788,-69.341,168.729,-1685.933,0.5704125,3,OK,-69.042,168.164,-1686.343,OK,-78.463,237.658,-1614.519,OK,-140.810,227.716,-1674.658
3,Port 0x01: JJH Probe  s/n:3E4C880C,833787832,1781122063.868609472,1,Too Few Markers,-3.697314E28,-3.697314E28,-3.697314E28,-3.697314E28,-3.697314E28,-3.697314E28,-3.697314E28,0.0000000,3,Missing,-3.697314E28,-3.697314E28,-3.697314E28,Missing,-3.697314E28,-3.697314E28,-3.697314E28,Missing,-3.697314E28,-3.697314E28,-3.697314E28,Port 0x02: JJH T tibia tracker  s/n:3E4C8800,833787832,1781122063.868609472,1,OK,0.6811778,0.1895668,0.0124544,-0.7070404,248.623,174.751,-1558.080,0.4550681,3,OK,248.431,174.437,-1558.225,OK,162.134,214.223,-1569.750,OK,248.307,260.977,-1532.528,Port 0x03: JJH Y femur tracker  s/n:3E4C8801,833787832,1781122063.868609472,1,OK,0.8289955,0.4432340,-0.1028734,-0.3251570,-69.357,168.714,-1685.891,0.5782776,3,OK,-69.060,168.140,-1686.312,OK,-78.466,237.638,-1614.447,OK,-140.814,227.702,-1674.595
3,Port 0x01: JJH Probe  s/n:3E4C880C,833787835,1781122063.918609472,1,Too Few Markers,-3.697314E28,-3.697314E28,-3.697314E28,-3.697314E28,-3.697314E28,-3.697314E28,-3.697314E28,0.0000000,3,Missing,-3.697314E28,-3.697314E28,-3.697314E28,Missing,-3.697314E28,-3.697314E28,-3.697314E28,Missing,-3.697314E28,-3.697314E28,-3.697314E28,Port 0x02: JJH T tibia tracker  s/n:3E4C8800,833787835,1781122063.918609472,1,OK,0.6810624,0.1898749,0.0124730,-0.7070686,248.595,174.663,-1557.797,0.4526297,3,OK,248.399,174.357,-1557.942,OK,162.120,214.156,-1569.483,OK,248.288,260.871,-1532.204,Port 0x03: JJH Y femur tracker  s/n:3E4C8801,833787835,1781122063.918609472,1,OK,0.8290304,0.4432551,-0.1026841,-0.3250993,-69.353,168.737,-1685.957,0.5843081,3,OK,-69.051,168.160,-1686.380,OK,-78.472,237.649,-1614.511,OK,-140.820,227.709,-1674.627
3,Port 0x01: JJH Probe  s/n:3E4C880C,833787838,1781122063.968609472,1,Too Few Markers,-3.697314E28,-3.697314E28,-3.697314E28,-3.697314E28,-3.697314E28,-3.697314E28,-3.697314E28,0.0000000,3,Missing,-3.697314E28,-3.697314E28,-3.697314E28,Missing,-3.697314E28,-3.697314E28,-3.697314E28,Missing,-3.697314E28,-3.697314E28,-3.697314E28,Port 0x02: JJH T tibia tracker  s/n:3E4C8800,833787838,1781122063.968609472,1,OK,0.6809382,0.1906675,0.0136878,-0.7069524,248.611,174.578,-1557.622,0.4521905,3,OK,248.416,174.266,-1557.768,OK,162.109,214.066,-1569.154,OK,248.284,260.720,-1531.780,Port 0x03: JJH Y femur tracker  s/n:3E4C8801,833787838,1781122063.968609472,1,OK,0.8290209,0.4431614,-0.1030748,-0.3251274,-69.325,168.697,-1685.876,0.5683135,3,OK,-69.027,168.132,-1686.286,OK,-78.441,237.632,-1614.461,OK,-140.786,227.700,-1674.623
3,Port 0x01: JJH Probe  s/n:3E4C880C,833787841,1781122064.018609472,1,Too Few Markers,-3.697314E28,-3.697314E28,-3.697314E28,-3.697314E28,-3.697314E28,-3.697314E28,-3.697314E28,0.0000000,3,Missing,-3.697314E28,-3.697314E28,-3.697314E28,Missing,-3.697314E28,-3.697314E28,-3.697314E28,Missing,-3.697314E28,-3.697314E28,-3.697314E28,Port 0x02: JJH T tibia tracker  s/n:3E4C8800,833787841,1781122064.018609472,1,OK,0.6807507,0.1914968,0.0143952,-0.7068948,248.568,174.473,-1557.278,0.4478708,3,OK,248.381,174.164,-1557.422,OK,162.061,213.985,-1568.743,OK,248.227,260.550,-1531.250,Port 0x03: JJH Y femur tracker  s/n:3E4C8801,833787841,1781122064.018609472,1,OK,0.8290451,0.4431966,-0.1027794,-0.3251113,-69.342,168.719,-1685.905,0.5741166,3,OK,-69.046,168.154,-1686.318,OK,-78.461,237.635,-1614.481,OK,-140.801,227.697,-1674.594
3,Port 0x01: JJH Probe  s/n:3E4C880C,833787844,1781122064.068609472,1,Too Few Markers,-3.697314E28,-3.697314E28,-3.697314E28,-3.697314E28,-3.697314E28,-3.697314E28,-3.697314E28,0.0000000,3,Missing,-3.697314E28,-3.697314E28,-3.697314E28,Missing,-3.697314E28,-3.697314E28,-3.697314E28,Missing,-3.697314E28,-3.697314E28,-3.697314E28,Port 0x02: JJH T tibia tracker  s/n:3E4C8800,833787844,1781122064.068609472,1,OK,0.6804675,0.1926074,0.0153062,-0.7068466,248.527,174.321,-1556.860,0.4504047,3,OK,248.336,174.012,-1557.007,OK,162.028,213.866,-1568.239,OK,248.180,260.326,-1530.580,Port 0x03: JJH Y femur tracker  s/n:3E4C8801,833787844,1781122064.068609472,1,OK,0.8290972,0.4431046,-0.1025858,-0.3251650,-69.347,168.711,-1685.891,0.5820609,3,OK,-69.047,168.141,-1686.306,OK,-78.452,237.631,-1614.476,OK,-140.799,227.687,-1674.541
3,Port 0x01: JJH Probe  s/n:3E4C880C,833787847,1781122064.118609472,1,Too Few Markers,-3.697314E28,-3.697314E28,-3.697314E28,-3.697314E28,-3.697314E28,-3.697314E28,-3.697314E28,0.0000000,3,Missing,-3.697314E28,-3.697314E28,-3.697314E28,Missing,-3.697314E28,-3.697314E28,-3.697314E28,Missing,-3.697314E28,-3.697314E28,-3.697314E28,Port 0x02: JJH T tibia tracker  s/n:3E4C8800,833787847,1781122064.118609472,1,OK,0.6802073,0.1940293,0.0172082,-0.7066643,248.528,174.172,-1556.502,0.4518961,3,OK,248.339,173.856,-1556.652,OK,161.998,213.722,-1567.650,OK,248.147,260.059,-1529.813,Port 0x03: JJH Y femur tracker  s/n:3E4C8801,833787847,1781122064.118609472,1,OK,0.8291302,0.4430747,-0.1025276,-0.3251401,-69.327,168.715,-1685.873,0.5787411,3,OK,-69.024,168.150,-1686.281,OK,-78.433,237.629,-1614.470,OK,-140.787,227.688,-1674.517
3,Port 0x01: JJH Probe  s/n:3E4C880C,833787850,1781122064.168609472,1,Too Few Markers,-3.697314E28,-3.697314E28,-3.697314E28,-3.697314E28,-3.697314E28,-3.697314E28,-3.697314E28,0.0000000,3,Missing,-3.697314E28,-3.697314E28,-3.697314E28,Missing,-3.697314E28,-3.697314E28,-3.697314E28,Missing,-3.697314E28,-3.697314E28,-3.697314E28,Port 0x02: JJH T tibia tracker  s/n:3E4C8800,833787850,1781122064.168609472,1,OK,0.6799892,0.1948534,0.0188203,-0.7066064,248.510,174.002,-1556.083,0.4600120,3,OK,248.319,173.690,-1556.233,OK,161.969,213.565,-1566.999,OK,248.110,259.785,-1529.101,Port 0x03: JJH Y femur tracker  s/n:3E4C8801,833787850,1781122064.168609472,1,OK,0.8290419,0.4432090,-0.1024863,-0.3251951,-69.317,168.719,-1685.882,0.5865684,3,OK,-69.022,168.143,-1686.308,OK,-78.414,237.629,-1614.431,OK,-140.765,227.684,-1674.510
3,Port 0x01: JJH Probe  s/n:3E4C880C,833787853,1781122064.218609472,1,Too Few Markers,-3.697314E28,-3.697314E28,-3.697314E28,-3.697314E28,-3.697314E28,-3.697314E28,-3.697314E28,0.0000000,3,Missing,-3.697314E28,-3.697314E28,-3.697314E28,Missing,-3.697314E28,-3.697314E28,-3.697314E28,Missing,-3.697314E28,-3.697314E28,-3.697314E28,Port 0x02: JJH T tibia tracker  s/n:3E4C8800,833787853,1781122064.218609472,1,OK,0.6796748,0.1964273,0.0206626,-0.7064216,248.463,173.822,-1555.623,0.4614847,3,OK,248.265,173.506,-1555.778,OK,161.901,213.389,-1566.330,OK,248.038,259.484,-1528.217,Port 0x03: JJH Y femur tracker  s/n:3E4C8801,833787853,1781122064.218609472,1,OK,0.8290809,0.4430389,-0.1030343,-0.3251542,-69.314,168.672,-1685.762,0.5577461,3,OK,-69.014,168.120,-1686.156,OK,-78.415,237.607,-1614.378,OK,-140.778,227.681,-1674.509
3,Port 0x01: JJH Probe  s/n:3E4C880C,833787856,1781122064.268609472,1,Too Few Markers,-3.697314E28,-3.697314E28,-3.697314E28,-3.697314E28,-3.697314E28,-3.697314E28,-3.697314E28,0.0000000,3,Missing,-3.697314E28,-3.697314E28,-3.697314E28,Missing,-3.697314E28,-3.697314E28,-3.697314E28,Missing,-3.697314E28,-3.697314E28,-3.697314E28,Port 0x02: JJH T tibia tracker  s/n:3E4C8800,833787856,1781122064.268609472,1,OK,0.6794499,0.1973908,0.0218174,-0.7063347,248.414,173.657,-1555.108,0.4653215,3,OK,248.206,173.353,-1555.263,OK,161.855,213.237,-1565.676,OK,247.970,259.227,-1527.447,Port 0x03: JJH Y femur tracker  s/n:3E4C8801,833787856,1781122064.268609472,1,OK,0.8290355,0.4432448,-0.1024713,-0.3251673,-69.305,168.711,-1685.818,0.5847116,3,OK,-68.998,168.136,-1686.234,OK,-78.406,237.605,-1614.374,OK,-140.770,227.682,-1674.442
3,Port 0x01: JJH Probe  s/n:3E4C880C,833787859,1781122064.318609472,1,Too Few Markers,-3.697314E28,-3.697314E28,-3.697314E28,-3.697314E28,-3.697314E28,-3.697314E28,-3.697314E28,0.0000000,3,Missing,-3.697314E28,-3.697314E28,-3.697314E28,Missing,-3.697314E28,-3.697314E28,-3.697314E28,Missing,-3.697314E28,-3.697314E28,-3.697314E28,Port 0x02: JJH T tibia tracker  s/n:3E4C8800,833787859,1781122064.318609472,1,OK,0.6791746,0.1989259,0.0236714,-0.7061091,248.401,173.550,-1554.863,0.4696858,3,OK,248.188,173.239,-1555.024,OK,161.819,213.125,-1565.217,OK,247.919,258.997,-1526.785,Port 0x03: JJH Y femur tracker  s/n:3E4C8801,833787859,1781122064.318609472,1,OK,0.8289140,0.4433592,-0.1027247,-0.3252411,-69.317,168.707,-1685.821,0.5766943,3,OK,-69.026,168.136,-1686.245,OK,-78.407,237.607,-1614.343,OK,-140.767,227.689,-1674.489
3,Port 0x01: JJH Probe  s/n:3E4C880C,833787862,1781122064.368609472,1,Too Few Markers,-3.697314E28,-3.697314E28,-3.697314E28,-3.697314E28,-3.697314E28,-3.697314E28,-3.697314E28,0.0000000,3,Missing,-3.697314E28,-3.697314E28,-3.697314E28,Missing,-3.697314E28,-3.697314E28,-3.697314E28,Missing,-3.697314E28,-3.697314E28,-3.697314E28,Port 0x02: JJH T tibia tracker  s/n:3E4C8800,833787862,1781122064.368609472,1,OK,0.6790174,0.2000755,0.0252943,-0.7058791,248.404,173.422,-1554.589,0.4740814,3,OK,248.193,173.103,-1554.752,OK,161.791,212.981,-1564.743,OK,247.875,258.763,-1526.173,Port 0x03: JJH Y femur tracker  s/n:3E4C8801,833787862,1781122064.368609472,1,OK,0.8291196,0.4429772,-0.1029379,-0.3251703,-69.287,168.666,-1685.743,0.5634018,3,OK,-68.979,168.112,-1686.133,OK,-78.389,237.598,-1614.379,OK,-140.749,227.679,-1674.464
3,Port 0x01: JJH Probe  s/n:3E4C880C,833787865,1781122064.418609472,1,Too Few Markers,-3.697314E28,-3.697314E28,-3.697314E28,-3.697314E28,-3.697314E28,-3.697314E28,-3.697314E28,0.0000000,3,Missing,-3.697314E28,-3.697314E28,-3.697314E28,Missing,-3.697314E28,-3.697314E28,-3.697314E28,Missing,-3.697314E28,-3.697314E28,-3.697314E28,Port 0x02: JJH T tibia tracker  s/n:3E4C8800,833787865,1781122064.418609472,1,OK,0.6787676,0.2010036,0.0265025,-0.7058114,248.365,173.271,-1554.188,0.4793029,3,OK,248.159,172.942,-1554.354,OK,161.742,212.852,-1564.191,OK,247.822,258.529,-1525.511,Port 0x03: JJH Y femur tracker  s/n:3E4C8801,833787865,1781122064.418609472,1,OK,0.8289830,0.4432249,-0.1027861,-0.3252291,-69.294,168.686,-1685.771,0.5731763,3,OK,-68.995,168.118,-1686.184,OK,-78.383,237.597,-1614.329,OK,-140.750,227.680,-1674.456
3,Port 0x01: JJH Probe  s/n:3E4C880C,833787868,1781122064.468609472,1,Too Few Markers,-3.697314E28,-3.697314E28,-3.697314E28,-3.697314E28,-3.697314E28,-3.697314E28,-3.697314E28,0.0000000,3,Missing,-3.697314E28,-3.697314E28,-3.697314E28,Missing,-3.697314E28,-3.697314E28,-3.697314E28,Missing,-3.697314E28,-3.697314E28,-3.697314E28,Port 0x02: JJH T tibia tracker  s/n:3E4C8800,833787868,1781122064.468609472,1,OK,0.6785167,0.2023459,0.0278723,-0.7056163,248.323,173.176,-1553.881,0.4858086,3,OK,248.107,172.843,-1554.054,OK,161.693,212.754,-1563.741,OK,247.749,258.334,-1524.869,Port 0x03: JJH Y femur tracker  s/n:3E4C8801,833787868,1781122064.468609472,1,OK,0.8288493,0.4435622,-0.1024265,-0.3252233,-69.283,168.728,-1685.849,0.5943469,3,OK,-68.986,168.141,-1686.287,OK,-78.382,237.594,-1614.325,OK,-140.739,227.688,-1674.447
3,Port 0x01: JJH Probe  s/n:3E4C880C,833787871,1781122064.518609474,1,Too Few Markers,-3.697314E28,-3.697314E28,-3.697314E28,-3.697314E28,-3.697314E28,-3.697314E28,-3.697314E28,0.0000000,3,Missing,-3.697314E28,-3.697314E28,-3.697314E28,Missing,-3.697314E28,-3.697314E28,-3.697314E28,Missing,-3.697314E28,-3.697314E28,-3.697314E28,Port 0x02: JJH T tibia tracker  s/n:3E4C8800,833787871,1781122064.518609474,1,OK,0.6783014,0.2031377,0.0292997,-0.7055380,248.286,173.019,-1553.478,0.4882336,3,OK,248.070,172.687,-1553.651,OK,161.640,212.601,-1563.139,OK,247.702,258.080,-1524.197,Port 0x03: JJH Y femur tracker  s/n:3E4C8801,833787871,1781122064.518609474,1,OK,0.8288717,0.4434017,-0.1028399,-0.3252546,-69.284,168.695,-1685.789,0.5678232,3,OK,-68.990,168.129,-1686.204,OK,-78.368,237.586,-1614.311,OK,-140.741,227.689,-1674.479
3,Port 0x01: JJH Probe  s/n:3E4C880C,833787874,1781122064.568609474,1,Too Few Markers,-3.697314E28,-3.697314E28,-3.697314E28,-3.697314E28,-3.697314E28,-3.697314E28,-3.697314E28,0.0000000,3,Missing,-3.697314E28,-3.697314E28,-3.697314E28,Missing,-3.697314E28,-3.697314E28,-3.697314E28,Missing,-3.697314E28,-3.697314E28,-3.697314E28,Port 0x02: JJH T tibia tracker  s/n:3E4C8800,833787874,1781122064.568609474,1,OK,0.6780538,0.2044741,0.0303117,-0.7053471,248.243,172.884,-1553.047,0.4784663,3,OK,248.024,172.569,-1553.217,OK,161.588,212.473,-1562.630,OK,247.628,257.836,-1523.484,Port 0x03: JJH Y femur tracker  s/n:3E4C8801,833787874,1781122064.568609474,1,OK,0.8290608,0.4429913,-0.1030813,-0.3252555,-69.280,168.664,-1685.687,0.5567662,3,OK,-68.974,168.113,-1686.074,OK,-78.365,237.598,-1614.318,OK,-140.734,227.696,-1674.431
3,Port 0x01: JJH Probe  s/n:3E4C880C,833787877,1781122064.618609474,1,Too Few Markers,-3.697314E28,-3.697314E28,-3.697314E28,-3.697314E28,-3.697314E28,-3.697314E28,-3.697314E28,0.0000000,3,Missing,-3.697314E28,-3.697314E28,-3.697314E28,Missing,-3.697314E28,-3.697314E28,-3.697314E28,Missing,-3.697314E28,-3.697314E28,-3.697314E28,Port 0x02: JJH T tibia tracker  s/n:3E4C8800,833787877,1781122064.618609474,1,OK,0.6779146,0.2053233,0.0312959,-0.7051913,248.160,172.805,-1552.764,0.4824152,3,OK,247.931,172.491,-1552.936,OK,161.495,212.381,-1562.236,OK,247.520,257.686,-1522.976,Port 0x03: JJH Y femur tracker  s/n:3E4C8801,833787877,1781122064.618609474,1,OK,0.8289465,0.4432973,-0.1026634,-0.3252621,-69.320,168.704,-1685.777,0.5742009,3,OK,-69.021,168.138,-1686.189,OK,-78.405,237.596,-1614.324,OK,-140.769,227.694,-1674.429
3,Port 0x01: JJH Probe  s/n:3E4C880C,833787880,1781122064.668609474,1,Too Few Markers,-3.697314E28,-3.697314E28,-3.697314E28,-3.697314E28,-3.697314E28,-3.697314E28,-3.697314E28,0.0000000,3,Missing,-3.697314E28,-3.697314E28,-3.697314E28,Missing,-3.697314E28,-3.697314E28,-3.697314E28,Missing,-3.697314E28,-3.697314E28,-3.697314E28,Port 0x02: JJH T tibia tracker  s/n:3E4C8800,833787880,1781122064.668609474,1,OK,0.6776917,0.2063408,0.0318076,-0.7050856,248.133,172.705,-1552.474,0.4823533,3,OK,247.905,172.388,-1552.648,OK,161.475,212.303,-1561.927,OK,247.474,257.523,-1522.498,Port 0x03: JJH Y femur tracker  s/n:3E4C8801,833787880,1781122064.668609474,1,OK,0.8288276,0.4435121,-0.1027691,-0.3252389,-69.293,168.706,-1685.767,0.5722533,3,OK,-68.999,168.134,-1686.190,OK,-78.379,237.584,-1614.260,OK,-140.756,227.689,-1674.443
3,Port 0x01: JJH Probe  s/n:3E4C880C,833787883,1781122064.718609474,1,Too Few Markers,-3.697314E28,-3.697314E28,-3.697314E28,-3.697314E28,-3.697314E28,-3.697314E28,-3.697314E28,0.0000000,3,Missing,-3.697314E28,-3.697314E28,-3.697314E28,Missing,-3.697314E28,-3.697314E28,-3.697314E28,Missing,-3.697314E28,-3.697314E28,-3.697314E28,Port 0x02: JJH T tibia tracker  s/n:3E4C8800,833787883,1781122064.718609474,1,OK,0.6777401,0.2064583,0.0326789,-0.7049648,248.170,172.740,-1552.587,0.4885285,3,OK,247.941,172.412,-1552.766,OK,161.482,212.300,-1561.901,OK,247.489,257.526,-1522.491,Port 0x03: JJH Y femur tracker  s/n:3E4C8801,833787883,1781122064.718609474,1,OK,0.8288557,0.4435162,-0.1025636,-0.3252266,-69.277,168.714,-1685.776,0.5859168,3,OK,-68.975,168.134,-1686.201,OK,-78.377,237.579,-1614.279,OK,-140.735,227.690,-1674.399
3,Port 0x01: JJH Probe  s/n:3E4C880C,833787886,1781122064.768609474,1,Too Few Markers,-3.697314E28,-3.697314E28,-3.697314E28,-3.697314E28,-3.697314E28,-3.697314E28,-3.697314E28,0.0000000,3,Missing,-3.697314E28,-3.697314E28,-3.697314E28,Missing,-3.697314E28,-3.697314E28,-3.697314E28,Missing,-3.697314E28,-3.697314E28,-3.697314E28,Port 0x02: JJH T tibia tracker  s/n:3E4C8800,833787886,1781122064.768609474,1,OK,0.6777753,0.2061041,0.0326216,-0.7050373,248.141,172.717,-1552.535,0.4970657,3,OK,247.909,172.389,-1552.714,OK,161.465,212.280,-1561.828,OK,247.468,257.519,-1522.491,Port 0x03: JJH Y femur tracker  s/n:3E4C8801,833787886,1781122064.768609474,1,OK,0.8290240,0.4431211,-0.1027870,-0.3252658,-69.301,168.681,-1685.748,0.5684687,3,OK,-69.001,168.122,-1686.151,OK,-78.386,237.595,-1614.339,OK,-140.746,227.685,-1674.429
3,Port 0x01: JJH Probe  s/n:3E4C880C,833787889,1781122064.818609474,1,Too Few Markers,-3.697314E28,-3.697314E28,-3.697314E28,-3.697314E28,-3.697314E28,-3.697314E28,-3.697314E28,0.0000000,3,Missing,-3.697314E28,-3.697314E28,-3.697314E28,Missing,-3.697314E28,-3.697314E28,-3.697314E28,Missing,-3.697314E28,-3.697314E28,-3.697314E28,Port 0x02: JJH T tibia tracker  s/n:3E4C8800,833787889,1781122064.818609474,1,OK,0.6777357,0.2062595,0.0322014,-0.7050492,248.140,172.711,-1552.450,0.4863182,3,OK,247.915,172.386,-1552.626,OK,161.466,212.292,-1561.830,OK,247.473,257.521,-1522.436,Port 0x03: JJH Y femur tracker  s/n:3E4C8801,833787889,1781122064.818609474,1,OK,0.8290015,0.4431827,-0.1029129,-0.3251991,-69.292,168.688,-1685.717,0.5640633,3,OK,-68.989,168.130,-1686.115,OK,-78.391,237.597,-1614.305,OK,-140.750,227.693,-1674.424
3,Port 0x01: JJH Probe  s/n:3E4C880C,833787892,1781122064.868609474,1,Too Few Markers,-3.697314E28,-3.697314E28,-3.697314E28,-3.697314E28,-3.697314E28,-3.697314E28,-3.697314E28,0.0000000,3,Missing,-3.697314E28,-3.697314E28,-3.697314E28,Missing,-3.697314E28,-3.697314E28,-3.697314E28,Missing,-3.697314E28,-3.697314E28,-3.697314E28,Port 0x02: JJH T tibia tracker  s/n:3E4C8800,833787892,1781122064.868609474,1,OK,0.6777122,0.2066321,0.0325128,-0.7049484,248.152,172.714,-1552.481,0.4851442,3,OK,247.920,172.393,-1552.659,OK,161.471,212.279,-1561.838,OK,247.470,257.498,-1522.384,Port 0x03: JJH Y femur tracker  s/n:3E4C8801,833787892,1781122064.868609474,1,OK,0.8290016,0.4431411,-0.1030633,-0.3252082,-69.277,168.671,-1685.735,0.5617993,3,OK,-68.970,168.114,-1686.130,OK,-78.376,237.589,-1614.339,OK,-140.737,227.693,-1674.471
3,Port 0x01: JJH Probe  s/n:3E4C880C,833787895,1781122064.918609474,1,Too Few Markers,-3.697314E28,-3.697314E28,-3.697314E28,-3.697314E28,-3.697314E28,-3.697314E28,-3.697314E28,0.0000000,3,Missing,-3.697314E28,-3.697314E28,-3.697314E28,Missing,-3.697314E28,-3.697314E28,-3.697314E28,Missing,-3.697314E28,-3.697314E28,-3.697314E28,Port 0x02: JJH T tibia tracker  s/n:3E4C8800,833787895,1781122064.918609474,1,OK,0.6777367,0.2061706,0.0325928,-0.7050563,248.143,172.712,-1552.496,0.4876225,3,OK,247.919,172.389,-1552.672,OK,161.460,212.286,-1561.800,OK,247.478,257.504,-1522.449,Port 0x03: JJH Y femur tracker  s/n:3E4C8801,833787895,1781122064.918609474,1,OK,0.8289273,0.4432908,-0.1032009,-0.3251497,-69.273,168.677,-1685.702,0.5502383,3,OK,-68.972,168.128,-1686.091,OK,-78.384,237.578,-1614.285,OK,-140.745,227.693,-1674.467
3,Port 0x01: JJH Probe  s/n:3E4C880C,833787898,1781122064.968609474,1,Too Few Markers,-3.697314E28,-3.697314E28,-3.697314E28,-3.697314E28,-3.697314E28,-3.697314E28,-3.697314E28,0.0000000,3,Missing,-3.697314E28,-3.697314E28,-3.697314E28,Missing,-3.697314E28,-3.697314E28,-3.697314E28,Missing,-3.697314E28,-3.697314E28,-3.697314E28,Port 0x02: JJH T tibia tracker  s/n:3E4C8800,833787898,1781122064.968609474,1,OK,0.6777723,0.2062488,0.0329979,-0.7049804,248.144,172.726,-1552.539,0.4896396,3,OK,247.922,172.398,-1552.715,OK,161.444,212.281,-1561.780,OK,247.461,257.500,-1522.435,Port 0x03: JJH Y femur tracker  s/n:3E4C8801,833787898,1781122064.968609474,1,OK,0.8288447,0.4434768,-0.1026824,-0.3252708,-69.314,168.714,-1685.804,0.5758520,3,OK,-69.020,168.142,-1686.226,OK,-78.398,237.591,-1614.307,OK,-140.765,227.697,-1674.456
3,Port 0x01: JJH Probe  s/n:3E4C880C,833787901,1781122065.018609474,1,Too Few Markers,-3.697314E28,-3.697314E28,-3.697314E28,-3.697314E28,-3.697314E28,-3.697314E28,-3.697314E28,0.0000000,3,Missing,-3.697314E28,-3.697314E28,-3.697314E28,Missing,-3.697314E28,-3.697314E28,-3.697314E28,Missing,-3.697314E28,-3.697314E28,-3.697314E28,Port 0x02: JJH T tibia tracker  s/n:3E4C8800,833787901,1781122065.018609474,1,OK,0.6777297,0.2063414,0.0326071,-0.7050124,248.140,172.701,-1552.492,0.4903503,3,OK,247.915,172.377,-1552.668,OK,161.462,212.274,-1561.805,OK,247.461,257.485,-1522.424,Port 0x03: JJH Y femur tracker  s/n:3E4C8801,833787901,1781122065.018609474,1,OK,0.8288927,0.4433406,-0.1030218,-0.3252268,-69.288,168.687,-1685.734,0.5558666,3,OK,-68.992,168.134,-1686.132,OK,-78.382,237.579,-1614.292,OK,-140.747,227.695,-1674.459
3,Port 0x01: JJH Probe  s/n:3E4C880C,833787904,1781122065.068609474,1,Too Few Markers,-3.697314E28,-3.697314E28,-3.697314E28,-3.697314E28,-3.697314E28,-3.697314E28,-3.697314E28,0.0000000,3,Missing,-3.697314E28,-3.697314E28,-3.697314E28,Missing,-3.697314E28,-3.697314E28,-3.697314E28,Missing,-3.697314E28,-3.697314E28,-3.697314E28,Port 0x02: JJH T tibia tracker  s/n:3E4C8800,833787904,1781122065.068609474,1,OK,0.6777559,0.2062505,0.0324569,-0.7050207,248.154,172.703,-1552.429,0.4826821,3,OK,247.930,172.388,-1552.601,OK,161.471,212.274,-1561.764,OK,247.479,257.490,-1522.392,Port 0x03: JJH Y femur tracker  s/n:3E4C8801,833787904,1781122065.068609474,1,OK,0.8288085,0.4435646,-0.1026367,-0.3252579,-69.275,168.722,-1685.786,0.5829432,3,OK,-68.979,168.144,-1686.213,OK,-78.370,237.587,-1614.276,OK,-140.725,227.700,-1674.419
3,Port 0x01: JJH Probe  s/n:3E4C880C,833787907,1781122065.118609474,1,Too Few Markers,-3.697314E28,-3.697314E28,-3.697314E28,-3.697314E28,-3.697314E28,-3.697314E28,-3.697314E28,0.0000000,3,Missing,-3.697314E28,-3.697314E28,-3.697314E28,Missing,-3.697314E28,-3.697314E28,-3.697314E28,Missing,-3.697314E28,-3.697314E28,-3.697314E28,Port 0x02: JJH T tibia tracker  s/n:3E4C8800,833787907,1781122065.118609474,1,OK,0.6777127,0.2064403,0.0323998,-0.7050093,248.132,172.695,-1552.417,0.4835399,3,OK,247.904,172.385,-1552.590,OK,161.460,212.273,-1561.775,OK,247.454,257.474,-1522.365,Port 0x03: JJH Y femur tracker  s/n:3E4C8801,833787907,1781122065.118609474,1,OK,0.8287683,0.4434736,-0.1032995,-0.3252744,-69.292,168.687,-1685.716,0.5571564,3,OK,-68.998,168.127,-1686.123,OK,-78.383,237.583,-1614.243,OK,-140.747,227.715,-1674.484
3,Port 0x01: JJH Probe  s/n:3E4C880C,833787910,1781122065.168609474,1,Too Few Markers,-3.697314E28,-3.697314E28,-3.697314E28,-3.697314E28,-3.697314E28,-3.697314E28,-3.697314E28,0.0000000,3,Missing,-3.697314E28,-3.697314E28,-3.697314E28,Missing,-3.697314E28,-3.697314E28,-3.697314E28,Missing,-3.697314E28,-3.697314E28,-3.697314E28,Port 0x02: JJH T tibia tracker  s/n:3E4C8800,833787910,1781122065.168609474,1,OK,0.6776848,0.2065407,0.0328553,-0.7049856,248.121,172.695,-1552.487,0.4897158,3,OK,247.893,172.369,-1552.665,OK,161.436,212.265,-1561.773,OK,247.443,257.467,-1522.361,Port 0x03: JJH Y femur tracker  s/n:3E4C8801,833787910,1781122065.168609474,1,OK,0.8287638,0.4436343,-0.1027507,-0.3252406,-69.313,168.720,-1685.795,0.5766186,3,OK,-69.023,168.145,-1686.225,OK,-78.405,237.587,-1614.263,OK,-140.772,227.697,-1674.460
3,Port 0x01: JJH Probe  s/n:3E4C880C,833787913,1781122065.218609474,1,Too Few Markers,-3.697314E28,-3.697314E28,-3.697314E28,-3.697314E28,-3.697314E28,-3.697314E28,-3.697314E28,0.0000000,3,Missing,-3.697314E28,-3.697314E28,-3.697314E28,Missing,-3.697314E28,-3.697314E28,-3.697314E28,Missing,-3.697314E28,-3.697314E28,-3.697314E28,Port 0x02: JJH T tibia tracker  s/n:3E4C8800,833787913,1781122065.218609474,1,OK,0.6776775,0.2066869,0.0325315,-0.7049649,248.133,172.690,-1552.404,0.4799418,3,OK,247.913,172.369,-1552.578,OK,161.448,212.269,-1561.759,OK,247.450,257.461,-1522.302,Port 0x03: JJH Y femur tracker  s/n:3E4C8801,833787913,1781122065.218609474,1,OK,0.8288494,0.4434404,-0.1028876,-0.3252435,-69.295,168.707,-1685.752,0.5743275,3,OK,-68.996,168.136,-1686.169,OK,-78.392,237.595,-1614.276,OK,-140.750,227.707,-1674.440
3,Port 0x01: JJH Probe  s/n:3E4C880C,833787916,1781122065.268609474,1,Too Few Markers,-3.697314E28,-3.697314E28,-3.697314E28,-3.697314E28,-3.697314E28,-3.697314E28,-3.697314E28,0.0000000,3,Missing,-3.697314E28,-3.697314E28,-3.697314E28,Missing,-3.697314E28,-3.697314E28,-3.697314E28,Missing,-3.697314E28,-3.697314E28,-3.697314E28,Port 0x02: JJH T tibia tracker  s/n:3E4C8800,833787916,1781122065.268609474,1,OK,0.6777106,0.2066848,0.0330449,-0.7049098,248.180,172.708,-1552.488,0.4805254,3,OK,247.957,172.386,-1552.664,OK,161.475,212.262,-1561.758,OK,247.493,257.463,-1522.322,Port 0x03: JJH Y femur tracker  s/n:3E4C8801,833787916,1781122065.268609474,1,OK,0.8288978,0.4433738,-0.1028345,-0.3252279,-69.266,168.700,-1685.776,0.5705882,3,OK,-68.968,168.134,-1686.189,OK,-78.361,237.591,-1614.314,OK,-140.722,227.695,-1674.462
3,Port 0x01: JJH Probe  s/n:3E4C880C,833787919,1781122065.318609474,1,Too Few Markers,-3.697314E28,-3.697314E28,-3.697314E28,-3.697314E28,-3.697314E28,-3.697314E28,-3.697314E28,0.0000000,3,Missing,-3.697314E28,-3.697314E28,-3.697314E28,Missing,-3.697314E28,-3.697314E28,-3.697314E28,Missing,-3.697314E28,-3.697314E28,-3.697314E28,Port 0x02: JJH T tibia tracker  s/n:3E4C8800,833787919,1781122065.318609474,1,OK,0.6777208,0.2062789,0.0326600,-0.7050368,248.130,172.687,-1552.424,0.4854771,3,OK,247.905,172.370,-1552.598,OK,161.447,212.261,-1561.724,OK,247.460,257.467,-1522.357,Port 0x03: JJH Y femur tracker  s/n:3E4C8801,833787919,1781122065.318609474,1,OK,0.8289026,0.4434008,-0.1026481,-0.3252377,-69.300,168.712,-1685.788,0.5787308,3,OK,-69.000,168.140,-1686.206,OK,-78.394,237.594,-1614.315,OK,-140.755,227.697,-1674.434
3,Port 0x01: JJH Probe  s/n:3E4C880C,833787922,1781122065.368609474,1,Too Few Markers,-3.697314E28,-3.697314E28,-3.697314E28,-3.697314E28,-3.697314E28,-3.697314E28,-3.697314E28,0.0000000,3,Missing,-3.697314E28,-3.697314E28,-3.697314E28,Missing,-3.697314E28,-3.697314E28,-3.697314E28,Missing,-3.697314E28,-3.697314E28,-3.697314E28,Port 0x02: JJH T tibia tracker  s/n:3E4C8800,833787922,1781122065.368609474,1,OK,0.6776546,0.2068182,0.0326430,-0.7049432,248.114,172.686,-1552.409,0.4812972,3,OK,247.890,172.364,-1552.585,OK,161.429,212.262,-1561.755,OK,247.431,257.454,-1522.274,Port 0x03: JJH Y femur tracker  s/n:3E4C8801,833787922,1781122065.368609474,1,OK,0.8289392,0.4432514,-0.1029995,-0.3252370,-69.312,168.687,-1685.701,0.5627487,3,OK,-69.009,168.128,-1686.101,OK,-78.405,237.591,-1614.276,OK,-140.770,227.702,-1674.420
3,Port 0x01: JJH Probe  s/n:3E4C880C,833787925,1781122065.418609474,1,Too Few Markers,-3.697314E28,-3.697314E28,-3.697314E28,-3.697314E28,-3.697314E28,-3.697314E28,-3.697314E28,0.0000000,3,Missing,-3.697314E28,-3.697314E28,-3.697314E28,Missing,-3.697314E28,-3.697314E28,-3.697314E28,Missing,-3.697314E28,-3.697314E28,-3.697314E28,Port 0x02: JJH T tibia tracker  s/n:3E4C8800,833787925,1781122065.418609474,1,OK,0.6776272,0.2070803,0.0331042,-0.7048711,248.145,172.692,-1552.444,0.4832226,3,OK,247.923,172.367,-1552.621,OK,161.450,212.260,-1561.729,OK,247.446,257.428,-1522.224,Port 0x03: JJH Y femur tracker  s/n:3E4C8801,833787925,1781122065.418609474,1,OK,0.8288243,0.4434721,-0.1030391,-0.3252165,-69.282,168.695,-1685.731,0.5600295,3,OK,-68.986,168.134,-1686.140,OK,-78.376,237.581,-1614.252,OK,-140.748,227.698,-1674.460
3,Port 0x01: JJH Probe  s/n:3E4C880C,833787928,1781122065.468609474,1,Too Few Markers,-3.697314E28,-3.697314E28,-3.697314E28,-3.697314E28,-3.697314E28,-3.697314E28,-3.697314E28,0.0000000,3,Missing,-3.697314E28,-3.697314E28,-3.697314E28,Missing,-3.697314E28,-3.697314E28,-3.697314E28,Missing,-3.697314E28,-3.697314E28,-3.697314E28,Port 0x02: JJH T tibia tracker  s/n:3E4C8800,833787928,1781122065.468609474,1,OK,0.6776649,0.2069479,0.0333854,-0.7048605,248.169,172.708,-1552.505,0.4907011,3,OK,247.942,172.373,-1552.687,OK,161.465,212.259,-1561.733,OK,247.470,257.450,-1522.262,Port 0x03: JJH Y femur tracker  s/n:3E4C8801,833787928,1781122065.468609474,1,OK,0.8289082,0.4433267,-0.1030642,-0.3251929,-69.264,168.695,-1685.724,0.5577164,3,OK,-68.960,168.139,-1686.121,OK,-78.365,237.589,-1614.291,OK,-140.733,227.708,-1674.459
3,Port 0x01: JJH Probe  s/n:3E4C880C,833787931,1781122065.518609472,1,Too Few Markers,-3.697314E28,-3.697314E28,-3.697314E28,-3.697314E28,-3.697314E28,-3.697314E28,-3.697314E28,0.0000000,3,Missing,-3.697314E28,-3.697314E28,-3.697314E28,Missing,-3.697314E28,-3.697314E28,-3.697314E28,Missing,-3.697314E28,-3.697314E28,-3.697314E28,Port 0x02: JJH T tibia tracker  s/n:3E4C8800,833787931,1781122065.518609472,1,OK,0.6776684,0.2068597,0.0328882,-0.7049064,248.121,172.686,-1552.442,0.4862572,3,OK,247.895,172.361,-1552.620,OK,161.432,212.253,-1561.748,OK,247.427,257.443,-1522.274,Port 0x03: JJH Y femur tracker  s/n:3E4C8801,833787931,1781122065.518609472,1,OK,0.8289309,0.4432968,-0.1028665,-0.3252384,-69.315,168.696,-1685.761,0.5662758,3,OK,-69.014,168.135,-1686.166,OK,-78.407,237.591,-1614.322,OK,-140.769,227.699,-1674.453
3,Port 0x01: JJH Probe  s/n:3E4C880C,833787934,1781122065.568609472,1,Too Few Markers,-3.697314E28,-3.697314E28,-3.697314E28,-3.697314E28,-3.697314E28,-3.697314E28,-3.697314E28,0.0000000,3,Missing,-3.697314E28,-3.697314E28,-3.697314E28,Missing,-3.697314E28,-3.697314E28,-3.697314E28,Missing,-3.697314E28,-3.697314E28,-3.697314E28,Port 0x02: JJH T tibia tracker  s/n:3E4C8800,833787934,1781122065.568609472,1,OK,0.6776821,0.2066877,0.0329202,-0.7049421,248.142,172.679,-1552.434,0.4870659,3,OK,247.920,172.351,-1552.611,OK,161.451,212.248,-1561.721,OK,247.453,257.440,-1522.284,Port 0x03: JJH Y femur tracker  s/n:3E4C8801,833787934,1781122065.568609472,1,OK,0.8287247,0.4437420,-0.1026315,-0.3252309,-69.277,168.728,-1685.815,0.5840198,3,OK,-68.981,168.145,-1686.249,OK,-78.374,237.574,-1614.264,OK,-140.743,227.699,-1674.449
3,Port 0x01: JJH Probe  s/n:3E4C880C,833787937,1781122065.618609472,1,Too Few Markers,-3.697314E28,-3.697314E28,-3.697314E28,-3.697314E28,-3.697314E28,-3.697314E28,-3.697314E28,0.0000000,3,Missing,-3.697314E28,-3.697314E28,-3.697314E28,Missing,-3.697314E28,-3.697314E28,-3.697314E28,Missing,-3.697314E28,-3.697314E28,-3.697314E28,Port 0x02: JJH T tibia tracker  s/n:3E4C8800,833787937,1781122065.618609472,1,OK,0.6776789,0.2065687,0.0328476,-0.7049835,248.136,172.684,-1552.409,0.4785248,3,OK,247.909,172.372,-1552.582,OK,161.444,212.251,-1561.701,OK,247.466,257.444,-1522.282,Port 0x03: JJH Y femur tracker  s/n:3E4C8801,833787937,1781122065.618609472,1,OK,0.8288027,0.4435920,-0.1026554,-0.3252292,-69.286,168.723,-1685.803,0.5813237,3,OK,-68.989,168.145,-1686.230,OK,-78.384,237.585,-1614.287,OK,-140.747,227.699,-1674.445
3,Port 0x01: JJH Probe  s/n:3E4C880C,833787940,1781122065.668609472,1,Too Few Markers,-3.697314E28,-3.697314E28,-3.697314E28,-3.697314E28,-3.697314E28,-3.697314E28,-3.697314E28,0.0000000,3,Missing,-3.697314E28,-3.697314E28,-3.697314E28,Missing,-3.697314E28,-3.697314E28,-3.697314E28,Missing,-3.697314E28,-3.697314E28,-3.697314E28,Port 0x02: JJH T tibia tracker  s/n:3E4C8800,833787940,1781122065.668609472,1,OK,0.6776786,0.2068235,0.0328525,-0.7049088,248.124,172.670,-1552.411,0.4861353,3,OK,247.902,172.340,-1552.589,OK,161.432,212.238,-1561.721,OK,247.430,257.433,-1522.250,Port 0x03: JJH Y femur tracker  s/n:3E4C8801,833787940,1781122065.668609472,1,OK,0.8287562,0.4435953,-0.1030026,-0.3252336,-69.304,168.698,-1685.776,0.5667782,3,OK,-69.010,168.129,-1686.196,OK,-78.397,237.574,-1614.264,OK,-140.769,227.696,-1674.492
3,Port 0x01: JJH Probe  s/n:3E4C880C,833787943,1781122065.718609472,1,Too Few Markers,-3.697314E28,-3.697314E28,-3.697314E28,-3.697314E28,-3.697314E28,-3.697314E28,-3.697314E28,0.0000000,3,Missing,-3.697314E28,-3.697314E28,-3.697314E28,Missing,-3.697314E28,-3.697314E28,-3.697314E28,Missing,-3.697314E28,-3.697314E28,-3.697314E28,Port 0x02: JJH T tibia tracker  s/n:3E4C8800,833787943,1781122065.718609472,1,OK,0.6776938,0.2065514,0.0328409,-0.7049745,248.128,172.681,-1552.416,0.4844646,3,OK,247.900,172.364,-1552.591,OK,161.441,212.247,-1561.707,OK,247.450,257.446,-1522.293,Port 0x03: JJH Y femur tracker  s/n:3E4C8801,833787943,1781122065.718609472,1,OK,0.8288309,0.4435617,-0.1025875,-0.3252202,-69.295,168.720,-1685.753,0.5799129,3,OK,-68.999,168.145,-1686.179,OK,-78.390,237.584,-1614.240,OK,-140.756,227.690,-1674.387
3,Port 0x01: JJH Probe  s/n:3E4C880C,833787946,1781122065.768609472,1,Too Few Markers,-3.697314E28,-3.697314E28,-3.697314E28,-3.697314E28,-3.697314E28,-3.697314E28,-3.697314E28,0.0000000,3,Missing,-3.697314E28,-3.697314E28,-3.697314E28,Missing,-3.697314E28,-3.697314E28,-3.697314E28,Missing,-3.697314E28,-3.697314E28,-3.697314E28,Port 0x02: JJH T tibia tracker  s/n:3E4C8800,833787946,1781122065.768609472,1,OK,0.6776497,0.2068843,0.0327821,-0.7049221,248.134,172.677,-1552.398,0.4795756,3,OK,247.910,172.354,-1552.574,OK,161.442,212.249,-1561.726,OK,247.449,257.437,-1522.237,Port 0x03: JJH Y femur tracker  s/n:3E4C8801,833787946,1781122065.768609472,1,OK,0.8288676,0.4434295,-0.1028549,-0.3252225,-69.289,168.695,-1685.754,0.5713957,3,OK,-68.986,168.124,-1686.168,OK,-78.382,237.580,-1614.278,OK,-140.758,227.693,-1674.445
3,Port 0x01: JJH Probe  s/n:3E4C880C,833787949,1781122065.818609472,1,Too Few Markers,-3.697314E28,-3.697314E28,-3.697314E28,-3.697314E28,-3.697314E28,-3.697314E28,-3.697314E28,0.0000000,3,Missing,-3.697314E28,-3.697314E28,-3.697314E28,Missing,-3.697314E28,-3.697314E28,-3.697314E28,Missing,-3.697314E28,-3.697314E28,-3.697314E28,Port 0x02: JJH T tibia tracker  s/n:3E4C8800,833787949,1781122065.818609472,1,OK,0.6777120,0.2066239,0.0331887,-0.7049195,248.137,172.678,-1552.394,0.4863032,3,OK,247.919,172.351,-1552.570,OK,161.433,212.237,-1561.630,OK,247.443,257.427,-1522.222,Port 0x03: JJH Y femur tracker  s/n:3E4C8801,833787949,1781122065.818609472,1,OK,0.8289819,0.4431285,-0.1032267,-0.3252236,-69.294,168.663,-1685.706,0.5506095,3,OK,-68.992,168.115,-1686.094,OK,-78.388,237.586,-1614.316,OK,-140.753,227.695,-1674.477
3,Port 0x01: JJH Probe  s/n:3E4C880C,833787952,1781122065.868609472,1,Too Few Markers,-3.697314E28,-3.697314E28,-3.697314E28,-3.697314E28,-3.697314E28,-3.697314E28,-3.697314E28,0.0000000,3,Missing,-3.697314E28,-3.697314E28,-3.697314E28,Missing,-3.697314E28,-3.697314E28,-3.697314E28,Missing,-3.697314E28,-3.697314E28,-3.697314E28,Port 0x02: JJH T tibia tracker  s/n:3E4C8800,833787952,1781122065.868609472,1,OK,0.6776837,0.2063849,0.0328303,-0.7050335,248.109,172.663,-1552.356,0.4857512,3,OK,247.882,172.345,-1552.531,OK,161.424,212.237,-1561.634,OK,247.442,257.433,-1522.255,Port 0x03: JJH Y femur tracker  s/n:3E4C8801,833787952,1781122065.868609472,1,OK,0.8289139,0.4432878,-0.1031159,-0.3252150,-69.303,168.685,-1685.731,0.5553995,3,OK,-69.005,168.131,-1686.129,OK,-78.399,237.589,-1614.300,OK,-140.764,227.700,-1674.477
3,Port 0x01: JJH Probe  s/n:3E4C880C,833787955,1781122065.918609472,1,Too Few Markers,-3.697314E28,-3.697314E28,-3.697314E28,-3.697314E28,-3.697314E28,-3.697314E28,-3.697314E28,0.0000000,3,Missing,-3.697314E28,-3.697314E28,-3.697314E28,Missing,-3.697314E28,-3.697314E28,-3.697314E28,Missing,-3.697314E28,-3.697314E28,-3.697314E28,Port 0x02: JJH T tibia tracker  s/n:3E4C8800,833787955,1781122065.918609472,1,OK,0.6776637,0.2064524,0.0328429,-0.7050323,248.115,172.655,-1552.364,0.4888686,3,OK,247.888,172.334,-1552.540,OK,161.436,212.233,-1561.642,OK,247.446,257.423,-1522.253,Port 0x03: JJH Y femur tracker  s/n:3E4C8801,833787955,1781122065.918609472,1,OK,0.8288294,0.4435051,-0.1029023,-0.3252017,-69.294,168.697,-1685.790,0.5679449,3,OK,-68.997,168.129,-1686.205,OK,-78.391,237.577,-1614.298,OK,-140.764,227.689,-1674.491
3,Port 0x01: JJH Probe  s/n:3E4C880C,833787958,1781122065.968609472,1,Too Few Markers,-3.697314E28,-3.697314E28,-3.697314E28,-3.697314E28,-3.697314E28,-3.697314E28,-3.697314E28,0.0000000,3,Missing,-3.697314E28,-3.697314E28,-3.697314E28,Missing,-3.697314E28,-3.697314E28,-3.697314E28,Missing,-3.697314E28,-3.697314E28,-3.697314E28,Port 0x02: JJH T tibia tracker  s/n:3E4C8800,833787958,1781122065.968609472,1,OK,0.6776454,0.2067925,0.0327791,-0.7049533,248.121,172.661,-1552.346,0.4844115,3,OK,247.891,172.344,-1552.522,OK,161.442,212.234,-1561.665,OK,247.439,257.419,-1522.200,Port 0x03: JJH Y femur tracker  s/n:3E4C8801,833787958,1781122065.968609472,1,OK,0.8289530,0.4432300,-0.1030438,-0.3252169,-69.287,168.673,-1685.713,0.5636193,3,OK,-68.979,168.112,-1686.112,OK,-78.383,237.581,-1614.294,OK,-140.752,227.693,-1674.444
3,Port 0x01: JJH Probe  s/n:3E4C880C,833787961,1781122066.018609472,1,Too Few Markers,-3.697314E28,-3.697314E28,-3.697314E28,-3.697314E28,-3.697314E28,-3.697314E28,-3.697314E28,0.0000000,3,Missing,-3.697314E28,-3.697314E28,-3.697314E28,Missing,-3.697314E28,-3.697314E28,-3.697314E28,Missing,-3.697314E28,-3.697314E28,-3.697314E28,Port 0x02: JJH T tibia tracker  s/n:3E4C8800,833787961,1781122066.018609472,1,OK,0.6776924,0.2063878,0.0324533,-0.7050418,248.105,172.642,-1552.264,0.4829746,3,OK,247.879,172.328,-1552.437,OK,161.430,212.225,-1561.608,OK,247.437,257.425,-1522.209,Port 0x03: JJH Y femur tracker  s/n:3E4C8801,833787961,1781122066.018609472,1,OK,0.8289503,0.4432648,-0.1030179,-0.3251846,-69.290,168.675,-1685.672,0.5540116,3,OK,-68.991,168.124,-1686.065,OK,-78.389,237.574,-1614.249,OK,-140.757,227.681,-1674.404
3,Port 0x01: JJH Probe  s/n:3E4C880C,833787964,1781122066.068609472,1,Too Few Markers,-3.697314E28,-3.697314E28,-3.697314E28,-3.697314E28,-3.697314E28,-3.697314E28,-3.697314E28,0.0000000,3,Missing,-3.697314E28,-3.697314E28,-3.697314E28,Missing,-3.697314E28,-3.697314E28,-3.697314E28,Missing,-3.697314E28,-3.697314E28,-3.697314E28,Port 0x02: JJH T tibia tracker  s/n:3E4C8800,833787964,1781122066.068609472,1,OK,0.6776450,0.2067828,0.0329949,-0.7049464,248.108,172.655,-1552.344,0.4869817,3,OK,247.884,172.327,-1552.522,OK,161.418,212.228,-1561.624,OK,247.423,257.410,-1522.171,Port 0x03: JJH Y femur tracker  s/n:3E4C8801,833787964,1781122066.068609472,1,OK,0.8288953,0.4433018,-0.1031022,-0.3252478,-69.310,168.666,-1685.717,0.5557125,3,OK,-69.011,168.112,-1686.114,OK,-78.400,237.567,-1614.283,OK,-140.767,227.685,-1674.456
3,Port 0x01: JJH Probe  s/n:3E4C880C,833787967,1781122066.118609472,1,Too Few Markers,-3.697314E28,-3.697314E28,-3.697314E28,-3.697314E28,-3.697314E28,-3.697314E28,-3.697314E28,0.0000000,3,Missing,-3.697314E28,-3.697314E28,-3.697314E28,Missing,-3.697314E28,-3.697314E28,-3.697314E28,Missing,-3.697314E28,-3.697314E28,-3.697314E28,Port 0x02: JJH T tibia tracker  s/n:3E4C8800,833787967,1781122066.118609472,1,OK,0.6776543,0.2069438,0.0327324,-0.7049024,248.108,172.659,-1552.302,0.4814498,3,OK,247.879,172.341,-1552.478,OK,161.423,212.228,-1561.643,OK,247.417,257.416,-1522.141,Port 0x03: JJH Y femur tracker  s/n:3E4C8801,833787967,1781122066.118609472,1,OK,0.8288170,0.4434791,-0.1029073,-0.3252671,-69.303,168.689,-1685.726,0.5747825,3,OK,-69.003,168.117,-1686.144,OK,-78.397,237.573,-1614.242,OK,-140.756,227.694,-1674.414
3,Port 0x01: JJH Probe  s/n:3E4C880C,833787970,1781122066.168609472,1,Too Few Markers,-3.697314E28,-3.697314E28,-3.697314E28,-3.697314E28,-3.697314E28,-3.697314E28,-3.697314E28,0.0000000,3,Missing,-3.697314E28,-3.697314E28,-3.697314E28,Missing,-3.697314E28,-3.697314E28,-3.697314E28,Missing,-3.697314E28,-3.697314E28,-3.697314E28,Port 0x02: JJH T tibia tracker  s/n:3E4C8800,833787970,1781122066.168609472,1,OK,0.6776616,0.2067158,0.0331966,-0.7049406,248.127,172.656,-1552.341,0.4894904,3,OK,247.897,172.336,-1552.518,OK,161.439,212.219,-1561.580,OK,247.440,257.399,-1522.156,Port 0x03: JJH Y femur tracker  s/n:3E4C8801,833787970,1781122066.168609472,1,OK,0.8289348,0.4434212,-0.1025100,-0.3251713,-69.276,168.702,-1685.737,0.5783547,3,OK,-68.977,168.131,-1686.154,OK,-78.377,237.574,-1614.258,OK,-140.744,227.667,-1674.365
3,Port 0x01: JJH Probe  s/n:3E4C880C,833787973,1781122066.218609472,1,Too Few Markers,-3.697314E28,-3.697314E28,-3.697314E28,-3.697314E28,-3.697314E28,-3.697314E28,-3.697314E28,0.0000000,3,Missing,-3.697314E28,-3.697314E28,-3.697314E28,Missing,-3.697314E28,-3.697314E28,-3.697314E28,Missing,-3.697314E28,-3.697314E28,-3.697314E28,Port 0x02: JJH T tibia tracker  s/n:3E4C8800,833787973,1781122066.218609472,1,OK,0.6776500,0.2068990,0.0331531,-0.7049001,248.118,172.666,-1552.354,0.4871726,3,OK,247.889,172.344,-1552.532,OK,161.427,212.228,-1561.616,OK,247.425,257.408,-1522.150,Port 0x03: JJH Y femur tracker  s/n:3E4C8801,833787973,1781122066.218609472,1,OK,0.8288455,0.4435305,-0.1025119,-0.3252494,-69.296,168.716,-1685.798,0.5878267,3,OK,-68.995,168.134,-1686.226,OK,-78.391,237.579,-1614.292,OK,-140.752,227.690,-1674.410
3,Port 0x01: JJH Probe  s/n:3E4C880C,833787976,1781122066.268609472,1,Too Few Markers,-3.697314E28,-3.697314E28,-3.697314E28,-3.697314E28,-3.697314E28,-3.697314E28,-3.697314E28,0.0000000,3,Missing,-3.697314E28,-3.697314E28,-3.697314E28,Missing,-3.697314E28,-3.697314E28,-3.697314E28,Missing,-3.697314E28,-3.697314E28,-3.697314E28,Port 0x02: JJH T tibia tracker  s/n:3E4C8800,833787976,1781122066.268609472,1,OK,0.6776680,0.2067699,0.0330513,-0.7049254,248.109,172.659,-1552.341,0.4882592,3,OK,247.876,172.339,-1552.518,OK,161.422,212.220,-1561.611,OK,247.421,257.410,-1522.164,Port 0x03: JJH Y femur tracker  s/n:3E4C8801,833787976,1781122066.268609472,1,OK,0.8287662,0.4436012,-0.1028853,-0.3252371,-69.300,168.700,-1685.758,0.5763597,3,OK,-69.001,168.124,-1686.182,OK,-78.399,237.571,-1614.248,OK,-140.761,227.695,-1674.442
3,Port 0x01: JJH Probe  s/n:3E4C880C,833787979,1781122066.318609472,1,Too Few Markers,-3.697314E28,-3.697314E28,-3.697314E28,-3.697314E28,-3.697314E28,-3.697314E28,-3.697314E28,0.0000000,3,Missing,-3.697314E28,-3.697314E28,-3.697314E28,Missing,-3.697314E28,-3.697314E28,-3.697314E28,Missing,-3.697314E28,-3.697314E28,-3.697314E28,Port 0x02: JJH T tibia tracker  s/n:3E4C8800,833787979,1781122066.318609472,1,OK,0.6776759,0.2068273,0.0334316,-0.7048831,248.130,172.671,-1552.383,0.4950952,3,OK,247.894,172.346,-1552.563,OK,161.438,212.219,-1561.590,OK,247.433,257.408,-1522.153,Port 0x03: JJH Y femur tracker  s/n:3E4C8801,833787979,1781122066.318609472,1,OK,0.8288605,0.4433622,-0.1031367,-0.3252430,-69.292,168.671,-1685.702,0.5553890,3,OK,-68.996,168.116,-1686.104,OK,-78.381,237.571,-1614.250,OK,-140.751,227.687,-1674.449
3,Port 0x01: JJH Probe  s/n:3E4C880C,833787982,1781122066.368609472,1,Too Few Markers,-3.697314E28,-3.697314E28,-3.697314E28,-3.697314E28,-3.697314E28,-3.697314E28,-3.697314E28,0.0000000,3,Missing,-3.697314E28,-3.697314E28,-3.697314E28,Missing,-3.697314E28,-3.697314E28,-3.697314E28,Missing,-3.697314E28,-3.697314E28,-3.697314E28,Port 0x02: JJH T tibia tracker  s/n:3E4C8800,833787982,1781122066.368609472,1,OK,0.6776439,0.2070096,0.0330035,-0.7048806,248.126,172.668,-1552.337,0.4836325,3,OK,247.899,172.350,-1552.512,OK,161.437,212.235,-1561.633,OK,247.426,257.406,-1522.139,Port 0x03: JJH Y femur tracker  s/n:3E4C8801,833787982,1781122066.368609472,1,OK,0.8288537,0.4433966,-0.1030840,-0.3252303,-69.283,168.684,-1685.703,0.5568557,3,OK,-68.984,168.125,-1686.106,OK,-78.371,237.576,-1614.241,OK,-140.752,227.696,-1674.443
3,Port 0x01: JJH Probe  s/n:3E4C880C,833787985,1781122066.418609472,1,Too Few Markers,-3.697314E28,-3.697314E28,-3.697314E28,-3.697314E28,-3.697314E28,-3.697314E28,-3.697314E28,0.0000000,3,Missing,-3.697314E28,-3.697314E28,-3.697314E28,Missing,-3.697314E28,-3.697314E28,-3.697314E28,Missing,-3.697314E28,-3.697314E28,-3.697314E28,Port 0x02: JJH T tibia tracker  s/n:3E4C8800,833787985,1781122066.418609472,1,OK,0.6776291,0.2070783,0.0327758,-0.7048852,248.089,172.649,-1552.272,0.4829926,3,OK,247.859,172.332,-1552.448,OK,161.409,212.221,-1561.614,OK,247.392,257.396,-1522.091,Port 0x03: JJH Y femur tracker  s/n:3E4C8801,833787985,1781122066.418609472,1,OK,0.8288815,0.4434395,-0.1027677,-0.3252009,-69.302,168.692,-1685.737,0.5722609,3,OK,-69.003,168.125,-1686.149,OK,-78.406,237.568,-1614.269,OK,-140.762,227.679,-1674.405
3,Port 0x01: JJH Probe  s/n:3E4C880C,833787988,1781122066.468609472,1,Too Few Markers,-3.697314E28,-3.697314E28,-3.697314E28,-3.697314E28,-3.697314E28,-3.697314E28,-3.697314E28,0.0000000,3,Missing,-3.697314E28,-3.697314E28,-3.697314E28,Missing,-3.697314E28,-3.697314E28,-3.697314E28,Missing,-3.697314E28,-3.697314E28,-3.697314E28,Port 0x02: JJH T tibia tracker  s/n:3E4C8800,833787988,1781122066.468609472,1,OK,0.6776590,0.2068947,0.0331614,-0.7048923,248.115,172.659,-1552.317,0.4855350,3,OK,247.889,172.342,-1552.491,OK,161.424,212.222,-1561.576,OK,247.416,257.391,-1522.116,Port 0x03: JJH Y femur tracker  s/n:3E4C8801,833787988,1781122066.468609472,1,OK,0.8288274,0.4435051,-0.1029235,-0.3252000,-69.291,168.701,-1685.768,0.5715293,3,OK,-68.989,168.128,-1686.185,OK,-78.390,237.583,-1614.277,OK,-140.763,227.698,-1674.472
3,Port 0x01: JJH Probe  s/n:3E4C880C,833787991,1781122066.518609474,1,Too Few Markers,-3.697314E28,-3.697314E28,-3.697314E28,-3.697314E28,-3.697314E28,-3.697314E28,-3.697314E28,0.0000000,3,Missing,-3.697314E28,-3.697314E28,-3.697314E28,Missing,-3.697314E28,-3.697314E28,-3.697314E28,Missing,-3.697314E28,-3.697314E28,-3.697314E28,Port 0x02: JJH T tibia tracker  s/n:3E4C8800,833787991,1781122066.518609474,1,OK,0.6776538,0.2070622,0.0327248,-0.7048685,248.127,172.647,-1552.252,0.4851291,3,OK,247.908,172.320,-1552.429,OK,161.444,212.223,-1561.600,OK,247.418,257.398,-1522.083,Port 0x03: JJH Y femur tracker  s/n:3E4C8801,833787991,1781122066.518609474,1,OK,0.8287352,0.4436746,-0.1027590,-0.3252559,-69.280,168.713,-1685.779,0.5831109,3,OK,-68.985,168.130,-1686.214,OK,-78.372,237.577,-1614.238,OK,-140.739,227.695,-1674.439
3,Port 0x01: JJH Probe  s/n:3E4C880C,833787994,1781122066.568609474,1,Too Few Markers,-3.697314E28,-3.697314E28,-3.697314E28,-3.697314E28,-3.697314E28,-3.697314E28,-3.697314E28,0.0000000,3,Missing,-3.697314E28,-3.697314E28,-3.697314E28,Missing,-3.697314E28,-3.697314E28,-3.697314E28,Missing,-3.697314E28,-3.697314E28,-3.697314E28,Port 0x02: JJH T tibia tracker  s/n:3E4C8800,833787994,1781122066.568609474,1,OK,0.6776621,0.2069194,0.0332153,-0.7048795,248.116,172.648,-1552.317,0.4872191,3,OK,247.893,172.321,-1552.495,OK,161.418,212.209,-1561.570,OK,247.416,257.387,-1522.103,Port 0x03: JJH Y femur tracker  s/n:3E4C8801,833787994,1781122066.568609474,1,OK,0.8288401,0.4435391,-0.1026202,-0.3252172,-69.291,168.711,-1685.754,0.5792088,3,OK,-68.992,168.138,-1686.175,OK,-78.391,237.575,-1614.255,OK,-140.751,227.687,-1674.391
3,Port 0x01: JJH Probe  s/n:3E4C880C,833787997,1781122066.618609474,1,Too Few Markers,-3.697314E28,-3.697314E28,-3.697314E28,-3.697314E28,-3.697314E28,-3.697314E28,-3.697314E28,0.0000000,3,Missing,-3.697314E28,-3.697314E28,-3.697314E28,Missing,-3.697314E28,-3.697314E28,-3.697314E28,Missing,-3.697314E28,-3.697314E28,-3.697314E28,Port 0x02: JJH T tibia tracker  s/n:3E4C8800,833787997,1781122066.618609474,1,OK,0.6776207,0.2070609,0.0331466,-0.7048810,248.099,172.648,-1552.275,0.4869782,3,OK,247.868,172.330,-1552.452,OK,161.414,212.214,-1561.549,OK,247.402,257.381,-1522.052,Port 0x03: JJH Y femur tracker  s/n:3E4C8801,833787997,1781122066.618609474,1,OK,0.8288838,0.4433656,-0.1030190,-0.3252163,-69.300,168.692,-1685.714,0.5586784,3,OK,-68.999,168.133,-1686.115,OK,-78.391,237.584,-1614.260,OK,-140.770,227.701,-1674.442
3,Port 0x01: JJH Probe  s/n:3E4C880C,833788000,1781122066.668609474,1,Too Few Markers,-3.697314E28,-3.697314E28,-3.697314E28,-3.697314E28,-3.697314E28,-3.697314E28,-3.697314E28,0.0000000,3,Missing,-3.697314E28,-3.697314E28,-3.697314E28,Missing,-3.697314E28,-3.697314E28,-3.697314E28,Missing,-3.697314E28,-3.697314E28,-3.697314E28,Port 0x02: JJH T tibia tracker  s/n:3E4C8800,833788000,1781122066.668609474,1,OK,0.6776387,0.2074299,0.0339289,-0.7047180,248.135,172.662,-1552.373,0.4945199,3,OK,247.907,172.327,-1552.556,OK,161.423,212.198,-1561.541,OK,247.402,257.360,-1522.010,Port 0x03: JJH Y femur tracker  s/n:3E4C8801,833788000,1781122066.668609474,1,OK,0.8287587,0.4436897,-0.1026104,-0.3252223,-69.287,168.726,-1685.803,0.5836833,3,OK,-68.993,168.145,-1686.236,OK,-78.385,237.579,-1614.260,OK,-140.748,227.693,-1674.435
3,Port 0x01: JJH Probe  s/n:3E4C880C,833788003,1781122066.718609474,1,Too Few Markers,-3.697314E28,-3.697314E28,-3.697314E28,-3.697314E28,-3.697314E28,-3.697314E28,-3.697314E28,0.0000000,3,Missing,-3.697314E28,-3.697314E28,-3.697314E28,Missing,-3.697314E28,-3.697314E28,-3.697314E28,Missing,-3.697314E28,-3.697314E28,-3.697314E28,Port 0x02: JJH T tibia tracker  s/n:3E4C8800,833788003,1781122066.718609474,1,OK,0.6776428,0.2073547,0.0337935,-0.7047427,248.150,172.668,-1552.366,0.4857765,3,OK,247.928,172.339,-1552.544,OK,161.433,212.209,-1561.554,OK,247.424,257.365,-1522.030,Port 0x03: JJH Y femur tracker  s/n:3E4C8801,833788003,1781122066.718609474,1,OK,0.8288710,0.4434784,-0.1027279,-0.3251873,-69.281,168.712,-1685.751,0.5724824,3,OK,-68.987,168.143,-1686.169,OK,-78.382,237.589,-1614.262,OK,-140.744,227.688,-1674.419
3,Port 0x01: JJH Probe  s/n:3E4C880C,833788006,1781122066.768609474,1,Too Few Markers,-3.697314E28,-3.697314E28,-3.697314E28,-3.697314E28,-3.697314E28,-3.697314E28,-3.697314E28,0.0000000,3,Missing,-3.697314E28,-3.697314E28,-3.697314E28,Missing,-3.697314E28,-3.697314E28,-3.697314E28,Missing,-3.697314E28,-3.697314E28,-3.697314E28,Port 0x02: JJH T tibia tracker  s/n:3E4C8800,833788006,1781122066.768609474,1,OK,0.6776028,0.2071265,0.0332614,-0.7048736,248.117,172.641,-1552.250,0.4853922,3,OK,247.886,172.325,-1552.426,OK,161.429,212.206,-1561.508,OK,247.419,257.363,-1522.006,Port 0x03: JJH Y femur tracker  s/n:3E4C8801,833788006,1781122066.768609474,1,OK,0.8290075,0.4431626,-0.1028283,-0.3252382,-69.288,168.685,-1685.721,0.5705607,3,OK,-68.980,168.125,-1686.118,OK,-78.386,237.587,-1614.322,OK,-140.738,227.696,-1674.401
3,Port 0x01: JJH Probe  s/n:3E4C880C,833788009,1781122066.818609474,1,Too Few Markers,-3.697314E28,-3.697314E28,-3.697314E28,-3.697314E28,-3.697314E28,-3.697314E28,-3.697314E28,0.0000000,3,Missing,-3.697314E28,-3.697314E28,-3.697314E28,Missing,-3.697314E28,-3.697314E28,-3.697314E28,Missing,-3.697314E28,-3.697314E28,-3.697314E28,Port 0x02: JJH T tibia tracker  s/n:3E4C8800,833788009,1781122066.818609474,1,OK,0.6776370,0.2070856,0.0335350,-0.7048398,248.108,172.641,-1552.286,0.4949809,3,OK,247.875,172.314,-1552.466,OK,161.415,212.193,-1561.494,OK,247.400,257.363,-1522.013,Port 0x03: JJH Y femur tracker  s/n:3E4C8801,833788009,1781122066.818609474,1,OK,0.8288351,0.4435698,-0.1025350,-0.3252150,-69.298,168.722,-1685.790,0.5786669,3,OK,-69.002,168.150,-1686.211,OK,-78.395,237.578,-1614.281,OK,-140.760,227.689,-1674.411
3,Port 0x01: JJH Probe  s/n:3E4C880C,833788012,1781122066.868609474,1,Too Few Markers,-3.697314E28,-3.697314E28,-3.697314E28,-3.697314E28,-3.697314E28,-3.697314E28,-3.697314E28,0.0000000,3,Missing,-3.697314E28,-3.697314E28,-3.697314E28,Missing,-3.697314E28,-3.697314E28,-3.697314E28,Missing,-3.697314E28,-3.697314E28,-3.697314E28,Port 0x02: JJH T tibia tracker  s/n:3E4C8800,833788012,1781122066.868609474,1,OK,0.6776160,0.2073340,0.0334212,-0.7047923,248.116,172.642,-1552.279,0.4896784,3,OK,247.887,172.318,-1552.457,OK,161.423,212.199,-1561.526,OK,247.397,257.355,-1521.991,Port 0x03: JJH Y femur tracker  s/n:3E4C8801,833788012,1781122066.868609474,1,OK,0.8288764,0.4433804,-0.1028581,-0.3252661,-69.305,168.691,-1685.737,0.5685744,3,OK,-69.006,168.126,-1686.147,OK,-78.393,237.578,-1614.275,OK,-140.759,227.694,-1674.423
3,Port 0x01: JJH Probe  s/n:3E4C880C,833788015,1781122066.918609474,1,Too Few Markers,-3.697314E28,-3.697314E28,-3.697314E28,-3.697314E28,-3.697314E28,-3.697314E28,-3.697314E28,0.0000000,3,Missing,-3.697314E28,-3.697314E28,-3.697314E28,Missing,-3.697314E28,-3.697314E28,-3.697314E28,Missing,-3.697314E28,-3.697314E28,-3.697314E28,Port 0x02: JJH T tibia tracker  s/n:3E4C8800,833788015,1781122066.918609474,1,OK,0.6776027,0.2073550,0.0334732,-0.7047964,248.140,172.639,-1552.276,0.4897144,3,OK,247.916,172.305,-1552.457,OK,161.440,212.198,-1561.517,OK,247.424,257.357,-1521.976,Port 0x03: JJH Y femur tracker  s/n:3E4C8801,833788015,1781122066.918609474,1,OK,0.8287299,0.4436513,-0.1029731,-0.3252336,-69.274,168.702,-1685.733,0.5629845,3,OK,-68.984,168.136,-1686.151,OK,-78.364,237.568,-1614.208,OK,-140.740,227.693,-1674.444
3,Port 0x01: JJH Probe  s/n:3E4C880C,833788018,1781122066.968609474,1,Too Few Markers,-3.697314E28,-3.697314E28,-3.697314E28,-3.697314E28,-3.697314E28,-3.697314E28,-3.697314E28,0.0000000,3,Missing,-3.697314E28,-3.697314E28,-3.697314E28,Missing,-3.697314E28,-3.697314E28,-3.697314E28,Missing,-3.697314E28,-3.697314E28,-3.697314E28,Port 0x02: JJH T tibia tracker  s/n:3E4C8800,833788018,1781122066.968609474,1,OK,0.6776401,0.2069578,0.0328977,-0.7049044,248.099,172.618,-1552.200,0.4814712,3,OK,247.878,172.297,-1552.375,OK,161.409,212.192,-1561.511,OK,247.405,257.364,-1522.021,Port 0x03: JJH Y femur tracker  s/n:3E4C8801,833788018,1781122066.968609474,1,OK,0.8289142,0.4433790,-0.1026672,-0.3252318,-69.302,168.700,-1685.769,0.5772925,3,OK,-68.996,168.129,-1686.182,OK,-78.396,237.580,-1614.306,OK,-140.764,227.690,-1674.419
3,Port 0x01: JJH Probe  s/n:3E4C880C,833788021,1781122067.018609474,1,Too Few Markers,-3.697314E28,-3.697314E28,-3.697314E28,-3.697314E28,-3.697314E28,-3.697314E28,-3.697314E28,0.0000000,3,Missing,-3.697314E28,-3.697314E28,-3.697314E28,Missing,-3.697314E28,-3.697314E28,-3.697314E28,Missing,-3.697314E28,-3.697314E28,-3.697314E28,Port 0x02: JJH T tibia tracker  s/n:3E4C8800,833788021,1781122067.018609474,1,OK,0.6776386,0.2071440,0.0337107,-0.7048126,248.103,172.642,-1552.316,0.4894149,3,OK,247.877,172.311,-1552.496,OK,161.392,212.189,-1561.501,OK,247.394,257.358,-1522.012,Port 0x03: JJH Y femur tracker  s/n:3E4C8801,833788021,1781122067.018609474,1,OK,0.8288689,0.4433954,-0.1028898,-0.3252548,-69.322,168.695,-1685.734,0.5581298,3,OK,-69.026,168.138,-1686.137,OK,-78.402,237.578,-1614.267,OK,-140.785,227.694,-1674.436
3,Port 0x01: JJH Probe  s/n:3E4C880C,833788024,1781122067.068609474,1,Too Few Markers,-3.697314E28,-3.697314E28,-3.697314E28,-3.697314E28,-3.697314E28,-3.697314E28,-3.697314E28,0.0000000,3,Missing,-3.697314E28,-3.697314E28,-3.697314E28,Missing,-3.697314E28,-3.697314E28,-3.697314E28,Missing,-3.697314E28,-3.697314E28,-3.697314E28,Port 0x02: JJH T tibia tracker  s/n:3E4C8800,833788024,1781122067.068609474,1,OK,0.6776054,0.2073609,0.0335219,-0.7047898,248.145,172.640,-1552.304,0.4868889,3,OK,247.913,172.319,-1552.482,OK,161.446,212.192,-1561.537,OK,247.431,257.349,-1521.998,Port 0x03: JJH Y femur tracker  s/n:3E4C8801,833788024,1781122067.068609474,1,OK,0.8289584,0.4432632,-0.1029830,-0.3251773,-69.275,168.679,-1685.719,0.5558113,3,OK,-68.973,168.126,-1686.113,OK,-78.374,237.577,-1614.296,OK,-140.747,227.685,-1674.446
3,Port 0x01: JJH Probe  s/n:3E4C880C,833788027,1781122067.118609474,1,Too Few Markers,-3.697314E28,-3.697314E28,-3.697314E28,-3.697314E28,-3.697314E28,-3.697314E28,-3.697314E28,0.0000000,3,Missing,-3.697314E28,-3.697314E28,-3.697314E28,Missing,-3.697314E28,-3.697314E28,-3.697314E28,Missing,-3.697314E28,-3.697314E28,-3.697314E28,Port 0x02: JJH T tibia tracker  s/n:3E4C8800,833788027,1781122067.118609474,1,OK,0.6775657,0.2074994,0.0333740,-0.7047942,248.134,172.632,-1552.272,0.4842240,3,OK,247.906,172.306,-1552.451,OK,161.438,212.194,-1561.542,OK,247.425,257.346,-1521.964,Port 0x03: JJH Y femur tracker  s/n:3E4C8801,833788027,1781122067.118609474,1,OK,0.8288497,0.4434878,-0.1027673,-0.3252161,-69.276,168.699,-1685.757,0.5808854,3,OK,-68.970,168.122,-1686.177,OK,-78.378,237.576,-1614.272,OK,-140.740,227.692,-1674.421
3,Port 0x01: JJH Probe  s/n:3E4C880C,833788030,1781122067.168609474,1,Too Few Markers,-3.697314E28,-3.697314E28,-3.697314E28,-3.697314E28,-3.697314E28,-3.697314E28,-3.697314E28,0.0000000,3,Missing,-3.697314E28,-3.697314E28,-3.697314E28,Missing,-3.697314E28,-3.697314E28,-3.697314E28,Missing,-3.697314E28,-3.697314E28,-3.697314E28,Port 0x02: JJH T tibia tracker  s/n:3E4C8800,833788030,1781122067.168609474,1,OK,0.6776153,0.2074846,0.0336625,-0.7047372,248.102,172.646,-1552.321,0.4899240,3,OK,247.868,172.318,-1552.502,OK,161.399,212.188,-1561.541,OK,247.378,257.350,-1521.982,Port 0x03: JJH Y femur tracker  s/n:3E4C8801,833788030,1781122067.168609474,1,OK,0.8289214,0.4432779,-0.1030067,-0.3252439,-69.320,168.678,-1685.710,0.5561262,3,OK,-69.021,168.126,-1686.105,OK,-78.410,237.575,-1614.282,OK,-140.776,227.691,-1674.431
3,Port 0x01: JJH Probe  s/n:3E4C880C,833788033,1781122067.218609474,1,Too Few Markers,-3.697314E28,-3.697314E28,-3.697314E28,-3.697314E28,-3.697314E28,-3.697314E28,-3.697314E28,0.0000000,3,Missing,-3.697314E28,-3.697314E28,-3.697314E28,Missing,-3.697314E28,-3.697314E28,-3.697314E28,Missing,-3.697314E28,-3.697314E28,-3.697314E28,Port 0x02: JJH T tibia tracker  s/n:3E4C8800,833788033,1781122067.218609474,1,OK,0.6775835,0.2075551,0.0337037,-0.7047450,248.112,172.633,-1552.279,0.4927078,3,OK,247.881,172.297,-1552.463,OK,161.410,212.181,-1561.496,OK,247.390,257.340,-1521.923,Port 0x03: JJH Y femur tracker  s/n:3E4C8801,833788033,1781122067.218609474,1,OK,0.8289261,0.4432629,-0.1031545,-0.3252057,-69.298,168.672,-1685.709,0.5485924,3,OK,-68.998,168.126,-1686.098,OK,-78.393,237.575,-1614.292,OK,-140.762,227.691,-1674.465
3,Port 0x01: JJH Probe  s/n:3E4C880C,833788036,1781122067.268609474,1,Too Few Markers,-3.697314E28,-3.697314E28,-3.697314E28,-3.697314E28,-3.697314E28,-3.697314E28,-3.697314E28,0.0000000,3,Missing,-3.697314E28,-3.697314E28,-3.697314E28,Missing,-3.697314E28,-3.697314E28,-3.697314E28,Missing,-3.697314E28,-3.697314E28,-3.697314E28,Port 0x02: JJH T tibia tracker  s/n:3E4C8800,833788036,1781122067.268609474,1,OK,0.6776003,0.2073523,0.0337311,-0.7047873,248.141,172.639,-1552.310,0.4944528,3,OK,247.915,172.300,-1552.493,OK,161.437,212.191,-1561.505,OK,247.424,257.351,-1521.977,Port 0x03: JJH Y femur tracker  s/n:3E4C8801,833788036,1781122067.268609474,1,OK,0.8288311,0.4434045,-0.1031534,-0.3252551,-69.277,168.671,-1685.709,0.5595774,3,OK,-68.978,168.110,-1686.115,OK,-78.367,237.568,-1614.248,OK,-140.739,227.691,-1674.456
3,Port 0x01: JJH Probe  s/n:3E4C880C,833788039,1781122067.318609474,1,Too Few Markers,-3.697314E28,-3.697314E28,-3.697314E28,-3.697314E28,-3.697314E28,-3.697314E28,-3.697314E28,0.0000000,3,Missing,-3.697314E28,-3.697314E28,-3.697314E28,Missing,-3.697314E28,-3.697314E28,-3.697314E28,Missing,-3.697314E28,-3.697314E28,-3.697314E28,Port 0x02: JJH T tibia tracker  s/n:3E4C8800,833788039,1781122067.318609474,1,OK,0.6776078,0.2074971,0.0335821,-0.7047445,248.118,172.640,-1552.288,0.4876565,3,OK,247.892,172.308,-1552.469,OK,161.412,212.190,-1561.523,OK,247.394,257.348,-1521.957,Port 0x03: JJH Y femur tracker  s/n:3E4C8801,833788039,1781122067.318609474,1,OK,0.8288112,0.4435400,-0.1028600,-0.3252140,-69.304,168.700,-1685.751,0.5598333,3,OK,-69.014,168.141,-1686.162,OK,-78.395,237.569,-1614.254,OK,-140.769,227.684,-1674.445
3,Port 0x01: JJH Probe  s/n:3E4C880C,833788042,1781122067.368609474,1,Too Few Markers,-3.697314E28,-3.697314E28,-3.697314E28,-3.697314E28,-3.697314E28,-3.697314E28,-3.697314E28,0.0000000,3,Missing,-3.697314E28,-3.697314E28,-3.697314E28,Missing,-3.697314E28,-3.697314E28,-3.697314E28,Missing,-3.697314E28,-3.697314E28,-3.697314E28,Port 0x02: JJH T tibia tracker  s/n:3E4C8800,833788042,1781122067.368609474,1,OK,0.6776262,0.2070968,0.0338832,-0.7048302,248.093,172.630,-1552.297,0.4977148,3,OK,247.864,172.291,-1552.481,OK,161.387,212.177,-1561.446,OK,247.385,257.345,-1521.978,Port 0x03: JJH Y femur tracker  s/n:3E4C8801,833788042,1781122067.368609474,1,OK,0.8289414,0.4432677,-0.1029223,-0.3252335,-69.323,168.674,-1685.705,0.5635476,3,OK,-69.021,168.114,-1686.106,OK,-78.414,237.573,-1614.272,OK,-140.784,227.683,-1674.411
3,Port 0x01: JJH Probe  s/n:3E4C880C,833788045,1781122067.418609474,1,Too Few Markers,-3.697314E28,-3.697314E28,-3.697314E28,-3.697314E28,-3.697314E28,-3.697314E28,-3.697314E28,0.0000000,3,Missing,-3.697314E28,-3.697314E28,-3.697314E28,Missing,-3.697314E28,-3.697314E28,-3.697314E28,Missing,-3.697314E28,-3.697314E28,-3.697314E28,Port 0x02: JJH T tibia tracker  s/n:3E4C8800,833788045,1781122067.418609474,1,OK,0.6776252,0.2072630,0.0338181,-0.7047854,248.132,172.639,-1552.302,0.4942721,3,OK,247.904,172.304,-1552.484,OK,161.425,212.184,-1561.476,OK,247.415,257.347,-1521.972,Port 0x03: JJH Y femur tracker  s/n:3E4C8801,833788045,1781122067.418609474,1,OK,0.8287318,0.4436502,-0.1029223,-0.3252463,-69.292,168.697,-1685.755,0.5738420,3,OK,-68.995,168.121,-1686.180,OK,-78.386,237.564,-1614.230,OK,-140.756,227.692,-1674.448
3,Port 0x01: JJH Probe  s/n:3E4C880C,833788048,1781122067.468609474,1,Too Few Markers,-3.697314E28,-3.697314E28,-3.697314E28,-3.697314E28,-3.697314E28,-3.697314E28,-3.697314E28,0.0000000,3,Missing,-3.697314E28,-3.697314E28,-3.697314E28,Missing,-3.697314E28,-3.697314E28,-3.697314E28,Missing,-3.697314E28,-3.697314E28,-3.697314E28,Port 0x02: JJH T tibia tracker  s/n:3E4C8800,833788048,1781122067.468609474,1,OK,0.6776226,0.2069394,0.0336016,-0.7048934,248.116,172.620,-1552.251,0.4978982,3,OK,247.882,172.295,-1552.431,OK,161.429,212.179,-1561.432,OK,247.417,257.341,-1521.989,Port 0x03: JJH Y femur tracker  s/n:3E4C8801,833788048,1781122067.468609474,1,OK,0.8289006,0.4433299,-0.1028179,-0.3252859,-69.297,168.687,-1685.757,0.5647562,3,OK,-68.995,168.127,-1686.159,OK,-78.378,237.572,-1614.309,OK,-140.751,227.693,-1674.436
3,Port 0x01: JJH Probe  s/n:3E4C880C,833788051,1781122067.518609473,1,Too Few Markers,-3.697314E28,-3.697314E28,-3.697314E28,-3.697314E28,-3.697314E28,-3.697314E28,-3.697314E28,0.0000000,3,Missing,-3.697314E28,-3.697314E28,-3.697314E28,Missing,-3.697314E28,-3.697314E28,-3.697314E28,Missing,-3.697314E28,-3.697314E28,-3.697314E28,Port 0x02: JJH T tibia tracker  s/n:3E4C8800,833788051,1781122067.518609473,1,OK,0.6775803,0.2075883,0.0336932,-0.7047388,248.114,172.632,-1552.292,0.4909896,3,OK,247.886,172.297,-1552.474,OK,161.410,212.184,-1561.513,OK,247.388,257.334,-1521.936,Port 0x03: JJH Y femur tracker  s/n:3E4C8801,833788051,1781122067.518609473,1,OK,0.8288558,0.4434588,-0.1027621,-0.3252420,-69.311,168.698,-1685.778,0.5750219,3,OK,-69.008,168.125,-1686.193,OK,-78.403,237.574,-1614.296,OK,-140.775,227.692,-1674.445
3,Port 0x01: JJH Probe  s/n:3E4C880C,833788054,1781122067.568609473,1,Too Few Markers,-3.697314E28,-3.697314E28,-3.697314E28,-3.697314E28,-3.697314E28,-3.697314E28,-3.697314E28,0.0000000,3,Missing,-3.697314E28,-3.697314E28,-3.697314E28,Missing,-3.697314E28,-3.697314E28,-3.697314E28,Missing,-3.697314E28,-3.697314E28,-3.697314E28,Port 0x02: JJH T tibia tracker  s/n:3E4C8800,833788054,1781122067.568609473,1,OK,0.6776079,0.2073025,0.0334208,-0.7048094,248.098,172.627,-1552.253,0.4940597,3,OK,247.857,172.305,-1552.434,OK,161.414,212.179,-1561.498,OK,247.386,257.345,-1521.966,Port 0x03: JJH Y femur tracker  s/n:3E4C8801,833788054,1781122067.568609473,1,OK,0.8289938,0.4431884,-0.1029557,-0.3251975,-69.306,168.674,-1685.711,0.5580269,3,OK,-69.003,168.123,-1686.102,OK,-78.406,237.576,-1614.309,OK,-140.767,227.683,-1674.427
3,Port 0x01: JJH Probe  s/n:3E4C880C,833788057,1781122067.618609473,1,Too Few Markers,-3.697314E28,-3.697314E28,-3.697314E28,-3.697314E28,-3.697314E28,-3.697314E28,-3.697314E28,0.0000000,3,Missing,-3.697314E28,-3.697314E28,-3.697314E28,Missing,-3.697314E28,-3.697314E28,-3.697314E28,Missing,-3.697314E28,-3.697314E28,-3.697314E28,Port 0x02: JJH T tibia tracker  s/n:3E4C8800,833788057,1781122067.618609473,1,OK,0.6776190,0.2072771,0.0340079,-0.7047781,248.130,172.634,-1552.304,0.4970507,3,OK,247.902,172.296,-1552.487,OK,161.421,212.176,-1561.444,OK,247.410,257.335,-1521.949,Port 0x03: JJH Y femur tracker  s/n:3E4C8801,833788057,1781122067.618609473,1,OK,0.8288976,0.4434018,-0.1029142,-0.3251649,-69.281,168.689,-1685.743,0.5680255,3,OK,-68.978,168.124,-1686.151,OK,-78.388,237.577,-1614.284,OK,-140.752,227.685,-1674.448
3,Port 0x01: JJH Probe  s/n:3E4C880C,833788060,1781122067.668609473,1,Too Few Markers,-3.697314E28,-3.697314E28,-3.697314E28,-3.697314E28,-3.697314E28,-3.697314E28,-3.697314E28,0.0000000,3,Missing,-3.697314E28,-3.697314E28,-3.697314E28,Missing,-3.697314E28,-3.697314E28,-3.697314E28,Missing,-3.697314E28,-3.697314E28,-3.697314E28,Port 0x02: JJH T tibia tracker  s/n:3E4C8800,833788060,1781122067.668609473,1,OK,0.6776390,0.2072657,0.0337195,-0.7047761,248.109,172.628,-1552.273,0.4999986,3,OK,247.866,172.296,-1552.458,OK,161.414,212.164,-1561.464,OK,247.391,257.345,-1521.951,Port 0x03: JJH Y femur tracker  s/n:3E4C8801,833788060,1781122067.668609473,1,OK,0.8288526,0.4435550,-0.1024234,-0.3252257,-69.301,168.716,-1685.803,0.5878850,3,OK,-69.000,168.135,-1686.231,OK,-78.396,237.572,-1614.291,OK,-140.763,227.680,-1674.402
3,Port 0x01: JJH Probe  s/n:3E4C880C,833788063,1781122067.718609473,1,Too Few Markers,-3.697314E28,-3.697314E28,-3.697314E28,-3.697314E28,-3.697314E28,-3.697314E28,-3.697314E28,0.0000000,3,Missing,-3.697314E28,-3.697314E28,-3.697314E28,Missing,-3.697314E28,-3.697314E28,-3.697314E28,Missing,-3.697314E28,-3.697314E28,-3.697314E28,Port 0x02: JJH T tibia tracker  s/n:3E4C8800,833788063,1781122067.718609473,1,OK,0.6776406,0.2073719,0.0342653,-0.7047170,248.116,172.653,-1552.381,0.5042832,3,OK,247.879,172.314,-1552.568,OK,161.406,212.178,-1561.485,OK,247.382,257.344,-1521.984,Port 0x03: JJH Y femur tracker  s/n:3E4C8801,833788063,1781122067.718609473,1,OK,0.8288746,0.4434072,-0.1028282,-0.3252436,-69.309,168.690,-1685.752,0.5732613,3,OK,-69.004,168.121,-1686.162,OK,-78.405,237.571,-1614.290,OK,-140.768,227.692,-1674.429
3,Port 0x01: JJH Probe  s/n:3E4C880C,833788066,1781122067.768609473,1,Too Few Markers,-3.697314E28,-3.697314E28,-3.697314E28,-3.697314E28,-3.697314E28,-3.697314E28,-3.697314E28,0.0000000,3,Missing,-3.697314E28,-3.697314E28,-3.697314E28,Missing,-3.697314E28,-3.697314E28,-3.697314E28,Missing,-3.697314E28,-3.697314E28,-3.697314E28,Port 0x02: JJH T tibia tracker  s/n:3E4C8800,833788066,1781122067.768609473,1,OK,0.6775937,0.2073262,0.0335288,-0.7048109,248.114,172.619,-1552.232,0.4896553,3,OK,247.883,172.291,-1552.413,OK,161.417,212.175,-1561.461,OK,247.406,257.334,-1521.928,Port 0x03: JJH Y femur tracker  s/n:3E4C8801,833788066,1781122067.768609473,1,OK,0.8289040,0.4433178,-0.1028632,-0.3252792,-69.300,168.673,-1685.714,0.5682625,3,OK,-69.002,168.110,-1686.122,OK,-78.386,237.568,-1614.264,OK,-140.748,227.678,-1674.401
3,Port 0x01: JJH Probe  s/n:3E4C880C,833788069,1781122067.818609473,1,Too Few Markers,-3.697314E28,-3.697314E28,-3.697314E28,-3.697314E28,-3.697314E28,-3.697314E28,-3.697314E28,0.0000000,3,Missing,-3.697314E28,-3.697314E28,-3.697314E28,Missing,-3.697314E28,-3.697314E28,-3.697314E28,Missing,-3.697314E28,-3.697314E28,-3.697314E28,Port 0x02: JJH T tibia tracker  s/n:3E4C8800,833788069,1781122067.818609473,1,OK,0.6776080,0.2073240,0.0337223,-0.7047886,248.117,172.628,-1552.275,0.4958451,3,OK,247.883,172.297,-1552.457,OK,161.421,212.176,-1561.469,OK,247.401,257.337,-1521.948,Port 0x03: JJH Y femur tracker  s/n:3E4C8801,833788069,1781122067.818609473,1,OK,0.8288796,0.4434003,-0.1029252,-0.3252094,-69.287,168.691,-1685.770,0.5705208,3,OK,-68.985,168.123,-1686.180,OK,-78.390,237.580,-1614.311,OK,-140.749,227.694,-1674.469
3,Port 0x01: JJH Probe  s/n:3E4C880C,833788072,1781122067.868609473,1,Too Few Markers,-3.697314E28,-3.697314E28,-3.697314E28,-3.697314E28,-3.697314E28,-3.697314E28,-3.697314E28,0.0000000,3,Missing,-3.697314E28,-3.697314E28,-3.697314E28,Missing,-3.697314E28,-3.697314E28,-3.697314E28,Missing,-3.697314E28,-3.697314E28,-3.697314E28,Port 0x02: JJH T tibia tracker  s/n:3E4C8800,833788072,1781122067.868609473,1,OK,0.6775921,0.2072823,0.0336822,-0.7048181,248.094,172.627,-1552.252,0.4926835,3,OK,247.859,172.301,-1552.433,OK,161.398,212.178,-1561.449,OK,247.387,257.336,-1521.935,Port 0x03: JJH Y femur tracker  s/n:3E4C8801,833788072,1781122067.868609473,1,OK,0.8288979,0.4433827,-0.1028295,-0.3252172,-69.309,168.686,-1685.730,0.5662570,3,OK,-69.011,168.123,-1686.138,OK,-78.403,237.572,-1614.268,OK,-140.770,227.679,-1674.417
