Tools,Port 0x01: JJH Probe  s/n:3E4C880C,Frame,Time [sec],Face,State,Q0,Qx,Qy,Qz,Tx,Ty,Tz,Error,Markers,State,Tx,Ty,Tz,State,Tx,Ty,Tz,State,Tx,Ty,Tz,Port 0x02: JJH T tibia tracker  s/n:3E4C8800,Frame,Time [sec],Face,State,Q0,Qx,Qy,Qz,Tx,Ty,Tz,Error,Markers,State,Tx,Ty,Tz,State,Tx,Ty,Tz,State,Tx,Ty,Tz,Port 0x03: JJH Y femur tracker  s/n:3E4C8801,Frame,Time [sec],Face,State,Q0,Qx,Qy,Qz,Tx,Ty,Tz,Error,Markers,State,Tx,Ty,Tz,State,Tx,Ty,Tz,State,Tx,Ty,Tz
3,Port 0x01: JJH Probe  s/n:3E4C880C,651119608,1778077593.468787374,1,Too Few Markers,-3.697314E28,-3.697314E28,-3.697314E28,-3.697314E28,-3.697314E28,-3.697314E28,-3.697314E28,0.0000000,3,Missing,-3.697314E28,-3.697314E28,-3.697314E28,Missing,-3.697314E28,-3.697314E28,-3.697314E28,Missing,-3.697314E28,-3.697314E28,-3.697314E28,Port 0x02: JJH T tibia tracker  s/n:3E4C8800,651119608,1778077593.468787374,1,OK,0.4488795,0.1945588,0.1298713,-0.8624311,91.843,-64.507,-1562.331,0.1916177,3,OK,91.715,-64.652,-1562.427,OK,35.583,10.988,-1542.369,OK,138.777,0.583,-1521.651,Port 0x03: JJH Y femur tracker  s/n:3E4C8801,651119608,1778077593.468787374,1,OK,0.9315296,0.2187632,0.2814521,-0.0719726,-196.999,-110.530,-1543.944,0.2121654,3,OK,-196.798,-110.536,-1544.081,OK,-224.788,-37.944,-1481.974,OK,-274.690,-109.555,-1492.019
3,Port 0x01: JJH Probe  s/n:3E4C880C,651119611,1778077593.518787373,1,Too Few Markers,-3.697314E28,-3.697314E28,-3.697314E28,-3.697314E28,-3.697314E28,-3.697314E28,-3.697314E28,0.0000000,3,Missing,-3.697314E28,-3.697314E28,-3.697314E28,Missing,-3.697314E28,-3.697314E28,-3.697314E28,Missing,-3.697314E28,-3.697314E28,-3.697314E28,Port 0x02: JJH T tibia tracker  s/n:3E4C8800,651119611,1778077593.518787373,1,OK,0.4487841,0.1947554,0.1309305,-0.8622763,91.801,-64.350,-1562.430,0.2091934,3,OK,91.672,-64.533,-1562.544,OK,35.539,11.100,-1542.269,OK,138.724,0.694,-1521.635,Port 0x03: JJH Y femur tracker  s/n:3E4C8801,651119611,1778077593.518787373,1,OK,0.9314204,0.2184121,0.2820855,-0.0719715,-197.080,-110.411,-1543.931,0.2280205,3,OK,-196.856,-110.415,-1544.082,OK,-224.832,-37.825,-1481.967,OK,-274.717,-109.428,-1491.888
3,Port 0x01: JJH Probe  s/n:3E4C880C,651119614,1778077593.568787373,1,Too Few Markers,-3.697314E28,-3.697314E28,-3.697314E28,-3.697314E28,-3.697314E28,-3.697314E28,-3.697314E28,0.0000000,3,Missing,-3.697314E28,-3.697314E28,-3.697314E28,Missing,-3.697314E28,-3.697314E28,-3.697314E28,Missing,-3.697314E28,-3.697314E28,-3.697314E28,Port 0x02: JJH T tibia tracker  s/n:3E4C8800,651119614,1778077593.568787373,1,OK,0.4488231,0.1948172,0.1301983,-0.8623529,91.806,-64.512,-1562.288,0.1974135,3,OK,91.673,-64.665,-1562.389,OK,35.548,10.963,-1542.270,OK,138.727,0.554,-1521.542,Port 0x03: JJH Y femur tracker  s/n:3E4C8801,651119614,1778077593.568787373,1,OK,0.9314589,0.2185528,0.2818460,-0.0719850,-197.058,-110.533,-1543.966,0.2227717,3,OK,-196.842,-110.546,-1544.117,OK,-224.826,-37.940,-1481.992,OK,-274.713,-109.550,-1491.968
3,Port 0x01: JJH Probe  s/n:3E4C880C,651119617,1778077593.618787373,1,Too Few Markers,-3.697314E28,-3.697314E28,-3.697314E28,-3.697314E28,-3.697314E28,-3.697314E28,-3.697314E28,0.0000000,3,Missing,-3.697314E28,-3.697314E28,-3.697314E28,Missing,-3.697314E28,-3.697314E28,-3.697314E28,Missing,-3.697314E28,-3.697314E28,-3.697314E28,Port 0x02: JJH T tibia tracker  s/n:3E4C8800,651119617,1778077593.618787373,1,OK,0.4487367,0.1948044,0.1305259,-0.8623512,91.829,-64.433,-1562.210,0.2002461,3,OK,91.698,-64.593,-1562.314,OK,35.576,11.037,-1542.127,OK,138.766,0.611,-1521.441,Port 0x03: JJH Y femur tracker  s/n:3E4C8801,651119617,1778077593.618787373,1,OK,0.9315497,0.2185966,0.2815102,-0.0719904,-197.008,-110.410,-1543.908,0.2117399,3,OK,-196.809,-110.412,-1544.041,OK,-224.793,-37.811,-1481.962,OK,-274.695,-109.427,-1491.973
3,Port 0x01: JJH Probe  s/n:3E4C880C,651119620,1778077593.668787374,1,Too Few Markers,-3.697314E28,-3.697314E28,-3.697314E28,-3.697314E28,-3.697314E28,-3.697314E28,-3.697314E28,0.0000000,3,Missing,-3.697314E28,-3.697314E28,-3.697314E28,Missing,-3.697314E28,-3.697314E28,-3.697314E28,Missing,-3.697314E28,-3.697314E28,-3.697314E28,Port 0x02: JJH T tibia tracker  s/n:3E4C8800,651119620,1778077593.668787374,1,OK,0.4487308,0.1943940,0.1304365,-0.8624604,91.797,-64.536,-1562.151,0.1765938,3,OK,91.673,-64.664,-1562.239,OK,35.563,10.937,-1542.076,OK,138.753,0.506,-1521.461,Port 0x03: JJH Y femur tracker  s/n:3E4C8801,651119620,1778077593.668787374,1,OK,0.9314800,0.2187414,0.2816220,-0.0720151,-197.032,-110.472,-1543.921,0.2130799,3,OK,-196.829,-110.481,-1544.060,OK,-224.800,-37.886,-1481.940,OK,-274.703,-109.494,-1491.966
3,Port 0x01: JJH Probe  s/n:3E4C880C,651119623,1778077593.718787374,1,Too Few Markers,-3.697314E28,-3.697314E28,-3.697314E28,-3.697314E28,-3.697314E28,-3.697314E28,-3.697314E28,0.0000000,3,Missing,-3.697314E28,-3.697314E28,-3.697314E28,Missing,-3.697314E28,-3.697314E28,-3.697314E28,Missing,-3.697314E28,-3.697314E28,-3.697314E28,Port 0x02: JJH T tibia tracker  s/n:3E4C8800,651119623,1778077593.718787374,1,OK,0.4486869,0.1953371,0.1309071,-0.8621988,91.786,-64.445,-1562.138,0.2059978,3,OK,91.639,-64.598,-1562.244,OK,35.531,10.982,-1542.004,OK,138.695,0.561,-1521.258,Port 0x03: JJH Y femur tracker  s/n:3E4C8801,651119623,1778077593.718787374,1,OK,0.9313727,0.2189058,0.2818523,-0.0720031,-197.083,-110.384,-1543.941,0.2284558,3,OK,-196.863,-110.410,-1544.102,OK,-224.835,-37.810,-1481.905,OK,-274.736,-109.421,-1491.943
3,Port 0x01: JJH Probe  s/n:3E4C880C,651119626,1778077593.768787373,1,Too Few Markers,-3.697314E28,-3.697314E28,-3.697314E28,-3.697314E28,-3.697314E28,-3.697314E28,-3.697314E28,0.0000000,3,Missing,-3.697314E28,-3.697314E28,-3.697314E28,Missing,-3.697314E28,-3.697314E28,-3.697314E28,Missing,-3.697314E28,-3.697314E28,-3.697314E28,Port 0x02: JJH T tibia tracker  s/n:3E4C8800,651119626,1778077593.768787373,1,OK,0.4485924,0.1952728,0.1314153,-0.8621853,91.827,-64.518,-1562.202,0.2063129,3,OK,91.694,-64.687,-1562.311,OK,35.567,10.907,-1541.965,OK,138.754,0.455,-1521.295,Port 0x03: JJH Y femur tracker  s/n:3E4C8801,651119626,1778077593.768787373,1,OK,0.9314376,0.2186716,0.2818183,-0.0720077,-197.039,-110.443,-1543.934,0.2221455,3,OK,-196.824,-110.461,-1544.087,OK,-224.800,-37.853,-1481.942,OK,-274.694,-109.465,-1491.943
3,Port 0x01: JJH Probe  s/n:3E4C880C,651119629,1778077593.818787373,1,Too Few Markers,-3.697314E28,-3.697314E28,-3.697314E28,-3.697314E28,-3.697314E28,-3.697314E28,-3.697314E28,0.0000000,3,Missing,-3.697314E28,-3.697314E28,-3.697314E28,Missing,-3.697314E28,-3.697314E28,-3.697314E28,Missing,-3.697314E28,-3.697314E28,-3.697314E28,Port 0x02: JJH T tibia tracker  s/n:3E4C8800,651119629,1778077593.818787373,1,OK,0.4486792,0.1950574,0.1309786,-0.8622553,91.826,-64.523,-1562.089,0.1937969,3,OK,91.699,-64.677,-1562.189,OK,35.563,10.921,-1541.930,OK,138.751,0.476,-1521.252,Port 0x03: JJH Y femur tracker  s/n:3E4C8801,651119629,1778077593.818787373,1,OK,0.9314452,0.2187106,0.2817678,-0.0719881,-197.047,-110.417,-1543.947,0.2237363,3,OK,-196.832,-110.430,-1544.097,OK,-224.812,-37.834,-1481.957,OK,-274.712,-109.443,-1491.962
3,Port 0x01: JJH Probe  s/n:3E4C880C,651119632,1778077593.868787373,1,Too Few Markers,-3.697314E28,-3.697314E28,-3.697314E28,-3.697314E28,-3.697314E28,-3.697314E28,-3.697314E28,0.0000000,3,Missing,-3.697314E28,-3.697314E28,-3.697314E28,Missing,-3.697314E28,-3.697314E28,-3.697314E28,Missing,-3.697314E28,-3.697314E28,-3.697314E28,Port 0x02: JJH T tibia tracker  s/n:3E4C8800,651119632,1778077593.868787373,1,OK,0.4485592,0.1950987,0.1311517,-0.8622821,91.790,-64.594,-1562.092,0.1998064,3,OK,91.655,-64.750,-1562.195,OK,35.549,10.846,-1541.898,OK,138.734,0.388,-1521.233,Port 0x03: JJH Y femur tracker  s/n:3E4C8801,651119632,1778077593.868787373,1,OK,0.9315099,0.2186941,0.2815646,-0.0719969,-197.044,-110.472,-1543.903,0.2139924,3,OK,-196.840,-110.480,-1544.042,OK,-224.822,-37.881,-1481.934,OK,-274.723,-109.493,-1491.957
3,Port 0x01: JJH Probe  s/n:3E4C880C,651119635,1778077593.918787374,1,Too Few Markers,-3.697314E28,-3.697314E28,-3.697314E28,-3.697314E28,-3.697314E28,-3.697314E28,-3.697314E28,0.0000000,3,Missing,-3.697314E28,-3.697314E28,-3.697314E28,Missing,-3.697314E28,-3.697314E28,-3.697314E28,Missing,-3.697314E28,-3.697314E28,-3.697314E28,Port 0x02: JJH T tibia tracker  s/n:3E4C8800,651119635,1778077593.918787374,1,OK,0.4485581,0.1950648,0.1312070,-0.8622819,91.794,-64.636,-1562.085,0.1966970,3,OK,91.658,-64.785,-1562.186,OK,35.556,10.798,-1541.881,OK,138.740,0.343,-1521.228,Port 0x03: JJH Y femur tracker  s/n:3E4C8801,651119635,1778077593.918787374,1,OK,0.9314399,0.2189078,0.2816269,-0.0720089,-197.057,-110.497,-1543.978,0.2183802,3,OK,-196.849,-110.514,-1544.126,OK,-224.823,-37.922,-1481.967,OK,-274.730,-109.528,-1492.021
3,Port 0x01: JJH Probe  s/n:3E4C880C,651119638,1778077593.968787374,1,Too Few Markers,-3.697314E28,-3.697314E28,-3.697314E28,-3.697314E28,-3.697314E28,-3.697314E28,-3.697314E28,0.0000000,3,Missing,-3.697314E28,-3.697314E28,-3.697314E28,Missing,-3.697314E28,-3.697314E28,-3.697314E28,Missing,-3.697314E28,-3.697314E28,-3.697314E28,Port 0x02: JJH T tibia tracker  s/n:3E4C8800,651119638,1778077593.968787374,1,OK,0.4485008,0.1955084,0.1318207,-0.8621176,91.843,-64.687,-1562.165,0.2253873,3,OK,91.700,-64.877,-1562.287,OK,35.583,10.722,-1541.856,OK,138.776,0.265,-1521.183,Port 0x03: JJH Y femur tracker  s/n:3E4C8801,651119638,1778077593.968787374,1,OK,0.9315534,0.2188051,0.2813262,-0.0720286,-197.007,-110.568,-1543.922,0.2070440,3,OK,-196.814,-110.574,-1544.054,OK,-224.794,-37.974,-1481.957,OK,-274.706,-109.585,-1492.021
3,Port 0x01: JJH Probe  s/n:3E4C880C,651119641,1778077594.018787373,1,Too Few Markers,-3.697314E28,-3.697314E28,-3.697314E28,-3.697314E28,-3.697314E28,-3.697314E28,-3.697314E28,0.0000000,3,Missing,-3.697314E28,-3.697314E28,-3.697314E28,Missing,-3.697314E28,-3.697314E28,-3.697314E28,Missing,-3.697314E28,-3.697314E28,-3.697314E28,Port 0x02: JJH T tibia tracker  s/n:3E4C8800,651119641,1778077594.018787373,1,OK,0.4485567,0.1953145,0.1313592,-0.8622029,91.845,-64.952,-1562.064,0.2082417,3,OK,91.706,-65.117,-1562.173,OK,35.590,10.473,-1541.839,OK,138.780,0.018,-1521.153,Port 0x03: JJH Y femur tracker  s/n:3E4C8801,651119641,1778077594.018787373,1,OK,0.9314691,0.2186460,0.2817332,-0.0720115,-197.029,-110.815,-1543.978,0.2204649,3,OK,-196.817,-110.833,-1544.129,OK,-224.799,-38.217,-1481.996,OK,-274.691,-109.831,-1492.002
3,Port 0x01: JJH Probe  s/n:3E4C880C,651119644,1778077594.068787373,1,Too Few Markers,-3.697314E28,-3.697314E28,-3.697314E28,-3.697314E28,-3.697314E28,-3.697314E28,-3.697314E28,0.0000000,3,Missing,-3.697314E28,-3.697314E28,-3.697314E28,Missing,-3.697314E28,-3.697314E28,-3.697314E28,Missing,-3.697314E28,-3.697314E28,-3.697314E28,Port 0x02: JJH T tibia tracker  s/n:3E4C8800,651119644,1778077594.068787373,1,OK,0.4485731,0.1951719,0.1311492,-0.8622586,91.803,-64.727,-1562.013,0.1843716,3,OK,91.672,-64.860,-1562.106,OK,35.559,10.703,-1541.826,OK,138.733,0.240,-1521.152,Port 0x03: JJH Y femur tracker  s/n:3E4C8801,651119644,1778077594.068787373,1,OK,0.9314409,0.2189586,0.2815873,-0.0719977,-197.057,-110.560,-1543.961,0.2192256,3,OK,-196.849,-110.586,-1544.114,OK,-224.829,-37.980,-1481.938,OK,-274.731,-109.596,-1492.014
3,Port 0x01: JJH Probe  s/n:3E4C880C,651119647,1778077594.118787370,1,Too Few Markers,-3.697314E28,-3.697314E28,-3.697314E28,-3.697314E28,-3.697314E28,-3.697314E28,-3.697314E28,0.0000000,3,Missing,-3.697314E28,-3.697314E28,-3.697314E28,Missing,-3.697314E28,-3.697314E28,-3.697314E28,Missing,-3.697314E28,-3.697314E28,-3.697314E28,Port 0x02: JJH T tibia tracker  s/n:3E4C8800,651119647,1778077594.118787370,1,OK,0.4485633,0.1954661,0.1313518,-0.8621663,91.870,-64.892,-1562.067,0.2168871,3,OK,91.729,-65.068,-1562.181,OK,35.607,10.535,-1541.846,OK,138.798,0.081,-1521.129,Port 0x03: JJH Y femur tracker  s/n:3E4C8801,651119647,1778077594.118787370,1,OK,0.9314067,0.2188905,0.2817331,-0.0720754,-197.019,-110.733,-1543.983,0.2221744,3,OK,-196.808,-110.760,-1544.139,OK,-224.768,-38.143,-1481.959,OK,-274.678,-109.757,-1492.007
3,Port 0x01: JJH Probe  s/n:3E4C880C,651119650,1778077594.168787370,1,Too Few Markers,-3.697314E28,-3.697314E28,-3.697314E28,-3.697314E28,-3.697314E28,-3.697314E28,-3.697314E28,0.0000000,3,Missing,-3.697314E28,-3.697314E28,-3.697314E28,Missing,-3.697314E28,-3.697314E28,-3.697314E28,Missing,-3.697314E28,-3.697314E28,-3.697314E28,Port 0x02: JJH T tibia tracker  s/n:3E4C8800,651119650,1778077594.168787370,1,OK,0.4485484,0.1953911,0.1310805,-0.8622323,91.826,-64.694,-1562.008,0.2017233,3,OK,91.685,-64.842,-1562.109,OK,35.578,10.740,-1541.839,OK,138.760,0.278,-1521.109,Port 0x03: JJH Y femur tracker  s/n:3E4C8801,651119650,1778077594.168787370,1,OK,0.9314633,0.2188279,0.2816136,-0.0720024,-197.035,-110.541,-1543.939,0.2158340,3,OK,-196.829,-110.557,-1544.084,OK,-224.806,-37.959,-1481.941,OK,-274.707,-109.568,-1491.985
3,Port 0x01: JJH Probe  s/n:3E4C880C,651119653,1778077594.218787369,1,Too Few Markers,-3.697314E28,-3.697314E28,-3.697314E28,-3.697314E28,-3.697314E28,-3.697314E28,-3.697314E28,0.0000000,3,Missing,-3.697314E28,-3.697314E28,-3.697314E28,Missing,-3.697314E28,-3.697314E28,-3.697314E28,Missing,-3.697314E28,-3.697314E28,-3.697314E28,Port 0x02: JJH T tibia tracker  s/n:3E4C8800,651119653,1778077594.218787369,1,OK,0.4485964,0.1953270,0.1310867,-0.8622209,91.831,-64.775,-1561.994,0.1946593,3,OK,91.697,-64.918,-1562.092,OK,35.574,10.657,-1541.824,OK,138.758,0.198,-1521.109,Port 0x03: JJH Y femur tracker  s/n:3E4C8801,651119653,1778077594.218787369,1,OK,0.9315156,0.2187697,0.2814882,-0.0719929,-197.032,-110.630,-1543.953,0.2165373,3,OK,-196.827,-110.643,-1544.097,OK,-224.817,-38.039,-1481.974,OK,-274.720,-109.652,-1492.019
3,Port 0x01: JJH Probe  s/n:3E4C880C,651119656,1778077594.268787369,1,Too Few Markers,-3.697314E28,-3.697314E28,-3.697314E28,-3.697314E28,-3.697314E28,-3.697314E28,-3.697314E28,0.0000000,3,Missing,-3.697314E28,-3.697314E28,-3.697314E28,Missing,-3.697314E28,-3.697314E28,-3.697314E28,Missing,-3.697314E28,-3.697314E28,-3.697314E28,Port 0x02: JJH T tibia tracker  s/n:3E4C8800,651119656,1778077594.268787369,1,OK,0.4485235,0.1953507,0.1315666,-0.8621804,91.822,-64.697,-1562.018,0.2010697,3,OK,91.691,-64.860,-1562.124,OK,35.571,10.722,-1541.752,OK,138.750,0.254,-1521.090,Port 0x03: JJH Y femur tracker  s/n:3E4C8801,651119656,1778077594.268787369,1,OK,0.9315300,0.2188680,0.2813720,-0.0719621,-197.030,-110.535,-1543.948,0.2074514,3,OK,-196.835,-110.548,-1544.084,OK,-224.826,-37.952,-1481.963,OK,-274.723,-109.566,-1492.041
3,Port 0x01: JJH Probe  s/n:3E4C880C,651119659,1778077594.318787369,1,Too Few Markers,-3.697314E28,-3.697314E28,-3.697314E28,-3.697314E28,-3.697314E28,-3.697314E28,-3.697314E28,0.0000000,3,Missing,-3.697314E28,-3.697314E28,-3.697314E28,Missing,-3.697314E28,-3.697314E28,-3.697314E28,Missing,-3.697314E28,-3.697314E28,-3.697314E28,Port 0x02: JJH T tibia tracker  s/n:3E4C8800,651119659,1778077594.318787369,1,OK,0.4485151,0.1954180,0.1315505,-0.8621720,91.848,-64.675,-1561.998,0.2072002,3,OK,91.710,-64.839,-1562.106,OK,35.592,10.742,-1541.739,OK,138.782,0.276,-1521.058,Port 0x03: JJH Y femur tracker  s/n:3E4C8801,651119659,1778077594.318787369,1,OK,0.9315390,0.2186728,0.2814852,-0.0719958,-197.008,-110.509,-1543.912,0.2063043,3,OK,-196.814,-110.511,-1544.041,OK,-224.791,-37.916,-1481.956,OK,-274.691,-109.528,-1491.984
3,Port 0x01: JJH Probe  s/n:3E4C880C,651119662,1778077594.368787370,1,Too Few Markers,-3.697314E28,-3.697314E28,-3.697314E28,-3.697314E28,-3.697314E28,-3.697314E28,-3.697314E28,0.0000000,3,Missing,-3.697314E28,-3.697314E28,-3.697314E28,Missing,-3.697314E28,-3.697314E28,-3.697314E28,Missing,-3.697314E28,-3.697314E28,-3.697314E28,Port 0x02: JJH T tibia tracker  s/n:3E4C8800,651119662,1778077594.368787370,1,OK,0.4485495,0.1954002,0.1315242,-0.8621621,91.840,-64.659,-1561.998,0.1953142,3,OK,91.709,-64.811,-1562.099,OK,35.579,10.755,-1541.746,OK,138.763,0.287,-1521.069,Port 0x03: JJH Y femur tracker  s/n:3E4C8801,651119662,1778077594.368787370,1,OK,0.9314045,0.2187749,0.2818379,-0.0720455,-197.058,-110.485,-1543.957,0.2283292,3,OK,-196.838,-110.507,-1544.116,OK,-224.809,-37.901,-1481.947,OK,-274.715,-109.506,-1491.958
3,Port 0x01: JJH Probe  s/n:3E4C880C,651119665,1778077594.418787370,1,Too Few Markers,-3.697314E28,-3.697314E28,-3.697314E28,-3.697314E28,-3.697314E28,-3.697314E28,-3.697314E28,0.0000000,3,Missing,-3.697314E28,-3.697314E28,-3.697314E28,Missing,-3.697314E28,-3.697314E28,-3.697314E28,Missing,-3.697314E28,-3.697314E28,-3.697314E28,Port 0x02: JJH T tibia tracker  s/n:3E4C8800,651119665,1778077594.418787370,1,OK,0.4484679,0.1956877,0.1317566,-0.8621039,91.818,-64.629,-1562.017,0.2147751,3,OK,91.677,-64.802,-1562.130,OK,35.557,10.778,-1541.727,OK,138.745,0.302,-1521.018,Port 0x03: JJH Y femur tracker  s/n:3E4C8801,651119665,1778077594.418787370,1,OK,0.9314815,0.2185360,0.2817821,-0.0719933,-197.061,-110.470,-1543.926,0.2216266,3,OK,-196.846,-110.479,-1544.073,OK,-224.832,-37.877,-1481.963,OK,-274.722,-109.483,-1491.938
3,Port 0x01: JJH Probe  s/n:3E4C880C,651119668,1778077594.468787369,1,Too Few Markers,-3.697314E28,-3.697314E28,-3.697314E28,-3.697314E28,-3.697314E28,-3.697314E28,-3.697314E28,0.0000000,3,Missing,-3.697314E28,-3.697314E28,-3.697314E28,Missing,-3.697314E28,-3.697314E28,-3.697314E28,Missing,-3.697314E28,-3.697314E28,-3.697314E28,Port 0x02: JJH T tibia tracker  s/n:3E4C8800,651119668,1778077594.468787369,1,OK,0.4485121,0.1955036,0.1313044,-0.8621916,91.843,-64.619,-1561.931,0.1963967,3,OK,91.712,-64.770,-1562.032,OK,35.589,10.812,-1541.721,OK,138.768,0.329,-1521.003,Port 0x03: JJH Y femur tracker  s/n:3E4C8801,651119668,1778077594.468787369,1,OK,0.9315468,0.2186146,0.2815174,-0.0719454,-197.006,-110.431,-1543.886,0.2082109,3,OK,-196.809,-110.433,-1544.018,OK,-224.798,-37.837,-1481.935,OK,-274.689,-109.455,-1491.954
3,Port 0x01: JJH Probe  s/n:3E4C880C,651119671,1778077594.518787369,1,Too Few Markers,-3.697314E28,-3.697314E28,-3.697314E28,-3.697314E28,-3.697314E28,-3.697314E28,-3.697314E28,0.0000000,3,Missing,-3.697314E28,-3.697314E28,-3.697314E28,Missing,-3.697314E28,-3.697314E28,-3.697314E28,Missing,-3.697314E28,-3.697314E28,-3.697314E28,Port 0x02: JJH T tibia tracker  s/n:3E4C8800,651119671,1778077594.518787369,1,OK,0.4484854,0.1957739,0.1317959,-0.8620692,91.834,-64.519,-1561.998,0.2179755,3,OK,91.695,-64.701,-1562.115,OK,35.567,10.887,-1541.701,OK,138.748,0.413,-1520.982,Port 0x03: JJH Y femur tracker  s/n:3E4C8801,651119671,1778077594.518787369,1,OK,0.9314726,0.2188354,0.2815787,-0.0719950,-197.045,-110.344,-1543.909,0.2154187,3,OK,-196.840,-110.359,-1544.053,OK,-224.819,-37.762,-1481.913,OK,-274.721,-109.374,-1491.962
3,Port 0x01: JJH Probe  s/n:3E4C880C,651119674,1778077594.568787369,1,Too Few Markers,-3.697314E28,-3.697314E28,-3.697314E28,-3.697314E28,-3.697314E28,-3.697314E28,-3.697314E28,0.0000000,3,Missing,-3.697314E28,-3.697314E28,-3.697314E28,Missing,-3.697314E28,-3.697314E28,-3.697314E28,Missing,-3.697314E28,-3.697314E28,-3.697314E28,Port 0x02: JJH T tibia tracker  s/n:3E4C8800,651119674,1778077594.568787369,1,OK,0.4484691,0.1954099,0.1317561,-0.8621663,91.817,-64.545,-1561.952,0.2059872,3,OK,91.684,-64.714,-1562.061,OK,35.567,10.870,-1541.651,OK,138.753,0.392,-1521.000,Port 0x03: JJH Y femur tracker  s/n:3E4C8801,651119674,1778077594.568787369,1,OK,0.9315115,0.2186315,0.2815964,-0.0720419,-197.040,-110.368,-1543.880,0.2169342,3,OK,-196.833,-110.372,-1544.019,OK,-224.808,-37.771,-1481.922,OK,-274.719,-109.379,-1491.925
3,Port 0x01: JJH Probe  s/n:3E4C880C,651119677,1778077594.618787370,1,Too Few Markers,-3.697314E28,-3.697314E28,-3.697314E28,-3.697314E28,-3.697314E28,-3.697314E28,-3.697314E28,0.0000000,3,Missing,-3.697314E28,-3.697314E28,-3.697314E28,Missing,-3.697314E28,-3.697314E28,-3.697314E28,Missing,-3.697314E28,-3.697314E28,-3.697314E28,Port 0x02: JJH T tibia tracker  s/n:3E4C8800,651119677,1778077594.618787370,1,OK,0.4484985,0.1954869,0.1312333,-0.8622133,91.811,-64.486,-1561.842,0.1988516,3,OK,91.672,-64.632,-1561.942,OK,35.566,10.942,-1541.645,OK,138.743,0.467,-1520.919,Port 0x03: JJH Y femur tracker  s/n:3E4C8801,651119677,1778077594.618787370,1,OK,0.9312565,0.2191340,0.2820469,-0.0720493,-197.083,-110.256,-1543.953,0.2318390,3,OK,-196.859,-110.298,-1544.126,OK,-224.809,-37.698,-1481.858,OK,-274.708,-109.301,-1491.922
3,Port 0x01: JJH Probe  s/n:3E4C880C,651119680,1778077594.668787370,1,Too Few Markers,-3.697314E28,-3.697314E28,-3.697314E28,-3.697314E28,-3.697314E28,-3.697314E28,-3.697314E28,0.0000000,3,Missing,-3.697314E28,-3.697314E28,-3.697314E28,Missing,-3.697314E28,-3.697314E28,-3.697314E28,Missing,-3.697314E28,-3.697314E28,-3.697314E28,Port 0x02: JJH T tibia tracker  s/n:3E4C8800,651119680,1778077594.668787370,1,OK,0.4485173,0.1951331,0.1310180,-0.8623164,91.814,-64.511,-1561.808,0.1836275,3,OK,91.684,-64.639,-1561.898,OK,35.580,10.934,-1541.643,OK,138.762,0.454,-1520.963,Port 0x03: JJH Y femur tracker  s/n:3E4C8801,651119680,1778077594.668787370,1,OK,0.9313926,0.2189027,0.2817868,-0.0720119,-197.050,-110.277,-1543.926,0.2195571,3,OK,-196.841,-110.302,-1544.080,OK,-224.804,-37.698,-1481.897,OK,-274.703,-109.314,-1491.946
3,Port 0x01: JJH Probe  s/n:3E4C880C,651119683,1778077594.718787369,1,Too Few Markers,-3.697314E28,-3.697314E28,-3.697314E28,-3.697314E28,-3.697314E28,-3.697314E28,-3.697314E28,0.0000000,3,Missing,-3.697314E28,-3.697314E28,-3.697314E28,Missing,-3.697314E28,-3.697314E28,-3.697314E28,Missing,-3.697314E28,-3.697314E28,-3.697314E28,Port 0x02: JJH T tibia tracker  s/n:3E4C8800,651119683,1778077594.718787369,1,OK,0.4484192,0.1956150,0.1317355,-0.8621489,91.797,-64.473,-1561.891,0.2104795,3,OK,91.653,-64.638,-1562.001,OK,35.555,10.936,-1541.601,OK,138.731,0.455,-1520.907,Port 0x03: JJH Y femur tracker  s/n:3E4C8801,651119683,1778077594.718787369,1,OK,0.9314761,0.2187703,0.2816084,-0.0720315,-197.051,-110.277,-1543.875,0.2151895,3,OK,-196.847,-110.290,-1544.018,OK,-224.819,-37.687,-1481.888,OK,-274.724,-109.298,-1491.922
3,Port 0x01: JJH Probe  s/n:3E4C880C,651119686,1778077594.768787369,1,Too Few Markers,-3.697314E28,-3.697314E28,-3.697314E28,-3.697314E28,-3.697314E28,-3.697314E28,-3.697314E28,0.0000000,3,Missing,-3.697314E28,-3.697314E28,-3.697314E28,Missing,-3.697314E28,-3.697314E28,-3.697314E28,Missing,-3.697314E28,-3.697314E28,-3.697314E28,Port 0x02: JJH T tibia tracker  s/n:3E4C8800,651119686,1778077594.768787369,1,OK,0.4484472,0.1957103,0.1317526,-0.8621101,91.808,-64.474,-1561.879,0.2082566,3,OK,91.669,-64.639,-1561.988,OK,35.554,10.933,-1541.589,OK,138.731,0.450,-1520.881,Port 0x03: JJH Y femur tracker  s/n:3E4C8801,651119686,1778077594.768787369,1,OK,0.9313340,0.2189577,0.2819333,-0.0720281,-197.084,-110.270,-1543.936,0.2288267,3,OK,-196.861,-110.300,-1544.102,OK,-224.829,-37.706,-1481.885,OK,-274.725,-109.301,-1491.921
3,Port 0x01: JJH Probe  s/n:3E4C880C,651119689,1778077594.818787369,1,Too Few Markers,-3.697314E28,-3.697314E28,-3.697314E28,-3.697314E28,-3.697314E28,-3.697314E28,-3.697314E28,0.0000000,3,Missing,-3.697314E28,-3.697314E28,-3.697314E28,Missing,-3.697314E28,-3.697314E28,-3.697314E28,Missing,-3.697314E28,-3.697314E28,-3.697314E28,Port 0x02: JJH T tibia tracker  s/n:3E4C8800,651119689,1778077594.818787369,1,OK,0.4484359,0.1955508,0.1314222,-0.8622026,91.826,-64.500,-1561.830,0.2022609,3,OK,91.687,-64.654,-1561.934,OK,35.588,10.927,-1541.597,OK,138.761,0.439,-1520.883,Port 0x03: JJH Y femur tracker  s/n:3E4C8801,651119689,1778077594.818787369,1,OK,0.9313183,0.2188937,0.2820334,-0.0720345,-197.067,-110.271,-1543.952,0.2407295,3,OK,-196.834,-110.302,-1544.125,OK,-224.801,-37.698,-1481.901,OK,-274.711,-109.308,-1491.915
3,Port 0x01: JJH Probe  s/n:3E4C880C,651119692,1778077594.868787370,1,Too Few Markers,-3.697314E28,-3.697314E28,-3.697314E28,-3.697314E28,-3.697314E28,-3.697314E28,-3.697314E28,0.0000000,3,Missing,-3.697314E28,-3.697314E28,-3.697314E28,Missing,-3.697314E28,-3.697314E28,-3.697314E28,Missing,-3.697314E28,-3.697314E28,-3.697314E28,Port 0x02: JJH T tibia tracker  s/n:3E4C8800,651119692,1778077594.868787370,1,OK,0.4484031,0.1956271,0.1320327,-0.8621091,91.812,-64.531,-1561.936,0.2135563,3,OK,91.673,-64.707,-1562.050,OK,35.564,10.868,-1541.589,OK,138.746,0.384,-1520.927,Port 0x03: JJH Y femur tracker  s/n:3E4C8801,651119692,1778077594.868787370,1,OK,0.9314146,0.2188257,0.2817686,-0.0720313,-197.063,-110.336,-1543.926,0.2194114,3,OK,-196.851,-110.350,-1544.074,OK,-224.817,-37.763,-1481.919,OK,-274.721,-109.360,-1491.942
3,Port 0x01: JJH Probe  s/n:3E4C880C,651119695,1778077594.918787370,1,Too Few Markers,-3.697314E28,-3.697314E28,-3.697314E28,-3.697314E28,-3.697314E28,-3.697314E28,-3.697314E28,0.0000000,3,Missing,-3.697314E28,-3.697314E28,-3.697314E28,Missing,-3.697314E28,-3.697314E28,-3.697314E28,Missing,-3.697314E28,-3.697314E28,-3.697314E28,Port 0x02: JJH T tibia tracker  s/n:3E4C8800,651119695,1778077594.918787370,1,OK,0.4484270,0.1957934,0.1319316,-0.8620744,91.813,-64.526,-1561.930,0.2213287,3,OK,91.673,-64.711,-1562.049,OK,35.552,10.878,-1541.607,OK,138.739,0.394,-1520.900,Port 0x03: JJH Y femur tracker  s/n:3E4C8801,651119695,1778077594.918787370,1,OK,0.9314041,0.2188990,0.2817543,-0.0720004,-197.073,-110.311,-1543.923,0.2271859,3,OK,-196.853,-110.332,-1544.081,OK,-224.835,-37.742,-1481.900,OK,-274.737,-109.342,-1491.938
3,Port 0x01: JJH Probe  s/n:3E4C880C,651119698,1778077594.968787369,1,Too Few Markers,-3.697314E28,-3.697314E28,-3.697314E28,-3.697314E28,-3.697314E28,-3.697314E28,-3.697314E28,0.0000000,3,Missing,-3.697314E28,-3.697314E28,-3.697314E28,Missing,-3.697314E28,-3.697314E28,-3.697314E28,Missing,-3.697314E28,-3.697314E28,-3.697314E28,Port 0x02: JJH T tibia tracker  s/n:3E4C8800,651119698,1778077594.968787369,1,OK,0.4484063,0.1958371,0.1321057,-0.8620486,91.847,-64.546,-1561.932,0.2186773,3,OK,91.708,-64.731,-1562.050,OK,35.589,10.849,-1541.576,OK,138.766,0.362,-1520.884,Port 0x03: JJH Y femur tracker  s/n:3E4C8801,651119698,1778077594.968787369,1,OK,0.9314807,0.2189097,0.2814880,-0.0720193,-197.022,-110.346,-1543.914,0.2141510,3,OK,-196.817,-110.362,-1544.059,OK,-224.801,-37.769,-1481.914,OK,-274.704,-109.367,-1491.980
3,Port 0x01: JJH Probe  s/n:3E4C880C,651119701,1778077595.018787369,1,Too Few Markers,-3.697314E28,-3.697314E28,-3.697314E28,-3.697314E28,-3.697314E28,-3.697314E28,-3.697314E28,0.0000000,3,Missing,-3.697314E28,-3.697314E28,-3.697314E28,Missing,-3.697314E28,-3.697314E28,-3.697314E28,Missing,-3.697314E28,-3.697314E28,-3.697314E28,Port 0x02: JJH T tibia tracker  s/n:3E4C8800,651119701,1778077595.018787369,1,OK,0.4484300,0.1959110,0.1320242,-0.8620320,91.844,-64.432,-1561.904,0.2163523,3,OK,91.699,-64.603,-1562.018,OK,35.579,10.955,-1541.572,OK,138.762,0.476,-1520.852,Port 0x03: JJH Y femur tracker  s/n:3E4C8801,651119701,1778077595.018787369,1,OK,0.9314308,0.2189403,0.2816213,-0.0720499,-197.043,-110.233,-1543.885,0.2187708,3,OK,-196.834,-110.250,-1544.034,OK,-224.801,-37.657,-1481.870,OK,-274.715,-109.258,-1491.927
3,Port 0x01: JJH Probe  s/n:3E4C880C,651119704,1778077595.068787369,1,Too Few Markers,-3.697314E28,-3.697314E28,-3.697314E28,-3.697314E28,-3.697314E28,-3.697314E28,-3.697314E28,0.0000000,3,Missing,-3.697314E28,-3.697314E28,-3.697314E28,Missing,-3.697314E28,-3.697314E28,-3.697314E28,Missing,-3.697314E28,-3.697314E28,-3.697314E28,Port 0x02: JJH T tibia tracker  s/n:3E4C8800,651119704,1778077595.068787369,1,OK,0.4484114,0.1957225,0.1317667,-0.8621238,91.794,-64.435,-1561.864,0.2077221,3,OK,91.657,-64.602,-1561.974,OK,35.547,10.976,-1541.570,OK,138.720,0.484,-1520.864,Port 0x03: JJH Y femur tracker  s/n:3E4C8801,651119704,1778077595.068787369,1,OK,0.9313334,0.2191066,0.2818224,-0.0720180,-197.096,-110.210,-1543.927,0.2250424,3,OK,-196.881,-110.246,-1544.092,OK,-224.845,-37.646,-1481.857,OK,-274.744,-109.254,-1491.938
3,Port 0x01: JJH Probe  s/n:3E4C880C,651119707,1778077595.118787372,1,Too Few Markers,-3.697314E28,-3.697314E28,-3.697314E28,-3.697314E28,-3.697314E28,-3.697314E28,-3.697314E28,0.0000000,3,Missing,-3.697314E28,-3.697314E28,-3.697314E28,Missing,-3.697314E28,-3.697314E28,-3.697314E28,Missing,-3.697314E28,-3.697314E28,-3.697314E28,Port 0x02: JJH T tibia tracker  s/n:3E4C8800,651119707,1778077595.118787372,1,OK,0.4484153,0.1959073,0.1318547,-0.8620663,91.835,-64.427,-1561.884,0.2091862,3,OK,91.693,-64.589,-1561.993,OK,35.578,10.969,-1541.582,OK,138.752,0.480,-1520.849,Port 0x03: JJH Y femur tracker  s/n:3E4C8801,651119707,1778077595.118787372,1,OK,0.9313349,0.2190334,0.2818697,-0.0720354,-197.057,-110.203,-1543.928,0.2266463,3,OK,-196.839,-110.229,-1544.088,OK,-224.797,-37.641,-1481.874,OK,-274.706,-109.243,-1491.927
3,Port 0x01: JJH Probe  s/n:3E4C880C,651119710,1778077595.168787372,1,Too Few Markers,-3.697314E28,-3.697314E28,-3.697314E28,-3.697314E28,-3.697314E28,-3.697314E28,-3.697314E28,0.0000000,3,Missing,-3.697314E28,-3.697314E28,-3.697314E28,Missing,-3.697314E28,-3.697314E28,-3.697314E28,Missing,-3.697314E28,-3.697314E28,-3.697314E28,Port 0x02: JJH T tibia tracker  s/n:3E4C8800,651119710,1778077595.168787372,1,OK,0.4484464,0.1959489,0.1318723,-0.8620380,91.838,-64.392,-1561.880,0.2108697,3,OK,91.696,-64.557,-1561.990,OK,35.571,11.000,-1541.577,OK,138.748,0.517,-1520.836,Port 0x03: JJH Y femur tracker  s/n:3E4C8801,651119710,1778077595.168787372,1,OK,0.9313602,0.2191854,0.2816640,-0.0720510,-197.059,-110.171,-1543.919,0.2216327,3,OK,-196.851,-110.203,-1544.077,OK,-224.806,-37.602,-1481.852,OK,-274.723,-109.216,-1491.960
3,Port 0x01: JJH Probe  s/n:3E4C880C,651119713,1778077595.218787372,1,Too Few Markers,-3.697314E28,-3.697314E28,-3.697314E28,-3.697314E28,-3.697314E28,-3.697314E28,-3.697314E28,0.0000000,3,Missing,-3.697314E28,-3.697314E28,-3.697314E28,Missing,-3.697314E28,-3.697314E28,-3.697314E28,Missing,-3.697314E28,-3.697314E28,-3.697314E28,Port 0x02: JJH T tibia tracker  s/n:3E4C8800,651119713,1778077595.218787372,1,OK,0.4484624,0.1955205,0.1313875,-0.8622010,91.795,-64.490,-1561.828,0.1961031,3,OK,91.658,-64.636,-1561.928,OK,35.553,10.934,-1541.603,OK,138.726,0.449,-1520.892,Port 0x03: JJH Y femur tracker  s/n:3E4C8801,651119713,1778077595.218787372,1,OK,0.9313985,0.2189239,0.2817552,-0.0719942,-197.076,-110.242,-1543.906,0.2216687,3,OK,-196.866,-110.261,-1544.056,OK,-224.829,-37.668,-1481.880,OK,-274.739,-109.287,-1491.929
3,Port 0x01: JJH Probe  s/n:3E4C880C,651119716,1778077595.268787372,1,Too Few Markers,-3.697314E28,-3.697314E28,-3.697314E28,-3.697314E28,-3.697314E28,-3.697314E28,-3.697314E28,0.0000000,3,Missing,-3.697314E28,-3.697314E28,-3.697314E28,Missing,-3.697314E28,-3.697314E28,-3.697314E28,Missing,-3.697314E28,-3.697314E28,-3.697314E28,Port 0x02: JJH T tibia tracker  s/n:3E4C8800,651119716,1778077595.268787372,1,OK,0.4483929,0.1956192,0.1316758,-0.8621708,91.791,-64.436,-1561.818,0.2001765,3,OK,91.647,-64.578,-1561.917,OK,35.551,10.970,-1541.543,OK,138.733,0.480,-1520.842,Port 0x03: JJH Y femur tracker  s/n:3E4C8801,651119716,1778077595.268787372,1,OK,0.9314051,0.2190379,0.2816429,-0.0720013,-197.069,-110.205,-1543.923,0.2208488,3,OK,-196.860,-110.228,-1544.075,OK,-224.830,-37.635,-1481.886,OK,-274.741,-109.249,-1491.965
3,Port 0x01: JJH Probe  s/n:3E4C880C,651119719,1778077595.318787372,1,Too Few Markers,-3.697314E28,-3.697314E28,-3.697314E28,-3.697314E28,-3.697314E28,-3.697314E28,-3.697314E28,0.0000000,3,Missing,-3.697314E28,-3.697314E28,-3.697314E28,Missing,-3.697314E28,-3.697314E28,-3.697314E28,Missing,-3.697314E28,-3.697314E28,-3.697314E28,Port 0x02: JJH T tibia tracker  s/n:3E4C8800,651119719,1778077595.318787372,1,OK,0.4483482,0.1965965,0.1323445,-0.8618693,91.868,-64.412,-1561.931,0.2378463,3,OK,91.718,-64.613,-1562.060,OK,35.585,10.963,-1541.553,OK,138.759,0.461,-1520.743,Port 0x03: JJH Y femur tracker  s/n:3E4C8801,651119719,1778077595.318787372,1,OK,0.9313675,0.2189898,0.2818079,-0.0719881,-197.042,-110.202,-1543.917,0.2223445,3,OK,-196.830,-110.231,-1544.074,OK,-224.796,-37.633,-1481.870,OK,-274.694,-109.248,-1491.932
3,Port 0x01: JJH Probe  s/n:3E4C880C,651119722,1778077595.368787372,1,Too Few Markers,-3.697314E28,-3.697314E28,-3.697314E28,-3.697314E28,-3.697314E28,-3.697314E28,-3.697314E28,0.0000000,3,Missing,-3.697314E28,-3.697314E28,-3.697314E28,Missing,-3.697314E28,-3.697314E28,-3.697314E28,Missing,-3.697314E28,-3.697314E28,-3.697314E28,Port 0x02: JJH T tibia tracker  s/n:3E4C8800,651119722,1778077595.368787372,1,OK,0.4484311,0.1957222,0.1316801,-0.8621268,91.797,-64.409,-1561.839,0.2024470,3,OK,91.656,-64.561,-1561.942,OK,35.546,10.997,-1541.565,OK,138.723,0.509,-1520.847,Port 0x03: JJH Y femur tracker  s/n:3E4C8801,651119722,1778077595.368787372,1,OK,0.9314123,0.2188340,0.2817712,-0.0720257,-197.079,-110.185,-1543.916,0.2184727,3,OK,-196.870,-110.199,-1544.063,OK,-224.831,-37.608,-1481.907,OK,-274.738,-109.216,-1491.934
3,Port 0x01: JJH Probe  s/n:3E4C880C,651119725,1778077595.418787372,1,Too Few Markers,-3.697314E28,-3.697314E28,-3.697314E28,-3.697314E28,-3.697314E28,-3.697314E28,-3.697314E28,0.0000000,3,Missing,-3.697314E28,-3.697314E28,-3.697314E28,Missing,-3.697314E28,-3.697314E28,-3.697314E28,Missing,-3.697314E28,-3.697314E28,-3.697314E28,Port 0x02: JJH T tibia tracker  s/n:3E4C8800,651119725,1778077595.418787372,1,OK,0.4484299,0.1960168,0.1320591,-0.8620026,91.819,-64.407,-1561.880,0.2168190,3,OK,91.679,-64.585,-1561.996,OK,35.548,10.981,-1541.542,OK,138.727,0.494,-1520.810,Port 0x03: JJH Y femur tracker  s/n:3E4C8801,651119725,1778077595.418787372,1,OK,0.9313185,0.2190687,0.2818960,-0.0720378,-197.099,-110.184,-1543.949,0.2265602,3,OK,-196.881,-110.216,-1544.113,OK,-224.838,-37.622,-1481.882,OK,-274.741,-109.224,-1491.944
3,Port 0x01: JJH Probe  s/n:3E4C880C,651119728,1778077595.468787372,1,Too Few Markers,-3.697314E28,-3.697314E28,-3.697314E28,-3.697314E28,-3.697314E28,-3.697314E28,-3.697314E28,0.0000000,3,Missing,-3.697314E28,-3.697314E28,-3.697314E28,Missing,-3.697314E28,-3.697314E28,-3.697314E28,Missing,-3.697314E28,-3.697314E28,-3.697314E28,Port 0x02: JJH T tibia tracker  s/n:3E4C8800,651119728,1778077595.468787372,1,OK,0.4484060,0.1959271,0.1320272,-0.8620403,91.843,-64.404,-1561.853,0.2100878,3,OK,91.704,-64.574,-1561.964,OK,35.582,10.988,-1541.518,OK,138.756,0.495,-1520.802,Port 0x03: JJH Y femur tracker  s/n:3E4C8801,651119728,1778077595.468787372,1,OK,0.9313831,0.2188941,0.2818262,-0.0720060,-197.050,-110.174,-1543.888,0.2241639,3,OK,-196.834,-110.195,-1544.044,OK,-224.803,-37.605,-1481.861,OK,-274.704,-109.209,-1491.895
3,Port 0x01: JJH Probe  s/n:3E4C880C,651119731,1778077595.518787372,1,Too Few Markers,-3.697314E28,-3.697314E28,-3.697314E28,-3.697314E28,-3.697314E28,-3.697314E28,-3.697314E28,0.0000000,3,Missing,-3.697314E28,-3.697314E28,-3.697314E28,Missing,-3.697314E28,-3.697314E28,-3.697314E28,Missing,-3.697314E28,-3.697314E28,-3.697314E28,Port 0x02: JJH T tibia tracker  s/n:3E4C8800,651119731,1778077595.518787372,1,OK,0.4484465,0.1957167,0.1317740,-0.8621057,91.814,-64.435,-1561.824,0.2122175,3,OK,91.672,-64.602,-1561.935,OK,35.559,10.969,-1541.531,OK,138.740,0.491,-1520.821,Port 0x03: JJH Y femur tracker  s/n:3E4C8801,651119731,1778077595.518787372,1,OK,0.9313476,0.2189931,0.2818680,-0.0720006,-197.076,-110.196,-1543.917,0.2287778,3,OK,-196.856,-110.224,-1544.079,OK,-224.824,-37.632,-1481.866,OK,-274.728,-109.239,-1491.915
3,Port 0x01: JJH Probe  s/n:3E4C880C,651119734,1778077595.568787372,1,Too Few Markers,-3.697314E28,-3.697314E28,-3.697314E28,-3.697314E28,-3.697314E28,-3.697314E28,-3.697314E28,0.0000000,3,Missing,-3.697314E28,-3.697314E28,-3.697314E28,Missing,-3.697314E28,-3.697314E28,-3.697314E28,Missing,-3.697314E28,-3.697314E28,-3.697314E28,Port 0x02: JJH T tibia tracker  s/n:3E4C8800,651119734,1778077595.568787372,1,OK,0.4484348,0.1960853,0.1318835,-0.8620113,91.813,-64.402,-1561.864,0.2206613,3,OK,91.667,-64.580,-1561.980,OK,35.546,10.992,-1541.561,OK,138.719,0.509,-1520.794,Port 0x03: JJH Y femur tracker  s/n:3E4C8801,651119734,1778077595.568787372,1,OK,0.9313670,0.2189309,0.2818487,-0.0720143,-197.090,-110.178,-1543.925,0.2261264,3,OK,-196.871,-110.205,-1544.087,OK,-224.841,-37.608,-1481.886,OK,-274.740,-109.212,-1491.928
3,Port 0x01: JJH Probe  s/n:3E4C880C,651119737,1778077595.618787372,1,Too Few Markers,-3.697314E28,-3.697314E28,-3.697314E28,-3.697314E28,-3.697314E28,-3.697314E28,-3.697314E28,0.0000000,3,Missing,-3.697314E28,-3.697314E28,-3.697314E28,Missing,-3.697314E28,-3.697314E28,-3.697314E28,Missing,-3.697314E28,-3.697314E28,-3.697314E28,Port 0x02: JJH T tibia tracker  s/n:3E4C8800,651119737,1778077595.618787372,1,OK,0.4483780,0.1958842,0.1321727,-0.8620423,91.830,-64.420,-1561.857,0.2156675,3,OK,91.686,-64.593,-1561.971,OK,35.576,10.964,-1541.493,OK,138.754,0.476,-1520.798,Port 0x03: JJH Y femur tracker  s/n:3E4C8801,651119737,1778077595.618787372,1,OK,0.9314164,0.2192083,0.2814611,-0.0720480,-197.046,-110.208,-1543.896,0.2114930,3,OK,-196.849,-110.233,-1544.042,OK,-224.808,-37.643,-1481.849,OK,-274.726,-109.248,-1491.974
3,Port 0x01: JJH Probe  s/n:3E4C880C,651119740,1778077595.668787372,1,Too Few Markers,-3.697314E28,-3.697314E28,-3.697314E28,-3.697314E28,-3.697314E28,-3.697314E28,-3.697314E28,0.0000000,3,Missing,-3.697314E28,-3.697314E28,-3.697314E28,Missing,-3.697314E28,-3.697314E28,-3.697314E28,Missing,-3.697314E28,-3.697314E28,-3.697314E28,Port 0x02: JJH T tibia tracker  s/n:3E4C8800,651119740,1778077595.668787372,1,OK,0.4484452,0.1958855,0.1316139,-0.8620926,91.828,-64.402,-1561.760,0.2049985,3,OK,91.687,-64.558,-1561.866,OK,35.572,11.005,-1541.503,OK,138.741,0.517,-1520.748,Port 0x03: JJH Y femur tracker  s/n:3E4C8801,651119740,1778077595.668787372,1,OK,0.9313620,0.2190883,0.2817374,-0.0720365,-197.068,-110.159,-1543.922,0.2279139,3,OK,-196.851,-110.188,-1544.083,OK,-224.815,-37.591,-1481.867,OK,-274.732,-109.201,-1491.944
3,Port 0x01: JJH Probe  s/n:3E4C880C,651119743,1778077595.718787372,1,Too Few Markers,-3.697314E28,-3.697314E28,-3.697314E28,-3.697314E28,-3.697314E28,-3.697314E28,-3.697314E28,0.0000000,3,Missing,-3.697314E28,-3.697314E28,-3.697314E28,Missing,-3.697314E28,-3.697314E28,-3.697314E28,Missing,-3.697314E28,-3.697314E28,-3.697314E28,Port 0x02: JJH T tibia tracker  s/n:3E4C8800,651119743,1778077595.718787372,1,OK,0.4484258,0.1958125,0.1320318,-0.8620553,91.818,-64.453,-1561.864,0.2064151,3,OK,91.683,-64.624,-1561.974,OK,35.562,10.940,-1541.523,OK,138.729,0.451,-1520.831,Port 0x03: JJH Y femur tracker  s/n:3E4C8801,651119743,1778077595.718787372,1,OK,0.9314177,0.2189640,0.2816551,-0.0720150,-197.068,-110.231,-1543.891,0.2149808,3,OK,-196.864,-110.247,-1544.035,OK,-224.827,-37.662,-1481.870,OK,-274.735,-109.267,-1491.931
3,Port 0x01: JJH Probe  s/n:3E4C880C,651119746,1778077595.768787372,1,Too Few Markers,-3.697314E28,-3.697314E28,-3.697314E28,-3.697314E28,-3.697314E28,-3.697314E28,-3.697314E28,0.0000000,3,Missing,-3.697314E28,-3.697314E28,-3.697314E28,Missing,-3.697314E28,-3.697314E28,-3.697314E28,Missing,-3.697314E28,-3.697314E28,-3.697314E28,Port 0x02: JJH T tibia tracker  s/n:3E4C8800,651119746,1778077595.768787372,1,OK,0.4483756,0.1956764,0.1318219,-0.8621444,91.818,-64.453,-1561.812,0.2138626,3,OK,91.673,-64.621,-1561.924,OK,35.579,10.955,-1541.506,OK,138.758,0.467,-1520.811,Port 0x03: JJH Y femur tracker  s/n:3E4C8801,651119746,1778077595.768787372,1,OK,0.9312834,0.2192931,0.2818312,-0.0720624,-197.065,-110.202,-1543.932,0.2349991,3,OK,-196.843,-110.249,-1544.108,OK,-224.799,-37.641,-1481.826,OK,-274.716,-109.252,-1491.938
3,Port 0x01: JJH Probe  s/n:3E4C880C,651119749,1778077595.818787372,1,Too Few Markers,-3.697314E28,-3.697314E28,-3.697314E28,-3.697314E28,-3.697314E28,-3.697314E28,-3.697314E28,0.0000000,3,Missing,-3.697314E28,-3.697314E28,-3.697314E28,Missing,-3.697314E28,-3.697314E28,-3.697314E28,Missing,-3.697314E28,-3.697314E28,-3.697314E28,Port 0x02: JJH T tibia tracker  s/n:3E4C8800,651119749,1778077595.818787372,1,OK,0.4484176,0.1957798,0.1319884,-0.8620736,91.834,-64.506,-1561.828,0.2142413,3,OK,91.696,-64.686,-1561.943,OK,35.580,10.894,-1541.493,OK,138.753,0.407,-1520.800,Port 0x03: JJH Y femur tracker  s/n:3E4C8801,651119749,1778077595.818787372,1,OK,0.9313968,0.2186773,0.2819442,-0.0720255,-197.062,-110.278,-1543.910,0.2204626,3,OK,-196.847,-110.289,-1544.059,OK,-224.808,-37.701,-1481.914,OK,-274.702,-109.298,-1491.896
3,Port 0x01: JJH Probe  s/n:3E4C880C,651119752,1778077595.868787372,1,Too Few Markers,-3.697314E28,-3.697314E28,-3.697314E28,-3.697314E28,-3.697314E28,-3.697314E28,-3.697314E28,0.0000000,3,Missing,-3.697314E28,-3.697314E28,-3.697314E28,Missing,-3.697314E28,-3.697314E28,-3.697314E28,Missing,-3.697314E28,-3.697314E28,-3.697314E28,Port 0x02: JJH T tibia tracker  s/n:3E4C8800,651119752,1778077595.868787372,1,OK,0.4483550,0.1960730,0.1321848,-0.8620095,91.818,-64.478,-1561.913,0.2252714,3,OK,91.671,-64.664,-1562.034,OK,35.562,10.909,-1541.550,OK,138.735,0.416,-1520.821,Port 0x03: JJH Y femur tracker  s/n:3E4C8801,651119752,1778077595.868787372,1,OK,0.9313265,0.2191527,0.2818034,-0.0720411,-197.068,-110.251,-1543.902,0.2239637,3,OK,-196.855,-110.280,-1544.060,OK,-224.806,-37.693,-1481.834,OK,-274.721,-109.298,-1491.915
3,Port 0x01: JJH Probe  s/n:3E4C880C,651119755,1778077595.918787372,1,Too Few Markers,-3.697314E28,-3.697314E28,-3.697314E28,-3.697314E28,-3.697314E28,-3.697314E28,-3.697314E28,0.0000000,3,Missing,-3.697314E28,-3.697314E28,-3.697314E28,Missing,-3.697314E28,-3.697314E28,-3.697314E28,Missing,-3.697314E28,-3.697314E28,-3.697314E28,Port 0x02: JJH T tibia tracker  s/n:3E4C8800,651119755,1778077595.918787372,1,OK,0.4483700,0.1961494,0.1323317,-0.8619618,91.819,-64.455,-1561.918,0.2337502,3,OK,91.671,-64.657,-1562.046,OK,35.556,10.927,-1541.527,OK,138.726,0.440,-1520.800,Port 0x03: JJH Y femur tracker  s/n:3E4C8801,651119755,1778077595.918787372,1,OK,0.9313918,0.2189989,0.2817076,-0.0720394,-197.078,-110.252,-1543.898,0.2173560,3,OK,-196.871,-110.273,-1544.047,OK,-224.830,-37.683,-1481.865,OK,-274.738,-109.286,-1491.928
3,Port 0x01: JJH Probe  s/n:3E4C880C,651119758,1778077595.968787372,1,Too Few Markers,-3.697314E28,-3.697314E28,-3.697314E28,-3.697314E28,-3.697314E28,-3.697314E28,-3.697314E28,0.0000000,3,Missing,-3.697314E28,-3.697314E28,-3.697314E28,Missing,-3.697314E28,-3.697314E28,-3.697314E28,Missing,-3.697314E28,-3.697314E28,-3.697314E28,Port 0x02: JJH T tibia tracker  s/n:3E4C8800,651119758,1778077595.968787372,1,OK,0.4484122,0.1958622,0.1318518,-0.8620786,91.850,-64.580,-1561.893,0.2197071,3,OK,91.706,-64.759,-1562.010,OK,35.596,10.825,-1541.586,OK,138.772,0.340,-1520.859,Port 0x03: JJH Y femur tracker  s/n:3E4C8801,651119758,1778077595.968787372,1,OK,0.9315038,0.2186643,0.2816028,-0.0720173,-197.029,-110.377,-1543.896,0.2115882,3,OK,-196.826,-110.378,-1544.031,OK,-224.801,-37.792,-1481.935,OK,-274.703,-109.390,-1491.943
3,Port 0x01: JJH Probe  s/n:3E4C880C,651119761,1778077596.018787372,1,Too Few Markers,-3.697314E28,-3.697314E28,-3.697314E28,-3.697314E28,-3.697314E28,-3.697314E28,-3.697314E28,0.0000000,3,Missing,-3.697314E28,-3.697314E28,-3.697314E28,Missing,-3.697314E28,-3.697314E28,-3.697314E28,Missing,-3.697314E28,-3.697314E28,-3.697314E28,Port 0x02: JJH T tibia tracker  s/n:3E4C8800,651119761,1778077596.018787372,1,OK,0.4483957,0.1959078,0.1321075,-0.8620377,91.833,-64.469,-1561.923,0.2205794,3,OK,91.691,-64.652,-1562.041,OK,35.572,10.923,-1541.571,OK,138.755,0.434,-1520.863,Port 0x03: JJH Y femur tracker  s/n:3E4C8801,651119761,1778077596.018787372,1,OK,0.9313926,0.2187188,0.2819453,-0.0719495,-197.065,-110.270,-1543.912,0.2245302,3,OK,-196.847,-110.287,-1544.067,OK,-224.824,-37.697,-1481.903,OK,-274.710,-109.306,-1491.900
3,Port 0x01: JJH Probe  s/n:3E4C880C,651119764,1778077596.068787372,1,Too Few Markers,-3.697314E28,-3.697314E28,-3.697314E28,-3.697314E28,-3.697314E28,-3.697314E28,-3.697314E28,0.0000000,3,Missing,-3.697314E28,-3.697314E28,-3.697314E28,Missing,-3.697314E28,-3.697314E28,-3.697314E28,Missing,-3.697314E28,-3.697314E28,-3.697314E28,Port 0x02: JJH T tibia tracker  s/n:3E4C8800,651119764,1778077596.068787372,1,OK,0.4483982,0.1960582,0.1322758,-0.8619764,91.832,-64.683,-1562.028,0.2285101,3,OK,91.688,-64.876,-1562.152,OK,35.560,10.699,-1541.649,OK,138.746,0.213,-1520.930,Port 0x03: JJH Y femur tracker  s/n:3E4C8801,651119764,1778077596.068787372,1,OK,0.9313788,0.2189957,0.2817537,-0.0720363,-197.072,-110.492,-1543.933,0.2233775,3,OK,-196.857,-110.520,-1544.092,OK,-224.825,-37.921,-1481.891,OK,-274.729,-109.524,-1491.953
3,Port 0x01: JJH Probe  s/n:3E4C880C,651119767,1778077596.118787370,1,Too Few Markers,-3.697314E28,-3.697314E28,-3.697314E28,-3.697314E28,-3.697314E28,-3.697314E28,-3.697314E28,0.0000000,3,Missing,-3.697314E28,-3.697314E28,-3.697314E28,Missing,-3.697314E28,-3.697314E28,-3.697314E28,Missing,-3.697314E28,-3.697314E28,-3.697314E28,Port 0x02: JJH T tibia tracker  s/n:3E4C8800,651119767,1778077596.118787370,1,OK,0.4484526,0.1955276,0.1315917,-0.8621734,91.828,-64.632,-1561.886,0.2056381,3,OK,91.688,-64.791,-1561.992,OK,35.582,10.783,-1541.621,OK,138.764,0.304,-1520.928,Port 0x03: JJH Y femur tracker  s/n:3E4C8801,651119767,1778077596.118787370,1,OK,0.9314769,0.2187151,0.2816663,-0.0719627,-197.041,-110.425,-1543.922,0.2179884,3,OK,-196.833,-110.432,-1544.064,OK,-224.815,-37.845,-1481.943,OK,-274.715,-109.456,-1491.958
3,Port 0x01: JJH Probe  s/n:3E4C880C,651119770,1778077596.168787370,1,Too Few Markers,-3.697314E28,-3.697314E28,-3.697314E28,-3.697314E28,-3.697314E28,-3.697314E28,-3.697314E28,0.0000000,3,Missing,-3.697314E28,-3.697314E28,-3.697314E28,Missing,-3.697314E28,-3.697314E28,-3.697314E28,Missing,-3.697314E28,-3.697314E28,-3.697314E28,Port 0x02: JJH T tibia tracker  s/n:3E4C8800,651119770,1778077596.168787370,1,OK,0.4484580,0.1957579,0.1318012,-0.8620863,91.857,-64.628,-1561.955,0.2146109,3,OK,91.720,-64.806,-1562.070,OK,35.595,10.781,-1541.656,OK,138.776,0.298,-1520.943,Port 0x03: JJH Y femur tracker  s/n:3E4C8801,651119770,1778077596.168787370,1,OK,0.9314744,0.2188797,0.2815464,-0.0719628,-197.029,-110.432,-1543.911,0.2140373,3,OK,-196.825,-110.445,-1544.053,OK,-224.809,-37.859,-1481.912,OK,-274.709,-109.467,-1491.970
3,Port 0x01: JJH Probe  s/n:3E4C880C,651119773,1778077596.218787371,1,Too Few Markers,-3.697314E28,-3.697314E28,-3.697314E28,-3.697314E28,-3.697314E28,-3.697314E28,-3.697314E28,0.0000000,3,Missing,-3.697314E28,-3.697314E28,-3.697314E28,Missing,-3.697314E28,-3.697314E28,-3.697314E28,Missing,-3.697314E28,-3.697314E28,-3.697314E28,Port 0x02: JJH T tibia tracker  s/n:3E4C8800,651119773,1778077596.218787371,1,OK,0.4484409,0.1956714,0.1318603,-0.8621057,91.812,-64.709,-1561.973,0.2193845,3,OK,91.667,-64.887,-1562.090,OK,35.559,10.693,-1541.662,OK,138.743,0.221,-1520.967,Port 0x03: JJH Y femur tracker  s/n:3E4C8801,651119773,1778077596.218787371,1,OK,0.9314478,0.2188710,0.2816197,-0.0720475,-197.069,-110.526,-1543.933,0.2214681,3,OK,-196.858,-110.541,-1544.082,OK,-224.830,-37.943,-1481.929,OK,-274.746,-109.549,-1491.974
3,Port 0x01: JJH Probe  s/n:3E4C880C,651119776,1778077596.268787371,1,Too Few Markers,-3.697314E28,-3.697314E28,-3.697314E28,-3.697314E28,-3.697314E28,-3.697314E28,-3.697314E28,0.0000000,3,Missing,-3.697314E28,-3.697314E28,-3.697314E28,Missing,-3.697314E28,-3.697314E28,-3.697314E28,Missing,-3.697314E28,-3.697314E28,-3.697314E28,Port 0x02: JJH T tibia tracker  s/n:3E4C8800,651119776,1778077596.268787371,1,OK,0.4484042,0.1956262,0.1317518,-0.8621517,91.822,-64.591,-1561.896,0.2167823,3,OK,91.681,-64.771,-1562.012,OK,35.582,10.827,-1541.599,OK,138.757,0.341,-1520.907,Port 0x03: JJH Y femur tracker  s/n:3E4C8801,651119776,1778077596.268787371,1,OK,0.9315365,0.2186611,0.2815002,-0.0720052,-197.040,-110.415,-1543.892,0.2110086,3,OK,-196.841,-110.415,-1544.023,OK,-224.820,-37.824,-1481.940,OK,-274.727,-109.433,-1491.958
3,Port 0x01: JJH Probe  s/n:3E4C880C,651119779,1778077596.318787371,1,Too Few Markers,-3.697314E28,-3.697314E28,-3.697314E28,-3.697314E28,-3.697314E28,-3.697314E28,-3.697314E28,0.0000000,3,Missing,-3.697314E28,-3.697314E28,-3.697314E28,Missing,-3.697314E28,-3.697314E28,-3.697314E28,Missing,-3.697314E28,-3.697314E28,-3.697314E28,Port 0x02: JJH T tibia tracker  s/n:3E4C8800,651119779,1778077596.318787371,1,OK,0.4484899,0.1953556,0.1313791,-0.8622254,91.848,-64.712,-1561.908,0.1951178,3,OK,91.716,-64.860,-1562.007,OK,35.601,10.717,-1541.679,OK,138.788,0.235,-1520.996,Port 0x03: JJH Y femur tracker  s/n:3E4C8801,651119779,1778077596.318787371,1,OK,0.9314565,0.2189888,0.2815151,-0.0719853,-197.016,-110.494,-1543.916,0.2154893,3,OK,-196.814,-110.513,-1544.061,OK,-224.789,-37.917,-1481.898,OK,-274.699,-109.536,-1491.983
3,Port 0x01: JJH Probe  s/n:3E4C880C,651119782,1778077596.368787370,1,Too Few Markers,-3.697314E28,-3.697314E28,-3.697314E28,-3.697314E28,-3.697314E28,-3.697314E28,-3.697314E28,0.0000000,3,Missing,-3.697314E28,-3.697314E28,-3.697314E28,Missing,-3.697314E28,-3.697314E28,-3.697314E28,Missing,-3.697314E28,-3.697314E28,-3.697314E28,Port 0x02: JJH T tibia tracker  s/n:3E4C8800,651119782,1778077596.368787370,1,OK,0.4484113,0.1961323,0.1319719,-0.8619993,91.822,-64.559,-1561.989,0.2314218,3,OK,91.666,-64.743,-1562.111,OK,35.555,10.829,-1541.672,OK,138.737,0.353,-1520.899,Port 0x03: JJH Y femur tracker  s/n:3E4C8801,651119782,1778077596.368787370,1,OK,0.9314166,0.2186892,0.2818782,-0.0719926,-197.081,-110.395,-1543.915,0.2249691,3,OK,-196.861,-110.411,-1544.070,OK,-224.841,-37.817,-1481.918,OK,-274.731,-109.417,-1491.910
3,Port 0x01: JJH Probe  s/n:3E4C880C,651119785,1778077596.418787370,1,Too Few Markers,-3.697314E28,-3.697314E28,-3.697314E28,-3.697314E28,-3.697314E28,-3.697314E28,-3.697314E28,0.0000000,3,Missing,-3.697314E28,-3.697314E28,-3.697314E28,Missing,-3.697314E28,-3.697314E28,-3.697314E28,Missing,-3.697314E28,-3.697314E28,-3.697314E28,Port 0x02: JJH T tibia tracker  s/n:3E4C8800,651119785,1778077596.418787370,1,OK,0.4484172,0.1959181,0.1323981,-0.8619796,91.848,-64.558,-1562.053,0.2318581,3,OK,91.706,-64.761,-1562.180,OK,35.574,10.822,-1541.646,OK,138.767,0.344,-1520.965,Port 0x03: JJH Y femur tracker  s/n:3E4C8801,651119785,1778077596.418787370,1,OK,0.9313903,0.2188765,0.2818063,-0.0720441,-197.065,-110.405,-1543.912,0.2238651,3,OK,-196.849,-110.429,-1544.069,OK,-224.815,-37.826,-1481.887,OK,-274.719,-109.432,-1491.922
3,Port 0x01: JJH Probe  s/n:3E4C880C,651119788,1778077596.468787371,1,Too Few Markers,-3.697314E28,-3.697314E28,-3.697314E28,-3.697314E28,-3.697314E28,-3.697314E28,-3.697314E28,0.0000000,3,Missing,-3.697314E28,-3.697314E28,-3.697314E28,Missing,-3.697314E28,-3.697314E28,-3.697314E28,Missing,-3.697314E28,-3.697314E28,-3.697314E28,Port 0x02: JJH T tibia tracker  s/n:3E4C8800,651119788,1778077596.468787371,1,OK,0.4485663,0.1951763,0.1310725,-0.8622729,91.832,-64.521,-1561.996,0.1971354,3,OK,91.696,-64.667,-1562.096,OK,35.584,10.919,-1541.823,OK,138.774,0.458,-1521.133,Port 0x03: JJH Y femur tracker  s/n:3E4C8801,651119788,1778077596.468787371,1,OK,0.9315257,0.2185985,0.2815944,-0.0719665,-197.027,-110.402,-1543.899,0.2113175,3,OK,-196.824,-110.404,-1544.035,OK,-224.814,-37.816,-1481.946,OK,-274.702,-109.417,-1491.948
3,Port 0x01: JJH Probe  s/n:3E4C880C,651119791,1778077596.518787371,1,Too Few Markers,-3.697314E28,-3.697314E28,-3.697314E28,-3.697314E28,-3.697314E28,-3.697314E28,-3.697314E28,0.0000000,3,Missing,-3.697314E28,-3.697314E28,-3.697314E28,Missing,-3.697314E28,-3.697314E28,-3.697314E28,Missing,-3.697314E28,-3.697314E28,-3.697314E28,Port 0x02: JJH T tibia tracker  s/n:3E4C8800,651119791,1778077596.518787371,1,OK,0.4485880,0.1952670,0.1311994,-0.8622217,91.827,-64.465,-1561.994,0.1969362,3,OK,91.693,-64.614,-1562.094,OK,35.571,10.964,-1541.801,OK,138.758,0.507,-1521.108,Port 0x03: JJH Y femur tracker  s/n:3E4C8801,651119791,1778077596.518787371,1,OK,0.9314089,0.2187557,0.2818485,-0.0720052,-197.069,-110.357,-1543.935,0.2278664,3,OK,-196.847,-110.380,-1544.096,OK,-224.829,-37.775,-1481.925,OK,-274.723,-109.381,-1491.935
3,Port 0x01: JJH Probe  s/n:3E4C880C,651119794,1778077596.568787371,1,Too Few Markers,-3.697314E28,-3.697314E28,-3.697314E28,-3.697314E28,-3.697314E28,-3.697314E28,-3.697314E28,0.0000000,3,Missing,-3.697314E28,-3.697314E28,-3.697314E28,Missing,-3.697314E28,-3.697314E28,-3.697314E28,Missing,-3.697314E28,-3.697314E28,-3.697314E28,Port 0x02: JJH T tibia tracker  s/n:3E4C8800,651119794,1778077596.568787371,1,OK,0.4485716,0.1950680,0.1307483,-0.8623438,91.795,-64.479,-1561.934,0.1927538,3,OK,91.659,-64.616,-1562.029,OK,35.557,10.978,-1541.818,OK,138.745,0.515,-1521.113,Port 0x03: JJH Y femur tracker  s/n:3E4C8801,651119794,1778077596.568787371,1,OK,0.9314899,0.2185847,0.2817327,-0.0719309,-197.065,-110.389,-1543.904,0.2141819,3,OK,-196.860,-110.389,-1544.040,OK,-224.843,-37.808,-1481.944,OK,-274.731,-109.418,-1491.931
3,Port 0x01: JJH Probe  s/n:3E4C880C,651119797,1778077596.618787370,1,Too Few Markers,-3.697314E28,-3.697314E28,-3.697314E28,-3.697314E28,-3.697314E28,-3.697314E28,-3.697314E28,0.0000000,3,Missing,-3.697314E28,-3.697314E28,-3.697314E28,Missing,-3.697314E28,-3.697314E28,-3.697314E28,Missing,-3.697314E28,-3.697314E28,-3.697314E28,Port 0x02: JJH T tibia tracker  s/n:3E4C8800,651119797,1778077596.618787370,1,OK,0.4485632,0.1954607,0.1314014,-0.8621600,91.852,-64.436,-1562.104,0.2069662,3,OK,91.714,-64.597,-1562.211,OK,35.586,10.983,-1541.878,OK,138.779,0.523,-1521.169,Port 0x03: JJH Y femur tracker  s/n:3E4C8801,651119797,1778077596.618787370,1,OK,0.9314681,0.2184304,0.2819143,-0.0719691,-197.056,-110.393,-1543.932,0.2279490,3,OK,-196.834,-110.400,-1544.084,OK,-224.823,-37.797,-1481.976,OK,-274.711,-109.409,-1491.919
3,Port 0x01: JJH Probe  s/n:3E4C880C,651119800,1778077596.668787370,1,Too Few Markers,-3.697314E28,-3.697314E28,-3.697314E28,-3.697314E28,-3.697314E28,-3.697314E28,-3.697314E28,0.0000000,3,Missing,-3.697314E28,-3.697314E28,-3.697314E28,Missing,-3.697314E28,-3.697314E28,-3.697314E28,Missing,-3.697314E28,-3.697314E28,-3.697314E28,Port 0x02: JJH T tibia tracker  s/n:3E4C8800,651119800,1778077596.668787370,1,OK,0.4487216,0.1947320,0.1306869,-0.8623511,91.831,-64.401,-1562.098,0.1904711,3,OK,91.699,-64.543,-1562.194,OK,35.584,11.052,-1541.987,OK,138.772,0.628,-1521.332,Port 0x03: JJH Y femur tracker  s/n:3E4C8801,651119800,1778077596.668787370,1,OK,0.9314375,0.2188864,0.2816614,-0.0719709,-197.044,-110.355,-1543.912,0.2202444,3,OK,-196.834,-110.371,-1544.061,OK,-224.813,-37.783,-1481.901,OK,-274.717,-109.394,-1491.949
3,Port 0x01: JJH Probe  s/n:3E4C880C,651119803,1778077596.718787371,1,Too Few Markers,-3.697314E28,-3.697314E28,-3.697314E28,-3.697314E28,-3.697314E28,-3.697314E28,-3.697314E28,0.0000000,3,Missing,-3.697314E28,-3.697314E28,-3.697314E28,Missing,-3.697314E28,-3.697314E28,-3.697314E28,Missing,-3.697314E28,-3.697314E28,-3.697314E28,Port 0x02: JJH T tibia tracker  s/n:3E4C8800,651119803,1778077596.718787371,1,OK,0.4487131,0.1952159,0.1311840,-0.8621706,91.816,-64.293,-1562.349,0.2287182,3,OK,91.669,-64.481,-1562.470,OK,35.539,11.133,-1542.158,OK,138.744,0.726,-1521.454,Port 0x03: JJH Y femur tracker  s/n:3E4C8801,651119803,1778077596.718787371,1,OK,0.9315300,0.2185566,0.2816075,-0.0719873,-197.073,-110.390,-1543.875,0.2155182,3,OK,-196.865,-110.398,-1544.017,OK,-224.859,-37.793,-1481.923,OK,-274.748,-109.400,-1491.920
3,Port 0x01: JJH Probe  s/n:3E4C880C,651119806,1778077596.768787371,1,Too Few Markers,-3.697314E28,-3.697314E28,-3.697314E28,-3.697314E28,-3.697314E28,-3.697314E28,-3.697314E28,0.0000000,3,Missing,-3.697314E28,-3.697314E28,-3.697314E28,Missing,-3.697314E28,-3.697314E28,-3.697314E28,Missing,-3.697314E28,-3.697314E28,-3.697314E28,Port 0x02: JJH T tibia tracker  s/n:3E4C8800,651119806,1778077596.768787371,1,OK,0.4489083,0.1945829,0.1302459,-0.8623542,91.811,-64.195,-1562.438,0.2121160,3,OK,91.671,-64.369,-1562.550,OK,35.553,11.275,-1542.404,OK,138.734,0.905,-1521.715,Port 0x03: JJH Y femur tracker  s/n:3E4C8801,651119806,1778077596.768787371,1,OK,0.9315632,0.2185666,0.2815068,-0.0719204,-197.058,-110.369,-1543.901,0.2084977,3,OK,-196.861,-110.373,-1544.034,OK,-224.859,-37.773,-1481.955,OK,-274.742,-109.393,-1491.970
3,Port 0x01: JJH Probe  s/n:3E4C880C,651119809,1778077596.818787371,1,Too Few Markers,-3.697314E28,-3.697314E28,-3.697314E28,-3.697314E28,-3.697314E28,-3.697314E28,-3.697314E28,0.0000000,3,Missing,-3.697314E28,-3.697314E28,-3.697314E28,Missing,-3.697314E28,-3.697314E28,-3.697314E28,Missing,-3.697314E28,-3.697314E28,-3.697314E28,Port 0x02: JJH T tibia tracker  s/n:3E4C8800,651119809,1778077596.818787371,1,OK,0.4489801,0.1946318,0.1304513,-0.8622748,91.855,-64.054,-1562.704,0.2357870,3,OK,91.715,-64.267,-1562.834,OK,35.574,11.412,-1542.631,OK,138.768,1.064,-1521.948,Port 0x03: JJH Y femur tracker  s/n:3E4C8801,651119809,1778077596.818787371,1,OK,0.9314763,0.2185796,0.2817929,-0.0718869,-197.056,-110.342,-1543.919,0.2248858,3,OK,-196.838,-110.359,-1544.075,OK,-224.847,-37.755,-1481.940,OK,-274.719,-109.374,-1491.933
3,Port 0x01: JJH Probe  s/n:3E4C880C,651119812,1778077596.868787370,1,Too Few Markers,-3.697314E28,-3.697314E28,-3.697314E28,-3.697314E28,-3.697314E28,-3.697314E28,-3.697314E28,0.0000000,3,Missing,-3.697314E28,-3.697314E28,-3.697314E28,Missing,-3.697314E28,-3.697314E28,-3.697314E28,Missing,-3.697314E28,-3.697314E28,-3.697314E28,Port 0x02: JJH T tibia tracker  s/n:3E4C8800,651119812,1778077596.868787370,1,OK,0.4491075,0.1940965,0.1299510,-0.8624046,91.777,-63.938,-1562.862,0.2245268,3,OK,91.633,-64.131,-1562.984,OK,35.509,11.542,-1542.873,OK,138.702,1.232,-1522.227,Port 0x03: JJH Y femur tracker  s/n:3E4C8801,651119812,1778077596.868787370,1,OK,0.9314828,0.2187553,0.2816274,-0.0719158,-197.109,-110.343,-1543.929,0.2264592,3,OK,-196.893,-110.363,-1544.084,OK,-224.899,-37.756,-1481.933,OK,-274.791,-109.381,-1491.970
3,Port 0x01: JJH Probe  s/n:3E4C880C,651119815,1778077596.918787370,1,Too Few Markers,-3.697314E28,-3.697314E28,-3.697314E28,-3.697314E28,-3.697314E28,-3.697314E28,-3.697314E28,0.0000000,3,Missing,-3.697314E28,-3.697314E28,-3.697314E28,Missing,-3.697314E28,-3.697314E28,-3.697314E28,Missing,-3.697314E28,-3.697314E28,-3.697314E28,Port 0x02: JJH T tibia tracker  s/n:3E4C8800,651119815,1778077596.918787370,1,OK,0.4491970,0.1941426,0.1299773,-0.8623437,91.809,-63.850,-1563.060,0.2444769,3,OK,91.674,-64.085,-1563.198,OK,35.518,11.643,-1543.061,OK,138.713,1.344,-1522.409,Port 0x03: JJH Y femur tracker  s/n:3E4C8801,651119815,1778077596.918787370,1,OK,0.9314950,0.2186262,0.2816964,-0.0718799,-197.100,-110.331,-1543.945,0.2228869,3,OK,-196.886,-110.352,-1544.100,OK,-224.898,-37.739,-1481.962,OK,-274.771,-109.368,-1491.978
3,Port 0x01: JJH Probe  s/n:3E4C880C,651119818,1778077596.968787371,1,Too Few Markers,-3.697314E28,-3.697314E28,-3.697314E28,-3.697314E28,-3.697314E28,-3.697314E28,-3.697314E28,0.0000000,3,Missing,-3.697314E28,-3.697314E28,-3.697314E28,Missing,-3.697314E28,-3.697314E28,-3.697314E28,Missing,-3.697314E28,-3.697314E28,-3.697314E28,Port 0x02: JJH T tibia tracker  s/n:3E4C8800,651119818,1778077596.968787371,1,OK,0.4494564,0.1932466,0.1280420,-0.8626992,91.808,-63.827,-1562.940,0.1913084,3,OK,91.676,-63.969,-1563.035,OK,35.536,11.734,-1543.295,OK,138.737,1.471,-1522.588,Port 0x03: JJH Y femur tracker  s/n:3E4C8801,651119818,1778077596.968787371,1,OK,0.9314446,0.2186603,0.2818317,-0.0718990,-197.093,-110.318,-1543.959,0.2291452,3,OK,-196.871,-110.341,-1544.119,OK,-224.875,-37.734,-1481.960,OK,-274.753,-109.356,-1491.965
3,Port 0x01: JJH Probe  s/n:3E4C880C,651119821,1778077597.018787371,1,Too Few Markers,-3.697314E28,-3.697314E28,-3.697314E28,-3.697314E28,-3.697314E28,-3.697314E28,-3.697314E28,0.0000000,3,Missing,-3.697314E28,-3.697314E28,-3.697314E28,Missing,-3.697314E28,-3.697314E28,-3.697314E28,Missing,-3.697314E28,-3.697314E28,-3.697314E28,Port 0x02: JJH T tibia tracker  s/n:3E4C8800,651119821,1778077597.018787371,1,OK,0.4495707,0.1932218,0.1278571,-0.8626726,91.768,-63.725,-1563.160,0.2007392,3,OK,91.637,-63.890,-1563.265,OK,35.487,11.844,-1543.548,OK,138.675,1.607,-1522.822,Port 0x03: JJH Y femur tracker  s/n:3E4C8801,651119821,1778077597.018787371,1,OK,0.9314793,0.2187096,0.2816877,-0.0718639,-197.123,-110.328,-1543.955,0.2224066,3,OK,-196.910,-110.352,-1544.110,OK,-224.919,-37.741,-1481.958,OK,-274.794,-109.375,-1491.993
3,Port 0x01: JJH Probe  s/n:3E4C880C,651119824,1778077597.068787371,1,Too Few Markers,-3.697314E28,-3.697314E28,-3.697314E28,-3.697314E28,-3.697314E28,-3.697314E28,-3.697314E28,0.0000000,3,Missing,-3.697314E28,-3.697314E28,-3.697314E28,Missing,-3.697314E28,-3.697314E28,-3.697314E28,Missing,-3.697314E28,-3.697314E28,-3.697314E28,Port 0x02: JJH T tibia tracker  s/n:3E4C8800,651119824,1778077597.068787371,1,OK,0.4497589,0.1932951,0.1276225,-0.8625928,91.724,-63.502,-1563.448,0.2278385,3,OK,91.577,-63.695,-1563.570,OK,35.416,12.060,-1543.888,OK,138.609,1.884,-1523.102,Port 0x03: JJH Y femur tracker  s/n:3E4C8801,651119824,1778077597.068787371,1,OK,0.9316246,0.2186409,0.2812780,-0.0717943,-197.121,-110.295,-1543.937,0.2101684,3,OK,-196.924,-110.300,-1544.070,OK,-224.958,-37.703,-1481.994,OK,-274.835,-109.341,-1492.049
3,Port 0x01: JJH Probe  s/n:3E4C880C,651119827,1778077597.118787373,1,Too Few Markers,-3.697314E28,-3.697314E28,-3.697314E28,-3.697314E28,-3.697314E28,-3.697314E28,-3.697314E28,0.0000000,3,Missing,-3.697314E28,-3.697314E28,-3.697314E28,Missing,-3.697314E28,-3.697314E28,-3.697314E28,Missing,-3.697314E28,-3.697314E28,-3.697314E28,Port 0x02: JJH T tibia tracker  s/n:3E4C8800,651119827,1778077597.118787373,1,OK,0.4503679,0.1925334,0.1266551,-0.8625881,91.655,-63.239,-1563.792,0.2122529,3,OK,91.513,-63.410,-1563.902,OK,35.283,12.320,-1544.413,OK,138.489,2.278,-1523.635,Port 0x03: JJH Y femur tracker  s/n:3E4C8801,651119827,1778077597.118787373,1,OK,0.9315069,0.2186458,0.2816921,-0.0716826,-197.145,-110.292,-1543.987,0.2227864,3,OK,-196.931,-110.314,-1544.141,OK,-224.974,-37.718,-1481.996,OK,-274.821,-109.365,-1492.029
3,Port 0x01: JJH Probe  s/n:3E4C880C,651119830,1778077597.168787373,1,Too Few Markers,-3.697314E28,-3.697314E28,-3.697314E28,-3.697314E28,-3.697314E28,-3.697314E28,-3.697314E28,0.0000000,3,Missing,-3.697314E28,-3.697314E28,-3.697314E28,Missing,-3.697314E28,-3.697314E28,-3.697314E28,Missing,-3.697314E28,-3.697314E28,-3.697314E28,Port 0x02: JJH T tibia tracker  s/n:3E4C8800,651119830,1778077597.168787373,1,OK,0.4507785,0.1923319,0.1267280,-0.8624078,91.562,-62.972,-1564.047,0.2245390,3,OK,91.425,-63.173,-1564.168,OK,35.129,12.550,-1544.660,OK,138.337,2.610,-1523.908,Port 0x03: JJH Y femur tracker  s/n:3E4C8801,651119830,1778077597.168787373,1,OK,0.9316116,0.2187525,0.2812876,-0.0715849,-197.143,-110.238,-1544.005,0.2191940,3,OK,-196.939,-110.260,-1544.153,OK,-225.014,-37.657,-1482.025,OK,-274.864,-109.329,-1492.123
3,Port 0x01: JJH Probe  s/n:3E4C880C,651119833,1778077597.218787373,1,Too Few Markers,-3.697314E28,-3.697314E28,-3.697314E28,-3.697314E28,-3.697314E28,-3.697314E28,-3.697314E28,0.0000000,3,Missing,-3.697314E28,-3.697314E28,-3.697314E28,Missing,-3.697314E28,-3.697314E28,-3.697314E28,Missing,-3.697314E28,-3.697314E28,-3.697314E28,Port 0x02: JJH T tibia tracker  s/n:3E4C8800,651119833,1778077597.218787373,1,OK,0.4510337,0.1921245,0.1256106,-0.8624841,91.491,-62.859,-1564.236,0.2291614,3,OK,91.341,-63.047,-1564.354,OK,35.037,12.694,-1545.063,OK,138.258,2.812,-1524.207,Port 0x03: JJH Y femur tracker  s/n:3E4C8801,651119833,1778077597.218787373,1,OK,0.9315373,0.2187729,0.2815073,-0.0716264,-197.205,-110.260,-1544.005,0.2225002,3,OK,-196.996,-110.293,-1544.163,OK,-225.057,-37.680,-1481.997,OK,-274.897,-109.347,-1492.085
3,Port 0x01: JJH Probe  s/n:3E4C880C,651119836,1778077597.268787373,1,Too Few Markers,-3.697314E28,-3.697314E28,-3.697314E28,-3.697314E28,-3.697314E28,-3.697314E28,-3.697314E28,0.0000000,3,Missing,-3.697314E28,-3.697314E28,-3.697314E28,Missing,-3.697314E28,-3.697314E28,-3.697314E28,Missing,-3.697314E28,-3.697314E28,-3.697314E28,Port 0x02: JJH T tibia tracker  s/n:3E4C8800,651119836,1778077597.268787373,1,OK,0.4513743,0.1916772,0.1253652,-0.8624411,91.426,-62.682,-1564.395,0.2204549,3,OK,91.286,-62.869,-1564.511,OK,34.931,12.859,-1545.267,OK,138.159,3.050,-1524.455,Port 0x03: JJH Y femur tracker  s/n:3E4C8801,651119836,1778077597.268787373,1,OK,0.9316440,0.2184973,0.2813873,-0.0715518,-197.192,-110.222,-1544.035,0.2108794,3,OK,-196.992,-110.240,-1544.178,OK,-225.076,-37.635,-1482.087,OK,-274.894,-109.299,-1492.138
3,Port 0x01: JJH Probe  s/n:3E4C880C,651119839,1778077597.318787373,1,Too Few Markers,-3.697314E28,-3.697314E28,-3.697314E28,-3.697314E28,-3.697314E28,-3.697314E28,-3.697314E28,0.0000000,3,Missing,-3.697314E28,-3.697314E28,-3.697314E28,Missing,-3.697314E28,-3.697314E28,-3.697314E28,Missing,-3.697314E28,-3.697314E28,-3.697314E28,Port 0x02: JJH T tibia tracker  s/n:3E4C8800,651119839,1778077597.318787373,1,OK,0.4517427,0.1914769,0.1251332,-0.8623264,91.397,-62.462,-1564.759,0.2269141,3,OK,91.253,-62.654,-1564.877,OK,34.848,13.053,-1545.683,OK,138.089,3.336,-1524.860,Port 0x03: JJH Y femur tracker  s/n:3E4C8801,651119839,1778077597.318787373,1,OK,0.9316758,0.2186453,0.2811722,-0.0715302,-197.178,-110.216,-1544.059,0.2061691,3,OK,-196.986,-110.236,-1544.198,OK,-225.074,-37.628,-1482.103,OK,-274.898,-109.303,-1492.206
3,Port 0x01: JJH Probe  s/n:3E4C880C,651119842,1778077597.368787373,1,Too Few Markers,-3.697314E28,-3.697314E28,-3.697314E28,-3.697314E28,-3.697314E28,-3.697314E28,-3.697314E28,0.0000000,3,Missing,-3.697314E28,-3.697314E28,-3.697314E28,Missing,-3.697314E28,-3.697314E28,-3.697314E28,Missing,-3.697314E28,-3.697314E28,-3.697314E28,Port 0x02: JJH T tibia tracker  s/n:3E4C8800,651119842,1778077597.368787373,1,OK,0.4520362,0.1908868,0.1240924,-0.8624538,91.298,-62.405,-1564.704,0.1995842,3,OK,91.162,-62.558,-1564.803,OK,34.738,13.136,-1545.818,OK,137.977,3.471,-1524.984,Port 0x03: JJH Y femur tracker  s/n:3E4C8801,651119842,1778077597.368787373,1,OK,0.9316420,0.2188563,0.2811393,-0.0714546,-197.225,-110.198,-1544.055,0.2108776,3,OK,-197.030,-110.227,-1544.201,OK,-225.131,-37.630,-1482.063,OK,-274.952,-109.310,-1492.209
3,Port 0x01: JJH Probe  s/n:3E4C880C,651119845,1778077597.418787373,1,Too Few Markers,-3.697314E28,-3.697314E28,-3.697314E28,-3.697314E28,-3.697314E28,-3.697314E28,-3.697314E28,0.0000000,3,Missing,-3.697314E28,-3.697314E28,-3.697314E28,Missing,-3.697314E28,-3.697314E28,-3.697314E28,Missing,-3.697314E28,-3.697314E28,-3.697314E28,Port 0x02: JJH T tibia tracker  s/n:3E4C8800,651119845,1778077597.418787373,1,OK,0.4522001,0.1911921,0.1244986,-0.8622417,91.278,-62.296,-1564.888,0.2311319,3,OK,91.137,-62.498,-1565.009,OK,34.669,13.213,-1545.937,OK,137.916,3.597,-1525.076,Port 0x03: JJH Y femur tracker  s/n:3E4C8801,651119845,1778077597.418787373,1,OK,0.9316772,0.2187239,0.2811459,-0.0713747,-197.243,-110.187,-1544.054,0.2088940,3,OK,-197.049,-110.206,-1544.194,OK,-225.164,-37.621,-1482.086,OK,-274.974,-109.305,-1492.208
3,Port 0x01: JJH Probe  s/n:3E4C880C,651119848,1778077597.468787373,1,Too Few Markers,-3.697314E28,-3.697314E28,-3.697314E28,-3.697314E28,-3.697314E28,-3.697314E28,-3.697314E28,0.0000000,3,Missing,-3.697314E28,-3.697314E28,-3.697314E28,Missing,-3.697314E28,-3.697314E28,-3.697314E28,Missing,-3.697314E28,-3.697314E28,-3.697314E28,Port 0x02: JJH T tibia tracker  s/n:3E4C8800,651119848,1778077597.468787373,1,OK,0.4522452,0.1912102,0.1246626,-0.8621904,91.302,-62.283,-1564.876,0.2238061,3,OK,91.161,-62.473,-1564.993,OK,34.685,13.205,-1545.900,OK,137.929,3.602,-1525.052,Port 0x03: JJH Y femur tracker  s/n:3E4C8801,651119848,1778077597.468787373,1,OK,0.9315760,0.2187310,0.2814693,-0.0713994,-197.215,-110.189,-1544.090,0.2189601,3,OK,-197.008,-110.223,-1544.247,OK,-225.112,-37.624,-1482.085,OK,-274.912,-109.308,-1492.186
3,Port 0x01: JJH Probe  s/n:3E4C880C,651119851,1778077597.518787373,1,Too Few Markers,-3.697314E28,-3.697314E28,-3.697314E28,-3.697314E28,-3.697314E28,-3.697314E28,-3.697314E28,0.0000000,3,Missing,-3.697314E28,-3.697314E28,-3.697314E28,Missing,-3.697314E28,-3.697314E28,-3.697314E28,Missing,-3.697314E28,-3.697314E28,-3.697314E28,Port 0x02: JJH T tibia tracker  s/n:3E4C8800,651119851,1778077597.518787373,1,OK,0.4522539,0.1912248,0.1247260,-0.8621734,91.256,-62.247,-1564.909,0.2302082,3,OK,91.116,-62.449,-1565.030,OK,34.634,13.242,-1545.919,OK,137.881,3.640,-1525.076,Port 0x03: JJH Y femur tracker  s/n:3E4C8801,651119851,1778077597.518787373,1,OK,0.9316128,0.2185243,0.2815160,-0.0713683,-197.256,-110.179,-1544.073,0.2195801,3,OK,-197.047,-110.208,-1544.229,OK,-225.162,-37.605,-1482.099,OK,-274.952,-109.292,-1492.160
3,Port 0x01: JJH Probe  s/n:3E4C880C,651119854,1778077597.568787373,1,Too Few Markers,-3.697314E28,-3.697314E28,-3.697314E28,-3.697314E28,-3.697314E28,-3.697314E28,-3.697314E28,0.0000000,3,Missing,-3.697314E28,-3.697314E28,-3.697314E28,Missing,-3.697314E28,-3.697314E28,-3.697314E28,Missing,-3.697314E28,-3.697314E28,-3.697314E28,Port 0x02: JJH T tibia tracker  s/n:3E4C8800,651119854,1778077597.568787373,1,OK,0.4523069,0.1910659,0.1245849,-0.8622012,91.216,-62.236,-1564.915,0.2303111,3,OK,91.071,-62.435,-1565.036,OK,34.598,13.253,-1545.950,OK,137.842,3.672,-1525.116,Port 0x03: JJH Y femur tracker  s/n:3E4C8801,651119854,1778077597.568787373,1,OK,0.9315565,0.2187660,0.2815118,-0.0713802,-197.286,-110.174,-1544.080,0.2283885,3,OK,-197.071,-110.210,-1544.244,OK,-225.179,-37.611,-1482.064,OK,-274.989,-109.305,-1492.166
3,Port 0x01: JJH Probe  s/n:3E4C880C,651119857,1778077597.618787373,1,Too Few Markers,-3.697314E28,-3.697314E28,-3.697314E28,-3.697314E28,-3.697314E28,-3.697314E28,-3.697314E28,0.0000000,3,Missing,-3.697314E28,-3.697314E28,-3.697314E28,Missing,-3.697314E28,-3.697314E28,-3.697314E28,Missing,-3.697314E28,-3.697314E28,-3.697314E28,Port 0x02: JJH T tibia tracker  s/n:3E4C8800,651119857,1778077597.618787373,1,OK,0.4524423,0.1905952,0.1238358,-0.8623422,91.234,-62.227,-1564.787,0.2027290,3,OK,91.092,-62.376,-1564.885,OK,34.618,13.280,-1545.959,OK,137.872,3.720,-1525.126,Port 0x03: JJH Y femur tracker  s/n:3E4C8801,651119857,1778077597.618787373,1,OK,0.9316304,0.2185717,0.2814257,-0.0713499,-197.237,-110.164,-1544.071,0.2166534,3,OK,-197.032,-110.187,-1544.220,OK,-225.148,-37.595,-1482.100,OK,-274.945,-109.284,-1492.174
3,Port 0x01: JJH Probe  s/n:3E4C880C,651119860,1778077597.668787373,1,Too Few Markers,-3.697314E28,-3.697314E28,-3.697314E28,-3.697314E28,-3.697314E28,-3.697314E28,-3.697314E28,0.0000000,3,Missing,-3.697314E28,-3.697314E28,-3.697314E28,Missing,-3.697314E28,-3.697314E28,-3.697314E28,Missing,-3.697314E28,-3.697314E28,-3.697314E28,Port 0x02: JJH T tibia tracker  s/n:3E4C8800,651119860,1778077597.668787373,1,OK,0.4524098,0.1909888,0.1246768,-0.8621510,91.240,-62.185,-1564.938,0.2280187,3,OK,91.102,-62.390,-1565.060,OK,34.604,13.294,-1545.955,OK,137.847,3.732,-1525.145,Port 0x03: JJH Y femur tracker  s/n:3E4C8801,651119860,1778077597.668787373,1,OK,0.9315877,0.2189500,0.2812640,-0.0713852,-197.237,-110.161,-1544.067,0.2127793,3,OK,-197.040,-110.201,-1544.222,OK,-225.148,-37.605,-1482.041,OK,-274.947,-109.289,-1492.204
3,Port 0x01: JJH Probe  s/n:3E4C880C,651119863,1778077597.718787373,1,Too Few Markers,-3.697314E28,-3.697314E28,-3.697314E28,-3.697314E28,-3.697314E28,-3.697314E28,-3.697314E28,0.0000000,3,Missing,-3.697314E28,-3.697314E28,-3.697314E28,Missing,-3.697314E28,-3.697314E28,-3.697314E28,Missing,-3.697314E28,-3.697314E28,-3.697314E28,Port 0x02: JJH T tibia tracker  s/n:3E4C8800,651119863,1778077597.718787373,1,OK,0.4523930,0.1914995,0.1249706,-0.8620040,91.196,-62.133,-1564.977,0.2428430,3,OK,91.046,-62.349,-1565.107,OK,34.545,13.319,-1545.956,OK,137.779,3.762,-1525.078,Port 0x03: JJH Y femur tracker  s/n:3E4C8801,651119863,1778077597.718787373,1,OK,0.9316237,0.2188717,0.2812058,-0.0713841,-197.286,-110.151,-1544.061,0.2206020,3,OK,-197.083,-110.187,-1544.217,OK,-225.199,-37.583,-1482.053,OK,-275.015,-109.280,-1492.204
3,Port 0x01: JJH Probe  s/n:3E4C880C,651119866,1778077597.768787373,1,Too Few Markers,-3.697314E28,-3.697314E28,-3.697314E28,-3.697314E28,-3.697314E28,-3.697314E28,-3.697314E28,0.0000000,3,Missing,-3.697314E28,-3.697314E28,-3.697314E28,Missing,-3.697314E28,-3.697314E28,-3.697314E28,Missing,-3.697314E28,-3.697314E28,-3.697314E28,Port 0x02: JJH T tibia tracker  s/n:3E4C8800,651119866,1778077597.768787373,1,OK,0.4525067,0.1909034,0.1242024,-0.8621875,91.189,-62.171,-1564.898,0.2241599,3,OK,91.047,-62.362,-1565.015,OK,34.549,13.319,-1546.006,OK,137.792,3.778,-1525.153,Port 0x03: JJH Y femur tracker  s/n:3E4C8801,651119866,1778077597.768787373,1,OK,0.9317322,0.2186237,0.2810585,-0.0713083,-197.232,-110.189,-1544.038,0.2081494,3,OK,-197.041,-110.205,-1544.175,OK,-225.173,-37.615,-1482.092,OK,-274.976,-109.314,-1492.210
3,Port 0x01: JJH Probe  s/n:3E4C880C,651119869,1778077597.818787373,1,Too Few Markers,-3.697314E28,-3.697314E28,-3.697314E28,-3.697314E28,-3.697314E28,-3.697314E28,-3.697314E28,0.0000000,3,Missing,-3.697314E28,-3.697314E28,-3.697314E28,Missing,-3.697314E28,-3.697314E28,-3.697314E28,Missing,-3.697314E28,-3.697314E28,-3.697314E28,Port 0x02: JJH T tibia tracker  s/n:3E4C8800,651119869,1778077597.818787373,1,OK,0.4525463,0.1912204,0.1244056,-0.8620672,91.228,-62.134,-1564.995,0.2319894,3,OK,91.087,-62.339,-1565.118,OK,34.561,13.341,-1546.077,OK,137.806,3.803,-1525.185,Port 0x03: JJH Y femur tracker  s/n:3E4C8801,651119869,1778077597.818787373,1,OK,0.9316575,0.2188786,0.2811005,-0.0713371,-197.226,-110.158,-1544.069,0.2075702,3,OK,-197.035,-110.190,-1544.214,OK,-225.155,-37.597,-1482.071,OK,-274.955,-109.290,-1492.238
3,Port 0x01: JJH Probe  s/n:3E4C880C,651119872,1778077597.868787373,1,Too Few Markers,-3.697314E28,-3.697314E28,-3.697314E28,-3.697314E28,-3.697314E28,-3.697314E28,-3.697314E28,0.0000000,3,Missing,-3.697314E28,-3.697314E28,-3.697314E28,Missing,-3.697314E28,-3.697314E28,-3.697314E28,Missing,-3.697314E28,-3.697314E28,-3.697314E28,Port 0x02: JJH T tibia tracker  s/n:3E4C8800,651119872,1778077597.868787373,1,OK,0.4525119,0.1910534,0.1248055,-0.8620645,91.169,-62.153,-1565.094,0.2404357,3,OK,91.029,-62.377,-1565.224,OK,34.512,13.312,-1546.090,OK,137.756,3.779,-1525.275,Port 0x03: JJH Y femur tracker  s/n:3E4C8801,651119872,1778077597.868787373,1,OK,0.9316488,0.2186346,0.2813358,-0.0712712,-197.281,-110.213,-1544.090,0.2131649,3,OK,-197.082,-110.242,-1544.239,OK,-225.209,-37.646,-1482.111,OK,-274.994,-109.350,-1492.217
3,Port 0x01: JJH Probe  s/n:3E4C880C,651119875,1778077597.918787373,1,Too Few Markers,-3.697314E28,-3.697314E28,-3.697314E28,-3.697314E28,-3.697314E28,-3.697314E28,-3.697314E28,0.0000000,3,Missing,-3.697314E28,-3.697314E28,-3.697314E28,Missing,-3.697314E28,-3.697314E28,-3.697314E28,Missing,-3.697314E28,-3.697314E28,-3.697314E28,Port 0x02: JJH T tibia tracker  s/n:3E4C8800,651119875,1778077597.918787373,1,OK,0.4526301,0.1909075,0.1239872,-0.8621528,91.181,-62.234,-1565.099,0.2231286,3,OK,91.045,-62.428,-1565.216,OK,34.516,13.261,-1546.252,OK,137.765,3.735,-1525.371,Port 0x03: JJH Y femur tracker  s/n:3E4C8801,651119875,1778077597.918787373,1,OK,0.9316603,0.2185827,0.2813233,-0.0713290,-197.278,-110.300,-1544.095,0.2105262,3,OK,-197.082,-110.321,-1544.237,OK,-225.196,-37.727,-1482.131,OK,-274.992,-109.426,-1492.222
3,Port 0x01: JJH Probe  s/n:3E4C880C,651119878,1778077597.968787373,1,Too Few Markers,-3.697314E28,-3.697314E28,-3.697314E28,-3.697314E28,-3.697314E28,-3.697314E28,-3.697314E28,0.0000000,3,Missing,-3.697314E28,-3.697314E28,-3.697314E28,Missing,-3.697314E28,-3.697314E28,-3.697314E28,Missing,-3.697314E28,-3.697314E28,-3.697314E28,Port 0x02: JJH T tibia tracker  s/n:3E4C8800,651119878,1778077597.968787373,1,OK,0.4527856,0.1904412,0.1228519,-0.8623368,91.201,-62.300,-1565.213,0.2095096,3,OK,91.066,-62.471,-1565.319,OK,34.551,13.243,-1546.568,OK,137.790,3.745,-1525.646,Port 0x03: JJH Y femur tracker  s/n:3E4C8801,651119878,1778077597.968787373,1,OK,0.9316768,0.2185758,0.2812722,-0.0713366,-197.245,-110.404,-1544.138,0.2151620,3,OK,-197.044,-110.430,-1544.287,OK,-225.171,-37.825,-1482.175,OK,-274.966,-109.523,-1492.270
3,Port 0x01: JJH Probe  s/n:3E4C880C,651119881,1778077598.018787373,1,Too Few Markers,-3.697314E28,-3.697314E28,-3.697314E28,-3.697314E28,-3.697314E28,-3.697314E28,-3.697314E28,0.0000000,3,Missing,-3.697314E28,-3.697314E28,-3.697314E28,Missing,-3.697314E28,-3.697314E28,-3.697314E28,Missing,-3.697314E28,-3.697314E28,-3.697314E28,Port 0x02: JJH T tibia tracker  s/n:3E4C8800,651119881,1778077598.018787373,1,OK,0.4529091,0.1900223,0.1228910,-0.8623588,91.167,-61.942,-1565.714,0.2333624,3,OK,91.030,-62.155,-1565.838,OK,34.512,13.607,-1547.046,OK,137.762,4.157,-1526.195,Port 0x03: JJH Y femur tracker  s/n:3E4C8801,651119881,1778077598.018787373,1,OK,0.9315610,0.2188256,0.2814676,-0.0713130,-197.292,-110.216,-1544.178,0.2283897,3,OK,-197.077,-110.259,-1544.346,OK,-225.202,-37.659,-1482.151,OK,-274.997,-109.358,-1492.275
3,Port 0x01: JJH Probe  s/n:3E4C880C,651119884,1778077598.068787373,1,Too Few Markers,-3.697314E28,-3.697314E28,-3.697314E28,-3.697314E28,-3.697314E28,-3.697314E28,-3.697314E28,0.0000000,3,Missing,-3.697314E28,-3.697314E28,-3.697314E28,Missing,-3.697314E28,-3.697314E28,-3.697314E28,Missing,-3.697314E28,-3.697314E28,-3.697314E28,Port 0x02: JJH T tibia tracker  s/n:3E4C8800,651119884,1778077598.068787373,1,OK,0.4532805,0.1886279,0.1199208,-0.8628878,91.181,-61.761,-1566.508,0.2211058,3,OK,91.038,-61.944,-1566.619,OK,34.565,13.928,-1548.362,OK,137.820,4.555,-1527.426,Port 0x03: JJH Y femur tracker  s/n:3E4C8801,651119884,1778077598.068787373,1,OK,0.9317260,0.2184968,0.2811821,-0.0712911,-197.300,-110.357,-1544.114,0.2170126,3,OK,-197.098,-110.379,-1544.261,OK,-225.241,-37.772,-1482.172,OK,-275.037,-109.479,-1492.261
3,Port 0x01: JJH Probe  s/n:3E4C880C,651119887,1778077598.118787369,1,Too Few Markers,-3.697314E28,-3.697314E28,-3.697314E28,-3.697314E28,-3.697314E28,-3.697314E28,-3.697314E28,0.0000000,3,Missing,-3.697314E28,-3.697314E28,-3.697314E28,Missing,-3.697314E28,-3.697314E28,-3.697314E28,Missing,-3.697314E28,-3.697314E28,-3.697314E28,Port 0x02: JJH T tibia tracker  s/n:3E4C8800,651119887,1778077598.118787369,1,OK,0.4540100,0.1866835,0.1158258,-0.8634863,91.220,-60.992,-1568.363,0.2471850,3,OK,91.083,-61.227,-1568.492,OK,34.622,14.910,-1550.926,OK,137.870,5.690,-1529.872,Port 0x03: JJH Y femur tracker  s/n:3E4C8801,651119887,1778077598.118787369,1,OK,0.9318843,0.2181098,0.2809468,-0.0713345,-197.303,-110.258,-1544.094,0.2106356,3,OK,-197.104,-110.268,-1544.230,OK,-225.274,-37.638,-1482.236,OK,-275.061,-109.337,-1492.276
3,Port 0x01: JJH Probe  s/n:3E4C880C,651119890,1778077598.168787369,1,Too Few Markers,-3.697314E28,-3.697314E28,-3.697314E28,-3.697314E28,-3.697314E28,-3.697314E28,-3.697314E28,0.0000000,3,Missing,-3.697314E28,-3.697314E28,-3.697314E28,Missing,-3.697314E28,-3.697314E28,-3.697314E28,Missing,-3.697314E28,-3.697314E28,-3.697314E28,Port 0x02: JJH T tibia tracker  s/n:3E4C8800,651119890,1778077598.168787369,1,OK,0.4550281,0.1827475,0.1082382,-0.8647759,91.419,-60.124,-1571.364,0.2717810,3,OK,91.273,-60.396,-1571.504,OK,34.934,16.153,-1555.232,OK,138.164,7.179,-1534.033,Port 0x03: JJH Y femur tracker  s/n:3E4C8801,651119890,1778077598.168787369,1,OK,0.9317748,0.2181713,0.2812187,-0.0715056,-197.338,-110.216,-1544.182,0.2267262,3,OK,-197.119,-110.246,-1544.344,OK,-225.269,-37.590,-1482.284,OK,-275.067,-109.268,-1492.304
3,Port 0x01: JJH Probe  s/n:3E4C880C,651119893,1778077598.218787369,1,Too Few Markers,-3.697314E28,-3.697314E28,-3.697314E28,-3.697314E28,-3.697314E28,-3.697314E28,-3.697314E28,0.0000000,3,Missing,-3.697314E28,-3.697314E28,-3.697314E28,Missing,-3.697314E28,-3.697314E28,-3.697314E28,Missing,-3.697314E28,-3.697314E28,-3.697314E28,Port 0x02: JJH T tibia tracker  s/n:3E4C8800,651119893,1778077598.218787369,1,OK,0.4550087,0.1819737,0.1065614,-0.8651574,91.367,-60.006,-1571.718,0.2573991,3,OK,91.224,-60.254,-1571.848,OK,34.938,16.370,-1555.875,OK,138.170,7.381,-1534.638,Port 0x03: JJH Y femur tracker  s/n:3E4C8801,651119893,1778077598.218787369,1,OK,0.9318245,0.2181642,0.2810562,-0.0715179,-197.391,-110.220,-1544.179,0.2323959,3,OK,-197.167,-110.254,-1544.347,OK,-225.338,-37.583,-1482.292,OK,-275.142,-109.262,-1492.324
3,Port 0x01: JJH Probe  s/n:3E4C880C,651119896,1778077598.268787369,1,Too Few Markers,-3.697314E28,-3.697314E28,-3.697314E28,-3.697314E28,-3.697314E28,-3.697314E28,-3.697314E28,0.0000000,3,Missing,-3.697314E28,-3.697314E28,-3.697314E28,Missing,-3.697314E28,-3.697314E28,-3.697314E28,Missing,-3.697314E28,-3.697314E28,-3.697314E28,Port 0x02: JJH T tibia tracker  s/n:3E4C8800,651119896,1778077598.268787369,1,OK,0.4549751,0.1823051,0.1078225,-0.8649491,91.412,-59.934,-1571.652,0.2691467,3,OK,91.278,-60.212,-1571.792,OK,34.950,16.391,-1555.579,OK,138.189,7.392,-1534.423,Port 0x03: JJH Y femur tracker  s/n:3E4C8801,651119896,1778077598.268787369,1,OK,0.9318417,0.2182488,0.2809329,-0.0715208,-197.344,-110.086,-1544.229,0.2240580,3,OK,-197.134,-110.126,-1544.391,OK,-225.293,-37.438,-1482.332,OK,-275.098,-109.138,-1492.406
3,Port 0x01: JJH Probe  s/n:3E4C880C,651119899,1778077598.318787369,1,Too Few Markers,-3.697314E28,-3.697314E28,-3.697314E28,-3.697314E28,-3.697314E28,-3.697314E28,-3.697314E28,0.0000000,3,Missing,-3.697314E28,-3.697314E28,-3.697314E28,Missing,-3.697314E28,-3.697314E28,-3.697314E28,Missing,-3.697314E28,-3.697314E28,-3.697314E28,Port 0x02: JJH T tibia tracker  s/n:3E4C8800,651119899,1778077598.318787369,1,OK,0.4550645,0.1819496,0.1067679,-0.8651077,91.429,-59.979,-1571.758,0.2571966,3,OK,91.288,-60.232,-1571.889,OK,34.990,16.382,-1555.876,OK,138.217,7.407,-1534.666,Port 0x03: JJH Y femur tracker  s/n:3E4C8801,651119899,1778077598.318787369,1,OK,0.9317872,0.2181043,0.2812259,-0.0715196,-197.354,-110.194,-1544.212,0.2325481,3,OK,-197.130,-110.230,-1544.382,OK,-225.288,-37.553,-1482.318,OK,-275.085,-109.239,-1492.330
3,Port 0x01: JJH Probe  s/n:3E4C880C,651119902,1778077598.368787369,1,Too Few Markers,-3.697314E28,-3.697314E28,-3.697314E28,-3.697314E28,-3.697314E28,-3.697314E28,-3.697314E28,0.0000000,3,Missing,-3.697314E28,-3.697314E28,-3.697314E28,Missing,-3.697314E28,-3.697314E28,-3.697314E28,Missing,-3.697314E28,-3.697314E28,-3.697314E28,Port 0x02: JJH T tibia tracker  s/n:3E4C8800,651119902,1778077598.368787369,1,OK,0.4552064,0.1813890,0.1050504,-0.8653610,91.421,-59.757,-1572.211,0.2530824,3,OK,91.278,-59.997,-1572.337,OK,35.003,16.682,-1556.638,OK,138.233,7.733,-1535.337,Port 0x03: JJH Y femur tracker  s/n:3E4C8801,651119902,1778077598.368787369,1,OK,0.9318690,0.2182631,0.2808214,-0.0715593,-197.356,-110.124,-1544.140,0.2204276,3,OK,-197.151,-110.156,-1544.295,OK,-225.303,-37.473,-1482.257,OK,-275.122,-109.169,-1492.335
3,Port 0x01: JJH Probe  s/n:3E4C880C,651119905,1778077598.418787369,1,Too Few Markers,-3.697314E28,-3.697314E28,-3.697314E28,-3.697314E28,-3.697314E28,-3.697314E28,-3.697314E28,0.0000000,3,Missing,-3.697314E28,-3.697314E28,-3.697314E28,Missing,-3.697314E28,-3.697314E28,-3.697314E28,Missing,-3.697314E28,-3.697314E28,-3.697314E28,Port 0x02: JJH T tibia tracker  s/n:3E4C8800,651119905,1778077598.418787369,1,OK,0.4552715,0.1812065,0.1048069,-0.8653945,91.394,-59.766,-1572.213,0.2428368,3,OK,91.258,-59.996,-1572.333,OK,34.974,16.680,-1556.682,OK,138.202,7.738,-1535.389,Port 0x03: JJH Y femur tracker  s/n:3E4C8801,651119905,1778077598.418787369,1,OK,0.9316560,0.2183117,0.2814943,-0.0715405,-197.422,-110.123,-1544.249,0.2529258,3,OK,-197.178,-110.181,-1544.444,OK,-225.329,-37.495,-1482.288,OK,-275.131,-109.181,-1492.315
3,Port 0x01: JJH Probe  s/n:3E4C880C,651119908,1778077598.468787369,1,Too Few Markers,-3.697314E28,-3.697314E28,-3.697314E28,-3.697314E28,-3.697314E28,-3.697314E28,-3.697314E28,0.0000000,3,Missing,-3.697314E28,-3.697314E28,-3.697314E28,Missing,-3.697314E28,-3.697314E28,-3.697314E28,Missing,-3.697314E28,-3.697314E28,-3.697314E28,Port 0x02: JJH T tibia tracker  s/n:3E4C8800,651119908,1778077598.468787369,1,OK,0.4552815,0.1812230,0.1045403,-0.8654180,91.446,-59.661,-1572.454,0.2552800,3,OK,91.298,-59.898,-1572.579,OK,35.028,16.794,-1556.975,OK,138.262,7.866,-1535.642,Port 0x03: JJH Y femur tracker  s/n:3E4C8801,651119908,1778077598.468787369,1,OK,0.9317686,0.2181689,0.2812448,-0.0714910,-197.372,-110.105,-1544.208,0.2394476,3,OK,-197.143,-110.147,-1544.384,OK,-225.305,-37.465,-1482.298,OK,-275.107,-109.163,-1492.323
3,Port 0x01: JJH Probe  s/n:3E4C880C,651119911,1778077598.518787369,1,Too Few Markers,-3.697314E28,-3.697314E28,-3.697314E28,-3.697314E28,-3.697314E28,-3.697314E28,-3.697314E28,0.0000000,3,Missing,-3.697314E28,-3.697314E28,-3.697314E28,Missing,-3.697314E28,-3.697314E28,-3.697314E28,Missing,-3.697314E28,-3.697314E28,-3.697314E28,Port 0x02: JJH T tibia tracker  s/n:3E4C8800,651119911,1778077598.518787369,1,OK,0.4553496,0.1807969,0.1038815,-0.8655506,91.415,-59.694,-1572.396,0.2361396,3,OK,91.278,-59.908,-1572.510,OK,35.006,16.791,-1557.030,OK,138.244,7.864,-1535.707,Port 0x03: JJH Y femur tracker  s/n:3E4C8801,651119911,1778077598.518787369,1,OK,0.9317390,0.2182058,0.2813163,-0.0714835,-197.384,-110.124,-1544.196,0.2438471,3,OK,-197.149,-110.175,-1544.382,OK,-225.318,-37.488,-1482.268,OK,-275.108,-109.182,-1492.298
3,Port 0x01: JJH Probe  s/n:3E4C880C,651119914,1778077598.568787369,1,Too Few Markers,-3.697314E28,-3.697314E28,-3.697314E28,-3.697314E28,-3.697314E28,-3.697314E28,-3.697314E28,0.0000000,3,Missing,-3.697314E28,-3.697314E28,-3.697314E28,Missing,-3.697314E28,-3.697314E28,-3.697314E28,Missing,-3.697314E28,-3.697314E28,-3.697314E28,Port 0x02: JJH T tibia tracker  s/n:3E4C8800,651119914,1778077598.568787369,1,OK,0.4554100,0.1808092,0.1037356,-0.8655338,91.400,-59.635,-1572.384,0.2324106,3,OK,91.267,-59.850,-1572.497,OK,34.985,16.852,-1557.047,OK,138.212,7.932,-1535.707,Port 0x03: JJH Y femur tracker  s/n:3E4C8801,651119914,1778077598.568787369,1,OK,0.9317825,0.2183060,0.2810949,-0.0714807,-197.411,-110.064,-1544.228,0.2376869,3,OK,-197.184,-110.112,-1544.406,OK,-225.358,-37.430,-1482.304,OK,-275.156,-109.124,-1492.370
3,Port 0x01: JJH Probe  s/n:3E4C880C,651119917,1778077598.618787369,1,Too Few Markers,-3.697314E28,-3.697314E28,-3.697314E28,-3.697314E28,-3.697314E28,-3.697314E28,-3.697314E28,0.0000000,3,Missing,-3.697314E28,-3.697314E28,-3.697314E28,Missing,-3.697314E28,-3.697314E28,-3.697314E28,Missing,-3.697314E28,-3.697314E28,-3.697314E28,Port 0x02: JJH T tibia tracker  s/n:3E4C8800,651119917,1778077598.618787369,1,OK,0.4553097,0.1814133,0.1049426,-0.8653146,91.451,-59.631,-1572.627,0.2715202,3,OK,91.303,-59.897,-1572.764,OK,35.019,16.808,-1557.075,OK,138.248,7.891,-1535.749,Port 0x03: JJH Y femur tracker  s/n:3E4C8801,651119917,1778077598.618787369,1,OK,0.9317528,0.2180665,0.2813765,-0.0714913,-197.378,-110.109,-1544.214,0.2428072,3,OK,-197.145,-110.149,-1544.392,OK,-225.303,-37.464,-1482.309,OK,-275.104,-109.166,-1492.305
3,Port 0x01: JJH Probe  s/n:3E4C880C,651119920,1778077598.668787369,1,Too Few Markers,-3.697314E28,-3.697314E28,-3.697314E28,-3.697314E28,-3.697314E28,-3.697314E28,-3.697314E28,0.0000000,3,Missing,-3.697314E28,-3.697314E28,-3.697314E28,Missing,-3.697314E28,-3.697314E28,-3.697314E28,Missing,-3.697314E28,-3.697314E28,-3.697314E28,Port 0x02: JJH T tibia tracker  s/n:3E4C8800,651119920,1778077598.668787369,1,OK,0.4553599,0.1807813,0.1042028,-0.8655098,91.432,-59.632,-1572.494,0.2502793,3,OK,91.295,-59.874,-1572.618,OK,35.021,16.847,-1557.063,OK,138.253,7.930,-1535.778,Port 0x03: JJH Y femur tracker  s/n:3E4C8801,651119920,1778077598.668787369,1,OK,0.9318097,0.2182798,0.2810189,-0.0715053,-197.368,-110.079,-1544.195,0.2369595,3,OK,-197.143,-110.122,-1544.369,OK,-225.314,-37.438,-1482.284,OK,-275.124,-109.135,-1492.349
3,Port 0x01: JJH Probe  s/n:3E4C880C,651119923,1778077598.718787369,1,Too Few Markers,-3.697314E28,-3.697314E28,-3.697314E28,-3.697314E28,-3.697314E28,-3.697314E28,-3.697314E28,0.0000000,3,Missing,-3.697314E28,-3.697314E28,-3.697314E28,Missing,-3.697314E28,-3.697314E28,-3.697314E28,Missing,-3.697314E28,-3.697314E28,-3.697314E28,Port 0x02: JJH T tibia tracker  s/n:3E4C8800,651119923,1778077598.718787369,1,OK,0.4553882,0.1809331,0.1040470,-0.8654819,91.411,-59.653,-1572.481,0.2473506,3,OK,91.275,-59.890,-1572.603,OK,34.990,16.827,-1557.086,OK,138.220,7.909,-1535.755,Port 0x03: JJH Y femur tracker  s/n:3E4C8801,651119923,1778077598.718787369,1,OK,0.9317097,0.2183857,0.2812668,-0.0715106,-197.404,-110.092,-1544.201,0.2457175,3,OK,-197.169,-110.146,-1544.389,OK,-225.331,-37.466,-1482.248,OK,-275.134,-109.154,-1492.310
3,Port 0x01: JJH Probe  s/n:3E4C880C,651119926,1778077598.768787369,1,Too Few Markers,-3.697314E28,-3.697314E28,-3.697314E28,-3.697314E28,-3.697314E28,-3.697314E28,-3.697314E28,0.0000000,3,Missing,-3.697314E28,-3.697314E28,-3.697314E28,Missing,-3.697314E28,-3.697314E28,-3.697314E28,Missing,-3.697314E28,-3.697314E28,-3.697314E28,Port 0x02: JJH T tibia tracker  s/n:3E4C8800,651119926,1778077598.768787369,1,OK,0.4552778,0.1813897,0.1051569,-0.8653103,91.443,-59.592,-1572.698,0.2793038,3,OK,91.289,-59.866,-1572.839,OK,35.015,16.840,-1557.104,OK,138.249,7.926,-1535.804,Port 0x03: JJH Y femur tracker  s/n:3E4C8801,651119926,1778077598.768787369,1,OK,0.9319588,0.2178608,0.2808561,-0.0714791,-197.355,-110.110,-1544.177,0.2204768,3,OK,-197.143,-110.129,-1544.328,OK,-225.332,-37.451,-1482.359,OK,-275.123,-109.136,-1492.360
3,Port 0x01: JJH Probe  s/n:3E4C880C,651119929,1778077598.818787369,1,Too Few Markers,-3.697314E28,-3.697314E28,-3.697314E28,-3.697314E28,-3.697314E28,-3.697314E28,-3.697314E28,0.0000000,3,Missing,-3.697314E28,-3.697314E28,-3.697314E28,Missing,-3.697314E28,-3.697314E28,-3.697314E28,Missing,-3.697314E28,-3.697314E28,-3.697314E28,Port 0x02: JJH T tibia tracker  s/n:3E4C8800,651119929,1778077598.818787369,1,OK,0.4553988,0.1804504,0.1039244,-0.8655919,91.423,-59.667,-1572.460,0.2345074,3,OK,91.291,-59.886,-1572.574,OK,35.015,16.820,-1557.076,OK,138.260,7.906,-1535.821,Port 0x03: JJH Y femur tracker  s/n:3E4C8801,651119929,1778077598.818787369,1,OK,0.9318255,0.2179305,0.2812440,-0.0714797,-197.375,-110.122,-1544.202,0.2364074,3,OK,-197.147,-110.153,-1544.371,OK,-225.316,-37.468,-1482.334,OK,-275.113,-109.168,-1492.316
3,Port 0x01: JJH Probe  s/n:3E4C880C,651119932,1778077598.868787369,1,Too Few Markers,-3.697314E28,-3.697314E28,-3.697314E28,-3.697314E28,-3.697314E28,-3.697314E28,-3.697314E28,0.0000000,3,Missing,-3.697314E28,-3.697314E28,-3.697314E28,Missing,-3.697314E28,-3.697314E28,-3.697314E28,Missing,-3.697314E28,-3.697314E28,-3.697314E28,Port 0x02: JJH T tibia tracker  s/n:3E4C8800,651119932,1778077598.868787369,1,OK,0.4553730,0.1809051,0.1045914,-0.8654302,91.402,-59.629,-1572.562,0.2542981,3,OK,91.264,-59.877,-1572.689,OK,34.977,16.827,-1557.064,OK,138.215,7.916,-1535.796,Port 0x03: JJH Y femur tracker  s/n:3E4C8801,651119932,1778077598.868787369,1,OK,0.9318094,0.2180720,0.2811964,-0.0714452,-197.409,-110.102,-1544.206,0.2346081,3,OK,-197.185,-110.138,-1544.376,OK,-225.354,-37.456,-1482.316,OK,-275.148,-109.163,-1492.333
3,Port 0x01: JJH Probe  s/n:3E4C880C,651119935,1778077598.918787369,1,Too Few Markers,-3.697314E28,-3.697314E28,-3.697314E28,-3.697314E28,-3.697314E28,-3.697314E28,-3.697314E28,0.0000000,3,Missing,-3.697314E28,-3.697314E28,-3.697314E28,Missing,-3.697314E28,-3.697314E28,-3.697314E28,Missing,-3.697314E28,-3.697314E28,-3.697314E28,Port 0x02: JJH T tibia tracker  s/n:3E4C8800,651119935,1778077598.918787369,1,OK,0.4553851,0.1811440,0.1043871,-0.8653985,91.430,-59.654,-1572.581,0.2573920,3,OK,91.292,-59.907,-1572.710,OK,35.002,16.811,-1557.126,OK,138.225,7.896,-1535.794,Port 0x03: JJH Y femur tracker  s/n:3E4C8801,651119935,1778077598.918787369,1,OK,0.9318107,0.2183051,0.2810018,-0.0714823,-197.370,-110.113,-1544.198,0.2332510,3,OK,-197.149,-110.153,-1544.368,OK,-225.319,-37.479,-1482.288,OK,-275.127,-109.174,-1492.357
3,Port 0x01: JJH Probe  s/n:3E4C880C,651119938,1778077598.968787369,1,Too Few Markers,-3.697314E28,-3.697314E28,-3.697314E28,-3.697314E28,-3.697314E28,-3.697314E28,-3.697314E28,0.0000000,3,Missing,-3.697314E28,-3.697314E28,-3.697314E28,Missing,-3.697314E28,-3.697314E28,-3.697314E28,Missing,-3.697314E28,-3.697314E28,-3.697314E28,Port 0x02: JJH T tibia tracker  s/n:3E4C8800,651119938,1778077598.968787369,1,OK,0.4554068,0.1806978,0.1040686,-0.8655187,91.420,-59.671,-1572.514,0.2441220,3,OK,91.289,-59.910,-1572.635,OK,35.004,16.812,-1557.107,OK,138.235,7.898,-1535.824,Port 0x03: JJH Y femur tracker  s/n:3E4C8801,651119938,1778077598.968787369,1,OK,0.9317881,0.2181176,0.2812163,-0.0715048,-197.383,-110.120,-1544.206,0.2410537,3,OK,-197.152,-110.165,-1544.386,OK,-225.323,-37.472,-1482.303,OK,-275.120,-109.169,-1492.324
3,Port 0x01: JJH Probe  s/n:3E4C880C,651119941,1778077599.018787369,1,Too Few Markers,-3.697314E28,-3.697314E28,-3.697314E28,-3.697314E28,-3.697314E28,-3.697314E28,-3.697314E28,0.0000000,3,Missing,-3.697314E28,-3.697314E28,-3.697314E28,Missing,-3.697314E28,-3.697314E28,-3.697314E28,Missing,-3.697314E28,-3.697314E28,-3.697314E28,Port 0x02: JJH T tibia tracker  s/n:3E4C8800,651119941,1778077599.018787369,1,OK,0.4553304,0.1813222,0.1049435,-0.8653227,91.405,-59.612,-1572.718,0.2766404,3,OK,91.257,-59.888,-1572.858,OK,34.972,16.830,-1557.162,OK,138.203,7.920,-1535.852,Port 0x03: JJH Y femur tracker  s/n:3E4C8801,651119941,1778077599.018787369,1,OK,0.9317838,0.2181234,0.2812235,-0.0715158,-197.405,-110.108,-1544.184,0.2354569,3,OK,-197.180,-110.148,-1544.357,OK,-225.337,-37.462,-1482.284,OK,-275.139,-109.159,-1492.304
3,Port 0x01: JJH Probe  s/n:3E4C880C,651119944,1778077599.068787369,1,Too Few Markers,-3.697314E28,-3.697314E28,-3.697314E28,-3.697314E28,-3.697314E28,-3.697314E28,-3.697314E28,0.0000000,3,Missing,-3.697314E28,-3.697314E28,-3.697314E28,Missing,-3.697314E28,-3.697314E28,-3.697314E28,Missing,-3.697314E28,-3.697314E28,-3.697314E28,Port 0x02: JJH T tibia tracker  s/n:3E4C8800,651119944,1778077599.068787369,1,OK,0.4554743,0.1804911,0.1035859,-0.8655843,91.398,-59.664,-1572.501,0.2271635,3,OK,91.267,-59.874,-1572.611,OK,34.986,16.828,-1557.184,OK,138.214,7.925,-1535.885,Port 0x03: JJH Y femur tracker  s/n:3E4C8801,651119944,1778077599.068787369,1,OK,0.9318103,0.2181573,0.2811124,-0.0715035,-197.378,-110.124,-1544.201,0.2313944,3,OK,-197.156,-110.161,-1544.370,OK,-225.322,-37.483,-1482.307,OK,-275.120,-109.172,-1492.341
3,Port 0x01: JJH Probe  s/n:3E4C880C,651119947,1778077599.118787370,1,Too Few Markers,-3.697314E28,-3.697314E28,-3.697314E28,-3.697314E28,-3.697314E28,-3.697314E28,-3.697314E28,0.0000000,3,Missing,-3.697314E28,-3.697314E28,-3.697314E28,Missing,-3.697314E28,-3.697314E28,-3.697314E28,Missing,-3.697314E28,-3.697314E28,-3.697314E28,Port 0x02: JJH T tibia tracker  s/n:3E4C8800,651119947,1778077599.118787370,1,OK,0.4554944,0.1808580,0.1037329,-0.8654795,91.410,-59.648,-1572.565,0.2431917,3,OK,91.273,-59.875,-1572.684,OK,34.978,16.833,-1557.232,OK,138.210,7.937,-1535.876,Port 0x03: JJH Y femur tracker  s/n:3E4C8801,651119947,1778077599.118787370,1,OK,0.9317072,0.2184595,0.2812107,-0.0715381,-197.396,-110.100,-1544.205,0.2425000,3,OK,-197.168,-110.154,-1544.388,OK,-225.315,-37.470,-1482.246,OK,-275.130,-109.168,-1492.328
3,Port 0x01: JJH Probe  s/n:3E4C880C,651119950,1778077599.168787370,1,Too Few Markers,-3.697314E28,-3.697314E28,-3.697314E28,-3.697314E28,-3.697314E28,-3.697314E28,-3.697314E28,0.0000000,3,Missing,-3.697314E28,-3.697314E28,-3.697314E28,Missing,-3.697314E28,-3.697314E28,-3.697314E28,Missing,-3.697314E28,-3.697314E28,-3.697314E28,Port 0x02: JJH T tibia tracker  s/n:3E4C8800,651119950,1778077599.168787370,1,OK,0.4554969,0.1808540,0.1035839,-0.8654968,91.387,-59.633,-1572.548,0.2409057,3,OK,91.246,-59.851,-1572.664,OK,34.959,16.848,-1557.245,OK,138.192,7.957,-1535.871,Port 0x03: JJH Y femur tracker  s/n:3E4C8801,651119950,1778077599.168787370,1,OK,0.9318108,0.2180658,0.2811861,-0.0714860,-197.396,-110.124,-1544.195,0.2381364,3,OK,-197.168,-110.157,-1544.365,OK,-225.334,-37.477,-1482.310,OK,-275.141,-109.178,-1492.319
3,Port 0x01: JJH Probe  s/n:3E4C880C,651119953,1778077599.218787369,1,Too Few Markers,-3.697314E28,-3.697314E28,-3.697314E28,-3.697314E28,-3.697314E28,-3.697314E28,-3.697314E28,0.0000000,3,Missing,-3.697314E28,-3.697314E28,-3.697314E28,Missing,-3.697314E28,-3.697314E28,-3.697314E28,Missing,-3.697314E28,-3.697314E28,-3.697314E28,Port 0x02: JJH T tibia tracker  s/n:3E4C8800,651119953,1778077599.218787369,1,OK,0.4554690,0.1808114,0.1040172,-0.8654685,91.388,-59.623,-1572.742,0.2649898,3,OK,91.242,-59.882,-1572.874,OK,34.964,16.853,-1557.349,OK,138.195,7.972,-1536.029,Port 0x03: JJH Y femur tracker  s/n:3E4C8801,651119953,1778077599.218787369,1,OK,0.9317966,0.2183577,0.2809954,-0.0715309,-197.384,-110.119,-1544.217,0.2339264,3,OK,-197.164,-110.159,-1544.386,OK,-225.319,-37.481,-1482.300,OK,-275.141,-109.179,-1492.378
3,Port 0x01: JJH Probe  s/n:3E4C880C,651119956,1778077599.268787369,1,Too Few Markers,-3.697314E28,-3.697314E28,-3.697314E28,-3.697314E28,-3.697314E28,-3.697314E28,-3.697314E28,0.0000000,3,Missing,-3.697314E28,-3.697314E28,-3.697314E28,Missing,-3.697314E28,-3.697314E28,-3.697314E28,Missing,-3.697314E28,-3.697314E28,-3.697314E28,Port 0x02: JJH T tibia tracker  s/n:3E4C8800,651119956,1778077599.268787369,1,OK,0.4555612,0.1808600,0.1038106,-0.8654346,91.411,-59.602,-1572.815,0.2621651,3,OK,91.267,-59.857,-1572.946,OK,34.973,16.873,-1557.467,OK,138.201,8.007,-1536.112,Port 0x03: JJH Y femur tracker  s/n:3E4C8801,651119956,1778077599.268787369,1,OK,0.9318113,0.2180915,0.2811612,-0.0714994,-197.372,-110.116,-1544.223,0.2369862,3,OK,-197.146,-110.154,-1544.396,OK,-225.313,-37.466,-1482.333,OK,-275.116,-109.166,-1492.352
3,Port 0x01: JJH Probe  s/n:3E4C880C,651119959,1778077599.318787369,1,Too Few Markers,-3.697314E28,-3.697314E28,-3.697314E28,-3.697314E28,-3.697314E28,-3.697314E28,-3.697314E28,0.0000000,3,Missing,-3.697314E28,-3.697314E28,-3.697314E28,Missing,-3.697314E28,-3.697314E28,-3.697314E28,Missing,-3.697314E28,-3.697314E28,-3.697314E28,Port 0x02: JJH T tibia tracker  s/n:3E4C8800,651119959,1778077599.318787369,1,OK,0.4555108,0.1812796,0.1043122,-0.8653130,91.400,-59.573,-1572.972,0.2844648,3,OK,91.243,-59.850,-1573.114,OK,34.950,16.877,-1557.540,OK,138.182,8.016,-1536.156,Port 0x03: JJH Y femur tracker  s/n:3E4C8801,651119959,1778077599.318787369,1,OK,0.9319062,0.2179380,0.2809612,-0.0715175,-197.366,-110.147,-1544.142,0.2223021,3,OK,-197.153,-110.170,-1544.296,OK,-225.322,-37.486,-1482.302,OK,-275.122,-109.179,-1492.308
3,Port 0x01: JJH Probe  s/n:3E4C880C,651119962,1778077599.368787370,1,Too Few Markers,-3.697314E28,-3.697314E28,-3.697314E28,-3.697314E28,-3.697314E28,-3.697314E28,-3.697314E28,0.0000000,3,Missing,-3.697314E28,-3.697314E28,-3.697314E28,Missing,-3.697314E28,-3.697314E28,-3.697314E28,Missing,-3.697314E28,-3.697314E28,-3.697314E28,Port 0x02: JJH T tibia tracker  s/n:3E4C8800,651119962,1778077599.368787370,1,OK,0.4556392,0.1805533,0.1030320,-0.8655506,91.394,-59.600,-1572.802,0.2375331,3,OK,91.253,-59.811,-1572.915,OK,34.957,16.895,-1557.599,OK,138.197,8.035,-1536.214,Port 0x03: JJH Y femur tracker  s/n:3E4C8801,651119962,1778077599.368787370,1,OK,0.9318407,0.2180033,0.2811312,-0.0715034,-197.381,-110.132,-1544.226,0.2353922,3,OK,-197.155,-110.162,-1544.394,OK,-225.326,-37.482,-1482.358,OK,-275.130,-109.174,-1492.357
3,Port 0x01: JJH Probe  s/n:3E4C880C,651119965,1778077599.418787370,1,Too Few Markers,-3.697314E28,-3.697314E28,-3.697314E28,-3.697314E28,-3.697314E28,-3.697314E28,-3.697314E28,0.0000000,3,Missing,-3.697314E28,-3.697314E28,-3.697314E28,Missing,-3.697314E28,-3.697314E28,-3.697314E28,Missing,-3.697314E28,-3.697314E28,-3.697314E28,Port 0x02: JJH T tibia tracker  s/n:3E4C8800,651119965,1778077599.418787370,1,OK,0.4556712,0.1802766,0.1029781,-0.8655978,91.382,-59.610,-1572.824,0.2463904,3,OK,91.246,-59.843,-1572.944,OK,34.949,16.900,-1557.619,OK,138.193,8.049,-1536.279,Port 0x03: JJH Y femur tracker  s/n:3E4C8801,651119965,1778077599.418787370,1,OK,0.9318598,0.2181673,0.2809316,-0.0715380,-197.376,-110.141,-1544.210,0.2272406,3,OK,-197.160,-110.176,-1544.374,OK,-225.327,-37.491,-1482.330,OK,-275.134,-109.180,-1492.381
3,Port 0x01: JJH Probe  s/n:3E4C880C,651119968,1778077599.468787369,1,Too Few Markers,-3.697314E28,-3.697314E28,-3.697314E28,-3.697314E28,-3.697314E28,-3.697314E28,-3.697314E28,0.0000000,3,Missing,-3.697314E28,-3.697314E28,-3.697314E28,Missing,-3.697314E28,-3.697314E28,-3.697314E28,Missing,-3.697314E28,-3.697314E28,-3.697314E28,Port 0x02: JJH T tibia tracker  s/n:3E4C8800,651119968,1778077599.468787369,1,OK,0.4557128,0.1802897,0.1032656,-0.8655389,91.383,-59.563,-1572.967,0.2571200,3,OK,91.245,-59.816,-1573.095,OK,34.945,16.933,-1557.707,OK,138.180,8.102,-1536.394,Port 0x03: JJH Y femur tracker  s/n:3E4C8801,651119968,1778077599.468787369,1,OK,0.9318467,0.2181955,0.2809486,-0.0715567,-197.376,-110.132,-1544.211,0.2213958,3,OK,-197.166,-110.166,-1544.370,OK,-225.320,-37.486,-1482.327,OK,-275.126,-109.171,-1492.382
3,Port 0x01: JJH Probe  s/n:3E4C880C,651119971,1778077599.518787369,1,Too Few Markers,-3.697314E28,-3.697314E28,-3.697314E28,-3.697314E28,-3.697314E28,-3.697314E28,-3.697314E28,0.0000000,3,Missing,-3.697314E28,-3.697314E28,-3.697314E28,Missing,-3.697314E28,-3.697314E28,-3.697314E28,Missing,-3.697314E28,-3.697314E28,-3.697314E28,Port 0x02: JJH T tibia tracker  s/n:3E4C8800,651119971,1778077599.518787369,1,OK,0.4557043,0.1806011,0.1035758,-0.8654415,91.404,-59.545,-1573.141,0.2599418,3,OK,91.261,-59.799,-1573.271,OK,34.956,16.929,-1557.833,OK,138.182,8.099,-1536.496,Port 0x03: JJH Y femur tracker  s/n:3E4C8801,651119971,1778077599.518787369,1,OK,0.9319217,0.2181143,0.2807568,-0.0715801,-197.342,-110.160,-1544.166,0.2126750,3,OK,-197.141,-110.187,-1544.314,OK,-225.299,-37.500,-1482.314,OK,-275.107,-109.185,-1492.372
3,Port 0x01: JJH Probe  s/n:3E4C880C,651119974,1778077599.568787369,1,Too Few Markers,-3.697314E28,-3.697314E28,-3.697314E28,-3.697314E28,-3.697314E28,-3.697314E28,-3.697314E28,0.0000000,3,Missing,-3.697314E28,-3.697314E28,-3.697314E28,Missing,-3.697314E28,-3.697314E28,-3.697314E28,Missing,-3.697314E28,-3.697314E28,-3.697314E28,Port 0x02: JJH T tibia tracker  s/n:3E4C8800,651119974,1778077599.568787369,1,OK,0.4557589,0.1799446,0.1023012,-0.8657010,91.346,-59.563,-1572.982,0.2294827,3,OK,91.208,-59.771,-1573.092,OK,34.933,16.963,-1557.898,OK,138.154,8.135,-1536.546,Port 0x03: JJH Y femur tracker  s/n:3E4C8801,651119974,1778077599.568787369,1,OK,0.9318107,0.2180238,0.2812107,-0.0715194,-197.394,-110.141,-1544.215,0.2339678,3,OK,-197.169,-110.176,-1544.384,OK,-225.330,-37.490,-1482.334,OK,-275.130,-109.184,-1492.335
3,Port 0x01: JJH Probe  s/n:3E4C880C,651119977,1778077599.618787370,1,Too Few Markers,-3.697314E28,-3.697314E28,-3.697314E28,-3.697314E28,-3.697314E28,-3.697314E28,-3.697314E28,0.0000000,3,Missing,-3.697314E28,-3.697314E28,-3.697314E28,Missing,-3.697314E28,-3.697314E28,-3.697314E28,Missing,-3.697314E28,-3.697314E28,-3.697314E28,Port 0x02: JJH T tibia tracker  s/n:3E4C8800,651119977,1778077599.618787370,1,OK,0.4558146,0.1798707,0.1025779,-0.8656543,91.379,-59.529,-1573.101,0.2299129,3,OK,91.247,-59.744,-1573.213,OK,34.950,16.985,-1557.964,OK,138.179,8.166,-1536.656,Port 0x03: JJH Y femur tracker  s/n:3E4C8801,651119977,1778077599.618787370,1,OK,0.9318390,0.2180383,0.2811105,-0.0715002,-197.365,-110.143,-1544.222,0.2333860,3,OK,-197.141,-110.179,-1544.391,OK,-225.312,-37.490,-1482.345,OK,-275.111,-109.187,-1492.360
3,Port 0x01: JJH Probe  s/n:3E4C880C,651119980,1778077599.668787370,1,Too Few Markers,-3.697314E28,-3.697314E28,-3.697314E28,-3.697314E28,-3.697314E28,-3.697314E28,-3.697314E28,0.0000000,3,Missing,-3.697314E28,-3.697314E28,-3.697314E28,Missing,-3.697314E28,-3.697314E28,-3.697314E28,Missing,-3.697314E28,-3.697314E28,-3.697314E28,Port 0x02: JJH T tibia tracker  s/n:3E4C8800,651119980,1778077599.668787370,1,OK,0.4557865,0.1799064,0.1029737,-0.8656147,91.383,-59.519,-1573.202,0.2360441,3,OK,91.258,-59.753,-1573.320,OK,34.949,16.990,-1557.987,OK,138.177,8.161,-1536.720,Port 0x03: JJH Y femur tracker  s/n:3E4C8801,651119980,1778077599.668787370,1,OK,0.9317853,0.2180751,0.2812581,-0.0715069,-197.372,-110.146,-1544.247,0.2392724,3,OK,-197.142,-110.186,-1544.422,OK,-225.305,-37.498,-1482.350,OK,-275.105,-109.196,-1492.358
3,Port 0x01: JJH Probe  s/n:3E4C880C,651119983,1778077599.718787369,1,Too Few Markers,-3.697314E28,-3.697314E28,-3.697314E28,-3.697314E28,-3.697314E28,-3.697314E28,-3.697314E28,0.0000000,3,Missing,-3.697314E28,-3.697314E28,-3.697314E28,Missing,-3.697314E28,-3.697314E28,-3.697314E28,Missing,-3.697314E28,-3.697314E28,-3.697314E28,Port 0x02: JJH T tibia tracker  s/n:3E4C8800,651119983,1778077599.718787369,1,OK,0.4557618,0.1802754,0.1032531,-0.8655176,91.354,-59.469,-1573.324,0.2624032,3,OK,91.215,-59.731,-1573.456,OK,34.911,17.026,-1558.067,OK,138.141,8.208,-1536.753,Port 0x03: JJH Y femur tracker  s/n:3E4C8801,651119983,1778077599.718787369,1,OK,0.9319235,0.2179198,0.2809258,-0.0714861,-197.384,-110.139,-1544.175,0.2202821,3,OK,-197.174,-110.163,-1544.328,OK,-225.348,-37.475,-1482.338,OK,-275.143,-109.176,-1492.351
3,Port 0x01: JJH Probe  s/n:3E4C880C,651119986,1778077599.768787369,1,Too Few Markers,-3.697314E28,-3.697314E28,-3.697314E28,-3.697314E28,-3.697314E28,-3.697314E28,-3.697314E28,0.0000000,3,Missing,-3.697314E28,-3.697314E28,-3.697314E28,Missing,-3.697314E28,-3.697314E28,-3.697314E28,Missing,-3.697314E28,-3.697314E28,-3.697314E28,Port 0x02: JJH T tibia tracker  s/n:3E4C8800,651119986,1778077599.768787369,1,OK,0.4558679,0.1795984,0.1021168,-0.8657373,91.365,-59.486,-1573.152,0.2257195,3,OK,91.239,-59.697,-1573.261,OK,34.938,17.052,-1558.095,OK,138.175,8.238,-1536.785,Port 0x03: JJH Y femur tracker  s/n:3E4C8801,651119986,1778077599.768787369,1,OK,0.9318490,0.2181401,0.2809927,-0.0715231,-197.367,-110.121,-1544.213,0.2252175,3,OK,-197.152,-110.160,-1544.378,OK,-225.319,-37.471,-1482.329,OK,-275.114,-109.161,-1492.376
3,Port 0x01: JJH Probe  s/n:3E4C880C,651119989,1778077599.818787369,1,Too Few Markers,-3.697314E28,-3.697314E28,-3.697314E28,-3.697314E28,-3.697314E28,-3.697314E28,-3.697314E28,0.0000000,3,Missing,-3.697314E28,-3.697314E28,-3.697314E28,Missing,-3.697314E28,-3.697314E28,-3.697314E28,Missing,-3.697314E28,-3.697314E28,-3.697314E28,Port 0x02: JJH T tibia tracker  s/n:3E4C8800,651119989,1778077599.818787369,1,OK,0.4558039,0.1805408,0.1030766,-0.8654611,91.397,-59.426,-1573.332,0.2639800,3,OK,91.253,-59.683,-1573.463,OK,34.937,17.065,-1558.119,OK,138.170,8.254,-1536.732,Port 0x03: JJH Y femur tracker  s/n:3E4C8801,651119989,1778077599.818787369,1,OK,0.9318311,0.2183759,0.2808601,-0.0715573,-197.360,-110.101,-1544.195,0.2249440,3,OK,-197.152,-110.146,-1544.360,OK,-225.306,-37.453,-1482.282,OK,-275.119,-109.153,-1492.385
3,Port 0x01: JJH Probe  s/n:3E4C880C,651119992,1778077599.868787370,1,Too Few Markers,-3.697314E28,-3.697314E28,-3.697314E28,-3.697314E28,-3.697314E28,-3.697314E28,-3.697314E28,0.0000000,3,Missing,-3.697314E28,-3.697314E28,-3.697314E28,Missing,-3.697314E28,-3.697314E28,-3.697314E28,Missing,-3.697314E28,-3.697314E28,-3.697314E28,Port 0x02: JJH T tibia tracker  s/n:3E4C8800,651119992,1778077599.868787370,1,OK,0.4557847,0.1800883,0.1026232,-0.8656194,91.321,-59.416,-1573.292,0.2605938,3,OK,91.176,-59.668,-1573.421,OK,34.892,17.104,-1558.149,OK,138.123,8.295,-1536.797,Port 0x03: JJH Y femur tracker  s/n:3E4C8801,651119992,1778077599.868787370,1,OK,0.9319045,0.2178447,0.2810375,-0.0715231,-197.409,-110.095,-1544.195,0.2289013,3,OK,-197.187,-110.116,-1544.353,OK,-225.365,-37.436,-1482.366,OK,-275.164,-109.118,-1492.341
3,Port 0x01: JJH Probe  s/n:3E4C880C,651119995,1778077599.918787370,1,Too Few Markers,-3.697314E28,-3.697314E28,-3.697314E28,-3.697314E28,-3.697314E28,-3.697314E28,-3.697314E28,0.0000000,3,Missing,-3.697314E28,-3.697314E28,-3.697314E28,Missing,-3.697314E28,-3.697314E28,-3.697314E28,Missing,-3.697314E28,-3.697314E28,-3.697314E28,Port 0x02: JJH T tibia tracker  s/n:3E4C8800,651119995,1778077599.918787370,1,OK,0.4558549,0.1800754,0.1027233,-0.8655733,91.371,-59.425,-1573.340,0.2568985,3,OK,91.231,-59.674,-1573.467,OK,34.922,17.084,-1558.181,OK,138.163,8.285,-1536.841,Port 0x03: JJH Y femur tracker  s/n:3E4C8801,651119995,1778077599.918787370,1,OK,0.9318719,0.2182720,0.2808087,-0.0715442,-197.366,-110.109,-1544.203,0.2233941,3,OK,-197.159,-110.146,-1544.361,OK,-225.317,-37.454,-1482.314,OK,-275.134,-109.157,-1492.400
3,Port 0x01: JJH Probe  s/n:3E4C880C,651119998,1778077599.968787369,1,Too Few Markers,-3.697314E28,-3.697314E28,-3.697314E28,-3.697314E28,-3.697314E28,-3.697314E28,-3.697314E28,0.0000000,3,Missing,-3.697314E28,-3.697314E28,-3.697314E28,Missing,-3.697314E28,-3.697314E28,-3.697314E28,Missing,-3.697314E28,-3.697314E28,-3.697314E28,Port 0x02: JJH T tibia tracker  s/n:3E4C8800,651119998,1778077599.968787369,1,OK,0.4559364,0.1795258,0.1022387,-0.8657019,91.379,-59.422,-1573.254,0.2328772,3,OK,91.251,-59.646,-1573.368,OK,34.942,17.105,-1558.173,OK,138.181,8.315,-1536.886,Port 0x03: JJH Y femur tracker  s/n:3E4C8801,651119998,1778077599.968787369,1,OK,0.9318750,0.2182014,0.2808483,-0.0715633,-197.346,-110.091,-1544.195,0.2193522,3,OK,-197.139,-110.125,-1544.351,OK,-225.297,-37.439,-1482.318,OK,-275.105,-109.127,-1492.384
3,Port 0x01: JJH Probe  s/n:3E4C880C,651120001,1778077600.018787369,1,Too Few Markers,-3.697314E28,-3.697314E28,-3.697314E28,-3.697314E28,-3.697314E28,-3.697314E28,-3.697314E28,0.0000000,3,Missing,-3.697314E28,-3.697314E28,-3.697314E28,Missing,-3.697314E28,-3.697314E28,-3.697314E28,Missing,-3.697314E28,-3.697314E28,-3.697314E28,Port 0x02: JJH T tibia tracker  s/n:3E4C8800,651120001,1778077600.018787369,1,OK,0.4559363,0.1799217,0.1021403,-0.8656314,91.344,-59.426,-1573.314,0.2416584,3,OK,91.209,-59.654,-1573.432,OK,34.896,17.100,-1558.264,OK,138.129,8.309,-1536.890,Port 0x03: JJH Y femur tracker  s/n:3E4C8801,651120001,1778077600.018787369,1,OK,0.9318533,0.2180318,0.2810567,-0.0715452,-197.393,-110.110,-1544.201,0.2281230,3,OK,-197.176,-110.144,-1544.365,OK,-225.337,-37.452,-1482.333,OK,-275.140,-109.145,-1492.350
3,Port 0x01: JJH Probe  s/n:3E4C880C,651120004,1778077600.068787369,1,Too Few Markers,-3.697314E28,-3.697314E28,-3.697314E28,-3.697314E28,-3.697314E28,-3.697314E28,-3.697314E28,0.0000000,3,Missing,-3.697314E28,-3.697314E28,-3.697314E28,Missing,-3.697314E28,-3.697314E28,-3.697314E28,Missing,-3.697314E28,-3.697314E28,-3.697314E28,Port 0x02: JJH T tibia tracker  s/n:3E4C8800,651120004,1778077600.068787369,1,OK,0.4558553,0.1800828,0.1030935,-0.8655275,91.357,-59.339,-1573.442,0.2657225,3,OK,91.215,-59.606,-1573.576,OK,34.910,17.155,-1558.211,OK,138.140,8.367,-1536.911,Port 0x03: JJH Y femur tracker  s/n:3E4C8801,651120004,1778077600.068787369,1,OK,0.9318911,0.2180009,0.2809705,-0.0714855,-197.385,-110.060,-1544.213,0.2223437,3,OK,-197.175,-110.094,-1544.372,OK,-225.348,-37.397,-1482.352,OK,-275.136,-109.102,-1492.383
3,Port 0x01: JJH Probe  s/n:3E4C880C,651120007,1778077600.118787370,1,Too Few Markers,-3.697314E28,-3.697314E28,-3.697314E28,-3.697314E28,-3.697314E28,-3.697314E28,-3.697314E28,0.0000000,3,Missing,-3.697314E28,-3.697314E28,-3.697314E28,Missing,-3.697314E28,-3.697314E28,-3.697314E28,Missing,-3.697314E28,-3.697314E28,-3.697314E28,Port 0x02: JJH T tibia tracker  s/n:3E4C8800,651120007,1778077600.118787370,1,OK,0.4558557,0.1801435,0.1028362,-0.8655453,91.388,-59.362,-1573.431,0.2662452,3,OK,91.247,-59.629,-1573.565,OK,34.945,17.145,-1558.249,OK,138.168,8.352,-1536.911,Port 0x03: JJH Y femur tracker  s/n:3E4C8801,651120007,1778077600.118787370,1,OK,0.9317735,0.2180658,0.2812923,-0.0715546,-197.376,-110.072,-1544.241,0.2434759,3,OK,-197.140,-110.118,-1544.425,OK,-225.306,-37.421,-1482.341,OK,-275.104,-109.107,-1492.342
3,Port 0x01: JJH Probe  s/n:3E4C880C,651120010,1778077600.168787370,1,Too Few Markers,-3.697314E28,-3.697314E28,-3.697314E28,-3.697314E28,-3.697314E28,-3.697314E28,-3.697314E28,0.0000000,3,Missing,-3.697314E28,-3.697314E28,-3.697314E28,Missing,-3.697314E28,-3.697314E28,-3.697314E28,Missing,-3.697314E28,-3.697314E28,-3.697314E28,Port 0x02: JJH T tibia tracker  s/n:3E4C8800,651120010,1778077600.168787370,1,OK,0.4558981,0.1795490,0.1025107,-0.8656851,91.349,-59.345,-1573.389,0.2448081,3,OK,91.219,-59.588,-1573.511,OK,34.916,17.181,-1558.253,OK,138.152,8.389,-1536.992,Port 0x03: JJH Y femur tracker  s/n:3E4C8801,651120010,1778077600.168787370,1,OK,0.9318209,0.2181290,0.2810899,-0.0715404,-197.387,-110.044,-1544.219,0.2320959,3,OK,-197.164,-110.084,-1544.390,OK,-225.331,-37.397,-1482.329,OK,-275.129,-109.081,-1492.360
3,Port 0x01: JJH Probe  s/n:3E4C880C,651120013,1778077600.218787370,1,Too Few Markers,-3.697314E28,-3.697314E28,-3.697314E28,-3.697314E28,-3.697314E28,-3.697314E28,-3.697314E28,0.0000000,3,Missing,-3.697314E28,-3.697314E28,-3.697314E28,Missing,-3.697314E28,-3.697314E28,-3.697314E28,Missing,-3.697314E28,-3.697314E28,-3.697314E28,Port 0x02: JJH T tibia tracker  s/n:3E4C8800,651120013,1778077600.218787370,1,OK,0.4559403,0.1795796,0.1021361,-0.8657007,91.328,-59.429,-1573.371,0.2380582,3,OK,91.193,-59.654,-1573.487,OK,34.892,17.100,-1558.311,OK,138.130,8.316,-1536.999,Port 0x03: JJH Y femur tracker  s/n:3E4C8801,651120013,1778077600.218787370,1,OK,0.9318497,0.2180880,0.2810368,-0.0714992,-197.396,-110.128,-1544.199,0.2247634,3,OK,-197.183,-110.160,-1544.358,OK,-225.344,-37.478,-1482.324,OK,-275.144,-109.176,-1492.355
3,Port 0x01: JJH Probe  s/n:3E4C880C,651120016,1778077600.268787370,1,Too Few Markers,-3.697314E28,-3.697314E28,-3.697314E28,-3.697314E28,-3.697314E28,-3.697314E28,-3.697314E28,0.0000000,3,Missing,-3.697314E28,-3.697314E28,-3.697314E28,Missing,-3.697314E28,-3.697314E28,-3.697314E28,Missing,-3.697314E28,-3.697314E28,-3.697314E28,Port 0x02: JJH T tibia tracker  s/n:3E4C8800,651120016,1778077600.268787370,1,OK,0.4559404,0.1797956,0.1020594,-0.8656649,91.369,-59.363,-1573.368,0.2430141,3,OK,91.231,-59.590,-1573.486,OK,34.926,17.165,-1558.330,OK,138.165,8.381,-1536.968,Port 0x03: JJH Y femur tracker  s/n:3E4C8801,651120016,1778077600.268787370,1,OK,0.9318043,0.2180613,0.2811890,-0.0715727,-197.378,-110.075,-1544.236,0.2370061,3,OK,-197.150,-110.116,-1544.411,OK,-225.308,-37.417,-1482.349,OK,-275.114,-109.109,-1492.359
3,Port 0x01: JJH Probe  s/n:3E4C880C,651120019,1778077600.318787370,1,Too Few Markers,-3.697314E28,-3.697314E28,-3.697314E28,-3.697314E28,-3.697314E28,-3.697314E28,-3.697314E28,0.0000000,3,Missing,-3.697314E28,-3.697314E28,-3.697314E28,Missing,-3.697314E28,-3.697314E28,-3.697314E28,Missing,-3.697314E28,-3.697314E28,-3.697314E28,Port 0x02: JJH T tibia tracker  s/n:3E4C8800,651120019,1778077600.318787370,1,OK,0.4559590,0.1801432,0.1021439,-0.8655729,91.378,-59.403,-1573.375,0.2573220,3,OK,91.233,-59.646,-1573.501,OK,34.923,17.117,-1558.331,OK,138.154,8.341,-1536.910,Port 0x03: JJH Y femur tracker  s/n:3E4C8801,651120019,1778077600.318787370,1,OK,0.9317149,0.2181914,0.2813907,-0.0715487,-197.393,-110.115,-1544.256,0.2474259,3,OK,-197.154,-110.168,-1544.447,OK,-225.314,-37.475,-1482.324,OK,-275.109,-109.159,-1492.340
3,Port 0x01: JJH Probe  s/n:3E4C880C,651120022,1778077600.368787370,1,Too Few Markers,-3.697314E28,-3.697314E28,-3.697314E28,-3.697314E28,-3.697314E28,-3.697314E28,-3.697314E28,0.0000000,3,Missing,-3.697314E28,-3.697314E28,-3.697314E28,Missing,-3.697314E28,-3.697314E28,-3.697314E28,Missing,-3.697314E28,-3.697314E28,-3.697314E28,Port 0x02: JJH T tibia tracker  s/n:3E4C8800,651120022,1778077600.368787370,1,OK,0.4559269,0.1798663,0.1020837,-0.8656545,91.336,-59.364,-1573.361,0.2419137,3,OK,91.195,-59.587,-1573.478,OK,34.896,17.161,-1558.320,OK,138.129,8.375,-1536.948,Port 0x03: JJH Y femur tracker  s/n:3E4C8801,651120022,1778077600.368787370,1,OK,0.9317964,0.2181275,0.2811697,-0.0715511,-197.407,-110.079,-1544.230,0.2317108,3,OK,-197.184,-110.123,-1544.404,OK,-225.344,-37.429,-1482.331,OK,-275.136,-109.116,-1492.360
3,Port 0x01: JJH Probe  s/n:3E4C880C,651120025,1778077600.418787370,1,Too Few Markers,-3.697314E28,-3.697314E28,-3.697314E28,-3.697314E28,-3.697314E28,-3.697314E28,-3.697314E28,0.0000000,3,Missing,-3.697314E28,-3.697314E28,-3.697314E28,Missing,-3.697314E28,-3.697314E28,-3.697314E28,Missing,-3.697314E28,-3.697314E28,-3.697314E28,Port 0x02: JJH T tibia tracker  s/n:3E4C8800,651120025,1778077600.418787370,1,OK,0.4559351,0.1800491,0.1023880,-0.8655762,91.376,-59.382,-1573.427,0.2592253,3,OK,91.230,-59.630,-1573.554,OK,34.927,17.129,-1558.333,OK,138.159,8.356,-1536.955,Port 0x03: JJH Y femur tracker  s/n:3E4C8801,651120025,1778077600.418787370,1,OK,0.9318746,0.2181522,0.2808910,-0.0715509,-197.360,-110.112,-1544.208,0.2291579,3,OK,-197.144,-110.154,-1544.375,OK,-225.316,-37.449,-1482.327,OK,-275.121,-109.148,-1492.386
3,Port 0x01: JJH Probe  s/n:3E4C880C,651120028,1778077600.468787370,1,Too Few Markers,-3.697314E28,-3.697314E28,-3.697314E28,-3.697314E28,-3.697314E28,-3.697314E28,-3.697314E28,0.0000000,3,Missing,-3.697314E28,-3.697314E28,-3.697314E28,Missing,-3.697314E28,-3.697314E28,-3.697314E28,Missing,-3.697314E28,-3.697314E28,-3.697314E28,Port 0x02: JJH T tibia tracker  s/n:3E4C8800,651120028,1778077600.468787370,1,OK,0.4559261,0.1799891,0.1024483,-0.8655863,91.370,-59.368,-1573.449,0.2539414,3,OK,91.227,-59.610,-1573.573,OK,34.921,17.142,-1558.342,OK,138.156,8.364,-1536.984,Port 0x03: JJH Y femur tracker  s/n:3E4C8801,651120028,1778077600.468787370,1,OK,0.9318655,0.2180423,0.2810051,-0.0715572,-197.373,-110.109,-1544.199,0.2277371,3,OK,-197.155,-110.145,-1544.364,OK,-225.321,-37.448,-1482.331,OK,-275.122,-109.138,-1492.356
3,Port 0x01: JJH Probe  s/n:3E4C880C,651120031,1778077600.518787370,1,Too Few Markers,-3.697314E28,-3.697314E28,-3.697314E28,-3.697314E28,-3.697314E28,-3.697314E28,-3.697314E28,0.0000000,3,Missing,-3.697314E28,-3.697314E28,-3.697314E28,Missing,-3.697314E28,-3.697314E28,-3.697314E28,Missing,-3.697314E28,-3.697314E28,-3.697314E28,Port 0x02: JJH T tibia tracker  s/n:3E4C8800,651120031,1778077600.518787370,1,OK,0.4559093,0.1797957,0.1022249,-0.8656617,91.327,-59.411,-1573.433,0.2535127,3,OK,91.184,-59.655,-1573.558,OK,34.893,17.117,-1558.360,OK,138.124,8.335,-1537.016,Port 0x03: JJH Y femur tracker  s/n:3E4C8801,651120031,1778077600.518787370,1,OK,0.9319150,0.2179908,0.2808971,-0.0714937,-197.389,-110.147,-1544.217,0.2234232,3,OK,-197.176,-110.173,-1544.373,OK,-225.354,-37.489,-1482.371,OK,-275.153,-109.184,-1492.395
3,Port 0x01: JJH Probe  s/n:3E4C880C,651120034,1778077600.568787370,1,Too Few Markers,-3.697314E28,-3.697314E28,-3.697314E28,-3.697314E28,-3.697314E28,-3.697314E28,-3.697314E28,0.0000000,3,Missing,-3.697314E28,-3.697314E28,-3.697314E28,Missing,-3.697314E28,-3.697314E28,-3.697314E28,Missing,-3.697314E28,-3.697314E28,-3.697314E28,Port 0x02: JJH T tibia tracker  s/n:3E4C8800,651120034,1778077600.568787370,1,OK,0.4559585,0.1798164,0.1020022,-0.8656578,91.361,-59.403,-1573.406,0.2460800,3,OK,91.224,-59.636,-1573.526,OK,34.916,17.130,-1558.379,OK,138.151,8.348,-1537.006,Port 0x03: JJH Y femur tracker  s/n:3E4C8801,651120034,1778077600.568787370,1,OK,0.9318858,0.2179891,0.2809897,-0.0715152,-197.373,-110.127,-1544.220,0.2262086,3,OK,-197.158,-110.152,-1544.377,OK,-225.325,-37.468,-1482.368,OK,-275.131,-109.165,-1492.381
3,Port 0x01: JJH Probe  s/n:3E4C880C,651120037,1778077600.618787370,1,Too Few Markers,-3.697314E28,-3.697314E28,-3.697314E28,-3.697314E28,-3.697314E28,-3.697314E28,-3.697314E28,0.0000000,3,Missing,-3.697314E28,-3.697314E28,-3.697314E28,Missing,-3.697314E28,-3.697314E28,-3.697314E28,Missing,-3.697314E28,-3.697314E28,-3.697314E28,Port 0x02: JJH T tibia tracker  s/n:3E4C8800,651120037,1778077600.618787370,1,OK,0.4559107,0.1800754,0.1023387,-0.8655894,91.373,-59.430,-1573.444,0.2601015,3,OK,91.228,-59.679,-1573.572,OK,34.925,17.088,-1558.359,OK,138.161,8.306,-1536.972,Port 0x03: JJH Y femur tracker  s/n:3E4C8801,651120037,1778077600.618787370,1,OK,0.9319099,0.2177942,0.2810646,-0.0715002,-197.352,-110.176,-1544.179,0.2213988,3,OK,-197.138,-110.205,-1544.337,OK,-225.313,-37.506,-1482.348,OK,-275.093,-109.202,-1492.330
3,Port 0x01: JJH Probe  s/n:3E4C880C,651120040,1778077600.668787370,1,Too Few Markers,-3.697314E28,-3.697314E28,-3.697314E28,-3.697314E28,-3.697314E28,-3.697314E28,-3.697314E28,0.0000000,3,Missing,-3.697314E28,-3.697314E28,-3.697314E28,Missing,-3.697314E28,-3.697314E28,-3.697314E28,Missing,-3.697314E28,-3.697314E28,-3.697314E28,Port 0x02: JJH T tibia tracker  s/n:3E4C8800,651120040,1778077600.668787370,1,OK,0.4559502,0.1797513,0.1022061,-0.8656517,91.348,-59.430,-1573.428,0.2534100,3,OK,91.211,-59.678,-1573.553,OK,34.906,17.099,-1558.358,OK,138.140,8.322,-1537.020,Port 0x03: JJH Y femur tracker  s/n:3E4C8801,651120040,1778077600.668787370,1,OK,0.9318059,0.2180107,0.2812362,-0.0715213,-197.400,-110.155,-1544.228,0.2370100,3,OK,-197.172,-110.196,-1544.402,OK,-225.337,-37.499,-1482.342,OK,-275.132,-109.196,-1492.344
3,Port 0x01: JJH Probe  s/n:3E4C880C,651120043,1778077600.718787370,1,Too Few Markers,-3.697314E28,-3.697314E28,-3.697314E28,-3.697314E28,-3.697314E28,-3.697314E28,-3.697314E28,0.0000000,3,Missing,-3.697314E28,-3.697314E28,-3.697314E28,Missing,-3.697314E28,-3.697314E28,-3.697314E28,Missing,-3.697314E28,-3.697314E28,-3.697314E28,Port 0x02: JJH T tibia tracker  s/n:3E4C8800,651120043,1778077600.718787370,1,OK,0.4559147,0.1799020,0.1023248,-0.8656250,91.353,-59.439,-1573.455,0.2552356,3,OK,91.205,-59.679,-1573.580,OK,34.912,17.076,-1558.370,OK,138.150,8.300,-1537.012,Port 0x03: JJH Y femur tracker  s/n:3E4C8801,651120043,1778077600.718787370,1,OK,0.9318458,0.2182230,0.2809401,-0.0715180,-197.373,-110.167,-1544.199,0.2333815,3,OK,-197.153,-110.208,-1544.369,OK,-225.324,-37.516,-1482.305,OK,-275.135,-109.217,-1492.369
3,Port 0x01: JJH Probe  s/n:3E4C880C,651120046,1778077600.768787370,1,Too Few Markers,-3.697314E28,-3.697314E28,-3.697314E28,-3.697314E28,-3.697314E28,-3.697314E28,-3.697314E28,0.0000000,3,Missing,-3.697314E28,-3.697314E28,-3.697314E28,Missing,-3.697314E28,-3.697314E28,-3.697314E28,Missing,-3.697314E28,-3.697314E28,-3.697314E28,Port 0x02: JJH T tibia tracker  s/n:3E4C8800,651120046,1778077600.768787370,1,OK,0.4559087,0.1800201,0.1023557,-0.8656000,91.362,-59.437,-1573.483,0.2674845,3,OK,91.216,-59.701,-1573.617,OK,34.923,17.088,-1558.389,OK,138.146,8.310,-1537.017,Port 0x03: JJH Y femur tracker  s/n:3E4C8801,651120046,1778077600.768787370,1,OK,0.9317708,0.2180811,0.2813050,-0.0714929,-197.378,-110.161,-1544.227,0.2390453,3,OK,-197.148,-110.205,-1544.406,OK,-225.314,-37.515,-1482.323,OK,-275.103,-109.211,-1492.332
3,Port 0x01: JJH Probe  s/n:3E4C880C,651120049,1778077600.818787370,1,Too Few Markers,-3.697314E28,-3.697314E28,-3.697314E28,-3.697314E28,-3.697314E28,-3.697314E28,-3.697314E28,0.0000000,3,Missing,-3.697314E28,-3.697314E28,-3.697314E28,Missing,-3.697314E28,-3.697314E28,-3.697314E28,Missing,-3.697314E28,-3.697314E28,-3.697314E28,Port 0x02: JJH T tibia tracker  s/n:3E4C8800,651120049,1778077600.818787370,1,OK,0.4559430,0.1799779,0.1019587,-0.8656375,91.358,-59.469,-1573.398,0.2510685,3,OK,91.214,-59.704,-1573.520,OK,34.914,17.061,-1558.383,OK,138.145,8.281,-1536.974,Port 0x03: JJH Y femur tracker  s/n:3E4C8801,651120049,1778077600.818787370,1,OK,0.9319252,0.2181128,0.2807719,-0.0714806,-197.359,-110.198,-1544.195,0.2161540,3,OK,-197.154,-110.221,-1544.343,OK,-225.331,-37.551,-1482.343,OK,-275.131,-109.240,-1492.398
3,Port 0x01: JJH Probe  s/n:3E4C880C,651120052,1778077600.868787370,1,Too Few Markers,-3.697314E28,-3.697314E28,-3.697314E28,-3.697314E28,-3.697314E28,-3.697314E28,-3.697314E28,0.0000000,3,Missing,-3.697314E28,-3.697314E28,-3.697314E28,Missing,-3.697314E28,-3.697314E28,-3.697314E28,Missing,-3.697314E28,-3.697314E28,-3.697314E28,Port 0x02: JJH T tibia tracker  s/n:3E4C8800,651120052,1778077600.868787370,1,OK,0.4559437,0.1798295,0.1020073,-0.8656623,91.337,-59.432,-1573.437,0.2481367,3,OK,91.203,-59.673,-1573.559,OK,34.895,17.106,-1558.407,OK,138.126,8.318,-1537.035,Port 0x03: JJH Y femur tracker  s/n:3E4C8801,651120052,1778077600.868787370,1,OK,0.9318274,0.2179555,0.2811985,-0.0715569,-197.401,-110.173,-1544.212,0.2310542,3,OK,-197.179,-110.205,-1544.378,OK,-225.334,-37.515,-1482.346,OK,-275.136,-109.205,-1492.334
3,Port 0x01: JJH Probe  s/n:3E4C880C,651120055,1778077600.918787370,1,Too Few Markers,-3.697314E28,-3.697314E28,-3.697314E28,-3.697314E28,-3.697314E28,-3.697314E28,-3.697314E28,0.0000000,3,Missing,-3.697314E28,-3.697314E28,-3.697314E28,Missing,-3.697314E28,-3.697314E28,-3.697314E28,Missing,-3.697314E28,-3.697314E28,-3.697314E28,Port 0x02: JJH T tibia tracker  s/n:3E4C8800,651120055,1778077600.918787370,1,OK,0.4559389,0.1796072,0.1018468,-0.8657299,91.354,-59.492,-1573.415,0.2459280,3,OK,91.214,-59.724,-1573.535,OK,34.923,17.051,-1558.410,OK,138.161,8.271,-1537.059,Port 0x03: JJH Y femur tracker  s/n:3E4C8801,651120055,1778077600.918787370,1,OK,0.9318755,0.2179738,0.2810337,-0.0715225,-197.352,-110.227,-1544.189,0.2267427,3,OK,-197.136,-110.259,-1544.351,OK,-225.303,-37.563,-1482.331,OK,-275.101,-109.263,-1492.344
3,Port 0x01: JJH Probe  s/n:3E4C880C,651120058,1778077600.968787370,1,Too Few Markers,-3.697314E28,-3.697314E28,-3.697314E28,-3.697314E28,-3.697314E28,-3.697314E28,-3.697314E28,0.0000000,3,Missing,-3.697314E28,-3.697314E28,-3.697314E28,Missing,-3.697314E28,-3.697314E28,-3.697314E28,Missing,-3.697314E28,-3.697314E28,-3.697314E28,Port 0x02: JJH T tibia tracker  s/n:3E4C8800,651120058,1778077600.968787370,1,OK,0.4559935,0.1795764,0.1018907,-0.8657023,91.363,-59.460,-1573.441,0.2358854,3,OK,91.231,-59.685,-1573.556,OK,34.924,17.078,-1558.428,OK,138.153,8.300,-1537.091,Port 0x03: JJH Y femur tracker  s/n:3E4C8801,651120058,1778077600.968787370,1,OK,0.9318089,0.2180316,0.2812019,-0.0715533,-197.377,-110.196,-1544.222,0.2352832,3,OK,-197.151,-110.236,-1544.396,OK,-225.311,-37.538,-1482.338,OK,-275.110,-109.231,-1492.344
3,Port 0x01: JJH Probe  s/n:3E4C880C,651120061,1778077601.018787370,1,Too Few Markers,-3.697314E28,-3.697314E28,-3.697314E28,-3.697314E28,-3.697314E28,-3.697314E28,-3.697314E28,0.0000000,3,Missing,-3.697314E28,-3.697314E28,-3.697314E28,Missing,-3.697314E28,-3.697314E28,-3.697314E28,Missing,-3.697314E28,-3.697314E28,-3.697314E28,Port 0x02: JJH T tibia tracker  s/n:3E4C8800,651120061,1778077601.018787370,1,OK,0.4559503,0.1798888,0.1017895,-0.8656721,91.342,-59.484,-1573.461,0.2538153,3,OK,91.200,-59.723,-1573.584,OK,34.897,17.059,-1558.476,OK,138.138,8.278,-1537.063,Port 0x03: JJH Y femur tracker  s/n:3E4C8801,651120061,1778077601.018787370,1,OK,0.9319431,0.2179839,0.2808111,-0.0714860,-197.368,-110.226,-1544.188,0.2164943,3,OK,-197.163,-110.248,-1544.336,OK,-225.339,-37.565,-1482.352,OK,-275.136,-109.263,-1492.385
3,Port 0x01: JJH Probe  s/n:3E4C880C,651120064,1778077601.068787370,1,Too Few Markers,-3.697314E28,-3.697314E28,-3.697314E28,-3.697314E28,-3.697314E28,-3.697314E28,-3.697314E28,0.0000000,3,Missing,-3.697314E28,-3.697314E28,-3.697314E28,Missing,-3.697314E28,-3.697314E28,-3.697314E28,Missing,-3.697314E28,-3.697314E28,-3.697314E28,Port 0x02: JJH T tibia tracker  s/n:3E4C8800,651120064,1778077601.068787370,1,OK,0.4560097,0.1799548,0.1018388,-0.8656213,91.361,-59.451,-1573.473,0.2583632,3,OK,91.219,-59.701,-1573.600,OK,34.909,17.086,-1558.480,OK,138.137,8.320,-1537.060,Port 0x03: JJH Y femur tracker  s/n:3E4C8801,651120064,1778077601.068787370,1,OK,0.9318386,0.2182960,0.2809091,-0.0715107,-197.370,-110.186,-1544.225,0.2268044,3,OK,-197.158,-110.229,-1544.392,OK,-225.323,-37.538,-1482.320,OK,-275.126,-109.239,-1492.406
3,Port 0x01: JJH Probe  s/n:3E4C880C,651120067,1778077601.118787370,1,Too Few Markers,-3.697314E28,-3.697314E28,-3.697314E28,-3.697314E28,-3.697314E28,-3.697314E28,-3.697314E28,0.0000000,3,Missing,-3.697314E28,-3.697314E28,-3.697314E28,Missing,-3.697314E28,-3.697314E28,-3.697314E28,Missing,-3.697314E28,-3.697314E28,-3.697314E28,Port 0x02: JJH T tibia tracker  s/n:3E4C8800,651120067,1778077601.118787370,1,OK,0.4559690,0.1799441,0.1017041,-0.8656608,91.374,-59.473,-1573.466,0.2506642,3,OK,91.228,-59.703,-1573.586,OK,34.928,17.065,-1558.500,OK,138.165,8.290,-1537.066,Port 0x03: JJH Y femur tracker  s/n:3E4C8801,651120067,1778077601.118787370,1,OK,0.9318918,0.2176999,0.2811974,-0.0715021,-197.360,-110.224,-1544.223,0.2278233,3,OK,-197.138,-110.242,-1544.379,OK,-225.309,-37.560,-1482.404,OK,-275.099,-109.248,-1492.344
3,Port 0x01: JJH Probe  s/n:3E4C880C,651120070,1778077601.168787370,1,Too Few Markers,-3.697314E28,-3.697314E28,-3.697314E28,-3.697314E28,-3.697314E28,-3.697314E28,-3.697314E28,0.0000000,3,Missing,-3.697314E28,-3.697314E28,-3.697314E28,Missing,-3.697314E28,-3.697314E28,-3.697314E28,Missing,-3.697314E28,-3.697314E28,-3.697314E28,Port 0x02: JJH T tibia tracker  s/n:3E4C8800,651120070,1778077601.168787370,1,OK,0.4559417,0.1799121,0.1020631,-0.8656396,91.346,-59.453,-1573.515,0.2632029,3,OK,91.200,-59.704,-1573.643,OK,34.898,17.080,-1558.477,OK,138.143,8.306,-1537.088,Port 0x03: JJH Y femur tracker  s/n:3E4C8801,651120070,1778077601.168787370,1,OK,0.9318422,0.2181392,0.2810090,-0.0715498,-197.386,-110.207,-1544.245,0.2335013,3,OK,-197.164,-110.242,-1544.412,OK,-225.327,-37.551,-1482.363,OK,-275.143,-109.249,-1492.400
3,Port 0x01: JJH Probe  s/n:3E4C880C,651120073,1778077601.218787370,1,Too Few Markers,-3.697314E28,-3.697314E28,-3.697314E28,-3.697314E28,-3.697314E28,-3.697314E28,-3.697314E28,0.0000000,3,Missing,-3.697314E28,-3.697314E28,-3.697314E28,Missing,-3.697314E28,-3.697314E28,-3.697314E28,Missing,-3.697314E28,-3.697314E28,-3.697314E28,Port 0x02: JJH T tibia tracker  s/n:3E4C8800,651120073,1778077601.218787370,1,OK,0.4559414,0.1798524,0.1022333,-0.8656321,91.351,-59.427,-1573.564,0.2622348,3,OK,91.204,-59.677,-1573.692,OK,34.904,17.096,-1558.494,OK,138.150,8.326,-1537.133,Port 0x03: JJH Y femur tracker  s/n:3E4C8801,651120073,1778077601.218787370,1,OK,0.9318618,0.2179658,0.2810900,-0.0715048,-197.377,-110.194,-1544.191,0.2291045,3,OK,-197.157,-110.222,-1544.354,OK,-225.326,-37.539,-1482.333,OK,-275.125,-109.232,-1492.334
3,Port 0x01: JJH Probe  s/n:3E4C880C,651120076,1778077601.268787370,1,Too Few Markers,-3.697314E28,-3.697314E28,-3.697314E28,-3.697314E28,-3.697314E28,-3.697314E28,-3.697314E28,0.0000000,3,Missing,-3.697314E28,-3.697314E28,-3.697314E28,Missing,-3.697314E28,-3.697314E28,-3.697314E28,Missing,-3.697314E28,-3.697314E28,-3.697314E28,Port 0x02: JJH T tibia tracker  s/n:3E4C8800,651120076,1778077601.268787370,1,OK,0.4559631,0.1798329,0.1022954,-0.8656174,91.382,-59.448,-1573.586,0.2674136,3,OK,91.241,-59.714,-1573.719,OK,34.932,17.080,-1558.500,OK,138.173,8.311,-1537.152,Port 0x03: JJH Y femur tracker  s/n:3E4C8801,651120076,1778077601.268787370,1,OK,0.9319242,0.2178623,0.2809680,-0.0714866,-197.347,-110.224,-1544.219,0.2240107,3,OK,-197.133,-110.243,-1544.372,OK,-225.310,-37.564,-1482.392,OK,-275.108,-109.257,-1492.383
3,Port 0x01: JJH Probe  s/n:3E4C880C,651120079,1778077601.318787370,1,Too Few Markers,-3.697314E28,-3.697314E28,-3.697314E28,-3.697314E28,-3.697314E28,-3.697314E28,-3.697314E28,0.0000000,3,Missing,-3.697314E28,-3.697314E28,-3.697314E28,Missing,-3.697314E28,-3.697314E28,-3.697314E28,Missing,-3.697314E28,-3.697314E28,-3.697314E28,Port 0x02: JJH T tibia tracker  s/n:3E4C8800,651120079,1778077601.318787370,1,OK,0.4559566,0.1796188,0.1019633,-0.8657044,91.352,-59.438,-1573.509,0.2532707,3,OK,91.211,-59.681,-1573.632,OK,34.914,17.102,-1558.481,OK,138.157,8.328,-1537.138,Port 0x03: JJH Y femur tracker  s/n:3E4C8801,651120079,1778077601.318787370,1,OK,0.9317912,0.2181897,0.2811534,-0.0714926,-197.378,-110.185,-1544.223,0.2367367,3,OK,-197.152,-110.225,-1544.396,OK,-225.316,-37.543,-1482.317,OK,-275.120,-109.242,-1492.355
3,Port 0x01: JJH Probe  s/n:3E4C880C,651120082,1778077601.368787370,1,Too Few Markers,-3.697314E28,-3.697314E28,-3.697314E28,-3.697314E28,-3.697314E28,-3.697314E28,-3.697314E28,0.0000000,3,Missing,-3.697314E28,-3.697314E28,-3.697314E28,Missing,-3.697314E28,-3.697314E28,-3.697314E28,Missing,-3.697314E28,-3.697314E28,-3.697314E28,Port 0x02: JJH T tibia tracker  s/n:3E4C8800,651120082,1778077601.368787370,1,OK,0.4559424,0.1802007,0.1023127,-0.8655497,91.354,-59.419,-1573.583,0.2644611,3,OK,91.207,-59.676,-1573.714,OK,34.901,17.097,-1558.506,OK,138.124,8.322,-1537.094,Port 0x03: JJH Y femur tracker  s/n:3E4C8801,651120082,1778077601.368787370,1,OK,0.9318043,0.2179595,0.2812837,-0.0715113,-197.393,-110.195,-1544.221,0.2345207,3,OK,-197.168,-110.230,-1544.391,OK,-225.327,-37.541,-1482.344,OK,-275.122,-109.239,-1492.329
3,Port 0x01: JJH Probe  s/n:3E4C880C,651120085,1778077601.418787370,1,Too Few Markers,-3.697314E28,-3.697314E28,-3.697314E28,-3.697314E28,-3.697314E28,-3.697314E28,-3.697314E28,0.0000000,3,Missing,-3.697314E28,-3.697314E28,-3.697314E28,Missing,-3.697314E28,-3.697314E28,-3.697314E28,Missing,-3.697314E28,-3.697314E28,-3.697314E28,Port 0x02: JJH T tibia tracker  s/n:3E4C8800,651120085,1778077601.418787370,1,OK,0.4560149,0.1800116,0.1020806,-0.8655783,91.378,-59.422,-1573.541,0.2552201,3,OK,91.237,-59.670,-1573.667,OK,34.923,17.100,-1558.504,OK,138.144,8.336,-1537.102,Port 0x03: JJH Y femur tracker  s/n:3E4C8801,651120085,1778077601.418787370,1,OK,0.9318551,0.2178901,0.2811747,-0.0714892,-197.370,-110.192,-1544.207,0.2349703,3,OK,-197.143,-110.228,-1544.378,OK,-225.323,-37.532,-1482.348,OK,-275.110,-109.227,-1492.333
3,Port 0x01: JJH Probe  s/n:3E4C880C,651120088,1778077601.468787370,1,Too Few Markers,-3.697314E28,-3.697314E28,-3.697314E28,-3.697314E28,-3.697314E28,-3.697314E28,-3.697314E28,0.0000000,3,Missing,-3.697314E28,-3.697314E28,-3.697314E28,Missing,-3.697314E28,-3.697314E28,-3.697314E28,Missing,-3.697314E28,-3.697314E28,-3.697314E28,Port 0x02: JJH T tibia tracker  s/n:3E4C8800,651120088,1778077601.468787370,1,OK,0.4559981,0.1798856,0.1023752,-0.8655785,91.371,-59.413,-1573.602,0.2653974,3,OK,91.228,-59.676,-1573.734,OK,34.917,17.103,-1558.504,OK,138.147,8.345,-1537.155,Port 0x03: JJH Y femur tracker  s/n:3E4C8801,651120088,1778077601.468787370,1,OK,0.9318576,0.2179267,0.2811323,-0.0715124,-197.369,-110.195,-1544.216,0.2291500,3,OK,-197.148,-110.229,-1544.382,OK,-225.318,-37.534,-1482.356,OK,-275.107,-109.228,-1492.352
3,Port 0x01: JJH Probe  s/n:3E4C880C,651120091,1778077601.518787370,1,Too Few Markers,-3.697314E28,-3.697314E28,-3.697314E28,-3.697314E28,-3.697314E28,-3.697314E28,-3.697314E28,0.0000000,3,Missing,-3.697314E28,-3.697314E28,-3.697314E28,Missing,-3.697314E28,-3.697314E28,-3.697314E28,Missing,-3.697314E28,-3.697314E28,-3.697314E28,Port 0x02: JJH T tibia tracker  s/n:3E4C8800,651120091,1778077601.518787370,1,OK,0.4559889,0.1799036,0.1023588,-0.8655816,91.348,-59.394,-1573.632,0.2681743,3,OK,91.206,-59.662,-1573.766,OK,34.895,17.128,-1558.537,OK,138.125,8.365,-1537.183,Port 0x03: JJH Y femur tracker  s/n:3E4C8801,651120091,1778077601.518787370,1,OK,0.9318573,0.2179820,0.2810869,-0.0715260,-197.391,-110.176,-1544.197,0.2290020,3,OK,-197.172,-110.201,-1544.356,OK,-225.331,-37.521,-1482.340,OK,-275.141,-109.216,-1492.340
3,Port 0x01: JJH Probe  s/n:3E4C880C,651120094,1778077601.568787370,1,Too Few Markers,-3.697314E28,-3.697314E28,-3.697314E28,-3.697314E28,-3.697314E28,-3.697314E28,-3.697314E28,0.0000000,3,Missing,-3.697314E28,-3.697314E28,-3.697314E28,Missing,-3.697314E28,-3.697314E28,-3.697314E28,Missing,-3.697314E28,-3.697314E28,-3.697314E28,Port 0x02: JJH T tibia tracker  s/n:3E4C8800,651120094,1778077601.568787370,1,OK,0.4559913,0.1797999,0.1021454,-0.8656271,91.356,-59.420,-1573.599,0.2617142,3,OK,91.216,-59.679,-1573.729,OK,34.908,17.111,-1558.541,OK,138.140,8.346,-1537.184,Port 0x03: JJH Y femur tracker  s/n:3E4C8801,651120094,1778077601.568787370,1,OK,0.9318263,0.2180250,0.2811568,-0.0715238,-197.377,-110.200,-1544.247,0.2338397,3,OK,-197.155,-110.237,-1544.416,OK,-225.314,-37.538,-1482.368,OK,-275.118,-109.246,-1492.380
3,Port 0x01: JJH Probe  s/n:3E4C880C,651120097,1778077601.618787370,1,Too Few Markers,-3.697314E28,-3.697314E28,-3.697314E28,-3.697314E28,-3.697314E28,-3.697314E28,-3.697314E28,0.0000000,3,Missing,-3.697314E28,-3.697314E28,-3.697314E28,Missing,-3.697314E28,-3.697314E28,-3.697314E28,Missing,-3.697314E28,-3.697314E28,-3.697314E28,Port 0x02: JJH T tibia tracker  s/n:3E4C8800,651120097,1778077601.618787370,1,OK,0.4559905,0.1801438,0.1025694,-0.8655059,91.387,-59.347,-1573.689,0.2756086,3,OK,91.245,-59.626,-1573.828,OK,34.919,17.164,-1558.561,OK,138.152,8.401,-1537.185,Port 0x03: JJH Y femur tracker  s/n:3E4C8801,651120097,1778077601.618787370,1,OK,0.9317879,0.2181276,0.2812142,-0.0714862,-197.376,-110.135,-1544.237,0.2366584,3,OK,-197.149,-110.176,-1544.411,OK,-225.315,-37.491,-1482.335,OK,-275.111,-109.189,-1492.358
3,Port 0x01: JJH Probe  s/n:3E4C880C,651120100,1778077601.668787370,1,Too Few Markers,-3.697314E28,-3.697314E28,-3.697314E28,-3.697314E28,-3.697314E28,-3.697314E28,-3.697314E28,0.0000000,3,Missing,-3.697314E28,-3.697314E28,-3.697314E28,Missing,-3.697314E28,-3.697314E28,-3.697314E28,Missing,-3.697314E28,-3.697314E28,-3.697314E28,Port 0x02: JJH T tibia tracker  s/n:3E4C8800,651120100,1778077601.668787370,1,OK,0.4560893,0.1794700,0.1013598,-0.8657362,91.344,-59.419,-1573.519,0.2359769,3,OK,91.211,-59.639,-1573.633,OK,34.899,17.134,-1558.607,OK,138.133,8.376,-1537.226,Port 0x03: JJH Y femur tracker  s/n:3E4C8801,651120100,1778077601.668787370,1,OK,0.9318688,0.2177354,0.2812574,-0.0714571,-197.381,-110.186,-1544.222,0.2376627,3,OK,-197.149,-110.216,-1544.393,OK,-225.337,-37.522,-1482.383,OK,-275.118,-109.220,-1492.332
3,Port 0x01: JJH Probe  s/n:3E4C880C,651120103,1778077601.718787370,1,Too Few Markers,-3.697314E28,-3.697314E28,-3.697314E28,-3.697314E28,-3.697314E28,-3.697314E28,-3.697314E28,0.0000000,3,Missing,-3.697314E28,-3.697314E28,-3.697314E28,Missing,-3.697314E28,-3.697314E28,-3.697314E28,Missing,-3.697314E28,-3.697314E28,-3.697314E28,Port 0x02: JJH T tibia tracker  s/n:3E4C8800,651120103,1778077601.718787370,1,OK,0.4560337,0.1795738,0.1020522,-0.8656627,91.341,-59.351,-1573.634,0.2475861,3,OK,91.201,-59.588,-1573.755,OK,34.895,17.173,-1558.591,OK,138.129,8.419,-1537.266,Port 0x03: JJH Y femur tracker  s/n:3E4C8801,651120103,1778077601.718787370,1,OK,0.9319872,0.2177198,0.2808612,-0.0715189,-197.371,-110.165,-1544.194,0.2179769,3,OK,-197.162,-110.175,-1544.337,OK,-225.340,-37.492,-1482.405,OK,-275.140,-109.181,-1492.376
3,Port 0x01: JJH Probe  s/n:3E4C880C,651120106,1778077601.768787370,1,Too Few Markers,-3.697314E28,-3.697314E28,-3.697314E28,-3.697314E28,-3.697314E28,-3.697314E28,-3.697314E28,0.0000000,3,Missing,-3.697314E28,-3.697314E28,-3.697314E28,Missing,-3.697314E28,-3.697314E28,-3.697314E28,Missing,-3.697314E28,-3.697314E28,-3.697314E28,Port 0x02: JJH T tibia tracker  s/n:3E4C8800,651120106,1778077601.768787370,1,OK,0.4560429,0.1800107,0.1019358,-0.8655808,91.380,-59.382,-1573.633,0.2660838,3,OK,91.230,-59.638,-1573.764,OK,34.924,17.142,-1558.624,OK,138.149,8.395,-1537.200,Port 0x03: JJH Y femur tracker  s/n:3E4C8801,651120106,1778077601.768787370,1,OK,0.9318618,0.2182514,0.2808569,-0.0715498,-197.349,-110.172,-1544.224,0.2256031,3,OK,-197.137,-110.207,-1544.385,OK,-225.299,-37.523,-1482.338,OK,-275.115,-109.216,-1492.410
3,Port 0x01: JJH Probe  s/n:3E4C880C,651120109,1778077601.818787370,1,Too Few Markers,-3.697314E28,-3.697314E28,-3.697314E28,-3.697314E28,-3.697314E28,-3.697314E28,-3.697314E28,0.0000000,3,Missing,-3.697314E28,-3.697314E28,-3.697314E28,Missing,-3.697314E28,-3.697314E28,-3.697314E28,Missing,-3.697314E28,-3.697314E28,-3.697314E28,Port 0x02: JJH T tibia tracker  s/n:3E4C8800,651120109,1778077601.818787370,1,OK,0.4560784,0.1798146,0.1016396,-0.8656377,91.361,-59.363,-1573.588,0.2541668,3,OK,91.221,-59.608,-1573.712,OK,34.905,17.177,-1558.630,OK,138.133,8.425,-1537.213,Port 0x03: JJH Y femur tracker  s/n:3E4C8801,651120109,1778077601.818787370,1,OK,0.9316783,0.2186445,0.2811564,-0.0715626,-197.395,-110.122,-1544.269,0.2469327,3,OK,-197.167,-110.192,-1544.462,OK,-225.313,-37.490,-1482.274,OK,-275.127,-109.194,-1492.404
3,Port 0x01: JJH Probe  s/n:3E4C880C,651120112,1778077601.868787370,1,Too Few Markers,-3.697314E28,-3.697314E28,-3.697314E28,-3.697314E28,-3.697314E28,-3.697314E28,-3.697314E28,0.0000000,3,Missing,-3.697314E28,-3.697314E28,-3.697314E28,Missing,-3.697314E28,-3.697314E28,-3.697314E28,Missing,-3.697314E28,-3.697314E28,-3.697314E28,Port 0x02: JJH T tibia tracker  s/n:3E4C8800,651120112,1778077601.868787370,1,OK,0.4560546,0.1796570,0.1018092,-0.8656630,91.324,-59.369,-1573.623,0.2562839,3,OK,91.174,-59.609,-1573.748,OK,34.882,17.158,-1558.630,OK,138.112,8.420,-1537.256,Port 0x03: JJH Y femur tracker  s/n:3E4C8801,651120112,1778077601.868787370,1,OK,0.9318734,0.2178664,0.2811306,-0.0714966,-197.406,-110.170,-1544.223,0.2330196,3,OK,-197.180,-110.195,-1544.387,OK,-225.357,-37.513,-1482.380,OK,-275.154,-109.203,-1492.354
3,Port 0x01: JJH Probe  s/n:3E4C880C,651120115,1778077601.918787370,1,Too Few Markers,-3.697314E28,-3.697314E28,-3.697314E28,-3.697314E28,-3.697314E28,-3.697314E28,-3.697314E28,0.0000000,3,Missing,-3.697314E28,-3.697314E28,-3.697314E28,Missing,-3.697314E28,-3.697314E28,-3.697314E28,Missing,-3.697314E28,-3.697314E28,-3.697314E28,Port 0x02: JJH T tibia tracker  s/n:3E4C8800,651120115,1778077601.918787370,1,OK,0.4560625,0.1796148,0.1021050,-0.8656328,91.371,-59.356,-1573.704,0.2555822,3,OK,91.234,-59.608,-1573.830,OK,34.915,17.169,-1558.651,OK,138.153,8.420,-1537.323,Port 0x03: JJH Y femur tracker  s/n:3E4C8801,651120115,1778077601.918787370,1,OK,0.9317939,0.2180906,0.2812140,-0.0715212,-197.375,-110.158,-1544.238,0.2372001,3,OK,-197.146,-110.204,-1544.417,OK,-225.317,-37.510,-1482.339,OK,-275.105,-109.196,-1492.356
3,Port 0x01: JJH Probe  s/n:3E4C880C,651120118,1778077601.968787370,1,Too Few Markers,-3.697314E28,-3.697314E28,-3.697314E28,-3.697314E28,-3.697314E28,-3.697314E28,-3.697314E28,0.0000000,3,Missing,-3.697314E28,-3.697314E28,-3.697314E28,Missing,-3.697314E28,-3.697314E28,-3.697314E28,Missing,-3.697314E28,-3.697314E28,-3.697314E28,Port 0x02: JJH T tibia tracker  s/n:3E4C8800,651120118,1778077601.968787370,1,OK,0.4560432,0.1798704,0.1018070,-0.8656250,91.365,-59.394,-1573.652,0.2527786,3,OK,91.223,-59.636,-1573.776,OK,34.913,17.138,-1558.664,OK,138.138,8.381,-1537.256,Port 0x03: JJH Y femur tracker  s/n:3E4C8801,651120118,1778077601.968787370,1,OK,0.9318626,0.2180840,0.2809970,-0.0714996,-197.369,-110.186,-1544.218,0.2272430,3,OK,-197.153,-110.221,-1544.381,OK,-225.322,-37.530,-1482.344,OK,-275.122,-109.231,-1492.381
3,Port 0x01: JJH Probe  s/n:3E4C880C,651120121,1778077602.018787370,1,Too Few Markers,-3.697314E28,-3.697314E28,-3.697314E28,-3.697314E28,-3.697314E28,-3.697314E28,-3.697314E28,0.0000000,3,Missing,-3.697314E28,-3.697314E28,-3.697314E28,Missing,-3.697314E28,-3.697314E28,-3.697314E28,Missing,-3.697314E28,-3.697314E28,-3.697314E28,Port 0x02: JJH T tibia tracker  s/n:3E4C8800,651120121,1778077602.018787370,1,OK,0.4560159,0.1800618,0.1022255,-0.8655502,91.337,-59.455,-1573.735,0.2664259,3,OK,91.189,-59.714,-1573.867,OK,34.878,17.060,-1558.672,OK,138.104,8.306,-1537.272,Port 0x03: JJH Y femur tracker  s/n:3E4C8801,651120121,1778077602.018787370,1,OK,0.9318152,0.2180818,0.2811435,-0.0715485,-197.402,-110.270,-1544.205,0.2348840,3,OK,-197.177,-110.313,-1544.379,OK,-225.342,-37.614,-1482.315,OK,-275.140,-109.306,-1492.337
3,Port 0x01: JJH Probe  s/n:3E4C880C,651120124,1778077602.068787370,1,Too Few Markers,-3.697314E28,-3.697314E28,-3.697314E28,-3.697314E28,-3.697314E28,-3.697314E28,-3.697314E28,0.0000000,3,Missing,-3.697314E28,-3.697314E28,-3.697314E28,Missing,-3.697314E28,-3.697314E28,-3.697314E28,Missing,-3.697314E28,-3.697314E28,-3.697314E28,Port 0x02: JJH T tibia tracker  s/n:3E4C8800,651120124,1778077602.068787370,1,OK,0.4560401,0.1798329,0.1019739,-0.8656148,91.357,-59.375,-1573.686,0.2556829,3,OK,91.215,-59.623,-1573.812,OK,34.904,17.152,-1558.665,OK,138.132,8.397,-1537.282,Port 0x03: JJH Y femur tracker  s/n:3E4C8801,651120124,1778077602.068787370,1,OK,0.9318698,0.2178625,0.2811356,-0.0715362,-197.379,-110.190,-1544.210,0.2290505,3,OK,-197.158,-110.220,-1544.374,OK,-225.326,-37.526,-1482.364,OK,-275.119,-109.216,-1492.343
3,Port 0x01: JJH Probe  s/n:3E4C880C,651120127,1778077602.118787372,1,Too Few Markers,-3.697314E28,-3.697314E28,-3.697314E28,-3.697314E28,-3.697314E28,-3.697314E28,-3.697314E28,0.0000000,3,Missing,-3.697314E28,-3.697314E28,-3.697314E28,Missing,-3.697314E28,-3.697314E28,-3.697314E28,Missing,-3.697314E28,-3.697314E28,-3.697314E28,Port 0x02: JJH T tibia tracker  s/n:3E4C8800,651120127,1778077602.118787372,1,OK,0.4560956,0.1796057,0.1014013,-0.8657000,91.364,-59.384,-1573.586,0.2424314,3,OK,91.222,-59.608,-1573.703,OK,34.919,17.158,-1558.670,OK,138.146,8.413,-1537.265,Port 0x03: JJH Y femur tracker  s/n:3E4C8801,651120127,1778077602.118787372,1,OK,0.9318938,0.2181222,0.2808523,-0.0715445,-197.348,-110.172,-1544.208,0.2248635,3,OK,-197.134,-110.208,-1544.370,OK,-225.309,-37.516,-1482.340,OK,-275.111,-109.202,-1492.392
3,Port 0x01: JJH Probe  s/n:3E4C880C,651120130,1778077602.168787372,1,Too Few Markers,-3.697314E28,-3.697314E28,-3.697314E28,-3.697314E28,-3.697314E28,-3.697314E28,-3.697314E28,0.0000000,3,Missing,-3.697314E28,-3.697314E28,-3.697314E28,Missing,-3.697314E28,-3.697314E28,-3.697314E28,Missing,-3.697314E28,-3.697314E28,-3.697314E28,Port 0x02: JJH T tibia tracker  s/n:3E4C8800,651120130,1778077602.168787372,1,OK,0.4560465,0.1797466,0.1016974,-0.8656618,91.320,-59.363,-1573.655,0.2578424,3,OK,91.173,-59.608,-1573.781,OK,34.875,17.173,-1558.684,OK,138.104,8.426,-1537.284,Port 0x03: JJH Y femur tracker  s/n:3E4C8801,651120130,1778077602.168787372,1,OK,0.9318331,0.2180309,0.2811297,-0.0715238,-197.409,-110.159,-1544.224,0.2298857,3,OK,-197.189,-110.194,-1544.390,OK,-225.351,-37.505,-1482.349,OK,-275.149,-109.200,-1492.361
3,Port 0x01: JJH Probe  s/n:3E4C880C,651120133,1778077602.218787372,1,Too Few Markers,-3.697314E28,-3.697314E28,-3.697314E28,-3.697314E28,-3.697314E28,-3.697314E28,-3.697314E28,0.0000000,3,Missing,-3.697314E28,-3.697314E28,-3.697314E28,Missing,-3.697314E28,-3.697314E28,-3.697314E28,Missing,-3.697314E28,-3.697314E28,-3.697314E28,Port 0x02: JJH T tibia tracker  s/n:3E4C8800,651120133,1778077602.218787372,1,OK,0.4560895,0.1796625,0.1019283,-0.8656295,91.345,-59.345,-1573.699,0.2486858,3,OK,91.205,-59.583,-1573.821,OK,34.891,17.178,-1558.684,OK,138.119,8.435,-1537.327,Port 0x03: JJH Y femur tracker  s/n:3E4C8801,651120133,1778077602.218787372,1,OK,0.9318698,0.2178259,0.2811733,-0.0714988,-197.388,-110.167,-1544.183,0.2310717,3,OK,-197.163,-110.193,-1544.347,OK,-225.338,-37.509,-1482.342,OK,-275.128,-109.198,-1492.308
3,Port 0x01: JJH Probe  s/n:3E4C880C,651120136,1778077602.268787372,1,Too Few Markers,-3.697314E28,-3.697314E28,-3.697314E28,-3.697314E28,-3.697314E28,-3.697314E28,-3.697314E28,0.0000000,3,Missing,-3.697314E28,-3.697314E28,-3.697314E28,Missing,-3.697314E28,-3.697314E28,-3.697314E28,Missing,-3.697314E28,-3.697314E28,-3.697314E28,Port 0x02: JJH T tibia tracker  s/n:3E4C8800,651120136,1778077602.268787372,1,OK,0.4561013,0.1796279,0.1017427,-0.8656522,91.377,-59.367,-1573.696,0.2470223,3,OK,91.244,-59.608,-1573.818,OK,34.919,17.170,-1558.714,OK,138.150,8.418,-1537.345,Port 0x03: JJH Y femur tracker  s/n:3E4C8801,651120136,1778077602.268787372,1,OK,0.9319452,0.2179452,0.2808288,-0.0715068,-197.339,-110.177,-1544.230,0.2163445,3,OK,-197.134,-110.196,-1544.377,OK,-225.306,-37.517,-1482.402,OK,-275.107,-109.208,-1492.422
3,Port 0x01: JJH Probe  s/n:3E4C880C,651120139,1778077602.318787372,1,Too Few Markers,-3.697314E28,-3.697314E28,-3.697314E28,-3.697314E28,-3.697314E28,-3.697314E28,-3.697314E28,0.0000000,3,Missing,-3.697314E28,-3.697314E28,-3.697314E28,Missing,-3.697314E28,-3.697314E28,-3.697314E28,Missing,-3.697314E28,-3.697314E28,-3.697314E28,Port 0x02: JJH T tibia tracker  s/n:3E4C8800,651120139,1778077602.318787372,1,OK,0.4560384,0.1798391,0.1020810,-0.8656017,91.343,-59.359,-1573.741,0.2631348,3,OK,91.200,-59.619,-1573.871,OK,34.891,17.166,-1558.698,OK,138.116,8.416,-1537.324,Port 0x03: JJH Y femur tracker  s/n:3E4C8801,651120139,1778077602.318787372,1,OK,0.9318021,0.2181317,0.2811497,-0.0715415,-197.394,-110.164,-1544.233,0.2336174,3,OK,-197.171,-110.202,-1544.403,OK,-225.329,-37.516,-1482.339,OK,-275.133,-109.207,-1492.364
3,Port 0x01: JJH Probe  s/n:3E4C880C,651120142,1778077602.368787372,1,Too Few Markers,-3.697314E28,-3.697314E28,-3.697314E28,-3.697314E28,-3.697314E28,-3.697314E28,-3.697314E28,0.0000000,3,Missing,-3.697314E28,-3.697314E28,-3.697314E28,Missing,-3.697314E28,-3.697314E28,-3.697314E28,Missing,-3.697314E28,-3.697314E28,-3.697314E28,Port 0x02: JJH T tibia tracker  s/n:3E4C8800,651120142,1778077602.368787372,1,OK,0.4561012,0.1795557,0.1015181,-0.8656936,91.312,-59.333,-1573.682,0.2483412,3,OK,91.172,-59.572,-1573.804,OK,34.867,17.210,-1558.740,OK,138.092,8.468,-1537.358,Port 0x03: JJH Y femur tracker  s/n:3E4C8801,651120142,1778077602.368787372,1,OK,0.9318497,0.2177220,0.2813194,-0.0715025,-197.417,-110.142,-1544.233,0.2385048,3,OK,-197.184,-110.172,-1544.404,OK,-225.360,-37.475,-1482.391,OK,-275.146,-109.169,-1492.329
3,Port 0x01: JJH Probe  s/n:3E4C880C,651120145,1778077602.418787372,1,Too Few Markers,-3.697314E28,-3.697314E28,-3.697314E28,-3.697314E28,-3.697314E28,-3.697314E28,-3.697314E28,0.0000000,3,Missing,-3.697314E28,-3.697314E28,-3.697314E28,Missing,-3.697314E28,-3.697314E28,-3.697314E28,Missing,-3.697314E28,-3.697314E28,-3.697314E28,Port 0x02: JJH T tibia tracker  s/n:3E4C8800,651120145,1778077602.418787372,1,OK,0.4560815,0.1801381,0.1016400,-0.8655688,91.378,-59.341,-1573.745,0.2599327,3,OK,91.231,-59.586,-1573.872,OK,34.913,17.189,-1558.799,OK,138.137,8.440,-1537.318,Port 0x03: JJH Y femur tracker  s/n:3E4C8801,651120145,1778077602.418787372,1,OK,0.9319400,0.2179020,0.2808838,-0.0714897,-197.340,-110.162,-1544.210,0.2213367,3,OK,-197.129,-110.187,-1544.364,OK,-225.309,-37.496,-1482.379,OK,-275.104,-109.194,-1492.391
3,Port 0x01: JJH Probe  s/n:3E4C880C,651120148,1778077602.468787372,1,Too Few Markers,-3.697314E28,-3.697314E28,-3.697314E28,-3.697314E28,-3.697314E28,-3.697314E28,-3.697314E28,0.0000000,3,Missing,-3.697314E28,-3.697314E28,-3.697314E28,Missing,-3.697314E28,-3.697314E28,-3.697314E28,Missing,-3.697314E28,-3.697314E28,-3.697314E28,Port 0x02: JJH T tibia tracker  s/n:3E4C8800,651120148,1778077602.468787372,1,OK,0.4560921,0.1797350,0.1013459,-0.8656814,91.339,-59.350,-1573.734,0.2502332,3,OK,91.193,-59.583,-1573.856,OK,34.894,17.196,-1558.831,OK,138.114,8.453,-1537.395,Port 0x03: JJH Y femur tracker  s/n:3E4C8801,651120148,1778077602.468787372,1,OK,0.9318798,0.2177685,0.2811790,-0.0715209,-197.382,-110.169,-1544.237,0.2308709,3,OK,-197.157,-110.196,-1544.401,OK,-225.332,-37.504,-1482.403,OK,-275.120,-109.191,-1492.360
3,Port 0x01: JJH Probe  s/n:3E4C880C,651120151,1778077602.518787372,1,Too Few Markers,-3.697314E28,-3.697314E28,-3.697314E28,-3.697314E28,-3.697314E28,-3.697314E28,-3.697314E28,0.0000000,3,Missing,-3.697314E28,-3.697314E28,-3.697314E28,Missing,-3.697314E28,-3.697314E28,-3.697314E28,Missing,-3.697314E28,-3.697314E28,-3.697314E28,Port 0x02: JJH T tibia tracker  s/n:3E4C8800,651120151,1778077602.518787372,1,OK,0.4561481,0.1791984,0.1006734,-0.8658416,91.287,-59.417,-1573.682,0.2325905,3,OK,91.152,-59.630,-1573.793,OK,34.855,17.163,-1558.891,OK,138.085,8.420,-1537.483,Port 0x03: JJH Y femur tracker  s/n:3E4C8801,651120151,1778077602.518787372,1,OK,0.9318100,0.2181337,0.2811192,-0.0715527,-197.409,-110.201,-1544.238,0.2322061,3,OK,-197.187,-110.244,-1544.410,OK,-225.347,-37.549,-1482.343,OK,-275.146,-109.240,-1492.376
3,Port 0x01: JJH Probe  s/n:3E4C880C,651120154,1778077602.568787372,1,Too Few Markers,-3.697314E28,-3.697314E28,-3.697314E28,-3.697314E28,-3.697314E28,-3.697314E28,-3.697314E28,0.0000000,3,Missing,-3.697314E28,-3.697314E28,-3.697314E28,Missing,-3.697314E28,-3.697314E28,-3.697314E28,Missing,-3.697314E28,-3.697314E28,-3.697314E28,Port 0x02: JJH T tibia tracker  s/n:3E4C8800,651120154,1778077602.568787372,1,OK,0.4561518,0.1796564,0.1013791,-0.8656624,91.349,-59.380,-1573.816,0.2541472,3,OK,91.204,-59.621,-1573.941,OK,34.896,17.162,-1558.905,OK,138.118,8.435,-1537.485,Port 0x03: JJH Y femur tracker  s/n:3E4C8801,651120154,1778077602.568787372,1,OK,0.9319423,0.2177453,0.2809927,-0.0715099,-197.356,-110.214,-1544.237,0.2220580,3,OK,-197.142,-110.232,-1544.389,OK,-225.319,-37.542,-1482.426,OK,-275.111,-109.235,-1492.396
3,Port 0x01: JJH Probe  s/n:3E4C880C,651120157,1778077602.618787372,1,Too Few Markers,-3.697314E28,-3.697314E28,-3.697314E28,-3.697314E28,-3.697314E28,-3.697314E28,-3.697314E28,0.0000000,3,Missing,-3.697314E28,-3.697314E28,-3.697314E28,Missing,-3.697314E28,-3.697314E28,-3.697314E28,Missing,-3.697314E28,-3.697314E28,-3.697314E28,Port 0x02: JJH T tibia tracker  s/n:3E4C8800,651120157,1778077602.618787372,1,OK,0.4560996,0.1798752,0.1014965,-0.8656307,91.350,-59.352,-1573.922,0.2735535,3,OK,91.195,-59.615,-1574.056,OK,34.898,17.189,-1558.993,OK,138.124,8.462,-1537.539,Port 0x03: JJH Y femur tracker  s/n:3E4C8801,651120157,1778077602.618787372,1,OK,0.9319376,0.2179643,0.2808307,-0.0715393,-197.341,-110.192,-1544.197,0.2165202,3,OK,-197.137,-110.216,-1544.345,OK,-225.301,-37.522,-1482.362,OK,-275.105,-109.221,-1492.390
3,Port 0x01: JJH Probe  s/n:3E4C880C,651120160,1778077602.668787372,1,Too Few Markers,-3.697314E28,-3.697314E28,-3.697314E28,-3.697314E28,-3.697314E28,-3.697314E28,-3.697314E28,0.0000000,3,Missing,-3.697314E28,-3.697314E28,-3.697314E28,Missing,-3.697314E28,-3.697314E28,-3.697314E28,Missing,-3.697314E28,-3.697314E28,-3.697314E28,Port 0x02: JJH T tibia tracker  s/n:3E4C8800,651120160,1778077602.668787372,1,OK,0.4561684,0.1793921,0.1008368,-0.8657718,91.294,-59.362,-1573.849,0.2496583,3,OK,91.149,-59.596,-1573.970,OK,34.855,17.207,-1559.032,OK,138.079,8.481,-1537.601,Port 0x03: JJH Y femur tracker  s/n:3E4C8801,651120160,1778077602.668787372,1,OK,0.9318732,0.2176282,0.2813186,-0.0714856,-197.407,-110.188,-1544.250,0.2398599,3,OK,-197.172,-110.216,-1544.422,OK,-225.360,-37.518,-1482.424,OK,-275.139,-109.209,-1492.344
3,Port 0x01: JJH Probe  s/n:3E4C880C,651120163,1778077602.718787372,1,Too Few Markers,-3.697314E28,-3.697314E28,-3.697314E28,-3.697314E28,-3.697314E28,-3.697314E28,-3.697314E28,0.0000000,3,Missing,-3.697314E28,-3.697314E28,-3.697314E28,Missing,-3.697314E28,-3.697314E28,-3.697314E28,Missing,-3.697314E28,-3.697314E28,-3.697314E28,Port 0x02: JJH T tibia tracker  s/n:3E4C8800,651120163,1778077602.718787372,1,OK,0.4562345,0.1792293,0.1009476,-0.8657578,91.318,-59.361,-1573.882,0.2429819,3,OK,91.181,-59.594,-1574.001,OK,34.871,17.201,-1559.041,OK,138.094,8.486,-1537.654,Port 0x03: JJH Y femur tracker  s/n:3E4C8801,651120163,1778077602.718787372,1,OK,0.9318893,0.2179918,0.2809727,-0.0715287,-197.377,-110.185,-1544.240,0.2224822,3,OK,-197.165,-110.212,-1544.396,OK,-225.331,-37.525,-1482.387,OK,-275.131,-109.218,-1492.405
