Tools,Port 0x01: JJH Probe  s/n:3E4C880C,Frame,Time [sec],Face,State,Q0,Qx,Qy,Qz,Tx,Ty,Tz,Error,Markers,State,Tx,Ty,Tz,State,Tx,Ty,Tz,State,Tx,Ty,Tz,Port 0x02: JJH T tibia tracker  s/n:3E4C8800,Frame,Time [sec],Face,State,Q0,Qx,Qy,Qz,Tx,Ty,Tz,Error,Markers,State,Tx,Ty,Tz,State,Tx,Ty,Tz,State,Tx,Ty,Tz,Port 0x03: JJH Y femur tracker  s/n:3E4C8801,Frame,Time [sec],Face,State,Q0,Qx,Qy,Qz,Tx,Ty,Tz,Error,Markers,State,Tx,Ty,Tz,State,Tx,Ty,Tz,State,Tx,Ty,Tz
3,Port 0x01: JJH Probe  s/n:3E4C880C,764942836,1779974647.268751570,1,Too Few Markers,-3.697314E28,-3.697314E28,-3.697314E28,-3.697314E28,-3.697314E28,-3.697314E28,-3.697314E28,0.0000000,3,Missing,-3.697314E28,-3.697314E28,-3.697314E28,Missing,-3.697314E28,-3.697314E28,-3.697314E28,Missing,-3.697314E28,-3.697314E28,-3.697314E28,Port 0x02: JJH T tibia tracker  s/n:3E4C8800,764942836,1779974647.268751570,1,OK,0.5083086,0.1780509,0.1801862,-0.8230755,7.113,80.272,-1353.814,0.2614134,3,OK,6.925,80.097,-1353.934,OK,-59.453,144.364,-1327.090,OK,44.979,149.828,-1310.927,Port 0x03: JJH Y femur tracker  s/n:3E4C8801,764942836,1779974647.268751570,1,OK,0.8701240,0.2566870,-0.2928382,-0.3020624,-213.260,66.336,-1512.941,0.5301022,3,OK,-212.959,65.675,-1512.909,OK,-221.009,161.192,-1483.603,OK,-273.527,129.738,-1545.886
3,Port 0x01: JJH Probe  s/n:3E4C880C,764942839,1779974647.318751570,1,Too Few Markers,-3.697314E28,-3.697314E28,-3.697314E28,-3.697314E28,-3.697314E28,-3.697314E28,-3.697314E28,0.0000000,3,Missing,-3.697314E28,-3.697314E28,-3.697314E28,Missing,-3.697314E28,-3.697314E28,-3.697314E28,Missing,-3.697314E28,-3.697314E28,-3.697314E28,Port 0x02: JJH T tibia tracker  s/n:3E4C8800,764942839,1779974647.318751570,1,OK,0.5082661,0.1781965,0.1803549,-0.8230332,7.117,80.274,-1353.833,0.2711159,3,OK,6.926,80.083,-1353.962,OK,-59.448,144.360,-1327.081,OK,44.980,149.822,-1310.904,Port 0x03: JJH Y femur tracker  s/n:3E4C8801,764942839,1779974647.318751570,1,OK,0.8701264,0.2568740,-0.2925812,-0.3021459,-213.240,66.331,-1512.946,0.5295285,3,OK,-212.953,65.664,-1512.931,OK,-220.991,161.192,-1483.551,OK,-273.508,129.729,-1545.824
3,Port 0x01: JJH Probe  s/n:3E4C880C,764942842,1779974647.368751570,1,Too Few Markers,-3.697314E28,-3.697314E28,-3.697314E28,-3.697314E28,-3.697314E28,-3.697314E28,-3.697314E28,0.0000000,3,Missing,-3.697314E28,-3.697314E28,-3.697314E28,Missing,-3.697314E28,-3.697314E28,-3.697314E28,Missing,-3.697314E28,-3.697314E28,-3.697314E28,Port 0x02: JJH T tibia tracker  s/n:3E4C8800,764942842,1779974647.368751570,1,OK,0.5082109,0.1780748,0.1803397,-0.8230970,7.081,80.266,-1353.867,0.2679458,3,OK,6.891,80.082,-1353.992,OK,-59.471,144.361,-1327.111,OK,44.964,149.812,-1310.960,Port 0x03: JJH Y femur tracker  s/n:3E4C8801,764942842,1779974647.368751570,1,OK,0.8700499,0.2567160,-0.2929998,-0.3020947,-213.298,66.325,-1512.949,0.5253583,3,OK,-212.997,65.665,-1512.918,OK,-221.028,161.190,-1483.598,OK,-273.555,129.729,-1545.928
3,Port 0x01: JJH Probe  s/n:3E4C880C,764942845,1779974647.418751570,1,Too Few Markers,-3.697314E28,-3.697314E28,-3.697314E28,-3.697314E28,-3.697314E28,-3.697314E28,-3.697314E28,0.0000000,3,Missing,-3.697314E28,-3.697314E28,-3.697314E28,Missing,-3.697314E28,-3.697314E28,-3.697314E28,Missing,-3.697314E28,-3.697314E28,-3.697314E28,Port 0x02: JJH T tibia tracker  s/n:3E4C8800,764942845,1779974647.418751570,1,OK,0.5082450,0.1780515,0.1801685,-0.8231185,7.116,80.264,-1353.829,0.2630806,3,OK,6.924,80.089,-1353.949,OK,-59.435,144.364,-1327.106,OK,44.993,149.817,-1310.943,Port 0x03: JJH Y femur tracker  s/n:3E4C8801,764942845,1779974647.418751570,1,OK,0.8701450,0.2564871,-0.2929559,-0.3020576,-213.252,66.324,-1512.905,0.5505368,3,OK,-212.933,65.643,-1512.864,OK,-220.998,161.191,-1483.619,OK,-273.513,129.745,-1545.879
3,Port 0x01: JJH Probe  s/n:3E4C880C,764942848,1779974647.468751570,1,Too Few Markers,-3.697314E28,-3.697314E28,-3.697314E28,-3.697314E28,-3.697314E28,-3.697314E28,-3.697314E28,0.0000000,3,Missing,-3.697314E28,-3.697314E28,-3.697314E28,Missing,-3.697314E28,-3.697314E28,-3.697314E28,Missing,-3.697314E28,-3.697314E28,-3.697314E28,Port 0x02: JJH T tibia tracker  s/n:3E4C8800,764942848,1779974647.468751570,1,OK,0.5082853,0.1782142,0.1799424,-0.8231078,7.115,80.255,-1353.801,0.2631301,3,OK,6.923,80.085,-1353.918,OK,-59.456,144.363,-1327.127,OK,44.982,149.812,-1310.910,Port 0x03: JJH Y femur tracker  s/n:3E4C8801,764942848,1779974647.468751570,1,OK,0.8701243,0.2567250,-0.2927512,-0.3021136,-213.263,66.322,-1512.968,0.5281975,3,OK,-212.971,65.657,-1512.946,OK,-221.003,161.191,-1483.605,OK,-273.528,129.717,-1545.894
3,Port 0x01: JJH Probe  s/n:3E4C880C,764942851,1779974647.518751570,1,Too Few Markers,-3.697314E28,-3.697314E28,-3.697314E28,-3.697314E28,-3.697314E28,-3.697314E28,-3.697314E28,0.0000000,3,Missing,-3.697314E28,-3.697314E28,-3.697314E28,Missing,-3.697314E28,-3.697314E28,-3.697314E28,Missing,-3.697314E28,-3.697314E28,-3.697314E28,Port 0x02: JJH T tibia tracker  s/n:3E4C8800,764942851,1779974647.518751570,1,OK,0.5082641,0.1780954,0.1801814,-0.8230943,7.089,80.247,-1353.841,0.2671284,3,OK,6.901,80.063,-1353.965,OK,-59.475,144.348,-1327.115,OK,44.963,149.803,-1310.944,Port 0x03: JJH Y femur tracker  s/n:3E4C8801,764942851,1779974647.518751570,1,OK,0.8701249,0.2566931,-0.2928119,-0.3020804,-213.276,66.312,-1512.948,0.5414714,3,OK,-212.971,65.634,-1512.920,OK,-221.026,161.180,-1483.605,OK,-273.543,129.719,-1545.886
3,Port 0x01: JJH Probe  s/n:3E4C880C,764942854,1779974647.568751570,1,Too Few Markers,-3.697314E28,-3.697314E28,-3.697314E28,-3.697314E28,-3.697314E28,-3.697314E28,-3.697314E28,0.0000000,3,Missing,-3.697314E28,-3.697314E28,-3.697314E28,Missing,-3.697314E28,-3.697314E28,-3.697314E28,Missing,-3.697314E28,-3.697314E28,-3.697314E28,Port 0x02: JJH T tibia tracker  s/n:3E4C8800,764942854,1779974647.568751570,1,OK,0.5083032,0.1779919,0.1801072,-0.8231088,7.121,80.250,-1353.811,0.2630444,3,OK,6.935,80.068,-1353.934,OK,-59.439,144.354,-1327.094,OK,44.988,149.816,-1310.936,Port 0x03: JJH Y femur tracker  s/n:3E4C8801,764942854,1779974647.568751570,1,OK,0.8701746,0.2565821,-0.2926742,-0.3021649,-213.247,66.314,-1512.955,0.5362206,3,OK,-212.955,65.645,-1512.935,OK,-220.987,161.183,-1483.629,OK,-273.494,129.719,-1545.853
3,Port 0x01: JJH Probe  s/n:3E4C880C,764942857,1779974647.618751570,1,Too Few Markers,-3.697314E28,-3.697314E28,-3.697314E28,-3.697314E28,-3.697314E28,-3.697314E28,-3.697314E28,0.0000000,3,Missing,-3.697314E28,-3.697314E28,-3.697314E28,Missing,-3.697314E28,-3.697314E28,-3.697314E28,Missing,-3.697314E28,-3.697314E28,-3.697314E28,Port 0x02: JJH T tibia tracker  s/n:3E4C8800,764942857,1779974647.618751570,1,OK,0.5082274,0.1783344,0.1803210,-0.8230347,7.105,80.261,-1353.844,0.2718441,3,OK,6.912,80.075,-1353.971,OK,-59.462,144.348,-1327.105,OK,44.973,149.798,-1310.900,Port 0x03: JJH Y femur tracker  s/n:3E4C8801,764942857,1779974647.618751570,1,OK,0.8702489,0.2562895,-0.2929089,-0.3019716,-213.268,66.323,-1512.891,0.5485299,3,OK,-212.949,65.652,-1512.847,OK,-221.028,161.185,-1483.658,OK,-273.535,129.729,-1545.868
3,Port 0x01: JJH Probe  s/n:3E4C880C,764942860,1779974647.668751570,1,Too Few Markers,-3.697314E28,-3.697314E28,-3.697314E28,-3.697314E28,-3.697314E28,-3.697314E28,-3.697314E28,0.0000000,3,Missing,-3.697314E28,-3.697314E28,-3.697314E28,Missing,-3.697314E28,-3.697314E28,-3.697314E28,Missing,-3.697314E28,-3.697314E28,-3.697314E28,Port 0x02: JJH T tibia tracker  s/n:3E4C8800,764942860,1779974647.668751570,1,OK,0.5082258,0.1781610,0.1804380,-0.8230476,7.124,80.263,-1353.838,0.2744127,3,OK,6.930,80.073,-1353.967,OK,-59.436,144.344,-1327.071,OK,45.004,149.806,-1310.907,Port 0x03: JJH Y femur tracker  s/n:3E4C8801,764942860,1779974647.668751570,1,OK,0.8700980,0.2568336,-0.2926728,-0.3021731,-213.256,66.327,-1512.984,0.5314011,3,OK,-212.956,65.660,-1512.957,OK,-220.992,161.181,-1483.596,OK,-273.529,129.740,-1545.890
3,Port 0x01: JJH Probe  s/n:3E4C880C,764942863,1779974647.718751570,1,Too Few Markers,-3.697314E28,-3.697314E28,-3.697314E28,-3.697314E28,-3.697314E28,-3.697314E28,-3.697314E28,0.0000000,3,Missing,-3.697314E28,-3.697314E28,-3.697314E28,Missing,-3.697314E28,-3.697314E28,-3.697314E28,Missing,-3.697314E28,-3.697314E28,-3.697314E28,Port 0x02: JJH T tibia tracker  s/n:3E4C8800,764942863,1779974647.718751570,1,OK,0.5084645,0.1776607,0.1798092,-0.8231459,7.141,80.244,-1353.793,0.2500877,3,OK,6.962,80.076,-1353.908,OK,-59.434,144.355,-1327.123,OK,44.997,149.843,-1310.997,Port 0x03: JJH Y femur tracker  s/n:3E4C8801,764942863,1779974647.718751570,1,OK,0.8704522,0.2565995,-0.2922641,-0.3017472,-213.407,66.166,-1512.788,0.5356571,3,OK,-213.112,65.503,-1512.764,OK,-221.238,161.019,-1483.475,OK,-273.746,129.506,-1545.652
3,Port 0x01: JJH Probe  s/n:3E4C880C,764942866,1779974647.768751570,1,Too Few Markers,-3.697314E28,-3.697314E28,-3.697314E28,-3.697314E28,-3.697314E28,-3.697314E28,-3.697314E28,0.0000000,3,Missing,-3.697314E28,-3.697314E28,-3.697314E28,Missing,-3.697314E28,-3.697314E28,-3.697314E28,Missing,-3.697314E28,-3.697314E28,-3.697314E28,Port 0x02: JJH T tibia tracker  s/n:3E4C8800,764942866,1779974647.768751570,1,OK,0.5085085,0.1775637,0.1799402,-0.8231110,7.122,80.251,-1353.817,0.2473596,3,OK,6.939,80.090,-1353.927,OK,-59.453,144.342,-1327.123,OK,44.973,149.850,-1311.025,Port 0x03: JJH Y femur tracker  s/n:3E4C8801,764942866,1779974647.768751570,1,OK,0.8707215,0.2566265,-0.2913490,-0.3018321,-213.618,66.093,-1512.577,0.5399701,3,OK,-213.313,65.416,-1512.551,OK,-221.427,160.942,-1483.179,OK,-274.072,129.417,-1545.325
3,Port 0x01: JJH Probe  s/n:3E4C880C,764942869,1779974647.818751570,1,Too Few Markers,-3.697314E28,-3.697314E28,-3.697314E28,-3.697314E28,-3.697314E28,-3.697314E28,-3.697314E28,0.0000000,3,Missing,-3.697314E28,-3.697314E28,-3.697314E28,Missing,-3.697314E28,-3.697314E28,-3.697314E28,Missing,-3.697314E28,-3.697314E28,-3.697314E28,Port 0x02: JJH T tibia tracker  s/n:3E4C8800,764942869,1779974647.818751570,1,OK,0.5085022,0.1778571,0.1798222,-0.8230774,7.155,80.142,-1353.756,0.2603393,3,OK,6.960,79.981,-1353.869,OK,-59.431,144.230,-1327.100,OK,45.005,149.741,-1310.925,Port 0x03: JJH Y femur tracker  s/n:3E4C8801,764942869,1779974647.818751570,1,OK,0.8718893,0.2558674,-0.2876955,-0.3026092,-214.156,66.012,-1511.844,0.5291371,3,OK,-213.860,65.348,-1511.824,OK,-221.804,160.831,-1482.314,OK,-274.911,129.303,-1544.066
3,Port 0x01: JJH Probe  s/n:3E4C880C,764942872,1779974647.868751570,1,Too Few Markers,-3.697314E28,-3.697314E28,-3.697314E28,-3.697314E28,-3.697314E28,-3.697314E28,-3.697314E28,0.0000000,3,Missing,-3.697314E28,-3.697314E28,-3.697314E28,Missing,-3.697314E28,-3.697314E28,-3.697314E28,Missing,-3.697314E28,-3.697314E28,-3.697314E28,Port 0x02: JJH T tibia tracker  s/n:3E4C8800,764942872,1779974647.868751570,1,OK,0.5084049,0.1779508,0.1806865,-0.8229280,7.143,80.109,-1353.782,0.2670421,3,OK,6.948,79.936,-1353.902,OK,-59.445,144.141,-1326.974,OK,45.007,149.657,-1310.862,Port 0x03: JJH Y femur tracker  s/n:3E4C8801,764942872,1779974647.868751570,1,OK,0.8744720,0.2534938,-0.2795131,-0.3048147,-215.392,66.045,-1510.001,0.5399182,3,OK,-215.096,65.376,-1509.991,OK,-222.572,160.830,-1480.288,OK,-276.736,129.338,-1541.029
3,Port 0x01: JJH Probe  s/n:3E4C880C,764942875,1779974647.918751570,1,Too Few Markers,-3.697314E28,-3.697314E28,-3.697314E28,-3.697314E28,-3.697314E28,-3.697314E28,-3.697314E28,0.0000000,3,Missing,-3.697314E28,-3.697314E28,-3.697314E28,Missing,-3.697314E28,-3.697314E28,-3.697314E28,Missing,-3.697314E28,-3.697314E28,-3.697314E28,Port 0x02: JJH T tibia tracker  s/n:3E4C8800,764942875,1779974647.918751570,1,OK,0.5084128,0.1776862,0.1806944,-0.8229785,7.088,80.002,-1353.474,0.2575173,3,OK,6.892,79.851,-1353.581,OK,-59.493,144.029,-1326.658,OK,44.970,149.550,-1310.597,Port 0x03: JJH Y femur tracker  s/n:3E4C8801,764942875,1779974647.918751570,1,OK,0.8781688,0.2505083,-0.2664571,-0.3083275,-217.238,66.214,-1507.199,0.5260465,3,OK,-216.953,65.556,-1507.204,OK,-223.650,160.918,-1477.007,OK,-279.510,129.508,-1536.297
3,Port 0x01: JJH Probe  s/n:3E4C880C,764942878,1779974647.968751570,1,Too Few Markers,-3.697314E28,-3.697314E28,-3.697314E28,-3.697314E28,-3.697314E28,-3.697314E28,-3.697314E28,0.0000000,3,Missing,-3.697314E28,-3.697314E28,-3.697314E28,Missing,-3.697314E28,-3.697314E28,-3.697314E28,Missing,-3.697314E28,-3.697314E28,-3.697314E28,Port 0x02: JJH T tibia tracker  s/n:3E4C8800,764942878,1779974647.968751570,1,OK,0.5081941,0.1781730,0.1821673,-0.8226835,7.005,79.970,-1353.191,0.2643700,3,OK,6.811,79.803,-1353.307,OK,-59.578,143.901,-1326.129,OK,44.895,149.405,-1310.119,Port 0x03: JJH Y femur tracker  s/n:3E4C8801,764942878,1779974647.968751570,1,OK,0.8825574,0.2472432,-0.2495042,-0.3125874,-219.543,66.382,-1503.687,0.5054219,3,OK,-219.289,65.726,-1503.731,OK,-224.987,160.987,-1472.766,OK,-282.964,129.624,-1530.238
3,Port 0x01: JJH Probe  s/n:3E4C880C,764942881,1779974648.018751571,1,Too Few Markers,-3.697314E28,-3.697314E28,-3.697314E28,-3.697314E28,-3.697314E28,-3.697314E28,-3.697314E28,0.0000000,3,Missing,-3.697314E28,-3.697314E28,-3.697314E28,Missing,-3.697314E28,-3.697314E28,-3.697314E28,Missing,-3.697314E28,-3.697314E28,-3.697314E28,Port 0x02: JJH T tibia tracker  s/n:3E4C8800,764942881,1779974648.018751571,1,OK,0.5081588,0.1783528,0.1831194,-0.8224550,6.696,80.073,-1352.899,0.2694335,3,OK,6.498,79.898,-1353.020,OK,-59.891,143.924,-1325.677,OK,44.579,149.452,-1309.718,Port 0x03: JJH Y femur tracker  s/n:3E4C8801,764942881,1779974648.018751571,1,OK,0.8873744,0.2421066,-0.2298712,-0.3179784,-222.041,66.668,-1499.258,0.4845999,3,OK,-221.816,66.045,-1499.322,OK,-226.226,161.142,-1467.818,OK,-286.532,129.940,-1522.810
3,Port 0x01: JJH Probe  s/n:3E4C880C,764942884,1779974648.068751571,1,Too Few Markers,-3.697314E28,-3.697314E28,-3.697314E28,-3.697314E28,-3.697314E28,-3.697314E28,-3.697314E28,0.0000000,3,Missing,-3.697314E28,-3.697314E28,-3.697314E28,Missing,-3.697314E28,-3.697314E28,-3.697314E28,Missing,-3.697314E28,-3.697314E28,-3.697314E28,Port 0x02: JJH T tibia tracker  s/n:3E4C8800,764942884,1779974648.068751571,1,OK,0.5079425,0.1786451,0.1841604,-0.8222927,6.541,79.973,-1352.341,0.2634830,3,OK,6.344,79.812,-1352.455,OK,-60.043,143.756,-1324.946,OK,44.450,149.252,-1309.039,Port 0x03: JJH Y femur tracker  s/n:3E4C8801,764942884,1779974648.068751571,1,OK,0.8920591,0.2365038,-0.2090064,-0.3234392,-224.439,66.891,-1494.502,0.4886496,3,OK,-224.223,66.263,-1494.585,OK,-227.265,161.260,-1462.565,OK,-289.969,130.184,-1514.872
3,Port 0x01: JJH Probe  s/n:3E4C880C,764942887,1779974648.118751571,1,Too Few Markers,-3.697314E28,-3.697314E28,-3.697314E28,-3.697314E28,-3.697314E28,-3.697314E28,-3.697314E28,0.0000000,3,Missing,-3.697314E28,-3.697314E28,-3.697314E28,Missing,-3.697314E28,-3.697314E28,-3.697314E28,Missing,-3.697314E28,-3.697314E28,-3.697314E28,Port 0x02: JJH T tibia tracker  s/n:3E4C8800,764942887,1779974648.118751571,1,OK,0.5078532,0.1791578,0.1854363,-0.8219495,6.344,79.805,-1351.691,0.2653518,3,OK,6.145,79.640,-1351.808,OK,-60.251,143.481,-1324.094,OK,44.230,148.986,-1308.209,Port 0x03: JJH Y femur tracker  s/n:3E4C8801,764942887,1779974648.118751571,1,OK,0.8963335,0.2314790,-0.1866669,-0.3288755,-226.704,67.074,-1489.520,0.4610179,3,OK,-226.537,66.479,-1489.633,OK,-228.118,161.279,-1456.918,OK,-293.193,130.318,-1506.400
3,Port 0x01: JJH Probe  s/n:3E4C880C,764942890,1779974648.168751571,1,Too Few Markers,-3.697314E28,-3.697314E28,-3.697314E28,-3.697314E28,-3.697314E28,-3.697314E28,-3.697314E28,0.0000000,3,Missing,-3.697314E28,-3.697314E28,-3.697314E28,Missing,-3.697314E28,-3.697314E28,-3.697314E28,Missing,-3.697314E28,-3.697314E28,-3.697314E28,Port 0x02: JJH T tibia tracker  s/n:3E4C8800,764942890,1779974648.168751571,1,OK,0.5075680,0.1794529,0.1868804,-0.8217342,6.122,79.572,-1350.835,0.2584121,3,OK,5.926,79.420,-1350.945,OK,-60.461,143.156,-1322.991,OK,44.044,148.625,-1307.199,Port 0x03: JJH Y femur tracker  s/n:3E4C8801,764942890,1779974648.168751571,1,OK,0.9002472,0.2253750,-0.1649308,-0.3340043,-228.833,67.225,-1484.275,0.4359703,3,OK,-228.675,66.659,-1484.389,OK,-228.799,161.301,-1451.307,OK,-296.127,130.429,-1497.818
3,Port 0x01: JJH Probe  s/n:3E4C880C,764942893,1779974648.218751571,1,Too Few Markers,-3.697314E28,-3.697314E28,-3.697314E28,-3.697314E28,-3.697314E28,-3.697314E28,-3.697314E28,0.0000000,3,Missing,-3.697314E28,-3.697314E28,-3.697314E28,Missing,-3.697314E28,-3.697314E28,-3.697314E28,Missing,-3.697314E28,-3.697314E28,-3.697314E28,Port 0x02: JJH T tibia tracker  s/n:3E4C8800,764942893,1779974648.218751571,1,OK,0.5072644,0.1803162,0.1888019,-0.8212933,6.019,79.182,-1349.797,0.2571781,3,OK,5.821,79.038,-1349.904,OK,-60.571,142.620,-1321.650,OK,43.945,148.056,-1305.884,Port 0x03: JJH Y femur tracker  s/n:3E4C8801,764942893,1779974648.218751571,1,OK,0.9035018,0.2200950,-0.1421834,-0.3391558,-230.665,67.367,-1478.938,0.4285042,3,OK,-230.539,66.809,-1479.074,OK,-229.139,161.280,-1445.424,OK,-298.616,130.506,-1488.886
3,Port 0x01: JJH Probe  s/n:3E4C880C,764942896,1779974648.268751571,1,Too Few Markers,-3.697314E28,-3.697314E28,-3.697314E28,-3.697314E28,-3.697314E28,-3.697314E28,-3.697314E28,0.0000000,3,Missing,-3.697314E28,-3.697314E28,-3.697314E28,Missing,-3.697314E28,-3.697314E28,-3.697314E28,Missing,-3.697314E28,-3.697314E28,-3.697314E28,Port 0x02: JJH T tibia tracker  s/n:3E4C8800,764942896,1779974648.268751571,1,OK,0.5067063,0.1812653,0.1911149,-0.8208939,5.928,78.795,-1348.617,0.2600815,3,OK,5.728,78.657,-1348.721,OK,-60.644,142.086,-1320.091,OK,43.905,147.440,-1304.384,Port 0x03: JJH Y femur tracker  s/n:3E4C8801,764942896,1779974648.268751571,1,OK,0.9063340,0.2142102,-0.1190184,-0.3442488,-232.258,67.598,-1473.323,0.4219424,3,OK,-232.153,67.050,-1473.471,OK,-229.187,161.345,-1439.416,OK,-300.682,130.676,-1479.607
3,Port 0x01: JJH Probe  s/n:3E4C880C,764942899,1779974648.318751571,1,Too Few Markers,-3.697314E28,-3.697314E28,-3.697314E28,-3.697314E28,-3.697314E28,-3.697314E28,-3.697314E28,0.0000000,3,Missing,-3.697314E28,-3.697314E28,-3.697314E28,Missing,-3.697314E28,-3.697314E28,-3.697314E28,Missing,-3.697314E28,-3.697314E28,-3.697314E28,Port 0x02: JJH T tibia tracker  s/n:3E4C8800,764942899,1779974648.318751571,1,OK,0.5060976,0.1821525,0.1936009,-0.8204903,5.777,78.289,-1347.330,0.2472752,3,OK,5.581,78.167,-1347.425,OK,-60.757,141.427,-1318.391,OK,43.799,146.683,-1302.782,Port 0x03: JJH Y femur tracker  s/n:3E4C8801,764942899,1779974648.318751571,1,OK,0.9090945,0.2067155,-0.0955838,-0.3488262,-233.765,67.630,-1467.291,0.3988731,3,OK,-233.651,67.109,-1467.431,OK,-229.152,161.268,-1433.355,OK,-302.558,130.599,-1469.979
3,Port 0x01: JJH Probe  s/n:3E4C880C,764942902,1779974648.368751571,1,Too Few Markers,-3.697314E28,-3.697314E28,-3.697314E28,-3.697314E28,-3.697314E28,-3.697314E28,-3.697314E28,0.0000000,3,Missing,-3.697314E28,-3.697314E28,-3.697314E28,Missing,-3.697314E28,-3.697314E28,-3.697314E28,Missing,-3.697314E28,-3.697314E28,-3.697314E28,Port 0x02: JJH T tibia tracker  s/n:3E4C8800,764942902,1779974648.368751571,1,OK,0.5052766,0.1832874,0.1963267,-0.8200958,5.722,77.779,-1345.970,0.2449453,3,OK,5.527,77.666,-1346.061,OK,-60.762,140.762,-1316.579,OK,43.824,145.879,-1301.052,Port 0x03: JJH Y femur tracker  s/n:3E4C8801,764942902,1779974648.368751571,1,OK,0.9110813,0.1997263,-0.0699120,-0.3537692,-234.920,67.792,-1460.914,0.3838489,3,OK,-234.811,67.291,-1461.055,OK,-228.610,161.246,-1426.772,OK,-303.872,130.642,-1459.555
3,Port 0x01: JJH Probe  s/n:3E4C880C,764942905,1779974648.418751571,1,Too Few Markers,-3.697314E28,-3.697314E28,-3.697314E28,-3.697314E28,-3.697314E28,-3.697314E28,-3.697314E28,0.0000000,3,Missing,-3.697314E28,-3.697314E28,-3.697314E28,Missing,-3.697314E28,-3.697314E28,-3.697314E28,Missing,-3.697314E28,-3.697314E28,-3.697314E28,Port 0x02: JJH T tibia tracker  s/n:3E4C8800,764942905,1779974648.418751571,1,OK,0.5043191,0.1849017,0.2001687,-0.8193938,5.650,77.127,-1344.470,0.2576256,3,OK,5.450,76.993,-1344.575,OK,-60.784,139.866,-1314.448,OK,43.820,144.854,-1299.012,Port 0x03: JJH Y femur tracker  s/n:3E4C8801,764942905,1779974648.418751571,1,OK,0.9124292,0.1923921,-0.0434108,-0.3585718,-235.824,67.829,-1454.301,0.3718215,3,OK,-235.720,67.343,-1454.445,OK,-227.749,161.101,-1420.038,OK,-304.726,130.527,-1448.775
3,Port 0x01: JJH Probe  s/n:3E4C880C,764942908,1779974648.468751571,1,Too Few Markers,-3.697314E28,-3.697314E28,-3.697314E28,-3.697314E28,-3.697314E28,-3.697314E28,-3.697314E28,0.0000000,3,Missing,-3.697314E28,-3.697314E28,-3.697314E28,Missing,-3.697314E28,-3.697314E28,-3.697314E28,Missing,-3.697314E28,-3.697314E28,-3.697314E28,Port 0x02: JJH T tibia tracker  s/n:3E4C8800,764942908,1779974648.468751571,1,OK,0.5034632,0.1863368,0.2033037,-0.8188230,5.619,76.261,-1342.671,0.2512298,3,OK,5.412,76.164,-1342.755,OK,-60.778,138.784,-1312.150,OK,43.861,143.635,-1296.776,Port 0x03: JJH Y femur tracker  s/n:3E4C8801,764942908,1779974648.468751571,1,OK,0.9132054,0.1843538,-0.0164409,-0.3630416,-236.377,67.785,-1447.500,0.3586277,3,OK,-236.285,67.318,-1447.647,OK,-226.541,160.906,-1413.303,OK,-304.981,130.294,-1437.776
3,Port 0x01: JJH Probe  s/n:3E4C880C,764942911,1779974648.518751571,1,Too Few Markers,-3.697314E28,-3.697314E28,-3.697314E28,-3.697314E28,-3.697314E28,-3.697314E28,-3.697314E28,0.0000000,3,Missing,-3.697314E28,-3.697314E28,-3.697314E28,Missing,-3.697314E28,-3.697314E28,-3.697314E28,Missing,-3.697314E28,-3.697314E28,-3.697314E28,Port 0x02: JJH T tibia tracker  s/n:3E4C8800,764942911,1779974648.518751571,1,OK,0.5022373,0.1881890,0.2079260,-0.8179911,5.667,75.216,-1340.688,0.2485631,3,OK,5.459,75.124,-1340.770,OK,-60.657,137.434,-1309.410,OK,44.001,142.107,-1294.178,Port 0x03: JJH Y femur tracker  s/n:3E4C8801,764942911,1779974648.518751571,1,OK,0.9132351,0.1760420,0.0109766,-0.3672742,-236.463,67.702,-1440.789,0.3643530,3,OK,-236.360,67.227,-1440.944,OK,-224.874,160.665,-1406.765,OK,-304.518,130.031,-1426.812
3,Port 0x01: JJH Probe  s/n:3E4C880C,764942914,1779974648.568751571,1,Too Few Markers,-3.697314E28,-3.697314E28,-3.697314E28,-3.697314E28,-3.697314E28,-3.697314E28,-3.697314E28,0.0000000,3,Missing,-3.697314E28,-3.697314E28,-3.697314E28,Missing,-3.697314E28,-3.697314E28,-3.697314E28,Missing,-3.697314E28,-3.697314E28,-3.697314E28,Port 0x02: JJH T tibia tracker  s/n:3E4C8800,764942914,1779974648.568751571,1,OK,0.5010132,0.1900903,0.2122209,-0.8171987,5.693,73.966,-1338.615,0.2471963,3,OK,5.483,73.889,-1338.689,OK,-60.567,135.895,-1306.644,OK,44.125,140.380,-1291.515,Port 0x03: JJH Y femur tracker  s/n:3E4C8801,764942914,1779974648.568751571,1,OK,0.9126639,0.1676689,0.0368613,-0.3709084,-236.224,67.440,-1434.086,0.3502515,3,OK,-236.119,66.985,-1434.241,OK,-222.981,160.281,-1400.391,OK,-303.565,129.557,-1416.165
3,Port 0x01: JJH Probe  s/n:3E4C880C,764942917,1779974648.618751571,1,Too Few Markers,-3.697314E28,-3.697314E28,-3.697314E28,-3.697314E28,-3.697314E28,-3.697314E28,-3.697314E28,0.0000000,3,Missing,-3.697314E28,-3.697314E28,-3.697314E28,Missing,-3.697314E28,-3.697314E28,-3.697314E28,Missing,-3.697314E28,-3.697314E28,-3.697314E28,Port 0x02: JJH T tibia tracker  s/n:3E4C8800,764942917,1779974648.618751571,1,OK,0.4996952,0.1930157,0.2181579,-0.8157553,5.705,72.212,-1335.650,0.2414799,3,OK,5.489,72.190,-1335.690,OK,-60.541,133.652,-1302.769,OK,44.184,137.954,-1287.705,Port 0x03: JJH Y femur tracker  s/n:3E4C8801,764942917,1779974648.618751571,1,OK,0.9113586,0.1601863,0.0615770,-0.3741312,-235.634,67.254,-1427.875,0.3505484,3,OK,-235.524,66.802,-1428.036,OK,-220.822,159.954,-1394.456,OK,-302.096,129.145,-1406.181
3,Port 0x01: JJH Probe  s/n:3E4C880C,764942920,1779974648.668751571,1,Too Few Markers,-3.697314E28,-3.697314E28,-3.697314E28,-3.697314E28,-3.697314E28,-3.697314E28,-3.697314E28,0.0000000,3,Missing,-3.697314E28,-3.697314E28,-3.697314E28,Missing,-3.697314E28,-3.697314E28,-3.697314E28,Missing,-3.697314E28,-3.697314E28,-3.697314E28,Port 0x02: JJH T tibia tracker  s/n:3E4C8800,764942920,1779974648.668751571,1,OK,0.4983390,0.1958608,0.2239336,-0.8143405,5.758,70.401,-1332.843,0.2396263,3,OK,5.539,70.408,-1332.864,OK,-60.458,131.369,-1299.071,OK,44.281,135.486,-1284.077,Port 0x03: JJH Y femur tracker  s/n:3E4C8801,764942920,1779974648.668751571,1,OK,0.9096146,0.1523574,0.0844246,-0.3771751,-234.677,67.041,-1422.087,0.3332390,3,OK,-234.557,66.616,-1422.246,OK,-218.379,159.631,-1389.159,OK,-300.107,128.774,-1396.993
3,Port 0x01: JJH Probe  s/n:3E4C880C,764942923,1779974648.718751571,1,Too Few Markers,-3.697314E28,-3.697314E28,-3.697314E28,-3.697314E28,-3.697314E28,-3.697314E28,-3.697314E28,0.0000000,3,Missing,-3.697314E28,-3.697314E28,-3.697314E28,Missing,-3.697314E28,-3.697314E28,-3.697314E28,Missing,-3.697314E28,-3.697314E28,-3.697314E28,Port 0x02: JJH T tibia tracker  s/n:3E4C8800,764942923,1779974648.718751571,1,OK,0.4968243,0.1979430,0.2294642,-0.8132222,5.936,69.087,-1330.901,0.2421134,3,OK,5.716,69.095,-1330.920,OK,-60.195,129.644,-1296.234,OK,44.588,133.568,-1281.437,Port 0x03: JJH Y femur tracker  s/n:3E4C8801,764942923,1779974648.718751571,1,OK,0.9076826,0.1462933,0.1046079,-0.3791672,-233.780,66.800,-1417.182,0.3431813,3,OK,-233.657,66.364,-1417.353,OK,-216.299,159.277,-1384.556,OK,-298.219,128.292,-1389.066
3,Port 0x01: JJH Probe  s/n:3E4C880C,764942926,1779974648.768751571,1,Too Few Markers,-3.697314E28,-3.697314E28,-3.697314E28,-3.697314E28,-3.697314E28,-3.697314E28,-3.697314E28,0.0000000,3,Missing,-3.697314E28,-3.697314E28,-3.697314E28,Missing,-3.697314E28,-3.697314E28,-3.697314E28,Missing,-3.697314E28,-3.697314E28,-3.697314E28,Port 0x02: JJH T tibia tracker  s/n:3E4C8800,764942926,1779974648.768751571,1,OK,0.4962550,0.1984697,0.2308895,-0.8130380,6.067,68.580,-1329.944,0.2526121,3,OK,5.837,68.619,-1329.943,OK,-60.016,129.038,-1295.050,OK,44.797,132.877,-1280.314,Port 0x03: JJH Y femur tracker  s/n:3E4C8801,764942926,1779974648.768751571,1,OK,0.9058287,0.1408518,0.1210582,-0.3807625,-232.866,66.573,-1413.218,0.3455442,3,OK,-232.735,66.137,-1413.396,OK,-214.418,158.976,-1380.962,OK,-296.385,127.890,-1382.695
3,Port 0x01: JJH Probe  s/n:3E4C880C,764942929,1779974648.818751571,1,Too Few Markers,-3.697314E28,-3.697314E28,-3.697314E28,-3.697314E28,-3.697314E28,-3.697314E28,-3.697314E28,0.0000000,3,Missing,-3.697314E28,-3.697314E28,-3.697314E28,Missing,-3.697314E28,-3.697314E28,-3.697314E28,Missing,-3.697314E28,-3.697314E28,-3.697314E28,Port 0x02: JJH T tibia tracker  s/n:3E4C8800,764942929,1779974648.818751571,1,OK,0.4959742,0.1984331,0.2314301,-0.8130646,6.167,68.312,-1329.243,0.2522557,3,OK,5.937,68.372,-1329.227,OK,-59.874,128.747,-1294.249,OK,44.947,132.539,-1279.591,Port 0x03: JJH Y femur tracker  s/n:3E4C8801,764942929,1779974648.818751571,1,OK,0.9042613,0.1362751,0.1338671,-0.3818640,-232.033,66.341,-1409.952,0.3404928,3,OK,-231.901,65.916,-1410.132,OK,-212.843,158.710,-1378.065,OK,-294.797,127.512,-1377.598
3,Port 0x01: JJH Probe  s/n:3E4C880C,764942932,1779974648.868776861,1,Too Few Markers,-3.697314E28,-3.697314E28,-3.697314E28,-3.697314E28,-3.697314E28,-3.697314E28,-3.697314E28,0.0000000,3,Missing,-3.697314E28,-3.697314E28,-3.697314E28,Missing,-3.697314E28,-3.697314E28,-3.697314E28,Missing,-3.697314E28,-3.697314E28,-3.697314E28,Port 0x02: JJH T tibia tracker  s/n:3E4C8800,764942932,1779974648.868776861,1,OK,0.4955575,0.1987365,0.2324464,-0.8129547,6.250,68.090,-1328.629,0.2508164,3,OK,6.019,68.144,-1328.617,OK,-59.743,128.470,-1293.458,OK,45.078,132.201,-1278.861,Port 0x03: JJH Y femur tracker  s/n:3E4C8801,764942932,1779974648.868776861,1,OK,0.9026424,0.1324015,0.1454312,-0.3828267,-231.257,66.228,-1407.048,0.3345090,3,OK,-231.124,65.813,-1407.229,OK,-211.409,158.543,-1375.458,OK,-293.273,127.261,-1373.037
3,Port 0x01: JJH Probe  s/n:3E4C880C,764942935,1779974648.918776861,1,Too Few Markers,-3.697314E28,-3.697314E28,-3.697314E28,-3.697314E28,-3.697314E28,-3.697314E28,-3.697314E28,0.0000000,3,Missing,-3.697314E28,-3.697314E28,-3.697314E28,Missing,-3.697314E28,-3.697314E28,-3.697314E28,Missing,-3.697314E28,-3.697314E28,-3.697314E28,Port 0x02: JJH T tibia tracker  s/n:3E4C8800,764942935,1779974648.918776861,1,OK,0.4951768,0.1994133,0.2332501,-0.8127906,6.409,67.805,-1327.964,0.2601824,3,OK,6.171,67.871,-1327.945,OK,-59.567,128.129,-1292.679,OK,45.267,131.786,-1278.048,Port 0x03: JJH Y femur tracker  s/n:3E4C8801,764942935,1779974648.918776861,1,OK,0.9008945,0.1291528,0.1566330,-0.3836337,-230.403,66.045,-1404.417,0.3503282,3,OK,-230.268,65.611,-1404.611,OK,-209.919,158.300,-1373.025,OK,-291.679,126.915,-1368.778
3,Port 0x01: JJH Probe  s/n:3E4C880C,764942938,1779974648.968776861,1,Too Few Markers,-3.697314E28,-3.697314E28,-3.697314E28,-3.697314E28,-3.697314E28,-3.697314E28,-3.697314E28,0.0000000,3,Missing,-3.697314E28,-3.697314E28,-3.697314E28,Missing,-3.697314E28,-3.697314E28,-3.697314E28,Missing,-3.697314E28,-3.697314E28,-3.697314E28,Port 0x02: JJH T tibia tracker  s/n:3E4C8800,764942938,1779974648.968776861,1,OK,0.4948389,0.1994473,0.2342254,-0.8127076,6.533,67.491,-1327.359,0.2584237,3,OK,6.299,67.553,-1327.341,OK,-59.406,127.760,-1291.896,OK,45.450,131.378,-1277.369,Port 0x03: JJH Y femur tracker  s/n:3E4C8801,764942938,1779974648.968776861,1,OK,0.8989322,0.1250079,0.1685329,-0.3845654,-229.418,65.751,-1401.386,0.3334430,3,OK,-229.295,65.337,-1401.575,OK,-208.248,157.963,-1370.356,OK,-289.829,126.469,-1364.089
3,Port 0x01: JJH Probe  s/n:3E4C880C,764942941,1779974649.018776864,1,Too Few Markers,-3.697314E28,-3.697314E28,-3.697314E28,-3.697314E28,-3.697314E28,-3.697314E28,-3.697314E28,0.0000000,3,Missing,-3.697314E28,-3.697314E28,-3.697314E28,Missing,-3.697314E28,-3.697314E28,-3.697314E28,Missing,-3.697314E28,-3.697314E28,-3.697314E28,Port 0x02: JJH T tibia tracker  s/n:3E4C8800,764942941,1779974649.018776864,1,OK,0.4940844,0.1999635,0.2367143,-0.8123187,6.677,66.832,-1326.175,0.2506188,3,OK,6.450,66.907,-1326.146,OK,-59.185,126.927,-1290.288,OK,45.679,130.451,-1275.944,Port 0x03: JJH Y femur tracker  s/n:3E4C8801,764942941,1779974649.018776864,1,OK,0.8961362,0.1205765,0.1840345,-0.3853993,-228.187,65.624,-1398.091,0.3694615,3,OK,-228.041,65.174,-1398.308,OK,-206.197,157.737,-1367.352,OK,-287.462,126.112,-1358.570
3,Port 0x01: JJH Probe  s/n:3E4C880C,764942944,1779974649.068776864,1,Too Few Markers,-3.697314E28,-3.697314E28,-3.697314E28,-3.697314E28,-3.697314E28,-3.697314E28,-3.697314E28,0.0000000,3,Missing,-3.697314E28,-3.697314E28,-3.697314E28,Missing,-3.697314E28,-3.697314E28,-3.697314E28,Missing,-3.697314E28,-3.697314E28,-3.697314E28,Port 0x02: JJH T tibia tracker  s/n:3E4C8800,764942944,1779974649.068776864,1,OK,0.4930835,0.2015256,0.2392904,-0.8117858,6.971,66.110,-1324.970,0.2621786,3,OK,6.732,66.173,-1324.951,OK,-58.838,126.026,-1288.685,OK,46.053,129.390,-1274.333,Port 0x03: JJH Y femur tracker  s/n:3E4C8801,764942944,1779974649.068776864,1,OK,0.8929059,0.1152871,0.1998767,-0.3866229,-226.559,65.386,-1394.245,0.3640453,3,OK,-226.411,64.949,-1394.466,OK,-203.645,157.409,-1363.992,OK,-284.518,125.694,-1352.547
3,Port 0x01: JJH Probe  s/n:3E4C880C,764942947,1779974649.118776864,1,Too Few Markers,-3.697314E28,-3.697314E28,-3.697314E28,-3.697314E28,-3.697314E28,-3.697314E28,-3.697314E28,0.0000000,3,Missing,-3.697314E28,-3.697314E28,-3.697314E28,Missing,-3.697314E28,-3.697314E28,-3.697314E28,Missing,-3.697314E28,-3.697314E28,-3.697314E28,Port 0x02: JJH T tibia tracker  s/n:3E4C8800,764942947,1779974649.118776864,1,OK,0.4923852,0.2016847,0.2403092,-0.8118692,7.231,65.766,-1324.064,0.2548262,3,OK,6.998,65.838,-1324.038,OK,-58.479,125.666,-1287.581,OK,46.414,128.899,-1273.348,Port 0x03: JJH Y femur tracker  s/n:3E4C8801,764942947,1779974649.118776864,1,OK,0.8890776,0.1089569,0.2178066,-0.3875948,-224.722,65.140,-1390.098,0.3702070,3,OK,-224.560,64.708,-1390.331,OK,-200.842,157.095,-1360.474,OK,-281.152,125.224,-1345.992
3,Port 0x01: JJH Probe  s/n:3E4C880C,764942950,1779974649.168776864,1,Too Few Markers,-3.697314E28,-3.697314E28,-3.697314E28,-3.697314E28,-3.697314E28,-3.697314E28,-3.697314E28,0.0000000,3,Missing,-3.697314E28,-3.697314E28,-3.697314E28,Missing,-3.697314E28,-3.697314E28,-3.697314E28,Missing,-3.697314E28,-3.697314E28,-3.697314E28,Port 0x02: JJH T tibia tracker  s/n:3E4C8800,764942950,1779974649.168776864,1,OK,0.4913363,0.2021438,0.2414742,-0.8120448,7.658,65.512,-1323.269,0.2569426,3,OK,7.423,65.564,-1323.257,OK,-57.923,125.426,-1286.558,OK,46.999,128.458,-1272.412,Port 0x03: JJH Y femur tracker  s/n:3E4C8801,764942950,1779974649.168776864,1,OK,0.8848127,0.1028408,0.2354444,-0.3887109,-222.594,65.027,-1385.853,0.3633023,3,OK,-222.442,64.606,-1386.089,OK,-197.717,156.906,-1356.864,OK,-277.354,124.897,-1339.433
3,Port 0x01: JJH Probe  s/n:3E4C880C,764942953,1779974649.218776864,1,Too Few Markers,-3.697314E28,-3.697314E28,-3.697314E28,-3.697314E28,-3.697314E28,-3.697314E28,-3.697314E28,0.0000000,3,Missing,-3.697314E28,-3.697314E28,-3.697314E28,Missing,-3.697314E28,-3.697314E28,-3.697314E28,Missing,-3.697314E28,-3.697314E28,-3.697314E28,Port 0x02: JJH T tibia tracker  s/n:3E4C8800,764942953,1779974649.218776864,1,OK,0.4900247,0.2021399,0.2415677,-0.8128101,8.343,65.033,-1322.522,0.2569501,3,OK,8.113,65.123,-1322.482,OK,-57.029,125.110,-1285.733,OK,47.912,127.825,-1271.706,Port 0x03: JJH Y femur tracker  s/n:3E4C8801,764942953,1779974649.218776864,1,OK,0.8801013,0.0960557,0.2538935,-0.3895294,-220.252,64.878,-1381.790,0.3694069,3,OK,-220.092,64.463,-1382.038,OK,-194.416,156.695,-1353.556,OK,-273.199,124.527,-1333.017
3,Port 0x01: JJH Probe  s/n:3E4C880C,764942956,1779974649.268776864,1,Too Few Markers,-3.697314E28,-3.697314E28,-3.697314E28,-3.697314E28,-3.697314E28,-3.697314E28,-3.697314E28,0.0000000,3,Missing,-3.697314E28,-3.697314E28,-3.697314E28,Missing,-3.697314E28,-3.697314E28,-3.697314E28,Missing,-3.697314E28,-3.697314E28,-3.697314E28,Port 0x02: JJH T tibia tracker  s/n:3E4C8800,764942956,1779974649.268776864,1,OK,0.4878353,0.2037695,0.2437442,-0.8130704,8.999,63.971,-1321.475,0.2544023,3,OK,8.768,64.034,-1321.455,OK,-56.126,124.084,-1284.281,OK,48.835,126.334,-1270.302,Port 0x03: JJH Y femur tracker  s/n:3E4C8801,764942956,1779974649.268776864,1,OK,0.8751658,0.0902989,0.2711756,-0.3903776,-217.951,64.630,-1377.889,0.3807416,3,OK,-217.798,64.205,-1378.151,OK,-191.166,156.363,-1350.283,OK,-269.065,124.053,-1326.933
3,Port 0x01: JJH Probe  s/n:3E4C880C,764942959,1779974649.318776864,1,Too Few Markers,-3.697314E28,-3.697314E28,-3.697314E28,-3.697314E28,-3.697314E28,-3.697314E28,-3.697314E28,0.0000000,3,Missing,-3.697314E28,-3.697314E28,-3.697314E28,Missing,-3.697314E28,-3.697314E28,-3.697314E28,Missing,-3.697314E28,-3.697314E28,-3.697314E28,Port 0x02: JJH T tibia tracker  s/n:3E4C8800,764942959,1779974649.318776864,1,OK,0.4856480,0.2048932,0.2444808,-0.8138759,9.954,63.106,-1320.716,0.2767765,3,OK,9.705,63.206,-1320.671,OK,-54.881,123.388,-1283.354,OK,50.106,125.131,-1269.387,Port 0x03: JJH Y femur tracker  s/n:3E4C8801,764942959,1779974649.318776864,1,OK,0.8700469,0.0849771,0.2881532,-0.3908516,-215.457,64.583,-1374.288,0.4051241,3,OK,-215.307,64.134,-1374.572,OK,-187.797,156.222,-1347.246,OK,-264.708,123.735,-1321.213
3,Port 0x01: JJH Probe  s/n:3E4C880C,764942962,1779974649.368776864,1,Too Few Markers,-3.697314E28,-3.697314E28,-3.697314E28,-3.697314E28,-3.697314E28,-3.697314E28,-3.697314E28,0.0000000,3,Missing,-3.697314E28,-3.697314E28,-3.697314E28,Missing,-3.697314E28,-3.697314E28,-3.697314E28,Missing,-3.697314E28,-3.697314E28,-3.697314E28,Port 0x02: JJH T tibia tracker  s/n:3E4C8800,764942962,1779974649.368776864,1,OK,0.4837764,0.2043381,0.2429589,-0.8155840,10.927,62.748,-1320.668,0.2607512,3,OK,10.695,62.845,-1320.625,OK,-53.567,123.484,-1283.418,OK,51.432,124.719,-1269.580,Port 0x03: JJH Y femur tracker  s/n:3E4C8801,764942962,1779974649.368776864,1,OK,0.8649116,0.0793491,0.3040898,-0.3913580,-212.953,64.489,-1370.955,0.4241825,3,OK,-212.802,64.026,-1371.258,OK,-184.472,156.061,-1344.595,OK,-260.354,123.436,-1315.985
3,Port 0x01: JJH Probe  s/n:3E4C880C,764942965,1779974649.418776864,1,Too Few Markers,-3.697314E28,-3.697314E28,-3.697314E28,-3.697314E28,-3.697314E28,-3.697314E28,-3.697314E28,0.0000000,3,Missing,-3.697314E28,-3.697314E28,-3.697314E28,Missing,-3.697314E28,-3.697314E28,-3.697314E28,Missing,-3.697314E28,-3.697314E28,-3.697314E28,Port 0x02: JJH T tibia tracker  s/n:3E4C8800,764942965,1779974649.418776864,1,OK,0.4821828,0.2041834,0.2419321,-0.8168707,11.677,62.397,-1320.548,0.2618474,3,OK,11.448,62.501,-1320.500,OK,-52.547,123.468,-1283.373,OK,52.473,124.284,-1269.598,Port 0x03: JJH Y femur tracker  s/n:3E4C8801,764942965,1779974649.418776864,1,OK,0.8603145,0.0737326,0.3178838,-0.3916279,-210.649,64.291,-1367.837,0.4185644,3,OK,-210.514,63.838,-1368.137,OK,-181.516,155.859,-1342.217,OK,-256.385,123.074,-1311.335
3,Port 0x01: JJH Probe  s/n:3E4C880C,764942968,1779974649.468776864,1,Too Few Markers,-3.697314E28,-3.697314E28,-3.697314E28,-3.697314E28,-3.697314E28,-3.697314E28,-3.697314E28,0.0000000,3,Missing,-3.697314E28,-3.697314E28,-3.697314E28,Missing,-3.697314E28,-3.697314E28,-3.697314E28,Missing,-3.697314E28,-3.697314E28,-3.697314E28,Port 0x02: JJH T tibia tracker  s/n:3E4C8800,764942968,1779974649.468776864,1,OK,0.4806922,0.2045831,0.2424452,-0.8174968,12.320,61.869,-1320.145,0.2569702,3,OK,12.095,61.969,-1320.099,OK,-51.684,123.080,-1282.820,OK,53.339,123.555,-1269.133,Port 0x03: JJH Y femur tracker  s/n:3E4C8801,764942968,1779974649.468776864,1,OK,0.8557428,0.0691783,0.3308790,-0.3917112,-208.573,64.162,-1365.259,0.4407246,3,OK,-208.431,63.695,-1365.582,OK,-178.826,155.676,-1340.211,OK,-252.719,122.752,-1307.277
3,Port 0x01: JJH Probe  s/n:3E4C880C,764942971,1779974649.518776864,1,Too Few Markers,-3.697314E28,-3.697314E28,-3.697314E28,-3.697314E28,-3.697314E28,-3.697314E28,-3.697314E28,0.0000000,3,Missing,-3.697314E28,-3.697314E28,-3.697314E28,Missing,-3.697314E28,-3.697314E28,-3.697314E28,Missing,-3.697314E28,-3.697314E28,-3.697314E28,Port 0x02: JJH T tibia tracker  s/n:3E4C8800,764942971,1779974649.518776864,1,OK,0.4792712,0.2046067,0.2422814,-0.8183734,12.991,61.455,-1319.944,0.2551925,3,OK,12.766,61.551,-1319.901,OK,-50.781,122.879,-1282.568,OK,54.251,123.015,-1268.971,Port 0x03: JJH Y femur tracker  s/n:3E4C8801,764942971,1779974649.518776864,1,OK,0.8517598,0.0652370,0.3417497,-0.3917353,-206.682,64.025,-1363.081,0.4557618,3,OK,-206.538,63.551,-1363.420,OK,-176.435,155.501,-1338.546,OK,-249.453,122.457,-1303.901
3,Port 0x01: JJH Probe  s/n:3E4C880C,764942974,1779974649.568776864,1,Too Few Markers,-3.697314E28,-3.697314E28,-3.697314E28,-3.697314E28,-3.697314E28,-3.697314E28,-3.697314E28,0.0000000,3,Missing,-3.697314E28,-3.697314E28,-3.697314E28,Missing,-3.697314E28,-3.697314E28,-3.697314E28,Missing,-3.697314E28,-3.697314E28,-3.697314E28,Port 0x02: JJH T tibia tracker  s/n:3E4C8800,764942974,1779974649.568776864,1,OK,0.4778620,0.2048666,0.2419579,-0.8192276,13.566,61.013,-1319.846,0.2587145,3,OK,13.335,61.101,-1319.811,OK,-49.982,122.656,-1282.459,OK,55.053,122.449,-1268.885,Port 0x03: JJH Y femur tracker  s/n:3E4C8801,764942974,1779974649.568776864,1,OK,0.8483646,0.0615544,0.3507779,-0.3917185,-205.078,63.842,-1361.151,0.4499760,3,OK,-204.949,63.374,-1361.483,OK,-174.438,155.318,-1337.121,OK,-246.665,122.148,-1301.046
3,Port 0x01: JJH Probe  s/n:3E4C880C,764942977,1779974649.618776864,1,Too Few Markers,-3.697314E28,-3.697314E28,-3.697314E28,-3.697314E28,-3.697314E28,-3.697314E28,-3.697314E28,0.0000000,3,Missing,-3.697314E28,-3.697314E28,-3.697314E28,Missing,-3.697314E28,-3.697314E28,-3.697314E28,Missing,-3.697314E28,-3.697314E28,-3.697314E28,Port 0x02: JJH T tibia tracker  s/n:3E4C8800,764942977,1779974649.618776864,1,OK,0.4766090,0.2049143,0.2413490,-0.8201248,14.140,60.463,-1319.607,0.2681303,3,OK,13.907,60.581,-1319.551,OK,-49.204,122.328,-1282.263,OK,55.844,121.795,-1268.723,Port 0x03: JJH Y femur tracker  s/n:3E4C8801,764942977,1779974649.618776864,1,OK,0.8452670,0.0580867,0.3587842,-0.3916931,-203.541,63.619,-1359.385,0.4344167,3,OK,-203.422,63.172,-1359.706,OK,-172.559,155.100,-1335.855,OK,-244.062,121.824,-1298.487
3,Port 0x01: JJH Probe  s/n:3E4C880C,764942980,1779974649.668776864,1,Too Few Markers,-3.697314E28,-3.697314E28,-3.697314E28,-3.697314E28,-3.697314E28,-3.697314E28,-3.697314E28,0.0000000,3,Missing,-3.697314E28,-3.697314E28,-3.697314E28,Missing,-3.697314E28,-3.697314E28,-3.697314E28,Missing,-3.697314E28,-3.697314E28,-3.697314E28,Port 0x02: JJH T tibia tracker  s/n:3E4C8800,764942980,1779974649.668776864,1,OK,0.4753343,0.2052412,0.2411123,-0.8208522,14.727,60.071,-1319.554,0.2649909,3,OK,14.494,60.176,-1319.507,OK,-48.422,122.130,-1282.191,OK,56.624,121.279,-1268.665,Port 0x03: JJH Y femur tracker  s/n:3E4C8801,764942980,1779974649.668776864,1,OK,0.8419826,0.0557512,0.3670277,-0.3914688,-202.130,63.518,-1357.966,0.4827434,3,OK,-201.994,63.029,-1358.330,OK,-170.787,154.935,-1334.706,OK,-241.567,121.565,-1296.142
3,Port 0x01: JJH Probe  s/n:3E4C880C,764942983,1779974649.718776864,1,Too Few Markers,-3.697314E28,-3.697314E28,-3.697314E28,-3.697314E28,-3.697314E28,-3.697314E28,-3.697314E28,0.0000000,3,Missing,-3.697314E28,-3.697314E28,-3.697314E28,Missing,-3.697314E28,-3.697314E28,-3.697314E28,Missing,-3.697314E28,-3.697314E28,-3.697314E28,Port 0x02: JJH T tibia tracker  s/n:3E4C8800,764942983,1779974649.718776864,1,OK,0.4743249,0.2048347,0.2406586,-0.8216703,15.225,59.766,-1319.556,0.2523295,3,OK,15.004,59.866,-1319.512,OK,-47.733,122.028,-1282.189,OK,57.312,120.926,-1268.784,Port 0x03: JJH Y femur tracker  s/n:3E4C8801,764942983,1779974649.718776864,1,OK,0.8390181,0.0525983,0.3742730,-0.3914100,-200.656,63.373,-1356.408,0.4667310,3,OK,-200.533,62.909,-1356.757,OK,-169.019,154.789,-1333.610,OK,-239.082,121.329,-1293.905
3,Port 0x01: JJH Probe  s/n:3E4C880C,764942986,1779974649.768776864,1,Too Few Markers,-3.697314E28,-3.697314E28,-3.697314E28,-3.697314E28,-3.697314E28,-3.697314E28,-3.697314E28,0.0000000,3,Missing,-3.697314E28,-3.697314E28,-3.697314E28,Missing,-3.697314E28,-3.697314E28,-3.697314E28,Missing,-3.697314E28,-3.697314E28,-3.697314E28,Port 0x02: JJH T tibia tracker  s/n:3E4C8800,764942986,1779974649.768776864,1,OK,0.4732604,0.2046372,0.2398859,-0.8225588,15.813,59.452,-1319.563,0.2570055,3,OK,15.590,59.565,-1319.510,OK,-46.950,121.938,-1282.262,OK,58.097,120.560,-1268.904,Port 0x03: JJH Y femur tracker  s/n:3E4C8801,764942986,1779974649.768776864,1,OK,0.8356802,0.0496179,0.3822790,-0.3912026,-199.146,63.225,-1354.920,0.4835590,3,OK,-199.019,62.750,-1355.287,OK,-167.179,154.619,-1332.536,OK,-236.472,121.056,-1291.613
3,Port 0x01: JJH Probe  s/n:3E4C880C,764942989,1779974649.818776864,1,Too Few Markers,-3.697314E28,-3.697314E28,-3.697314E28,-3.697314E28,-3.697314E28,-3.697314E28,-3.697314E28,0.0000000,3,Missing,-3.697314E28,-3.697314E28,-3.697314E28,Missing,-3.697314E28,-3.697314E28,-3.697314E28,Missing,-3.697314E28,-3.697314E28,-3.697314E28,Port 0x02: JJH T tibia tracker  s/n:3E4C8800,764942989,1779974649.818776864,1,OK,0.4718605,0.2049790,0.2396847,-0.8233362,16.418,59.167,-1319.678,0.2601644,3,OK,16.186,59.248,-1319.651,OK,-46.134,121.861,-1282.344,OK,58.926,120.151,-1268.997,Port 0x03: JJH Y femur tracker  s/n:3E4C8801,764942989,1779974649.818776864,1,OK,0.8323862,0.0468768,0.3899128,-0.3910290,-197.632,63.111,-1353.466,0.4979008,3,OK,-197.512,62.629,-1353.839,OK,-165.354,154.478,-1331.454,OK,-233.857,120.818,-1289.425
3,Port 0x01: JJH Probe  s/n:3E4C880C,764942992,1779974649.868776864,1,Too Few Markers,-3.697314E28,-3.697314E28,-3.697314E28,-3.697314E28,-3.697314E28,-3.697314E28,-3.697314E28,0.0000000,3,Missing,-3.697314E28,-3.697314E28,-3.697314E28,Missing,-3.697314E28,-3.697314E28,-3.697314E28,Missing,-3.697314E28,-3.697314E28,-3.697314E28,Port 0x02: JJH T tibia tracker  s/n:3E4C8800,764942992,1779974649.868776864,1,OK,0.4707359,0.2046528,0.2386892,-0.8243497,16.999,58.820,-1319.704,0.2566442,3,OK,16.773,58.910,-1319.670,OK,-45.343,121.778,-1282.459,OK,59.717,119.764,-1269.173,Port 0x03: JJH Y femur tracker  s/n:3E4C8801,764942992,1779974649.868776864,1,OK,0.8292724,0.0436050,0.3970246,-0.3908674,-196.126,62.920,-1352.039,0.4942044,3,OK,-196.013,62.449,-1352.408,OK,-163.586,154.300,-1330.522,OK,-231.322,120.554,-1287.376
3,Port 0x01: JJH Probe  s/n:3E4C880C,764942995,1779974649.918776864,1,Too Few Markers,-3.697314E28,-3.697314E28,-3.697314E28,-3.697314E28,-3.697314E28,-3.697314E28,-3.697314E28,0.0000000,3,Missing,-3.697314E28,-3.697314E28,-3.697314E28,Missing,-3.697314E28,-3.697314E28,-3.697314E28,Missing,-3.697314E28,-3.697314E28,-3.697314E28,Port 0x02: JJH T tibia tracker  s/n:3E4C8800,764942995,1779974649.918776864,1,OK,0.4696276,0.2045369,0.2380060,-0.8252077,17.584,58.573,-1319.828,0.2559331,3,OK,17.352,58.653,-1319.803,OK,-44.550,121.754,-1282.630,OK,60.493,119.466,-1269.383,Port 0x03: JJH Y femur tracker  s/n:3E4C8801,764942995,1779974649.918776864,1,OK,0.8262315,0.0409616,0.4038234,-0.3906281,-194.631,62.798,-1350.753,0.5078624,3,OK,-194.527,62.318,-1351.125,OK,-161.841,154.168,-1329.605,OK,-228.820,120.327,-1285.481
3,Port 0x01: JJH Probe  s/n:3E4C880C,764942998,1779974649.968776864,1,Too Few Markers,-3.697314E28,-3.697314E28,-3.697314E28,-3.697314E28,-3.697314E28,-3.697314E28,-3.697314E28,0.0000000,3,Missing,-3.697314E28,-3.697314E28,-3.697314E28,Missing,-3.697314E28,-3.697314E28,-3.697314E28,Missing,-3.697314E28,-3.697314E28,-3.697314E28,Port 0x02: JJH T tibia tracker  s/n:3E4C8800,764942998,1779974649.968776864,1,OK,0.4687280,0.2039867,0.2368186,-0.8261964,18.098,58.431,-1319.948,0.2522069,3,OK,17.870,58.515,-1319.920,OK,-43.844,121.872,-1282.874,OK,61.194,119.336,-1269.690,Port 0x03: JJH Y femur tracker  s/n:3E4C8801,764942998,1779974649.968776864,1,OK,0.8231732,0.0383568,0.4104876,-0.3904031,-193.265,62.721,-1349.510,0.5072652,3,OK,-193.164,62.247,-1349.884,OK,-160.211,154.078,-1328.751,OK,-226.473,120.143,-1283.640
3,Port 0x01: JJH Probe  s/n:3E4C880C,764943001,1779974650.018776861,1,Too Few Markers,-3.697314E28,-3.697314E28,-3.697314E28,-3.697314E28,-3.697314E28,-3.697314E28,-3.697314E28,0.0000000,3,Missing,-3.697314E28,-3.697314E28,-3.697314E28,Missing,-3.697314E28,-3.697314E28,-3.697314E28,Missing,-3.697314E28,-3.697314E28,-3.697314E28,Port 0x02: JJH T tibia tracker  s/n:3E4C8800,764943001,1779974650.018776861,1,OK,0.4680296,0.2031035,0.2354534,-0.8271995,18.592,58.354,-1320.158,0.2511348,3,OK,18.371,58.460,-1320.113,OK,-43.177,122.050,-1283.239,OK,61.866,119.310,-1270.151,Port 0x03: JJH Y femur tracker  s/n:3E4C8801,764943001,1779974650.018776861,1,OK,0.8203111,0.0356210,0.4166773,-0.3901293,-191.820,62.561,-1348.282,0.5102930,3,OK,-191.732,62.093,-1348.647,OK,-158.568,153.929,-1327.923,OK,-224.087,119.902,-1281.913
3,Port 0x01: JJH Probe  s/n:3E4C880C,764943004,1779974650.068776861,1,Too Few Markers,-3.697314E28,-3.697314E28,-3.697314E28,-3.697314E28,-3.697314E28,-3.697314E28,-3.697314E28,0.0000000,3,Missing,-3.697314E28,-3.697314E28,-3.697314E28,Missing,-3.697314E28,-3.697314E28,-3.697314E28,Missing,-3.697314E28,-3.697314E28,-3.697314E28,Port 0x02: JJH T tibia tracker  s/n:3E4C8800,764943004,1779974650.068776861,1,OK,0.4671674,0.2026863,0.2341538,-0.8281575,19.152,58.434,-1320.524,0.2474512,3,OK,18.931,58.516,-1320.497,OK,-42.438,122.400,-1283.750,OK,62.603,119.422,-1270.679,Port 0x03: JJH Y femur tracker  s/n:3E4C8801,764943004,1779974650.068776861,1,OK,0.8171019,0.0331638,0.4234478,-0.3897904,-190.404,62.498,-1347.190,0.5296049,3,OK,-190.314,62.017,-1347.573,OK,-156.902,153.842,-1327.185,OK,-221.655,119.723,-1280.215
3,Port 0x01: JJH Probe  s/n:3E4C880C,764943007,1779974650.118776861,1,Too Few Markers,-3.697314E28,-3.697314E28,-3.697314E28,-3.697314E28,-3.697314E28,-3.697314E28,-3.697314E28,0.0000000,3,Missing,-3.697314E28,-3.697314E28,-3.697314E28,Missing,-3.697314E28,-3.697314E28,-3.697314E28,Missing,-3.697314E28,-3.697314E28,-3.697314E28,Port 0x02: JJH T tibia tracker  s/n:3E4C8800,764943007,1779974650.118776861,1,OK,0.4663922,0.2018902,0.2326979,-0.8291986,19.672,58.515,-1320.936,0.2414200,3,OK,19.453,58.581,-1320.921,OK,-41.728,122.764,-1284.323,OK,63.305,119.569,-1271.321,Port 0x03: JJH Y femur tracker  s/n:3E4C8801,764943007,1779974650.118776861,1,OK,0.8138951,0.0306561,0.4300578,-0.3894678,-188.982,62.415,-1346.068,0.5435146,3,OK,-188.885,61.935,-1346.466,OK,-155.243,153.730,-1326.437,OK,-219.224,119.537,-1278.521
3,Port 0x01: JJH Probe  s/n:3E4C880C,764943010,1779974650.168776861,1,Too Few Markers,-3.697314E28,-3.697314E28,-3.697314E28,-3.697314E28,-3.697314E28,-3.697314E28,-3.697314E28,0.0000000,3,Missing,-3.697314E28,-3.697314E28,-3.697314E28,Missing,-3.697314E28,-3.697314E28,-3.697314E28,Missing,-3.697314E28,-3.697314E28,-3.697314E28,Port 0x02: JJH T tibia tracker  s/n:3E4C8800,764943010,1779974650.168776861,1,OK,0.4656849,0.2010195,0.2305709,-0.8304010,20.258,58.554,-1321.377,0.2458546,3,OK,20.037,58.625,-1321.360,OK,-40.959,123.137,-1285.047,OK,64.079,119.716,-1272.056,Port 0x03: JJH Y femur tracker  s/n:3E4C8801,764943010,1779974650.168776861,1,OK,0.8106173,0.0276115,0.4367742,-0.3890572,-187.486,62.247,-1344.949,0.5368093,3,OK,-187.396,61.772,-1345.345,OK,-153.533,153.586,-1325.792,OK,-216.708,119.272,-1276.873
3,Port 0x01: JJH Probe  s/n:3E4C880C,764943013,1779974650.218776861,1,Too Few Markers,-3.697314E28,-3.697314E28,-3.697314E28,-3.697314E28,-3.697314E28,-3.697314E28,-3.697314E28,0.0000000,3,Missing,-3.697314E28,-3.697314E28,-3.697314E28,Missing,-3.697314E28,-3.697314E28,-3.697314E28,Missing,-3.697314E28,-3.697314E28,-3.697314E28,Port 0x02: JJH T tibia tracker  s/n:3E4C8800,764943013,1779974650.218776861,1,OK,0.4650631,0.1998039,0.2282576,-0.8316810,20.835,58.688,-1321.853,0.2419190,3,OK,20.622,58.774,-1321.825,OK,-40.193,123.620,-1285.829,OK,64.842,119.983,-1272.897,Port 0x03: JJH Y femur tracker  s/n:3E4C8801,764943013,1779974650.218776861,1,OK,0.8073591,0.0251047,0.4432448,-0.3886838,-185.978,62.158,-1343.852,0.5591685,3,OK,-185.888,61.672,-1344.265,OK,-151.812,153.479,-1325.065,OK,-214.179,119.087,-1275.255
3,Port 0x01: JJH Probe  s/n:3E4C880C,764943016,1779974650.268776861,1,Too Few Markers,-3.697314E28,-3.697314E28,-3.697314E28,-3.697314E28,-3.697314E28,-3.697314E28,-3.697314E28,0.0000000,3,Missing,-3.697314E28,-3.697314E28,-3.697314E28,Missing,-3.697314E28,-3.697314E28,-3.697314E28,Missing,-3.697314E28,-3.697314E28,-3.697314E28,Port 0x02: JJH T tibia tracker  s/n:3E4C8800,764943016,1779974650.268776861,1,OK,0.4644489,0.1990512,0.2265041,-0.8326835,21.365,58.892,-1322.413,0.2439489,3,OK,21.142,58.941,-1322.412,OK,-39.494,124.112,-1286.611,OK,65.531,120.300,-1273.685,Port 0x03: JJH Y femur tracker  s/n:3E4C8801,764943016,1779974650.268776861,1,OK,0.8040727,0.0225841,0.4497232,-0.3882089,-184.522,61.999,-1342.789,0.5646023,3,OK,-184.433,61.518,-1343.206,OK,-150.151,153.306,-1324.381,OK,-211.706,118.807,-1273.682
3,Port 0x01: JJH Probe  s/n:3E4C880C,764943019,1779974650.318776861,1,Too Few Markers,-3.697314E28,-3.697314E28,-3.697314E28,-3.697314E28,-3.697314E28,-3.697314E28,-3.697314E28,0.0000000,3,Missing,-3.697314E28,-3.697314E28,-3.697314E28,Missing,-3.697314E28,-3.697314E28,-3.697314E28,Missing,-3.697314E28,-3.697314E28,-3.697314E28,Port 0x02: JJH T tibia tracker  s/n:3E4C8800,764943019,1779974650.318776861,1,OK,0.4640455,0.1976254,0.2242123,-0.8338674,21.932,59.172,-1323.069,0.2332486,3,OK,21.723,59.211,-1323.074,OK,-38.770,124.725,-1287.566,OK,66.262,120.756,-1274.723,Port 0x03: JJH Y femur tracker  s/n:3E4C8801,764943019,1779974650.318776861,1,OK,0.8007843,0.0196528,0.4560138,-0.3878268,-182.991,61.872,-1341.750,0.5645979,3,OK,-182.908,61.401,-1342.162,OK,-148.441,153.192,-1323.803,OK,-209.156,118.608,-1272.210
3,Port 0x01: JJH Probe  s/n:3E4C880C,764943022,1779974650.368776861,1,Too Few Markers,-3.697314E28,-3.697314E28,-3.697314E28,-3.697314E28,-3.697314E28,-3.697314E28,-3.697314E28,0.0000000,3,Missing,-3.697314E28,-3.697314E28,-3.697314E28,Missing,-3.697314E28,-3.697314E28,-3.697314E28,Missing,-3.697314E28,-3.697314E28,-3.697314E28,Port 0x02: JJH T tibia tracker  s/n:3E4C8800,764943022,1779974650.368776861,1,OK,0.4634979,0.1960553,0.2212739,-0.8353262,22.563,59.585,-1323.910,0.2290618,3,OK,22.357,59.617,-1323.918,OK,-37.933,125.548,-1288.807,OK,67.090,121.377,-1276.013,Port 0x03: JJH Y femur tracker  s/n:3E4C8801,764943022,1779974650.368776861,1,OK,0.7972519,0.0170465,0.4626827,-0.3873287,-181.481,61.806,-1340.727,0.5780075,3,OK,-181.396,61.324,-1341.161,OK,-146.714,153.118,-1323.188,OK,-206.585,118.429,-1270.667
3,Port 0x01: JJH Probe  s/n:3E4C880C,764943025,1779974650.418776861,1,Too Few Markers,-3.697314E28,-3.697314E28,-3.697314E28,-3.697314E28,-3.697314E28,-3.697314E28,-3.697314E28,0.0000000,3,Missing,-3.697314E28,-3.697314E28,-3.697314E28,Missing,-3.697314E28,-3.697314E28,-3.697314E28,Missing,-3.697314E28,-3.697314E28,-3.697314E28,Port 0x02: JJH T tibia tracker  s/n:3E4C8800,764943025,1779974650.418776861,1,OK,0.4630934,0.1945699,0.2183520,-0.8366657,23.159,59.920,-1324.861,0.2341595,3,OK,22.948,59.922,-1324.891,OK,-37.161,126.272,-1290.165,OK,67.861,121.944,-1277.387,Port 0x03: JJH Y femur tracker  s/n:3E4C8801,764943025,1779974650.418776861,1,OK,0.7940555,0.0141665,0.4686546,-0.3868306,-180.003,61.604,-1339.768,0.5736030,3,OK,-179.922,61.136,-1340.196,OK,-145.097,152.936,-1322.685,OK,-204.135,118.152,-1269.323
3,Port 0x01: JJH Probe  s/n:3E4C880C,764943028,1779974650.468776861,1,Too Few Markers,-3.697314E28,-3.697314E28,-3.697314E28,-3.697314E28,-3.697314E28,-3.697314E28,-3.697314E28,0.0000000,3,Missing,-3.697314E28,-3.697314E28,-3.697314E28,Missing,-3.697314E28,-3.697314E28,-3.697314E28,Missing,-3.697314E28,-3.697314E28,-3.697314E28,Port 0x02: JJH T tibia tracker  s/n:3E4C8800,764943028,1779974650.468776861,1,OK,0.4625033,0.1927986,0.2156292,-0.8381071,23.789,60.281,-1325.676,0.2189898,3,OK,23.590,60.280,-1325.707,OK,-36.307,127.027,-1291.336,OK,68.694,122.496,-1278.673,Port 0x03: JJH Y femur tracker  s/n:3E4C8801,764943028,1779974650.468776861,1,OK,0.7913517,0.0123054,0.4734626,-0.3865803,-178.643,61.575,-1338.975,0.5901973,3,OK,-178.578,61.099,-1339.396,OK,-143.579,152.895,-1322.170,OK,-201.935,118.052,-1268.231
3,Port 0x01: JJH Probe  s/n:3E4C880C,764943031,1779974650.518776861,1,Too Few Markers,-3.697314E28,-3.697314E28,-3.697314E28,-3.697314E28,-3.697314E28,-3.697314E28,-3.697314E28,0.0000000,3,Missing,-3.697314E28,-3.697314E28,-3.697314E28,Missing,-3.697314E28,-3.697314E28,-3.697314E28,Missing,-3.697314E28,-3.697314E28,-3.697314E28,Port 0x02: JJH T tibia tracker  s/n:3E4C8800,764943031,1779974650.518776861,1,OK,0.4621174,0.1913824,0.2131035,-0.8392897,24.204,60.516,-1326.553,0.2265267,3,OK,24.006,60.488,-1326.600,OK,-35.736,127.602,-1292.562,OK,69.280,122.928,-1279.937,Port 0x03: JJH Y femur tracker  s/n:3E4C8801,764943031,1779974650.518776861,1,OK,0.7887461,0.0101882,0.4782880,-0.3860264,-177.598,61.332,-1338.282,0.6025265,3,OK,-177.527,60.853,-1338.720,OK,-142.437,152.657,-1321.799,OK,-200.117,117.734,-1267.198
3,Port 0x01: JJH Probe  s/n:3E4C880C,764943034,1779974650.568776861,1,Too Few Markers,-3.697314E28,-3.697314E28,-3.697314E28,-3.697314E28,-3.697314E28,-3.697314E28,-3.697314E28,0.0000000,3,Missing,-3.697314E28,-3.697314E28,-3.697314E28,Missing,-3.697314E28,-3.697314E28,-3.697314E28,Missing,-3.697314E28,-3.697314E28,-3.697314E28,Port 0x02: JJH T tibia tracker  s/n:3E4C8800,764943034,1779974650.568776861,1,OK,0.4619486,0.1902246,0.2107569,-0.8402379,24.643,60.810,-1327.260,0.2207678,3,OK,24.450,60.782,-1327.307,OK,-35.183,128.174,-1293.614,OK,69.820,123.397,-1280.990,Port 0x03: JJH Y femur tracker  s/n:3E4C8801,764943034,1779974650.568776861,1,OK,0.7864922,0.0085229,0.4823722,-0.3855831,-176.652,61.272,-1337.719,0.6093164,3,OK,-176.582,60.791,-1338.165,OK,-141.392,152.598,-1321.490,OK,-198.502,117.596,-1266.356
3,Port 0x01: JJH Probe  s/n:3E4C880C,764943037,1779974650.618776861,1,Too Few Markers,-3.697314E28,-3.697314E28,-3.697314E28,-3.697314E28,-3.697314E28,-3.697314E28,-3.697314E28,0.0000000,3,Missing,-3.697314E28,-3.697314E28,-3.697314E28,Missing,-3.697314E28,-3.697314E28,-3.697314E28,Missing,-3.697314E28,-3.697314E28,-3.697314E28,Port 0x02: JJH T tibia tracker  s/n:3E4C8800,764943037,1779974650.618776861,1,OK,0.4616533,0.1887421,0.2088638,-0.8412066,25.053,61.028,-1327.921,0.2149941,3,OK,24.863,60.996,-1327.969,OK,-34.628,128.647,-1294.525,OK,70.371,123.770,-1282.012,Port 0x03: JJH Y femur tracker  s/n:3E4C8801,764943037,1779974650.618776861,1,OK,0.7844284,0.0065989,0.4859332,-0.3853538,-175.675,61.147,-1337.121,0.5905429,3,OK,-175.615,60.687,-1337.542,OK,-140.330,152.497,-1321.217,OK,-196.909,117.437,-1265.589
3,Port 0x01: JJH Probe  s/n:3E4C880C,764943040,1779974650.668776861,1,Too Few Markers,-3.697314E28,-3.697314E28,-3.697314E28,-3.697314E28,-3.697314E28,-3.697314E28,-3.697314E28,0.0000000,3,Missing,-3.697314E28,-3.697314E28,-3.697314E28,Missing,-3.697314E28,-3.697314E28,-3.697314E28,Missing,-3.697314E28,-3.697314E28,-3.697314E28,Port 0x02: JJH T tibia tracker  s/n:3E4C8800,764943040,1779974650.668776861,1,OK,0.4612838,0.1878983,0.2067884,-0.8421105,25.365,61.271,-1328.342,0.2124384,3,OK,25.175,61.257,-1328.379,OK,-34.186,129.144,-1295.257,OK,70.800,124.125,-1282.723,Port 0x03: JJH Y femur tracker  s/n:3E4C8801,764943040,1779974650.668776861,1,OK,0.7829900,0.0057150,0.4883546,-0.3852322,-175.048,61.243,-1336.809,0.6221622,3,OK,-174.991,60.752,-1337.253,OK,-139.621,152.586,-1321.034,OK,-195.845,117.517,-1265.119
3,Port 0x01: JJH Probe  s/n:3E4C880C,764943043,1779974650.718776861,1,Too Few Markers,-3.697314E28,-3.697314E28,-3.697314E28,-3.697314E28,-3.697314E28,-3.697314E28,-3.697314E28,0.0000000,3,Missing,-3.697314E28,-3.697314E28,-3.697314E28,Missing,-3.697314E28,-3.697314E28,-3.697314E28,Missing,-3.697314E28,-3.697314E28,-3.697314E28,Port 0x02: JJH T tibia tracker  s/n:3E4C8800,764943043,1779974650.718776861,1,OK,0.4610306,0.1880972,0.2062892,-0.8423271,25.460,61.361,-1328.391,0.2223046,3,OK,25.262,61.333,-1328.438,OK,-34.051,129.310,-1295.386,OK,70.932,124.216,-1282.776,Port 0x03: JJH Y femur tracker  s/n:3E4C8801,764943043,1779974650.718776861,1,OK,0.7831848,0.0063459,0.4876812,-0.3856792,-175.106,61.429,-1337.013,0.6278751,3,OK,-175.038,60.924,-1337.484,OK,-139.587,152.732,-1321.191,OK,-195.986,117.737,-1265.312
3,Port 0x01: JJH Probe  s/n:3E4C880C,764943046,1779974650.768776861,1,Too Few Markers,-3.697314E28,-3.697314E28,-3.697314E28,-3.697314E28,-3.697314E28,-3.697314E28,-3.697314E28,0.0000000,3,Missing,-3.697314E28,-3.697314E28,-3.697314E28,Missing,-3.697314E28,-3.697314E28,-3.697314E28,Missing,-3.697314E28,-3.697314E28,-3.697314E28,Port 0x02: JJH T tibia tracker  s/n:3E4C8800,764943046,1779974650.768776861,1,OK,0.4611303,0.1893971,0.2063786,-0.8419593,24.973,61.398,-1327.848,0.2233107,3,OK,24.772,61.375,-1327.892,OK,-34.612,129.294,-1294.881,OK,70.341,124.185,-1282.038,Port 0x03: JJH Y femur tracker  s/n:3E4C8801,764943046,1779974650.768776861,1,OK,0.7866970,0.0086154,0.4813510,-0.3864385,-176.448,61.759,-1337.863,0.5827397,3,OK,-176.386,61.295,-1338.283,OK,-141.087,153.073,-1321.714,OK,-198.362,118.188,-1266.638
3,Port 0x01: JJH Probe  s/n:3E4C880C,764943049,1779974650.818776861,1,Too Few Markers,-3.697314E28,-3.697314E28,-3.697314E28,-3.697314E28,-3.697314E28,-3.697314E28,-3.697314E28,0.0000000,3,Missing,-3.697314E28,-3.697314E28,-3.697314E28,Missing,-3.697314E28,-3.697314E28,-3.697314E28,Missing,-3.697314E28,-3.697314E28,-3.697314E28,Port 0x02: JJH T tibia tracker  s/n:3E4C8800,764943049,1779974650.818776861,1,OK,0.4616251,0.1915407,0.2076327,-0.8408942,23.919,61.028,-1326.957,0.2225277,3,OK,23.718,61.027,-1326.989,OK,-35.862,128.687,-1293.886,OK,69.060,123.667,-1280.743,Port 0x03: JJH Y femur tracker  s/n:3E4C8801,764943049,1779974650.818776861,1,OK,0.7927076,0.0129625,0.4703832,-0.3875389,-179.227,61.908,-1339.640,0.5649793,3,OK,-179.163,61.451,-1340.040,OK,-144.155,153.229,-1322.826,OK,-202.932,118.549,-1269.184
3,Port 0x01: JJH Probe  s/n:3E4C880C,764943052,1779974650.868776861,1,Too Few Markers,-3.697314E28,-3.697314E28,-3.697314E28,-3.697314E28,-3.697314E28,-3.697314E28,-3.697314E28,0.0000000,3,Missing,-3.697314E28,-3.697314E28,-3.697314E28,Missing,-3.697314E28,-3.697314E28,-3.697314E28,Missing,-3.697314E28,-3.697314E28,-3.697314E28,Port 0x02: JJH T tibia tracker  s/n:3E4C8800,764943052,1779974650.868776861,1,OK,0.4617167,0.1950300,0.2113726,-0.8391082,22.808,60.162,-1325.548,0.2236511,3,OK,22.606,60.169,-1325.576,OK,-37.201,127.369,-1291.979,OK,67.695,122.400,-1278.558,Port 0x03: JJH Y femur tracker  s/n:3E4C8801,764943052,1779974650.868776861,1,OK,0.8003930,0.0194958,0.4559555,-0.3887101,-182.779,62.201,-1342.198,0.5809005,3,OK,-182.690,61.711,-1342.631,OK,-148.079,153.486,-1324.365,OK,-208.833,119.071,-1272.689
3,Port 0x01: JJH Probe  s/n:3E4C880C,764943055,1779974650.918776861,1,Too Few Markers,-3.697314E28,-3.697314E28,-3.697314E28,-3.697314E28,-3.697314E28,-3.697314E28,-3.697314E28,0.0000000,3,Missing,-3.697314E28,-3.697314E28,-3.697314E28,Missing,-3.697314E28,-3.697314E28,-3.697314E28,Missing,-3.697314E28,-3.697314E28,-3.697314E28,Port 0x02: JJH T tibia tracker  s/n:3E4C8800,764943055,1779974650.918776861,1,OK,0.4616961,0.2004047,0.2183648,-0.8360571,21.427,58.683,-1323.431,0.2352438,3,OK,21.213,58.713,-1323.446,OK,-38.928,125.067,-1288.896,OK,65.948,120.203,-1275.162,Port 0x03: JJH Y femur tracker  s/n:3E4C8801,764943055,1779974650.918776861,1,OK,0.8092593,0.0264196,0.4384401,-0.3900919,-186.810,62.487,-1345.102,0.5406313,3,OK,-186.718,62.012,-1345.503,OK,-152.622,153.794,-1326.245,OK,-215.609,119.664,-1276.965
3,Port 0x01: JJH Probe  s/n:3E4C880C,764943058,1779974650.968776861,1,Too Few Markers,-3.697314E28,-3.697314E28,-3.697314E28,-3.697314E28,-3.697314E28,-3.697314E28,-3.697314E28,0.0000000,3,Missing,-3.697314E28,-3.697314E28,-3.697314E28,Missing,-3.697314E28,-3.697314E28,-3.697314E28,Missing,-3.697314E28,-3.697314E28,-3.697314E28,Port 0x02: JJH T tibia tracker  s/n:3E4C8800,764943058,1779974650.968776861,1,OK,0.4623472,0.2047904,0.2257859,-0.8326564,20.037,57.097,-1321.510,0.2555472,3,OK,19.800,57.160,-1321.505,OK,-40.731,122.513,-1285.955,OK,64.143,117.982,-1272.065,Port 0x03: JJH Y femur tracker  s/n:3E4C8801,764943058,1779974650.968776861,1,OK,0.8185917,0.0345731,0.4190507,-0.3912913,-191.008,62.572,-1348.361,0.5077518,3,OK,-190.922,62.107,-1348.726,OK,-157.428,153.879,-1328.278,OK,-222.738,120.030,-1281.831
3,Port 0x01: JJH Probe  s/n:3E4C880C,764943061,1779974651.018776864,1,Too Few Markers,-3.697314E28,-3.697314E28,-3.697314E28,-3.697314E28,-3.697314E28,-3.697314E28,-3.697314E28,0.0000000,3,Missing,-3.697314E28,-3.697314E28,-3.697314E28,Missing,-3.697314E28,-3.697314E28,-3.697314E28,Missing,-3.697314E28,-3.697314E28,-3.697314E28,Port 0x02: JJH T tibia tracker  s/n:3E4C8800,764943061,1779974651.018776864,1,OK,0.4637187,0.2074715,0.2296631,-0.8301659,18.608,56.610,-1320.576,0.2517304,3,OK,18.383,56.688,-1320.557,OK,-42.588,121.384,-1284.558,OK,62.289,117.222,-1270.455,Port 0x03: JJH Y femur tracker  s/n:3E4C8801,764943061,1779974651.018776864,1,OK,0.8269643,0.0425035,0.4003837,-0.3924493,-194.929,62.884,-1352.031,0.5023168,3,OK,-194.822,62.412,-1352.399,OK,-161.929,154.156,-1330.799,OK,-229.372,120.656,-1287.104
3,Port 0x01: JJH Probe  s/n:3E4C880C,764943064,1779974651.068776864,1,Too Few Markers,-3.697314E28,-3.697314E28,-3.697314E28,-3.697314E28,-3.697314E28,-3.697314E28,-3.697314E28,0.0000000,3,Missing,-3.697314E28,-3.697314E28,-3.697314E28,Missing,-3.697314E28,-3.697314E28,-3.697314E28,Missing,-3.697314E28,-3.697314E28,-3.697314E28,Port 0x02: JJH T tibia tracker  s/n:3E4C8800,764943064,1779974651.068776864,1,OK,0.4655489,0.2095434,0.2333615,-0.8275857,17.271,56.449,-1320.093,0.2488949,3,OK,17.045,56.508,-1320.087,OK,-44.380,120.553,-1283.641,OK,60.490,116.906,-1269.368,Port 0x03: JJH Y femur tracker  s/n:3E4C8801,764943064,1779974651.068776864,1,OK,0.8347221,0.0497516,0.3824774,-0.3930328,-198.617,63.060,-1355.639,0.4819309,3,OK,-198.491,62.588,-1356.005,OK,-166.270,154.346,-1333.377,OK,-235.645,121.094,-1292.343
3,Port 0x01: JJH Probe  s/n:3E4C880C,764943067,1779974651.118776864,1,Too Few Markers,-3.697314E28,-3.697314E28,-3.697314E28,-3.697314E28,-3.697314E28,-3.697314E28,-3.697314E28,0.0000000,3,Missing,-3.697314E28,-3.697314E28,-3.697314E28,Missing,-3.697314E28,-3.697314E28,-3.697314E28,Missing,-3.697314E28,-3.697314E28,-3.697314E28,Port 0x02: JJH T tibia tracker  s/n:3E4C8800,764943067,1779974651.118776864,1,OK,0.4673016,0.2104552,0.2335901,-0.8263011,16.426,56.747,-1320.541,0.2603421,3,OK,16.194,56.830,-1320.517,OK,-45.567,120.563,-1284.194,OK,59.293,117.297,-1269.642,Port 0x03: JJH Y femur tracker  s/n:3E4C8801,764943067,1779974651.118776864,1,OK,0.8412145,0.0557891,0.3665831,-0.3935259,-201.440,63.419,-1359.353,0.4634494,3,OK,-201.317,62.947,-1359.699,OK,-169.713,154.746,-1336.254,OK,-240.631,121.716,-1297.641
3,Port 0x01: JJH Probe  s/n:3E4C880C,764943070,1779974651.168776864,1,Too Few Markers,-3.697314E28,-3.697314E28,-3.697314E28,-3.697314E28,-3.697314E28,-3.697314E28,-3.697314E28,0.0000000,3,Missing,-3.697314E28,-3.697314E28,-3.697314E28,Missing,-3.697314E28,-3.697314E28,-3.697314E28,Missing,-3.697314E28,-3.697314E28,-3.697314E28,Port 0x02: JJH T tibia tracker  s/n:3E4C8800,764943070,1779974651.168776864,1,OK,0.4688530,0.2119347,0.2326497,-0.8253088,16.101,57.006,-1322.311,0.2525524,3,OK,15.878,57.094,-1322.284,OK,-46.211,120.691,-1286.262,OK,58.588,117.670,-1271.251,Port 0x03: JJH Y femur tracker  s/n:3E4C8801,764943070,1779974651.168776864,1,OK,0.8452045,0.0598392,0.3563212,-0.3938069,-202.634,63.593,-1363.646,0.4659015,3,OK,-202.492,63.119,-1363.998,OK,-171.307,154.918,-1339.997,OK,-243.194,122.069,-1302.956
3,Port 0x01: JJH Probe  s/n:3E4C880C,764943073,1779974651.218776864,1,Too Few Markers,-3.697314E28,-3.697314E28,-3.697314E28,-3.697314E28,-3.697314E28,-3.697314E28,-3.697314E28,0.0000000,3,Missing,-3.697314E28,-3.697314E28,-3.697314E28,Missing,-3.697314E28,-3.697314E28,-3.697314E28,Missing,-3.697314E28,-3.697314E28,-3.697314E28,Port 0x02: JJH T tibia tracker  s/n:3E4C8800,764943073,1779974651.218776864,1,OK,0.4701406,0.2145774,0.2325875,-0.8239098,16.152,56.859,-1324.282,0.2712376,3,OK,15.913,56.962,-1324.247,OK,-46.499,120.303,-1288.438,OK,58.235,117.488,-1272.832,Port 0x03: JJH Y femur tracker  s/n:3E4C8801,764943073,1779974651.218776864,1,OK,0.8480373,0.0628598,0.3490795,-0.3937320,-202.867,63.556,-1368.094,0.4648468,3,OK,-202.724,63.076,-1368.442,OK,-171.869,154.892,-1344.007,OK,-244.397,122.107,-1308.138
3,Port 0x01: JJH Probe  s/n:3E4C880C,764943076,1779974651.268776864,1,Too Few Markers,-3.697314E28,-3.697314E28,-3.697314E28,-3.697314E28,-3.697314E28,-3.697314E28,-3.697314E28,0.0000000,3,Missing,-3.697314E28,-3.697314E28,-3.697314E28,Missing,-3.697314E28,-3.697314E28,-3.697314E28,Missing,-3.697314E28,-3.697314E28,-3.697314E28,Port 0x02: JJH T tibia tracker  s/n:3E4C8800,764943076,1779974651.268776864,1,OK,0.4725171,0.2154023,0.2307587,-0.8228487,16.626,57.314,-1327.303,0.2639108,3,OK,16.391,57.406,-1327.276,OK,-46.425,120.627,-1291.921,OK,58.236,118.245,-1275.825,Port 0x03: JJH Y femur tracker  s/n:3E4C8801,764943076,1779974651.268776864,1,OK,0.8502694,0.0648301,0.3438794,-0.3931742,-202.208,63.617,-1372.758,0.4524740,3,OK,-202.072,63.145,-1373.093,OK,-171.559,154.995,-1348.360,OK,-244.486,122.164,-1313.356
3,Port 0x01: JJH Probe  s/n:3E4C880C,764943079,1779974651.318776864,1,Too Few Markers,-3.697314E28,-3.697314E28,-3.697314E28,-3.697314E28,-3.697314E28,-3.697314E28,-3.697314E28,0.0000000,3,Missing,-3.697314E28,-3.697314E28,-3.697314E28,Missing,-3.697314E28,-3.697314E28,-3.697314E28,Missing,-3.697314E28,-3.697314E28,-3.697314E28,Port 0x02: JJH T tibia tracker  s/n:3E4C8800,764943079,1779974651.318776864,1,OK,0.4752185,0.2161547,0.2315421,-0.8208731,15.860,57.987,-1327.176,0.2740376,3,OK,15.616,58.056,-1327.166,OK,-47.689,120.843,-1291.846,OK,56.969,119.106,-1275.468,Port 0x03: JJH Y femur tracker  s/n:3E4C8801,764943079,1779974651.318776864,1,OK,0.8553050,0.0702836,0.3295977,-0.3935465,-204.350,63.831,-1375.594,0.4447142,3,OK,-204.203,63.365,-1375.920,OK,-174.271,155.212,-1350.495,OK,-248.383,122.637,-1317.735
3,Port 0x01: JJH Probe  s/n:3E4C880C,764943082,1779974651.368776864,1,Too Few Markers,-3.697314E28,-3.697314E28,-3.697314E28,-3.697314E28,-3.697314E28,-3.697314E28,-3.697314E28,0.0000000,3,Missing,-3.697314E28,-3.697314E28,-3.697314E28,Missing,-3.697314E28,-3.697314E28,-3.697314E28,Missing,-3.697314E28,-3.697314E28,-3.697314E28,Port 0x02: JJH T tibia tracker  s/n:3E4C8800,764943082,1779974651.368776864,1,OK,0.4767265,0.2158950,0.2329862,-0.8196577,15.373,58.583,-1327.277,0.2826241,3,OK,15.125,58.692,-1327.238,OK,-48.432,121.071,-1291.797,OK,56.247,119.753,-1275.485,Port 0x03: JJH Y femur tracker  s/n:3E4C8801,764943082,1779974651.368776864,1,OK,0.8600955,0.0754070,0.3160448,-0.3932749,-206.450,64.010,-1378.432,0.4451019,3,OK,-206.291,63.535,-1378.758,OK,-177.023,155.435,-1352.657,OK,-252.187,122.994,-1322.064
3,Port 0x01: JJH Probe  s/n:3E4C880C,764943085,1779974651.418776864,1,Too Few Markers,-3.697314E28,-3.697314E28,-3.697314E28,-3.697314E28,-3.697314E28,-3.697314E28,-3.697314E28,0.0000000,3,Missing,-3.697314E28,-3.697314E28,-3.697314E28,Missing,-3.697314E28,-3.697314E28,-3.697314E28,Missing,-3.697314E28,-3.697314E28,-3.697314E28,Port 0x02: JJH T tibia tracker  s/n:3E4C8800,764943085,1779974651.418776864,1,OK,0.4780527,0.2154572,0.2335968,-0.8188262,15.099,59.073,-1327.588,0.2717847,3,OK,14.858,59.172,-1327.554,OK,-48.904,121.335,-1292.055,OK,55.768,120.364,-1275.785,Port 0x03: JJH Y femur tracker  s/n:3E4C8801,764943085,1779974651.418776864,1,OK,0.8648978,0.0809499,0.3015830,-0.3929969,-208.332,64.224,-1381.283,0.4357526,3,OK,-208.176,63.750,-1381.594,OK,-179.612,155.682,-1354.786,OK,-255.776,123.393,-1326.572
3,Port 0x01: JJH Probe  s/n:3E4C880C,764943088,1779974651.468776864,1,Too Few Markers,-3.697314E28,-3.697314E28,-3.697314E28,-3.697314E28,-3.697314E28,-3.697314E28,-3.697314E28,0.0000000,3,Missing,-3.697314E28,-3.697314E28,-3.697314E28,Missing,-3.697314E28,-3.697314E28,-3.697314E28,Missing,-3.697314E28,-3.697314E28,-3.697314E28,Port 0x02: JJH T tibia tracker  s/n:3E4C8800,764943088,1779974651.468776864,1,OK,0.4796293,0.2150429,0.2336198,-0.8180062,14.732,59.609,-1327.871,0.2778900,3,OK,14.484,59.713,-1327.835,OK,-49.504,121.659,-1292.408,OK,55.165,121.079,-1276.092,Port 0x03: JJH Y femur tracker  s/n:3E4C8801,764943088,1779974651.468776864,1,OK,0.8695210,0.0858433,0.2869353,-0.3927241,-210.228,64.421,-1384.266,0.4164407,3,OK,-210.071,63.962,-1384.558,OK,-182.233,155.946,-1357.202,OK,-259.335,123.823,-1331.318
3,Port 0x01: JJH Probe  s/n:3E4C880C,764943091,1779974651.518776864,1,Too Few Markers,-3.697314E28,-3.697314E28,-3.697314E28,-3.697314E28,-3.697314E28,-3.697314E28,-3.697314E28,0.0000000,3,Missing,-3.697314E28,-3.697314E28,-3.697314E28,Missing,-3.697314E28,-3.697314E28,-3.697314E28,Missing,-3.697314E28,-3.697314E28,-3.697314E28,Port 0x02: JJH T tibia tracker  s/n:3E4C8800,764943091,1779974651.518776864,1,OK,0.4813883,0.2145864,0.2335018,-0.8171260,14.378,60.326,-1328.432,0.2666556,3,OK,14.138,60.388,-1328.424,OK,-50.120,122.180,-1293.052,OK,54.538,122.023,-1276.676,Port 0x03: JJH Y femur tracker  s/n:3E4C8801,764943091,1779974651.518776864,1,OK,0.8742767,0.0907306,0.2713236,-0.3921629,-212.169,64.547,-1387.470,0.3968530,3,OK,-212.007,64.106,-1387.744,OK,-185.001,156.168,-1359.876,OK,-263.011,124.188,-1336.464
3,Port 0x01: JJH Probe  s/n:3E4C880C,764943094,1779974651.568776864,1,Too Few Markers,-3.697314E28,-3.697314E28,-3.697314E28,-3.697314E28,-3.697314E28,-3.697314E28,-3.697314E28,0.0000000,3,Missing,-3.697314E28,-3.697314E28,-3.697314E28,Missing,-3.697314E28,-3.697314E28,-3.697314E28,Missing,-3.697314E28,-3.697314E28,-3.697314E28,Port 0x02: JJH T tibia tracker  s/n:3E4C8800,764943094,1779974651.568776864,1,OK,0.4833989,0.2136535,0.2325908,-0.8164430,14.052,61.048,-1328.952,0.2725028,3,OK,13.805,61.123,-1328.935,OK,-50.711,122.739,-1293.797,OK,53.938,123.051,-1277.357,Port 0x03: JJH Y femur tracker  s/n:3E4C8801,764943094,1779974651.568776864,1,OK,0.8789596,0.0966509,0.2547454,-0.3913994,-214.075,64.673,-1390.954,0.3905645,3,OK,-213.912,64.232,-1391.216,OK,-187.796,156.359,-1362.674,OK,-266.667,124.519,-1342.012
3,Port 0x01: JJH Probe  s/n:3E4C880C,764943097,1779974651.618776864,1,Too Few Markers,-3.697314E28,-3.697314E28,-3.697314E28,-3.697314E28,-3.697314E28,-3.697314E28,-3.697314E28,0.0000000,3,Missing,-3.697314E28,-3.697314E28,-3.697314E28,Missing,-3.697314E28,-3.697314E28,-3.697314E28,Missing,-3.697314E28,-3.697314E28,-3.697314E28,Port 0x02: JJH T tibia tracker  s/n:3E4C8800,764943097,1779974651.618776864,1,OK,0.4854163,0.2127696,0.2325201,-0.8154965,13.626,61.880,-1329.424,0.2671384,3,OK,13.385,61.946,-1329.412,OK,-51.419,123.329,-1294.348,OK,53.225,124.140,-1277.916,Port 0x03: JJH Y femur tracker  s/n:3E4C8801,764943097,1779974651.618776864,1,OK,0.8835193,0.1024006,0.2373168,-0.3906257,-215.930,64.865,-1394.510,0.3724768,3,OK,-215.777,64.433,-1394.752,OK,-190.581,156.645,-1365.629,OK,-270.239,124.950,-1347.831
3,Port 0x01: JJH Probe  s/n:3E4C880C,764943100,1779974651.668776864,1,Too Few Markers,-3.697314E28,-3.697314E28,-3.697314E28,-3.697314E28,-3.697314E28,-3.697314E28,-3.697314E28,0.0000000,3,Missing,-3.697314E28,-3.697314E28,-3.697314E28,Missing,-3.697314E28,-3.697314E28,-3.697314E28,Missing,-3.697314E28,-3.697314E28,-3.697314E28,Port 0x02: JJH T tibia tracker  s/n:3E4C8800,764943100,1779974651.668776864,1,OK,0.4874102,0.2119676,0.2323116,-0.8145750,13.203,62.663,-1329.917,0.2744899,3,OK,12.952,62.723,-1329.911,OK,-52.118,123.873,-1294.951,OK,52.519,125.186,-1278.489,Port 0x03: JJH Y femur tracker  s/n:3E4C8801,764943100,1779974651.668776864,1,OK,0.8877341,0.1082226,0.2201965,-0.3895248,-217.701,65.011,-1398.151,0.3635335,3,OK,-217.543,64.587,-1398.381,OK,-193.318,156.871,-1368.670,OK,-273.648,125.296,-1353.721
3,Port 0x01: JJH Probe  s/n:3E4C880C,764943103,1779974651.718776864,1,Too Few Markers,-3.697314E28,-3.697314E28,-3.697314E28,-3.697314E28,-3.697314E28,-3.697314E28,-3.697314E28,0.0000000,3,Missing,-3.697314E28,-3.697314E28,-3.697314E28,Missing,-3.697314E28,-3.697314E28,-3.697314E28,Missing,-3.697314E28,-3.697314E28,-3.697314E28,Port 0x02: JJH T tibia tracker  s/n:3E4C8800,764943103,1779974651.718776864,1,OK,0.4897093,0.2110907,0.2324321,-0.8133885,12.733,63.416,-1330.184,0.2660988,3,OK,12.491,63.477,-1330.174,OK,-52.919,124.317,-1295.282,OK,51.706,126.196,-1278.829,Port 0x03: JJH Y femur tracker  s/n:3E4C8801,764943103,1779974651.718776864,1,OK,0.8917315,0.1139952,0.2026020,-0.3882943,-219.351,65.156,-1401.915,0.3563363,3,OK,-219.207,64.728,-1402.132,OK,-195.978,157.130,-1371.875,OK,-276.863,125.642,-1359.867
3,Port 0x01: JJH Probe  s/n:3E4C880C,764943106,1779974651.768776864,1,Too Few Markers,-3.697314E28,-3.697314E28,-3.697314E28,-3.697314E28,-3.697314E28,-3.697314E28,-3.697314E28,0.0000000,3,Missing,-3.697314E28,-3.697314E28,-3.697314E28,Missing,-3.697314E28,-3.697314E28,-3.697314E28,Missing,-3.697314E28,-3.697314E28,-3.697314E28,Port 0x02: JJH T tibia tracker  s/n:3E4C8800,764943106,1779974651.768776864,1,OK,0.4912964,0.2105838,0.2325566,-0.8125268,12.481,64.268,-1330.789,0.2679773,3,OK,12.238,64.301,-1330.799,OK,-53.402,124.953,-1295.926,OK,51.215,127.239,-1279.450,Port 0x03: JJH Y femur tracker  s/n:3E4C8801,764943106,1779974651.768776864,1,OK,0.8951979,0.1200434,0.1855551,-0.3870137,-220.841,65.441,-1405.782,0.3740803,3,OK,-220.699,64.982,-1406.002,OK,-198.453,157.496,-1375.140,OK,-279.773,126.117,-1366.042
3,Port 0x01: JJH Probe  s/n:3E4C880C,764943109,1779974651.818776864,1,Too Few Markers,-3.697314E28,-3.697314E28,-3.697314E28,-3.697314E28,-3.697314E28,-3.697314E28,-3.697314E28,0.0000000,3,Missing,-3.697314E28,-3.697314E28,-3.697314E28,Missing,-3.697314E28,-3.697314E28,-3.697314E28,Missing,-3.697314E28,-3.697314E28,-3.697314E28,Port 0x02: JJH T tibia tracker  s/n:3E4C8800,764943109,1779974651.818776864,1,OK,0.4924126,0.2093579,0.2310052,-0.8126104,12.377,64.671,-1331.305,0.2627135,3,OK,12.138,64.750,-1331.282,OK,-53.605,125.382,-1296.710,OK,50.997,127.891,-1280.258,Port 0x03: JJH Y femur tracker  s/n:3E4C8801,764943109,1779974651.818776864,1,OK,0.8985565,0.1261246,0.1670422,-0.3857274,-222.262,65.627,-1409.713,0.3539998,3,OK,-222.125,65.190,-1409.914,OK,-200.915,157.756,-1378.560,OK,-282.598,126.535,-1372.561
3,Port 0x01: JJH Probe  s/n:3E4C880C,764943112,1779974651.868776864,1,Too Few Markers,-3.697314E28,-3.697314E28,-3.697314E28,-3.697314E28,-3.697314E28,-3.697314E28,-3.697314E28,0.0000000,3,Missing,-3.697314E28,-3.697314E28,-3.697314E28,Missing,-3.697314E28,-3.697314E28,-3.697314E28,Missing,-3.697314E28,-3.697314E28,-3.697314E28,Port 0x02: JJH T tibia tracker  s/n:3E4C8800,764943112,1779974651.868776864,1,OK,0.4932954,0.2086632,0.2306321,-0.8123597,12.266,65.174,-1332.005,0.2550930,3,OK,12.032,65.210,-1332.011,OK,-53.817,125.834,-1297.473,OK,50.775,128.567,-1281.049,Port 0x03: JJH Y femur tracker  s/n:3E4C8801,764943112,1779974651.868776864,1,OK,0.9018173,0.1325947,0.1469989,-0.3841035,-223.722,65.734,-1413.884,0.3487850,3,OK,-223.583,65.301,-1414.074,OK,-203.537,157.959,-1382.228,OK,-285.473,126.889,-1379.582
3,Port 0x01: JJH Probe  s/n:3E4C880C,764943115,1779974651.918776864,1,Too Few Markers,-3.697314E28,-3.697314E28,-3.697314E28,-3.697314E28,-3.697314E28,-3.697314E28,-3.697314E28,0.0000000,3,Missing,-3.697314E28,-3.697314E28,-3.697314E28,Missing,-3.697314E28,-3.697314E28,-3.697314E28,Missing,-3.697314E28,-3.697314E28,-3.697314E28,Port 0x02: JJH T tibia tracker  s/n:3E4C8800,764943115,1779974651.918776864,1,OK,0.4944917,0.2071580,0.2287347,-0.8125540,11.921,65.765,-1332.556,0.2648280,3,OK,11.677,65.827,-1332.545,OK,-54.256,126.477,-1298.341,OK,50.337,129.473,-1281.938,Port 0x03: JJH Y femur tracker  s/n:3E4C8801,764943115,1779974651.918776864,1,OK,0.9048420,0.1394832,0.1252616,-0.3822499,-225.347,65.859,-1418.358,0.3383199,3,OK,-225.220,65.433,-1418.534,OK,-206.410,158.202,-1386.220,OK,-288.469,127.271,-1387.208
3,Port 0x01: JJH Probe  s/n:3E4C880C,764943118,1779974651.968776864,1,Too Few Markers,-3.697314E28,-3.697314E28,-3.697314E28,-3.697314E28,-3.697314E28,-3.697314E28,-3.697314E28,0.0000000,3,Missing,-3.697314E28,-3.697314E28,-3.697314E28,Missing,-3.697314E28,-3.697314E28,-3.697314E28,Missing,-3.697314E28,-3.697314E28,-3.697314E28,Port 0x02: JJH T tibia tracker  s/n:3E4C8800,764943118,1779974651.968776864,1,OK,0.4957041,0.2055173,0.2277142,-0.8125185,11.105,66.906,-1333.112,0.2563972,3,OK,10.871,66.921,-1333.133,OK,-55.179,127.616,-1299.038,OK,49.421,130.918,-1282.761,Port 0x03: JJH Y femur tracker  s/n:3E4C8801,764943118,1779974651.968776864,1,OK,0.9075488,0.1473593,0.1022393,-0.3797203,-227.405,66.308,-1423.074,0.3519643,3,OK,-227.277,65.861,-1423.249,OK,-209.911,158.749,-1390.355,OK,-291.848,127.939,-1395.268
3,Port 0x01: JJH Probe  s/n:3E4C880C,764943121,1779974652.018776858,1,Too Few Markers,-3.697314E28,-3.697314E28,-3.697314E28,-3.697314E28,-3.697314E28,-3.697314E28,-3.697314E28,0.0000000,3,Missing,-3.697314E28,-3.697314E28,-3.697314E28,Missing,-3.697314E28,-3.697314E28,-3.697314E28,Missing,-3.697314E28,-3.697314E28,-3.697314E28,Port 0x02: JJH T tibia tracker  s/n:3E4C8800,764943121,1779974652.018776858,1,OK,0.4970969,0.2030669,0.2257609,-0.8128287,9.879,68.060,-1333.699,0.2487391,3,OK,9.651,68.058,-1333.730,OK,-56.485,128.844,-1299.899,OK,48.114,132.482,-1283.810,Port 0x03: JJH Y femur tracker  s/n:3E4C8801,764943121,1779974652.018776858,1,OK,0.9099190,0.1560185,0.0758021,-0.3767755,-229.654,66.615,-1428.207,0.3539391,3,OK,-229.537,66.160,-1428.375,OK,-213.769,159.187,-1394.959,OK,-295.387,128.501,-1404.324
3,Port 0x01: JJH Probe  s/n:3E4C880C,764943124,1779974652.068776865,1,Too Few Markers,-3.697314E28,-3.697314E28,-3.697314E28,-3.697314E28,-3.697314E28,-3.697314E28,-3.697314E28,0.0000000,3,Missing,-3.697314E28,-3.697314E28,-3.697314E28,Missing,-3.697314E28,-3.697314E28,-3.697314E28,Missing,-3.697314E28,-3.697314E28,-3.697314E28,Port 0x02: JJH T tibia tracker  s/n:3E4C8800,764943124,1779974652.068776865,1,OK,0.4984132,0.2001428,0.2233185,-0.8134224,7.422,69.420,-1333.763,0.2572278,3,OK,7.184,69.437,-1333.781,OK,-58.989,130.323,-1300.308,OK,45.643,134.288,-1284.448,Port 0x03: JJH Y femur tracker  s/n:3E4C8801,764943124,1779974652.068776865,1,OK,0.9118312,0.1655977,0.0440645,-0.3730946,-233.139,67.103,-1433.772,0.3430721,3,OK,-233.027,66.660,-1433.925,OK,-219.171,159.848,-1400.135,OK,-300.090,129.327,-1414.709
3,Port 0x01: JJH Probe  s/n:3E4C880C,764943127,1779974652.118776865,1,Too Few Markers,-3.697314E28,-3.697314E28,-3.697314E28,-3.697314E28,-3.697314E28,-3.697314E28,-3.697314E28,0.0000000,3,Missing,-3.697314E28,-3.697314E28,-3.697314E28,Missing,-3.697314E28,-3.697314E28,-3.697314E28,Missing,-3.697314E28,-3.697314E28,-3.697314E28,Port 0x02: JJH T tibia tracker  s/n:3E4C8800,764943127,1779974652.118776865,1,OK,0.4992705,0.1976019,0.2208202,-0.8141996,5.078,70.804,-1334.396,0.2408164,3,OK,4.857,70.810,-1334.419,OK,-61.328,131.914,-1301.272,OK,43.311,136.054,-1285.621,Port 0x03: JJH Y femur tracker  s/n:3E4C8801,764943127,1779974652.118776865,1,OK,0.9121170,0.1753528,0.0127085,-0.3703139,-235.782,67.852,-1440.302,0.3668059,3,OK,-235.693,67.375,-1440.460,OK,-223.482,160.752,-1406.296,OK,-303.416,130.553,-1425.986
3,Port 0x01: JJH Probe  s/n:3E4C880C,764943130,1779974652.168776865,1,Too Few Markers,-3.697314E28,-3.697314E28,-3.697314E28,-3.697314E28,-3.697314E28,-3.697314E28,-3.697314E28,0.0000000,3,Missing,-3.697314E28,-3.697314E28,-3.697314E28,Missing,-3.697314E28,-3.697314E28,-3.697314E28,Missing,-3.697314E28,-3.697314E28,-3.697314E28,Port 0x02: JJH T tibia tracker  s/n:3E4C8800,764943130,1779974652.168776865,1,OK,0.5007341,0.1956154,0.2160862,-0.8150501,4.906,71.951,-1336.627,0.2493520,3,OK,4.684,71.909,-1336.682,OK,-61.594,133.392,-1304.263,OK,43.016,137.769,-1288.460,Port 0x03: JJH Y femur tracker  s/n:3E4C8801,764943130,1779974652.168776865,1,OK,0.9125573,0.1836826,-0.0118211,-0.3651852,-235.978,67.642,-1446.554,0.3643292,3,OK,-235.883,67.167,-1446.705,OK,-225.575,160.647,-1412.233,OK,-304.305,130.324,-1436.008
3,Port 0x01: JJH Probe  s/n:3E4C880C,764943133,1779974652.218776858,1,Too Few Markers,-3.697314E28,-3.697314E28,-3.697314E28,-3.697314E28,-3.697314E28,-3.697314E28,-3.697314E28,0.0000000,3,Missing,-3.697314E28,-3.697314E28,-3.697314E28,Missing,-3.697314E28,-3.697314E28,-3.697314E28,Missing,-3.697314E28,-3.697314E28,-3.697314E28,Port 0x02: JJH T tibia tracker  s/n:3E4C8800,764943133,1779974652.218776858,1,OK,0.5020731,0.1942052,0.2132938,-0.8152992,5.013,73.183,-1338.266,0.2545413,3,OK,4.786,73.137,-1338.323,OK,-61.604,134.736,-1306.374,OK,42.983,139.377,-1290.493,Port 0x03: JJH Y femur tracker  s/n:3E4C8801,764943133,1779974652.218776858,1,OK,0.9120192,0.1911460,-0.0379269,-0.3608957,-235.447,67.938,-1453.037,0.3756813,3,OK,-235.358,67.449,-1453.187,OK,-226.746,161.128,-1418.685,OK,-304.092,130.795,-1446.571
3,Port 0x01: JJH Probe  s/n:3E4C880C,764943136,1779974652.268776858,1,Too Few Markers,-3.697314E28,-3.697314E28,-3.697314E28,-3.697314E28,-3.697314E28,-3.697314E28,-3.697314E28,0.0000000,3,Missing,-3.697314E28,-3.697314E28,-3.697314E28,Missing,-3.697314E28,-3.697314E28,-3.697314E28,Missing,-3.697314E28,-3.697314E28,-3.697314E28,Port 0x02: JJH T tibia tracker  s/n:3E4C8800,764943136,1779974652.268776858,1,OK,0.5030689,0.1922652,0.2101833,-0.8159527,5.095,74.074,-1340.000,0.2485772,3,OK,4.880,74.006,-1340.070,OK,-61.563,135.848,-1308.581,OK,43.009,140.663,-1292.729,Port 0x03: JJH Y femur tracker  s/n:3E4C8801,764943136,1779974652.268776858,1,OK,0.9107448,0.1990288,-0.0651182,-0.3559369,-234.601,67.888,-1459.693,0.3765075,3,OK,-234.505,67.396,-1459.836,OK,-227.707,161.244,-1425.371,OK,-303.394,130.880,-1457.490
3,Port 0x01: JJH Probe  s/n:3E4C880C,764943139,1779974652.318776865,1,Too Few Markers,-3.697314E28,-3.697314E28,-3.697314E28,-3.697314E28,-3.697314E28,-3.697314E28,-3.697314E28,0.0000000,3,Missing,-3.697314E28,-3.697314E28,-3.697314E28,Missing,-3.697314E28,-3.697314E28,-3.697314E28,Missing,-3.697314E28,-3.697314E28,-3.697314E28,Port 0x02: JJH T tibia tracker  s/n:3E4C8800,764943139,1779974652.318776865,1,OK,0.5040697,0.1904230,0.2065378,-0.8166976,4.987,74.739,-1341.846,0.2460402,3,OK,4.780,74.657,-1341.923,OK,-61.712,136.769,-1311.001,OK,42.841,141.740,-1295.112,Port 0x03: JJH Y femur tracker  s/n:3E4C8801,764943139,1779974652.318776865,1,OK,0.9085685,0.2067155,-0.0919104,-0.3511758,-233.617,67.654,-1466.336,0.3926308,3,OK,-233.514,67.142,-1466.478,OK,-228.447,161.169,-1432.131,OK,-302.233,130.834,-1468.306
3,Port 0x01: JJH Probe  s/n:3E4C880C,764943142,1779974652.368776865,1,Too Few Markers,-3.697314E28,-3.697314E28,-3.697314E28,-3.697314E28,-3.697314E28,-3.697314E28,-3.697314E28,0.0000000,3,Missing,-3.697314E28,-3.697314E28,-3.697314E28,Missing,-3.697314E28,-3.697314E28,-3.697314E28,Missing,-3.697314E28,-3.697314E28,-3.697314E28,Port 0x02: JJH T tibia tracker  s/n:3E4C8800,764943142,1779974652.368776865,1,OK,0.5048583,0.1892379,0.2034680,-0.8172563,5.166,75.537,-1343.398,0.2594236,3,OK,4.954,75.432,-1343.489,OK,-61.576,137.775,-1313.053,OK,42.963,142.870,-1297.057,Port 0x03: JJH Y femur tracker  s/n:3E4C8801,764943142,1779974652.368776865,1,OK,0.9062705,0.2138224,-0.1166104,-0.3454789,-232.154,67.582,-1472.676,0.4369511,3,OK,-232.050,67.018,-1472.830,OK,-228.806,161.287,-1438.674,OK,-300.503,130.770,-1478.516
3,Port 0x01: JJH Probe  s/n:3E4C880C,764943145,1779974652.418776865,1,Too Few Markers,-3.697314E28,-3.697314E28,-3.697314E28,-3.697314E28,-3.697314E28,-3.697314E28,-3.697314E28,0.0000000,3,Missing,-3.697314E28,-3.697314E28,-3.697314E28,Missing,-3.697314E28,-3.697314E28,-3.697314E28,Missing,-3.697314E28,-3.697314E28,-3.697314E28,Port 0x02: JJH T tibia tracker  s/n:3E4C8800,764943145,1779974652.418776865,1,OK,0.5056514,0.1879805,0.2015275,-0.8175369,5.339,76.256,-1344.755,0.2584730,3,OK,5.132,76.136,-1344.854,OK,-61.450,138.596,-1314.716,OK,43.067,143.850,-1298.735,Port 0x03: JJH Y femur tracker  s/n:3E4C8801,764943145,1779974652.418776865,1,OK,0.9033063,0.2197790,-0.1406334,-0.3405248,-230.472,67.453,-1478.320,0.4283585,3,OK,-230.339,66.896,-1478.453,OK,-228.650,161.317,-1444.733,OK,-298.326,130.751,-1487.959
3,Port 0x01: JJH Probe  s/n:3E4C880C,764943148,1779974652.468776858,1,Too Few Markers,-3.697314E28,-3.697314E28,-3.697314E28,-3.697314E28,-3.697314E28,-3.697314E28,-3.697314E28,0.0000000,3,Missing,-3.697314E28,-3.697314E28,-3.697314E28,Missing,-3.697314E28,-3.697314E28,-3.697314E28,Missing,-3.697314E28,-3.697314E28,-3.697314E28,Port 0x02: JJH T tibia tracker  s/n:3E4C8800,764943148,1779974652.468776858,1,OK,0.5062753,0.1863069,0.1981878,-0.8183500,5.391,76.638,-1345.884,0.2367931,3,OK,5.196,76.541,-1345.966,OK,-61.391,139.233,-1316.366,OK,43.105,144.547,-1300.380,Port 0x03: JJH Y femur tracker  s/n:3E4C8801,764943148,1779974652.468776858,1,OK,0.9005473,0.2247105,-0.1600990,-0.3359882,-228.989,67.190,-1483.238,0.4502589,3,OK,-228.850,66.609,-1483.369,OK,-228.499,161.206,-1450.031,OK,-296.299,130.513,-1495.927
3,Port 0x01: JJH Probe  s/n:3E4C880C,764943151,1779974652.518776858,1,Too Few Markers,-3.697314E28,-3.697314E28,-3.697314E28,-3.697314E28,-3.697314E28,-3.697314E28,-3.697314E28,0.0000000,3,Missing,-3.697314E28,-3.697314E28,-3.697314E28,Missing,-3.697314E28,-3.697314E28,-3.697314E28,Missing,-3.697314E28,-3.697314E28,-3.697314E28,Port 0x02: JJH T tibia tracker  s/n:3E4C8800,764943151,1779974652.518776858,1,OK,0.5065665,0.1855968,0.1966650,-0.8186984,5.569,76.991,-1346.839,0.2574174,3,OK,5.368,76.859,-1346.943,OK,-61.215,139.708,-1317.557,OK,43.284,145.078,-1301.540,Port 0x03: JJH Y femur tracker  s/n:3E4C8801,764943151,1779974652.518776858,1,OK,0.8974624,0.2294764,-0.1775434,-0.3322351,-227.318,67.121,-1487.315,0.4515984,3,OK,-227.163,66.538,-1487.434,OK,-227.915,161.222,-1454.396,OK,-294.006,130.525,-1502.688
3,Port 0x01: JJH Probe  s/n:3E4C880C,764943154,1779974652.568776865,1,Too Few Markers,-3.697314E28,-3.697314E28,-3.697314E28,-3.697314E28,-3.697314E28,-3.697314E28,-3.697314E28,0.0000000,3,Missing,-3.697314E28,-3.697314E28,-3.697314E28,Missing,-3.697314E28,-3.697314E28,-3.697314E28,Missing,-3.697314E28,-3.697314E28,-3.697314E28,Port 0x02: JJH T tibia tracker  s/n:3E4C8800,764943154,1779974652.568776865,1,OK,0.5068938,0.1849887,0.1949890,-0.8190343,5.772,77.417,-1347.550,0.2581613,3,OK,5.566,77.295,-1347.648,OK,-61.021,140.245,-1318.546,OK,43.474,145.657,-1302.471,Port 0x03: JJH Y femur tracker  s/n:3E4C8801,764943154,1779974652.568776865,1,OK,0.8945367,0.2332006,-0.1947359,-0.3278712,-225.647,67.026,-1491.184,0.4620690,3,OK,-225.462,66.433,-1491.281,OK,-227.385,161.267,-1458.791,OK,-291.693,130.427,-1509.279
3,Port 0x01: JJH Probe  s/n:3E4C880C,764943157,1779974652.618776865,1,Too Few Markers,-3.697314E28,-3.697314E28,-3.697314E28,-3.697314E28,-3.697314E28,-3.697314E28,-3.697314E28,0.0000000,3,Missing,-3.697314E28,-3.697314E28,-3.697314E28,Missing,-3.697314E28,-3.697314E28,-3.697314E28,Missing,-3.697314E28,-3.697314E28,-3.697314E28,Port 0x02: JJH T tibia tracker  s/n:3E4C8800,764943157,1779974652.618776865,1,OK,0.5072728,0.1840944,0.1932345,-0.8194168,5.888,77.746,-1348.323,0.2501368,3,OK,5.688,77.628,-1348.417,OK,-60.908,140.698,-1319.595,OK,43.573,146.160,-1303.516,Port 0x03: JJH Y femur tracker  s/n:3E4C8801,764943157,1779974652.618776865,1,OK,0.8910590,0.2377290,-0.2110910,-0.3239434,-223.908,66.926,-1495.093,0.4873691,3,OK,-223.707,66.299,-1495.185,OK,-226.694,161.265,-1463.022,OK,-289.199,130.369,-1515.669
3,Port 0x01: JJH Probe  s/n:3E4C880C,764943160,1779974652.668776865,1,Too Few Markers,-3.697314E28,-3.697314E28,-3.697314E28,-3.697314E28,-3.697314E28,-3.697314E28,-3.697314E28,0.0000000,3,Missing,-3.697314E28,-3.697314E28,-3.697314E28,Missing,-3.697314E28,-3.697314E28,-3.697314E28,Missing,-3.697314E28,-3.697314E28,-3.697314E28,Port 0x02: JJH T tibia tracker  s/n:3E4C8800,764943160,1779974652.668776865,1,OK,0.5073631,0.1839030,0.1917597,-0.8197503,6.044,77.949,-1348.988,0.2539898,3,OK,5.838,77.833,-1349.081,OK,-60.739,141.019,-1320.510,OK,43.728,146.464,-1304.327,Port 0x03: JJH Y femur tracker  s/n:3E4C8801,764943160,1779974652.668776865,1,OK,0.8878862,0.2412935,-0.2264850,-0.3195936,-222.211,66.749,-1498.515,0.4902752,3,OK,-221.984,66.124,-1498.580,OK,-226.052,161.181,-1466.945,OK,-286.785,130.143,-1521.493
3,Port 0x01: JJH Probe  s/n:3E4C880C,764943163,1779974652.718776858,1,Too Few Markers,-3.697314E28,-3.697314E28,-3.697314E28,-3.697314E28,-3.697314E28,-3.697314E28,-3.697314E28,0.0000000,3,Missing,-3.697314E28,-3.697314E28,-3.697314E28,Missing,-3.697314E28,-3.697314E28,-3.697314E28,Missing,-3.697314E28,-3.697314E28,-3.697314E28,Port 0x02: JJH T tibia tracker  s/n:3E4C8800,764943163,1779974652.718776858,1,OK,0.5076846,0.1831545,0.1903148,-0.8200555,6.223,78.254,-1349.638,0.2596514,3,OK,6.020,78.116,-1349.743,OK,-60.564,141.432,-1321.382,OK,43.892,146.930,-1305.192,Port 0x03: JJH Y femur tracker  s/n:3E4C8801,764943163,1779974652.718776858,1,OK,0.8845761,0.2445965,-0.2403690,-0.3161019,-220.471,66.641,-1501.626,0.5054088,3,OK,-220.220,65.996,-1501.673,OK,-225.143,161.172,-1470.465,OK,-284.279,130.056,-1526.726
3,Port 0x01: JJH Probe  s/n:3E4C880C,764943166,1779974652.768776858,1,Too Few Markers,-3.697314E28,-3.697314E28,-3.697314E28,-3.697314E28,-3.697314E28,-3.697314E28,-3.697314E28,0.0000000,3,Missing,-3.697314E28,-3.697314E28,-3.697314E28,Missing,-3.697314E28,-3.697314E28,-3.697314E28,Missing,-3.697314E28,-3.697314E28,-3.697314E28,Port 0x02: JJH T tibia tracker  s/n:3E4C8800,764943166,1779974652.768776858,1,OK,0.5079958,0.1819866,0.1881015,-0.8206333,6.492,78.727,-1350.689,0.2617534,3,OK,6.289,78.582,-1350.798,OK,-60.268,142.082,-1322.773,OK,44.177,147.619,-1306.586,Port 0x03: JJH Y femur tracker  s/n:3E4C8801,764943166,1779974652.768776858,1,OK,0.8811514,0.2478373,-0.2541182,-0.3123665,-218.784,66.483,-1504.585,0.5070806,3,OK,-218.518,65.835,-1504.612,OK,-224.302,161.104,-1473.865,OK,-281.788,129.874,-1531.788
3,Port 0x01: JJH Probe  s/n:3E4C880C,764943169,1779974652.818776865,1,Too Few Markers,-3.697314E28,-3.697314E28,-3.697314E28,-3.697314E28,-3.697314E28,-3.697314E28,-3.697314E28,0.0000000,3,Missing,-3.697314E28,-3.697314E28,-3.697314E28,Missing,-3.697314E28,-3.697314E28,-3.697314E28,Missing,-3.697314E28,-3.697314E28,-3.697314E28,Port 0x02: JJH T tibia tracker  s/n:3E4C8800,764943169,1779974652.818776865,1,OK,0.5082135,0.1808616,0.1851914,-0.8214087,6.658,79.139,-1351.500,0.2455933,3,OK,6.461,79.017,-1351.594,OK,-60.061,142.734,-1324.047,OK,44.372,148.247,-1307.809,Port 0x03: JJH Y femur tracker  s/n:3E4C8801,764943169,1779974652.818776865,1,OK,0.8779082,0.2506449,-0.2663720,-0.3090313,-217.073,66.332,-1507.324,0.5240595,3,OK,-216.798,65.670,-1507.339,OK,-223.351,161.037,-1477.045,OK,-279.265,129.715,-1536.354
3,Port 0x01: JJH Probe  s/n:3E4C880C,764943172,1779974652.868776865,1,Too Few Markers,-3.697314E28,-3.697314E28,-3.697314E28,-3.697314E28,-3.697314E28,-3.697314E28,-3.697314E28,0.0000000,3,Missing,-3.697314E28,-3.697314E28,-3.697314E28,Missing,-3.697314E28,-3.697314E28,-3.697314E28,Missing,-3.697314E28,-3.697314E28,-3.697314E28,Port 0x02: JJH T tibia tracker  s/n:3E4C8800,764943172,1779974652.868776865,1,OK,0.5082966,0.1803124,0.1842529,-0.8216890,6.710,79.315,-1351.909,0.2497746,3,OK,6.515,79.179,-1352.010,OK,-59.991,142.996,-1324.594,OK,44.443,148.517,-1308.369,Port 0x03: JJH Y femur tracker  s/n:3E4C8801,764943172,1779974652.868776865,1,OK,0.8757086,0.2525810,-0.2744985,-0.3065744,-215.991,66.231,-1509.091,0.5260727,3,OK,-215.707,65.570,-1509.091,OK,-222.801,160.977,-1479.109,OK,-277.657,129.577,-1539.346
3,Port 0x01: JJH Probe  s/n:3E4C880C,764943175,1779974652.918776865,1,Too Few Markers,-3.697314E28,-3.697314E28,-3.697314E28,-3.697314E28,-3.697314E28,-3.697314E28,-3.697314E28,0.0000000,3,Missing,-3.697314E28,-3.697314E28,-3.697314E28,Missing,-3.697314E28,-3.697314E28,-3.697314E28,Missing,-3.697314E28,-3.697314E28,-3.697314E28,Port 0x02: JJH T tibia tracker  s/n:3E4C8800,764943175,1779974652.918776865,1,OK,0.5083401,0.1804175,0.1843075,-0.8216268,6.846,79.358,-1352.156,0.2623258,3,OK,6.650,79.195,-1352.272,OK,-59.865,143.035,-1324.833,OK,44.562,148.573,-1308.587,Port 0x03: JJH Y femur tracker  s/n:3E4C8801,764943175,1779974652.918776865,1,OK,0.8738871,0.2539755,-0.2807000,-0.3050004,-215.061,66.125,-1510.304,0.5369887,3,OK,-214.763,65.450,-1510.292,OK,-222.203,160.917,-1480.536,OK,-276.282,129.489,-1541.482
3,Port 0x01: JJH Probe  s/n:3E4C880C,764943178,1779974652.968776858,1,Too Few Markers,-3.697314E28,-3.697314E28,-3.697314E28,-3.697314E28,-3.697314E28,-3.697314E28,-3.697314E28,0.0000000,3,Missing,-3.697314E28,-3.697314E28,-3.697314E28,Missing,-3.697314E28,-3.697314E28,-3.697314E28,Missing,-3.697314E28,-3.697314E28,-3.697314E28,Port 0x02: JJH T tibia tracker  s/n:3E4C8800,764943178,1779974652.968776858,1,OK,0.5084174,0.1804094,0.1837013,-0.8217165,6.940,79.405,-1352.273,0.2621462,3,OK,6.743,79.248,-1352.386,OK,-59.781,143.120,-1325.061,OK,44.649,148.656,-1308.756,Port 0x03: JJH Y femur tracker  s/n:3E4C8801,764943178,1779974652.968776858,1,OK,0.8722703,0.2554044,-0.2859648,-0.3035412,-214.187,66.101,-1511.524,0.5346100,3,OK,-213.890,65.426,-1511.510,OK,-221.639,160.923,-1481.900,OK,-275.025,129.455,-1543.472
3,Port 0x01: JJH Probe  s/n:3E4C880C,764943181,1779974653.018776863,1,Too Few Markers,-3.697314E28,-3.697314E28,-3.697314E28,-3.697314E28,-3.697314E28,-3.697314E28,-3.697314E28,0.0000000,3,Missing,-3.697314E28,-3.697314E28,-3.697314E28,Missing,-3.697314E28,-3.697314E28,-3.697314E28,Missing,-3.697314E28,-3.697314E28,-3.697314E28,Port 0x02: JJH T tibia tracker  s/n:3E4C8800,764943181,1779974653.018776863,1,OK,0.5083940,0.1802493,0.1831617,-0.8218865,6.970,79.449,-1352.414,0.2613060,3,OK,6.778,79.286,-1352.529,OK,-59.734,143.222,-1325.283,OK,44.689,148.736,-1308.964,Port 0x03: JJH Y femur tracker  s/n:3E4C8801,764943181,1779974653.018776863,1,OK,0.8705002,0.2566193,-0.2920243,-0.3018239,-213.388,66.037,-1512.638,0.5355929,3,OK,-213.076,65.366,-1512.602,OK,-221.174,160.893,-1483.268,OK,-273.793,129.381,-1545.508
3,Port 0x01: JJH Probe  s/n:3E4C880C,764943184,1779974653.068776863,1,Too Few Markers,-3.697314E28,-3.697314E28,-3.697314E28,-3.697314E28,-3.697314E28,-3.697314E28,-3.697314E28,0.0000000,3,Missing,-3.697314E28,-3.697314E28,-3.697314E28,Missing,-3.697314E28,-3.697314E28,-3.697314E28,Missing,-3.697314E28,-3.697314E28,-3.697314E28,Port 0x02: JJH T tibia tracker  s/n:3E4C8800,764943184,1779974653.068776863,1,OK,0.5075616,0.1805890,0.1845009,-0.8220269,7.103,79.290,-1352.201,0.2504846,3,OK,6.914,79.143,-1352.308,OK,-59.498,143.061,-1324.816,OK,44.949,148.400,-1308.609,Port 0x03: JJH Y femur tracker  s/n:3E4C8801,764943184,1779974653.068776863,1,OK,0.8700304,0.2568764,-0.2920733,-0.3029107,-213.117,66.215,-1512.681,0.5239381,3,OK,-212.821,65.555,-1512.654,OK,-220.709,161.051,-1483.187,OK,-273.380,129.710,-1545.458
3,Port 0x01: JJH Probe  s/n:3E4C880C,764943187,1779974653.118776863,1,Too Few Markers,-3.697314E28,-3.697314E28,-3.697314E28,-3.697314E28,-3.697314E28,-3.697314E28,-3.697314E28,0.0000000,3,Missing,-3.697314E28,-3.697314E28,-3.697314E28,Missing,-3.697314E28,-3.697314E28,-3.697314E28,Missing,-3.697314E28,-3.697314E28,-3.697314E28,Port 0x02: JJH T tibia tracker  s/n:3E4C8800,764943187,1779974653.118776863,1,OK,0.5080914,0.1801560,0.1830986,-0.8221082,7.173,79.291,-1352.339,0.2550434,3,OK,6.977,79.151,-1352.443,OK,-59.482,143.106,-1325.207,OK,44.961,148.548,-1308.918,Port 0x03: JJH Y femur tracker  s/n:3E4C8801,764943187,1779974653.118776863,1,OK,0.8702597,0.2563410,-0.2925460,-0.3022487,-213.097,66.149,-1512.544,0.5334288,3,OK,-212.780,65.491,-1512.495,OK,-220.786,161.000,-1483.237,OK,-273.397,129.572,-1545.474
3,Port 0x01: JJH Probe  s/n:3E4C880C,764943190,1779974653.168776863,1,Too Few Markers,-3.697314E28,-3.697314E28,-3.697314E28,-3.697314E28,-3.697314E28,-3.697314E28,-3.697314E28,0.0000000,3,Missing,-3.697314E28,-3.697314E28,-3.697314E28,Missing,-3.697314E28,-3.697314E28,-3.697314E28,Missing,-3.697314E28,-3.697314E28,-3.697314E28,Port 0x02: JJH T tibia tracker  s/n:3E4C8800,764943190,1779974653.168776863,1,OK,0.5082330,0.1799266,0.1825938,-0.8221831,7.121,79.347,-1352.323,0.2507258,3,OK,6.928,79.209,-1352.424,OK,-59.542,143.189,-1325.273,OK,44.895,148.651,-1308.977,Port 0x03: JJH Y femur tracker  s/n:3E4C8801,764943190,1779974653.168776863,1,OK,0.8704101,0.2561223,-0.2922596,-0.3022780,-213.135,66.237,-1512.599,0.5299140,3,OK,-212.826,65.590,-1512.554,OK,-220.825,161.081,-1483.333,OK,-273.438,129.649,-1545.477
3,Port 0x01: JJH Probe  s/n:3E4C880C,764943193,1779974653.218776863,1,Too Few Markers,-3.697314E28,-3.697314E28,-3.697314E28,-3.697314E28,-3.697314E28,-3.697314E28,-3.697314E28,0.0000000,3,Missing,-3.697314E28,-3.697314E28,-3.697314E28,Missing,-3.697314E28,-3.697314E28,-3.697314E28,Missing,-3.697314E28,-3.697314E28,-3.697314E28,Port 0x02: JJH T tibia tracker  s/n:3E4C8800,764943193,1779974653.218776863,1,OK,0.5081986,0.1800964,0.1830152,-0.8220735,7.158,79.332,-1352.424,0.2609892,3,OK,6.959,79.181,-1352.534,OK,-59.508,143.141,-1325.307,OK,44.928,148.614,-1309.013,Port 0x03: JJH Y femur tracker  s/n:3E4C8801,764943193,1779974653.218776863,1,OK,0.8707250,0.2561240,-0.2917008,-0.3019090,-213.314,66.029,-1512.503,0.5537481,3,OK,-212.992,65.356,-1512.458,OK,-221.098,160.874,-1483.246,OK,-273.713,129.392,-1545.313
3,Port 0x01: JJH Probe  s/n:3E4C880C,764943196,1779974653.268776863,1,Too Few Markers,-3.697314E28,-3.697314E28,-3.697314E28,-3.697314E28,-3.697314E28,-3.697314E28,-3.697314E28,0.0000000,3,Missing,-3.697314E28,-3.697314E28,-3.697314E28,Missing,-3.697314E28,-3.697314E28,-3.697314E28,Missing,-3.697314E28,-3.697314E28,-3.697314E28,Port 0x02: JJH T tibia tracker  s/n:3E4C8800,764943196,1779974653.268776863,1,OK,0.5082244,0.1799709,0.1830725,-0.8220723,7.141,79.281,-1352.436,0.2624295,3,OK,6.941,79.130,-1352.545,OK,-59.526,143.083,-1325.305,OK,44.918,148.570,-1309.036,Port 0x03: JJH Y femur tracker  s/n:3E4C8801,764943196,1779974653.268776863,1,OK,0.8715040,0.2553981,-0.2895618,-0.3023350,-213.678,65.950,-1512.013,0.5540397,3,OK,-213.364,65.277,-1511.977,OK,-221.367,160.799,-1482.736,OK,-274.247,129.281,-1544.526
3,Port 0x01: JJH Probe  s/n:3E4C880C,764943199,1779974653.318776863,1,Too Few Markers,-3.697314E28,-3.697314E28,-3.697314E28,-3.697314E28,-3.697314E28,-3.697314E28,-3.697314E28,0.0000000,3,Missing,-3.697314E28,-3.697314E28,-3.697314E28,Missing,-3.697314E28,-3.697314E28,-3.697314E28,Missing,-3.697314E28,-3.697314E28,-3.697314E28,Port 0x02: JJH T tibia tracker  s/n:3E4C8800,764943199,1779974653.318776863,1,OK,0.5082353,0.1798786,0.1836909,-0.8219478,7.142,79.245,-1352.404,0.2567948,3,OK,6.948,79.092,-1352.514,OK,-59.526,143.000,-1325.159,OK,44.913,148.505,-1308.967,Port 0x03: JJH Y femur tracker  s/n:3E4C8801,764943199,1779974653.318776863,1,OK,0.8730454,0.2547896,-0.2836217,-0.3040274,-214.543,65.960,-1510.872,0.5253146,3,OK,-214.256,65.300,-1510.862,OK,-221.894,160.761,-1481.197,OK,-275.560,129.288,-1542.478
3,Port 0x01: JJH Probe  s/n:3E4C880C,764943202,1779974653.368776863,1,Too Few Markers,-3.697314E28,-3.697314E28,-3.697314E28,-3.697314E28,-3.697314E28,-3.697314E28,-3.697314E28,0.0000000,3,Missing,-3.697314E28,-3.697314E28,-3.697314E28,Missing,-3.697314E28,-3.697314E28,-3.697314E28,Missing,-3.697314E28,-3.697314E28,-3.697314E28,Port 0x02: JJH T tibia tracker  s/n:3E4C8800,764943202,1779974653.368776863,1,OK,0.5081077,0.1797299,0.1843969,-0.8219012,7.157,79.206,-1352.328,0.2495164,3,OK,6.964,79.064,-1352.432,OK,-59.492,142.918,-1324.951,OK,44.958,148.416,-1308.860,Port 0x03: JJH Y femur tracker  s/n:3E4C8801,764943202,1779974653.368776863,1,OK,0.8759438,0.2522932,-0.2739615,-0.3066198,-215.978,66.092,-1508.780,0.5148607,3,OK,-215.684,65.451,-1508.765,OK,-222.756,160.819,-1478.815,OK,-277.712,129.425,-1538.988
3,Port 0x01: JJH Probe  s/n:3E4C880C,764943205,1779974653.418776863,1,Too Few Markers,-3.697314E28,-3.697314E28,-3.697314E28,-3.697314E28,-3.697314E28,-3.697314E28,-3.697314E28,0.0000000,3,Missing,-3.697314E28,-3.697314E28,-3.697314E28,Missing,-3.697314E28,-3.697314E28,-3.697314E28,Missing,-3.697314E28,-3.697314E28,-3.697314E28,Port 0x02: JJH T tibia tracker  s/n:3E4C8800,764943205,1779974653.418776863,1,OK,0.5078657,0.1800173,0.1852555,-0.8217948,7.098,79.090,-1351.920,0.2467220,3,OK,6.900,78.964,-1352.016,OK,-59.532,142.750,-1324.401,OK,44.928,148.211,-1308.346,Port 0x03: JJH Y femur tracker  s/n:3E4C8801,764943205,1779974653.418776863,1,OK,0.8795829,0.2494667,-0.2606008,-0.3101412,-217.934,66.267,-1505.854,0.5037392,3,OK,-217.649,65.624,-1505.859,OK,-223.920,160.919,-1475.345,OK,-280.620,129.588,-1534.088
3,Port 0x01: JJH Probe  s/n:3E4C880C,764943208,1779974653.468776863,1,Too Few Markers,-3.697314E28,-3.697314E28,-3.697314E28,-3.697314E28,-3.697314E28,-3.697314E28,-3.697314E28,0.0000000,3,Missing,-3.697314E28,-3.697314E28,-3.697314E28,Missing,-3.697314E28,-3.697314E28,-3.697314E28,Missing,-3.697314E28,-3.697314E28,-3.697314E28,Port 0x02: JJH T tibia tracker  s/n:3E4C8800,764943208,1779974653.468776863,1,OK,0.5077208,0.1802633,0.1866767,-0.8215087,7.009,78.996,-1351.514,0.2523044,3,OK,6.814,78.863,-1351.614,OK,-59.636,142.552,-1323.753,OK,44.861,148.019,-1307.784,Port 0x03: JJH Y femur tracker  s/n:3E4C8801,764943208,1779974653.468776863,1,OK,0.8845291,0.2446642,-0.2417932,-0.3150934,-220.261,66.502,-1501.851,0.4973789,3,OK,-220.000,65.869,-1501.885,OK,-225.124,161.047,-1470.823,OK,-284.077,129.822,-1527.237
3,Port 0x01: JJH Probe  s/n:3E4C880C,764943211,1779974653.518776863,1,Too Few Markers,-3.697314E28,-3.697314E28,-3.697314E28,-3.697314E28,-3.697314E28,-3.697314E28,-3.697314E28,0.0000000,3,Missing,-3.697314E28,-3.697314E28,-3.697314E28,Missing,-3.697314E28,-3.697314E28,-3.697314E28,Missing,-3.697314E28,-3.697314E28,-3.697314E28,Port 0x02: JJH T tibia tracker  s/n:3E4C8800,764943211,1779974653.518776863,1,OK,0.5075700,0.1803914,0.1876252,-0.8213577,6.752,78.854,-1350.915,0.2411096,3,OK,6.557,78.746,-1351.000,OK,-59.885,142.338,-1322.994,OK,44.621,147.790,-1307.098,Port 0x03: JJH Y femur tracker  s/n:3E4C8801,764943211,1779974653.518776863,1,OK,0.8898335,0.2391313,-0.2189743,-0.3210340,-223.086,66.707,-1496.813,0.4828446,3,OK,-222.860,66.084,-1496.882,OK,-226.513,161.125,-1465.100,OK,-288.133,130.017,-1518.712
3,Port 0x01: JJH Probe  s/n:3E4C880C,764943214,1779974653.568776863,1,Too Few Markers,-3.697314E28,-3.697314E28,-3.697314E28,-3.697314E28,-3.697314E28,-3.697314E28,-3.697314E28,0.0000000,3,Missing,-3.697314E28,-3.697314E28,-3.697314E28,Missing,-3.697314E28,-3.697314E28,-3.697314E28,Missing,-3.697314E28,-3.697314E28,-3.697314E28,Port 0x02: JJH T tibia tracker  s/n:3E4C8800,764943214,1779974653.568776863,1,OK,0.5071484,0.1813294,0.1902022,-0.8208187,6.452,78.706,-1350.307,0.2710482,3,OK,6.254,78.536,-1350.429,OK,-60.180,142.026,-1321.954,OK,44.336,147.456,-1306.125,Port 0x03: JJH Y femur tracker  s/n:3E4C8801,764943214,1779974653.568776863,1,OK,0.8953496,0.2324343,-0.1925876,-0.3274652,-225.973,66.931,-1490.778,0.4625032,3,OK,-225.784,66.332,-1490.876,OK,-227.737,161.193,-1458.413,OK,-292.241,130.188,-1508.620
3,Port 0x01: JJH Probe  s/n:3E4C880C,764943217,1779974653.618776863,1,Too Few Markers,-3.697314E28,-3.697314E28,-3.697314E28,-3.697314E28,-3.697314E28,-3.697314E28,-3.697314E28,0.0000000,3,Missing,-3.697314E28,-3.697314E28,-3.697314E28,Missing,-3.697314E28,-3.697314E28,-3.697314E28,Missing,-3.697314E28,-3.697314E28,-3.697314E28,Port 0x02: JJH T tibia tracker  s/n:3E4C8800,764943217,1779974653.618776863,1,OK,0.5068961,0.1819131,0.1917594,-0.8204829,6.215,78.380,-1349.183,0.2551355,3,OK,6.018,78.240,-1349.288,OK,-60.416,141.576,-1320.583,OK,44.105,146.970,-1304.804,Port 0x03: JJH Y femur tracker  s/n:3E4C8801,764943217,1779974653.618776863,1,OK,0.9001614,0.2255697,-0.1647170,-0.3342094,-228.632,67.180,-1484.413,0.4511147,3,OK,-228.475,66.593,-1484.536,OK,-228.561,161.259,-1451.380,OK,-295.914,130.409,-1497.898
3,Port 0x01: JJH Probe  s/n:3E4C880C,764943220,1779974653.668776863,1,Too Few Markers,-3.697314E28,-3.697314E28,-3.697314E28,-3.697314E28,-3.697314E28,-3.697314E28,-3.697314E28,0.0000000,3,Missing,-3.697314E28,-3.697314E28,-3.697314E28,Missing,-3.697314E28,-3.697314E28,-3.697314E28,Missing,-3.697314E28,-3.697314E28,-3.697314E28,Port 0x02: JJH T tibia tracker  s/n:3E4C8800,764943220,1779974653.668776863,1,OK,0.5063544,0.1829958,0.1945553,-0.8199183,6.132,77.873,-1347.961,0.2592274,3,OK,5.932,77.737,-1348.065,OK,-60.493,140.871,-1318.909,OK,44.061,146.203,-1303.203,Port 0x03: JJH Y femur tracker  s/n:3E4C8801,764943220,1779974653.668776863,1,OK,0.9041958,0.2185055,-0.1370617,-0.3404401,-230.797,67.349,-1477.778,0.4215254,3,OK,-230.676,66.800,-1477.914,OK,-228.895,161.233,-1444.222,OK,-298.847,130.494,-1486.928
3,Port 0x01: JJH Probe  s/n:3E4C880C,764943223,1779974653.718776863,1,Too Few Markers,-3.697314E28,-3.697314E28,-3.697314E28,-3.697314E28,-3.697314E28,-3.697314E28,-3.697314E28,0.0000000,3,Missing,-3.697314E28,-3.697314E28,-3.697314E28,Missing,-3.697314E28,-3.697314E28,-3.697314E28,Missing,-3.697314E28,-3.697314E28,-3.697314E28,Port 0x02: JJH T tibia tracker  s/n:3E4C8800,764943223,1779974653.718776863,1,OK,0.5056019,0.1841055,0.1971164,-0.8195224,6.015,77.430,-1346.574,0.2514901,3,OK,5.811,77.316,-1346.666,OK,-60.557,140.270,-1317.104,OK,44.007,145.477,-1301.466,Port 0x03: JJH Y femur tracker  s/n:3E4C8801,764943223,1779974653.718776863,1,OK,0.9073964,0.2109226,-0.1104060,-0.3463436,-232.605,67.639,-1471.152,0.4036533,3,OK,-232.492,67.114,-1471.290,OK,-228.884,161.350,-1437.325,OK,-301.127,130.740,-1476.129
3,Port 0x01: JJH Probe  s/n:3E4C880C,764943226,1779974653.768776863,1,Too Few Markers,-3.697314E28,-3.697314E28,-3.697314E28,-3.697314E28,-3.697314E28,-3.697314E28,-3.697314E28,0.0000000,3,Missing,-3.697314E28,-3.697314E28,-3.697314E28,Missing,-3.697314E28,-3.697314E28,-3.697314E28,Missing,-3.697314E28,-3.697314E28,-3.697314E28,Port 0x02: JJH T tibia tracker  s/n:3E4C8800,764943226,1779974653.768776863,1,OK,0.5049937,0.1848458,0.1997346,-0.8190967,5.857,76.969,-1345.383,0.2467061,3,OK,5.662,76.854,-1345.475,OK,-60.685,139.648,-1315.468,OK,43.908,144.771,-1299.966,Port 0x03: JJH Y femur tracker  s/n:3E4C8801,764943226,1779974653.768776863,1,OK,0.9099523,0.2036894,-0.0848033,-0.3511494,-234.056,67.674,-1464.770,0.4010983,3,OK,-233.944,67.150,-1464.913,OK,-228.690,161.242,-1430.749,OK,-302.911,130.630,-1465.754
3,Port 0x01: JJH Probe  s/n:3E4C880C,764943229,1779974653.818776863,1,Too Few Markers,-3.697314E28,-3.697314E28,-3.697314E28,-3.697314E28,-3.697314E28,-3.697314E28,-3.697314E28,0.0000000,3,Missing,-3.697314E28,-3.697314E28,-3.697314E28,Missing,-3.697314E28,-3.697314E28,-3.697314E28,Missing,-3.697314E28,-3.697314E28,-3.697314E28,Port 0x02: JJH T tibia tracker  s/n:3E4C8800,764943229,1779974653.818776863,1,OK,0.5042767,0.1858292,0.2021623,-0.8187203,5.810,76.534,-1344.114,0.2507685,3,OK,5.604,76.426,-1344.204,OK,-60.675,139.061,-1313.800,OK,43.928,144.081,-1298.369,Port 0x03: JJH Y femur tracker  s/n:3E4C8801,764943229,1779974653.818776863,1,OK,0.9115880,0.1968214,-0.0596499,-0.3559642,-235.034,67.835,-1458.464,0.3707133,3,OK,-234.935,67.351,-1458.604,OK,-227.983,161.209,-1424.276,OK,-303.940,130.668,-1455.482
3,Port 0x01: JJH Probe  s/n:3E4C880C,764943232,1779974653.868776863,1,Too Few Markers,-3.697314E28,-3.697314E28,-3.697314E28,-3.697314E28,-3.697314E28,-3.697314E28,-3.697314E28,0.0000000,3,Missing,-3.697314E28,-3.697314E28,-3.697314E28,Missing,-3.697314E28,-3.697314E28,-3.697314E28,Missing,-3.697314E28,-3.697314E28,-3.697314E28,Port 0x02: JJH T tibia tracker  s/n:3E4C8800,764943232,1779974653.868776863,1,OK,0.5035083,0.1870631,0.2047387,-0.8182718,5.732,75.922,-1342.813,0.2477818,3,OK,5.532,75.815,-1342.903,OK,-60.716,138.294,-1312.080,OK,43.907,143.180,-1296.698,Port 0x03: JJH Y femur tracker  s/n:3E4C8801,764943232,1779974653.868776863,1,OK,0.9126726,0.1899487,-0.0350906,-0.3601624,-235.813,67.767,-1452.457,0.3676492,3,OK,-235.726,67.288,-1452.605,OK,-227.160,160.995,-1418.194,OK,-304.610,130.425,-1445.626
3,Port 0x01: JJH Probe  s/n:3E4C880C,764943235,1779974653.918776863,1,Too Few Markers,-3.697314E28,-3.697314E28,-3.697314E28,-3.697314E28,-3.697314E28,-3.697314E28,-3.697314E28,0.0000000,3,Missing,-3.697314E28,-3.697314E28,-3.697314E28,Missing,-3.697314E28,-3.697314E28,-3.697314E28,Missing,-3.697314E28,-3.697314E28,-3.697314E28,Port 0x02: JJH T tibia tracker  s/n:3E4C8800,764943235,1779974653.918776863,1,OK,0.5027007,0.1884286,0.2078722,-0.8176649,5.772,75.270,-1341.313,0.2489975,3,OK,5.565,75.179,-1341.395,OK,-60.639,137.420,-1310.079,OK,44.009,142.192,-1294.766,Port 0x03: JJH Y femur tracker  s/n:3E4C8801,764943235,1779974653.918776863,1,OK,0.9130697,0.1830999,-0.0110244,-0.3642206,-236.140,67.853,-1446.281,0.3621360,3,OK,-236.049,67.382,-1446.431,OK,-225.883,160.917,-1412.031,OK,-304.623,130.362,-1435.681
3,Port 0x01: JJH Probe  s/n:3E4C880C,764943238,1779974653.968776863,1,Too Few Markers,-3.697314E28,-3.697314E28,-3.697314E28,-3.697314E28,-3.697314E28,-3.697314E28,-3.697314E28,0.0000000,3,Missing,-3.697314E28,-3.697314E28,-3.697314E28,Missing,-3.697314E28,-3.697314E28,-3.697314E28,Missing,-3.697314E28,-3.697314E28,-3.697314E28,Port 0x02: JJH T tibia tracker  s/n:3E4C8800,764943238,1779974653.968776863,1,OK,0.5017711,0.1899389,0.2108975,-0.8171115,5.759,74.454,-1339.603,0.2532502,3,OK,5.539,74.384,-1339.674,OK,-60.595,136.397,-1307.892,OK,44.070,141.024,-1292.617,Port 0x03: JJH Y femur tracker  s/n:3E4C8801,764943238,1779974653.968776863,1,OK,0.9131201,0.1754503,0.0131536,-0.3677714,-236.250,67.761,-1440.153,0.3596255,3,OK,-236.146,67.293,-1440.305,OK,-224.467,160.702,-1406.130,OK,-304.248,130.090,-1425.834
3,Port 0x01: JJH Probe  s/n:3E4C880C,764943241,1779974654.018776862,1,Too Few Markers,-3.697314E28,-3.697314E28,-3.697314E28,-3.697314E28,-3.697314E28,-3.697314E28,-3.697314E28,0.0000000,3,Missing,-3.697314E28,-3.697314E28,-3.697314E28,Missing,-3.697314E28,-3.697314E28,-3.697314E28,Missing,-3.697314E28,-3.697314E28,-3.697314E28,Port 0x02: JJH T tibia tracker  s/n:3E4C8800,764943241,1779974654.018776862,1,OK,0.5007873,0.1914609,0.2146126,-0.8163922,5.784,73.376,-1337.837,0.2450503,3,OK,5.568,73.326,-1337.895,OK,-60.523,135.057,-1305.526,OK,44.168,139.536,-1290.365,Port 0x03: JJH Y femur tracker  s/n:3E4C8801,764943241,1779974654.018776862,1,OK,0.9124385,0.1684335,0.0373402,-0.3710685,-236.028,67.512,-1434.292,0.3685927,3,OK,-235.925,67.035,-1434.456,OK,-222.728,160.313,-1400.424,OK,-303.349,129.619,-1416.234
3,Port 0x01: JJH Probe  s/n:3E4C880C,764943244,1779974654.068776862,1,Too Few Markers,-3.697314E28,-3.697314E28,-3.697314E28,-3.697314E28,-3.697314E28,-3.697314E28,-3.697314E28,0.0000000,3,Missing,-3.697314E28,-3.697314E28,-3.697314E28,Missing,-3.697314E28,-3.697314E28,-3.697314E28,Missing,-3.697314E28,-3.697314E28,-3.697314E28,Port 0x02: JJH T tibia tracker  s/n:3E4C8800,764943244,1779974654.068776862,1,OK,0.4997621,0.1929760,0.2185970,-0.8156062,5.859,72.174,-1335.874,0.2391085,3,OK,5.645,72.149,-1335.915,OK,-60.396,133.562,-1302.919,OK,44.324,137.900,-1287.898,Port 0x03: JJH Y femur tracker  s/n:3E4C8801,764943244,1779974654.068776862,1,OK,0.9114469,0.1609131,0.0597447,-0.3739011,-235.478,67.246,-1428.480,0.3477669,3,OK,-235.375,66.798,-1428.640,OK,-220.776,159.950,-1395.006,OK,-302.011,129.143,-1407.057
3,Port 0x01: JJH Probe  s/n:3E4C880C,764943247,1779974654.118776861,1,Too Few Markers,-3.697314E28,-3.697314E28,-3.697314E28,-3.697314E28,-3.697314E28,-3.697314E28,-3.697314E28,0.0000000,3,Missing,-3.697314E28,-3.697314E28,-3.697314E28,Missing,-3.697314E28,-3.697314E28,-3.697314E28,Missing,-3.697314E28,-3.697314E28,-3.697314E28,Port 0x02: JJH T tibia tracker  s/n:3E4C8800,764943247,1779974654.118776861,1,OK,0.4986140,0.1948391,0.2226669,-0.8147646,5.905,71.055,-1333.930,0.2436731,3,OK,5.686,71.051,-1333.958,OK,-60.301,132.141,-1300.333,OK,44.457,136.311,-1285.396,Port 0x03: JJH Y femur tracker  s/n:3E4C8801,764943247,1779974654.118776861,1,OK,0.9098985,0.1535975,0.0816433,-0.3765992,-234.763,67.063,-1422.879,0.3361400,3,OK,-234.648,66.633,-1423.039,OK,-218.685,159.660,-1389.832,OK,-300.359,128.774,-1398.184
3,Port 0x01: JJH Probe  s/n:3E4C880C,764943250,1779974654.168776861,1,Too Few Markers,-3.697314E28,-3.697314E28,-3.697314E28,-3.697314E28,-3.697314E28,-3.697314E28,-3.697314E28,0.0000000,3,Missing,-3.697314E28,-3.697314E28,-3.697314E28,Missing,-3.697314E28,-3.697314E28,-3.697314E28,Missing,-3.697314E28,-3.697314E28,-3.697314E28,Port 0x02: JJH T tibia tracker  s/n:3E4C8800,764943250,1779974654.168776861,1,OK,0.4974847,0.1964244,0.2264083,-0.8140428,6.038,70.081,-1332.218,0.2464099,3,OK,5.811,70.076,-1332.247,OK,-60.087,130.901,-1298.017,OK,44.676,134.915,-1283.185,Port 0x03: JJH Y femur tracker  s/n:3E4C8801,764943250,1779974654.168776861,1,OK,0.9078481,0.1465897,0.1036338,-0.3789240,-233.797,66.878,-1417.675,0.3552651,3,OK,-233.670,66.427,-1417.851,OK,-216.404,159.377,-1385.026,OK,-298.312,128.366,-1389.704
3,Port 0x01: JJH Probe  s/n:3E4C880C,764943253,1779974654.218776861,1,Too Few Markers,-3.697314E28,-3.697314E28,-3.697314E28,-3.697314E28,-3.697314E28,-3.697314E28,-3.697314E28,0.0000000,3,Missing,-3.697314E28,-3.697314E28,-3.697314E28,Missing,-3.697314E28,-3.697314E28,-3.697314E28,Missing,-3.697314E28,-3.697314E28,-3.697314E28,Port 0x02: JJH T tibia tracker  s/n:3E4C8800,764943253,1779974654.218776861,1,OK,0.4963911,0.1977859,0.2295218,-0.8135087,6.269,69.237,-1330.623,0.2487949,3,OK,6.040,69.247,-1330.643,OK,-59.779,129.848,-1295.920,OK,45.012,133.690,-1281.181,Port 0x03: JJH Y femur tracker  s/n:3E4C8801,764943253,1779974654.218776861,1,OK,0.9055414,0.1399883,0.1235943,-0.3809496,-232.585,66.751,-1412.751,0.3498770,3,OK,-232.454,66.310,-1412.932,OK,-213.991,159.154,-1380.556,OK,-295.968,128.031,-1381.862
3,Port 0x01: JJH Probe  s/n:3E4C880C,764943256,1779974654.268776862,1,Too Few Markers,-3.697314E28,-3.697314E28,-3.697314E28,-3.697314E28,-3.697314E28,-3.697314E28,-3.697314E28,0.0000000,3,Missing,-3.697314E28,-3.697314E28,-3.697314E28,Missing,-3.697314E28,-3.697314E28,-3.697314E28,Missing,-3.697314E28,-3.697314E28,-3.697314E28,Port 0x02: JJH T tibia tracker  s/n:3E4C8800,764943256,1779974654.268776862,1,OK,0.4955122,0.1987573,0.2317624,-0.8131724,6.389,68.391,-1329.142,0.2496627,3,OK,6.161,68.455,-1329.123,OK,-59.592,128.847,-1294.083,OK,45.223,132.530,-1279.431,Port 0x03: JJH Y femur tracker  s/n:3E4C8801,764943256,1779974654.268776862,1,OK,0.9030385,0.1335663,0.1422909,-0.3826680,-231.391,66.524,-1408.037,0.3381568,3,OK,-231.255,66.104,-1408.219,OK,-211.698,158.841,-1376.348,OK,-293.606,127.606,-1374.464
3,Port 0x01: JJH Probe  s/n:3E4C880C,764943259,1779974654.318776862,1,Too Few Markers,-3.697314E28,-3.697314E28,-3.697314E28,-3.697314E28,-3.697314E28,-3.697314E28,-3.697314E28,0.0000000,3,Missing,-3.697314E28,-3.697314E28,-3.697314E28,Missing,-3.697314E28,-3.697314E28,-3.697314E28,Missing,-3.697314E28,-3.697314E28,-3.697314E28,Port 0x02: JJH T tibia tracker  s/n:3E4C8800,764943259,1779974654.318776862,1,OK,0.4946320,0.1995697,0.2337698,-0.8129347,6.586,67.923,-1327.968,0.2596205,3,OK,6.346,67.978,-1327.956,OK,-59.312,128.268,-1292.573,OK,45.528,131.820,-1277.995,Port 0x03: JJH Y femur tracker  s/n:3E4C8801,764943259,1779974654.318776862,1,OK,0.9002097,0.1285422,0.1597454,-0.3841626,-230.065,66.447,-1403.888,0.3518878,3,OK,-229.925,66.013,-1404.085,OK,-209.343,158.644,-1372.510,OK,-291.079,127.308,-1367.775
3,Port 0x01: JJH Probe  s/n:3E4C880C,764943262,1779974654.368776861,1,Too Few Markers,-3.697314E28,-3.697314E28,-3.697314E28,-3.697314E28,-3.697314E28,-3.697314E28,-3.697314E28,0.0000000,3,Missing,-3.697314E28,-3.697314E28,-3.697314E28,Missing,-3.697314E28,-3.697314E28,-3.697314E28,Missing,-3.697314E28,-3.697314E28,-3.697314E28,Port 0x02: JJH T tibia tracker  s/n:3E4C8800,764943262,1779974654.368776861,1,OK,0.4940564,0.1998054,0.2349759,-0.8128791,6.820,67.525,-1326.982,0.2600724,3,OK,6.584,67.600,-1326.955,OK,-59.015,127.810,-1291.375,OK,45.850,131.263,-1276.905,Port 0x03: JJH Y femur tracker  s/n:3E4C8801,764943262,1779974654.368776861,1,OK,0.8974464,0.1231929,0.1758349,-0.3853511,-228.665,66.244,-1400.069,0.3560587,3,OK,-228.520,65.810,-1400.275,OK,-207.026,158.370,-1369.137,OK,-288.504,126.906,-1361.693
3,Port 0x01: JJH Probe  s/n:3E4C880C,764943265,1779974654.418776861,1,Too Few Markers,-3.697314E28,-3.697314E28,-3.697314E28,-3.697314E28,-3.697314E28,-3.697314E28,-3.697314E28,0.0000000,3,Missing,-3.697314E28,-3.697314E28,-3.697314E28,Missing,-3.697314E28,-3.697314E28,-3.697314E28,Missing,-3.697314E28,-3.697314E28,-3.697314E28,Port 0x02: JJH T tibia tracker  s/n:3E4C8800,764943265,1779974654.418776861,1,OK,0.4932743,0.2004672,0.2367941,-0.8126635,6.990,67.179,-1326.205,0.2532290,3,OK,6.758,67.218,-1326.203,OK,-58.768,127.379,-1290.278,OK,46.105,130.711,-1275.896,Port 0x03: JJH Y femur tracker  s/n:3E4C8801,764943265,1779974654.418776861,1,OK,0.8946280,0.1179624,0.1909248,-0.3863590,-227.321,66.039,-1396.444,0.3565461,3,OK,-227.177,65.608,-1396.656,OK,-204.845,158.111,-1365.989,OK,-285.975,126.513,-1355.993
3,Port 0x01: JJH Probe  s/n:3E4C880C,764943268,1779974654.468776861,1,Too Few Markers,-3.697314E28,-3.697314E28,-3.697314E28,-3.697314E28,-3.697314E28,-3.697314E28,-3.697314E28,0.0000000,3,Missing,-3.697314E28,-3.697314E28,-3.697314E28,Missing,-3.697314E28,-3.697314E28,-3.697314E28,Missing,-3.697314E28,-3.697314E28,-3.697314E28,Port 0x02: JJH T tibia tracker  s/n:3E4C8800,764943268,1779974654.468776861,1,OK,0.4925549,0.2006605,0.2375715,-0.8128252,7.264,66.687,-1325.286,0.2514251,3,OK,7.036,66.759,-1325.260,OK,-58.398,126.890,-1289.209,OK,46.489,130.068,-1274.923,Port 0x03: JJH Y femur tracker  s/n:3E4C8801,764943268,1779974654.468776861,1,OK,0.8916884,0.1133239,0.2050636,-0.3872963,-225.825,65.841,-1392.972,0.3541488,3,OK,-225.674,65.421,-1393.189,OK,-202.547,157.830,-1362.942,OK,-283.305,126.134,-1350.580
3,Port 0x01: JJH Probe  s/n:3E4C880C,764943271,1779974654.518776862,1,Too Few Markers,-3.697314E28,-3.697314E28,-3.697314E28,-3.697314E28,-3.697314E28,-3.697314E28,-3.697314E28,0.0000000,3,Missing,-3.697314E28,-3.697314E28,-3.697314E28,Missing,-3.697314E28,-3.697314E28,-3.697314E28,Missing,-3.697314E28,-3.697314E28,-3.697314E28,Port 0x02: JJH T tibia tracker  s/n:3E4C8800,764943271,1779974654.518776862,1,OK,0.4916630,0.2014801,0.2388151,-0.8127980,7.618,66.268,-1324.552,0.2575152,3,OK,7.382,66.327,-1324.537,OK,-57.952,126.442,-1288.262,OK,46.948,129.450,-1273.988,Port 0x03: JJH Y femur tracker  s/n:3E4C8801,764943271,1779974654.518776862,1,OK,0.8884760,0.1081402,0.2197806,-0.3880885,-224.254,65.635,-1389.606,0.3562039,3,OK,-224.102,65.218,-1389.831,OK,-200.191,157.571,-1360.093,OK,-280.440,125.741,-1345.254
3,Port 0x01: JJH Probe  s/n:3E4C880C,764943274,1779974654.568776862,1,Too Few Markers,-3.697314E28,-3.697314E28,-3.697314E28,-3.697314E28,-3.697314E28,-3.697314E28,-3.697314E28,0.0000000,3,Missing,-3.697314E28,-3.697314E28,-3.697314E28,Missing,-3.697314E28,-3.697314E28,-3.697314E28,Missing,-3.697314E28,-3.697314E28,-3.697314E28,Port 0x02: JJH T tibia tracker  s/n:3E4C8800,764943274,1779974654.568776862,1,OK,0.4907133,0.2020062,0.2397531,-0.8129652,7.993,65.820,-1323.806,0.2577237,3,OK,7.757,65.879,-1323.790,OK,-57.462,126.013,-1287.336,OK,47.453,128.822,-1273.116,Port 0x03: JJH Y femur tracker  s/n:3E4C8801,764943274,1779974654.568776862,1,OK,0.8849189,0.1033610,0.2345751,-0.3888568,-222.562,65.446,-1386.241,0.3692989,3,OK,-222.407,65.019,-1386.480,OK,-197.694,157.305,-1357.186,OK,-277.373,125.349,-1339.918
3,Port 0x01: JJH Probe  s/n:3E4C880C,764943277,1779974654.618776861,1,Too Few Markers,-3.697314E28,-3.697314E28,-3.697314E28,-3.697314E28,-3.697314E28,-3.697314E28,-3.697314E28,0.0000000,3,Missing,-3.697314E28,-3.697314E28,-3.697314E28,Missing,-3.697314E28,-3.697314E28,-3.697314E28,Missing,-3.697314E28,-3.697314E28,-3.697314E28,Port 0x02: JJH T tibia tracker  s/n:3E4C8800,764943277,1779974654.618776861,1,OK,0.4897103,0.2022131,0.2404005,-0.8133273,8.438,65.375,-1323.091,0.2643403,3,OK,8.198,65.448,-1323.066,OK,-56.874,125.624,-1286.478,OK,48.066,128.223,-1272.348,Port 0x03: JJH Y femur tracker  s/n:3E4C8801,764943277,1779974654.618776861,1,OK,0.8811459,0.0978332,0.2493873,-0.3896364,-220.663,65.247,-1382.752,0.3582775,3,OK,-220.520,64.834,-1382.989,OK,-194.998,157.066,-1354.319,OK,-274.003,124.971,-1334.554
3,Port 0x01: JJH Probe  s/n:3E4C880C,764943280,1779974654.668776861,1,Too Few Markers,-3.697314E28,-3.697314E28,-3.697314E28,-3.697314E28,-3.697314E28,-3.697314E28,-3.697314E28,0.0000000,3,Missing,-3.697314E28,-3.697314E28,-3.697314E28,Missing,-3.697314E28,-3.697314E28,-3.697314E28,Missing,-3.697314E28,-3.697314E28,-3.697314E28,Port 0x02: JJH T tibia tracker  s/n:3E4C8800,764943280,1779974654.668776861,1,OK,0.4879624,0.2035735,0.2423965,-0.8134460,8.868,64.530,-1321.914,0.2580651,3,OK,8.639,64.617,-1321.876,OK,-56.259,124.771,-1284.943,OK,48.699,126.985,-1270.880,Port 0x03: JJH Y femur tracker  s/n:3E4C8801,764943280,1779974654.668776861,1,OK,0.8765667,0.0926966,0.2660772,-0.3901810,-218.656,65.063,-1379.282,0.3881408,3,OK,-218.497,64.626,-1379.549,OK,-192.106,156.785,-1351.363,OK,-270.329,124.523,-1328.909
3,Port 0x01: JJH Probe  s/n:3E4C880C,764943283,1779974654.718776861,1,Too Few Markers,-3.697314E28,-3.697314E28,-3.697314E28,-3.697314E28,-3.697314E28,-3.697314E28,-3.697314E28,0.0000000,3,Missing,-3.697314E28,-3.697314E28,-3.697314E28,Missing,-3.697314E28,-3.697314E28,-3.697314E28,Missing,-3.697314E28,-3.697314E28,-3.697314E28,Port 0x02: JJH T tibia tracker  s/n:3E4C8800,764943283,1779974654.718776861,1,OK,0.4863137,0.2046532,0.2444101,-0.8135599,9.625,63.582,-1321.025,0.2597881,3,OK,9.389,63.675,-1320.984,OK,-55.298,123.796,-1283.691,OK,49.659,125.686,-1269.725,Port 0x03: JJH Y femur tracker  s/n:3E4C8801,764943283,1779974654.718776861,1,OK,0.8719308,0.0877233,0.2817223,-0.3907350,-216.398,64.926,-1375.888,0.4192416,3,OK,-216.238,64.459,-1376.181,OK,-189.036,156.558,-1348.494,OK,-266.361,124.163,-1323.551
3,Port 0x01: JJH Probe  s/n:3E4C880C,764943286,1779974654.768776862,1,Too Few Markers,-3.697314E28,-3.697314E28,-3.697314E28,-3.697314E28,-3.697314E28,-3.697314E28,-3.697314E28,0.0000000,3,Missing,-3.697314E28,-3.697314E28,-3.697314E28,Missing,-3.697314E28,-3.697314E28,-3.697314E28,Missing,-3.697314E28,-3.697314E28,-3.697314E28,Port 0x02: JJH T tibia tracker  s/n:3E4C8800,764943286,1779974654.768776862,1,OK,0.4845580,0.2049378,0.2439662,-0.8146684,10.445,63.080,-1320.674,0.2629695,3,OK,10.206,63.166,-1320.639,OK,-54.208,123.580,-1283.329,OK,50.770,125.033,-1269.402,Port 0x03: JJH Y femur tracker  s/n:3E4C8801,764943286,1779974654.768776862,1,OK,0.8671941,0.0823308,0.2969742,-0.3911550,-214.066,64.777,-1372.556,0.4253188,3,OK,-213.905,64.315,-1372.859,OK,-185.933,156.342,-1345.805,OK,-262.305,123.801,-1318.386
3,Port 0x01: JJH Probe  s/n:3E4C880C,764943289,1779974654.818776862,1,Too Few Markers,-3.697314E28,-3.697314E28,-3.697314E28,-3.697314E28,-3.697314E28,-3.697314E28,-3.697314E28,0.0000000,3,Missing,-3.697314E28,-3.697314E28,-3.697314E28,Missing,-3.697314E28,-3.697314E28,-3.697314E28,Missing,-3.697314E28,-3.697314E28,-3.697314E28,Port 0x02: JJH T tibia tracker  s/n:3E4C8800,764943289,1779974654.818776862,1,OK,0.4831339,0.2047404,0.2433250,-0.8157548,11.150,62.775,-1320.559,0.2573819,3,OK,10.919,62.851,-1320.531,OK,-53.264,123.557,-1283.226,OK,51.738,124.649,-1269.392,Port 0x03: JJH Y femur tracker  s/n:3E4C8801,764943289,1779974654.818776862,1,OK,0.8626506,0.0770849,0.3108894,-0.3914584,-211.845,64.630,-1369.566,0.4346882,3,OK,-211.696,64.159,-1369.879,OK,-183.031,156.172,-1343.472,OK,-258.440,123.470,-1313.794
3,Port 0x01: JJH Probe  s/n:3E4C880C,764943292,1779974654.868776861,1,Too Few Markers,-3.697314E28,-3.697314E28,-3.697314E28,-3.697314E28,-3.697314E28,-3.697314E28,-3.697314E28,0.0000000,3,Missing,-3.697314E28,-3.697314E28,-3.697314E28,Missing,-3.697314E28,-3.697314E28,-3.697314E28,Missing,-3.697314E28,-3.697314E28,-3.697314E28,Port 0x02: JJH T tibia tracker  s/n:3E4C8800,764943292,1779974654.868776861,1,OK,0.4817402,0.2047283,0.2431642,-0.8166296,11.832,62.321,-1320.217,0.2622574,3,OK,11.598,62.412,-1320.178,OK,-52.354,123.304,-1282.839,OK,52.665,124.064,-1269.099,Port 0x03: JJH Y femur tracker  s/n:3E4C8801,764943292,1779974654.868776861,1,OK,0.8584149,0.0719796,0.3233901,-0.3916142,-209.746,64.437,-1366.791,0.4240502,3,OK,-209.605,63.985,-1367.099,OK,-180.356,155.966,-1341.378,OK,-254.824,123.118,-1309.644
3,Port 0x01: JJH Probe  s/n:3E4C880C,764943295,1779974654.918776861,1,Too Few Markers,-3.697314E28,-3.697314E28,-3.697314E28,-3.697314E28,-3.697314E28,-3.697314E28,-3.697314E28,0.0000000,3,Missing,-3.697314E28,-3.697314E28,-3.697314E28,Missing,-3.697314E28,-3.697314E28,-3.697314E28,Missing,-3.697314E28,-3.697314E28,-3.697314E28,Port 0x02: JJH T tibia tracker  s/n:3E4C8800,764943295,1779974654.918776861,1,OK,0.4801485,0.2049954,0.2430472,-0.8175343,12.558,61.812,-1319.949,0.2635881,3,OK,12.325,61.913,-1319.903,OK,-51.384,123.015,-1282.518,OK,53.645,123.385,-1268.843,Port 0x03: JJH Y femur tracker  s/n:3E4C8801,764943295,1779974654.918776861,1,OK,0.8541117,0.0683715,0.3353397,-0.3916196,-207.811,64.322,-1364.518,0.4634783,3,OK,-207.658,63.837,-1364.862,OK,-177.843,155.773,-1339.524,OK,-251.418,122.794,-1305.972
3,Port 0x01: JJH Probe  s/n:3E4C880C,764943298,1779974654.968776861,1,Too Few Markers,-3.697314E28,-3.697314E28,-3.697314E28,-3.697314E28,-3.697314E28,-3.697314E28,-3.697314E28,0.0000000,3,Missing,-3.697314E28,-3.697314E28,-3.697314E28,Missing,-3.697314E28,-3.697314E28,-3.697314E28,Missing,-3.697314E28,-3.697314E28,-3.697314E28,Port 0x02: JJH T tibia tracker  s/n:3E4C8800,764943298,1779974654.968776861,1,OK,0.4785020,0.2053829,0.2425997,-0.8185347,13.204,61.269,-1319.784,0.2675447,3,OK,12.965,61.363,-1319.746,OK,-50.484,122.736,-1282.355,OK,54.552,122.694,-1268.688,Port 0x03: JJH Y femur tracker  s/n:3E4C8801,764943298,1779974654.968776861,1,OK,0.8501932,0.0638881,0.3458898,-0.3917270,-205.983,64.143,-1362.313,0.4583787,3,OK,-205.840,63.669,-1362.655,OK,-175.539,155.594,-1337.950,OK,-248.222,122.499,-1302.674
3,Port 0x01: JJH Probe  s/n:3E4C880C,764943301,1779974655.018776861,1,Too Few Markers,-3.697314E28,-3.697314E28,-3.697314E28,-3.697314E28,-3.697314E28,-3.697314E28,-3.697314E28,0.0000000,3,Missing,-3.697314E28,-3.697314E28,-3.697314E28,Missing,-3.697314E28,-3.697314E28,-3.697314E28,Missing,-3.697314E28,-3.697314E28,-3.697314E28,Port 0x02: JJH T tibia tracker  s/n:3E4C8800,764943301,1779974655.018776861,1,OK,0.4771131,0.2052540,0.2419613,-0.8195661,13.883,60.798,-1319.653,0.2625564,3,OK,13.653,60.908,-1319.602,OK,-49.567,122.525,-1282.249,OK,55.471,122.121,-1268.666,Port 0x03: JJH Y femur tracker  s/n:3E4C8801,764943301,1779974655.018776861,1,OK,0.8468080,0.0601782,0.3547937,-0.3916839,-204.227,63.953,-1360.293,0.4398081,3,OK,-204.104,63.500,-1360.617,OK,-173.403,155.406,-1336.446,OK,-245.281,122.178,-1299.765
3,Port 0x01: JJH Probe  s/n:3E4C880C,764943304,1779974655.068776861,1,Too Few Markers,-3.697314E28,-3.697314E28,-3.697314E28,-3.697314E28,-3.697314E28,-3.697314E28,-3.697314E28,0.0000000,3,Missing,-3.697314E28,-3.697314E28,-3.697314E28,Missing,-3.697314E28,-3.697314E28,-3.697314E28,Missing,-3.697314E28,-3.697314E28,-3.697314E28,Port 0x02: JJH T tibia tracker  s/n:3E4C8800,764943304,1779974655.068776861,1,OK,0.4757764,0.2054345,0.2415901,-0.8204070,14.518,60.359,-1319.599,0.2612335,3,OK,14.285,60.461,-1319.554,OK,-48.712,122.302,-1282.188,OK,56.318,121.570,-1268.638,Port 0x03: JJH Y femur tracker  s/n:3E4C8801,764943304,1779974655.068776861,1,OK,0.8431356,0.0568154,0.3640936,-0.3915739,-202.596,63.784,-1358.589,0.4631519,3,OK,-202.465,63.313,-1358.938,OK,-171.361,155.207,-1335.197,OK,-242.424,121.871,-1297.074
3,Port 0x01: JJH Probe  s/n:3E4C880C,764943307,1779974655.118776861,1,Too Few Markers,-3.697314E28,-3.697314E28,-3.697314E28,-3.697314E28,-3.697314E28,-3.697314E28,-3.697314E28,0.0000000,3,Missing,-3.697314E28,-3.697314E28,-3.697314E28,Missing,-3.697314E28,-3.697314E28,-3.697314E28,Missing,-3.697314E28,-3.697314E28,-3.697314E28,Port 0x02: JJH T tibia tracker  s/n:3E4C8800,764943307,1779974655.118776861,1,OK,0.4745254,0.2052362,0.2411266,-0.8213170,15.049,60.015,-1319.532,0.2629770,3,OK,14.815,60.115,-1319.491,OK,-47.964,122.183,-1282.122,OK,57.082,121.148,-1268.658,Port 0x03: JJH Y femur tracker  s/n:3E4C8801,764943307,1779974655.118776861,1,OK,0.8397183,0.0535869,0.3726594,-0.3913138,-201.048,63.649,-1356.920,0.4781829,3,OK,-200.915,63.171,-1357.282,OK,-169.478,155.053,-1333.961,OK,-239.725,121.598,-1294.533
3,Port 0x01: JJH Probe  s/n:3E4C880C,764943310,1779974655.168776861,1,Too Few Markers,-3.697314E28,-3.697314E28,-3.697314E28,-3.697314E28,-3.697314E28,-3.697314E28,-3.697314E28,0.0000000,3,Missing,-3.697314E28,-3.697314E28,-3.697314E28,Missing,-3.697314E28,-3.697314E28,-3.697314E28,Missing,-3.697314E28,-3.697314E28,-3.697314E28,Port 0x02: JJH T tibia tracker  s/n:3E4C8800,764943310,1779974655.168776861,1,OK,0.4734543,0.2051456,0.2404333,-0.8221607,15.661,59.695,-1319.484,0.2614419,3,OK,15.427,59.793,-1319.445,OK,-47.163,122.084,-1282.125,OK,57.880,120.771,-1268.698,Port 0x03: JJH Y femur tracker  s/n:3E4C8801,764943310,1779974655.168776861,1,OK,0.8363922,0.0502821,0.3805996,-0.3912337,-199.441,63.489,-1355.282,0.4727507,3,OK,-199.317,63.025,-1355.638,OK,-167.543,154.885,-1332.804,OK,-236.998,121.335,-1292.145
3,Port 0x01: JJH Probe  s/n:3E4C880C,764943313,1779974655.218776861,1,Too Few Markers,-3.697314E28,-3.697314E28,-3.697314E28,-3.697314E28,-3.697314E28,-3.697314E28,-3.697314E28,0.0000000,3,Missing,-3.697314E28,-3.697314E28,-3.697314E28,Missing,-3.697314E28,-3.697314E28,-3.697314E28,Missing,-3.697314E28,-3.697314E28,-3.697314E28,Port 0x02: JJH T tibia tracker  s/n:3E4C8800,764943313,1779974655.218776861,1,OK,0.4722881,0.2048571,0.2397697,-0.8230966,16.273,59.412,-1319.506,0.2557482,3,OK,16.049,59.518,-1319.459,OK,-46.340,122.037,-1282.179,OK,58.706,120.422,-1268.842,Port 0x03: JJH Y femur tracker  s/n:3E4C8801,764943313,1779974655.218776861,1,OK,0.8332347,0.0471433,0.3879954,-0.3910972,-197.816,63.341,-1353.659,0.4735855,3,OK,-197.703,62.882,-1354.010,OK,-165.633,154.737,-1331.634,OK,-234.309,121.095,-1289.848
3,Port 0x01: JJH Probe  s/n:3E4C880C,764943316,1779974655.268776861,1,Too Few Markers,-3.697314E28,-3.697314E28,-3.697314E28,-3.697314E28,-3.697314E28,-3.697314E28,-3.697314E28,0.0000000,3,Missing,-3.697314E28,-3.697314E28,-3.697314E28,Missing,-3.697314E28,-3.697314E28,-3.697314E28,Missing,-3.697314E28,-3.697314E28,-3.697314E28,Port 0x02: JJH T tibia tracker  s/n:3E4C8800,764943316,1779974655.268776861,1,OK,0.4711248,0.2046469,0.2385609,-0.8241661,16.872,59.105,-1319.536,0.2650732,3,OK,16.644,59.238,-1319.471,OK,-45.524,122.008,-1282.345,OK,59.519,120.072,-1269.026,Port 0x03: JJH Y femur tracker  s/n:3E4C8801,764943316,1779974655.268776861,1,OK,0.8297225,0.0441433,0.3960693,-0.3908212,-196.268,63.219,-1352.245,0.4910490,3,OK,-196.155,62.750,-1352.612,OK,-163.769,154.594,-1330.640,OK,-231.614,120.843,-1287.658
3,Port 0x01: JJH Probe  s/n:3E4C880C,764943319,1779974655.318776861,1,Too Few Markers,-3.697314E28,-3.697314E28,-3.697314E28,-3.697314E28,-3.697314E28,-3.697314E28,-3.697314E28,0.0000000,3,Missing,-3.697314E28,-3.697314E28,-3.697314E28,Missing,-3.697314E28,-3.697314E28,-3.697314E28,Missing,-3.697314E28,-3.697314E28,-3.697314E28,Port 0x02: JJH T tibia tracker  s/n:3E4C8800,764943319,1779974655.318776861,1,OK,0.4697802,0.2045350,0.2383179,-0.8250313,17.517,58.858,-1319.726,0.2504476,3,OK,17.292,58.937,-1319.700,OK,-44.650,121.990,-1282.482,OK,60.397,119.743,-1269.257,Port 0x03: JJH Y femur tracker  s/n:3E4C8801,764943319,1779974655.318776861,1,OK,0.8262898,0.0416116,0.4037427,-0.3905194,-194.681,63.125,-1350.863,0.5287376,3,OK,-194.563,62.623,-1351.262,OK,-161.875,154.464,-1329.594,OK,-228.914,120.615,-1285.525
3,Port 0x01: JJH Probe  s/n:3E4C880C,764943322,1779974655.368776861,1,Too Few Markers,-3.697314E28,-3.697314E28,-3.697314E28,-3.697314E28,-3.697314E28,-3.697314E28,-3.697314E28,0.0000000,3,Missing,-3.697314E28,-3.697314E28,-3.697314E28,Missing,-3.697314E28,-3.697314E28,-3.697314E28,Missing,-3.697314E28,-3.697314E28,-3.697314E28,Port 0x02: JJH T tibia tracker  s/n:3E4C8800,764943322,1779974655.368776861,1,OK,0.4687555,0.2041413,0.2373672,-0.8259852,18.064,58.590,-1319.860,0.2501956,3,OK,17.842,58.676,-1319.829,OK,-43.903,121.967,-1282.703,OK,61.145,119.450,-1269.543,Port 0x03: JJH Y femur tracker  s/n:3E4C8801,764943322,1779974655.368776861,1,OK,0.8229546,0.0380903,0.4110219,-0.3903278,-193.143,62.907,-1349.417,0.4994290,3,OK,-193.042,62.441,-1349.787,OK,-160.076,154.270,-1328.701,OK,-226.288,120.313,-1283.497
3,Port 0x01: JJH Probe  s/n:3E4C880C,764943325,1779974655.418776861,1,Too Few Markers,-3.697314E28,-3.697314E28,-3.697314E28,-3.697314E28,-3.697314E28,-3.697314E28,-3.697314E28,0.0000000,3,Missing,-3.697314E28,-3.697314E28,-3.697314E28,Missing,-3.697314E28,-3.697314E28,-3.697314E28,Missing,-3.697314E28,-3.697314E28,-3.697314E28,Port 0x02: JJH T tibia tracker  s/n:3E4C8800,764943325,1779974655.418776861,1,OK,0.4677138,0.2036604,0.2362495,-0.8270142,18.683,58.557,-1320.135,0.2460132,3,OK,18.462,58.632,-1320.112,OK,-43.071,122.207,-1283.082,OK,61.970,119.417,-1269.985,Port 0x03: JJH Y femur tracker  s/n:3E4C8801,764943325,1779974655.418776861,1,OK,0.8197190,0.0354610,0.4178634,-0.3901199,-191.563,62.827,-1348.150,0.5042339,3,OK,-191.470,62.370,-1348.515,OK,-158.236,154.163,-1327.819,OK,-223.655,120.126,-1281.649
3,Port 0x01: JJH Probe  s/n:3E4C880C,764943328,1779974655.468776861,1,Too Few Markers,-3.697314E28,-3.697314E28,-3.697314E28,-3.697314E28,-3.697314E28,-3.697314E28,-3.697314E28,0.0000000,3,Missing,-3.697314E28,-3.697314E28,-3.697314E28,Missing,-3.697314E28,-3.697314E28,-3.697314E28,Missing,-3.697314E28,-3.697314E28,-3.697314E28,Port 0x02: JJH T tibia tracker  s/n:3E4C8800,764943328,1779974655.468776861,1,OK,0.4670583,0.2027596,0.2341674,-0.8281973,19.253,58.472,-1320.414,0.2504554,3,OK,19.029,58.563,-1320.381,OK,-42.320,122.444,-1283.638,OK,62.717,119.440,-1270.563,Port 0x03: JJH Y femur tracker  s/n:3E4C8801,764943328,1779974655.468776861,1,OK,0.8164463,0.0327016,0.4248140,-0.3897166,-190.035,62.635,-1346.962,0.5258257,3,OK,-189.945,62.161,-1347.342,OK,-156.480,153.969,-1327.025,OK,-221.079,119.826,-1279.867
3,Port 0x01: JJH Probe  s/n:3E4C880C,764943331,1779974655.518776861,1,Too Few Markers,-3.697314E28,-3.697314E28,-3.697314E28,-3.697314E28,-3.697314E28,-3.697314E28,-3.697314E28,0.0000000,3,Missing,-3.697314E28,-3.697314E28,-3.697314E28,Missing,-3.697314E28,-3.697314E28,-3.697314E28,Missing,-3.697314E28,-3.697314E28,-3.697314E28,Port 0x02: JJH T tibia tracker  s/n:3E4C8800,764943331,1779974655.518776861,1,OK,0.4661324,0.2018790,0.2326366,-0.8293646,19.803,58.545,-1320.840,0.2404512,3,OK,19.591,58.624,-1320.815,OK,-41.562,122.833,-1284.226,OK,63.483,119.566,-1271.245,Port 0x03: JJH Y femur tracker  s/n:3E4C8801,764943331,1779974655.518776861,1,OK,0.8130373,0.0300261,0.4318048,-0.3893757,-188.591,62.574,-1345.805,0.5399126,3,OK,-188.498,62.090,-1346.204,OK,-154.775,153.893,-1326.273,OK,-218.573,119.655,-1278.104
3,Port 0x01: JJH Probe  s/n:3E4C880C,764943334,1779974655.568776861,1,Too Few Markers,-3.697314E28,-3.697314E28,-3.697314E28,-3.697314E28,-3.697314E28,-3.697314E28,-3.697314E28,0.0000000,3,Missing,-3.697314E28,-3.697314E28,-3.697314E28,Missing,-3.697314E28,-3.697314E28,-3.697314E28,Missing,-3.697314E28,-3.697314E28,-3.697314E28,Port 0x02: JJH T tibia tracker  s/n:3E4C8800,764943334,1779974655.568776861,1,OK,0.4652247,0.2013416,0.2309474,-0.8304763,20.454,58.538,-1321.343,0.2434387,3,OK,20.232,58.590,-1321.339,OK,-40.705,123.140,-1284.934,OK,64.326,119.621,-1271.951,Port 0x03: JJH Y femur tracker  s/n:3E4C8801,764943334,1779974655.568776861,1,OK,0.8096269,0.0270886,0.4387660,-0.3889149,-187.003,62.370,-1344.646,0.5464725,3,OK,-186.909,61.889,-1345.053,OK,-152.971,153.689,-1325.559,OK,-215.920,119.345,-1276.383
3,Port 0x01: JJH Probe  s/n:3E4C880C,764943337,1779974655.618776861,1,Too Few Markers,-3.697314E28,-3.697314E28,-3.697314E28,-3.697314E28,-3.697314E28,-3.697314E28,-3.697314E28,0.0000000,3,Missing,-3.697314E28,-3.697314E28,-3.697314E28,Missing,-3.697314E28,-3.697314E28,-3.697314E28,Missing,-3.697314E28,-3.697314E28,-3.697314E28,Port 0x02: JJH T tibia tracker  s/n:3E4C8800,764943337,1779974655.618776861,1,OK,0.4643578,0.2004631,0.2285917,-0.8318246,21.120,58.651,-1321.866,0.2548440,3,OK,20.888,58.702,-1321.865,OK,-39.825,123.626,-1285.773,OK,65.213,119.844,-1272.783,Port 0x03: JJH Y femur tracker  s/n:3E4C8801,764943337,1779974655.618776861,1,OK,0.8061630,0.0240929,0.4456224,-0.3885119,-185.353,62.248,-1343.406,0.5496472,3,OK,-185.264,61.774,-1343.813,OK,-151.110,153.570,-1324.781,OK,-213.186,119.130,-1274.628
3,Port 0x01: JJH Probe  s/n:3E4C880C,764943340,1779974655.668776861,1,Too Few Markers,-3.697314E28,-3.697314E28,-3.697314E28,-3.697314E28,-3.697314E28,-3.697314E28,-3.697314E28,0.0000000,3,Missing,-3.697314E28,-3.697314E28,-3.697314E28,Missing,-3.697314E28,-3.697314E28,-3.697314E28,Missing,-3.697314E28,-3.697314E28,-3.697314E28,Port 0x02: JJH T tibia tracker  s/n:3E4C8800,764943340,1779974655.668776861,1,OK,0.4637028,0.1990272,0.2263942,-0.8331348,21.677,58.823,-1322.461,0.2380995,3,OK,21.461,58.871,-1322.461,OK,-39.060,124.155,-1286.636,OK,65.966,120.159,-1273.763,Port 0x03: JJH Y femur tracker  s/n:3E4C8801,764943340,1779974655.668776861,1,OK,0.8026179,0.0216072,0.4524354,-0.3881236,-183.833,62.139,-1342.363,0.5711586,3,OK,-183.745,61.655,-1342.785,OK,-149.350,153.432,-1324.109,OK,-210.569,118.906,-1273.044
3,Port 0x01: JJH Probe  s/n:3E4C880C,764943343,1779974655.718776861,1,Too Few Markers,-3.697314E28,-3.697314E28,-3.697314E28,-3.697314E28,-3.697314E28,-3.697314E28,-3.697314E28,0.0000000,3,Missing,-3.697314E28,-3.697314E28,-3.697314E28,Missing,-3.697314E28,-3.697314E28,-3.697314E28,Missing,-3.697314E28,-3.697314E28,-3.697314E28,Port 0x02: JJH T tibia tracker  s/n:3E4C8800,764943343,1779974655.718776861,1,OK,0.4631426,0.1977126,0.2240331,-0.8343967,22.305,59.093,-1323.246,0.2385828,3,OK,22.086,59.124,-1323.258,OK,-38.240,124.776,-1287.731,OK,66.779,120.599,-1274.912,Port 0x03: JJH Y femur tracker  s/n:3E4C8801,764943343,1779974655.718776861,1,OK,0.7994353,0.0186474,0.4585301,-0.3876928,-182.312,61.967,-1341.310,0.5517576,3,OK,-182.240,61.502,-1341.710,OK,-147.663,153.293,-1323.530,OK,-208.070,118.647,-1271.593
3,Port 0x01: JJH Probe  s/n:3E4C880C,764943346,1779974655.768776861,1,Too Few Markers,-3.697314E28,-3.697314E28,-3.697314E28,-3.697314E28,-3.697314E28,-3.697314E28,-3.697314E28,0.0000000,3,Missing,-3.697314E28,-3.697314E28,-3.697314E28,Missing,-3.697314E28,-3.697314E28,-3.697314E28,Missing,-3.697314E28,-3.697314E28,-3.697314E28,Port 0x02: JJH T tibia tracker  s/n:3E4C8800,764943346,1779974655.768776861,1,OK,0.4627197,0.1964510,0.2214124,-0.8356279,22.875,59.415,-1323.980,0.2285689,3,OK,22.669,59.429,-1324.002,OK,-37.510,125.462,-1288.825,OK,67.502,121.105,-1276.026,Port 0x03: JJH Y femur tracker  s/n:3E4C8801,764943346,1779974655.768776861,1,OK,0.7963407,0.0164474,0.4643081,-0.3872842,-180.984,61.865,-1340.513,0.5776106,3,OK,-180.898,61.382,-1340.950,OK,-146.143,153.170,-1323.079,OK,-205.817,118.463,-1270.329
3,Port 0x01: JJH Probe  s/n:3E4C880C,764943349,1779974655.818776861,1,Too Few Markers,-3.697314E28,-3.697314E28,-3.697314E28,-3.697314E28,-3.697314E28,-3.697314E28,-3.697314E28,0.0000000,3,Missing,-3.697314E28,-3.697314E28,-3.697314E28,Missing,-3.697314E28,-3.697314E28,-3.697314E28,Missing,-3.697314E28,-3.697314E28,-3.697314E28,Port 0x02: JJH T tibia tracker  s/n:3E4C8800,764943349,1779974655.818776861,1,OK,0.4623235,0.1953455,0.2190803,-0.8367203,23.290,59.637,-1324.677,0.2325340,3,OK,23.082,59.635,-1324.709,OK,-36.947,126.000,-1289.848,OK,68.065,121.495,-1277.052,Port 0x03: JJH Y femur tracker  s/n:3E4C8801,764943349,1779974655.818776861,1,OK,0.7937736,0.0139386,0.4691104,-0.3868652,-179.841,61.650,-1339.697,0.5699189,3,OK,-179.764,61.186,-1340.118,OK,-144.911,152.981,-1322.656,OK,-203.886,118.197,-1269.233
3,Port 0x01: JJH Probe  s/n:3E4C880C,764943352,1779974655.868776861,1,Too Few Markers,-3.697314E28,-3.697314E28,-3.697314E28,-3.697314E28,-3.697314E28,-3.697314E28,-3.697314E28,0.0000000,3,Missing,-3.697314E28,-3.697314E28,-3.697314E28,Missing,-3.697314E28,-3.697314E28,-3.697314E28,Missing,-3.697314E28,-3.697314E28,-3.697314E28,Port 0x02: JJH T tibia tracker  s/n:3E4C8800,764943352,1779974655.868776861,1,OK,0.4620330,0.1937660,0.2164564,-0.8379301,23.768,59.914,-1325.328,0.2256404,3,OK,23.562,59.931,-1325.348,OK,-36.304,126.604,-1290.870,OK,68.691,121.971,-1278.138,Port 0x03: JJH Y femur tracker  s/n:3E4C8801,764943352,1779974655.868776861,1,OK,0.7913747,0.0123779,0.4735048,-0.3864791,-178.732,61.600,-1339.046,0.5881540,3,OK,-178.664,61.124,-1339.470,OK,-143.674,152.921,-1322.223,OK,-202.037,118.057,-1268.281
3,Port 0x01: JJH Probe  s/n:3E4C880C,764943355,1779974655.918776861,1,Too Few Markers,-3.697314E28,-3.697314E28,-3.697314E28,-3.697314E28,-3.697314E28,-3.697314E28,-3.697314E28,0.0000000,3,Missing,-3.697314E28,-3.697314E28,-3.697314E28,Missing,-3.697314E28,-3.697314E28,-3.697314E28,Missing,-3.697314E28,-3.697314E28,-3.697314E28,Port 0x02: JJH T tibia tracker  s/n:3E4C8800,764943355,1779974655.918776861,1,OK,0.4616405,0.1925832,0.2144998,-0.8389217,24.211,60.207,-1326.101,0.2307720,3,OK,24.004,60.199,-1326.138,OK,-35.721,127.177,-1291.905,OK,69.288,122.415,-1279.222,Port 0x03: JJH Y femur tracker  s/n:3E4C8801,764943355,1779974655.918776861,1,OK,0.7893227,0.0107081,0.4771792,-0.3862059,-177.761,61.520,-1338.493,0.5935279,3,OK,-177.692,61.042,-1338.927,OK,-142.603,152.845,-1321.943,OK,-200.458,117.936,-1267.482
3,Port 0x01: JJH Probe  s/n:3E4C880C,764943358,1779974655.968776861,1,Too Few Markers,-3.697314E28,-3.697314E28,-3.697314E28,-3.697314E28,-3.697314E28,-3.697314E28,-3.697314E28,0.0000000,3,Missing,-3.697314E28,-3.697314E28,-3.697314E28,Missing,-3.697314E28,-3.697314E28,-3.697314E28,Missing,-3.697314E28,-3.697314E28,-3.697314E28,Port 0x02: JJH T tibia tracker  s/n:3E4C8800,764943358,1779974655.968776861,1,OK,0.4614034,0.1918105,0.2127854,-0.8396654,24.506,60.414,-1326.476,0.2280628,3,OK,24.299,60.406,-1326.511,OK,-35.322,127.597,-1292.529,OK,69.670,122.736,-1279.840,Port 0x03: JJH Y femur tracker  s/n:3E4C8801,764943358,1779974655.968776861,1,OK,0.7881609,0.0096754,0.4790601,-0.3862774,-177.201,61.546,-1338.094,0.5823869,3,OK,-177.139,61.087,-1338.506,OK,-141.968,152.868,-1321.731,OK,-199.541,117.964,-1267.008
3,Port 0x01: JJH Probe  s/n:3E4C880C,764943361,1779974656.018776864,1,Too Few Markers,-3.697314E28,-3.697314E28,-3.697314E28,-3.697314E28,-3.697314E28,-3.697314E28,-3.697314E28,0.0000000,3,Missing,-3.697314E28,-3.697314E28,-3.697314E28,Missing,-3.697314E28,-3.697314E28,-3.697314E28,Missing,-3.697314E28,-3.697314E28,-3.697314E28,Port 0x02: JJH T tibia tracker  s/n:3E4C8800,764943361,1779974656.018776864,1,OK,0.4612510,0.1917236,0.2120214,-0.8399622,24.514,60.567,-1326.532,0.2222491,3,OK,24.315,60.551,-1326.572,OK,-35.276,127.853,-1292.699,OK,69.704,122.920,-1279.969,Port 0x03: JJH Y femur tracker  s/n:3E4C8801,764943361,1779974656.018776864,1,OK,0.7887181,0.0104689,0.4779203,-0.3865311,-177.400,61.740,-1338.312,0.5887101,3,OK,-177.342,61.263,-1338.731,OK,-142.141,153.050,-1321.832,OK,-199.907,118.170,-1267.282
3,Port 0x01: JJH Probe  s/n:3E4C880C,764943364,1779974656.068776864,1,Too Few Markers,-3.697314E28,-3.697314E28,-3.697314E28,-3.697314E28,-3.697314E28,-3.697314E28,-3.697314E28,0.0000000,3,Missing,-3.697314E28,-3.697314E28,-3.697314E28,Missing,-3.697314E28,-3.697314E28,-3.697314E28,Missing,-3.697314E28,-3.697314E28,-3.697314E28,Port 0x02: JJH T tibia tracker  s/n:3E4C8800,764943364,1779974656.068776864,1,OK,0.4614224,0.1931077,0.2121188,-0.8395263,24.003,60.510,-1326.090,0.2321071,3,OK,23.794,60.494,-1326.132,OK,-35.879,127.730,-1292.303,OK,69.078,122.803,-1279.313,Port 0x03: JJH Y femur tracker  s/n:3E4C8801,764943364,1779974656.068776864,1,OK,0.7915735,0.0126759,0.4727023,-0.3870442,-178.683,61.934,-1339.162,0.5786973,3,OK,-178.614,61.468,-1339.580,OK,-143.554,153.227,-1322.351,OK,-202.052,118.456,-1268.473
3,Port 0x01: JJH Probe  s/n:3E4C880C,764943367,1779974656.118776864,1,Too Few Markers,-3.697314E28,-3.697314E28,-3.697314E28,-3.697314E28,-3.697314E28,-3.697314E28,-3.697314E28,0.0000000,3,Missing,-3.697314E28,-3.697314E28,-3.697314E28,Missing,-3.697314E28,-3.697314E28,-3.697314E28,Missing,-3.697314E28,-3.697314E28,-3.697314E28,Port 0x02: JJH T tibia tracker  s/n:3E4C8800,764943367,1779974656.118776864,1,OK,0.4617586,0.1949623,0.2132690,-0.8386209,23.237,60.249,-1325.351,0.2317819,3,OK,23.030,60.240,-1325.389,OK,-36.809,127.272,-1291.458,OK,68.131,122.401,-1278.220,Port 0x03: JJH Y femur tracker  s/n:3E4C8801,764943367,1779974656.118776864,1,OK,0.7964732,0.0167238,0.4635915,-0.3878578,-180.902,62.136,-1340.686,0.5789229,3,OK,-180.827,61.656,-1341.107,OK,-146.001,153.414,-1323.243,OK,-205.753,118.803,-1270.608
3,Port 0x01: JJH Probe  s/n:3E4C880C,764943370,1779974656.168776864,1,Too Few Markers,-3.697314E28,-3.697314E28,-3.697314E28,-3.697314E28,-3.697314E28,-3.697314E28,-3.697314E28,0.0000000,3,Missing,-3.697314E28,-3.697314E28,-3.697314E28,Missing,-3.697314E28,-3.697314E28,-3.697314E28,Missing,-3.697314E28,-3.697314E28,-3.697314E28,Port 0x02: JJH T tibia tracker  s/n:3E4C8800,764943370,1779974656.168776864,1,OK,0.4619651,0.1971703,0.2158191,-0.8373376,22.306,59.652,-1324.362,0.2302625,3,OK,22.099,59.668,-1324.384,OK,-37.910,126.338,-1290.139,OK,67.010,121.540,-1276.733,Port 0x03: JJH Y femur tracker  s/n:3E4C8801,764943370,1779974656.168776864,1,OK,0.8028578,0.0213867,0.4513219,-0.3889351,-183.806,62.393,-1342.773,0.5535264,3,OK,-183.723,61.920,-1343.181,OK,-149.257,153.694,-1324.647,OK,-210.619,119.305,-1273.618
3,Port 0x01: JJH Probe  s/n:3E4C880C,764943373,1779974656.218776864,1,Too Few Markers,-3.697314E28,-3.697314E28,-3.697314E28,-3.697314E28,-3.697314E28,-3.697314E28,-3.697314E28,0.0000000,3,Missing,-3.697314E28,-3.697314E28,-3.697314E28,Missing,-3.697314E28,-3.697314E28,-3.697314E28,Missing,-3.697314E28,-3.697314E28,-3.697314E28,Port 0x02: JJH T tibia tracker  s/n:3E4C8800,764943373,1779974656.218776864,1,OK,0.4622221,0.2010295,0.2209874,-0.8349266,21.065,58.509,-1322.775,0.2356374,3,OK,20.854,58.552,-1322.780,OK,-39.449,124.542,-1287.854,OK,65.457,119.885,-1274.221,Port 0x03: JJH Y femur tracker  s/n:3E4C8801,764943373,1779974656.218776864,1,OK,0.8102469,0.0278723,0.4366448,-0.3899543,-187.308,62.537,-1345.321,0.5437753,3,OK,-187.210,62.060,-1345.728,OK,-153.178,153.809,-1326.205,OK,-216.425,119.660,-1277.259
3,Port 0x01: JJH Probe  s/n:3E4C880C,764943376,1779974656.268776864,1,Too Few Markers,-3.697314E28,-3.697314E28,-3.697314E28,-3.697314E28,-3.697314E28,-3.697314E28,-3.697314E28,0.0000000,3,Missing,-3.697314E28,-3.697314E28,-3.697314E28,Missing,-3.697314E28,-3.697314E28,-3.697314E28,Missing,-3.697314E28,-3.697314E28,-3.697314E28,Port 0x02: JJH T tibia tracker  s/n:3E4C8800,764943376,1779974656.268776864,1,OK,0.4626419,0.2049671,0.2266515,-0.8322140,19.937,57.422,-1321.318,0.2558239,3,OK,19.702,57.470,-1321.323,OK,-40.909,122.714,-1285.638,OK,63.986,118.282,-1271.775,Port 0x03: JJH Y femur tracker  s/n:3E4C8801,764943376,1779974656.268776864,1,OK,0.8182836,0.0345688,0.4199076,-0.3910173,-190.880,62.782,-1348.247,0.5274912,3,OK,-190.783,62.301,-1348.634,OK,-157.298,154.073,-1328.133,OK,-222.520,120.192,-1281.595
3,Port 0x01: JJH Probe  s/n:3E4C880C,764943379,1779974656.318776864,1,Too Few Markers,-3.697314E28,-3.697314E28,-3.697314E28,-3.697314E28,-3.697314E28,-3.697314E28,-3.697314E28,0.0000000,3,Missing,-3.697314E28,-3.697314E28,-3.697314E28,Missing,-3.697314E28,-3.697314E28,-3.697314E28,Missing,-3.697314E28,-3.697314E28,-3.697314E28,Port 0x02: JJH T tibia tracker  s/n:3E4C8800,764943379,1779974656.318776864,1,OK,0.4639737,0.2075006,0.2298812,-0.8299557,18.660,56.958,-1320.597,0.2592711,3,OK,18.425,57.027,-1320.586,OK,-42.582,121.673,-1284.559,OK,62.305,117.592,-1270.443,Port 0x03: JJH Y femur tracker  s/n:3E4C8801,764943379,1779974656.318776864,1,OK,0.8260092,0.0416880,0.4028106,-0.3920645,-194.438,62.963,-1351.538,0.5165662,3,OK,-194.332,62.474,-1351.918,OK,-161.397,154.244,-1330.391,OK,-228.570,120.659,-1286.369
3,Port 0x01: JJH Probe  s/n:3E4C880C,764943382,1779974656.368776864,1,Too Few Markers,-3.697314E28,-3.697314E28,-3.697314E28,-3.697314E28,-3.697314E28,-3.697314E28,-3.697314E28,0.0000000,3,Missing,-3.697314E28,-3.697314E28,-3.697314E28,Missing,-3.697314E28,-3.697314E28,-3.697314E28,Missing,-3.697314E28,-3.697314E28,-3.697314E28,Port 0x02: JJH T tibia tracker  s/n:3E4C8800,764943382,1779974656.368776864,1,OK,0.4656412,0.2090559,0.2325967,-0.8278724,17.398,56.671,-1319.994,0.2611582,3,OK,17.170,56.778,-1319.954,OK,-44.238,120.835,-1283.670,OK,60.646,117.187,-1269.410,Port 0x03: JJH Y femur tracker  s/n:3E4C8801,764943382,1779974656.368776864,1,OK,0.8333595,0.0489111,0.3857182,-0.3928627,-197.930,63.192,-1354.923,0.4902461,3,OK,-197.813,62.712,-1355.288,OK,-165.457,154.456,-1332.747,OK,-234.495,121.135,-1291.300
3,Port 0x01: JJH Probe  s/n:3E4C880C,764943385,1779974656.418776864,1,Too Few Markers,-3.697314E28,-3.697314E28,-3.697314E28,-3.697314E28,-3.697314E28,-3.697314E28,-3.697314E28,0.0000000,3,Missing,-3.697314E28,-3.697314E28,-3.697314E28,Missing,-3.697314E28,-3.697314E28,-3.697314E28,Missing,-3.697314E28,-3.697314E28,-3.697314E28,Port 0x02: JJH T tibia tracker  s/n:3E4C8800,764943385,1779974656.418776864,1,OK,0.4672046,0.2104173,0.2339121,-0.8262745,16.473,56.841,-1320.087,0.2667113,3,OK,16.233,56.937,-1320.056,OK,-45.499,120.627,-1283.686,OK,59.360,117.363,-1269.173,Port 0x03: JJH Y femur tracker  s/n:3E4C8801,764943385,1779974656.418776864,1,OK,0.8400114,0.0546463,0.3694787,-0.3935482,-200.910,63.528,-1358.471,0.4603626,3,OK,-200.785,63.068,-1358.814,OK,-169.056,154.836,-1335.539,OK,-239.692,121.791,-1296.476
3,Port 0x01: JJH Probe  s/n:3E4C880C,764943388,1779974656.468776864,1,Too Few Markers,-3.697314E28,-3.697314E28,-3.697314E28,-3.697314E28,-3.697314E28,-3.697314E28,-3.697314E28,0.0000000,3,Missing,-3.697314E28,-3.697314E28,-3.697314E28,Missing,-3.697314E28,-3.697314E28,-3.697314E28,Missing,-3.697314E28,-3.697314E28,-3.697314E28,Port 0x02: JJH T tibia tracker  s/n:3E4C8800,764943388,1779974656.468776864,1,OK,0.4690690,0.2111506,0.2332229,-0.8252253,15.886,57.192,-1321.486,0.2560683,3,OK,15.661,57.282,-1321.457,OK,-46.431,120.803,-1285.324,OK,58.400,117.891,-1270.489,Port 0x03: JJH Y femur tracker  s/n:3E4C8801,764943388,1779974656.468776864,1,OK,0.8452095,0.0600021,0.3562675,-0.3938198,-202.841,63.724,-1362.703,0.4567690,3,OK,-202.713,63.255,-1363.042,OK,-171.512,155.045,-1339.020,OK,-243.386,122.180,-1302.030
3,Port 0x01: JJH Probe  s/n:3E4C880C,764943391,1779974656.518776864,1,Too Few Markers,-3.697314E28,-3.697314E28,-3.697314E28,-3.697314E28,-3.697314E28,-3.697314E28,-3.697314E28,0.0000000,3,Missing,-3.697314E28,-3.697314E28,-3.697314E28,Missing,-3.697314E28,-3.697314E28,-3.697314E28,Missing,-3.697314E28,-3.697314E28,-3.697314E28,Port 0x02: JJH T tibia tracker  s/n:3E4C8800,764943391,1779974656.518776864,1,OK,0.4704486,0.2142461,0.2333573,-0.8236025,15.833,57.139,-1323.723,0.2672034,3,OK,15.594,57.225,-1323.700,OK,-46.863,120.474,-1287.750,OK,57.888,117.781,-1272.250,Port 0x03: JJH Y femur tracker  s/n:3E4C8801,764943391,1779974656.518776864,1,OK,0.8486652,0.0638719,0.3473421,-0.3937528,-203.427,63.707,-1367.679,0.4677786,3,OK,-203.284,63.223,-1368.029,OK,-172.491,155.023,-1343.437,OK,-245.176,122.264,-1307.885
3,Port 0x01: JJH Probe  s/n:3E4C880C,764943394,1779974656.568776864,1,Too Few Markers,-3.697314E28,-3.697314E28,-3.697314E28,-3.697314E28,-3.697314E28,-3.697314E28,-3.697314E28,0.0000000,3,Missing,-3.697314E28,-3.697314E28,-3.697314E28,Missing,-3.697314E28,-3.697314E28,-3.697314E28,Missing,-3.697314E28,-3.697314E28,-3.697314E28,Port 0x02: JJH T tibia tracker  s/n:3E4C8800,764943394,1779974656.568776864,1,OK,0.4718566,0.2152460,0.2326564,-0.8227342,16.737,57.173,-1327.496,0.2586827,3,OK,16.512,57.273,-1327.461,OK,-46.234,120.377,-1291.758,OK,58.468,117.919,-1275.921,Port 0x03: JJH Y femur tracker  s/n:3E4C8801,764943394,1779974656.568776864,1,OK,0.8500983,0.0647830,0.3421578,-0.3950495,-202.270,63.620,-1373.293,0.4392115,3,OK,-202.132,63.164,-1373.619,OK,-171.354,154.946,-1349.074,OK,-244.501,122.467,-1314.154
3,Port 0x01: JJH Probe  s/n:3E4C880C,764943397,1779974656.618776864,1,Too Few Markers,-3.697314E28,-3.697314E28,-3.697314E28,-3.697314E28,-3.697314E28,-3.697314E28,-3.697314E28,0.0000000,3,Missing,-3.697314E28,-3.697314E28,-3.697314E28,Missing,-3.697314E28,-3.697314E28,-3.697314E28,Missing,-3.697314E28,-3.697314E28,-3.697314E28,Port 0x02: JJH T tibia tracker  s/n:3E4C8800,764943397,1779974656.618776864,1,OK,0.4752215,0.2159737,0.2319868,-0.8207935,15.830,57.954,-1327.289,0.2790130,3,OK,15.581,58.050,-1327.260,OK,-47.714,120.753,-1291.888,OK,56.951,119.043,-1275.584,Port 0x03: JJH Y femur tracker  s/n:3E4C8801,764943397,1779974656.618776864,1,OK,0.8565253,0.0721819,0.3258254,-0.3936901,-204.978,63.889,-1376.628,0.4526622,3,OK,-204.824,63.409,-1376.961,OK,-175.009,155.247,-1351.268,OK,-249.469,122.744,-1319.142
3,Port 0x01: JJH Probe  s/n:3E4C880C,764943400,1779974656.668776864,1,Too Few Markers,-3.697314E28,-3.697314E28,-3.697314E28,-3.697314E28,-3.697314E28,-3.697314E28,-3.697314E28,0.0000000,3,Missing,-3.697314E28,-3.697314E28,-3.697314E28,Missing,-3.697314E28,-3.697314E28,-3.697314E28,Missing,-3.697314E28,-3.697314E28,-3.697314E28,Port 0x02: JJH T tibia tracker  s/n:3E4C8800,764943400,1779974656.668776864,1,OK,0.4774898,0.2154449,0.2323093,-0.8195239,15.257,58.850,-1327.548,0.2632023,3,OK,15.024,58.947,-1327.516,OK,-48.632,121.332,-1292.190,OK,56.014,120.166,-1275.858,Port 0x03: JJH Y femur tracker  s/n:3E4C8801,764943400,1779974656.668776864,1,OK,0.8624951,0.0773804,0.3091546,-0.3931132,-207.293,64.155,-1379.672,0.4155477,3,OK,-207.144,63.708,-1379.972,OK,-178.231,155.634,-1353.675,OK,-253.856,123.245,-1324.144
3,Port 0x01: JJH Probe  s/n:3E4C880C,764943403,1779974656.718776864,1,Too Few Markers,-3.697314E28,-3.697314E28,-3.697314E28,-3.697314E28,-3.697314E28,-3.697314E28,-3.697314E28,0.0000000,3,Missing,-3.697314E28,-3.697314E28,-3.697314E28,Missing,-3.697314E28,-3.697314E28,-3.697314E28,Missing,-3.697314E28,-3.697314E28,-3.697314E28,Port 0x02: JJH T tibia tracker  s/n:3E4C8800,764943403,1779974656.718776864,1,OK,0.4784085,0.2153595,0.2329423,-0.8188305,15.107,59.212,-1328.039,0.2731345,3,OK,14.861,59.293,-1328.019,OK,-48.936,121.502,-1292.626,OK,55.724,120.599,-1276.282,Port 0x03: JJH Y femur tracker  s/n:3E4C8801,764943403,1779974656.718776864,1,OK,0.8674426,0.0832998,0.2937779,-0.3928091,-209.365,64.275,-1382.952,0.4232182,3,OK,-209.206,63.811,-1383.253,OK,-181.041,155.789,-1356.199,OK,-257.724,123.575,-1329.187
3,Port 0x01: JJH Probe  s/n:3E4C880C,764943406,1779974656.768776864,1,Too Few Markers,-3.697314E28,-3.697314E28,-3.697314E28,-3.697314E28,-3.697314E28,-3.697314E28,-3.697314E28,0.0000000,3,Missing,-3.697314E28,-3.697314E28,-3.697314E28,Missing,-3.697314E28,-3.697314E28,-3.697314E28,Missing,-3.697314E28,-3.697314E28,-3.697314E28,Port 0x02: JJH T tibia tracker  s/n:3E4C8800,764943406,1779974656.768776864,1,OK,0.4793226,0.2154143,0.2328719,-0.8183014,14.913,59.592,-1328.468,0.2683643,3,OK,14.670,59.659,-1328.458,OK,-49.279,121.772,-1293.115,OK,55.365,121.075,-1276.687,Port 0x03: JJH Y femur tracker  s/n:3E4C8801,764943406,1779974656.768776864,1,OK,0.8721146,0.0886012,0.2782589,-0.3926040,-211.225,64.441,-1386.005,0.3973337,3,OK,-211.067,64.001,-1386.282,OK,-183.645,156.007,-1358.650,OK,-261.282,123.991,-1334.131
3,Port 0x01: JJH Probe  s/n:3E4C880C,764943409,1779974656.818776864,1,Too Few Markers,-3.697314E28,-3.697314E28,-3.697314E28,-3.697314E28,-3.697314E28,-3.697314E28,-3.697314E28,0.0000000,3,Missing,-3.697314E28,-3.697314E28,-3.697314E28,Missing,-3.697314E28,-3.697314E28,-3.697314E28,Missing,-3.697314E28,-3.697314E28,-3.697314E28,Port 0x02: JJH T tibia tracker  s/n:3E4C8800,764943409,1779974656.818776864,1,OK,0.4811636,0.2142552,0.2322606,-0.8176988,14.577,60.222,-1328.897,0.2630655,3,OK,14.340,60.303,-1328.875,OK,-49.848,122.244,-1293.695,OK,54.793,121.984,-1277.295,Port 0x03: JJH Y femur tracker  s/n:3E4C8801,764943409,1779974656.818776864,1,OK,0.8763204,0.0936801,0.2636952,-0.3921114,-212.951,64.572,-1389.008,0.3950287,3,OK,-212.792,64.127,-1389.277,OK,-186.127,156.199,-1361.066,OK,-264.561,124.332,-1338.935
3,Port 0x01: JJH Probe  s/n:3E4C880C,764943412,1779974656.868776864,1,Too Few Markers,-3.697314E28,-3.697314E28,-3.697314E28,-3.697314E28,-3.697314E28,-3.697314E28,-3.697314E28,0.0000000,3,Missing,-3.697314E28,-3.697314E28,-3.697314E28,Missing,-3.697314E28,-3.697314E28,-3.697314E28,Missing,-3.697314E28,-3.697314E28,-3.697314E28,Port 0x02: JJH T tibia tracker  s/n:3E4C8800,764943412,1779974656.868776864,1,OK,0.4835051,0.2134700,0.2323641,-0.8164927,14.101,61.125,-1329.220,0.2674492,3,OK,13.858,61.208,-1329.196,OK,-50.663,122.830,-1294.099,OK,53.974,123.157,-1277.672,Port 0x03: JJH Y femur tracker  s/n:3E4C8801,764943412,1779974656.868776864,1,OK,0.8803979,0.0986148,0.2493615,-0.3911437,-214.642,64.747,-1392.141,0.3918172,3,OK,-214.477,64.303,-1392.402,OK,-188.654,156.450,-1363.636,OK,-267.779,124.661,-1343.877
3,Port 0x01: JJH Probe  s/n:3E4C880C,764943415,1779974656.918776864,1,Too Few Markers,-3.697314E28,-3.697314E28,-3.697314E28,-3.697314E28,-3.697314E28,-3.697314E28,-3.697314E28,0.0000000,3,Missing,-3.697314E28,-3.697314E28,-3.697314E28,Missing,-3.697314E28,-3.697314E28,-3.697314E28,Missing,-3.697314E28,-3.697314E28,-3.697314E28,Port 0x02: JJH T tibia tracker  s/n:3E4C8800,764943415,1779974656.918776864,1,OK,0.4858735,0.2125929,0.2327129,-0.8152153,13.522,62.194,-1329.494,0.2703267,3,OK,13.278,62.279,-1329.469,OK,-51.591,123.555,-1294.410,OK,53.055,124.485,-1277.995,Port 0x03: JJH Y femur tracker  s/n:3E4C8801,764943415,1779974656.918776864,1,OK,0.8842639,0.1032027,0.2344238,-0.3904767,-216.197,65.065,-1395.169,0.3751623,3,OK,-216.035,64.634,-1395.413,OK,-191.007,156.866,-1366.222,OK,-270.794,125.204,-1348.874
3,Port 0x01: JJH Probe  s/n:3E4C880C,764943418,1779974656.968776864,1,Too Few Markers,-3.697314E28,-3.697314E28,-3.697314E28,-3.697314E28,-3.697314E28,-3.697314E28,-3.697314E28,0.0000000,3,Missing,-3.697314E28,-3.697314E28,-3.697314E28,Missing,-3.697314E28,-3.697314E28,-3.697314E28,Missing,-3.697314E28,-3.697314E28,-3.697314E28,Port 0x02: JJH T tibia tracker  s/n:3E4C8800,764943418,1779974656.968776864,1,OK,0.4884280,0.2118874,0.2331502,-0.8137462,12.889,63.058,-1329.638,0.2657490,3,OK,12.648,63.131,-1329.620,OK,-52.604,124.038,-1294.588,OK,52.024,125.614,-1278.150,Port 0x03: JJH Y femur tracker  s/n:3E4C8801,764943418,1779974656.968776864,1,OK,0.8882099,0.1086616,0.2181771,-0.3894542,-217.808,65.237,-1398.528,0.3649136,3,OK,-217.661,64.804,-1398.756,OK,-193.533,157.136,-1369.019,OK,-273.924,125.562,-1354.388
3,Port 0x01: JJH Probe  s/n:3E4C880C,764943421,1779974657.018776859,1,Too Few Markers,-3.697314E28,-3.697314E28,-3.697314E28,-3.697314E28,-3.697314E28,-3.697314E28,-3.697314E28,0.0000000,3,Missing,-3.697314E28,-3.697314E28,-3.697314E28,Missing,-3.697314E28,-3.697314E28,-3.697314E28,Missing,-3.697314E28,-3.697314E28,-3.697314E28,Port 0x02: JJH T tibia tracker  s/n:3E4C8800,764943421,1779974657.018776859,1,OK,0.4903260,0.2111150,0.2332231,-0.8127840,12.556,63.702,-1330.000,0.2596707,3,OK,12.321,63.779,-1329.977,OK,-53.204,124.428,-1295.007,OK,51.409,126.473,-1278.582,Port 0x03: JJH Y femur tracker  s/n:3E4C8801,764943421,1779974657.018776859,1,OK,0.8920579,0.1142018,0.2012011,-0.3882123,-219.399,65.317,-1402.248,0.3597070,3,OK,-219.245,64.889,-1402.467,OK,-196.114,157.303,-1372.215,OK,-277.037,125.843,-1360.401
3,Port 0x01: JJH Probe  s/n:3E4C880C,764943424,1779974657.068776859,1,Too Few Markers,-3.697314E28,-3.697314E28,-3.697314E28,-3.697314E28,-3.697314E28,-3.697314E28,-3.697314E28,0.0000000,3,Missing,-3.697314E28,-3.697314E28,-3.697314E28,Missing,-3.697314E28,-3.697314E28,-3.697314E28,Missing,-3.697314E28,-3.697314E28,-3.697314E28,Port 0x02: JJH T tibia tracker  s/n:3E4C8800,764943424,1779974657.068776859,1,OK,0.4913788,0.2104070,0.2324654,-0.8125488,12.480,64.304,-1330.742,0.2574230,3,OK,12.248,64.361,-1330.734,OK,-53.411,124.991,-1295.892,OK,51.204,127.278,-1279.451,Port 0x03: JJH Y femur tracker  s/n:3E4C8801,764943424,1779974657.068776859,1,OK,0.8957005,0.1207201,0.1826562,-0.3870194,-220.948,65.638,-1406.318,0.3619692,3,OK,-220.806,65.196,-1406.530,OK,-198.686,157.705,-1375.655,OK,-280.081,126.387,-1366.998
3,Port 0x01: JJH Probe  s/n:3E4C880C,764943427,1779974657.118776860,1,Too Few Markers,-3.697314E28,-3.697314E28,-3.697314E28,-3.697314E28,-3.697314E28,-3.697314E28,-3.697314E28,0.0000000,3,Missing,-3.697314E28,-3.697314E28,-3.697314E28,Missing,-3.697314E28,-3.697314E28,-3.697314E28,Missing,-3.697314E28,-3.697314E28,-3.697314E28,Port 0x02: JJH T tibia tracker  s/n:3E4C8800,764943427,1779974657.118776860,1,OK,0.4924631,0.2094519,0.2313322,-0.8124626,12.366,64.651,-1331.283,0.2635390,3,OK,12.126,64.732,-1331.258,OK,-53.631,125.316,-1296.642,OK,50.970,127.849,-1280.197,Port 0x03: JJH Y femur tracker  s/n:3E4C8801,764943427,1779974657.118776860,1,OK,0.8993046,0.1276527,0.1621852,-0.3855542,-222.546,65.730,-1410.734,0.3536727,3,OK,-222.411,65.292,-1410.933,OK,-201.433,157.882,-1379.469,OK,-283.211,126.727,-1374.270
3,Port 0x01: JJH Probe  s/n:3E4C880C,764943430,1779974657.168776860,1,Too Few Markers,-3.697314E28,-3.697314E28,-3.697314E28,-3.697314E28,-3.697314E28,-3.697314E28,-3.697314E28,0.0000000,3,Missing,-3.697314E28,-3.697314E28,-3.697314E28,Missing,-3.697314E28,-3.697314E28,-3.697314E28,Missing,-3.697314E28,-3.697314E28,-3.697314E28,Port 0x02: JJH T tibia tracker  s/n:3E4C8800,764943430,1779974657.168776860,1,OK,0.4936740,0.2082558,0.2300230,-0.8124069,12.193,65.255,-1332.062,0.2610448,3,OK,11.954,65.322,-1332.047,OK,-53.925,125.923,-1297.642,OK,50.671,128.731,-1281.213,Port 0x03: JJH Y femur tracker  s/n:3E4C8801,764943430,1779974657.168776860,1,OK,0.9027368,0.1350556,0.1403719,-0.3835649,-224.205,65.812,-1415.459,0.3551505,3,OK,-224.069,65.368,-1415.650,OK,-204.389,158.060,-1383.582,OK,-286.393,127.037,-1382.087
3,Port 0x01: JJH Probe  s/n:3E4C880C,764943433,1779974657.218776859,1,Too Few Markers,-3.697314E28,-3.697314E28,-3.697314E28,-3.697314E28,-3.697314E28,-3.697314E28,-3.697314E28,0.0000000,3,Missing,-3.697314E28,-3.697314E28,-3.697314E28,Missing,-3.697314E28,-3.697314E28,-3.697314E28,Missing,-3.697314E28,-3.697314E28,-3.697314E28,Port 0x02: JJH T tibia tracker  s/n:3E4C8800,764943433,1779974657.218776859,1,OK,0.4949425,0.2066397,0.2289085,-0.8123625,11.761,66.262,-1332.932,0.2519851,3,OK,11.532,66.288,-1332.945,OK,-54.472,126.927,-1298.674,OK,50.128,130.049,-1282.355,Port 0x03: JJH Y femur tracker  s/n:3E4C8801,764943433,1779974657.218776859,1,OK,0.9059238,0.1426827,0.1165507,-0.3812607,-225.939,66.174,-1420.505,0.3556487,3,OK,-225.806,65.726,-1420.686,OK,-207.556,158.550,-1388.096,OK,-289.595,127.663,-1390.597
3,Port 0x01: JJH Probe  s/n:3E4C880C,764943436,1779974657.268776859,1,Too Few Markers,-3.697314E28,-3.697314E28,-3.697314E28,-3.697314E28,-3.697314E28,-3.697314E28,-3.697314E28,0.0000000,3,Missing,-3.697314E28,-3.697314E28,-3.697314E28,Missing,-3.697314E28,-3.697314E28,-3.697314E28,Missing,-3.697314E28,-3.697314E28,-3.697314E28,Port 0x02: JJH T tibia tracker  s/n:3E4C8800,764943436,1779974657.268776859,1,OK,0.4964952,0.2046702,0.2267781,-0.8125111,10.678,67.465,-1333.375,0.2696618,3,OK,10.431,67.485,-1333.394,OK,-55.682,128.170,-1299.465,OK,48.928,131.667,-1283.193,Port 0x03: JJH Y femur tracker  s/n:3E4C8801,764943436,1779974657.268776859,1,OK,0.9087992,0.1517417,0.0886955,-0.3784066,-228.288,66.555,-1425.958,0.3543095,3,OK,-228.166,66.102,-1426.130,OK,-211.573,159.066,-1392.970,OK,-293.406,128.339,-1400.157
3,Port 0x01: JJH Probe  s/n:3E4C880C,764943439,1779974657.318776859,1,Too Few Markers,-3.697314E28,-3.697314E28,-3.697314E28,-3.697314E28,-3.697314E28,-3.697314E28,-3.697314E28,0.0000000,3,Missing,-3.697314E28,-3.697314E28,-3.697314E28,Missing,-3.697314E28,-3.697314E28,-3.697314E28,Missing,-3.697314E28,-3.697314E28,-3.697314E28,Port 0x02: JJH T tibia tracker  s/n:3E4C8800,764943439,1779974657.318776859,1,OK,0.4978558,0.2016899,0.2246767,-0.8130075,8.709,68.894,-1333.877,0.2606164,3,OK,8.471,68.889,-1333.910,OK,-57.703,129.708,-1300.236,OK,46.921,133.545,-1284.242,Port 0x03: JJH Y femur tracker  s/n:3E4C8801,764943439,1779974657.318776859,1,OK,0.9112878,0.1615531,0.0560709,-0.3745813,-231.457,66.959,-1431.916,0.3386984,3,OK,-231.341,66.522,-1432.070,OK,-216.756,159.653,-1398.498,OK,-297.977,129.075,-1411.050
3,Port 0x01: JJH Probe  s/n:3E4C880C,764943442,1779974657.368776860,1,Too Few Markers,-3.697314E28,-3.697314E28,-3.697314E28,-3.697314E28,-3.697314E28,-3.697314E28,-3.697314E28,0.0000000,3,Missing,-3.697314E28,-3.697314E28,-3.697314E28,Missing,-3.697314E28,-3.697314E28,-3.697314E28,Missing,-3.697314E28,-3.697314E28,-3.697314E28,Port 0x02: JJH T tibia tracker  s/n:3E4C8800,764943442,1779974657.368776860,1,OK,0.5006145,0.1989180,0.2221866,-0.8126807,4.525,70.796,-1333.627,0.2515751,3,OK,4.296,70.758,-1333.681,OK,-62.160,131.552,-1300.401,OK,42.419,136.038,-1284.515,Port 0x03: JJH Y femur tracker  s/n:3E4C8801,764943442,1779974657.368776860,1,OK,0.9130458,0.1741103,0.0177768,-0.3683977,-236.158,67.627,-1438.999,0.3595898,3,OK,-236.065,67.160,-1439.154,OK,-224.092,160.549,-1404.999,OK,-304.029,129.904,-1423.965
3,Port 0x01: JJH Probe  s/n:3E4C880C,764943445,1779974657.418776860,1,Too Few Markers,-3.697314E28,-3.697314E28,-3.697314E28,-3.697314E28,-3.697314E28,-3.697314E28,-3.697314E28,0.0000000,3,Missing,-3.697314E28,-3.697314E28,-3.697314E28,Missing,-3.697314E28,-3.697314E28,-3.697314E28,Missing,-3.697314E28,-3.697314E28,-3.697314E28,Port 0x02: JJH T tibia tracker  s/n:3E4C8800,764943445,1779974657.418776860,1,OK,0.5005606,0.1961824,0.2175005,-0.8146442,4.748,71.736,-1336.095,0.2413670,3,OK,4.537,71.691,-1336.152,OK,-61.767,133.054,-1303.509,OK,42.843,137.416,-1287.742,Port 0x03: JJH Y femur tracker  s/n:3E4C8801,764943445,1779974657.418776860,1,OK,0.9122949,0.1828665,-0.0097332,-0.3663101,-235.903,67.734,-1445.906,0.3584369,3,OK,-235.808,67.267,-1446.054,OK,-225.173,160.719,-1411.616,OK,-304.107,130.508,-1435.028
3,Port 0x01: JJH Probe  s/n:3E4C880C,764943448,1779974657.468776859,1,Too Few Markers,-3.697314E28,-3.697314E28,-3.697314E28,-3.697314E28,-3.697314E28,-3.697314E28,-3.697314E28,0.0000000,3,Missing,-3.697314E28,-3.697314E28,-3.697314E28,Missing,-3.697314E28,-3.697314E28,-3.697314E28,Missing,-3.697314E28,-3.697314E28,-3.697314E28,Port 0x02: JJH T tibia tracker  s/n:3E4C8800,764943448,1779974657.468776859,1,OK,0.5019488,0.1944586,0.2140272,-0.8151231,4.855,72.931,-1337.986,0.2389347,3,OK,4.640,72.896,-1338.035,OK,-61.759,134.428,-1305.975,OK,42.816,139.042,-1290.132,Port 0x03: JJH Y femur tracker  s/n:3E4C8801,764943448,1779974657.468776859,1,OK,0.9119927,0.1911410,-0.0388379,-0.3608686,-235.473,67.845,-1453.115,0.3653207,3,OK,-235.381,67.368,-1453.260,OK,-226.789,161.045,-1418.811,OK,-304.125,130.725,-1446.810
3,Port 0x01: JJH Probe  s/n:3E4C880C,764943451,1779974657.518776859,1,Too Few Markers,-3.697314E28,-3.697314E28,-3.697314E28,-3.697314E28,-3.697314E28,-3.697314E28,-3.697314E28,0.0000000,3,Missing,-3.697314E28,-3.697314E28,-3.697314E28,Missing,-3.697314E28,-3.697314E28,-3.697314E28,Missing,-3.697314E28,-3.697314E28,-3.697314E28,Port 0x02: JJH T tibia tracker  s/n:3E4C8800,764943451,1779974657.518776859,1,OK,0.5029374,0.1928968,0.2111781,-0.8156277,4.984,74.045,-1339.806,0.2393325,3,OK,4.780,73.977,-1339.875,OK,-61.696,135.733,-1308.239,OK,42.871,140.519,-1292.374,Port 0x03: JJH Y femur tracker  s/n:3E4C8801,764943451,1779974657.518776859,1,OK,0.9105598,0.1996408,-0.0680124,-0.3555259,-234.500,67.986,-1460.431,0.3730699,3,OK,-234.405,67.499,-1460.572,OK,-227.776,161.364,-1426.161,OK,-303.266,131.013,-1458.688
3,Port 0x01: JJH Probe  s/n:3E4C880C,764943454,1779974657.568776859,1,Too Few Markers,-3.697314E28,-3.697314E28,-3.697314E28,-3.697314E28,-3.697314E28,-3.697314E28,-3.697314E28,0.0000000,3,Missing,-3.697314E28,-3.697314E28,-3.697314E28,Missing,-3.697314E28,-3.697314E28,-3.697314E28,Missing,-3.697314E28,-3.697314E28,-3.697314E28,Port 0x02: JJH T tibia tracker  s/n:3E4C8800,764943454,1779974657.568776859,1,OK,0.5040380,0.1916448,0.2077664,-0.8161195,4.943,74.606,-1341.575,0.2553183,3,OK,4.731,74.516,-1341.658,OK,-61.819,136.494,-1310.579,OK,42.726,141.471,-1294.565,Port 0x03: JJH Y femur tracker  s/n:3E4C8801,764943454,1779974657.568776859,1,OK,0.9079847,0.2082386,-0.0970277,-0.3504084,-233.288,67.652,-1467.558,0.3988392,3,OK,-233.181,67.132,-1467.700,OK,-228.415,161.189,-1433.368,OK,-301.818,130.895,-1470.309
3,Port 0x01: JJH Probe  s/n:3E4C880C,764943457,1779974657.618776860,1,Too Few Markers,-3.697314E28,-3.697314E28,-3.697314E28,-3.697314E28,-3.697314E28,-3.697314E28,-3.697314E28,0.0000000,3,Missing,-3.697314E28,-3.697314E28,-3.697314E28,Missing,-3.697314E28,-3.697314E28,-3.697314E28,Missing,-3.697314E28,-3.697314E28,-3.697314E28,Port 0x02: JJH T tibia tracker  s/n:3E4C8800,764943457,1779974657.618776860,1,OK,0.5050327,0.1896483,0.2038200,-0.8169657,5.052,75.406,-1343.387,0.2602383,3,OK,4.840,75.297,-1343.481,OK,-61.735,137.578,-1313.009,OK,42.786,142.716,-1296.955,Port 0x03: JJH Y femur tracker  s/n:3E4C8801,764943457,1779974657.618776860,1,OK,0.9054349,0.2154749,-0.1238060,-0.3441370,-231.760,67.475,-1474.314,0.4123994,3,OK,-231.648,66.939,-1474.453,OK,-228.827,161.217,-1440.449,OK,-299.980,130.706,-1481.305
3,Port 0x01: JJH Probe  s/n:3E4C880C,764943460,1779974657.668776860,1,Too Few Markers,-3.697314E28,-3.697314E28,-3.697314E28,-3.697314E28,-3.697314E28,-3.697314E28,-3.697314E28,0.0000000,3,Missing,-3.697314E28,-3.697314E28,-3.697314E28,Missing,-3.697314E28,-3.697314E28,-3.697314E28,Missing,-3.697314E28,-3.697314E28,-3.697314E28,Port 0x02: JJH T tibia tracker  s/n:3E4C8800,764943460,1779974657.668776860,1,OK,0.5058535,0.1880980,0.2013355,-0.8174322,5.277,76.239,-1344.769,0.2512624,3,OK,5.070,76.132,-1344.860,OK,-61.542,138.561,-1314.780,OK,42.955,143.848,-1298.751,Port 0x03: JJH Y femur tracker  s/n:3E4C8801,764943460,1779974657.668776860,1,OK,0.9022491,0.2218893,-0.1476346,-0.3389922,-229.984,67.362,-1480.137,0.4233339,3,OK,-229.847,66.812,-1480.263,OK,-228.630,161.245,-1446.617,OK,-297.657,130.684,-1490.852
3,Port 0x01: JJH Probe  s/n:3E4C880C,764943463,1779974657.718776859,1,Too Few Markers,-3.697314E28,-3.697314E28,-3.697314E28,-3.697314E28,-3.697314E28,-3.697314E28,-3.697314E28,0.0000000,3,Missing,-3.697314E28,-3.697314E28,-3.697314E28,Missing,-3.697314E28,-3.697314E28,-3.697314E28,Missing,-3.697314E28,-3.697314E28,-3.697314E28,Port 0x02: JJH T tibia tracker  s/n:3E4C8800,764943463,1779974657.718776859,1,OK,0.5064303,0.1867084,0.1988541,-0.8180009,5.404,76.650,-1345.895,0.2419377,3,OK,5.208,76.551,-1345.978,OK,-61.435,139.152,-1316.290,OK,43.071,144.517,-1300.274,Port 0x03: JJH Y femur tracker  s/n:3E4C8801,764943463,1779974657.718776859,1,OK,0.8993408,0.2264504,-0.1680038,-0.3341872,-228.196,67.197,-1485.012,0.4478302,3,OK,-228.040,66.620,-1485.130,OK,-228.213,161.262,-1452.023,OK,-295.253,130.546,-1498.952
3,Port 0x01: JJH Probe  s/n:3E4C880C,764943466,1779974657.768776859,1,Too Few Markers,-3.697314E28,-3.697314E28,-3.697314E28,-3.697314E28,-3.697314E28,-3.697314E28,-3.697314E28,0.0000000,3,Missing,-3.697314E28,-3.697314E28,-3.697314E28,Missing,-3.697314E28,-3.697314E28,-3.697314E28,Missing,-3.697314E28,-3.697314E28,-3.697314E28,Port 0x02: JJH T tibia tracker  s/n:3E4C8800,764943466,1779974657.768776859,1,OK,0.5066328,0.1855154,0.1958391,-0.8188738,5.658,77.133,-1347.329,0.2675652,3,OK,5.449,76.992,-1347.438,OK,-61.119,139.915,-1318.187,OK,43.370,145.287,-1302.101,Port 0x03: JJH Y femur tracker  s/n:3E4C8801,764943466,1779974657.768776859,1,OK,0.8957553,0.2318277,-0.1869982,-0.3300151,-226.503,67.021,-1489.333,0.4579070,3,OK,-226.331,66.423,-1489.443,OK,-227.678,161.202,-1456.609,OK,-292.863,130.440,-1506.199
3,Port 0x01: JJH Probe  s/n:3E4C880C,764943469,1779974657.818776859,1,Too Few Markers,-3.697314E28,-3.697314E28,-3.697314E28,-3.697314E28,-3.697314E28,-3.697314E28,-3.697314E28,0.0000000,3,Missing,-3.697314E28,-3.697314E28,-3.697314E28,Missing,-3.697314E28,-3.697314E28,-3.697314E28,Missing,-3.697314E28,-3.697314E28,-3.697314E28,Port 0x02: JJH T tibia tracker  s/n:3E4C8800,764943469,1779974657.818776859,1,OK,0.5074430,0.1842082,0.1926595,-0.8194213,5.858,77.982,-1348.503,0.2709137,3,OK,5.647,77.842,-1348.611,OK,-60.965,140.958,-1319.886,OK,43.516,146.457,-1303.711,Port 0x03: JJH Y femur tracker  s/n:3E4C8801,764943469,1779974657.818776859,1,OK,0.8924832,0.2357769,-0.2046237,-0.3255951,-224.598,66.991,-1493.448,0.4671207,3,OK,-224.400,66.388,-1493.536,OK,-226.934,161.291,-1461.265,OK,-290.204,130.424,-1513.063
3,Port 0x01: JJH Probe  s/n:3E4C880C,764943472,1779974657.868776860,1,Too Few Markers,-3.697314E28,-3.697314E28,-3.697314E28,-3.697314E28,-3.697314E28,-3.697314E28,-3.697314E28,0.0000000,3,Missing,-3.697314E28,-3.697314E28,-3.697314E28,Missing,-3.697314E28,-3.697314E28,-3.697314E28,Missing,-3.697314E28,-3.697314E28,-3.697314E28,Port 0x02: JJH T tibia tracker  s/n:3E4C8800,764943472,1779974657.868776860,1,OK,0.5078523,0.1831523,0.1906118,-0.8198832,5.981,78.434,-1349.393,0.2608049,3,OK,5.771,78.309,-1349.491,OK,-60.838,141.551,-1321.100,OK,43.628,147.105,-1304.921,Port 0x03: JJH Y femur tracker  s/n:3E4C8801,764943472,1779974657.868776860,1,OK,0.8890211,0.2398227,-0.2215528,-0.3209998,-222.731,66.845,-1497.391,0.4906437,3,OK,-222.498,66.217,-1497.455,OK,-226.212,161.259,-1465.714,OK,-287.564,130.259,-1519.634
3,Port 0x01: JJH Probe  s/n:3E4C880C,764943475,1779974657.918776860,1,Too Few Markers,-3.697314E28,-3.697314E28,-3.697314E28,-3.697314E28,-3.697314E28,-3.697314E28,-3.697314E28,0.0000000,3,Missing,-3.697314E28,-3.697314E28,-3.697314E28,Missing,-3.697314E28,-3.697314E28,-3.697314E28,Missing,-3.697314E28,-3.697314E28,-3.697314E28,Port 0x02: JJH T tibia tracker  s/n:3E4C8800,764943475,1779974657.918776860,1,OK,0.5078806,0.1828039,0.1897206,-0.8201501,6.105,78.528,-1349.949,0.2575544,3,OK,5.910,78.380,-1350.058,OK,-60.695,141.745,-1321.785,OK,43.756,147.274,-1305.599,Port 0x03: JJH Y femur tracker  s/n:3E4C8801,764943475,1779974657.918776860,1,OK,0.8854273,0.2434135,-0.2374393,-0.3168453,-220.901,66.691,-1500.898,0.5084707,3,OK,-220.642,66.051,-1500.938,OK,-225.386,161.210,-1469.752,OK,-284.876,130.109,-1525.579
3,Port 0x01: JJH Probe  s/n:3E4C880C,764943478,1779974657.968776859,1,Too Few Markers,-3.697314E28,-3.697314E28,-3.697314E28,-3.697314E28,-3.697314E28,-3.697314E28,-3.697314E28,0.0000000,3,Missing,-3.697314E28,-3.697314E28,-3.697314E28,Missing,-3.697314E28,-3.697314E28,-3.697314E28,Missing,-3.697314E28,-3.697314E28,-3.697314E28,Port 0x02: JJH T tibia tracker  s/n:3E4C8800,764943478,1779974657.968776859,1,OK,0.5081085,0.1821658,0.1886882,-0.8203890,6.333,78.700,-1350.479,0.2602981,3,OK,6.138,78.542,-1350.594,OK,-60.462,141.992,-1322.471,OK,43.978,147.563,-1306.300,Port 0x03: JJH Y femur tracker  s/n:3E4C8801,764943478,1779974657.968776859,1,OK,0.8814698,0.2478657,-0.2519451,-0.3132048,-218.932,66.537,-1504.147,0.5007100,3,OK,-218.678,65.889,-1504.185,OK,-224.281,161.128,-1473.222,OK,-282.050,129.963,-1530.979
3,Port 0x01: JJH Probe  s/n:3E4C880C,764943481,1779974658.018776859,1,Too Few Markers,-3.697314E28,-3.697314E28,-3.697314E28,-3.697314E28,-3.697314E28,-3.697314E28,-3.697314E28,0.0000000,3,Missing,-3.697314E28,-3.697314E28,-3.697314E28,Missing,-3.697314E28,-3.697314E28,-3.697314E28,Missing,-3.697314E28,-3.697314E28,-3.697314E28,Port 0x02: JJH T tibia tracker  s/n:3E4C8800,764943481,1779974658.018776859,1,OK,0.5081952,0.1819598,0.1874407,-0.8206670,6.515,78.834,-1350.719,0.2429325,3,OK,6.326,78.702,-1350.818,OK,-60.273,142.221,-1322.924,OK,44.155,147.762,-1306.685,Port 0x03: JJH Y femur tracker  s/n:3E4C8801,764943481,1779974658.018776859,1,OK,0.8782132,0.2505330,-0.2647985,-0.3096071,-217.228,66.460,-1506.937,0.5129576,3,OK,-216.959,65.806,-1506.956,OK,-223.381,161.144,-1476.532,OK,-279.521,129.860,-1535.719
3,Port 0x01: JJH Probe  s/n:3E4C880C,764943484,1779974658.068776859,1,Too Few Markers,-3.697314E28,-3.697314E28,-3.697314E28,-3.697314E28,-3.697314E28,-3.697314E28,-3.697314E28,0.0000000,3,Missing,-3.697314E28,-3.697314E28,-3.697314E28,Missing,-3.697314E28,-3.697314E28,-3.697314E28,Missing,-3.697314E28,-3.697314E28,-3.697314E28,Port 0x02: JJH T tibia tracker  s/n:3E4C8800,764943484,1779974658.068776859,1,OK,0.5081653,0.1815216,0.1867321,-0.8209440,6.557,78.896,-1351.087,0.2387313,3,OK,6.365,78.780,-1351.177,OK,-60.200,142.351,-1323.396,OK,44.233,147.875,-1307.178,Port 0x03: JJH Y femur tracker  s/n:3E4C8801,764943484,1779974658.068776859,1,OK,0.8762543,0.2518820,-0.2727655,-0.3071364,-216.323,66.252,-1508.421,0.5227797,3,OK,-216.010,65.599,-1508.394,OK,-222.966,160.980,-1478.406,OK,-278.159,129.620,-1538.479
3,Port 0x01: JJH Probe  s/n:3E4C880C,764943487,1779974658.118776859,1,Too Few Markers,-3.697314E28,-3.697314E28,-3.697314E28,-3.697314E28,-3.697314E28,-3.697314E28,-3.697314E28,0.0000000,3,Missing,-3.697314E28,-3.697314E28,-3.697314E28,Missing,-3.697314E28,-3.697314E28,-3.697314E28,Missing,-3.697314E28,-3.697314E28,-3.697314E28,Port 0x02: JJH T tibia tracker  s/n:3E4C8800,764943487,1779974658.118776859,1,OK,0.5083912,0.1810008,0.1858249,-0.8211250,6.624,79.006,-1351.346,0.2409295,3,OK,6.435,78.879,-1351.442,OK,-60.140,142.524,-1323.796,OK,44.291,148.088,-1307.582,Port 0x03: JJH Y femur tracker  s/n:3E4C8801,764943487,1779974658.118776859,1,OK,0.8759644,0.2517676,-0.2741421,-0.3068314,-216.012,66.235,-1508.787,0.5330208,3,OK,-215.703,65.583,-1508.762,OK,-222.736,160.978,-1478.933,OK,-277.699,129.614,-1539.032
3,Port 0x01: JJH Probe  s/n:3E4C880C,764943490,1779974658.168776859,1,Too Few Markers,-3.697314E28,-3.697314E28,-3.697314E28,-3.697314E28,-3.697314E28,-3.697314E28,-3.697314E28,0.0000000,3,Missing,-3.697314E28,-3.697314E28,-3.697314E28,Missing,-3.697314E28,-3.697314E28,-3.697314E28,Missing,-3.697314E28,-3.697314E28,-3.697314E28,Port 0x02: JJH T tibia tracker  s/n:3E4C8800,764943490,1779974658.168776859,1,OK,0.5084426,0.1808051,0.1852465,-0.8212669,6.672,79.070,-1351.360,0.2424295,3,OK,6.471,78.964,-1351.444,OK,-60.084,142.618,-1323.911,OK,44.353,148.190,-1307.673,Port 0x03: JJH Y femur tracker  s/n:3E4C8801,764943490,1779974658.168776859,1,OK,0.8758634,0.2524328,-0.2735243,-0.3071244,-215.970,66.293,-1508.962,0.5278297,3,OK,-215.696,65.632,-1508.972,OK,-222.684,161.030,-1478.921,OK,-277.650,129.680,-1539.030
3,Port 0x01: JJH Probe  s/n:3E4C880C,764943493,1779974658.218776859,1,Too Few Markers,-3.697314E28,-3.697314E28,-3.697314E28,-3.697314E28,-3.697314E28,-3.697314E28,-3.697314E28,0.0000000,3,Missing,-3.697314E28,-3.697314E28,-3.697314E28,Missing,-3.697314E28,-3.697314E28,-3.697314E28,Missing,-3.697314E28,-3.697314E28,-3.697314E28,Port 0x02: JJH T tibia tracker  s/n:3E4C8800,764943493,1779974658.218776859,1,OK,0.5084376,0.1810385,0.1858661,-0.8210786,6.663,79.088,-1351.553,0.2492972,3,OK,6.468,78.949,-1351.656,OK,-60.103,142.595,-1323.998,OK,44.317,148.180,-1307.773,Port 0x03: JJH Y femur tracker  s/n:3E4C8801,764943493,1779974658.218776859,1,OK,0.8759523,0.2519924,-0.2739135,-0.3068856,-216.004,66.212,-1508.857,0.5309263,3,OK,-215.703,65.556,-1508.841,OK,-222.729,160.952,-1478.938,OK,-277.704,129.588,-1539.049
3,Port 0x01: JJH Probe  s/n:3E4C880C,764943496,1779974658.268776859,1,Too Few Markers,-3.697314E28,-3.697314E28,-3.697314E28,-3.697314E28,-3.697314E28,-3.697314E28,-3.697314E28,0.0000000,3,Missing,-3.697314E28,-3.697314E28,-3.697314E28,Missing,-3.697314E28,-3.697314E28,-3.697314E28,Missing,-3.697314E28,-3.697314E28,-3.697314E28,Port 0x02: JJH T tibia tracker  s/n:3E4C8800,764943496,1779974658.268776859,1,OK,0.5084086,0.1810772,0.1858729,-0.8210865,6.675,79.078,-1351.551,0.2542292,3,OK,6.479,78.933,-1351.657,OK,-60.090,142.590,-1323.994,OK,44.335,148.170,-1307.761,Port 0x03: JJH Y femur tracker  s/n:3E4C8801,764943496,1779974658.268776859,1,OK,0.8759852,0.2519000,-0.2739522,-0.3068329,-215.991,66.209,-1508.828,0.5317248,3,OK,-215.696,65.552,-1508.818,OK,-222.726,160.961,-1478.935,OK,-277.680,129.572,-1539.027
3,Port 0x01: JJH Probe  s/n:3E4C880C,764943499,1779974658.318776859,1,Too Few Markers,-3.697314E28,-3.697314E28,-3.697314E28,-3.697314E28,-3.697314E28,-3.697314E28,-3.697314E28,0.0000000,3,Missing,-3.697314E28,-3.697314E28,-3.697314E28,Missing,-3.697314E28,-3.697314E28,-3.697314E28,Missing,-3.697314E28,-3.697314E28,-3.697314E28,Port 0x02: JJH T tibia tracker  s/n:3E4C8800,764943499,1779974658.318776859,1,OK,0.5083937,0.1810568,0.1855608,-0.8211708,6.679,79.089,-1351.499,0.2517403,3,OK,6.475,78.964,-1351.595,OK,-60.078,142.618,-1324.002,OK,44.351,148.189,-1307.743,Port 0x03: JJH Y femur tracker  s/n:3E4C8801,764943499,1779974658.318776859,1,OK,0.8759023,0.2520172,-0.2740364,-0.3068983,-215.977,66.259,-1508.846,0.5316207,3,OK,-215.677,65.600,-1508.832,OK,-222.698,161.007,-1478.925,OK,-277.664,129.639,-1539.055
3,Port 0x01: JJH Probe  s/n:3E4C880C,764943502,1779974658.368776859,1,Too Few Markers,-3.697314E28,-3.697314E28,-3.697314E28,-3.697314E28,-3.697314E28,-3.697314E28,-3.697314E28,0.0000000,3,Missing,-3.697314E28,-3.697314E28,-3.697314E28,Missing,-3.697314E28,-3.697314E28,-3.697314E28,Missing,-3.697314E28,-3.697314E28,-3.697314E28,Port 0x02: JJH T tibia tracker  s/n:3E4C8800,764943502,1779974658.368776859,1,OK,0.5084248,0.1809307,0.1857828,-0.8211291,6.666,79.100,-1351.588,0.2506033,3,OK,6.471,78.962,-1351.690,OK,-60.097,142.618,-1324.042,OK,44.334,148.202,-1307.829,Port 0x03: JJH Y femur tracker  s/n:3E4C8801,764943502,1779974658.368776859,1,OK,0.8759824,0.2518336,-0.2740008,-0.3068521,-216.002,66.219,-1508.822,0.5351034,3,OK,-215.700,65.560,-1508.806,OK,-222.729,160.972,-1478.942,OK,-277.693,129.591,-1539.036
3,Port 0x01: JJH Probe  s/n:3E4C880C,764943505,1779974658.418776859,1,Too Few Markers,-3.697314E28,-3.697314E28,-3.697314E28,-3.697314E28,-3.697314E28,-3.697314E28,-3.697314E28,0.0000000,3,Missing,-3.697314E28,-3.697314E28,-3.697314E28,Missing,-3.697314E28,-3.697314E28,-3.697314E28,Missing,-3.697314E28,-3.697314E28,-3.697314E28,Port 0x02: JJH T tibia tracker  s/n:3E4C8800,764943505,1779974658.418776859,1,OK,0.5083701,0.1808705,0.1858015,-0.8211720,6.693,79.112,-1351.551,0.2521313,3,OK,6.498,78.967,-1351.657,OK,-60.056,142.641,-1323.995,OK,44.371,148.215,-1307.798,Port 0x03: JJH Y femur tracker  s/n:3E4C8801,764943505,1779974658.418776859,1,OK,0.8757812,0.2525047,-0.2736973,-0.3071458,-215.986,66.257,-1508.884,0.5190188,3,OK,-215.709,65.601,-1508.889,OK,-222.678,160.996,-1478.820,OK,-277.668,129.647,-1538.994
3,Port 0x01: JJH Probe  s/n:3E4C880C,764943508,1779974658.468776859,1,Too Few Markers,-3.697314E28,-3.697314E28,-3.697314E28,-3.697314E28,-3.697314E28,-3.697314E28,-3.697314E28,0.0000000,3,Missing,-3.697314E28,-3.697314E28,-3.697314E28,Missing,-3.697314E28,-3.697314E28,-3.697314E28,Missing,-3.697314E28,-3.697314E28,-3.697314E28,Port 0x02: JJH T tibia tracker  s/n:3E4C8800,764943508,1779974658.468776859,1,OK,0.5083802,0.1809453,0.1859395,-0.8211181,6.715,79.120,-1351.626,0.2542275,3,OK,6.519,78.975,-1351.732,OK,-60.042,142.632,-1324.051,OK,44.391,148.212,-1307.850,Port 0x03: JJH Y femur tracker  s/n:3E4C8801,764943508,1779974658.468776859,1,OK,0.8758497,0.2524383,-0.2736738,-0.3070258,-215.993,66.213,-1508.869,0.5199310,3,OK,-215.710,65.559,-1508.869,OK,-222.706,160.948,-1478.828,OK,-277.697,129.590,-1538.991
3,Port 0x01: JJH Probe  s/n:3E4C880C,764943511,1779974658.518776859,1,Too Few Markers,-3.697314E28,-3.697314E28,-3.697314E28,-3.697314E28,-3.697314E28,-3.697314E28,-3.697314E28,0.0000000,3,Missing,-3.697314E28,-3.697314E28,-3.697314E28,Missing,-3.697314E28,-3.697314E28,-3.697314E28,Missing,-3.697314E28,-3.697314E28,-3.697314E28,Port 0x02: JJH T tibia tracker  s/n:3E4C8800,764943511,1779974658.518776859,1,OK,0.5083371,0.1807297,0.1859428,-0.8211915,6.731,79.142,-1351.611,0.2511467,3,OK,6.531,79.008,-1351.711,OK,-60.005,142.659,-1324.026,OK,44.427,148.238,-1307.868,Port 0x03: JJH Y femur tracker  s/n:3E4C8801,764943511,1779974658.518776859,1,OK,0.8761913,0.2516350,-0.2732356,-0.3071009,-216.047,66.276,-1508.601,0.5378400,3,OK,-215.737,65.618,-1508.577,OK,-222.723,161.010,-1478.702,OK,-277.794,129.666,-1538.701
3,Port 0x01: JJH Probe  s/n:3E4C880C,764943514,1779974658.568776859,1,Too Few Markers,-3.697314E28,-3.697314E28,-3.697314E28,-3.697314E28,-3.697314E28,-3.697314E28,-3.697314E28,0.0000000,3,Missing,-3.697314E28,-3.697314E28,-3.697314E28,Missing,-3.697314E28,-3.697314E28,-3.697314E28,Missing,-3.697314E28,-3.697314E28,-3.697314E28,Port 0x02: JJH T tibia tracker  s/n:3E4C8800,764943514,1779974658.568776859,1,OK,0.5083978,0.1807006,0.1856002,-0.8212378,6.724,79.067,-1351.556,0.2499175,3,OK,6.526,78.935,-1351.655,OK,-60.025,142.605,-1324.033,OK,44.415,148.185,-1307.847,Port 0x03: JJH Y femur tracker  s/n:3E4C8801,764943514,1779974658.568776859,1,OK,0.8762880,0.2516086,-0.2728319,-0.3072055,-216.158,66.224,-1508.394,0.5348828,3,OK,-215.841,65.565,-1508.366,OK,-222.796,160.956,-1478.453,OK,-277.958,129.613,-1538.453
3,Port 0x01: JJH Probe  s/n:3E4C880C,764943517,1779974658.618776859,1,Too Few Markers,-3.697314E28,-3.697314E28,-3.697314E28,-3.697314E28,-3.697314E28,-3.697314E28,-3.697314E28,0.0000000,3,Missing,-3.697314E28,-3.697314E28,-3.697314E28,Missing,-3.697314E28,-3.697314E28,-3.697314E28,Missing,-3.697314E28,-3.697314E28,-3.697314E28,Port 0x02: JJH T tibia tracker  s/n:3E4C8800,764943517,1779974658.618776859,1,OK,0.5083263,0.1806895,0.1858401,-0.8212303,6.753,79.140,-1351.554,0.2515088,3,OK,6.555,79.007,-1351.655,OK,-59.986,142.669,-1323.986,OK,44.459,148.241,-1307.827,Port 0x03: JJH Y femur tracker  s/n:3E4C8801,764943517,1779974658.618776859,1,OK,0.8765358,0.2516057,-0.2716704,-0.3075302,-216.256,66.304,-1508.203,0.5328248,3,OK,-215.957,65.640,-1508.194,OK,-222.847,161.033,-1478.172,OK,-278.112,129.688,-1538.054
3,Port 0x01: JJH Probe  s/n:3E4C880C,764943520,1779974658.668776859,1,Too Few Markers,-3.697314E28,-3.697314E28,-3.697314E28,-3.697314E28,-3.697314E28,-3.697314E28,-3.697314E28,0.0000000,3,Missing,-3.697314E28,-3.697314E28,-3.697314E28,Missing,-3.697314E28,-3.697314E28,-3.697314E28,Missing,-3.697314E28,-3.697314E28,-3.697314E28,Port 0x02: JJH T tibia tracker  s/n:3E4C8800,764943520,1779974658.668776859,1,OK,0.5084084,0.1803042,0.1857153,-0.8212923,6.775,79.073,-1351.547,0.2357286,3,OK,6.583,78.960,-1351.635,OK,-59.960,142.606,-1323.988,OK,44.482,148.192,-1307.894,Port 0x03: JJH Y femur tracker  s/n:3E4C8801,764943520,1779974658.668776859,1,OK,0.8769977,0.2514532,-0.2700087,-0.3078012,-216.450,66.228,-1507.987,0.5267938,3,OK,-216.162,65.571,-1507.986,OK,-222.995,160.938,-1477.871,OK,-278.430,129.587,-1537.578
3,Port 0x01: JJH Probe  s/n:3E4C880C,764943523,1779974658.718776859,1,Too Few Markers,-3.697314E28,-3.697314E28,-3.697314E28,-3.697314E28,-3.697314E28,-3.697314E28,-3.697314E28,0.0000000,3,Missing,-3.697314E28,-3.697314E28,-3.697314E28,Missing,-3.697314E28,-3.697314E28,-3.697314E28,Missing,-3.697314E28,-3.697314E28,-3.697314E28,Port 0x02: JJH T tibia tracker  s/n:3E4C8800,764943523,1779974658.718776859,1,OK,0.5082914,0.1808076,0.1864862,-0.8210794,6.770,79.183,-1351.525,0.2578412,3,OK,6.575,79.031,-1351.636,OK,-59.978,142.667,-1323.845,OK,44.473,148.250,-1307.722,Port 0x03: JJH Y femur tracker  s/n:3E4C8801,764943523,1779974658.718776859,1,OK,0.8781675,0.2504475,-0.2654611,-0.3092383,-217.136,66.416,-1506.916,0.5281300,3,OK,-216.857,65.749,-1506.930,OK,-223.371,161.113,-1476.608,OK,-279.397,129.800,-1535.811
3,Port 0x01: JJH Probe  s/n:3E4C880C,764943526,1779974658.768776859,1,Too Few Markers,-3.697314E28,-3.697314E28,-3.697314E28,-3.697314E28,-3.697314E28,-3.697314E28,-3.697314E28,0.0000000,3,Missing,-3.697314E28,-3.697314E28,-3.697314E28,Missing,-3.697314E28,-3.697314E28,-3.697314E28,Missing,-3.697314E28,-3.697314E28,-3.697314E28,Port 0x02: JJH T tibia tracker  s/n:3E4C8800,764943526,1779974658.768776859,1,OK,0.5082540,0.1806861,0.1868740,-0.8210411,6.734,78.912,-1351.329,0.2511065,3,OK,6.535,78.786,-1351.425,OK,-60.011,142.358,-1323.581,OK,44.459,147.949,-1307.517,Port 0x03: JJH Y femur tracker  s/n:3E4C8801,764943526,1779974658.768776859,1,OK,0.8812279,0.2479591,-0.2547648,-0.3115261,-218.712,66.204,-1504.635,0.5107910,3,OK,-218.432,65.554,-1504.652,OK,-224.394,160.829,-1473.984,OK,-281.772,129.509,-1531.990
3,Port 0x01: JJH Probe  s/n:3E4C880C,764943529,1779974658.818776859,1,Too Few Markers,-3.697314E28,-3.697314E28,-3.697314E28,-3.697314E28,-3.697314E28,-3.697314E28,-3.697314E28,0.0000000,3,Missing,-3.697314E28,-3.697314E28,-3.697314E28,Missing,-3.697314E28,-3.697314E28,-3.697314E28,Missing,-3.697314E28,-3.697314E28,-3.697314E28,Port 0x02: JJH T tibia tracker  s/n:3E4C8800,764943529,1779974658.818776859,1,OK,0.5079933,0.1810117,0.1884222,-0.8207769,6.714,78.846,-1350.795,0.2497277,3,OK,6.514,78.726,-1350.888,OK,-60.020,142.185,-1322.785,OK,44.468,147.755,-1306.812,Port 0x03: JJH Y femur tracker  s/n:3E4C8801,764943529,1779974658.818776859,1,OK,0.8862347,0.2428657,-0.2351848,-0.3166898,-221.129,66.554,-1500.388,0.5007544,3,OK,-220.874,65.917,-1500.432,OK,-225.607,161.075,-1469.207,OK,-285.333,129.855,-1524.785
3,Port 0x01: JJH Probe  s/n:3E4C880C,764943532,1779974658.868776859,1,Too Few Markers,-3.697314E28,-3.697314E28,-3.697314E28,-3.697314E28,-3.697314E28,-3.697314E28,-3.697314E28,0.0000000,3,Missing,-3.697314E28,-3.697314E28,-3.697314E28,Missing,-3.697314E28,-3.697314E28,-3.697314E28,Missing,-3.697314E28,-3.697314E28,-3.697314E28,Port 0x02: JJH T tibia tracker  s/n:3E4C8800,764943532,1779974658.868776859,1,OK,0.5076851,0.1815777,0.1903169,-0.8204053,6.436,78.592,-1350.097,0.2601799,3,OK,6.232,78.454,-1350.202,OK,-60.288,141.801,-1321.770,OK,44.209,147.354,-1305.872,Port 0x03: JJH Y femur tracker  s/n:3E4C8801,764943532,1779974658.868776859,1,OK,0.8917264,0.2371840,-0.2100354,-0.3231916,-224.047,66.791,-1494.979,0.4790074,3,OK,-223.852,66.176,-1495.072,OK,-226.955,161.149,-1462.989,OK,-289.505,130.073,-1515.471
3,Port 0x01: JJH Probe  s/n:3E4C880C,764943535,1779974658.918776859,1,Too Few Markers,-3.697314E28,-3.697314E28,-3.697314E28,-3.697314E28,-3.697314E28,-3.697314E28,-3.697314E28,0.0000000,3,Missing,-3.697314E28,-3.697314E28,-3.697314E28,Missing,-3.697314E28,-3.697314E28,-3.697314E28,Missing,-3.697314E28,-3.697314E28,-3.697314E28,Port 0x02: JJH T tibia tracker  s/n:3E4C8800,764943535,1779974658.918776859,1,OK,0.5074775,0.1820494,0.1918460,-0.8200730,6.232,78.479,-1349.420,0.2636512,3,OK,6.029,78.334,-1349.529,OK,-60.499,141.576,-1320.842,OK,44.015,147.118,-1305.002,Port 0x03: JJH Y femur tracker  s/n:3E4C8801,764943535,1779974658.918776859,1,OK,0.8969672,0.2305055,-0.1831204,-0.3298242,-226.852,67.036,-1488.784,0.4588289,3,OK,-226.691,66.442,-1488.901,OK,-228.007,161.228,-1456.103,OK,-293.471,130.282,-1505.117
3,Port 0x01: JJH Probe  s/n:3E4C880C,764943538,1779974658.968776859,1,Too Few Markers,-3.697314E28,-3.697314E28,-3.697314E28,-3.697314E28,-3.697314E28,-3.697314E28,-3.697314E28,0.0000000,3,Missing,-3.697314E28,-3.697314E28,-3.697314E28,Missing,-3.697314E28,-3.697314E28,-3.697314E28,Missing,-3.697314E28,-3.697314E28,-3.697314E28,Port 0x02: JJH T tibia tracker  s/n:3E4C8800,764943538,1779974658.968776859,1,OK,0.5069398,0.1828204,0.1938136,-0.8197713,6.034,78.197,-1348.456,0.2603557,3,OK,5.829,78.058,-1348.563,OK,-60.657,141.178,-1319.551,OK,43.859,146.635,-1303.775,Port 0x03: JJH Y femur tracker  s/n:3E4C8801,764943538,1779974658.968776859,1,OK,0.9016260,0.2229650,-0.1559373,-0.3362152,-229.295,67.264,-1482.299,0.4378880,3,OK,-229.154,66.698,-1482.425,OK,-228.648,161.293,-1449.169,OK,-296.830,130.466,-1494.426
3,Port 0x01: JJH Probe  s/n:3E4C880C,764943541,1779974659.018776859,1,Too Few Markers,-3.697314E28,-3.697314E28,-3.697314E28,-3.697314E28,-3.697314E28,-3.697314E28,-3.697314E28,0.0000000,3,Missing,-3.697314E28,-3.697314E28,-3.697314E28,Missing,-3.697314E28,-3.697314E28,-3.697314E28,Missing,-3.697314E28,-3.697314E28,-3.697314E28,Port 0x02: JJH T tibia tracker  s/n:3E4C8800,764943541,1779974659.018776859,1,OK,0.5063032,0.1837461,0.1961308,-0.8194066,5.921,77.747,-1347.301,0.2594762,3,OK,5.721,77.609,-1347.407,OK,-60.741,140.593,-1318.011,OK,43.807,145.946,-1302.307,Port 0x03: JJH Y femur tracker  s/n:3E4C8801,764943541,1779974659.018776859,1,OK,0.9051767,0.2160885,-0.1297498,-0.3422367,-231.366,67.436,-1475.871,0.4169178,3,OK,-231.245,66.893,-1476.006,OK,-228.926,161.289,-1442.290,OK,-299.552,130.593,-1483.895
3,Port 0x01: JJH Probe  s/n:3E4C880C,764943544,1779974659.068776859,1,Too Few Markers,-3.697314E28,-3.697314E28,-3.697314E28,-3.697314E28,-3.697314E28,-3.697314E28,-3.697314E28,0.0000000,3,Missing,-3.697314E28,-3.697314E28,-3.697314E28,Missing,-3.697314E28,-3.697314E28,-3.697314E28,Missing,-3.697314E28,-3.697314E28,-3.697314E28,Port 0x02: JJH T tibia tracker  s/n:3E4C8800,764943544,1779974659.068776859,1,OK,0.5057685,0.1846368,0.1983263,-0.8190080,5.867,77.335,-1345.972,0.2501805,3,OK,5.662,77.224,-1346.063,OK,-60.765,140.026,-1316.329,OK,43.791,145.299,-1300.688,Port 0x03: JJH Y femur tracker  s/n:3E4C8801,764943544,1779974659.068776859,1,OK,0.9079857,0.2093768,-0.1048585,-0.3474594,-232.939,67.673,-1469.726,0.4031608,3,OK,-232.830,67.147,-1469.867,OK,-228.840,161.359,-1435.838,OK,-301.555,130.744,-1473.842
3,Port 0x01: JJH Probe  s/n:3E4C880C,764943547,1779974659.118776860,1,Too Few Markers,-3.697314E28,-3.697314E28,-3.697314E28,-3.697314E28,-3.697314E28,-3.697314E28,-3.697314E28,0.0000000,3,Missing,-3.697314E28,-3.697314E28,-3.697314E28,Missing,-3.697314E28,-3.697314E28,-3.697314E28,Missing,-3.697314E28,-3.697314E28,-3.697314E28,Port 0x02: JJH T tibia tracker  s/n:3E4C8800,764943547,1779974659.118776860,1,OK,0.5052366,0.1856673,0.2006754,-0.8185310,5.765,76.822,-1344.836,0.2556345,3,OK,5.551,76.721,-1344.923,OK,-60.848,139.342,-1314.820,OK,43.726,144.550,-1299.220,Port 0x03: JJH Y femur tracker  s/n:3E4C8801,764943547,1779974659.118776860,1,OK,0.9102221,0.2028556,-0.0807606,-0.3518849,-234.207,67.673,-1463.791,0.3852252,3,OK,-234.108,67.171,-1463.933,OK,-228.582,161.193,-1429.689,OK,-303.086,130.589,-1464.125
3,Port 0x01: JJH Probe  s/n:3E4C880C,764943550,1779974659.168776859,1,Too Few Markers,-3.697314E28,-3.697314E28,-3.697314E28,-3.697314E28,-3.697314E28,-3.697314E28,-3.697314E28,0.0000000,3,Missing,-3.697314E28,-3.697314E28,-3.697314E28,Missing,-3.697314E28,-3.697314E28,-3.697314E28,Missing,-3.697314E28,-3.697314E28,-3.697314E28,Port 0x02: JJH T tibia tracker  s/n:3E4C8800,764943550,1779974659.168776859,1,OK,0.5045323,0.1865787,0.2032733,-0.8181171,5.693,76.464,-1343.759,0.2571177,3,OK,5.484,76.357,-1343.849,OK,-60.883,138.829,-1313.307,OK,43.726,143.931,-1297.811,Port 0x03: JJH Y femur tracker  s/n:3E4C8801,764943550,1779974659.168776859,1,OK,0.9117175,0.1963611,-0.0579882,-0.3561613,-235.094,67.797,-1458.020,0.3807561,3,OK,-234.992,67.300,-1458.164,OK,-227.940,161.179,-1423.817,OK,-304.030,130.604,-1454.786
3,Port 0x01: JJH Probe  s/n:3E4C880C,764943553,1779974659.218776859,1,Too Few Markers,-3.697314E28,-3.697314E28,-3.697314E28,-3.697314E28,-3.697314E28,-3.697314E28,-3.697314E28,0.0000000,3,Missing,-3.697314E28,-3.697314E28,-3.697314E28,Missing,-3.697314E28,-3.697314E28,-3.697314E28,Missing,-3.697314E28,-3.697314E28,-3.697314E28,Port 0x02: JJH T tibia tracker  s/n:3E4C8800,764943553,1779974659.218776859,1,OK,0.5039116,0.1872612,0.2052834,-0.8178417,5.665,75.862,-1342.511,0.2445123,3,OK,5.460,75.774,-1342.590,OK,-60.861,138.109,-1311.721,OK,43.758,143.106,-1296.323,Port 0x03: JJH Y femur tracker  s/n:3E4C8801,764943553,1779974659.218776859,1,OK,0.9127928,0.1895554,-0.0350215,-0.3600715,-235.763,67.744,-1452.457,0.3736221,3,OK,-235.670,67.257,-1452.606,OK,-227.140,160.994,-1418.271,OK,-304.558,130.404,-1445.637
3,Port 0x01: JJH Probe  s/n:3E4C880C,764943556,1779974659.268776859,1,Too Few Markers,-3.697314E28,-3.697314E28,-3.697314E28,-3.697314E28,-3.697314E28,-3.697314E28,-3.697314E28,0.0000000,3,Missing,-3.697314E28,-3.697314E28,-3.697314E28,Missing,-3.697314E28,-3.697314E28,-3.697314E28,Missing,-3.697314E28,-3.697314E28,-3.697314E28,Port 0x02: JJH T tibia tracker  s/n:3E4C8800,764943556,1779974659.268776859,1,OK,0.5030438,0.1884554,0.2080029,-0.8174144,5.646,75.319,-1341.182,0.2426851,3,OK,5.440,75.246,-1341.252,OK,-60.826,137.399,-1309.949,OK,43.821,142.251,-1294.623,Port 0x03: JJH Y femur tracker  s/n:3E4C8801,764943556,1779974659.268776859,1,OK,0.9132123,0.1834137,-0.0133238,-0.3636278,-236.167,67.806,-1446.887,0.3682108,3,OK,-236.071,67.326,-1447.038,OK,-226.113,160.914,-1412.700,OK,-304.712,130.312,-1436.673
3,Port 0x01: JJH Probe  s/n:3E4C880C,764943559,1779974659.318776859,1,Too Few Markers,-3.697314E28,-3.697314E28,-3.697314E28,-3.697314E28,-3.697314E28,-3.697314E28,-3.697314E28,0.0000000,3,Missing,-3.697314E28,-3.697314E28,-3.697314E28,Missing,-3.697314E28,-3.697314E28,-3.697314E28,Missing,-3.697314E28,-3.697314E28,-3.697314E28,Port 0x02: JJH T tibia tracker  s/n:3E4C8800,764943559,1779974659.318776859,1,OK,0.5022271,0.1897143,0.2109568,-0.8168682,5.673,74.502,-1339.666,0.2497187,3,OK,5.461,74.426,-1339.739,OK,-60.753,136.385,-1307.953,OK,43.915,141.123,-1292.699,Port 0x03: JJH Y femur tracker  s/n:3E4C8801,764943559,1779974659.318776859,1,OK,0.9131571,0.1770945,0.0090580,-0.3670144,-236.216,67.706,-1441.412,0.3729692,3,OK,-236.118,67.220,-1441.571,OK,-224.739,160.666,-1407.279,OK,-304.319,130.039,-1427.701
3,Port 0x01: JJH Probe  s/n:3E4C880C,764943562,1779974659.368776860,1,Too Few Markers,-3.697314E28,-3.697314E28,-3.697314E28,-3.697314E28,-3.697314E28,-3.697314E28,-3.697314E28,0.0000000,3,Missing,-3.697314E28,-3.697314E28,-3.697314E28,Missing,-3.697314E28,-3.697314E28,-3.697314E28,Missing,-3.697314E28,-3.697314E28,-3.697314E28,Port 0x02: JJH T tibia tracker  s/n:3E4C8800,764943562,1779974659.368776860,1,OK,0.5013951,0.1911616,0.2142134,-0.8161941,5.682,73.557,-1338.037,0.2432914,3,OK,5.469,73.507,-1338.094,OK,-60.709,135.197,-1305.809,OK,43.977,139.812,-1290.629,Port 0x03: JJH Y femur tracker  s/n:3E4C8801,764943562,1779974659.368776860,1,OK,0.9127284,0.1704898,0.0303125,-0.3700558,-236.089,67.443,-1435.896,0.3627714,3,OK,-235.991,66.973,-1436.055,OK,-223.233,160.291,-1401.971,OK,-303.645,129.595,-1418.927
3,Port 0x01: JJH Probe  s/n:3E4C880C,764943565,1779974659.418776859,1,Too Few Markers,-3.697314E28,-3.697314E28,-3.697314E28,-3.697314E28,-3.697314E28,-3.697314E28,-3.697314E28,0.0000000,3,Missing,-3.697314E28,-3.697314E28,-3.697314E28,Missing,-3.697314E28,-3.697314E28,-3.697314E28,Missing,-3.697314E28,-3.697314E28,-3.697314E28,Port 0x02: JJH T tibia tracker  s/n:3E4C8800,764943565,1779974659.418776859,1,OK,0.5004537,0.1923325,0.2176875,-0.8155774,5.689,72.473,-1336.231,0.2312881,3,OK,5.480,72.459,-1336.265,OK,-60.638,133.866,-1303.435,OK,44.067,138.344,-1288.413,Port 0x03: JJH Y femur tracker  s/n:3E4C8801,764943565,1779974659.418776859,1,OK,0.9119816,0.1630801,0.0515436,-0.3728776,-235.727,67.249,-1430.483,0.3417832,3,OK,-235.617,66.807,-1430.637,OK,-221.537,160.007,-1396.974,OK,-302.575,129.237,-1410.328
3,Port 0x01: JJH Probe  s/n:3E4C880C,764943568,1779974659.468776859,1,Too Few Markers,-3.697314E28,-3.697314E28,-3.697314E28,-3.697314E28,-3.697314E28,-3.697314E28,-3.697314E28,0.0000000,3,Missing,-3.697314E28,-3.697314E28,-3.697314E28,Missing,-3.697314E28,-3.697314E28,-3.697314E28,Missing,-3.697314E28,-3.697314E28,-3.697314E28,Port 0x02: JJH T tibia tracker  s/n:3E4C8800,764943568,1779974659.468776859,1,OK,0.4993843,0.1943794,0.2216566,-0.8146781,5.790,71.496,-1334.459,0.2426254,3,OK,5.570,71.481,-1334.494,OK,-60.502,132.588,-1301.046,OK,44.230,136.916,-1286.052,Port 0x03: JJH Y femur tracker  s/n:3E4C8801,764943568,1779974659.468776859,1,OK,0.9107561,0.1560879,0.0722258,-0.3754241,-235.068,67.092,-1425.161,0.3343831,3,OK,-234.954,66.663,-1425.317,OK,-219.595,159.767,-1392.050,OK,-301.091,128.900,-1401.913
3,Port 0x01: JJH Probe  s/n:3E4C880C,764943571,1779974659.518776859,1,Too Few Markers,-3.697314E28,-3.697314E28,-3.697314E28,-3.697314E28,-3.697314E28,-3.697314E28,-3.697314E28,0.0000000,3,Missing,-3.697314E28,-3.697314E28,-3.697314E28,Missing,-3.697314E28,-3.697314E28,-3.697314E28,Missing,-3.697314E28,-3.697314E28,-3.697314E28,Port 0x02: JJH T tibia tracker  s/n:3E4C8800,764943571,1779974659.518776859,1,OK,0.4983277,0.1957059,0.2252316,-0.8140267,5.903,70.499,-1332.751,0.2409487,3,OK,5.682,70.501,-1332.775,OK,-60.315,131.338,-1298.756,OK,44.439,135.518,-1283.901,Port 0x03: JJH Y femur tracker  s/n:3E4C8801,764943571,1779974659.518776859,1,OK,0.9089962,0.1495947,0.0930284,-0.3777474,-234.239,66.908,-1420.131,0.3372764,3,OK,-234.116,66.479,-1420.295,OK,-217.497,159.470,-1387.358,OK,-299.309,128.503,-1393.763
3,Port 0x01: JJH Probe  s/n:3E4C880C,764943574,1779974659.568776859,1,Too Few Markers,-3.697314E28,-3.697314E28,-3.697314E28,-3.697314E28,-3.697314E28,-3.697314E28,-3.697314E28,0.0000000,3,Missing,-3.697314E28,-3.697314E28,-3.697314E28,Missing,-3.697314E28,-3.697314E28,-3.697314E28,Missing,-3.697314E28,-3.697314E28,-3.697314E28,Port 0x02: JJH T tibia tracker  s/n:3E4C8800,764943574,1779974659.568776859,1,OK,0.4974220,0.1966164,0.2284027,-0.8134775,5.989,69.534,-1331.152,0.2321929,3,OK,5.777,69.569,-1331.152,OK,-60.163,130.144,-1296.633,OK,44.619,134.197,-1281.960,Port 0x03: JJH Y femur tracker  s/n:3E4C8801,764943574,1779974659.568776859,1,OK,0.9068915,0.1434262,0.1131655,-0.3796976,-233.245,66.663,-1415.276,0.3494464,3,OK,-233.121,66.221,-1415.453,OK,-215.312,159.129,-1382.838,OK,-297.270,128.016,-1385.915
3,Port 0x01: JJH Probe  s/n:3E4C880C,764943577,1779974659.618776860,1,Too Few Markers,-3.697314E28,-3.697314E28,-3.697314E28,-3.697314E28,-3.697314E28,-3.697314E28,-3.697314E28,0.0000000,3,Missing,-3.697314E28,-3.697314E28,-3.697314E28,Missing,-3.697314E28,-3.697314E28,-3.697314E28,Missing,-3.697314E28,-3.697314E28,-3.697314E28,Port 0x02: JJH T tibia tracker  s/n:3E4C8800,764943577,1779974659.618776860,1,OK,0.4963850,0.1982053,0.2312098,-0.8129321,6.199,68.708,-1329.632,0.2497632,3,OK,5.969,68.756,-1329.625,OK,-59.890,129.117,-1294.681,OK,44.917,133.008,-1280.015,Port 0x03: JJH Y femur tracker  s/n:3E4C8801,764943577,1779974659.618776860,1,OK,0.9044990,0.1369058,0.1323049,-0.3816199,-231.999,66.495,-1410.446,0.3406265,3,OK,-231.870,66.068,-1410.626,OK,-212.923,158.870,-1378.497,OK,-294.871,127.663,-1378.313
3,Port 0x01: JJH Probe  s/n:3E4C880C,764943580,1779974659.668776859,1,Too Few Markers,-3.697314E28,-3.697314E28,-3.697314E28,-3.697314E28,-3.697314E28,-3.697314E28,-3.697314E28,0.0000000,3,Missing,-3.697314E28,-3.697314E28,-3.697314E28,Missing,-3.697314E28,-3.697314E28,-3.697314E28,Missing,-3.697314E28,-3.697314E28,-3.697314E28,Port 0x02: JJH T tibia tracker  s/n:3E4C8800,764943580,1779974659.668776859,1,OK,0.4955533,0.1990412,0.2336912,-0.8125257,6.377,67.944,-1328.272,0.2524504,3,OK,6.148,68.005,-1328.254,OK,-59.649,128.182,-1292.913,OK,45.190,131.953,-1278.367,Port 0x03: JJH Y femur tracker  s/n:3E4C8801,764943580,1779974659.668776859,1,OK,0.9017249,0.1309474,0.1515297,-0.3831237,-230.702,66.237,-1405.917,0.3465084,3,OK,-230.565,65.807,-1406.108,OK,-210.539,158.504,-1374.371,OK,-292.338,127.154,-1370.998
3,Port 0x01: JJH Probe  s/n:3E4C880C,764943583,1779974659.718776859,1,Too Few Markers,-3.697314E28,-3.697314E28,-3.697314E28,-3.697314E28,-3.697314E28,-3.697314E28,-3.697314E28,0.0000000,3,Missing,-3.697314E28,-3.697314E28,-3.697314E28,Missing,-3.697314E28,-3.697314E28,-3.697314E28,Missing,-3.697314E28,-3.697314E28,-3.697314E28,Port 0x02: JJH T tibia tracker  s/n:3E4C8800,764943583,1779974659.718776859,1,OK,0.4947357,0.1995530,0.2354903,-0.8123789,6.592,67.547,-1327.184,0.2435920,3,OK,6.372,67.607,-1327.166,OK,-59.349,127.703,-1291.506,OK,45.505,131.333,-1277.089,Port 0x03: JJH Y femur tracker  s/n:3E4C8801,764943583,1779974659.718776859,1,OK,0.8984703,0.1253277,0.1704671,-0.3846884,-229.241,66.129,-1401.630,0.3739307,3,OK,-229.096,65.669,-1401.844,OK,-207.964,158.282,-1370.467,OK,-289.517,126.816,-1363.982
3,Port 0x01: JJH Probe  s/n:3E4C880C,764943586,1779974659.768776859,1,Too Few Markers,-3.697314E28,-3.697314E28,-3.697314E28,-3.697314E28,-3.697314E28,-3.697314E28,-3.697314E28,0.0000000,3,Missing,-3.697314E28,-3.697314E28,-3.697314E28,Missing,-3.697314E28,-3.697314E28,-3.697314E28,Missing,-3.697314E28,-3.697314E28,-3.697314E28,Port 0x02: JJH T tibia tracker  s/n:3E4C8800,764943586,1779974659.768776859,1,OK,0.4940615,0.2000546,0.2369974,-0.8122275,6.836,67.160,-1326.196,0.2472806,3,OK,6.613,67.231,-1326.170,OK,-59.033,127.229,-1290.264,OK,45.835,130.753,-1275.931,Port 0x03: JJH Y femur tracker  s/n:3E4C8801,764943586,1779974659.768776859,1,OK,0.8953385,0.1189214,0.1879681,-0.3858686,-227.599,65.866,-1397.320,0.3650574,3,OK,-227.448,65.425,-1397.536,OK,-205.349,157.967,-1366.771,OK,-286.542,126.347,-1357.275
3,Port 0x01: JJH Probe  s/n:3E4C880C,764943589,1779974659.818776859,1,Too Few Markers,-3.697314E28,-3.697314E28,-3.697314E28,-3.697314E28,-3.697314E28,-3.697314E28,-3.697314E28,0.0000000,3,Missing,-3.697314E28,-3.697314E28,-3.697314E28,Missing,-3.697314E28,-3.697314E28,-3.697314E28,Missing,-3.697314E28,-3.697314E28,-3.697314E28,Port 0x02: JJH T tibia tracker  s/n:3E4C8800,764943589,1779974659.818776859,1,OK,0.4932042,0.2009968,0.2383204,-0.8121289,7.079,66.804,-1325.210,0.2677137,3,OK,6.835,66.863,-1325.195,OK,-58.713,126.820,-1289.066,OK,46.183,130.196,-1274.713,Port 0x03: JJH Y femur tracker  s/n:3E4C8801,764943589,1779974659.818776859,1,OK,0.8919259,0.1133438,0.2043426,-0.3871246,-225.939,65.734,-1393.251,0.3565875,3,OK,-225.792,65.308,-1393.469,OK,-202.733,157.754,-1363.231,OK,-283.494,126.029,-1350.975
3,Port 0x01: JJH Probe  s/n:3E4C880C,764943592,1779974659.868776860,1,Too Few Markers,-3.697314E28,-3.697314E28,-3.697314E28,-3.697314E28,-3.697314E28,-3.697314E28,-3.697314E28,0.0000000,3,Missing,-3.697314E28,-3.697314E28,-3.697314E28,Missing,-3.697314E28,-3.697314E28,-3.697314E28,Missing,-3.697314E28,-3.697314E28,-3.697314E28,Port 0x02: JJH T tibia tracker  s/n:3E4C8800,764943592,1779974659.868776860,1,OK,0.4923362,0.2012703,0.2393184,-0.8122943,7.444,66.349,-1324.356,0.2604604,3,OK,7.208,66.423,-1324.329,OK,-58.232,126.371,-1288.016,OK,46.674,129.566,-1273.774,Port 0x03: JJH Y femur tracker  s/n:3E4C8801,764943592,1779974659.868776860,1,OK,0.8883613,0.1076025,0.2206121,-0.3880287,-224.161,65.538,-1389.515,0.3607236,3,OK,-224.005,65.118,-1389.743,OK,-200.082,157.491,-1360.072,OK,-280.291,125.635,-1345.066
3,Port 0x01: JJH Probe  s/n:3E4C880C,764943595,1779974659.918776859,1,Too Few Markers,-3.697314E28,-3.697314E28,-3.697314E28,-3.697314E28,-3.697314E28,-3.697314E28,-3.697314E28,0.0000000,3,Missing,-3.697314E28,-3.697314E28,-3.697314E28,Missing,-3.697314E28,-3.697314E28,-3.697314E28,Missing,-3.697314E28,-3.697314E28,-3.697314E28,Port 0x02: JJH T tibia tracker  s/n:3E4C8800,764943595,1779974659.918776859,1,OK,0.4911027,0.2023108,0.2410304,-0.8122763,7.878,65.596,-1323.264,0.2583891,3,OK,7.645,65.671,-1323.236,OK,-57.671,125.581,-1286.626,OK,47.249,128.522,-1272.434,Port 0x03: JJH Y femur tracker  s/n:3E4C8801,764943595,1779974659.918776859,1,OK,0.8845379,0.1027993,0.2362715,-0.3888454,-222.341,65.437,-1386.059,0.3747759,3,OK,-222.186,65.003,-1386.303,OK,-197.402,157.295,-1357.055,OK,-277.003,125.306,-1339.513
3,Port 0x01: JJH Probe  s/n:3E4C880C,764943598,1779974659.968776859,1,Too Few Markers,-3.697314E28,-3.697314E28,-3.697314E28,-3.697314E28,-3.697314E28,-3.697314E28,-3.697314E28,0.0000000,3,Missing,-3.697314E28,-3.697314E28,-3.697314E28,Missing,-3.697314E28,-3.697314E28,-3.697314E28,Missing,-3.697314E28,-3.697314E28,-3.697314E28,Port 0x02: JJH T tibia tracker  s/n:3E4C8800,764943598,1779974659.968776859,1,OK,0.4893577,0.2033512,0.2429500,-0.8124978,8.434,64.835,-1322.480,0.2564814,3,OK,8.200,64.894,-1322.464,OK,-56.904,124.833,-1285.479,OK,48.035,127.421,-1271.390,Port 0x03: JJH Y femur tracker  s/n:3E4C8801,764943598,1779974659.968776859,1,OK,0.8807178,0.0974069,0.2511468,-0.3895809,-220.494,65.215,-1382.623,0.3827944,3,OK,-220.336,64.777,-1382.879,OK,-194.756,157.027,-1354.214,OK,-273.693,124.907,-1334.173
3,Port 0x01: JJH Probe  s/n:3E4C880C,764943601,1779974660.018776864,1,Too Few Markers,-3.697314E28,-3.697314E28,-3.697314E28,-3.697314E28,-3.697314E28,-3.697314E28,-3.697314E28,0.0000000,3,Missing,-3.697314E28,-3.697314E28,-3.697314E28,Missing,-3.697314E28,-3.697314E28,-3.697314E28,Missing,-3.697314E28,-3.697314E28,-3.697314E28,Port 0x02: JJH T tibia tracker  s/n:3E4C8800,764943601,1779974660.018776864,1,OK,0.4880082,0.2039055,0.2434807,-0.8130115,8.991,64.284,-1321.872,0.2561125,3,OK,8.760,64.343,-1321.855,OK,-56.167,124.399,-1284.737,OK,48.790,126.673,-1270.695,Port 0x03: JJH Y femur tracker  s/n:3E4C8801,764943601,1779974660.018776864,1,OK,0.8766379,0.0923709,0.2659742,-0.3901683,-218.573,65.004,-1379.329,0.3869060,3,OK,-218.417,64.568,-1379.594,OK,-192.051,156.747,-1351.469,OK,-270.248,124.486,-1328.998
3,Port 0x01: JJH Probe  s/n:3E4C880C,764943604,1779974660.068776864,1,Too Few Markers,-3.697314E28,-3.697314E28,-3.697314E28,-3.697314E28,-3.697314E28,-3.697314E28,-3.697314E28,0.0000000,3,Missing,-3.697314E28,-3.697314E28,-3.697314E28,Missing,-3.697314E28,-3.697314E28,-3.697314E28,Missing,-3.697314E28,-3.697314E28,-3.697314E28,Port 0x02: JJH T tibia tracker  s/n:3E4C8800,764943604,1779974660.068776864,1,OK,0.4868752,0.2038771,0.2435450,-0.8136784,9.572,63.922,-1321.449,0.2525154,3,OK,9.346,63.992,-1321.423,OK,-55.407,124.188,-1284.241,OK,49.568,126.192,-1270.303,Port 0x03: JJH Y femur tracker  s/n:3E4C8801,764943604,1779974660.068776864,1,OK,0.8723703,0.0881770,0.2804209,-0.3905880,-216.565,64.889,-1376.281,0.4279298,3,OK,-216.400,64.412,-1376.579,OK,-189.291,156.534,-1348.826,OK,-266.691,124.138,-1324.095
3,Port 0x01: JJH Probe  s/n:3E4C880C,764943607,1779974660.118776864,1,Too Few Markers,-3.697314E28,-3.697314E28,-3.697314E28,-3.697314E28,-3.697314E28,-3.697314E28,-3.697314E28,0.0000000,3,Missing,-3.697314E28,-3.697314E28,-3.697314E28,Missing,-3.697314E28,-3.697314E28,-3.697314E28,Missing,-3.697314E28,-3.697314E28,-3.697314E28,Port 0x02: JJH T tibia tracker  s/n:3E4C8800,764943607,1779974660.118776864,1,OK,0.4853813,0.2043152,0.2437296,-0.8144054,10.217,63.527,-1321.094,0.2568466,3,OK,9.982,63.576,-1321.086,OK,-54.536,123.972,-1283.792,OK,50.443,125.636,-1269.892,Port 0x03: JJH Y femur tracker  s/n:3E4C8801,764943607,1779974660.118776864,1,OK,0.8681974,0.0829709,0.2939635,-0.3910685,-214.469,64.706,-1373.180,0.4161064,3,OK,-214.320,64.246,-1373.472,OK,-186.509,156.319,-1346.372,OK,-263.042,123.787,-1319.409
3,Port 0x01: JJH Probe  s/n:3E4C880C,764943610,1779974660.168776864,1,Too Few Markers,-3.697314E28,-3.697314E28,-3.697314E28,-3.697314E28,-3.697314E28,-3.697314E28,-3.697314E28,0.0000000,3,Missing,-3.697314E28,-3.697314E28,-3.697314E28,Missing,-3.697314E28,-3.697314E28,-3.697314E28,Missing,-3.697314E28,-3.697314E28,-3.697314E28,Port 0x02: JJH T tibia tracker  s/n:3E4C8800,764943610,1779974660.168776864,1,OK,0.4839499,0.2043942,0.2431476,-0.8154108,10.940,63.027,-1320.671,0.2603268,3,OK,10.706,63.108,-1320.639,OK,-53.587,123.721,-1283.397,OK,51.413,125.010,-1269.548,Port 0x03: JJH Y femur tracker  s/n:3E4C8801,764943610,1779974660.168776864,1,OK,0.8638468,0.0778059,0.3075067,-0.3913496,-212.312,64.574,-1370.217,0.4146582,3,OK,-212.167,64.125,-1370.514,OK,-183.695,156.152,-1344.063,OK,-259.313,123.476,-1314.879
3,Port 0x01: JJH Probe  s/n:3E4C880C,764943613,1779974660.218776864,1,Too Few Markers,-3.697314E28,-3.697314E28,-3.697314E28,-3.697314E28,-3.697314E28,-3.697314E28,-3.697314E28,0.0000000,3,Missing,-3.697314E28,-3.697314E28,-3.697314E28,Missing,-3.697314E28,-3.697314E28,-3.697314E28,Missing,-3.697314E28,-3.697314E28,-3.697314E28,Port 0x02: JJH T tibia tracker  s/n:3E4C8800,764943613,1779974660.218776864,1,OK,0.4823017,0.2046047,0.2432265,-0.8163105,11.635,62.516,-1320.364,0.2585830,3,OK,11.404,62.592,-1320.336,OK,-52.641,123.427,-1282.996,OK,52.380,124.325,-1269.241,Port 0x03: JJH Y femur tracker  s/n:3E4C8801,764943613,1779974660.218776864,1,OK,0.8594352,0.0728450,0.3206557,-0.3914647,-210.227,64.424,-1367.443,0.4223894,3,OK,-210.078,63.976,-1367.751,OK,-180.992,155.971,-1341.924,OK,-255.670,123.140,-1310.603
3,Port 0x01: JJH Probe  s/n:3E4C880C,764943616,1779974660.268776864,1,Too Few Markers,-3.697314E28,-3.697314E28,-3.697314E28,-3.697314E28,-3.697314E28,-3.697314E28,-3.697314E28,0.0000000,3,Missing,-3.697314E28,-3.697314E28,-3.697314E28,Missing,-3.697314E28,-3.697314E28,-3.697314E28,Missing,-3.697314E28,-3.697314E28,-3.697314E28,Port 0x02: JJH T tibia tracker  s/n:3E4C8800,764943616,1779974660.268776864,1,OK,0.4808064,0.2046773,0.2427235,-0.8173235,12.329,61.993,-1320.059,0.2639280,3,OK,12.098,62.101,-1320.009,OK,-51.703,123.150,-1282.704,OK,53.327,123.665,-1269.012,Port 0x03: JJH Y femur tracker  s/n:3E4C8801,764943616,1779974660.268776864,1,OK,0.8551733,0.0684942,0.3326372,-0.3915862,-208.223,64.252,-1364.938,0.4366055,3,OK,-208.083,63.791,-1365.258,OK,-178.425,155.765,-1339.973,OK,-252.166,122.797,-1306.766
3,Port 0x01: JJH Probe  s/n:3E4C880C,764943619,1779974660.318776864,1,Too Few Markers,-3.697314E28,-3.697314E28,-3.697314E28,-3.697314E28,-3.697314E28,-3.697314E28,-3.697314E28,0.0000000,3,Missing,-3.697314E28,-3.697314E28,-3.697314E28,Missing,-3.697314E28,-3.697314E28,-3.697314E28,Missing,-3.697314E28,-3.697314E28,-3.697314E28,Port 0x02: JJH T tibia tracker  s/n:3E4C8800,764943619,1779974660.318776864,1,OK,0.4790614,0.2049599,0.2427302,-0.8182748,13.080,61.446,-1319.929,0.2505629,3,OK,12.858,61.521,-1319.902,OK,-50.685,122.850,-1282.478,OK,54.352,122.947,-1268.870,Port 0x03: JJH Y femur tracker  s/n:3E4C8801,764943619,1779974660.318776864,1,OK,0.8508433,0.0641784,0.3443593,-0.3916165,-206.226,64.052,-1362.632,0.4416358,3,OK,-206.092,63.590,-1362.960,OK,-175.882,155.534,-1338.237,OK,-248.675,122.420,-1303.186
3,Port 0x01: JJH Probe  s/n:3E4C880C,764943622,1779974660.368776864,1,Too Few Markers,-3.697314E28,-3.697314E28,-3.697314E28,-3.697314E28,-3.697314E28,-3.697314E28,-3.697314E28,0.0000000,3,Missing,-3.697314E28,-3.697314E28,-3.697314E28,Missing,-3.697314E28,-3.697314E28,-3.697314E28,Missing,-3.697314E28,-3.697314E28,-3.697314E28,Port 0x02: JJH T tibia tracker  s/n:3E4C8800,764943622,1779974660.368776864,1,OK,0.4774810,0.2051050,0.2421386,-0.8193368,13.793,60.920,-1319.684,0.2604762,3,OK,13.565,61.018,-1319.642,OK,-49.714,122.587,-1282.260,OK,55.332,122.284,-1268.690,Port 0x03: JJH Y femur tracker  s/n:3E4C8801,764943622,1779974660.368776864,1,OK,0.8467879,0.0597331,0.3549786,-0.3916280,-204.228,63.890,-1360.300,0.4391332,3,OK,-204.109,63.433,-1360.623,OK,-173.423,155.376,-1336.525,OK,-245.267,122.129,-1299.780
3,Port 0x01: JJH Probe  s/n:3E4C880C,764943625,1779974660.418776864,1,Too Few Markers,-3.697314E28,-3.697314E28,-3.697314E28,-3.697314E28,-3.697314E28,-3.697314E28,-3.697314E28,0.0000000,3,Missing,-3.697314E28,-3.697314E28,-3.697314E28,Missing,-3.697314E28,-3.697314E28,-3.697314E28,Missing,-3.697314E28,-3.697314E28,-3.697314E28,Port 0x02: JJH T tibia tracker  s/n:3E4C8800,764943625,1779974660.418776864,1,OK,0.4758988,0.2052761,0.2417858,-0.8203180,14.534,60.412,-1319.610,0.2619781,3,OK,14.301,60.505,-1319.572,OK,-48.716,122.325,-1282.166,OK,56.331,121.639,-1268.649,Port 0x03: JJH Y femur tracker  s/n:3E4C8801,764943625,1779974660.418776864,1,OK,0.8423889,0.0562581,0.3661101,-0.3913814,-202.303,63.702,-1358.274,0.4850886,3,OK,-202.162,63.213,-1358.642,OK,-171.010,155.113,-1334.932,OK,-241.886,121.743,-1296.522
3,Port 0x01: JJH Probe  s/n:3E4C880C,764943628,1779974660.468776864,1,Too Few Markers,-3.697314E28,-3.697314E28,-3.697314E28,-3.697314E28,-3.697314E28,-3.697314E28,-3.697314E28,0.0000000,3,Missing,-3.697314E28,-3.697314E28,-3.697314E28,Missing,-3.697314E28,-3.697314E28,-3.697314E28,Missing,-3.697314E28,-3.697314E28,-3.697314E28,Port 0x02: JJH T tibia tracker  s/n:3E4C8800,764943628,1779974660.468776864,1,OK,0.4744163,0.2048420,0.2408072,-0.8215722,15.285,60.031,-1319.553,0.2551911,3,OK,15.059,60.122,-1319.516,OK,-47.689,122.265,-1282.166,OK,57.360,121.197,-1268.761,Port 0x03: JJH Y femur tracker  s/n:3E4C8801,764943628,1779974660.468776864,1,OK,0.8382337,0.0520391,0.3763253,-0.3911975,-200.319,63.589,-1356.212,0.4901615,3,OK,-200.180,63.105,-1356.587,OK,-168.615,154.994,-1333.472,OK,-238.504,121.497,-1293.460
3,Port 0x01: JJH Probe  s/n:3E4C880C,764943631,1779974660.518776864,1,Too Few Markers,-3.697314E28,-3.697314E28,-3.697314E28,-3.697314E28,-3.697314E28,-3.697314E28,-3.697314E28,0.0000000,3,Missing,-3.697314E28,-3.697314E28,-3.697314E28,Missing,-3.697314E28,-3.697314E28,-3.697314E28,Missing,-3.697314E28,-3.697314E28,-3.697314E28,Port 0x02: JJH T tibia tracker  s/n:3E4C8800,764943631,1779974660.518776864,1,OK,0.4728750,0.2046102,0.2401001,-0.8227247,16.009,59.627,-1319.573,0.2488488,3,OK,15.790,59.725,-1319.531,OK,-46.694,122.151,-1282.208,OK,58.355,120.692,-1268.906,Port 0x03: JJH Y femur tracker  s/n:3E4C8801,764943631,1779974660.518776864,1,OK,0.8343986,0.0482798,0.3853154,-0.3911266,-198.442,63.396,-1354.290,0.4770030,3,OK,-198.322,62.936,-1354.645,OK,-166.372,154.788,-1332.096,OK,-235.323,121.187,-1290.720
3,Port 0x01: JJH Probe  s/n:3E4C880C,764943634,1779974660.568776864,1,Too Few Markers,-3.697314E28,-3.697314E28,-3.697314E28,-3.697314E28,-3.697314E28,-3.697314E28,-3.697314E28,0.0000000,3,Missing,-3.697314E28,-3.697314E28,-3.697314E28,Missing,-3.697314E28,-3.697314E28,-3.697314E28,Missing,-3.697314E28,-3.697314E28,-3.697314E28,Port 0x02: JJH T tibia tracker  s/n:3E4C8800,764943634,1779974660.568776864,1,OK,0.4713939,0.2046949,0.2394183,-0.8237516,16.740,59.229,-1319.680,0.2519487,3,OK,16.516,59.319,-1319.645,OK,-45.715,122.022,-1282.351,OK,59.336,120.191,-1269.078,Port 0x03: JJH Y femur tracker  s/n:3E4C8801,764943634,1779974660.568776864,1,OK,0.8304356,0.0450648,0.3944691,-0.3908197,-196.681,63.242,-1352.707,0.5211023,3,OK,-196.555,62.739,-1353.103,OK,-164.241,154.610,-1330.947,OK,-232.271,120.890,-1288.224
3,Port 0x01: JJH Probe  s/n:3E4C880C,764943637,1779974660.618776864,1,Too Few Markers,-3.697314E28,-3.697314E28,-3.697314E28,-3.697314E28,-3.697314E28,-3.697314E28,-3.697314E28,0.0000000,3,Missing,-3.697314E28,-3.697314E28,-3.697314E28,Missing,-3.697314E28,-3.697314E28,-3.697314E28,Missing,-3.697314E28,-3.697314E28,-3.697314E28,Port 0x02: JJH T tibia tracker  s/n:3E4C8800,764943637,1779974660.618776864,1,OK,0.4701042,0.2043950,0.2384136,-0.8248537,17.378,58.858,-1319.658,0.2563134,3,OK,17.149,58.955,-1319.620,OK,-44.832,121.931,-1282.417,OK,60.214,119.771,-1269.200,Port 0x03: JJH Y femur tracker  s/n:3E4C8801,764943637,1779974660.618776864,1,OK,0.8269750,0.0418353,0.4022852,-0.3905492,-194.962,63.091,-1351.101,0.5039669,3,OK,-194.855,62.614,-1351.474,OK,-162.235,154.454,-1329.812,OK,-229.404,120.607,-1285.940
3,Port 0x01: JJH Probe  s/n:3E4C880C,764943640,1779974660.668776864,1,Too Few Markers,-3.697314E28,-3.697314E28,-3.697314E28,-3.697314E28,-3.697314E28,-3.697314E28,-3.697314E28,0.0000000,3,Missing,-3.697314E28,-3.697314E28,-3.697314E28,Missing,-3.697314E28,-3.697314E28,-3.697314E28,Missing,-3.697314E28,-3.697314E28,-3.697314E28,Port 0x02: JJH T tibia tracker  s/n:3E4C8800,764943640,1779974660.668776864,1,OK,0.4689142,0.2043827,0.2375015,-0.8257967,17.994,58.600,-1319.825,0.2572069,3,OK,17.763,58.680,-1319.799,OK,-44.011,121.933,-1282.666,OK,61.038,119.461,-1269.453,Port 0x03: JJH Y femur tracker  s/n:3E4C8801,764943640,1779974660.668776864,1,OK,0.8234051,0.0383533,0.4100845,-0.3903380,-193.336,62.917,-1349.617,0.4959828,3,OK,-193.233,62.457,-1349.984,OK,-160.319,154.283,-1328.863,OK,-226.622,120.341,-1283.789
3,Port 0x01: JJH Probe  s/n:3E4C880C,764943643,1779974660.718776864,1,Too Few Markers,-3.697314E28,-3.697314E28,-3.697314E28,-3.697314E28,-3.697314E28,-3.697314E28,-3.697314E28,0.0000000,3,Missing,-3.697314E28,-3.697314E28,-3.697314E28,Missing,-3.697314E28,-3.697314E28,-3.697314E28,Missing,-3.697314E28,-3.697314E28,-3.697314E28,Port 0x02: JJH T tibia tracker  s/n:3E4C8800,764943643,1779974660.718776864,1,OK,0.4679499,0.2035161,0.2360959,-0.8269600,18.618,58.478,-1320.062,0.2508917,3,OK,18.396,58.576,-1320.024,OK,-43.167,122.108,-1283.048,OK,61.877,119.367,-1269.948,Port 0x03: JJH Y femur tracker  s/n:3E4C8801,764943643,1779974660.718776864,1,OK,0.8199031,0.0358914,0.4175803,-0.3899968,-191.706,62.797,-1348.313,0.5373814,3,OK,-191.604,62.299,-1348.711,OK,-158.398,154.132,-1327.888,OK,-223.865,120.089,-1281.788
3,Port 0x01: JJH Probe  s/n:3E4C880C,764943646,1779974660.768776864,1,Too Few Markers,-3.697314E28,-3.697314E28,-3.697314E28,-3.697314E28,-3.697314E28,-3.697314E28,-3.697314E28,0.0000000,3,Missing,-3.697314E28,-3.697314E28,-3.697314E28,Missing,-3.697314E28,-3.697314E28,-3.697314E28,Missing,-3.697314E28,-3.697314E28,-3.697314E28,Port 0x02: JJH T tibia tracker  s/n:3E4C8800,764943646,1779974660.768776864,1,OK,0.4670276,0.2029811,0.2347369,-0.8279991,19.158,58.457,-1320.413,0.2458168,3,OK,18.938,58.531,-1320.392,OK,-42.432,122.376,-1283.545,OK,62.612,119.381,-1270.484,Port 0x03: JJH Y femur tracker  s/n:3E4C8801,764943646,1779974660.768776864,1,OK,0.8164664,0.0330624,0.4248455,-0.3896099,-190.196,62.647,-1347.115,0.5621741,3,OK,-190.091,62.130,-1347.538,OK,-156.634,153.972,-1327.102,OK,-221.268,119.831,-1279.949
3,Port 0x01: JJH Probe  s/n:3E4C880C,764943649,1779974660.818776864,1,Too Few Markers,-3.697314E28,-3.697314E28,-3.697314E28,-3.697314E28,-3.697314E28,-3.697314E28,-3.697314E28,0.0000000,3,Missing,-3.697314E28,-3.697314E28,-3.697314E28,Missing,-3.697314E28,-3.697314E28,-3.697314E28,Missing,-3.697314E28,-3.697314E28,-3.697314E28,Port 0x02: JJH T tibia tracker  s/n:3E4C8800,764943649,1779974660.818776864,1,OK,0.4661065,0.2021344,0.2332304,-0.8291501,19.778,58.502,-1320.872,0.2418783,3,OK,19.560,58.554,-1320.867,OK,-41.600,122.732,-1284.162,OK,63.447,119.488,-1271.184,Port 0x03: JJH Y femur tracker  s/n:3E4C8801,764943649,1779974660.818776864,1,OK,0.8132071,0.0299767,0.4315327,-0.3893264,-188.639,62.516,-1345.854,0.5401506,3,OK,-188.546,62.034,-1346.252,OK,-154.857,153.847,-1326.326,OK,-218.670,119.608,-1278.187
3,Port 0x01: JJH Probe  s/n:3E4C880C,764943652,1779974660.868776864,1,Too Few Markers,-3.697314E28,-3.697314E28,-3.697314E28,-3.697314E28,-3.697314E28,-3.697314E28,-3.697314E28,0.0000000,3,Missing,-3.697314E28,-3.697314E28,-3.697314E28,Missing,-3.697314E28,-3.697314E28,-3.697314E28,Missing,-3.697314E28,-3.697314E28,-3.697314E28,Port 0x02: JJH T tibia tracker  s/n:3E4C8800,764943652,1779974660.868776864,1,OK,0.4653951,0.2013409,0.2308602,-0.8304052,20.384,58.533,-1321.257,0.2458870,3,OK,20.162,58.601,-1321.242,OK,-40.803,123.115,-1284.877,OK,64.230,119.630,-1271.874,Port 0x03: JJH Y femur tracker  s/n:3E4C8801,764943652,1779974660.868776864,1,OK,0.8098077,0.0273554,0.4385373,-0.3887778,-187.163,62.396,-1344.800,0.5675837,3,OK,-187.055,61.895,-1345.236,OK,-153.156,153.709,-1325.656,OK,-216.152,119.366,-1276.506
3,Port 0x01: JJH Probe  s/n:3E4C880C,764943655,1779974660.918776864,1,Too Few Markers,-3.697314E28,-3.697314E28,-3.697314E28,-3.697314E28,-3.697314E28,-3.697314E28,-3.697314E28,0.0000000,3,Missing,-3.697314E28,-3.697314E28,-3.697314E28,Missing,-3.697314E28,-3.697314E28,-3.697314E28,Missing,-3.697314E28,-3.697314E28,-3.697314E28,Port 0x02: JJH T tibia tracker  s/n:3E4C8800,764943655,1779974660.918776864,1,OK,0.4646136,0.2003763,0.2287233,-0.8316665,20.949,58.580,-1321.751,0.2480391,3,OK,20.728,58.650,-1321.735,OK,-40.041,123.510,-1285.647,OK,65.000,119.781,-1272.677,Port 0x03: JJH Y femur tracker  s/n:3E4C8801,764943655,1779974660.918776864,1,OK,0.8066491,0.0243118,0.4447692,-0.3884669,-185.628,62.188,-1343.587,0.5434970,3,OK,-185.541,61.723,-1343.986,OK,-151.443,153.521,-1324.921,OK,-213.608,119.078,-1274.887
3,Port 0x01: JJH Probe  s/n:3E4C880C,764943658,1779974660.968776864,1,Too Few Markers,-3.697314E28,-3.697314E28,-3.697314E28,-3.697314E28,-3.697314E28,-3.697314E28,-3.697314E28,0.0000000,3,Missing,-3.697314E28,-3.697314E28,-3.697314E28,Missing,-3.697314E28,-3.697314E28,-3.697314E28,Missing,-3.697314E28,-3.697314E28,-3.697314E28,Port 0x02: JJH T tibia tracker  s/n:3E4C8800,764943658,1779974660.968776864,1,OK,0.4638941,0.1995738,0.2271650,-0.8326876,21.557,58.825,-1322.348,0.2441096,3,OK,21.336,58.846,-1322.365,OK,-39.250,124.048,-1286.420,OK,65.782,120.120,-1273.498,Port 0x03: JJH Y femur tracker  s/n:3E4C8801,764943658,1779974660.968776864,1,OK,0.8031560,0.0217716,0.4515698,-0.3880092,-184.023,62.103,-1342.493,0.5640577,3,OK,-183.937,61.623,-1342.910,OK,-149.610,153.420,-1324.205,OK,-210.925,118.875,-1273.250
3,Port 0x01: JJH Probe  s/n:3E4C880C,764943661,1779974661.018776858,1,Too Few Markers,-3.697314E28,-3.697314E28,-3.697314E28,-3.697314E28,-3.697314E28,-3.697314E28,-3.697314E28,0.0000000,3,Missing,-3.697314E28,-3.697314E28,-3.697314E28,Missing,-3.697314E28,-3.697314E28,-3.697314E28,Missing,-3.697314E28,-3.697314E28,-3.697314E28,Port 0x02: JJH T tibia tracker  s/n:3E4C8800,764943661,1779974661.018776858,1,OK,0.4633486,0.1979614,0.2246539,-0.8340563,22.207,59.050,-1322.991,0.2308057,3,OK,22.000,59.083,-1322.999,OK,-38.400,124.643,-1287.389,OK,66.627,120.518,-1274.578,Port 0x03: JJH Y femur tracker  s/n:3E4C8801,764943661,1779974661.018776858,1,OK,0.7995369,0.0186716,0.4585045,-0.3875122,-182.402,61.981,-1341.380,0.5624377,3,OK,-182.317,61.508,-1341.800,OK,-147.787,153.309,-1323.583,OK,-208.203,118.655,-1271.631
3,Port 0x01: JJH Probe  s/n:3E4C880C,764943664,1779974661.068776858,1,Too Few Markers,-3.697314E28,-3.697314E28,-3.697314E28,-3.697314E28,-3.697314E28,-3.697314E28,-3.697314E28,0.0000000,3,Missing,-3.697314E28,-3.697314E28,-3.697314E28,Missing,-3.697314E28,-3.697314E28,-3.697314E28,Missing,-3.697314E28,-3.697314E28,-3.697314E28,Port 0x02: JJH T tibia tracker  s/n:3E4C8800,764943664,1779974661.068776858,1,OK,0.4628681,0.1961841,0.2215341,-0.8355762,22.803,59.433,-1323.841,0.2262724,3,OK,22.601,59.468,-1323.848,OK,-37.599,125.447,-1288.668,OK,67.424,121.133,-1275.923,Port 0x03: JJH Y femur tracker  s/n:3E4C8801,764943664,1779974661.068776858,1,OK,0.7962145,0.0163181,0.4646681,-0.3871172,-180.925,61.858,-1340.376,0.5730823,3,OK,-180.846,61.383,-1340.800,OK,-146.104,153.169,-1322.941,OK,-205.708,118.425,-1270.180
3,Port 0x01: JJH Probe  s/n:3E4C880C,764943667,1779974661.118776858,1,Too Few Markers,-3.697314E28,-3.697314E28,-3.697314E28,-3.697314E28,-3.697314E28,-3.697314E28,-3.697314E28,0.0000000,3,Missing,-3.697314E28,-3.697314E28,-3.697314E28,Missing,-3.697314E28,-3.697314E28,-3.697314E28,Missing,-3.697314E28,-3.697314E28,-3.697314E28,Port 0x02: JJH T tibia tracker  s/n:3E4C8800,764943667,1779974661.118776858,1,OK,0.4624871,0.1946346,0.2184210,-0.8369679,23.436,59.742,-1324.750,0.2333774,3,OK,23.227,59.772,-1324.762,OK,-36.788,126.152,-1290.023,OK,68.236,121.679,-1277.284,Port 0x03: JJH Y femur tracker  s/n:3E4C8801,764943667,1779974661.118776858,1,OK,0.7930506,0.0136542,0.4705032,-0.3866667,-179.463,61.667,-1339.440,0.5793499,3,OK,-179.392,61.197,-1339.860,OK,-144.496,152.988,-1322.417,OK,-203.277,118.160,-1268.871
3,Port 0x01: JJH Probe  s/n:3E4C880C,764943670,1779974661.168776858,1,Too Few Markers,-3.697314E28,-3.697314E28,-3.697314E28,-3.697314E28,-3.697314E28,-3.697314E28,-3.697314E28,0.0000000,3,Missing,-3.697314E28,-3.697314E28,-3.697314E28,Missing,-3.697314E28,-3.697314E28,-3.697314E28,Missing,-3.697314E28,-3.697314E28,-3.697314E28,Port 0x02: JJH T tibia tracker  s/n:3E4C8800,764943670,1779974661.168776858,1,OK,0.4620642,0.1926886,0.2151428,-0.8384995,24.034,60.119,-1325.653,0.2224995,3,OK,23.835,60.149,-1325.663,OK,-35.985,126.957,-1291.380,OK,69.029,122.303,-1278.721,Port 0x03: JJH Y femur tracker  s/n:3E4C8801,764943670,1779974661.168776858,1,OK,0.7900057,0.0112165,0.4760463,-0.3861931,-178.046,61.567,-1338.598,0.5858130,3,OK,-177.976,61.100,-1339.023,OK,-142.937,152.890,-1321.958,OK,-200.946,117.981,-1267.660
3,Port 0x01: JJH Probe  s/n:3E4C880C,764943673,1779974661.218776858,1,Too Few Markers,-3.697314E28,-3.697314E28,-3.697314E28,-3.697314E28,-3.697314E28,-3.697314E28,-3.697314E28,0.0000000,3,Missing,-3.697314E28,-3.697314E28,-3.697314E28,Missing,-3.697314E28,-3.697314E28,-3.697314E28,Missing,-3.697314E28,-3.697314E28,-3.697314E28,Port 0x02: JJH T tibia tracker  s/n:3E4C8800,764943673,1779974661.218776858,1,OK,0.4614871,0.1914123,0.2130330,-0.8396475,24.578,60.456,-1326.553,0.2230667,3,OK,24.383,60.432,-1326.598,OK,-35.259,127.628,-1292.546,OK,69.755,122.798,-1279.954,Port 0x03: JJH Y femur tracker  s/n:3E4C8801,764943673,1779974661.218776858,1,OK,0.7870937,0.0092919,0.4812048,-0.3857966,-176.801,61.475,-1337.837,0.6049017,3,OK,-176.736,60.996,-1338.273,OK,-141.531,152.783,-1321.490,OK,-198.824,117.799,-1266.548
3,Port 0x01: JJH Probe  s/n:3E4C880C,764943676,1779974661.268776858,1,Too Few Markers,-3.697314E28,-3.697314E28,-3.697314E28,-3.697314E28,-3.697314E28,-3.697314E28,-3.697314E28,0.0000000,3,Missing,-3.697314E28,-3.697314E28,-3.697314E28,Missing,-3.697314E28,-3.697314E28,-3.697314E28,Missing,-3.697314E28,-3.697314E28,-3.697314E28,Port 0x02: JJH T tibia tracker  s/n:3E4C8800,764943676,1779974661.268776858,1,OK,0.4612163,0.1897581,0.2104030,-0.8408341,25.066,60.728,-1327.253,0.2165915,3,OK,24.871,60.728,-1327.282,OK,-34.608,128.215,-1293.623,OK,70.393,123.268,-1281.101,Port 0x03: JJH Y femur tracker  s/n:3E4C8801,764943676,1779974661.268776858,1,OK,0.7846767,0.0069743,0.4854510,-0.3854493,-175.684,61.367,-1337.146,0.5893493,3,OK,-175.627,60.902,-1337.566,OK,-140.326,152.712,-1321.185,OK,-196.992,117.653,-1265.635
3,Port 0x01: JJH Probe  s/n:3E4C880C,764943679,1779974661.318776858,1,Too Few Markers,-3.697314E28,-3.697314E28,-3.697314E28,-3.697314E28,-3.697314E28,-3.697314E28,-3.697314E28,0.0000000,3,Missing,-3.697314E28,-3.697314E28,-3.697314E28,Missing,-3.697314E28,-3.697314E28,-3.697314E28,Missing,-3.697314E28,-3.697314E28,-3.697314E28,Port 0x02: JJH T tibia tracker  s/n:3E4C8800,764943679,1779974661.318776858,1,OK,0.4607652,0.1889588,0.2085829,-0.8417145,25.484,60.956,-1327.938,0.2215248,3,OK,25.286,60.936,-1327.980,OK,-34.053,128.698,-1294.563,OK,70.943,123.604,-1282.037,Port 0x03: JJH Y femur tracker  s/n:3E4C8801,764943679,1779974661.318776858,1,OK,0.7827935,0.0057424,0.4886564,-0.3852484,-174.830,61.304,-1336.684,0.5916881,3,OK,-174.781,60.842,-1337.097,OK,-139.364,152.640,-1320.921,OK,-195.574,117.532,-1264.984
3,Port 0x01: JJH Probe  s/n:3E4C880C,764943682,1779974661.368776858,1,Too Few Markers,-3.697314E28,-3.697314E28,-3.697314E28,-3.697314E28,-3.697314E28,-3.697314E28,-3.697314E28,0.0000000,3,Missing,-3.697314E28,-3.697314E28,-3.697314E28,Missing,-3.697314E28,-3.697314E28,-3.697314E28,Missing,-3.697314E28,-3.697314E28,-3.697314E28,Port 0x02: JJH T tibia tracker  s/n:3E4C8800,764943682,1779974661.368776858,1,OK,0.4606399,0.1883396,0.2071720,-0.8422701,25.696,61.137,-1328.274,0.2225374,3,OK,25.497,61.120,-1328.314,OK,-33.773,129.041,-1295.112,OK,71.219,123.883,-1282.569,Port 0x03: JJH Y femur tracker  s/n:3E4C8801,764943682,1779974661.368776858,1,OK,0.7818442,0.0050558,0.4902148,-0.3852058,-174.420,61.338,-1336.463,0.5953156,3,OK,-174.364,60.878,-1336.886,OK,-138.897,152.661,-1320.826,OK,-194.891,117.561,-1264.657
3,Port 0x01: JJH Probe  s/n:3E4C880C,764943685,1779974661.418776858,1,Too Few Markers,-3.697314E28,-3.697314E28,-3.697314E28,-3.697314E28,-3.697314E28,-3.697314E28,-3.697314E28,0.0000000,3,Missing,-3.697314E28,-3.697314E28,-3.697314E28,Missing,-3.697314E28,-3.697314E28,-3.697314E28,Missing,-3.697314E28,-3.697314E28,-3.697314E28,Port 0x02: JJH T tibia tracker  s/n:3E4C8800,764943685,1779974661.418776858,1,OK,0.4606026,0.1882491,0.2064368,-0.8424912,25.646,61.226,-1328.247,0.2175532,3,OK,25.453,61.208,-1328.288,OK,-33.804,129.210,-1295.203,OK,71.178,124.010,-1282.613,Port 0x03: JJH Y femur tracker  s/n:3E4C8801,764943685,1779974661.418776858,1,OK,0.7828715,0.0061662,0.4882697,-0.3855733,-174.741,61.508,-1336.750,0.6087803,3,OK,-174.692,61.035,-1337.171,OK,-139.224,152.808,-1320.932,OK,-195.495,117.765,-1265.076
3,Port 0x01: JJH Probe  s/n:3E4C880C,764943688,1779974661.468776858,1,Too Few Markers,-3.697314E28,-3.697314E28,-3.697314E28,-3.697314E28,-3.697314E28,-3.697314E28,-3.697314E28,0.0000000,3,Missing,-3.697314E28,-3.697314E28,-3.697314E28,Missing,-3.697314E28,-3.697314E28,-3.697314E28,Missing,-3.697314E28,-3.697314E28,-3.697314E28,Port 0x02: JJH T tibia tracker  s/n:3E4C8800,764943688,1779974661.468776858,1,OK,0.4607130,0.1902571,0.2068694,-0.8418734,25.074,61.210,-1327.631,0.2319955,3,OK,24.865,61.186,-1327.678,OK,-34.483,129.089,-1294.596,OK,70.460,123.883,-1281.664,Port 0x03: JJH Y femur tracker  s/n:3E4C8801,764943688,1779974661.468776858,1,OK,0.7861645,0.0086332,0.4823575,-0.3862670,-176.250,61.785,-1337.719,0.5978639,3,OK,-176.184,61.310,-1338.155,OK,-140.848,153.074,-1321.549,OK,-198.007,118.164,-1266.383
3,Port 0x01: JJH Probe  s/n:3E4C880C,764943691,1779974661.518776858,1,Too Few Markers,-3.697314E28,-3.697314E28,-3.697314E28,-3.697314E28,-3.697314E28,-3.697314E28,-3.697314E28,0.0000000,3,Missing,-3.697314E28,-3.697314E28,-3.697314E28,Missing,-3.697314E28,-3.697314E28,-3.697314E28,Missing,-3.697314E28,-3.697314E28,-3.697314E28,Port 0x02: JJH T tibia tracker  s/n:3E4C8800,764943691,1779974661.518776858,1,OK,0.4611844,0.1919233,0.2085554,-0.8408205,24.099,60.808,-1326.802,0.2170049,3,OK,23.910,60.778,-1326.850,OK,-35.647,128.447,-1293.555,OK,69.282,123.336,-1280.469,Port 0x03: JJH Y femur tracker  s/n:3E4C8801,764943691,1779974661.518776858,1,OK,0.7918726,0.0133362,0.4720589,-0.3871955,-178.918,61.928,-1339.439,0.6041777,3,OK,-178.841,61.433,-1339.887,OK,-143.764,153.194,-1322.522,OK,-202.384,118.463,-1268.745
3,Port 0x01: JJH Probe  s/n:3E4C880C,764943694,1779974661.568776858,1,Too Few Markers,-3.697314E28,-3.697314E28,-3.697314E28,-3.697314E28,-3.697314E28,-3.697314E28,-3.697314E28,0.0000000,3,Missing,-3.697314E28,-3.697314E28,-3.697314E28,Missing,-3.697314E28,-3.697314E28,-3.697314E28,Missing,-3.697314E28,-3.697314E28,-3.697314E28,Port 0x02: JJH T tibia tracker  s/n:3E4C8800,764943694,1779974661.568776858,1,OK,0.4613385,0.1954628,0.2120051,-0.8390560,22.994,60.091,-1325.481,0.2422408,3,OK,22.776,60.069,-1325.530,OK,-36.980,127.279,-1291.800,OK,67.928,122.256,-1278.370,Port 0x03: JJH Y femur tracker  s/n:3E4C8801,764943694,1779974661.568776858,1,OK,0.7993114,0.0185626,0.4581155,-0.3884416,-182.249,62.187,-1341.717,0.5657045,3,OK,-182.165,61.711,-1342.137,OK,-147.498,153.483,-1324.026,OK,-207.977,118.996,-1272.053
3,Port 0x01: JJH Probe  s/n:3E4C880C,764943697,1779974661.618776858,1,Too Few Markers,-3.697314E28,-3.697314E28,-3.697314E28,-3.697314E28,-3.697314E28,-3.697314E28,-3.697314E28,0.0000000,3,Missing,-3.697314E28,-3.697314E28,-3.697314E28,Missing,-3.697314E28,-3.697314E28,-3.697314E28,Missing,-3.697314E28,-3.697314E28,-3.697314E28,Port 0x02: JJH T tibia tracker  s/n:3E4C8800,764943697,1779974661.618776858,1,OK,0.4616062,0.2000386,0.2181236,-0.8362574,21.653,58.729,-1323.425,0.2387521,3,OK,21.437,58.767,-1323.434,OK,-38.667,125.151,-1288.915,OK,66.219,120.272,-1275.228,Port 0x03: JJH Y femur tracker  s/n:3E4C8801,764943697,1779974661.618776858,1,OK,0.8077330,0.0255065,0.4416786,-0.3896624,-186.069,62.442,-1344.449,0.5459304,3,OK,-185.981,61.969,-1344.850,OK,-151.798,153.731,-1325.696,OK,-214.388,119.508,-1276.028
3,Port 0x01: JJH Probe  s/n:3E4C880C,764943700,1779974661.668776858,1,Too Few Markers,-3.697314E28,-3.697314E28,-3.697314E28,-3.697314E28,-3.697314E28,-3.697314E28,-3.697314E28,0.0000000,3,Missing,-3.697314E28,-3.697314E28,-3.697314E28,Missing,-3.697314E28,-3.697314E28,-3.697314E28,Missing,-3.697314E28,-3.697314E28,-3.697314E28,Port 0x02: JJH T tibia tracker  s/n:3E4C8800,764943700,1779974661.668776858,1,OK,0.4617430,0.2041436,0.2253493,-0.8332686,20.335,57.218,-1321.589,0.2487582,3,OK,20.109,57.264,-1321.594,OK,-40.308,122.784,-1286.043,OK,64.590,118.107,-1272.278,Port 0x03: JJH Y femur tracker  s/n:3E4C8801,764943700,1779974661.668776858,1,OK,0.8162838,0.0332816,0.4242202,-0.3906537,-189.963,62.497,-1347.493,0.5344518,3,OK,-189.869,62.014,-1347.883,OK,-156.232,153.765,-1327.542,OK,-220.968,119.786,-1280.443
3,Port 0x01: JJH Probe  s/n:3E4C880C,764943703,1779974661.718776858,1,Too Few Markers,-3.697314E28,-3.697314E28,-3.697314E28,-3.697314E28,-3.697314E28,-3.697314E28,-3.697314E28,0.0000000,3,Missing,-3.697314E28,-3.697314E28,-3.697314E28,Missing,-3.697314E28,-3.697314E28,-3.697314E28,Missing,-3.697314E28,-3.697314E28,-3.697314E28,Port 0x02: JJH T tibia tracker  s/n:3E4C8800,764943703,1779974661.718776858,1,OK,0.4632335,0.2069499,0.2290356,-0.8307401,18.968,56.753,-1320.737,0.2442230,3,OK,18.747,56.815,-1320.729,OK,-42.107,121.675,-1284.770,OK,62.761,117.392,-1270.741,Port 0x03: JJH Y femur tracker  s/n:3E4C8801,764943703,1779974661.718776858,1,OK,0.8241542,0.0399015,0.4067706,-0.3920656,-193.624,62.799,-1350.838,0.5095502,3,OK,-193.520,62.322,-1351.214,OK,-160.413,154.078,-1329.980,OK,-227.161,120.460,-1285.331
3,Port 0x01: JJH Probe  s/n:3E4C880C,764943706,1779974661.768776858,1,Too Few Markers,-3.697314E28,-3.697314E28,-3.697314E28,-3.697314E28,-3.697314E28,-3.697314E28,-3.697314E28,0.0000000,3,Missing,-3.697314E28,-3.697314E28,-3.697314E28,Missing,-3.697314E28,-3.697314E28,-3.697314E28,Missing,-3.697314E28,-3.697314E28,-3.697314E28,Port 0x02: JJH T tibia tracker  s/n:3E4C8800,764943706,1779974661.768776858,1,OK,0.4648403,0.2092730,0.2324363,-0.8283126,17.669,56.451,-1320.025,0.2596867,3,OK,17.438,56.534,-1320.003,OK,-43.845,120.739,-1283.687,OK,61.038,116.897,-1269.426,Port 0x03: JJH Y femur tracker  s/n:3E4C8801,764943706,1779974661.768776858,1,OK,0.8318198,0.0474209,0.3893090,-0.3927665,-197.226,63.019,-1354.207,0.4921698,3,OK,-197.112,62.545,-1354.572,OK,-164.621,154.278,-1332.246,OK,-233.275,120.914,-1290.257
3,Port 0x01: JJH Probe  s/n:3E4C880C,764943709,1779974661.818776858,1,Too Few Markers,-3.697314E28,-3.697314E28,-3.697314E28,-3.697314E28,-3.697314E28,-3.697314E28,-3.697314E28,0.0000000,3,Missing,-3.697314E28,-3.697314E28,-3.697314E28,Missing,-3.697314E28,-3.697314E28,-3.697314E28,Missing,-3.697314E28,-3.697314E28,-3.697314E28,Port 0x02: JJH T tibia tracker  s/n:3E4C8800,764943709,1779974661.818776858,1,OK,0.4668462,0.2102977,0.2348247,-0.8262487,16.583,56.659,-1319.886,0.2521904,3,OK,16.356,56.735,-1319.867,OK,-45.339,120.412,-1283.300,OK,59.529,117.100,-1268.929,Port 0x03: JJH Y femur tracker  s/n:3E4C8801,764943709,1779974661.818776858,1,OK,0.8385143,0.0538411,0.3733386,-0.3932087,-200.347,63.374,-1357.740,0.4906285,3,OK,-200.212,62.886,-1358.112,OK,-168.351,154.648,-1334.870,OK,-238.648,121.519,-1295.289
3,Port 0x01: JJH Probe  s/n:3E4C880C,764943712,1779974661.868776858,1,Too Few Markers,-3.697314E28,-3.697314E28,-3.697314E28,-3.697314E28,-3.697314E28,-3.697314E28,-3.697314E28,0.0000000,3,Missing,-3.697314E28,-3.697314E28,-3.697314E28,Missing,-3.697314E28,-3.697314E28,-3.697314E28,Missing,-3.697314E28,-3.697314E28,-3.697314E28,Port 0x02: JJH T tibia tracker  s/n:3E4C8800,764943712,1779974661.868776858,1,OK,0.4686935,0.2110698,0.2337064,-0.8253225,15.988,57.154,-1321.013,0.2571526,3,OK,15.766,57.260,-1320.971,OK,-46.273,120.760,-1284.751,OK,58.570,117.780,-1270.007,Port 0x03: JJH Y femur tracker  s/n:3E4C8801,764943712,1779974661.868776858,1,OK,0.8437557,0.0583837,0.3602380,-0.3935686,-202.368,63.663,-1361.487,0.4674915,3,OK,-202.233,63.187,-1361.838,OK,-170.911,154.990,-1338.018,OK,-242.427,122.049,-1300.395
3,Port 0x01: JJH Probe  s/n:3E4C880C,764943715,1779974661.918776858,1,Too Few Markers,-3.697314E28,-3.697314E28,-3.697314E28,-3.697314E28,-3.697314E28,-3.697314E28,-3.697314E28,0.0000000,3,Missing,-3.697314E28,-3.697314E28,-3.697314E28,Missing,-3.697314E28,-3.697314E28,-3.697314E28,Missing,-3.697314E28,-3.697314E28,-3.697314E28,Port 0x02: JJH T tibia tracker  s/n:3E4C8800,764943715,1779974661.918776858,1,OK,0.4699548,0.2138513,0.2334751,-0.8239536,15.900,57.134,-1323.183,0.2685534,3,OK,15.658,57.217,-1323.163,OK,-46.692,120.529,-1287.147,OK,58.068,117.748,-1271.763,Port 0x03: JJH Y femur tracker  s/n:3E4C8801,764943715,1779974661.918776858,1,OK,0.8468577,0.0615751,0.3523017,-0.3936040,-202.845,63.675,-1366.056,0.4623064,3,OK,-202.706,63.197,-1366.403,OK,-171.726,155.014,-1342.141,OK,-243.969,122.163,-1305.768
3,Port 0x01: JJH Probe  s/n:3E4C880C,764943718,1779974661.968776858,1,Too Few Markers,-3.697314E28,-3.697314E28,-3.697314E28,-3.697314E28,-3.697314E28,-3.697314E28,-3.697314E28,0.0000000,3,Missing,-3.697314E28,-3.697314E28,-3.697314E28,Missing,-3.697314E28,-3.697314E28,-3.697314E28,Missing,-3.697314E28,-3.697314E28,-3.697314E28,Port 0x02: JJH T tibia tracker  s/n:3E4C8800,764943718,1779974661.968776858,1,OK,0.4713238,0.2178189,0.2331713,-0.8222165,16.729,56.888,-1326.779,0.2843331,3,OK,16.473,56.979,-1326.757,OK,-46.282,120.030,-1291.048,OK,58.374,117.407,-1274.800,Port 0x03: JJH Y femur tracker  s/n:3E4C8801,764943718,1779974661.968776858,1,OK,0.8476225,0.0622932,0.3501455,-0.3937688,-201.238,63.607,-1371.634,0.4495092,3,OK,-201.097,63.146,-1371.972,OK,-170.186,154.941,-1347.642,OK,-242.625,122.146,-1311.582
3,Port 0x01: JJH Probe  s/n:3E4C880C,764943721,1779974662.018776859,1,Too Few Markers,-3.697314E28,-3.697314E28,-3.697314E28,-3.697314E28,-3.697314E28,-3.697314E28,-3.697314E28,0.0000000,3,Missing,-3.697314E28,-3.697314E28,-3.697314E28,Missing,-3.697314E28,-3.697314E28,-3.697314E28,Missing,-3.697314E28,-3.697314E28,-3.697314E28,Port 0x02: JJH T tibia tracker  s/n:3E4C8800,764943721,1779974662.018776859,1,OK,0.4727792,0.2173608,0.2346704,-0.8210748,16.274,57.255,-1326.755,0.2730686,3,OK,16.038,57.367,-1326.711,OK,-46.985,120.056,-1290.839,OK,57.698,117.827,-1274.721,Port 0x03: JJH Y femur tracker  s/n:3E4C8801,764943721,1779974662.018776859,1,OK,0.8536408,0.0685650,0.3346367,-0.3932106,-203.622,63.835,-1374.699,0.4521387,3,OK,-203.474,63.360,-1375.034,OK,-173.366,155.215,-1349.797,OK,-247.087,122.512,-1316.263
3,Port 0x01: JJH Probe  s/n:3E4C880C,764943724,1779974662.068776859,1,Too Few Markers,-3.697314E28,-3.697314E28,-3.697314E28,-3.697314E28,-3.697314E28,-3.697314E28,-3.697314E28,0.0000000,3,Missing,-3.697314E28,-3.697314E28,-3.697314E28,Missing,-3.697314E28,-3.697314E28,-3.697314E28,Missing,-3.697314E28,-3.697314E28,-3.697314E28,Port 0x02: JJH T tibia tracker  s/n:3E4C8800,764943724,1779974662.068776859,1,OK,0.4756946,0.2165467,0.2340643,-0.8197780,15.525,58.295,-1327.048,0.2704916,3,OK,15.286,58.380,-1327.024,OK,-48.159,120.803,-1291.351,OK,56.517,119.263,-1275.100,Port 0x03: JJH Y femur tracker  s/n:3E4C8801,764943724,1779974662.068776859,1,OK,0.8591085,0.0740438,0.3190141,-0.3932939,-205.949,64.114,-1377.746,0.4232823,3,OK,-205.798,63.668,-1378.055,OK,-176.399,155.535,-1352.163,OK,-251.319,123.054,-1321.075
3,Port 0x01: JJH Probe  s/n:3E4C880C,764943727,1779974662.118776860,1,Too Few Markers,-3.697314E28,-3.697314E28,-3.697314E28,-3.697314E28,-3.697314E28,-3.697314E28,-3.697314E28,0.0000000,3,Missing,-3.697314E28,-3.697314E28,-3.697314E28,Missing,-3.697314E28,-3.697314E28,-3.697314E28,Missing,-3.697314E28,-3.697314E28,-3.697314E28,Port 0x02: JJH T tibia tracker  s/n:3E4C8800,764943727,1779974662.118776860,1,OK,0.4773835,0.2156656,0.2331396,-0.8192919,15.238,58.869,-1327.659,0.2681052,3,OK,14.997,58.952,-1327.638,OK,-48.654,121.271,-1292.168,OK,56.002,120.121,-1275.868,Port 0x03: JJH Y femur tracker  s/n:3E4C8801,764943727,1779974662.118776860,1,OK,0.8644121,0.0799758,0.3030049,-0.3931711,-208.076,64.206,-1380.921,0.4167840,3,OK,-207.930,63.751,-1381.217,OK,-179.270,155.680,-1354.583,OK,-255.327,123.385,-1326.088
3,Port 0x01: JJH Probe  s/n:3E4C880C,764943730,1779974662.168776860,1,Too Few Markers,-3.697314E28,-3.697314E28,-3.697314E28,-3.697314E28,-3.697314E28,-3.697314E28,-3.697314E28,0.0000000,3,Missing,-3.697314E28,-3.697314E28,-3.697314E28,Missing,-3.697314E28,-3.697314E28,-3.697314E28,Missing,-3.697314E28,-3.697314E28,-3.697314E28,Port 0x02: JJH T tibia tracker  s/n:3E4C8800,764943730,1779974662.168776860,1,OK,0.4784613,0.2154893,0.2328185,-0.8188008,15.078,59.204,-1328.022,0.2752018,3,OK,14.836,59.311,-1327.983,OK,-48.984,121.490,-1292.644,OK,55.677,120.577,-1276.268,Port 0x03: JJH Y femur tracker  s/n:3E4C8801,764943730,1779974662.168776860,1,OK,0.8692665,0.0858299,0.2874623,-0.3929051,-210.089,64.442,-1384.173,0.4130743,3,OK,-209.933,63.986,-1384.463,OK,-182.023,155.945,-1357.111,OK,-259.114,123.844,-1331.152
3,Port 0x01: JJH Probe  s/n:3E4C880C,764943733,1779974662.218776859,1,Too Few Markers,-3.697314E28,-3.697314E28,-3.697314E28,-3.697314E28,-3.697314E28,-3.697314E28,-3.697314E28,0.0000000,3,Missing,-3.697314E28,-3.697314E28,-3.697314E28,Missing,-3.697314E28,-3.697314E28,-3.697314E28,Missing,-3.697314E28,-3.697314E28,-3.697314E28,Port 0x02: JJH T tibia tracker  s/n:3E4C8800,764943733,1779974662.218776859,1,OK,0.4796454,0.2151754,0.2323238,-0.8183309,14.862,59.639,-1328.552,0.2755666,3,OK,14.615,59.729,-1328.526,OK,-49.366,121.829,-1293.305,OK,55.283,121.191,-1276.847,Port 0x03: JJH Y femur tracker  s/n:3E4C8801,764943733,1779974662.218776859,1,OK,0.8739188,0.0908677,0.2719259,-0.3925116,-211.965,64.511,-1387.313,0.3894951,3,OK,-211.814,64.074,-1387.580,OK,-184.688,156.097,-1359.694,OK,-262.681,124.157,-1336.221
3,Port 0x01: JJH Probe  s/n:3E4C880C,764943736,1779974662.268776859,1,Too Few Markers,-3.697314E28,-3.697314E28,-3.697314E28,-3.697314E28,-3.697314E28,-3.697314E28,-3.697314E28,0.0000000,3,Missing,-3.697314E28,-3.697314E28,-3.697314E28,Missing,-3.697314E28,-3.697314E28,-3.697314E28,Missing,-3.697314E28,-3.697314E28,-3.697314E28,Port 0x02: JJH T tibia tracker  s/n:3E4C8800,764943736,1779974662.268776859,1,OK,0.4816489,0.2141218,0.2322112,-0.8174620,14.499,60.418,-1329.016,0.2686610,3,OK,14.258,60.501,-1328.994,OK,-50.001,122.379,-1293.847,OK,54.649,122.239,-1277.426,Port 0x03: JJH Y femur tracker  s/n:3E4C8801,764943736,1779974662.268776859,1,OK,0.8780659,0.0954638,0.2577171,-0.3917510,-213.675,64.684,-1390.325,0.3844810,3,OK,-213.514,64.251,-1390.585,OK,-187.193,156.356,-1362.202,OK,-265.930,124.522,-1341.021
3,Port 0x01: JJH Probe  s/n:3E4C880C,764943739,1779974662.318776859,1,Too Few Markers,-3.697314E28,-3.697314E28,-3.697314E28,-3.697314E28,-3.697314E28,-3.697314E28,-3.697314E28,0.0000000,3,Missing,-3.697314E28,-3.697314E28,-3.697314E28,Missing,-3.697314E28,-3.697314E28,-3.697314E28,Missing,-3.697314E28,-3.697314E28,-3.697314E28,Port 0x02: JJH T tibia tracker  s/n:3E4C8800,764943739,1779974662.318776859,1,OK,0.4842431,0.2132411,0.2326521,-0.8160330,13.915,61.594,-1329.348,0.2668088,3,OK,13.672,61.665,-1329.333,OK,-50.962,123.176,-1294.208,OK,53.679,123.700,-1277.790,Port 0x03: JJH Y femur tracker  s/n:3E4C8801,764943739,1779974662.318776859,1,OK,0.8820802,0.1003687,0.2428807,-0.3909855,-215.261,64.972,-1393.354,0.3738241,3,OK,-215.107,64.542,-1393.600,OK,-189.600,156.729,-1364.704,OK,-269.014,125.002,-1345.964
3,Port 0x01: JJH Probe  s/n:3E4C880C,764943742,1779974662.368776860,1,Too Few Markers,-3.697314E28,-3.697314E28,-3.697314E28,-3.697314E28,-3.697314E28,-3.697314E28,-3.697314E28,0.0000000,3,Missing,-3.697314E28,-3.697314E28,-3.697314E28,Missing,-3.697314E28,-3.697314E28,-3.697314E28,Missing,-3.697314E28,-3.697314E28,-3.697314E28,Port 0x02: JJH T tibia tracker  s/n:3E4C8800,764943742,1779974662.368776860,1,OK,0.4868820,0.2123409,0.2330288,-0.8145887,13.287,62.639,-1329.547,0.2644647,3,OK,13.047,62.716,-1329.527,OK,-51.976,123.837,-1294.452,OK,52.656,125.025,-1278.038,Port 0x03: JJH Y femur tracker  s/n:3E4C8801,764943742,1779974662.368776860,1,OK,0.8855862,0.1053322,0.2292310,-0.3899940,-216.770,65.266,-1396.477,0.3905022,3,OK,-216.604,64.813,-1396.729,OK,-191.895,157.088,-1367.267,OK,-271.895,125.437,-1350.831
3,Port 0x01: JJH Probe  s/n:3E4C880C,764943745,1779974662.418776860,1,Too Few Markers,-3.697314E28,-3.697314E28,-3.697314E28,-3.697314E28,-3.697314E28,-3.697314E28,-3.697314E28,0.0000000,3,Missing,-3.697314E28,-3.697314E28,-3.697314E28,Missing,-3.697314E28,-3.697314E28,-3.697314E28,Missing,-3.697314E28,-3.697314E28,-3.697314E28,Port 0x02: JJH T tibia tracker  s/n:3E4C8800,764943745,1779974662.418776860,1,OK,0.4891560,0.2119166,0.2345358,-0.8129026,12.680,63.320,-1329.569,0.2604400,3,OK,12.444,63.366,-1329.569,OK,-52.951,124.060,-1294.326,OK,51.683,125.867,-1277.947,Port 0x03: JJH Y femur tracker  s/n:3E4C8801,764943745,1779974662.418776860,1,OK,0.8892802,0.1101503,0.2138147,-0.3890129,-218.247,65.339,-1399.549,0.3648352,3,OK,-218.096,64.907,-1399.776,OK,-194.246,157.263,-1369.886,OK,-274.788,125.695,-1355.988
3,Port 0x01: JJH Probe  s/n:3E4C880C,764943748,1779974662.468776859,1,Too Few Markers,-3.697314E28,-3.697314E28,-3.697314E28,-3.697314E28,-3.697314E28,-3.697314E28,-3.697314E28,0.0000000,3,Missing,-3.697314E28,-3.697314E28,-3.697314E28,Missing,-3.697314E28,-3.697314E28,-3.697314E28,Missing,-3.697314E28,-3.697314E28,-3.697314E28,Port 0x02: JJH T tibia tracker  s/n:3E4C8800,764943748,1779974662.468776859,1,OK,0.4905691,0.2111894,0.2335911,-0.8125123,12.476,63.914,-1330.070,0.2670192,3,OK,12.233,63.982,-1330.055,OK,-53.331,124.563,-1295.035,OK,51.289,126.691,-1278.600,Port 0x03: JJH Y femur tracker  s/n:3E4C8801,764943748,1779974662.468776859,1,OK,0.8926794,0.1148959,0.1987133,-0.3878600,-219.648,65.498,-1402.814,0.3521787,3,OK,-219.500,65.077,-1403.027,OK,-196.543,157.515,-1372.721,OK,-277.517,126.030,-1361.321
3,Port 0x01: JJH Probe  s/n:3E4C880C,764943751,1779974662.518776859,1,Too Few Markers,-3.697314E28,-3.697314E28,-3.697314E28,-3.697314E28,-3.697314E28,-3.697314E28,-3.697314E28,0.0000000,3,Missing,-3.697314E28,-3.697314E28,-3.697314E28,Missing,-3.697314E28,-3.697314E28,-3.697314E28,Missing,-3.697314E28,-3.697314E28,-3.697314E28,Port 0x02: JJH T tibia tracker  s/n:3E4C8800,764943751,1779974662.518776859,1,OK,0.4913700,0.2103620,0.2329356,-0.8124311,12.441,64.261,-1330.594,0.2586080,3,OK,12.209,64.326,-1330.580,OK,-53.451,124.896,-1295.667,OK,51.171,127.203,-1279.276,Port 0x03: JJH Y femur tracker  s/n:3E4C8801,764943751,1779974662.518776859,1,OK,0.8956771,0.1208711,0.1828604,-0.3869299,-220.992,65.660,-1406.400,0.3690185,3,OK,-220.847,65.210,-1406.616,OK,-198.734,157.721,-1375.698,OK,-280.129,126.387,-1367.035
3,Port 0x01: JJH Probe  s/n:3E4C880C,764943754,1779974662.568776859,1,Too Few Markers,-3.697314E28,-3.697314E28,-3.697314E28,-3.697314E28,-3.697314E28,-3.697314E28,-3.697314E28,0.0000000,3,Missing,-3.697314E28,-3.697314E28,-3.697314E28,Missing,-3.697314E28,-3.697314E28,-3.697314E28,Missing,-3.697314E28,-3.697314E28,-3.697314E28,Port 0x02: JJH T tibia tracker  s/n:3E4C8800,764943754,1779974662.568776859,1,OK,0.4924980,0.2094404,0.2316480,-0.8123544,12.335,64.535,-1331.098,0.2613071,3,OK,12.100,64.619,-1331.070,OK,-53.674,125.162,-1296.406,OK,50.933,127.711,-1279.992,Port 0x03: JJH Y femur tracker  s/n:3E4C8801,764943754,1779974662.568776859,1,OK,0.8988234,0.1258852,0.1662879,-0.3855096,-222.334,65.600,-1409.930,0.3492538,3,OK,-222.191,65.172,-1410.128,OK,-201.076,157.759,-1378.846,OK,-282.752,126.519,-1372.918
3,Port 0x01: JJH Probe  s/n:3E4C880C,764943757,1779974662.618776860,1,Too Few Markers,-3.697314E28,-3.697314E28,-3.697314E28,-3.697314E28,-3.697314E28,-3.697314E28,-3.697314E28,0.0000000,3,Missing,-3.697314E28,-3.697314E28,-3.697314E28,Missing,-3.697314E28,-3.697314E28,-3.697314E28,Missing,-3.697314E28,-3.697314E28,-3.697314E28,Port 0x02: JJH T tibia tracker  s/n:3E4C8800,764943757,1779974662.618776860,1,OK,0.4934542,0.2088142,0.2307886,-0.8121799,12.219,65.167,-1331.855,0.2504334,3,OK,11.992,65.223,-1331.846,OK,-53.902,125.781,-1297.317,OK,50.686,128.539,-1280.876,Port 0x03: JJH Y femur tracker  s/n:3E4C8801,764943757,1779974662.618776860,1,OK,0.9016215,0.1318684,0.1483105,-0.3843090,-223.572,65.788,-1413.607,0.3414527,3,OK,-223.441,65.363,-1413.793,OK,-203.285,158.027,-1382.042,OK,-285.223,126.941,-1379.141
3,Port 0x01: JJH Probe  s/n:3E4C880C,764943760,1779974662.668776860,1,Too Few Markers,-3.697314E28,-3.697314E28,-3.697314E28,-3.697314E28,-3.697314E28,-3.697314E28,-3.697314E28,0.0000000,3,Missing,-3.697314E28,-3.697314E28,-3.697314E28,Missing,-3.697314E28,-3.697314E28,-3.697314E28,Missing,-3.697314E28,-3.697314E28,-3.697314E28,Port 0x02: JJH T tibia tracker  s/n:3E4C8800,764943760,1779974662.668776860,1,OK,0.4945610,0.2076530,0.2295220,-0.8121633,12.114,65.844,-1332.460,0.2543518,3,OK,11.882,65.904,-1332.449,OK,-54.112,126.459,-1298.138,OK,50.474,129.472,-1281.717,Port 0x03: JJH Y femur tracker  s/n:3E4C8801,764943760,1779974662.668776860,1,OK,0.9042191,0.1379420,0.1301982,-0.3826334,-224.743,66.041,-1417.619,0.3433574,3,OK,-224.612,65.610,-1417.799,OK,-205.534,158.360,-1385.581,OK,-287.574,127.390,-1385.748
3,Port 0x01: JJH Probe  s/n:3E4C880C,764943763,1779974662.718776859,1,Too Few Markers,-3.697314E28,-3.697314E28,-3.697314E28,-3.697314E28,-3.697314E28,-3.697314E28,-3.697314E28,0.0000000,3,Missing,-3.697314E28,-3.697314E28,-3.697314E28,Missing,-3.697314E28,-3.697314E28,-3.697314E28,Missing,-3.697314E28,-3.697314E28,-3.697314E28,Port 0x02: JJH T tibia tracker  s/n:3E4C8800,764943763,1779974662.718776859,1,OK,0.4957324,0.2063320,0.2283803,-0.8121077,11.716,66.550,-1333.062,0.2526367,3,OK,11.486,66.598,-1333.059,OK,-54.623,127.156,-1298.926,OK,49.966,130.447,-1282.564,Port 0x03: JJH Y femur tracker  s/n:3E4C8801,764943763,1779974662.718776859,1,OK,0.9067466,0.1441473,0.1104623,-0.3805658,-226.142,66.169,-1421.770,0.3435724,3,OK,-226.013,65.735,-1421.943,OK,-208.142,158.604,-1389.326,OK,-290.155,127.721,-1392.793
3,Port 0x01: JJH Probe  s/n:3E4C880C,764943766,1779974662.768776859,1,Too Few Markers,-3.697314E28,-3.697314E28,-3.697314E28,-3.697314E28,-3.697314E28,-3.697314E28,-3.697314E28,0.0000000,3,Missing,-3.697314E28,-3.697314E28,-3.697314E28,Missing,-3.697314E28,-3.697314E28,-3.697314E28,Missing,-3.697314E28,-3.697314E28,-3.697314E28,Port 0x02: JJH T tibia tracker  s/n:3E4C8800,764943766,1779974662.768776859,1,OK,0.4967332,0.2046802,0.2271982,-0.8122457,10.860,67.517,-1333.569,0.2582801,3,OK,10.624,67.531,-1333.590,OK,-55.542,128.152,-1299.598,OK,49.055,131.710,-1283.354,Port 0x03: JJH Y femur tracker  s/n:3E4C8801,764943766,1779974662.768776859,1,OK,0.9090030,0.1517899,0.0878376,-0.3780979,-228.069,66.498,-1426.288,0.3373225,3,OK,-227.954,66.067,-1426.451,OK,-211.449,159.026,-1393.328,OK,-293.253,128.257,-1400.638
3,Port 0x01: JJH Probe  s/n:3E4C880C,764943769,1779974662.818776859,1,Too Few Markers,-3.697314E28,-3.697314E28,-3.697314E28,-3.697314E28,-3.697314E28,-3.697314E28,-3.697314E28,0.0000000,3,Missing,-3.697314E28,-3.697314E28,-3.697314E28,Missing,-3.697314E28,-3.697314E28,-3.697314E28,Missing,-3.697314E28,-3.697314E28,-3.697314E28,Port 0x02: JJH T tibia tracker  s/n:3E4C8800,764943769,1779974662.818776859,1,OK,0.4977591,0.2024953,0.2252122,-0.8127183,9.548,68.598,-1333.962,0.2503473,3,OK,9.320,68.607,-1333.985,OK,-56.896,129.353,-1300.265,OK,47.712,133.143,-1284.186,Port 0x03: JJH Y femur tracker  s/n:3E4C8801,764943769,1779974662.818776859,1,OK,0.9107984,0.1601865,0.0623050,-0.3753728,-230.340,66.890,-1431.181,0.3563331,3,OK,-230.227,66.431,-1431.346,OK,-215.238,159.538,-1397.735,OK,-296.618,128.934,-1409.332
3,Port 0x01: JJH Probe  s/n:3E4C880C,764943772,1779974662.868776860,1,Too Few Markers,-3.697314E28,-3.697314E28,-3.697314E28,-3.697314E28,-3.697314E28,-3.697314E28,-3.697314E28,0.0000000,3,Missing,-3.697314E28,-3.697314E28,-3.697314E28,Missing,-3.697314E28,-3.697314E28,-3.697314E28,Missing,-3.697314E28,-3.697314E28,-3.697314E28,Port 0x02: JJH T tibia tracker  s/n:3E4C8800,764943772,1779974662.868776860,1,OK,0.4990035,0.1993404,0.2232773,-0.8132688,6.481,70.048,-1333.823,0.2460611,3,OK,6.257,70.054,-1333.846,OK,-59.994,130.901,-1300.362,OK,44.645,135.020,-1284.614,Port 0x03: JJH Y femur tracker  s/n:3E4C8801,764943772,1779974662.868776860,1,OK,0.9123659,0.1700675,0.0301871,-0.3711525,-234.259,67.459,-1436.642,0.3481526,3,OK,-234.160,67.007,-1436.794,OK,-221.183,160.284,-1402.806,OK,-301.658,129.781,-1419.689
3,Port 0x01: JJH Probe  s/n:3E4C880C,764943775,1779974662.918776860,1,Too Few Markers,-3.697314E28,-3.697314E28,-3.697314E28,-3.697314E28,-3.697314E28,-3.697314E28,-3.697314E28,0.0000000,3,Missing,-3.697314E28,-3.697314E28,-3.697314E28,Missing,-3.697314E28,-3.697314E28,-3.697314E28,Missing,-3.697314E28,-3.697314E28,-3.697314E28,Port 0x02: JJH T tibia tracker  s/n:3E4C8800,764943775,1779974662.918776860,1,OK,0.5007263,0.1963641,0.2185691,-0.8142124,4.813,71.531,-1335.273,0.2482706,3,OK,4.588,71.509,-1335.315,OK,-61.742,132.695,-1302.537,OK,42.874,137.144,-1286.810,Port 0x03: JJH Y femur tracker  s/n:3E4C8801,764943775,1779974662.918776860,1,OK,0.9125371,0.1788625,0.0038742,-0.3677897,-235.937,67.766,-1442.687,0.3666594,3,OK,-235.841,67.289,-1442.842,OK,-224.482,160.686,-1408.473,OK,-303.935,130.361,-1429.710
3,Port 0x01: JJH Probe  s/n:3E4C880C,764943778,1779974662.968776859,1,Too Few Markers,-3.697314E28,-3.697314E28,-3.697314E28,-3.697314E28,-3.697314E28,-3.697314E28,-3.697314E28,0.0000000,3,Missing,-3.697314E28,-3.697314E28,-3.697314E28,Missing,-3.697314E28,-3.697314E28,-3.697314E28,Missing,-3.697314E28,-3.697314E28,-3.697314E28,Port 0x02: JJH T tibia tracker  s/n:3E4C8800,764943778,1779974662.968776859,1,OK,0.5021877,0.1948894,0.2146690,-0.8147042,4.696,72.558,-1337.055,0.2483066,3,OK,4.475,72.524,-1337.104,OK,-61.991,133.943,-1304.972,OK,42.598,138.630,-1289.081,Port 0x03: JJH Y femur tracker  s/n:3E4C8801,764943778,1779974662.968776859,1,OK,0.9126009,0.1855011,-0.0208077,-0.3637527,-235.847,67.818,-1448.672,0.3624908,3,OK,-235.744,67.344,-1448.817,OK,-226.018,160.922,-1414.475,OK,-304.316,130.580,-1439.579
3,Port 0x01: JJH Probe  s/n:3E4C880C,764943781,1779974663.018776859,1,Too Few Markers,-3.697314E28,-3.697314E28,-3.697314E28,-3.697314E28,-3.697314E28,-3.697314E28,-3.697314E28,0.0000000,3,Missing,-3.697314E28,-3.697314E28,-3.697314E28,Missing,-3.697314E28,-3.697314E28,-3.697314E28,Missing,-3.697314E28,-3.697314E28,-3.697314E28,Port 0x02: JJH T tibia tracker  s/n:3E4C8800,764943781,1779974663.018776859,1,OK,0.5025757,0.1942482,0.2135822,-0.8149037,4.941,73.428,-1338.404,0.2621228,3,OK,4.711,73.364,-1338.474,OK,-61.759,134.883,-1306.490,OK,42.819,139.662,-1290.584,Port 0x03: JJH Y femur tracker  s/n:3E4C8801,764943781,1779974663.018776859,1,OK,0.9117813,0.1929208,-0.0449840,-0.3597400,-235.207,68.040,-1454.766,0.3654005,3,OK,-235.108,67.563,-1454.908,OK,-226.955,161.268,-1420.472,OK,-303.905,130.959,-1449.419
3,Port 0x01: JJH Probe  s/n:3E4C880C,764943784,1779974663.068776859,1,Too Few Markers,-3.697314E28,-3.697314E28,-3.697314E28,-3.697314E28,-3.697314E28,-3.697314E28,-3.697314E28,0.0000000,3,Missing,-3.697314E28,-3.697314E28,-3.697314E28,Missing,-3.697314E28,-3.697314E28,-3.697314E28,Missing,-3.697314E28,-3.697314E28,-3.697314E28,Port 0x02: JJH T tibia tracker  s/n:3E4C8800,764943784,1779974663.068776859,1,OK,0.5033349,0.1930608,0.2112112,-0.8153351,4.940,73.905,-1339.790,0.2595112,3,OK,4.717,73.828,-1339.867,OK,-61.806,135.520,-1308.251,OK,42.758,140.422,-1292.313,Port 0x03: JJH Y femur tracker  s/n:3E4C8801,764943784,1779974663.068776859,1,OK,0.9103654,0.2003580,-0.0704686,-0.3551418,-234.419,67.874,-1460.933,0.3800814,3,OK,-234.313,67.377,-1461.073,OK,-227.834,161.268,-1426.664,OK,-303.189,130.930,-1459.574
3,Port 0x01: JJH Probe  s/n:3E4C880C,764943787,1779974663.118776859,1,Too Few Markers,-3.697314E28,-3.697314E28,-3.697314E28,-3.697314E28,-3.697314E28,-3.697314E28,-3.697314E28,0.0000000,3,Missing,-3.697314E28,-3.697314E28,-3.697314E28,Missing,-3.697314E28,-3.697314E28,-3.697314E28,Missing,-3.697314E28,-3.697314E28,-3.697314E28,Port 0x02: JJH T tibia tracker  s/n:3E4C8800,764943787,1779974663.118776859,1,OK,0.5039496,0.1910071,0.2074062,-0.8164152,5.012,74.572,-1341.705,0.2519064,3,OK,4.807,74.472,-1341.794,OK,-61.704,136.531,-1310.730,OK,42.848,141.490,-1294.813,Port 0x03: JJH Y femur tracker  s/n:3E4C8801,764943787,1779974663.118776859,1,OK,0.9083590,0.2074911,-0.0945068,-0.3505707,-233.439,67.691,-1467.033,0.3965831,3,OK,-233.332,67.175,-1467.175,OK,-228.477,161.215,-1432.848,OK,-302.030,130.878,-1469.403
3,Port 0x01: JJH Probe  s/n:3E4C880C,764943790,1779974663.168776859,1,Too Few Markers,-3.697314E28,-3.697314E28,-3.697314E28,-3.697314E28,-3.697314E28,-3.697314E28,-3.697314E28,0.0000000,3,Missing,-3.697314E28,-3.697314E28,-3.697314E28,Missing,-3.697314E28,-3.697314E28,-3.697314E28,Missing,-3.697314E28,-3.697314E28,-3.697314E28,Port 0x02: JJH T tibia tracker  s/n:3E4C8800,764943790,1779974663.168776859,1,OK,0.5050925,0.1890933,0.2035579,-0.8171227,5.149,75.687,-1343.291,0.2468352,3,OK,4.937,75.610,-1343.364,OK,-61.620,137.875,-1312.941,OK,42.907,143.027,-1296.970,Port 0x03: JJH Y femur tracker  s/n:3E4C8801,764943790,1779974663.168776859,1,OK,0.9062149,0.2132958,-0.1176963,-0.3455823,-232.097,67.674,-1472.601,0.4050631,3,OK,-231.970,67.144,-1472.733,OK,-228.701,161.390,-1438.753,OK,-300.435,130.916,-1478.670
3,Port 0x01: JJH Probe  s/n:3E4C880C,764943793,1779974663.218776859,1,Too Few Markers,-3.697314E28,-3.697314E28,-3.697314E28,-3.697314E28,-3.697314E28,-3.697314E28,-3.697314E28,0.0000000,3,Missing,-3.697314E28,-3.697314E28,-3.697314E28,Missing,-3.697314E28,-3.697314E28,-3.697314E28,Missing,-3.697314E28,-3.697314E28,-3.697314E28,Port 0x02: JJH T tibia tracker  s/n:3E4C8800,764943793,1779974663.218776859,1,OK,0.5057949,0.1881798,0.2019178,-0.8173060,5.263,76.448,-1344.635,0.2595916,3,OK,5.058,76.320,-1344.738,OK,-61.562,138.730,-1314.542,OK,42.949,144.025,-1298.550,Port 0x03: JJH Y femur tracker  s/n:3E4C8801,764943793,1779974663.218776859,1,OK,0.9035488,0.2193909,-0.1378266,-0.3412786,-230.662,67.597,-1477.725,0.4257721,3,OK,-230.538,67.040,-1477.863,OK,-228.607,161.437,-1444.002,OK,-298.591,130.890,-1486.911
3,Port 0x01: JJH Probe  s/n:3E4C880C,764943796,1779974663.268776859,1,Too Few Markers,-3.697314E28,-3.697314E28,-3.697314E28,-3.697314E28,-3.697314E28,-3.697314E28,-3.697314E28,0.0000000,3,Missing,-3.697314E28,-3.697314E28,-3.697314E28,Missing,-3.697314E28,-3.697314E28,-3.697314E28,Missing,-3.697314E28,-3.697314E28,-3.697314E28,Port 0x02: JJH T tibia tracker  s/n:3E4C8800,764943796,1779974663.268776859,1,OK,0.5061986,0.1869481,0.1992231,-0.8179997,5.255,76.513,-1345.388,0.2434539,3,OK,5.054,76.417,-1345.471,OK,-61.555,139.006,-1315.722,OK,42.948,144.326,-1299.706,Port 0x03: JJH Y femur tracker  s/n:3E4C8801,764943796,1779974663.268776859,1,OK,0.9010543,0.2240367,-0.1549909,-0.3374707,-229.419,67.314,-1481.922,0.4399526,3,OK,-229.287,66.739,-1482.057,OK,-228.507,161.269,-1448.458,OK,-296.883,130.657,-1493.779
3,Port 0x01: JJH Probe  s/n:3E4C880C,764943799,1779974663.318776859,1,Too Few Markers,-3.697314E28,-3.697314E28,-3.697314E28,-3.697314E28,-3.697314E28,-3.697314E28,-3.697314E28,0.0000000,3,Missing,-3.697314E28,-3.697314E28,-3.697314E28,Missing,-3.697314E28,-3.697314E28,-3.697314E28,Missing,-3.697314E28,-3.697314E28,-3.697314E28,Port 0x02: JJH T tibia tracker  s/n:3E4C8800,764943799,1779974663.318776859,1,OK,0.5064023,0.1866514,0.1983333,-0.8181576,5.426,76.793,-1346.044,0.2503211,3,OK,5.221,76.687,-1346.133,OK,-61.390,139.346,-1316.525,OK,43.103,144.700,-1300.468,Port 0x03: JJH Y femur tracker  s/n:3E4C8801,764943799,1779974663.318776859,1,OK,0.8991931,0.2267339,-0.1691107,-0.3338338,-228.095,67.253,-1485.306,0.4525522,3,OK,-227.935,66.670,-1485.424,OK,-228.206,161.329,-1452.344,OK,-295.127,130.594,-1499.423
3,Port 0x01: JJH Probe  s/n:3E4C880C,764943802,1779974663.368776859,1,Too Few Markers,-3.697314E28,-3.697314E28,-3.697314E28,-3.697314E28,-3.697314E28,-3.697314E28,-3.697314E28,0.0000000,3,Missing,-3.697314E28,-3.697314E28,-3.697314E28,Missing,-3.697314E28,-3.697314E28,-3.697314E28,Missing,-3.697314E28,-3.697314E28,-3.697314E28,Port 0x02: JJH T tibia tracker  s/n:3E4C8800,764943802,1779974663.368776859,1,OK,0.5067520,0.1862152,0.1973068,-0.8182887,5.609,77.146,-1346.666,0.2604232,3,OK,5.403,77.017,-1346.769,OK,-61.233,139.758,-1317.314,OK,43.252,145.181,-1301.223,Port 0x03: JJH Y femur tracker  s/n:3E4C8801,764943802,1779974663.368776859,1,OK,0.8967763,0.2301675,-0.1826309,-0.3308491,-226.762,67.204,-1488.339,0.4546168,3,OK,-226.585,66.616,-1488.444,OK,-227.698,161.365,-1455.652,OK,-293.300,130.596,-1504.560
3,Port 0x01: JJH Probe  s/n:3E4C880C,764943805,1779974663.418776859,1,Too Few Markers,-3.697314E28,-3.697314E28,-3.697314E28,-3.697314E28,-3.697314E28,-3.697314E28,-3.697314E28,0.0000000,3,Missing,-3.697314E28,-3.697314E28,-3.697314E28,Missing,-3.697314E28,-3.697314E28,-3.697314E28,Missing,-3.697314E28,-3.697314E28,-3.697314E28,Port 0x02: JJH T tibia tracker  s/n:3E4C8800,764943805,1779974663.418776859,1,OK,0.5068997,0.1857851,0.1960252,-0.8186029,5.713,77.336,-1347.279,0.2627013,3,OK,5.508,77.201,-1347.384,OK,-61.125,140.055,-1318.132,OK,43.360,145.482,-1301.998,Port 0x03: JJH Y femur tracker  s/n:3E4C8801,764943805,1779974663.418776859,1,OK,0.8941733,0.2336808,-0.1960758,-0.3277219,-225.460,67.124,-1491.535,0.4591560,3,OK,-225.273,66.531,-1491.630,OK,-227.245,161.363,-1459.132,OK,-291.439,130.550,-1509.825
3,Port 0x01: JJH Probe  s/n:3E4C880C,764943808,1779974663.468776859,1,Too Few Markers,-3.697314E28,-3.697314E28,-3.697314E28,-3.697314E28,-3.697314E28,-3.697314E28,-3.697314E28,0.0000000,3,Missing,-3.697314E28,-3.697314E28,-3.697314E28,Missing,-3.697314E28,-3.697314E28,-3.697314E28,Missing,-3.697314E28,-3.697314E28,-3.697314E28,Port 0x02: JJH T tibia tracker  s/n:3E4C8800,764943808,1779974663.468776859,1,OK,0.5071741,0.1847002,0.1944928,-0.8190438,5.815,77.556,-1347.965,0.2476556,3,OK,5.620,77.431,-1348.063,OK,-61.004,140.402,-1319.041,OK,43.471,145.859,-1302.969,Port 0x03: JJH Y femur tracker  s/n:3E4C8801,764943808,1779974663.468776859,1,OK,0.8912442,0.2372377,-0.2104538,-0.3242086,-224.011,66.970,-1494.756,0.4765922,3,OK,-223.794,66.352,-1494.834,OK,-226.694,161.311,-1462.709,OK,-289.362,130.425,-1515.278
3,Port 0x01: JJH Probe  s/n:3E4C880C,764943811,1779974663.518776859,1,Too Few Markers,-3.697314E28,-3.697314E28,-3.697314E28,-3.697314E28,-3.697314E28,-3.697314E28,-3.697314E28,0.0000000,3,Missing,-3.697314E28,-3.697314E28,-3.697314E28,Missing,-3.697314E28,-3.697314E28,-3.697314E28,Missing,-3.697314E28,-3.697314E28,-3.697314E28,Port 0x02: JJH T tibia tracker  s/n:3E4C8800,764943811,1779974663.518776859,1,OK,0.5074858,0.1841946,0.1929242,-0.8193356,6.026,77.870,-1348.497,0.2468012,3,OK,5.827,77.763,-1348.585,OK,-60.811,140.813,-1319.840,OK,43.669,146.307,-1303.702,Port 0x03: JJH Y femur tracker  s/n:3E4C8801,764943811,1779974663.518776859,1,OK,0.8884035,0.2405958,-0.2237861,-0.3205818,-222.414,66.897,-1497.818,0.4811557,3,OK,-222.192,66.278,-1497.886,OK,-226.009,161.316,-1466.147,OK,-287.109,130.322,-1520.381
3,Port 0x01: JJH Probe  s/n:3E4C880C,764943814,1779974663.568776859,1,Too Few Markers,-3.697314E28,-3.697314E28,-3.697314E28,-3.697314E28,-3.697314E28,-3.697314E28,-3.697314E28,0.0000000,3,Missing,-3.697314E28,-3.697314E28,-3.697314E28,Missing,-3.697314E28,-3.697314E28,-3.697314E28,Missing,-3.697314E28,-3.697314E28,-3.697314E28,Port 0x02: JJH T tibia tracker  s/n:3E4C8800,764943814,1779974663.568776859,1,OK,0.5076410,0.1839248,0.1918961,-0.8195414,6.159,78.185,-1349.179,0.2600141,3,OK,5.958,78.045,-1349.285,OK,-60.672,141.213,-1320.685,OK,43.787,146.729,-1304.493,Port 0x03: JJH Y femur tracker  s/n:3E4C8801,764943814,1779974663.568776859,1,OK,0.8853936,0.2437303,-0.2371444,-0.3169169,-220.828,66.788,-1500.800,0.4969482,3,OK,-220.573,66.153,-1500.842,OK,-225.291,161.292,-1469.554,OK,-284.844,130.199,-1525.432
3,Port 0x01: JJH Probe  s/n:3E4C880C,764943817,1779974663.618776859,1,Too Few Markers,-3.697314E28,-3.697314E28,-3.697314E28,-3.697314E28,-3.697314E28,-3.697314E28,-3.697314E28,0.0000000,3,Missing,-3.697314E28,-3.697314E28,-3.697314E28,Missing,-3.697314E28,-3.697314E28,-3.697314E28,Missing,-3.697314E28,-3.697314E28,-3.697314E28,Port 0x02: JJH T tibia tracker  s/n:3E4C8800,764943817,1779974663.618776859,1,OK,0.5078493,0.1830120,0.1896725,-0.8201342,6.307,78.385,-1349.770,0.2531290,3,OK,6.105,78.266,-1349.864,OK,-60.498,141.591,-1321.631,OK,43.961,147.107,-1305.401,Port 0x03: JJH Y femur tracker  s/n:3E4C8801,764943817,1779974663.618776859,1,OK,0.8820419,0.2470585,-0.2503759,-0.3134903,-219.118,66.664,-1503.821,0.5098185,3,OK,-218.863,66.016,-1503.859,OK,-224.405,161.257,-1472.962,OK,-282.317,130.079,-1530.425
3,Port 0x01: JJH Probe  s/n:3E4C880C,764943820,1779974663.668776859,1,Too Few Markers,-3.697314E28,-3.697314E28,-3.697314E28,-3.697314E28,-3.697314E28,-3.697314E28,-3.697314E28,0.0000000,3,Missing,-3.697314E28,-3.697314E28,-3.697314E28,Missing,-3.697314E28,-3.697314E28,-3.697314E28,Missing,-3.697314E28,-3.697314E28,-3.697314E28,Port 0x02: JJH T tibia tracker  s/n:3E4C8800,764943820,1779974663.668776859,1,OK,0.5079750,0.1825650,0.1891646,-0.8202732,6.507,78.680,-1350.383,0.2559791,3,OK,6.314,78.533,-1350.491,OK,-60.294,141.938,-1322.307,OK,44.157,147.475,-1306.113,Port 0x03: JJH Y femur tracker  s/n:3E4C8801,764943820,1779974663.668776859,1,OK,0.8784668,0.2499862,-0.2643335,-0.3097270,-217.336,66.533,-1506.549,0.5183179,3,OK,-217.033,65.882,-1506.537,OK,-223.424,161.206,-1476.207,OK,-279.709,129.951,-1535.322
3,Port 0x01: JJH Probe  s/n:3E4C880C,764943823,1779974663.718776859,1,Too Few Markers,-3.697314E28,-3.697314E28,-3.697314E28,-3.697314E28,-3.697314E28,-3.697314E28,-3.697314E28,0.0000000,3,Missing,-3.697314E28,-3.697314E28,-3.697314E28,Missing,-3.697314E28,-3.697314E28,-3.697314E28,Missing,-3.697314E28,-3.697314E28,-3.697314E28,Port 0x02: JJH T tibia tracker  s/n:3E4C8800,764943823,1779974663.718776859,1,OK,0.5082315,0.1821911,0.1876460,-0.8205463,6.616,78.916,-1350.816,0.2506057,3,OK,6.411,78.797,-1350.910,OK,-60.183,142.261,-1323.005,OK,44.244,147.827,-1306.729,Port 0x03: JJH Y femur tracker  s/n:3E4C8801,764943823,1779974663.718776859,1,OK,0.8763236,0.2517289,-0.2734804,-0.3064277,-216.147,66.358,-1508.782,0.5343206,3,OK,-215.845,65.700,-1508.767,OK,-222.957,161.109,-1478.924,OK,-277.936,129.650,-1538.952
3,Port 0x01: JJH Probe  s/n:3E4C880C,764943826,1779974663.768776859,1,Too Few Markers,-3.697314E28,-3.697314E28,-3.697314E28,-3.697314E28,-3.697314E28,-3.697314E28,-3.697314E28,0.0000000,3,Missing,-3.697314E28,-3.697314E28,-3.697314E28,Missing,-3.697314E28,-3.697314E28,-3.697314E28,Missing,-3.697314E28,-3.697314E28,-3.697314E28,Port 0x02: JJH T tibia tracker  s/n:3E4C8800,764943826,1779974663.768776859,1,OK,0.5081056,0.1809623,0.1856953,-0.8213395,6.904,79.358,-1351.870,0.2620934,3,OK,6.710,79.196,-1351.986,OK,-59.809,142.939,-1324.321,OK,44.629,148.448,-1308.111,Port 0x03: JJH Y femur tracker  s/n:3E4C8801,764943826,1779974663.768776859,1,OK,0.8742922,0.2539695,-0.2787402,-0.3056411,-215.185,66.384,-1509.980,0.5275332,3,OK,-214.897,65.716,-1509.977,OK,-222.210,161.145,-1480.045,OK,-276.537,129.766,-1540.835
3,Port 0x01: JJH Probe  s/n:3E4C880C,764943829,1779974663.818776859,1,Too Few Markers,-3.697314E28,-3.697314E28,-3.697314E28,-3.697314E28,-3.697314E28,-3.697314E28,-3.697314E28,0.0000000,3,Missing,-3.697314E28,-3.697314E28,-3.697314E28,Missing,-3.697314E28,-3.697314E28,-3.697314E28,Missing,-3.697314E28,-3.697314E28,-3.697314E28,Port 0x02: JJH T tibia tracker  s/n:3E4C8800,764943829,1779974663.818776859,1,OK,0.5082946,0.1799150,0.1830874,-0.8220378,7.057,79.509,-1352.340,0.2539952,3,OK,6.858,79.373,-1352.441,OK,-59.617,143.296,-1325.209,OK,44.822,148.796,-1308.952,Port 0x03: JJH Y femur tracker  s/n:3E4C8801,764943829,1779974663.818776859,1,OK,0.8728189,0.2548535,-0.2842063,-0.3040782,-214.338,66.296,-1511.200,0.5398074,3,OK,-214.042,65.623,-1511.187,OK,-221.691,161.100,-1481.558,OK,-275.281,129.666,-1542.872
3,Port 0x01: JJH Probe  s/n:3E4C880C,764943832,1779974663.868776859,1,Too Few Markers,-3.697314E28,-3.697314E28,-3.697314E28,-3.697314E28,-3.697314E28,-3.697314E28,-3.697314E28,0.0000000,3,Missing,-3.697314E28,-3.697314E28,-3.697314E28,Missing,-3.697314E28,-3.697314E28,-3.697314E28,Missing,-3.697314E28,-3.697314E28,-3.697314E28,Port 0x02: JJH T tibia tracker  s/n:3E4C8800,764943832,1779974663.868776859,1,OK,0.5083944,0.1800621,0.1822920,-0.8221206,7.155,79.620,-1352.603,0.2528681,3,OK,6.960,79.481,-1352.705,OK,-59.536,143.461,-1325.620,OK,44.891,148.950,-1309.260,Port 0x03: JJH Y femur tracker  s/n:3E4C8801,764943832,1779974663.868776859,1,OK,0.8703721,0.2563657,-0.2926602,-0.3017931,-213.231,66.250,-1512.706,0.5473299,3,OK,-212.896,65.572,-1512.650,OK,-220.996,161.115,-1483.420,OK,-273.598,129.622,-1545.706
3,Port 0x01: JJH Probe  s/n:3E4C880C,764943835,1779974663.918776859,1,Too Few Markers,-3.697314E28,-3.697314E28,-3.697314E28,-3.697314E28,-3.697314E28,-3.697314E28,-3.697314E28,0.0000000,3,Missing,-3.697314E28,-3.697314E28,-3.697314E28,Missing,-3.697314E28,-3.697314E28,-3.697314E28,Missing,-3.697314E28,-3.697314E28,-3.697314E28,Port 0x02: JJH T tibia tracker  s/n:3E4C8800,764943835,1779974663.918776859,1,OK,0.5068203,0.1807160,0.1840139,-0.8225654,7.409,79.482,-1352.398,0.2508548,3,OK,7.221,79.337,-1352.504,OK,-59.076,143.402,-1325.068,OK,45.387,148.542,-1308.839,Port 0x03: JJH Y femur tracker  s/n:3E4C8801,764943835,1779974663.918776859,1,OK,0.8696207,0.2571777,-0.2915868,-0.3042968,-212.983,66.569,-1512.662,0.5241611,3,OK,-212.697,65.906,-1512.647,OK,-220.336,161.377,-1482.989,OK,-273.123,130.251,-1545.240
3,Port 0x01: JJH Probe  s/n:3E4C880C,764943838,1779974663.968776859,1,Too Few Markers,-3.697314E28,-3.697314E28,-3.697314E28,-3.697314E28,-3.697314E28,-3.697314E28,-3.697314E28,0.0000000,3,Missing,-3.697314E28,-3.697314E28,-3.697314E28,Missing,-3.697314E28,-3.697314E28,-3.697314E28,Missing,-3.697314E28,-3.697314E28,-3.697314E28,Port 0x02: JJH T tibia tracker  s/n:3E4C8800,764943838,1779974663.968776859,1,OK,0.5074047,0.1798864,0.1827949,-0.8226588,7.438,79.462,-1352.660,0.2590930,3,OK,7.238,79.318,-1352.766,OK,-59.088,143.409,-1325.535,OK,45.368,148.692,-1309.308,Port 0x03: JJH Y femur tracker  s/n:3E4C8801,764943838,1779974663.968776859,1,OK,0.8701710,0.2567867,-0.2917562,-0.3028883,-213.059,66.416,-1512.772,0.5236906,3,OK,-212.780,65.758,-1512.761,OK,-220.673,161.258,-1483.294,OK,-273.322,129.888,-1545.479
3,Port 0x01: JJH Probe  s/n:3E4C880C,764943841,1779974664.018776862,1,Too Few Markers,-3.697314E28,-3.697314E28,-3.697314E28,-3.697314E28,-3.697314E28,-3.697314E28,-3.697314E28,0.0000000,3,Missing,-3.697314E28,-3.697314E28,-3.697314E28,Missing,-3.697314E28,-3.697314E28,-3.697314E28,Missing,-3.697314E28,-3.697314E28,-3.697314E28,Port 0x02: JJH T tibia tracker  s/n:3E4C8800,764943841,1779974664.018776862,1,OK,0.5077325,0.1797382,0.1822210,-0.8226162,7.436,79.680,-1352.936,0.2682050,3,OK,7.233,79.517,-1353.052,OK,-59.124,143.635,-1325.915,OK,45.313,148.990,-1309.642,Port 0x03: JJH Y femur tracker  s/n:3E4C8801,764943841,1779974664.018776862,1,OK,0.8702903,0.2559895,-0.2924991,-0.3025036,-213.034,66.435,-1512.699,0.5434722,3,OK,-212.716,65.769,-1512.653,OK,-220.671,161.299,-1483.451,OK,-273.292,129.890,-1545.610
3,Port 0x01: JJH Probe  s/n:3E4C880C,764943844,1779974664.068776862,1,Too Few Markers,-3.697314E28,-3.697314E28,-3.697314E28,-3.697314E28,-3.697314E28,-3.697314E28,-3.697314E28,0.0000000,3,Missing,-3.697314E28,-3.697314E28,-3.697314E28,Missing,-3.697314E28,-3.697314E28,-3.697314E28,Missing,-3.697314E28,-3.697314E28,-3.697314E28,Port 0x02: JJH T tibia tracker  s/n:3E4C8800,764943844,1779974664.068776862,1,OK,0.5076517,0.1797478,0.1820412,-0.8227038,7.417,79.633,-1352.955,0.2575410,3,OK,7.223,79.475,-1353.067,OK,-59.131,143.620,-1325.960,OK,45.300,148.935,-1309.683,Port 0x03: JJH Y femur tracker  s/n:3E4C8801,764943844,1779974664.068776862,1,OK,0.8703404,0.2565957,-0.2917595,-0.3025601,-213.089,66.392,-1512.832,0.5403285,3,OK,-212.798,65.716,-1512.817,OK,-220.765,161.250,-1483.421,OK,-273.389,129.826,-1545.570
3,Port 0x01: JJH Probe  s/n:3E4C880C,764943847,1779974664.118776862,1,Too Few Markers,-3.697314E28,-3.697314E28,-3.697314E28,-3.697314E28,-3.697314E28,-3.697314E28,-3.697314E28,0.0000000,3,Missing,-3.697314E28,-3.697314E28,-3.697314E28,Missing,-3.697314E28,-3.697314E28,-3.697314E28,Missing,-3.697314E28,-3.697314E28,-3.697314E28,Port 0x02: JJH T tibia tracker  s/n:3E4C8800,764943847,1779974664.118776862,1,OK,0.5076038,0.1796624,0.1820937,-0.8227404,7.371,79.665,-1352.979,0.2554723,3,OK,7.176,79.514,-1353.087,OK,-59.166,143.653,-1325.970,OK,45.270,148.961,-1309.717,Port 0x03: JJH Y femur tracker  s/n:3E4C8801,764943847,1779974664.118776862,1,OK,0.8703035,0.2562210,-0.2924233,-0.3023429,-213.163,66.422,-1512.808,0.5321953,3,OK,-212.858,65.759,-1512.773,OK,-220.832,161.295,-1483.505,OK,-273.449,129.838,-1545.712
3,Port 0x01: JJH Probe  s/n:3E4C880C,764943850,1779974664.168776862,1,Too Few Markers,-3.697314E28,-3.697314E28,-3.697314E28,-3.697314E28,-3.697314E28,-3.697314E28,-3.697314E28,0.0000000,3,Missing,-3.697314E28,-3.697314E28,-3.697314E28,Missing,-3.697314E28,-3.697314E28,-3.697314E28,Missing,-3.697314E28,-3.697314E28,-3.697314E28,Port 0x02: JJH T tibia tracker  s/n:3E4C8800,764943850,1779974664.168776862,1,OK,0.5077298,0.1796090,0.1818921,-0.8227189,7.420,79.692,-1353.077,0.2668799,3,OK,7.218,79.530,-1353.192,OK,-59.131,143.679,-1326.107,OK,45.305,149.025,-1309.830,Port 0x03: JJH Y femur tracker  s/n:3E4C8801,764943850,1779974664.168776862,1,OK,0.8702464,0.2565847,-0.2922967,-0.3023212,-213.088,66.382,-1512.857,0.5324220,3,OK,-212.790,65.713,-1512.833,OK,-220.784,161.249,-1483.478,OK,-273.383,129.794,-1545.715
3,Port 0x01: JJH Probe  s/n:3E4C880C,764943853,1779974664.218776862,1,Too Few Markers,-3.697314E28,-3.697314E28,-3.697314E28,-3.697314E28,-3.697314E28,-3.697314E28,-3.697314E28,0.0000000,3,Missing,-3.697314E28,-3.697314E28,-3.697314E28,Missing,-3.697314E28,-3.697314E28,-3.697314E28,Missing,-3.697314E28,-3.697314E28,-3.697314E28,Port 0x02: JJH T tibia tracker  s/n:3E4C8800,764943853,1779974664.218776862,1,OK,0.5077807,0.1792864,0.1816017,-0.8228219,7.421,79.680,-1353.050,0.2559586,3,OK,7.225,79.529,-1353.159,OK,-59.123,143.691,-1326.119,OK,45.312,149.039,-1309.880,Port 0x03: JJH Y femur tracker  s/n:3E4C8801,764943853,1779974664.218776862,1,OK,0.8702633,0.2564166,-0.2923295,-0.3023834,-213.098,66.388,-1512.806,0.5346742,3,OK,-212.795,65.718,-1512.776,OK,-220.771,161.258,-1483.456,OK,-273.389,129.810,-1545.680
3,Port 0x01: JJH Probe  s/n:3E4C880C,764943856,1779974664.268776862,1,Too Few Markers,-3.697314E28,-3.697314E28,-3.697314E28,-3.697314E28,-3.697314E28,-3.697314E28,-3.697314E28,0.0000000,3,Missing,-3.697314E28,-3.697314E28,-3.697314E28,Missing,-3.697314E28,-3.697314E28,-3.697314E28,Missing,-3.697314E28,-3.697314E28,-3.697314E28,Port 0x02: JJH T tibia tracker  s/n:3E4C8800,764943856,1779974664.268776862,1,OK,0.5075965,0.1795444,0.1819502,-0.8228024,7.382,79.682,-1353.068,0.2633173,3,OK,7.185,79.516,-1353.186,OK,-59.142,143.691,-1326.076,OK,45.287,149.002,-1309.829,Port 0x03: JJH Y femur tracker  s/n:3E4C8801,764943856,1779974664.268776862,1,OK,0.8704265,0.2560798,-0.2923194,-0.3022088,-213.148,66.387,-1512.738,0.5398106,3,OK,-212.832,65.725,-1512.692,OK,-220.847,161.247,-1483.482,OK,-273.461,129.795,-1545.639
3,Port 0x01: JJH Probe  s/n:3E4C880C,764943859,1779974664.318776862,1,Too Few Markers,-3.697314E28,-3.697314E28,-3.697314E28,-3.697314E28,-3.697314E28,-3.697314E28,-3.697314E28,0.0000000,3,Missing,-3.697314E28,-3.697314E28,-3.697314E28,Missing,-3.697314E28,-3.697314E28,-3.697314E28,Missing,-3.697314E28,-3.697314E28,-3.697314E28,Port 0x02: JJH T tibia tracker  s/n:3E4C8800,764943859,1779974664.318776862,1,OK,0.5076424,0.1796029,0.1820090,-0.8227482,7.451,79.717,-1353.115,0.2650373,3,OK,7.259,79.543,-1353.236,OK,-59.089,143.719,-1326.114,OK,45.343,149.038,-1309.860,Port 0x03: JJH Y femur tracker  s/n:3E4C8801,764943859,1779974664.318776862,1,OK,0.8702856,0.2560334,-0.2928564,-0.3021342,-213.071,66.411,-1512.723,0.5425386,3,OK,-212.736,65.746,-1512.659,OK,-220.753,161.276,-1483.493,OK,-273.373,129.831,-1545.744
3,Port 0x01: JJH Probe  s/n:3E4C880C,764943862,1779974664.368776862,1,Too Few Markers,-3.697314E28,-3.697314E28,-3.697314E28,-3.697314E28,-3.697314E28,-3.697314E28,-3.697314E28,0.0000000,3,Missing,-3.697314E28,-3.697314E28,-3.697314E28,Missing,-3.697314E28,-3.697314E28,-3.697314E28,Missing,-3.697314E28,-3.697314E28,-3.697314E28,Port 0x02: JJH T tibia tracker  s/n:3E4C8800,764943862,1779974664.368776862,1,OK,0.5076677,0.1795813,0.1818961,-0.8227624,7.439,79.665,-1353.065,0.2582892,3,OK,7.243,79.508,-1353.177,OK,-59.099,143.664,-1326.089,OK,45.329,148.986,-1309.828,Port 0x03: JJH Y femur tracker  s/n:3E4C8801,764943862,1779974664.368776862,1,OK,0.8704196,0.2559335,-0.2925432,-0.3021361,-213.085,66.362,-1512.709,0.5524948,3,OK,-212.754,65.691,-1512.653,OK,-220.791,161.226,-1483.505,OK,-273.392,129.780,-1545.661
3,Port 0x01: JJH Probe  s/n:3E4C880C,764943865,1779974664.418776862,1,Too Few Markers,-3.697314E28,-3.697314E28,-3.697314E28,-3.697314E28,-3.697314E28,-3.697314E28,-3.697314E28,0.0000000,3,Missing,-3.697314E28,-3.697314E28,-3.697314E28,Missing,-3.697314E28,-3.697314E28,-3.697314E28,Missing,-3.697314E28,-3.697314E28,-3.697314E28,Port 0x02: JJH T tibia tracker  s/n:3E4C8800,764943865,1779974664.418776862,1,OK,0.5075995,0.1796117,0.1821583,-0.8227398,7.422,79.719,-1353.100,0.2695487,3,OK,7.223,79.548,-1353.221,OK,-59.115,143.709,-1326.075,OK,45.329,149.030,-1309.830,Port 0x03: JJH Y femur tracker  s/n:3E4C8801,764943865,1779974664.418776862,1,OK,0.8704344,0.2561583,-0.2921351,-0.3022977,-213.118,66.398,-1512.738,0.5361390,3,OK,-212.820,65.735,-1512.711,OK,-220.814,161.266,-1483.453,OK,-273.414,129.799,-1545.583
3,Port 0x01: JJH Probe  s/n:3E4C880C,764943868,1779974664.468776862,1,Too Few Markers,-3.697314E28,-3.697314E28,-3.697314E28,-3.697314E28,-3.697314E28,-3.697314E28,-3.697314E28,0.0000000,3,Missing,-3.697314E28,-3.697314E28,-3.697314E28,Missing,-3.697314E28,-3.697314E28,-3.697314E28,Missing,-3.697314E28,-3.697314E28,-3.697314E28,Port 0x02: JJH T tibia tracker  s/n:3E4C8800,764943868,1779974664.468776862,1,OK,0.5076013,0.1795894,0.1819995,-0.8227787,7.429,79.702,-1353.100,0.2651938,3,OK,7.227,79.542,-1353.215,OK,-59.103,143.699,-1326.105,OK,45.338,149.016,-1309.850,Port 0x03: JJH Y femur tracker  s/n:3E4C8801,764943868,1779974664.468776862,1,OK,0.8703203,0.2562463,-0.2923204,-0.3023727,-213.099,66.390,-1512.783,0.5360491,3,OK,-212.790,65.727,-1512.744,OK,-220.771,161.250,-1483.476,OK,-273.392,129.817,-1545.664
3,Port 0x01: JJH Probe  s/n:3E4C880C,764943871,1779974664.518776862,1,Too Few Markers,-3.697314E28,-3.697314E28,-3.697314E28,-3.697314E28,-3.697314E28,-3.697314E28,-3.697314E28,0.0000000,3,Missing,-3.697314E28,-3.697314E28,-3.697314E28,Missing,-3.697314E28,-3.697314E28,-3.697314E28,Missing,-3.697314E28,-3.697314E28,-3.697314E28,Port 0x02: JJH T tibia tracker  s/n:3E4C8800,764943871,1779974664.518776862,1,OK,0.5077072,0.1792942,0.1817087,-0.8228420,7.453,79.706,-1353.088,0.2565875,3,OK,7.262,79.546,-1353.200,OK,-59.083,143.725,-1326.131,OK,45.353,149.055,-1309.907,Port 0x03: JJH Y femur tracker  s/n:3E4C8801,764943871,1779974664.518776862,1,OK,0.8702890,0.2565202,-0.2922303,-0.3023177,-213.067,66.410,-1512.810,0.5384146,3,OK,-212.764,65.733,-1512.783,OK,-220.762,161.279,-1483.440,OK,-273.375,129.823,-1545.667
3,Port 0x01: JJH Probe  s/n:3E4C880C,764943874,1779974664.568776862,1,Too Few Markers,-3.697314E28,-3.697314E28,-3.697314E28,-3.697314E28,-3.697314E28,-3.697314E28,-3.697314E28,0.0000000,3,Missing,-3.697314E28,-3.697314E28,-3.697314E28,Missing,-3.697314E28,-3.697314E28,-3.697314E28,Missing,-3.697314E28,-3.697314E28,-3.697314E28,Port 0x02: JJH T tibia tracker  s/n:3E4C8800,764943874,1779974664.568776862,1,OK,0.5077059,0.1793118,0.1815925,-0.8228646,7.446,79.687,-1353.045,0.2550251,3,OK,7.254,79.531,-1353.156,OK,-59.089,143.713,-1326.111,OK,45.346,149.038,-1309.873,Port 0x03: JJH Y femur tracker  s/n:3E4C8801,764943874,1779974664.568776862,1,OK,0.8703119,0.2563859,-0.2922703,-0.3023270,-213.081,66.396,-1512.777,0.5351859,3,OK,-212.773,65.730,-1512.741,OK,-220.767,161.255,-1483.440,OK,-273.385,129.815,-1545.647
3,Port 0x01: JJH Probe  s/n:3E4C880C,764943877,1779974664.618776862,1,Too Few Markers,-3.697314E28,-3.697314E28,-3.697314E28,-3.697314E28,-3.697314E28,-3.697314E28,-3.697314E28,0.0000000,3,Missing,-3.697314E28,-3.697314E28,-3.697314E28,Missing,-3.697314E28,-3.697314E28,-3.697314E28,Missing,-3.697314E28,-3.697314E28,-3.697314E28,Port 0x02: JJH T tibia tracker  s/n:3E4C8800,764943877,1779974664.618776862,1,OK,0.5076746,0.1792984,0.1817051,-0.8228620,7.423,79.703,-1353.059,0.2550928,3,OK,7.231,79.550,-1353.168,OK,-59.109,143.724,-1326.104,OK,45.332,149.045,-1309.880,Port 0x03: JJH Y femur tracker  s/n:3E4C8801,764943877,1779974664.618776862,1,OK,0.8702880,0.2564603,-0.2921620,-0.3024372,-213.128,66.416,-1512.830,0.5322070,3,OK,-212.837,65.747,-1512.811,OK,-220.803,161.287,-1483.464,OK,-273.411,129.833,-1545.658
3,Port 0x01: JJH Probe  s/n:3E4C880C,764943880,1779974664.668776862,1,Too Few Markers,-3.697314E28,-3.697314E28,-3.697314E28,-3.697314E28,-3.697314E28,-3.697314E28,-3.697314E28,0.0000000,3,Missing,-3.697314E28,-3.697314E28,-3.697314E28,Missing,-3.697314E28,-3.697314E28,-3.697314E28,Missing,-3.697314E28,-3.697314E28,-3.697314E28,Port 0x02: JJH T tibia tracker  s/n:3E4C8800,764943880,1779974664.668776862,1,OK,0.5077235,0.1792091,0.1814982,-0.8228969,7.443,79.689,-1353.058,0.2483144,3,OK,7.253,79.544,-1353.162,OK,-59.092,143.721,-1326.137,OK,45.346,149.044,-1309.912,Port 0x03: JJH Y femur tracker  s/n:3E4C8801,764943880,1779974664.668776862,1,OK,0.8703495,0.2561233,-0.2925482,-0.3021725,-213.095,66.394,-1512.732,0.5410040,3,OK,-212.774,65.724,-1512.684,OK,-220.786,161.267,-1483.466,OK,-273.407,129.802,-1545.685
3,Port 0x01: JJH Probe  s/n:3E4C880C,764943883,1779974664.718776862,1,Too Few Markers,-3.697314E28,-3.697314E28,-3.697314E28,-3.697314E28,-3.697314E28,-3.697314E28,-3.697314E28,0.0000000,3,Missing,-3.697314E28,-3.697314E28,-3.697314E28,Missing,-3.697314E28,-3.697314E28,-3.697314E28,Missing,-3.697314E28,-3.697314E28,-3.697314E28,Port 0x02: JJH T tibia tracker  s/n:3E4C8800,764943883,1779974664.718776862,1,OK,0.5076944,0.1793683,0.1816710,-0.8228421,7.464,79.705,-1353.057,0.2550839,3,OK,7.272,79.550,-1353.167,OK,-59.074,143.725,-1326.111,OK,45.363,149.047,-1309.870,Port 0x03: JJH Y femur tracker  s/n:3E4C8801,764943883,1779974664.718776862,1,OK,0.8703585,0.2560126,-0.2925451,-0.3022433,-213.081,66.410,-1512.705,0.5406520,3,OK,-212.759,65.744,-1512.655,OK,-220.756,161.280,-1483.460,OK,-273.380,129.827,-1545.655
3,Port 0x01: JJH Probe  s/n:3E4C880C,764943886,1779974664.768776862,1,Too Few Markers,-3.697314E28,-3.697314E28,-3.697314E28,-3.697314E28,-3.697314E28,-3.697314E28,-3.697314E28,0.0000000,3,Missing,-3.697314E28,-3.697314E28,-3.697314E28,Missing,-3.697314E28,-3.697314E28,-3.697314E28,Missing,-3.697314E28,-3.697314E28,-3.697314E28,Port 0x02: JJH T tibia tracker  s/n:3E4C8800,764943886,1779974664.768776862,1,OK,0.5075964,0.1793820,0.1819270,-0.8228430,7.438,79.705,-1353.088,0.2665273,3,OK,7.240,79.532,-1353.209,OK,-59.078,143.721,-1326.091,OK,45.351,149.040,-1309.872,Port 0x03: JJH Y femur tracker  s/n:3E4C8801,764943886,1779974664.768776862,1,OK,0.8703265,0.2566284,-0.2918892,-0.3024473,-213.085,66.412,-1512.846,0.5350082,3,OK,-212.798,65.739,-1512.833,OK,-220.777,161.274,-1483.437,OK,-273.387,129.827,-1545.613
3,Port 0x01: JJH Probe  s/n:3E4C880C,764943889,1779974664.818776862,1,Too Few Markers,-3.697314E28,-3.697314E28,-3.697314E28,-3.697314E28,-3.697314E28,-3.697314E28,-3.697314E28,0.0000000,3,Missing,-3.697314E28,-3.697314E28,-3.697314E28,Missing,-3.697314E28,-3.697314E28,-3.697314E28,Missing,-3.697314E28,-3.697314E28,-3.697314E28,Port 0x02: JJH T tibia tracker  s/n:3E4C8800,764943889,1779974664.818776862,1,OK,0.5076504,0.1795129,0.1817899,-0.8228114,7.446,79.737,-1353.109,0.2598026,3,OK,7.252,79.575,-1353.223,OK,-59.091,143.752,-1326.146,OK,45.345,149.067,-1309.889,Port 0x03: JJH Y femur tracker  s/n:3E4C8801,764943889,1779974664.818776862,1,OK,0.8702636,0.2563170,-0.2924694,-0.3023317,-213.105,66.424,-1512.742,0.5280788,3,OK,-212.799,65.765,-1512.706,OK,-220.774,161.292,-1483.420,OK,-273.394,129.840,-1545.656
3,Port 0x01: JJH Probe  s/n:3E4C880C,764943892,1779974664.868776862,1,Too Few Markers,-3.697314E28,-3.697314E28,-3.697314E28,-3.697314E28,-3.697314E28,-3.697314E28,-3.697314E28,0.0000000,3,Missing,-3.697314E28,-3.697314E28,-3.697314E28,Missing,-3.697314E28,-3.697314E28,-3.697314E28,Missing,-3.697314E28,-3.697314E28,-3.697314E28,Port 0x02: JJH T tibia tracker  s/n:3E4C8800,764943892,1779974664.868776862,1,OK,0.5076582,0.1794947,0.1816939,-0.8228317,7.460,79.714,-1353.088,0.2622241,3,OK,7.262,79.555,-1353.201,OK,-59.075,143.733,-1326.143,OK,45.363,149.053,-1309.878,Port 0x03: JJH Y femur tracker  s/n:3E4C8801,764943892,1779974664.868776862,1,OK,0.8702906,0.2562402,-0.2925135,-0.3022764,-213.080,66.417,-1512.706,0.5366999,3,OK,-212.766,65.750,-1512.664,OK,-220.759,161.286,-1483.408,OK,-273.375,129.834,-1545.634
3,Port 0x01: JJH Probe  s/n:3E4C880C,764943895,1779974664.918776862,1,Too Few Markers,-3.697314E28,-3.697314E28,-3.697314E28,-3.697314E28,-3.697314E28,-3.697314E28,-3.697314E28,0.0000000,3,Missing,-3.697314E28,-3.697314E28,-3.697314E28,Missing,-3.697314E28,-3.697314E28,-3.697314E28,Missing,-3.697314E28,-3.697314E28,-3.697314E28,Port 0x02: JJH T tibia tracker  s/n:3E4C8800,764943895,1779974664.918776862,1,OK,0.5076071,0.1794867,0.1818881,-0.8228221,7.493,79.721,-1353.075,0.2592680,3,OK,7.297,79.562,-1353.188,OK,-59.035,143.732,-1326.093,OK,45.401,149.042,-1309.852,Port 0x03: JJH Y femur tracker  s/n:3E4C8801,764943895,1779974664.918776862,1,OK,0.8702423,0.2565707,-0.2923233,-0.3023193,-213.044,66.417,-1512.737,0.5285187,3,OK,-212.739,65.755,-1512.703,OK,-220.732,161.271,-1483.360,OK,-273.352,129.834,-1545.612
3,Port 0x01: JJH Probe  s/n:3E4C880C,764943898,1779974664.968776862,1,Too Few Markers,-3.697314E28,-3.697314E28,-3.697314E28,-3.697314E28,-3.697314E28,-3.697314E28,-3.697314E28,0.0000000,3,Missing,-3.697314E28,-3.697314E28,-3.697314E28,Missing,-3.697314E28,-3.697314E28,-3.697314E28,Missing,-3.697314E28,-3.697314E28,-3.697314E28,Port 0x02: JJH T tibia tracker  s/n:3E4C8800,764943898,1779974664.968776862,1,OK,0.5076220,0.1794574,0.1819717,-0.8228009,7.406,79.732,-1353.100,0.2664535,3,OK,7.207,79.565,-1353.218,OK,-59.122,143.736,-1326.102,OK,45.315,149.060,-1309.869,Port 0x03: JJH Y femur tracker  s/n:3E4C8801,764943898,1779974664.968776862,1,OK,0.8702247,0.2564195,-0.2924679,-0.3023582,-213.148,66.412,-1512.733,0.5364144,3,OK,-212.837,65.740,-1512.696,OK,-220.818,161.280,-1483.387,OK,-273.440,129.839,-1545.639
3,Port 0x01: JJH Probe  s/n:3E4C880C,764943901,1779974665.018776859,1,Too Few Markers,-3.697314E28,-3.697314E28,-3.697314E28,-3.697314E28,-3.697314E28,-3.697314E28,-3.697314E28,0.0000000,3,Missing,-3.697314E28,-3.697314E28,-3.697314E28,Missing,-3.697314E28,-3.697314E28,-3.697314E28,Missing,-3.697314E28,-3.697314E28,-3.697314E28,Port 0x02: JJH T tibia tracker  s/n:3E4C8800,764943901,1779974665.018776859,1,OK,0.5076190,0.1794957,0.1821230,-0.8227609,7.468,79.740,-1353.131,0.2677060,3,OK,7.276,79.562,-1353.254,OK,-59.070,143.738,-1326.105,OK,45.376,149.060,-1309.881,Port 0x03: JJH Y femur tracker  s/n:3E4C8801,764943901,1779974665.018776859,1,OK,0.8701454,0.2565745,-0.2925194,-0.3024052,-213.092,66.416,-1512.741,0.5315111,3,OK,-212.787,65.746,-1512.709,OK,-220.755,161.285,-1483.357,OK,-273.376,129.848,-1545.648
3,Port 0x01: JJH Probe  s/n:3E4C880C,764943904,1779974665.068776859,1,Too Few Markers,-3.697314E28,-3.697314E28,-3.697314E28,-3.697314E28,-3.697314E28,-3.697314E28,-3.697314E28,0.0000000,3,Missing,-3.697314E28,-3.697314E28,-3.697314E28,Missing,-3.697314E28,-3.697314E28,-3.697314E28,Missing,-3.697314E28,-3.697314E28,-3.697314E28,Port 0x02: JJH T tibia tracker  s/n:3E4C8800,764943904,1779974665.068776859,1,OK,0.5076436,0.1795340,0.1817102,-0.8228286,7.528,79.717,-1353.082,0.2594735,3,OK,7.332,79.559,-1353.194,OK,-59.004,143.736,-1326.135,OK,45.427,149.049,-1309.866,Port 0x03: JJH Y femur tracker  s/n:3E4C8801,764943904,1779974665.068776859,1,OK,0.8702262,0.2563312,-0.2926314,-0.3022707,-213.020,66.404,-1512.742,0.5350860,3,OK,-212.706,65.736,-1512.700,OK,-220.697,161.276,-1483.426,OK,-273.312,129.824,-1545.691
3,Port 0x01: JJH Probe  s/n:3E4C880C,764943907,1779974665.118776859,1,Too Few Markers,-3.697314E28,-3.697314E28,-3.697314E28,-3.697314E28,-3.697314E28,-3.697314E28,-3.697314E28,0.0000000,3,Missing,-3.697314E28,-3.697314E28,-3.697314E28,Missing,-3.697314E28,-3.697314E28,-3.697314E28,Missing,-3.697314E28,-3.697314E28,-3.697314E28,Port 0x02: JJH T tibia tracker  s/n:3E4C8800,764943907,1779974665.118776859,1,OK,0.5076502,0.1793675,0.1819075,-0.8228173,7.401,79.732,-1353.117,0.2613531,3,OK,7.208,79.568,-1353.232,OK,-59.137,143.741,-1326.127,OK,45.313,149.064,-1309.907,Port 0x03: JJH Y femur tracker  s/n:3E4C8801,764943907,1779974665.118776859,1,OK,0.8702484,0.2567092,-0.2920377,-0.3024601,-213.154,66.427,-1512.818,0.5181915,3,OK,-212.875,65.773,-1512.805,OK,-220.834,161.284,-1483.391,OK,-273.443,129.836,-1545.610
3,Port 0x01: JJH Probe  s/n:3E4C880C,764943910,1779974665.168776859,1,Too Few Markers,-3.697314E28,-3.697314E28,-3.697314E28,-3.697314E28,-3.697314E28,-3.697314E28,-3.697314E28,0.0000000,3,Missing,-3.697314E28,-3.697314E28,-3.697314E28,Missing,-3.697314E28,-3.697314E28,-3.697314E28,Missing,-3.697314E28,-3.697314E28,-3.697314E28,Port 0x02: JJH T tibia tracker  s/n:3E4C8800,764943910,1779974665.168776859,1,OK,0.5076616,0.1794406,0.1818522,-0.8228065,7.466,79.726,-1353.107,0.2583812,3,OK,7.278,79.560,-1353.223,OK,-59.074,143.741,-1326.128,OK,45.365,149.058,-1309.893,Port 0x03: JJH Y femur tracker  s/n:3E4C8801,764943910,1779974665.168776859,1,OK,0.8702484,0.2566324,-0.2921670,-0.3024002,-213.080,66.420,-1512.767,0.5279859,3,OK,-212.782,65.755,-1512.741,OK,-220.758,161.279,-1483.361,OK,-273.388,129.838,-1545.606
3,Port 0x01: JJH Probe  s/n:3E4C880C,764943913,1779974665.218776859,1,Too Few Markers,-3.697314E28,-3.697314E28,-3.697314E28,-3.697314E28,-3.697314E28,-3.697314E28,-3.697314E28,0.0000000,3,Missing,-3.697314E28,-3.697314E28,-3.697314E28,Missing,-3.697314E28,-3.697314E28,-3.697314E28,Missing,-3.697314E28,-3.697314E28,-3.697314E28,Port 0x02: JJH T tibia tracker  s/n:3E4C8800,764943913,1779974665.218776859,1,OK,0.5076443,0.1795765,0.1819686,-0.8227618,7.527,79.734,-1353.109,0.2627900,3,OK,7.339,79.561,-1353.229,OK,-59.017,143.740,-1326.115,OK,45.423,149.055,-1309.864,Port 0x03: JJH Y femur tracker  s/n:3E4C8801,764943913,1779974665.218776859,1,OK,0.8702718,0.2561284,-0.2926134,-0.3023287,-213.034,66.408,-1512.690,0.5388548,3,OK,-212.714,65.742,-1512.643,OK,-220.696,161.276,-1483.419,OK,-273.316,129.839,-1545.639
3,Port 0x01: JJH Probe  s/n:3E4C880C,764943916,1779974665.268776859,1,Too Few Markers,-3.697314E28,-3.697314E28,-3.697314E28,-3.697314E28,-3.697314E28,-3.697314E28,-3.697314E28,0.0000000,3,Missing,-3.697314E28,-3.697314E28,-3.697314E28,Missing,-3.697314E28,-3.697314E28,-3.697314E28,Missing,-3.697314E28,-3.697314E28,-3.697314E28,Port 0x02: JJH T tibia tracker  s/n:3E4C8800,764943916,1779974665.268776859,1,OK,0.5076337,0.1794001,0.1816919,-0.8228680,7.428,79.723,-1353.079,0.2630070,3,OK,7.233,79.560,-1353.194,OK,-59.103,143.750,-1326.128,OK,45.342,149.064,-1309.882,Port 0x03: JJH Y femur tracker  s/n:3E4C8801,764943916,1779974665.268776859,1,OK,0.8703401,0.2562131,-0.2923693,-0.3022964,-213.116,66.415,-1512.736,0.5394583,3,OK,-212.800,65.746,-1512.694,OK,-220.794,161.282,-1483.437,OK,-273.423,129.834,-1545.641
3,Port 0x01: JJH Probe  s/n:3E4C880C,764943919,1779974665.318776859,1,Too Few Markers,-3.697314E28,-3.697314E28,-3.697314E28,-3.697314E28,-3.697314E28,-3.697314E28,-3.697314E28,0.0000000,3,Missing,-3.697314E28,-3.697314E28,-3.697314E28,Missing,-3.697314E28,-3.697314E28,-3.697314E28,Missing,-3.697314E28,-3.697314E28,-3.697314E28,Port 0x02: JJH T tibia tracker  s/n:3E4C8800,764943919,1779974665.318776859,1,OK,0.5076216,0.1794880,0.1820534,-0.8227764,7.447,79.749,-1353.159,0.2674090,3,OK,7.254,79.573,-1353.281,OK,-59.089,143.751,-1326.146,OK,45.355,149.072,-1309.916,Port 0x03: JJH Y femur tracker  s/n:3E4C8801,764943919,1779974665.318776859,1,OK,0.8703351,0.2562481,-0.2923648,-0.3022855,-213.110,66.426,-1512.762,0.5414258,3,OK,-212.796,65.757,-1512.722,OK,-220.801,161.289,-1483.467,OK,-273.409,129.847,-1545.655
3,Port 0x01: JJH Probe  s/n:3E4C880C,764943922,1779974665.368776859,1,Too Few Markers,-3.697314E28,-3.697314E28,-3.697314E28,-3.697314E28,-3.697314E28,-3.697314E28,-3.697314E28,0.0000000,3,Missing,-3.697314E28,-3.697314E28,-3.697314E28,Missing,-3.697314E28,-3.697314E28,-3.697314E28,Missing,-3.697314E28,-3.697314E28,-3.697314E28,Port 0x02: JJH T tibia tracker  s/n:3E4C8800,764943922,1779974665.368776859,1,OK,0.5076911,0.1794757,0.1815542,-0.8228464,7.498,79.716,-1353.077,0.2551053,3,OK,7.308,79.563,-1353.186,OK,-59.048,143.745,-1326.157,OK,45.396,149.057,-1309.886,Port 0x03: JJH Y femur tracker  s/n:3E4C8801,764943922,1779974665.368776859,1,OK,0.8702786,0.2562974,-0.2924229,-0.3023502,-213.057,66.410,-1512.739,0.5344838,3,OK,-212.747,65.745,-1512.701,OK,-220.728,161.274,-1483.424,OK,-273.347,129.834,-1545.640
3,Port 0x01: JJH Probe  s/n:3E4C880C,764943925,1779974665.418776859,1,Too Few Markers,-3.697314E28,-3.697314E28,-3.697314E28,-3.697314E28,-3.697314E28,-3.697314E28,-3.697314E28,0.0000000,3,Missing,-3.697314E28,-3.697314E28,-3.697314E28,Missing,-3.697314E28,-3.697314E28,-3.697314E28,Missing,-3.697314E28,-3.697314E28,-3.697314E28,Port 0x02: JJH T tibia tracker  s/n:3E4C8800,764943925,1779974665.418776859,1,OK,0.5076797,0.1793385,0.1813732,-0.8229233,7.465,79.705,-1353.046,0.2519395,3,OK,7.268,79.564,-1353.149,OK,-59.061,143.746,-1326.154,OK,45.371,149.058,-1309.892,Port 0x03: JJH Y femur tracker  s/n:3E4C8801,764943925,1779974665.418776859,1,OK,0.8702604,0.2563954,-0.2923994,-0.3023424,-213.087,66.419,-1512.797,0.5390414,3,OK,-212.775,65.745,-1512.760,OK,-220.762,161.288,-1483.456,OK,-273.388,129.844,-1545.696
3,Port 0x01: JJH Probe  s/n:3E4C880C,764943928,1779974665.468776859,1,Too Few Markers,-3.697314E28,-3.697314E28,-3.697314E28,-3.697314E28,-3.697314E28,-3.697314E28,-3.697314E28,0.0000000,3,Missing,-3.697314E28,-3.697314E28,-3.697314E28,Missing,-3.697314E28,-3.697314E28,-3.697314E28,Missing,-3.697314E28,-3.697314E28,-3.697314E28,Port 0x02: JJH T tibia tracker  s/n:3E4C8800,764943928,1779974665.468776859,1,OK,0.5076692,0.1794750,0.1816200,-0.8228456,7.444,79.725,-1353.108,0.2615542,3,OK,7.249,79.564,-1353.221,OK,-59.095,143.751,-1326.175,OK,45.347,149.068,-1309.907,Port 0x03: JJH Y femur tracker  s/n:3E4C8801,764943928,1779974665.468776859,1,OK,0.8704070,0.2561148,-0.2921567,-0.3023925,-213.116,66.416,-1512.697,0.5405332,3,OK,-212.814,65.750,-1512.667,OK,-220.795,161.284,-1483.419,OK,-273.398,129.836,-1545.539
3,Port 0x01: JJH Probe  s/n:3E4C880C,764943931,1779974665.518776859,1,Too Few Markers,-3.697314E28,-3.697314E28,-3.697314E28,-3.697314E28,-3.697314E28,-3.697314E28,-3.697314E28,0.0000000,3,Missing,-3.697314E28,-3.697314E28,-3.697314E28,Missing,-3.697314E28,-3.697314E28,-3.697314E28,Missing,-3.697314E28,-3.697314E28,-3.697314E28,Port 0x02: JJH T tibia tracker  s/n:3E4C8800,764943931,1779974665.518776859,1,OK,0.5076446,0.1794524,0.1819199,-0.8227994,7.461,79.740,-1353.139,0.2575808,3,OK,7.272,79.575,-1353.255,OK,-59.077,143.750,-1326.149,OK,45.362,149.064,-1309.919,Port 0x03: JJH Y femur tracker  s/n:3E4C8801,764943931,1779974665.518776859,1,OK,0.8702378,0.2564806,-0.2923608,-0.3023723,-213.095,66.416,-1512.743,0.5328043,3,OK,-212.787,65.749,-1512.708,OK,-220.768,161.277,-1483.381,OK,-273.394,129.842,-1545.627
3,Port 0x01: JJH Probe  s/n:3E4C880C,764943934,1779974665.568776859,1,Too Few Markers,-3.697314E28,-3.697314E28,-3.697314E28,-3.697314E28,-3.697314E28,-3.697314E28,-3.697314E28,0.0000000,3,Missing,-3.697314E28,-3.697314E28,-3.697314E28,Missing,-3.697314E28,-3.697314E28,-3.697314E28,Missing,-3.697314E28,-3.697314E28,-3.697314E28,Port 0x02: JJH T tibia tracker  s/n:3E4C8800,764943934,1779974665.568776859,1,OK,0.5076413,0.1793418,0.1817731,-0.8228580,7.481,79.731,-1353.116,0.2616302,3,OK,7.287,79.568,-1353.231,OK,-59.050,143.753,-1326.148,OK,45.396,149.072,-1309.921,Port 0x03: JJH Y femur tracker  s/n:3E4C8801,764943934,1779974665.568776859,1,OK,0.8703975,0.2560867,-0.2923513,-0.3022556,-213.067,66.425,-1512.752,0.5352663,3,OK,-212.757,65.767,-1512.711,OK,-220.757,161.286,-1483.494,OK,-273.363,129.834,-1545.650
3,Port 0x01: JJH Probe  s/n:3E4C880C,764943937,1779974665.618776859,1,Too Few Markers,-3.697314E28,-3.697314E28,-3.697314E28,-3.697314E28,-3.697314E28,-3.697314E28,-3.697314E28,0.0000000,3,Missing,-3.697314E28,-3.697314E28,-3.697314E28,Missing,-3.697314E28,-3.697314E28,-3.697314E28,Missing,-3.697314E28,-3.697314E28,-3.697314E28,Port 0x02: JJH T tibia tracker  s/n:3E4C8800,764943937,1779974665.618776859,1,OK,0.5076534,0.1795744,0.1817995,-0.8227940,7.478,79.746,-1353.131,0.2621659,3,OK,7.285,79.579,-1353.248,OK,-59.063,143.761,-1326.168,OK,45.373,149.075,-1309.900,Port 0x03: JJH Y femur tracker  s/n:3E4C8801,764943937,1779974665.618776859,1,OK,0.8703291,0.2561653,-0.2924754,-0.3022661,-213.068,66.422,-1512.701,0.5375701,3,OK,-212.752,65.758,-1512.656,OK,-220.750,161.286,-1483.423,OK,-273.366,129.840,-1545.624
3,Port 0x01: JJH Probe  s/n:3E4C880C,764943940,1779974665.668776859,1,Too Few Markers,-3.697314E28,-3.697314E28,-3.697314E28,-3.697314E28,-3.697314E28,-3.697314E28,-3.697314E28,0.0000000,3,Missing,-3.697314E28,-3.697314E28,-3.697314E28,Missing,-3.697314E28,-3.697314E28,-3.697314E28,Missing,-3.697314E28,-3.697314E28,-3.697314E28,Port 0x02: JJH T tibia tracker  s/n:3E4C8800,764943940,1779974665.668776859,1,OK,0.5076356,0.1794841,0.1818523,-0.8228130,7.423,79.742,-1353.148,0.2722641,3,OK,7.221,79.570,-1353.269,OK,-59.111,143.754,-1326.173,OK,45.335,149.081,-1309.920,Port 0x03: JJH Y femur tracker  s/n:3E4C8801,764943940,1779974665.668776859,1,OK,0.8703535,0.2564659,-0.2920613,-0.3023413,-213.126,66.430,-1512.797,0.5311551,3,OK,-212.828,65.767,-1512.770,OK,-220.821,161.285,-1483.436,OK,-273.438,129.839,-1545.620
3,Port 0x01: JJH Probe  s/n:3E4C880C,764943943,1779974665.718776859,1,Too Few Markers,-3.697314E28,-3.697314E28,-3.697314E28,-3.697314E28,-3.697314E28,-3.697314E28,-3.697314E28,0.0000000,3,Missing,-3.697314E28,-3.697314E28,-3.697314E28,Missing,-3.697314E28,-3.697314E28,-3.697314E28,Missing,-3.697314E28,-3.697314E28,-3.697314E28,Port 0x02: JJH T tibia tracker  s/n:3E4C8800,764943943,1779974665.718776859,1,OK,0.5076848,0.1795237,0.1815817,-0.8228338,7.483,79.729,-1353.145,0.2578264,3,OK,7.290,79.573,-1353.256,OK,-59.059,143.754,-1326.222,OK,45.378,149.069,-1309.943,Port 0x03: JJH Y femur tracker  s/n:3E4C8801,764943943,1779974665.718776859,1,OK,0.8703313,0.2562257,-0.2924029,-0.3022786,-213.070,66.423,-1512.777,0.5392510,3,OK,-212.758,65.756,-1512.738,OK,-220.760,161.287,-1483.488,OK,-273.365,129.841,-1545.677
3,Port 0x01: JJH Probe  s/n:3E4C880C,764943946,1779974665.768776859,1,Too Few Markers,-3.697314E28,-3.697314E28,-3.697314E28,-3.697314E28,-3.697314E28,-3.697314E28,-3.697314E28,0.0000000,3,Missing,-3.697314E28,-3.697314E28,-3.697314E28,Missing,-3.697314E28,-3.697314E28,-3.697314E28,Missing,-3.697314E28,-3.697314E28,-3.697314E28,Port 0x02: JJH T tibia tracker  s/n:3E4C8800,764943946,1779974665.768776859,1,OK,0.5076316,0.1794092,0.1819134,-0.8228183,7.518,79.767,-1353.238,0.2586045,3,OK,7.328,79.601,-1353.354,OK,-59.012,143.780,-1326.246,OK,45.423,149.095,-1310.023,Port 0x03: JJH Y femur tracker  s/n:3E4C8801,764943946,1779974665.768776859,1,OK,0.8703394,0.2561734,-0.2924041,-0.3022983,-213.034,66.447,-1512.852,0.5384141,3,OK,-212.725,65.781,-1512.815,OK,-220.720,161.314,-1483.574,OK,-273.319,129.864,-1545.749
3,Port 0x01: JJH Probe  s/n:3E4C880C,764943949,1779974665.818776859,1,Too Few Markers,-3.697314E28,-3.697314E28,-3.697314E28,-3.697314E28,-3.697314E28,-3.697314E28,-3.697314E28,0.0000000,3,Missing,-3.697314E28,-3.697314E28,-3.697314E28,Missing,-3.697314E28,-3.697314E28,-3.697314E28,Missing,-3.697314E28,-3.697314E28,-3.697314E28,Port 0x02: JJH T tibia tracker  s/n:3E4C8800,764943949,1779974665.818776859,1,OK,0.5076680,0.1794359,0.1815523,-0.8228698,7.414,79.725,-1353.065,0.2515003,3,OK,7.222,79.580,-1353.170,OK,-59.122,143.754,-1326.144,OK,45.317,149.062,-1309.882,Port 0x03: JJH Y femur tracker  s/n:3E4C8801,764943949,1779974665.818776859,1,OK,0.8702938,0.2564823,-0.2921673,-0.3023968,-213.150,66.425,-1512.759,0.5288205,3,OK,-212.853,65.762,-1512.732,OK,-220.827,161.286,-1483.389,OK,-273.450,129.841,-1545.600
3,Port 0x01: JJH Probe  s/n:3E4C880C,764943952,1779974665.868776859,1,Too Few Markers,-3.697314E28,-3.697314E28,-3.697314E28,-3.697314E28,-3.697314E28,-3.697314E28,-3.697314E28,0.0000000,3,Missing,-3.697314E28,-3.697314E28,-3.697314E28,Missing,-3.697314E28,-3.697314E28,-3.697314E28,Missing,-3.697314E28,-3.697314E28,-3.697314E28,Port 0x02: JJH T tibia tracker  s/n:3E4C8800,764943952,1779974665.868776859,1,OK,0.5077030,0.1794168,0.1814689,-0.8228708,7.480,79.760,-1353.162,0.2579511,3,OK,7.282,79.612,-1353.269,OK,-59.059,143.788,-1326.257,OK,45.382,149.111,-1309.985,Port 0x03: JJH Y femur tracker  s/n:3E4C8801,764943952,1779974665.868776859,1,OK,0.8702649,0.2562261,-0.2926293,-0.3022503,-213.068,66.435,-1512.774,0.5392913,3,OK,-212.748,65.768,-1512.727,OK,-220.749,161.301,-1483.489,OK,-273.361,129.859,-1545.727
3,Port 0x01: JJH Probe  s/n:3E4C880C,764943955,1779974665.918776859,1,Too Few Markers,-3.697314E28,-3.697314E28,-3.697314E28,-3.697314E28,-3.697314E28,-3.697314E28,-3.697314E28,0.0000000,3,Missing,-3.697314E28,-3.697314E28,-3.697314E28,Missing,-3.697314E28,-3.697314E28,-3.697314E28,Missing,-3.697314E28,-3.697314E28,-3.697314E28,Port 0x02: JJH T tibia tracker  s/n:3E4C8800,764943955,1779974665.918776859,1,OK,0.5076814,0.1796295,0.1817499,-0.8227757,7.490,79.759,-1353.242,0.2689921,3,OK,7.293,79.588,-1353.362,OK,-59.059,143.771,-1326.293,OK,45.384,149.096,-1310.004,Port 0x03: JJH Y femur tracker  s/n:3E4C8801,764943955,1779974665.918776859,1,OK,0.8702076,0.2564110,-0.2925495,-0.3023356,-213.073,66.431,-1512.867,0.5261881,3,OK,-212.762,65.776,-1512.824,OK,-220.738,161.288,-1483.527,OK,-273.368,129.856,-1545.797
3,Port 0x01: JJH Probe  s/n:3E4C880C,764943958,1779974665.968776859,1,Too Few Markers,-3.697314E28,-3.697314E28,-3.697314E28,-3.697314E28,-3.697314E28,-3.697314E28,-3.697314E28,0.0000000,3,Missing,-3.697314E28,-3.697314E28,-3.697314E28,Missing,-3.697314E28,-3.697314E28,-3.697314E28,Missing,-3.697314E28,-3.697314E28,-3.697314E28,Port 0x02: JJH T tibia tracker  s/n:3E4C8800,764943958,1779974665.968776859,1,OK,0.5077915,0.1792517,0.1813681,-0.8228744,7.358,79.881,-1353.275,0.2676845,3,OK,7.158,79.712,-1353.394,OK,-59.182,143.915,-1326.380,OK,45.250,149.269,-1310.121,Port 0x03: JJH Y femur tracker  s/n:3E4C8801,764943958,1779974665.968776859,1,OK,0.8703434,0.2560423,-0.2926447,-0.3021652,-213.159,66.424,-1512.680,0.5453987,3,OK,-212.832,65.753,-1512.628,OK,-220.849,161.296,-1483.440,OK,-273.463,129.839,-1545.653
3,Port 0x01: JJH Probe  s/n:3E4C880C,764943961,1779974666.018776865,1,Too Few Markers,-3.697314E28,-3.697314E28,-3.697314E28,-3.697314E28,-3.697314E28,-3.697314E28,-3.697314E28,0.0000000,3,Missing,-3.697314E28,-3.697314E28,-3.697314E28,Missing,-3.697314E28,-3.697314E28,-3.697314E28,Missing,-3.697314E28,-3.697314E28,-3.697314E28,Port 0x02: JJH T tibia tracker  s/n:3E4C8800,764943961,1779974666.018776865,1,OK,0.5076548,0.1793830,0.1815859,-0.8228820,7.532,79.792,-1353.297,0.2661740,3,OK,7.333,79.629,-1353.412,OK,-58.998,143.823,-1326.365,OK,45.446,149.145,-1310.109,Port 0x03: JJH Y femur tracker  s/n:3E4C8801,764943961,1779974666.018776865,1,OK,0.8704549,0.2560602,-0.2921555,-0.3023021,-213.037,66.414,-1512.815,0.5464547,3,OK,-212.733,65.743,-1512.784,OK,-220.738,161.282,-1483.561,OK,-273.326,129.826,-1545.660
3,Port 0x01: JJH Probe  s/n:3E4C880C,764943964,1779974666.068776865,1,Too Few Markers,-3.697314E28,-3.697314E28,-3.697314E28,-3.697314E28,-3.697314E28,-3.697314E28,-3.697314E28,0.0000000,3,Missing,-3.697314E28,-3.697314E28,-3.697314E28,Missing,-3.697314E28,-3.697314E28,-3.697314E28,Missing,-3.697314E28,-3.697314E28,-3.697314E28,Port 0x02: JJH T tibia tracker  s/n:3E4C8800,764943964,1779974666.068776865,1,OK,0.5076258,0.1790921,0.1814883,-0.8229849,7.574,79.705,-1353.232,0.2493960,3,OK,7.390,79.549,-1353.342,OK,-58.941,143.762,-1326.299,OK,45.498,149.062,-1310.104,Port 0x03: JJH Y femur tracker  s/n:3E4C8801,764943964,1779974666.068776865,1,OK,0.8703173,0.2560784,-0.2925324,-0.3023185,-213.030,66.419,-1512.855,0.5450795,3,OK,-212.717,65.745,-1512.816,OK,-220.708,161.294,-1483.601,OK,-273.301,129.845,-1545.775
3,Port 0x01: JJH Probe  s/n:3E4C880C,764943967,1779974666.118776864,1,Too Few Markers,-3.697314E28,-3.697314E28,-3.697314E28,-3.697314E28,-3.697314E28,-3.697314E28,-3.697314E28,0.0000000,3,Missing,-3.697314E28,-3.697314E28,-3.697314E28,Missing,-3.697314E28,-3.697314E28,-3.697314E28,Missing,-3.697314E28,-3.697314E28,-3.697314E28,Port 0x02: JJH T tibia tracker  s/n:3E4C8800,764943967,1779974666.118776864,1,OK,0.5075867,0.1793702,0.1815057,-0.8229446,7.418,79.754,-1353.226,0.2625127,3,OK,7.218,79.598,-1353.338,OK,-59.097,143.799,-1326.306,OK,45.343,149.102,-1310.051,Port 0x03: JJH Y femur tracker  s/n:3E4C8801,764943967,1779974666.118776864,1,OK,0.8703438,0.2566106,-0.2918626,-0.3024382,-213.162,66.434,-1512.821,0.5244740,3,OK,-212.878,65.777,-1512.805,OK,-220.850,161.287,-1483.414,OK,-273.470,129.843,-1545.590
3,Port 0x01: JJH Probe  s/n:3E4C880C,764943970,1779974666.168776864,1,Too Few Markers,-3.697314E28,-3.697314E28,-3.697314E28,-3.697314E28,-3.697314E28,-3.697314E28,-3.697314E28,0.0000000,3,Missing,-3.697314E28,-3.697314E28,-3.697314E28,Missing,-3.697314E28,-3.697314E28,-3.697314E28,Missing,-3.697314E28,-3.697314E28,-3.697314E28,Port 0x02: JJH T tibia tracker  s/n:3E4C8800,764943970,1779974666.168776864,1,OK,0.5076463,0.1790296,0.1815202,-0.8229788,7.500,79.705,-1353.188,0.2480871,3,OK,7.312,79.557,-1353.294,OK,-59.014,143.752,-1326.251,OK,45.426,149.062,-1310.067,Port 0x03: JJH Y femur tracker  s/n:3E4C8801,764943970,1779974666.168776864,1,OK,0.8704041,0.2560769,-0.2922614,-0.3023318,-213.097,66.402,-1512.753,0.5402847,3,OK,-212.790,65.734,-1512.718,OK,-220.776,161.275,-1483.483,OK,-273.388,129.816,-1545.628
3,Port 0x01: JJH Probe  s/n:3E4C880C,764943973,1779974666.218776864,1,Too Few Markers,-3.697314E28,-3.697314E28,-3.697314E28,-3.697314E28,-3.697314E28,-3.697314E28,-3.697314E28,0.0000000,3,Missing,-3.697314E28,-3.697314E28,-3.697314E28,Missing,-3.697314E28,-3.697314E28,-3.697314E28,Missing,-3.697314E28,-3.697314E28,-3.697314E28,Port 0x02: JJH T tibia tracker  s/n:3E4C8800,764943973,1779974666.218776864,1,OK,0.5076800,0.1792119,0.1814440,-0.8229351,7.572,79.815,-1353.297,0.2565282,3,OK,7.379,79.660,-1353.407,OK,-58.955,143.859,-1326.382,OK,45.486,149.178,-1310.151,Port 0x03: JJH Y femur tracker  s/n:3E4C8801,764943973,1779974666.218776864,1,OK,0.8704013,0.2559557,-0.2924508,-0.3022595,-212.998,66.438,-1512.806,0.5450652,3,OK,-212.684,65.766,-1512.767,OK,-220.682,161.318,-1483.576,OK,-273.282,129.851,-1545.725
3,Port 0x01: JJH Probe  s/n:3E4C880C,764943976,1779974666.268776865,1,Too Few Markers,-3.697314E28,-3.697314E28,-3.697314E28,-3.697314E28,-3.697314E28,-3.697314E28,-3.697314E28,0.0000000,3,Missing,-3.697314E28,-3.697314E28,-3.697314E28,Missing,-3.697314E28,-3.697314E28,-3.697314E28,Missing,-3.697314E28,-3.697314E28,-3.697314E28,Port 0x02: JJH T tibia tracker  s/n:3E4C8800,764943976,1779974666.268776865,1,OK,0.5079945,0.1788279,0.1806528,-0.8229986,7.353,80.240,-1353.712,0.2752523,3,OK,7.154,80.058,-1353.837,OK,-59.202,144.318,-1326.930,OK,45.241,149.713,-1310.671,Port 0x03: JJH Y femur tracker  s/n:3E4C8801,764943976,1779974666.268776865,1,OK,0.8703501,0.2566854,-0.2917666,-0.3024494,-213.168,66.482,-1512.942,0.5256667,3,OK,-212.895,65.816,-1512.940,OK,-220.860,161.351,-1483.507,OK,-273.474,129.877,-1545.686
3,Port 0x01: JJH Probe  s/n:3E4C880C,764943979,1779974666.318776865,1,Too Few Markers,-3.697314E28,-3.697314E28,-3.697314E28,-3.697314E28,-3.697314E28,-3.697314E28,-3.697314E28,0.0000000,3,Missing,-3.697314E28,-3.697314E28,-3.697314E28,Missing,-3.697314E28,-3.697314E28,-3.697314E28,Missing,-3.697314E28,-3.697314E28,-3.697314E28,Port 0x02: JJH T tibia tracker  s/n:3E4C8800,764943979,1779974666.318776865,1,OK,0.5085393,0.1776414,0.1784285,-0.8234043,7.375,80.730,-1354.266,0.2641454,3,OK,7.184,80.556,-1354.386,OK,-59.195,144.942,-1327.841,OK,45.230,150.422,-1311.581,Port 0x03: JJH Y femur tracker  s/n:3E4C8801,764943979,1779974666.318776865,1,OK,0.8704131,0.2559360,-0.2925746,-0.3021222,-213.131,66.496,-1512.786,0.5505943,3,OK,-212.803,65.818,-1512.736,OK,-220.829,161.378,-1483.568,OK,-273.441,129.901,-1545.753
3,Port 0x01: JJH Probe  s/n:3E4C880C,764943982,1779974666.368776864,1,Too Few Markers,-3.697314E28,-3.697314E28,-3.697314E28,-3.697314E28,-3.697314E28,-3.697314E28,-3.697314E28,0.0000000,3,Missing,-3.697314E28,-3.697314E28,-3.697314E28,Missing,-3.697314E28,-3.697314E28,-3.697314E28,Missing,-3.697314E28,-3.697314E28,-3.697314E28,Port 0x02: JJH T tibia tracker  s/n:3E4C8800,764943982,1779974666.368776864,1,OK,0.5089379,0.1772033,0.1775899,-0.8234337,7.321,81.095,-1354.666,0.2719563,3,OK,7.126,80.909,-1354.792,OK,-59.282,145.327,-1328.384,OK,45.131,150.898,-1312.104,Port 0x03: JJH Y femur tracker  s/n:3E4C8801,764943982,1779974666.368776864,1,OK,0.8705258,0.2559595,-0.2922018,-0.3021384,-213.044,66.514,-1512.906,0.5384066,3,OK,-212.743,65.855,-1512.874,OK,-220.766,161.385,-1483.683,OK,-273.346,129.896,-1545.777
3,Port 0x01: JJH Probe  s/n:3E4C880C,764943985,1779974666.418776864,1,Too Few Markers,-3.697314E28,-3.697314E28,-3.697314E28,-3.697314E28,-3.697314E28,-3.697314E28,-3.697314E28,0.0000000,3,Missing,-3.697314E28,-3.697314E28,-3.697314E28,Missing,-3.697314E28,-3.697314E28,-3.697314E28,Missing,-3.697314E28,-3.697314E28,-3.697314E28,Port 0x02: JJH T tibia tracker  s/n:3E4C8800,764943985,1779974666.418776864,1,OK,0.5096749,0.1763039,0.1767808,-0.8233450,7.077,81.584,-1355.031,0.2606257,3,OK,6.895,81.400,-1355.153,OK,-59.604,145.800,-1328.880,OK,44.798,151.534,-1312.662,Port 0x03: JJH Y femur tracker  s/n:3E4C8801,764943985,1779974666.418776864,1,OK,0.8705103,0.2559573,-0.2923579,-0.3020341,-213.130,66.548,-1512.889,0.5460613,3,OK,-212.821,65.876,-1512.854,OK,-220.866,161.430,-1483.675,OK,-273.441,129.925,-1545.801
3,Port 0x01: JJH Probe  s/n:3E4C880C,764943988,1779974666.468776864,1,Too Few Markers,-3.697314E28,-3.697314E28,-3.697314E28,-3.697314E28,-3.697314E28,-3.697314E28,-3.697314E28,0.0000000,3,Missing,-3.697314E28,-3.697314E28,-3.697314E28,Missing,-3.697314E28,-3.697314E28,-3.697314E28,Missing,-3.697314E28,-3.697314E28,-3.697314E28,Port 0x02: JJH T tibia tracker  s/n:3E4C8800,764943988,1779974666.468776864,1,OK,0.5104935,0.1756803,0.1756805,-0.8232066,6.885,82.142,-1355.435,0.2670463,3,OK,6.706,81.944,-1355.564,OK,-59.895,146.346,-1329.482,OK,44.496,152.262,-1313.234,Port 0x03: JJH Y femur tracker  s/n:3E4C8801,764943988,1779974666.468776864,1,OK,0.8705980,0.2562626,-0.2917910,-0.3020705,-213.176,66.597,-1512.983,0.5334982,3,OK,-212.893,65.927,-1512.974,OK,-220.923,161.484,-1483.663,OK,-273.523,129.938,-1545.783
3,Port 0x01: JJH Probe  s/n:3E4C880C,764943991,1779974666.518776865,1,Too Few Markers,-3.697314E28,-3.697314E28,-3.697314E28,-3.697314E28,-3.697314E28,-3.697314E28,-3.697314E28,0.0000000,3,Missing,-3.697314E28,-3.697314E28,-3.697314E28,Missing,-3.697314E28,-3.697314E28,-3.697314E28,Missing,-3.697314E28,-3.697314E28,-3.697314E28,Port 0x02: JJH T tibia tracker  s/n:3E4C8800,764943991,1779974666.518776865,1,OK,0.5112471,0.1743746,0.1742233,-0.8233263,6.731,82.753,-1356.059,0.2736716,3,OK,6.551,82.540,-1356.194,OK,-60.099,146.995,-1330.333,OK,44.279,153.092,-1314.154,Port 0x03: JJH Y femur tracker  s/n:3E4C8801,764943991,1779974666.518776865,1,OK,0.8706360,0.2559688,-0.2920619,-0.3019482,-213.147,66.622,-1513.109,0.5439848,3,OK,-212.859,65.948,-1513.096,OK,-220.915,161.520,-1483.886,OK,-273.465,129.958,-1545.958
3,Port 0x01: JJH Probe  s/n:3E4C880C,764943994,1779974666.568776865,1,Too Few Markers,-3.697314E28,-3.697314E28,-3.697314E28,-3.697314E28,-3.697314E28,-3.697314E28,-3.697314E28,0.0000000,3,Missing,-3.697314E28,-3.697314E28,-3.697314E28,Missing,-3.697314E28,-3.697314E28,-3.697314E28,Missing,-3.697314E28,-3.697314E28,-3.697314E28,Port 0x02: JJH T tibia tracker  s/n:3E4C8800,764943994,1779974666.568776865,1,OK,0.5114730,0.1737464,0.1731180,-0.8235519,6.666,82.968,-1356.334,0.2593783,3,OK,6.486,82.777,-1356.457,OK,-60.162,147.272,-1330.785,OK,44.206,153.401,-1314.618,Port 0x03: JJH Y femur tracker  s/n:3E4C8801,764943994,1779974666.568776865,1,OK,0.8706121,0.2559605,-0.2924058,-0.3016914,-213.167,66.599,-1513.075,0.5369310,3,OK,-212.872,65.935,-1513.050,OK,-220.970,161.490,-1483.888,OK,-273.495,129.912,-1546.007
