Tools,Port 0x01: JJH Probe  s/n:3E4C880C,Frame,Time [sec],Face,State,Q0,Qx,Qy,Qz,Tx,Ty,Tz,Error,Markers,State,Tx,Ty,Tz,State,Tx,Ty,Tz,State,Tx,Ty,Tz,Port 0x02: JJH T tibia tracker  s/n:3E4C8800,Frame,Time [sec],Face,State,Q0,Qx,Qy,Qz,Tx,Ty,Tz,Error,Markers,State,Tx,Ty,Tz,State,Tx,Ty,Tz,State,Tx,Ty,Tz,Port 0x03: JJH Y femur tracker  s/n:3E4C8801,Frame,Time [sec],Face,State,Q0,Qx,Qy,Qz,Tx,Ty,Tz,Error,Markers,State,Tx,Ty,Tz,State,Tx,Ty,Tz,State,Tx,Ty,Tz
3,Port 0x01: JJH Probe  s/n:3E4C880C,806493841,1780667164.018596844,1,Too Few Markers,-3.697314E28,-3.697314E28,-3.697314E28,-3.697314E28,-3.697314E28,-3.697314E28,-3.697314E28,0.0000000,3,Missing,-3.697314E28,-3.697314E28,-3.697314E28,Missing,-3.697314E28,-3.697314E28,-3.697314E28,Missing,-3.697314E28,-3.697314E28,-3.697314E28,Port 0x02: JJH T tibia tracker  s/n:3E4C8800,806493841,1780667164.018596844,1,OK,0.7295861,0.0994082,0.3487634,-0.5798157,249.300,-10.901,-1550.619,0.4601095,3,OK,248.784,-10.989,-1550.409,OK,164.508,-11.996,-1506.146,OK,241.853,58.989,-1494.531,Port 0x03: JJH Y femur tracker  s/n:3E4C8801,806493841,1780667164.018596844,1,OK,0.8421993,0.2971849,-0.3997764,-0.2063014,58.603,24.910,-1786.457,0.4877165,3,OK,58.946,24.397,-1786.256,OK,32.642,118.679,-1765.003,OK,2.852,79.698,-1838.052
3,Port 0x01: JJH Probe  s/n:3E4C880C,806493844,1780667164.068596844,1,Too Few Markers,-3.697314E28,-3.697314E28,-3.697314E28,-3.697314E28,-3.697314E28,-3.697314E28,-3.697314E28,0.0000000,3,Missing,-3.697314E28,-3.697314E28,-3.697314E28,Missing,-3.697314E28,-3.697314E28,-3.697314E28,Missing,-3.697314E28,-3.697314E28,-3.697314E28,Port 0x02: JJH T tibia tracker  s/n:3E4C8800,806493844,1780667164.068596844,1,OK,0.7296068,0.0992641,0.3486757,-0.5798670,249.306,-10.917,-1550.617,0.4595142,3,OK,248.789,-10.999,-1550.402,OK,164.512,-12.002,-1506.141,OK,241.862,58.987,-1494.558,Port 0x03: JJH Y femur tracker  s/n:3E4C8801,806493844,1780667164.068596844,1,OK,0.8424836,0.2968114,-0.3994350,-0.2063395,58.613,24.905,-1786.417,0.4603752,3,OK,58.942,24.391,-1786.239,OK,32.644,118.674,-1765.059,OK,2.861,79.680,-1837.907
3,Port 0x01: JJH Probe  s/n:3E4C880C,806493847,1780667164.118596844,1,Too Few Markers,-3.697314E28,-3.697314E28,-3.697314E28,-3.697314E28,-3.697314E28,-3.697314E28,-3.697314E28,0.0000000,3,Missing,-3.697314E28,-3.697314E28,-3.697314E28,Missing,-3.697314E28,-3.697314E28,-3.697314E28,Missing,-3.697314E28,-3.697314E28,-3.697314E28,Port 0x02: JJH T tibia tracker  s/n:3E4C8800,806493847,1780667164.118596844,1,OK,0.7295863,0.0994075,0.3487110,-0.5798471,249.318,-10.916,-1550.605,0.4584608,3,OK,248.804,-11.002,-1550.395,OK,164.522,-12.002,-1506.137,OK,241.870,58.976,-1494.525,Port 0x03: JJH Y femur tracker  s/n:3E4C8801,806493847,1780667164.118596844,1,OK,0.8423756,0.2970212,-0.3995034,-0.2063462,58.621,24.895,-1786.454,0.4652669,3,OK,58.952,24.387,-1786.269,OK,32.652,118.657,-1765.043,OK,2.863,79.678,-1837.968
3,Port 0x01: JJH Probe  s/n:3E4C880C,806493850,1780667164.168596844,1,Too Few Markers,-3.697314E28,-3.697314E28,-3.697314E28,-3.697314E28,-3.697314E28,-3.697314E28,-3.697314E28,0.0000000,3,Missing,-3.697314E28,-3.697314E28,-3.697314E28,Missing,-3.697314E28,-3.697314E28,-3.697314E28,Missing,-3.697314E28,-3.697314E28,-3.697314E28,Port 0x02: JJH T tibia tracker  s/n:3E4C8800,806493850,1780667164.168596844,1,OK,0.7296134,0.0994168,0.3486297,-0.5798603,249.322,-10.935,-1550.595,0.4670593,3,OK,248.796,-11.014,-1550.373,OK,164.521,-12.024,-1506.146,OK,241.876,58.963,-1494.527,Port 0x03: JJH Y femur tracker  s/n:3E4C8801,806493850,1780667164.168596844,1,OK,0.8422221,0.2971709,-0.3997115,-0.2063544,58.613,24.888,-1786.435,0.4720508,3,OK,58.946,24.386,-1786.244,OK,32.657,118.652,-1764.984,OK,2.871,79.677,-1838.000
3,Port 0x01: JJH Probe  s/n:3E4C880C,806493853,1780667164.218596844,1,Too Few Markers,-3.697314E28,-3.697314E28,-3.697314E28,-3.697314E28,-3.697314E28,-3.697314E28,-3.697314E28,0.0000000,3,Missing,-3.697314E28,-3.697314E28,-3.697314E28,Missing,-3.697314E28,-3.697314E28,-3.697314E28,Missing,-3.697314E28,-3.697314E28,-3.697314E28,Port 0x02: JJH T tibia tracker  s/n:3E4C8800,806493853,1780667164.218596844,1,OK,0.7295329,0.0993074,0.3488825,-0.5798283,249.299,-10.915,-1550.622,0.4486146,3,OK,248.797,-11.006,-1550.421,OK,164.511,-12.009,-1506.114,OK,241.866,58.975,-1494.530,Port 0x03: JJH Y femur tracker  s/n:3E4C8801,806493853,1780667164.218596844,1,OK,0.8423310,0.2968897,-0.3997053,-0.2063263,58.592,24.894,-1786.376,0.4739642,3,OK,58.931,24.382,-1786.182,OK,32.640,118.664,-1764.998,OK,2.853,79.680,-1837.937
3,Port 0x01: JJH Probe  s/n:3E4C880C,806493856,1780667164.268596844,1,Too Few Markers,-3.697314E28,-3.697314E28,-3.697314E28,-3.697314E28,-3.697314E28,-3.697314E28,-3.697314E28,0.0000000,3,Missing,-3.697314E28,-3.697314E28,-3.697314E28,Missing,-3.697314E28,-3.697314E28,-3.697314E28,Missing,-3.697314E28,-3.697314E28,-3.697314E28,Port 0x02: JJH T tibia tracker  s/n:3E4C8800,806493856,1780667164.268596844,1,OK,0.7295840,0.0995877,0.3487867,-0.5797735,249.327,-10.921,-1550.607,0.4632537,3,OK,248.809,-11.018,-1550.403,OK,164.525,-12.029,-1506.152,OK,241.877,58.964,-1494.490,Port 0x03: JJH Y femur tracker  s/n:3E4C8801,806493856,1780667164.268596844,1,OK,0.8423486,0.2969350,-0.3996145,-0.2063653,58.611,24.884,-1786.365,0.4739600,3,OK,58.949,24.371,-1786.173,OK,32.659,118.654,-1764.968,OK,2.862,79.672,-1837.909
3,Port 0x01: JJH Probe  s/n:3E4C880C,806493859,1780667164.318596844,1,Too Few Markers,-3.697314E28,-3.697314E28,-3.697314E28,-3.697314E28,-3.697314E28,-3.697314E28,-3.697314E28,0.0000000,3,Missing,-3.697314E28,-3.697314E28,-3.697314E28,Missing,-3.697314E28,-3.697314E28,-3.697314E28,Missing,-3.697314E28,-3.697314E28,-3.697314E28,Port 0x02: JJH T tibia tracker  s/n:3E4C8800,806493859,1780667164.318596844,1,OK,0.7295688,0.0995490,0.3488103,-0.5797851,249.330,-10.918,-1550.602,0.4686506,3,OK,248.805,-11.012,-1550.392,OK,164.541,-12.022,-1506.142,OK,241.883,58.963,-1494.490,Port 0x03: JJH Y femur tracker  s/n:3E4C8801,806493859,1780667164.318596844,1,OK,0.8423146,0.2973784,-0.3993226,-0.2064307,58.648,24.892,-1786.466,0.4639414,3,OK,58.971,24.386,-1786.294,OK,32.672,118.655,-1764.946,OK,2.869,79.675,-1837.949
3,Port 0x01: JJH Probe  s/n:3E4C880C,806493862,1780667164.368596844,1,Too Few Markers,-3.697314E28,-3.697314E28,-3.697314E28,-3.697314E28,-3.697314E28,-3.697314E28,-3.697314E28,0.0000000,3,Missing,-3.697314E28,-3.697314E28,-3.697314E28,Missing,-3.697314E28,-3.697314E28,-3.697314E28,Missing,-3.697314E28,-3.697314E28,-3.697314E28,Port 0x02: JJH T tibia tracker  s/n:3E4C8800,806493862,1780667164.368596844,1,OK,0.7296336,0.0994548,0.3485820,-0.5798570,249.326,-10.967,-1550.558,0.4667625,3,OK,248.800,-11.045,-1550.336,OK,164.521,-12.053,-1506.120,OK,241.871,58.927,-1494.494,Port 0x03: JJH Y femur tracker  s/n:3E4C8801,806493862,1780667164.368596844,1,OK,0.8423273,0.2969766,-0.3996566,-0.2063111,58.611,24.891,-1786.389,0.4750366,3,OK,58.951,24.383,-1786.191,OK,32.653,118.653,-1764.989,OK,2.858,79.676,-1837.950
3,Port 0x01: JJH Probe  s/n:3E4C880C,806493865,1780667164.418596844,1,Too Few Markers,-3.697314E28,-3.697314E28,-3.697314E28,-3.697314E28,-3.697314E28,-3.697314E28,-3.697314E28,0.0000000,3,Missing,-3.697314E28,-3.697314E28,-3.697314E28,Missing,-3.697314E28,-3.697314E28,-3.697314E28,Missing,-3.697314E28,-3.697314E28,-3.697314E28,Port 0x02: JJH T tibia tracker  s/n:3E4C8800,806493865,1780667164.418596844,1,OK,0.7294892,0.0993990,0.3490638,-0.5797584,249.298,-10.917,-1550.625,0.4475250,3,OK,248.799,-11.012,-1550.429,OK,164.518,-12.029,-1506.101,OK,241.872,58.954,-1494.500,Port 0x03: JJH Y femur tracker  s/n:3E4C8801,806493865,1780667164.418596844,1,OK,0.8423118,0.2971167,-0.3995520,-0.2063754,58.614,24.916,-1786.440,0.4654512,3,OK,58.944,24.409,-1786.255,OK,32.648,118.676,-1765.006,OK,2.863,79.706,-1837.959
3,Port 0x01: JJH Probe  s/n:3E4C880C,806493868,1780667164.468596844,1,Too Few Markers,-3.697314E28,-3.697314E28,-3.697314E28,-3.697314E28,-3.697314E28,-3.697314E28,-3.697314E28,0.0000000,3,Missing,-3.697314E28,-3.697314E28,-3.697314E28,Missing,-3.697314E28,-3.697314E28,-3.697314E28,Missing,-3.697314E28,-3.697314E28,-3.697314E28,Port 0x02: JJH T tibia tracker  s/n:3E4C8800,806493868,1780667164.468596844,1,OK,0.7295692,0.0994235,0.3487222,-0.5798591,249.326,-10.960,-1550.588,0.4617847,3,OK,248.806,-11.039,-1550.370,OK,164.527,-12.049,-1506.122,OK,241.889,58.929,-1494.510,Port 0x03: JJH Y femur tracker  s/n:3E4C8801,806493868,1780667164.468596844,1,OK,0.8425009,0.2967282,-0.3994953,-0.2062720,58.626,24.901,-1786.380,0.4641050,3,OK,58.961,24.389,-1786.193,OK,32.653,118.661,-1765.055,OK,2.871,79.675,-1837.889
3,Port 0x01: JJH Probe  s/n:3E4C880C,806493871,1780667164.518596844,1,Too Few Markers,-3.697314E28,-3.697314E28,-3.697314E28,-3.697314E28,-3.697314E28,-3.697314E28,-3.697314E28,0.0000000,3,Missing,-3.697314E28,-3.697314E28,-3.697314E28,Missing,-3.697314E28,-3.697314E28,-3.697314E28,Missing,-3.697314E28,-3.697314E28,-3.697314E28,Port 0x02: JJH T tibia tracker  s/n:3E4C8800,806493871,1780667164.518596844,1,OK,0.7295567,0.0992608,0.3487136,-0.5799078,249.322,-10.977,-1550.582,0.4567816,3,OK,248.808,-11.052,-1550.364,OK,164.529,-12.055,-1506.097,OK,241.893,58.922,-1494.526,Port 0x03: JJH Y femur tracker  s/n:3E4C8801,806493871,1780667164.518596844,1,OK,0.8423529,0.2973579,-0.3992658,-0.2064141,58.656,24.909,-1786.486,0.4546862,3,OK,58.975,24.409,-1786.316,OK,32.672,118.661,-1764.982,OK,2.876,79.691,-1837.948
3,Port 0x01: JJH Probe  s/n:3E4C880C,806493874,1780667164.568596844,1,Too Few Markers,-3.697314E28,-3.697314E28,-3.697314E28,-3.697314E28,-3.697314E28,-3.697314E28,-3.697314E28,0.0000000,3,Missing,-3.697314E28,-3.697314E28,-3.697314E28,Missing,-3.697314E28,-3.697314E28,-3.697314E28,Missing,-3.697314E28,-3.697314E28,-3.697314E28,Port 0x02: JJH T tibia tracker  s/n:3E4C8800,806493874,1780667164.568596844,1,OK,0.7294662,0.0994857,0.3491170,-0.5797404,249.310,-10.967,-1550.641,0.4434965,3,OK,248.816,-11.067,-1550.451,OK,164.528,-12.080,-1506.115,OK,241.882,58.892,-1494.499,Port 0x03: JJH Y femur tracker  s/n:3E4C8801,806493874,1780667164.568596844,1,OK,0.8424228,0.2970987,-0.3993420,-0.2063544,58.638,24.899,-1786.471,0.4627487,3,OK,58.967,24.386,-1786.295,OK,32.655,118.660,-1765.040,OK,2.866,79.679,-1837.948
3,Port 0x01: JJH Probe  s/n:3E4C880C,806493877,1780667164.618596844,1,Too Few Markers,-3.697314E28,-3.697314E28,-3.697314E28,-3.697314E28,-3.697314E28,-3.697314E28,-3.697314E28,0.0000000,3,Missing,-3.697314E28,-3.697314E28,-3.697314E28,Missing,-3.697314E28,-3.697314E28,-3.697314E28,Missing,-3.697314E28,-3.697314E28,-3.697314E28,Port 0x02: JJH T tibia tracker  s/n:3E4C8800,806493877,1780667164.618596844,1,OK,0.7295108,0.0995349,0.3488753,-0.5798214,249.310,-10.978,-1550.601,0.4575619,3,OK,248.798,-11.067,-1550.394,OK,164.518,-12.074,-1506.121,OK,241.879,58.895,-1494.489,Port 0x03: JJH Y femur tracker  s/n:3E4C8801,806493877,1780667164.618596844,1,OK,0.8423508,0.2972485,-0.3993538,-0.2064095,58.629,24.914,-1786.445,0.4621311,3,OK,58.955,24.407,-1786.268,OK,32.653,118.671,-1764.971,OK,2.857,79.703,-1837.925
3,Port 0x01: JJH Probe  s/n:3E4C880C,806493880,1780667164.668596844,1,Too Few Markers,-3.697314E28,-3.697314E28,-3.697314E28,-3.697314E28,-3.697314E28,-3.697314E28,-3.697314E28,0.0000000,3,Missing,-3.697314E28,-3.697314E28,-3.697314E28,Missing,-3.697314E28,-3.697314E28,-3.697314E28,Missing,-3.697314E28,-3.697314E28,-3.697314E28,Port 0x02: JJH T tibia tracker  s/n:3E4C8800,806493880,1780667164.668596844,1,OK,0.7294375,0.0994330,0.3491032,-0.5797939,249.305,-10.987,-1550.642,0.4459063,3,OK,248.808,-11.084,-1550.449,OK,164.525,-12.092,-1506.112,OK,241.891,58.881,-1494.510,Port 0x03: JJH Y femur tracker  s/n:3E4C8801,806493880,1780667164.668596844,1,OK,0.8424127,0.2968444,-0.3995552,-0.2063491,58.621,24.909,-1786.379,0.4770340,3,OK,58.964,24.394,-1786.180,OK,32.668,118.673,-1765.006,OK,2.861,79.700,-1837.917
3,Port 0x01: JJH Probe  s/n:3E4C880C,806493883,1780667164.718596844,1,Too Few Markers,-3.697314E28,-3.697314E28,-3.697314E28,-3.697314E28,-3.697314E28,-3.697314E28,-3.697314E28,0.0000000,3,Missing,-3.697314E28,-3.697314E28,-3.697314E28,Missing,-3.697314E28,-3.697314E28,-3.697314E28,Missing,-3.697314E28,-3.697314E28,-3.697314E28,Port 0x02: JJH T tibia tracker  s/n:3E4C8800,806493883,1780667164.718596844,1,OK,0.7294905,0.0995778,0.3490207,-0.5797521,249.340,-11.002,-1550.609,0.4488942,3,OK,248.838,-11.092,-1550.407,OK,164.548,-12.114,-1506.109,OK,241.908,58.852,-1494.475,Port 0x03: JJH Y femur tracker  s/n:3E4C8801,806493883,1780667164.718596844,1,OK,0.8422585,0.2971321,-0.3995601,-0.2065547,58.679,24.926,-1786.455,0.4625535,3,OK,59.006,24.424,-1786.272,OK,32.748,118.692,-1764.995,OK,2.943,79.737,-1837.966
3,Port 0x01: JJH Probe  s/n:3E4C880C,806493886,1780667164.768596844,1,Too Few Markers,-3.697314E28,-3.697314E28,-3.697314E28,-3.697314E28,-3.697314E28,-3.697314E28,-3.697314E28,0.0000000,3,Missing,-3.697314E28,-3.697314E28,-3.697314E28,Missing,-3.697314E28,-3.697314E28,-3.697314E28,Missing,-3.697314E28,-3.697314E28,-3.697314E28,Port 0x02: JJH T tibia tracker  s/n:3E4C8800,806493886,1780667164.768596844,1,OK,0.7295404,0.0995496,0.3489345,-0.5797459,249.467,-11.148,-1550.473,0.4657223,3,OK,248.942,-11.225,-1550.250,OK,164.685,-12.263,-1505.996,OK,242.029,58.706,-1494.360,Port 0x03: JJH Y femur tracker  s/n:3E4C8801,806493886,1780667164.768596844,1,OK,0.8420370,0.2972287,-0.3997551,-0.2069414,58.827,24.916,-1786.374,0.4842512,3,OK,59.167,24.407,-1786.176,OK,32.975,118.699,-1764.848,OK,3.125,79.798,-1837.915
3,Port 0x01: JJH Probe  s/n:3E4C880C,806493889,1780667164.818596844,1,Too Few Markers,-3.697314E28,-3.697314E28,-3.697314E28,-3.697314E28,-3.697314E28,-3.697314E28,-3.697314E28,0.0000000,3,Missing,-3.697314E28,-3.697314E28,-3.697314E28,Missing,-3.697314E28,-3.697314E28,-3.697314E28,Missing,-3.697314E28,-3.697314E28,-3.697314E28,Port 0x02: JJH T tibia tracker  s/n:3E4C8800,806493889,1780667164.818596844,1,OK,0.7295337,0.0997401,0.3488404,-0.5797782,248.867,-11.062,-1550.774,0.4571841,3,OK,248.353,-11.145,-1550.562,OK,164.060,-12.166,-1506.321,OK,241.423,58.789,-1494.650,Port 0x03: JJH Y femur tracker  s/n:3E4C8801,806493889,1780667164.818596844,1,OK,0.8429872,0.2974526,-0.3986697,-0.2048339,57.814,24.295,-1786.487,0.4573906,3,OK,58.140,23.791,-1786.311,OK,31.520,117.976,-1765.101,OK,1.825,78.840,-1837.974
3,Port 0x01: JJH Probe  s/n:3E4C880C,806493892,1780667164.868596846,1,Too Few Markers,-3.697314E28,-3.697314E28,-3.697314E28,-3.697314E28,-3.697314E28,-3.697314E28,-3.697314E28,0.0000000,3,Missing,-3.697314E28,-3.697314E28,-3.697314E28,Missing,-3.697314E28,-3.697314E28,-3.697314E28,Missing,-3.697314E28,-3.697314E28,-3.697314E28,Port 0x02: JJH T tibia tracker  s/n:3E4C8800,806493892,1780667164.868596846,1,OK,0.7300267,0.0998651,0.3481381,-0.5795583,248.064,-11.298,-1551.328,0.4736556,3,OK,247.528,-11.361,-1551.089,OK,163.201,-12.440,-1507.018,OK,240.495,58.567,-1495.270,Port 0x03: JJH Y femur tracker  s/n:3E4C8801,806493892,1780667164.868596846,1,OK,0.8451663,0.2979479,-0.3959350,-0.2003906,55.823,22.643,-1786.297,0.4754509,3,OK,56.173,22.127,-1786.105,OK,28.626,116.099,-1765.101,OK,-0.922,76.477,-1837.747
3,Port 0x01: JJH Probe  s/n:3E4C880C,806493895,1780667164.918596846,1,Too Few Markers,-3.697314E28,-3.697314E28,-3.697314E28,-3.697314E28,-3.697314E28,-3.697314E28,-3.697314E28,0.0000000,3,Missing,-3.697314E28,-3.697314E28,-3.697314E28,Missing,-3.697314E28,-3.697314E28,-3.697314E28,Missing,-3.697314E28,-3.697314E28,-3.697314E28,Port 0x02: JJH T tibia tracker  s/n:3E4C8800,806493895,1780667164.918596846,1,OK,0.7298889,0.0999227,0.3483961,-0.5795669,247.886,-11.334,-1551.629,0.4525615,3,OK,247.376,-11.405,-1551.411,OK,163.019,-12.477,-1507.272,OK,240.348,58.517,-1495.534,Port 0x03: JJH Y femur tracker  s/n:3E4C8801,806493895,1780667164.918596846,1,OK,0.8467832,0.2975716,-0.3921519,-0.2015596,54.789,22.560,-1785.581,0.4805997,3,OK,55.133,22.053,-1785.399,OK,27.739,116.013,-1764.016,OK,-2.444,76.362,-1836.552
3,Port 0x01: JJH Probe  s/n:3E4C880C,806493898,1780667164.968596846,1,Too Few Markers,-3.697314E28,-3.697314E28,-3.697314E28,-3.697314E28,-3.697314E28,-3.697314E28,-3.697314E28,0.0000000,3,Missing,-3.697314E28,-3.697314E28,-3.697314E28,Missing,-3.697314E28,-3.697314E28,-3.697314E28,Missing,-3.697314E28,-3.697314E28,-3.697314E28,Port 0x02: JJH T tibia tracker  s/n:3E4C8800,806493898,1780667164.968596846,1,OK,0.7301169,0.1001102,0.3475979,-0.5797266,247.695,-11.136,-1552.140,0.4667078,3,OK,247.168,-11.210,-1551.916,OK,162.772,-12.226,-1507.919,OK,240.095,58.769,-1496.109,Port 0x03: JJH Y femur tracker  s/n:3E4C8801,806493898,1780667164.968596846,1,OK,0.8496633,0.2965171,-0.3859022,-0.2030501,53.352,22.507,-1784.369,0.4598807,3,OK,53.686,22.005,-1784.205,OK,26.451,115.905,-1762.434,OK,-4.651,76.235,-1834.469
3,Port 0x01: JJH Probe  s/n:3E4C880C,806493901,1780667165.018596846,1,Too Few Markers,-3.697314E28,-3.697314E28,-3.697314E28,-3.697314E28,-3.697314E28,-3.697314E28,-3.697314E28,0.0000000,3,Missing,-3.697314E28,-3.697314E28,-3.697314E28,Missing,-3.697314E28,-3.697314E28,-3.697314E28,Missing,-3.697314E28,-3.697314E28,-3.697314E28,Port 0x02: JJH T tibia tracker  s/n:3E4C8800,806493901,1780667165.018596846,1,OK,0.7301788,0.1000216,0.3472925,-0.5798469,247.663,-11.011,-1552.582,0.4547382,3,OK,247.151,-11.089,-1552.369,OK,162.718,-12.060,-1508.383,OK,240.042,58.924,-1496.593,Port 0x03: JJH Y femur tracker  s/n:3E4C8801,806493901,1780667165.018596846,1,OK,0.8540085,0.2943995,-0.3762334,-0.2060261,51.447,22.610,-1782.237,0.4539632,3,OK,51.779,22.093,-1782.101,OK,24.947,115.996,-1759.725,OK,-7.677,76.297,-1830.978
3,Port 0x01: JJH Probe  s/n:3E4C880C,806493904,1780667165.068596846,1,Too Few Markers,-3.697314E28,-3.697314E28,-3.697314E28,-3.697314E28,-3.697314E28,-3.697314E28,-3.697314E28,0.0000000,3,Missing,-3.697314E28,-3.697314E28,-3.697314E28,Missing,-3.697314E28,-3.697314E28,-3.697314E28,Missing,-3.697314E28,-3.697314E28,-3.697314E28,Port 0x02: JJH T tibia tracker  s/n:3E4C8800,806493904,1780667165.068596846,1,OK,0.7302773,0.1001134,0.3468922,-0.5799467,247.725,-10.916,-1553.083,0.4527968,3,OK,247.215,-10.991,-1552.870,OK,162.742,-11.934,-1508.946,OK,240.079,59.045,-1497.130,Port 0x03: JJH Y femur tracker  s/n:3E4C8801,806493904,1780667165.068596846,1,OK,0.8592600,0.2913469,-0.3637801,-0.2108396,49.031,22.824,-1778.950,0.4728617,3,OK,49.386,22.322,-1778.789,OK,23.330,116.208,-1755.600,OK,-11.494,76.599,-1825.980
3,Port 0x01: JJH Probe  s/n:3E4C880C,806493907,1780667165.118596846,1,Too Few Markers,-3.697314E28,-3.697314E28,-3.697314E28,-3.697314E28,-3.697314E28,-3.697314E28,-3.697314E28,0.0000000,3,Missing,-3.697314E28,-3.697314E28,-3.697314E28,Missing,-3.697314E28,-3.697314E28,-3.697314E28,Missing,-3.697314E28,-3.697314E28,-3.697314E28,Port 0x02: JJH T tibia tracker  s/n:3E4C8800,806493907,1780667165.118596846,1,OK,0.7306285,0.1010458,0.3457081,-0.5800497,247.851,-10.819,-1553.532,0.5031537,3,OK,247.284,-10.889,-1553.287,OK,162.753,-11.810,-1509.687,OK,240.116,59.184,-1497.611,Port 0x03: JJH Y femur tracker  s/n:3E4C8801,806493907,1780667165.118596846,1,OK,0.8659884,0.2874040,-0.3470958,-0.2167662,46.228,23.058,-1774.826,0.4582531,3,OK,46.583,22.546,-1774.692,OK,21.458,116.421,-1750.497,OK,-15.997,76.919,-1819.374
3,Port 0x01: JJH Probe  s/n:3E4C880C,806493910,1780667165.168596846,1,Too Few Markers,-3.697314E28,-3.697314E28,-3.697314E28,-3.697314E28,-3.697314E28,-3.697314E28,-3.697314E28,0.0000000,3,Missing,-3.697314E28,-3.697314E28,-3.697314E28,Missing,-3.697314E28,-3.697314E28,-3.697314E28,Missing,-3.697314E28,-3.697314E28,-3.697314E28,Port 0x02: JJH T tibia tracker  s/n:3E4C8800,806493910,1780667165.168596846,1,OK,0.7307103,0.1007029,0.3452282,-0.5802920,247.830,-10.657,-1554.166,0.4854082,3,OK,247.281,-10.721,-1553.927,OK,162.710,-11.574,-1510.335,OK,240.075,59.400,-1498.341,Port 0x03: JJH Y femur tracker  s/n:3E4C8801,806493910,1780667165.168596846,1,OK,0.8729043,0.2835983,-0.3283474,-0.2231547,43.072,23.186,-1770.005,0.4637502,3,OK,43.431,22.681,-1769.884,OK,19.386,116.516,-1744.415,OK,-21.024,77.104,-1811.802
3,Port 0x01: JJH Probe  s/n:3E4C880C,806493913,1780667165.218596846,1,Too Few Markers,-3.697314E28,-3.697314E28,-3.697314E28,-3.697314E28,-3.697314E28,-3.697314E28,-3.697314E28,0.0000000,3,Missing,-3.697314E28,-3.697314E28,-3.697314E28,Missing,-3.697314E28,-3.697314E28,-3.697314E28,Missing,-3.697314E28,-3.697314E28,-3.697314E28,Port 0x02: JJH T tibia tracker  s/n:3E4C8800,806493913,1780667165.218596846,1,OK,0.7305496,0.1002545,0.3449634,-0.5807293,247.898,-10.246,-1554.799,0.4593778,3,OK,247.383,-10.336,-1554.595,OK,162.792,-11.034,-1510.918,OK,240.170,59.883,-1499.042,Port 0x03: JJH Y femur tracker  s/n:3E4C8801,806493913,1780667165.218596846,1,OK,0.8804731,0.2788059,-0.3062279,-0.2307787,40.040,23.658,-1764.518,0.4512717,3,OK,40.388,23.140,-1764.439,OK,17.686,116.951,-1737.597,OK,-25.986,77.702,-1802.883
3,Port 0x01: JJH Probe  s/n:3E4C880C,806493916,1780667165.268596846,1,Too Few Markers,-3.697314E28,-3.697314E28,-3.697314E28,-3.697314E28,-3.697314E28,-3.697314E28,-3.697314E28,0.0000000,3,Missing,-3.697314E28,-3.697314E28,-3.697314E28,Missing,-3.697314E28,-3.697314E28,-3.697314E28,Missing,-3.697314E28,-3.697314E28,-3.697314E28,Port 0x02: JJH T tibia tracker  s/n:3E4C8800,806493916,1780667165.268596846,1,OK,0.7305206,0.1001029,0.3443598,-0.5811501,247.691,-9.970,-1555.483,0.4460253,3,OK,247.191,-10.060,-1555.289,OK,162.552,-10.639,-1511.643,OK,239.966,60.225,-1499.815,Port 0x03: JJH Y femur tracker  s/n:3E4C8801,806493916,1780667165.268596846,1,OK,0.8877483,0.2739200,-0.2835667,-0.2376148,36.767,23.632,-1758.652,0.4426226,3,OK,37.108,23.119,-1758.600,OK,15.710,116.852,-1730.453,OK,-31.144,77.677,-1793.523
3,Port 0x01: JJH Probe  s/n:3E4C880C,806493919,1780667165.318596846,1,Too Few Markers,-3.697314E28,-3.697314E28,-3.697314E28,-3.697314E28,-3.697314E28,-3.697314E28,-3.697314E28,0.0000000,3,Missing,-3.697314E28,-3.697314E28,-3.697314E28,Missing,-3.697314E28,-3.697314E28,-3.697314E28,Missing,-3.697314E28,-3.697314E28,-3.697314E28,Port 0x02: JJH T tibia tracker  s/n:3E4C8800,806493919,1780667165.318596846,1,OK,0.7302837,0.0993977,0.3431890,-0.5822603,247.800,-9.459,-1556.259,0.4369133,3,OK,247.308,-9.539,-1556.063,OK,162.627,-9.852,-1512.455,OK,240.163,60.913,-1500.820,Port 0x03: JJH Y femur tracker  s/n:3E4C8801,806493919,1780667165.318596846,1,OK,0.8944509,0.2677896,-0.2607497,-0.2454709,34.160,24.063,-1752.224,0.4512631,3,OK,34.525,23.558,-1752.166,OK,14.758,117.268,-1722.918,OK,-35.394,78.273,-1783.529
3,Port 0x01: JJH Probe  s/n:3E4C880C,806493922,1780667165.368596846,1,Too Few Markers,-3.697314E28,-3.697314E28,-3.697314E28,-3.697314E28,-3.697314E28,-3.697314E28,-3.697314E28,0.0000000,3,Missing,-3.697314E28,-3.697314E28,-3.697314E28,Missing,-3.697314E28,-3.697314E28,-3.697314E28,Missing,-3.697314E28,-3.697314E28,-3.697314E28,Port 0x02: JJH T tibia tracker  s/n:3E4C8800,806493922,1780667165.368596846,1,OK,0.7298979,0.0989909,0.3416990,-0.5836879,247.724,-8.859,-1557.148,0.4511826,3,OK,247.215,-8.939,-1556.945,OK,162.512,-8.897,-1513.451,OK,240.207,61.717,-1501.944,Port 0x03: JJH Y femur tracker  s/n:3E4C8801,806493922,1780667165.368596846,1,OK,0.9006595,0.2628451,-0.2366639,-0.2524185,31.513,24.279,-1745.616,0.4392699,3,OK,31.864,23.779,-1745.590,OK,13.593,117.379,-1715.022,OK,-39.614,78.504,-1773.043
3,Port 0x01: JJH Probe  s/n:3E4C880C,806493925,1780667165.418596846,1,Too Few Markers,-3.697314E28,-3.697314E28,-3.697314E28,-3.697314E28,-3.697314E28,-3.697314E28,-3.697314E28,0.0000000,3,Missing,-3.697314E28,-3.697314E28,-3.697314E28,Missing,-3.697314E28,-3.697314E28,-3.697314E28,Missing,-3.697314E28,-3.697314E28,-3.697314E28,Port 0x02: JJH T tibia tracker  s/n:3E4C8800,806493925,1780667165.418596846,1,OK,0.7292575,0.0980747,0.3398899,-0.5856959,247.644,-8.248,-1558.096,0.4412861,3,OK,247.144,-8.310,-1557.886,OK,162.394,-7.787,-1514.457,OK,240.327,62.593,-1503.241,Port 0x03: JJH Y femur tracker  s/n:3E4C8801,806493925,1780667165.418596846,1,OK,0.9065512,0.2570211,-0.2118053,-0.2593136,29.286,24.468,-1738.842,0.4450482,3,OK,29.646,23.965,-1738.832,OK,12.973,117.480,-1707.115,OK,-43.274,78.695,-1762.260
3,Port 0x01: JJH Probe  s/n:3E4C880C,806493928,1780667165.468596846,1,Too Few Markers,-3.697314E28,-3.697314E28,-3.697314E28,-3.697314E28,-3.697314E28,-3.697314E28,-3.697314E28,0.0000000,3,Missing,-3.697314E28,-3.697314E28,-3.697314E28,Missing,-3.697314E28,-3.697314E28,-3.697314E28,Missing,-3.697314E28,-3.697314E28,-3.697314E28,Port 0x02: JJH T tibia tracker  s/n:3E4C8800,806493928,1780667165.468596846,1,OK,0.7286452,0.0978289,0.3387632,-0.5871501,247.693,-7.725,-1558.963,0.4268288,3,OK,247.212,-7.803,-1558.776,OK,162.407,-6.899,-1515.371,OK,240.533,63.285,-1504.282,Port 0x03: JJH Y femur tracker  s/n:3E4C8801,806493928,1780667165.468596846,1,OK,0.9117424,0.2502007,-0.1861120,-0.2673718,27.748,24.955,-1731.904,0.4370688,3,OK,28.102,24.456,-1731.916,OK,13.382,117.921,-1699.173,OK,-45.901,79.346,-1751.078
3,Port 0x01: JJH Probe  s/n:3E4C880C,806493931,1780667165.518596846,1,Too Few Markers,-3.697314E28,-3.697314E28,-3.697314E28,-3.697314E28,-3.697314E28,-3.697314E28,-3.697314E28,0.0000000,3,Missing,-3.697314E28,-3.697314E28,-3.697314E28,Missing,-3.697314E28,-3.697314E28,-3.697314E28,Missing,-3.697314E28,-3.697314E28,-3.697314E28,Port 0x02: JJH T tibia tracker  s/n:3E4C8800,806493931,1780667165.518596846,1,OK,0.7282047,0.0978256,0.3377487,-0.5882804,247.389,-7.369,-1559.508,0.4393438,3,OK,246.890,-7.422,-1559.295,OK,162.069,-6.270,-1516.009,OK,240.359,63.747,-1504.983,Port 0x03: JJH Y femur tracker  s/n:3E4C8801,806493931,1780667165.518596846,1,OK,0.9162516,0.2441426,-0.1599419,-0.2744012,26.299,25.254,-1724.972,0.4423351,3,OK,26.646,24.740,-1725.017,OK,13.753,118.124,-1691.175,OK,-48.313,79.666,-1739.796
3,Port 0x01: JJH Probe  s/n:3E4C880C,806493934,1780667165.568596846,1,Too Few Markers,-3.697314E28,-3.697314E28,-3.697314E28,-3.697314E28,-3.697314E28,-3.697314E28,-3.697314E28,0.0000000,3,Missing,-3.697314E28,-3.697314E28,-3.697314E28,Missing,-3.697314E28,-3.697314E28,-3.697314E28,Missing,-3.697314E28,-3.697314E28,-3.697314E28,Port 0x02: JJH T tibia tracker  s/n:3E4C8800,806493934,1780667165.568596846,1,OK,0.7280483,0.0980833,0.3374231,-0.5886179,246.997,-7.497,-1560.021,0.4238222,3,OK,246.517,-7.556,-1559.823,OK,161.638,-6.307,-1516.564,OK,239.994,63.639,-1505.511,Port 0x03: JJH Y femur tracker  s/n:3E4C8801,806493934,1780667165.568596846,1,OK,0.9201616,0.2372640,-0.1342455,-0.2810457,25.294,25.296,-1717.997,0.4439628,3,OK,25.648,24.785,-1718.056,OK,14.592,118.079,-1683.418,OK,-50.027,79.727,-1728.562
3,Port 0x01: JJH Probe  s/n:3E4C880C,806493937,1780667165.618596846,1,Too Few Markers,-3.697314E28,-3.697314E28,-3.697314E28,-3.697314E28,-3.697314E28,-3.697314E28,-3.697314E28,0.0000000,3,Missing,-3.697314E28,-3.697314E28,-3.697314E28,Missing,-3.697314E28,-3.697314E28,-3.697314E28,Missing,-3.697314E28,-3.697314E28,-3.697314E28,Port 0x02: JJH T tibia tracker  s/n:3E4C8800,806493937,1780667165.618596846,1,OK,0.7276759,0.0987877,0.3376756,-0.5888157,246.520,-7.421,-1560.533,0.4106585,3,OK,246.061,-7.511,-1560.369,OK,161.150,-6.175,-1517.078,OK,239.573,63.674,-1505.913,Port 0x03: JJH Y femur tracker  s/n:3E4C8801,806493937,1780667165.618596846,1,OK,0.9231920,0.2304884,-0.1097666,-0.2873029,24.658,25.548,-1711.155,0.4398810,3,OK,25.016,25.051,-1711.224,OK,15.801,118.258,-1675.924,OK,-51.127,79.998,-1717.661
3,Port 0x01: JJH Probe  s/n:3E4C880C,806493940,1780667165.668596846,1,Too Few Markers,-3.697314E28,-3.697314E28,-3.697314E28,-3.697314E28,-3.697314E28,-3.697314E28,-3.697314E28,0.0000000,3,Missing,-3.697314E28,-3.697314E28,-3.697314E28,Missing,-3.697314E28,-3.697314E28,-3.697314E28,Missing,-3.697314E28,-3.697314E28,-3.697314E28,Port 0x02: JJH T tibia tracker  s/n:3E4C8800,806493940,1780667165.668596846,1,OK,0.7276981,0.0994198,0.3372549,-0.5889230,246.022,-7.594,-1560.855,0.4272164,3,OK,245.539,-7.665,-1560.667,OK,160.605,-6.318,-1517.527,OK,239.059,63.477,-1506.231,Port 0x03: JJH Y femur tracker  s/n:3E4C8801,806493940,1780667165.668596846,1,OK,0.9254149,0.2241838,-0.0857061,-0.2932633,24.415,25.714,-1704.603,0.4461468,3,OK,24.775,25.210,-1704.693,OK,17.378,118.337,-1668.737,OK,-51.598,80.183,-1707.078
3,Port 0x01: JJH Probe  s/n:3E4C880C,806493943,1780667165.718596846,1,Too Few Markers,-3.697314E28,-3.697314E28,-3.697314E28,-3.697314E28,-3.697314E28,-3.697314E28,-3.697314E28,0.0000000,3,Missing,-3.697314E28,-3.697314E28,-3.697314E28,Missing,-3.697314E28,-3.697314E28,-3.697314E28,Missing,-3.697314E28,-3.697314E28,-3.697314E28,Port 0x02: JJH T tibia tracker  s/n:3E4C8800,806493943,1780667165.718596846,1,OK,0.7276438,0.0999953,0.3376810,-0.5886484,245.402,-7.814,-1561.147,0.3967957,3,OK,244.956,-7.891,-1560.981,OK,159.958,-6.596,-1517.803,OK,238.420,63.168,-1506.412,Port 0x03: JJH Y femur tracker  s/n:3E4C8801,806493943,1780667165.718596846,1,OK,0.9268825,0.2185225,-0.0628828,-0.2986344,24.419,25.819,-1698.263,0.4547437,3,OK,24.778,25.305,-1698.375,OK,19.129,118.345,-1661.792,OK,-51.654,80.268,-1696.908
3,Port 0x01: JJH Probe  s/n:3E4C880C,806493946,1780667165.768596846,1,Too Few Markers,-3.697314E28,-3.697314E28,-3.697314E28,-3.697314E28,-3.697314E28,-3.697314E28,-3.697314E28,0.0000000,3,Missing,-3.697314E28,-3.697314E28,-3.697314E28,Missing,-3.697314E28,-3.697314E28,-3.697314E28,Missing,-3.697314E28,-3.697314E28,-3.697314E28,Port 0x02: JJH T tibia tracker  s/n:3E4C8800,806493946,1780667165.768596846,1,OK,0.7279192,0.1008967,0.3376498,-0.5881718,244.784,-8.149,-1561.413,0.4277546,3,OK,244.302,-8.228,-1561.231,OK,159.306,-7.041,-1518.206,OK,237.706,62.755,-1506.576,Port 0x03: JJH Y femur tracker  s/n:3E4C8801,806493946,1780667165.768596846,1,OK,0.9281125,0.2112576,-0.0403322,-0.3038925,24.740,25.842,-1691.936,0.4394361,3,OK,25.104,25.364,-1692.048,OK,21.218,118.309,-1655.266,OK,-51.169,80.315,-1686.871
3,Port 0x01: JJH Probe  s/n:3E4C880C,806493949,1780667165.818596846,1,Too Few Markers,-3.697314E28,-3.697314E28,-3.697314E28,-3.697314E28,-3.697314E28,-3.697314E28,-3.697314E28,0.0000000,3,Missing,-3.697314E28,-3.697314E28,-3.697314E28,Missing,-3.697314E28,-3.697314E28,-3.697314E28,Missing,-3.697314E28,-3.697314E28,-3.697314E28,Port 0x02: JJH T tibia tracker  s/n:3E4C8800,806493949,1780667165.818596846,1,OK,0.7277916,0.1014145,0.3379031,-0.5880952,244.224,-8.173,-1561.598,0.4102873,3,OK,243.762,-8.254,-1561.428,OK,158.728,-7.076,-1518.392,OK,237.151,62.665,-1506.682,Port 0x03: JJH Y femur tracker  s/n:3E4C8801,806493949,1780667165.818596846,1,OK,0.9283872,0.2053059,-0.0184406,-0.3092032,25.469,26.229,-1685.927,0.4525213,3,OK,25.835,25.735,-1686.062,OK,23.756,118.618,-1648.890,OK,-50.085,80.755,-1677.201
3,Port 0x01: JJH Probe  s/n:3E4C880C,806493952,1780667165.868596843,1,Too Few Markers,-3.697314E28,-3.697314E28,-3.697314E28,-3.697314E28,-3.697314E28,-3.697314E28,-3.697314E28,0.0000000,3,Missing,-3.697314E28,-3.697314E28,-3.697314E28,Missing,-3.697314E28,-3.697314E28,-3.697314E28,Missing,-3.697314E28,-3.697314E28,-3.697314E28,Port 0x02: JJH T tibia tracker  s/n:3E4C8800,806493952,1780667165.868596843,1,OK,0.7281102,0.1018128,0.3380993,-0.5875190,243.529,-8.670,-1561.747,0.4141075,3,OK,243.063,-8.750,-1561.573,OK,158.016,-7.706,-1518.587,OK,236.358,62.096,-1506.756,Port 0x03: JJH Y femur tracker  s/n:3E4C8801,806493952,1780667165.868596843,1,OK,0.9285962,0.1986529,0.0028422,-0.3134296,26.218,25.944,-1680.041,0.4583026,3,OK,26.597,25.458,-1680.187,OK,26.103,118.272,-1642.895,OK,-48.910,80.423,-1667.840
3,Port 0x01: JJH Probe  s/n:3E4C880C,806493955,1780667165.918596843,1,Too Few Markers,-3.697314E28,-3.697314E28,-3.697314E28,-3.697314E28,-3.697314E28,-3.697314E28,-3.697314E28,0.0000000,3,Missing,-3.697314E28,-3.697314E28,-3.697314E28,Missing,-3.697314E28,-3.697314E28,-3.697314E28,Missing,-3.697314E28,-3.697314E28,-3.697314E28,Port 0x02: JJH T tibia tracker  s/n:3E4C8800,806493955,1780667165.918596843,1,OK,0.7283595,0.1023577,0.3378500,-0.5872587,242.883,-8.967,-1561.965,0.4320913,3,OK,242.393,-9.037,-1561.774,OK,157.327,-8.061,-1518.922,OK,235.638,61.764,-1506.945,Port 0x03: JJH Y femur tracker  s/n:3E4C8801,806493955,1780667165.918596843,1,OK,0.9280639,0.1924874,0.0233845,-0.3179610,27.334,25.970,-1674.310,0.4583986,3,OK,27.711,25.490,-1674.471,OK,28.909,118.233,-1637.047,OK,-47.168,80.468,-1658.744
3,Port 0x01: JJH Probe  s/n:3E4C880C,806493958,1780667165.968633716,1,Too Few Markers,-3.697314E28,-3.697314E28,-3.697314E28,-3.697314E28,-3.697314E28,-3.697314E28,-3.697314E28,0.0000000,3,Missing,-3.697314E28,-3.697314E28,-3.697314E28,Missing,-3.697314E28,-3.697314E28,-3.697314E28,Missing,-3.697314E28,-3.697314E28,-3.697314E28,Port 0x02: JJH T tibia tracker  s/n:3E4C8800,806493958,1780667165.968633716,1,OK,0.7285552,0.1017720,0.3373867,-0.5873841,242.228,-8.977,-1562.277,0.4258257,3,OK,241.743,-9.026,-1562.071,OK,156.658,-8.040,-1519.240,OK,234.960,61.815,-1507.381,Port 0x03: JJH Y femur tracker  s/n:3E4C8801,806493958,1780667165.968633716,1,OK,0.9270309,0.1858030,0.0453784,-0.3225396,28.803,26.027,-1668.550,0.4693295,3,OK,29.183,25.538,-1668.732,OK,32.148,118.217,-1631.243,OK,-44.863,80.537,-1649.407
3,Port 0x01: JJH Probe  s/n:3E4C880C,806493961,1780667166.018633716,1,Too Few Markers,-3.697314E28,-3.697314E28,-3.697314E28,-3.697314E28,-3.697314E28,-3.697314E28,-3.697314E28,0.0000000,3,Missing,-3.697314E28,-3.697314E28,-3.697314E28,Missing,-3.697314E28,-3.697314E28,-3.697314E28,Missing,-3.697314E28,-3.697314E28,-3.697314E28,Port 0x02: JJH T tibia tracker  s/n:3E4C8800,806493961,1780667166.018633716,1,OK,0.7285771,0.1022989,0.3375463,-0.5871736,241.578,-8.943,-1562.789,0.4113134,3,OK,241.114,-9.019,-1562.615,OK,155.981,-8.043,-1519.779,OK,234.271,61.807,-1507.800,Port 0x03: JJH Y femur tracker  s/n:3E4C8801,806493961,1780667166.018633716,1,OK,0.9256768,0.1792823,0.0650537,-0.3267235,30.379,26.205,-1662.936,0.4627962,3,OK,30.756,25.733,-1663.128,OK,35.376,118.348,-1625.747,OK,-42.379,80.752,-1640.652
3,Port 0x01: JJH Probe  s/n:3E4C880C,806493964,1780667166.068633716,1,Too Few Markers,-3.697314E28,-3.697314E28,-3.697314E28,-3.697314E28,-3.697314E28,-3.697314E28,-3.697314E28,0.0000000,3,Missing,-3.697314E28,-3.697314E28,-3.697314E28,Missing,-3.697314E28,-3.697314E28,-3.697314E28,Missing,-3.697314E28,-3.697314E28,-3.697314E28,Port 0x02: JJH T tibia tracker  s/n:3E4C8800,806493964,1780667166.068633716,1,OK,0.7287015,0.1016617,0.3370669,-0.5874052,240.959,-9.041,-1563.091,0.4146560,3,OK,240.489,-9.110,-1562.908,OK,155.364,-8.084,-1520.083,OK,233.647,61.796,-1508.225,Port 0x03: JJH Y femur tracker  s/n:3E4C8801,806493964,1780667166.068633716,1,OK,0.9236825,0.1731370,0.0861675,-0.3307707,32.342,26.029,-1657.219,0.4613973,3,OK,32.708,25.559,-1657.428,OK,39.047,118.072,-1620.051,OK,-39.321,80.542,-1631.556
3,Port 0x01: JJH Probe  s/n:3E4C880C,806493967,1780667166.118633716,1,Too Few Markers,-3.697314E28,-3.697314E28,-3.697314E28,-3.697314E28,-3.697314E28,-3.697314E28,-3.697314E28,0.0000000,3,Missing,-3.697314E28,-3.697314E28,-3.697314E28,Missing,-3.697314E28,-3.697314E28,-3.697314E28,Missing,-3.697314E28,-3.697314E28,-3.697314E28,Port 0x02: JJH T tibia tracker  s/n:3E4C8800,806493967,1780667166.118633716,1,OK,0.7289023,0.1014849,0.3363079,-0.5876217,240.399,-8.906,-1563.768,0.4175020,3,OK,239.928,-8.988,-1563.595,OK,154.773,-7.873,-1520.846,OK,233.029,62.010,-1508.995,Port 0x03: JJH Y femur tracker  s/n:3E4C8801,806493967,1780667166.118633716,1,OK,0.9215019,0.1668292,0.1059589,-0.3343278,34.272,26.215,-1652.389,0.4862096,3,OK,34.651,25.723,-1652.625,OK,42.533,118.194,-1615.393,OK,-36.234,80.718,-1623.619
3,Port 0x01: JJH Probe  s/n:3E4C880C,806493970,1780667166.168633716,1,Too Few Markers,-3.697314E28,-3.697314E28,-3.697314E28,-3.697314E28,-3.697314E28,-3.697314E28,-3.697314E28,0.0000000,3,Missing,-3.697314E28,-3.697314E28,-3.697314E28,Missing,-3.697314E28,-3.697314E28,-3.697314E28,Missing,-3.697314E28,-3.697314E28,-3.697314E28,Port 0x02: JJH T tibia tracker  s/n:3E4C8800,806493970,1780667166.168633716,1,OK,0.7290282,0.1010410,0.3356498,-0.5879182,239.810,-8.849,-1564.264,0.4266536,3,OK,239.327,-8.919,-1564.077,OK,154.165,-7.746,-1521.391,OK,232.437,62.157,-1509.618,Port 0x03: JJH Y femur tracker  s/n:3E4C8801,806493970,1780667166.168633716,1,OK,0.9189640,0.1607654,0.1248579,-0.3377426,36.419,26.205,-1647.484,0.4890645,3,OK,36.794,25.715,-1647.736,OK,46.214,118.116,-1610.711,OK,-32.844,80.692,-1615.790
3,Port 0x01: JJH Probe  s/n:3E4C880C,806493973,1780667166.218633716,1,Too Few Markers,-3.697314E28,-3.697314E28,-3.697314E28,-3.697314E28,-3.697314E28,-3.697314E28,-3.697314E28,0.0000000,3,Missing,-3.697314E28,-3.697314E28,-3.697314E28,Missing,-3.697314E28,-3.697314E28,-3.697314E28,Missing,-3.697314E28,-3.697314E28,-3.697314E28,Port 0x02: JJH T tibia tracker  s/n:3E4C8800,806493973,1780667166.218633716,1,OK,0.7289822,0.1000632,0.3346170,-0.5887307,239.288,-8.663,-1564.889,0.4217211,3,OK,238.812,-8.742,-1564.713,OK,153.628,-7.357,-1522.031,OK,231.963,62.533,-1510.463,Port 0x03: JJH Y femur tracker  s/n:3E4C8801,806493973,1780667166.218633716,1,OK,0.9160724,0.1550089,0.1436298,-0.3408139,38.668,26.153,-1642.784,0.5057281,3,OK,39.045,25.647,-1643.061,OK,49.933,117.979,-1606.224,OK,-29.261,80.589,-1608.208
3,Port 0x01: JJH Probe  s/n:3E4C880C,806493976,1780667166.268633716,1,Too Few Markers,-3.697314E28,-3.697314E28,-3.697314E28,-3.697314E28,-3.697314E28,-3.697314E28,-3.697314E28,0.0000000,3,Missing,-3.697314E28,-3.697314E28,-3.697314E28,Missing,-3.697314E28,-3.697314E28,-3.697314E28,Missing,-3.697314E28,-3.697314E28,-3.697314E28,Port 0x02: JJH T tibia tracker  s/n:3E4C8800,806493976,1780667166.268633716,1,OK,0.7285234,0.0990632,0.3331925,-0.5902736,238.955,-8.303,-1565.764,0.4082696,3,OK,238.497,-8.388,-1565.602,OK,153.276,-6.611,-1522.926,OK,231.779,63.134,-1511.625,Port 0x03: JJH Y femur tracker  s/n:3E4C8801,806493976,1780667166.268633716,1,OK,0.9129481,0.1495562,0.1611887,-0.3437688,41.015,26.285,-1638.491,0.5248430,3,OK,41.397,25.765,-1638.794,OK,53.683,118.023,-1602.189,OK,-25.530,80.705,-1601.257
3,Port 0x01: JJH Probe  s/n:3E4C880C,806493979,1780667166.318633716,1,Too Few Markers,-3.697314E28,-3.697314E28,-3.697314E28,-3.697314E28,-3.697314E28,-3.697314E28,-3.697314E28,0.0000000,3,Missing,-3.697314E28,-3.697314E28,-3.697314E28,Missing,-3.697314E28,-3.697314E28,-3.697314E28,Missing,-3.697314E28,-3.697314E28,-3.697314E28,Port 0x02: JJH T tibia tracker  s/n:3E4C8800,806493979,1780667166.318633716,1,OK,0.7280637,0.0971908,0.3309953,-0.5923845,238.675,-7.850,-1566.610,0.4029477,3,OK,238.218,-7.910,-1566.432,OK,152.987,-5.633,-1523.807,OK,231.688,63.941,-1512.966,Port 0x03: JJH Y femur tracker  s/n:3E4C8801,806493979,1780667166.318633716,1,OK,0.9095228,0.1443664,0.1782127,-0.3466510,43.526,26.250,-1634.321,0.5475492,3,OK,43.906,25.701,-1634.653,OK,57.582,117.901,-1598.288,OK,-21.554,80.656,-1594.543
3,Port 0x01: JJH Probe  s/n:3E4C880C,806493982,1780667166.368633716,1,Too Few Markers,-3.697314E28,-3.697314E28,-3.697314E28,-3.697314E28,-3.697314E28,-3.697314E28,-3.697314E28,0.0000000,3,Missing,-3.697314E28,-3.697314E28,-3.697314E28,Missing,-3.697314E28,-3.697314E28,-3.697314E28,Missing,-3.697314E28,-3.697314E28,-3.697314E28,Port 0x02: JJH T tibia tracker  s/n:3E4C8800,806493982,1780667166.368633716,1,OK,0.7275882,0.0959184,0.3290900,-0.5942347,238.397,-7.523,-1567.608,0.4133935,3,OK,237.928,-7.581,-1567.424,OK,152.696,-4.849,-1524.875,OK,231.585,64.573,-1514.344,Port 0x03: JJH Y femur tracker  s/n:3E4C8801,806493982,1780667166.368633716,1,OK,0.9061416,0.1386646,0.1946175,-0.3490036,45.883,26.120,-1630.448,0.5584106,3,OK,46.268,25.572,-1630.798,OK,61.202,117.720,-1594.839,OK,-17.761,80.482,-1588.301
3,Port 0x01: JJH Probe  s/n:3E4C880C,806493985,1780667166.418633716,1,Too Few Markers,-3.697314E28,-3.697314E28,-3.697314E28,-3.697314E28,-3.697314E28,-3.697314E28,-3.697314E28,0.0000000,3,Missing,-3.697314E28,-3.697314E28,-3.697314E28,Missing,-3.697314E28,-3.697314E28,-3.697314E28,Missing,-3.697314E28,-3.697314E28,-3.697314E28,Port 0x02: JJH T tibia tracker  s/n:3E4C8800,806493985,1780667166.418633716,1,OK,0.7268923,0.0948658,0.3279537,-0.5958812,238.073,-7.210,-1568.432,0.3866689,3,OK,237.639,-7.287,-1568.280,OK,152.376,-4.123,-1525.660,OK,231.464,65.117,-1515.429,Port 0x03: JJH Y femur tracker  s/n:3E4C8801,806493985,1780667166.418633716,1,OK,0.9024848,0.1338228,0.2101377,-0.3513614,48.475,26.136,-1626.727,0.5742983,3,OK,48.850,25.566,-1627.102,OK,65.024,117.657,-1591.447,OK,-13.665,80.460,-1582.349
3,Port 0x01: JJH Probe  s/n:3E4C880C,806493988,1780667166.468633716,1,Too Few Markers,-3.697314E28,-3.697314E28,-3.697314E28,-3.697314E28,-3.697314E28,-3.697314E28,-3.697314E28,0.0000000,3,Missing,-3.697314E28,-3.697314E28,-3.697314E28,Missing,-3.697314E28,-3.697314E28,-3.697314E28,Missing,-3.697314E28,-3.697314E28,-3.697314E28,Port 0x02: JJH T tibia tracker  s/n:3E4C8800,806493988,1780667166.468633716,1,OK,0.7264819,0.0939454,0.3263450,-0.5974087,237.846,-6.886,-1569.318,0.4064333,3,OK,237.389,-6.964,-1569.156,OK,152.148,-3.417,-1526.630,OK,231.376,65.682,-1516.620,Port 0x03: JJH Y femur tracker  s/n:3E4C8801,806493988,1780667166.468633716,1,OK,0.8988046,0.1282382,0.2248877,-0.3537383,51.060,26.098,-1623.159,0.5683756,3,OK,51.424,25.542,-1623.541,OK,68.800,117.583,-1588.420,OK,-9.556,80.448,-1576.758
3,Port 0x01: JJH Probe  s/n:3E4C880C,806493991,1780667166.518633716,1,Too Few Markers,-3.697314E28,-3.697314E28,-3.697314E28,-3.697314E28,-3.697314E28,-3.697314E28,-3.697314E28,0.0000000,3,Missing,-3.697314E28,-3.697314E28,-3.697314E28,Missing,-3.697314E28,-3.697314E28,-3.697314E28,Missing,-3.697314E28,-3.697314E28,-3.697314E28,Port 0x02: JJH T tibia tracker  s/n:3E4C8800,806493991,1780667166.518633716,1,OK,0.7258991,0.0921749,0.3242271,-0.5995423,237.679,-6.315,-1570.039,0.4069267,3,OK,237.220,-6.382,-1569.870,OK,151.982,-2.318,-1527.392,OK,231.427,66.604,-1517.812,Port 0x03: JJH Y femur tracker  s/n:3E4C8801,806493991,1780667166.518633716,1,OK,0.8950525,0.1239445,0.2390299,-0.3555046,53.444,26.105,-1619.926,0.5884517,3,OK,53.809,25.531,-1620.334,OK,72.250,117.497,-1585.517,OK,-5.702,80.376,-1571.552
3,Port 0x01: JJH Probe  s/n:3E4C880C,806493994,1780667166.568633716,1,Too Few Markers,-3.697314E28,-3.697314E28,-3.697314E28,-3.697314E28,-3.697314E28,-3.697314E28,-3.697314E28,0.0000000,3,Missing,-3.697314E28,-3.697314E28,-3.697314E28,Missing,-3.697314E28,-3.697314E28,-3.697314E28,Missing,-3.697314E28,-3.697314E28,-3.697314E28,Port 0x02: JJH T tibia tracker  s/n:3E4C8800,806493994,1780667166.568633716,1,OK,0.7252071,0.0901335,0.3220961,-0.6018344,237.556,-5.744,-1570.985,0.3925179,3,OK,237.113,-5.808,-1570.823,OK,151.870,-1.172,-1528.339,OK,231.548,67.548,-1519.261,Port 0x03: JJH Y femur tracker  s/n:3E4C8801,806493994,1780667166.568633716,1,OK,0.8913832,0.1195616,0.2518226,-0.3573882,55.869,26.104,-1616.967,0.6046408,3,OK,56.227,25.515,-1617.396,OK,75.679,117.434,-1582.979,OK,-1.825,80.375,-1566.875
3,Port 0x01: JJH Probe  s/n:3E4C880C,806493997,1780667166.618633716,1,Too Few Markers,-3.697314E28,-3.697314E28,-3.697314E28,-3.697314E28,-3.697314E28,-3.697314E28,-3.697314E28,0.0000000,3,Missing,-3.697314E28,-3.697314E28,-3.697314E28,Missing,-3.697314E28,-3.697314E28,-3.697314E28,Missing,-3.697314E28,-3.697314E28,-3.697314E28,Port 0x02: JJH T tibia tracker  s/n:3E4C8800,806493997,1780667166.618633716,1,OK,0.7244907,0.0877645,0.3196855,-0.6043276,237.555,-5.138,-1571.933,0.3927768,3,OK,237.106,-5.168,-1571.748,OK,151.892,0.051,-1529.305,OK,231.819,68.551,-1520.802,Port 0x03: JJH Y femur tracker  s/n:3E4C8801,806493997,1780667166.618633716,1,OK,0.8879417,0.1148223,0.2633593,-0.3591896,58.246,26.157,-1614.219,0.5809430,3,OK,58.574,25.590,-1614.638,OK,78.979,117.481,-1580.787,OK,1.931,80.457,-1562.671
3,Port 0x01: JJH Probe  s/n:3E4C880C,806494000,1780667166.668633716,1,Too Few Markers,-3.697314E28,-3.697314E28,-3.697314E28,-3.697314E28,-3.697314E28,-3.697314E28,-3.697314E28,0.0000000,3,Missing,-3.697314E28,-3.697314E28,-3.697314E28,Missing,-3.697314E28,-3.697314E28,-3.697314E28,Missing,-3.697314E28,-3.697314E28,-3.697314E28,Port 0x02: JJH T tibia tracker  s/n:3E4C8800,806494000,1780667166.668633716,1,OK,0.7238404,0.0855564,0.3174895,-0.6065769,237.482,-4.397,-1572.815,0.3867849,3,OK,237.042,-4.437,-1572.640,OK,151.842,1.358,-1530.196,OK,231.981,69.683,-1522.205,Port 0x03: JJH Y femur tracker  s/n:3E4C8801,806494000,1780667166.668633716,1,OK,0.8840528,0.1106519,0.2759696,-0.3606212,60.702,26.051,-1611.482,0.6204048,3,OK,61.049,25.457,-1611.939,OK,82.361,117.299,-1578.472,OK,5.843,80.310,-1558.269
3,Port 0x01: JJH Probe  s/n:3E4C880C,806494003,1780667166.718633716,1,Too Few Markers,-3.697314E28,-3.697314E28,-3.697314E28,-3.697314E28,-3.697314E28,-3.697314E28,-3.697314E28,0.0000000,3,Missing,-3.697314E28,-3.697314E28,-3.697314E28,Missing,-3.697314E28,-3.697314E28,-3.697314E28,Missing,-3.697314E28,-3.697314E28,-3.697314E28,Port 0x02: JJH T tibia tracker  s/n:3E4C8800,806494003,1780667166.718633716,1,OK,0.7231146,0.0828862,0.3155148,-0.6088395,237.395,-3.741,-1573.718,0.3660695,3,OK,236.978,-3.768,-1573.547,OK,151.807,2.583,-1531.028,OK,232.160,70.721,-1523.672,Port 0x03: JJH Y femur tracker  s/n:3E4C8801,806494003,1780667166.718633716,1,OK,0.8804170,0.1064853,0.2870519,-0.3621159,62.895,26.090,-1608.806,0.6176624,3,OK,63.236,25.512,-1609.267,OK,85.404,117.284,-1576.295,OK,9.414,80.350,-1554.209
3,Port 0x01: JJH Probe  s/n:3E4C880C,806494006,1780667166.768633716,1,Too Few Markers,-3.697314E28,-3.697314E28,-3.697314E28,-3.697314E28,-3.697314E28,-3.697314E28,-3.697314E28,0.0000000,3,Missing,-3.697314E28,-3.697314E28,-3.697314E28,Missing,-3.697314E28,-3.697314E28,-3.697314E28,Missing,-3.697314E28,-3.697314E28,-3.697314E28,Port 0x02: JJH T tibia tracker  s/n:3E4C8800,806494006,1780667166.768633716,1,OK,0.7222561,0.0813200,0.3147797,-0.6104482,237.301,-3.195,-1574.111,0.3424661,3,OK,236.915,-3.247,-1573.969,OK,151.788,3.533,-1531.289,OK,232.315,71.488,-1524.343,Port 0x03: JJH Y femur tracker  s/n:3E4C8801,806494006,1780667166.768633716,1,OK,0.8771184,0.1033014,0.2967339,-0.3632371,64.974,26.156,-1606.237,0.6189864,3,OK,65.284,25.566,-1606.701,OK,88.188,117.300,-1574.062,OK,12.760,80.365,-1550.452
3,Port 0x01: JJH Probe  s/n:3E4C880C,806494009,1780667166.818633716,1,Too Few Markers,-3.697314E28,-3.697314E28,-3.697314E28,-3.697314E28,-3.697314E28,-3.697314E28,-3.697314E28,0.0000000,3,Missing,-3.697314E28,-3.697314E28,-3.697314E28,Missing,-3.697314E28,-3.697314E28,-3.697314E28,Missing,-3.697314E28,-3.697314E28,-3.697314E28,Port 0x02: JJH T tibia tracker  s/n:3E4C8800,806494009,1780667166.818633716,1,OK,0.7217814,0.0791784,0.3134802,-0.6119580,237.222,-2.731,-1574.290,0.3370135,3,OK,236.841,-2.773,-1574.146,OK,151.763,4.370,-1531.395,OK,232.427,72.233,-1524.937,Port 0x03: JJH Y femur tracker  s/n:3E4C8801,806494009,1780667166.818633716,1,OK,0.8739843,0.0995376,0.3057077,-0.3643989,66.816,25.978,-1603.656,0.6076325,3,OK,67.115,25.407,-1604.116,OK,90.702,117.105,-1571.982,OK,15.779,80.201,-1546.822
3,Port 0x01: JJH Probe  s/n:3E4C880C,806494012,1780667166.868633716,1,Too Few Markers,-3.697314E28,-3.697314E28,-3.697314E28,-3.697314E28,-3.697314E28,-3.697314E28,-3.697314E28,0.0000000,3,Missing,-3.697314E28,-3.697314E28,-3.697314E28,Missing,-3.697314E28,-3.697314E28,-3.697314E28,Missing,-3.697314E28,-3.697314E28,-3.697314E28,Port 0x02: JJH T tibia tracker  s/n:3E4C8800,806494012,1780667166.868633716,1,OK,0.7210979,0.0771170,0.3127415,-0.6134032,237.195,-2.301,-1574.085,0.3285205,3,OK,236.827,-2.358,-1573.955,OK,151.841,5.163,-1531.036,OK,232.621,72.905,-1525.064,Port 0x03: JJH Y femur tracker  s/n:3E4C8801,806494012,1780667166.868633716,1,OK,0.8714549,0.0971065,0.3127252,-0.3651570,68.149,25.898,-1601.202,0.6172096,3,OK,68.443,25.321,-1601.672,OK,92.544,116.984,-1569.819,OK,18.040,80.095,-1543.523
3,Port 0x01: JJH Probe  s/n:3E4C880C,806494015,1780667166.918633716,1,Too Few Markers,-3.697314E28,-3.697314E28,-3.697314E28,-3.697314E28,-3.697314E28,-3.697314E28,-3.697314E28,0.0000000,3,Missing,-3.697314E28,-3.697314E28,-3.697314E28,Missing,-3.697314E28,-3.697314E28,-3.697314E28,Missing,-3.697314E28,-3.697314E28,-3.697314E28,Port 0x02: JJH T tibia tracker  s/n:3E4C8800,806494015,1780667166.918633716,1,OK,0.7204413,0.0754165,0.3121717,-0.6146752,237.235,-1.869,-1573.098,0.3514161,3,OK,236.837,-1.896,-1572.936,OK,151.986,5.884,-1529.936,OK,232.899,73.522,-1524.374,Port 0x03: JJH Y femur tracker  s/n:3E4C8801,806494015,1780667166.918633716,1,OK,0.8695686,0.0950836,0.3177759,-0.3658251,68.988,26.116,-1598.690,0.6202430,3,OK,69.285,25.546,-1599.164,OK,93.765,117.177,-1567.584,OK,19.567,80.328,-1540.424
3,Port 0x01: JJH Probe  s/n:3E4C880C,806494018,1780667166.968633716,1,Too Few Markers,-3.697314E28,-3.697314E28,-3.697314E28,-3.697314E28,-3.697314E28,-3.697314E28,-3.697314E28,0.0000000,3,Missing,-3.697314E28,-3.697314E28,-3.697314E28,Missing,-3.697314E28,-3.697314E28,-3.697314E28,Missing,-3.697314E28,-3.697314E28,-3.697314E28,Port 0x02: JJH T tibia tracker  s/n:3E4C8800,806494018,1780667166.968633716,1,OK,0.7202578,0.0738520,0.3119858,-0.6151743,237.074,-1.587,-1572.835,0.3337687,3,OK,236.697,-1.626,-1572.688,OK,151.890,6.292,-1529.525,OK,232.820,73.942,-1524.306,Port 0x03: JJH Y femur tracker  s/n:3E4C8801,806494018,1780667166.968633716,1,OK,0.8671936,0.0922238,0.3245293,-0.3662660,70.291,25.963,-1596.562,0.6156783,3,OK,70.583,25.401,-1597.038,OK,95.494,117.032,-1565.834,OK,21.737,80.135,-1537.531
3,Port 0x01: JJH Probe  s/n:3E4C880C,806494021,1780667167.018633716,1,Too Few Markers,-3.697314E28,-3.697314E28,-3.697314E28,-3.697314E28,-3.697314E28,-3.697314E28,-3.697314E28,0.0000000,3,Missing,-3.697314E28,-3.697314E28,-3.697314E28,Missing,-3.697314E28,-3.697314E28,-3.697314E28,Missing,-3.697314E28,-3.697314E28,-3.697314E28,Port 0x02: JJH T tibia tracker  s/n:3E4C8800,806494021,1780667167.018633716,1,OK,0.7199957,0.0718005,0.3105297,-0.6164594,237.063,-0.982,-1573.091,0.3461394,3,OK,236.670,-1.007,-1572.930,OK,151.926,7.220,-1529.767,OK,232.941,74.815,-1524.982,Port 0x03: JJH Y femur tracker  s/n:3E4C8801,806494021,1780667167.018633716,1,OK,0.8645465,0.0894830,0.3317141,-0.3667668,71.982,25.881,-1594.569,0.6120116,3,OK,72.250,25.321,-1595.040,OK,97.631,116.934,-1564.179,OK,24.418,79.998,-1534.746
3,Port 0x01: JJH Probe  s/n:3E4C880C,806494024,1780667167.068633716,1,Too Few Markers,-3.697314E28,-3.697314E28,-3.697314E28,-3.697314E28,-3.697314E28,-3.697314E28,-3.697314E28,0.0000000,3,Missing,-3.697314E28,-3.697314E28,-3.697314E28,Missing,-3.697314E28,-3.697314E28,-3.697314E28,Missing,-3.697314E28,-3.697314E28,-3.697314E28,Port 0x02: JJH T tibia tracker  s/n:3E4C8800,806494024,1780667167.068633716,1,OK,0.7193208,0.0687258,0.3093172,-0.6182048,237.191,-0.117,-1572.777,0.3414962,3,OK,236.804,-0.129,-1572.610,OK,152.181,8.523,-1529.278,OK,233.323,76.007,-1525.189,Port 0x03: JJH Y femur tracker  s/n:3E4C8801,806494024,1780667167.068633716,1,OK,0.8623622,0.0872595,0.3374766,-0.3671875,73.117,26.043,-1592.109,0.6227325,3,OK,73.385,25.477,-1592.590,OK,99.138,117.082,-1562.009,OK,26.337,80.134,-1531.637
3,Port 0x01: JJH Probe  s/n:3E4C880C,806494027,1780667167.118633716,1,Too Few Markers,-3.697314E28,-3.697314E28,-3.697314E28,-3.697314E28,-3.697314E28,-3.697314E28,-3.697314E28,0.0000000,3,Missing,-3.697314E28,-3.697314E28,-3.697314E28,Missing,-3.697314E28,-3.697314E28,-3.697314E28,Missing,-3.697314E28,-3.697314E28,-3.697314E28,Port 0x02: JJH T tibia tracker  s/n:3E4C8800,806494027,1780667167.118633716,1,OK,0.7189395,0.0666119,0.3089232,-0.6190762,237.157,0.338,-1571.901,0.3470845,3,OK,236.763,0.332,-1571.726,OK,152.259,9.189,-1528.236,OK,233.442,76.652,-1524.612,Port 0x03: JJH Y femur tracker  s/n:3E4C8801,806494027,1780667167.118633716,1,OK,0.8603234,0.0841419,0.3427776,-0.3677869,74.124,26.141,-1589.498,0.5953976,3,OK,74.378,25.613,-1589.957,OK,100.483,117.219,-1559.885,OK,28.110,80.284,-1528.526
3,Port 0x01: JJH Probe  s/n:3E4C880C,806494030,1780667167.168633716,1,Too Few Markers,-3.697314E28,-3.697314E28,-3.697314E28,-3.697314E28,-3.697314E28,-3.697314E28,-3.697314E28,0.0000000,3,Missing,-3.697314E28,-3.697314E28,-3.697314E28,Missing,-3.697314E28,-3.697314E28,-3.697314E28,Missing,-3.697314E28,-3.697314E28,-3.697314E28,Port 0x02: JJH T tibia tracker  s/n:3E4C8800,806494030,1780667167.168633716,1,OK,0.7181060,0.0654190,0.3112091,-0.6190259,237.029,0.435,-1569.828,0.3083529,3,OK,236.684,0.395,-1569.694,OK,152.336,9.246,-1525.681,OK,233.535,76.701,-1522.408,Port 0x03: JJH Y femur tracker  s/n:3E4C8801,806494030,1780667167.168633716,1,OK,0.8592061,0.0832172,0.3455890,-0.3679783,74.130,26.123,-1586.503,0.6059391,3,OK,74.390,25.581,-1586.976,OK,100.687,117.189,-1557.010,OK,28.491,80.242,-1525.198
3,Port 0x01: JJH Probe  s/n:3E4C880C,806494033,1780667167.218633716,1,Too Few Markers,-3.697314E28,-3.697314E28,-3.697314E28,-3.697314E28,-3.697314E28,-3.697314E28,-3.697314E28,0.0000000,3,Missing,-3.697314E28,-3.697314E28,-3.697314E28,Missing,-3.697314E28,-3.697314E28,-3.697314E28,Missing,-3.697314E28,-3.697314E28,-3.697314E28,Port 0x02: JJH T tibia tracker  s/n:3E4C8800,806494033,1780667167.218633716,1,OK,0.7172861,0.0636185,0.3127832,-0.6193706,237.066,0.515,-1567.444,0.3069420,3,OK,236.722,0.491,-1567.298,OK,152.591,9.369,-1522.876,OK,233.833,76.808,-1520.072,Port 0x03: JJH Y femur tracker  s/n:3E4C8801,806494033,1780667167.218633716,1,OK,0.8587361,0.0827757,0.3465674,-0.3682548,73.969,26.331,-1583.553,0.6068185,3,OK,74.219,25.789,-1584.020,OK,100.612,117.391,-1554.126,OK,28.519,80.477,-1522.164
3,Port 0x01: JJH Probe  s/n:3E4C880C,806494036,1780667167.268633716,1,Too Few Markers,-3.697314E28,-3.697314E28,-3.697314E28,-3.697314E28,-3.697314E28,-3.697314E28,-3.697314E28,0.0000000,3,Missing,-3.697314E28,-3.697314E28,-3.697314E28,Missing,-3.697314E28,-3.697314E28,-3.697314E28,Missing,-3.697314E28,-3.697314E28,-3.697314E28,Port 0x02: JJH T tibia tracker  s/n:3E4C8800,806494036,1780667167.268633716,1,OK,0.7171028,0.0627721,0.3125624,-0.6197805,237.207,0.689,-1566.657,0.3301195,3,OK,236.836,0.673,-1566.494,OK,152.792,9.635,-1522.044,OK,234.051,77.067,-1519.417,Port 0x03: JJH Y femur tracker  s/n:3E4C8801,806494036,1780667167.268633716,1,OK,0.8566850,0.0811406,0.3513448,-0.3688684,75.174,26.523,-1581.705,0.6387632,3,OK,75.433,25.957,-1582.199,OK,102.175,117.541,-1552.503,OK,30.438,80.691,-1519.777
3,Port 0x01: JJH Probe  s/n:3E4C880C,806494039,1780667167.318633716,1,Too Few Markers,-3.697314E28,-3.697314E28,-3.697314E28,-3.697314E28,-3.697314E28,-3.697314E28,-3.697314E28,0.0000000,3,Missing,-3.697314E28,-3.697314E28,-3.697314E28,Missing,-3.697314E28,-3.697314E28,-3.697314E28,Missing,-3.697314E28,-3.697314E28,-3.697314E28,Port 0x02: JJH T tibia tracker  s/n:3E4C8800,806494039,1780667167.318633716,1,OK,0.7167071,0.0608124,0.3115400,-0.6209474,237.441,1.130,-1566.715,0.3374231,3,OK,237.060,1.129,-1566.538,OK,153.100,10.374,-1522.035,OK,234.435,77.725,-1519.843,Port 0x03: JJH Y femur tracker  s/n:3E4C8801,806494039,1780667167.318633716,1,OK,0.8547144,0.0788501,0.3560818,-0.3693936,76.495,26.685,-1580.344,0.6425802,3,OK,76.752,26.126,-1580.840,OK,103.806,117.701,-1551.490,OK,32.469,80.889,-1517.945
3,Port 0x01: JJH Probe  s/n:3E4C880C,806494042,1780667167.368633716,1,Too Few Markers,-3.697314E28,-3.697314E28,-3.697314E28,-3.697314E28,-3.697314E28,-3.697314E28,-3.697314E28,0.0000000,3,Missing,-3.697314E28,-3.697314E28,-3.697314E28,Missing,-3.697314E28,-3.697314E28,-3.697314E28,Missing,-3.697314E28,-3.697314E28,-3.697314E28,Port 0x02: JJH T tibia tracker  s/n:3E4C8800,806494042,1780667167.368633716,1,OK,0.7160881,0.0582807,0.3104843,-0.6224313,237.713,1.874,-1567.369,0.2839865,3,OK,237.396,1.847,-1567.237,OK,153.441,11.522,-1522.524,OK,234.901,78.748,-1520.922,Port 0x03: JJH Y femur tracker  s/n:3E4C8801,806494042,1780667167.368633716,1,OK,0.8528972,0.0779422,0.3605229,-0.3694788,77.667,26.923,-1579.683,0.7125505,3,OK,77.976,26.324,-1580.248,OK,105.246,117.852,-1550.913,OK,34.214,81.081,-1516.695
3,Port 0x01: JJH Probe  s/n:3E4C880C,806494045,1780667167.418633716,1,Too Few Markers,-3.697314E28,-3.697314E28,-3.697314E28,-3.697314E28,-3.697314E28,-3.697314E28,-3.697314E28,0.0000000,3,Missing,-3.697314E28,-3.697314E28,-3.697314E28,Missing,-3.697314E28,-3.697314E28,-3.697314E28,Missing,-3.697314E28,-3.697314E28,-3.697314E28,Port 0x02: JJH T tibia tracker  s/n:3E4C8800,806494045,1780667167.418633716,1,OK,0.7159225,0.0573236,0.3096316,-0.6231350,237.805,2.319,-1567.644,0.2979503,3,OK,237.473,2.286,-1567.508,OK,153.563,12.154,-1522.822,OK,235.054,79.335,-1521.411,Port 0x03: JJH Y femur tracker  s/n:3E4C8801,806494045,1780667167.418633716,1,OK,0.8519383,0.0796253,0.3635195,-0.3683947,78.170,27.293,-1579.942,0.9209546,3,OK,78.634,26.586,-1580.696,OK,105.776,117.974,-1550.743,OK,34.880,81.248,-1516.258
3,Port 0x01: JJH Probe  s/n:3E4C880C,806494048,1780667167.468633716,1,Too Few Markers,-3.697314E28,-3.697314E28,-3.697314E28,-3.697314E28,-3.697314E28,-3.697314E28,-3.697314E28,0.0000000,3,Missing,-3.697314E28,-3.697314E28,-3.697314E28,Missing,-3.697314E28,-3.697314E28,-3.697314E28,Missing,-3.697314E28,-3.697314E28,-3.697314E28,Port 0x02: JJH T tibia tracker  s/n:3E4C8800,806494048,1780667167.468633716,1,OK,0.7159928,0.0571420,0.3093387,-0.6232164,237.770,2.308,-1567.592,0.3047262,3,OK,237.427,2.295,-1567.441,OK,153.518,12.162,-1522.802,OK,235.014,79.345,-1521.424,Port 0x03: JJH Y femur tracker  s/n:3E4C8801,806494048,1780667167.468633716,1,OK,0.8526711,0.0769347,0.3608493,-0.3698929,77.823,27.009,-1579.507,0.6909301,3,OK,78.115,26.424,-1580.051,OK,105.458,117.989,-1550.938,OK,34.483,81.260,-1516.568
3,Port 0x01: JJH Probe  s/n:3E4C880C,806494051,1780667167.518633716,1,Too Few Markers,-3.697314E28,-3.697314E28,-3.697314E28,-3.697314E28,-3.697314E28,-3.697314E28,-3.697314E28,0.0000000,3,Missing,-3.697314E28,-3.697314E28,-3.697314E28,Missing,-3.697314E28,-3.697314E28,-3.697314E28,Missing,-3.697314E28,-3.697314E28,-3.697314E28,Port 0x02: JJH T tibia tracker  s/n:3E4C8800,806494051,1780667167.518633716,1,OK,0.7158973,0.0574960,0.3097363,-0.6230960,237.691,2.322,-1567.465,0.2843136,3,OK,237.375,2.285,-1567.339,OK,153.436,12.151,-1522.635,OK,234.938,79.317,-1521.200,Port 0x03: JJH Y femur tracker  s/n:3E4C8801,806494051,1780667167.518633716,1,OK,0.8542791,0.0777236,0.3569675,-0.3697842,76.742,26.931,-1580.100,0.6444218,3,OK,77.011,26.375,-1580.604,OK,104.145,117.981,-1551.466,OK,32.866,81.233,-1517.643
3,Port 0x01: JJH Probe  s/n:3E4C880C,806494054,1780667167.568633716,1,Too Few Markers,-3.697314E28,-3.697314E28,-3.697314E28,-3.697314E28,-3.697314E28,-3.697314E28,-3.697314E28,0.0000000,3,Missing,-3.697314E28,-3.697314E28,-3.697314E28,Missing,-3.697314E28,-3.697314E28,-3.697314E28,Missing,-3.697314E28,-3.697314E28,-3.697314E28,Port 0x02: JJH T tibia tracker  s/n:3E4C8800,806494054,1780667167.568633716,1,OK,0.7160052,0.0578811,0.3100662,-0.6227722,237.574,2.192,-1566.980,0.3013932,3,OK,237.236,2.174,-1566.833,OK,153.321,11.925,-1522.160,OK,234.797,79.125,-1520.637,Port 0x03: JJH Y femur tracker  s/n:3E4C8801,806494054,1780667167.568633716,1,OK,0.8568307,0.0798656,0.3505841,-0.3695314,74.963,26.911,-1581.246,0.6191367,3,OK,75.219,26.363,-1581.726,OK,101.991,118.013,-1552.342,OK,30.207,81.273,-1519.511
3,Port 0x01: JJH Probe  s/n:3E4C880C,806494057,1780667167.618633716,1,Too Few Markers,-3.697314E28,-3.697314E28,-3.697314E28,-3.697314E28,-3.697314E28,-3.697314E28,-3.697314E28,0.0000000,3,Missing,-3.697314E28,-3.697314E28,-3.697314E28,Missing,-3.697314E28,-3.697314E28,-3.697314E28,Missing,-3.697314E28,-3.697314E28,-3.697314E28,Port 0x02: JJH T tibia tracker  s/n:3E4C8800,806494057,1780667167.618633716,1,OK,0.7163786,0.0594334,0.3108757,-0.6217924,237.264,1.936,-1566.384,0.2983299,3,OK,236.932,1.899,-1566.251,OK,152.955,11.423,-1521.619,OK,234.349,78.701,-1519.742,Port 0x03: JJH Y femur tracker  s/n:3E4C8801,806494057,1780667167.618633716,1,OK,0.8601695,0.0833925,0.3422765,-0.3687829,72.661,26.921,-1583.066,0.6226284,3,OK,72.929,26.364,-1583.547,OK,99.142,118.034,-1553.657,OK,26.712,81.292,-1522.202
3,Port 0x01: JJH Probe  s/n:3E4C880C,806494060,1780667167.668633716,1,Too Few Markers,-3.697314E28,-3.697314E28,-3.697314E28,-3.697314E28,-3.697314E28,-3.697314E28,-3.697314E28,0.0000000,3,Missing,-3.697314E28,-3.697314E28,-3.697314E28,Missing,-3.697314E28,-3.697314E28,-3.697314E28,Missing,-3.697314E28,-3.697314E28,-3.697314E28,Port 0x02: JJH T tibia tracker  s/n:3E4C8800,806494060,1780667167.668633716,1,OK,0.7167095,0.0605296,0.3116436,-0.6209202,237.020,1.630,-1565.851,0.3100692,3,OK,236.671,1.613,-1565.698,OK,152.682,10.881,-1521.115,OK,234.005,78.237,-1518.990,Port 0x03: JJH Y femur tracker  s/n:3E4C8801,806494060,1780667167.668633716,1,OK,0.8638610,0.0873563,0.3327491,-0.3679553,70.061,26.941,-1585.444,0.6238294,3,OK,70.341,26.374,-1585.926,OK,95.922,118.072,-1555.489,OK,22.772,81.330,-1525.607
3,Port 0x01: JJH Probe  s/n:3E4C880C,806494063,1780667167.718633716,1,Too Few Markers,-3.697314E28,-3.697314E28,-3.697314E28,-3.697314E28,-3.697314E28,-3.697314E28,-3.697314E28,0.0000000,3,Missing,-3.697314E28,-3.697314E28,-3.697314E28,Missing,-3.697314E28,-3.697314E28,-3.697314E28,Missing,-3.697314E28,-3.697314E28,-3.697314E28,Port 0x02: JJH T tibia tracker  s/n:3E4C8800,806494063,1780667167.718633716,1,OK,0.7173983,0.0625286,0.3120162,-0.6197384,236.806,1.388,-1566.745,0.2963733,3,OK,236.475,1.348,-1566.615,OK,152.335,10.357,-1522.176,OK,233.559,77.815,-1519.576,Port 0x03: JJH Y femur tracker  s/n:3E4C8801,806494063,1780667167.718633716,1,OK,0.8670353,0.0908819,0.3243041,-0.3671746,68.127,26.883,-1588.830,0.6109123,3,OK,68.412,26.324,-1589.298,OK,93.429,118.022,-1558.398,OK,19.682,81.274,-1529.932
3,Port 0x01: JJH Probe  s/n:3E4C880C,806494066,1780667167.768633716,1,Too Few Markers,-3.697314E28,-3.697314E28,-3.697314E28,-3.697314E28,-3.697314E28,-3.697314E28,-3.697314E28,0.0000000,3,Missing,-3.697314E28,-3.697314E28,-3.697314E28,Missing,-3.697314E28,-3.697314E28,-3.697314E28,Missing,-3.697314E28,-3.697314E28,-3.697314E28,Port 0x02: JJH T tibia tracker  s/n:3E4C8800,806494066,1780667167.768633716,1,OK,0.7185140,0.0650845,0.3110828,-0.6186511,236.623,0.973,-1568.943,0.2980193,3,OK,236.289,0.934,-1568.814,OK,151.905,9.702,-1524.800,OK,233.030,77.252,-1521.560,Port 0x03: JJH Y femur tracker  s/n:3E4C8801,806494066,1780667167.768633716,1,OK,0.8694894,0.0945248,0.3176151,-0.3662975,66.981,26.703,-1593.356,0.6467523,3,OK,67.282,26.099,-1593.850,OK,91.803,117.806,-1562.369,OK,17.613,81.043,-1535.147
3,Port 0x01: JJH Probe  s/n:3E4C880C,806494069,1780667167.818633716,1,Too Few Markers,-3.697314E28,-3.697314E28,-3.697314E28,-3.697314E28,-3.697314E28,-3.697314E28,-3.697314E28,0.0000000,3,Missing,-3.697314E28,-3.697314E28,-3.697314E28,Missing,-3.697314E28,-3.697314E28,-3.697314E28,Missing,-3.697314E28,-3.697314E28,-3.697314E28,Port 0x02: JJH T tibia tracker  s/n:3E4C8800,806494069,1780667167.818633716,1,OK,0.7195489,0.0673508,0.3091823,-0.6181582,236.669,0.813,-1571.418,0.3204815,3,OK,236.306,0.797,-1571.264,OK,151.691,9.455,-1527.810,OK,232.768,77.030,-1523.988,Port 0x03: JJH Y femur tracker  s/n:3E4C8801,806494069,1780667167.818633716,1,OK,0.8722633,0.0964432,0.3100917,-0.3656482,65.921,26.742,-1598.212,0.6100763,3,OK,66.224,26.175,-1598.676,OK,90.222,117.925,-1567.053,OK,15.552,81.154,-1540.944
3,Port 0x01: JJH Probe  s/n:3E4C880C,806494072,1780667167.868633720,1,Too Few Markers,-3.697314E28,-3.697314E28,-3.697314E28,-3.697314E28,-3.697314E28,-3.697314E28,-3.697314E28,0.0000000,3,Missing,-3.697314E28,-3.697314E28,-3.697314E28,Missing,-3.697314E28,-3.697314E28,-3.697314E28,Missing,-3.697314E28,-3.697314E28,-3.697314E28,Port 0x02: JJH T tibia tracker  s/n:3E4C8800,806494072,1780667167.868633720,1,OK,0.7203019,0.0695988,0.3095190,-0.6168623,236.918,0.521,-1572.292,0.3241131,3,OK,236.552,0.488,-1572.147,OK,151.809,8.854,-1528.898,OK,232.759,76.536,-1524.533,Port 0x03: JJH Y femur tracker  s/n:3E4C8801,806494072,1780667167.868633720,1,OK,0.8765294,0.1013037,0.2980048,-0.3641799,63.614,26.835,-1602.588,0.6109225,3,OK,63.932,26.263,-1603.048,OK,87.032,118.044,-1570.801,OK,11.648,81.241,-1546.737
3,Port 0x01: JJH Probe  s/n:3E4C880C,806494075,1780667167.918633720,1,Too Few Markers,-3.697314E28,-3.697314E28,-3.697314E28,-3.697314E28,-3.697314E28,-3.697314E28,-3.697314E28,0.0000000,3,Missing,-3.697314E28,-3.697314E28,-3.697314E28,Missing,-3.697314E28,-3.697314E28,-3.697314E28,Missing,-3.697314E28,-3.697314E28,-3.697314E28,Port 0x02: JJH T tibia tracker  s/n:3E4C8800,806494075,1780667167.918633720,1,OK,0.7211340,0.0735117,0.3128320,-0.6137573,236.918,-0.507,-1570.985,0.3289486,3,OK,236.548,-0.546,-1570.840,OK,151.739,7.021,-1527.587,OK,232.447,74.944,-1522.354,Port 0x03: JJH Y femur tracker  s/n:3E4C8801,806494075,1780667167.918633720,1,OK,0.8822587,0.1077093,0.2808445,-0.3621389,59.881,26.937,-1606.510,0.6127421,3,OK,60.211,26.345,-1606.962,OK,82.043,118.227,-1573.952,OK,5.757,81.374,-1552.766
3,Port 0x01: JJH Probe  s/n:3E4C880C,806494078,1780667167.968633720,1,Too Few Markers,-3.697314E28,-3.697314E28,-3.697314E28,-3.697314E28,-3.697314E28,-3.697314E28,-3.697314E28,0.0000000,3,Missing,-3.697314E28,-3.697314E28,-3.697314E28,Missing,-3.697314E28,-3.697314E28,-3.697314E28,Missing,-3.697314E28,-3.697314E28,-3.697314E28,Port 0x02: JJH T tibia tracker  s/n:3E4C8800,806494078,1780667167.968633720,1,OK,0.7220803,0.0793607,0.3177090,-0.6093956,236.776,-2.285,-1569.136,0.3395051,3,OK,236.394,-2.333,-1568.991,OK,151.518,4.120,-1525.744,OK,231.898,72.312,-1519.232,Port 0x03: JJH Y femur tracker  s/n:3E4C8801,806494078,1780667167.968633720,1,OK,0.8878140,0.1144273,0.2630510,-0.3598568,56.041,27.013,-1610.559,0.6072140,3,OK,56.391,26.426,-1610.995,OK,76.871,118.349,-1577.239,OK,-0.231,81.465,-1559.062
3,Port 0x01: JJH Probe  s/n:3E4C880C,806494081,1780667168.018633720,1,Too Few Markers,-3.697314E28,-3.697314E28,-3.697314E28,-3.697314E28,-3.697314E28,-3.697314E28,-3.697314E28,0.0000000,3,Missing,-3.697314E28,-3.697314E28,-3.697314E28,Missing,-3.697314E28,-3.697314E28,-3.697314E28,Missing,-3.697314E28,-3.697314E28,-3.697314E28,Port 0x02: JJH T tibia tracker  s/n:3E4C8800,806494081,1780667168.018633720,1,OK,0.7231062,0.0853753,0.3220675,-0.6050628,236.729,-4.218,-1567.635,0.3806172,3,OK,236.299,-4.273,-1567.471,OK,151.382,1.085,-1524.373,OK,231.413,69.530,-1516.508,Port 0x03: JJH Y femur tracker  s/n:3E4C8801,806494081,1780667168.018633720,1,OK,0.8932163,0.1207770,0.2446378,-0.3573932,52.504,26.951,-1615.009,0.5881327,3,OK,52.866,26.382,-1615.419,OK,71.937,118.374,-1581.057,OK,-5.882,81.433,-1565.947
3,Port 0x01: JJH Probe  s/n:3E4C880C,806494084,1780667168.068633720,1,Too Few Markers,-3.697314E28,-3.697314E28,-3.697314E28,-3.697314E28,-3.697314E28,-3.697314E28,-3.697314E28,0.0000000,3,Missing,-3.697314E28,-3.697314E28,-3.697314E28,Missing,-3.697314E28,-3.697314E28,-3.697314E28,Missing,-3.697314E28,-3.697314E28,-3.697314E28,Port 0x02: JJH T tibia tracker  s/n:3E4C8800,806494084,1780667168.068633720,1,OK,0.7239065,0.0890557,0.3251188,-0.6019354,237.035,-5.439,-1567.130,0.3639680,3,OK,236.625,-5.498,-1566.977,OK,151.602,-0.918,-1523.897,OK,231.397,67.729,-1515.209,Port 0x03: JJH Y femur tracker  s/n:3E4C8801,806494084,1780667168.068633720,1,OK,0.8980558,0.1271392,0.2269461,-0.3547209,49.690,26.728,-1619.849,0.5718252,3,OK,50.050,26.164,-1620.235,OK,67.715,118.221,-1585.266,OK,-10.611,81.195,-1573.185
3,Port 0x01: JJH Probe  s/n:3E4C880C,806494087,1780667168.118633720,1,Too Few Markers,-3.697314E28,-3.697314E28,-3.697314E28,-3.697314E28,-3.697314E28,-3.697314E28,-3.697314E28,0.0000000,3,Missing,-3.697314E28,-3.697314E28,-3.697314E28,Missing,-3.697314E28,-3.697314E28,-3.697314E28,Missing,-3.697314E28,-3.697314E28,-3.697314E28,Port 0x02: JJH T tibia tracker  s/n:3E4C8800,806494087,1780667168.118633720,1,OK,0.7249494,0.0914340,0.3245115,-0.6006501,238.137,-5.816,-1568.188,0.4058158,3,OK,237.676,-5.864,-1568.005,OK,152.541,-1.573,-1525.365,OK,232.158,67.166,-1516.054,Port 0x03: JJH Y femur tracker  s/n:3E4C8801,806494087,1780667168.118633720,1,OK,0.9014357,0.1326756,0.2130714,-0.3527200,48.569,26.749,-1625.463,0.5941026,3,OK,48.951,26.157,-1625.854,OK,65.525,118.251,-1590.320,OK,-13.155,81.223,-1580.666
3,Port 0x01: JJH Probe  s/n:3E4C880C,806494090,1780667168.168633720,1,Too Few Markers,-3.697314E28,-3.697314E28,-3.697314E28,-3.697314E28,-3.697314E28,-3.697314E28,-3.697314E28,0.0000000,3,Missing,-3.697314E28,-3.697314E28,-3.697314E28,Missing,-3.697314E28,-3.697314E28,-3.697314E28,Missing,-3.697314E28,-3.697314E28,-3.697314E28,Port 0x02: JJH T tibia tracker  s/n:3E4C8800,806494090,1780667168.168633720,1,OK,0.7254613,0.0931145,0.3251431,-0.5994311,239.022,-6.268,-1568.329,0.3989663,3,OK,238.568,-6.321,-1568.154,OK,153.344,-2.309,-1525.627,OK,232.850,66.502,-1515.920,Port 0x03: JJH Y femur tracker  s/n:3E4C8801,806494090,1780667168.168633720,1,OK,0.9059920,0.1378819,0.1942221,-0.3499212,46.216,26.611,-1630.704,0.5429180,3,OK,46.584,26.072,-1631.045,OK,61.686,118.261,-1595.281,OK,-17.324,81.144,-1588.668
3,Port 0x01: JJH Probe  s/n:3E4C880C,806494093,1780667168.218633720,1,Too Few Markers,-3.697314E28,-3.697314E28,-3.697314E28,-3.697314E28,-3.697314E28,-3.697314E28,-3.697314E28,0.0000000,3,Missing,-3.697314E28,-3.697314E28,-3.697314E28,Missing,-3.697314E28,-3.697314E28,-3.697314E28,Missing,-3.697314E28,-3.697314E28,-3.697314E28,Port 0x02: JJH T tibia tracker  s/n:3E4C8800,806494093,1780667168.218633720,1,OK,0.7257654,0.0953633,0.3270846,-0.5976505,239.543,-6.977,-1567.312,0.4183210,3,OK,239.068,-7.037,-1567.131,OK,153.856,-3.469,-1524.632,OK,233.222,65.441,-1514.414,Port 0x03: JJH Y femur tracker  s/n:3E4C8801,806494093,1780667168.218633720,1,OK,0.9103279,0.1450018,0.1731407,-0.3468428,43.085,26.629,-1635.974,0.5516095,3,OK,43.472,26.076,-1636.302,OK,56.924,118.356,-1600.047,OK,-22.314,81.238,-1596.983
3,Port 0x01: JJH Probe  s/n:3E4C880C,806494096,1780667168.268633720,1,Too Few Markers,-3.697314E28,-3.697314E28,-3.697314E28,-3.697314E28,-3.697314E28,-3.697314E28,-3.697314E28,0.0000000,3,Missing,-3.697314E28,-3.697314E28,-3.697314E28,Missing,-3.697314E28,-3.697314E28,-3.697314E28,Missing,-3.697314E28,-3.697314E28,-3.697314E28,Port 0x02: JJH T tibia tracker  s/n:3E4C8800,806494096,1780667168.268633720,1,OK,0.7262122,0.0981957,0.3303460,-0.5948487,239.872,-8.142,-1565.908,0.4228175,3,OK,239.390,-8.185,-1565.709,OK,154.191,-5.350,-1523.157,OK,233.350,63.725,-1512.316,Port 0x03: JJH Y femur tracker  s/n:3E4C8801,806494096,1780667168.268633720,1,OK,0.9145946,0.1520894,0.1504723,-0.3431379,39.960,26.550,-1641.323,0.5096273,3,OK,40.337,26.044,-1641.606,OK,52.000,118.375,-1605.029,OK,-27.292,81.182,-1605.733
3,Port 0x01: JJH Probe  s/n:3E4C880C,806494099,1780667168.318633720,1,Too Few Markers,-3.697314E28,-3.697314E28,-3.697314E28,-3.697314E28,-3.697314E28,-3.697314E28,-3.697314E28,0.0000000,3,Missing,-3.697314E28,-3.697314E28,-3.697314E28,Missing,-3.697314E28,-3.697314E28,-3.697314E28,Missing,-3.697314E28,-3.697314E28,-3.697314E28,Port 0x02: JJH T tibia tracker  s/n:3E4C8800,806494099,1780667168.318633720,1,OK,0.7267005,0.1014637,0.3341161,-0.5915893,240.190,-9.156,-1564.545,0.4062718,3,OK,239.731,-9.230,-1564.376,OK,154.517,-7.170,-1521.701,OK,233.407,62.090,-1510.123,Port 0x03: JJH Y femur tracker  s/n:3E4C8801,806494099,1780667168.318633720,1,OK,0.9183565,0.1594847,0.1271243,-0.3391539,37.086,26.551,-1647.073,0.4872662,3,OK,37.452,26.055,-1647.328,OK,47.264,118.486,-1610.443,OK,-31.881,81.201,-1615.045
3,Port 0x01: JJH Probe  s/n:3E4C880C,806494102,1780667168.368633720,1,Too Few Markers,-3.697314E28,-3.697314E28,-3.697314E28,-3.697314E28,-3.697314E28,-3.697314E28,-3.697314E28,0.0000000,3,Missing,-3.697314E28,-3.697314E28,-3.697314E28,Missing,-3.697314E28,-3.697314E28,-3.697314E28,Missing,-3.697314E28,-3.697314E28,-3.697314E28,Port 0x02: JJH T tibia tracker  s/n:3E4C8800,806494102,1780667168.368633720,1,OK,0.7273057,0.1035042,0.3363911,-0.5891981,240.618,-9.794,-1563.211,0.4258613,3,OK,240.134,-9.860,-1563.023,OK,154.954,-8.404,-1520.368,OK,233.612,61.038,-1508.288,Port 0x03: JJH Y femur tracker  s/n:3E4C8801,806494102,1780667168.368633720,1,OK,0.9217603,0.1668201,0.1032539,-0.3344661,34.201,26.426,-1653.197,0.4818389,3,OK,34.577,25.937,-1653.429,OK,42.371,118.469,-1616.339,OK,-36.393,81.049,-1624.886
3,Port 0x01: JJH Probe  s/n:3E4C880C,806494105,1780667168.418633720,1,Too Few Markers,-3.697314E28,-3.697314E28,-3.697314E28,-3.697314E28,-3.697314E28,-3.697314E28,-3.697314E28,0.0000000,3,Missing,-3.697314E28,-3.697314E28,-3.697314E28,Missing,-3.697314E28,-3.697314E28,-3.697314E28,Missing,-3.697314E28,-3.697314E28,-3.697314E28,Port 0x02: JJH T tibia tracker  s/n:3E4C8800,806494105,1780667168.418633720,1,OK,0.7274602,0.1039641,0.3372395,-0.5884408,241.304,-9.865,-1562.526,0.4280392,3,OK,240.816,-9.918,-1562.326,OK,155.662,-8.665,-1519.646,OK,234.241,60.826,-1507.460,Port 0x03: JJH Y femur tracker  s/n:3E4C8801,806494105,1780667168.418633720,1,OK,0.9245892,0.1746242,0.0777885,-0.3295301,31.705,26.404,-1659.756,0.4575002,3,OK,32.072,25.937,-1659.956,OK,37.796,118.548,-1622.747,OK,-40.358,81.009,-1635.477
3,Port 0x01: JJH Probe  s/n:3E4C880C,806494108,1780667168.468633720,1,Too Few Markers,-3.697314E28,-3.697314E28,-3.697314E28,-3.697314E28,-3.697314E28,-3.697314E28,-3.697314E28,0.0000000,3,Missing,-3.697314E28,-3.697314E28,-3.697314E28,Missing,-3.697314E28,-3.697314E28,-3.697314E28,Missing,-3.697314E28,-3.697314E28,-3.697314E28,Port 0x02: JJH T tibia tracker  s/n:3E4C8800,806494108,1780667168.468633720,1,OK,0.7273688,0.1041231,0.3377448,-0.5882359,242.045,-9.614,-1561.942,0.4315736,3,OK,241.557,-9.687,-1561.756,OK,156.432,-8.470,-1519.013,OK,234.996,61.041,-1506.787,Port 0x03: JJH Y femur tracker  s/n:3E4C8801,806494108,1780667168.468633720,1,OK,0.9265641,0.1835871,0.0510548,-0.3242965,29.406,26.340,-1667.008,0.4700484,3,OK,29.780,25.844,-1667.198,OK,33.338,118.549,-1629.785,OK,-43.938,80.947,-1646.960
3,Port 0x01: JJH Probe  s/n:3E4C880C,806494111,1780667168.518633720,1,Too Few Markers,-3.697314E28,-3.697314E28,-3.697314E28,-3.697314E28,-3.697314E28,-3.697314E28,-3.697314E28,0.0000000,3,Missing,-3.697314E28,-3.697314E28,-3.697314E28,Missing,-3.697314E28,-3.697314E28,-3.697314E28,Missing,-3.697314E28,-3.697314E28,-3.697314E28,Port 0x02: JJH T tibia tracker  s/n:3E4C8800,806494111,1780667168.518633720,1,OK,0.7270772,0.1036997,0.3375755,-0.5887681,242.868,-9.213,-1561.517,0.4366613,3,OK,242.372,-9.276,-1561.319,OK,157.288,-7.947,-1518.545,OK,235.912,61.497,-1506.445,Port 0x03: JJH Y femur tracker  s/n:3E4C8801,806494111,1780667168.518633720,1,OK,0.9281011,0.1921368,0.0231527,-0.3180813,27.333,26.267,-1674.639,0.4574319,3,OK,27.709,25.787,-1674.800,OK,28.923,118.559,-1637.453,OK,-47.150,80.799,-1659.129
3,Port 0x01: JJH Probe  s/n:3E4C880C,806494114,1780667168.568633720,1,Too Few Markers,-3.697314E28,-3.697314E28,-3.697314E28,-3.697314E28,-3.697314E28,-3.697314E28,-3.697314E28,0.0000000,3,Missing,-3.697314E28,-3.697314E28,-3.697314E28,Missing,-3.697314E28,-3.697314E28,-3.697314E28,Missing,-3.697314E28,-3.697314E28,-3.697314E28,Port 0x02: JJH T tibia tracker  s/n:3E4C8800,806494114,1780667168.568633720,1,OK,0.7267609,0.1039939,0.3379983,-0.5888642,243.679,-9.012,-1561.243,0.4255501,3,OK,243.200,-9.094,-1561.068,OK,158.113,-7.726,-1518.218,OK,236.786,61.666,-1506.087,Port 0x03: JJH Y femur tracker  s/n:3E4C8801,806494114,1780667168.568633720,1,OK,0.9286069,0.2013803,-0.0062328,-0.3116028,25.727,26.266,-1682.638,0.4610738,3,OK,26.104,25.769,-1682.782,OK,24.927,118.635,-1645.549,OK,-49.613,80.760,-1671.926
3,Port 0x01: JJH Probe  s/n:3E4C880C,806494117,1780667168.618633720,1,Too Few Markers,-3.697314E28,-3.697314E28,-3.697314E28,-3.697314E28,-3.697314E28,-3.697314E28,-3.697314E28,0.0000000,3,Missing,-3.697314E28,-3.697314E28,-3.697314E28,Missing,-3.697314E28,-3.697314E28,-3.697314E28,Missing,-3.697314E28,-3.697314E28,-3.697314E28,Port 0x02: JJH T tibia tracker  s/n:3E4C8800,806494117,1780667168.618633720,1,OK,0.7263941,0.1041543,0.3386989,-0.5888859,244.514,-8.876,-1560.935,0.4178975,3,OK,244.043,-8.953,-1560.760,OK,158.987,-7.601,-1517.811,OK,237.710,61.738,-1505.697,Port 0x03: JJH Y femur tracker  s/n:3E4C8801,806494117,1780667168.618633720,1,OK,0.9282632,0.2098382,-0.0352154,-0.3050496,24.769,26.310,-1690.714,0.4444131,3,OK,25.137,25.827,-1690.831,OK,21.652,118.762,-1653.958,OK,-51.089,80.781,-1684.799
3,Port 0x01: JJH Probe  s/n:3E4C880C,806494120,1780667168.668633720,1,Too Few Markers,-3.697314E28,-3.697314E28,-3.697314E28,-3.697314E28,-3.697314E28,-3.697314E28,-3.697314E28,0.0000000,3,Missing,-3.697314E28,-3.697314E28,-3.697314E28,Missing,-3.697314E28,-3.697314E28,-3.697314E28,Missing,-3.697314E28,-3.697314E28,-3.697314E28,Port 0x02: JJH T tibia tracker  s/n:3E4C8800,806494120,1780667168.668633720,1,OK,0.7262368,0.1036878,0.3383191,-0.5893803,245.266,-8.655,-1560.407,0.4424128,3,OK,244.762,-8.713,-1560.202,OK,159.767,-7.272,-1517.284,OK,238.534,62.034,-1505.280,Port 0x03: JJH Y femur tracker  s/n:3E4C8801,806494120,1780667168.668633720,1,OK,0.9270684,0.2180933,-0.0641014,-0.2981116,24.248,26.166,-1698.632,0.4422420,3,OK,24.615,25.679,-1698.729,OK,18.821,118.709,-1662.348,OK,-51.850,80.593,-1697.529
3,Port 0x01: JJH Probe  s/n:3E4C880C,806494123,1780667168.718633720,1,Too Few Markers,-3.697314E28,-3.697314E28,-3.697314E28,-3.697314E28,-3.697314E28,-3.697314E28,-3.697314E28,0.0000000,3,Missing,-3.697314E28,-3.697314E28,-3.697314E28,Missing,-3.697314E28,-3.697314E28,-3.697314E28,Missing,-3.697314E28,-3.697314E28,-3.697314E28,Port 0x02: JJH T tibia tracker  s/n:3E4C8800,806494123,1780667168.718633720,1,OK,0.7259470,0.1032850,0.3386813,-0.5896000,245.934,-8.591,-1559.964,0.4331504,3,OK,245.441,-8.644,-1559.760,OK,160.480,-7.170,-1516.730,OK,239.292,62.106,-1504.851,Port 0x03: JJH Y femur tracker  s/n:3E4C8801,806494123,1780667168.718633720,1,OK,0.9248309,0.2265263,-0.0929792,-0.2910817,24.188,26.018,-1706.775,0.4427582,3,OK,24.541,25.513,-1706.862,OK,16.516,118.651,-1671.019,OK,-51.824,80.409,-1710.468
3,Port 0x01: JJH Probe  s/n:3E4C880C,806494126,1780667168.768633720,1,Too Few Markers,-3.697314E28,-3.697314E28,-3.697314E28,-3.697314E28,-3.697314E28,-3.697314E28,-3.697314E28,0.0000000,3,Missing,-3.697314E28,-3.697314E28,-3.697314E28,Missing,-3.697314E28,-3.697314E28,-3.697314E28,Missing,-3.697314E28,-3.697314E28,-3.697314E28,Port 0x02: JJH T tibia tracker  s/n:3E4C8800,806494126,1780667168.768633720,1,OK,0.7258636,0.1034995,0.3387887,-0.5896034,246.667,-8.590,-1559.482,0.4480042,3,OK,246.156,-8.634,-1559.262,OK,161.217,-7.180,-1516.261,OK,240.052,62.085,-1504.343,Port 0x03: JJH Y femur tracker  s/n:3E4C8801,806494126,1780667168.768633720,1,OK,0.9217244,0.2338071,-0.1228169,-0.2840323,24.788,25.953,-1714.755,0.4385512,3,OK,25.145,25.458,-1714.814,OK,14.980,118.724,-1679.904,OK,-50.793,80.389,-1723.454
3,Port 0x01: JJH Probe  s/n:3E4C880C,806494129,1780667168.818633720,1,Too Few Markers,-3.697314E28,-3.697314E28,-3.697314E28,-3.697314E28,-3.697314E28,-3.697314E28,-3.697314E28,0.0000000,3,Missing,-3.697314E28,-3.697314E28,-3.697314E28,Missing,-3.697314E28,-3.697314E28,-3.697314E28,Missing,-3.697314E28,-3.697314E28,-3.697314E28,Port 0x02: JJH T tibia tracker  s/n:3E4C8800,806494129,1780667168.818633720,1,OK,0.7255022,0.1034578,0.3398406,-0.5894501,247.161,-8.567,-1558.851,0.4306384,3,OK,246.676,-8.651,-1558.673,OK,161.783,-7.204,-1515.462,OK,240.619,62.057,-1503.576,Port 0x03: JJH Y femur tracker  s/n:3E4C8801,806494129,1780667168.818633720,1,OK,0.9177436,0.2416620,-0.1514501,-0.2764219,25.778,25.742,-1722.717,0.4378099,3,OK,26.128,25.239,-1722.760,OK,13.816,118.589,-1688.695,OK,-49.128,80.122,-1736.166
3,Port 0x01: JJH Probe  s/n:3E4C880C,806494132,1780667168.868633721,1,Too Few Markers,-3.697314E28,-3.697314E28,-3.697314E28,-3.697314E28,-3.697314E28,-3.697314E28,-3.697314E28,0.0000000,3,Missing,-3.697314E28,-3.697314E28,-3.697314E28,Missing,-3.697314E28,-3.697314E28,-3.697314E28,Missing,-3.697314E28,-3.697314E28,-3.697314E28,Port 0x02: JJH T tibia tracker  s/n:3E4C8800,806494132,1780667168.868633721,1,OK,0.7255075,0.1030445,0.3400849,-0.5893751,247.531,-8.981,-1558.174,0.4364448,3,OK,247.034,-9.031,-1557.963,OK,162.186,-7.654,-1514.721,OK,241.018,61.630,-1502.936,Port 0x03: JJH Y femur tracker  s/n:3E4C8801,806494132,1780667168.868633721,1,OK,0.9129955,0.2487949,-0.1803053,-0.2683847,27.057,25.246,-1730.430,0.4402146,3,OK,27.417,24.746,-1730.445,OK,12.985,118.184,-1697.497,OK,-46.894,79.556,-1748.682
3,Port 0x01: JJH Probe  s/n:3E4C880C,806494135,1780667168.918633720,1,Too Few Markers,-3.697314E28,-3.697314E28,-3.697314E28,-3.697314E28,-3.697314E28,-3.697314E28,-3.697314E28,0.0000000,3,Missing,-3.697314E28,-3.697314E28,-3.697314E28,Missing,-3.697314E28,-3.697314E28,-3.697314E28,Missing,-3.697314E28,-3.697314E28,-3.697314E28,Port 0x02: JJH T tibia tracker  s/n:3E4C8800,806494135,1780667168.918633720,1,OK,0.7253167,0.1034387,0.3410808,-0.5889652,247.833,-9.199,-1557.437,0.4411735,3,OK,247.333,-9.259,-1557.231,OK,162.537,-7.989,-1513.896,OK,241.356,61.308,-1502.039,Port 0x03: JJH Y femur tracker  s/n:3E4C8801,806494135,1780667168.918633720,1,OK,0.9077802,0.2555799,-0.2060200,-0.2610936,28.870,25.135,-1737.658,0.4403948,3,OK,29.221,24.626,-1737.662,OK,12.956,118.133,-1705.698,OK,-43.932,79.398,-1760.101
3,Port 0x01: JJH Probe  s/n:3E4C880C,806494138,1780667168.968633720,1,Too Few Markers,-3.697314E28,-3.697314E28,-3.697314E28,-3.697314E28,-3.697314E28,-3.697314E28,-3.697314E28,0.0000000,3,Missing,-3.697314E28,-3.697314E28,-3.697314E28,Missing,-3.697314E28,-3.697314E28,-3.697314E28,Missing,-3.697314E28,-3.697314E28,-3.697314E28,Port 0x02: JJH T tibia tracker  s/n:3E4C8800,806494138,1780667168.968633720,1,OK,0.7254463,0.1043925,0.3424501,-0.5878416,247.947,-10.045,-1556.737,0.4449701,3,OK,247.444,-10.115,-1556.536,OK,162.681,-9.115,-1513.148,OK,241.396,60.250,-1501.067,Port 0x03: JJH Y femur tracker  s/n:3E4C8801,806494138,1780667168.968633720,1,OK,0.9022023,0.2617815,-0.2304946,-0.2537196,30.739,24.528,-1744.159,0.4504684,3,OK,31.099,24.026,-1744.134,OK,13.136,117.588,-1713.216,OK,-40.837,78.686,-1770.629
3,Port 0x01: JJH Probe  s/n:3E4C880C,806494141,1780667169.018633721,1,Too Few Markers,-3.697314E28,-3.697314E28,-3.697314E28,-3.697314E28,-3.697314E28,-3.697314E28,-3.697314E28,0.0000000,3,Missing,-3.697314E28,-3.697314E28,-3.697314E28,Missing,-3.697314E28,-3.697314E28,-3.697314E28,Missing,-3.697314E28,-3.697314E28,-3.697314E28,Port 0x02: JJH T tibia tracker  s/n:3E4C8800,806494141,1780667169.018633721,1,OK,0.7252844,0.1051027,0.3437679,-0.5871452,248.013,-10.426,-1556.184,0.4292642,3,OK,247.532,-10.513,-1556.006,OK,162.779,-9.676,-1512.492,OK,241.468,59.703,-1500.278,Port 0x03: JJH Y femur tracker  s/n:3E4C8801,806494141,1780667169.018633721,1,OK,0.8970243,0.2663248,-0.2510931,-0.2477314,32.782,24.413,-1750.013,0.4504507,3,OK,33.131,23.898,-1749.984,OK,13.844,117.570,-1720.109,OK,-37.478,78.539,-1779.784
3,Port 0x01: JJH Probe  s/n:3E4C880C,806494144,1780667169.068633721,1,Too Few Markers,-3.697314E28,-3.697314E28,-3.697314E28,-3.697314E28,-3.697314E28,-3.697314E28,-3.697314E28,0.0000000,3,Missing,-3.697314E28,-3.697314E28,-3.697314E28,Missing,-3.697314E28,-3.697314E28,-3.697314E28,Missing,-3.697314E28,-3.697314E28,-3.697314E28,Port 0x02: JJH T tibia tracker  s/n:3E4C8800,806494144,1780667169.068633721,1,OK,0.7255788,0.1053777,0.3440406,-0.5865722,247.999,-11.115,-1555.668,0.4458471,3,OK,247.494,-11.180,-1555.461,OK,162.765,-10.508,-1512.009,OK,241.378,58.934,-1499.706,Port 0x03: JJH Y femur tracker  s/n:3E4C8801,806494144,1780667169.068633721,1,OK,0.8918045,0.2712745,-0.2702408,-0.2409663,34.763,23.887,-1755.295,0.4407014,3,OK,35.105,23.378,-1755.253,OK,14.375,117.033,-1726.367,OK,-34.229,77.851,-1788.110
3,Port 0x01: JJH Probe  s/n:3E4C880C,806494147,1780667169.118633721,1,Too Few Markers,-3.697314E28,-3.697314E28,-3.697314E28,-3.697314E28,-3.697314E28,-3.697314E28,-3.697314E28,0.0000000,3,Missing,-3.697314E28,-3.697314E28,-3.697314E28,Missing,-3.697314E28,-3.697314E28,-3.697314E28,Missing,-3.697314E28,-3.697314E28,-3.697314E28,Port 0x02: JJH T tibia tracker  s/n:3E4C8800,806494147,1780667169.118633721,1,OK,0.7254657,0.1056153,0.3450772,-0.5860602,248.105,-11.318,-1555.202,0.4416492,3,OK,247.610,-11.410,-1555.020,OK,162.923,-10.846,-1511.435,OK,241.495,58.637,-1499.077,Port 0x03: JJH Y femur tracker  s/n:3E4C8801,806494147,1780667169.118633721,1,OK,0.8865771,0.2749861,-0.2874442,-0.2360920,36.912,23.809,-1759.768,0.4439853,3,OK,37.254,23.300,-1759.711,OK,15.560,117.027,-1731.759,OK,-30.732,77.798,-1795.267
3,Port 0x01: JJH Probe  s/n:3E4C880C,806494150,1780667169.168633720,1,Too Few Markers,-3.697314E28,-3.697314E28,-3.697314E28,-3.697314E28,-3.697314E28,-3.697314E28,-3.697314E28,0.0000000,3,Missing,-3.697314E28,-3.697314E28,-3.697314E28,Missing,-3.697314E28,-3.697314E28,-3.697314E28,Missing,-3.697314E28,-3.697314E28,-3.697314E28,Port 0x02: JJH T tibia tracker  s/n:3E4C8800,806494150,1780667169.168633720,1,OK,0.7253846,0.1058215,0.3454407,-0.5859093,248.154,-11.593,-1554.927,0.4390693,3,OK,247.666,-11.702,-1554.760,OK,162.980,-11.164,-1511.131,OK,241.555,58.329,-1498.729,Port 0x03: JJH Y femur tracker  s/n:3E4C8801,806494150,1780667169.168633720,1,OK,0.8820118,0.2779264,-0.3024115,-0.2309966,38.901,23.565,-1763.579,0.4530868,3,OK,39.258,23.052,-1763.493,OK,16.591,116.815,-1736.529,OK,-27.548,77.473,-1801.432
3,Port 0x01: JJH Probe  s/n:3E4C880C,806494153,1780667169.218633720,1,Too Few Markers,-3.697314E28,-3.697314E28,-3.697314E28,-3.697314E28,-3.697314E28,-3.697314E28,-3.697314E28,0.0000000,3,Missing,-3.697314E28,-3.697314E28,-3.697314E28,Missing,-3.697314E28,-3.697314E28,-3.697314E28,Missing,-3.697314E28,-3.697314E28,-3.697314E28,Port 0x02: JJH T tibia tracker  s/n:3E4C8800,806494153,1780667169.218633720,1,OK,0.7255074,0.1057802,0.3455122,-0.5857226,248.184,-11.784,-1554.713,0.4537604,3,OK,247.676,-11.878,-1554.524,OK,163.017,-11.410,-1510.926,OK,241.570,58.126,-1498.515,Port 0x03: JJH Y femur tracker  s/n:3E4C8801,806494153,1780667169.218633720,1,OK,0.8772257,0.2815181,-0.3159162,-0.2267588,40.898,23.515,-1767.209,0.4476927,3,OK,41.237,23.007,-1767.126,OK,17.792,116.790,-1740.804,OK,-24.356,77.401,-1807.098
3,Port 0x01: JJH Probe  s/n:3E4C880C,806494156,1780667169.268633721,1,Too Few Markers,-3.697314E28,-3.697314E28,-3.697314E28,-3.697314E28,-3.697314E28,-3.697314E28,-3.697314E28,0.0000000,3,Missing,-3.697314E28,-3.697314E28,-3.697314E28,Missing,-3.697314E28,-3.697314E28,-3.697314E28,Missing,-3.697314E28,-3.697314E28,-3.697314E28,Port 0x02: JJH T tibia tracker  s/n:3E4C8800,806494156,1780667169.268633721,1,OK,0.7256222,0.1059349,0.3453448,-0.5856510,248.254,-11.907,-1554.429,0.4795501,3,OK,247.715,-11.994,-1554.220,OK,163.069,-11.566,-1510.704,OK,241.628,58.014,-1498.232,Port 0x03: JJH Y femur tracker  s/n:3E4C8801,806494156,1780667169.268633721,1,OK,0.8729278,0.2837995,-0.3284912,-0.2225948,42.792,23.409,-1770.290,0.4638527,3,OK,43.151,22.897,-1770.173,OK,18.985,116.721,-1744.730,OK,-21.324,77.259,-1812.120
3,Port 0x01: JJH Probe  s/n:3E4C880C,806494159,1780667169.318633721,1,Too Few Markers,-3.697314E28,-3.697314E28,-3.697314E28,-3.697314E28,-3.697314E28,-3.697314E28,-3.697314E28,0.0000000,3,Missing,-3.697314E28,-3.697314E28,-3.697314E28,Missing,-3.697314E28,-3.697314E28,-3.697314E28,Missing,-3.697314E28,-3.697314E28,-3.697314E28,Port 0x02: JJH T tibia tracker  s/n:3E4C8800,806494159,1780667169.318633721,1,OK,0.7258815,0.1059685,0.3445729,-0.5857783,248.285,-11.975,-1554.255,0.5156838,3,OK,247.704,-12.042,-1554.011,OK,163.052,-11.613,-1510.670,OK,241.626,58.012,-1498.148,Port 0x03: JJH Y femur tracker  s/n:3E4C8801,806494159,1780667169.318633721,1,OK,0.8688595,0.2863488,-0.3395781,-0.2185735,44.538,23.237,-1773.072,0.4753782,3,OK,44.901,22.717,-1772.943,OK,20.039,116.566,-1748.191,OK,-18.537,77.014,-1816.581
3,Port 0x01: JJH Probe  s/n:3E4C880C,806494162,1780667169.368633721,1,Too Few Markers,-3.697314E28,-3.697314E28,-3.697314E28,-3.697314E28,-3.697314E28,-3.697314E28,-3.697314E28,0.0000000,3,Missing,-3.697314E28,-3.697314E28,-3.697314E28,Missing,-3.697314E28,-3.697314E28,-3.697314E28,Missing,-3.697314E28,-3.697314E28,-3.697314E28,Port 0x02: JJH T tibia tracker  s/n:3E4C8800,806494162,1780667169.368633721,1,OK,0.7257822,0.1054636,0.3449000,-0.5858000,248.321,-12.061,-1554.062,0.5036073,3,OK,247.750,-12.121,-1553.817,OK,163.146,-11.690,-1510.371,OK,241.687,57.917,-1497.980,Port 0x03: JJH Y femur tracker  s/n:3E4C8801,806494162,1780667169.368633721,1,OK,0.8651941,0.2878980,-0.3494448,-0.2155047,46.251,23.122,-1775.521,0.4686749,3,OK,46.612,22.608,-1775.377,OK,21.281,116.488,-1751.362,OK,-15.791,76.900,-1820.474
3,Port 0x01: JJH Probe  s/n:3E4C880C,806494165,1780667169.418633720,1,Too Few Markers,-3.697314E28,-3.697314E28,-3.697314E28,-3.697314E28,-3.697314E28,-3.697314E28,-3.697314E28,0.0000000,3,Missing,-3.697314E28,-3.697314E28,-3.697314E28,Missing,-3.697314E28,-3.697314E28,-3.697314E28,Missing,-3.697314E28,-3.697314E28,-3.697314E28,Port 0x02: JJH T tibia tracker  s/n:3E4C8800,806494165,1780667169.418633720,1,OK,0.7254765,0.1047605,0.3458004,-0.5857740,248.277,-12.024,-1553.931,0.4537702,3,OK,247.769,-12.118,-1553.742,OK,163.183,-11.654,-1510.004,OK,241.708,57.948,-1497.804,Port 0x03: JJH Y femur tracker  s/n:3E4C8801,806494165,1780667169.418633720,1,OK,0.8615136,0.2902206,-0.3583054,-0.2125641,47.801,23.080,-1777.704,0.4845219,3,OK,48.165,22.574,-1777.541,OK,22.371,116.454,-1753.987,OK,-13.344,76.844,-1823.979
3,Port 0x01: JJH Probe  s/n:3E4C880C,806494168,1780667169.468633720,1,Too Few Markers,-3.697314E28,-3.697314E28,-3.697314E28,-3.697314E28,-3.697314E28,-3.697314E28,-3.697314E28,0.0000000,3,Missing,-3.697314E28,-3.697314E28,-3.697314E28,Missing,-3.697314E28,-3.697314E28,-3.697314E28,Missing,-3.697314E28,-3.697314E28,-3.697314E28,Port 0x02: JJH T tibia tracker  s/n:3E4C8800,806494168,1780667169.468633720,1,OK,0.7254814,0.1044138,0.3458299,-0.5858124,248.235,-12.049,-1553.759,0.4471628,3,OK,247.734,-12.141,-1553.571,OK,163.157,-11.671,-1509.789,OK,241.674,57.942,-1497.666,Port 0x03: JJH Y femur tracker  s/n:3E4C8801,806494168,1780667169.468633720,1,OK,0.8583786,0.2920097,-0.3659854,-0.2096929,49.192,22.967,-1779.677,0.4759227,3,OK,49.545,22.467,-1779.514,OK,23.301,116.343,-1756.456,OK,-11.130,76.677,-1827.055
3,Port 0x01: JJH Probe  s/n:3E4C880C,806494171,1780667169.518633721,1,Too Few Markers,-3.697314E28,-3.697314E28,-3.697314E28,-3.697314E28,-3.697314E28,-3.697314E28,-3.697314E28,0.0000000,3,Missing,-3.697314E28,-3.697314E28,-3.697314E28,Missing,-3.697314E28,-3.697314E28,-3.697314E28,Missing,-3.697314E28,-3.697314E28,-3.697314E28,Port 0x02: JJH T tibia tracker  s/n:3E4C8800,806494171,1780667169.518633721,1,OK,0.7254305,0.1039190,0.3456863,-0.5860481,248.226,-12.098,-1553.643,0.4489639,3,OK,247.721,-12.178,-1553.444,OK,163.167,-11.670,-1509.638,OK,241.702,57.944,-1497.629,Port 0x03: JJH Y femur tracker  s/n:3E4C8801,806494171,1780667169.518633721,1,OK,0.8554177,0.2934966,-0.3729621,-0.2074114,50.515,22.880,-1781.380,0.4781231,3,OK,50.867,22.382,-1781.208,OK,24.287,116.268,-1758.605,OK,-9.025,76.592,-1829.750
3,Port 0x01: JJH Probe  s/n:3E4C880C,806494174,1780667169.568633721,1,Too Few Markers,-3.697314E28,-3.697314E28,-3.697314E28,-3.697314E28,-3.697314E28,-3.697314E28,-3.697314E28,0.0000000,3,Missing,-3.697314E28,-3.697314E28,-3.697314E28,Missing,-3.697314E28,-3.697314E28,-3.697314E28,Missing,-3.697314E28,-3.697314E28,-3.697314E28,Port 0x02: JJH T tibia tracker  s/n:3E4C8800,806494174,1780667169.568633721,1,OK,0.7253811,0.1037628,0.3461069,-0.5858887,248.246,-12.100,-1553.429,0.4371925,3,OK,247.756,-12.185,-1553.241,OK,163.220,-11.710,-1509.347,OK,241.730,57.913,-1497.380,Port 0x03: JJH Y femur tracker  s/n:3E4C8801,806494174,1780667169.568633721,1,OK,0.8527464,0.2946481,-0.3792782,-0.2053145,51.823,22.890,-1782.886,0.4664593,3,OK,52.163,22.383,-1782.728,OK,25.283,116.313,-1760.573,OK,-6.961,76.592,-1832.108
3,Port 0x01: JJH Probe  s/n:3E4C880C,806494177,1780667169.618633721,1,Too Few Markers,-3.697314E28,-3.697314E28,-3.697314E28,-3.697314E28,-3.697314E28,-3.697314E28,-3.697314E28,0.0000000,3,Missing,-3.697314E28,-3.697314E28,-3.697314E28,Missing,-3.697314E28,-3.697314E28,-3.697314E28,Missing,-3.697314E28,-3.697314E28,-3.697314E28,Port 0x02: JJH T tibia tracker  s/n:3E4C8800,806494177,1780667169.618633721,1,OK,0.7253980,0.1037406,0.3461821,-0.5858272,248.160,-12.108,-1553.320,0.4413373,3,OK,247.669,-12.215,-1553.148,OK,163.149,-11.727,-1509.228,OK,241.629,57.913,-1497.248,Port 0x03: JJH Y femur tracker  s/n:3E4C8801,806494177,1780667169.618633721,1,OK,0.8502336,0.2958212,-0.3853046,-0.2028126,52.964,22.725,-1784.431,0.4604019,3,OK,53.303,22.219,-1784.266,OK,26.047,116.134,-1762.609,OK,-5.137,76.368,-1834.500
3,Port 0x01: JJH Probe  s/n:3E4C880C,806494180,1780667169.668633720,1,Too Few Markers,-3.697314E28,-3.697314E28,-3.697314E28,-3.697314E28,-3.697314E28,-3.697314E28,-3.697314E28,0.0000000,3,Missing,-3.697314E28,-3.697314E28,-3.697314E28,Missing,-3.697314E28,-3.697314E28,-3.697314E28,Missing,-3.697314E28,-3.697314E28,-3.697314E28,Port 0x02: JJH T tibia tracker  s/n:3E4C8800,806494180,1780667169.668633720,1,OK,0.7254759,0.1031110,0.3461043,-0.5858879,248.174,-12.131,-1553.203,0.4319367,3,OK,247.690,-12.218,-1553.018,OK,163.174,-11.745,-1509.058,OK,241.655,57.932,-1497.216,Port 0x03: JJH Y femur tracker  s/n:3E4C8801,806494180,1780667169.668633720,1,OK,0.8477196,0.2970892,-0.3907908,-0.2009777,54.158,22.664,-1785.787,0.4609061,3,OK,54.491,22.152,-1785.628,OK,26.977,116.096,-1764.303,OK,-3.280,76.305,-1836.600
3,Port 0x01: JJH Probe  s/n:3E4C880C,806494183,1780667169.718633720,1,Too Few Markers,-3.697314E28,-3.697314E28,-3.697314E28,-3.697314E28,-3.697314E28,-3.697314E28,-3.697314E28,0.0000000,3,Missing,-3.697314E28,-3.697314E28,-3.697314E28,Missing,-3.697314E28,-3.697314E28,-3.697314E28,Missing,-3.697314E28,-3.697314E28,-3.697314E28,Port 0x02: JJH T tibia tracker  s/n:3E4C8800,806494183,1780667169.718633720,1,OK,0.7255208,0.1029159,0.3461390,-0.5858461,248.199,-12.184,-1553.073,0.4333612,3,OK,247.713,-12.271,-1552.888,OK,163.212,-11.809,-1508.910,OK,241.674,57.889,-1497.101,Port 0x03: JJH Y femur tracker  s/n:3E4C8801,806494183,1780667169.718633720,1,OK,0.8453484,0.2976731,-0.3962630,-0.1993803,55.255,22.626,-1786.931,0.4737992,3,OK,55.601,22.121,-1786.738,OK,27.923,116.084,-1765.877,OK,-1.525,76.290,-1838.535
3,Port 0x01: JJH Probe  s/n:3E4C880C,806494186,1780667169.768633721,1,Too Few Markers,-3.697314E28,-3.697314E28,-3.697314E28,-3.697314E28,-3.697314E28,-3.697314E28,-3.697314E28,0.0000000,3,Missing,-3.697314E28,-3.697314E28,-3.697314E28,Missing,-3.697314E28,-3.697314E28,-3.697314E28,Missing,-3.697314E28,-3.697314E28,-3.697314E28,Port 0x02: JJH T tibia tracker  s/n:3E4C8800,806494186,1780667169.768633721,1,OK,0.7249084,0.1026361,0.3457374,-0.5868896,248.790,-11.563,-1552.820,0.4367290,3,OK,248.302,-11.656,-1552.638,OK,163.826,-10.941,-1508.626,OK,242.433,58.612,-1496.943,Port 0x03: JJH Y femur tracker  s/n:3E4C8801,806494186,1780667169.768633721,1,OK,0.8442102,0.2966987,-0.3982901,-0.2016035,56.472,23.602,-1787.171,0.4777567,3,OK,56.818,23.100,-1786.968,OK,29.671,117.220,-1766.183,OK,0.150,77.617,-1838.939
3,Port 0x01: JJH Probe  s/n:3E4C880C,806494189,1780667169.818633721,1,Too Few Markers,-3.697314E28,-3.697314E28,-3.697314E28,-3.697314E28,-3.697314E28,-3.697314E28,-3.697314E28,0.0000000,3,Missing,-3.697314E28,-3.697314E28,-3.697314E28,Missing,-3.697314E28,-3.697314E28,-3.697314E28,Missing,-3.697314E28,-3.697314E28,-3.697314E28,Port 0x02: JJH T tibia tracker  s/n:3E4C8800,806494189,1780667169.818633721,1,OK,0.7253002,0.1026957,0.3461033,-0.5861789,248.675,-11.947,-1552.952,0.4431571,3,OK,248.179,-12.040,-1552.765,OK,163.715,-11.500,-1508.758,OK,242.218,58.169,-1497.010,Port 0x03: JJH Y femur tracker  s/n:3E4C8801,806494189,1780667169.818633721,1,OK,0.8450593,0.2972959,-0.3968056,-0.2000883,55.923,22.971,-1786.981,0.4641801,3,OK,56.260,22.457,-1786.805,OK,28.741,116.489,-1765.978,OK,-0.699,76.742,-1838.583
3,Port 0x01: JJH Probe  s/n:3E4C880C,806494192,1780667169.868633721,1,Too Few Markers,-3.697314E28,-3.697314E28,-3.697314E28,-3.697314E28,-3.697314E28,-3.697314E28,-3.697314E28,0.0000000,3,Missing,-3.697314E28,-3.697314E28,-3.697314E28,Missing,-3.697314E28,-3.697314E28,-3.697314E28,Missing,-3.697314E28,-3.697314E28,-3.697314E28,Port 0x02: JJH T tibia tracker  s/n:3E4C8800,806494192,1780667169.868633721,1,OK,0.7255117,0.1029009,0.3460938,-0.5858867,248.338,-12.097,-1553.014,0.4452934,3,OK,247.837,-12.178,-1552.817,OK,163.356,-11.718,-1508.862,OK,241.824,57.984,-1497.052,Port 0x03: JJH Y femur tracker  s/n:3E4C8801,806494192,1780667169.868633721,1,OK,0.8455758,0.2975166,-0.3953532,-0.2004530,55.274,22.890,-1786.620,0.4781386,3,OK,55.617,22.380,-1786.435,OK,28.120,116.386,-1765.402,OK,-1.564,76.654,-1838.058
3,Port 0x01: JJH Probe  s/n:3E4C880C,806494195,1780667169.918633721,1,Too Few Markers,-3.697314E28,-3.697314E28,-3.697314E28,-3.697314E28,-3.697314E28,-3.697314E28,-3.697314E28,0.0000000,3,Missing,-3.697314E28,-3.697314E28,-3.697314E28,Missing,-3.697314E28,-3.697314E28,-3.697314E28,Missing,-3.697314E28,-3.697314E28,-3.697314E28,Port 0x02: JJH T tibia tracker  s/n:3E4C8800,806494195,1780667169.918633721,1,OK,0.7257065,0.1028306,0.3458754,-0.5857868,248.070,-12.153,-1553.346,0.4377402,3,OK,247.580,-12.241,-1553.159,OK,163.064,-11.790,-1509.222,OK,241.504,57.948,-1497.405,Port 0x03: JJH Y femur tracker  s/n:3E4C8801,806494195,1780667169.918633721,1,OK,0.8471762,0.2970233,-0.3924154,-0.2001996,54.272,22.454,-1786.081,0.4803610,3,OK,54.622,21.945,-1785.891,OK,27.023,115.892,-1764.775,OK,-3.023,76.047,-1837.203
3,Port 0x01: JJH Probe  s/n:3E4C880C,806494198,1780667169.968633714,1,Too Few Markers,-3.697314E28,-3.697314E28,-3.697314E28,-3.697314E28,-3.697314E28,-3.697314E28,-3.697314E28,0.0000000,3,Missing,-3.697314E28,-3.697314E28,-3.697314E28,Missing,-3.697314E28,-3.697314E28,-3.697314E28,Missing,-3.697314E28,-3.697314E28,-3.697314E28,Port 0x02: JJH T tibia tracker  s/n:3E4C8800,806494198,1780667169.968633714,1,OK,0.7257424,0.1028153,0.3453569,-0.5860508,248.079,-11.999,-1553.649,0.4477301,3,OK,247.576,-12.082,-1553.452,OK,163.050,-11.566,-1509.591,OK,241.510,58.150,-1497.773,Port 0x03: JJH Y femur tracker  s/n:3E4C8801,806494198,1780667169.968633714,1,OK,0.8504546,0.2958814,-0.3847715,-0.2028102,52.835,22.575,-1784.463,0.4570770,3,OK,53.169,22.074,-1784.304,OK,25.905,115.978,-1762.580,OK,-5.344,76.186,-1834.471
3,Port 0x01: JJH Probe  s/n:3E4C880C,806494201,1780667170.018633714,1,Too Few Markers,-3.697314E28,-3.697314E28,-3.697314E28,-3.697314E28,-3.697314E28,-3.697314E28,-3.697314E28,0.0000000,3,Missing,-3.697314E28,-3.697314E28,-3.697314E28,Missing,-3.697314E28,-3.697314E28,-3.697314E28,Missing,-3.697314E28,-3.697314E28,-3.697314E28,Port 0x02: JJH T tibia tracker  s/n:3E4C8800,806494201,1780667170.018633714,1,OK,0.7258357,0.1034362,0.3452275,-0.5859023,248.165,-12.019,-1553.944,0.4546977,3,OK,247.655,-12.106,-1553.748,OK,163.098,-11.613,-1509.977,OK,241.550,58.090,-1498.013,Port 0x03: JJH Y femur tracker  s/n:3E4C8801,806494201,1780667170.018633714,1,OK,0.8552800,0.2934155,-0.3736108,-0.2069259,50.602,22.675,-1781.709,0.4746210,3,OK,50.949,22.167,-1781.550,OK,24.299,116.085,-1759.042,OK,-8.868,76.330,-1830.182
3,Port 0x01: JJH Probe  s/n:3E4C880C,806494204,1780667170.068633721,1,Too Few Markers,-3.697314E28,-3.697314E28,-3.697314E28,-3.697314E28,-3.697314E28,-3.697314E28,-3.697314E28,0.0000000,3,Missing,-3.697314E28,-3.697314E28,-3.697314E28,Missing,-3.697314E28,-3.697314E28,-3.697314E28,Missing,-3.697314E28,-3.697314E28,-3.697314E28,Port 0x02: JJH T tibia tracker  s/n:3E4C8800,806494204,1780667170.068633721,1,OK,0.7259325,0.1041437,0.3448858,-0.5858583,248.352,-11.966,-1554.438,0.4676414,3,OK,247.827,-12.057,-1554.237,OK,163.231,-11.562,-1510.597,OK,241.691,58.120,-1498.467,Port 0x03: JJH Y femur tracker  s/n:3E4C8801,806494204,1780667170.068633721,1,OK,0.8615428,0.2895808,-0.3586253,-0.2127791,47.943,23.005,-1777.723,0.4827948,3,OK,48.313,22.505,-1777.547,OK,22.600,116.406,-1754.132,OK,-13.144,76.798,-1824.057
3,Port 0x01: JJH Probe  s/n:3E4C880C,806494207,1780667170.118633721,1,Too Few Markers,-3.697314E28,-3.697314E28,-3.697314E28,-3.697314E28,-3.697314E28,-3.697314E28,-3.697314E28,0.0000000,3,Missing,-3.697314E28,-3.697314E28,-3.697314E28,Missing,-3.697314E28,-3.697314E28,-3.697314E28,Missing,-3.697314E28,-3.697314E28,-3.697314E28,Port 0x02: JJH T tibia tracker  s/n:3E4C8800,806494207,1780667170.118633721,1,OK,0.7261520,0.1053463,0.3437454,-0.5860413,248.399,-11.818,-1555.061,0.5163180,3,OK,247.818,-11.895,-1554.823,OK,163.144,-11.377,-1511.526,OK,241.688,58.292,-1499.098,Port 0x03: JJH Y femur tracker  s/n:3E4C8801,806494207,1780667170.118633721,1,OK,0.8686992,0.2859369,-0.3399225,-0.2192131,44.852,23.326,-1773.357,0.4649619,3,OK,45.202,22.799,-1773.246,OK,20.487,116.712,-1748.528,OK,-18.096,77.189,-1816.860
3,Port 0x01: JJH Probe  s/n:3E4C880C,806494210,1780667170.168633721,1,Too Few Markers,-3.697314E28,-3.697314E28,-3.697314E28,-3.697314E28,-3.697314E28,-3.697314E28,-3.697314E28,0.0000000,3,Missing,-3.697314E28,-3.697314E28,-3.697314E28,Missing,-3.697314E28,-3.697314E28,-3.697314E28,Missing,-3.697314E28,-3.697314E28,-3.697314E28,Port 0x02: JJH T tibia tracker  s/n:3E4C8800,806494210,1780667170.168633721,1,OK,0.7259967,0.1045979,0.3441650,-0.5861216,248.288,-11.732,-1555.629,0.4479486,3,OK,247.786,-11.822,-1555.440,OK,163.078,-11.243,-1511.910,OK,241.591,58.376,-1499.696,Port 0x03: JJH Y femur tracker  s/n:3E4C8801,806494210,1780667170.168633721,1,OK,0.8759862,0.2819049,-0.3196838,-0.2257876,41.591,23.453,-1768.181,0.4594557,3,OK,41.936,22.938,-1768.091,OK,18.350,116.781,-1742.036,OK,-23.314,77.346,-1808.669
3,Port 0x01: JJH Probe  s/n:3E4C880C,806494213,1780667170.218633714,1,Too Few Markers,-3.697314E28,-3.697314E28,-3.697314E28,-3.697314E28,-3.697314E28,-3.697314E28,-3.697314E28,0.0000000,3,Missing,-3.697314E28,-3.697314E28,-3.697314E28,Missing,-3.697314E28,-3.697314E28,-3.697314E28,Missing,-3.697314E28,-3.697314E28,-3.697314E28,Port 0x02: JJH T tibia tracker  s/n:3E4C8800,806494213,1780667170.218633714,1,OK,0.7259957,0.1045946,0.3435954,-0.5864575,248.355,-11.586,-1556.072,0.4545230,3,OK,247.841,-11.656,-1555.864,OK,163.125,-11.005,-1512.423,OK,241.659,58.556,-1500.224,Port 0x03: JJH Y femur tracker  s/n:3E4C8801,806494213,1780667170.218633714,1,OK,0.8835812,0.2760926,-0.2975399,-0.2335107,38.481,23.814,-1762.161,0.4583216,3,OK,38.851,23.318,-1762.058,OK,16.715,117.103,-1734.866,OK,-28.334,77.851,-1799.285
3,Port 0x01: JJH Probe  s/n:3E4C880C,806494216,1780667170.268633714,1,Too Few Markers,-3.697314E28,-3.697314E28,-3.697314E28,-3.697314E28,-3.697314E28,-3.697314E28,-3.697314E28,0.0000000,3,Missing,-3.697314E28,-3.697314E28,-3.697314E28,Missing,-3.697314E28,-3.697314E28,-3.697314E28,Missing,-3.697314E28,-3.697314E28,-3.697314E28,Port 0x02: JJH T tibia tracker  s/n:3E4C8800,806494216,1780667170.268633714,1,OK,0.7260628,0.1046933,0.3432677,-0.5865487,248.229,-11.478,-1556.515,0.4485479,3,OK,247.719,-11.531,-1556.296,OK,162.963,-10.869,-1512.916,OK,241.516,58.669,-1500.706,Port 0x03: JJH Y femur tracker  s/n:3E4C8801,806494216,1780667170.268633714,1,OK,0.8911891,0.2704713,-0.2727511,-0.2413174,35.327,23.978,-1755.647,0.4466424,3,OK,35.687,23.474,-1755.583,OK,15.067,117.207,-1727.024,OK,-33.394,78.087,-1788.868
3,Port 0x01: JJH Probe  s/n:3E4C880C,806494219,1780667170.318633721,1,Too Few Markers,-3.697314E28,-3.697314E28,-3.697314E28,-3.697314E28,-3.697314E28,-3.697314E28,-3.697314E28,0.0000000,3,Missing,-3.697314E28,-3.697314E28,-3.697314E28,Missing,-3.697314E28,-3.697314E28,-3.697314E28,Missing,-3.697314E28,-3.697314E28,-3.697314E28,Port 0x02: JJH T tibia tracker  s/n:3E4C8800,806494219,1780667170.318633721,1,OK,0.7258581,0.1048327,0.3427601,-0.5870738,248.085,-11.068,-1557.081,0.4305459,3,OK,247.596,-11.125,-1556.877,OK,162.781,-10.316,-1513.526,OK,241.410,59.122,-1501.324,Port 0x03: JJH Y femur tracker  s/n:3E4C8801,806494219,1780667170.318633721,1,OK,0.8983603,0.2646588,-0.2463298,-0.2494517,32.460,24.323,-1748.510,0.4526521,3,OK,32.824,23.808,-1748.473,OK,13.894,117.476,-1718.478,OK,-38.074,78.519,-1777.512
3,Port 0x01: JJH Probe  s/n:3E4C880C,806494222,1780667170.368633721,1,Too Few Markers,-3.697314E28,-3.697314E28,-3.697314E28,-3.697314E28,-3.697314E28,-3.697314E28,-3.697314E28,0.0000000,3,Missing,-3.697314E28,-3.697314E28,-3.697314E28,Missing,-3.697314E28,-3.697314E28,-3.697314E28,Missing,-3.697314E28,-3.697314E28,-3.697314E28,Port 0x02: JJH T tibia tracker  s/n:3E4C8800,806494222,1780667170.368633721,1,OK,0.7257406,0.1050709,0.3418325,-0.5877169,247.993,-10.685,-1557.794,0.4398277,3,OK,247.498,-10.770,-1557.609,OK,162.644,-9.754,-1514.364,OK,241.329,59.602,-1502.106,Port 0x03: JJH Y femur tracker  s/n:3E4C8801,806494222,1780667170.368633721,1,OK,0.9048950,0.2587857,-0.2185353,-0.2577542,29.963,24.615,-1740.997,0.4381513,3,OK,30.303,24.104,-1740.999,OK,13.241,117.661,-1709.524,OK,-42.171,78.883,-1765.460
3,Port 0x01: JJH Probe  s/n:3E4C880C,806494225,1780667170.418633721,1,Too Few Markers,-3.697314E28,-3.697314E28,-3.697314E28,-3.697314E28,-3.697314E28,-3.697314E28,-3.697314E28,0.0000000,3,Missing,-3.697314E28,-3.697314E28,-3.697314E28,Missing,-3.697314E28,-3.697314E28,-3.697314E28,Missing,-3.697314E28,-3.697314E28,-3.697314E28,Port 0x02: JJH T tibia tracker  s/n:3E4C8800,806494225,1780667170.418633721,1,OK,0.7255616,0.1045809,0.3403775,-0.5888687,247.804,-10.314,-1558.540,0.4554820,3,OK,247.284,-10.356,-1558.313,OK,162.410,-9.102,-1515.226,OK,241.226,60.135,-1503.113,Port 0x03: JJH Y femur tracker  s/n:3E4C8801,806494225,1780667170.418633721,1,OK,0.9108398,0.2516432,-0.1907127,-0.2658482,27.859,24.877,-1733.273,0.4399510,3,OK,28.212,24.374,-1733.285,OK,13.121,117.848,-1700.674,OK,-45.627,79.220,-1753.210
3,Port 0x01: JJH Probe  s/n:3E4C880C,806494228,1780667170.468633714,1,Too Few Markers,-3.697314E28,-3.697314E28,-3.697314E28,-3.697314E28,-3.697314E28,-3.697314E28,-3.697314E28,0.0000000,3,Missing,-3.697314E28,-3.697314E28,-3.697314E28,Missing,-3.697314E28,-3.697314E28,-3.697314E28,Missing,-3.697314E28,-3.697314E28,-3.697314E28,Port 0x02: JJH T tibia tracker  s/n:3E4C8800,806494228,1780667170.468633714,1,OK,0.7249922,0.1046794,0.3399040,-0.5898253,247.543,-9.721,-1559.371,0.4293968,3,OK,247.061,-9.807,-1559.196,OK,162.126,-8.263,-1516.057,OK,241.089,60.825,-1503.979,Port 0x03: JJH Y femur tracker  s/n:3E4C8801,806494228,1780667170.468633714,1,OK,0.9159694,0.2441948,-0.1621959,-0.2739734,26.305,25.327,-1725.456,0.4425265,3,OK,26.662,24.819,-1725.490,OK,13.649,118.221,-1691.831,OK,-48.223,79.767,-1740.673
3,Port 0x01: JJH Probe  s/n:3E4C880C,806494231,1780667170.518633714,1,Too Few Markers,-3.697314E28,-3.697314E28,-3.697314E28,-3.697314E28,-3.697314E28,-3.697314E28,-3.697314E28,0.0000000,3,Missing,-3.697314E28,-3.697314E28,-3.697314E28,Missing,-3.697314E28,-3.697314E28,-3.697314E28,Missing,-3.697314E28,-3.697314E28,-3.697314E28,Port 0x02: JJH T tibia tracker  s/n:3E4C8800,806494231,1780667170.518633714,1,OK,0.7251497,0.1044383,0.3392798,-0.5900337,247.039,-9.739,-1559.973,0.4355442,3,OK,246.547,-9.815,-1559.787,OK,161.598,-8.222,-1516.724,OK,240.557,60.871,-1504.682,Port 0x03: JJH Y femur tracker  s/n:3E4C8801,806494231,1780667170.518633714,1,OK,0.9202712,0.2369721,-0.1339610,-0.2810688,25.120,25.273,-1717.885,0.4392500,3,OK,25.476,24.771,-1717.939,OK,14.442,118.061,-1683.338,OK,-50.220,79.693,-1728.421
3,Port 0x01: JJH Probe  s/n:3E4C880C,806494234,1780667170.568633721,1,Too Few Markers,-3.697314E28,-3.697314E28,-3.697314E28,-3.697314E28,-3.697314E28,-3.697314E28,-3.697314E28,0.0000000,3,Missing,-3.697314E28,-3.697314E28,-3.697314E28,Missing,-3.697314E28,-3.697314E28,-3.697314E28,Missing,-3.697314E28,-3.697314E28,-3.697314E28,Port 0x02: JJH T tibia tracker  s/n:3E4C8800,806494234,1780667170.568633721,1,OK,0.7250626,0.1045760,0.3386427,-0.5904822,246.542,-9.480,-1560.389,0.4240272,3,OK,246.059,-9.532,-1560.190,OK,161.047,-7.846,-1517.216,OK,240.083,61.161,-1505.182,Port 0x03: JJH Y femur tracker  s/n:3E4C8801,806494234,1780667170.568633721,1,OK,0.9233510,0.2300624,-0.1065704,-0.2883348,24.511,25.802,-1710.192,0.4360951,3,OK,24.867,25.310,-1710.263,OK,15.938,118.473,-1674.788,OK,-51.297,80.286,-1716.133
3,Port 0x01: JJH Probe  s/n:3E4C880C,806494237,1780667170.618633721,1,Too Few Markers,-3.697314E28,-3.697314E28,-3.697314E28,-3.697314E28,-3.697314E28,-3.697314E28,-3.697314E28,0.0000000,3,Missing,-3.697314E28,-3.697314E28,-3.697314E28,Missing,-3.697314E28,-3.697314E28,-3.697314E28,Missing,-3.697314E28,-3.697314E28,-3.697314E28,Port 0x02: JJH T tibia tracker  s/n:3E4C8800,806494237,1780667170.618633721,1,OK,0.7254284,0.1052362,0.3390424,-0.5896857,245.827,-9.860,-1560.768,0.4358588,3,OK,245.334,-9.934,-1560.581,OK,160.323,-8.406,-1517.650,OK,239.239,60.685,-1505.415,Port 0x03: JJH Y femur tracker  s/n:3E4C8801,806494237,1780667170.618633721,1,OK,0.9258310,0.2226106,-0.0797954,-0.2948121,24.206,25.630,-1702.759,0.4372998,3,OK,24.566,25.144,-1702.846,OK,17.659,118.218,-1666.750,OK,-51.833,80.115,-1704.246
3,Port 0x01: JJH Probe  s/n:3E4C880C,806494240,1780667170.668633721,1,Too Few Markers,-3.697314E28,-3.697314E28,-3.697314E28,-3.697314E28,-3.697314E28,-3.697314E28,-3.697314E28,0.0000000,3,Missing,-3.697314E28,-3.697314E28,-3.697314E28,Missing,-3.697314E28,-3.697314E28,-3.697314E28,Missing,-3.697314E28,-3.697314E28,-3.697314E28,Port 0x02: JJH T tibia tracker  s/n:3E4C8800,806494240,1780667170.668633721,1,OK,0.7254000,0.1055313,0.3386866,-0.5898724,245.200,-9.688,-1561.222,0.4184154,3,OK,244.727,-9.760,-1561.043,OK,159.648,-8.174,-1518.161,OK,238.603,60.859,-1505.884,Port 0x03: JJH Y femur tracker  s/n:3E4C8801,806494240,1780667170.668633721,1,OK,0.9273498,0.2156662,-0.0529161,-0.3011815,24.430,26.015,-1695.442,0.4465098,3,OK,24.791,25.519,-1695.553,OK,19.951,118.487,-1658.810,OK,-51.566,80.507,-1692.415
3,Port 0x01: JJH Probe  s/n:3E4C880C,806494243,1780667170.718633714,1,Too Few Markers,-3.697314E28,-3.697314E28,-3.697314E28,-3.697314E28,-3.697314E28,-3.697314E28,-3.697314E28,0.0000000,3,Missing,-3.697314E28,-3.697314E28,-3.697314E28,Missing,-3.697314E28,-3.697314E28,-3.697314E28,Missing,-3.697314E28,-3.697314E28,-3.697314E28,Port 0x02: JJH T tibia tracker  s/n:3E4C8800,806494243,1780667170.718633714,1,OK,0.7259048,0.1059230,0.3385638,-0.5892512,244.513,-10.107,-1561.543,0.4418956,3,OK,244.010,-10.167,-1561.341,OK,158.921,-8.746,-1518.594,OK,237.789,60.395,-1506.168,Port 0x03: JJH Y femur tracker  s/n:3E4C8801,806494243,1780667170.718633714,1,OK,0.9282519,0.2077943,-0.0270616,-0.3073069,25.074,26.007,-1688.283,0.4479104,3,OK,25.444,25.522,-1688.407,OK,22.676,118.408,-1651.358,OK,-50.618,80.545,-1680.979
3,Port 0x01: JJH Probe  s/n:3E4C880C,806494246,1780667170.768633714,1,Too Few Markers,-3.697314E28,-3.697314E28,-3.697314E28,-3.697314E28,-3.697314E28,-3.697314E28,-3.697314E28,0.0000000,3,Missing,-3.697314E28,-3.697314E28,-3.697314E28,Missing,-3.697314E28,-3.697314E28,-3.697314E28,Missing,-3.697314E28,-3.697314E28,-3.697314E28,Port 0x02: JJH T tibia tracker  s/n:3E4C8800,806494246,1780667170.768633714,1,OK,0.7261804,0.1061690,0.3387161,-0.5887798,243.756,-10.214,-1561.625,0.4381489,3,OK,243.257,-10.270,-1561.421,OK,158.144,-8.960,-1518.703,OK,236.950,60.233,-1506.199,Port 0x03: JJH Y femur tracker  s/n:3E4C8801,806494246,1780667170.768633714,1,OK,0.9284097,0.2004006,-0.0020550,-0.3128751,26.028,26.118,-1681.247,0.4556245,3,OK,26.404,25.633,-1681.390,OK,25.632,118.443,-1644.076,OK,-49.171,80.665,-1669.818
3,Port 0x01: JJH Probe  s/n:3E4C880C,806494249,1780667170.818633721,1,Too Few Markers,-3.697314E28,-3.697314E28,-3.697314E28,-3.697314E28,-3.697314E28,-3.697314E28,-3.697314E28,0.0000000,3,Missing,-3.697314E28,-3.697314E28,-3.697314E28,Missing,-3.697314E28,-3.697314E28,-3.697314E28,Missing,-3.697314E28,-3.697314E28,-3.697314E28,Port 0x02: JJH T tibia tracker  s/n:3E4C8800,806494249,1780667170.818633721,1,OK,0.7264565,0.1066541,0.3393292,-0.5879979,243.010,-10.542,-1561.919,0.4173491,3,OK,242.537,-10.609,-1561.737,OK,157.383,-9.467,-1518.984,OK,236.100,59.790,-1506.355,Port 0x03: JJH Y femur tracker  s/n:3E4C8801,806494249,1780667170.818633721,1,OK,0.9279276,0.1932699,0.0219199,-0.3179885,27.276,26.240,-1674.956,0.4709753,3,OK,27.660,25.742,-1675.122,OK,28.790,118.488,-1637.634,OK,-47.231,80.794,-1659.593
3,Port 0x01: JJH Probe  s/n:3E4C880C,806494252,1780667170.868633719,1,Too Few Markers,-3.697314E28,-3.697314E28,-3.697314E28,-3.697314E28,-3.697314E28,-3.697314E28,-3.697314E28,0.0000000,3,Missing,-3.697314E28,-3.697314E28,-3.697314E28,Missing,-3.697314E28,-3.697314E28,-3.697314E28,Missing,-3.697314E28,-3.697314E28,-3.697314E28,Port 0x02: JJH T tibia tracker  s/n:3E4C8800,806494252,1780667170.868633719,1,OK,0.7269018,0.1065093,0.3391874,-0.5875555,242.278,-10.635,-1562.112,0.4225870,3,OK,241.797,-10.697,-1561.921,OK,156.638,-9.658,-1519.216,OK,235.257,59.693,-1506.566,Port 0x03: JJH Y femur tracker  s/n:3E4C8801,806494252,1780667170.868633719,1,OK,0.9268565,0.1865998,0.0443166,-0.3227284,28.733,26.210,-1668.752,0.4674894,3,OK,29.112,25.722,-1668.934,OK,32.081,118.367,-1631.359,OK,-44.931,80.768,-1649.742
3,Port 0x01: JJH Probe  s/n:3E4C880C,806494255,1780667170.918633719,1,Too Few Markers,-3.697314E28,-3.697314E28,-3.697314E28,-3.697314E28,-3.697314E28,-3.697314E28,-3.697314E28,0.0000000,3,Missing,-3.697314E28,-3.697314E28,-3.697314E28,Missing,-3.697314E28,-3.697314E28,-3.697314E28,Missing,-3.697314E28,-3.697314E28,-3.697314E28,Port 0x02: JJH T tibia tracker  s/n:3E4C8800,806494255,1780667170.918633719,1,OK,0.7270356,0.1070042,0.3391988,-0.5872934,241.673,-10.776,-1562.523,0.4285245,3,OK,241.191,-10.865,-1562.352,OK,156.006,-9.855,-1519.690,OK,234.596,59.528,-1506.900,Port 0x03: JJH Y femur tracker  s/n:3E4C8801,806494255,1780667170.918633719,1,OK,0.9254668,0.1803526,0.0638469,-0.3269676,30.383,26.322,-1663.342,0.4666092,3,OK,30.760,25.843,-1663.537,OK,35.381,118.420,-1626.022,OK,-42.373,80.927,-1641.195
3,Port 0x01: JJH Probe  s/n:3E4C880C,806494258,1780667170.968633719,1,Too Few Markers,-3.697314E28,-3.697314E28,-3.697314E28,-3.697314E28,-3.697314E28,-3.697314E28,-3.697314E28,0.0000000,3,Missing,-3.697314E28,-3.697314E28,-3.697314E28,Missing,-3.697314E28,-3.697314E28,-3.697314E28,Missing,-3.697314E28,-3.697314E28,-3.697314E28,Port 0x02: JJH T tibia tracker  s/n:3E4C8800,806494258,1780667170.968633719,1,OK,0.7273186,0.1056581,0.3380582,-0.5878440,241.103,-10.348,-1562.709,0.4335723,3,OK,240.610,-10.414,-1562.516,OK,155.435,-9.286,-1519.897,OK,234.008,60.142,-1507.366,Port 0x03: JJH Y femur tracker  s/n:3E4C8801,806494258,1780667170.968633719,1,OK,0.9236928,0.1738244,0.0847538,-0.3307470,32.192,26.219,-1657.755,0.4750183,3,OK,32.574,25.741,-1657.967,OK,38.826,118.239,-1620.538,OK,-39.526,80.779,-1632.288
3,Port 0x01: JJH Probe  s/n:3E4C880C,806494261,1780667171.018633719,1,Too Few Markers,-3.697314E28,-3.697314E28,-3.697314E28,-3.697314E28,-3.697314E28,-3.697314E28,-3.697314E28,0.0000000,3,Missing,-3.697314E28,-3.697314E28,-3.697314E28,Missing,-3.697314E28,-3.697314E28,-3.697314E28,Missing,-3.697314E28,-3.697314E28,-3.697314E28,Port 0x02: JJH T tibia tracker  s/n:3E4C8800,806494261,1780667171.018633719,1,OK,0.7274479,0.1054985,0.3380125,-0.5877391,240.562,-10.355,-1563.473,0.4094693,3,OK,240.104,-10.448,-1563.317,OK,154.874,-9.308,-1520.643,OK,233.426,60.161,-1508.129,Port 0x03: JJH Y femur tracker  s/n:3E4C8801,806494261,1780667171.018633719,1,OK,0.9218107,0.1686978,0.1011823,-0.3340181,33.881,26.373,-1653.530,0.4913511,3,OK,34.260,25.870,-1653.767,OK,41.880,118.348,-1616.426,OK,-36.853,80.953,-1625.470
3,Port 0x01: JJH Probe  s/n:3E4C880C,806494264,1780667171.068633719,1,Too Few Markers,-3.697314E28,-3.697314E28,-3.697314E28,-3.697314E28,-3.697314E28,-3.697314E28,-3.697314E28,0.0000000,3,Missing,-3.697314E28,-3.697314E28,-3.697314E28,Missing,-3.697314E28,-3.697314E28,-3.697314E28,Missing,-3.697314E28,-3.697314E28,-3.697314E28,Port 0x02: JJH T tibia tracker  s/n:3E4C8800,806494264,1780667171.068633719,1,OK,0.7275894,0.1051484,0.3373114,-0.5880294,240.041,-10.029,-1563.738,0.4292124,3,OK,239.560,-10.125,-1563.573,OK,154.343,-8.906,-1520.977,OK,232.886,60.583,-1508.505,Port 0x03: JJH Y femur tracker  s/n:3E4C8801,806494264,1780667171.068633719,1,OK,0.9194804,0.1631402,0.1194276,-0.3371618,35.887,26.414,-1648.771,0.4944451,3,OK,36.261,25.910,-1649.024,OK,45.326,118.305,-1611.816,OK,-33.695,80.944,-1617.866
3,Port 0x01: JJH Probe  s/n:3E4C880C,806494267,1780667171.118633719,1,Too Few Markers,-3.697314E28,-3.697314E28,-3.697314E28,-3.697314E28,-3.697314E28,-3.697314E28,-3.697314E28,0.0000000,3,Missing,-3.697314E28,-3.697314E28,-3.697314E28,Missing,-3.697314E28,-3.697314E28,-3.697314E28,Missing,-3.697314E28,-3.697314E28,-3.697314E28,Port 0x02: JJH T tibia tracker  s/n:3E4C8800,806494267,1780667171.118633719,1,OK,0.7278078,0.1044084,0.3367397,-0.5882186,239.459,-10.267,-1564.360,0.4248911,3,OK,238.982,-10.357,-1564.192,OK,153.754,-9.092,-1521.605,OK,232.275,60.441,-1509.269,Port 0x03: JJH Y femur tracker  s/n:3E4C8801,806494267,1780667171.118633719,1,OK,0.9169220,0.1578047,0.1369881,-0.3399793,37.833,26.174,-1644.423,0.5143897,3,OK,38.208,25.646,-1644.703,OK,48.631,117.994,-1607.640,OK,-30.544,80.643,-1610.811
3,Port 0x01: JJH Probe  s/n:3E4C880C,806494270,1780667171.168633719,1,Too Few Markers,-3.697314E28,-3.697314E28,-3.697314E28,-3.697314E28,-3.697314E28,-3.697314E28,-3.697314E28,0.0000000,3,Missing,-3.697314E28,-3.697314E28,-3.697314E28,Missing,-3.697314E28,-3.697314E28,-3.697314E28,Missing,-3.697314E28,-3.697314E28,-3.697314E28,Port 0x02: JJH T tibia tracker  s/n:3E4C8800,806494270,1780667171.168633719,1,OK,0.7277785,0.1035469,0.3353818,-0.5891821,238.937,-10.003,-1564.773,0.4327238,3,OK,238.446,-10.068,-1564.581,OK,153.208,-8.586,-1522.093,OK,231.802,60.889,-1509.951,Port 0x03: JJH Y femur tracker  s/n:3E4C8801,806494270,1780667171.168633719,1,OK,0.9136224,0.1509279,0.1569940,-0.3433188,40.464,26.148,-1639.308,0.5090716,3,OK,40.836,25.641,-1639.599,OK,52.859,117.901,-1602.935,OK,-26.389,80.594,-1602.702
3,Port 0x01: JJH Probe  s/n:3E4C880C,806494273,1780667171.218633719,1,Too Few Markers,-3.697314E28,-3.697314E28,-3.697314E28,-3.697314E28,-3.697314E28,-3.697314E28,-3.697314E28,0.0000000,3,Missing,-3.697314E28,-3.697314E28,-3.697314E28,Missing,-3.697314E28,-3.697314E28,-3.697314E28,Missing,-3.697314E28,-3.697314E28,-3.697314E28,Port 0x02: JJH T tibia tracker  s/n:3E4C8800,806494273,1780667171.218633719,1,OK,0.7271672,0.1025192,0.3340065,-0.5908954,238.556,-9.284,-1565.949,0.4096749,3,OK,238.097,-9.373,-1565.792,OK,152.812,-7.438,-1523.261,OK,231.603,61.869,-1511.403,Port 0x03: JJH Y femur tracker  s/n:3E4C8801,806494273,1780667171.218633719,1,OK,0.9096615,0.1446704,0.1771144,-0.3467232,43.351,26.610,-1634.597,0.5443959,3,OK,43.734,26.069,-1634.925,OK,57.377,118.261,-1598.561,OK,-21.806,81.053,-1594.978
3,Port 0x01: JJH Probe  s/n:3E4C880C,806494276,1780667171.268633719,1,Too Few Markers,-3.697314E28,-3.697314E28,-3.697314E28,-3.697314E28,-3.697314E28,-3.697314E28,-3.697314E28,0.0000000,3,Missing,-3.697314E28,-3.697314E28,-3.697314E28,Missing,-3.697314E28,-3.697314E28,-3.697314E28,Missing,-3.697314E28,-3.697314E28,-3.697314E28,Port 0x02: JJH T tibia tracker  s/n:3E4C8800,806494276,1780667171.268633719,1,OK,0.7271661,0.1001589,0.3318797,-0.5924977,238.076,-9.117,-1566.733,0.4183917,3,OK,237.601,-9.183,-1566.553,OK,152.334,-6.882,-1524.065,OK,231.225,62.415,-1512.702,Port 0x03: JJH Y femur tracker  s/n:3E4C8801,806494276,1780667171.268633719,1,OK,0.9053661,0.1382604,0.1973683,-0.3496313,46.339,26.140,-1629.762,0.5684010,3,OK,46.725,25.578,-1630.123,OK,61.931,117.695,-1594.132,OK,-17.023,80.506,-1587.185
3,Port 0x01: JJH Probe  s/n:3E4C880C,806494279,1780667171.318633719,1,Too Few Markers,-3.697314E28,-3.697314E28,-3.697314E28,-3.697314E28,-3.697314E28,-3.697314E28,-3.697314E28,0.0000000,3,Missing,-3.697314E28,-3.697314E28,-3.697314E28,Missing,-3.697314E28,-3.697314E28,-3.697314E28,Missing,-3.697314E28,-3.697314E28,-3.697314E28,Port 0x02: JJH T tibia tracker  s/n:3E4C8800,806494279,1780667171.318633719,1,OK,0.7266865,0.0978974,0.3296491,-0.5947052,237.705,-8.520,-1567.805,0.4004186,3,OK,237.248,-8.561,-1567.616,OK,151.963,-5.737,-1525.129,OK,231.061,63.397,-1514.314,Port 0x03: JJH Y femur tracker  s/n:3E4C8801,806494279,1780667171.318633719,1,OK,0.9009477,0.1318986,0.2162708,-0.3523109,49.400,26.093,-1625.261,0.5953535,3,OK,49.790,25.511,-1625.655,OK,66.438,117.567,-1590.128,OK,-12.134,80.423,-1580.000
3,Port 0x01: JJH Probe  s/n:3E4C880C,806494282,1780667171.368633719,1,Too Few Markers,-3.697314E28,-3.697314E28,-3.697314E28,-3.697314E28,-3.697314E28,-3.697314E28,-3.697314E28,0.0000000,3,Missing,-3.697314E28,-3.697314E28,-3.697314E28,Missing,-3.697314E28,-3.697314E28,-3.697314E28,Missing,-3.697314E28,-3.697314E28,-3.697314E28,Port 0x02: JJH T tibia tracker  s/n:3E4C8800,806494282,1780667171.368633719,1,OK,0.7258919,0.0959852,0.3275237,-0.5971566,237.500,-7.758,-1569.007,0.3887157,3,OK,237.059,-7.819,-1568.843,OK,151.773,-4.361,-1526.327,OK,231.115,64.556,-1515.988,Port 0x03: JJH Y femur tracker  s/n:3E4C8801,806494282,1780667171.368633719,1,OK,0.8963946,0.1255901,0.2338779,-0.3549717,52.491,26.155,-1621.154,0.5959377,3,OK,52.866,25.574,-1621.563,OK,70.934,117.577,-1586.610,OK,-7.197,80.476,-1573.480
3,Port 0x01: JJH Probe  s/n:3E4C880C,806494285,1780667171.418633719,1,Too Few Markers,-3.697314E28,-3.697314E28,-3.697314E28,-3.697314E28,-3.697314E28,-3.697314E28,-3.697314E28,0.0000000,3,Missing,-3.697314E28,-3.697314E28,-3.697314E28,Missing,-3.697314E28,-3.697314E28,-3.697314E28,Missing,-3.697314E28,-3.697314E28,-3.697314E28,Port 0x02: JJH T tibia tracker  s/n:3E4C8800,806494285,1780667171.418633719,1,OK,0.7250335,0.0939184,0.3251630,-0.5998123,237.408,-7.020,-1570.135,0.3909709,3,OK,236.967,-7.091,-1569.979,OK,151.708,-2.961,-1527.473,OK,231.310,65.716,-1517.643,Port 0x03: JJH Y femur tracker  s/n:3E4C8801,806494285,1780667171.418633719,1,OK,0.8920457,0.1205317,0.2495563,-0.3569988,55.383,26.101,-1617.417,0.5926986,3,OK,55.735,25.521,-1617.836,OK,75.019,117.436,-1583.317,OK,-2.584,80.343,-1567.618
3,Port 0x01: JJH Probe  s/n:3E4C880C,806494288,1780667171.468633719,1,Too Few Markers,-3.697314E28,-3.697314E28,-3.697314E28,-3.697314E28,-3.697314E28,-3.697314E28,-3.697314E28,0.0000000,3,Missing,-3.697314E28,-3.697314E28,-3.697314E28,Missing,-3.697314E28,-3.697314E28,-3.697314E28,Missing,-3.697314E28,-3.697314E28,-3.697314E28,Port 0x02: JJH T tibia tracker  s/n:3E4C8800,806494288,1780667171.468633719,1,OK,0.7243105,0.0908843,0.3225797,-0.6025419,237.293,-6.346,-1571.256,0.3787468,3,OK,236.865,-6.402,-1571.096,OK,151.627,-1.615,-1528.552,OK,231.492,66.880,-1519.433,Port 0x03: JJH Y femur tracker  s/n:3E4C8801,806494288,1780667171.468633719,1,OK,0.8878226,0.1155267,0.2637577,-0.3589658,58.159,25.935,-1614.148,0.6093598,3,OK,58.507,25.345,-1614.588,OK,78.886,117.201,-1580.563,OK,1.844,80.172,-1562.480
3,Port 0x01: JJH Probe  s/n:3E4C880C,806494291,1780667171.518633719,1,Too Few Markers,-3.697314E28,-3.697314E28,-3.697314E28,-3.697314E28,-3.697314E28,-3.697314E28,-3.697314E28,0.0000000,3,Missing,-3.697314E28,-3.697314E28,-3.697314E28,Missing,-3.697314E28,-3.697314E28,-3.697314E28,Missing,-3.697314E28,-3.697314E28,-3.697314E28,Port 0x02: JJH T tibia tracker  s/n:3E4C8800,806494291,1780667171.518633719,1,OK,0.7235835,0.0886203,0.3197640,-0.6052473,237.273,-5.630,-1572.147,0.3911983,3,OK,236.827,-5.661,-1571.964,OK,151.615,-0.227,-1529.528,OK,231.747,68.032,-1520.949,Port 0x03: JJH Y femur tracker  s/n:3E4C8801,806494291,1780667171.518633719,1,OK,0.8840471,0.1114060,0.2759602,-0.3604101,60.508,26.021,-1611.370,0.6325592,3,OK,60.858,25.413,-1611.837,OK,82.144,117.225,-1578.209,OK,5.623,80.215,-1558.109
3,Port 0x01: JJH Probe  s/n:3E4C880C,806494294,1780667171.568633719,1,Too Few Markers,-3.697314E28,-3.697314E28,-3.697314E28,-3.697314E28,-3.697314E28,-3.697314E28,-3.697314E28,0.0000000,3,Missing,-3.697314E28,-3.697314E28,-3.697314E28,Missing,-3.697314E28,-3.697314E28,-3.697314E28,Missing,-3.697314E28,-3.697314E28,-3.697314E28,Port 0x02: JJH T tibia tracker  s/n:3E4C8800,806494294,1780667171.568633719,1,OK,0.7230200,0.0867384,0.3182791,-0.6069736,237.179,-5.022,-1572.830,0.3802836,3,OK,236.746,-5.061,-1572.659,OK,151.565,0.819,-1530.167,OK,231.847,68.934,-1522.031,Port 0x03: JJH Y femur tracker  s/n:3E4C8801,806494294,1780667171.568633719,1,OK,0.8806676,0.1066669,0.2864298,-0.3619457,62.700,25.999,-1608.878,0.6157713,3,OK,63.039,25.418,-1609.339,OK,85.151,117.212,-1576.343,OK,9.122,80.245,-1554.360
3,Port 0x01: JJH Probe  s/n:3E4C880C,806494297,1780667171.618633719,1,Too Few Markers,-3.697314E28,-3.697314E28,-3.697314E28,-3.697314E28,-3.697314E28,-3.697314E28,-3.697314E28,0.0000000,3,Missing,-3.697314E28,-3.697314E28,-3.697314E28,Missing,-3.697314E28,-3.697314E28,-3.697314E28,Missing,-3.697314E28,-3.697314E28,-3.697314E28,Port 0x02: JJH T tibia tracker  s/n:3E4C8800,806494297,1780667171.618633719,1,OK,0.7225734,0.0839657,0.3162682,-0.6089433,237.087,-4.208,-1573.372,0.3663369,3,OK,236.671,-4.247,-1573.209,OK,151.516,2.129,-1530.654,OK,231.956,70.144,-1523.131,Port 0x03: JJH Y femur tracker  s/n:3E4C8801,806494297,1780667171.618633719,1,OK,0.8773019,0.1033205,0.2963995,-0.3630613,64.857,25.954,-1606.375,0.6125783,3,OK,65.172,25.376,-1606.835,OK,88.022,117.102,-1574.204,OK,12.568,80.147,-1550.632
3,Port 0x01: JJH Probe  s/n:3E4C880C,806494300,1780667171.668633719,1,Too Few Markers,-3.697314E28,-3.697314E28,-3.697314E28,-3.697314E28,-3.697314E28,-3.697314E28,-3.697314E28,0.0000000,3,Missing,-3.697314E28,-3.697314E28,-3.697314E28,Missing,-3.697314E28,-3.697314E28,-3.697314E28,Missing,-3.697314E28,-3.697314E28,-3.697314E28,Port 0x02: JJH T tibia tracker  s/n:3E4C8800,806494300,1780667171.668633719,1,OK,0.7218477,0.0806907,0.3144404,-0.6111891,237.052,-3.216,-1574.216,0.3308906,3,OK,236.682,-3.280,-1574.090,OK,151.565,3.697,-1531.342,OK,232.184,71.566,-1524.567,Port 0x03: JJH Y femur tracker  s/n:3E4C8801,806494300,1780667171.668633719,1,OK,0.8737623,0.0988265,0.3063113,-0.3646179,67.028,25.957,-1603.829,0.6129925,3,OK,67.335,25.388,-1604.293,OK,90.965,117.103,-1572.280,OK,16.085,80.238,-1546.947
3,Port 0x01: JJH Probe  s/n:3E4C880C,806494303,1780667171.718633719,1,Too Few Markers,-3.697314E28,-3.697314E28,-3.697314E28,-3.697314E28,-3.697314E28,-3.697314E28,-3.697314E28,0.0000000,3,Missing,-3.697314E28,-3.697314E28,-3.697314E28,Missing,-3.697314E28,-3.697314E28,-3.697314E28,Missing,-3.697314E28,-3.697314E28,-3.697314E28,Port 0x02: JJH T tibia tracker  s/n:3E4C8800,806494303,1780667171.718633719,1,OK,0.7211162,0.0779319,0.3123920,-0.6134568,237.146,-2.464,-1574.048,0.3594150,3,OK,236.736,-2.484,-1573.876,OK,151.753,5.002,-1531.143,OK,232.566,72.692,-1525.000,Port 0x03: JJH Y femur tracker  s/n:3E4C8801,806494303,1780667171.718633719,1,OK,0.8705550,0.0963508,0.3150841,-0.3654757,68.727,26.055,-1600.855,0.6219291,3,OK,69.017,25.472,-1601.328,OK,93.306,117.125,-1569.562,OK,18.946,80.248,-1542.894
3,Port 0x01: JJH Probe  s/n:3E4C880C,806494306,1780667171.768633719,1,Too Few Markers,-3.697314E28,-3.697314E28,-3.697314E28,-3.697314E28,-3.697314E28,-3.697314E28,-3.697314E28,0.0000000,3,Missing,-3.697314E28,-3.697314E28,-3.697314E28,Missing,-3.697314E28,-3.697314E28,-3.697314E28,Missing,-3.697314E28,-3.697314E28,-3.697314E28,Port 0x02: JJH T tibia tracker  s/n:3E4C8800,806494306,1780667171.768633719,1,OK,0.7201791,0.0760853,0.3132964,-0.6143277,237.138,-2.149,-1572.740,0.3337799,3,OK,236.763,-2.196,-1572.600,OK,151.908,5.501,-1529.468,OK,232.848,73.130,-1523.805,Port 0x03: JJH Y femur tracker  s/n:3E4C8801,806494306,1780667171.768633719,1,OK,0.8682612,0.0934433,0.3212575,-0.3663120,69.777,26.153,-1597.705,0.6285291,3,OK,70.080,25.580,-1598.190,OK,94.816,117.218,-1566.839,OK,20.827,80.400,-1539.046
3,Port 0x01: JJH Probe  s/n:3E4C880C,806494309,1780667171.818633719,1,Too Few Markers,-3.697314E28,-3.697314E28,-3.697314E28,-3.697314E28,-3.697314E28,-3.697314E28,-3.697314E28,0.0000000,3,Missing,-3.697314E28,-3.697314E28,-3.697314E28,Missing,-3.697314E28,-3.697314E28,-3.697314E28,Missing,-3.697314E28,-3.697314E28,-3.697314E28,Port 0x02: JJH T tibia tracker  s/n:3E4C8800,806494309,1780667171.818633719,1,OK,0.7199479,0.0748943,0.3133651,-0.6147098,236.965,-1.982,-1572.034,0.3480396,3,OK,236.570,-2.010,-1571.872,OK,151.825,5.748,-1528.635,OK,232.773,73.374,-1523.240,Port 0x03: JJH Y femur tracker  s/n:3E4C8801,806494309,1780667171.818633719,1,OK,0.8660903,0.0912193,0.3275413,-0.3664469,70.882,26.052,-1595.172,0.6179398,3,OK,71.169,25.491,-1595.649,OK,96.270,117.100,-1564.557,OK,22.736,80.192,-1535.795
3,Port 0x01: JJH Probe  s/n:3E4C880C,806494312,1780667171.868633720,1,Too Few Markers,-3.697314E28,-3.697314E28,-3.697314E28,-3.697314E28,-3.697314E28,-3.697314E28,-3.697314E28,0.0000000,3,Missing,-3.697314E28,-3.697314E28,-3.697314E28,Missing,-3.697314E28,-3.697314E28,-3.697314E28,Missing,-3.697314E28,-3.697314E28,-3.697314E28,Port 0x02: JJH T tibia tracker  s/n:3E4C8800,806494312,1780667171.868633720,1,OK,0.7196637,0.0728287,0.3119368,-0.6160159,236.986,-1.365,-1572.471,0.3330312,3,OK,236.609,-1.394,-1572.318,OK,151.887,6.714,-1529.033,OK,232.911,74.256,-1524.089,Port 0x03: JJH Y femur tracker  s/n:3E4C8801,806494312,1780667171.868633720,1,OK,0.8629833,0.0882549,0.3355548,-0.3672517,72.843,26.019,-1593.346,0.6263431,3,OK,73.112,25.445,-1593.830,OK,98.794,117.043,-1563.115,OK,25.826,80.132,-1533.071
3,Port 0x01: JJH Probe  s/n:3E4C880C,806494315,1780667171.918633720,1,Too Few Markers,-3.697314E28,-3.697314E28,-3.697314E28,-3.697314E28,-3.697314E28,-3.697314E28,-3.697314E28,0.0000000,3,Missing,-3.697314E28,-3.697314E28,-3.697314E28,Missing,-3.697314E28,-3.697314E28,-3.697314E28,Missing,-3.697314E28,-3.697314E28,-3.697314E28,Port 0x02: JJH T tibia tracker  s/n:3E4C8800,806494315,1780667171.918633720,1,OK,0.7191905,0.0690454,0.3095468,-0.6182059,237.116,-0.249,-1572.861,0.3351493,3,OK,236.735,-0.265,-1572.699,OK,152.110,8.393,-1529.350,OK,233.264,75.836,-1525.213,Port 0x03: JJH Y femur tracker  s/n:3E4C8801,806494315,1780667171.918633720,1,OK,0.8604905,0.0855080,0.3422079,-0.3676114,74.319,26.071,-1591.317,0.6358458,3,OK,74.594,25.503,-1591.810,OK,100.660,117.078,-1561.453,OK,28.198,80.153,-1530.307
3,Port 0x01: JJH Probe  s/n:3E4C880C,806494318,1780667171.968633720,1,Too Few Markers,-3.697314E28,-3.697314E28,-3.697314E28,-3.697314E28,-3.697314E28,-3.697314E28,-3.697314E28,0.0000000,3,Missing,-3.697314E28,-3.697314E28,-3.697314E28,Missing,-3.697314E28,-3.697314E28,-3.697314E28,Missing,-3.697314E28,-3.697314E28,-3.697314E28,Port 0x02: JJH T tibia tracker  s/n:3E4C8800,806494318,1780667171.968633720,1,OK,0.7186655,0.0658254,0.3082990,-0.6197892,237.218,0.638,-1572.554,0.3227486,3,OK,236.851,0.642,-1572.386,OK,152.324,9.682,-1528.867,OK,233.585,77.046,-1525.448,Port 0x03: JJH Y femur tracker  s/n:3E4C8801,806494318,1780667171.968633720,1,OK,0.8583183,0.0829849,0.3475586,-0.3682475,75.503,26.184,-1588.938,0.6118718,3,OK,75.750,25.637,-1589.408,OK,102.218,117.203,-1559.449,OK,30.189,80.276,-1527.406
3,Port 0x01: JJH Probe  s/n:3E4C880C,806494321,1780667172.018633720,1,Too Few Markers,-3.697314E28,-3.697314E28,-3.697314E28,-3.697314E28,-3.697314E28,-3.697314E28,-3.697314E28,0.0000000,3,Missing,-3.697314E28,-3.697314E28,-3.697314E28,Missing,-3.697314E28,-3.697314E28,-3.697314E28,Missing,-3.697314E28,-3.697314E28,-3.697314E28,Port 0x02: JJH T tibia tracker  s/n:3E4C8800,806494321,1780667172.018633720,1,OK,0.7182285,0.0647622,0.3089207,-0.6200981,237.233,0.847,-1571.715,0.3279025,3,OK,236.861,0.841,-1571.550,OK,152.450,9.945,-1527.825,OK,233.743,77.314,-1524.661,Port 0x03: JJH Y femur tracker  s/n:3E4C8801,806494321,1780667172.018633720,1,OK,0.8560783,0.0806025,0.3531762,-0.3686458,76.560,26.313,-1586.592,0.6270994,3,OK,76.822,25.762,-1587.083,OK,103.635,117.322,-1557.448,OK,32.015,80.401,-1524.443
3,Port 0x01: JJH Probe  s/n:3E4C880C,806494324,1780667172.068633720,1,Too Few Markers,-3.697314E28,-3.697314E28,-3.697314E28,-3.697314E28,-3.697314E28,-3.697314E28,-3.697314E28,0.0000000,3,Missing,-3.697314E28,-3.697314E28,-3.697314E28,Missing,-3.697314E28,-3.697314E28,-3.697314E28,Missing,-3.697314E28,-3.697314E28,-3.697314E28,Port 0x02: JJH T tibia tracker  s/n:3E4C8800,806494324,1780667172.068633720,1,OK,0.7171596,0.0626957,0.3115811,-0.6202166,237.453,0.907,-1569.593,0.2930453,3,OK,237.125,0.876,-1569.460,OK,152.959,9.997,-1525.080,OK,234.266,77.358,-1522.474,Port 0x03: JJH Y femur tracker  s/n:3E4C8801,806494324,1780667172.068633720,1,OK,0.8554518,0.0797517,0.3547681,-0.3687567,76.479,26.356,-1583.639,0.6125571,3,OK,76.735,25.821,-1584.120,OK,103.652,117.375,-1554.629,OK,32.159,80.439,-1521.340
3,Port 0x01: JJH Probe  s/n:3E4C880C,806494327,1780667172.118633720,1,Too Few Markers,-3.697314E28,-3.697314E28,-3.697314E28,-3.697314E28,-3.697314E28,-3.697314E28,-3.697314E28,0.0000000,3,Missing,-3.697314E28,-3.697314E28,-3.697314E28,Missing,-3.697314E28,-3.697314E28,-3.697314E28,Missing,-3.697314E28,-3.697314E28,-3.697314E28,Port 0x02: JJH T tibia tracker  s/n:3E4C8800,806494327,1780667172.118633720,1,OK,0.7166698,0.0615329,0.3127852,-0.6202931,237.490,0.746,-1567.171,0.3207579,3,OK,237.128,0.737,-1567.007,OK,153.167,9.813,-1522.383,OK,234.472,77.200,-1520.064,Port 0x03: JJH Y femur tracker  s/n:3E4C8801,806494327,1780667172.118633720,1,OK,0.8548724,0.0794163,0.3558710,-0.3691097,76.442,26.388,-1580.930,0.6418469,3,OK,76.704,25.826,-1581.431,OK,103.723,117.385,-1551.967,OK,32.333,80.521,-1518.508
3,Port 0x01: JJH Probe  s/n:3E4C880C,806494330,1780667172.168633720,1,Too Few Markers,-3.697314E28,-3.697314E28,-3.697314E28,-3.697314E28,-3.697314E28,-3.697314E28,-3.697314E28,0.0000000,3,Missing,-3.697314E28,-3.697314E28,-3.697314E28,Missing,-3.697314E28,-3.697314E28,-3.697314E28,Missing,-3.697314E28,-3.697314E28,-3.697314E28,Port 0x02: JJH T tibia tracker  s/n:3E4C8800,806494330,1780667172.168633720,1,OK,0.7163759,0.0605129,0.3118063,-0.6212250,237.540,1.128,-1566.773,0.3095586,3,OK,237.191,1.114,-1566.619,OK,153.232,10.448,-1521.994,OK,234.611,77.733,-1519.910,Port 0x03: JJH Y femur tracker  s/n:3E4C8801,806494330,1780667172.168633720,1,OK,0.8528319,0.0778435,0.3607186,-0.3694595,77.718,26.684,-1579.519,0.7035497,3,OK,78.013,26.085,-1580.073,OK,105.301,117.625,-1550.755,OK,34.302,80.828,-1516.527
3,Port 0x01: JJH Probe  s/n:3E4C880C,806494333,1780667172.218633720,1,Too Few Markers,-3.697314E28,-3.697314E28,-3.697314E28,-3.697314E28,-3.697314E28,-3.697314E28,-3.697314E28,0.0000000,3,Missing,-3.697314E28,-3.697314E28,-3.697314E28,Missing,-3.697314E28,-3.697314E28,-3.697314E28,Missing,-3.697314E28,-3.697314E28,-3.697314E28,Port 0x02: JJH T tibia tracker  s/n:3E4C8800,806494333,1780667172.218633720,1,OK,0.7161223,0.0580978,0.3104077,-0.6224472,237.783,1.695,-1567.483,0.3128633,3,OK,237.431,1.681,-1567.327,OK,153.542,11.340,-1522.652,OK,234.972,78.582,-1521.070,Port 0x03: JJH Y femur tracker  s/n:3E4C8801,806494333,1780667172.218633720,1,OK,0.8491192,0.0850967,0.3719056,-0.3652963,79.374,27.604,-1580.622,1.4654796,3,OK,80.192,26.600,-1581.869,OK,107.146,117.605,-1550.085,OK,36.588,80.826,-1515.005
3,Port 0x01: JJH Probe  s/n:3E4C880C,806494336,1780667172.268633720,1,Too Few Markers,-3.697314E28,-3.697314E28,-3.697314E28,-3.697314E28,-3.697314E28,-3.697314E28,-3.697314E28,0.0000000,3,Missing,-3.697314E28,-3.697314E28,-3.697314E28,Missing,-3.697314E28,-3.697314E28,-3.697314E28,Missing,-3.697314E28,-3.697314E28,-3.697314E28,Port 0x02: JJH T tibia tracker  s/n:3E4C8800,806494336,1780667172.268633720,1,OK,0.7156351,0.0558355,0.3093011,-0.6237640,238.090,2.276,-1568.038,0.2987417,3,OK,237.757,2.245,-1567.901,OK,153.922,12.270,-1523.109,OK,235.446,79.429,-1522.025,Port 0x03: JJH Y femur tracker  s/n:3E4C8801,806494336,1780667172.268633720,1,OK,0.8484022,0.0796819,0.3725860,-0.3674835,80.256,27.281,-1579.149,1.1662142,3,OK,80.872,26.441,-1580.131,OK,108.285,117.660,-1549.712,OK,37.994,80.922,-1514.070
3,Port 0x01: JJH Probe  s/n:3E4C880C,806494339,1780667172.318633720,1,Too Few Markers,-3.697314E28,-3.697314E28,-3.697314E28,-3.697314E28,-3.697314E28,-3.697314E28,-3.697314E28,0.0000000,3,Missing,-3.697314E28,-3.697314E28,-3.697314E28,Missing,-3.697314E28,-3.697314E28,-3.697314E28,Missing,-3.697314E28,-3.697314E28,-3.697314E28,Port 0x02: JJH T tibia tracker  s/n:3E4C8800,806494339,1780667172.318633720,1,OK,0.7153830,0.0546898,0.3085916,-0.6245057,238.238,2.543,-1568.306,0.2837442,3,OK,237.919,2.532,-1568.164,OK,154.091,12.734,-1523.344,OK,235.682,79.811,-1522.533,Port 0x03: JJH Y femur tracker  s/n:3E4C8801,806494339,1780667172.318633720,1,OK,0.8483399,0.0758604,0.3717774,-0.3692509,80.677,27.065,-1578.188,0.8974381,3,OK,81.108,26.377,-1578.925,OK,108.844,117.752,-1549.564,OK,38.675,81.030,-1513.721
3,Port 0x01: JJH Probe  s/n:3E4C880C,806494342,1780667172.368633720,1,Too Few Markers,-3.697314E28,-3.697314E28,-3.697314E28,-3.697314E28,-3.697314E28,-3.697314E28,-3.697314E28,0.0000000,3,Missing,-3.697314E28,-3.697314E28,-3.697314E28,Missing,-3.697314E28,-3.697314E28,-3.697314E28,Missing,-3.697314E28,-3.697314E28,-3.697314E28,Port 0x02: JJH T tibia tracker  s/n:3E4C8800,806494342,1780667172.368633720,1,OK,0.7155294,0.0553227,0.3085711,-0.6242924,238.211,2.479,-1568.177,0.3034107,3,OK,237.870,2.458,-1568.031,OK,154.047,12.617,-1523.294,OK,235.602,79.711,-1522.322,Port 0x03: JJH Y femur tracker  s/n:3E4C8801,806494342,1780667172.368633720,1,OK,0.8478103,0.0811374,0.3740919,-0.3670010,80.370,27.511,-1579.462,1.2877910,3,OK,81.058,26.594,-1580.556,OK,108.469,117.738,-1549.703,OK,38.206,81.011,-1513.990
3,Port 0x01: JJH Probe  s/n:3E4C880C,806494345,1780667172.418633720,1,Too Few Markers,-3.697314E28,-3.697314E28,-3.697314E28,-3.697314E28,-3.697314E28,-3.697314E28,-3.697314E28,0.0000000,3,Missing,-3.697314E28,-3.697314E28,-3.697314E28,Missing,-3.697314E28,-3.697314E28,-3.697314E28,Missing,-3.697314E28,-3.697314E28,-3.697314E28,Port 0x02: JJH T tibia tracker  s/n:3E4C8800,806494345,1780667172.418633720,1,OK,0.7155607,0.0555157,0.3083548,-0.6243462,237.989,2.463,-1567.920,0.3025648,3,OK,237.648,2.465,-1567.761,OK,153.793,12.612,-1523.086,OK,235.378,79.682,-1522.082,Port 0x03: JJH Y femur tracker  s/n:3E4C8801,806494345,1780667172.418633720,1,OK,0.8492143,0.0839232,0.3713732,-0.3658878,79.389,27.689,-1580.415,1.4151219,3,OK,80.178,26.716,-1581.616,OK,107.191,117.781,-1550.142,OK,36.622,81.059,-1514.986
3,Port 0x01: JJH Probe  s/n:3E4C880C,806494348,1780667172.468633720,1,Too Few Markers,-3.697314E28,-3.697314E28,-3.697314E28,-3.697314E28,-3.697314E28,-3.697314E28,-3.697314E28,0.0000000,3,Missing,-3.697314E28,-3.697314E28,-3.697314E28,Missing,-3.697314E28,-3.697314E28,-3.697314E28,Missing,-3.697314E28,-3.697314E28,-3.697314E28,Port 0x02: JJH T tibia tracker  s/n:3E4C8800,806494348,1780667172.468633720,1,OK,0.7157988,0.0565090,0.3082028,-0.6240592,237.752,2.446,-1567.521,0.2992298,3,OK,237.416,2.432,-1567.374,OK,153.477,12.526,-1522.807,OK,235.058,79.616,-1521.571,Port 0x03: JJH Y femur tracker  s/n:3E4C8801,806494348,1780667172.468633720,1,OK,0.8529972,0.0774395,0.3599453,-0.3699166,77.586,26.863,-1579.490,0.6807568,3,OK,77.865,26.280,-1580.022,OK,105.188,117.842,-1550.845,OK,34.142,81.108,-1516.654
3,Port 0x01: JJH Probe  s/n:3E4C880C,806494351,1780667172.518633720,1,Too Few Markers,-3.697314E28,-3.697314E28,-3.697314E28,-3.697314E28,-3.697314E28,-3.697314E28,-3.697314E28,0.0000000,3,Missing,-3.697314E28,-3.697314E28,-3.697314E28,Missing,-3.697314E28,-3.697314E28,-3.697314E28,Missing,-3.697314E28,-3.697314E28,-3.697314E28,Port 0x02: JJH T tibia tracker  s/n:3E4C8800,806494351,1780667172.518633720,1,OK,0.7158994,0.0579769,0.3095255,-0.6231539,237.580,2.173,-1566.889,0.3089391,3,OK,237.234,2.149,-1566.743,OK,153.310,12.008,-1522.147,OK,234.825,79.150,-1520.602,Port 0x03: JJH Y femur tracker  s/n:3E4C8801,806494351,1780667172.518633720,1,OK,0.8561932,0.0797816,0.3520127,-0.3696690,75.453,26.829,-1580.860,0.6388070,3,OK,75.712,26.271,-1581.350,OK,102.580,117.883,-1551.939,OK,30.926,81.174,-1518.946
3,Port 0x01: JJH Probe  s/n:3E4C880C,806494354,1780667172.568633720,1,Too Few Markers,-3.697314E28,-3.697314E28,-3.697314E28,-3.697314E28,-3.697314E28,-3.697314E28,-3.697314E28,0.0000000,3,Missing,-3.697314E28,-3.697314E28,-3.697314E28,Missing,-3.697314E28,-3.697314E28,-3.697314E28,Missing,-3.697314E28,-3.697314E28,-3.697314E28,Port 0x02: JJH T tibia tracker  s/n:3E4C8800,806494354,1780667172.568633720,1,OK,0.7161879,0.0593371,0.3108537,-0.6220322,237.272,1.907,-1566.222,0.2940775,3,OK,236.943,1.872,-1566.090,OK,152.975,11.452,-1521.438,OK,234.406,78.683,-1519.603,Port 0x03: JJH Y femur tracker  s/n:3E4C8801,806494354,1780667172.568633720,1,OK,0.8597044,0.0832952,0.3433223,-0.3689174,72.879,26.931,-1582.828,0.6277782,3,OK,73.146,26.368,-1583.314,OK,99.452,118.020,-1553.421,OK,27.084,81.285,-1521.830
3,Port 0x01: JJH Probe  s/n:3E4C880C,806494357,1780667172.618633720,1,Too Few Markers,-3.697314E28,-3.697314E28,-3.697314E28,-3.697314E28,-3.697314E28,-3.697314E28,-3.697314E28,0.0000000,3,Missing,-3.697314E28,-3.697314E28,-3.697314E28,Missing,-3.697314E28,-3.697314E28,-3.697314E28,Missing,-3.697314E28,-3.697314E28,-3.697314E28,Port 0x02: JJH T tibia tracker  s/n:3E4C8800,806494357,1780667172.618633720,1,OK,0.7167183,0.0607409,0.3116458,-0.6208883,236.973,1.597,-1565.860,0.3024836,3,OK,236.633,1.580,-1565.712,OK,152.614,10.842,-1521.139,OK,233.951,78.190,-1518.975,Port 0x03: JJH Y femur tracker  s/n:3E4C8801,806494357,1780667172.618633720,1,OK,0.8635533,0.0870148,0.3334237,-0.3681476,70.325,26.907,-1585.387,0.6057464,3,OK,70.585,26.348,-1585.852,OK,96.256,118.046,-1555.486,OK,23.165,81.298,-1525.503
3,Port 0x01: JJH Probe  s/n:3E4C880C,806494360,1780667172.668633720,1,Too Few Markers,-3.697314E28,-3.697314E28,-3.697314E28,-3.697314E28,-3.697314E28,-3.697314E28,-3.697314E28,0.0000000,3,Missing,-3.697314E28,-3.697314E28,-3.697314E28,Missing,-3.697314E28,-3.697314E28,-3.697314E28,Missing,-3.697314E28,-3.697314E28,-3.697314E28,Port 0x02: JJH T tibia tracker  s/n:3E4C8800,806494360,1780667172.668633720,1,OK,0.7176381,0.0629233,0.3113259,-0.6197680,236.731,1.287,-1567.140,0.3149251,3,OK,236.377,1.253,-1566.997,OK,152.205,10.272,-1522.722,OK,233.418,77.732,-1520.003,Port 0x03: JJH Y femur tracker  s/n:3E4C8801,806494360,1780667172.668633720,1,OK,0.8664036,0.0908245,0.3259628,-0.3672111,68.653,26.805,-1589.096,0.6344166,3,OK,68.940,26.217,-1589.584,OK,94.063,117.913,-1558.626,OK,20.423,81.152,-1529.967
3,Port 0x01: JJH Probe  s/n:3E4C880C,806494363,1780667172.718633720,1,Too Few Markers,-3.697314E28,-3.697314E28,-3.697314E28,-3.697314E28,-3.697314E28,-3.697314E28,-3.697314E28,0.0000000,3,Missing,-3.697314E28,-3.697314E28,-3.697314E28,Missing,-3.697314E28,-3.697314E28,-3.697314E28,Missing,-3.697314E28,-3.697314E28,-3.697314E28,Port 0x02: JJH T tibia tracker  s/n:3E4C8800,806494363,1780667172.718633720,1,OK,0.7187301,0.0654461,0.3097744,-0.6190183,236.601,1.039,-1570.019,0.3177871,3,OK,236.243,1.011,-1569.873,OK,151.799,9.875,-1526.105,OK,232.952,77.383,-1522.753,Port 0x03: JJH Y femur tracker  s/n:3E4C8801,806494363,1780667172.718633720,1,OK,0.8682977,0.0930815,0.3208035,-0.3667152,68.007,26.770,-1593.899,0.6392735,3,OK,68.304,26.174,-1594.390,OK,93.075,117.877,-1563.122,OK,19.069,81.120,-1535.334
3,Port 0x01: JJH Probe  s/n:3E4C880C,806494366,1780667172.768633720,1,Too Few Markers,-3.697314E28,-3.697314E28,-3.697314E28,-3.697314E28,-3.697314E28,-3.697314E28,-3.697314E28,0.0000000,3,Missing,-3.697314E28,-3.697314E28,-3.697314E28,Missing,-3.697314E28,-3.697314E28,-3.697314E28,Missing,-3.697314E28,-3.697314E28,-3.697314E28,Port 0x02: JJH T tibia tracker  s/n:3E4C8800,806494366,1780667172.768633720,1,OK,0.7197319,0.0675141,0.3080648,-0.6184852,236.721,0.888,-1572.676,0.3159054,3,OK,236.365,0.861,-1572.532,OK,151.663,9.635,-1529.236,OK,232.764,77.179,-1525.352,Port 0x03: JJH Y femur tracker  s/n:3E4C8801,806494366,1780667172.768633720,1,OK,0.8711186,0.0954822,0.3133278,-0.3658706,66.954,26.715,-1598.790,0.6301557,3,OK,67.258,26.127,-1599.271,OK,91.463,117.879,-1567.723,OK,17.001,81.101,-1541.120
3,Port 0x01: JJH Probe  s/n:3E4C880C,806494369,1780667172.818633720,1,Too Few Markers,-3.697314E28,-3.697314E28,-3.697314E28,-3.697314E28,-3.697314E28,-3.697314E28,-3.697314E28,0.0000000,3,Missing,-3.697314E28,-3.697314E28,-3.697314E28,Missing,-3.697314E28,-3.697314E28,-3.697314E28,Missing,-3.697314E28,-3.697314E28,-3.697314E28,Port 0x02: JJH T tibia tracker  s/n:3E4C8800,806494369,1780667172.818633720,1,OK,0.7203822,0.0700844,0.3099784,-0.6164828,236.864,0.151,-1572.200,0.3234344,3,OK,236.499,0.116,-1572.056,OK,151.751,8.386,-1528.796,OK,232.671,76.092,-1524.327,Port 0x03: JJH Y femur tracker  s/n:3E4C8801,806494369,1780667172.818633720,1,OK,0.8767183,0.1008789,0.2973890,-0.3643464,63.605,26.627,-1602.662,0.5966923,3,OK,63.911,26.065,-1603.108,OK,86.999,117.880,-1570.975,OK,11.607,81.097,-1546.941
3,Port 0x01: JJH Probe  s/n:3E4C880C,806494372,1780667172.868633720,1,Too Few Markers,-3.697314E28,-3.697314E28,-3.697314E28,-3.697314E28,-3.697314E28,-3.697314E28,-3.697314E28,0.0000000,3,Missing,-3.697314E28,-3.697314E28,-3.697314E28,Missing,-3.697314E28,-3.697314E28,-3.697314E28,Missing,-3.697314E28,-3.697314E28,-3.697314E28,Port 0x02: JJH T tibia tracker  s/n:3E4C8800,806494372,1780667172.868633720,1,OK,0.7211935,0.0750260,0.3138968,-0.6129599,236.800,-1.239,-1570.415,0.3451189,3,OK,236.413,-1.293,-1570.271,OK,151.618,6.081,-1527.036,OK,232.269,74.027,-1521.476,Port 0x03: JJH Y femur tracker  s/n:3E4C8801,806494372,1780667172.868633720,1,OK,0.8827145,0.1082962,0.2793142,-0.3620368,59.495,26.726,-1606.768,0.6156604,3,OK,59.829,26.131,-1607.222,OK,81.565,118.020,-1574.147,OK,5.187,81.178,-1553.211
3,Port 0x01: JJH Probe  s/n:3E4C880C,806494375,1780667172.918633720,1,Too Few Markers,-3.697314E28,-3.697314E28,-3.697314E28,-3.697314E28,-3.697314E28,-3.697314E28,-3.697314E28,0.0000000,3,Missing,-3.697314E28,-3.697314E28,-3.697314E28,Missing,-3.697314E28,-3.697314E28,-3.697314E28,Missing,-3.697314E28,-3.697314E28,-3.697314E28,Port 0x02: JJH T tibia tracker  s/n:3E4C8800,806494375,1780667172.918633720,1,OK,0.7222755,0.0812473,0.3188005,-0.6083447,236.672,-3.401,-1568.521,0.3665349,3,OK,236.256,-3.434,-1568.351,OK,151.386,2.726,-1525.203,OK,231.701,70.955,-1518.280,Port 0x03: JJH Y femur tracker  s/n:3E4C8801,806494375,1780667172.918633720,1,OK,0.8888700,0.1153452,0.2592013,-0.3597502,55.384,26.669,-1611.209,0.5794401,3,OK,55.711,26.098,-1611.622,OK,75.989,118.049,-1577.841,OK,-1.258,81.186,-1560.261
3,Port 0x01: JJH Probe  s/n:3E4C880C,806494378,1780667172.968633720,1,Too Few Markers,-3.697314E28,-3.697314E28,-3.697314E28,-3.697314E28,-3.697314E28,-3.697314E28,-3.697314E28,0.0000000,3,Missing,-3.697314E28,-3.697314E28,-3.697314E28,Missing,-3.697314E28,-3.697314E28,-3.697314E28,Missing,-3.697314E28,-3.697314E28,-3.697314E28,Port 0x02: JJH T tibia tracker  s/n:3E4C8800,806494378,1780667172.968633720,1,OK,0.7231991,0.0874905,0.3237439,-0.6037535,236.680,-5.290,-1567.203,0.3788458,3,OK,236.253,-5.347,-1567.042,OK,151.306,-0.324,-1523.945,OK,231.276,68.152,-1515.642,Port 0x03: JJH Y femur tracker  s/n:3E4C8801,806494378,1780667172.968633720,1,OK,0.8945888,0.1221039,0.2396299,-0.3569020,51.717,26.556,-1616.057,0.5632038,3,OK,52.061,26.003,-1616.446,OK,70.789,118.026,-1582.018,OK,-7.170,81.080,-1567.710
3,Port 0x01: JJH Probe  s/n:3E4C880C,806494381,1780667173.018633720,1,Too Few Markers,-3.697314E28,-3.697314E28,-3.697314E28,-3.697314E28,-3.697314E28,-3.697314E28,-3.697314E28,0.0000000,3,Missing,-3.697314E28,-3.697314E28,-3.697314E28,Missing,-3.697314E28,-3.697314E28,-3.697314E28,Missing,-3.697314E28,-3.697314E28,-3.697314E28,Port 0x02: JJH T tibia tracker  s/n:3E4C8800,806494381,1780667173.018633720,1,OK,0.7243441,0.0917111,0.3262510,-0.6003957,237.254,-6.481,-1567.151,0.3776493,3,OK,236.832,-6.557,-1567.004,OK,151.745,-2.325,-1524.078,OK,231.408,66.372,-1514.782,Port 0x03: JJH Y femur tracker  s/n:3E4C8801,806494381,1780667173.018633720,1,OK,0.8992377,0.1286445,0.2221910,-0.3541939,49.292,26.493,-1621.829,0.5783222,3,OK,49.668,25.930,-1622.215,OK,66.978,118.002,-1587.136,OK,-11.500,81.004,-1575.818
3,Port 0x01: JJH Probe  s/n:3E4C880C,806494384,1780667173.068633720,1,Too Few Markers,-3.697314E28,-3.697314E28,-3.697314E28,-3.697314E28,-3.697314E28,-3.697314E28,-3.697314E28,0.0000000,3,Missing,-3.697314E28,-3.697314E28,-3.697314E28,Missing,-3.697314E28,-3.697314E28,-3.697314E28,Missing,-3.697314E28,-3.697314E28,-3.697314E28,Port 0x02: JJH T tibia tracker  s/n:3E4C8800,806494384,1780667173.068633720,1,OK,0.7254320,0.0939620,0.3254792,-0.5991518,238.628,-6.797,-1568.687,0.4001127,3,OK,238.175,-6.859,-1568.518,OK,152.926,-2.907,-1526.026,OK,232.435,65.887,-1516.142,Port 0x03: JJH Y femur tracker  s/n:3E4C8801,806494384,1780667173.068633720,1,OK,0.9031093,0.1339854,0.2060020,-0.3521429,48.214,26.424,-1628.065,0.5656791,3,OK,48.593,25.869,-1628.429,OK,64.697,118.007,-1592.950,OK,-14.154,81.014,-1584.330
3,Port 0x01: JJH Probe  s/n:3E4C880C,806494387,1780667173.118633720,1,Too Few Markers,-3.697314E28,-3.697314E28,-3.697314E28,-3.697314E28,-3.697314E28,-3.697314E28,-3.697314E28,0.0000000,3,Missing,-3.697314E28,-3.697314E28,-3.697314E28,Missing,-3.697314E28,-3.697314E28,-3.697314E28,Missing,-3.697314E28,-3.697314E28,-3.697314E28,Port 0x02: JJH T tibia tracker  s/n:3E4C8800,806494387,1780667173.118633720,1,OK,0.7256145,0.0953830,0.3270401,-0.5978549,239.332,-7.187,-1567.575,0.4058238,3,OK,238.872,-7.247,-1567.400,OK,153.635,-3.630,-1524.884,OK,233.049,65.238,-1514.687,Port 0x03: JJH Y femur tracker  s/n:3E4C8801,806494387,1780667173.118633720,1,OK,0.9085936,0.1426887,0.1816799,-0.3479800,44.316,26.575,-1634.052,0.5820825,3,OK,44.720,25.994,-1634.407,OK,58.795,118.240,-1598.210,OK,-20.381,81.136,-1593.771
3,Port 0x01: JJH Probe  s/n:3E4C880C,806494390,1780667173.168633720,1,Too Few Markers,-3.697314E28,-3.697314E28,-3.697314E28,-3.697314E28,-3.697314E28,-3.697314E28,-3.697314E28,0.0000000,3,Missing,-3.697314E28,-3.697314E28,-3.697314E28,Missing,-3.697314E28,-3.697314E28,-3.697314E28,Missing,-3.697314E28,-3.697314E28,-3.697314E28,Port 0x02: JJH T tibia tracker  s/n:3E4C8800,806494390,1780667173.168633720,1,OK,0.7260336,0.0978545,0.3302749,-0.5951623,239.740,-8.217,-1566.169,0.3920719,3,OK,239.296,-8.277,-1565.999,OK,154.062,-5.337,-1523.358,OK,233.257,63.693,-1512.618,Port 0x03: JJH Y femur tracker  s/n:3E4C8801,806494390,1780667173.168633720,1,OK,0.9135184,0.1504433,0.1561462,-0.3441938,40.730,26.455,-1640.051,0.5315849,3,OK,41.115,25.922,-1640.353,OK,53.247,118.256,-1603.818,OK,-26.066,81.099,-1603.591
3,Port 0x01: JJH Probe  s/n:3E4C880C,806494393,1780667173.218633720,1,Too Few Markers,-3.697314E28,-3.697314E28,-3.697314E28,-3.697314E28,-3.697314E28,-3.697314E28,-3.697314E28,0.0000000,3,Missing,-3.697314E28,-3.697314E28,-3.697314E28,Missing,-3.697314E28,-3.697314E28,-3.697314E28,Missing,-3.697314E28,-3.697314E28,-3.697314E28,Port 0x02: JJH T tibia tracker  s/n:3E4C8800,806494393,1780667173.218633720,1,OK,0.7266198,0.1016869,0.3340761,-0.5916727,240.095,-9.475,-1564.450,0.4137034,3,OK,239.628,-9.548,-1564.277,OK,154.422,-7.467,-1521.632,OK,233.325,61.761,-1510.013,Port 0x03: JJH Y femur tracker  s/n:3E4C8801,806494393,1780667173.218633720,1,OK,0.9179039,0.1588394,0.1302558,-0.3394935,37.304,26.426,-1646.567,0.5182894,3,OK,37.695,25.904,-1646.840,OK,47.689,118.329,-1609.910,OK,-31.489,81.054,-1614.030
3,Port 0x01: JJH Probe  s/n:3E4C880C,806494396,1780667173.268633720,1,Too Few Markers,-3.697314E28,-3.697314E28,-3.697314E28,-3.697314E28,-3.697314E28,-3.697314E28,-3.697314E28,0.0000000,3,Missing,-3.697314E28,-3.697314E28,-3.697314E28,Missing,-3.697314E28,-3.697314E28,-3.697314E28,Missing,-3.697314E28,-3.697314E28,-3.697314E28,Port 0x02: JJH T tibia tracker  s/n:3E4C8800,806494396,1780667173.268633720,1,OK,0.7272130,0.1047973,0.3373761,-0.5885203,240.571,-10.323,-1562.969,0.4234706,3,OK,240.094,-10.410,-1562.799,OK,154.908,-9.090,-1520.131,OK,233.526,60.322,-1507.785,Port 0x03: JJH Y femur tracker  s/n:3E4C8801,806494396,1780667173.268633720,1,OK,0.9217199,0.1671966,0.1023086,-0.3346799,34.237,26.348,-1653.346,0.4786482,3,OK,34.607,25.858,-1653.576,OK,42.415,118.389,-1616.467,OK,-36.363,81.022,-1625.171
3,Port 0x01: JJH Probe  s/n:3E4C880C,806494399,1780667173.318633720,1,Too Few Markers,-3.697314E28,-3.697314E28,-3.697314E28,-3.697314E28,-3.697314E28,-3.697314E28,-3.697314E28,0.0000000,3,Missing,-3.697314E28,-3.697314E28,-3.697314E28,Missing,-3.697314E28,-3.697314E28,-3.697314E28,Missing,-3.697314E28,-3.697314E28,-3.697314E28,Port 0x02: JJH T tibia tracker  s/n:3E4C8800,806494399,1780667173.318633720,1,OK,0.7275450,0.1053084,0.3383603,-0.5874528,241.223,-10.516,-1562.085,0.4413448,3,OK,240.722,-10.585,-1561.888,OK,155.585,-9.559,-1519.225,OK,234.086,59.966,-1506.732,Port 0x03: JJH Y femur tracker  s/n:3E4C8801,806494399,1780667173.318633720,1,OK,0.9248633,0.1759168,0.0745881,-0.3288127,31.361,26.146,-1660.573,0.4572031,3,OK,31.730,25.682,-1660.769,OK,37.175,118.278,-1623.496,OK,-40.887,80.730,-1636.787
3,Port 0x01: JJH Probe  s/n:3E4C880C,806494402,1780667173.368633720,1,Too Few Markers,-3.697314E28,-3.697314E28,-3.697314E28,-3.697314E28,-3.697314E28,-3.697314E28,-3.697314E28,0.0000000,3,Missing,-3.697314E28,-3.697314E28,-3.697314E28,Missing,-3.697314E28,-3.697314E28,-3.697314E28,Missing,-3.697314E28,-3.697314E28,-3.697314E28,Port 0x02: JJH T tibia tracker  s/n:3E4C8800,806494402,1780667173.368633720,1,OK,0.7273813,0.1049168,0.3389661,-0.5873762,242.074,-10.107,-1561.507,0.4175047,3,OK,241.602,-10.181,-1561.328,OK,156.475,-9.181,-1518.509,OK,234.989,60.360,-1506.125,Port 0x03: JJH Y femur tracker  s/n:3E4C8801,806494402,1780667173.368633720,1,OK,0.9269258,0.1849851,0.0463854,-0.3231677,29.025,26.173,-1668.438,0.4697561,3,OK,29.406,25.684,-1668.620,OK,32.540,118.391,-1631.223,OK,-44.548,80.759,-1649.149
3,Port 0x01: JJH Probe  s/n:3E4C880C,806494405,1780667173.418633720,1,Too Few Markers,-3.697314E28,-3.697314E28,-3.697314E28,-3.697314E28,-3.697314E28,-3.697314E28,-3.697314E28,0.0000000,3,Missing,-3.697314E28,-3.697314E28,-3.697314E28,Missing,-3.697314E28,-3.697314E28,-3.697314E28,Missing,-3.697314E28,-3.697314E28,-3.697314E28,Port 0x02: JJH T tibia tracker  s/n:3E4C8800,806494405,1780667173.418633720,1,OK,0.7270422,0.1044792,0.3388491,-0.5879414,242.973,-9.647,-1561.153,0.4195452,3,OK,242.499,-9.725,-1560.976,OK,157.405,-8.594,-1518.099,OK,235.993,60.892,-1505.839,Port 0x03: JJH Y femur tracker  s/n:3E4C8801,806494405,1780667173.418633720,1,OK,0.9282919,0.1942525,0.0159168,-0.3166807,26.955,26.110,-1676.644,0.4600627,3,OK,27.334,25.625,-1676.800,OK,27.988,118.429,-1639.500,OK,-47.748,80.665,-1662.313
3,Port 0x01: JJH Probe  s/n:3E4C880C,806494408,1780667173.468633720,1,Too Few Markers,-3.697314E28,-3.697314E28,-3.697314E28,-3.697314E28,-3.697314E28,-3.697314E28,-3.697314E28,0.0000000,3,Missing,-3.697314E28,-3.697314E28,-3.697314E28,Missing,-3.697314E28,-3.697314E28,-3.697314E28,Missing,-3.697314E28,-3.697314E28,-3.697314E28,Port 0x02: JJH T tibia tracker  s/n:3E4C8800,806494408,1780667173.468633720,1,OK,0.7268464,0.1049759,0.3392527,-0.5878622,243.835,-9.748,-1560.829,0.4349524,3,OK,243.343,-9.825,-1560.643,OK,158.288,-8.721,-1517.773,OK,236.890,60.726,-1505.423,Port 0x03: JJH Y femur tracker  s/n:3E4C8801,806494408,1780667173.468633720,1,OK,0.9286883,0.2039022,-0.0156750,-0.3093804,25.309,25.871,-1685.252,0.4493793,3,OK,25.674,25.382,-1685.387,OK,23.728,118.289,-1648.302,OK,-50.236,80.337,-1676.119
3,Port 0x01: JJH Probe  s/n:3E4C880C,806494411,1780667173.518633720,1,Too Few Markers,-3.697314E28,-3.697314E28,-3.697314E28,-3.697314E28,-3.697314E28,-3.697314E28,-3.697314E28,0.0000000,3,Missing,-3.697314E28,-3.697314E28,-3.697314E28,Missing,-3.697314E28,-3.697314E28,-3.697314E28,Missing,-3.697314E28,-3.697314E28,-3.697314E28,Port 0x02: JJH T tibia tracker  s/n:3E4C8800,806494411,1780667173.518633720,1,OK,0.7265510,0.1049146,0.3394835,-0.5881050,244.695,-9.565,-1560.399,0.4332698,3,OK,244.204,-9.632,-1560.206,OK,159.178,-8.489,-1517.285,OK,237.831,60.898,-1504.990,Port 0x03: JJH Y femur tracker  s/n:3E4C8801,806494411,1780667173.518633720,1,OK,0.9279287,0.2131277,-0.0478375,-0.3020539,24.452,25.843,-1693.973,0.4425488,3,OK,24.822,25.363,-1694.079,OK,20.338,118.358,-1657.465,OK,-51.559,80.294,-1690.182
3,Port 0x01: JJH Probe  s/n:3E4C880C,806494414,1780667173.568633720,1,Too Few Markers,-3.697314E28,-3.697314E28,-3.697314E28,-3.697314E28,-3.697314E28,-3.697314E28,-3.697314E28,0.0000000,3,Missing,-3.697314E28,-3.697314E28,-3.697314E28,Missing,-3.697314E28,-3.697314E28,-3.697314E28,Missing,-3.697314E28,-3.697314E28,-3.697314E28,Port 0x02: JJH T tibia tracker  s/n:3E4C8800,806494414,1780667173.568633720,1,OK,0.7262678,0.1037955,0.3391763,-0.5888302,245.515,-9.175,-1559.951,0.4313245,3,OK,245.023,-9.228,-1559.746,OK,160.049,-7.936,-1516.735,OK,238.767,61.412,-1504.715,Port 0x03: JJH Y femur tracker  s/n:3E4C8801,806494414,1780667173.568633720,1,OK,0.9260067,0.2224542,-0.0798258,-0.2943698,24.153,25.743,-1702.950,0.4397498,3,OK,24.514,25.253,-1703.038,OK,17.512,118.342,-1666.987,OK,-51.928,80.164,-1704.469
3,Port 0x01: JJH Probe  s/n:3E4C880C,806494417,1780667173.618633720,1,Too Few Markers,-3.697314E28,-3.697314E28,-3.697314E28,-3.697314E28,-3.697314E28,-3.697314E28,-3.697314E28,0.0000000,3,Missing,-3.697314E28,-3.697314E28,-3.697314E28,Missing,-3.697314E28,-3.697314E28,-3.697314E28,Missing,-3.697314E28,-3.697314E28,-3.697314E28,Port 0x02: JJH T tibia tracker  s/n:3E4C8800,806494417,1780667173.618633720,1,OK,0.7260557,0.1038845,0.3395385,-0.5888674,246.261,-9.188,-1559.415,0.4309234,3,OK,245.771,-9.240,-1559.211,OK,160.813,-7.954,-1516.151,OK,239.572,61.375,-1504.135,Port 0x03: JJH Y femur tracker  s/n:3E4C8801,806494417,1780667173.618633720,1,OK,0.9229989,0.2310271,-0.1130878,-0.2862004,24.454,25.540,-1712.023,0.4327745,3,OK,24.814,25.058,-1712.083,OK,15.320,118.275,-1676.951,OK,-51.327,79.938,-1719.126
3,Port 0x01: JJH Probe  s/n:3E4C880C,806494420,1780667173.668633720,1,Too Few Markers,-3.697314E28,-3.697314E28,-3.697314E28,-3.697314E28,-3.697314E28,-3.697314E28,-3.697314E28,0.0000000,3,Missing,-3.697314E28,-3.697314E28,-3.697314E28,Missing,-3.697314E28,-3.697314E28,-3.697314E28,Missing,-3.697314E28,-3.697314E28,-3.697314E28,Port 0x02: JJH T tibia tracker  s/n:3E4C8800,806494420,1780667173.668633720,1,OK,0.7258089,0.1037397,0.3399116,-0.5889819,246.879,-9.172,-1558.763,0.4463883,3,OK,246.369,-9.213,-1558.541,OK,161.480,-7.930,-1515.432,OK,240.269,61.378,-1503.470,Port 0x03: JJH Y femur tracker  s/n:3E4C8801,806494420,1780667173.668633720,1,OK,0.9187673,0.2396881,-0.1457271,-0.2778127,25.379,25.404,-1720.988,0.4351930,3,OK,25.735,24.910,-1721.029,OK,13.828,118.251,-1686.876,OK,-49.705,79.771,-1733.523
3,Port 0x01: JJH Probe  s/n:3E4C880C,806494423,1780667173.718633720,1,Too Few Markers,-3.697314E28,-3.697314E28,-3.697314E28,-3.697314E28,-3.697314E28,-3.697314E28,-3.697314E28,0.0000000,3,Missing,-3.697314E28,-3.697314E28,-3.697314E28,Missing,-3.697314E28,-3.697314E28,-3.697314E28,Missing,-3.697314E28,-3.697314E28,-3.697314E28,Port 0x02: JJH T tibia tracker  s/n:3E4C8800,806494423,1780667173.718633720,1,OK,0.7255202,0.1036498,0.3409490,-0.5887538,247.365,-9.273,-1558.066,0.4245302,3,OK,246.885,-9.339,-1557.875,OK,162.033,-8.096,-1514.566,OK,240.815,61.214,-1502.651,Port 0x03: JJH Y femur tracker  s/n:3E4C8801,806494423,1780667173.718633720,1,OK,0.9134195,0.2481778,-0.1778369,-0.2691592,26.899,25.187,-1729.795,0.4420140,3,OK,27.261,24.686,-1729.811,OK,13.024,118.118,-1696.760,OK,-47.144,79.516,-1747.638
3,Port 0x01: JJH Probe  s/n:3E4C880C,806494426,1780667173.768633720,1,Too Few Markers,-3.697314E28,-3.697314E28,-3.697314E28,-3.697314E28,-3.697314E28,-3.697314E28,-3.697314E28,0.0000000,3,Missing,-3.697314E28,-3.697314E28,-3.697314E28,Missing,-3.697314E28,-3.697314E28,-3.697314E28,Missing,-3.697314E28,-3.697314E28,-3.697314E28,Port 0x02: JJH T tibia tracker  s/n:3E4C8800,806494426,1780667173.768633720,1,OK,0.7254698,0.1038752,0.3418583,-0.5882486,247.699,-9.701,-1557.334,0.4299824,3,OK,247.212,-9.765,-1557.137,OK,162.412,-8.664,-1513.753,OK,241.158,60.684,-1501.791,Port 0x03: JJH Y femur tracker  s/n:3E4C8801,806494426,1780667173.768633720,1,OK,0.9073143,0.2564968,-0.2082187,-0.2600676,28.928,24.750,-1738.366,0.4421209,3,OK,29.272,24.240,-1738.374,OK,12.795,117.751,-1706.428,OK,-43.825,78.930,-1761.195
3,Port 0x01: JJH Probe  s/n:3E4C880C,806494429,1780667173.818633720,1,Too Few Markers,-3.697314E28,-3.697314E28,-3.697314E28,-3.697314E28,-3.697314E28,-3.697314E28,-3.697314E28,0.0000000,3,Missing,-3.697314E28,-3.697314E28,-3.697314E28,Missing,-3.697314E28,-3.697314E28,-3.697314E28,Missing,-3.697314E28,-3.697314E28,-3.697314E28,Port 0x02: JJH T tibia tracker  s/n:3E4C8800,806494429,1780667173.818633720,1,OK,0.7254337,0.1049104,0.3431502,-0.5873566,247.854,-10.179,-1556.535,0.4344741,3,OK,247.367,-10.270,-1556.358,OK,162.594,-9.367,-1512.909,OK,241.277,60.020,-1500.714,Port 0x03: JJH Y femur tracker  s/n:3E4C8801,806494429,1780667173.818633720,1,OK,0.9008070,0.2629028,-0.2368507,-0.2516559,31.278,24.450,-1746.098,0.4411680,3,OK,31.627,23.941,-1746.078,OK,13.193,117.543,-1715.566,OK,-39.887,78.571,-1773.582
3,Port 0x01: JJH Probe  s/n:3E4C880C,806494432,1780667173.868633718,1,Too Few Markers,-3.697314E28,-3.697314E28,-3.697314E28,-3.697314E28,-3.697314E28,-3.697314E28,-3.697314E28,0.0000000,3,Missing,-3.697314E28,-3.697314E28,-3.697314E28,Missing,-3.697314E28,-3.697314E28,-3.697314E28,Missing,-3.697314E28,-3.697314E28,-3.697314E28,Port 0x02: JJH T tibia tracker  s/n:3E4C8800,806494432,1780667173.868633718,1,OK,0.7255755,0.1055819,0.3442990,-0.5863880,247.823,-11.051,-1555.775,0.4530402,3,OK,247.313,-11.137,-1555.581,OK,162.606,-10.487,-1512.110,OK,241.188,58.970,-1499.747,Port 0x03: JJH Y femur tracker  s/n:3E4C8801,806494432,1780667173.868633718,1,OK,0.8940914,0.2690770,-0.2627897,-0.2431865,33.722,23.851,-1753.212,0.4481442,3,OK,34.078,23.337,-1753.167,OK,13.810,116.992,-1723.999,OK,-35.813,77.827,-1784.873
3,Port 0x01: JJH Probe  s/n:3E4C880C,806494435,1780667173.918633718,1,Too Few Markers,-3.697314E28,-3.697314E28,-3.697314E28,-3.697314E28,-3.697314E28,-3.697314E28,-3.697314E28,0.0000000,3,Missing,-3.697314E28,-3.697314E28,-3.697314E28,Missing,-3.697314E28,-3.697314E28,-3.697314E28,Missing,-3.697314E28,-3.697314E28,-3.697314E28,Port 0x02: JJH T tibia tracker  s/n:3E4C8800,806494435,1780667173.918633718,1,OK,0.7254654,0.1058465,0.3453240,-0.5858735,247.920,-11.488,-1555.066,0.4289682,3,OK,247.437,-11.567,-1554.880,OK,162.728,-11.062,-1511.288,OK,241.302,58.410,-1498.900,Port 0x03: JJH Y femur tracker  s/n:3E4C8801,806494435,1780667173.918633718,1,OK,0.8872748,0.2743753,-0.2857338,-0.2362580,36.523,23.691,-1759.238,0.4459941,3,OK,36.875,23.193,-1759.166,OK,15.231,116.892,-1731.199,OK,-31.313,77.624,-1794.526
3,Port 0x01: JJH Probe  s/n:3E4C880C,806494438,1780667173.968633718,1,Too Few Markers,-3.697314E28,-3.697314E28,-3.697314E28,-3.697314E28,-3.697314E28,-3.697314E28,-3.697314E28,0.0000000,3,Missing,-3.697314E28,-3.697314E28,-3.697314E28,Missing,-3.697314E28,-3.697314E28,-3.697314E28,Missing,-3.697314E28,-3.697314E28,-3.697314E28,Port 0x02: JJH T tibia tracker  s/n:3E4C8800,806494438,1780667173.968633718,1,OK,0.7255061,0.1060363,0.3456332,-0.5856065,248.049,-11.861,-1554.550,0.4589636,3,OK,247.529,-11.929,-1554.336,OK,162.882,-11.517,-1510.780,OK,241.430,57.991,-1498.332,Port 0x03: JJH Y femur tracker  s/n:3E4C8801,806494438,1780667173.968633718,1,OK,0.8807985,0.2786068,-0.3062318,-0.2297703,39.308,23.518,-1764.442,0.4573402,3,OK,39.675,23.014,-1764.337,OK,16.792,116.771,-1737.638,OK,-26.835,77.416,-1802.910
3,Port 0x01: JJH Probe  s/n:3E4C880C,806494441,1780667174.018633718,1,Too Few Markers,-3.697314E28,-3.697314E28,-3.697314E28,-3.697314E28,-3.697314E28,-3.697314E28,-3.697314E28,0.0000000,3,Missing,-3.697314E28,-3.697314E28,-3.697314E28,Missing,-3.697314E28,-3.697314E28,-3.697314E28,Missing,-3.697314E28,-3.697314E28,-3.697314E28,Port 0x02: JJH T tibia tracker  s/n:3E4C8800,806494441,1780667174.018633718,1,OK,0.7255562,0.1066709,0.3460485,-0.5851837,248.125,-12.167,-1554.279,0.4692883,3,OK,247.598,-12.256,-1554.077,OK,162.946,-11.933,-1510.538,OK,241.476,57.617,-1497.927,Port 0x03: JJH Y femur tracker  s/n:3E4C8801,806494441,1780667174.018633718,1,OK,0.8743752,0.2832549,-0.3244130,-0.2235864,42.062,23.291,-1769.197,0.4618057,3,OK,42.422,22.788,-1769.080,OK,18.409,116.559,-1743.357,OK,-22.477,77.112,-1810.429
3,Port 0x01: JJH Probe  s/n:3E4C880C,806494444,1780667174.068633718,1,Too Few Markers,-3.697314E28,-3.697314E28,-3.697314E28,-3.697314E28,-3.697314E28,-3.697314E28,-3.697314E28,0.0000000,3,Missing,-3.697314E28,-3.697314E28,-3.697314E28,Missing,-3.697314E28,-3.697314E28,-3.697314E28,Missing,-3.697314E28,-3.697314E28,-3.697314E28,Port 0x02: JJH T tibia tracker  s/n:3E4C8800,806494444,1780667174.068633718,1,OK,0.7258524,0.1070547,0.3453254,-0.5851735,248.161,-12.278,-1554.029,0.5215409,3,OK,247.573,-12.344,-1553.780,OK,162.911,-12.072,-1510.471,OK,241.477,57.551,-1497.722,Port 0x03: JJH Y femur tracker  s/n:3E4C8801,806494444,1780667174.068633718,1,OK,0.8683227,0.2864647,-0.3412620,-0.2179310,44.700,23.097,-1773.447,0.4703733,3,OK,45.067,22.594,-1773.302,OK,20.114,116.413,-1748.731,OK,-18.220,76.857,-1817.227
3,Port 0x01: JJH Probe  s/n:3E4C880C,806494447,1780667174.118633718,1,Too Few Markers,-3.697314E28,-3.697314E28,-3.697314E28,-3.697314E28,-3.697314E28,-3.697314E28,-3.697314E28,0.0000000,3,Missing,-3.697314E28,-3.697314E28,-3.697314E28,Missing,-3.697314E28,-3.697314E28,-3.697314E28,Missing,-3.697314E28,-3.697314E28,-3.697314E28,Port 0x02: JJH T tibia tracker  s/n:3E4C8800,806494447,1780667174.118633718,1,OK,0.7255194,0.1051000,0.3457885,-0.5856670,248.062,-12.165,-1553.886,0.4519514,3,OK,247.555,-12.254,-1553.693,OK,162.944,-11.818,-1509.998,OK,241.472,57.771,-1497.728,Port 0x03: JJH Y femur tracker  s/n:3E4C8801,806494447,1780667174.118633718,1,OK,0.8627077,0.2896142,-0.3557896,-0.2127740,47.146,22.902,-1777.133,0.4644583,3,OK,47.502,22.397,-1776.984,OK,21.713,116.243,-1753.365,OK,-14.282,76.585,-1823.039
3,Port 0x01: JJH Probe  s/n:3E4C880C,806494450,1780667174.168633718,1,Too Few Markers,-3.697314E28,-3.697314E28,-3.697314E28,-3.697314E28,-3.697314E28,-3.697314E28,-3.697314E28,0.0000000,3,Missing,-3.697314E28,-3.697314E28,-3.697314E28,Missing,-3.697314E28,-3.697314E28,-3.697314E28,Missing,-3.697314E28,-3.697314E28,-3.697314E28,Port 0x02: JJH T tibia tracker  s/n:3E4C8800,806494450,1780667174.168633718,1,OK,0.7254998,0.1045466,0.3462405,-0.5855233,248.037,-12.317,-1553.607,0.4401495,3,OK,247.545,-12.410,-1553.424,OK,162.968,-12.013,-1509.601,OK,241.466,57.623,-1497.450,Port 0x03: JJH Y femur tracker  s/n:3E4C8801,806494450,1780667174.168633718,1,OK,0.8577044,0.2922774,-0.3680370,-0.2084845,49.364,22.682,-1780.091,0.4670667,3,OK,49.713,22.174,-1779.936,OK,23.266,116.053,-1757.112,OK,-10.746,76.315,-1827.767
3,Port 0x01: JJH Probe  s/n:3E4C880C,806494453,1780667174.218633718,1,Too Few Markers,-3.697314E28,-3.697314E28,-3.697314E28,-3.697314E28,-3.697314E28,-3.697314E28,-3.697314E28,0.0000000,3,Missing,-3.697314E28,-3.697314E28,-3.697314E28,Missing,-3.697314E28,-3.697314E28,-3.697314E28,Missing,-3.697314E28,-3.697314E28,-3.697314E28,Port 0x02: JJH T tibia tracker  s/n:3E4C8800,806494453,1780667174.218633718,1,OK,0.7254415,0.1040324,0.3461886,-0.5857178,248.089,-12.253,-1553.349,0.4452308,3,OK,247.588,-12.331,-1553.150,OK,163.048,-11.913,-1509.297,OK,241.559,57.729,-1497.264,Port 0x03: JJH Y femur tracker  s/n:3E4C8801,806494453,1780667174.218633718,1,OK,0.8534139,0.2948245,-0.3774611,-0.2056364,51.346,22.741,-1782.593,0.4672349,3,OK,51.682,22.232,-1782.444,OK,24.808,116.135,-1760.082,OK,-7.669,76.418,-1831.556
3,Port 0x01: JJH Probe  s/n:3E4C880C,806494456,1780667174.268633718,1,Too Few Markers,-3.697314E28,-3.697314E28,-3.697314E28,-3.697314E28,-3.697314E28,-3.697314E28,-3.697314E28,0.0000000,3,Missing,-3.697314E28,-3.697314E28,-3.697314E28,Missing,-3.697314E28,-3.697314E28,-3.697314E28,Missing,-3.697314E28,-3.697314E28,-3.697314E28,Port 0x02: JJH T tibia tracker  s/n:3E4C8800,806494456,1780667174.268633718,1,OK,0.7254863,0.1040028,0.3460251,-0.5857641,248.107,-12.330,-1553.170,0.4559833,3,OK,247.594,-12.410,-1552.966,OK,163.073,-11.973,-1509.143,OK,241.563,57.666,-1497.106,Port 0x03: JJH Y femur tracker  s/n:3E4C8801,806494456,1780667174.268633718,1,OK,0.8500287,0.2961913,-0.3854803,-0.2027978,52.910,22.624,-1784.406,0.4725985,3,OK,53.252,22.121,-1784.235,OK,25.989,116.033,-1762.495,OK,-5.191,76.273,-1834.523
3,Port 0x01: JJH Probe  s/n:3E4C880C,806494459,1780667174.318633718,1,Too Few Markers,-3.697314E28,-3.697314E28,-3.697314E28,-3.697314E28,-3.697314E28,-3.697314E28,-3.697314E28,0.0000000,3,Missing,-3.697314E28,-3.697314E28,-3.697314E28,Missing,-3.697314E28,-3.697314E28,-3.697314E28,Missing,-3.697314E28,-3.697314E28,-3.697314E28,Port 0x02: JJH T tibia tracker  s/n:3E4C8800,806494459,1780667174.318633718,1,OK,0.7254412,0.1037901,0.3463002,-0.5856952,248.207,-12.333,-1552.979,0.4499460,3,OK,247.700,-12.410,-1552.776,OK,163.194,-12.000,-1508.892,OK,241.683,57.656,-1496.907,Port 0x03: JJH Y femur tracker  s/n:3E4C8801,806494459,1780667174.318633718,1,OK,0.8473548,0.2965987,-0.3920800,-0.2007296,54.355,22.660,-1785.760,0.4698820,3,OK,54.705,22.156,-1785.565,OK,27.205,116.097,-1764.493,OK,-2.934,76.322,-1836.787
3,Port 0x01: JJH Probe  s/n:3E4C880C,806494462,1780667174.368633718,1,Too Few Markers,-3.697314E28,-3.697314E28,-3.697314E28,-3.697314E28,-3.697314E28,-3.697314E28,-3.697314E28,0.0000000,3,Missing,-3.697314E28,-3.697314E28,-3.697314E28,Missing,-3.697314E28,-3.697314E28,-3.697314E28,Missing,-3.697314E28,-3.697314E28,-3.697314E28,Port 0x02: JJH T tibia tracker  s/n:3E4C8800,806494462,1780667174.368633718,1,OK,0.7254519,0.1034659,0.3461696,-0.5858165,248.246,-12.290,-1552.847,0.4437187,3,OK,247.749,-12.381,-1552.659,OK,163.241,-11.923,-1508.736,OK,241.724,57.746,-1496.813,Port 0x03: JJH Y femur tracker  s/n:3E4C8801,806494462,1780667174.368633718,1,OK,0.8447011,0.2977347,-0.3976646,-0.1992410,55.632,22.748,-1787.151,0.4772784,3,OK,55.979,22.239,-1786.956,OK,28.311,116.234,-1766.195,OK,-0.952,76.450,-1838.935
3,Port 0x01: JJH Probe  s/n:3E4C880C,806494465,1780667174.418633718,1,Too Few Markers,-3.697314E28,-3.697314E28,-3.697314E28,-3.697314E28,-3.697314E28,-3.697314E28,-3.697314E28,0.0000000,3,Missing,-3.697314E28,-3.697314E28,-3.697314E28,Missing,-3.697314E28,-3.697314E28,-3.697314E28,Missing,-3.697314E28,-3.697314E28,-3.697314E28,Port 0x02: JJH T tibia tracker  s/n:3E4C8800,806494465,1780667174.418633718,1,OK,0.7249074,0.1028857,0.3460431,-0.5866669,248.663,-11.801,-1552.502,0.4423654,3,OK,248.165,-11.877,-1552.303,OK,163.705,-11.242,-1508.304,OK,242.306,58.315,-1496.575,Port 0x03: JJH Y femur tracker  s/n:3E4C8801,806494465,1780667174.418633718,1,OK,0.8440743,0.2965118,-0.3988370,-0.2013662,56.505,23.734,-1787.252,0.4570018,3,OK,56.836,23.224,-1787.076,OK,29.662,117.370,-1766.401,OK,0.291,77.731,-1839.042
3,Port 0x01: JJH Probe  s/n:3E4C880C,806494468,1780667174.468633718,1,Too Few Markers,-3.697314E28,-3.697314E28,-3.697314E28,-3.697314E28,-3.697314E28,-3.697314E28,-3.697314E28,0.0000000,3,Missing,-3.697314E28,-3.697314E28,-3.697314E28,Missing,-3.697314E28,-3.697314E28,-3.697314E28,Missing,-3.697314E28,-3.697314E28,-3.697314E28,Port 0x02: JJH T tibia tracker  s/n:3E4C8800,806494468,1780667174.468633718,1,OK,0.7254554,0.1034068,0.3464987,-0.5856280,248.641,-12.558,-1552.596,0.4785334,3,OK,248.098,-12.609,-1552.354,OK,163.680,-12.261,-1508.468,OK,242.145,57.430,-1496.558,Port 0x03: JJH Y femur tracker  s/n:3E4C8801,806494468,1780667174.468633718,1,OK,0.8448846,0.2973577,-0.3969974,-0.2003535,55.883,22.859,-1786.700,0.4783928,3,OK,56.235,22.358,-1786.491,OK,28.768,116.360,-1765.661,OK,-0.726,76.694,-1838.347
3,Port 0x01: JJH Probe  s/n:3E4C880C,806494471,1780667174.518633718,1,Too Few Markers,-3.697314E28,-3.697314E28,-3.697314E28,-3.697314E28,-3.697314E28,-3.697314E28,-3.697314E28,0.0000000,3,Missing,-3.697314E28,-3.697314E28,-3.697314E28,Missing,-3.697314E28,-3.697314E28,-3.697314E28,Missing,-3.697314E28,-3.697314E28,-3.697314E28,Port 0x02: JJH T tibia tracker  s/n:3E4C8800,806494471,1780667174.518633718,1,OK,0.7255161,0.1036557,0.3467486,-0.5853608,248.364,-12.501,-1552.768,0.4475419,3,OK,247.860,-12.574,-1552.563,OK,163.378,-12.259,-1508.622,OK,241.828,57.448,-1496.657,Port 0x03: JJH Y femur tracker  s/n:3E4C8801,806494471,1780667174.518633718,1,OK,0.8457196,0.2974187,-0.3951222,-0.2004469,55.308,22.786,-1786.605,0.4601255,3,OK,55.641,22.280,-1786.433,OK,28.137,116.271,-1765.419,OK,-1.539,76.541,-1837.977
3,Port 0x01: JJH Probe  s/n:3E4C880C,806494474,1780667174.568633718,1,Too Few Markers,-3.697314E28,-3.697314E28,-3.697314E28,-3.697314E28,-3.697314E28,-3.697314E28,-3.697314E28,0.0000000,3,Missing,-3.697314E28,-3.697314E28,-3.697314E28,Missing,-3.697314E28,-3.697314E28,-3.697314E28,Missing,-3.697314E28,-3.697314E28,-3.697314E28,Port 0x02: JJH T tibia tracker  s/n:3E4C8800,806494474,1780667174.568633718,1,OK,0.7257443,0.1031554,0.3458071,-0.5857232,248.081,-12.401,-1553.060,0.4549325,3,OK,247.565,-12.454,-1552.833,OK,163.064,-12.058,-1508.993,OK,241.508,57.651,-1497.119,Port 0x03: JJH Y femur tracker  s/n:3E4C8801,806494474,1780667174.568633718,1,OK,0.8468535,0.2974232,-0.3927676,-0.2002805,54.424,22.456,-1786.161,0.4729935,3,OK,54.766,21.953,-1785.978,OK,27.171,115.886,-1764.802,OK,-2.807,76.089,-1837.293
3,Port 0x01: JJH Probe  s/n:3E4C880C,806494477,1780667174.618633718,1,Too Few Markers,-3.697314E28,-3.697314E28,-3.697314E28,-3.697314E28,-3.697314E28,-3.697314E28,-3.697314E28,0.0000000,3,Missing,-3.697314E28,-3.697314E28,-3.697314E28,Missing,-3.697314E28,-3.697314E28,-3.697314E28,Missing,-3.697314E28,-3.697314E28,-3.697314E28,Port 0x02: JJH T tibia tracker  s/n:3E4C8800,806494477,1780667174.618633718,1,OK,0.7257546,0.1034757,0.3457427,-0.5856919,248.028,-12.395,-1553.346,0.4524155,3,OK,247.518,-12.467,-1553.138,OK,162.986,-12.054,-1509.318,OK,241.438,57.655,-1497.364,Port 0x03: JJH Y femur tracker  s/n:3E4C8801,806494477,1780667174.618633718,1,OK,0.8496113,0.2962799,-0.3866983,-0.2020974,53.191,22.397,-1784.964,0.4639566,3,OK,53.528,21.882,-1784.806,OK,26.152,115.811,-1763.221,OK,-4.760,76.002,-1835.235
3,Port 0x01: JJH Probe  s/n:3E4C880C,806494480,1780667174.668633718,1,Too Few Markers,-3.697314E28,-3.697314E28,-3.697314E28,-3.697314E28,-3.697314E28,-3.697314E28,-3.697314E28,0.0000000,3,Missing,-3.697314E28,-3.697314E28,-3.697314E28,Missing,-3.697314E28,-3.697314E28,-3.697314E28,Missing,-3.697314E28,-3.697314E28,-3.697314E28,Port 0x02: JJH T tibia tracker  s/n:3E4C8800,806494480,1780667174.668633718,1,OK,0.7256466,0.1041015,0.3462752,-0.5854002,248.203,-12.304,-1553.654,0.4364967,3,OK,247.716,-12.403,-1553.478,OK,163.155,-12.027,-1509.607,OK,241.603,57.662,-1497.529,Port 0x03: JJH Y femur tracker  s/n:3E4C8801,806494480,1780667174.668633718,1,OK,0.8538134,0.2943828,-0.3766758,-0.2060502,51.465,22.660,-1782.596,0.4526419,3,OK,51.792,22.146,-1782.465,OK,24.988,116.070,-1760.098,OK,-7.596,76.353,-1831.403
3,Port 0x01: JJH Probe  s/n:3E4C880C,806494483,1780667174.718633718,1,Too Few Markers,-3.697314E28,-3.697314E28,-3.697314E28,-3.697314E28,-3.697314E28,-3.697314E28,-3.697314E28,0.0000000,3,Missing,-3.697314E28,-3.697314E28,-3.697314E28,Missing,-3.697314E28,-3.697314E28,-3.697314E28,Missing,-3.697314E28,-3.697314E28,-3.697314E28,Port 0x02: JJH T tibia tracker  s/n:3E4C8800,806494483,1780667174.718633718,1,OK,0.7257737,0.1044316,0.3455107,-0.5856355,248.262,-12.305,-1554.054,0.4620840,3,OK,247.741,-12.381,-1553.843,OK,163.160,-11.968,-1510.157,OK,241.637,57.693,-1497.997,Port 0x03: JJH Y femur tracker  s/n:3E4C8801,806494483,1780667174.718633718,1,OK,0.8595096,0.2910157,-0.3634763,-0.2108034,48.899,22.800,-1779.182,0.4659267,3,OK,49.249,22.287,-1779.033,OK,23.188,116.198,-1755.891,OK,-11.646,76.546,-1826.160
3,Port 0x01: JJH Probe  s/n:3E4C880C,806494486,1780667174.768633718,1,Too Few Markers,-3.697314E28,-3.697314E28,-3.697314E28,-3.697314E28,-3.697314E28,-3.697314E28,-3.697314E28,0.0000000,3,Missing,-3.697314E28,-3.697314E28,-3.697314E28,Missing,-3.697314E28,-3.697314E28,-3.697314E28,Missing,-3.697314E28,-3.697314E28,-3.697314E28,Port 0x02: JJH T tibia tracker  s/n:3E4C8800,806494486,1780667174.768633718,1,OK,0.7259821,0.1057927,0.3446277,-0.5856532,248.328,-12.184,-1554.699,0.4914493,3,OK,247.778,-12.278,-1554.491,OK,163.096,-11.833,-1511.079,OK,241.624,57.814,-1498.582,Port 0x03: JJH Y femur tracker  s/n:3E4C8801,806494486,1780667174.768633718,1,OK,0.8664678,0.2870672,-0.3461954,-0.2167367,45.823,23.049,-1774.833,0.4622059,3,OK,46.177,22.534,-1774.702,OK,21.059,116.427,-1750.480,OK,-16.529,76.843,-1819.297
3,Port 0x01: JJH Probe  s/n:3E4C880C,806494489,1780667174.818633718,1,Too Few Markers,-3.697314E28,-3.697314E28,-3.697314E28,-3.697314E28,-3.697314E28,-3.697314E28,-3.697314E28,0.0000000,3,Missing,-3.697314E28,-3.697314E28,-3.697314E28,Missing,-3.697314E28,-3.697314E28,-3.697314E28,Missing,-3.697314E28,-3.697314E28,-3.697314E28,Port 0x02: JJH T tibia tracker  s/n:3E4C8800,806494489,1780667174.818633718,1,OK,0.7260937,0.1054382,0.3439010,-0.5860058,248.307,-12.162,-1555.220,0.5038083,3,OK,247.734,-12.213,-1554.968,OK,163.064,-11.718,-1511.665,OK,241.593,57.888,-1499.255,Port 0x03: JJH Y femur tracker  s/n:3E4C8801,806494489,1780667174.818633718,1,OK,0.8741842,0.2825051,-0.3253129,-0.2239738,42.457,23.292,-1769.552,0.4606808,3,OK,42.817,22.777,-1769.439,OK,18.915,116.630,-1743.895,OK,-21.916,77.187,-1810.895
3,Port 0x01: JJH Probe  s/n:3E4C880C,806494492,1780667174.868633719,1,Too Few Markers,-3.697314E28,-3.697314E28,-3.697314E28,-3.697314E28,-3.697314E28,-3.697314E28,-3.697314E28,0.0000000,3,Missing,-3.697314E28,-3.697314E28,-3.697314E28,Missing,-3.697314E28,-3.697314E28,-3.697314E28,Missing,-3.697314E28,-3.697314E28,-3.697314E28,Port 0x02: JJH T tibia tracker  s/n:3E4C8800,806494492,1780667174.868633719,1,OK,0.7259177,0.1053334,0.3441471,-0.5860983,248.253,-11.987,-1555.802,0.4496660,3,OK,247.746,-12.066,-1555.604,OK,163.012,-11.495,-1512.156,OK,241.548,58.053,-1499.809,Port 0x03: JJH Y femur tracker  s/n:3E4C8801,806494492,1780667174.868633719,1,OK,0.8822004,0.2775879,-0.3014067,-0.2319944,38.987,23.559,-1763.480,0.4532344,3,OK,39.335,23.047,-1763.404,OK,16.890,116.854,-1736.306,OK,-27.500,77.541,-1801.167
3,Port 0x01: JJH Probe  s/n:3E4C880C,806494495,1780667174.918633719,1,Too Few Markers,-3.697314E28,-3.697314E28,-3.697314E28,-3.697314E28,-3.697314E28,-3.697314E28,-3.697314E28,0.0000000,3,Missing,-3.697314E28,-3.697314E28,-3.697314E28,Missing,-3.697314E28,-3.697314E28,-3.697314E28,Missing,-3.697314E28,-3.697314E28,-3.697314E28,Port 0x02: JJH T tibia tracker  s/n:3E4C8800,806494495,1780667174.918633719,1,OK,0.7257599,0.1053309,0.3442565,-0.5862299,248.210,-11.762,-1556.351,0.4150141,3,OK,247.746,-11.852,-1556.183,OK,162.958,-11.227,-1512.656,OK,241.528,58.272,-1500.345,Port 0x03: JJH Y femur tracker  s/n:3E4C8801,806494495,1780667174.918633719,1,OK,0.8904587,0.2711285,-0.2750545,-0.2406608,35.702,23.940,-1756.410,0.4440122,3,OK,36.056,23.433,-1756.350,OK,15.292,117.172,-1727.887,OK,-32.829,78.056,-1789.969
3,Port 0x01: JJH Probe  s/n:3E4C880C,806494498,1780667174.968633719,1,Too Few Markers,-3.697314E28,-3.697314E28,-3.697314E28,-3.697314E28,-3.697314E28,-3.697314E28,-3.697314E28,0.0000000,3,Missing,-3.697314E28,-3.697314E28,-3.697314E28,Missing,-3.697314E28,-3.697314E28,-3.697314E28,Missing,-3.697314E28,-3.697314E28,-3.697314E28,Port 0x02: JJH T tibia tracker  s/n:3E4C8800,806494498,1780667174.968633719,1,OK,0.7257375,0.1053862,0.3435246,-0.5866767,247.998,-11.402,-1557.086,0.4215054,3,OK,247.526,-11.493,-1556.917,OK,162.707,-10.748,-1513.482,OK,241.322,58.703,-1501.160,Port 0x03: JJH Y femur tracker  s/n:3E4C8801,806494498,1780667174.968633719,1,OK,0.8981981,0.2649326,-0.2470944,-0.2489884,32.523,24.121,-1749.120,0.4407319,3,OK,32.866,23.606,-1749.098,OK,13.852,117.281,-1719.123,OK,-37.956,78.264,-1778.241
3,Port 0x01: JJH Probe  s/n:3E4C880C,806494501,1780667175.018633719,1,Too Few Markers,-3.697314E28,-3.697314E28,-3.697314E28,-3.697314E28,-3.697314E28,-3.697314E28,-3.697314E28,0.0000000,3,Missing,-3.697314E28,-3.697314E28,-3.697314E28,Missing,-3.697314E28,-3.697314E28,-3.697314E28,Missing,-3.697314E28,-3.697314E28,-3.697314E28,Port 0x02: JJH T tibia tracker  s/n:3E4C8800,806494501,1780667175.018633719,1,OK,0.7256525,0.1049612,0.3422420,-0.5876071,247.841,-10.925,-1557.860,0.4215289,3,OK,247.365,-10.995,-1557.673,OK,162.504,-10.032,-1514.354,OK,241.207,59.323,-1502.150,Port 0x03: JJH Y femur tracker  s/n:3E4C8801,806494501,1780667175.018633719,1,OK,0.9051459,0.2583680,-0.2183725,-0.2574301,29.803,24.377,-1741.068,0.4384660,3,OK,30.148,23.869,-1741.066,OK,13.042,117.436,-1709.675,OK,-42.382,78.580,-1765.553
3,Port 0x01: JJH Probe  s/n:3E4C880C,806494504,1780667175.068633719,1,Too Few Markers,-3.697314E28,-3.697314E28,-3.697314E28,-3.697314E28,-3.697314E28,-3.697314E28,-3.697314E28,0.0000000,3,Missing,-3.697314E28,-3.697314E28,-3.697314E28,Missing,-3.697314E28,-3.697314E28,-3.697314E28,Missing,-3.697314E28,-3.697314E28,-3.697314E28,Port 0x02: JJH T tibia tracker  s/n:3E4C8800,806494504,1780667175.068633719,1,OK,0.7254241,0.1048944,0.3410724,-0.5885802,247.678,-10.514,-1558.597,0.4363033,3,OK,247.184,-10.588,-1558.406,OK,162.305,-9.369,-1515.210,OK,241.105,59.868,-1503.038,Port 0x03: JJH Y femur tracker  s/n:3E4C8801,806494504,1780667175.068633719,1,OK,0.9113237,0.2506918,-0.1889541,-0.2663440,27.658,24.690,-1732.700,0.4394404,3,OK,28.017,24.190,-1732.709,OK,13.053,117.673,-1700.135,OK,-45.896,79.040,-1752.368
3,Port 0x01: JJH Probe  s/n:3E4C880C,806494507,1780667175.118633719,1,Too Few Markers,-3.697314E28,-3.697314E28,-3.697314E28,-3.697314E28,-3.697314E28,-3.697314E28,-3.697314E28,0.0000000,3,Missing,-3.697314E28,-3.697314E28,-3.697314E28,Missing,-3.697314E28,-3.697314E28,-3.697314E28,Missing,-3.697314E28,-3.697314E28,-3.697314E28,Port 0x02: JJH T tibia tracker  s/n:3E4C8800,806494507,1780667175.118633719,1,OK,0.7251955,0.1050235,0.3400775,-0.5894140,247.339,-10.216,-1559.145,0.4540473,3,OK,246.822,-10.274,-1558.932,OK,161.925,-8.864,-1515.879,OK,240.832,60.255,-1503.709,Port 0x03: JJH Y femur tracker  s/n:3E4C8801,806494507,1780667175.118633719,1,OK,0.9167572,0.2429915,-0.1585895,-0.2745189,25.987,24.955,-1724.449,0.4447306,3,OK,26.352,24.451,-1724.480,OK,13.515,117.843,-1690.772,OK,-48.705,79.338,-1739.107
3,Port 0x01: JJH Probe  s/n:3E4C880C,806494510,1780667175.168633719,1,Too Few Markers,-3.697314E28,-3.697314E28,-3.697314E28,-3.697314E28,-3.697314E28,-3.697314E28,-3.697314E28,0.0000000,3,Missing,-3.697314E28,-3.697314E28,-3.697314E28,Missing,-3.697314E28,-3.697314E28,-3.697314E28,Missing,-3.697314E28,-3.697314E28,-3.697314E28,Port 0x02: JJH T tibia tracker  s/n:3E4C8800,806494510,1780667175.168633719,1,OK,0.7251215,0.1053737,0.3400058,-0.5894839,246.877,-10.185,-1559.660,0.4269950,3,OK,246.394,-10.258,-1559.475,OK,161.423,-8.802,-1516.414,OK,240.364,60.272,-1504.191,Port 0x03: JJH Y femur tracker  s/n:3E4C8801,806494510,1780667175.168633719,1,OK,0.9209389,0.2354028,-0.1290037,-0.2825156,24.955,25.214,-1716.285,0.4380257,3,OK,25.315,24.720,-1716.338,OK,14.693,117.998,-1681.627,OK,-50.488,79.662,-1726.008
3,Port 0x01: JJH Probe  s/n:3E4C880C,806494513,1780667175.218633719,1,Too Few Markers,-3.697314E28,-3.697314E28,-3.697314E28,-3.697314E28,-3.697314E28,-3.697314E28,-3.697314E28,0.0000000,3,Missing,-3.697314E28,-3.697314E28,-3.697314E28,Missing,-3.697314E28,-3.697314E28,-3.697314E28,Missing,-3.697314E28,-3.697314E28,-3.697314E28,Port 0x02: JJH T tibia tracker  s/n:3E4C8800,806494513,1780667175.218633719,1,OK,0.7253848,0.1056902,0.3398912,-0.5891692,246.245,-10.349,-1560.145,0.4259632,3,OK,245.768,-10.439,-1559.976,OK,160.756,-9.029,-1516.963,OK,239.647,60.092,-1504.634,Port 0x03: JJH Y femur tracker  s/n:3E4C8801,806494513,1780667175.218633719,1,OK,0.9241974,0.2280052,-0.0998533,-0.2896586,24.366,25.227,-1708.344,0.4437496,3,OK,24.731,24.730,-1708.418,OK,16.237,117.891,-1672.824,OK,-51.566,79.667,-1713.196
3,Port 0x01: JJH Probe  s/n:3E4C880C,806494516,1780667175.268633719,1,Too Few Markers,-3.697314E28,-3.697314E28,-3.697314E28,-3.697314E28,-3.697314E28,-3.697314E28,-3.697314E28,0.0000000,3,Missing,-3.697314E28,-3.697314E28,-3.697314E28,Missing,-3.697314E28,-3.697314E28,-3.697314E28,Missing,-3.697314E28,-3.697314E28,-3.697314E28,Port 0x02: JJH T tibia tracker  s/n:3E4C8800,806494516,1780667175.268633719,1,OK,0.7253775,0.1062270,0.3397858,-0.5891425,245.623,-10.295,-1560.597,0.4215398,3,OK,245.152,-10.390,-1560.435,OK,160.095,-8.973,-1517.479,OK,239.006,60.116,-1505.040,Port 0x03: JJH Y femur tracker  s/n:3E4C8801,806494516,1780667175.268633719,1,OK,0.9264104,0.2204584,-0.0722626,-0.2965468,24.262,25.522,-1700.512,0.4402687,3,OK,24.626,25.036,-1700.603,OK,18.289,118.092,-1664.356,OK,-51.812,79.997,-1700.754
3,Port 0x01: JJH Probe  s/n:3E4C880C,806494519,1780667175.318633719,1,Too Few Markers,-3.697314E28,-3.697314E28,-3.697314E28,-3.697314E28,-3.697314E28,-3.697314E28,-3.697314E28,0.0000000,3,Missing,-3.697314E28,-3.697314E28,-3.697314E28,Missing,-3.697314E28,-3.697314E28,-3.697314E28,Missing,-3.697314E28,-3.697314E28,-3.697314E28,Port 0x02: JJH T tibia tracker  s/n:3E4C8800,806494519,1780667175.318633719,1,OK,0.7258486,0.1063652,0.3395810,-0.5886552,244.917,-10.684,-1561.013,0.4379846,3,OK,244.421,-10.756,-1560.822,OK,159.363,-9.474,-1517.983,OK,238.182,59.693,-1505.465,Port 0x03: JJH Y femur tracker  s/n:3E4C8801,806494519,1780667175.318633719,1,OK,0.9277515,0.2133724,-0.0454974,-0.3027859,24.538,25.493,-1693.302,0.4544595,3,OK,24.902,24.986,-1693.423,OK,20.630,117.968,-1656.577,OK,-51.426,79.965,-1689.062
3,Port 0x01: JJH Probe  s/n:3E4C880C,806494522,1780667175.368633719,1,Too Few Markers,-3.697314E28,-3.697314E28,-3.697314E28,-3.697314E28,-3.697314E28,-3.697314E28,-3.697314E28,0.0000000,3,Missing,-3.697314E28,-3.697314E28,-3.697314E28,Missing,-3.697314E28,-3.697314E28,-3.697314E28,Missing,-3.697314E28,-3.697314E28,-3.697314E28,Port 0x02: JJH T tibia tracker  s/n:3E4C8800,806494522,1780667175.368633719,1,OK,0.7259613,0.1070399,0.3395048,-0.5884379,244.249,-10.687,-1561.244,0.4481691,3,OK,243.740,-10.753,-1561.042,OK,158.659,-9.523,-1518.307,OK,237.464,59.631,-1505.636,Port 0x03: JJH Y femur tracker  s/n:3E4C8801,806494522,1780667175.368633719,1,OK,0.9284320,0.2057848,-0.0194765,-0.3086863,25.276,25.852,-1686.162,0.4568174,3,OK,25.650,25.357,-1686.295,OK,23.413,118.226,-1649.113,OK,-50.331,80.341,-1677.605
3,Port 0x01: JJH Probe  s/n:3E4C880C,806494525,1780667175.418633719,1,Too Few Markers,-3.697314E28,-3.697314E28,-3.697314E28,-3.697314E28,-3.697314E28,-3.697314E28,-3.697314E28,0.0000000,3,Missing,-3.697314E28,-3.697314E28,-3.697314E28,Missing,-3.697314E28,-3.697314E28,-3.697314E28,Missing,-3.697314E28,-3.697314E28,-3.697314E28,Port 0x02: JJH T tibia tracker  s/n:3E4C8800,806494525,1780667175.418633719,1,OK,0.7264588,0.1072640,0.3402675,-0.5873415,243.399,-11.172,-1561.466,0.4221573,3,OK,242.921,-11.248,-1561.287,OK,157.797,-10.266,-1518.488,OK,236.465,59.027,-1505.721,Port 0x03: JJH Y femur tracker  s/n:3E4C8801,806494525,1780667175.418633719,1,OK,0.9285819,0.1975603,0.0051405,-0.3141323,26.278,25.666,-1679.221,0.4417584,3,OK,26.649,25.205,-1679.360,OK,26.397,117.998,-1642.135,OK,-48.759,80.176,-1666.661
3,Port 0x01: JJH Probe  s/n:3E4C880C,806494528,1780667175.468633719,1,Too Few Markers,-3.697314E28,-3.697314E28,-3.697314E28,-3.697314E28,-3.697314E28,-3.697314E28,-3.697314E28,0.0000000,3,Missing,-3.697314E28,-3.697314E28,-3.697314E28,Missing,-3.697314E28,-3.697314E28,-3.697314E28,Missing,-3.697314E28,-3.697314E28,-3.697314E28,Port 0x02: JJH T tibia tracker  s/n:3E4C8800,806494528,1780667175.468633719,1,OK,0.7270252,0.1076442,0.3401181,-0.5866573,242.504,-11.503,-1561.577,0.4408170,3,OK,242.003,-11.566,-1561.376,OK,156.862,-10.754,-1518.713,OK,235.419,58.644,-1505.797,Port 0x03: JJH Y femur tracker  s/n:3E4C8801,806494528,1780667175.468633719,1,OK,0.9278500,0.1905134,0.0299469,-0.3192212,27.587,25.549,-1672.398,0.4576246,3,OK,27.961,25.069,-1672.564,OK,29.665,117.790,-1635.113,OK,-46.694,80.028,-1655.766
3,Port 0x01: JJH Probe  s/n:3E4C880C,806494531,1780667175.518633719,1,Too Few Markers,-3.697314E28,-3.697314E28,-3.697314E28,-3.697314E28,-3.697314E28,-3.697314E28,-3.697314E28,0.0000000,3,Missing,-3.697314E28,-3.697314E28,-3.697314E28,Missing,-3.697314E28,-3.697314E28,-3.697314E28,Missing,-3.697314E28,-3.697314E28,-3.697314E28,Port 0x02: JJH T tibia tracker  s/n:3E4C8800,806494531,1780667175.518633719,1,OK,0.7270637,0.1078576,0.3398375,-0.5867330,241.911,-11.126,-1562.070,0.4409814,3,OK,241.413,-11.206,-1561.885,OK,156.241,-10.349,-1519.263,OK,234.804,59.042,-1506.288,Port 0x03: JJH Y femur tracker  s/n:3E4C8801,806494531,1780667175.518633719,1,OK,0.9263300,0.1822813,0.0548471,-0.3250815,29.621,26.109,-1665.679,0.4569618,3,OK,29.999,25.646,-1665.858,OK,33.874,118.286,-1628.497,OK,-43.568,80.719,-1645.030
3,Port 0x01: JJH Probe  s/n:3E4C880C,806494534,1780667175.568633719,1,Too Few Markers,-3.697314E28,-3.697314E28,-3.697314E28,-3.697314E28,-3.697314E28,-3.697314E28,-3.697314E28,0.0000000,3,Missing,-3.697314E28,-3.697314E28,-3.697314E28,Missing,-3.697314E28,-3.697314E28,-3.697314E28,Missing,-3.697314E28,-3.697314E28,-3.697314E28,Port 0x02: JJH T tibia tracker  s/n:3E4C8800,806494534,1780667175.568633719,1,OK,0.7273325,0.1070328,0.3395057,-0.5867430,241.142,-10.899,-1562.598,0.4203143,3,OK,240.675,-11.010,-1562.451,OK,155.472,-10.104,-1519.748,OK,233.976,59.371,-1506.908,Port 0x03: JJH Y femur tracker  s/n:3E4C8801,806494534,1780667175.568633719,1,OK,0.9243274,0.1753026,0.0787203,-0.3296832,31.657,26.056,-1659.277,0.4629468,3,OK,32.030,25.588,-1659.479,OK,37.823,118.126,-1622.099,OK,-40.371,80.635,-1634.791
3,Port 0x01: JJH Probe  s/n:3E4C880C,806494537,1780667175.618633719,1,Too Few Markers,-3.697314E28,-3.697314E28,-3.697314E28,-3.697314E28,-3.697314E28,-3.697314E28,-3.697314E28,0.0000000,3,Missing,-3.697314E28,-3.697314E28,-3.697314E28,Missing,-3.697314E28,-3.697314E28,-3.697314E28,Missing,-3.697314E28,-3.697314E28,-3.697314E28,Port 0x02: JJH T tibia tracker  s/n:3E4C8800,806494537,1780667175.618633719,1,OK,0.7278839,0.1060920,0.3383744,-0.5868836,240.439,-10.916,-1563.081,0.4319017,3,OK,239.948,-10.986,-1562.892,OK,154.738,-10.079,-1520.322,OK,233.180,59.479,-1507.633,Port 0x03: JJH Y femur tracker  s/n:3E4C8801,806494537,1780667175.618633719,1,OK,0.9220889,0.1682203,0.1005860,-0.3336713,33.714,26.002,-1653.603,0.4732074,3,OK,34.092,25.531,-1653.825,OK,41.618,118.007,-1616.622,OK,-37.089,80.560,-1625.684
3,Port 0x01: JJH Probe  s/n:3E4C880C,806494540,1780667175.668633719,1,Too Few Markers,-3.697314E28,-3.697314E28,-3.697314E28,-3.697314E28,-3.697314E28,-3.697314E28,-3.697314E28,0.0000000,3,Missing,-3.697314E28,-3.697314E28,-3.697314E28,Missing,-3.697314E28,-3.697314E28,-3.697314E28,Missing,-3.697314E28,-3.697314E28,-3.697314E28,Port 0x02: JJH T tibia tracker  s/n:3E4C8800,806494540,1780667175.668633719,1,OK,0.7278050,0.1060355,0.3383632,-0.5869981,239.797,-10.790,-1563.557,0.4223479,3,OK,239.324,-10.887,-1563.396,OK,154.094,-9.922,-1520.779,OK,232.553,59.636,-1508.099,Port 0x03: JJH Y femur tracker  s/n:3E4C8801,806494540,1780667175.668633719,1,OK,0.9193338,0.1624684,0.1213643,-0.3371946,35.978,26.063,-1648.286,0.4988147,3,OK,36.357,25.559,-1648.542,OK,45.508,117.954,-1611.361,OK,-33.518,80.550,-1617.091
3,Port 0x01: JJH Probe  s/n:3E4C880C,806494543,1780667175.718633719,1,Too Few Markers,-3.697314E28,-3.697314E28,-3.697314E28,-3.697314E28,-3.697314E28,-3.697314E28,-3.697314E28,0.0000000,3,Missing,-3.697314E28,-3.697314E28,-3.697314E28,Missing,-3.697314E28,-3.697314E28,-3.697314E28,Missing,-3.697314E28,-3.697314E28,-3.697314E28,Port 0x02: JJH T tibia tracker  s/n:3E4C8800,806494543,1780667175.718633719,1,OK,0.7279735,0.1051662,0.3373166,-0.5875475,239.194,-10.727,-1564.092,0.4240290,3,OK,238.717,-10.816,-1563.924,OK,153.474,-9.713,-1521.360,OK,231.938,59.853,-1508.848,Port 0x03: JJH Y femur tracker  s/n:3E4C8801,806494543,1780667175.718633719,1,OK,0.9163421,0.1567472,0.1408644,-0.3404478,38.260,25.916,-1643.342,0.5078381,3,OK,38.633,25.402,-1643.620,OK,49.328,117.697,-1606.584,OK,-29.853,80.343,-1609.134
3,Port 0x01: JJH Probe  s/n:3E4C880C,806494546,1780667175.768633719,1,Too Few Markers,-3.697314E28,-3.697314E28,-3.697314E28,-3.697314E28,-3.697314E28,-3.697314E28,-3.697314E28,0.0000000,3,Missing,-3.697314E28,-3.697314E28,-3.697314E28,Missing,-3.697314E28,-3.697314E28,-3.697314E28,Missing,-3.697314E28,-3.697314E28,-3.697314E28,Port 0x02: JJH T tibia tracker  s/n:3E4C8800,806494546,1780667175.768633719,1,OK,0.7278182,0.1044105,0.3360362,-0.5886075,238.729,-10.505,-1564.718,0.4267898,3,OK,238.249,-10.596,-1564.550,OK,152.986,-9.223,-1522.047,OK,231.541,60.269,-1509.708,Port 0x03: JJH Y femur tracker  s/n:3E4C8801,806494546,1780667175.768633719,1,OK,0.9131247,0.1503231,0.1600142,-0.3435137,40.740,25.869,-1638.563,0.5231973,3,OK,41.119,25.346,-1638.865,OK,53.319,117.593,-1602.167,OK,-25.914,80.259,-1601.483
3,Port 0x01: JJH Probe  s/n:3E4C880C,806494549,1780667175.818633719,1,Too Few Markers,-3.697314E28,-3.697314E28,-3.697314E28,-3.697314E28,-3.697314E28,-3.697314E28,-3.697314E28,0.0000000,3,Missing,-3.697314E28,-3.697314E28,-3.697314E28,Missing,-3.697314E28,-3.697314E28,-3.697314E28,Missing,-3.697314E28,-3.697314E28,-3.697314E28,Port 0x02: JJH T tibia tracker  s/n:3E4C8800,806494549,1780667175.818633719,1,OK,0.7272734,0.1030806,0.3350222,-0.5900915,238.401,-10.029,-1565.679,0.3997020,3,OK,237.958,-10.134,-1565.540,OK,152.669,-8.385,-1522.929,OK,231.395,60.988,-1510.939,Port 0x03: JJH Y femur tracker  s/n:3E4C8801,806494549,1780667175.818633719,1,OK,0.9096877,0.1445191,0.1777795,-0.3463770,43.285,25.937,-1634.307,0.5499416,3,OK,43.675,25.395,-1634.638,OK,57.271,117.586,-1598.261,OK,-21.878,80.315,-1594.589
3,Port 0x01: JJH Probe  s/n:3E4C880C,806494552,1780667175.868633720,1,Too Few Markers,-3.697314E28,-3.697314E28,-3.697314E28,-3.697314E28,-3.697314E28,-3.697314E28,-3.697314E28,0.0000000,3,Missing,-3.697314E28,-3.697314E28,-3.697314E28,Missing,-3.697314E28,-3.697314E28,-3.697314E28,Missing,-3.697314E28,-3.697314E28,-3.697314E28,Port 0x02: JJH T tibia tracker  s/n:3E4C8800,806494552,1780667175.868633720,1,OK,0.7271693,0.1014123,0.3328383,-0.5917424,238.041,-9.687,-1566.369,0.4196330,3,OK,237.568,-9.766,-1566.198,OK,152.299,-7.631,-1523.714,OK,231.134,61.658,-1512.085,Port 0x03: JJH Y femur tracker  s/n:3E4C8801,806494552,1780667175.868633720,1,OK,0.9060762,0.1392940,0.1943364,-0.3490794,45.839,25.812,-1630.213,0.5535187,3,OK,46.213,25.262,-1630.562,OK,61.164,117.378,-1594.500,OK,-17.796,80.164,-1588.080
3,Port 0x01: JJH Probe  s/n:3E4C880C,806494555,1780667175.918633720,1,Too Few Markers,-3.697314E28,-3.697314E28,-3.697314E28,-3.697314E28,-3.697314E28,-3.697314E28,-3.697314E28,0.0000000,3,Missing,-3.697314E28,-3.697314E28,-3.697314E28,Missing,-3.697314E28,-3.697314E28,-3.697314E28,Missing,-3.697314E28,-3.697314E28,-3.697314E28,Port 0x02: JJH T tibia tracker  s/n:3E4C8800,806494555,1780667175.918633720,1,OK,0.7268178,0.0997693,0.3313566,-0.5932831,237.732,-9.261,-1567.146,0.4056102,3,OK,237.272,-9.320,-1566.967,OK,151.989,-6.831,-1524.466,OK,230.982,62.358,-1513.236,Port 0x03: JJH Y femur tracker  s/n:3E4C8801,806494555,1780667175.918633720,1,OK,0.9026907,0.1345415,0.2091987,-0.3511181,48.176,25.888,-1626.746,0.5759788,3,OK,48.560,25.324,-1627.121,OK,64.638,117.373,-1591.369,OK,-14.077,80.185,-1582.472
3,Port 0x01: JJH Probe  s/n:3E4C880C,806494558,1780667175.968633720,1,Too Few Markers,-3.697314E28,-3.697314E28,-3.697314E28,-3.697314E28,-3.697314E28,-3.697314E28,-3.697314E28,0.0000000,3,Missing,-3.697314E28,-3.697314E28,-3.697314E28,Missing,-3.697314E28,-3.697314E28,-3.697314E28,Missing,-3.697314E28,-3.697314E28,-3.697314E28,Port 0x02: JJH T tibia tracker  s/n:3E4C8800,806494558,1780667175.968633720,1,OK,0.7265613,0.0982607,0.3294798,-0.5948920,237.557,-8.829,-1567.875,0.4281624,3,OK,237.068,-8.872,-1567.674,OK,151.815,-6.004,-1525.263,OK,230.940,63.093,-1514.367,Port 0x03: JJH Y femur tracker  s/n:3E4C8801,806494558,1780667175.968633720,1,OK,0.8993207,0.1293190,0.2226822,-0.3534283,50.611,25.868,-1623.433,0.5569698,3,OK,50.968,25.322,-1623.807,OK,68.189,117.337,-1588.570,OK,-10.223,80.199,-1577.324
3,Port 0x01: JJH Probe  s/n:3E4C880C,806494561,1780667176.018633720,1,Too Few Markers,-3.697314E28,-3.697314E28,-3.697314E28,-3.697314E28,-3.697314E28,-3.697314E28,-3.697314E28,0.0000000,3,Missing,-3.697314E28,-3.697314E28,-3.697314E28,Missing,-3.697314E28,-3.697314E28,-3.697314E28,Missing,-3.697314E28,-3.697314E28,-3.697314E28,Port 0x02: JJH T tibia tracker  s/n:3E4C8800,806494561,1780667176.018633720,1,OK,0.7259188,0.0964974,0.3282828,-0.5966243,237.379,-8.348,-1568.826,0.3990772,3,OK,236.927,-8.411,-1568.657,OK,151.673,-5.093,-1526.114,OK,230.973,63.862,-1515.658,Port 0x03: JJH Y femur tracker  s/n:3E4C8801,806494561,1780667176.018633720,1,OK,0.8957926,0.1251739,0.2363377,-0.3550093,52.863,25.703,-1620.402,0.5886028,3,OK,53.231,25.130,-1620.807,OK,71.441,117.085,-1585.846,OK,-6.588,79.949,-1572.375
3,Port 0x01: JJH Probe  s/n:3E4C880C,806494564,1780667176.068633720,1,Too Few Markers,-3.697314E28,-3.697314E28,-3.697314E28,-3.697314E28,-3.697314E28,-3.697314E28,-3.697314E28,0.0000000,3,Missing,-3.697314E28,-3.697314E28,-3.697314E28,Missing,-3.697314E28,-3.697314E28,-3.697314E28,Missing,-3.697314E28,-3.697314E28,-3.697314E28,Port 0x02: JJH T tibia tracker  s/n:3E4C8800,806494564,1780667176.068633720,1,OK,0.7254352,0.0939634,0.3250598,-0.5993753,237.327,-7.546,-1569.752,0.4215384,3,OK,236.844,-7.579,-1569.549,OK,151.613,-3.609,-1527.157,OK,231.151,65.160,-1517.275,Port 0x03: JJH Y femur tracker  s/n:3E4C8801,806494564,1780667176.068633720,1,OK,0.8917986,0.1199864,0.2502237,-0.3573325,55.603,25.882,-1617.317,0.5968505,3,OK,55.963,25.305,-1617.739,OK,75.324,117.217,-1583.311,OK,-2.260,80.181,-1567.443
3,Port 0x01: JJH Probe  s/n:3E4C880C,806494567,1780667176.118633720,1,Too Few Markers,-3.697314E28,-3.697314E28,-3.697314E28,-3.697314E28,-3.697314E28,-3.697314E28,-3.697314E28,0.0000000,3,Missing,-3.697314E28,-3.697314E28,-3.697314E28,Missing,-3.697314E28,-3.697314E28,-3.697314E28,Missing,-3.697314E28,-3.697314E28,-3.697314E28,Port 0x02: JJH T tibia tracker  s/n:3E4C8800,806494567,1780667176.118633720,1,OK,0.7244336,0.0911069,0.3222820,-0.6025196,237.238,-6.471,-1571.028,0.3849889,3,OK,236.800,-6.513,-1570.855,OK,151.537,-1.746,-1528.397,OK,231.409,66.752,-1519.222,Port 0x03: JJH Y femur tracker  s/n:3E4C8801,806494567,1780667176.118633720,1,OK,0.8875368,0.1146022,0.2647414,-0.3592447,58.376,25.920,-1613.891,0.6082794,3,OK,58.733,25.339,-1614.332,OK,79.201,117.212,-1580.463,OK,2.175,80.208,-1562.122
3,Port 0x01: JJH Probe  s/n:3E4C880C,806494570,1780667176.168633720,1,Too Few Markers,-3.697314E28,-3.697314E28,-3.697314E28,-3.697314E28,-3.697314E28,-3.697314E28,-3.697314E28,0.0000000,3,Missing,-3.697314E28,-3.697314E28,-3.697314E28,Missing,-3.697314E28,-3.697314E28,-3.697314E28,Missing,-3.697314E28,-3.697314E28,-3.697314E28,Port 0x02: JJH T tibia tracker  s/n:3E4C8800,806494570,1780667176.168633720,1,OK,0.7234210,0.0894107,0.3204764,-0.6049485,237.249,-5.729,-1572.207,0.3841066,3,OK,236.819,-5.806,-1572.062,OK,151.603,-0.391,-1529.557,OK,231.718,67.848,-1520.816,Port 0x03: JJH Y femur tracker  s/n:3E4C8801,806494570,1780667176.168633720,1,OK,0.8830774,0.1097058,0.2789968,-0.3609705,61.177,25.978,-1610.620,0.6192229,3,OK,61.516,25.383,-1611.078,OK,83.061,117.206,-1577.702,OK,6.690,80.215,-1557.019
3,Port 0x01: JJH Probe  s/n:3E4C880C,806494573,1780667176.218633720,1,Too Few Markers,-3.697314E28,-3.697314E28,-3.697314E28,-3.697314E28,-3.697314E28,-3.697314E28,-3.697314E28,0.0000000,3,Missing,-3.697314E28,-3.697314E28,-3.697314E28,Missing,-3.697314E28,-3.697314E28,-3.697314E28,Missing,-3.697314E28,-3.697314E28,-3.697314E28,Port 0x02: JJH T tibia tracker  s/n:3E4C8800,806494573,1780667176.218633720,1,OK,0.7228236,0.0864858,0.3182398,-0.6072642,237.117,-5.148,-1572.861,0.3770371,3,OK,236.689,-5.192,-1572.696,OK,151.516,0.757,-1530.163,OK,231.848,68.848,-1522.097,Port 0x03: JJH Y femur tracker  s/n:3E4C8801,806494573,1780667176.218633720,1,OK,0.8788265,0.1050156,0.2918211,-0.3625964,63.893,25.827,-1607.531,0.6121770,3,OK,64.220,25.251,-1607.990,OK,86.746,116.988,-1575.168,OK,11.013,80.040,-1552.337
3,Port 0x01: JJH Probe  s/n:3E4C880C,806494576,1780667176.268633720,1,Too Few Markers,-3.697314E28,-3.697314E28,-3.697314E28,-3.697314E28,-3.697314E28,-3.697314E28,-3.697314E28,0.0000000,3,Missing,-3.697314E28,-3.697314E28,-3.697314E28,Missing,-3.697314E28,-3.697314E28,-3.697314E28,Missing,-3.697314E28,-3.697314E28,-3.697314E28,Port 0x02: JJH T tibia tracker  s/n:3E4C8800,806494576,1780667176.268633720,1,OK,0.7222342,0.0838793,0.3162993,-0.6093412,237.025,-4.460,-1573.208,0.3765420,3,OK,236.594,-4.477,-1573.025,OK,151.478,1.957,-1530.462,OK,231.998,69.900,-1523.000,Port 0x03: JJH Y femur tracker  s/n:3E4C8801,806494576,1780667176.268633720,1,OK,0.8754521,0.1013036,0.3017870,-0.3636562,65.776,25.857,-1604.793,0.6154671,3,OK,66.101,25.289,-1605.261,OK,89.345,116.978,-1572.880,OK,14.148,80.037,-1548.381
3,Port 0x01: JJH Probe  s/n:3E4C880C,806494579,1780667176.318633720,1,Too Few Markers,-3.697314E28,-3.697314E28,-3.697314E28,-3.697314E28,-3.697314E28,-3.697314E28,-3.697314E28,0.0000000,3,Missing,-3.697314E28,-3.697314E28,-3.697314E28,Missing,-3.697314E28,-3.697314E28,-3.697314E28,Missing,-3.697314E28,-3.697314E28,-3.697314E28,Port 0x02: JJH T tibia tracker  s/n:3E4C8800,806494579,1780667176.318633720,1,OK,0.7214198,0.0820926,0.3161895,-0.6106050,236.993,-3.952,-1572.949,0.3589366,3,OK,236.591,-4.013,-1572.806,OK,151.573,2.776,-1529.976,OK,232.206,70.611,-1522.951,Port 0x03: JJH Y femur tracker  s/n:3E4C8801,806494579,1780667176.318633720,1,OK,0.8730590,0.0988527,0.3081558,-0.3647411,67.135,25.845,-1602.247,0.6121735,3,OK,67.429,25.268,-1602.711,OK,91.220,116.949,-1570.646,OK,16.436,80.059,-1545.110
3,Port 0x01: JJH Probe  s/n:3E4C880C,806494582,1780667176.368633720,1,Too Few Markers,-3.697314E28,-3.697314E28,-3.697314E28,-3.697314E28,-3.697314E28,-3.697314E28,-3.697314E28,0.0000000,3,Missing,-3.697314E28,-3.697314E28,-3.697314E28,Missing,-3.697314E28,-3.697314E28,-3.697314E28,Missing,-3.697314E28,-3.697314E28,-3.697314E28,Port 0x02: JJH T tibia tracker  s/n:3E4C8800,806494582,1780667176.368633720,1,OK,0.7209005,0.0794610,0.3153619,-0.6119928,236.965,-3.496,-1572.148,0.3557903,3,OK,236.560,-3.524,-1571.982,OK,151.654,3.560,-1528.995,OK,232.399,71.326,-1522.576,Port 0x03: JJH Y femur tracker  s/n:3E4C8801,806494582,1780667176.368633720,1,OK,0.8710476,0.0967662,0.3138253,-0.3652753,68.122,25.814,-1599.802,0.6126832,3,OK,68.418,25.246,-1600.270,OK,92.604,116.886,-1568.464,OK,18.153,80.000,-1541.988
3,Port 0x01: JJH Probe  s/n:3E4C880C,806494585,1780667176.418633720,1,Too Few Markers,-3.697314E28,-3.697314E28,-3.697314E28,-3.697314E28,-3.697314E28,-3.697314E28,-3.697314E28,0.0000000,3,Missing,-3.697314E28,-3.697314E28,-3.697314E28,Missing,-3.697314E28,-3.697314E28,-3.697314E28,Missing,-3.697314E28,-3.697314E28,-3.697314E28,Port 0x02: JJH T tibia tracker  s/n:3E4C8800,806494585,1780667176.418633720,1,OK,0.7204820,0.0774475,0.3148274,-0.6130181,236.962,-2.955,-1571.756,0.3482250,3,OK,236.568,-2.990,-1571.599,OK,151.743,4.353,-1528.447,OK,232.558,72.080,-1522.481,Port 0x03: JJH Y femur tracker  s/n:3E4C8801,806494585,1780667176.418633720,1,OK,0.8687682,0.0942110,0.3199740,-0.3660365,69.336,25.875,-1597.520,0.6294725,3,OK,69.627,25.291,-1598.001,OK,94.258,116.942,-1566.520,OK,20.216,80.087,-1539.005
3,Port 0x01: JJH Probe  s/n:3E4C880C,806494588,1780667176.468633720,1,Too Few Markers,-3.697314E28,-3.697314E28,-3.697314E28,-3.697314E28,-3.697314E28,-3.697314E28,-3.697314E28,0.0000000,3,Missing,-3.697314E28,-3.697314E28,-3.697314E28,Missing,-3.697314E28,-3.697314E28,-3.697314E28,Missing,-3.697314E28,-3.697314E28,-3.697314E28,Port 0x02: JJH T tibia tracker  s/n:3E4C8800,806494588,1780667176.468633720,1,OK,0.7200063,0.0754457,0.3136301,-0.6144388,236.962,-2.152,-1572.118,0.3283890,3,OK,236.592,-2.195,-1571.977,OK,151.793,5.522,-1528.728,OK,232.727,73.144,-1523.221,Port 0x03: JJH Y femur tracker  s/n:3E4C8801,806494588,1780667176.468633720,1,OK,0.8659213,0.0913618,0.3278643,-0.3665219,71.054,26.010,-1595.397,0.6246141,3,OK,71.339,25.437,-1595.879,OK,96.484,117.045,-1564.750,OK,22.960,80.140,-1535.966
3,Port 0x01: JJH Probe  s/n:3E4C880C,806494591,1780667176.518633720,1,Too Few Markers,-3.697314E28,-3.697314E28,-3.697314E28,-3.697314E28,-3.697314E28,-3.697314E28,-3.697314E28,0.0000000,3,Missing,-3.697314E28,-3.697314E28,-3.697314E28,Missing,-3.697314E28,-3.697314E28,-3.697314E28,Missing,-3.697314E28,-3.697314E28,-3.697314E28,Port 0x02: JJH T tibia tracker  s/n:3E4C8800,806494591,1780667176.518633720,1,OK,0.7197805,0.0728988,0.3118884,-0.6158956,236.972,-1.443,-1572.240,0.3443196,3,OK,236.580,-1.460,-1572.073,OK,151.864,6.599,-1528.830,OK,232.875,74.168,-1523.858,Port 0x03: JJH Y femur tracker  s/n:3E4C8801,806494591,1780667176.518633720,1,OK,0.8633157,0.0879924,0.3346410,-0.3673673,72.648,26.084,-1593.271,0.6078518,3,OK,72.911,25.530,-1593.739,OK,98.549,117.141,-1563.120,OK,25.535,80.256,-1533.149
3,Port 0x01: JJH Probe  s/n:3E4C880C,806494594,1780667176.568633720,1,Too Few Markers,-3.697314E28,-3.697314E28,-3.697314E28,-3.697314E28,-3.697314E28,-3.697314E28,-3.697314E28,0.0000000,3,Missing,-3.697314E28,-3.697314E28,-3.697314E28,Missing,-3.697314E28,-3.697314E28,-3.697314E28,Missing,-3.697314E28,-3.697314E28,-3.697314E28,Port 0x02: JJH T tibia tracker  s/n:3E4C8800,806494594,1780667176.568633720,1,OK,0.7190810,0.0703479,0.3124073,-0.6167458,236.978,-0.859,-1571.219,0.3168959,3,OK,236.622,-0.896,-1571.079,OK,152.042,7.379,-1527.442,OK,233.119,74.932,-1523.071,Port 0x03: JJH Y femur tracker  s/n:3E4C8801,806494594,1780667176.568633720,1,OK,0.8619782,0.0867270,0.3385488,-0.3672285,73.076,26.036,-1590.766,0.6189640,3,OK,73.342,25.478,-1591.243,OK,99.149,117.073,-1560.740,OK,26.444,80.122,-1530.187
3,Port 0x01: JJH Probe  s/n:3E4C880C,806494597,1780667176.618633720,1,Too Few Markers,-3.697314E28,-3.697314E28,-3.697314E28,-3.697314E28,-3.697314E28,-3.697314E28,-3.697314E28,0.0000000,3,Missing,-3.697314E28,-3.697314E28,-3.697314E28,Missing,-3.697314E28,-3.697314E28,-3.697314E28,Missing,-3.697314E28,-3.697314E28,-3.697314E28,Port 0x02: JJH T tibia tracker  s/n:3E4C8800,806494597,1780667176.618633720,1,OK,0.7186514,0.0692145,0.3127376,-0.6172072,236.940,-0.655,-1570.050,0.3322732,3,OK,236.567,-0.695,-1569.903,OK,152.119,7.679,-1526.106,OK,233.224,75.215,-1522.000,Port 0x03: JJH Y femur tracker  s/n:3E4C8801,806494597,1780667176.618633720,1,OK,0.8605252,0.0850379,0.3421469,-0.3676963,73.613,26.080,-1588.528,0.6204016,3,OK,73.882,25.527,-1589.010,OK,99.951,117.118,-1558.760,OK,27.495,80.195,-1527.565
3,Port 0x01: JJH Probe  s/n:3E4C880C,806494600,1780667176.668633720,1,Too Few Markers,-3.697314E28,-3.697314E28,-3.697314E28,-3.697314E28,-3.697314E28,-3.697314E28,-3.697314E28,0.0000000,3,Missing,-3.697314E28,-3.697314E28,-3.697314E28,Missing,-3.697314E28,-3.697314E28,-3.697314E28,Missing,-3.697314E28,-3.697314E28,-3.697314E28,Port 0x02: JJH T tibia tracker  s/n:3E4C8800,806494600,1780667176.668633720,1,OK,0.7181417,0.0678890,0.3136487,-0.6174853,236.911,-0.478,-1568.434,0.3334613,3,OK,236.536,-0.509,-1568.280,OK,152.241,7.904,-1524.219,OK,233.356,75.425,-1520.445,Port 0x03: JJH Y femur tracker  s/n:3E4C8801,806494600,1780667176.668633720,1,OK,0.8596582,0.0845641,0.3442619,-0.3678592,73.806,26.220,-1586.167,0.6294307,3,OK,74.067,25.657,-1586.651,OK,100.284,117.228,-1556.436,OK,28.006,80.307,-1524.961
3,Port 0x01: JJH Probe  s/n:3E4C880C,806494603,1780667176.718633720,1,Too Few Markers,-3.697314E28,-3.697314E28,-3.697314E28,-3.697314E28,-3.697314E28,-3.697314E28,-3.697314E28,0.0000000,3,Missing,-3.697314E28,-3.697314E28,-3.697314E28,Missing,-3.697314E28,-3.697314E28,-3.697314E28,Missing,-3.697314E28,-3.697314E28,-3.697314E28,Port 0x02: JJH T tibia tracker  s/n:3E4C8800,806494603,1780667176.718633720,1,OK,0.7176753,0.0664803,0.3140090,-0.6179975,236.913,-0.389,-1567.068,0.3443971,3,OK,236.523,-0.401,-1566.895,OK,152.364,8.095,-1522.655,OK,233.525,75.594,-1519.220,Port 0x03: JJH Y femur tracker  s/n:3E4C8801,806494603,1780667176.718633720,1,OK,0.8584315,0.0827442,0.3474472,-0.3681428,74.204,26.173,-1583.898,0.6246940,3,OK,74.474,25.622,-1584.387,OK,100.888,117.207,-1554.459,OK,28.828,80.287,-1522.365
3,Port 0x01: JJH Probe  s/n:3E4C880C,806494606,1780667176.768633720,1,Too Few Markers,-3.697314E28,-3.697314E28,-3.697314E28,-3.697314E28,-3.697314E28,-3.697314E28,-3.697314E28,0.0000000,3,Missing,-3.697314E28,-3.697314E28,-3.697314E28,Missing,-3.697314E28,-3.697314E28,-3.697314E28,Missing,-3.697314E28,-3.697314E28,-3.697314E28,Port 0x02: JJH T tibia tracker  s/n:3E4C8800,806494606,1780667176.768633720,1,OK,0.7173073,0.0650289,0.3137387,-0.6187161,237.057,-0.017,-1566.565,0.3372611,3,OK,236.677,-0.046,-1566.406,OK,152.587,8.651,-1522.024,OK,233.790,76.115,-1518.915,Port 0x03: JJH Y femur tracker  s/n:3E4C8801,806494606,1780667176.768633720,1,OK,0.8565115,0.0805942,0.3520271,-0.3687406,75.353,26.246,-1581.997,0.6181983,3,OK,75.612,25.701,-1582.480,OK,102.369,117.284,-1552.885,OK,30.669,80.389,-1520.006
3,Port 0x01: JJH Probe  s/n:3E4C880C,806494609,1780667176.818633720,1,Too Few Markers,-3.697314E28,-3.697314E28,-3.697314E28,-3.697314E28,-3.697314E28,-3.697314E28,-3.697314E28,0.0000000,3,Missing,-3.697314E28,-3.697314E28,-3.697314E28,Missing,-3.697314E28,-3.697314E28,-3.697314E28,Missing,-3.697314E28,-3.697314E28,-3.697314E28,Port 0x02: JJH T tibia tracker  s/n:3E4C8800,806494609,1780667176.818633720,1,OK,0.7168201,0.0627867,0.3127344,-0.6200194,237.392,0.607,-1566.885,0.3266937,3,OK,237.023,0.602,-1566.716,OK,152.998,9.605,-1522.232,OK,234.308,76.969,-1519.642,Port 0x03: JJH Y femur tracker  s/n:3E4C8801,806494609,1780667176.818633720,1,OK,0.8543340,0.0786322,0.3570979,-0.3693393,76.889,26.572,-1580.661,0.6340393,3,OK,77.152,26.033,-1581.152,OK,104.253,117.564,-1551.833,OK,32.983,80.737,-1518.137
3,Port 0x01: JJH Probe  s/n:3E4C880C,806494612,1780667176.868633719,1,Too Few Markers,-3.697314E28,-3.697314E28,-3.697314E28,-3.697314E28,-3.697314E28,-3.697314E28,-3.697314E28,0.0000000,3,Missing,-3.697314E28,-3.697314E28,-3.697314E28,Missing,-3.697314E28,-3.697314E28,-3.697314E28,Missing,-3.697314E28,-3.697314E28,-3.697314E28,Port 0x02: JJH T tibia tracker  s/n:3E4C8800,806494612,1780667176.868633719,1,OK,0.7161352,0.0607583,0.3126331,-0.6210631,237.757,1.158,-1567.157,0.3036240,3,OK,237.419,1.115,-1567.024,OK,153.494,10.428,-1522.273,OK,234.874,77.713,-1520.159,Port 0x03: JJH Y femur tracker  s/n:3E4C8801,806494612,1780667176.868633719,1,OK,0.8525430,0.0774698,0.3613902,-0.3695483,77.934,26.728,-1579.630,0.6819152,3,OK,78.218,26.148,-1580.168,OK,105.573,117.674,-1550.934,OK,34.621,80.861,-1516.587
3,Port 0x01: JJH Probe  s/n:3E4C880C,806494615,1780667176.918633719,1,Too Few Markers,-3.697314E28,-3.697314E28,-3.697314E28,-3.697314E28,-3.697314E28,-3.697314E28,-3.697314E28,0.0000000,3,Missing,-3.697314E28,-3.697314E28,-3.697314E28,Missing,-3.697314E28,-3.697314E28,-3.697314E28,Missing,-3.697314E28,-3.697314E28,-3.697314E28,Port 0x02: JJH T tibia tracker  s/n:3E4C8800,806494615,1780667176.918633719,1,OK,0.7159249,0.0592090,0.3119726,-0.6217868,237.850,1.442,-1567.307,0.2930525,3,OK,237.524,1.407,-1567.176,OK,153.633,10.904,-1522.349,OK,235.056,78.154,-1520.576,Port 0x03: JJH Y femur tracker  s/n:3E4C8801,806494615,1780667176.918633719,1,OK,0.8504497,0.0833516,0.3679484,-0.3666086,78.792,27.364,-1580.479,1.2072860,3,OK,79.441,26.491,-1581.493,OK,106.494,117.638,-1550.410,OK,35.751,80.855,-1515.724
3,Port 0x01: JJH Probe  s/n:3E4C880C,806494618,1780667176.968633719,1,Too Few Markers,-3.697314E28,-3.697314E28,-3.697314E28,-3.697314E28,-3.697314E28,-3.697314E28,-3.697314E28,0.0000000,3,Missing,-3.697314E28,-3.697314E28,-3.697314E28,Missing,-3.697314E28,-3.697314E28,-3.697314E28,Missing,-3.697314E28,-3.697314E28,-3.697314E28,Port 0x02: JJH T tibia tracker  s/n:3E4C8800,806494618,1780667176.968633719,1,OK,0.7158578,0.0586013,0.3110435,-0.6223869,237.853,1.689,-1567.420,0.2977084,3,OK,237.521,1.660,-1567.282,OK,153.621,11.309,-1522.527,OK,235.096,78.515,-1520.877,Port 0x03: JJH Y femur tracker  s/n:3E4C8801,806494618,1780667176.968633719,1,OK,0.8499465,0.0827389,0.3690392,-0.3668178,79.014,27.440,-1580.272,1.2204016,3,OK,79.668,26.555,-1581.301,OK,106.811,117.726,-1550.308,OK,36.138,80.963,-1515.401
3,Port 0x01: JJH Probe  s/n:3E4C880C,806494621,1780667177.018633719,1,Too Few Markers,-3.697314E28,-3.697314E28,-3.697314E28,-3.697314E28,-3.697314E28,-3.697314E28,-3.697314E28,0.0000000,3,Missing,-3.697314E28,-3.697314E28,-3.697314E28,Missing,-3.697314E28,-3.697314E28,-3.697314E28,Missing,-3.697314E28,-3.697314E28,-3.697314E28,Port 0x02: JJH T tibia tracker  s/n:3E4C8800,806494621,1780667177.018633719,1,OK,0.7159334,0.0587735,0.3108184,-0.6223962,237.787,1.725,-1567.320,0.3126937,3,OK,237.438,1.692,-1567.177,OK,153.544,11.348,-1522.485,OK,235.009,78.560,-1520.779,Port 0x03: JJH Y femur tracker  s/n:3E4C8801,806494621,1780667177.018633719,1,OK,0.8506003,0.0830440,0.3675995,-0.3666789,78.671,27.470,-1580.545,1.2154781,3,OK,79.334,26.603,-1581.565,OK,106.349,117.764,-1550.550,OK,35.572,81.015,-1515.838
3,Port 0x01: JJH Probe  s/n:3E4C880C,806494624,1780667177.068633719,1,Too Few Markers,-3.697314E28,-3.697314E28,-3.697314E28,-3.697314E28,-3.697314E28,-3.697314E28,-3.697314E28,0.0000000,3,Missing,-3.697314E28,-3.697314E28,-3.697314E28,Missing,-3.697314E28,-3.697314E28,-3.697314E28,Missing,-3.697314E28,-3.697314E28,-3.697314E28,Port 0x02: JJH T tibia tracker  s/n:3E4C8800,806494624,1780667177.068633719,1,OK,0.7160572,0.0587427,0.3105949,-0.6223682,237.634,1.676,-1567.022,0.2977817,3,OK,237.299,1.659,-1566.877,OK,153.365,11.305,-1522.213,OK,234.818,78.503,-1520.517,Port 0x03: JJH Y femur tracker  s/n:3E4C8801,806494624,1780667177.068633719,1,OK,0.8531969,0.0773654,0.3594573,-0.3699460,77.418,26.838,-1579.787,0.6733994,3,OK,77.706,26.264,-1580.319,OK,105.004,117.830,-1551.181,OK,33.887,81.107,-1517.005
3,Port 0x01: JJH Probe  s/n:3E4C880C,806494627,1780667177.118633719,1,Too Few Markers,-3.697314E28,-3.697314E28,-3.697314E28,-3.697314E28,-3.697314E28,-3.697314E28,-3.697314E28,0.0000000,3,Missing,-3.697314E28,-3.697314E28,-3.697314E28,Missing,-3.697314E28,-3.697314E28,-3.697314E28,Missing,-3.697314E28,-3.697314E28,-3.697314E28,Port 0x02: JJH T tibia tracker  s/n:3E4C8800,806494627,1780667177.118633719,1,OK,0.7160012,0.0593989,0.3113967,-0.6219696,237.485,1.657,-1566.654,0.2915307,3,OK,237.158,1.638,-1566.513,OK,153.217,11.169,-1521.793,OK,234.674,78.384,-1519.980,Port 0x03: JJH Y femur tracker  s/n:3E4C8801,806494627,1780667177.118633719,1,OK,0.8560870,0.0794263,0.3522542,-0.3697613,75.512,26.926,-1580.995,0.6350915,3,OK,75.770,26.370,-1581.483,OK,102.660,117.996,-1552.141,OK,31.025,81.295,-1519.072
3,Port 0x01: JJH Probe  s/n:3E4C880C,806494630,1780667177.168633719,1,Too Few Markers,-3.697314E28,-3.697314E28,-3.697314E28,-3.697314E28,-3.697314E28,-3.697314E28,-3.697314E28,0.0000000,3,Missing,-3.697314E28,-3.697314E28,-3.697314E28,Missing,-3.697314E28,-3.697314E28,-3.697314E28,Missing,-3.697314E28,-3.697314E28,-3.697314E28,Port 0x02: JJH T tibia tracker  s/n:3E4C8800,806494630,1780667177.168633719,1,OK,0.7164418,0.0607909,0.3114339,-0.6213087,237.166,1.401,-1565.944,0.3231841,3,OK,236.801,1.394,-1565.779,OK,152.831,10.743,-1521.252,OK,234.218,78.013,-1519.096,Port 0x03: JJH Y femur tracker  s/n:3E4C8801,806494630,1780667177.168633719,1,OK,0.8597685,0.0830419,0.3431684,-0.3689685,72.949,26.935,-1583.012,0.6261176,3,OK,73.215,26.376,-1583.494,OK,99.504,118.039,-1553.655,OK,27.147,81.320,-1522.055
3,Port 0x01: JJH Probe  s/n:3E4C880C,806494633,1780667177.218633719,1,Too Few Markers,-3.697314E28,-3.697314E28,-3.697314E28,-3.697314E28,-3.697314E28,-3.697314E28,-3.697314E28,0.0000000,3,Missing,-3.697314E28,-3.697314E28,-3.697314E28,Missing,-3.697314E28,-3.697314E28,-3.697314E28,Missing,-3.697314E28,-3.697314E28,-3.697314E28,Port 0x02: JJH T tibia tracker  s/n:3E4C8800,806494633,1780667177.218633719,1,OK,0.7168718,0.0622856,0.3123222,-0.6202179,236.925,1.061,-1565.615,0.3167649,3,OK,236.568,1.042,-1565.461,OK,152.532,10.128,-1520.966,OK,233.827,77.491,-1518.468,Port 0x03: JJH Y femur tracker  s/n:3E4C8801,806494633,1780667177.218633719,1,OK,0.8639094,0.0873928,0.3325494,-0.3680134,70.129,26.921,-1585.730,0.6156027,3,OK,70.404,26.360,-1586.205,OK,95.992,118.053,-1555.777,OK,22.828,81.316,-1525.925
3,Port 0x01: JJH Probe  s/n:3E4C880C,806494636,1780667177.268633719,1,Too Few Markers,-3.697314E28,-3.697314E28,-3.697314E28,-3.697314E28,-3.697314E28,-3.697314E28,-3.697314E28,0.0000000,3,Missing,-3.697314E28,-3.697314E28,-3.697314E28,Missing,-3.697314E28,-3.697314E28,-3.697314E28,Missing,-3.697314E28,-3.697314E28,-3.697314E28,Port 0x02: JJH T tibia tracker  s/n:3E4C8800,806494636,1780667177.268633719,1,OK,0.7178736,0.0647015,0.3122032,-0.6188702,236.637,0.624,-1566.893,0.3337949,3,OK,236.259,0.625,-1566.718,OK,152.057,9.356,-1522.554,OK,233.243,76.852,-1519.462,Port 0x03: JJH Y femur tracker  s/n:3E4C8801,806494636,1780667177.268633719,1,OK,0.8670106,0.0913771,0.3243927,-0.3670316,68.175,26.790,-1589.830,0.6458033,3,OK,68.484,26.201,-1590.330,OK,93.473,117.895,-1559.297,OK,19.700,81.154,-1530.859
3,Port 0x01: JJH Probe  s/n:3E4C880C,806494639,1780667177.318633719,1,Too Few Markers,-3.697314E28,-3.697314E28,-3.697314E28,-3.697314E28,-3.697314E28,-3.697314E28,-3.697314E28,0.0000000,3,Missing,-3.697314E28,-3.697314E28,-3.697314E28,Missing,-3.697314E28,-3.697314E28,-3.697314E28,Missing,-3.697314E28,-3.697314E28,-3.697314E28,Port 0x02: JJH T tibia tracker  s/n:3E4C8800,806494639,1780667177.318633719,1,OK,0.7192496,0.0681093,0.3106570,-0.6176839,236.477,0.264,-1569.848,0.3524678,3,OK,236.077,0.254,-1569.672,OK,151.584,8.749,-1526.120,OK,232.644,76.331,-1522.166,Port 0x03: JJH Y femur tracker  s/n:3E4C8801,806494639,1780667177.318633719,1,OK,0.8695484,0.0945366,0.3173266,-0.3664045,67.277,26.702,-1595.140,0.6353036,3,OK,67.577,26.112,-1595.625,OK,92.110,117.804,-1564.171,OK,17.884,81.059,-1536.972
3,Port 0x01: JJH Probe  s/n:3E4C880C,806494642,1780667177.368633719,1,Too Few Markers,-3.697314E28,-3.697314E28,-3.697314E28,-3.697314E28,-3.697314E28,-3.697314E28,-3.697314E28,0.0000000,3,Missing,-3.697314E28,-3.697314E28,-3.697314E28,Missing,-3.697314E28,-3.697314E28,-3.697314E28,Missing,-3.697314E28,-3.697314E28,-3.697314E28,Port 0x02: JJH T tibia tracker  s/n:3E4C8800,806494642,1780667177.368633719,1,OK,0.7201269,0.0699803,0.3096181,-0.6169738,236.711,0.188,-1572.293,0.3200651,3,OK,236.348,0.170,-1572.140,OK,151.591,8.542,-1528.909,OK,232.593,76.162,-1524.497,Port 0x03: JJH Y femur tracker  s/n:3E4C8801,806494642,1780667177.368633719,1,OK,0.8734800,0.0973367,0.3066881,-0.3653774,65.746,26.738,-1600.390,0.5774553,3,OK,66.025,26.197,-1600.822,OK,89.803,117.959,-1569.141,OK,14.974,81.172,-1543.580
3,Port 0x01: JJH Probe  s/n:3E4C880C,806494645,1780667177.418633719,1,Too Few Markers,-3.697314E28,-3.697314E28,-3.697314E28,-3.697314E28,-3.697314E28,-3.697314E28,-3.697314E28,0.0000000,3,Missing,-3.697314E28,-3.697314E28,-3.697314E28,Missing,-3.697314E28,-3.697314E28,-3.697314E28,Missing,-3.697314E28,-3.697314E28,-3.697314E28,Port 0x02: JJH T tibia tracker  s/n:3E4C8800,806494645,1780667177.418633719,1,OK,0.7208875,0.0730060,0.3120039,-0.6145281,236.922,-0.545,-1572.083,0.2959601,3,OK,236.593,-0.604,-1571.970,OK,151.712,7.198,-1528.706,OK,232.512,75.021,-1523.610,Port 0x03: JJH Y femur tracker  s/n:3E4C8801,806494645,1780667177.418633719,1,OK,0.8791482,0.1045340,0.2902104,-0.3632478,62.304,26.642,-1605.039,0.6129278,3,OK,62.625,26.058,-1605.497,OK,85.160,117.869,-1572.837,OK,9.346,81.041,-1550.119
3,Port 0x01: JJH Probe  s/n:3E4C880C,806494648,1780667177.468633719,1,Too Few Markers,-3.697314E28,-3.697314E28,-3.697314E28,-3.697314E28,-3.697314E28,-3.697314E28,-3.697314E28,0.0000000,3,Missing,-3.697314E28,-3.697314E28,-3.697314E28,Missing,-3.697314E28,-3.697314E28,-3.697314E28,Missing,-3.697314E28,-3.697314E28,-3.697314E28,Port 0x02: JJH T tibia tracker  s/n:3E4C8800,806494648,1780667177.468633719,1,OK,0.7219324,0.0788099,0.3161760,-0.6104387,236.860,-2.330,-1570.080,0.3479654,3,OK,236.466,-2.367,-1569.923,OK,151.567,4.351,-1526.824,OK,232.037,72.429,-1520.434,Port 0x03: JJH Y femur tracker  s/n:3E4C8801,806494648,1780667177.468633719,1,OK,0.8855468,0.1119978,0.2703940,-0.3607636,57.919,26.714,-1609.464,0.6193103,3,OK,58.269,26.119,-1609.915,OK,79.300,118.006,-1576.390,OK,2.508,81.143,-1557.004
3,Port 0x01: JJH Probe  s/n:3E4C880C,806494651,1780667177.518633719,1,Too Few Markers,-3.697314E28,-3.697314E28,-3.697314E28,-3.697314E28,-3.697314E28,-3.697314E28,-3.697314E28,0.0000000,3,Missing,-3.697314E28,-3.697314E28,-3.697314E28,Missing,-3.697314E28,-3.697314E28,-3.697314E28,Missing,-3.697314E28,-3.697314E28,-3.697314E28,Port 0x02: JJH T tibia tracker  s/n:3E4C8800,806494651,1780667177.518633719,1,OK,0.7229681,0.0864250,0.3223742,-0.6049155,236.736,-4.700,-1568.010,0.3683631,3,OK,236.322,-4.765,-1567.861,OK,151.347,0.570,-1524.794,OK,231.419,68.955,-1516.733,Port 0x03: JJH Y femur tracker  s/n:3E4C8801,806494651,1780667177.518633719,1,OK,0.8917789,0.1188037,0.2496549,-0.3581738,53.757,26.748,-1614.235,0.5957827,3,OK,54.118,26.172,-1614.654,OK,73.581,118.162,-1580.499,OK,-4.051,81.253,-1564.516
3,Port 0x01: JJH Probe  s/n:3E4C880C,806494654,1780667177.568633719,1,Too Few Markers,-3.697314E28,-3.697314E28,-3.697314E28,-3.697314E28,-3.697314E28,-3.697314E28,-3.697314E28,0.0000000,3,Missing,-3.697314E28,-3.697314E28,-3.697314E28,Missing,-3.697314E28,-3.697314E28,-3.697314E28,Missing,-3.697314E28,-3.697314E28,-3.697314E28,Port 0x02: JJH T tibia tracker  s/n:3E4C8800,806494654,1780667177.568633719,1,OK,0.7242099,0.0916505,0.3262978,-0.6005414,236.930,-6.537,-1566.987,0.3892324,3,OK,236.490,-6.596,-1566.819,OK,151.443,-2.356,-1523.902,OK,231.129,66.311,-1514.636,Port 0x03: JJH Y femur tracker  s/n:3E4C8801,806494654,1780667177.568633719,1,OK,0.8973002,0.1259320,0.2296904,-0.3552968,50.482,26.488,-1619.521,0.5720420,3,OK,50.838,25.923,-1619.909,OK,68.753,117.986,-1585.079,OK,-9.508,80.988,-1572.496
3,Port 0x01: JJH Probe  s/n:3E4C880C,806494657,1780667177.618633719,1,Too Few Markers,-3.697314E28,-3.697314E28,-3.697314E28,-3.697314E28,-3.697314E28,-3.697314E28,-3.697314E28,0.0000000,3,Missing,-3.697314E28,-3.697314E28,-3.697314E28,Missing,-3.697314E28,-3.697314E28,-3.697314E28,Missing,-3.697314E28,-3.697314E28,-3.697314E28,Port 0x02: JJH T tibia tracker  s/n:3E4C8800,806494657,1780667177.618633719,1,OK,0.7253396,0.0941068,0.3262449,-0.5988244,238.110,-6.977,-1568.354,0.3829906,3,OK,237.680,-7.051,-1568.203,OK,152.433,-3.172,-1525.596,OK,231.928,65.637,-1515.698,Port 0x03: JJH Y femur tracker  s/n:3E4C8801,806494657,1780667177.618633719,1,OK,0.9010220,0.1317532,0.2150136,-0.3529441,49.349,26.396,-1625.694,0.5931437,3,OK,49.736,25.811,-1626.085,OK,66.447,117.904,-1590.658,OK,-12.204,80.869,-1580.638
3,Port 0x01: JJH Probe  s/n:3E4C880C,806494660,1780667177.668633719,1,Too Few Markers,-3.697314E28,-3.697314E28,-3.697314E28,-3.697314E28,-3.697314E28,-3.697314E28,-3.697314E28,0.0000000,3,Missing,-3.697314E28,-3.697314E28,-3.697314E28,Missing,-3.697314E28,-3.697314E28,-3.697314E28,Missing,-3.697314E28,-3.697314E28,-3.697314E28,Port 0x02: JJH T tibia tracker  s/n:3E4C8800,806494660,1780667177.668633719,1,OK,0.7256655,0.0955132,0.3273232,-0.5976172,238.907,-7.364,-1567.657,0.4018548,3,OK,238.452,-7.429,-1567.488,OK,153.216,-3.863,-1524.945,OK,232.601,65.024,-1514.716,Port 0x03: JJH Y femur tracker  s/n:3E4C8801,806494660,1780667177.668633719,1,OK,0.9061898,0.1389202,0.1923214,-0.3500482,45.976,26.478,-1631.432,0.5716658,3,OK,46.364,25.909,-1631.790,OK,61.386,118.106,-1595.898,OK,-17.698,81.078,-1589.626
3,Port 0x01: JJH Probe  s/n:3E4C880C,806494663,1780667177.718633719,1,Too Few Markers,-3.697314E28,-3.697314E28,-3.697314E28,-3.697314E28,-3.697314E28,-3.697314E28,-3.697314E28,0.0000000,3,Missing,-3.697314E28,-3.697314E28,-3.697314E28,Missing,-3.697314E28,-3.697314E28,-3.697314E28,Missing,-3.697314E28,-3.697314E28,-3.697314E28,Port 0x02: JJH T tibia tracker  s/n:3E4C8800,806494663,1780667177.718633719,1,OK,0.7258986,0.0975550,0.3297994,-0.5956397,239.479,-8.161,-1566.585,0.3967350,3,OK,239.030,-8.223,-1566.415,OK,153.799,-5.165,-1523.794,OK,233.044,63.828,-1513.126,Port 0x03: JJH Y femur tracker  s/n:3E4C8801,806494663,1780667177.718633719,1,OK,0.9114304,0.1466933,0.1673620,-0.3460717,42.332,26.436,-1637.273,0.5414808,3,OK,42.715,25.892,-1637.591,OK,55.747,118.200,-1601.270,OK,-23.538,81.078,-1599.149
3,Port 0x01: JJH Probe  s/n:3E4C880C,806494666,1780667177.768633719,1,Too Few Markers,-3.697314E28,-3.697314E28,-3.697314E28,-3.697314E28,-3.697314E28,-3.697314E28,-3.697314E28,0.0000000,3,Missing,-3.697314E28,-3.697314E28,-3.697314E28,Missing,-3.697314E28,-3.697314E28,-3.697314E28,Missing,-3.697314E28,-3.697314E28,-3.697314E28,Port 0x02: JJH T tibia tracker  s/n:3E4C8800,806494666,1780667177.768633719,1,OK,0.7263821,0.1011857,0.3334194,-0.5924205,239.934,-9.418,-1564.951,0.4110724,3,OK,239.468,-9.482,-1564.772,OK,154.259,-7.226,-1522.139,OK,233.245,61.924,-1510.659,Port 0x03: JJH Y femur tracker  s/n:3E4C8801,806494666,1780667177.768633719,1,OK,0.9160766,0.1552138,0.1410939,-0.3417672,38.871,26.414,-1643.669,0.5092393,3,OK,39.244,25.896,-1643.947,OK,50.211,118.284,-1607.203,OK,-29.069,81.081,-1609.488
3,Port 0x01: JJH Probe  s/n:3E4C880C,806494669,1780667177.818633719,1,Too Few Markers,-3.697314E28,-3.697314E28,-3.697314E28,-3.697314E28,-3.697314E28,-3.697314E28,-3.697314E28,0.0000000,3,Missing,-3.697314E28,-3.697314E28,-3.697314E28,Missing,-3.697314E28,-3.697314E28,-3.697314E28,Missing,-3.697314E28,-3.697314E28,-3.697314E28,Port 0x02: JJH T tibia tracker  s/n:3E4C8800,806494669,1780667177.818633719,1,OK,0.7270526,0.1046941,0.3368527,-0.5890364,240.423,-10.402,-1563.371,0.4226575,3,OK,239.946,-10.481,-1563.196,OK,154.740,-9.042,-1520.572,OK,233.428,60.306,-1508.272,Port 0x03: JJH Y femur tracker  s/n:3E4C8801,806494669,1780667177.818633719,1,OK,0.9203277,0.1629330,0.1132941,-0.3370670,35.641,26.434,-1650.514,0.4686832,3,OK,36.006,25.964,-1650.745,OK,44.779,118.469,-1613.901,OK,-34.216,81.177,-1620.670
3,Port 0x01: JJH Probe  s/n:3E4C880C,806494672,1780667177.868633720,1,Too Few Markers,-3.697314E28,-3.697314E28,-3.697314E28,-3.697314E28,-3.697314E28,-3.697314E28,-3.697314E28,0.0000000,3,Missing,-3.697314E28,-3.697314E28,-3.697314E28,Missing,-3.697314E28,-3.697314E28,-3.697314E28,Missing,-3.697314E28,-3.697314E28,-3.697314E28,Port 0x02: JJH T tibia tracker  s/n:3E4C8800,806494672,1780667177.868633720,1,OK,0.7272193,0.1067844,0.3395001,-0.5869317,241.050,-10.651,-1561.987,0.4296342,3,OK,240.565,-10.732,-1561.808,OK,155.402,-9.826,-1519.113,OK,233.939,59.627,-1506.350,Port 0x03: JJH Y femur tracker  s/n:3E4C8801,806494672,1780667177.868633720,1,OK,0.9235785,0.1734726,0.0847444,-0.3312528,32.483,26.797,-1658.318,0.4898032,3,OK,32.867,26.292,-1658.540,OK,39.211,118.854,-1621.161,OK,-39.166,81.451,-1632.857
3,Port 0x01: JJH Probe  s/n:3E4C880C,806494675,1780667177.918633720,1,Too Few Markers,-3.697314E28,-3.697314E28,-3.697314E28,-3.697314E28,-3.697314E28,-3.697314E28,-3.697314E28,0.0000000,3,Missing,-3.697314E28,-3.697314E28,-3.697314E28,Missing,-3.697314E28,-3.697314E28,-3.697314E28,Missing,-3.697314E28,-3.697314E28,-3.697314E28,Port 0x02: JJH T tibia tracker  s/n:3E4C8800,806494675,1780667177.918633720,1,OK,0.7272926,0.1070176,0.3396380,-0.5867186,241.877,-10.281,-1561.246,0.4487046,3,OK,241.367,-10.350,-1561.045,OK,156.237,-9.512,-1518.399,OK,234.746,59.955,-1505.574,Port 0x03: JJH Y femur tracker  s/n:3E4C8801,806494675,1780667177.918633720,1,OK,0.9263315,0.1830594,0.0522534,-0.3250673,29.746,26.968,-1666.573,0.4583002,3,OK,30.121,26.498,-1666.753,OK,33.890,119.156,-1629.388,OK,-43.491,81.656,-1646.326
3,Port 0x01: JJH Probe  s/n:3E4C880C,806494678,1780667177.968633720,1,Too Few Markers,-3.697314E28,-3.697314E28,-3.697314E28,-3.697314E28,-3.697314E28,-3.697314E28,-3.697314E28,0.0000000,3,Missing,-3.697314E28,-3.697314E28,-3.697314E28,Missing,-3.697314E28,-3.697314E28,-3.697314E28,Missing,-3.697314E28,-3.697314E28,-3.697314E28,Port 0x02: JJH T tibia tracker  s/n:3E4C8800,806494678,1780667177.968633720,1,OK,0.7271341,0.1059007,0.3388302,-0.5875841,242.881,-9.911,-1560.893,0.4566988,3,OK,242.360,-9.966,-1560.677,OK,157.270,-8.935,-1518.017,OK,235.836,60.492,-1505.448,Port 0x03: JJH Y femur tracker  s/n:3E4C8801,806494678,1780667177.968633720,1,OK,0.9280968,0.1930942,0.0195854,-0.3177535,27.346,26.421,-1675.462,0.4528954,3,OK,27.724,25.950,-1675.616,OK,28.739,118.719,-1638.313,OK,-47.208,81.020,-1660.526
3,Port 0x01: JJH Probe  s/n:3E4C880C,806494681,1780667178.018633720,1,Too Few Markers,-3.697314E28,-3.697314E28,-3.697314E28,-3.697314E28,-3.697314E28,-3.697314E28,-3.697314E28,0.0000000,3,Missing,-3.697314E28,-3.697314E28,-3.697314E28,Missing,-3.697314E28,-3.697314E28,-3.697314E28,Missing,-3.697314E28,-3.697314E28,-3.697314E28,Port 0x02: JJH T tibia tracker  s/n:3E4C8800,806494681,1780667178.018633720,1,OK,0.7268742,0.1054684,0.3394170,-0.5876449,243.801,-9.892,-1560.668,0.4396459,3,OK,243.301,-9.953,-1560.467,OK,158.244,-8.914,-1517.649,OK,236.832,60.507,-1505.203,Port 0x03: JJH Y femur tracker  s/n:3E4C8801,806494681,1780667178.018633720,1,OK,0.9285592,0.2039625,-0.0143601,-0.3097917,25.498,26.051,-1684.972,0.4602094,3,OK,25.872,25.551,-1685.111,OK,24.041,118.437,-1647.925,OK,-50.015,80.538,-1675.590
3,Port 0x01: JJH Probe  s/n:3E4C880C,806494684,1780667178.068633720,1,Too Few Markers,-3.697314E28,-3.697314E28,-3.697314E28,-3.697314E28,-3.697314E28,-3.697314E28,-3.697314E28,0.0000000,3,Missing,-3.697314E28,-3.697314E28,-3.697314E28,Missing,-3.697314E28,-3.697314E28,-3.697314E28,Missing,-3.697314E28,-3.697314E28,-3.697314E28,Port 0x02: JJH T tibia tracker  s/n:3E4C8800,806494684,1780667178.068633720,1,OK,0.7265873,0.1056780,0.3397340,-0.5877788,244.772,-9.834,-1560.185,0.4532387,3,OK,244.254,-9.875,-1559.959,OK,159.241,-8.842,-1517.137,OK,237.882,60.521,-1504.686,Port 0x03: JJH Y femur tracker  s/n:3E4C8801,806494684,1780667178.068633720,1,OK,0.9278342,0.2133676,-0.0485014,-0.3020688,24.569,26.014,-1694.218,0.4454772,3,OK,24.941,25.530,-1694.324,OK,20.432,118.527,-1657.709,OK,-51.425,80.495,-1690.525
3,Port 0x01: JJH Probe  s/n:3E4C880C,806494687,1780667178.118633720,1,Too Few Markers,-3.697314E28,-3.697314E28,-3.697314E28,-3.697314E28,-3.697314E28,-3.697314E28,-3.697314E28,0.0000000,3,Missing,-3.697314E28,-3.697314E28,-3.697314E28,Missing,-3.697314E28,-3.697314E28,-3.697314E28,Missing,-3.697314E28,-3.697314E28,-3.697314E28,Port 0x02: JJH T tibia tracker  s/n:3E4C8800,806494687,1780667178.118633720,1,OK,0.7261173,0.1047393,0.3400050,-0.5883706,245.571,-9.278,-1559.777,0.4198465,3,OK,245.097,-9.350,-1559.595,OK,160.098,-8.153,-1516.542,OK,238.822,61.177,-1504.336,Port 0x03: JJH Y femur tracker  s/n:3E4C8801,806494687,1780667178.118633720,1,OK,0.9257693,0.2232037,-0.0828288,-0.2937188,24.201,25.793,-1703.818,0.4409958,3,OK,24.560,25.299,-1703.906,OK,17.347,118.414,-1667.929,OK,-51.859,80.222,-1705.839
3,Port 0x01: JJH Probe  s/n:3E4C880C,806494690,1780667178.168633720,1,Too Few Markers,-3.697314E28,-3.697314E28,-3.697314E28,-3.697314E28,-3.697314E28,-3.697314E28,-3.697314E28,0.0000000,3,Missing,-3.697314E28,-3.697314E28,-3.697314E28,Missing,-3.697314E28,-3.697314E28,-3.697314E28,Missing,-3.697314E28,-3.697314E28,-3.697314E28,Port 0x02: JJH T tibia tracker  s/n:3E4C8800,806494690,1780667178.168633720,1,OK,0.7260823,0.1043300,0.3400536,-0.5884585,246.275,-9.503,-1559.314,0.4240154,3,OK,245.794,-9.561,-1559.117,OK,160.827,-8.369,-1516.033,OK,239.560,60.974,-1503.922,Port 0x03: JJH Y femur tracker  s/n:3E4C8801,806494690,1780667178.168633720,1,OK,0.9224798,0.2326317,-0.1178243,-0.2846593,24.480,25.257,-1713.489,0.4450153,3,OK,24.841,24.752,-1713.554,OK,14.907,118.004,-1678.493,OK,-51.256,79.600,-1721.377
3,Port 0x01: JJH Probe  s/n:3E4C880C,806494693,1780667178.218633720,1,Too Few Markers,-3.697314E28,-3.697314E28,-3.697314E28,-3.697314E28,-3.697314E28,-3.697314E28,-3.697314E28,0.0000000,3,Missing,-3.697314E28,-3.697314E28,-3.697314E28,Missing,-3.697314E28,-3.697314E28,-3.697314E28,Missing,-3.697314E28,-3.697314E28,-3.697314E28,Port 0x02: JJH T tibia tracker  s/n:3E4C8800,806494693,1780667178.218633720,1,OK,0.7258346,0.1043338,0.3403834,-0.5885727,246.857,-9.493,-1558.623,0.4379632,3,OK,246.357,-9.533,-1558.404,OK,161.447,-8.347,-1515.294,OK,240.214,60.956,-1503.212,Port 0x03: JJH Y femur tracker  s/n:3E4C8801,806494693,1780667178.218633720,1,OK,0.9181447,0.2409015,-0.1512922,-0.2758395,25.533,25.214,-1723.000,0.4351973,3,OK,25.880,24.711,-1723.046,OK,13.472,118.102,-1689.136,OK,-49.424,79.491,-1736.490
3,Port 0x01: JJH Probe  s/n:3E4C880C,806494696,1780667178.268633720,1,Too Few Markers,-3.697314E28,-3.697314E28,-3.697314E28,-3.697314E28,-3.697314E28,-3.697314E28,-3.697314E28,0.0000000,3,Missing,-3.697314E28,-3.697314E28,-3.697314E28,Missing,-3.697314E28,-3.697314E28,-3.697314E28,Missing,-3.697314E28,-3.697314E28,-3.697314E28,Port 0x02: JJH T tibia tracker  s/n:3E4C8800,806494696,1780667178.268633720,1,OK,0.7257201,0.1043568,0.3415318,-0.5880442,247.210,-9.833,-1557.930,0.4317413,3,OK,246.724,-9.910,-1557.744,OK,161.866,-8.832,-1514.456,OK,240.587,60.544,-1502.356,Port 0x03: JJH Y femur tracker  s/n:3E4C8801,806494696,1780667178.268633720,1,OK,0.9126290,0.2494158,-0.1839184,-0.2665972,27.064,24.601,-1731.989,0.4349583,3,OK,27.410,24.097,-1732.011,OK,12.584,117.573,-1699.286,OK,-46.795,78.768,-1750.888
3,Port 0x01: JJH Probe  s/n:3E4C880C,806494699,1780667178.318633720,1,Too Few Markers,-3.697314E28,-3.697314E28,-3.697314E28,-3.697314E28,-3.697314E28,-3.697314E28,-3.697314E28,0.0000000,3,Missing,-3.697314E28,-3.697314E28,-3.697314E28,Missing,-3.697314E28,-3.697314E28,-3.697314E28,Missing,-3.697314E28,-3.697314E28,-3.697314E28,Port 0x02: JJH T tibia tracker  s/n:3E4C8800,806494699,1780667178.318633720,1,OK,0.7256032,0.1048410,0.3423763,-0.5876111,247.591,-10.207,-1557.108,0.4365041,3,OK,247.098,-10.280,-1556.915,OK,162.281,-9.323,-1513.581,OK,240.981,60.050,-1501.393,Port 0x03: JJH Y femur tracker  s/n:3E4C8801,806494699,1780667178.318633720,1,OK,0.9061855,0.2571733,-0.2147616,-0.2580062,29.279,24.423,-1740.213,0.4439180,3,OK,29.634,23.916,-1740.206,OK,12.695,117.480,-1708.742,OK,-43.162,78.556,-1764.169
3,Port 0x01: JJH Probe  s/n:3E4C880C,806494702,1780667178.368633720,1,Too Few Markers,-3.697314E28,-3.697314E28,-3.697314E28,-3.697314E28,-3.697314E28,-3.697314E28,-3.697314E28,0.0000000,3,Missing,-3.697314E28,-3.697314E28,-3.697314E28,Missing,-3.697314E28,-3.697314E28,-3.697314E28,Missing,-3.697314E28,-3.697314E28,-3.697314E28,Port 0x02: JJH T tibia tracker  s/n:3E4C8800,806494702,1780667178.368633720,1,OK,0.7253892,0.1054488,0.3437940,-0.5869385,247.797,-10.471,-1556.224,0.4419404,3,OK,247.296,-10.533,-1556.017,OK,162.549,-9.774,-1512.582,OK,241.224,59.603,-1500.293,Port 0x03: JJH Y femur tracker  s/n:3E4C8801,806494702,1780667178.368633720,1,OK,0.8995998,0.2639324,-0.2420713,-0.2499225,31.737,24.437,-1747.660,0.4436888,3,OK,32.090,23.929,-1747.632,OK,13.288,117.553,-1717.422,OK,-39.134,78.513,-1776.014
3,Port 0x01: JJH Probe  s/n:3E4C880C,806494705,1780667178.418633720,1,Too Few Markers,-3.697314E28,-3.697314E28,-3.697314E28,-3.697314E28,-3.697314E28,-3.697314E28,-3.697314E28,0.0000000,3,Missing,-3.697314E28,-3.697314E28,-3.697314E28,Missing,-3.697314E28,-3.697314E28,-3.697314E28,Missing,-3.697314E28,-3.697314E28,-3.697314E28,Port 0x02: JJH T tibia tracker  s/n:3E4C8800,806494705,1780667178.418633720,1,OK,0.7256405,0.1062127,0.3450119,-0.5857743,247.784,-11.289,-1555.620,0.4358477,3,OK,247.296,-11.385,-1555.445,OK,162.557,-10.870,-1511.931,OK,241.099,58.611,-1499.433,Port 0x03: JJH Y femur tracker  s/n:3E4C8801,806494705,1780667178.418633720,1,OK,0.8929463,0.2702407,-0.2663737,-0.2422022,34.202,23.885,-1754.360,0.4463709,3,OK,34.548,23.369,-1754.322,OK,14.077,117.039,-1725.246,OK,-35.070,77.860,-1786.574
3,Port 0x01: JJH Probe  s/n:3E4C880C,806494708,1780667178.468633720,1,Too Few Markers,-3.697314E28,-3.697314E28,-3.697314E28,-3.697314E28,-3.697314E28,-3.697314E28,-3.697314E28,0.0000000,3,Missing,-3.697314E28,-3.697314E28,-3.697314E28,Missing,-3.697314E28,-3.697314E28,-3.697314E28,Missing,-3.697314E28,-3.697314E28,-3.697314E28,Port 0x02: JJH T tibia tracker  s/n:3E4C8800,806494708,1780667178.468633720,1,OK,0.7255186,0.1066593,0.3459488,-0.5852914,247.920,-11.639,-1554.895,0.4322932,3,OK,247.438,-11.738,-1554.724,OK,162.722,-11.353,-1511.134,OK,241.253,58.143,-1498.554,Port 0x03: JJH Y femur tracker  s/n:3E4C8801,806494708,1780667178.468633720,1,OK,0.8867620,0.2750701,-0.2872207,-0.2355714,36.790,23.707,-1759.878,0.4426784,3,OK,37.128,23.197,-1759.824,OK,15.333,116.909,-1731.875,OK,-30.922,77.605,-1795.372
3,Port 0x01: JJH Probe  s/n:3E4C880C,806494711,1780667178.518633720,1,Too Few Markers,-3.697314E28,-3.697314E28,-3.697314E28,-3.697314E28,-3.697314E28,-3.697314E28,-3.697314E28,0.0000000,3,Missing,-3.697314E28,-3.697314E28,-3.697314E28,Missing,-3.697314E28,-3.697314E28,-3.697314E28,Missing,-3.697314E28,-3.697314E28,-3.697314E28,Port 0x02: JJH T tibia tracker  s/n:3E4C8800,806494711,1780667178.518633720,1,OK,0.7255282,0.1067014,0.3464969,-0.5849474,248.095,-12.103,-1554.401,0.4489228,3,OK,247.589,-12.182,-1554.201,OK,162.930,-11.925,-1510.596,OK,241.442,57.617,-1498.004,Port 0x03: JJH Y femur tracker  s/n:3E4C8801,806494711,1780667178.518633720,1,OK,0.8809987,0.2785420,-0.3054802,-0.2300815,39.415,23.549,-1764.481,0.4542806,3,OK,39.772,23.038,-1764.391,OK,16.944,116.813,-1737.607,OK,-26.772,77.455,-1802.813
3,Port 0x01: JJH Probe  s/n:3E4C880C,806494714,1780667178.568633720,1,Too Few Markers,-3.697314E28,-3.697314E28,-3.697314E28,-3.697314E28,-3.697314E28,-3.697314E28,-3.697314E28,0.0000000,3,Missing,-3.697314E28,-3.697314E28,-3.697314E28,Missing,-3.697314E28,-3.697314E28,-3.697314E28,Missing,-3.697314E28,-3.697314E28,-3.697314E28,Port 0x02: JJH T tibia tracker  s/n:3E4C8800,806494714,1780667178.568633720,1,OK,0.7255905,0.1067386,0.3464340,-0.5849007,248.098,-12.306,-1554.118,0.4632141,3,OK,247.575,-12.382,-1553.908,OK,162.932,-12.145,-1510.340,OK,241.437,57.418,-1497.723,Port 0x03: JJH Y femur tracker  s/n:3E4C8801,806494714,1780667178.568633720,1,OK,0.8752262,0.2824500,-0.3221285,-0.2245760,41.770,23.385,-1768.718,0.4560781,3,OK,42.126,22.878,-1768.609,OK,18.298,116.669,-1742.787,OK,-22.943,77.240,-1809.584
3,Port 0x01: JJH Probe  s/n:3E4C880C,806494717,1780667178.618633720,1,Too Few Markers,-3.697314E28,-3.697314E28,-3.697314E28,-3.697314E28,-3.697314E28,-3.697314E28,-3.697314E28,0.0000000,3,Missing,-3.697314E28,-3.697314E28,-3.697314E28,Missing,-3.697314E28,-3.697314E28,-3.697314E28,Missing,-3.697314E28,-3.697314E28,-3.697314E28,Port 0x02: JJH T tibia tracker  s/n:3E4C8800,806494717,1780667178.618633720,1,OK,0.7258248,0.1073574,0.3460058,-0.5847501,248.210,-12.467,-1553.880,0.5085030,3,OK,247.637,-12.533,-1553.637,OK,162.979,-12.365,-1510.265,OK,241.513,57.263,-1497.464,Port 0x03: JJH Y femur tracker  s/n:3E4C8801,806494717,1780667178.618633720,1,OK,0.8696610,0.2855032,-0.3377854,-0.2192686,44.314,23.200,-1772.627,0.4613134,3,OK,44.673,22.687,-1772.500,OK,19.944,116.528,-1747.739,OK,-18.907,76.992,-1815.853
3,Port 0x01: JJH Probe  s/n:3E4C880C,806494720,1780667178.668633720,1,Too Few Markers,-3.697314E28,-3.697314E28,-3.697314E28,-3.697314E28,-3.697314E28,-3.697314E28,-3.697314E28,0.0000000,3,Missing,-3.697314E28,-3.697314E28,-3.697314E28,Missing,-3.697314E28,-3.697314E28,-3.697314E28,Missing,-3.697314E28,-3.697314E28,-3.697314E28,Port 0x02: JJH T tibia tracker  s/n:3E4C8800,806494720,1780667178.668633720,1,OK,0.7255541,0.1063417,0.3466534,-0.5848881,248.143,-12.392,-1553.667,0.4546372,3,OK,247.634,-12.484,-1553.476,OK,163.003,-12.240,-1509.814,OK,241.503,57.361,-1497.275,Port 0x03: JJH Y femur tracker  s/n:3E4C8801,806494720,1780667178.668633720,1,OK,0.8637486,0.2893352,-0.3525589,-0.2143029,46.779,23.072,-1776.401,0.4633359,3,OK,47.124,22.560,-1776.274,OK,21.574,116.427,-1752.294,OK,-14.948,76.824,-1821.788
3,Port 0x01: JJH Probe  s/n:3E4C880C,806494723,1780667178.718633720,1,Too Few Markers,-3.697314E28,-3.697314E28,-3.697314E28,-3.697314E28,-3.697314E28,-3.697314E28,-3.697314E28,0.0000000,3,Missing,-3.697314E28,-3.697314E28,-3.697314E28,Missing,-3.697314E28,-3.697314E28,-3.697314E28,Missing,-3.697314E28,-3.697314E28,-3.697314E28,Port 0x02: JJH T tibia tracker  s/n:3E4C8800,806494723,1780667178.718633720,1,OK,0.7255427,0.1051698,0.3465193,-0.5851936,248.067,-12.477,-1553.356,0.4554777,3,OK,247.552,-12.546,-1553.143,OK,162.992,-12.257,-1509.398,OK,241.470,57.362,-1497.120,Port 0x03: JJH Y femur tracker  s/n:3E4C8801,806494723,1780667178.718633720,1,OK,0.8584696,0.2920872,-0.3658139,-0.2095118,49.123,22.851,-1779.716,0.4733249,3,OK,49.471,22.343,-1779.566,OK,23.182,116.228,-1756.489,OK,-11.223,76.525,-1827.066
3,Port 0x01: JJH Probe  s/n:3E4C880C,806494726,1780667178.768633720,1,Too Few Markers,-3.697314E28,-3.697314E28,-3.697314E28,-3.697314E28,-3.697314E28,-3.697314E28,-3.697314E28,0.0000000,3,Missing,-3.697314E28,-3.697314E28,-3.697314E28,Missing,-3.697314E28,-3.697314E28,-3.697314E28,Missing,-3.697314E28,-3.697314E28,-3.697314E28,Port 0x02: JJH T tibia tracker  s/n:3E4C8800,806494726,1780667178.768633720,1,OK,0.7254640,0.1047104,0.3467741,-0.5852225,248.066,-12.361,-1553.247,0.4436846,3,OK,247.569,-12.451,-1553.058,OK,163.028,-12.136,-1509.196,OK,241.495,57.510,-1497.014,Port 0x03: JJH Y femur tracker  s/n:3E4C8801,806494726,1780667178.768633720,1,OK,0.8538660,0.2942892,-0.3767734,-0.2057877,51.216,22.800,-1782.399,0.4750022,3,OK,51.567,22.293,-1782.229,OK,24.726,116.188,-1759.927,OK,-7.901,76.466,-1831.303
3,Port 0x01: JJH Probe  s/n:3E4C880C,806494729,1780667178.818633720,1,Too Few Markers,-3.697314E28,-3.697314E28,-3.697314E28,-3.697314E28,-3.697314E28,-3.697314E28,-3.697314E28,0.0000000,3,Missing,-3.697314E28,-3.697314E28,-3.697314E28,Missing,-3.697314E28,-3.697314E28,-3.697314E28,Missing,-3.697314E28,-3.697314E28,-3.697314E28,Port 0x02: JJH T tibia tracker  s/n:3E4C8800,806494729,1780667178.818633720,1,OK,0.7255708,0.1043180,0.3465100,-0.5853167,248.037,-12.309,-1553.061,0.4542692,3,OK,247.524,-12.383,-1552.852,OK,163.010,-12.062,-1509.017,OK,241.459,57.603,-1496.907,Port 0x03: JJH Y femur tracker  s/n:3E4C8801,806494729,1780667178.818633720,1,OK,0.8503824,0.2961029,-0.3846715,-0.2029794,52.872,22.750,-1784.507,0.4632393,3,OK,53.202,22.238,-1784.359,OK,25.955,116.168,-1762.543,OK,-5.308,76.378,-1834.487
3,Port 0x01: JJH Probe  s/n:3E4C880C,806494732,1780667178.868633719,1,Too Few Markers,-3.697314E28,-3.697314E28,-3.697314E28,-3.697314E28,-3.697314E28,-3.697314E28,-3.697314E28,0.0000000,3,Missing,-3.697314E28,-3.697314E28,-3.697314E28,Missing,-3.697314E28,-3.697314E28,-3.697314E28,Missing,-3.697314E28,-3.697314E28,-3.697314E28,Port 0x02: JJH T tibia tracker  s/n:3E4C8800,806494732,1780667178.868633719,1,OK,0.7255751,0.1037681,0.3465071,-0.5854108,248.144,-12.410,-1552.845,0.4505756,3,OK,247.634,-12.470,-1552.626,OK,163.138,-12.150,-1508.744,OK,241.591,57.538,-1496.759,Port 0x03: JJH Y femur tracker  s/n:3E4C8801,806494732,1780667178.868633719,1,OK,0.8475344,0.2967990,-0.3914711,-0.2008633,54.208,22.739,-1785.786,0.4757069,3,OK,54.557,22.235,-1785.596,OK,27.065,116.178,-1764.396,OK,-3.172,76.386,-1836.750
3,Port 0x01: JJH Probe  s/n:3E4C880C,806494735,1780667178.918633719,1,Too Few Markers,-3.697314E28,-3.697314E28,-3.697314E28,-3.697314E28,-3.697314E28,-3.697314E28,-3.697314E28,0.0000000,3,Missing,-3.697314E28,-3.697314E28,-3.697314E28,Missing,-3.697314E28,-3.697314E28,-3.697314E28,Missing,-3.697314E28,-3.697314E28,-3.697314E28,Port 0x02: JJH T tibia tracker  s/n:3E4C8800,806494735,1780667178.918633719,1,OK,0.7254496,0.1039652,0.3468898,-0.5853047,248.186,-12.266,-1552.727,0.4408212,3,OK,247.694,-12.365,-1552.547,OK,163.198,-12.024,-1508.583,OK,241.638,57.661,-1496.551,Port 0x03: JJH Y femur tracker  s/n:3E4C8801,806494735,1780667178.918633719,1,OK,0.8453263,0.2975452,-0.3963435,-0.1995048,55.366,22.862,-1786.962,0.4722088,3,OK,55.712,22.351,-1786.772,OK,28.059,116.330,-1765.937,OK,-1.384,76.548,-1838.557
3,Port 0x01: JJH Probe  s/n:3E4C880C,806494738,1780667178.968633719,1,Too Few Markers,-3.697314E28,-3.697314E28,-3.697314E28,-3.697314E28,-3.697314E28,-3.697314E28,-3.697314E28,0.0000000,3,Missing,-3.697314E28,-3.697314E28,-3.697314E28,Missing,-3.697314E28,-3.697314E28,-3.697314E28,Missing,-3.697314E28,-3.697314E28,-3.697314E28,Port 0x02: JJH T tibia tracker  s/n:3E4C8800,806494738,1780667178.968633719,1,OK,0.7248503,0.1034707,0.3467416,-0.5862219,248.802,-11.881,-1552.268,0.4490471,3,OK,248.295,-11.951,-1552.059,OK,163.860,-11.440,-1508.050,OK,242.442,58.117,-1496.205,Port 0x03: JJH Y femur tracker  s/n:3E4C8801,806494738,1780667178.968633719,1,OK,0.8441735,0.2966108,-0.3982460,-0.2019733,56.651,23.872,-1787.048,0.4794173,3,OK,57.003,23.348,-1786.849,OK,29.891,117.494,-1766.087,OK,0.372,77.967,-1838.733
3,Port 0x01: JJH Probe  s/n:3E4C880C,806494741,1780667179.018633718,1,Too Few Markers,-3.697314E28,-3.697314E28,-3.697314E28,-3.697314E28,-3.697314E28,-3.697314E28,-3.697314E28,0.0000000,3,Missing,-3.697314E28,-3.697314E28,-3.697314E28,Missing,-3.697314E28,-3.697314E28,-3.697314E28,Missing,-3.697314E28,-3.697314E28,-3.697314E28,Port 0x02: JJH T tibia tracker  s/n:3E4C8800,806494741,1780667179.018633718,1,OK,0.7250232,0.1037059,0.3471535,-0.5857225,248.941,-12.034,-1552.316,0.4398351,3,OK,248.448,-12.119,-1552.125,OK,163.994,-11.713,-1508.082,OK,242.523,57.907,-1496.162,Port 0x03: JJH Y femur tracker  s/n:3E4C8801,806494741,1780667179.018633718,1,OK,0.8441522,0.2966868,-0.3982766,-0.2018904,56.726,23.922,-1787.107,0.4736716,3,OK,57.067,23.418,-1786.912,OK,29.972,117.556,-1766.092,OK,0.431,77.974,-1838.844
3,Port 0x01: JJH Probe  s/n:3E4C880C,806494744,1780667179.068633718,1,Too Few Markers,-3.697314E28,-3.697314E28,-3.697314E28,-3.697314E28,-3.697314E28,-3.697314E28,-3.697314E28,0.0000000,3,Missing,-3.697314E28,-3.697314E28,-3.697314E28,Missing,-3.697314E28,-3.697314E28,-3.697314E28,Missing,-3.697314E28,-3.697314E28,-3.697314E28,Port 0x02: JJH T tibia tracker  s/n:3E4C8800,806494744,1780667179.068633718,1,OK,0.7250746,0.1039826,0.3471917,-0.5855872,249.099,-12.164,-1552.156,0.4534653,3,OK,248.587,-12.230,-1551.940,OK,164.144,-11.883,-1507.961,OK,242.670,57.735,-1495.981,Port 0x03: JJH Y femur tracker  s/n:3E4C8801,806494744,1780667179.068633718,1,OK,0.8439463,0.2969798,-0.3982092,-0.2024525,56.990,24.074,-1787.002,0.4573851,3,OK,57.317,23.580,-1786.823,OK,30.309,117.709,-1765.881,OK,0.743,78.211,-1838.656
3,Port 0x01: JJH Probe  s/n:3E4C880C,806494747,1780667179.118633719,1,Too Few Markers,-3.697314E28,-3.697314E28,-3.697314E28,-3.697314E28,-3.697314E28,-3.697314E28,-3.697314E28,0.0000000,3,Missing,-3.697314E28,-3.697314E28,-3.697314E28,Missing,-3.697314E28,-3.697314E28,-3.697314E28,Missing,-3.697314E28,-3.697314E28,-3.697314E28,Port 0x02: JJH T tibia tracker  s/n:3E4C8800,806494747,1780667179.118633719,1,OK,0.7248494,0.1042466,0.3481802,-0.5852320,250.081,-12.598,-1551.282,0.4614050,3,OK,249.561,-12.670,-1551.065,OK,165.187,-12.422,-1506.989,OK,243.702,57.204,-1494.967,Port 0x03: JJH Y femur tracker  s/n:3E4C8801,806494747,1780667179.118633719,1,OK,0.8421387,0.2962137,-0.3998205,-0.2078545,58.921,25.311,-1786.476,0.4754352,3,OK,59.256,24.789,-1786.290,OK,33.288,119.175,-1765.061,OK,3.323,80.281,-1837.977
3,Port 0x01: JJH Probe  s/n:3E4C880C,806494750,1780667179.168633719,1,Too Few Markers,-3.697314E28,-3.697314E28,-3.697314E28,-3.697314E28,-3.697314E28,-3.697314E28,-3.697314E28,0.0000000,3,Missing,-3.697314E28,-3.697314E28,-3.697314E28,Missing,-3.697314E28,-3.697314E28,-3.697314E28,Missing,-3.697314E28,-3.697314E28,-3.697314E28,Port 0x02: JJH T tibia tracker  s/n:3E4C8800,806494750,1780667179.168633719,1,OK,0.7242633,0.1053328,0.3491263,-0.5851995,249.998,-12.793,-1551.227,0.4522160,3,OK,249.490,-12.877,-1551.027,OK,165.121,-12.634,-1506.884,OK,243.722,56.864,-1494.702,Port 0x03: JJH Y femur tracker  s/n:3E4C8801,806494750,1780667179.168633719,1,OK,0.8418404,0.2978868,-0.3995374,-0.2072151,58.689,25.136,-1786.380,0.4873916,3,OK,59.030,24.626,-1786.182,OK,32.832,118.885,-1764.700,OK,2.970,80.088,-1837.840
3,Port 0x01: JJH Probe  s/n:3E4C880C,806494753,1780667179.218633719,1,Too Few Markers,-3.697314E28,-3.697314E28,-3.697314E28,-3.697314E28,-3.697314E28,-3.697314E28,-3.697314E28,0.0000000,3,Missing,-3.697314E28,-3.697314E28,-3.697314E28,Missing,-3.697314E28,-3.697314E28,-3.697314E28,Missing,-3.697314E28,-3.697314E28,-3.697314E28,Port 0x02: JJH T tibia tracker  s/n:3E4C8800,806494753,1780667179.218633719,1,OK,0.7239248,0.1058107,0.3490319,-0.5855884,250.130,-13.198,-1551.324,0.4435009,3,OK,249.638,-13.303,-1551.148,OK,165.235,-12.935,-1507.005,OK,243.913,56.458,-1494.759,Port 0x03: JJH Y femur tracker  s/n:3E4C8801,806494753,1780667179.218633719,1,OK,0.8422443,0.2969128,-0.3996067,-0.2068377,58.774,25.154,-1786.591,0.4553843,3,OK,59.094,24.641,-1786.426,OK,32.895,118.951,-1765.160,OK,3.091,79.995,-1838.064
3,Port 0x01: JJH Probe  s/n:3E4C880C,806494756,1780667179.268633718,1,Too Few Markers,-3.697314E28,-3.697314E28,-3.697314E28,-3.697314E28,-3.697314E28,-3.697314E28,-3.697314E28,0.0000000,3,Missing,-3.697314E28,-3.697314E28,-3.697314E28,Missing,-3.697314E28,-3.697314E28,-3.697314E28,Missing,-3.697314E28,-3.697314E28,-3.697314E28,Port 0x02: JJH T tibia tracker  s/n:3E4C8800,806494756,1780667179.268633718,1,OK,0.7238511,0.1062376,0.3484360,-0.5859569,249.982,-13.234,-1551.235,0.4590169,3,OK,249.466,-13.321,-1551.035,OK,165.040,-12.879,-1507.033,OK,243.780,56.440,-1494.712,Port 0x03: JJH Y femur tracker  s/n:3E4C8801,806494756,1780667179.268633718,1,OK,0.8419174,0.2975228,-0.3999752,-0.2065795,58.673,25.102,-1786.555,0.4798782,3,OK,59.010,24.600,-1786.356,OK,32.743,118.857,-1765.034,OK,2.976,79.957,-1838.129
3,Port 0x01: JJH Probe  s/n:3E4C880C,806494759,1780667179.318633718,1,Too Few Markers,-3.697314E28,-3.697314E28,-3.697314E28,-3.697314E28,-3.697314E28,-3.697314E28,-3.697314E28,0.0000000,3,Missing,-3.697314E28,-3.697314E28,-3.697314E28,Missing,-3.697314E28,-3.697314E28,-3.697314E28,Missing,-3.697314E28,-3.697314E28,-3.697314E28,Port 0x02: JJH T tibia tracker  s/n:3E4C8800,806494759,1780667179.318633718,1,OK,0.7237518,0.1059778,0.3485952,-0.5860320,250.049,-13.234,-1551.290,0.4476418,3,OK,249.546,-13.316,-1551.093,OK,165.125,-12.866,-1507.028,OK,243.880,56.445,-1494.783,Port 0x03: JJH Y femur tracker  s/n:3E4C8801,806494759,1780667179.318633718,1,OK,0.8420198,0.2970928,-0.4000800,-0.2065782,58.676,25.131,-1786.553,0.4751717,3,OK,59.014,24.629,-1786.353,OK,32.774,118.902,-1765.128,OK,3.001,79.974,-1838.150
3,Port 0x01: JJH Probe  s/n:3E4C880C,806494762,1780667179.368633719,1,Too Few Markers,-3.697314E28,-3.697314E28,-3.697314E28,-3.697314E28,-3.697314E28,-3.697314E28,-3.697314E28,0.0000000,3,Missing,-3.697314E28,-3.697314E28,-3.697314E28,Missing,-3.697314E28,-3.697314E28,-3.697314E28,Missing,-3.697314E28,-3.697314E28,-3.697314E28,Port 0x02: JJH T tibia tracker  s/n:3E4C8800,806494762,1780667179.368633719,1,OK,0.7237735,0.1062053,0.3491763,-0.5856178,250.059,-13.415,-1551.179,0.4346882,3,OK,249.573,-13.505,-1550.995,OK,165.149,-13.147,-1506.867,OK,243.868,56.186,-1494.575,Port 0x03: JJH Y femur tracker  s/n:3E4C8801,806494762,1780667179.368633719,1,OK,0.8420632,0.2974875,-0.3996232,-0.2067175,58.699,25.144,-1786.505,0.4620730,3,OK,59.023,24.635,-1786.331,OK,32.766,118.907,-1764.975,OK,2.992,79.999,-1837.979
3,Port 0x01: JJH Probe  s/n:3E4C880C,806494765,1780667179.418633719,1,Too Few Markers,-3.697314E28,-3.697314E28,-3.697314E28,-3.697314E28,-3.697314E28,-3.697314E28,-3.697314E28,0.0000000,3,Missing,-3.697314E28,-3.697314E28,-3.697314E28,Missing,-3.697314E28,-3.697314E28,-3.697314E28,Missing,-3.697314E28,-3.697314E28,-3.697314E28,Port 0x02: JJH T tibia tracker  s/n:3E4C8800,806494765,1780667179.418633719,1,OK,0.7237742,0.1064100,0.3492073,-0.5855613,250.043,-13.429,-1551.170,0.4480781,3,OK,249.540,-13.514,-1550.974,OK,165.133,-13.179,-1506.885,OK,243.850,56.151,-1494.545,Port 0x03: JJH Y femur tracker  s/n:3E4C8801,806494765,1780667179.418633719,1,OK,0.8418932,0.2975582,-0.3999473,-0.2066809,58.643,25.076,-1786.482,0.4811891,3,OK,58.977,24.569,-1786.290,OK,32.728,118.845,-1764.932,OK,2.951,79.936,-1838.047
3,Port 0x01: JJH Probe  s/n:3E4C880C,806494768,1780667179.468633719,1,Too Few Markers,-3.697314E28,-3.697314E28,-3.697314E28,-3.697314E28,-3.697314E28,-3.697314E28,-3.697314E28,0.0000000,3,Missing,-3.697314E28,-3.697314E28,-3.697314E28,Missing,-3.697314E28,-3.697314E28,-3.697314E28,Missing,-3.697314E28,-3.697314E28,-3.697314E28,Port 0x02: JJH T tibia tracker  s/n:3E4C8800,806494768,1780667179.468633719,1,OK,0.7238199,0.1061793,0.3486413,-0.5858838,250.070,-13.368,-1551.206,0.4649130,3,OK,249.544,-13.431,-1550.982,OK,165.149,-13.040,-1506.977,OK,243.886,56.272,-1494.685,Port 0x03: JJH Y femur tracker  s/n:3E4C8801,806494768,1780667179.468633719,1,OK,0.8421197,0.2973001,-0.3996465,-0.2067117,58.693,25.160,-1786.507,0.4663574,3,OK,59.021,24.644,-1786.332,OK,32.770,118.934,-1765.017,OK,2.990,80.010,-1837.992
3,Port 0x01: JJH Probe  s/n:3E4C880C,806494771,1780667179.518633718,1,Too Few Markers,-3.697314E28,-3.697314E28,-3.697314E28,-3.697314E28,-3.697314E28,-3.697314E28,-3.697314E28,0.0000000,3,Missing,-3.697314E28,-3.697314E28,-3.697314E28,Missing,-3.697314E28,-3.697314E28,-3.697314E28,Missing,-3.697314E28,-3.697314E28,-3.697314E28,Port 0x02: JJH T tibia tracker  s/n:3E4C8800,806494771,1780667179.518633718,1,OK,0.7236829,0.1063338,0.3489682,-0.5858306,250.049,-13.330,-1551.271,0.4345435,3,OK,249.567,-13.436,-1551.102,OK,165.124,-13.004,-1506.986,OK,243.871,56.299,-1494.668,Port 0x03: JJH Y femur tracker  s/n:3E4C8801,806494771,1780667179.518633718,1,OK,0.8419931,0.2971884,-0.4000408,-0.2066254,58.674,25.128,-1786.418,0.4748297,3,OK,59.012,24.625,-1786.218,OK,32.772,118.894,-1764.970,OK,2.998,79.982,-1837.999
3,Port 0x01: JJH Probe  s/n:3E4C880C,806494774,1780667179.568633718,1,Too Few Markers,-3.697314E28,-3.697314E28,-3.697314E28,-3.697314E28,-3.697314E28,-3.697314E28,-3.697314E28,0.0000000,3,Missing,-3.697314E28,-3.697314E28,-3.697314E28,Missing,-3.697314E28,-3.697314E28,-3.697314E28,Missing,-3.697314E28,-3.697314E28,-3.697314E28,Port 0x02: JJH T tibia tracker  s/n:3E4C8800,806494774,1780667179.568633718,1,OK,0.7237277,0.1061012,0.3489703,-0.5858162,250.039,-13.382,-1551.266,0.4295422,3,OK,249.557,-13.464,-1551.079,OK,165.117,-13.066,-1506.961,OK,243.866,56.245,-1494.705,Port 0x03: JJH Y femur tracker  s/n:3E4C8801,806494774,1780667179.568633718,1,OK,0.8421600,0.2973463,-0.3995007,-0.2067632,58.681,25.116,-1786.526,0.4613338,3,OK,59.005,24.598,-1786.360,OK,32.752,118.890,-1765.023,OK,2.972,79.971,-1837.969
3,Port 0x01: JJH Probe  s/n:3E4C880C,806494777,1780667179.618633719,1,Too Few Markers,-3.697314E28,-3.697314E28,-3.697314E28,-3.697314E28,-3.697314E28,-3.697314E28,-3.697314E28,0.0000000,3,Missing,-3.697314E28,-3.697314E28,-3.697314E28,Missing,-3.697314E28,-3.697314E28,-3.697314E28,Missing,-3.697314E28,-3.697314E28,-3.697314E28,Port 0x02: JJH T tibia tracker  s/n:3E4C8800,806494777,1780667179.618633719,1,OK,0.7237379,0.1061842,0.3489538,-0.5857982,250.006,-13.391,-1551.221,0.4402515,3,OK,249.511,-13.475,-1551.029,OK,165.089,-13.079,-1506.934,OK,243.828,56.231,-1494.652,Port 0x03: JJH Y femur tracker  s/n:3E4C8801,806494777,1780667179.618633719,1,OK,0.8419377,0.2977960,-0.3996813,-0.2066720,58.650,25.121,-1786.524,0.4722153,3,OK,58.976,24.608,-1786.351,OK,32.698,118.885,-1764.926,OK,2.937,79.976,-1838.017
3,Port 0x01: JJH Probe  s/n:3E4C880C,806494780,1780667179.668633719,1,Too Few Markers,-3.697314E28,-3.697314E28,-3.697314E28,-3.697314E28,-3.697314E28,-3.697314E28,-3.697314E28,0.0000000,3,Missing,-3.697314E28,-3.697314E28,-3.697314E28,Missing,-3.697314E28,-3.697314E28,-3.697314E28,Missing,-3.697314E28,-3.697314E28,-3.697314E28,Port 0x02: JJH T tibia tracker  s/n:3E4C8800,806494780,1780667179.668633719,1,OK,0.7237160,0.1062422,0.3492261,-0.5856525,250.044,-13.436,-1551.173,0.4375477,3,OK,249.553,-13.524,-1550.985,OK,165.139,-13.162,-1506.857,OK,243.867,56.158,-1494.563,Port 0x03: JJH Y femur tracker  s/n:3E4C8801,806494780,1780667179.668633719,1,OK,0.8420912,0.2975459,-0.3994874,-0.2067820,58.684,25.097,-1786.493,0.4529894,3,OK,59.002,24.595,-1786.326,OK,32.754,118.855,-1764.942,OK,2.971,79.954,-1837.934
