Tools,Port 0x01: JJH Probe  s/n:3E4C880C,Frame,Time [sec],Face,State,Q0,Qx,Qy,Qz,Tx,Ty,Tz,Error,Markers,State,Tx,Ty,Tz,State,Tx,Ty,Tz,State,Tx,Ty,Tz,Port 0x02: JJH T tibia tracker  s/n:3E4C8800,Frame,Time [sec],Face,State,Q0,Qx,Qy,Qz,Tx,Ty,Tz,Error,Markers,State,Tx,Ty,Tz,State,Tx,Ty,Tz,State,Tx,Ty,Tz,Port 0x03: JJH Y femur tracker  s/n:3E4C8801,Frame,Time [sec],Face,State,Q0,Qx,Qy,Qz,Tx,Ty,Tz,Error,Markers,State,Tx,Ty,Tz,State,Tx,Ty,Tz,State,Tx,Ty,Tz,Passive Strays,Frame,Time [sec],Face,State,Q0,Qx,Qy,Qz,Tx,Ty,Tz,Error,Markers
4,Port 0x01: JJH Probe  s/n:3E4C880C,790958857,1780408247.618638093,1,Too Few Markers,-3.697314E28,-3.697314E28,-3.697314E28,-3.697314E28,-3.697314E28,-3.697314E28,-3.697314E28,0.0000000,3,Missing,-3.697314E28,-3.697314E28,-3.697314E28,Missing,-3.697314E28,-3.697314E28,-3.697314E28,Missing,-3.697314E28,-3.697314E28,-3.697314E28,Port 0x02: JJH T tibia tracker  s/n:3E4C8800,790958857,1780408247.618638093,1,OK,0.6491137,-0.1180550,-0.1192970,-0.7419452,270.793,-34.855,-1821.206,0.0593290,3,OK,270.779,-34.846,-1821.209,OK,186.067,8.824,-1834.671,OK,282.475,49.068,-1850.831,Port 0x03: JJH Y femur tracker  s/n:3E4C8801,790958857,1780408247.618638093,1,OK,0.9701297,0.1325807,-0.1710189,-0.1096507,51.571,-75.805,-1916.439,0.4006943,3,OK,52.014,-76.119,-1916.338,OK,11.284,14.974,-1910.472,OK,-34.161,-51.491,-1944.681,Passive Strays,790958857,1780408247.618,1,OK,-3.697314E28,-3.697314E28,-3.697314E28,-3.697314E28,-3.697314E28,-3.697314E28,-3.697314E28,0.0000000,0
4,Port 0x01: JJH Probe  s/n:3E4C880C,790958860,1780408247.668638093,1,Too Few Markers,-3.697314E28,-3.697314E28,-3.697314E28,-3.697314E28,-3.697314E28,-3.697314E28,-3.697314E28,0.0000000,3,Missing,-3.697314E28,-3.697314E28,-3.697314E28,Missing,-3.697314E28,-3.697314E28,-3.697314E28,Missing,-3.697314E28,-3.697314E28,-3.697314E28,Port 0x02: JJH T tibia tracker  s/n:3E4C8800,790958860,1780408247.668638093,1,OK,0.6489075,-0.1185992,-0.1205641,-0.7418339,270.763,-34.838,-1821.056,0.0793595,3,OK,270.743,-34.878,-1821.041,OK,186.049,8.806,-1834.710,OK,282.475,49.054,-1850.911,Port 0x03: JJH Y femur tracker  s/n:3E4C8801,790958860,1780408247.668638093,1,OK,0.9700626,0.1322918,-0.1716051,-0.1096774,51.528,-75.836,-1916.345,0.4084489,3,OK,51.983,-76.149,-1916.239,OK,11.267,14.954,-1910.482,OK,-34.179,-51.509,-1944.701,Passive Strays,790958860,1780408247.668,1,OK,-3.697314E28,-3.697314E28,-3.697314E28,-3.697314E28,-3.697314E28,-3.697314E28,-3.697314E28,0.0000000,0
4,Port 0x01: JJH Probe  s/n:3E4C880C,790958863,1780408247.718638092,1,Too Few Markers,-3.697314E28,-3.697314E28,-3.697314E28,-3.697314E28,-3.697314E28,-3.697314E28,-3.697314E28,0.0000000,3,Missing,-3.697314E28,-3.697314E28,-3.697314E28,Missing,-3.697314E28,-3.697314E28,-3.697314E28,Missing,-3.697314E28,-3.697314E28,-3.697314E28,Port 0x02: JJH T tibia tracker  s/n:3E4C8800,790958863,1780408247.718638092,1,OK,0.6490073,-0.1184106,-0.1200574,-0.7418590,270.808,-34.870,-1821.152,0.0685892,3,OK,270.788,-34.884,-1821.147,OK,186.087,8.780,-1834.727,OK,282.505,49.029,-1850.917,Port 0x03: JJH Y femur tracker  s/n:3E4C8801,790958863,1780408247.718638092,1,OK,0.9700875,0.1317098,-0.1719604,-0.1096007,51.549,-75.849,-1916.263,0.4168019,3,OK,52.015,-76.160,-1916.151,OK,11.294,14.940,-1910.541,OK,-34.147,-51.534,-1944.700,Passive Strays,790958863,1780408247.718,1,OK,-3.697314E28,-3.697314E28,-3.697314E28,-3.697314E28,-3.697314E28,-3.697314E28,-3.697314E28,0.0000000,0
4,Port 0x01: JJH Probe  s/n:3E4C880C,790958866,1780408247.768638092,1,Too Few Markers,-3.697314E28,-3.697314E28,-3.697314E28,-3.697314E28,-3.697314E28,-3.697314E28,-3.697314E28,0.0000000,3,Missing,-3.697314E28,-3.697314E28,-3.697314E28,Missing,-3.697314E28,-3.697314E28,-3.697314E28,Missing,-3.697314E28,-3.697314E28,-3.697314E28,Port 0x02: JJH T tibia tracker  s/n:3E4C8800,790958866,1780408247.768638092,1,OK,0.6488942,-0.1188729,-0.1205058,-0.7418112,270.790,-34.856,-1821.052,0.0782913,3,OK,270.767,-34.894,-1821.038,OK,186.076,8.787,-1834.676,OK,282.494,49.026,-1850.935,Port 0x03: JJH Y femur tracker  s/n:3E4C8801,790958866,1780408247.768638092,1,OK,0.9701036,0.1318852,-0.1716910,-0.1096700,51.550,-75.859,-1916.262,0.4154619,3,OK,52.012,-76.174,-1916.154,OK,11.294,14.932,-1910.482,OK,-34.151,-51.531,-1944.641,Passive Strays,790958866,1780408247.768,1,OK,-3.697314E28,-3.697314E28,-3.697314E28,-3.697314E28,-3.697314E28,-3.697314E28,-3.697314E28,0.0000000,0
4,Port 0x01: JJH Probe  s/n:3E4C880C,790958869,1780408247.818638092,1,Too Few Markers,-3.697314E28,-3.697314E28,-3.697314E28,-3.697314E28,-3.697314E28,-3.697314E28,-3.697314E28,0.0000000,3,Missing,-3.697314E28,-3.697314E28,-3.697314E28,Missing,-3.697314E28,-3.697314E28,-3.697314E28,Missing,-3.697314E28,-3.697314E28,-3.697314E28,Port 0x02: JJH T tibia tracker  s/n:3E4C8800,790958869,1780408247.818638092,1,OK,0.6489022,-0.1185139,-0.1205665,-0.7418518,270.787,-34.861,-1821.066,0.0709742,3,OK,270.763,-34.893,-1821.054,OK,186.086,8.784,-1834.727,OK,282.498,49.026,-1850.907,Port 0x03: JJH Y femur tracker  s/n:3E4C8801,790958869,1780408247.818638092,1,OK,0.9700557,0.1320763,-0.1718559,-0.1096055,51.553,-75.833,-1916.272,0.4108757,3,OK,52.015,-76.137,-1916.161,OK,11.296,14.951,-1910.472,OK,-34.155,-51.519,-1944.686,Passive Strays,790958869,1780408247.818,1,OK,-3.697314E28,-3.697314E28,-3.697314E28,-3.697314E28,-3.697314E28,-3.697314E28,-3.697314E28,0.0000000,0
4,Port 0x01: JJH Probe  s/n:3E4C880C,790958872,1780408247.868638093,1,Too Few Markers,-3.697314E28,-3.697314E28,-3.697314E28,-3.697314E28,-3.697314E28,-3.697314E28,-3.697314E28,0.0000000,3,Missing,-3.697314E28,-3.697314E28,-3.697314E28,Missing,-3.697314E28,-3.697314E28,-3.697314E28,Missing,-3.697314E28,-3.697314E28,-3.697314E28,Port 0x02: JJH T tibia tracker  s/n:3E4C8800,790958872,1780408247.868638093,1,OK,0.6489603,-0.1186691,-0.1200803,-0.7418550,270.826,-34.854,-1821.091,0.0728976,3,OK,270.803,-34.874,-1821.083,OK,186.106,8.800,-1834.652,OK,282.526,49.040,-1850.895,Port 0x03: JJH Y femur tracker  s/n:3E4C8801,790958872,1780408247.868638093,1,OK,0.9700568,0.1321817,-0.1716815,-0.1097416,51.582,-75.826,-1916.284,0.4021387,3,OK,52.031,-76.131,-1916.178,OK,11.342,14.970,-1910.443,OK,-34.118,-51.494,-1944.656,Passive Strays,790958872,1780408247.868,1,OK,-3.697314E28,-3.697314E28,-3.697314E28,-3.697314E28,-3.697314E28,-3.697314E28,-3.697314E28,0.0000000,0
4,Port 0x01: JJH Probe  s/n:3E4C880C,790958875,1780408247.918638093,1,Too Few Markers,-3.697314E28,-3.697314E28,-3.697314E28,-3.697314E28,-3.697314E28,-3.697314E28,-3.697314E28,0.0000000,3,Missing,-3.697314E28,-3.697314E28,-3.697314E28,Missing,-3.697314E28,-3.697314E28,-3.697314E28,Missing,-3.697314E28,-3.697314E28,-3.697314E28,Port 0x02: JJH T tibia tracker  s/n:3E4C8800,790958875,1780408247.918638093,1,OK,0.6489137,-0.1183561,-0.1205619,-0.7418677,270.820,-34.860,-1821.026,0.0581846,3,OK,270.810,-34.879,-1821.019,OK,186.114,8.793,-1834.699,OK,282.527,49.012,-1850.838,Port 0x03: JJH Y femur tracker  s/n:3E4C8801,790958875,1780408247.918638093,1,OK,0.9700069,0.1322150,-0.1719432,-0.1097334,51.583,-75.807,-1916.311,0.4134417,3,OK,52.050,-76.112,-1916.197,OK,11.352,14.992,-1910.486,OK,-34.125,-51.471,-1944.738,Passive Strays,790958875,1780408247.918,1,OK,-3.697314E28,-3.697314E28,-3.697314E28,-3.697314E28,-3.697314E28,-3.697314E28,-3.697314E28,0.0000000,0
4,Port 0x01: JJH Probe  s/n:3E4C880C,790958878,1780408247.968638092,1,Too Few Markers,-3.697314E28,-3.697314E28,-3.697314E28,-3.697314E28,-3.697314E28,-3.697314E28,-3.697314E28,0.0000000,3,Missing,-3.697314E28,-3.697314E28,-3.697314E28,Missing,-3.697314E28,-3.697314E28,-3.697314E28,Missing,-3.697314E28,-3.697314E28,-3.697314E28,Port 0x02: JJH T tibia tracker  s/n:3E4C8800,790958878,1780408247.968638092,1,OK,0.6489635,-0.1185390,-0.1197758,-0.7419223,270.876,-34.858,-1821.137,0.0653806,3,OK,270.865,-34.865,-1821.135,OK,186.151,8.821,-1834.657,OK,282.577,49.035,-1850.883,Port 0x03: JJH Y femur tracker  s/n:3E4C8801,790958878,1780408247.968638092,1,OK,0.9699690,0.1327888,-0.1716106,-0.1098955,51.627,-75.773,-1916.334,0.3968791,3,OK,52.073,-76.078,-1916.229,OK,11.409,15.038,-1910.367,OK,-34.081,-51.418,-1944.683,Passive Strays,790958878,1780408247.968,1,OK,-3.697314E28,-3.697314E28,-3.697314E28,-3.697314E28,-3.697314E28,-3.697314E28,-3.697314E28,0.0000000,0
4,Port 0x01: JJH Probe  s/n:3E4C880C,790958881,1780408248.018638092,1,Too Few Markers,-3.697314E28,-3.697314E28,-3.697314E28,-3.697314E28,-3.697314E28,-3.697314E28,-3.697314E28,0.0000000,3,Missing,-3.697314E28,-3.697314E28,-3.697314E28,Missing,-3.697314E28,-3.697314E28,-3.697314E28,Missing,-3.697314E28,-3.697314E28,-3.697314E28,Port 0x02: JJH T tibia tracker  s/n:3E4C8800,790958881,1780408248.018638092,1,OK,0.6488656,-0.1191934,-0.1201479,-0.7418429,270.844,-34.807,-1821.175,0.0825733,3,OK,270.828,-34.832,-1821.166,OK,186.107,8.856,-1834.714,OK,282.553,49.065,-1851.056,Port 0x03: JJH Y femur tracker  s/n:3E4C8801,790958881,1780408248.018638092,1,OK,0.9700266,0.1323273,-0.1720401,-0.1092708,51.487,-75.911,-1916.270,0.4088705,3,OK,51.952,-76.209,-1916.156,OK,11.182,14.854,-1910.451,OK,-34.240,-51.663,-1944.730,Passive Strays,790958881,1780408248.018,1,OK,-3.697314E28,-3.697314E28,-3.697314E28,-3.697314E28,-3.697314E28,-3.697314E28,-3.697314E28,0.0000000,0
4,Port 0x01: JJH Probe  s/n:3E4C880C,790958884,1780408248.068638092,1,Too Few Markers,-3.697314E28,-3.697314E28,-3.697314E28,-3.697314E28,-3.697314E28,-3.697314E28,-3.697314E28,0.0000000,3,Missing,-3.697314E28,-3.697314E28,-3.697314E28,Missing,-3.697314E28,-3.697314E28,-3.697314E28,Missing,-3.697314E28,-3.697314E28,-3.697314E28,Port 0x02: JJH T tibia tracker  s/n:3E4C8800,790958884,1780408248.068638092,1,OK,0.6485792,-0.1193368,-0.1212824,-0.7418856,270.216,-34.746,-1821.167,0.0882446,3,OK,270.192,-34.799,-1821.148,OK,185.528,8.915,-1834.906,OK,281.976,49.091,-1851.203,Port 0x03: JJH Y femur tracker  s/n:3E4C8801,790958884,1780408248.068638092,1,OK,0.9704173,0.1319059,-0.1715180,-0.1071108,50.665,-76.598,-1916.553,0.4111400,3,OK,51.128,-76.910,-1916.444,OK,9.961,14.012,-1910.851,OK,-35.166,-52.753,-1944.984,Passive Strays,790958884,1780408248.068,1,OK,-3.697314E28,-3.697314E28,-3.697314E28,-3.697314E28,-3.697314E28,-3.697314E28,-3.697314E28,0.0000000,0
4,Port 0x01: JJH Probe  s/n:3E4C880C,790958887,1780408248.118638093,1,Too Few Markers,-3.697314E28,-3.697314E28,-3.697314E28,-3.697314E28,-3.697314E28,-3.697314E28,-3.697314E28,0.0000000,3,Missing,-3.697314E28,-3.697314E28,-3.697314E28,Missing,-3.697314E28,-3.697314E28,-3.697314E28,Missing,-3.697314E28,-3.697314E28,-3.697314E28,Port 0x02: JJH T tibia tracker  s/n:3E4C8800,790958887,1780408248.118638093,1,OK,0.6486534,-0.1194492,-0.1206194,-0.7419108,269.973,-34.763,-1821.322,0.0650475,3,OK,269.952,-34.777,-1821.317,OK,185.279,8.918,-1834.935,OK,281.704,49.059,-1851.284,Port 0x03: JJH Y femur tracker  s/n:3E4C8801,790958887,1780408248.118638093,1,OK,0.9713305,0.1306122,-0.1696368,-0.1033484,49.836,-77.798,-1916.302,0.4047577,3,OK,50.295,-78.088,-1916.191,OK,8.469,12.496,-1910.802,OK,-36.261,-54.696,-1944.535,Passive Strays,790958887,1780408248.118,1,OK,-3.697314E28,-3.697314E28,-3.697314E28,-3.697314E28,-3.697314E28,-3.697314E28,-3.697314E28,0.0000000,0
4,Port 0x01: JJH Probe  s/n:3E4C880C,790958890,1780408248.168638093,1,Too Few Markers,-3.697314E28,-3.697314E28,-3.697314E28,-3.697314E28,-3.697314E28,-3.697314E28,-3.697314E28,0.0000000,3,Missing,-3.697314E28,-3.697314E28,-3.697314E28,Missing,-3.697314E28,-3.697314E28,-3.697314E28,Missing,-3.697314E28,-3.697314E28,-3.697314E28,Port 0x02: JJH T tibia tracker  s/n:3E4C8800,790958890,1780408248.168638093,1,OK,0.6484867,-0.1205879,-0.1215006,-0.7417285,269.262,-34.832,-1821.734,0.0688086,3,OK,269.239,-34.859,-1821.724,OK,184.565,8.818,-1835.427,OK,280.981,48.915,-1851.947,Port 0x03: JJH Y femur tracker  s/n:3E4C8801,790958890,1780408248.168638093,1,OK,0.9716982,0.1310724,-0.1686658,-0.1008690,48.823,-78.784,-1916.576,0.3964612,3,OK,49.273,-79.078,-1916.472,OK,6.989,11.310,-1911.003,OK,-37.423,-56.151,-1944.698,Passive Strays,790958890,1780408248.168,1,OK,-3.697314E28,-3.697314E28,-3.697314E28,-3.697314E28,-3.697314E28,-3.697314E28,-3.697314E28,0.0000000,0
4,Port 0x01: JJH Probe  s/n:3E4C880C,790958893,1780408248.218638092,1,Too Few Markers,-3.697314E28,-3.697314E28,-3.697314E28,-3.697314E28,-3.697314E28,-3.697314E28,-3.697314E28,0.0000000,3,Missing,-3.697314E28,-3.697314E28,-3.697314E28,Missing,-3.697314E28,-3.697314E28,-3.697314E28,Missing,-3.697314E28,-3.697314E28,-3.697314E28,Port 0x02: JJH T tibia tracker  s/n:3E4C8800,790958893,1780408248.218638092,1,OK,0.6484385,-0.1210940,-0.1223728,-0.7415447,269.179,-34.873,-1821.952,0.0726521,3,OK,269.152,-34.907,-1821.939,OK,184.480,8.727,-1835.761,OK,280.887,48.824,-1852.332,Port 0x03: JJH Y femur tracker  s/n:3E4C8801,790958893,1780408248.218638092,1,OK,0.9721706,0.1303085,-0.1666674,-0.1006278,48.302,-78.989,-1916.108,0.4023047,3,OK,48.758,-79.286,-1916.004,OK,6.408,11.071,-1910.482,OK,-38.076,-56.452,-1943.898,Passive Strays,790958893,1780408248.218,1,OK,-3.697314E28,-3.697314E28,-3.697314E28,-3.697314E28,-3.697314E28,-3.697314E28,-3.697314E28,0.0000000,0
4,Port 0x01: JJH Probe  s/n:3E4C880C,790958896,1780408248.268638092,1,Too Few Markers,-3.697314E28,-3.697314E28,-3.697314E28,-3.697314E28,-3.697314E28,-3.697314E28,-3.697314E28,0.0000000,3,Missing,-3.697314E28,-3.697314E28,-3.697314E28,Missing,-3.697314E28,-3.697314E28,-3.697314E28,Missing,-3.697314E28,-3.697314E28,-3.697314E28,Port 0x02: JJH T tibia tracker  s/n:3E4C8800,790958896,1780408248.268638092,1,OK,0.6485008,-0.1205929,-0.1225199,-0.7415477,269.210,-34.853,-1821.979,0.0616692,3,OK,269.194,-34.874,-1821.971,OK,184.508,8.738,-1835.848,OK,280.921,48.842,-1852.303,Port 0x03: JJH Y femur tracker  s/n:3E4C8801,790958896,1780408248.268638092,1,OK,0.9729447,0.1297654,-0.1626872,-0.1003617,47.581,-79.198,-1915.290,0.4003602,3,OK,48.037,-79.484,-1915.187,OK,5.599,10.787,-1909.377,OK,-39.056,-56.806,-1942.398,Passive Strays,790958896,1780408248.268,1,OK,-3.697314E28,-3.697314E28,-3.697314E28,-3.697314E28,-3.697314E28,-3.697314E28,-3.697314E28,0.0000000,0
4,Port 0x01: JJH Probe  s/n:3E4C880C,790958899,1780408248.318638093,1,Too Few Markers,-3.697314E28,-3.697314E28,-3.697314E28,-3.697314E28,-3.697314E28,-3.697314E28,-3.697314E28,0.0000000,3,Missing,-3.697314E28,-3.697314E28,-3.697314E28,Missing,-3.697314E28,-3.697314E28,-3.697314E28,Missing,-3.697314E28,-3.697314E28,-3.697314E28,Port 0x02: JJH T tibia tracker  s/n:3E4C8800,790958899,1780408248.318638093,1,OK,0.6484035,-0.1205597,-0.1227664,-0.7415974,269.338,-34.817,-1822.076,0.0678891,3,OK,269.312,-34.854,-1822.062,OK,184.662,8.780,-1835.994,OK,281.069,48.884,-1852.430,Port 0x03: JJH Y femur tracker  s/n:3E4C8801,790958899,1780408248.318638093,1,OK,0.9741016,0.1295460,-0.1554486,-0.1008942,46.403,-79.355,-1913.624,0.3989477,3,OK,46.856,-79.652,-1913.533,OK,4.416,10.596,-1907.015,OK,-40.631,-57.028,-1939.436,Passive Strays,790958899,1780408248.318,1,OK,-3.697314E28,-3.697314E28,-3.697314E28,-3.697314E28,-3.697314E28,-3.697314E28,-3.697314E28,0.0000000,0
4,Port 0x01: JJH Probe  s/n:3E4C880C,790958902,1780408248.368638093,1,Too Few Markers,-3.697314E28,-3.697314E28,-3.697314E28,-3.697314E28,-3.697314E28,-3.697314E28,-3.697314E28,0.0000000,3,Missing,-3.697314E28,-3.697314E28,-3.697314E28,Missing,-3.697314E28,-3.697314E28,-3.697314E28,Missing,-3.697314E28,-3.697314E28,-3.697314E28,Port 0x02: JJH T tibia tracker  s/n:3E4C8800,790958902,1780408248.368638093,1,OK,0.6481238,-0.1206504,-0.1230113,-0.7417866,269.677,-34.711,-1822.397,0.0784696,3,OK,269.650,-34.749,-1822.382,OK,185.018,8.926,-1836.359,OK,281.483,48.973,-1852.792,Port 0x03: JJH Y femur tracker  s/n:3E4C8801,790958902,1780408248.368638093,1,OK,0.9758313,0.1288566,-0.1443298,-0.1015787,44.604,-79.511,-1910.729,0.3875514,3,OK,45.054,-79.790,-1910.646,OK,2.655,10.379,-1903.102,OK,-43.050,-57.344,-1934.575,Passive Strays,790958902,1780408248.368,1,OK,-3.697314E28,-3.697314E28,-3.697314E28,-3.697314E28,-3.697314E28,-3.697314E28,-3.697314E28,0.0000000,0
4,Port 0x01: JJH Probe  s/n:3E4C880C,790958905,1780408248.418638094,1,Too Few Markers,-3.697314E28,-3.697314E28,-3.697314E28,-3.697314E28,-3.697314E28,-3.697314E28,-3.697314E28,0.0000000,3,Missing,-3.697314E28,-3.697314E28,-3.697314E28,Missing,-3.697314E28,-3.697314E28,-3.697314E28,Missing,-3.697314E28,-3.697314E28,-3.697314E28,Port 0x02: JJH T tibia tracker  s/n:3E4C8800,790958905,1780408248.418638094,1,OK,0.6481317,-0.1199575,-0.1231962,-0.7418613,270.212,-34.668,-1822.822,0.0463601,3,OK,270.200,-34.682,-1822.816,OK,185.577,8.981,-1836.870,OK,282.021,49.000,-1853.134,Port 0x03: JJH Y femur tracker  s/n:3E4C8801,790958905,1780408248.418638094,1,OK,0.9782988,0.1261120,-0.1282854,-0.1028111,42.312,-79.842,-1906.656,0.3862978,3,OK,42.762,-80.114,-1906.587,OK,0.495,9.982,-1897.874,OK,-46.100,-57.838,-1927.650,Passive Strays,790958905,1780408248.418,1,OK,-3.697314E28,-3.697314E28,-3.697314E28,-3.697314E28,-3.697314E28,-3.697314E28,-3.697314E28,0.0000000,0
4,Port 0x01: JJH Probe  s/n:3E4C880C,790958908,1780408248.468638093,1,Too Few Markers,-3.697314E28,-3.697314E28,-3.697314E28,-3.697314E28,-3.697314E28,-3.697314E28,-3.697314E28,0.0000000,3,Missing,-3.697314E28,-3.697314E28,-3.697314E28,Missing,-3.697314E28,-3.697314E28,-3.697314E28,Missing,-3.697314E28,-3.697314E28,-3.697314E28,Port 0x02: JJH T tibia tracker  s/n:3E4C8800,790958908,1780408248.468638093,1,OK,0.6479424,-0.1206325,-0.1238669,-0.7418056,270.932,-34.638,-1823.499,0.0662907,3,OK,270.922,-34.666,-1823.489,OK,186.285,8.996,-1837.622,OK,282.774,48.986,-1853.981,Port 0x03: JJH Y femur tracker  s/n:3E4C8801,790958908,1780408248.468638093,1,OK,0.9808017,0.1242421,-0.1080757,-0.1044582,39.646,-80.263,-1901.351,0.3776768,3,OK,40.095,-80.520,-1901.298,OK,-1.920,9.493,-1890.823,OK,-49.617,-58.451,-1918.710,Passive Strays,790958908,1780408248.468,1,OK,-3.697314E28,-3.697314E28,-3.697314E28,-3.697314E28,-3.697314E28,-3.697314E28,-3.697314E28,0.0000000,0
4,Port 0x01: JJH Probe  s/n:3E4C880C,790958911,1780408248.518638093,1,Too Few Markers,-3.697314E28,-3.697314E28,-3.697314E28,-3.697314E28,-3.697314E28,-3.697314E28,-3.697314E28,0.0000000,3,Missing,-3.697314E28,-3.697314E28,-3.697314E28,Missing,-3.697314E28,-3.697314E28,-3.697314E28,Missing,-3.697314E28,-3.697314E28,-3.697314E28,Port 0x02: JJH T tibia tracker  s/n:3E4C8800,790958911,1780408248.518638093,1,OK,0.6474718,-0.1206305,-0.1245978,-0.7420943,271.644,-34.371,-1824.026,0.0760575,3,OK,271.624,-34.416,-1824.010,OK,187.063,9.321,-1838.293,OK,283.596,49.230,-1854.596,Port 0x03: JJH Y femur tracker  s/n:3E4C8801,790958911,1780408248.518638093,1,OK,0.9833363,0.1215718,-0.0834531,-0.1063280,36.835,-80.484,-1895.307,0.3667925,3,OK,37.271,-80.741,-1895.280,OK,-4.374,9.181,-1882.743,OK,-53.216,-58.896,-1908.197,Passive Strays,790958911,1780408248.518,1,OK,-3.697314E28,-3.697314E28,-3.697314E28,-3.697314E28,-3.697314E28,-3.697314E28,-3.697314E28,0.0000000,0
4,Port 0x01: JJH Probe  s/n:3E4C880C,790958914,1780408248.568638093,1,Too Few Markers,-3.697314E28,-3.697314E28,-3.697314E28,-3.697314E28,-3.697314E28,-3.697314E28,-3.697314E28,0.0000000,3,Missing,-3.697314E28,-3.697314E28,-3.697314E28,Missing,-3.697314E28,-3.697314E28,-3.697314E28,Missing,-3.697314E28,-3.697314E28,-3.697314E28,Port 0x02: JJH T tibia tracker  s/n:3E4C8800,790958914,1780408248.568638093,1,OK,0.6472212,-0.1202739,-0.1250019,-0.7423027,272.410,-34.267,-1824.765,0.0733317,3,OK,272.390,-34.315,-1824.747,OK,187.870,9.464,-1839.137,OK,284.429,49.323,-1855.332,Port 0x03: JJH Y femur tracker  s/n:3E4C8801,790958914,1780408248.568638093,1,OK,0.9853501,0.1183737,-0.0585011,-0.1079371,34.166,-80.944,-1888.486,0.3516898,3,OK,34.590,-81.174,-1888.477,OK,-6.588,8.611,-1873.959,OK,-56.490,-59.636,-1896.844,Passive Strays,790958914,1780408248.568,1,OK,-3.697314E28,-3.697314E28,-3.697314E28,-3.697314E28,-3.697314E28,-3.697314E28,-3.697314E28,0.0000000,0
4,Port 0x01: JJH Probe  s/n:3E4C880C,790958917,1780408248.618638093,1,Too Few Markers,-3.697314E28,-3.697314E28,-3.697314E28,-3.697314E28,-3.697314E28,-3.697314E28,-3.697314E28,0.0000000,3,Missing,-3.697314E28,-3.697314E28,-3.697314E28,Missing,-3.697314E28,-3.697314E28,-3.697314E28,Missing,-3.697314E28,-3.697314E28,-3.697314E28,Port 0x02: JJH T tibia tracker  s/n:3E4C8800,790958917,1780408248.618638093,1,OK,0.6471228,-0.1191423,-0.1247448,-0.7426142,273.129,-34.023,-1825.621,0.0510974,3,OK,273.129,-34.040,-1825.615,OK,188.612,9.773,-1840.036,OK,285.210,49.581,-1855.997,Port 0x03: JJH Y femur tracker  s/n:3E4C8801,790958917,1780408248.618638093,1,OK,0.9867965,0.1149187,-0.0316013,-0.1096710,31.740,-81.298,-1881.307,0.3545199,3,OK,32.169,-81.525,-1881.319,OK,-8.426,8.151,-1864.684,OK,-59.298,-60.251,-1884.749,Passive Strays,790958917,1780408248.618,1,OK,-3.697314E28,-3.697314E28,-3.697314E28,-3.697314E28,-3.697314E28,-3.697314E28,-3.697314E28,0.0000000,0
4,Port 0x01: JJH Probe  s/n:3E4C880C,790958920,1780408248.668638094,1,Too Few Markers,-3.697314E28,-3.697314E28,-3.697314E28,-3.697314E28,-3.697314E28,-3.697314E28,-3.697314E28,0.0000000,3,Missing,-3.697314E28,-3.697314E28,-3.697314E28,Missing,-3.697314E28,-3.697314E28,-3.697314E28,Missing,-3.697314E28,-3.697314E28,-3.697314E28,Port 0x02: JJH T tibia tracker  s/n:3E4C8800,790958920,1780408248.668638094,1,OK,0.6466600,-0.1190969,-0.1259101,-0.7428280,273.694,-33.886,-1826.033,0.0747795,3,OK,273.664,-33.916,-1826.021,OK,189.241,9.921,-1840.663,OK,285.907,49.691,-1856.545,Port 0x03: JJH Y femur tracker  s/n:3E4C8801,790958920,1780408248.668638094,1,OK,0.9875365,0.1113554,-0.0053770,-0.1110974,29.652,-81.843,-1873.761,0.3566258,3,OK,30.088,-82.048,-1873.791,OK,-9.842,7.493,-1855.153,OK,-61.536,-61.093,-1872.413,Passive Strays,790958920,1780408248.668,1,OK,-3.697314E28,-3.697314E28,-3.697314E28,-3.697314E28,-3.697314E28,-3.697314E28,-3.697314E28,0.0000000,0
4,Port 0x01: JJH Probe  s/n:3E4C880C,790958923,1780408248.718638093,1,Too Few Markers,-3.697314E28,-3.697314E28,-3.697314E28,-3.697314E28,-3.697314E28,-3.697314E28,-3.697314E28,0.0000000,3,Missing,-3.697314E28,-3.697314E28,-3.697314E28,Missing,-3.697314E28,-3.697314E28,-3.697314E28,Missing,-3.697314E28,-3.697314E28,-3.697314E28,Port 0x02: JJH T tibia tracker  s/n:3E4C8800,790958923,1780408248.718638093,1,OK,0.6464618,-0.1188938,-0.1254999,-0.7431024,274.268,-33.580,-1826.802,0.0818356,3,OK,274.242,-33.613,-1826.790,OK,189.833,10.297,-1841.384,OK,286.544,50.020,-1857.243,Port 0x03: JJH Y femur tracker  s/n:3E4C8801,790958923,1780408248.718638093,1,OK,0.9874758,0.1082486,0.0222037,-0.1126085,27.923,-82.154,-1866.198,0.3563699,3,OK,28.359,-82.350,-1866.250,OK,-10.744,7.059,-1845.419,OK,-63.126,-61.696,-1859.792,Passive Strays,790958923,1780408248.718,1,OK,-3.697314E28,-3.697314E28,-3.697314E28,-3.697314E28,-3.697314E28,-3.697314E28,-3.697314E28,0.0000000,0
4,Port 0x01: JJH Probe  s/n:3E4C880C,790958926,1780408248.768638093,1,Too Few Markers,-3.697314E28,-3.697314E28,-3.697314E28,-3.697314E28,-3.697314E28,-3.697314E28,-3.697314E28,0.0000000,3,Missing,-3.697314E28,-3.697314E28,-3.697314E28,Missing,-3.697314E28,-3.697314E28,-3.697314E28,Missing,-3.697314E28,-3.697314E28,-3.697314E28,Port 0x02: JJH T tibia tracker  s/n:3E4C8800,790958926,1780408248.768638093,1,OK,0.6460998,-0.1174918,-0.1264920,-0.7434719,274.706,-33.288,-1827.357,0.0602098,3,OK,274.695,-33.329,-1827.342,OK,190.358,10.651,-1842.230,OK,287.094,50.303,-1857.720,Port 0x03: JJH Y femur tracker  s/n:3E4C8801,790958926,1780408248.768638093,1,OK,0.9867889,0.1038752,0.0495273,-0.1140377,26.613,-82.508,-1858.467,0.3567034,3,OK,27.049,-82.660,-1858.534,OK,-11.115,6.587,-1835.801,OK,-64.027,-62.303,-1847.083,Passive Strays,790958926,1780408248.768,1,OK,-3.697314E28,-3.697314E28,-3.697314E28,-3.697314E28,-3.697314E28,-3.697314E28,-3.697314E28,0.0000000,0
4,Port 0x01: JJH Probe  s/n:3E4C880C,790958929,1780408248.818638093,1,Too Few Markers,-3.697314E28,-3.697314E28,-3.697314E28,-3.697314E28,-3.697314E28,-3.697314E28,-3.697314E28,0.0000000,3,Missing,-3.697314E28,-3.697314E28,-3.697314E28,Missing,-3.697314E28,-3.697314E28,-3.697314E28,Missing,-3.697314E28,-3.697314E28,-3.697314E28,Port 0x02: JJH T tibia tracker  s/n:3E4C8800,790958929,1780408248.818638093,1,OK,0.6460061,-0.1165912,-0.1265788,-0.7436803,275.119,-33.246,-1828.119,0.0485667,3,OK,275.111,-33.269,-1828.111,OK,190.802,10.723,-1843.074,OK,287.563,50.359,-1858.368,Port 0x03: JJH Y femur tracker  s/n:3E4C8801,790958929,1780408248.818638093,1,OK,0.9852707,0.1005527,0.0763605,-0.1153247,25.810,-83.106,-1850.935,0.3618754,3,OK,26.249,-83.258,-1851.026,OK,-10.903,5.884,-1826.276,OK,-64.151,-63.172,-1834.665,Passive Strays,790958929,1780408248.818,1,OK,-3.697314E28,-3.697314E28,-3.697314E28,-3.697314E28,-3.697314E28,-3.697314E28,-3.697314E28,0.0000000,0
4,Port 0x01: JJH Probe  s/n:3E4C880C,790958932,1780408248.868638093,1,Too Few Markers,-3.697314E28,-3.697314E28,-3.697314E28,-3.697314E28,-3.697314E28,-3.697314E28,-3.697314E28,0.0000000,3,Missing,-3.697314E28,-3.697314E28,-3.697314E28,Missing,-3.697314E28,-3.697314E28,-3.697314E28,Missing,-3.697314E28,-3.697314E28,-3.697314E28,Port 0x02: JJH T tibia tracker  s/n:3E4C8800,790958932,1780408248.868638093,1,OK,0.6457203,-0.1160511,-0.1263621,-0.7440498,275.460,-32.859,-1828.656,0.0593972,3,OK,275.443,-32.875,-1828.650,OK,191.181,11.184,-1843.618,OK,288.009,50.772,-1858.810,Port 0x03: JJH Y femur tracker  s/n:3E4C8801,790958932,1780408248.868638093,1,OK,0.9831433,0.0977995,0.1015841,-0.1163837,25.361,-83.324,-1843.478,0.3673841,3,OK,25.801,-83.451,-1843.588,OK,-10.290,5.528,-1816.925,OK,-63.740,-63.670,-1822.636,Passive Strays,790958932,1780408248.868,1,OK,-3.697314E28,-3.697314E28,-3.697314E28,-3.697314E28,-3.697314E28,-3.697314E28,-3.697314E28,0.0000000,0
4,Port 0x01: JJH Probe  s/n:3E4C880C,790958935,1780408248.918638094,1,Too Few Markers,-3.697314E28,-3.697314E28,-3.697314E28,-3.697314E28,-3.697314E28,-3.697314E28,-3.697314E28,0.0000000,3,Missing,-3.697314E28,-3.697314E28,-3.697314E28,Missing,-3.697314E28,-3.697314E28,-3.697314E28,Missing,-3.697314E28,-3.697314E28,-3.697314E28,Port 0x02: JJH T tibia tracker  s/n:3E4C8800,790958935,1780408248.918638094,1,OK,0.6455342,-0.1151765,-0.1269676,-0.7442440,275.709,-32.595,-1829.211,0.0706334,3,OK,275.700,-32.636,-1829.196,OK,191.462,11.471,-1844.348,OK,288.338,51.059,-1859.325,Port 0x03: JJH Y femur tracker  s/n:3E4C8801,790958935,1780408248.918638094,1,OK,0.9804053,0.0941925,0.1269722,-0.1175212,25.309,-83.631,-1836.443,0.3998870,3,OK,25.781,-83.761,-1836.585,OK,-9.179,5.139,-1808.162,OK,-62.693,-64.195,-1811.042,Passive Strays,790958935,1780408248.918,1,OK,-3.697314E28,-3.697314E28,-3.697314E28,-3.697314E28,-3.697314E28,-3.697314E28,-3.697314E28,0.0000000,0
4,Port 0x01: JJH Probe  s/n:3E4C880C,790958938,1780408248.968638093,1,Too Few Markers,-3.697314E28,-3.697314E28,-3.697314E28,-3.697314E28,-3.697314E28,-3.697314E28,-3.697314E28,0.0000000,3,Missing,-3.697314E28,-3.697314E28,-3.697314E28,Missing,-3.697314E28,-3.697314E28,-3.697314E28,Missing,-3.697314E28,-3.697314E28,-3.697314E28,Port 0x02: JJH T tibia tracker  s/n:3E4C8800,790958938,1780408248.968638093,1,OK,0.6454086,-0.1145291,-0.1261638,-0.7445895,275.906,-32.318,-1829.682,0.0778762,3,OK,275.879,-32.347,-1829.672,OK,191.691,11.819,-1844.725,OK,288.606,51.394,-1859.622,Port 0x03: JJH Y femur tracker  s/n:3E4C8801,790958938,1780408248.968638093,1,OK,0.9772040,0.0917581,0.1505039,-0.1183276,25.559,-83.915,-1829.708,0.4170226,3,OK,26.044,-84.046,-1829.879,OK,-7.780,4.727,-1799.707,OK,-61.205,-64.744,-1800.111,Passive Strays,790958938,1780408248.968,1,OK,-3.697314E28,-3.697314E28,-3.697314E28,-3.697314E28,-3.697314E28,-3.697314E28,-3.697314E28,0.0000000,0
4,Port 0x01: JJH Probe  s/n:3E4C880C,790958941,1780408249.018638093,1,Too Few Markers,-3.697314E28,-3.697314E28,-3.697314E28,-3.697314E28,-3.697314E28,-3.697314E28,-3.697314E28,0.0000000,3,Missing,-3.697314E28,-3.697314E28,-3.697314E28,Missing,-3.697314E28,-3.697314E28,-3.697314E28,Missing,-3.697314E28,-3.697314E28,-3.697314E28,Port 0x02: JJH T tibia tracker  s/n:3E4C8800,790958941,1780408249.018638093,1,OK,0.6456522,-0.1123831,-0.1266686,-0.7446196,275.935,-32.205,-1830.125,0.0627340,3,OK,275.937,-32.247,-1830.110,OK,191.731,11.907,-1845.404,OK,288.639,51.569,-1859.838,Port 0x03: JJH Y femur tracker  s/n:3E4C8801,790958941,1780408249.018638093,1,OK,0.9735450,0.0886520,0.1736561,-0.1191407,26.065,-84.457,-1823.171,0.4445607,3,OK,26.573,-84.585,-1823.375,OK,-6.065,4.083,-1791.642,OK,-59.284,-65.500,-1789.498,Passive Strays,790958941,1780408249.018,1,OK,-3.697314E28,-3.697314E28,-3.697314E28,-3.697314E28,-3.697314E28,-3.697314E28,-3.697314E28,0.0000000,0
4,Port 0x01: JJH Probe  s/n:3E4C880C,790958944,1780408249.068638093,1,Too Few Markers,-3.697314E28,-3.697314E28,-3.697314E28,-3.697314E28,-3.697314E28,-3.697314E28,-3.697314E28,0.0000000,3,Missing,-3.697314E28,-3.697314E28,-3.697314E28,Missing,-3.697314E28,-3.697314E28,-3.697314E28,Missing,-3.697314E28,-3.697314E28,-3.697314E28,Port 0x02: JJH T tibia tracker  s/n:3E4C8800,790958944,1780408249.068638093,1,OK,0.6455871,-0.1119979,-0.1264045,-0.7447789,276.039,-31.920,-1830.567,0.0842507,3,OK,276.020,-31.972,-1830.548,OK,191.851,12.211,-1845.824,OK,288.796,51.905,-1860.209,Port 0x03: JJH Y femur tracker  s/n:3E4C8801,790958944,1780408249.068638093,1,OK,0.9695068,0.0857158,0.1957785,-0.1199175,26.916,-84.739,-1816.674,0.4410176,3,OK,27.409,-84.847,-1816.894,OK,-3.958,3.712,-1783.724,OK,-56.874,-65.999,-1779.167,Passive Strays,790958944,1780408249.068,1,OK,-3.697314E28,-3.697314E28,-3.697314E28,-3.697314E28,-3.697314E28,-3.697314E28,-3.697314E28,0.0000000,0
4,Port 0x01: JJH Probe  s/n:3E4C880C,790958947,1780408249.118638093,1,Too Few Markers,-3.697314E28,-3.697314E28,-3.697314E28,-3.697314E28,-3.697314E28,-3.697314E28,-3.697314E28,0.0000000,3,Missing,-3.697314E28,-3.697314E28,-3.697314E28,Missing,-3.697314E28,-3.697314E28,-3.697314E28,Missing,-3.697314E28,-3.697314E28,-3.697314E28,Port 0x02: JJH T tibia tracker  s/n:3E4C8800,790958947,1780408249.118638093,1,OK,0.6460421,-0.1092053,-0.1255722,-0.7449398,276.086,-31.665,-1831.028,0.0632156,3,OK,276.078,-31.711,-1831.012,OK,191.914,12.472,-1846.323,OK,288.825,52.299,-1860.206,Port 0x03: JJH Y femur tracker  s/n:3E4C8801,790958947,1780408249.118638093,1,OK,0.9647688,0.0827997,0.2184997,-0.1209262,28.056,-84.984,-1810.506,0.4886712,3,OK,28.591,-85.103,-1810.775,OK,-1.421,3.393,-1776.124,OK,-53.969,-66.393,-1769.091,Passive Strays,790958947,1780408249.118,1,OK,-3.697314E28,-3.697314E28,-3.697314E28,-3.697314E28,-3.697314E28,-3.697314E28,-3.697314E28,0.0000000,0
4,Port 0x01: JJH Probe  s/n:3E4C880C,790958950,1780408249.168638094,1,Too Few Markers,-3.697314E28,-3.697314E28,-3.697314E28,-3.697314E28,-3.697314E28,-3.697314E28,-3.697314E28,0.0000000,3,Missing,-3.697314E28,-3.697314E28,-3.697314E28,Missing,-3.697314E28,-3.697314E28,-3.697314E28,Missing,-3.697314E28,-3.697314E28,-3.697314E28,Port 0x02: JJH T tibia tracker  s/n:3E4C8800,790958950,1780408249.168638094,1,OK,0.6467466,-0.1063028,-0.1239095,-0.7450269,275.960,-31.475,-1831.165,0.0515944,3,OK,275.959,-31.504,-1831.156,OK,191.756,12.652,-1846.348,OK,288.645,52.670,-1859.773,Port 0x03: JJH Y femur tracker  s/n:3E4C8801,790958950,1780408249.168638094,1,OK,0.9598258,0.0803852,0.2396916,-0.1217402,29.446,-85.340,-1804.330,0.4979075,3,OK,29.978,-85.460,-1804.629,OK,1.343,2.950,-1768.606,OK,-50.731,-66.931,-1759.343,Passive Strays,790958950,1780408249.168,1,OK,-3.697314E28,-3.697314E28,-3.697314E28,-3.697314E28,-3.697314E28,-3.697314E28,-3.697314E28,0.0000000,0
4,Port 0x01: JJH Probe  s/n:3E4C880C,790958953,1780408249.218638093,1,Too Few Markers,-3.697314E28,-3.697314E28,-3.697314E28,-3.697314E28,-3.697314E28,-3.697314E28,-3.697314E28,0.0000000,3,Missing,-3.697314E28,-3.697314E28,-3.697314E28,Missing,-3.697314E28,-3.697314E28,-3.697314E28,Missing,-3.697314E28,-3.697314E28,-3.697314E28,Port 0x02: JJH T tibia tracker  s/n:3E4C8800,790958953,1780408249.218638093,1,OK,0.6474894,-0.1039099,-0.1235567,-0.7447778,275.754,-31.067,-1831.086,0.0818236,3,OK,275.739,-31.122,-1831.068,OK,191.500,12.941,-1846.343,OK,288.378,53.247,-1859.357,Port 0x03: JJH Y femur tracker  s/n:3E4C8801,790958953,1780408249.218638093,1,OK,0.9548644,0.0771786,0.2593855,-0.1224604,31.060,-85.544,-1798.379,0.4794762,3,OK,31.558,-85.640,-1798.681,OK,4.276,2.716,-1761.617,OK,-47.236,-67.278,-1750.159,Passive Strays,790958953,1780408249.218,1,OK,-3.697314E28,-3.697314E28,-3.697314E28,-3.697314E28,-3.697314E28,-3.697314E28,-3.697314E28,0.0000000,0
4,Port 0x01: JJH Probe  s/n:3E4C880C,790958956,1780408249.268638093,1,Too Few Markers,-3.697314E28,-3.697314E28,-3.697314E28,-3.697314E28,-3.697314E28,-3.697314E28,-3.697314E28,0.0000000,3,Missing,-3.697314E28,-3.697314E28,-3.697314E28,Missing,-3.697314E28,-3.697314E28,-3.697314E28,Missing,-3.697314E28,-3.697314E28,-3.697314E28,Port 0x02: JJH T tibia tracker  s/n:3E4C8800,790958956,1780408249.268638093,1,OK,0.6487746,-0.1009796,-0.1208249,-0.7445105,275.485,-30.923,-1831.068,0.0879996,3,OK,275.468,-30.981,-1831.049,OK,191.128,12.999,-1846.007,OK,287.924,53.653,-1858.653,Port 0x03: JJH Y femur tracker  s/n:3E4C8801,790958956,1780408249.268638093,1,OK,0.9492280,0.0742651,0.2799177,-0.1228696,32.810,-85.949,-1792.750,0.5222654,3,OK,33.339,-86.044,-1793.100,OK,7.406,2.225,-1754.861,OK,-43.431,-67.867,-1741.183,Passive Strays,790958956,1780408249.268,1,OK,-3.697314E28,-3.697314E28,-3.697314E28,-3.697314E28,-3.697314E28,-3.697314E28,-3.697314E28,0.0000000,0
4,Port 0x01: JJH Probe  s/n:3E4C880C,790958959,1780408249.318638089,1,Too Few Markers,-3.697314E28,-3.697314E28,-3.697314E28,-3.697314E28,-3.697314E28,-3.697314E28,-3.697314E28,0.0000000,3,Missing,-3.697314E28,-3.697314E28,-3.697314E28,Missing,-3.697314E28,-3.697314E28,-3.697314E28,Missing,-3.697314E28,-3.697314E28,-3.697314E28,Port 0x02: JJH T tibia tracker  s/n:3E4C8800,790958959,1780408249.318638089,1,OK,0.6499340,-0.0975130,-0.1181980,-0.7443831,275.155,-30.601,-1830.884,0.0860170,3,OK,275.126,-30.625,-1830.876,OK,190.719,13.247,-1845.562,OK,287.463,54.220,-1857.717,Port 0x03: JJH Y femur tracker  s/n:3E4C8801,790958959,1780408249.318638089,1,OK,0.9434894,0.0716996,0.2989675,-0.1237151,34.768,-86.062,-1787.318,0.5174539,3,OK,35.276,-86.148,-1787.683,OK,10.792,2.058,-1748.424,OK,-39.358,-68.079,-1732.733,Passive Strays,790958959,1780408249.318,1,OK,-3.697314E28,-3.697314E28,-3.697314E28,-3.697314E28,-3.697314E28,-3.697314E28,-3.697314E28,0.0000000,0
4,Port 0x01: JJH Probe  s/n:3E4C880C,790958962,1780408249.368638089,1,Too Few Markers,-3.697314E28,-3.697314E28,-3.697314E28,-3.697314E28,-3.697314E28,-3.697314E28,-3.697314E28,0.0000000,3,Missing,-3.697314E28,-3.697314E28,-3.697314E28,Missing,-3.697314E28,-3.697314E28,-3.697314E28,Missing,-3.697314E28,-3.697314E28,-3.697314E28,Port 0x02: JJH T tibia tracker  s/n:3E4C8800,790958962,1780408249.368638089,1,OK,0.6515159,-0.0942840,-0.1159092,-0.7437759,274.803,-30.376,-1830.508,0.0897865,3,OK,274.781,-30.414,-1830.497,OK,190.228,13.298,-1844.961,OK,286.851,54.700,-1856.667,Port 0x03: JJH Y femur tracker  s/n:3E4C8801,790958962,1780408249.368638089,1,OK,0.9378159,0.0687977,0.3167664,-0.1242064,36.897,-86.459,-1782.108,0.5016694,3,OK,37.373,-86.515,-1782.471,OK,14.247,1.623,-1742.395,OK,-35.145,-68.600,-1724.779,Passive Strays,790958962,1780408249.368,1,OK,-3.697314E28,-3.697314E28,-3.697314E28,-3.697314E28,-3.697314E28,-3.697314E28,-3.697314E28,0.0000000,0
4,Port 0x01: JJH Probe  s/n:3E4C880C,790958965,1780408249.418638089,1,Too Few Markers,-3.697314E28,-3.697314E28,-3.697314E28,-3.697314E28,-3.697314E28,-3.697314E28,-3.697314E28,0.0000000,3,Missing,-3.697314E28,-3.697314E28,-3.697314E28,Missing,-3.697314E28,-3.697314E28,-3.697314E28,Missing,-3.697314E28,-3.697314E28,-3.697314E28,Port 0x02: JJH T tibia tracker  s/n:3E4C8800,790958965,1780408249.418638089,1,OK,0.6536058,-0.0901882,-0.1126661,-0.7429481,274.317,-30.067,-1829.995,0.0902777,3,OK,274.301,-30.124,-1829.979,OK,189.567,13.382,-1844.104,OK,286.000,55.339,-1855.259,Port 0x03: JJH Y femur tracker  s/n:3E4C8801,790958965,1780408249.418638089,1,OK,0.9320313,0.0662679,0.3336085,-0.1250264,39.217,-86.617,-1777.065,0.4819160,3,OK,39.657,-86.636,-1777.416,OK,17.948,1.439,-1736.606,OK,-30.729,-68.831,-1717.193,Passive Strays,790958965,1780408249.418,1,OK,-3.697314E28,-3.697314E28,-3.697314E28,-3.697314E28,-3.697314E28,-3.697314E28,-3.697314E28,0.0000000,0
4,Port 0x01: JJH Probe  s/n:3E4C880C,790958968,1780408249.468638089,1,Too Few Markers,-3.697314E28,-3.697314E28,-3.697314E28,-3.697314E28,-3.697314E28,-3.697314E28,-3.697314E28,0.0000000,3,Missing,-3.697314E28,-3.697314E28,-3.697314E28,Missing,-3.697314E28,-3.697314E28,-3.697314E28,Missing,-3.697314E28,-3.697314E28,-3.697314E28,Port 0x02: JJH T tibia tracker  s/n:3E4C8800,790958968,1780408249.468638089,1,OK,0.6558487,-0.0867590,-0.1092356,-0.7418914,273.721,-29.792,-1829.300,0.1128402,3,OK,273.694,-29.859,-1829.281,OK,188.749,13.366,-1842.976,OK,285.007,55.936,-1853.738,Port 0x03: JJH Y femur tracker  s/n:3E4C8801,790958968,1780408249.468638089,1,OK,0.9257677,0.0647133,0.3507122,-0.1255682,41.449,-86.801,-1772.659,0.5402703,3,OK,41.933,-86.860,-1773.086,OK,21.590,1.173,-1731.267,OK,-26.313,-69.144,-1710.199,Passive Strays,790958968,1780408249.468,1,OK,-3.697314E28,-3.697314E28,-3.697314E28,-3.697314E28,-3.697314E28,-3.697314E28,-3.697314E28,0.0000000,0
4,Port 0x01: JJH Probe  s/n:3E4C880C,790958971,1780408249.518638089,1,Too Few Markers,-3.697314E28,-3.697314E28,-3.697314E28,-3.697314E28,-3.697314E28,-3.697314E28,-3.697314E28,0.0000000,3,Missing,-3.697314E28,-3.697314E28,-3.697314E28,Missing,-3.697314E28,-3.697314E28,-3.697314E28,Missing,-3.697314E28,-3.697314E28,-3.697314E28,Port 0x02: JJH T tibia tracker  s/n:3E4C8800,790958971,1780408249.518638089,1,OK,0.6580017,-0.0819754,-0.1064969,-0.7409266,273.025,-29.560,-1828.452,0.1205464,3,OK,272.997,-29.636,-1828.432,OK,187.872,13.310,-1841.919,OK,283.953,56.484,-1851.958,Port 0x03: JJH Y femur tracker  s/n:3E4C8801,790958971,1780408249.518638089,1,OK,0.9199754,0.0614409,0.3660550,-0.1259917,43.763,-87.051,-1768.292,0.5255212,3,OK,44.216,-87.083,-1768.713,OK,25.124,0.942,-1726.427,OK,-21.911,-69.431,-1703.646,Passive Strays,790958971,1780408249.518,1,OK,-3.697314E28,-3.697314E28,-3.697314E28,-3.697314E28,-3.697314E28,-3.697314E28,-3.697314E28,0.0000000,0
4,Port 0x01: JJH Probe  s/n:3E4C880C,790958974,1780408249.568638089,1,Too Few Markers,-3.697314E28,-3.697314E28,-3.697314E28,-3.697314E28,-3.697314E28,-3.697314E28,-3.697314E28,0.0000000,3,Missing,-3.697314E28,-3.697314E28,-3.697314E28,Missing,-3.697314E28,-3.697314E28,-3.697314E28,Missing,-3.697314E28,-3.697314E28,-3.697314E28,Port 0x02: JJH T tibia tracker  s/n:3E4C8800,790958974,1780408249.568638089,1,OK,0.6597045,-0.0788422,-0.1044146,-0.7400483,272.482,-29.388,-1827.785,0.1380455,3,OK,272.436,-29.470,-1827.764,OK,187.179,13.225,-1841.055,OK,283.112,56.891,-1850.653,Port 0x03: JJH Y femur tracker  s/n:3E4C8801,790958974,1780408249.568638089,1,OK,0.9143075,0.0590252,0.3802270,-0.1264325,45.991,-87.265,-1764.380,0.5303906,3,OK,46.433,-87.279,-1764.811,OK,28.549,0.714,-1722.013,OK,-17.687,-69.700,-1697.737,Passive Strays,790958974,1780408249.568,1,OK,-3.697314E28,-3.697314E28,-3.697314E28,-3.697314E28,-3.697314E28,-3.697314E28,-3.697314E28,0.0000000,0
4,Port 0x01: JJH Probe  s/n:3E4C880C,790958977,1780408249.618638089,1,Too Few Markers,-3.697314E28,-3.697314E28,-3.697314E28,-3.697314E28,-3.697314E28,-3.697314E28,-3.697314E28,0.0000000,3,Missing,-3.697314E28,-3.697314E28,-3.697314E28,Missing,-3.697314E28,-3.697314E28,-3.697314E28,Missing,-3.697314E28,-3.697314E28,-3.697314E28,Port 0x02: JJH T tibia tracker  s/n:3E4C8800,790958977,1780408249.618638089,1,OK,0.6619537,-0.0735056,-0.1003576,-0.7391499,271.694,-29.474,-1827.087,0.1136338,3,OK,271.671,-29.538,-1827.071,OK,186.198,12.901,-1839.965,OK,281.920,57.117,-1848.784,Port 0x03: JJH Y femur tracker  s/n:3E4C8801,790958977,1780408249.618638089,1,OK,0.9085189,0.0566876,0.3940560,-0.1268850,48.222,-87.523,-1760.571,0.5119673,3,OK,48.635,-87.531,-1760.997,OK,31.971,0.446,-1717.731,OK,-13.406,-69.996,-1692.054,Passive Strays,790958977,1780408249.618,1,OK,-3.697314E28,-3.697314E28,-3.697314E28,-3.697314E28,-3.697314E28,-3.697314E28,-3.697314E28,0.0000000,0
4,Port 0x01: JJH Probe  s/n:3E4C880C,790958980,1780408249.668638089,1,Too Few Markers,-3.697314E28,-3.697314E28,-3.697314E28,-3.697314E28,-3.697314E28,-3.697314E28,-3.697314E28,0.0000000,3,Missing,-3.697314E28,-3.697314E28,-3.697314E28,Missing,-3.697314E28,-3.697314E28,-3.697314E28,Missing,-3.697314E28,-3.697314E28,-3.697314E28,Port 0x02: JJH T tibia tracker  s/n:3E4C8800,790958980,1780408249.668638089,1,OK,0.6637327,-0.0701216,-0.0965927,-0.7383845,271.043,-29.237,-1826.234,0.1227500,3,OK,271.009,-29.303,-1826.219,OK,185.384,12.934,-1838.642,OK,280.943,57.618,-1847.057,Port 0x03: JJH Y femur tracker  s/n:3E4C8801,790958980,1780408249.668638089,1,OK,0.9030700,0.0544108,0.4066769,-0.1269565,50.286,-87.688,-1757.023,0.5030360,3,OK,50.676,-87.667,-1757.440,OK,35.090,0.252,-1713.793,OK,-9.441,-70.248,-1686.829,Passive Strays,790958980,1780408249.668,1,OK,-3.697314E28,-3.697314E28,-3.697314E28,-3.697314E28,-3.697314E28,-3.697314E28,-3.697314E28,0.0000000,0
4,Port 0x01: JJH Probe  s/n:3E4C880C,790958983,1780408249.718638089,1,Too Few Markers,-3.697314E28,-3.697314E28,-3.697314E28,-3.697314E28,-3.697314E28,-3.697314E28,-3.697314E28,0.0000000,3,Missing,-3.697314E28,-3.697314E28,-3.697314E28,Missing,-3.697314E28,-3.697314E28,-3.697314E28,Missing,-3.697314E28,-3.697314E28,-3.697314E28,Port 0x02: JJH T tibia tracker  s/n:3E4C8800,790958983,1780408249.718638089,1,OK,0.6660617,-0.0660579,-0.0928148,-0.7371456,269.905,-29.333,-1825.024,0.1366838,3,OK,269.866,-29.404,-1825.008,OK,184.017,12.506,-1836.996,OK,279.361,57.812,-1844.884,Port 0x03: JJH Y femur tracker  s/n:3E4C8801,790958983,1780408249.718638089,1,OK,0.8977230,0.0520563,0.4184281,-0.1276776,52.199,-87.858,-1753.399,0.4733453,3,OK,52.554,-87.828,-1753.796,OK,38.093,0.124,-1709.897,OK,-5.649,-70.364,-1681.715,Passive Strays,790958983,1780408249.718,1,OK,-3.697314E28,-3.697314E28,-3.697314E28,-3.697314E28,-3.697314E28,-3.697314E28,-3.697314E28,0.0000000,0
4,Port 0x01: JJH Probe  s/n:3E4C880C,790958986,1780408249.768638089,1,Too Few Markers,-3.697314E28,-3.697314E28,-3.697314E28,-3.697314E28,-3.697314E28,-3.697314E28,-3.697314E28,0.0000000,3,Missing,-3.697314E28,-3.697314E28,-3.697314E28,Missing,-3.697314E28,-3.697314E28,-3.697314E28,Missing,-3.697314E28,-3.697314E28,-3.697314E28,Port 0x02: JJH T tibia tracker  s/n:3E4C8800,790958986,1780408249.768638089,1,OK,0.6676735,-0.0642740,-0.0895925,-0.7362433,268.667,-29.017,-1823.243,0.1338705,3,OK,268.629,-29.083,-1823.229,OK,182.609,12.606,-1834.737,OK,277.779,58.296,-1842.496,Port 0x03: JJH Y femur tracker  s/n:3E4C8801,790958986,1780408249.768638089,1,OK,0.8938951,0.0500281,0.4265980,-0.1283078,52.993,-87.691,-1749.863,0.4612909,3,OK,53.328,-87.642,-1750.246,OK,39.662,0.352,-1706.269,OK,-3.527,-70.115,-1677.161,Passive Strays,790958986,1780408249.768,1,OK,-3.697314E28,-3.697314E28,-3.697314E28,-3.697314E28,-3.697314E28,-3.697314E28,-3.697314E28,0.0000000,0
4,Port 0x01: JJH Probe  s/n:3E4C880C,790958989,1780408249.818638089,1,Too Few Markers,-3.697314E28,-3.697314E28,-3.697314E28,-3.697314E28,-3.697314E28,-3.697314E28,-3.697314E28,0.0000000,3,Missing,-3.697314E28,-3.697314E28,-3.697314E28,Missing,-3.697314E28,-3.697314E28,-3.697314E28,Missing,-3.697314E28,-3.697314E28,-3.697314E28,Port 0x02: JJH T tibia tracker  s/n:3E4C8800,790958989,1780408249.818638089,1,OK,0.6689572,-0.0640769,-0.0870530,-0.7353993,267.023,-29.195,-1821.033,0.1454274,3,OK,266.982,-29.268,-1821.018,OK,180.806,12.234,-1832.063,OK,275.841,58.232,-1839.969,Port 0x03: JJH Y femur tracker  s/n:3E4C8801,790958989,1780408249.818638089,1,OK,0.8906707,0.0488177,0.4333315,-0.1286327,53.029,-87.844,-1746.020,0.4635185,3,OK,53.361,-87.802,-1746.413,OK,40.323,0.208,-1702.254,OK,-2.384,-70.242,-1672.480,Passive Strays,790958989,1780408249.818,1,OK,-3.697314E28,-3.697314E28,-3.697314E28,-3.697314E28,-3.697314E28,-3.697314E28,-3.697314E28,0.0000000,0
4,Port 0x01: JJH Probe  s/n:3E4C880C,790958992,1780408249.868638089,1,Too Few Markers,-3.697314E28,-3.697314E28,-3.697314E28,-3.697314E28,-3.697314E28,-3.697314E28,-3.697314E28,0.0000000,3,Missing,-3.697314E28,-3.697314E28,-3.697314E28,Missing,-3.697314E28,-3.697314E28,-3.697314E28,Missing,-3.697314E28,-3.697314E28,-3.697314E28,Port 0x02: JJH T tibia tracker  s/n:3E4C8800,790958992,1780408249.868638089,1,OK,0.6696827,-0.0639928,-0.0844569,-0.7350490,265.384,-29.192,-1818.653,0.1174559,3,OK,265.354,-29.241,-1818.643,OK,179.087,12.186,-1829.218,OK,274.010,58.283,-1837.265,Port 0x03: JJH Y femur tracker  s/n:3E4C8801,790958992,1780408249.868638089,1,OK,0.8886679,0.0472884,0.4373209,-0.1295515,52.362,-87.659,-1742.212,0.4616143,3,OK,52.684,-87.589,-1742.591,OK,40.118,0.486,-1698.555,OK,-2.363,-69.882,-1668.196,Passive Strays,790958992,1780408249.868,1,OK,-3.697314E28,-3.697314E28,-3.697314E28,-3.697314E28,-3.697314E28,-3.697314E28,-3.697314E28,0.0000000,0
4,Port 0x01: JJH Probe  s/n:3E4C880C,790958995,1780408249.918638089,1,Too Few Markers,-3.697314E28,-3.697314E28,-3.697314E28,-3.697314E28,-3.697314E28,-3.697314E28,-3.697314E28,0.0000000,3,Missing,-3.697314E28,-3.697314E28,-3.697314E28,Missing,-3.697314E28,-3.697314E28,-3.697314E28,Missing,-3.697314E28,-3.697314E28,-3.697314E28,Port 0x02: JJH T tibia tracker  s/n:3E4C8800,790958995,1780408249.918638089,1,OK,0.6702121,-0.0655240,-0.0827744,-0.7346228,264.020,-29.396,-1816.391,0.1526116,3,OK,263.963,-29.466,-1816.377,OK,177.640,11.888,-1826.532,OK,272.511,58.139,-1835.016,Port 0x03: JJH Y femur tracker  s/n:3E4C8801,790958995,1780408249.918638089,1,OK,0.8857886,0.0462906,0.4431949,-0.1296691,52.355,-87.852,-1738.497,0.4776567,3,OK,52.686,-87.795,-1738.903,OK,40.639,0.290,-1694.678,OK,-1.400,-70.078,-1663.752,Passive Strays,790958995,1780408249.918,1,OK,-3.697314E28,-3.697314E28,-3.697314E28,-3.697314E28,-3.697314E28,-3.697314E28,-3.697314E28,0.0000000,0
4,Port 0x01: JJH Probe  s/n:3E4C880C,790958998,1780408249.968638089,1,Too Few Markers,-3.697314E28,-3.697314E28,-3.697314E28,-3.697314E28,-3.697314E28,-3.697314E28,-3.697314E28,0.0000000,3,Missing,-3.697314E28,-3.697314E28,-3.697314E28,Missing,-3.697314E28,-3.697314E28,-3.697314E28,Missing,-3.697314E28,-3.697314E28,-3.697314E28,Port 0x02: JJH T tibia tracker  s/n:3E4C8800,790958998,1780408249.968638089,1,OK,0.6708406,-0.0637477,-0.0806009,-0.7344471,264.027,-29.478,-1816.280,0.1501399,3,OK,263.981,-29.551,-1816.266,OK,177.585,11.767,-1826.153,OK,272.405,58.166,-1834.415,Port 0x03: JJH Y femur tracker  s/n:3E4C8801,790958998,1780408249.968638089,1,OK,0.8803365,0.0440216,0.4540028,-0.1301969,54.916,-87.891,-1735.699,0.4501047,3,OK,55.216,-87.825,-1736.081,OK,44.226,0.297,-1691.711,OK,3.023,-70.075,-1659.702,Passive Strays,790958998,1780408249.968,1,OK,-3.697314E28,-3.697314E28,-3.697314E28,-3.697314E28,-3.697314E28,-3.697314E28,-3.697314E28,0.0000000,0
4,Port 0x01: JJH Probe  s/n:3E4C880C,790959001,1780408250.018638089,1,Too Few Markers,-3.697314E28,-3.697314E28,-3.697314E28,-3.697314E28,-3.697314E28,-3.697314E28,-3.697314E28,0.0000000,3,Missing,-3.697314E28,-3.697314E28,-3.697314E28,Missing,-3.697314E28,-3.697314E28,-3.697314E28,Missing,-3.697314E28,-3.697314E28,-3.697314E28,Port 0x02: JJH T tibia tracker  s/n:3E4C8800,790959001,1780408250.018638089,1,OK,0.6721680,-0.0595430,-0.0780708,-0.7338595,263.451,-29.555,-1814.802,0.1504738,3,OK,263.399,-29.629,-1814.788,OK,176.912,11.513,-1824.502,OK,271.600,58.285,-1832.089,Port 0x03: JJH Y femur tracker  s/n:3E4C8801,790959001,1780408250.018638089,1,OK,0.8756150,0.0420649,0.4630588,-0.1307881,56.932,-87.857,-1732.798,0.4224258,3,OK,57.201,-87.774,-1733.149,OK,47.134,0.375,-1688.710,OK,6.642,-69.976,-1655.789,Passive Strays,790959001,1780408250.018,1,OK,-3.697314E28,-3.697314E28,-3.697314E28,-3.697314E28,-3.697314E28,-3.697314E28,-3.697314E28,0.0000000,0
4,Port 0x01: JJH Probe  s/n:3E4C880C,790959004,1780408250.068638089,1,Too Few Markers,-3.697314E28,-3.697314E28,-3.697314E28,-3.697314E28,-3.697314E28,-3.697314E28,-3.697314E28,0.0000000,3,Missing,-3.697314E28,-3.697314E28,-3.697314E28,Missing,-3.697314E28,-3.697314E28,-3.697314E28,Missing,-3.697314E28,-3.697314E28,-3.697314E28,Port 0x02: JJH T tibia tracker  s/n:3E4C8800,790959004,1780408250.068638089,1,OK,0.6740434,-0.0554812,-0.0738914,-0.7328898,262.714,-29.616,-1812.961,0.1561483,3,OK,262.659,-29.692,-1812.948,OK,176.000,11.195,-1822.177,OK,270.499,58.458,-1829.223,Port 0x03: JJH Y femur tracker  s/n:3E4C8801,790959004,1780408250.068638089,1,OK,0.8712107,0.0404282,0.4713368,-0.1311454,58.648,-87.766,-1730.068,0.4556812,3,OK,58.932,-87.677,-1730.454,OK,49.652,0.475,-1685.867,OK,9.803,-69.844,-1652.094,Passive Strays,790959004,1780408250.068,1,OK,-3.697314E28,-3.697314E28,-3.697314E28,-3.697314E28,-3.697314E28,-3.697314E28,-3.697314E28,0.0000000,0
4,Port 0x01: JJH Probe  s/n:3E4C880C,790959007,1780408250.118638089,1,Too Few Markers,-3.697314E28,-3.697314E28,-3.697314E28,-3.697314E28,-3.697314E28,-3.697314E28,-3.697314E28,0.0000000,3,Missing,-3.697314E28,-3.697314E28,-3.697314E28,Missing,-3.697314E28,-3.697314E28,-3.697314E28,Missing,-3.697314E28,-3.697314E28,-3.697314E28,Port 0x02: JJH T tibia tracker  s/n:3E4C8800,790959007,1780408250.118638089,1,OK,0.6760687,-0.0512340,-0.0684979,-0.7318567,261.660,-29.776,-1810.805,0.1555867,3,OK,261.605,-29.840,-1810.795,OK,174.750,10.772,-1819.336,OK,269.041,58.540,-1825.868,Port 0x03: JJH Y femur tracker  s/n:3E4C8801,790959007,1780408250.118638089,1,OK,0.8670654,0.0392021,0.4790953,-0.1308760,59.942,-88.093,-1726.848,0.4769848,3,OK,60.230,-87.986,-1727.249,OK,51.639,0.108,-1682.468,OK,12.446,-70.276,-1647.983,Passive Strays,790959007,1780408250.118,1,OK,-3.697314E28,-3.697314E28,-3.697314E28,-3.697314E28,-3.697314E28,-3.697314E28,-3.697314E28,0.0000000,0
4,Port 0x01: JJH Probe  s/n:3E4C880C,790959010,1780408250.168638089,1,Too Few Markers,-3.697314E28,-3.697314E28,-3.697314E28,-3.697314E28,-3.697314E28,-3.697314E28,-3.697314E28,0.0000000,3,Missing,-3.697314E28,-3.697314E28,-3.697314E28,Missing,-3.697314E28,-3.697314E28,-3.697314E28,Missing,-3.697314E28,-3.697314E28,-3.697314E28,Port 0x02: JJH T tibia tracker  s/n:3E4C8800,790959010,1780408250.168638089,1,OK,0.6774421,-0.0500488,-0.0662880,-0.7308715,260.577,-29.885,-1808.732,0.1637311,3,OK,260.514,-29.964,-1808.720,OK,173.530,10.416,-1816.933,OK,267.645,58.543,-1823.381,Port 0x03: JJH Y femur tracker  s/n:3E4C8801,790959010,1780408250.168638089,1,OK,0.8639183,0.0385255,0.4846333,-0.1314967,60.566,-88.138,-1723.788,0.4855286,3,OK,60.858,-88.055,-1724.215,OK,52.889,0.067,-1679.288,OK,14.109,-70.247,-1644.322,Passive Strays,790959010,1780408250.168,1,OK,-3.697314E28,-3.697314E28,-3.697314E28,-3.697314E28,-3.697314E28,-3.697314E28,-3.697314E28,0.0000000,0
4,Port 0x01: JJH Probe  s/n:3E4C880C,790959013,1780408250.218638089,1,Too Few Markers,-3.697314E28,-3.697314E28,-3.697314E28,-3.697314E28,-3.697314E28,-3.697314E28,-3.697314E28,0.0000000,3,Missing,-3.697314E28,-3.697314E28,-3.697314E28,Missing,-3.697314E28,-3.697314E28,-3.697314E28,Missing,-3.697314E28,-3.697314E28,-3.697314E28,Port 0x02: JJH T tibia tracker  s/n:3E4C8800,790959013,1780408250.218638089,1,OK,0.6787376,-0.0489329,-0.0626482,-0.7300658,259.481,-30.225,-1806.406,0.1640024,3,OK,259.418,-30.289,-1806.397,OK,172.286,9.882,-1814.021,OK,266.263,58.311,-1820.472,Port 0x03: JJH Y femur tracker  s/n:3E4C8801,790959013,1780408250.218638089,1,OK,0.8615834,0.0380323,0.4888429,-0.1313781,61.017,-88.567,-1720.621,0.4290499,3,OK,61.266,-88.467,-1720.984,OK,53.737,-0.390,-1676.003,OK,15.361,-70.754,-1640.767,Passive Strays,790959013,1780408250.218,1,OK,-3.697314E28,-3.697314E28,-3.697314E28,-3.697314E28,-3.697314E28,-3.697314E28,-3.697314E28,0.0000000,0
4,Port 0x01: JJH Probe  s/n:3E4C880C,790959016,1780408250.268638089,1,Too Few Markers,-3.697314E28,-3.697314E28,-3.697314E28,-3.697314E28,-3.697314E28,-3.697314E28,-3.697314E28,0.0000000,3,Missing,-3.697314E28,-3.697314E28,-3.697314E28,Missing,-3.697314E28,-3.697314E28,-3.697314E28,Missing,-3.697314E28,-3.697314E28,-3.697314E28,Port 0x02: JJH T tibia tracker  s/n:3E4C8800,790959016,1780408250.268638089,1,OK,0.6791467,-0.0472014,-0.0616899,-0.7298809,259.495,-30.260,-1806.119,0.1710225,3,OK,259.441,-30.343,-1806.107,OK,172.261,9.796,-1813.685,OK,266.206,58.348,-1819.845,Port 0x03: JJH Y femur tracker  s/n:3E4C8801,790959016,1780408250.268638089,1,OK,0.8576060,0.0362976,0.4959057,-0.1314227,62.869,-88.573,-1718.897,0.4499143,3,OK,63.120,-88.440,-1719.263,OK,56.240,-0.385,-1674.268,OK,18.498,-70.754,-1638.286,Passive Strays,790959016,1780408250.268,1,OK,-3.697314E28,-3.697314E28,-3.697314E28,-3.697314E28,-3.697314E28,-3.697314E28,-3.697314E28,0.0000000,0
4,Port 0x01: JJH Probe  s/n:3E4C880C,790959019,1780408250.318638089,1,Too Few Markers,-3.697314E28,-3.697314E28,-3.697314E28,-3.697314E28,-3.697314E28,-3.697314E28,-3.697314E28,0.0000000,3,Missing,-3.697314E28,-3.697314E28,-3.697314E28,Missing,-3.697314E28,-3.697314E28,-3.697314E28,Missing,-3.697314E28,-3.697314E28,-3.697314E28,Port 0x02: JJH T tibia tracker  s/n:3E4C8800,790959019,1780408250.318638089,1,OK,0.6802290,-0.0433351,-0.0569329,-0.7294993,259.358,-30.585,-1805.441,0.1712885,3,OK,259.303,-30.650,-1805.432,OK,172.022,9.369,-1812.429,OK,265.878,58.189,-1818.085,Port 0x03: JJH Y femur tracker  s/n:3E4C8801,790959019,1780408250.318638089,1,OK,0.8538965,0.0351768,0.5023481,-0.1314144,64.827,-88.732,-1717.221,0.4332286,3,OK,65.061,-88.594,-1717.570,OK,58.813,-0.554,-1672.491,OK,21.674,-70.944,-1635.976,Passive Strays,790959019,1780408250.318,1,OK,-3.697314E28,-3.697314E28,-3.697314E28,-3.697314E28,-3.697314E28,-3.697314E28,-3.697314E28,0.0000000,0
4,Port 0x01: JJH Probe  s/n:3E4C880C,790959022,1780408250.368638089,1,Too Few Markers,-3.697314E28,-3.697314E28,-3.697314E28,-3.697314E28,-3.697314E28,-3.697314E28,-3.697314E28,0.0000000,3,Missing,-3.697314E28,-3.697314E28,-3.697314E28,Missing,-3.697314E28,-3.697314E28,-3.697314E28,Missing,-3.697314E28,-3.697314E28,-3.697314E28,Port 0x02: JJH T tibia tracker  s/n:3E4C8800,790959022,1780408250.368638089,1,OK,0.6813652,-0.0388278,-0.0528788,-0.7289977,259.171,-30.900,-1803.962,0.1759044,3,OK,259.122,-30.977,-1803.952,OK,171.735,8.920,-1810.546,OK,265.480,58.044,-1815.527,Port 0x03: JJH Y femur tracker  s/n:3E4C8801,790959022,1780408250.368638089,1,OK,0.8500254,0.0336298,0.5089564,-0.1314883,66.785,-88.875,-1715.477,0.4096613,3,OK,66.996,-88.724,-1715.794,OK,61.393,-0.672,-1670.725,OK,24.903,-71.077,-1633.611,Passive Strays,790959022,1780408250.368,1,OK,-3.697314E28,-3.697314E28,-3.697314E28,-3.697314E28,-3.697314E28,-3.697314E28,-3.697314E28,0.0000000,0
4,Port 0x01: JJH Probe  s/n:3E4C880C,790959025,1780408250.418669935,1,Too Few Markers,-3.697314E28,-3.697314E28,-3.697314E28,-3.697314E28,-3.697314E28,-3.697314E28,-3.697314E28,0.0000000,3,Missing,-3.697314E28,-3.697314E28,-3.697314E28,Missing,-3.697314E28,-3.697314E28,-3.697314E28,Missing,-3.697314E28,-3.697314E28,-3.697314E28,Port 0x02: JJH T tibia tracker  s/n:3E4C8800,790959025,1780408250.418669935,1,OK,0.6822255,-0.0344046,-0.0495736,-0.7286474,258.918,-31.101,-1802.648,0.1742299,3,OK,258.854,-31.170,-1802.641,OK,171.433,8.612,-1808.958,OK,265.074,57.975,-1813.234,Port 0x03: JJH Y femur tracker  s/n:3E4C8801,790959025,1780408250.418669935,1,OK,0.8458327,0.0320468,0.5159366,-0.1317175,68.708,-88.838,-1713.724,0.4187227,3,OK,68.918,-88.681,-1714.051,OK,64.007,-0.607,-1668.965,OK,28.171,-70.998,-1631.180,Passive Strays,790959025,1780408250.418,1,OK,-3.697314E28,-3.697314E28,-3.697314E28,-3.697314E28,-3.697314E28,-3.697314E28,-3.697314E28,0.0000000,0
4,Port 0x01: JJH Probe  s/n:3E4C880C,790959028,1780408250.468669935,1,Too Few Markers,-3.697314E28,-3.697314E28,-3.697314E28,-3.697314E28,-3.697314E28,-3.697314E28,-3.697314E28,0.0000000,3,Missing,-3.697314E28,-3.697314E28,-3.697314E28,Missing,-3.697314E28,-3.697314E28,-3.697314E28,Missing,-3.697314E28,-3.697314E28,-3.697314E28,Port 0x02: JJH T tibia tracker  s/n:3E4C8800,790959028,1780408250.468669935,1,OK,0.6833649,-0.0306849,-0.0460248,-0.7279784,258.680,-31.378,-1801.625,0.1858835,3,OK,258.614,-31.443,-1801.619,OK,171.075,8.152,-1807.565,OK,264.616,57.823,-1811.294,Port 0x03: JJH Y femur tracker  s/n:3E4C8801,790959028,1780408250.468669935,1,OK,0.8417476,0.0307870,0.5226778,-0.1316095,70.675,-88.942,-1712.147,0.4286811,3,OK,70.884,-88.780,-1712.483,OK,66.614,-0.725,-1667.319,OK,31.440,-71.133,-1628.956,Passive Strays,790959028,1780408250.468,1,OK,-3.697314E28,-3.697314E28,-3.697314E28,-3.697314E28,-3.697314E28,-3.697314E28,-3.697314E28,0.0000000,0
4,Port 0x01: JJH Probe  s/n:3E4C880C,790959031,1780408250.518669935,1,Too Few Markers,-3.697314E28,-3.697314E28,-3.697314E28,-3.697314E28,-3.697314E28,-3.697314E28,-3.697314E28,0.0000000,3,Missing,-3.697314E28,-3.697314E28,-3.697314E28,Missing,-3.697314E28,-3.697314E28,-3.697314E28,Missing,-3.697314E28,-3.697314E28,-3.697314E28,Port 0x02: JJH T tibia tracker  s/n:3E4C8800,790959031,1780408250.518669935,1,OK,0.6844784,-0.0263505,-0.0421489,-0.7273365,258.487,-31.760,-1800.537,0.1804866,3,OK,258.430,-31.835,-1800.531,OK,170.785,7.612,-1806.098,OK,264.184,57.562,-1809.168,Port 0x03: JJH Y femur tracker  s/n:3E4C8801,790959031,1780408250.518669935,1,OK,0.8380426,0.0294873,0.5286499,-0.1316977,72.582,-89.046,-1710.612,0.4105671,3,OK,72.777,-88.889,-1710.934,OK,69.103,-0.809,-1665.763,OK,34.542,-71.217,-1626.905,Passive Strays,790959031,1780408250.518,1,OK,-3.697314E28,-3.697314E28,-3.697314E28,-3.697314E28,-3.697314E28,-3.697314E28,-3.697314E28,0.0000000,0
4,Port 0x01: JJH Probe  s/n:3E4C880C,790959034,1780408250.568669935,1,Too Few Markers,-3.697314E28,-3.697314E28,-3.697314E28,-3.697314E28,-3.697314E28,-3.697314E28,-3.697314E28,0.0000000,3,Missing,-3.697314E28,-3.697314E28,-3.697314E28,Missing,-3.697314E28,-3.697314E28,-3.697314E28,Missing,-3.697314E28,-3.697314E28,-3.697314E28,Port 0x02: JJH T tibia tracker  s/n:3E4C8800,790959034,1780408250.568669935,1,OK,0.6855173,-0.0221120,-0.0377952,-0.7267383,258.216,-32.069,-1799.360,0.1848608,3,OK,258.163,-32.150,-1799.354,OK,170.412,7.153,-1804.451,OK,263.696,57.371,-1806.906,Port 0x03: JJH Y femur tracker  s/n:3E4C8801,790959034,1780408250.568669935,1,OK,0.8341092,0.0284707,0.5349482,-0.1314599,74.461,-89.103,-1709.129,0.4307343,3,OK,74.665,-88.967,-1709.492,OK,71.578,-0.884,-1664.181,OK,37.656,-71.323,-1624.830,Passive Strays,790959034,1780408250.568,1,OK,-3.697314E28,-3.697314E28,-3.697314E28,-3.697314E28,-3.697314E28,-3.697314E28,-3.697314E28,0.0000000,0
4,Port 0x01: JJH Probe  s/n:3E4C880C,790959037,1780408250.618669935,1,Too Few Markers,-3.697314E28,-3.697314E28,-3.697314E28,-3.697314E28,-3.697314E28,-3.697314E28,-3.697314E28,0.0000000,3,Missing,-3.697314E28,-3.697314E28,-3.697314E28,Missing,-3.697314E28,-3.697314E28,-3.697314E28,Missing,-3.697314E28,-3.697314E28,-3.697314E28,Port 0x02: JJH T tibia tracker  s/n:3E4C8800,790959037,1780408250.618669935,1,OK,0.6865849,-0.0169569,-0.0334512,-0.7260817,257.981,-32.467,-1798.193,0.1829511,3,OK,257.919,-32.537,-1798.189,OK,170.087,6.582,-1802.885,OK,263.236,57.075,-1804.533,Port 0x03: JJH Y femur tracker  s/n:3E4C8801,790959037,1780408250.618669935,1,OK,0.8301165,0.0269792,0.5411774,-0.1315515,76.490,-89.133,-1707.651,0.4190186,3,OK,76.682,-88.994,-1708.001,OK,74.216,-0.885,-1662.725,OK,40.953,-71.320,-1622.837,Passive Strays,790959037,1780408250.618,1,OK,-3.697314E28,-3.697314E28,-3.697314E28,-3.697314E28,-3.697314E28,-3.697314E28,-3.697314E28,0.0000000,0
4,Port 0x01: JJH Probe  s/n:3E4C880C,790959040,1780408250.668669935,1,Too Few Markers,-3.697314E28,-3.697314E28,-3.697314E28,-3.697314E28,-3.697314E28,-3.697314E28,-3.697314E28,0.0000000,3,Missing,-3.697314E28,-3.697314E28,-3.697314E28,Missing,-3.697314E28,-3.697314E28,-3.697314E28,Missing,-3.697314E28,-3.697314E28,-3.697314E28,Port 0x02: JJH T tibia tracker  s/n:3E4C8800,790959040,1780408250.668669935,1,OK,0.6876179,-0.0126441,-0.0307602,-0.7253107,257.705,-32.787,-1796.685,0.1877301,3,OK,257.639,-32.877,-1796.681,OK,169.725,6.068,-1801.213,OK,262.721,56.843,-1802.135,Port 0x03: JJH Y femur tracker  s/n:3E4C8801,790959040,1780408250.668669935,1,OK,0.8261039,0.0255382,0.5473413,-0.1315964,78.384,-89.190,-1706.193,0.4466952,3,OK,78.581,-89.022,-1706.556,OK,76.726,-0.928,-1661.323,OK,44.083,-71.372,-1620.825,Passive Strays,790959040,1780408250.668,1,OK,-3.697314E28,-3.697314E28,-3.697314E28,-3.697314E28,-3.697314E28,-3.697314E28,-3.697314E28,0.0000000,0
4,Port 0x01: JJH Probe  s/n:3E4C880C,790959043,1780408250.718669935,1,Too Few Markers,-3.697314E28,-3.697314E28,-3.697314E28,-3.697314E28,-3.697314E28,-3.697314E28,-3.697314E28,0.0000000,3,Missing,-3.697314E28,-3.697314E28,-3.697314E28,Missing,-3.697314E28,-3.697314E28,-3.697314E28,Missing,-3.697314E28,-3.697314E28,-3.697314E28,Port 0x02: JJH T tibia tracker  s/n:3E4C8800,790959043,1780408250.718669935,1,OK,0.6889283,-0.0077304,-0.0254808,-0.7243402,257.428,-33.126,-1795.697,0.1913359,3,OK,257.358,-33.211,-1795.695,OK,169.312,5.484,-1799.646,OK,262.145,56.590,-1799.857,Port 0x03: JJH Y femur tracker  s/n:3E4C8801,790959043,1780408250.718669935,1,OK,0.8226298,0.0242256,0.5526206,-0.1315441,80.228,-89.278,-1704.911,0.3986857,3,OK,80.394,-89.097,-1705.209,OK,79.067,-1.000,-1660.066,OK,47.043,-71.449,-1619.191,Passive Strays,790959043,1780408250.718,1,OK,-3.697314E28,-3.697314E28,-3.697314E28,-3.697314E28,-3.697314E28,-3.697314E28,-3.697314E28,0.0000000,0
4,Port 0x01: JJH Probe  s/n:3E4C880C,790959046,1780408250.768669935,1,Too Few Markers,-3.697314E28,-3.697314E28,-3.697314E28,-3.697314E28,-3.697314E28,-3.697314E28,-3.697314E28,0.0000000,3,Missing,-3.697314E28,-3.697314E28,-3.697314E28,Missing,-3.697314E28,-3.697314E28,-3.697314E28,Missing,-3.697314E28,-3.697314E28,-3.697314E28,Port 0x02: JJH T tibia tracker  s/n:3E4C8800,790959046,1780408250.768669935,1,OK,0.6901373,-0.0038409,-0.0220165,-0.7233333,257.156,-33.316,-1794.596,0.1910469,3,OK,257.087,-33.399,-1794.594,OK,168.915,5.044,-1798.216,OK,261.582,56.452,-1797.824,Port 0x03: JJH Y femur tracker  s/n:3E4C8801,790959046,1780408250.768669935,1,OK,0.8192684,0.0235078,0.5576816,-0.1312930,81.886,-89.255,-1703.781,0.3902488,3,OK,82.044,-89.087,-1704.079,OK,81.211,-1.013,-1658.850,OK,49.756,-71.471,-1617.678,Passive Strays,790959046,1780408250.768,1,OK,-3.697314E28,-3.697314E28,-3.697314E28,-3.697314E28,-3.697314E28,-3.697314E28,-3.697314E28,0.0000000,0
4,Port 0x01: JJH Probe  s/n:3E4C880C,790959049,1780408250.818669935,1,Too Few Markers,-3.697314E28,-3.697314E28,-3.697314E28,-3.697314E28,-3.697314E28,-3.697314E28,-3.697314E28,0.0000000,3,Missing,-3.697314E28,-3.697314E28,-3.697314E28,Missing,-3.697314E28,-3.697314E28,-3.697314E28,Missing,-3.697314E28,-3.697314E28,-3.697314E28,Port 0x02: JJH T tibia tracker  s/n:3E4C8800,790959049,1780408250.818669935,1,OK,0.6913457,0.0000022,-0.0193059,-0.7222662,256.795,-33.616,-1793.448,0.2002204,3,OK,256.715,-33.698,-1793.448,OK,168.433,4.468,-1796.872,OK,260.933,56.201,-1795.844,Port 0x03: JJH Y femur tracker  s/n:3E4C8801,790959049,1780408250.818669935,1,OK,0.8161277,0.0224318,0.5623313,-0.1312095,83.434,-89.349,-1702.685,0.3890119,3,OK,83.587,-89.185,-1702.986,OK,83.205,-1.094,-1657.772,OK,52.276,-71.560,-1616.229,Passive Strays,790959049,1780408250.818,1,OK,-3.697314E28,-3.697314E28,-3.697314E28,-3.697314E28,-3.697314E28,-3.697314E28,-3.697314E28,0.0000000,0
4,Port 0x01: JJH Probe  s/n:3E4C880C,790959052,1780408250.868669935,1,Too Few Markers,-3.697314E28,-3.697314E28,-3.697314E28,-3.697314E28,-3.697314E28,-3.697314E28,-3.697314E28,0.0000000,3,Missing,-3.697314E28,-3.697314E28,-3.697314E28,Missing,-3.697314E28,-3.697314E28,-3.697314E28,Missing,-3.697314E28,-3.697314E28,-3.697314E28,Port 0x02: JJH T tibia tracker  s/n:3E4C8800,790959052,1780408250.868669935,1,OK,0.6924680,0.0038510,-0.0156709,-0.7212681,256.524,-33.806,-1792.373,0.2043604,3,OK,256.443,-33.892,-1792.374,OK,168.043,4.033,-1795.440,OK,260.382,56.050,-1793.821,Port 0x03: JJH Y femur tracker  s/n:3E4C8801,790959052,1780408250.868669935,1,OK,0.8129721,0.0216403,0.5669634,-0.1309982,84.907,-89.355,-1701.809,0.4343107,3,OK,85.081,-89.222,-1702.188,OK,85.126,-1.112,-1656.852,OK,54.701,-71.582,-1614.942,Passive Strays,790959052,1780408250.868,1,OK,-3.697314E28,-3.697314E28,-3.697314E28,-3.697314E28,-3.697314E28,-3.697314E28,-3.697314E28,0.0000000,0
4,Port 0x01: JJH Probe  s/n:3E4C880C,790959055,1780408250.918669935,1,Too Few Markers,-3.697314E28,-3.697314E28,-3.697314E28,-3.697314E28,-3.697314E28,-3.697314E28,-3.697314E28,0.0000000,3,Missing,-3.697314E28,-3.697314E28,-3.697314E28,Missing,-3.697314E28,-3.697314E28,-3.697314E28,Missing,-3.697314E28,-3.697314E28,-3.697314E28,Port 0x02: JJH T tibia tracker  s/n:3E4C8800,790959055,1780408250.918669935,1,OK,0.6933523,0.0076427,-0.0122538,-0.7204540,256.350,-34.077,-1791.374,0.2068808,3,OK,256.267,-34.171,-1791.375,OK,167.779,3.565,-1794.121,OK,259.979,55.804,-1791.907,Port 0x03: JJH Y femur tracker  s/n:3E4C8801,790959055,1780408250.918669935,1,OK,0.8101065,0.0204273,0.5710780,-0.1310729,86.429,-89.413,-1700.844,0.3736546,3,OK,86.566,-89.238,-1701.117,OK,87.052,-1.143,-1655.982,OK,57.133,-71.614,-1613.778,Passive Strays,790959055,1780408250.918,1,OK,-3.697314E28,-3.697314E28,-3.697314E28,-3.697314E28,-3.697314E28,-3.697314E28,-3.697314E28,0.0000000,0
4,Port 0x01: JJH Probe  s/n:3E4C880C,790959058,1780408250.968669935,1,Too Few Markers,-3.697314E28,-3.697314E28,-3.697314E28,-3.697314E28,-3.697314E28,-3.697314E28,-3.697314E28,0.0000000,3,Missing,-3.697314E28,-3.697314E28,-3.697314E28,Missing,-3.697314E28,-3.697314E28,-3.697314E28,Missing,-3.697314E28,-3.697314E28,-3.697314E28,Port 0x02: JJH T tibia tracker  s/n:3E4C8800,790959058,1780408250.968669935,1,OK,0.6940023,0.0115171,-0.0086062,-0.7198292,256.170,-34.335,-1790.372,0.1983638,3,OK,256.086,-34.417,-1790.375,OK,167.532,3.163,-1792.767,OK,259.619,55.542,-1789.951,Port 0x03: JJH Y femur tracker  s/n:3E4C8801,790959058,1780408250.968669935,1,OK,0.8075204,0.0198543,0.5748007,-0.1308464,87.693,-89.357,-1700.001,0.3722227,3,OK,87.829,-89.198,-1700.284,OK,88.677,-1.104,-1655.095,OK,59.189,-71.595,-1612.671,Passive Strays,790959058,1780408250.968,1,OK,-3.697314E28,-3.697314E28,-3.697314E28,-3.697314E28,-3.697314E28,-3.697314E28,-3.697314E28,0.0000000,0
4,Port 0x01: JJH Probe  s/n:3E4C880C,790959061,1780408251.018669935,1,Too Few Markers,-3.697314E28,-3.697314E28,-3.697314E28,-3.697314E28,-3.697314E28,-3.697314E28,-3.697314E28,0.0000000,3,Missing,-3.697314E28,-3.697314E28,-3.697314E28,Missing,-3.697314E28,-3.697314E28,-3.697314E28,Missing,-3.697314E28,-3.697314E28,-3.697314E28,Port 0x02: JJH T tibia tracker  s/n:3E4C8800,790959061,1780408251.018669935,1,OK,0.6944099,0.0152045,-0.0057649,-0.7193959,256.094,-34.668,-1789.404,0.2023088,3,OK,256.006,-34.749,-1789.408,OK,167.409,2.730,-1791.576,OK,259.428,55.209,-1788.151,Port 0x03: JJH Y femur tracker  s/n:3E4C8801,790959061,1780408251.018669935,1,OK,0.8053515,0.0190107,0.5778427,-0.1309403,88.763,-89.396,-1699.349,0.3602082,3,OK,88.889,-89.226,-1699.610,OK,90.059,-1.114,-1654.513,OK,60.922,-71.606,-1611.829,Passive Strays,790959061,1780408251.018,1,OK,-3.697314E28,-3.697314E28,-3.697314E28,-3.697314E28,-3.697314E28,-3.697314E28,-3.697314E28,0.0000000,0
4,Port 0x01: JJH Probe  s/n:3E4C880C,790959064,1780408251.068669935,1,Too Few Markers,-3.697314E28,-3.697314E28,-3.697314E28,-3.697314E28,-3.697314E28,-3.697314E28,-3.697314E28,0.0000000,3,Missing,-3.697314E28,-3.697314E28,-3.697314E28,Missing,-3.697314E28,-3.697314E28,-3.697314E28,Missing,-3.697314E28,-3.697314E28,-3.697314E28,Port 0x02: JJH T tibia tracker  s/n:3E4C8800,790959064,1780408251.068669935,1,OK,0.6945843,0.0171277,-0.0042394,-0.7191950,256.100,-34.770,-1788.840,0.2023407,3,OK,256.014,-34.854,-1788.844,OK,167.393,2.587,-1790.888,OK,259.378,55.103,-1787.149,Port 0x03: JJH Y femur tracker  s/n:3E4C8801,790959064,1780408251.068669935,1,OK,0.8043957,0.0186791,0.5791744,-0.1309799,89.329,-89.290,-1699.075,0.3591457,3,OK,89.453,-89.118,-1699.331,OK,90.763,-1.003,-1654.259,OK,61.780,-71.485,-1611.471,Passive Strays,790959064,1780408251.068,1,OK,-3.697314E28,-3.697314E28,-3.697314E28,-3.697314E28,-3.697314E28,-3.697314E28,-3.697314E28,0.0000000,0
4,Port 0x01: JJH Probe  s/n:3E4C880C,790959067,1780408251.118669935,1,Too Few Markers,-3.697314E28,-3.697314E28,-3.697314E28,-3.697314E28,-3.697314E28,-3.697314E28,-3.697314E28,0.0000000,3,Missing,-3.697314E28,-3.697314E28,-3.697314E28,Missing,-3.697314E28,-3.697314E28,-3.697314E28,Missing,-3.697314E28,-3.697314E28,-3.697314E28,Port 0x02: JJH T tibia tracker  s/n:3E4C8800,790959067,1780408251.118669935,1,OK,0.6946367,0.0171643,-0.0033918,-0.7191479,255.960,-34.781,-1788.842,0.2024349,3,OK,255.872,-34.858,-1788.846,OK,167.243,2.560,-1790.744,OK,259.228,55.086,-1787.041,Port 0x03: JJH Y femur tracker  s/n:3E4C8801,790959067,1780408251.118669935,1,OK,0.8050991,0.0186687,0.5781477,-0.1311954,88.903,-89.237,-1699.294,0.3616919,3,OK,89.032,-89.079,-1699.569,OK,90.245,-0.911,-1654.519,OK,61.138,-71.376,-1611.754,Passive Strays,790959067,1780408251.118,1,OK,-3.697314E28,-3.697314E28,-3.697314E28,-3.697314E28,-3.697314E28,-3.697314E28,-3.697314E28,0.0000000,0
4,Port 0x01: JJH Probe  s/n:3E4C880C,790959070,1780408251.168669935,1,Too Few Markers,-3.697314E28,-3.697314E28,-3.697314E28,-3.697314E28,-3.697314E28,-3.697314E28,-3.697314E28,0.0000000,3,Missing,-3.697314E28,-3.697314E28,-3.697314E28,Missing,-3.697314E28,-3.697314E28,-3.697314E28,Missing,-3.697314E28,-3.697314E28,-3.697314E28,Port 0x02: JJH T tibia tracker  s/n:3E4C8800,790959070,1780408251.168669935,1,OK,0.6944752,0.0158575,-0.0053308,-0.7193221,255.843,-34.460,-1789.078,0.1892118,3,OK,255.762,-34.537,-1789.081,OK,167.155,2.932,-1791.222,OK,259.144,55.402,-1787.687,Port 0x03: JJH Y femur tracker  s/n:3E4C8801,790959070,1780408251.168669935,1,OK,0.8082105,0.0198842,0.5737263,-0.1312958,87.319,-88.961,-1700.374,0.3955200,3,OK,87.467,-88.814,-1700.696,OK,88.243,-0.672,-1655.529,OK,58.595,-71.102,-1613.094,Passive Strays,790959070,1780408251.168,1,OK,-3.697314E28,-3.697314E28,-3.697314E28,-3.697314E28,-3.697314E28,-3.697314E28,-3.697314E28,0.0000000,0
4,Port 0x01: JJH Probe  s/n:3E4C880C,790959073,1780408251.218669935,1,Too Few Markers,-3.697314E28,-3.697314E28,-3.697314E28,-3.697314E28,-3.697314E28,-3.697314E28,-3.697314E28,0.0000000,3,Missing,-3.697314E28,-3.697314E28,-3.697314E28,Missing,-3.697314E28,-3.697314E28,-3.697314E28,Missing,-3.697314E28,-3.697314E28,-3.697314E28,Port 0x02: JJH T tibia tracker  s/n:3E4C8800,790959073,1780408251.218669935,1,OK,0.6940272,0.0114064,-0.0102511,-0.7197854,255.730,-33.870,-1790.030,0.2013484,3,OK,255.644,-33.955,-1790.032,OK,167.095,3.615,-1792.707,OK,259.175,56.011,-1789.827,Port 0x03: JJH Y femur tracker  s/n:3E4C8801,790959073,1780408251.218669935,1,OK,0.8139706,0.0213143,0.5653734,-0.1317216,84.497,-88.735,-1702.280,0.4052286,3,OK,84.657,-88.570,-1702.602,OK,84.618,-0.411,-1657.506,OK,53.996,-70.818,-1615.586,Passive Strays,790959073,1780408251.218,1,OK,-3.697314E28,-3.697314E28,-3.697314E28,-3.697314E28,-3.697314E28,-3.697314E28,-3.697314E28,0.0000000,0
4,Port 0x01: JJH Probe  s/n:3E4C880C,790959076,1780408251.268669935,1,Too Few Markers,-3.697314E28,-3.697314E28,-3.697314E28,-3.697314E28,-3.697314E28,-3.697314E28,-3.697314E28,0.0000000,3,Missing,-3.697314E28,-3.697314E28,-3.697314E28,Missing,-3.697314E28,-3.697314E28,-3.697314E28,Missing,-3.697314E28,-3.697314E28,-3.697314E28,Port 0x02: JJH T tibia tracker  s/n:3E4C8800,790959076,1780408251.268669935,1,OK,0.6930090,0.0019343,-0.0186381,-0.7206854,255.802,-32.987,-1792.289,0.1946169,3,OK,255.734,-33.076,-1792.289,OK,167.268,4.707,-1795.737,OK,259.517,56.854,-1794.357,Port 0x03: JJH Y femur tracker  s/n:3E4C8801,790959076,1780408251.268669935,1,OK,0.8220373,0.0240931,0.5534418,-0.1318196,80.553,-88.495,-1704.983,0.4175770,3,OK,80.730,-88.351,-1705.329,OK,79.501,-0.214,-1660.121,OK,47.558,-70.579,-1619.194,Passive Strays,790959076,1780408251.268,1,OK,-3.697314E28,-3.697314E28,-3.697314E28,-3.697314E28,-3.697314E28,-3.697314E28,-3.697314E28,0.0000000,0
4,Port 0x01: JJH Probe  s/n:3E4C880C,790959079,1780408251.318669938,1,Too Few Markers,-3.697314E28,-3.697314E28,-3.697314E28,-3.697314E28,-3.697314E28,-3.697314E28,-3.697314E28,0.0000000,3,Missing,-3.697314E28,-3.697314E28,-3.697314E28,Missing,-3.697314E28,-3.697314E28,-3.697314E28,Missing,-3.697314E28,-3.697314E28,-3.697314E28,Port 0x02: JJH T tibia tracker  s/n:3E4C8800,790959079,1780408251.318669938,1,OK,0.6908802,-0.0101026,-0.0291279,-0.7223116,256.180,-31.806,-1795.990,0.1831445,3,OK,256.120,-31.880,-1795.987,OK,167.850,6.283,-1800.398,OK,260.403,57.881,-1800.917,Port 0x03: JJH Y femur tracker  s/n:3E4C8801,790959079,1780408251.318669938,1,OK,0.8315775,0.0272190,0.5388033,-0.1320189,75.768,-88.183,-1708.472,0.4254027,3,OK,75.966,-88.057,-1708.836,OK,73.305,0.097,-1663.617,OK,39.778,-70.255,-1623.872,Passive Strays,790959079,1780408251.318,1,OK,-3.697314E28,-3.697314E28,-3.697314E28,-3.697314E28,-3.697314E28,-3.697314E28,-3.697314E28,0.0000000,0
4,Port 0x01: JJH Probe  s/n:3E4C880C,790959082,1780408251.368669938,1,Too Few Markers,-3.697314E28,-3.697314E28,-3.697314E28,-3.697314E28,-3.697314E28,-3.697314E28,-3.697314E28,0.0000000,3,Missing,-3.697314E28,-3.697314E28,-3.697314E28,Missing,-3.697314E28,-3.697314E28,-3.697314E28,Missing,-3.697314E28,-3.697314E28,-3.697314E28,Port 0x02: JJH T tibia tracker  s/n:3E4C8800,790959082,1780408251.368669938,1,OK,0.6878164,-0.0235028,-0.0422548,-0.7242726,256.797,-30.728,-1799.610,0.1842865,3,OK,256.733,-30.812,-1799.604,OK,168.763,7.847,-1805.365,OK,261.693,58.685,-1807.894,Port 0x03: JJH Y femur tracker  s/n:3E4C8801,790959082,1780408251.368669938,1,OK,0.8424729,0.0306603,0.5213037,-0.1324458,70.428,-87.799,-1712.650,0.4215371,3,OK,70.640,-87.675,-1713.005,OK,66.323,0.504,-1667.936,OK,30.977,-69.798,-1629.616,Passive Strays,790959082,1780408251.368,1,OK,-3.697314E28,-3.697314E28,-3.697314E28,-3.697314E28,-3.697314E28,-3.697314E28,-3.697314E28,0.0000000,0
4,Port 0x01: JJH Probe  s/n:3E4C880C,790959085,1780408251.418669938,1,Too Few Markers,-3.697314E28,-3.697314E28,-3.697314E28,-3.697314E28,-3.697314E28,-3.697314E28,-3.697314E28,0.0000000,3,Missing,-3.697314E28,-3.697314E28,-3.697314E28,Missing,-3.697314E28,-3.697314E28,-3.697314E28,Missing,-3.697314E28,-3.697314E28,-3.697314E28,Port 0x02: JJH T tibia tracker  s/n:3E4C8800,790959085,1780408251.418669938,1,OK,0.6847300,-0.0337853,-0.0530925,-0.7260748,257.337,-30.082,-1802.698,0.1841048,3,OK,257.280,-30.168,-1802.689,OK,169.581,8.950,-1809.644,OK,262.888,59.005,-1813.644,Port 0x03: JJH Y femur tracker  s/n:3E4C8801,790959085,1780408251.418669938,1,OK,0.8540583,0.0347613,0.5018616,-0.1323295,64.735,-87.633,-1717.553,0.4357362,3,OK,64.974,-87.513,-1717.916,OK,58.779,0.639,-1672.972,OK,21.537,-69.643,-1636.372,Passive Strays,790959085,1780408251.418,1,OK,-3.697314E28,-3.697314E28,-3.697314E28,-3.697314E28,-3.697314E28,-3.697314E28,-3.697314E28,0.0000000,0
4,Port 0x01: JJH Probe  s/n:3E4C880C,790959088,1780408251.468669938,1,Too Few Markers,-3.697314E28,-3.697314E28,-3.697314E28,-3.697314E28,-3.697314E28,-3.697314E28,-3.697314E28,0.0000000,3,Missing,-3.697314E28,-3.697314E28,-3.697314E28,Missing,-3.697314E28,-3.697314E28,-3.697314E28,Missing,-3.697314E28,-3.697314E28,-3.697314E28,Port 0x02: JJH T tibia tracker  s/n:3E4C8800,790959088,1780408251.468669938,1,OK,0.6821787,-0.0415247,-0.0622638,-0.7273452,258.091,-29.639,-1805.839,0.1550837,3,OK,258.043,-29.717,-1805.829,OK,170.590,9.727,-1813.873,OK,264.135,59.100,-1818.902,Port 0x03: JJH Y femur tracker  s/n:3E4C8801,790959088,1780408251.468669938,1,OK,0.8651735,0.0385706,0.4822046,-0.1321585,59.651,-87.488,-1723.459,0.4483914,3,OK,59.917,-87.374,-1723.828,OK,51.839,0.778,-1679.135,OK,12.805,-69.472,-1644.305,Passive Strays,790959088,1780408251.468,1,OK,-3.697314E28,-3.697314E28,-3.697314E28,-3.697314E28,-3.697314E28,-3.697314E28,-3.697314E28,0.0000000,0
4,Port 0x01: JJH Probe  s/n:3E4C880C,790959091,1780408251.518669938,1,Too Few Markers,-3.697314E28,-3.697314E28,-3.697314E28,-3.697314E28,-3.697314E28,-3.697314E28,-3.697314E28,0.0000000,3,Missing,-3.697314E28,-3.697314E28,-3.697314E28,Missing,-3.697314E28,-3.697314E28,-3.697314E28,Missing,-3.697314E28,-3.697314E28,-3.697314E28,Port 0x02: JJH T tibia tracker  s/n:3E4C8800,790959091,1780408251.518669938,1,OK,0.6798112,-0.0480239,-0.0712991,-0.7283315,259.633,-29.229,-1810.597,0.1569367,3,OK,259.580,-29.302,-1810.586,OK,172.353,10.366,-1819.786,OK,266.157,59.169,-1825.595,Port 0x03: JJH Y femur tracker  s/n:3E4C8801,790959091,1780408251.518669938,1,OK,0.8736986,0.0420497,0.4663833,-0.1317923,56.853,-87.315,-1730.448,0.4355589,3,OK,57.128,-87.227,-1730.811,OK,47.562,0.915,-1686.280,OK,7.189,-69.328,-1653.046,Passive Strays,790959091,1780408251.518,1,OK,-3.697314E28,-3.697314E28,-3.697314E28,-3.697314E28,-3.697314E28,-3.697314E28,-3.697314E28,0.0000000,0
4,Port 0x01: JJH Probe  s/n:3E4C880C,790959094,1780408251.568669938,1,Too Few Markers,-3.697314E28,-3.697314E28,-3.697314E28,-3.697314E28,-3.697314E28,-3.697314E28,-3.697314E28,0.0000000,3,Missing,-3.697314E28,-3.697314E28,-3.697314E28,Missing,-3.697314E28,-3.697314E28,-3.697314E28,Missing,-3.697314E28,-3.697314E28,-3.697314E28,Port 0x02: JJH T tibia tracker  s/n:3E4C8800,790959094,1780408251.568669938,1,OK,0.6779644,-0.0484479,-0.0782060,-0.7293153,262.445,-28.733,-1816.414,0.1483092,3,OK,262.402,-28.809,-1816.401,OK,175.390,11.066,-1826.824,OK,269.401,59.470,-1832.292,Port 0x03: JJH Y femur tracker  s/n:3E4C8801,790959094,1780408251.568669938,1,OK,0.8789965,0.0442202,0.4561718,-0.1315940,57.080,-86.855,-1738.435,0.4132423,3,OK,57.348,-86.767,-1738.770,OK,46.860,1.356,-1694.419,OK,5.657,-68.882,-1662.223,Passive Strays,790959094,1780408251.568,1,OK,-3.697314E28,-3.697314E28,-3.697314E28,-3.697314E28,-3.697314E28,-3.697314E28,-3.697314E28,0.0000000,0
4,Port 0x01: JJH Probe  s/n:3E4C880C,790959097,1780408251.618669938,1,Too Few Markers,-3.697314E28,-3.697314E28,-3.697314E28,-3.697314E28,-3.697314E28,-3.697314E28,-3.697314E28,0.0000000,3,Missing,-3.697314E28,-3.697314E28,-3.697314E28,Missing,-3.697314E28,-3.697314E28,-3.697314E28,Missing,-3.697314E28,-3.697314E28,-3.697314E28,Port 0x02: JJH T tibia tracker  s/n:3E4C8800,790959097,1780408251.618669938,1,OK,0.6770110,-0.0489974,-0.0819802,-0.7297496,264.391,-28.416,-1818.856,0.1370360,3,OK,264.352,-28.495,-1818.843,OK,177.464,11.475,-1829.910,OK,271.553,59.667,-1835.255,Port 0x03: JJH Y femur tracker  s/n:3E4C8801,790959097,1780408251.618669938,1,OK,0.8872847,0.0476127,0.4396792,-0.1309245,55.064,-86.705,-1745.428,0.4539991,3,OK,55.380,-86.645,-1745.806,OK,43.301,1.467,-1701.683,OK,0.807,-68.770,-1671.125,Passive Strays,790959097,1780408251.618,1,OK,-3.697314E28,-3.697314E28,-3.697314E28,-3.697314E28,-3.697314E28,-3.697314E28,-3.697314E28,0.0000000,0
4,Port 0x01: JJH Probe  s/n:3E4C880C,790959100,1780408251.668669938,1,Too Few Markers,-3.697314E28,-3.697314E28,-3.697314E28,-3.697314E28,-3.697314E28,-3.697314E28,-3.697314E28,0.0000000,3,Missing,-3.697314E28,-3.697314E28,-3.697314E28,Missing,-3.697314E28,-3.697314E28,-3.697314E28,Missing,-3.697314E28,-3.697314E28,-3.697314E28,Port 0x02: JJH T tibia tracker  s/n:3E4C8800,790959100,1780408251.668669938,1,OK,0.6751919,-0.0568285,-0.0872166,-0.7302600,265.061,-28.024,-1820.190,0.1475112,3,OK,265.025,-28.112,-1820.172,OK,178.243,12.015,-1831.630,OK,272.525,59.724,-1838.232,Port 0x03: JJH Y femur tracker  s/n:3E4C8801,790959100,1780408251.668669938,1,OK,0.8990824,0.0521341,0.4147622,-0.1300195,49.882,-86.541,-1751.996,0.4791335,3,OK,50.240,-86.493,-1752.385,OK,35.847,1.627,-1708.874,OK,-8.444,-68.609,-1680.785,Passive Strays,790959100,1780408251.668,1,OK,-3.697314E28,-3.697314E28,-3.697314E28,-3.697314E28,-3.697314E28,-3.697314E28,-3.697314E28,0.0000000,0
4,Port 0x01: JJH Probe  s/n:3E4C880C,790959103,1780408251.718669938,1,Too Few Markers,-3.697314E28,-3.697314E28,-3.697314E28,-3.697314E28,-3.697314E28,-3.697314E28,-3.697314E28,0.0000000,3,Missing,-3.697314E28,-3.697314E28,-3.697314E28,Missing,-3.697314E28,-3.697314E28,-3.697314E28,Missing,-3.697314E28,-3.697314E28,-3.697314E28,Port 0x02: JJH T tibia tracker  s/n:3E4C8800,790959103,1780408251.718669938,1,OK,0.6724262,-0.0671685,-0.0963459,-0.7307864,265.947,-27.746,-1822.831,0.1252875,3,OK,265.914,-27.820,-1822.814,OK,179.339,12.455,-1835.183,OK,273.830,59.407,-1843.293,Port 0x03: JJH Y femur tracker  s/n:3E4C8801,790959103,1780408251.718669938,1,OK,0.9094302,0.0569722,0.3911214,-0.1292866,45.478,-86.177,-1758.595,0.5313309,3,OK,45.910,-86.195,-1759.038,OK,29.386,1.961,-1716.042,OK,-16.479,-68.199,-1690.462,Passive Strays,790959103,1780408251.718,1,OK,-3.697314E28,-3.697314E28,-3.697314E28,-3.697314E28,-3.697314E28,-3.697314E28,-3.697314E28,0.0000000,0
4,Port 0x01: JJH Probe  s/n:3E4C880C,790959106,1780408251.768669938,1,Too Few Markers,-3.697314E28,-3.697314E28,-3.697314E28,-3.697314E28,-3.697314E28,-3.697314E28,-3.697314E28,0.0000000,3,Missing,-3.697314E28,-3.697314E28,-3.697314E28,Missing,-3.697314E28,-3.697314E28,-3.697314E28,Missing,-3.697314E28,-3.697314E28,-3.697314E28,Port 0x02: JJH T tibia tracker  s/n:3E4C8800,790959106,1780408251.768669938,1,OK,0.6697485,-0.0762302,-0.1047120,-0.7312054,266.709,-27.664,-1824.888,0.1235964,3,OK,266.673,-27.739,-1824.869,OK,180.296,12.664,-1838.112,OK,275.001,58.917,-1847.507,Port 0x03: JJH Y femur tracker  s/n:3E4C8801,790959106,1780408251.768669938,1,OK,0.9193724,0.0611740,0.3666826,-0.1286701,41.374,-85.889,-1765.369,0.5237711,3,OK,41.825,-85.926,-1765.790,OK,23.238,2.282,-1723.660,OK,-24.080,-67.805,-1700.635,Passive Strays,790959106,1780408251.768,1,OK,-3.697314E28,-3.697314E28,-3.697314E28,-3.697314E28,-3.697314E28,-3.697314E28,-3.697314E28,0.0000000,0
4,Port 0x01: JJH Probe  s/n:3E4C880C,790959109,1780408251.818669938,1,Too Few Markers,-3.697314E28,-3.697314E28,-3.697314E28,-3.697314E28,-3.697314E28,-3.697314E28,-3.697314E28,0.0000000,3,Missing,-3.697314E28,-3.697314E28,-3.697314E28,Missing,-3.697314E28,-3.697314E28,-3.697314E28,Missing,-3.697314E28,-3.697314E28,-3.697314E28,Port 0x02: JJH T tibia tracker  s/n:3E4C8800,790959109,1780408251.818669938,1,OK,0.6685251,-0.0794086,-0.1072688,-0.7316159,267.139,-27.694,-1825.178,0.1247676,3,OK,267.101,-27.762,-1825.161,OK,180.814,12.747,-1838.650,OK,275.642,58.676,-1848.504,Port 0x03: JJH Y femur tracker  s/n:3E4C8801,790959109,1780408251.818669938,1,OK,0.9286781,0.0656089,0.3420007,-0.1276242,37.721,-85.670,-1772.296,0.4794505,3,OK,38.157,-85.722,-1772.666,OK,17.547,2.511,-1731.475,OK,-31.025,-67.561,-1711.165,Passive Strays,790959109,1780408251.818,1,OK,-3.697314E28,-3.697314E28,-3.697314E28,-3.697314E28,-3.697314E28,-3.697314E28,-3.697314E28,0.0000000,0
4,Port 0x01: JJH Probe  s/n:3E4C880C,790959112,1780408251.868669938,1,Too Few Markers,-3.697314E28,-3.697314E28,-3.697314E28,-3.697314E28,-3.697314E28,-3.697314E28,-3.697314E28,0.0000000,3,Missing,-3.697314E28,-3.697314E28,-3.697314E28,Missing,-3.697314E28,-3.697314E28,-3.697314E28,Missing,-3.697314E28,-3.697314E28,-3.697314E28,Port 0x02: JJH T tibia tracker  s/n:3E4C8800,790959112,1780408251.868669938,1,OK,0.6677478,-0.0821151,-0.1095955,-0.7316822,267.405,-27.829,-1825.212,0.1005062,3,OK,267.382,-27.889,-1825.196,OK,181.140,12.656,-1838.919,OK,275.992,58.336,-1849.153,Port 0x03: JJH Y femur tracker  s/n:3E4C8801,790959112,1780408251.868669938,1,OK,0.9374331,0.0695572,0.3170341,-0.1259781,34.244,-85.679,-1779.440,0.4945809,3,OK,34.713,-85.732,-1779.797,OK,11.969,2.471,-1739.674,OK,-37.678,-67.570,-1722.051,Passive Strays,790959112,1780408251.868,1,OK,-3.697314E28,-3.697314E28,-3.697314E28,-3.697314E28,-3.697314E28,-3.697314E28,-3.697314E28,0.0000000,0
4,Port 0x01: JJH Probe  s/n:3E4C880C,790959115,1780408251.918669938,1,Too Few Markers,-3.697314E28,-3.697314E28,-3.697314E28,-3.697314E28,-3.697314E28,-3.697314E28,-3.697314E28,0.0000000,3,Missing,-3.697314E28,-3.697314E28,-3.697314E28,Missing,-3.697314E28,-3.697314E28,-3.697314E28,Missing,-3.697314E28,-3.697314E28,-3.697314E28,Port 0x02: JJH T tibia tracker  s/n:3E4C8800,790959115,1780408251.918669938,1,OK,0.6664573,-0.0876933,-0.1135081,-0.7316150,267.749,-27.865,-1826.015,0.1066956,3,OK,267.725,-27.930,-1825.996,OK,181.538,12.637,-1840.034,OK,276.479,57.956,-1851.133,Port 0x03: JJH Y femur tracker  s/n:3E4C8801,790959115,1780408251.918669938,1,OK,0.9458536,0.0742040,0.2903822,-0.1246306,30.983,-85.349,-1787.534,0.5382599,3,OK,31.521,-85.464,-1787.912,OK,6.640,2.825,-1748.915,OK,-44.065,-67.165,-1734.256,Passive Strays,790959115,1780408251.918,1,OK,-3.697314E28,-3.697314E28,-3.697314E28,-3.697314E28,-3.697314E28,-3.697314E28,-3.697314E28,0.0000000,0
4,Port 0x01: JJH Probe  s/n:3E4C880C,790959118,1780408251.968669938,1,Too Few Markers,-3.697314E28,-3.697314E28,-3.697314E28,-3.697314E28,-3.697314E28,-3.697314E28,-3.697314E28,0.0000000,3,Missing,-3.697314E28,-3.697314E28,-3.697314E28,Missing,-3.697314E28,-3.697314E28,-3.697314E28,Missing,-3.697314E28,-3.697314E28,-3.697314E28,Port 0x02: JJH T tibia tracker  s/n:3E4C8800,790959118,1780408251.968669938,1,OK,0.6651866,-0.0934697,-0.1172544,-0.7314653,267.883,-27.969,-1826.959,0.0983227,3,OK,267.857,-28.025,-1826.942,OK,181.729,12.544,-1841.248,OK,276.725,57.478,-1853.254,Port 0x03: JJH Y femur tracker  s/n:3E4C8801,790959118,1780408251.968669938,1,OK,0.9541072,0.0778261,0.2616818,-0.1230656,27.949,-85.045,-1796.020,0.5201021,3,OK,28.490,-85.165,-1796.355,OK,1.439,3.189,-1758.983,OK,-50.121,-66.727,-1747.381,Passive Strays,790959118,1780408251.968,1,OK,-3.697314E28,-3.697314E28,-3.697314E28,-3.697314E28,-3.697314E28,-3.697314E28,-3.697314E28,0.0000000,0
4,Port 0x01: JJH Probe  s/n:3E4C880C,790959121,1780408252.018669938,1,Too Few Markers,-3.697314E28,-3.697314E28,-3.697314E28,-3.697314E28,-3.697314E28,-3.697314E28,-3.697314E28,0.0000000,3,Missing,-3.697314E28,-3.697314E28,-3.697314E28,Missing,-3.697314E28,-3.697314E28,-3.697314E28,Missing,-3.697314E28,-3.697314E28,-3.697314E28,Port 0x02: JJH T tibia tracker  s/n:3E4C8800,790959121,1780408252.018669938,1,OK,0.6641870,-0.0972356,-0.1205766,-0.7313427,267.993,-28.163,-1827.468,0.0849408,3,OK,267.976,-28.216,-1827.451,OK,181.896,12.350,-1842.093,OK,276.929,56.988,-1854.627,Port 0x03: JJH Y femur tracker  s/n:3E4C8801,790959121,1780408252.018669938,1,OK,0.9617484,0.0819990,0.2313730,-0.1215839,25.469,-84.776,-1805.126,0.5039234,3,OK,26.014,-84.928,-1805.427,OK,-3.150,3.542,-1769.804,OK,-55.438,-66.283,-1761.520,Passive Strays,790959121,1780408252.018,1,OK,-3.697314E28,-3.697314E28,-3.697314E28,-3.697314E28,-3.697314E28,-3.697314E28,-3.697314E28,0.0000000,0
4,Port 0x01: JJH Probe  s/n:3E4C880C,790959124,1780408252.068669938,1,Too Few Markers,-3.697314E28,-3.697314E28,-3.697314E28,-3.697314E28,-3.697314E28,-3.697314E28,-3.697314E28,0.0000000,3,Missing,-3.697314E28,-3.697314E28,-3.697314E28,Missing,-3.697314E28,-3.697314E28,-3.697314E28,Missing,-3.697314E28,-3.697314E28,-3.697314E28,Port 0x02: JJH T tibia tracker  s/n:3E4C8800,790959124,1780408252.068669938,1,OK,0.6636271,-0.0998291,-0.1220381,-0.7312592,267.969,-28.369,-1827.224,0.0814464,3,OK,267.963,-28.431,-1827.204,OK,181.889,12.161,-1841.934,OK,276.936,56.614,-1854.884,Port 0x03: JJH Y femur tracker  s/n:3E4C8801,790959124,1780408252.068669938,1,OK,0.9685005,0.0857038,0.2004926,-0.1202678,23.606,-84.323,-1814.180,0.4642663,3,OK,24.125,-84.461,-1814.423,OK,-6.956,4.108,-1780.824,OK,-59.830,-65.604,-1775.841,Passive Strays,790959124,1780408252.068,1,OK,-3.697314E28,-3.697314E28,-3.697314E28,-3.697314E28,-3.697314E28,-3.697314E28,-3.697314E28,0.0000000,0
4,Port 0x01: JJH Probe  s/n:3E4C880C,790959127,1780408252.118669938,1,Too Few Markers,-3.697314E28,-3.697314E28,-3.697314E28,-3.697314E28,-3.697314E28,-3.697314E28,-3.697314E28,0.0000000,3,Missing,-3.697314E28,-3.697314E28,-3.697314E28,Missing,-3.697314E28,-3.697314E28,-3.697314E28,Missing,-3.697314E28,-3.697314E28,-3.697314E28,Port 0x02: JJH T tibia tracker  s/n:3E4C8800,790959127,1780408252.118669938,1,OK,0.6633013,-0.1020862,-0.1216841,-0.7313021,267.963,-28.668,-1827.030,0.0883509,3,OK,267.945,-28.705,-1827.018,OK,181.861,11.905,-1841.520,OK,276.951,56.229,-1854.936,Port 0x03: JJH Y femur tracker  s/n:3E4C8801,790959127,1780408252.118669938,1,OK,0.9740271,0.0895835,0.1704897,-0.1190769,22.395,-83.870,-1823.176,0.4469649,3,OK,22.907,-84.014,-1823.381,OK,-9.891,4.675,-1791.764,OK,-63.158,-64.890,-1790.046,Passive Strays,790959127,1780408252.118,1,OK,-3.697314E28,-3.697314E28,-3.697314E28,-3.697314E28,-3.697314E28,-3.697314E28,-3.697314E28,0.0000000,0
4,Port 0x01: JJH Probe  s/n:3E4C880C,790959130,1780408252.168669938,1,Too Few Markers,-3.697314E28,-3.697314E28,-3.697314E28,-3.697314E28,-3.697314E28,-3.697314E28,-3.697314E28,0.0000000,3,Missing,-3.697314E28,-3.697314E28,-3.697314E28,Missing,-3.697314E28,-3.697314E28,-3.697314E28,Missing,-3.697314E28,-3.697314E28,-3.697314E28,Port 0x02: JJH T tibia tracker  s/n:3E4C8800,790959130,1780408252.168669938,1,OK,0.6625858,-0.1049952,-0.1235545,-0.7312252,268.102,-29.014,-1826.819,0.1139509,3,OK,268.067,-29.088,-1826.794,OK,182.040,11.563,-1841.442,OK,277.158,55.723,-1855.327,Port 0x03: JJH Y femur tracker  s/n:3E4C8801,790959130,1780408252.168669938,1,OK,0.9787774,0.0925152,0.1399900,-0.1176371,21.934,-83.620,-1831.792,0.4022098,3,OK,22.404,-83.737,-1831.944,OK,-11.997,5.050,-1802.609,OK,-65.414,-64.378,-1804.077,Passive Strays,790959130,1780408252.168,1,OK,-3.697314E28,-3.697314E28,-3.697314E28,-3.697314E28,-3.697314E28,-3.697314E28,-3.697314E28,0.0000000,0
4,Port 0x01: JJH Probe  s/n:3E4C880C,790959133,1780408252.218669938,1,Too Few Markers,-3.697314E28,-3.697314E28,-3.697314E28,-3.697314E28,-3.697314E28,-3.697314E28,-3.697314E28,0.0000000,3,Missing,-3.697314E28,-3.697314E28,-3.697314E28,Missing,-3.697314E28,-3.697314E28,-3.697314E28,Missing,-3.697314E28,-3.697314E28,-3.697314E28,Port 0x02: JJH T tibia tracker  s/n:3E4C8800,790959133,1780408252.218669938,1,OK,0.6620689,-0.1071226,-0.1253359,-0.7310817,268.012,-29.340,-1826.484,0.1227838,3,OK,267.981,-29.441,-1826.450,OK,181.976,11.227,-1841.280,OK,277.098,55.248,-1855.476,Port 0x03: JJH Y femur tracker  s/n:3E4C8801,790959133,1780408252.218669938,1,OK,0.9820393,0.0969106,0.1121482,-0.1167472,21.783,-83.179,-1840.364,0.4005213,3,OK,22.261,-83.338,-1840.499,OK,-13.425,5.619,-1812.975,OK,-66.900,-63.640,-1817.606,Passive Strays,790959133,1780408252.218,1,OK,-3.697314E28,-3.697314E28,-3.697314E28,-3.697314E28,-3.697314E28,-3.697314E28,-3.697314E28,0.0000000,0
4,Port 0x01: JJH Probe  s/n:3E4C880C,790959136,1780408252.268669938,1,Too Few Markers,-3.697314E28,-3.697314E28,-3.697314E28,-3.697314E28,-3.697314E28,-3.697314E28,-3.697314E28,0.0000000,3,Missing,-3.697314E28,-3.697314E28,-3.697314E28,Missing,-3.697314E28,-3.697314E28,-3.697314E28,Missing,-3.697314E28,-3.697314E28,-3.697314E28,Port 0x02: JJH T tibia tracker  s/n:3E4C8800,790959136,1780408252.268669938,1,OK,0.6620552,-0.1071366,-0.1244062,-0.7312508,267.909,-29.593,-1826.244,0.0810518,3,OK,267.892,-29.639,-1826.228,OK,181.870,11.037,-1840.881,OK,276.990,54.972,-1855.109,Port 0x03: JJH Y femur tracker  s/n:3E4C8801,790959136,1780408252.268669938,1,OK,0.9846508,0.1005335,0.0838813,-0.1154111,22.223,-82.735,-1848.247,0.3724372,3,OK,22.673,-82.898,-1848.350,OK,-14.225,6.180,-1822.878,OK,-67.521,-62.941,-1830.598,Passive Strays,790959136,1780408252.268,1,OK,-3.697314E28,-3.697314E28,-3.697314E28,-3.697314E28,-3.697314E28,-3.697314E28,-3.697314E28,0.0000000,0
4,Port 0x01: JJH Probe  s/n:3E4C880C,790959139,1780408252.318669938,1,Too Few Markers,-3.697314E28,-3.697314E28,-3.697314E28,-3.697314E28,-3.697314E28,-3.697314E28,-3.697314E28,0.0000000,3,Missing,-3.697314E28,-3.697314E28,-3.697314E28,Missing,-3.697314E28,-3.697314E28,-3.697314E28,Missing,-3.697314E28,-3.697314E28,-3.697314E28,Port 0x02: JJH T tibia tracker  s/n:3E4C8800,790959139,1780408252.318669938,1,OK,0.6621036,-0.1076187,-0.1244375,-0.7311309,267.852,-29.826,-1825.866,0.0802248,3,OK,267.839,-29.880,-1825.848,OK,181.799,10.789,-1840.474,OK,276.896,54.721,-1854.799,Port 0x03: JJH Y femur tracker  s/n:3E4C8801,790959139,1780408252.318669938,1,OK,0.9863977,0.1035174,0.0566960,-0.1144082,23.252,-82.258,-1855.925,0.3574457,3,OK,23.688,-82.419,-1856.001,OK,-14.207,6.804,-1832.630,OK,-67.233,-62.137,-1843.224,Passive Strays,790959139,1780408252.318,1,OK,-3.697314E28,-3.697314E28,-3.697314E28,-3.697314E28,-3.697314E28,-3.697314E28,-3.697314E28,0.0000000,0
4,Port 0x01: JJH Probe  s/n:3E4C880C,790959142,1780408252.368669938,1,Too Few Markers,-3.697314E28,-3.697314E28,-3.697314E28,-3.697314E28,-3.697314E28,-3.697314E28,-3.697314E28,0.0000000,3,Missing,-3.697314E28,-3.697314E28,-3.697314E28,Missing,-3.697314E28,-3.697314E28,-3.697314E28,Missing,-3.697314E28,-3.697314E28,-3.697314E28,Port 0x02: JJH T tibia tracker  s/n:3E4C8800,790959142,1780408252.368669938,1,OK,0.6625232,-0.1074609,-0.1238237,-0.7308782,267.490,-30.113,-1825.209,0.0796337,3,OK,267.472,-30.167,-1825.191,OK,181.398,10.443,-1839.706,OK,276.439,54.476,-1854.053,Port 0x03: JJH Y femur tracker  s/n:3E4C8801,790959142,1780408252.368669938,1,OK,0.9873997,0.1062604,0.0316613,-0.1129077,24.390,-82.019,-1863.605,0.3597281,3,OK,24.830,-82.197,-1863.663,OK,-14.009,7.144,-1842.253,OK,-66.557,-61.673,-1855.487,Passive Strays,790959142,1780408252.368,1,OK,-3.697314E28,-3.697314E28,-3.697314E28,-3.697314E28,-3.697314E28,-3.697314E28,-3.697314E28,0.0000000,0
4,Port 0x01: JJH Probe  s/n:3E4C880C,790959145,1780408252.418669938,1,Too Few Markers,-3.697314E28,-3.697314E28,-3.697314E28,-3.697314E28,-3.697314E28,-3.697314E28,-3.697314E28,0.0000000,3,Missing,-3.697314E28,-3.697314E28,-3.697314E28,Missing,-3.697314E28,-3.697314E28,-3.697314E28,Missing,-3.697314E28,-3.697314E28,-3.697314E28,Port 0x02: JJH T tibia tracker  s/n:3E4C8800,790959145,1780408252.418669938,1,OK,0.6627921,-0.1076643,-0.1234663,-0.7306648,267.358,-30.293,-1824.753,0.0804845,3,OK,267.345,-30.344,-1824.735,OK,181.223,10.220,-1839.163,OK,276.239,54.306,-1853.581,Port 0x03: JJH Y femur tracker  s/n:3E4C8801,790959145,1780408252.418669938,1,OK,0.9876445,0.1097234,0.0061233,-0.1117213,26.103,-81.589,-1870.623,0.3552360,3,OK,26.538,-81.780,-1870.660,OK,-13.068,7.685,-1851.169,OK,-65.056,-60.949,-1867.171,Passive Strays,790959145,1780408252.418,1,OK,-3.697314E28,-3.697314E28,-3.697314E28,-3.697314E28,-3.697314E28,-3.697314E28,-3.697314E28,0.0000000,0
4,Port 0x01: JJH Probe  s/n:3E4C880C,790959148,1780408252.468669938,1,Too Few Markers,-3.697314E28,-3.697314E28,-3.697314E28,-3.697314E28,-3.697314E28,-3.697314E28,-3.697314E28,0.0000000,3,Missing,-3.697314E28,-3.697314E28,-3.697314E28,Missing,-3.697314E28,-3.697314E28,-3.697314E28,Missing,-3.697314E28,-3.697314E28,-3.697314E28,Port 0x02: JJH T tibia tracker  s/n:3E4C8800,790959148,1780408252.468669938,1,OK,0.6630557,-0.1075549,-0.1228361,-0.7305480,267.099,-30.531,-1824.110,0.0879536,3,OK,267.081,-30.587,-1824.092,OK,180.933,9.956,-1838.409,OK,275.927,54.112,-1852.856,Port 0x03: JJH Y femur tracker  s/n:3E4C8801,790959148,1780408252.468669938,1,OK,0.9873294,0.1128192,-0.0181028,-0.1101130,28.056,-81.307,-1877.474,0.3494553,3,OK,28.484,-81.506,-1877.493,OK,-11.820,8.057,-1859.879,OK,-63.110,-60.473,-1878.466,Passive Strays,790959148,1780408252.468,1,OK,-3.697314E28,-3.697314E28,-3.697314E28,-3.697314E28,-3.697314E28,-3.697314E28,-3.697314E28,0.0000000,0
4,Port 0x01: JJH Probe  s/n:3E4C880C,790959151,1780408252.518669938,1,Too Few Markers,-3.697314E28,-3.697314E28,-3.697314E28,-3.697314E28,-3.697314E28,-3.697314E28,-3.697314E28,0.0000000,3,Missing,-3.697314E28,-3.697314E28,-3.697314E28,Missing,-3.697314E28,-3.697314E28,-3.697314E28,Missing,-3.697314E28,-3.697314E28,-3.697314E28,Port 0x02: JJH T tibia tracker  s/n:3E4C8800,790959151,1780408252.518669938,1,OK,0.6633091,-0.1072600,-0.1213765,-0.7306053,266.731,-30.600,-1823.387,0.0941997,3,OK,266.708,-30.660,-1823.367,OK,180.542,9.916,-1837.445,OK,275.515,54.126,-1851.930,Port 0x03: JJH Y femur tracker  s/n:3E4C8801,790959151,1780408252.518669938,1,OK,0.9864695,0.1160020,-0.0398589,-0.1087783,30.067,-80.873,-1883.868,0.3535068,3,OK,30.492,-81.104,-1883.875,OK,-10.369,8.572,-1867.892,OK,-60.886,-59.804,-1888.825,Passive Strays,790959151,1780408252.518,1,OK,-3.697314E28,-3.697314E28,-3.697314E28,-3.697314E28,-3.697314E28,-3.697314E28,-3.697314E28,0.0000000,0
4,Port 0x01: JJH Probe  s/n:3E4C880C,790959154,1780408252.568669938,1,Too Few Markers,-3.697314E28,-3.697314E28,-3.697314E28,-3.697314E28,-3.697314E28,-3.697314E28,-3.697314E28,0.0000000,3,Missing,-3.697314E28,-3.697314E28,-3.697314E28,Missing,-3.697314E28,-3.697314E28,-3.697314E28,Missing,-3.697314E28,-3.697314E28,-3.697314E28,Port 0x02: JJH T tibia tracker  s/n:3E4C8800,790959154,1780408252.568669938,1,OK,0.6634622,-0.1074568,-0.1211007,-0.7304831,266.349,-30.730,-1822.539,0.1260322,3,OK,266.315,-30.818,-1822.509,OK,180.133,9.752,-1836.526,OK,275.108,54.042,-1851.089,Port 0x03: JJH Y femur tracker  s/n:3E4C8801,790959154,1780408252.568669938,1,OK,0.9852155,0.1185105,-0.0612121,-0.1075113,32.182,-80.538,-1889.493,0.3620179,3,OK,32.618,-80.779,-1889.482,OK,-8.675,9.019,-1875.220,OK,-58.433,-59.243,-1898.354,Passive Strays,790959154,1780408252.568,1,OK,-3.697314E28,-3.697314E28,-3.697314E28,-3.697314E28,-3.697314E28,-3.697314E28,-3.697314E28,0.0000000,0
4,Port 0x01: JJH Probe  s/n:3E4C880C,790959157,1780408252.618669938,1,Too Few Markers,-3.697314E28,-3.697314E28,-3.697314E28,-3.697314E28,-3.697314E28,-3.697314E28,-3.697314E28,0.0000000,3,Missing,-3.697314E28,-3.697314E28,-3.697314E28,Missing,-3.697314E28,-3.697314E28,-3.697314E28,Missing,-3.697314E28,-3.697314E28,-3.697314E28,Port 0x02: JJH T tibia tracker  s/n:3E4C8800,790959157,1780408252.618669938,1,OK,0.6638221,-0.1057508,-0.1192923,-0.7307027,266.244,-30.970,-1821.958,0.0827731,3,OK,266.229,-31.009,-1821.945,OK,180.016,9.573,-1835.750,OK,274.963,53.886,-1850.060,Port 0x03: JJH Y femur tracker  s/n:3E4C8801,790959157,1780408252.618669938,1,OK,0.9839103,0.1205726,-0.0780900,-0.1062293,34.436,-80.399,-1894.318,0.3588395,3,OK,34.860,-80.651,-1894.297,OK,-6.771,9.209,-1881.398,OK,-55.763,-58.948,-1906.248,Passive Strays,790959157,1780408252.618,1,OK,-3.697314E28,-3.697314E28,-3.697314E28,-3.697314E28,-3.697314E28,-3.697314E28,-3.697314E28,0.0000000,0
4,Port 0x01: JJH Probe  s/n:3E4C880C,790959160,1780408252.668669938,1,Too Few Markers,-3.697314E28,-3.697314E28,-3.697314E28,-3.697314E28,-3.697314E28,-3.697314E28,-3.697314E28,0.0000000,3,Missing,-3.697314E28,-3.697314E28,-3.697314E28,Missing,-3.697314E28,-3.697314E28,-3.697314E28,Missing,-3.697314E28,-3.697314E28,-3.697314E28,Port 0x02: JJH T tibia tracker  s/n:3E4C8800,790959160,1780408252.668669938,1,OK,0.6638173,-0.1056490,-0.1173990,-0.7310282,266.123,-30.912,-1821.233,0.0926120,3,OK,266.099,-30.955,-1821.219,OK,179.896,9.734,-1834.703,OK,274.857,54.032,-1849.106,Port 0x03: JJH Y femur tracker  s/n:3E4C8801,790959160,1780408252.668669938,1,OK,0.9822664,0.1221958,-0.0954650,-0.1053913,36.606,-79.877,-1898.465,0.3695100,3,OK,37.044,-80.127,-1898.425,OK,-4.792,9.828,-1887.016,OK,-53.078,-58.181,-1913.549,Passive Strays,790959160,1780408252.668,1,OK,-3.697314E28,-3.697314E28,-3.697314E28,-3.697314E28,-3.697314E28,-3.697314E28,-3.697314E28,0.0000000,0
4,Port 0x01: JJH Probe  s/n:3E4C880C,790959163,1780408252.718669938,1,Too Few Markers,-3.697314E28,-3.697314E28,-3.697314E28,-3.697314E28,-3.697314E28,-3.697314E28,-3.697314E28,0.0000000,3,Missing,-3.697314E28,-3.697314E28,-3.697314E28,Missing,-3.697314E28,-3.697314E28,-3.697314E28,Missing,-3.697314E28,-3.697314E28,-3.697314E28,Port 0x02: JJH T tibia tracker  s/n:3E4C8800,790959163,1780408252.718669938,1,OK,0.6637442,-0.1045908,-0.1165319,-0.7313855,266.042,-31.050,-1820.390,0.1011623,3,OK,266.014,-31.104,-1820.373,OK,179.843,9.674,-1833.790,OK,274.837,53.977,-1848.030,Port 0x03: JJH Y femur tracker  s/n:3E4C8801,790959163,1780408252.718669938,1,OK,0.9806163,0.1240434,-0.1102317,-0.1041821,38.761,-79.757,-1902.376,0.3861334,3,OK,39.216,-80.027,-1902.322,OK,-2.863,10.002,-1892.110,OK,-50.409,-57.932,-1920.128,Passive Strays,790959163,1780408252.718,1,OK,-3.697314E28,-3.697314E28,-3.697314E28,-3.697314E28,-3.697314E28,-3.697314E28,-3.697314E28,0.0000000,0
4,Port 0x01: JJH Probe  s/n:3E4C880C,790959166,1780408252.768669938,1,Too Few Markers,-3.697314E28,-3.697314E28,-3.697314E28,-3.697314E28,-3.697314E28,-3.697314E28,-3.697314E28,0.0000000,3,Missing,-3.697314E28,-3.697314E28,-3.697314E28,Missing,-3.697314E28,-3.697314E28,-3.697314E28,Missing,-3.697314E28,-3.697314E28,-3.697314E28,Port 0x02: JJH T tibia tracker  s/n:3E4C8800,790959166,1780408252.768669938,1,OK,0.6638421,-0.1037080,-0.1150719,-0.7316535,265.744,-31.159,-1819.573,0.1116574,3,OK,265.703,-31.223,-1819.553,OK,179.561,9.631,-1832.780,OK,274.552,53.977,-1846.935,Port 0x03: JJH Y femur tracker  s/n:3E4C8801,790959166,1780408252.768669938,1,OK,0.9788036,0.1255780,-0.1243844,-0.1034513,40.736,-79.482,-1905.986,0.3856354,3,OK,41.187,-79.753,-1905.920,OK,-0.974,10.368,-1896.881,OK,-47.845,-57.467,-1926.279,Passive Strays,790959166,1780408252.768,1,OK,-3.697314E28,-3.697314E28,-3.697314E28,-3.697314E28,-3.697314E28,-3.697314E28,-3.697314E28,0.0000000,0
4,Port 0x01: JJH Probe  s/n:3E4C880C,790959169,1780408252.818669938,1,Too Few Markers,-3.697314E28,-3.697314E28,-3.697314E28,-3.697314E28,-3.697314E28,-3.697314E28,-3.697314E28,0.0000000,3,Missing,-3.697314E28,-3.697314E28,-3.697314E28,Missing,-3.697314E28,-3.697314E28,-3.697314E28,Missing,-3.697314E28,-3.697314E28,-3.697314E28,Port 0x02: JJH T tibia tracker  s/n:3E4C8800,790959169,1780408252.818669938,1,OK,0.6637040,-0.1026374,-0.1131960,-0.7322221,265.742,-31.363,-1818.911,0.0919936,3,OK,265.715,-31.409,-1818.896,OK,179.589,9.586,-1831.879,OK,274.613,53.851,-1845.907,Port 0x03: JJH Y femur tracker  s/n:3E4C8801,790959169,1780408252.818669938,1,OK,0.9771977,0.1269236,-0.1360099,-0.1023539,42.783,-79.378,-1909.106,0.3995736,3,OK,43.239,-79.674,-1909.033,OK,0.905,10.495,-1900.971,OK,-45.249,-57.259,-1931.470,Passive Strays,790959169,1780408252.818,1,OK,-3.697314E28,-3.697314E28,-3.697314E28,-3.697314E28,-3.697314E28,-3.697314E28,-3.697314E28,0.0000000,0
4,Port 0x01: JJH Probe  s/n:3E4C880C,790959172,1780408252.868669938,1,Too Few Markers,-3.697314E28,-3.697314E28,-3.697314E28,-3.697314E28,-3.697314E28,-3.697314E28,-3.697314E28,0.0000000,3,Missing,-3.697314E28,-3.697314E28,-3.697314E28,Missing,-3.697314E28,-3.697314E28,-3.697314E28,Missing,-3.697314E28,-3.697314E28,-3.697314E28,Port 0x02: JJH T tibia tracker  s/n:3E4C8800,790959172,1780408252.868669938,1,OK,0.6633607,-0.1024504,-0.1124401,-0.7326757,265.618,-31.501,-1818.184,0.1124261,3,OK,265.587,-31.559,-1818.166,OK,179.494,9.562,-1831.045,OK,274.596,53.761,-1845.074,Port 0x03: JJH Y femur tracker  s/n:3E4C8801,790959172,1780408252.868669938,1,OK,0.9752754,0.1285760,-0.1483230,-0.1015205,44.685,-79.183,-1912.048,0.3933270,3,OK,45.137,-79.473,-1911.964,OK,2.761,10.757,-1904.871,OK,-42.739,-56.933,-1936.606,Passive Strays,790959172,1780408252.868,1,OK,-3.697314E28,-3.697314E28,-3.697314E28,-3.697314E28,-3.697314E28,-3.697314E28,-3.697314E28,0.0000000,0
4,Port 0x01: JJH Probe  s/n:3E4C880C,790959175,1780408252.918669938,1,Too Few Markers,-3.697314E28,-3.697314E28,-3.697314E28,-3.697314E28,-3.697314E28,-3.697314E28,-3.697314E28,0.0000000,3,Missing,-3.697314E28,-3.697314E28,-3.697314E28,Missing,-3.697314E28,-3.697314E28,-3.697314E28,Missing,-3.697314E28,-3.697314E28,-3.697314E28,Port 0x02: JJH T tibia tracker  s/n:3E4C8800,790959175,1780408252.918669938,1,OK,0.6630844,-0.1015029,-0.1106897,-0.7333240,265.571,-31.756,-1817.696,0.1060175,3,OK,265.544,-31.810,-1817.679,OK,179.496,9.484,-1830.334,OK,274.643,53.591,-1844.257,Port 0x03: JJH Y femur tracker  s/n:3E4C8801,790959175,1780408252.918669938,1,OK,0.9735608,0.1295898,-0.1590214,-0.1004887,46.432,-79.119,-1914.577,0.4020475,3,OK,46.890,-79.415,-1914.480,OK,4.423,10.846,-1908.327,OK,-40.416,-56.789,-1941.036,Passive Strays,790959175,1780408252.918,1,OK,-3.697314E28,-3.697314E28,-3.697314E28,-3.697314E28,-3.697314E28,-3.697314E28,-3.697314E28,0.0000000,0
4,Port 0x01: JJH Probe  s/n:3E4C880C,790959178,1780408252.968669938,1,Too Few Markers,-3.697314E28,-3.697314E28,-3.697314E28,-3.697314E28,-3.697314E28,-3.697314E28,-3.697314E28,0.0000000,3,Missing,-3.697314E28,-3.697314E28,-3.697314E28,Missing,-3.697314E28,-3.697314E28,-3.697314E28,Missing,-3.697314E28,-3.697314E28,-3.697314E28,Port 0x02: JJH T tibia tracker  s/n:3E4C8800,790959178,1780408252.968669938,1,OK,0.6623040,-0.1015447,-0.1101194,-0.7341088,265.519,-32.054,-1817.185,0.1148090,3,OK,265.484,-32.118,-1817.165,OK,179.538,9.389,-1829.746,OK,274.780,53.306,-1843.686,Port 0x03: JJH Y femur tracker  s/n:3E4C8801,790959178,1780408252.968669938,1,OK,0.9718084,0.1304683,-0.1689754,-0.1000690,47.940,-78.973,-1916.694,0.4050673,3,OK,48.404,-79.260,-1916.582,OK,5.990,11.064,-1911.287,OK,-38.335,-56.489,-1944.912,Passive Strays,790959178,1780408252.968,1,OK,-3.697314E28,-3.697314E28,-3.697314E28,-3.697314E28,-3.697314E28,-3.697314E28,-3.697314E28,0.0000000,0
4,Port 0x01: JJH Probe  s/n:3E4C880C,790959181,1780408253.018669938,1,Too Few Markers,-3.697314E28,-3.697314E28,-3.697314E28,-3.697314E28,-3.697314E28,-3.697314E28,-3.697314E28,0.0000000,3,Missing,-3.697314E28,-3.697314E28,-3.697314E28,Missing,-3.697314E28,-3.697314E28,-3.697314E28,Missing,-3.697314E28,-3.697314E28,-3.697314E28,Port 0x02: JJH T tibia tracker  s/n:3E4C8800,790959181,1780408253.018669938,1,OK,0.6613335,-0.0993459,-0.1075749,-0.7356603,266.121,-32.342,-1816.476,0.0890939,3,OK,266.099,-32.366,-1816.468,OK,180.285,9.494,-1828.789,OK,275.683,53.118,-1842.379,Port 0x03: JJH Y femur tracker  s/n:3E4C8801,790959181,1780408253.018669938,1,OK,0.9709683,0.1318214,-0.1715125,-0.1021133,49.037,-78.183,-1917.250,0.4089724,3,OK,49.501,-78.486,-1917.140,OK,7.444,12.034,-1911.776,OK,-36.993,-55.238,-1945.824,Passive Strays,790959181,1780408253.018,1,OK,-3.697314E28,-3.697314E28,-3.697314E28,-3.697314E28,-3.697314E28,-3.697314E28,-3.697314E28,0.0000000,0
4,Port 0x01: JJH Probe  s/n:3E4C880C,790959184,1780408253.068669938,1,Too Few Markers,-3.697314E28,-3.697314E28,-3.697314E28,-3.697314E28,-3.697314E28,-3.697314E28,-3.697314E28,0.0000000,3,Missing,-3.697314E28,-3.697314E28,-3.697314E28,Missing,-3.697314E28,-3.697314E28,-3.697314E28,Missing,-3.697314E28,-3.697314E28,-3.697314E28,Port 0x02: JJH T tibia tracker  s/n:3E4C8800,790959184,1780408253.068669938,1,OK,0.6598073,-0.1010489,-0.1082795,-0.7366947,266.571,-32.723,-1816.963,0.0821168,3,OK,266.554,-32.753,-1816.954,OK,180.889,9.407,-1829.331,OK,276.424,52.609,-1843.164,Port 0x03: JJH Y femur tracker  s/n:3E4C8801,790959184,1780408253.068669938,1,OK,0.9715162,0.1310975,-0.1701048,-0.1001703,48.535,-78.921,-1916.792,0.4222780,3,OK,49.021,-79.216,-1916.673,OK,6.605,11.131,-1911.383,OK,-37.690,-56.375,-1945.202,Passive Strays,790959184,1780408253.068,1,OK,-3.697314E28,-3.697314E28,-3.697314E28,-3.697314E28,-3.697314E28,-3.697314E28,-3.697314E28,0.0000000,0
4,Port 0x01: JJH Probe  s/n:3E4C880C,790959187,1780408253.118669938,1,Too Few Markers,-3.697314E28,-3.697314E28,-3.697314E28,-3.697314E28,-3.697314E28,-3.697314E28,-3.697314E28,0.0000000,3,Missing,-3.697314E28,-3.697314E28,-3.697314E28,Missing,-3.697314E28,-3.697314E28,-3.697314E28,Missing,-3.697314E28,-3.697314E28,-3.697314E28,Port 0x02: JJH T tibia tracker  s/n:3E4C8800,790959187,1780408253.118669938,1,OK,0.6578519,-0.1043168,-0.1106398,-0.7376366,267.076,-33.127,-1818.067,0.0896958,3,OK,267.054,-33.159,-1818.057,OK,181.561,9.272,-1830.678,OK,277.278,51.957,-1844.962,Port 0x03: JJH Y femur tracker  s/n:3E4C8801,790959187,1780408253.118669938,1,OK,0.9725039,0.1296749,-0.1654076,-0.1003039,47.788,-79.078,-1915.922,0.4053769,3,OK,48.246,-79.367,-1915.817,OK,5.829,10.930,-1910.302,OK,-38.676,-56.626,-1943.509,Passive Strays,790959187,1780408253.118,1,OK,-3.697314E28,-3.697314E28,-3.697314E28,-3.697314E28,-3.697314E28,-3.697314E28,-3.697314E28,0.0000000,0
4,Port 0x01: JJH Probe  s/n:3E4C880C,790959190,1780408253.168669938,1,Too Few Markers,-3.697314E28,-3.697314E28,-3.697314E28,-3.697314E28,-3.697314E28,-3.697314E28,-3.697314E28,0.0000000,3,Missing,-3.697314E28,-3.697314E28,-3.697314E28,Missing,-3.697314E28,-3.697314E28,-3.697314E28,Missing,-3.697314E28,-3.697314E28,-3.697314E28,Port 0x02: JJH T tibia tracker  s/n:3E4C8800,790959190,1780408253.168669938,1,OK,0.6563995,-0.1058285,-0.1118891,-0.7385261,267.503,-33.447,-1818.952,0.0592334,3,OK,267.498,-33.463,-1818.947,OK,182.144,9.210,-1831.730,OK,277.962,51.461,-1846.171,Port 0x03: JJH Y femur tracker  s/n:3E4C8801,790959190,1780408253.168669938,1,OK,0.9734289,0.1295273,-0.1599357,-0.1003962,46.745,-79.312,-1914.696,0.4058791,3,OK,47.209,-79.598,-1914.594,OK,4.737,10.643,-1908.553,OK,-40.063,-56.974,-1941.324,Passive Strays,790959190,1780408253.168,1,OK,-3.697314E28,-3.697314E28,-3.697314E28,-3.697314E28,-3.697314E28,-3.697314E28,-3.697314E28,0.0000000,0
4,Port 0x01: JJH Probe  s/n:3E4C880C,790959193,1780408253.218669938,1,Too Few Markers,-3.697314E28,-3.697314E28,-3.697314E28,-3.697314E28,-3.697314E28,-3.697314E28,-3.697314E28,0.0000000,3,Missing,-3.697314E28,-3.697314E28,-3.697314E28,Missing,-3.697314E28,-3.697314E28,-3.697314E28,Missing,-3.697314E28,-3.697314E28,-3.697314E28,Port 0x02: JJH T tibia tracker  s/n:3E4C8800,790959193,1780408253.218669938,1,OK,0.6555561,-0.1067000,-0.1133028,-0.7389342,267.771,-33.533,-1819.271,0.0749747,3,OK,267.754,-33.562,-1819.262,OK,182.494,9.214,-1832.259,OK,278.409,51.289,-1846.770,Port 0x03: JJH Y femur tracker  s/n:3E4C8801,790959193,1780408253.218669938,1,OK,0.9751404,0.1284245,-0.1498677,-0.1007371,45.028,-79.572,-1912.274,0.3955728,3,OK,45.479,-79.866,-1912.189,OK,2.977,10.326,-1905.309,OK,-42.331,-57.426,-1937.126,Passive Strays,790959193,1780408253.218,1,OK,-3.697314E28,-3.697314E28,-3.697314E28,-3.697314E28,-3.697314E28,-3.697314E28,-3.697314E28,0.0000000,0
4,Port 0x01: JJH Probe  s/n:3E4C880C,790959196,1780408253.268669938,1,Too Few Markers,-3.697314E28,-3.697314E28,-3.697314E28,-3.697314E28,-3.697314E28,-3.697314E28,-3.697314E28,0.0000000,3,Missing,-3.697314E28,-3.697314E28,-3.697314E28,Missing,-3.697314E28,-3.697314E28,-3.697314E28,Missing,-3.697314E28,-3.697314E28,-3.697314E28,Port 0x02: JJH T tibia tracker  s/n:3E4C8800,790959196,1780408253.268669938,1,OK,0.6550098,-0.1080033,-0.1149831,-0.7389698,268.414,-33.457,-1819.779,0.0787988,3,OK,268.390,-33.495,-1819.767,OK,183.185,9.300,-1832.986,OK,279.130,51.249,-1847.642,Port 0x03: JJH Y femur tracker  s/n:3E4C8801,790959196,1780408253.268669938,1,OK,0.9775655,0.1262375,-0.1340963,-0.1022149,42.931,-79.687,-1908.467,0.3857159,3,OK,43.369,-79.974,-1908.399,OK,1.027,10.160,-1900.266,OK,-45.183,-57.649,-1930.502,Passive Strays,790959196,1780408253.268,1,OK,-3.697314E28,-3.697314E28,-3.697314E28,-3.697314E28,-3.697314E28,-3.697314E28,-3.697314E28,0.0000000,0
4,Port 0x01: JJH Probe  s/n:3E4C880C,790959199,1780408253.318669936,1,Too Few Markers,-3.697314E28,-3.697314E28,-3.697314E28,-3.697314E28,-3.697314E28,-3.697314E28,-3.697314E28,0.0000000,3,Missing,-3.697314E28,-3.697314E28,-3.697314E28,Missing,-3.697314E28,-3.697314E28,-3.697314E28,Missing,-3.697314E28,-3.697314E28,-3.697314E28,Port 0x02: JJH T tibia tracker  s/n:3E4C8800,790959199,1780408253.318669936,1,OK,0.6545666,-0.1077978,-0.1155564,-0.7393030,268.985,-33.329,-1820.493,0.0529996,3,OK,268.975,-33.347,-1820.487,OK,183.815,9.511,-1833.834,OK,279.792,51.317,-1848.382,Port 0x03: JJH Y femur tracker  s/n:3E4C8801,790959199,1780408253.318669936,1,OK,0.9799357,0.1255227,-0.1151528,-0.1034890,40.160,-79.920,-1903.444,0.3734031,3,OK,40.600,-80.183,-1903.388,OK,-1.584,9.819,-1893.430,OK,-48.831,-58.110,-1922.075,Passive Strays,790959199,1780408253.318,1,OK,-3.697314E28,-3.697314E28,-3.697314E28,-3.697314E28,-3.697314E28,-3.697314E28,-3.697314E28,0.0000000,0
4,Port 0x01: JJH Probe  s/n:3E4C880C,790959202,1780408253.368669936,1,Too Few Markers,-3.697314E28,-3.697314E28,-3.697314E28,-3.697314E28,-3.697314E28,-3.697314E28,-3.697314E28,0.0000000,3,Missing,-3.697314E28,-3.697314E28,-3.697314E28,Missing,-3.697314E28,-3.697314E28,-3.697314E28,Missing,-3.697314E28,-3.697314E28,-3.697314E28,Port 0x02: JJH T tibia tracker  s/n:3E4C8800,790959202,1780408253.368669936,1,OK,0.6538054,-0.1097667,-0.1176104,-0.7393629,269.937,-33.286,-1821.569,0.0527077,3,OK,269.933,-33.315,-1821.559,OK,184.820,9.587,-1835.157,OK,280.839,51.190,-1849.948,Port 0x03: JJH Y femur tracker  s/n:3E4C8801,790959202,1780408253.368669936,1,OK,0.9825716,0.1227630,-0.0913140,-0.1055650,37.327,-80.267,-1897.100,0.3744152,3,OK,37.774,-80.520,-1897.063,OK,-4.037,9.403,-1885.130,OK,-52.518,-58.638,-1911.420,Passive Strays,790959202,1780408253.368,1,OK,-3.697314E28,-3.697314E28,-3.697314E28,-3.697314E28,-3.697314E28,-3.697314E28,-3.697314E28,0.0000000,0
4,Port 0x01: JJH Probe  s/n:3E4C880C,790959205,1780408253.418669936,1,Too Few Markers,-3.697314E28,-3.697314E28,-3.697314E28,-3.697314E28,-3.697314E28,-3.697314E28,-3.697314E28,0.0000000,3,Missing,-3.697314E28,-3.697314E28,-3.697314E28,Missing,-3.697314E28,-3.697314E28,-3.697314E28,Missing,-3.697314E28,-3.697314E28,-3.697314E28,Port 0x02: JJH T tibia tracker  s/n:3E4C8800,790959205,1780408253.418669936,1,OK,0.6527653,-0.1117489,-0.1203213,-0.7395488,270.805,-33.065,-1822.737,0.0589827,3,OK,270.796,-33.103,-1822.724,OK,185.774,9.853,-1836.691,OK,281.875,51.209,-1851.681,Port 0x03: JJH Y femur tracker  s/n:3E4C8801,790959205,1780408253.418669936,1,OK,0.9849072,0.1197149,-0.0640040,-0.1073762,34.379,-80.575,-1889.967,0.3559331,3,OK,34.806,-80.817,-1889.956,OK,-6.530,8.977,-1875.766,OK,-56.172,-59.244,-1899.319,Passive Strays,790959205,1780408253.418,1,OK,-3.697314E28,-3.697314E28,-3.697314E28,-3.697314E28,-3.697314E28,-3.697314E28,-3.697314E28,0.0000000,0
4,Port 0x01: JJH Probe  s/n:3E4C880C,790959208,1780408253.468634326,1,Too Few Markers,-3.697314E28,-3.697314E28,-3.697314E28,-3.697314E28,-3.697314E28,-3.697314E28,-3.697314E28,0.0000000,3,Missing,-3.697314E28,-3.697314E28,-3.697314E28,Missing,-3.697314E28,-3.697314E28,-3.697314E28,Missing,-3.697314E28,-3.697314E28,-3.697314E28,Port 0x02: JJH T tibia tracker  s/n:3E4C8800,790959208,1780408253.468634326,1,OK,0.6516681,-0.1150314,-0.1232000,-0.7395392,271.681,-32.957,-1824.170,0.0923431,3,OK,271.653,-33.018,-1824.148,OK,186.709,9.969,-1838.425,OK,282.900,51.079,-1853.878,Port 0x03: JJH Y femur tracker  s/n:3E4C8801,790959208,1780408253.468634326,1,OK,0.9866944,0.1151342,-0.0348150,-0.1093903,31.703,-81.079,-1882.012,0.3566406,3,OK,32.136,-81.296,-1882.019,OK,-8.551,8.365,-1865.678,OK,-59.312,-60.007,-1886.047,Passive Strays,790959208,1780408253.468,1,OK,-3.697314E28,-3.697314E28,-3.697314E28,-3.697314E28,-3.697314E28,-3.697314E28,-3.697314E28,0.0000000,0
4,Port 0x01: JJH Probe  s/n:3E4C880C,790959211,1780408253.518634326,1,Too Few Markers,-3.697314E28,-3.697314E28,-3.697314E28,-3.697314E28,-3.697314E28,-3.697314E28,-3.697314E28,0.0000000,3,Missing,-3.697314E28,-3.697314E28,-3.697314E28,Missing,-3.697314E28,-3.697314E28,-3.697314E28,Missing,-3.697314E28,-3.697314E28,-3.697314E28,Port 0x02: JJH T tibia tracker  s/n:3E4C8800,790959211,1780408253.518634326,1,OK,0.6508654,-0.1168844,-0.1244972,-0.7397383,272.423,-32.818,-1825.423,0.1062645,3,OK,272.381,-32.869,-1825.404,OK,187.498,10.164,-1839.795,OK,283.775,51.074,-1855.518,Port 0x03: JJH Y femur tracker  s/n:3E4C8801,790959211,1780408253.518634326,1,OK,0.9875247,0.1114777,-0.0052028,-0.1110879,29.345,-81.597,-1873.799,0.3570451,3,OK,29.782,-81.799,-1873.829,OK,-10.150,7.723,-1855.156,OK,-61.843,-60.847,-1872.416,Passive Strays,790959211,1780408253.518,1,OK,-3.697314E28,-3.697314E28,-3.697314E28,-3.697314E28,-3.697314E28,-3.697314E28,-3.697314E28,0.0000000,0
4,Port 0x01: JJH Probe  s/n:3E4C880C,790959214,1780408253.568634326,1,Too Few Markers,-3.697314E28,-3.697314E28,-3.697314E28,-3.697314E28,-3.697314E28,-3.697314E28,-3.697314E28,0.0000000,3,Missing,-3.697314E28,-3.697314E28,-3.697314E28,Missing,-3.697314E28,-3.697314E28,-3.697314E28,Missing,-3.697314E28,-3.697314E28,-3.697314E28,Port 0x02: JJH T tibia tracker  s/n:3E4C8800,790959214,1780408253.568634326,1,OK,0.6501588,-0.1159397,-0.1270275,-0.7400780,273.116,-32.568,-1826.369,0.0634743,3,OK,273.101,-32.618,-1826.351,OK,188.318,10.467,-1841.285,OK,284.620,51.202,-1856.612,Port 0x03: JJH Y femur tracker  s/n:3E4C8801,790959214,1780408253.568634326,1,OK,0.9874599,0.1075936,0.0246818,-0.1128603,27.582,-81.995,-1865.391,0.3462214,3,OK,28.006,-82.167,-1865.440,OK,-10.979,7.204,-1844.487,OK,-63.430,-61.533,-1858.536,Passive Strays,790959214,1780408253.568,1,OK,-3.697314E28,-3.697314E28,-3.697314E28,-3.697314E28,-3.697314E28,-3.697314E28,-3.697314E28,0.0000000,0
4,Port 0x01: JJH Probe  s/n:3E4C880C,790959217,1780408253.618634326,1,Too Few Markers,-3.697314E28,-3.697314E28,-3.697314E28,-3.697314E28,-3.697314E28,-3.697314E28,-3.697314E28,0.0000000,3,Missing,-3.697314E28,-3.697314E28,-3.697314E28,Missing,-3.697314E28,-3.697314E28,-3.697314E28,Missing,-3.697314E28,-3.697314E28,-3.697314E28,Port 0x02: JJH T tibia tracker  s/n:3E4C8800,790959217,1780408253.618634326,1,OK,0.6497165,-0.1169068,-0.1269900,-0.7403207,273.582,-32.457,-1827.507,0.0856462,3,OK,273.557,-32.505,-1827.489,OK,188.795,10.645,-1842.359,OK,285.180,51.277,-1857.875,Port 0x03: JJH Y femur tracker  s/n:3E4C8801,790959217,1780408253.618634326,1,OK,0.9864806,0.1038842,0.0549054,-0.1142342,26.136,-82.612,-1856.889,0.3544700,3,OK,26.569,-82.765,-1856.961,OK,-11.401,6.437,-1833.705,OK,-64.394,-62.491,-1844.512,Passive Strays,790959217,1780408253.618,1,OK,-3.697314E28,-3.697314E28,-3.697314E28,-3.697314E28,-3.697314E28,-3.697314E28,-3.697314E28,0.0000000,0
4,Port 0x01: JJH Probe  s/n:3E4C880C,790959220,1780408253.668634326,1,Too Few Markers,-3.697314E28,-3.697314E28,-3.697314E28,-3.697314E28,-3.697314E28,-3.697314E28,-3.697314E28,0.0000000,3,Missing,-3.697314E28,-3.697314E28,-3.697314E28,Missing,-3.697314E28,-3.697314E28,-3.697314E28,Missing,-3.697314E28,-3.697314E28,-3.697314E28,Port 0x02: JJH T tibia tracker  s/n:3E4C8800,790959220,1780408253.668634326,1,OK,0.6491073,-0.1169547,-0.1278425,-0.7407007,274.161,-31.954,-1828.341,0.0788812,3,OK,274.145,-32.004,-1828.323,OK,189.446,11.238,-1843.363,OK,285.890,51.718,-1858.806,Port 0x03: JJH Y femur tracker  s/n:3E4C8801,790959220,1780408253.668634326,1,OK,0.9845714,0.1005549,0.0841038,-0.1159072,25.430,-82.670,-1848.524,0.3662193,3,OK,25.872,-82.818,-1848.622,OK,-10.915,6.262,-1823.136,OK,-64.283,-62.789,-1830.825,Passive Strays,790959220,1780408253.668,1,OK,-3.697314E28,-3.697314E28,-3.697314E28,-3.697314E28,-3.697314E28,-3.697314E28,-3.697314E28,0.0000000,0
4,Port 0x01: JJH Probe  s/n:3E4C880C,790959223,1780408253.718634326,1,Too Few Markers,-3.697314E28,-3.697314E28,-3.697314E28,-3.697314E28,-3.697314E28,-3.697314E28,-3.697314E28,0.0000000,3,Missing,-3.697314E28,-3.697314E28,-3.697314E28,Missing,-3.697314E28,-3.697314E28,-3.697314E28,Missing,-3.697314E28,-3.697314E28,-3.697314E28,Port 0x02: JJH T tibia tracker  s/n:3E4C8800,790959223,1780408253.718634326,1,OK,0.6489803,-0.1159937,-0.1280693,-0.7409240,274.443,-31.907,-1829.170,0.0708446,3,OK,274.429,-31.950,-1829.154,OK,189.769,11.317,-1844.305,OK,286.236,51.784,-1859.533,Port 0x03: JJH Y femur tracker  s/n:3E4C8801,790959223,1780408253.718634326,1,OK,0.9819319,0.0966980,0.1131348,-0.1168749,25.057,-83.342,-1840.551,0.4061472,3,OK,25.542,-83.498,-1840.688,OK,-10.092,5.455,-1813.109,OK,-63.585,-63.790,-1817.614,Passive Strays,790959223,1780408253.718,1,OK,-3.697314E28,-3.697314E28,-3.697314E28,-3.697314E28,-3.697314E28,-3.697314E28,-3.697314E28,0.0000000,0
4,Port 0x01: JJH Probe  s/n:3E4C880C,790959226,1780408253.768634326,1,Too Few Markers,-3.697314E28,-3.697314E28,-3.697314E28,-3.697314E28,-3.697314E28,-3.697314E28,-3.697314E28,0.0000000,3,Missing,-3.697314E28,-3.697314E28,-3.697314E28,Missing,-3.697314E28,-3.697314E28,-3.697314E28,Missing,-3.697314E28,-3.697314E28,-3.697314E28,Port 0x02: JJH T tibia tracker  s/n:3E4C8800,790959226,1780408253.768634326,1,OK,0.6488070,-0.1142159,-0.1282420,-0.7413219,274.622,-31.635,-1829.807,0.0435679,3,OK,274.617,-31.658,-1829.799,OK,190.017,11.654,-1845.108,OK,286.508,52.084,-1859.946,Port 0x03: JJH Y femur tracker  s/n:3E4C8801,790959226,1780408253.768634326,1,OK,0.9787231,0.0928126,0.1399638,-0.1178861,25.107,-83.694,-1832.784,0.4074511,3,OK,25.585,-83.824,-1832.941,OK,-8.773,4.999,-1803.554,OK,-62.239,-64.421,-1805.064,Passive Strays,790959226,1780408253.768,1,OK,-3.697314E28,-3.697314E28,-3.697314E28,-3.697314E28,-3.697314E28,-3.697314E28,-3.697314E28,0.0000000,0
4,Port 0x01: JJH Probe  s/n:3E4C880C,790959229,1780408253.818634326,1,Too Few Markers,-3.697314E28,-3.697314E28,-3.697314E28,-3.697314E28,-3.697314E28,-3.697314E28,-3.697314E28,0.0000000,3,Missing,-3.697314E28,-3.697314E28,-3.697314E28,Missing,-3.697314E28,-3.697314E28,-3.697314E28,Missing,-3.697314E28,-3.697314E28,-3.697314E28,Port 0x02: JJH T tibia tracker  s/n:3E4C8800,790959229,1780408253.818634326,1,OK,0.6486204,-0.1139081,-0.1280643,-0.7415633,274.866,-31.424,-1830.529,0.0676834,3,OK,274.852,-31.463,-1830.515,OK,190.278,11.912,-1845.824,OK,286.828,52.336,-1860.616,Port 0x03: JJH Y femur tracker  s/n:3E4C8801,790959229,1780408253.818634326,1,OK,0.9749235,0.0895759,0.1652972,-0.1190678,25.635,-84.096,-1825.323,0.4134082,3,OK,26.108,-84.199,-1825.500,OK,-6.890,4.495,-1794.386,OK,-60.230,-65.033,-1793.124,Passive Strays,790959229,1780408253.818,1,OK,-3.697314E28,-3.697314E28,-3.697314E28,-3.697314E28,-3.697314E28,-3.697314E28,-3.697314E28,0.0000000,0
4,Port 0x01: JJH Probe  s/n:3E4C880C,790959232,1780408253.868634326,1,Too Few Markers,-3.697314E28,-3.697314E28,-3.697314E28,-3.697314E28,-3.697314E28,-3.697314E28,-3.697314E28,0.0000000,3,Missing,-3.697314E28,-3.697314E28,-3.697314E28,Missing,-3.697314E28,-3.697314E28,-3.697314E28,Missing,-3.697314E28,-3.697314E28,-3.697314E28,Port 0x02: JJH T tibia tracker  s/n:3E4C8800,790959232,1780408253.868634326,1,OK,0.6485452,-0.1123646,-0.1284073,-0.7418051,274.984,-30.987,-1830.785,0.0859454,3,OK,274.964,-31.047,-1830.764,OK,190.434,12.365,-1846.251,OK,287.035,52.844,-1860.719,Port 0x03: JJH Y femur tracker  s/n:3E4C8801,790959232,1780408253.868634326,1,OK,0.9704165,0.0865707,0.1907986,-0.1199715,26.462,-84.273,-1818.184,0.4554071,3,OK,26.972,-84.380,-1818.405,OK,-4.653,4.191,-1785.527,OK,-57.700,-65.444,-1781.522,Passive Strays,790959232,1780408253.868,1,OK,-3.697314E28,-3.697314E28,-3.697314E28,-3.697314E28,-3.697314E28,-3.697314E28,-3.697314E28,0.0000000,0
4,Port 0x01: JJH Probe  s/n:3E4C880C,790959235,1780408253.918634326,1,Too Few Markers,-3.697314E28,-3.697314E28,-3.697314E28,-3.697314E28,-3.697314E28,-3.697314E28,-3.697314E28,0.0000000,3,Missing,-3.697314E28,-3.697314E28,-3.697314E28,Missing,-3.697314E28,-3.697314E28,-3.697314E28,Missing,-3.697314E28,-3.697314E28,-3.697314E28,Port 0x02: JJH T tibia tracker  s/n:3E4C8800,790959235,1780408253.918634326,1,OK,0.6486832,-0.1105584,-0.1283154,-0.7419718,275.031,-30.952,-1831.438,0.0766662,3,OK,275.013,-31.006,-1831.420,OK,190.508,12.407,-1847.011,OK,287.114,52.951,-1861.123,Port 0x03: JJH Y femur tracker  s/n:3E4C8801,790959235,1780408253.918634326,1,OK,0.9657249,0.0842029,0.2137458,-0.1208225,27.614,-84.763,-1811.458,0.4615584,3,OK,28.122,-84.882,-1811.710,OK,-2.118,3.604,-1777.242,OK,-54.773,-66.163,-1770.850,Passive Strays,790959235,1780408253.918,1,OK,-3.697314E28,-3.697314E28,-3.697314E28,-3.697314E28,-3.697314E28,-3.697314E28,-3.697314E28,0.0000000,0
4,Port 0x01: JJH Probe  s/n:3E4C880C,790959238,1780408253.968634326,1,Too Few Markers,-3.697314E28,-3.697314E28,-3.697314E28,-3.697314E28,-3.697314E28,-3.697314E28,-3.697314E28,0.0000000,3,Missing,-3.697314E28,-3.697314E28,-3.697314E28,Missing,-3.697314E28,-3.697314E28,-3.697314E28,Missing,-3.697314E28,-3.697314E28,-3.697314E28,Port 0x02: JJH T tibia tracker  s/n:3E4C8800,790959238,1780408253.968634326,1,OK,0.6491422,-0.1082253,-0.1260711,-0.7422990,275.012,-30.646,-1831.664,0.0725107,3,OK,275.004,-30.690,-1831.649,OK,190.467,12.786,-1846.996,OK,287.082,53.441,-1860.789,Port 0x03: JJH Y femur tracker  s/n:3E4C8801,790959238,1780408253.968634326,1,OK,0.9606159,0.0810698,0.2363791,-0.1215307,28.997,-84.969,-1805.009,0.4774276,3,OK,29.510,-85.085,-1805.292,OK,0.673,3.317,-1769.438,OK,-51.465,-66.569,-1760.582,Passive Strays,790959238,1780408253.968,1,OK,-3.697314E28,-3.697314E28,-3.697314E28,-3.697314E28,-3.697314E28,-3.697314E28,-3.697314E28,0.0000000,0
4,Port 0x01: JJH Probe  s/n:3E4C880C,790959241,1780408254.018634326,1,Too Few Markers,-3.697314E28,-3.697314E28,-3.697314E28,-3.697314E28,-3.697314E28,-3.697314E28,-3.697314E28,0.0000000,3,Missing,-3.697314E28,-3.697314E28,-3.697314E28,Missing,-3.697314E28,-3.697314E28,-3.697314E28,Missing,-3.697314E28,-3.697314E28,-3.697314E28,Port 0x02: JJH T tibia tracker  s/n:3E4C8800,790959241,1780408254.018634326,1,OK,0.6497994,-0.1057954,-0.1249742,-0.7422597,274.868,-30.566,-1831.791,0.0800267,3,OK,274.854,-30.608,-1831.777,OK,190.290,12.815,-1847.077,OK,286.889,53.687,-1860.480,Port 0x03: JJH Y femur tracker  s/n:3E4C8801,790959241,1780408254.018634326,1,OK,0.9553148,0.0779024,0.2576340,-0.1221868,30.597,-85.455,-1798.919,0.4860795,3,OK,31.102,-85.540,-1799.220,OK,3.677,2.751,-1762.175,OK,-47.889,-67.233,-1750.973,Passive Strays,790959241,1780408254.018,1,OK,-3.697314E28,-3.697314E28,-3.697314E28,-3.697314E28,-3.697314E28,-3.697314E28,-3.697314E28,0.0000000,0
4,Port 0x01: JJH Probe  s/n:3E4C880C,790959244,1780408254.068634326,1,Too Few Markers,-3.697314E28,-3.697314E28,-3.697314E28,-3.697314E28,-3.697314E28,-3.697314E28,-3.697314E28,0.0000000,3,Missing,-3.697314E28,-3.697314E28,-3.697314E28,Missing,-3.697314E28,-3.697314E28,-3.697314E28,Missing,-3.697314E28,-3.697314E28,-3.697314E28,Port 0x02: JJH T tibia tracker  s/n:3E4C8800,790959244,1780408254.068634326,1,OK,0.6507923,-0.1021434,-0.1231806,-0.7422012,274.591,-30.238,-1831.553,0.0711978,3,OK,274.582,-30.286,-1831.537,OK,189.977,13.093,-1846.752,OK,286.501,54.252,-1859.566,Port 0x03: JJH Y femur tracker  s/n:3E4C8801,790959244,1780408254.068634326,1,OK,0.9497049,0.0745718,0.2782139,-0.1228687,32.457,-85.699,-1792.853,0.4888740,3,OK,32.950,-85.770,-1793.173,OK,6.959,2.474,-1755.057,OK,-43.942,-67.620,-1741.576,Passive Strays,790959244,1780408254.068,1,OK,-3.697314E28,-3.697314E28,-3.697314E28,-3.697314E28,-3.697314E28,-3.697314E28,-3.697314E28,0.0000000,0
4,Port 0x01: JJH Probe  s/n:3E4C880C,790959247,1780408254.118634326,1,Too Few Markers,-3.697314E28,-3.697314E28,-3.697314E28,-3.697314E28,-3.697314E28,-3.697314E28,-3.697314E28,0.0000000,3,Missing,-3.697314E28,-3.697314E28,-3.697314E28,Missing,-3.697314E28,-3.697314E28,-3.697314E28,Missing,-3.697314E28,-3.697314E28,-3.697314E28,Port 0x02: JJH T tibia tracker  s/n:3E4C8800,790959247,1780408254.118634326,1,OK,0.6520645,-0.0995531,-0.1214697,-0.7417184,274.347,-29.959,-1831.176,0.1158922,3,OK,274.318,-30.036,-1831.151,OK,189.613,13.204,-1846.208,OK,286.091,54.782,-1858.678,Port 0x03: JJH Y femur tracker  s/n:3E4C8801,790959247,1780408254.118634326,1,OK,0.9436647,0.0723536,0.2982340,-0.1237671,34.684,-85.951,-1786.961,0.4751744,3,OK,35.150,-86.015,-1787.291,OK,10.709,2.151,-1748.027,OK,-39.493,-68.008,-1732.506,Passive Strays,790959247,1780408254.118,1,OK,-3.697314E28,-3.697314E28,-3.697314E28,-3.697314E28,-3.697314E28,-3.697314E28,-3.697314E28,0.0000000,0
4,Port 0x01: JJH Probe  s/n:3E4C880C,790959250,1780408254.168634326,1,Too Few Markers,-3.697314E28,-3.697314E28,-3.697314E28,-3.697314E28,-3.697314E28,-3.697314E28,-3.697314E28,0.0000000,3,Missing,-3.697314E28,-3.697314E28,-3.697314E28,Missing,-3.697314E28,-3.697314E28,-3.697314E28,Missing,-3.697314E28,-3.697314E28,-3.697314E28,Port 0x02: JJH T tibia tracker  s/n:3E4C8800,790959250,1780408254.168634326,1,OK,0.6539412,-0.0946313,-0.1179770,-0.7412741,273.878,-29.709,-1830.656,0.0903951,3,OK,273.857,-29.769,-1830.638,OK,189.022,13.313,-1845.367,OK,285.332,55.369,-1857.117,Port 0x03: JJH Y femur tracker  s/n:3E4C8801,790959250,1780408254.168634326,1,OK,0.9368849,0.0695092,0.3192433,-0.1244942,37.040,-86.225,-1781.204,0.5350096,3,OK,37.547,-86.294,-1781.597,OK,14.666,1.800,-1741.206,OK,-34.721,-68.400,-1723.450,Passive Strays,790959250,1780408254.168,1,OK,-3.697314E28,-3.697314E28,-3.697314E28,-3.697314E28,-3.697314E28,-3.697314E28,-3.697314E28,0.0000000,0
4,Port 0x01: JJH Probe  s/n:3E4C880C,790959253,1780408254.218634326,1,Too Few Markers,-3.697314E28,-3.697314E28,-3.697314E28,-3.697314E28,-3.697314E28,-3.697314E28,-3.697314E28,0.0000000,3,Missing,-3.697314E28,-3.697314E28,-3.697314E28,Missing,-3.697314E28,-3.697314E28,-3.697314E28,Missing,-3.697314E28,-3.697314E28,-3.697314E28,Port 0x02: JJH T tibia tracker  s/n:3E4C8800,790959253,1780408254.218634326,1,OK,0.6556184,-0.0911658,-0.1155091,-0.7406153,273.653,-29.326,-1830.280,0.1040135,3,OK,273.629,-29.399,-1830.258,OK,188.653,13.500,-1844.750,OK,284.836,56.028,-1856.018,Port 0x03: JJH Y femur tracker  s/n:3E4C8801,790959253,1780408254.218634326,1,OK,0.9302464,0.0666938,0.3381106,-0.1259950,39.957,-86.128,-1775.682,0.4751100,3,OK,40.391,-86.170,-1776.041,OK,19.232,1.916,-1734.873,OK,-29.356,-68.284,-1715.126,Passive Strays,790959253,1780408254.218,1,OK,-3.697314E28,-3.697314E28,-3.697314E28,-3.697314E28,-3.697314E28,-3.697314E28,-3.697314E28,0.0000000,0
4,Port 0x01: JJH Probe  s/n:3E4C880C,790959256,1780408254.268634326,1,Too Few Markers,-3.697314E28,-3.697314E28,-3.697314E28,-3.697314E28,-3.697314E28,-3.697314E28,-3.697314E28,0.0000000,3,Missing,-3.697314E28,-3.697314E28,-3.697314E28,Missing,-3.697314E28,-3.697314E28,-3.697314E28,Missing,-3.697314E28,-3.697314E28,-3.697314E28,Port 0x02: JJH T tibia tracker  s/n:3E4C8800,790959256,1780408254.268634326,1,OK,0.6581100,-0.0863611,-0.1108653,-0.7396904,272.988,-29.250,-1829.982,0.0855307,3,OK,272.974,-29.281,-1829.973,OK,187.759,13.324,-1843.902,OK,283.741,56.459,-1854.557,Port 0x03: JJH Y femur tracker  s/n:3E4C8801,790959256,1780408254.268634326,1,OK,0.9229291,0.0632539,0.3580547,-0.1264821,42.740,-86.584,-1770.260,0.5031804,3,OK,43.181,-86.619,-1770.657,OK,23.592,1.432,-1728.664,OK,-23.974,-68.840,-1706.769,Passive Strays,790959256,1780408254.268,1,OK,-3.697314E28,-3.697314E28,-3.697314E28,-3.697314E28,-3.697314E28,-3.697314E28,-3.697314E28,0.0000000,0
4,Port 0x01: JJH Probe  s/n:3E4C880C,790959259,1780408254.318634328,1,Too Few Markers,-3.697314E28,-3.697314E28,-3.697314E28,-3.697314E28,-3.697314E28,-3.697314E28,-3.697314E28,0.0000000,3,Missing,-3.697314E28,-3.697314E28,-3.697314E28,Missing,-3.697314E28,-3.697314E28,-3.697314E28,Missing,-3.697314E28,-3.697314E28,-3.697314E28,Port 0x02: JJH T tibia tracker  s/n:3E4C8800,790959259,1780408254.318634328,1,OK,0.6603090,-0.0824356,-0.1074934,-0.7386756,272.302,-29.038,-1829.178,0.1142599,3,OK,272.273,-29.100,-1829.161,OK,186.873,13.251,-1842.718,OK,282.670,57.013,-1852.872,Port 0x03: JJH Y femur tracker  s/n:3E4C8801,790959259,1780408254.318634328,1,OK,0.9156182,0.0600285,0.3766384,-0.1272142,45.601,-86.835,-1765.202,0.5050495,3,OK,46.026,-86.857,-1765.612,OK,28.026,1.181,-1722.946,OK,-18.522,-69.134,-1699.075,Passive Strays,790959259,1780408254.318,1,OK,-3.697314E28,-3.697314E28,-3.697314E28,-3.697314E28,-3.697314E28,-3.697314E28,-3.697314E28,0.0000000,0
4,Port 0x01: JJH Probe  s/n:3E4C880C,790959262,1780408254.368634328,1,Too Few Markers,-3.697314E28,-3.697314E28,-3.697314E28,-3.697314E28,-3.697314E28,-3.697314E28,-3.697314E28,0.0000000,3,Missing,-3.697314E28,-3.697314E28,-3.697314E28,Missing,-3.697314E28,-3.697314E28,-3.697314E28,Missing,-3.697314E28,-3.697314E28,-3.697314E28,Port 0x02: JJH T tibia tracker  s/n:3E4C8800,790959262,1780408254.368634328,1,OK,0.6625020,-0.0769971,-0.1030891,-0.7379262,271.703,-28.829,-1828.437,0.1068914,3,OK,271.670,-28.870,-1828.427,OK,186.099,13.241,-1841.528,OK,281.708,57.575,-1850.912,Port 0x03: JJH Y femur tracker  s/n:3E4C8801,790959262,1780408254.368634328,1,OK,0.9081190,0.0566422,0.3945275,-0.1282951,48.636,-86.727,-1760.503,0.5125712,3,OK,49.047,-86.720,-1760.924,OK,32.673,1.315,-1717.740,OK,-12.857,-68.973,-1691.919,Passive Strays,790959262,1780408254.368,1,OK,-3.697314E28,-3.697314E28,-3.697314E28,-3.697314E28,-3.697314E28,-3.697314E28,-3.697314E28,0.0000000,0
4,Port 0x01: JJH Probe  s/n:3E4C880C,790959265,1780408254.418634328,1,Too Few Markers,-3.697314E28,-3.697314E28,-3.697314E28,-3.697314E28,-3.697314E28,-3.697314E28,-3.697314E28,0.0000000,3,Missing,-3.697314E28,-3.697314E28,-3.697314E28,Missing,-3.697314E28,-3.697314E28,-3.697314E28,Missing,-3.697314E28,-3.697314E28,-3.697314E28,Port 0x02: JJH T tibia tracker  s/n:3E4C8800,790959265,1780408254.418634328,1,OK,0.6646973,-0.0717270,-0.0994560,-0.7369812,270.871,-28.826,-1827.209,0.1076965,3,OK,270.836,-28.878,-1827.197,OK,185.097,12.976,-1839.980,OK,280.489,57.908,-1848.583,Port 0x03: JJH Y femur tracker  s/n:3E4C8801,790959265,1780408254.418634328,1,OK,0.9015061,0.0538934,0.4097438,-0.1284222,51.237,-87.089,-1756.260,0.5018086,3,OK,51.624,-87.076,-1756.682,OK,36.544,0.935,-1713.022,OK,-7.945,-69.424,-1685.669,Passive Strays,790959265,1780408254.418,1,OK,-3.697314E28,-3.697314E28,-3.697314E28,-3.697314E28,-3.697314E28,-3.697314E28,-3.697314E28,0.0000000,0
4,Port 0x01: JJH Probe  s/n:3E4C880C,790959268,1780408254.468634328,1,Too Few Markers,-3.697314E28,-3.697314E28,-3.697314E28,-3.697314E28,-3.697314E28,-3.697314E28,-3.697314E28,0.0000000,3,Missing,-3.697314E28,-3.697314E28,-3.697314E28,Missing,-3.697314E28,-3.697314E28,-3.697314E28,Missing,-3.697314E28,-3.697314E28,-3.697314E28,Port 0x02: JJH T tibia tracker  s/n:3E4C8800,790959268,1780408254.468634328,1,OK,0.6668060,-0.0675767,-0.0959827,-0.7359283,269.805,-28.894,-1825.781,0.1211753,3,OK,269.776,-28.964,-1825.765,OK,183.827,12.629,-1838.185,OK,279.029,58.126,-1846.217,Port 0x03: JJH Y femur tracker  s/n:3E4C8801,790959268,1780408254.468634328,1,OK,0.8960264,0.0510124,0.4217157,-0.1291913,53.178,-87.303,-1752.538,0.4828854,3,OK,53.534,-87.252,-1752.935,OK,39.592,0.788,-1709.133,OK,-4.095,-69.557,-1680.430,Passive Strays,790959268,1780408254.468,1,OK,-3.697314E28,-3.697314E28,-3.697314E28,-3.697314E28,-3.697314E28,-3.697314E28,-3.697314E28,0.0000000,0
4,Port 0x01: JJH Probe  s/n:3E4C880C,790959271,1780408254.518634328,1,Too Few Markers,-3.697314E28,-3.697314E28,-3.697314E28,-3.697314E28,-3.697314E28,-3.697314E28,-3.697314E28,0.0000000,3,Missing,-3.697314E28,-3.697314E28,-3.697314E28,Missing,-3.697314E28,-3.697314E28,-3.697314E28,Missing,-3.697314E28,-3.697314E28,-3.697314E28,Port 0x02: JJH T tibia tracker  s/n:3E4C8800,790959271,1780408254.518634328,1,OK,0.6682036,-0.0662175,-0.0928379,-0.7351873,268.519,-28.784,-1823.895,0.1410910,3,OK,268.480,-28.870,-1823.876,OK,182.387,12.561,-1835.807,OK,277.454,58.419,-1843.795,Port 0x03: JJH Y femur tracker  s/n:3E4C8801,790959271,1780408254.518634328,1,OK,0.8919315,0.0490458,0.4305028,-0.1293059,54.120,-87.389,-1748.808,0.4385431,3,OK,54.428,-87.305,-1749.153,OK,41.289,0.717,-1705.240,OK,-1.715,-69.672,-1675.643,Passive Strays,790959271,1780408254.518,1,OK,-3.697314E28,-3.697314E28,-3.697314E28,-3.697314E28,-3.697314E28,-3.697314E28,-3.697314E28,0.0000000,0
4,Port 0x01: JJH Probe  s/n:3E4C880C,790959274,1780408254.568634328,1,Too Few Markers,-3.697314E28,-3.697314E28,-3.697314E28,-3.697314E28,-3.697314E28,-3.697314E28,-3.697314E28,0.0000000,3,Missing,-3.697314E28,-3.697314E28,-3.697314E28,Missing,-3.697314E28,-3.697314E28,-3.697314E28,Missing,-3.697314E28,-3.697314E28,-3.697314E28,Port 0x02: JJH T tibia tracker  s/n:3E4C8800,790959274,1780408254.568634328,1,OK,0.6694645,-0.0655603,-0.0889944,-0.7345741,266.968,-28.856,-1821.915,0.1257707,3,OK,266.931,-28.922,-1821.901,OK,180.693,12.371,-1833.169,OK,275.609,58.475,-1841.275,Port 0x03: JJH Y femur tracker  s/n:3E4C8801,790959274,1780408254.568634328,1,OK,0.8894338,0.0480272,0.4355647,-0.1299394,53.853,-87.311,-1745.455,0.4352027,3,OK,54.159,-87.257,-1745.817,OK,41.540,0.839,-1701.790,OK,-1.113,-69.489,-1671.679,Passive Strays,790959274,1780408254.568,1,OK,-3.697314E28,-3.697314E28,-3.697314E28,-3.697314E28,-3.697314E28,-3.697314E28,-3.697314E28,0.0000000,0
4,Port 0x01: JJH Probe  s/n:3E4C880C,790959277,1780408254.618634328,1,Too Few Markers,-3.697314E28,-3.697314E28,-3.697314E28,-3.697314E28,-3.697314E28,-3.697314E28,-3.697314E28,0.0000000,3,Missing,-3.697314E28,-3.697314E28,-3.697314E28,Missing,-3.697314E28,-3.697314E28,-3.697314E28,Missing,-3.697314E28,-3.697314E28,-3.697314E28,Port 0x02: JJH T tibia tracker  s/n:3E4C8800,790959277,1780408254.618634328,1,OK,0.6702329,-0.0652855,-0.0863925,-0.7342084,265.219,-28.968,-1819.463,0.1103173,3,OK,265.189,-29.019,-1819.452,OK,178.857,12.196,-1830.263,OK,273.672,58.434,-1838.477,Port 0x03: JJH Y femur tracker  s/n:3E4C8801,790959277,1780408254.618634328,1,OK,0.8878776,0.0472567,0.4389044,-0.1296271,52.870,-87.572,-1741.867,0.4385204,3,OK,53.174,-87.506,-1742.228,OK,40.785,0.558,-1698.125,OK,-1.568,-69.808,-1667.680,Passive Strays,790959277,1780408254.618,1,OK,-3.697314E28,-3.697314E28,-3.697314E28,-3.697314E28,-3.697314E28,-3.697314E28,-3.697314E28,0.0000000,0
4,Port 0x01: JJH Probe  s/n:3E4C880C,790959280,1780408254.668634328,1,Too Few Markers,-3.697314E28,-3.697314E28,-3.697314E28,-3.697314E28,-3.697314E28,-3.697314E28,-3.697314E28,0.0000000,3,Missing,-3.697314E28,-3.697314E28,-3.697314E28,Missing,-3.697314E28,-3.697314E28,-3.697314E28,Missing,-3.697314E28,-3.697314E28,-3.697314E28,Port 0x02: JJH T tibia tracker  s/n:3E4C8800,790959280,1780408254.668634328,1,OK,0.6706836,-0.0669582,-0.0843253,-0.7338865,264.002,-29.107,-1817.549,0.1290462,3,OK,263.963,-29.148,-1817.541,OK,177.544,12.002,-1827.851,OK,272.334,58.323,-1836.540,Port 0x03: JJH Y femur tracker  s/n:3E4C8801,790959280,1780408254.668634328,1,OK,0.8858435,0.0459197,0.4429684,-0.1301984,52.492,-87.598,-1738.749,0.4504846,3,OK,52.803,-87.539,-1739.128,OK,40.817,0.607,-1695.036,OK,-1.254,-69.709,-1664.070,Passive Strays,790959280,1780408254.668,1,OK,-3.697314E28,-3.697314E28,-3.697314E28,-3.697314E28,-3.697314E28,-3.697314E28,-3.697314E28,0.0000000,0
4,Port 0x01: JJH Probe  s/n:3E4C880C,790959283,1780408254.718634328,1,Too Few Markers,-3.697314E28,-3.697314E28,-3.697314E28,-3.697314E28,-3.697314E28,-3.697314E28,-3.697314E28,0.0000000,3,Missing,-3.697314E28,-3.697314E28,-3.697314E28,Missing,-3.697314E28,-3.697314E28,-3.697314E28,Missing,-3.697314E28,-3.697314E28,-3.697314E28,Port 0x02: JJH T tibia tracker  s/n:3E4C8800,790959283,1780408254.718634328,1,OK,0.6709200,-0.0661200,-0.0840957,-0.7337728,263.866,-29.086,-1817.075,0.1498695,3,OK,263.818,-29.165,-1817.059,OK,177.397,11.982,-1827.391,OK,272.165,58.416,-1835.938,Port 0x03: JJH Y femur tracker  s/n:3E4C8801,790959283,1780408254.718634328,1,OK,0.8813917,0.0448123,0.4518947,-0.1301219,54.498,-87.639,-1736.200,0.4473430,3,OK,54.800,-87.587,-1736.585,OK,43.624,0.513,-1692.177,OK,2.256,-69.841,-1660.454,Passive Strays,790959283,1780408254.718,1,OK,-3.697314E28,-3.697314E28,-3.697314E28,-3.697314E28,-3.697314E28,-3.697314E28,-3.697314E28,0.0000000,0
4,Port 0x01: JJH Probe  s/n:3E4C880C,790959286,1780408254.768634328,1,Too Few Markers,-3.697314E28,-3.697314E28,-3.697314E28,-3.697314E28,-3.697314E28,-3.697314E28,-3.697314E28,0.0000000,3,Missing,-3.697314E28,-3.697314E28,-3.697314E28,Missing,-3.697314E28,-3.697314E28,-3.697314E28,Missing,-3.697314E28,-3.697314E28,-3.697314E28,Port 0x02: JJH T tibia tracker  s/n:3E4C8800,790959286,1780408254.768634328,1,OK,0.6719847,-0.0633024,-0.0816566,-0.7333223,263.568,-29.204,-1816.243,0.1534673,3,OK,263.523,-29.291,-1816.226,OK,177.006,11.742,-1826.308,OK,271.675,58.460,-1834.452,Port 0x03: JJH Y femur tracker  s/n:3E4C8801,790959286,1780408254.768634328,1,OK,0.8771436,0.0428236,0.4601518,-0.1305590,56.364,-87.714,-1734.002,0.4338689,3,OK,56.646,-87.644,-1734.371,OK,46.274,0.489,-1689.913,OK,5.559,-69.859,-1657.315,Passive Strays,790959286,1780408254.768,1,OK,-3.697314E28,-3.697314E28,-3.697314E28,-3.697314E28,-3.697314E28,-3.697314E28,-3.697314E28,0.0000000,0
4,Port 0x01: JJH Probe  s/n:3E4C880C,790959289,1780408254.818634328,1,Too Few Markers,-3.697314E28,-3.697314E28,-3.697314E28,-3.697314E28,-3.697314E28,-3.697314E28,-3.697314E28,0.0000000,3,Missing,-3.697314E28,-3.697314E28,-3.697314E28,Missing,-3.697314E28,-3.697314E28,-3.697314E28,Missing,-3.697314E28,-3.697314E28,-3.697314E28,Port 0x02: JJH T tibia tracker  s/n:3E4C8800,790959289,1780408254.818634328,1,OK,0.6736745,-0.0586023,-0.0780431,-0.7325556,263.067,-29.321,-1814.811,0.1471535,3,OK,263.020,-29.393,-1814.798,OK,176.367,11.407,-1824.542,OK,270.869,58.569,-1831.977,Port 0x03: JJH Y femur tracker  s/n:3E4C8801,790959289,1780408254.818634328,1,OK,0.8728793,0.0412050,0.4683280,-0.1305862,58.213,-87.902,-1731.607,0.4532155,3,OK,58.499,-87.817,-1731.990,OK,48.864,0.294,-1687.382,OK,8.815,-70.074,-1653.966,Passive Strays,790959289,1780408254.818,1,OK,-3.697314E28,-3.697314E28,-3.697314E28,-3.697314E28,-3.697314E28,-3.697314E28,-3.697314E28,0.0000000,0
4,Port 0x01: JJH Probe  s/n:3E4C880C,790959292,1780408254.868634328,1,Too Few Markers,-3.697314E28,-3.697314E28,-3.697314E28,-3.697314E28,-3.697314E28,-3.697314E28,-3.697314E28,0.0000000,3,Missing,-3.697314E28,-3.697314E28,-3.697314E28,Missing,-3.697314E28,-3.697314E28,-3.697314E28,Missing,-3.697314E28,-3.697314E28,-3.697314E28,Port 0x02: JJH T tibia tracker  s/n:3E4C8800,790959292,1780408254.868634328,1,OK,0.6752416,-0.0550739,-0.0737343,-0.7318326,262.322,-29.428,-1813.081,0.1638506,3,OK,262.273,-29.507,-1813.068,OK,175.464,11.108,-1822.275,OK,269.833,58.688,-1829.277,Port 0x03: JJH Y femur tracker  s/n:3E4C8801,790959292,1780408254.868634328,1,OK,0.8685746,0.0394379,0.4762727,-0.1310994,59.902,-87.807,-1728.849,0.4396165,3,OK,60.170,-87.711,-1729.217,OK,51.344,0.432,-1684.564,OK,11.945,-69.910,-1650.348,Passive Strays,790959292,1780408254.868,1,OK,-3.697314E28,-3.697314E28,-3.697314E28,-3.697314E28,-3.697314E28,-3.697314E28,-3.697314E28,0.0000000,0
4,Port 0x01: JJH Probe  s/n:3E4C880C,790959295,1780408254.918634328,1,Too Few Markers,-3.697314E28,-3.697314E28,-3.697314E28,-3.697314E28,-3.697314E28,-3.697314E28,-3.697314E28,0.0000000,3,Missing,-3.697314E28,-3.697314E28,-3.697314E28,Missing,-3.697314E28,-3.697314E28,-3.697314E28,Missing,-3.697314E28,-3.697314E28,-3.697314E28,Port 0x02: JJH T tibia tracker  s/n:3E4C8800,790959295,1780408254.918634328,1,OK,0.6766844,-0.0520451,-0.0701251,-0.7310760,261.495,-29.519,-1811.248,0.1580476,3,OK,261.445,-29.586,-1811.238,OK,174.504,10.824,-1819.996,OK,268.714,58.759,-1826.616,Port 0x03: JJH Y femur tracker  s/n:3E4C8801,790959295,1780408254.918634328,1,OK,0.8650475,0.0383997,0.4827209,-0.1311440,61.004,-88.011,-1725.967,0.4305503,3,OK,61.258,-87.906,-1726.325,OK,53.060,0.211,-1681.552,OK,14.215,-70.149,-1646.773,Passive Strays,790959295,1780408254.918,1,OK,-3.697314E28,-3.697314E28,-3.697314E28,-3.697314E28,-3.697314E28,-3.697314E28,-3.697314E28,0.0000000,0
4,Port 0x01: JJH Probe  s/n:3E4C880C,790959298,1780408254.968634328,1,Too Few Markers,-3.697314E28,-3.697314E28,-3.697314E28,-3.697314E28,-3.697314E28,-3.697314E28,-3.697314E28,0.0000000,3,Missing,-3.697314E28,-3.697314E28,-3.697314E28,Missing,-3.697314E28,-3.697314E28,-3.697314E28,Missing,-3.697314E28,-3.697314E28,-3.697314E28,Port 0x02: JJH T tibia tracker  s/n:3E4C8800,790959298,1780408254.968634328,1,OK,0.6778991,-0.0513234,-0.0666872,-0.7303229,260.292,-29.834,-1809.059,0.1463978,3,OK,260.248,-29.888,-1809.050,OK,173.166,10.344,-1817.229,OK,267.222,58.535,-1823.919,Port 0x03: JJH Y femur tracker  s/n:3E4C8801,790959298,1780408254.968634328,1,OK,0.8629282,0.0382946,0.4864526,-0.1313481,60.901,-88.275,-1722.999,0.4773598,3,OK,61.187,-88.206,-1723.427,OK,53.376,-0.068,-1678.434,OK,14.772,-70.428,-1643.342,Passive Strays,790959298,1780408254.968,1,OK,-3.697314E28,-3.697314E28,-3.697314E28,-3.697314E28,-3.697314E28,-3.697314E28,-3.697314E28,0.0000000,0
4,Port 0x01: JJH Probe  s/n:3E4C880C,790959301,1780408255.018667788,1,Too Few Markers,-3.697314E28,-3.697314E28,-3.697314E28,-3.697314E28,-3.697314E28,-3.697314E28,-3.697314E28,0.0000000,3,Missing,-3.697314E28,-3.697314E28,-3.697314E28,Missing,-3.697314E28,-3.697314E28,-3.697314E28,Missing,-3.697314E28,-3.697314E28,-3.697314E28,Port 0x02: JJH T tibia tracker  s/n:3E4C8800,790959301,1780408255.018667788,1,OK,0.6786364,-0.0510827,-0.0652743,-0.7297825,259.540,-30.057,-1807.451,0.1708091,3,OK,259.479,-30.124,-1807.441,OK,172.330,9.975,-1815.374,OK,266.315,58.389,-1822.116,Port 0x03: JJH Y femur tracker  s/n:3E4C8801,790959301,1780408255.018667788,1,OK,0.8605466,0.0377753,0.4906555,-0.1314905,61.462,-88.568,-1720.361,0.4436824,3,OK,61.720,-88.475,-1720.743,OK,54.375,-0.391,-1675.708,OK,16.135,-70.745,-1640.298,Passive Strays,790959301,1780408255.018,1,OK,-3.697314E28,-3.697314E28,-3.697314E28,-3.697314E28,-3.697314E28,-3.697314E28,-3.697314E28,0.0000000,0
4,Port 0x01: JJH Probe  s/n:3E4C880C,790959304,1780408255.068667788,1,Too Few Markers,-3.697314E28,-3.697314E28,-3.697314E28,-3.697314E28,-3.697314E28,-3.697314E28,-3.697314E28,0.0000000,3,Missing,-3.697314E28,-3.697314E28,-3.697314E28,Missing,-3.697314E28,-3.697314E28,-3.697314E28,Missing,-3.697314E28,-3.697314E28,-3.697314E28,Port 0x02: JJH T tibia tracker  s/n:3E4C8800,790959304,1780408255.068667788,1,OK,0.6791986,-0.0489345,-0.0638080,-0.7295363,259.465,-30.218,-1806.819,0.1596910,3,OK,259.419,-30.288,-1806.808,OK,172.210,9.755,-1814.631,OK,266.129,58.299,-1821.026,Port 0x03: JJH Y femur tracker  s/n:3E4C8801,790959304,1780408255.068667788,1,OK,0.8566898,0.0364818,0.4974751,-0.1314159,63.414,-88.623,-1718.452,0.4406573,3,OK,63.662,-88.521,-1718.830,OK,56.954,-0.460,-1673.700,OK,19.352,-70.831,-1637.689,Passive Strays,790959304,1780408255.068,1,OK,-3.697314E28,-3.697314E28,-3.697314E28,-3.697314E28,-3.697314E28,-3.697314E28,-3.697314E28,0.0000000,0
4,Port 0x01: JJH Probe  s/n:3E4C880C,790959307,1780408255.118667788,1,Too Few Markers,-3.697314E28,-3.697314E28,-3.697314E28,-3.697314E28,-3.697314E28,-3.697314E28,-3.697314E28,0.0000000,3,Missing,-3.697314E28,-3.697314E28,-3.697314E28,Missing,-3.697314E28,-3.697314E28,-3.697314E28,Missing,-3.697314E28,-3.697314E28,-3.697314E28,Port 0x02: JJH T tibia tracker  s/n:3E4C8800,790959307,1780408255.118667788,1,OK,0.6803887,-0.0442503,-0.0589712,-0.7291334,259.287,-30.570,-1805.533,0.1676341,3,OK,259.217,-30.636,-1805.525,OK,171.951,9.280,-1812.812,OK,265.746,58.156,-1818.546,Port 0x03: JJH Y femur tracker  s/n:3E4C8801,790959307,1780408255.118667788,1,OK,0.8518963,0.0345077,0.5057470,-0.1315370,65.651,-88.826,-1716.435,0.4559073,3,OK,65.899,-88.703,-1716.821,OK,59.979,-0.629,-1671.675,OK,23.131,-71.020,-1634.821,Passive Strays,790959307,1780408255.118,1,OK,-3.697314E28,-3.697314E28,-3.697314E28,-3.697314E28,-3.697314E28,-3.697314E28,-3.697314E28,0.0000000,0
4,Port 0x01: JJH Probe  s/n:3E4C880C,790959310,1780408255.168667788,1,Too Few Markers,-3.697314E28,-3.697314E28,-3.697314E28,-3.697314E28,-3.697314E28,-3.697314E28,-3.697314E28,0.0000000,3,Missing,-3.697314E28,-3.697314E28,-3.697314E28,Missing,-3.697314E28,-3.697314E28,-3.697314E28,Missing,-3.697314E28,-3.697314E28,-3.697314E28,Port 0x02: JJH T tibia tracker  s/n:3E4C8800,790959310,1780408255.168667788,1,OK,0.6816744,-0.0385095,-0.0530906,-0.7287101,259.055,-30.795,-1803.918,0.1737356,3,OK,259.002,-30.872,-1803.909,OK,171.597,8.947,-1810.558,OK,265.290,58.156,-1815.469,Port 0x03: JJH Y femur tracker  s/n:3E4C8801,790959310,1780408255.168667788,1,OK,0.8473669,0.0324863,0.5133806,-0.1317361,67.973,-88.796,-1714.372,0.4107449,3,OK,68.176,-88.618,-1714.672,OK,63.031,-0.569,-1669.661,OK,26.947,-70.956,-1632.085,Passive Strays,790959310,1780408255.168,1,OK,-3.697314E28,-3.697314E28,-3.697314E28,-3.697314E28,-3.697314E28,-3.697314E28,-3.697314E28,0.0000000,0
4,Port 0x01: JJH Probe  s/n:3E4C880C,790959313,1780408255.218667788,1,Too Few Markers,-3.697314E28,-3.697314E28,-3.697314E28,-3.697314E28,-3.697314E28,-3.697314E28,-3.697314E28,0.0000000,3,Missing,-3.697314E28,-3.697314E28,-3.697314E28,Missing,-3.697314E28,-3.697314E28,-3.697314E28,Missing,-3.697314E28,-3.697314E28,-3.697314E28,Port 0x02: JJH T tibia tracker  s/n:3E4C8800,790959313,1780408255.218667788,1,OK,0.6831394,-0.0332003,-0.0484016,-0.7279256,258.751,-31.204,-1802.425,0.1831898,3,OK,258.687,-31.277,-1802.417,OK,171.164,8.319,-1808.604,OK,264.707,57.929,-1812.714,Port 0x03: JJH Y femur tracker  s/n:3E4C8801,790959313,1780408255.218667788,1,OK,0.8427155,0.0309855,0.5210579,-0.1317920,70.328,-88.951,-1712.456,0.4032992,3,OK,70.519,-88.767,-1712.745,OK,66.136,-0.719,-1667.688,OK,30.798,-71.120,-1629.454,Passive Strays,790959313,1780408255.218,1,OK,-3.697314E28,-3.697314E28,-3.697314E28,-3.697314E28,-3.697314E28,-3.697314E28,-3.697314E28,0.0000000,0
4,Port 0x01: JJH Probe  s/n:3E4C880C,790959316,1780408255.268667788,1,Too Few Markers,-3.697314E28,-3.697314E28,-3.697314E28,-3.697314E28,-3.697314E28,-3.697314E28,-3.697314E28,0.0000000,3,Missing,-3.697314E28,-3.697314E28,-3.697314E28,Missing,-3.697314E28,-3.697314E28,-3.697314E28,Missing,-3.697314E28,-3.697314E28,-3.697314E28,Port 0x02: JJH T tibia tracker  s/n:3E4C8800,790959316,1780408255.268667788,1,OK,0.6844078,-0.0284940,-0.0446323,-0.7271739,258.460,-31.469,-1801.222,0.1726604,3,OK,258.399,-31.540,-1801.216,OK,170.769,7.863,-1807.066,OK,264.144,57.789,-1810.438,Port 0x03: JJH Y femur tracker  s/n:3E4C8801,790959316,1780408255.268667788,1,OK,0.8381817,0.0294435,0.5284429,-0.1316535,72.460,-88.980,-1710.723,0.4348552,3,OK,72.669,-88.821,-1711.072,OK,68.953,-0.735,-1665.896,OK,34.356,-71.156,-1626.999,Passive Strays,790959316,1780408255.268,1,OK,-3.697314E28,-3.697314E28,-3.697314E28,-3.697314E28,-3.697314E28,-3.697314E28,-3.697314E28,0.0000000,0
4,Port 0x01: JJH Probe  s/n:3E4C880C,790959319,1780408255.318667789,1,Too Few Markers,-3.697314E28,-3.697314E28,-3.697314E28,-3.697314E28,-3.697314E28,-3.697314E28,-3.697314E28,0.0000000,3,Missing,-3.697314E28,-3.697314E28,-3.697314E28,Missing,-3.697314E28,-3.697314E28,-3.697314E28,Missing,-3.697314E28,-3.697314E28,-3.697314E28,Port 0x02: JJH T tibia tracker  s/n:3E4C8800,790959319,1780408255.318667789,1,OK,0.6856093,-0.0246139,-0.0402314,-0.7264403,258.188,-31.783,-1800.157,0.1772771,3,OK,258.123,-31.854,-1800.152,OK,170.379,7.360,-1805.494,OK,263.618,57.596,-1808.329,Port 0x03: JJH Y femur tracker  s/n:3E4C8801,790959319,1780408255.318667789,1,OK,0.8341128,0.0279039,0.5348880,-0.1318025,74.551,-89.034,-1709.081,0.3938804,3,OK,74.729,-88.860,-1709.374,OK,71.678,-0.761,-1664.274,OK,37.766,-71.177,-1624.849,Passive Strays,790959319,1780408255.318,1,OK,-3.697314E28,-3.697314E28,-3.697314E28,-3.697314E28,-3.697314E28,-3.697314E28,-3.697314E28,0.0000000,0
4,Port 0x01: JJH Probe  s/n:3E4C880C,790959322,1780408255.368667789,1,Too Few Markers,-3.697314E28,-3.697314E28,-3.697314E28,-3.697314E28,-3.697314E28,-3.697314E28,-3.697314E28,0.0000000,3,Missing,-3.697314E28,-3.697314E28,-3.697314E28,Missing,-3.697314E28,-3.697314E28,-3.697314E28,Missing,-3.697314E28,-3.697314E28,-3.697314E28,Port 0x02: JJH T tibia tracker  s/n:3E4C8800,790959322,1780408255.368667789,1,OK,0.6868498,-0.0190202,-0.0358772,-0.7256641,257.904,-32.216,-1798.846,0.1800633,3,OK,257.843,-32.282,-1798.842,OK,169.977,6.723,-1803.814,OK,263.080,57.282,-1805.755,Port 0x03: JJH Y femur tracker  s/n:3E4C8801,790959322,1780408255.368667789,1,OK,0.8297975,0.0270354,0.5416787,-0.1314890,76.699,-89.146,-1707.479,0.3972490,3,OK,76.878,-89.010,-1707.805,OK,74.473,-0.916,-1662.513,OK,41.278,-71.354,-1622.654,Passive Strays,790959322,1780408255.368,1,OK,-3.697314E28,-3.697314E28,-3.697314E28,-3.697314E28,-3.697314E28,-3.697314E28,-3.697314E28,0.0000000,0
4,Port 0x01: JJH Probe  s/n:3E4C880C,790959325,1780408255.418667790,1,Too Few Markers,-3.697314E28,-3.697314E28,-3.697314E28,-3.697314E28,-3.697314E28,-3.697314E28,-3.697314E28,0.0000000,3,Missing,-3.697314E28,-3.697314E28,-3.697314E28,Missing,-3.697314E28,-3.697314E28,-3.697314E28,Missing,-3.697314E28,-3.697314E28,-3.697314E28,Port 0x02: JJH T tibia tracker  s/n:3E4C8800,790959325,1780408255.418667790,1,OK,0.6880060,-0.0133123,-0.0307158,-0.7249325,257.637,-32.582,-1797.387,0.1786344,3,OK,257.581,-32.660,-1797.384,OK,169.603,6.182,-1801.855,OK,262.552,57.032,-1802.919,Port 0x03: JJH Y femur tracker  s/n:3E4C8801,790959325,1780408255.418667790,1,OK,0.8254482,0.0257536,0.5483254,-0.1315722,78.738,-89.111,-1705.998,0.4160424,3,OK,78.922,-88.994,-1706.361,OK,77.186,-0.871,-1661.007,OK,44.673,-71.294,-1620.600,Passive Strays,790959325,1780408255.418,1,OK,-3.697314E28,-3.697314E28,-3.697314E28,-3.697314E28,-3.697314E28,-3.697314E28,-3.697314E28,0.0000000,0
4,Port 0x01: JJH Probe  s/n:3E4C880C,790959328,1780408255.468667790,1,Too Few Markers,-3.697314E28,-3.697314E28,-3.697314E28,-3.697314E28,-3.697314E28,-3.697314E28,-3.697314E28,0.0000000,3,Missing,-3.697314E28,-3.697314E28,-3.697314E28,Missing,-3.697314E28,-3.697314E28,-3.697314E28,Missing,-3.697314E28,-3.697314E28,-3.697314E28,Port 0x02: JJH T tibia tracker  s/n:3E4C8800,790959328,1780408255.468667790,1,OK,0.6892625,-0.0087829,-0.0265393,-0.7239722,257.342,-32.947,-1795.836,0.2013668,3,OK,257.267,-33.031,-1795.834,OK,169.181,5.558,-1799.893,OK,261.986,56.768,-1800.266,Port 0x03: JJH Y femur tracker  s/n:3E4C8801,790959328,1780408255.468667790,1,OK,0.8214545,0.0242798,0.5544165,-0.1313219,80.763,-89.223,-1704.514,0.4040697,3,OK,80.931,-89.059,-1704.832,OK,79.774,-0.988,-1659.568,OK,47.944,-71.447,-1618.641,Passive Strays,790959328,1780408255.468,1,OK,-3.697314E28,-3.697314E28,-3.697314E28,-3.697314E28,-3.697314E28,-3.697314E28,-3.697314E28,0.0000000,0
4,Port 0x01: JJH Probe  s/n:3E4C880C,790959331,1780408255.518667790,1,Too Few Markers,-3.697314E28,-3.697314E28,-3.697314E28,-3.697314E28,-3.697314E28,-3.697314E28,-3.697314E28,0.0000000,3,Missing,-3.697314E28,-3.697314E28,-3.697314E28,Missing,-3.697314E28,-3.697314E28,-3.697314E28,Missing,-3.697314E28,-3.697314E28,-3.697314E28,Port 0x02: JJH T tibia tracker  s/n:3E4C8800,790959331,1780408255.518667790,1,OK,0.6907156,-0.0034825,-0.0216801,-0.7227931,257.043,-33.342,-1794.546,0.1910802,3,OK,256.982,-33.431,-1794.544,OK,168.736,4.885,-1798.131,OK,261.324,56.437,-1797.687,Port 0x03: JJH Y femur tracker  s/n:3E4C8801,790959331,1780408255.518667790,1,OK,0.8174602,0.0229346,0.5603627,-0.1312495,82.806,-89.315,-1703.176,0.3890712,3,OK,82.964,-89.166,-1703.488,OK,82.391,-1.059,-1658.237,OK,51.237,-71.526,-1616.865,Passive Strays,790959331,1780408255.518,1,OK,-3.697314E28,-3.697314E28,-3.697314E28,-3.697314E28,-3.697314E28,-3.697314E28,-3.697314E28,0.0000000,0
4,Port 0x01: JJH Probe  s/n:3E4C880C,790959334,1780408255.568667789,1,Too Few Markers,-3.697314E28,-3.697314E28,-3.697314E28,-3.697314E28,-3.697314E28,-3.697314E28,-3.697314E28,0.0000000,3,Missing,-3.697314E28,-3.697314E28,-3.697314E28,Missing,-3.697314E28,-3.697314E28,-3.697314E28,Missing,-3.697314E28,-3.697314E28,-3.697314E28,Port 0x02: JJH T tibia tracker  s/n:3E4C8800,790959334,1780408255.568667789,1,OK,0.6920044,0.0016641,-0.0175902,-0.7216771,256.689,-33.561,-1793.252,0.1914958,3,OK,256.623,-33.642,-1793.252,OK,168.249,4.387,-1796.495,OK,260.656,56.262,-1795.221,Port 0x03: JJH Y femur tracker  s/n:3E4C8801,790959334,1780408255.568667789,1,OK,0.8135756,0.0217020,0.5660496,-0.1311934,84.689,-89.309,-1701.885,0.3797978,3,OK,84.835,-89.153,-1702.179,OK,84.833,-1.054,-1656.964,OK,54.327,-71.510,-1615.172,Passive Strays,790959334,1780408255.568,1,OK,-3.697314E28,-3.697314E28,-3.697314E28,-3.697314E28,-3.697314E28,-3.697314E28,-3.697314E28,0.0000000,0
4,Port 0x01: JJH Probe  s/n:3E4C880C,790959337,1780408255.618667789,1,Too Few Markers,-3.697314E28,-3.697314E28,-3.697314E28,-3.697314E28,-3.697314E28,-3.697314E28,-3.697314E28,0.0000000,3,Missing,-3.697314E28,-3.697314E28,-3.697314E28,Missing,-3.697314E28,-3.697314E28,-3.697314E28,Missing,-3.697314E28,-3.697314E28,-3.697314E28,Port 0x02: JJH T tibia tracker  s/n:3E4C8800,790959337,1780408255.618667789,1,OK,0.6930628,0.0055649,-0.0134643,-0.7207300,256.476,-33.787,-1792.033,0.2066753,3,OK,256.402,-33.882,-1792.034,OK,167.924,3.923,-1794.838,OK,260.183,56.087,-1792.985,Port 0x03: JJH Y femur tracker  s/n:3E4C8801,790959337,1780408255.618667789,1,OK,0.8100349,0.0203999,0.5711678,-0.1311284,86.485,-89.259,-1700.761,0.3594085,3,OK,86.616,-89.091,-1701.020,OK,87.123,-0.982,-1655.898,OK,57.220,-71.449,-1613.713,Passive Strays,790959337,1780408255.618,1,OK,-3.697314E28,-3.697314E28,-3.697314E28,-3.697314E28,-3.697314E28,-3.697314E28,-3.697314E28,0.0000000,0
4,Port 0x01: JJH Probe  s/n:3E4C880C,790959340,1780408255.668667790,1,Too Few Markers,-3.697314E28,-3.697314E28,-3.697314E28,-3.697314E28,-3.697314E28,-3.697314E28,-3.697314E28,0.0000000,3,Missing,-3.697314E28,-3.697314E28,-3.697314E28,Missing,-3.697314E28,-3.697314E28,-3.697314E28,Missing,-3.697314E28,-3.697314E28,-3.697314E28,Port 0x02: JJH T tibia tracker  s/n:3E4C8800,790959340,1780408255.668667790,1,OK,0.6940119,0.0103872,-0.0100302,-0.7198188,256.260,-34.320,-1790.649,0.2081019,3,OK,256.174,-34.406,-1790.651,OK,167.617,3.164,-1793.210,OK,259.721,55.567,-1790.551,Port 0x03: JJH Y femur tracker  s/n:3E4C8801,790959340,1780408255.668667790,1,OK,0.8064205,0.0194647,0.5763562,-0.1308461,88.209,-89.499,-1699.686,0.3868238,3,OK,88.351,-89.342,-1699.993,OK,89.350,-1.233,-1654.805,OK,60.029,-71.729,-1612.221,Passive Strays,790959340,1780408255.668,1,OK,-3.697314E28,-3.697314E28,-3.697314E28,-3.697314E28,-3.697314E28,-3.697314E28,-3.697314E28,0.0000000,0
4,Port 0x01: JJH Probe  s/n:3E4C880C,790959343,1780408255.718667790,1,Too Few Markers,-3.697314E28,-3.697314E28,-3.697314E28,-3.697314E28,-3.697314E28,-3.697314E28,-3.697314E28,0.0000000,3,Missing,-3.697314E28,-3.697314E28,-3.697314E28,Missing,-3.697314E28,-3.697314E28,-3.697314E28,Missing,-3.697314E28,-3.697314E28,-3.697314E28,Port 0x02: JJH T tibia tracker  s/n:3E4C8800,790959343,1780408255.718667790,1,OK,0.6946732,0.0153900,-0.0044992,-0.7191467,256.094,-34.753,-1789.453,0.2036222,3,OK,256.009,-34.842,-1789.457,OK,167.378,2.584,-1791.416,OK,259.359,55.128,-1788.020,Port 0x03: JJH Y femur tracker  s/n:3E4C8801,790959343,1780408255.718667790,1,OK,0.8028550,0.0186125,0.5813958,-0.1305996,89.877,-89.512,-1698.674,0.4020175,3,OK,90.023,-89.373,-1699.013,OK,91.515,-1.262,-1653.764,OK,62.775,-71.775,-1610.842,Passive Strays,790959343,1780408255.718,1,OK,-3.697314E28,-3.697314E28,-3.697314E28,-3.697314E28,-3.697314E28,-3.697314E28,-3.697314E28,0.0000000,0
4,Port 0x01: JJH Probe  s/n:3E4C880C,790959346,1780408255.768667790,1,Too Few Markers,-3.697314E28,-3.697314E28,-3.697314E28,-3.697314E28,-3.697314E28,-3.697314E28,-3.697314E28,0.0000000,3,Missing,-3.697314E28,-3.697314E28,-3.697314E28,Missing,-3.697314E28,-3.697314E28,-3.697314E28,Missing,-3.697314E28,-3.697314E28,-3.697314E28,Port 0x02: JJH T tibia tracker  s/n:3E4C8800,790959346,1780408255.768667790,1,OK,0.6951945,0.0199168,-0.0008419,-0.7185452,256.016,-35.058,-1788.200,0.2052404,3,OK,255.936,-35.147,-1788.204,OK,167.227,2.146,-1789.861,OK,259.125,54.806,-1785.725,Port 0x03: JJH Y femur tracker  s/n:3E4C8801,790959346,1780408255.768667790,1,OK,0.8000389,0.0176020,0.5853120,-0.1305291,91.396,-89.368,-1697.815,0.3902327,3,OK,91.531,-89.211,-1698.123,OK,93.412,-1.114,-1652.964,OK,65.155,-71.615,-1609.755,Passive Strays,790959346,1780408255.768,1,OK,-3.697314E28,-3.697314E28,-3.697314E28,-3.697314E28,-3.697314E28,-3.697314E28,-3.697314E28,0.0000000,0
4,Port 0x01: JJH Probe  s/n:3E4C880C,790959349,1780408255.818667789,1,Too Few Markers,-3.697314E28,-3.697314E28,-3.697314E28,-3.697314E28,-3.697314E28,-3.697314E28,-3.697314E28,0.0000000,3,Missing,-3.697314E28,-3.697314E28,-3.697314E28,Missing,-3.697314E28,-3.697314E28,-3.697314E28,Missing,-3.697314E28,-3.697314E28,-3.697314E28,Port 0x02: JJH T tibia tracker  s/n:3E4C8800,790959349,1780408255.818667789,1,OK,0.6956610,0.0224790,0.0024927,-0.7180141,255.877,-35.388,-1787.337,0.2139562,3,OK,255.792,-35.473,-1787.343,OK,167.023,1.682,-1788.607,OK,258.862,54.462,-1784.116,Port 0x03: JJH Y femur tracker  s/n:3E4C8801,790959349,1780408255.818667789,1,OK,0.7983144,0.0173233,0.5877032,-0.1303798,92.254,-89.349,-1697.348,0.3932437,3,OK,92.388,-89.247,-1697.696,OK,94.505,-1.095,-1652.425,OK,66.540,-71.600,-1609.136,Passive Strays,790959349,1780408255.818,1,OK,-3.697314E28,-3.697314E28,-3.697314E28,-3.697314E28,-3.697314E28,-3.697314E28,-3.697314E28,0.0000000,0
4,Port 0x01: JJH Probe  s/n:3E4C880C,790959352,1780408255.868667789,1,Too Few Markers,-3.697314E28,-3.697314E28,-3.697314E28,-3.697314E28,-3.697314E28,-3.697314E28,-3.697314E28,0.0000000,3,Missing,-3.697314E28,-3.697314E28,-3.697314E28,Missing,-3.697314E28,-3.697314E28,-3.697314E28,Missing,-3.697314E28,-3.697314E28,-3.697314E28,Port 0x02: JJH T tibia tracker  s/n:3E4C8800,790959352,1780408255.868667789,1,OK,0.6956536,0.0230420,0.0024865,-0.7180034,255.782,-35.383,-1787.001,0.2090696,3,OK,255.689,-35.459,-1787.006,OK,166.941,1.686,-1788.314,OK,258.761,54.458,-1783.708,Port 0x03: JJH Y femur tracker  s/n:3E4C8801,790959352,1780408255.868667789,1,OK,0.7983717,0.0169062,0.5875712,-0.1306786,92.203,-89.268,-1697.350,0.3599137,3,OK,92.324,-89.131,-1697.635,OK,94.454,-0.967,-1652.548,OK,66.479,-71.463,-1609.196,Passive Strays,790959352,1780408255.868,1,OK,-3.697314E28,-3.697314E28,-3.697314E28,-3.697314E28,-3.697314E28,-3.697314E28,-3.697314E28,0.0000000,0
4,Port 0x01: JJH Probe  s/n:3E4C880C,790959355,1780408255.918667790,1,Too Few Markers,-3.697314E28,-3.697314E28,-3.697314E28,-3.697314E28,-3.697314E28,-3.697314E28,-3.697314E28,0.0000000,3,Missing,-3.697314E28,-3.697314E28,-3.697314E28,Missing,-3.697314E28,-3.697314E28,-3.697314E28,Missing,-3.697314E28,-3.697314E28,-3.697314E28,Port 0x02: JJH T tibia tracker  s/n:3E4C8800,790959355,1780408255.918667790,1,OK,0.6956318,0.0231004,0.0013648,-0.7180257,255.723,-35.170,-1787.170,0.2092621,3,OK,255.636,-35.264,-1787.176,OK,166.890,1.914,-1788.685,OK,258.699,54.684,-1784.009,Port 0x03: JJH Y femur tracker  s/n:3E4C8801,790959355,1780408255.918667790,1,OK,0.8007335,0.0175671,0.5842736,-0.1309260,91.058,-89.141,-1698.066,0.3535349,3,OK,91.177,-88.989,-1698.329,OK,93.002,-0.841,-1653.271,OK,64.626,-71.310,-1610.141,Passive Strays,790959355,1780408255.918,1,OK,-3.697314E28,-3.697314E28,-3.697314E28,-3.697314E28,-3.697314E28,-3.697314E28,-3.697314E28,0.0000000,0
4,Port 0x01: JJH Probe  s/n:3E4C880C,790959358,1780408255.968667790,1,Too Few Markers,-3.697314E28,-3.697314E28,-3.697314E28,-3.697314E28,-3.697314E28,-3.697314E28,-3.697314E28,0.0000000,3,Missing,-3.697314E28,-3.697314E28,-3.697314E28,Missing,-3.697314E28,-3.697314E28,-3.697314E28,Missing,-3.697314E28,-3.697314E28,-3.697314E28,Port 0x02: JJH T tibia tracker  s/n:3E4C8800,790959358,1780408255.968667790,1,OK,0.6954717,0.0201589,-0.0013548,-0.7182694,255.565,-34.801,-1787.880,0.2045772,3,OK,255.489,-34.901,-1787.885,OK,166.755,2.339,-1789.651,OK,258.597,55.071,-1785.439,Port 0x03: JJH Y femur tracker  s/n:3E4C8801,790959358,1780408255.968667790,1,OK,0.8053398,0.0188579,0.5778088,-0.1311839,88.795,-89.084,-1699.430,0.3714541,3,OK,88.928,-88.921,-1699.712,OK,90.110,-0.777,-1654.637,OK,60.954,-71.233,-1611.902,Passive Strays,790959358,1780408255.968,1,OK,-3.697314E28,-3.697314E28,-3.697314E28,-3.697314E28,-3.697314E28,-3.697314E28,-3.697314E28,0.0000000,0
4,Port 0x01: JJH Probe  s/n:3E4C880C,790959361,1780408256.018667790,1,Too Few Markers,-3.697314E28,-3.697314E28,-3.697314E28,-3.697314E28,-3.697314E28,-3.697314E28,-3.697314E28,0.0000000,3,Missing,-3.697314E28,-3.697314E28,-3.697314E28,Missing,-3.697314E28,-3.697314E28,-3.697314E28,Missing,-3.697314E28,-3.697314E28,-3.697314E28,Port 0x02: JJH T tibia tracker  s/n:3E4C8800,790959361,1780408256.018667790,1,OK,0.6947686,0.0136529,-0.0083513,-0.7190552,255.519,-34.045,-1789.426,0.1955207,3,OK,255.436,-34.123,-1789.429,OK,166.805,3.265,-1791.939,OK,258.766,55.833,-1788.699,Port 0x03: JJH Y femur tracker  s/n:3E4C8801,790959361,1780408256.018667790,1,OK,0.8116976,0.0208038,0.5687358,-0.1313536,85.619,-88.892,-1701.438,0.3842250,3,OK,85.765,-88.732,-1701.737,OK,86.036,-0.594,-1656.603,OK,55.829,-71.039,-1614.524,Passive Strays,790959361,1780408256.018,1,OK,-3.697314E28,-3.697314E28,-3.697314E28,-3.697314E28,-3.697314E28,-3.697314E28,-3.697314E28,0.0000000,0
4,Port 0x01: JJH Probe  s/n:3E4C880C,790959364,1780408256.068667789,1,Too Few Markers,-3.697314E28,-3.697314E28,-3.697314E28,-3.697314E28,-3.697314E28,-3.697314E28,-3.697314E28,0.0000000,3,Missing,-3.697314E28,-3.697314E28,-3.697314E28,Missing,-3.697314E28,-3.697314E28,-3.697314E28,Missing,-3.697314E28,-3.697314E28,-3.697314E28,Port 0x02: JJH T tibia tracker  s/n:3E4C8800,790959364,1780408256.068667789,1,OK,0.6936117,0.0032341,-0.0170193,-0.7201408,255.710,-32.983,-1792.300,0.2007933,3,OK,255.653,-33.073,-1792.300,OK,167.090,4.576,-1795.559,OK,259.283,56.873,-1793.999,Port 0x03: JJH Y femur tracker  s/n:3E4C8801,790959364,1780408256.068667789,1,OK,0.8194132,0.0232596,0.5573969,-0.1316422,81.841,-88.667,-1704.021,0.3812973,3,OK,81.996,-88.500,-1704.311,OK,81.169,-0.375,-1659.171,OK,49.670,-70.808,-1617.957,Passive Strays,790959364,1780408256.068,1,OK,-3.697314E28,-3.697314E28,-3.697314E28,-3.697314E28,-3.697314E28,-3.697314E28,-3.697314E28,0.0000000,0
4,Port 0x01: JJH Probe  s/n:3E4C880C,790959367,1780408256.118667789,1,Too Few Markers,-3.697314E28,-3.697314E28,-3.697314E28,-3.697314E28,-3.697314E28,-3.697314E28,-3.697314E28,0.0000000,3,Missing,-3.697314E28,-3.697314E28,-3.697314E28,Missing,-3.697314E28,-3.697314E28,-3.697314E28,Missing,-3.697314E28,-3.697314E28,-3.697314E28,Port 0x02: JJH T tibia tracker  s/n:3E4C8800,790959367,1780408256.118667789,1,OK,0.6915285,-0.0096439,-0.0294865,-0.7216826,256.024,-31.845,-1795.472,0.1926978,3,OK,255.953,-31.919,-1795.469,OK,167.629,6.071,-1799.974,OK,260.097,57.859,-1800.386,Port 0x03: JJH Y femur tracker  s/n:3E4C8801,790959367,1780408256.118667789,1,OK,0.8280394,0.0258845,0.5443507,-0.1317692,77.496,-88.356,-1707.069,0.4257165,3,OK,77.687,-88.216,-1707.428,OK,75.532,-0.064,-1662.225,OK,42.612,-70.461,-1621.993,Passive Strays,790959367,1780408256.118,1,OK,-3.697314E28,-3.697314E28,-3.697314E28,-3.697314E28,-3.697314E28,-3.697314E28,-3.697314E28,0.0000000,0
4,Port 0x01: JJH Probe  s/n:3E4C880C,790959370,1780408256.168667790,1,Too Few Markers,-3.697314E28,-3.697314E28,-3.697314E28,-3.697314E28,-3.697314E28,-3.697314E28,-3.697314E28,0.0000000,3,Missing,-3.697314E28,-3.697314E28,-3.697314E28,Missing,-3.697314E28,-3.697314E28,-3.697314E28,Missing,-3.697314E28,-3.697314E28,-3.697314E28,Port 0x02: JJH T tibia tracker  s/n:3E4C8800,790959370,1780408256.168667790,1,OK,0.6889081,-0.0200027,-0.0387594,-0.7235352,256.608,-31.010,-1798.736,0.1910351,3,OK,256.547,-31.101,-1798.730,OK,168.462,7.378,-1804.123,OK,261.267,58.501,-1806.138,Port 0x03: JJH Y femur tracker  s/n:3E4C8801,790959370,1780408256.168667790,1,OK,0.8375078,0.0288319,0.5294266,-0.1321246,72.899,-88.097,-1710.511,0.3835312,3,OK,73.078,-87.938,-1710.800,OK,69.521,0.201,-1665.767,OK,35.053,-70.157,-1626.787,Passive Strays,790959370,1780408256.168,1,OK,-3.697314E28,-3.697314E28,-3.697314E28,-3.697314E28,-3.697314E28,-3.697314E28,-3.697314E28,0.0000000,0
4,Port 0x01: JJH Probe  s/n:3E4C880C,790959373,1780408256.218667790,1,Too Few Markers,-3.697314E28,-3.697314E28,-3.697314E28,-3.697314E28,-3.697314E28,-3.697314E28,-3.697314E28,0.0000000,3,Missing,-3.697314E28,-3.697314E28,-3.697314E28,Missing,-3.697314E28,-3.697314E28,-3.697314E28,Missing,-3.697314E28,-3.697314E28,-3.697314E28,Port 0x02: JJH T tibia tracker  s/n:3E4C8800,790959373,1780408256.218667790,1,OK,0.6861199,-0.0287705,-0.0479784,-0.7253343,257.136,-30.510,-1801.146,0.1882226,3,OK,257.076,-30.607,-1801.136,OK,169.261,8.335,-1807.541,OK,262.400,58.752,-1810.816,Port 0x03: JJH Y femur tracker  s/n:3E4C8801,790959373,1780408256.218667790,1,OK,0.8470778,0.0321912,0.5137576,-0.1321971,68.125,-87.978,-1714.491,0.4383135,3,OK,68.351,-87.833,-1714.847,OK,63.271,0.303,-1669.834,OK,27.177,-70.028,-1632.138,Passive Strays,790959373,1780408256.218,1,OK,-3.697314E28,-3.697314E28,-3.697314E28,-3.697314E28,-3.697314E28,-3.697314E28,-3.697314E28,0.0000000,0
4,Port 0x01: JJH Probe  s/n:3E4C880C,790959376,1780408256.268667790,1,Too Few Markers,-3.697314E28,-3.697314E28,-3.697314E28,-3.697314E28,-3.697314E28,-3.697314E28,-3.697314E28,0.0000000,3,Missing,-3.697314E28,-3.697314E28,-3.697314E28,Missing,-3.697314E28,-3.697314E28,-3.697314E28,Missing,-3.697314E28,-3.697314E28,-3.697314E28,Port 0x02: JJH T tibia tracker  s/n:3E4C8800,790959376,1780408256.268667790,1,OK,0.6836526,-0.0368714,-0.0569973,-0.7266436,257.588,-30.025,-1803.583,0.1774029,3,OK,257.530,-30.112,-1803.573,OK,169.946,9.150,-1811.006,OK,263.357,58.932,-1815.405,Port 0x03: JJH Y femur tracker  s/n:3E4C8801,790959376,1780408256.268667790,1,OK,0.8570328,0.0357127,0.4967098,-0.1322826,63.385,-87.775,-1718.975,0.4111265,3,OK,63.613,-87.657,-1719.312,OK,56.933,0.506,-1674.457,OK,19.235,-69.783,-1638.345,Passive Strays,790959376,1780408256.268,1,OK,-3.697314E28,-3.697314E28,-3.697314E28,-3.697314E28,-3.697314E28,-3.697314E28,-3.697314E28,0.0000000,0
4,Port 0x01: JJH Probe  s/n:3E4C880C,790959379,1780408256.318667790,1,Too Few Markers,-3.697314E28,-3.697314E28,-3.697314E28,-3.697314E28,-3.697314E28,-3.697314E28,-3.697314E28,0.0000000,3,Missing,-3.697314E28,-3.697314E28,-3.697314E28,Missing,-3.697314E28,-3.697314E28,-3.697314E28,Missing,-3.697314E28,-3.697314E28,-3.697314E28,Port 0x02: JJH T tibia tracker  s/n:3E4C8800,790959379,1780408256.318667790,1,OK,0.6812561,-0.0439339,-0.0655597,-0.7277787,258.523,-29.547,-1807.156,0.1565170,3,OK,258.476,-29.625,-1807.146,OK,171.105,9.923,-1815.609,OK,264.758,59.072,-1820.931,Port 0x03: JJH Y femur tracker  s/n:3E4C8801,790959379,1780408256.318667790,1,OK,0.8654550,0.0389488,0.4817166,-0.1319837,59.790,-87.485,-1724.253,0.4586650,3,OK,60.064,-87.382,-1724.639,OK,51.922,0.756,-1679.873,OK,12.841,-69.514,-1645.133,Passive Strays,790959379,1780408256.318,1,OK,-3.697314E28,-3.697314E28,-3.697314E28,-3.697314E28,-3.697314E28,-3.697314E28,-3.697314E28,0.0000000,0
4,Port 0x01: JJH Probe  s/n:3E4C880C,790959382,1780408256.368667790,1,Too Few Markers,-3.697314E28,-3.697314E28,-3.697314E28,-3.697314E28,-3.697314E28,-3.697314E28,-3.697314E28,0.0000000,3,Missing,-3.697314E28,-3.697314E28,-3.697314E28,Missing,-3.697314E28,-3.697314E28,-3.697314E28,Missing,-3.697314E28,-3.697314E28,-3.697314E28,Port 0x02: JJH T tibia tracker  s/n:3E4C8800,790959382,1780408256.368667790,1,OK,0.6794214,-0.0484531,-0.0729192,-0.7285065,260.089,-29.141,-1811.507,0.1545205,3,OK,260.041,-29.216,-1811.495,OK,172.851,10.493,-1820.957,OK,266.697,59.207,-1826.756,Port 0x03: JJH Y femur tracker  s/n:3E4C8801,790959382,1780408256.368667790,1,OK,0.8720375,0.0415955,0.4694614,-0.1320090,58.019,-87.189,-1730.522,0.4391477,3,OK,58.298,-87.124,-1730.903,OK,49.047,1.058,-1686.280,OK,8.906,-69.184,-1652.768,Passive Strays,790959382,1780408256.368,1,OK,-3.697314E28,-3.697314E28,-3.697314E28,-3.697314E28,-3.697314E28,-3.697314E28,-3.697314E28,0.0000000,0
4,Port 0x01: JJH Probe  s/n:3E4C880C,790959385,1780408256.418667790,1,Too Few Markers,-3.697314E28,-3.697314E28,-3.697314E28,-3.697314E28,-3.697314E28,-3.697314E28,-3.697314E28,0.0000000,3,Missing,-3.697314E28,-3.697314E28,-3.697314E28,Missing,-3.697314E28,-3.697314E28,-3.697314E28,Missing,-3.697314E28,-3.697314E28,-3.697314E28,Port 0x02: JJH T tibia tracker  s/n:3E4C8800,790959385,1780408256.418667790,1,OK,0.6782849,-0.0486359,-0.0776802,-0.7290610,262.292,-28.831,-1816.189,0.1565425,3,OK,262.241,-28.914,-1816.176,OK,175.201,10.906,-1826.486,OK,269.170,59.399,-1832.033,Port 0x03: JJH Y femur tracker  s/n:3E4C8801,790959385,1780408256.418667790,1,OK,0.8771164,0.0431794,0.4597833,-0.1319157,57.884,-86.941,-1737.397,0.4145688,3,OK,58.151,-86.858,-1737.739,OK,48.017,1.322,-1693.387,OK,7.090,-68.908,-1660.770,Passive Strays,790959385,1780408256.418,1,OK,-3.697314E28,-3.697314E28,-3.697314E28,-3.697314E28,-3.697314E28,-3.697314E28,-3.697314E28,0.0000000,0
4,Port 0x01: JJH Probe  s/n:3E4C880C,790959388,1780408256.468667790,1,Too Few Markers,-3.697314E28,-3.697314E28,-3.697314E28,-3.697314E28,-3.697314E28,-3.697314E28,-3.697314E28,0.0000000,3,Missing,-3.697314E28,-3.697314E28,-3.697314E28,Missing,-3.697314E28,-3.697314E28,-3.697314E28,Missing,-3.697314E28,-3.697314E28,-3.697314E28,Port 0x02: JJH T tibia tracker  s/n:3E4C8800,790959388,1780408256.468667790,1,OK,0.6772560,-0.0487207,-0.0813667,-0.7296095,264.237,-28.490,-1818.743,0.1355000,3,OK,264.202,-28.563,-1818.731,OK,177.277,11.368,-1829.705,OK,271.347,59.612,-1835.033,Port 0x03: JJH Y femur tracker  s/n:3E4C8801,790959388,1780408256.468667790,1,OK,0.8843838,0.0469465,0.4454747,-0.1312004,56.173,-86.680,-1744.029,0.5000957,3,OK,56.520,-86.647,-1744.468,OK,44.979,1.476,-1700.087,OK,2.866,-68.738,-1668.977,Passive Strays,790959388,1780408256.468,1,OK,-3.697314E28,-3.697314E28,-3.697314E28,-3.697314E28,-3.697314E28,-3.697314E28,-3.697314E28,0.0000000,0
4,Port 0x01: JJH Probe  s/n:3E4C880C,790959391,1780408256.518667790,1,Too Few Markers,-3.697314E28,-3.697314E28,-3.697314E28,-3.697314E28,-3.697314E28,-3.697314E28,-3.697314E28,0.0000000,3,Missing,-3.697314E28,-3.697314E28,-3.697314E28,Missing,-3.697314E28,-3.697314E28,-3.697314E28,Missing,-3.697314E28,-3.697314E28,-3.697314E28,Port 0x02: JJH T tibia tracker  s/n:3E4C8800,790959391,1780408256.518667790,1,OK,0.6754425,-0.0562148,-0.0871143,-0.7300880,265.030,-28.082,-1820.243,0.1459833,3,OK,264.989,-28.163,-1820.228,OK,178.195,11.905,-1831.703,OK,272.447,59.686,-1838.194,Port 0x03: JJH Y femur tracker  s/n:3E4C8801,790959391,1780408256.518667790,1,OK,0.8958878,0.0512388,0.4215073,-0.1307333,51.344,-86.438,-1750.370,0.4959512,3,OK,51.714,-86.424,-1750.796,OK,38.000,1.747,-1707.027,OK,-5.886,-68.430,-1678.282,Passive Strays,790959391,1780408256.518,1,OK,-3.697314E28,-3.697314E28,-3.697314E28,-3.697314E28,-3.697314E28,-3.697314E28,-3.697314E28,0.0000000,0
4,Port 0x01: JJH Probe  s/n:3E4C880C,790959394,1780408256.568667790,1,Too Few Markers,-3.697314E28,-3.697314E28,-3.697314E28,-3.697314E28,-3.697314E28,-3.697314E28,-3.697314E28,0.0000000,3,Missing,-3.697314E28,-3.697314E28,-3.697314E28,Missing,-3.697314E28,-3.697314E28,-3.697314E28,Missing,-3.697314E28,-3.697314E28,-3.697314E28,Port 0x02: JJH T tibia tracker  s/n:3E4C8800,790959394,1780408256.568667790,1,OK,0.6729727,-0.0672304,-0.0961578,-0.7303023,266.034,-27.708,-1823.253,0.1270320,3,OK,266.001,-27.776,-1823.238,OK,179.358,12.370,-1835.553,OK,273.790,59.458,-1843.704,Port 0x03: JJH Y femur tracker  s/n:3E4C8801,790959394,1780408256.568667790,1,OK,0.9069481,0.0553590,0.3968924,-0.1298343,46.854,-86.235,-1757.121,0.4946451,3,OK,47.244,-86.211,-1757.520,OK,31.301,1.946,-1714.525,OK,-14.203,-68.187,-1688.251,Passive Strays,790959394,1780408256.568,1,OK,-3.697314E28,-3.697314E28,-3.697314E28,-3.697314E28,-3.697314E28,-3.697314E28,-3.697314E28,0.0000000,0
4,Port 0x01: JJH Probe  s/n:3E4C880C,790959397,1780408256.618667790,1,Too Few Markers,-3.697314E28,-3.697314E28,-3.697314E28,-3.697314E28,-3.697314E28,-3.697314E28,-3.697314E28,0.0000000,3,Missing,-3.697314E28,-3.697314E28,-3.697314E28,Missing,-3.697314E28,-3.697314E28,-3.697314E28,Missing,-3.697314E28,-3.697314E28,-3.697314E28,Port 0x02: JJH T tibia tracker  s/n:3E4C8800,790959397,1780408256.618667790,1,OK,0.6705748,-0.0766729,-0.1052199,-0.7303283,266.753,-27.481,-1825.393,0.1304651,3,OK,266.717,-27.565,-1825.372,OK,180.238,12.623,-1838.649,OK,274.836,59.097,-1848.137,Port 0x03: JJH Y femur tracker  s/n:3E4C8801,790959397,1780408256.618667790,1,OK,0.9177751,0.0597468,0.3706934,-0.1292502,42.431,-85.823,-1764.344,0.4953170,3,OK,42.849,-85.823,-1764.731,OK,24.683,2.411,-1722.655,OK,-22.430,-67.651,-1699.074,Passive Strays,790959397,1780408256.618,1,OK,-3.697314E28,-3.697314E28,-3.697314E28,-3.697314E28,-3.697314E28,-3.697314E28,-3.697314E28,0.0000000,0
4,Port 0x01: JJH Probe  s/n:3E4C880C,790959400,1780408256.668667790,1,Too Few Markers,-3.697314E28,-3.697314E28,-3.697314E28,-3.697314E28,-3.697314E28,-3.697314E28,-3.697314E28,0.0000000,3,Missing,-3.697314E28,-3.697314E28,-3.697314E28,Missing,-3.697314E28,-3.697314E28,-3.697314E28,Missing,-3.697314E28,-3.697314E28,-3.697314E28,Port 0x02: JJH T tibia tracker  s/n:3E4C8800,790959400,1780408256.668667790,1,OK,0.6697160,-0.0807269,-0.1083845,-0.7302167,267.214,-27.461,-1825.965,0.1208575,3,OK,267.194,-27.541,-1825.943,OK,180.731,12.645,-1839.503,OK,275.381,58.855,-1849.602,Port 0x03: JJH Y femur tracker  s/n:3E4C8801,790959400,1780408256.668667790,1,OK,0.9277803,0.0652467,0.3442768,-0.1282189,38.447,-85.520,-1771.950,0.4923635,3,OK,38.892,-85.580,-1772.333,OK,18.537,2.682,-1731.056,OK,-29.980,-67.318,-1710.475,Passive Strays,790959400,1780408256.668,1,OK,-3.697314E28,-3.697314E28,-3.697314E28,-3.697314E28,-3.697314E28,-3.697314E28,-3.697314E28,0.0000000,0
4,Port 0x01: JJH Probe  s/n:3E4C880C,790959403,1780408256.718667790,1,Too Few Markers,-3.697314E28,-3.697314E28,-3.697314E28,-3.697314E28,-3.697314E28,-3.697314E28,-3.697314E28,0.0000000,3,Missing,-3.697314E28,-3.697314E28,-3.697314E28,Missing,-3.697314E28,-3.697314E28,-3.697314E28,Missing,-3.697314E28,-3.697314E28,-3.697314E28,Port 0x02: JJH T tibia tracker  s/n:3E4C8800,790959403,1780408256.718667790,1,OK,0.6690627,-0.0834257,-0.1093742,-0.7303646,267.688,-27.508,-1826.315,0.0981746,3,OK,267.676,-27.559,-1826.301,OK,181.234,12.669,-1839.849,OK,275.923,58.637,-1850.405,Port 0x03: JJH Y femur tracker  s/n:3E4C8801,790959403,1780408256.718667790,1,OK,0.9374644,0.0694377,0.3166636,-0.1267403,34.819,-85.320,-1779.962,0.5039993,3,OK,35.298,-85.389,-1780.330,OK,12.639,2.905,-1740.274,OK,-37.118,-67.062,-1722.623,Passive Strays,790959403,1780408256.718,1,OK,-3.697314E28,-3.697314E28,-3.697314E28,-3.697314E28,-3.697314E28,-3.697314E28,-3.697314E28,0.0000000,0
4,Port 0x01: JJH Probe  s/n:3E4C880C,790959406,1780408256.768667790,1,Too Few Markers,-3.697314E28,-3.697314E28,-3.697314E28,-3.697314E28,-3.697314E28,-3.697314E28,-3.697314E28,0.0000000,3,Missing,-3.697314E28,-3.697314E28,-3.697314E28,Missing,-3.697314E28,-3.697314E28,-3.697314E28,Missing,-3.697314E28,-3.697314E28,-3.697314E28,Port 0x02: JJH T tibia tracker  s/n:3E4C8800,790959406,1780408256.768667790,1,OK,0.6680513,-0.0884053,-0.1132337,-0.7301165,267.999,-27.608,-1826.752,0.0931512,3,OK,267.979,-27.665,-1826.736,OK,181.603,12.538,-1840.623,OK,276.313,58.220,-1851.937,Port 0x03: JJH Y femur tracker  s/n:3E4C8801,790959406,1780408256.768667790,1,OK,0.9466870,0.0745702,0.2874233,-0.1249430,31.381,-85.200,-1788.571,0.5157213,3,OK,31.897,-85.303,-1788.927,OK,6.899,3.007,-1750.137,OK,-43.955,-66.930,-1735.775,Passive Strays,790959406,1780408256.768,1,OK,-3.697314E28,-3.697314E28,-3.697314E28,-3.697314E28,-3.697314E28,-3.697314E28,-3.697314E28,0.0000000,0
4,Port 0x01: JJH Probe  s/n:3E4C880C,790959409,1780408256.818667790,1,Too Few Markers,-3.697314E28,-3.697314E28,-3.697314E28,-3.697314E28,-3.697314E28,-3.697314E28,-3.697314E28,0.0000000,3,Missing,-3.697314E28,-3.697314E28,-3.697314E28,Missing,-3.697314E28,-3.697314E28,-3.697314E28,Missing,-3.697314E28,-3.697314E28,-3.697314E28,Port 0x02: JJH T tibia tracker  s/n:3E4C8800,790959409,1780408256.818667790,1,OK,0.6665735,-0.0946440,-0.1186543,-0.7298243,268.051,-27.634,-1827.317,0.1181536,3,OK,268.019,-27.721,-1827.290,OK,181.726,12.462,-1841.713,OK,276.523,57.781,-1853.944,Port 0x03: JJH Y femur tracker  s/n:3E4C8801,790959409,1780408256.818667790,1,OK,0.9557247,0.0783762,0.2556716,-0.1227987,28.008,-84.981,-1797.942,0.5021397,3,OK,28.533,-85.086,-1798.256,OK,1.077,3.280,-1761.293,OK,-50.649,-66.626,-1750.300,Passive Strays,790959409,1780408256.818,1,OK,-3.697314E28,-3.697314E28,-3.697314E28,-3.697314E28,-3.697314E28,-3.697314E28,-3.697314E28,0.0000000,0
4,Port 0x01: JJH Probe  s/n:3E4C880C,790959412,1780408256.868667790,1,Too Few Markers,-3.697314E28,-3.697314E28,-3.697314E28,-3.697314E28,-3.697314E28,-3.697314E28,-3.697314E28,0.0000000,3,Missing,-3.697314E28,-3.697314E28,-3.697314E28,Missing,-3.697314E28,-3.697314E28,-3.697314E28,Missing,-3.697314E28,-3.697314E28,-3.697314E28,Port 0x02: JJH T tibia tracker  s/n:3E4C8800,790959412,1780408256.868667790,1,OK,0.6657888,-0.0989074,-0.1211926,-0.7295580,268.109,-27.966,-1827.721,0.1083972,3,OK,268.083,-28.052,-1827.694,OK,181.803,12.114,-1842.272,OK,276.607,57.169,-1855.188,Port 0x03: JJH Y femur tracker  s/n:3E4C8801,790959412,1780408256.868667790,1,OK,0.9639958,0.0823242,0.2217558,-0.1214875,25.491,-84.675,-1807.976,0.4621788,3,OK,25.994,-84.778,-1808.231,OK,-3.694,3.726,-1773.421,OK,-56.221,-66.047,-1766.019,Passive Strays,790959412,1780408256.868,1,OK,-3.697314E28,-3.697314E28,-3.697314E28,-3.697314E28,-3.697314E28,-3.697314E28,-3.697314E28,0.0000000,0
4,Port 0x01: JJH Probe  s/n:3E4C880C,790959415,1780408256.918667790,1,Too Few Markers,-3.697314E28,-3.697314E28,-3.697314E28,-3.697314E28,-3.697314E28,-3.697314E28,-3.697314E28,0.0000000,3,Missing,-3.697314E28,-3.697314E28,-3.697314E28,Missing,-3.697314E28,-3.697314E28,-3.697314E28,Missing,-3.697314E28,-3.697314E28,-3.697314E28,Port 0x02: JJH T tibia tracker  s/n:3E4C8800,790959415,1780408256.918667790,1,OK,0.6653546,-0.1018641,-0.1206371,-0.7296394,268.303,-28.179,-1827.594,0.0993404,3,OK,268.280,-28.232,-1827.577,OK,181.972,11.982,-1841.844,OK,276.813,56.831,-1855.366,Port 0x03: JJH Y femur tracker  s/n:3E4C8801,790959415,1780408256.918667790,1,OK,0.9711054,0.0870414,0.1871699,-0.1197726,23.800,-84.152,-1818.068,0.4412753,3,OK,24.298,-84.270,-1818.282,OK,-7.536,4.341,-1785.638,OK,-60.613,-65.312,-1782.042,Passive Strays,790959415,1780408256.918,1,OK,-3.697314E28,-3.697314E28,-3.697314E28,-3.697314E28,-3.697314E28,-3.697314E28,-3.697314E28,0.0000000,0
4,Port 0x01: JJH Probe  s/n:3E4C880C,790959418,1780408256.968667790,1,Too Few Markers,-3.697314E28,-3.697314E28,-3.697314E28,-3.697314E28,-3.697314E28,-3.697314E28,-3.697314E28,0.0000000,3,Missing,-3.697314E28,-3.697314E28,-3.697314E28,Missing,-3.697314E28,-3.697314E28,-3.697314E28,Missing,-3.697314E28,-3.697314E28,-3.697314E28,Port 0x02: JJH T tibia tracker  s/n:3E4C8800,790959418,1780408256.968667790,1,OK,0.6647338,-0.1046057,-0.1227447,-0.7294658,268.337,-28.423,-1827.402,0.0972415,3,OK,268.328,-28.492,-1827.379,OK,182.026,11.732,-1841.841,OK,276.880,56.388,-1855.770,Port 0x03: JJH Y femur tracker  s/n:3E4C8801,790959418,1780408256.968667790,1,OK,0.9771549,0.0910584,0.1509461,-0.1187096,22.750,-83.518,-1828.704,0.4041336,3,OK,23.218,-83.621,-1828.864,OK,-10.498,5.161,-1798.797,OK,-63.970,-64.275,-1799.039,Passive Strays,790959418,1780408256.968,1,OK,-3.697314E28,-3.697314E28,-3.697314E28,-3.697314E28,-3.697314E28,-3.697314E28,-3.697314E28,0.0000000,0
4,Port 0x01: JJH Probe  s/n:3E4C880C,790959421,1780408257.018667790,1,Too Few Markers,-3.697314E28,-3.697314E28,-3.697314E28,-3.697314E28,-3.697314E28,-3.697314E28,-3.697314E28,0.0000000,3,Missing,-3.697314E28,-3.697314E28,-3.697314E28,Missing,-3.697314E28,-3.697314E28,-3.697314E28,Missing,-3.697314E28,-3.697314E28,-3.697314E28,Port 0x02: JJH T tibia tracker  s/n:3E4C8800,790959421,1780408257.018667790,1,OK,0.6643606,-0.1063508,-0.1237660,-0.7293808,268.341,-28.770,-1826.866,0.0986151,3,OK,268.316,-28.839,-1826.843,OK,182.055,11.376,-1841.363,OK,276.908,55.930,-1855.577,Port 0x03: JJH Y femur tracker  s/n:3E4C8801,790959421,1780408257.018667790,1,OK,0.9817681,0.0962629,0.1152820,-0.1165117,22.609,-83.145,-1839.189,0.3916384,3,OK,23.075,-83.282,-1839.320,OK,-12.519,5.605,-1811.623,OK,-65.949,-63.700,-1815.880,Passive Strays,790959421,1780408257.018,1,OK,-3.697314E28,-3.697314E28,-3.697314E28,-3.697314E28,-3.697314E28,-3.697314E28,-3.697314E28,0.0000000,0
4,Port 0x01: JJH Probe  s/n:3E4C880C,790959424,1780408257.068667790,1,Too Few Markers,-3.697314E28,-3.697314E28,-3.697314E28,-3.697314E28,-3.697314E28,-3.697314E28,-3.697314E28,0.0000000,3,Missing,-3.697314E28,-3.697314E28,-3.697314E28,Missing,-3.697314E28,-3.697314E28,-3.697314E28,Missing,-3.697314E28,-3.697314E28,-3.697314E28,Port 0x02: JJH T tibia tracker  s/n:3E4C8800,790959424,1780408257.068667790,1,OK,0.6640533,-0.1078104,-0.1244516,-0.7293298,268.229,-29.251,-1826.570,0.0968200,3,OK,268.211,-29.322,-1826.545,OK,181.949,10.909,-1841.090,OK,276.809,55.356,-1855.545,Port 0x03: JJH Y femur tracker  s/n:3E4C8801,790959424,1780408257.068667790,1,OK,0.9849467,0.1008203,0.0806399,-0.1149454,23.143,-82.783,-1849.588,0.3830224,3,OK,23.606,-82.948,-1849.690,OK,-13.504,6.116,-1824.475,OK,-66.727,-63.000,-1832.530,Passive Strays,790959424,1780408257.068,1,OK,-3.697314E28,-3.697314E28,-3.697314E28,-3.697314E28,-3.697314E28,-3.697314E28,-3.697314E28,0.0000000,0
4,Port 0x01: JJH Probe  s/n:3E4C880C,790959427,1780408257.118667790,1,Too Few Markers,-3.697314E28,-3.697314E28,-3.697314E28,-3.697314E28,-3.697314E28,-3.697314E28,-3.697314E28,0.0000000,3,Missing,-3.697314E28,-3.697314E28,-3.697314E28,Missing,-3.697314E28,-3.697314E28,-3.697314E28,Missing,-3.697314E28,-3.697314E28,-3.697314E28,Port 0x02: JJH T tibia tracker  s/n:3E4C8800,790959427,1780408257.118667790,1,OK,0.6641998,-0.1086908,-0.1237879,-0.7291786,267.844,-29.442,-1825.876,0.1033586,3,OK,267.823,-29.517,-1825.850,OK,181.526,10.706,-1840.210,OK,276.360,55.166,-1854.890,Port 0x03: JJH Y femur tracker  s/n:3E4C8801,790959427,1780408257.118667790,1,OK,0.9868414,0.1052463,0.0472925,-0.1132726,24.194,-82.210,-1859.105,0.3778021,3,OK,24.655,-82.401,-1859.181,OK,-13.751,6.826,-1836.416,OK,-66.520,-62.102,-1848.116,Passive Strays,790959427,1780408257.118,1,OK,-3.697314E28,-3.697314E28,-3.697314E28,-3.697314E28,-3.697314E28,-3.697314E28,-3.697314E28,0.0000000,0
4,Port 0x01: JJH Probe  s/n:3E4C880C,790959430,1780408257.168667790,1,Too Few Markers,-3.697314E28,-3.697314E28,-3.697314E28,-3.697314E28,-3.697314E28,-3.697314E28,-3.697314E28,0.0000000,3,Missing,-3.697314E28,-3.697314E28,-3.697314E28,Missing,-3.697314E28,-3.697314E28,-3.697314E28,Missing,-3.697314E28,-3.697314E28,-3.697314E28,Port 0x02: JJH T tibia tracker  s/n:3E4C8800,790959430,1780408257.168667790,1,OK,0.6644338,-0.1084433,-0.1229494,-0.7291442,267.457,-29.592,-1825.205,0.0840739,3,OK,267.437,-29.643,-1825.188,OK,181.122,10.557,-1839.405,OK,275.921,55.038,-1854.083,Port 0x03: JJH Y femur tracker  s/n:3E4C8801,790959430,1780408257.168667790,1,OK,0.9877042,0.1084990,0.0159003,-0.1114254,25.775,-81.664,-1867.558,0.3486992,3,OK,26.203,-81.834,-1867.599,OK,-13.239,7.496,-1847.365,OK,-65.366,-61.284,-1862.333,Passive Strays,790959430,1780408257.168,1,OK,-3.697314E28,-3.697314E28,-3.697314E28,-3.697314E28,-3.697314E28,-3.697314E28,-3.697314E28,0.0000000,0
4,Port 0x01: JJH Probe  s/n:3E4C880C,790959433,1780408257.218667790,1,Too Few Markers,-3.697314E28,-3.697314E28,-3.697314E28,-3.697314E28,-3.697314E28,-3.697314E28,-3.697314E28,0.0000000,3,Missing,-3.697314E28,-3.697314E28,-3.697314E28,Missing,-3.697314E28,-3.697314E28,-3.697314E28,Missing,-3.697314E28,-3.697314E28,-3.697314E28,Port 0x02: JJH T tibia tracker  s/n:3E4C8800,790959433,1780408257.218667790,1,OK,0.6647036,-0.1094997,-0.1231009,-0.7287147,267.079,-29.998,-1824.601,0.1227879,3,OK,267.036,-30.069,-1824.577,OK,180.683,10.041,-1838.731,OK,275.469,54.634,-1853.648,Port 0x03: JJH Y femur tracker  s/n:3E4C8801,790959433,1780408257.218667790,1,OK,0.9874855,0.1121904,-0.0102799,-0.1103636,27.715,-81.395,-1875.455,0.3598017,3,OK,28.155,-81.604,-1875.482,OK,-12.004,7.909,-1857.197,OK,-63.483,-60.668,-1875.008,Passive Strays,790959433,1780408257.218,1,OK,-3.697314E28,-3.697314E28,-3.697314E28,-3.697314E28,-3.697314E28,-3.697314E28,-3.697314E28,0.0000000,0
4,Port 0x01: JJH Probe  s/n:3E4C880C,790959436,1780408257.268633390,1,Too Few Markers,-3.697314E28,-3.697314E28,-3.697314E28,-3.697314E28,-3.697314E28,-3.697314E28,-3.697314E28,0.0000000,3,Missing,-3.697314E28,-3.697314E28,-3.697314E28,Missing,-3.697314E28,-3.697314E28,-3.697314E28,Missing,-3.697314E28,-3.697314E28,-3.697314E28,Port 0x02: JJH T tibia tracker  s/n:3E4C8800,790959436,1780408257.268633390,1,OK,0.6649431,-0.1082325,-0.1221332,-0.7288483,266.633,-30.126,-1823.733,0.1046720,3,OK,266.604,-30.203,-1823.707,OK,180.247,9.954,-1837.788,OK,274.987,54.587,-1852.502,Port 0x03: JJH Y femur tracker  s/n:3E4C8801,790959436,1780408257.268633390,1,OK,0.9867726,0.1151192,-0.0343442,-0.1088481,29.779,-80.952,-1882.314,0.3504732,3,OK,30.204,-81.168,-1882.323,OK,-10.571,8.444,-1865.947,OK,-61.253,-59.989,-1886.274,Passive Strays,790959436,1780408257.268,1,OK,-3.697314E28,-3.697314E28,-3.697314E28,-3.697314E28,-3.697314E28,-3.697314E28,-3.697314E28,0.0000000,0
4,Port 0x01: JJH Probe  s/n:3E4C880C,790959439,1780408257.318633386,1,Too Few Markers,-3.697314E28,-3.697314E28,-3.697314E28,-3.697314E28,-3.697314E28,-3.697314E28,-3.697314E28,0.0000000,3,Missing,-3.697314E28,-3.697314E28,-3.697314E28,Missing,-3.697314E28,-3.697314E28,-3.697314E28,Missing,-3.697314E28,-3.697314E28,-3.697314E28,Port 0x02: JJH T tibia tracker  s/n:3E4C8800,790959439,1780408257.318633386,1,OK,0.6652145,-0.1079537,-0.1204504,-0.7289221,266.308,-30.289,-1823.204,0.1059265,3,OK,266.286,-30.347,-1823.185,OK,179.872,9.823,-1836.978,OK,274.627,54.495,-1851.738,Port 0x03: JJH Y femur tracker  s/n:3E4C8801,790959439,1780408257.318633386,1,OK,0.9854290,0.1183428,-0.0575567,-0.1077589,32.063,-80.501,-1888.497,0.3603581,3,OK,32.499,-80.732,-1888.487,OK,-8.716,9.028,-1873.886,OK,-58.633,-59.243,-1896.688,Passive Strays,790959439,1780408257.318,1,OK,-3.697314E28,-3.697314E28,-3.697314E28,-3.697314E28,-3.697314E28,-3.697314E28,-3.697314E28,0.0000000,0
4,Port 0x01: JJH Probe  s/n:3E4C880C,790959442,1780408257.368633386,1,Too Few Markers,-3.697314E28,-3.697314E28,-3.697314E28,-3.697314E28,-3.697314E28,-3.697314E28,-3.697314E28,0.0000000,3,Missing,-3.697314E28,-3.697314E28,-3.697314E28,Missing,-3.697314E28,-3.697314E28,-3.697314E28,Missing,-3.697314E28,-3.697314E28,-3.697314E28,Port 0x02: JJH T tibia tracker  s/n:3E4C8800,790959442,1780408257.368633386,1,OK,0.6652393,-0.1059968,-0.1194960,-0.7293436,265.780,-30.381,-1822.044,0.0961037,3,OK,265.753,-30.433,-1822.026,OK,179.391,9.812,-1835.797,OK,274.159,54.510,-1850.213,Port 0x03: JJH Y femur tracker  s/n:3E4C8801,790959442,1780408257.368633386,1,OK,0.9839425,0.1203937,-0.0781350,-0.1061011,34.218,-80.233,-1893.971,0.3662356,3,OK,34.657,-80.475,-1893.945,OK,-6.999,9.362,-1881.090,OK,-56.009,-58.807,-1905.921,Passive Strays,790959442,1780408257.368,1,OK,-3.697314E28,-3.697314E28,-3.697314E28,-3.697314E28,-3.697314E28,-3.697314E28,-3.697314E28,0.0000000,0
4,Port 0x01: JJH Probe  s/n:3E4C880C,790959445,1780408257.418633386,1,Too Few Markers,-3.697314E28,-3.697314E28,-3.697314E28,-3.697314E28,-3.697314E28,-3.697314E28,-3.697314E28,0.0000000,3,Missing,-3.697314E28,-3.697314E28,-3.697314E28,Missing,-3.697314E28,-3.697314E28,-3.697314E28,Missing,-3.697314E28,-3.697314E28,-3.697314E28,Port 0x02: JJH T tibia tracker  s/n:3E4C8800,790959445,1780408257.418633386,1,OK,0.6650842,-0.1055801,-0.1191541,-0.7296013,265.514,-30.511,-1821.237,0.1065782,3,OK,265.488,-30.581,-1821.214,OK,179.149,9.745,-1834.969,OK,273.948,54.421,-1849.318,Port 0x03: JJH Y femur tracker  s/n:3E4C8801,790959445,1780408257.418633386,1,OK,0.9821477,0.1227634,-0.0963300,-0.1050507,36.595,-79.868,-1898.929,0.3577626,3,OK,37.019,-80.111,-1898.890,OK,-4.870,9.801,-1887.478,OK,-53.059,-58.213,-1914.164,Passive Strays,790959445,1780408257.418,1,OK,-3.697314E28,-3.697314E28,-3.697314E28,-3.697314E28,-3.697314E28,-3.697314E28,-3.697314E28,0.0000000,0
4,Port 0x01: JJH Probe  s/n:3E4C880C,790959448,1780408257.468633386,1,Too Few Markers,-3.697314E28,-3.697314E28,-3.697314E28,-3.697314E28,-3.697314E28,-3.697314E28,-3.697314E28,0.0000000,3,Missing,-3.697314E28,-3.697314E28,-3.697314E28,Missing,-3.697314E28,-3.697314E28,-3.697314E28,Missing,-3.697314E28,-3.697314E28,-3.697314E28,Port 0x02: JJH T tibia tracker  s/n:3E4C8800,790959448,1780408257.468633386,1,OK,0.6653779,-0.1044772,-0.1168186,-0.7298700,265.230,-30.637,-1820.113,0.1142903,3,OK,265.193,-30.710,-1820.089,OK,178.855,9.694,-1833.510,OK,273.640,54.444,-1847.785,Port 0x03: JJH Y femur tracker  s/n:3E4C8801,790959448,1780408257.468633386,1,OK,0.9803464,0.1235652,-0.1135445,-0.1037313,38.881,-79.716,-1903.212,0.3948063,3,OK,39.344,-79.983,-1903.152,OK,-2.811,10.040,-1893.378,OK,-50.166,-57.891,-1921.580,Passive Strays,790959448,1780408257.468,1,OK,-3.697314E28,-3.697314E28,-3.697314E28,-3.697314E28,-3.697314E28,-3.697314E28,-3.697314E28,0.0000000,0
4,Port 0x01: JJH Probe  s/n:3E4C880C,790959451,1780408257.518633386,1,Too Few Markers,-3.697314E28,-3.697314E28,-3.697314E28,-3.697314E28,-3.697314E28,-3.697314E28,-3.697314E28,0.0000000,3,Missing,-3.697314E28,-3.697314E28,-3.697314E28,Missing,-3.697314E28,-3.697314E28,-3.697314E28,Missing,-3.697314E28,-3.697314E28,-3.697314E28,Port 0x02: JJH T tibia tracker  s/n:3E4C8800,790959451,1780408257.518633386,1,OK,0.6652417,-0.1029146,-0.1149373,-0.7305145,264.993,-30.837,-1819.423,0.0939689,3,OK,264.964,-30.887,-1819.407,OK,178.662,9.658,-1832.618,OK,273.486,54.342,-1846.666,Port 0x03: JJH Y femur tracker  s/n:3E4C8801,790959451,1780408257.518633386,1,OK,0.9783692,0.1258418,-0.1280910,-0.1027147,41.027,-79.517,-1907.036,0.3914339,3,OK,41.481,-79.797,-1906.967,OK,-0.810,10.309,-1898.284,OK,-47.394,-57.535,-1928.001,Passive Strays,790959451,1780408257.518,1,OK,-3.697314E28,-3.697314E28,-3.697314E28,-3.697314E28,-3.697314E28,-3.697314E28,-3.697314E28,0.0000000,0
4,Port 0x01: JJH Probe  s/n:3E4C880C,790959454,1780408257.568633386,1,Too Few Markers,-3.697314E28,-3.697314E28,-3.697314E28,-3.697314E28,-3.697314E28,-3.697314E28,-3.697314E28,0.0000000,3,Missing,-3.697314E28,-3.697314E28,-3.697314E28,Missing,-3.697314E28,-3.697314E28,-3.697314E28,Missing,-3.697314E28,-3.697314E28,-3.697314E28,Port 0x02: JJH T tibia tracker  s/n:3E4C8800,790959454,1780408257.568633386,1,OK,0.6651069,-0.1021289,-0.1132252,-0.7310147,264.832,-31.111,-1818.794,0.0949243,3,OK,264.805,-31.155,-1818.780,OK,178.522,9.519,-1831.754,OK,273.392,54.154,-1845.734,Port 0x03: JJH Y femur tracker  s/n:3E4C8801,790959454,1780408257.568633386,1,OK,0.9765520,0.1275752,-0.1403143,-0.1018948,42.904,-79.452,-1910.177,0.3844455,3,OK,43.347,-79.735,-1910.101,OK,0.989,10.433,-1902.366,OK,-44.929,-57.331,-1933.316,Passive Strays,790959454,1780408257.568,1,OK,-3.697314E28,-3.697314E28,-3.697314E28,-3.697314E28,-3.697314E28,-3.697314E28,-3.697314E28,0.0000000,0
4,Port 0x01: JJH Probe  s/n:3E4C880C,790959457,1780408257.618633386,1,Too Few Markers,-3.697314E28,-3.697314E28,-3.697314E28,-3.697314E28,-3.697314E28,-3.697314E28,-3.697314E28,0.0000000,3,Missing,-3.697314E28,-3.697314E28,-3.697314E28,Missing,-3.697314E28,-3.697314E28,-3.697314E28,Missing,-3.697314E28,-3.697314E28,-3.697314E28,Port 0x02: JJH T tibia tracker  s/n:3E4C8800,790959457,1780408257.618633386,1,OK,0.6644209,-0.1026493,-0.1128044,-0.7316305,264.858,-31.266,-1818.219,0.1220932,3,OK,264.814,-31.335,-1818.198,OK,178.618,9.525,-1831.089,OK,273.578,54.016,-1845.187,Port 0x03: JJH Y femur tracker  s/n:3E4C8801,790959457,1780408257.618633386,1,OK,0.9751008,0.1286122,-0.1495024,-0.1014214,44.573,-79.208,-1912.589,0.3927064,3,OK,45.013,-79.508,-1912.509,OK,2.621,10.727,-1905.536,OK,-42.756,-56.931,-1937.342,Passive Strays,790959457,1780408257.618,1,OK,-3.697314E28,-3.697314E28,-3.697314E28,-3.697314E28,-3.697314E28,-3.697314E28,-3.697314E28,0.0000000,0
4,Port 0x01: JJH Probe  s/n:3E4C880C,790959460,1780408257.668633386,1,Too Few Markers,-3.697314E28,-3.697314E28,-3.697314E28,-3.697314E28,-3.697314E28,-3.697314E28,-3.697314E28,0.0000000,3,Missing,-3.697314E28,-3.697314E28,-3.697314E28,Missing,-3.697314E28,-3.697314E28,-3.697314E28,Missing,-3.697314E28,-3.697314E28,-3.697314E28,Port 0x02: JJH T tibia tracker  s/n:3E4C8800,790959460,1780408257.668633386,1,OK,0.6635378,-0.1032961,-0.1124976,-0.7323877,265.245,-31.539,-1817.934,0.1248537,3,OK,265.203,-31.605,-1817.913,OK,179.086,9.460,-1830.734,OK,274.158,53.709,-1844.945,Port 0x03: JJH Y femur tracker  s/n:3E4C8801,790959460,1780408257.668633386,1,OK,0.9737083,0.1293010,-0.1579517,-0.1011166,46.220,-79.008,-1914.350,0.3953038,3,OK,46.668,-79.297,-1914.256,OK,4.315,10.989,-1908.021,OK,-40.657,-56.591,-1940.604,Passive Strays,790959460,1780408257.668,1,OK,-3.697314E28,-3.697314E28,-3.697314E28,-3.697314E28,-3.697314E28,-3.697314E28,-3.697314E28,0.0000000,0
4,Port 0x01: JJH Probe  s/n:3E4C880C,790959463,1780408257.718633386,1,Too Few Markers,-3.697314E28,-3.697314E28,-3.697314E28,-3.697314E28,-3.697314E28,-3.697314E28,-3.697314E28,0.0000000,3,Missing,-3.697314E28,-3.697314E28,-3.697314E28,Missing,-3.697314E28,-3.697314E28,-3.697314E28,Missing,-3.697314E28,-3.697314E28,-3.697314E28,Port 0x02: JJH T tibia tracker  s/n:3E4C8800,790959463,1780408257.718633386,1,OK,0.6630820,-0.1021816,-0.1114192,-0.7331214,265.501,-31.806,-1817.618,0.0892669,3,OK,265.471,-31.847,-1817.605,OK,179.430,9.388,-1830.334,OK,274.536,53.471,-1844.346,Port 0x03: JJH Y femur tracker  s/n:3E4C8801,790959463,1780408257.718633386,1,OK,0.9722732,0.1299567,-0.1664618,-0.1004322,47.781,-78.924,-1916.178,0.4152777,3,OK,48.253,-79.220,-1916.068,OK,5.855,11.109,-1910.605,OK,-38.628,-56.421,-1943.946,Passive Strays,790959463,1780408257.718,1,OK,-3.697314E28,-3.697314E28,-3.697314E28,-3.697314E28,-3.697314E28,-3.697314E28,-3.697314E28,0.0000000,0
4,Port 0x01: JJH Probe  s/n:3E4C880C,790959466,1780408257.768633386,1,Too Few Markers,-3.697314E28,-3.697314E28,-3.697314E28,-3.697314E28,-3.697314E28,-3.697314E28,-3.697314E28,0.0000000,3,Missing,-3.697314E28,-3.697314E28,-3.697314E28,Missing,-3.697314E28,-3.697314E28,-3.697314E28,Missing,-3.697314E28,-3.697314E28,-3.697314E28,Port 0x02: JJH T tibia tracker  s/n:3E4C8800,790959466,1780408257.768633386,1,OK,0.6623206,-0.1001725,-0.1096575,-0.7343515,265.877,-32.167,-1816.639,0.0987621,3,OK,265.852,-32.223,-1816.622,OK,179.922,9.326,-1829.223,OK,275.170,53.241,-1842.904,Port 0x03: JJH Y femur tracker  s/n:3E4C8801,790959466,1780408257.768633386,1,OK,0.9708756,0.1311092,-0.1716610,-0.1036506,49.274,-77.900,-1917.138,0.4140472,3,OK,49.738,-78.211,-1917.028,OK,7.964,12.445,-1911.742,OK,-36.673,-54.680,-1945.702,Passive Strays,790959466,1780408257.768,1,OK,-3.697314E28,-3.697314E28,-3.697314E28,-3.697314E28,-3.697314E28,-3.697314E28,-3.697314E28,0.0000000,0
4,Port 0x01: JJH Probe  s/n:3E4C880C,790959469,1780408257.818633386,1,Too Few Markers,-3.697314E28,-3.697314E28,-3.697314E28,-3.697314E28,-3.697314E28,-3.697314E28,-3.697314E28,0.0000000,3,Missing,-3.697314E28,-3.697314E28,-3.697314E28,Missing,-3.697314E28,-3.697314E28,-3.697314E28,Missing,-3.697314E28,-3.697314E28,-3.697314E28,Port 0x02: JJH T tibia tracker  s/n:3E4C8800,790959469,1780408257.818633386,1,OK,0.6613618,-0.0994329,-0.1063176,-0.7358059,266.482,-32.322,-1816.341,0.1043804,3,OK,266.452,-32.351,-1816.332,OK,180.635,9.561,-1828.425,OK,276.050,53.195,-1842.115,Port 0x03: JJH Y femur tracker  s/n:3E4C8801,790959469,1780408257.818633386,1,OK,0.9712389,0.1307272,-0.1706602,-0.1023747,49.091,-78.204,-1916.772,0.4039966,3,OK,49.549,-78.497,-1916.662,OK,7.563,12.029,-1911.393,OK,-36.976,-55.255,-1945.210,Passive Strays,790959469,1780408257.818,1,OK,-3.697314E28,-3.697314E28,-3.697314E28,-3.697314E28,-3.697314E28,-3.697314E28,-3.697314E28,0.0000000,0
4,Port 0x01: JJH Probe  s/n:3E4C880C,790959472,1780408257.868633386,1,Too Few Markers,-3.697314E28,-3.697314E28,-3.697314E28,-3.697314E28,-3.697314E28,-3.697314E28,-3.697314E28,0.0000000,3,Missing,-3.697314E28,-3.697314E28,-3.697314E28,Missing,-3.697314E28,-3.697314E28,-3.697314E28,Missing,-3.697314E28,-3.697314E28,-3.697314E28,Port 0x02: JJH T tibia tracker  s/n:3E4C8800,790959472,1780408257.868633386,1,OK,0.6588073,-0.1033343,-0.1108474,-0.7368906,266.948,-32.937,-1817.559,0.0908744,3,OK,266.928,-32.985,-1817.544,OK,181.344,9.253,-1830.244,OK,276.955,52.211,-1844.356,Port 0x03: JJH Y femur tracker  s/n:3E4C8801,790959472,1780408257.868633386,1,OK,0.9721947,0.1307834,-0.1661354,-0.1006588,48.126,-79.021,-1916.052,0.3979174,3,OK,48.578,-79.320,-1915.951,OK,6.224,11.043,-1910.285,OK,-38.288,-56.493,-1943.743,Passive Strays,790959472,1780408257.868,1,OK,-3.697314E28,-3.697314E28,-3.697314E28,-3.697314E28,-3.697314E28,-3.697314E28,-3.697314E28,0.0000000,0
4,Port 0x01: JJH Probe  s/n:3E4C880C,790959475,1780408257.918633386,1,Too Few Markers,-3.697314E28,-3.697314E28,-3.697314E28,-3.697314E28,-3.697314E28,-3.697314E28,-3.697314E28,0.0000000,3,Missing,-3.697314E28,-3.697314E28,-3.697314E28,Missing,-3.697314E28,-3.697314E28,-3.697314E28,Missing,-3.697314E28,-3.697314E28,-3.697314E28,Port 0x02: JJH T tibia tracker  s/n:3E4C8800,790959475,1780408257.918633386,1,OK,0.6567915,-0.1067390,-0.1132150,-0.7378442,267.461,-33.229,-1818.952,0.0824146,3,OK,267.437,-33.258,-1818.943,OK,182.035,9.238,-1831.876,OK,277.815,51.637,-1846.453,Port 0x03: JJH Y femur tracker  s/n:3E4C8801,790959475,1780408257.918633386,1,OK,0.9731961,0.1300244,-0.1608876,-0.1004894,47.126,-79.211,-1914.943,0.3980125,3,OK,47.578,-79.510,-1914.848,OK,5.133,10.779,-1908.800,OK,-39.607,-56.838,-1941.724,Passive Strays,790959475,1780408257.918,1,OK,-3.697314E28,-3.697314E28,-3.697314E28,-3.697314E28,-3.697314E28,-3.697314E28,-3.697314E28,0.0000000,0
4,Port 0x01: JJH Probe  s/n:3E4C880C,790959478,1780408257.968633386,1,Too Few Markers,-3.697314E28,-3.697314E28,-3.697314E28,-3.697314E28,-3.697314E28,-3.697314E28,-3.697314E28,0.0000000,3,Missing,-3.697314E28,-3.697314E28,-3.697314E28,Missing,-3.697314E28,-3.697314E28,-3.697314E28,Missing,-3.697314E28,-3.697314E28,-3.697314E28,Port 0x02: JJH T tibia tracker  s/n:3E4C8800,790959478,1780408257.968633386,1,OK,0.6560199,-0.1073145,-0.1134791,-0.7384064,267.782,-33.419,-1819.357,0.0686190,3,OK,267.768,-33.442,-1819.349,OK,182.441,9.208,-1832.316,OK,278.283,51.379,-1846.955,Port 0x03: JJH Y femur tracker  s/n:3E4C8801,790959478,1780408257.968633386,1,OK,0.9745473,0.1295001,-0.1527433,-0.1007812,45.676,-79.471,-1912.914,0.3871373,3,OK,46.122,-79.753,-1912.825,OK,3.657,10.442,-1906.043,OK,-41.532,-57.245,-1938.260,Passive Strays,790959478,1780408257.968,1,OK,-3.697314E28,-3.697314E28,-3.697314E28,-3.697314E28,-3.697314E28,-3.697314E28,-3.697314E28,0.0000000,0
4,Port 0x01: JJH Probe  s/n:3E4C880C,790959481,1780408258.018633386,1,Too Few Markers,-3.697314E28,-3.697314E28,-3.697314E28,-3.697314E28,-3.697314E28,-3.697314E28,-3.697314E28,0.0000000,3,Missing,-3.697314E28,-3.697314E28,-3.697314E28,Missing,-3.697314E28,-3.697314E28,-3.697314E28,Missing,-3.697314E28,-3.697314E28,-3.697314E28,Port 0x02: JJH T tibia tracker  s/n:3E4C8800,790959481,1780408258.018633386,1,OK,0.6555858,-0.1087191,-0.1151111,-0.7383339,268.279,-33.264,-1819.648,0.0914629,3,OK,268.253,-33.318,-1819.630,OK,182.963,9.345,-1832.804,OK,278.836,51.444,-1847.626,Port 0x03: JJH Y femur tracker  s/n:3E4C8801,790959481,1780408258.018633386,1,OK,0.9766991,0.1269748,-0.1397652,-0.1019895,43.846,-79.495,-1909.756,0.3988256,3,OK,44.302,-79.782,-1909.678,OK,1.939,10.381,-1902.001,OK,-44.007,-57.353,-1932.800,Passive Strays,790959481,1780408258.018,1,OK,-3.697314E28,-3.697314E28,-3.697314E28,-3.697314E28,-3.697314E28,-3.697314E28,-3.697314E28,0.0000000,0
4,Port 0x01: JJH Probe  s/n:3E4C880C,790959484,1780408258.068633386,1,Too Few Markers,-3.697314E28,-3.697314E28,-3.697314E28,-3.697314E28,-3.697314E28,-3.697314E28,-3.697314E28,0.0000000,3,Missing,-3.697314E28,-3.697314E28,-3.697314E28,Missing,-3.697314E28,-3.697314E28,-3.697314E28,Missing,-3.697314E28,-3.697314E28,-3.697314E28,Port 0x02: JJH T tibia tracker  s/n:3E4C8800,790959484,1780408258.068633386,1,OK,0.6554046,-0.1087618,-0.1153277,-0.7384546,268.792,-33.359,-1820.494,0.0697714,3,OK,268.771,-33.376,-1820.488,OK,183.497,9.278,-1833.691,OK,279.384,51.296,-1848.489,Port 0x03: JJH Y femur tracker  s/n:3E4C8801,790959484,1780408258.068633386,1,OK,0.9790701,0.1256482,-0.1225378,-0.1030472,41.411,-79.943,-1905.446,0.3795128,3,OK,41.853,-80.213,-1905.385,OK,-0.392,9.841,-1896.165,OK,-47.252,-58.032,-1925.409,Passive Strays,790959484,1780408258.068,1,OK,-3.697314E28,-3.697314E28,-3.697314E28,-3.697314E28,-3.697314E28,-3.697314E28,-3.697314E28,0.0000000,0
4,Port 0x01: JJH Probe  s/n:3E4C880C,790959487,1780408258.118633386,1,Too Few Markers,-3.697314E28,-3.697314E28,-3.697314E28,-3.697314E28,-3.697314E28,-3.697314E28,-3.697314E28,0.0000000,3,Missing,-3.697314E28,-3.697314E28,-3.697314E28,Missing,-3.697314E28,-3.697314E28,-3.697314E28,Missing,-3.697314E28,-3.697314E28,-3.697314E28,Port 0x02: JJH T tibia tracker  s/n:3E4C8800,790959487,1780408258.118633386,1,OK,0.6547317,-0.1105374,-0.1163542,-0.7386268,269.623,-33.166,-1821.449,0.0788056,3,OK,269.595,-33.175,-1821.446,OK,184.368,9.529,-1834.720,OK,280.317,51.365,-1849.791,Port 0x03: JJH Y femur tracker  s/n:3E4C8801,790959487,1780408258.118633386,1,OK,0.9816100,0.1226727,-0.1019054,-0.1049216,38.770,-80.062,-1899.864,0.3749350,3,OK,39.214,-80.308,-1899.815,OK,-2.712,9.660,-1888.988,OK,-50.701,-58.300,-1916.118,Passive Strays,790959487,1780408258.118,1,OK,-3.697314E28,-3.697314E28,-3.697314E28,-3.697314E28,-3.697314E28,-3.697314E28,-3.697314E28,0.0000000,0
4,Port 0x01: JJH Probe  s/n:3E4C880C,790959490,1780408258.168633386,1,Too Few Markers,-3.697314E28,-3.697314E28,-3.697314E28,-3.697314E28,-3.697314E28,-3.697314E28,-3.697314E28,0.0000000,3,Missing,-3.697314E28,-3.697314E28,-3.697314E28,Missing,-3.697314E28,-3.697314E28,-3.697314E28,Missing,-3.697314E28,-3.697314E28,-3.697314E28,Port 0x02: JJH T tibia tracker  s/n:3E4C8800,790959490,1780408258.168633386,1,OK,0.6540979,-0.1117833,-0.1194375,-0.7385088,270.394,-33.410,-1822.654,0.0556563,3,OK,270.386,-33.426,-1822.648,OK,185.196,9.255,-1836.401,OK,281.158,50.920,-1851.502,Port 0x03: JJH Y femur tracker  s/n:3E4C8801,790959490,1780408258.168633386,1,OK,0.9839989,0.1205583,-0.0765381,-0.1065544,36.046,-80.815,-1893.685,0.3607921,3,OK,36.471,-81.072,-1893.666,OK,-5.104,8.797,-1880.607,OK,-54.178,-59.332,-1905.321,Passive Strays,790959490,1780408258.168,1,OK,-3.697314E28,-3.697314E28,-3.697314E28,-3.697314E28,-3.697314E28,-3.697314E28,-3.697314E28,0.0000000,0
4,Port 0x01: JJH Probe  s/n:3E4C880C,790959493,1780408258.218633386,1,Too Few Markers,-3.697314E28,-3.697314E28,-3.697314E28,-3.697314E28,-3.697314E28,-3.697314E28,-3.697314E28,0.0000000,3,Missing,-3.697314E28,-3.697314E28,-3.697314E28,Missing,-3.697314E28,-3.697314E28,-3.697314E28,Missing,-3.697314E28,-3.697314E28,-3.697314E28,Port 0x02: JJH T tibia tracker  s/n:3E4C8800,790959493,1780408258.218633386,1,OK,0.6529672,-0.1143977,-0.1221685,-0.7386622,271.274,-33.046,-1823.874,0.0748411,3,OK,271.255,-33.076,-1823.863,OK,186.151,9.661,-1837.945,OK,282.214,51.063,-1853.376,Port 0x03: JJH Y femur tracker  s/n:3E4C8801,790959493,1780408258.218633386,1,OK,0.9857251,0.1174480,-0.0523286,-0.1086910,33.480,-80.942,-1886.683,0.3455909,3,OK,33.898,-81.165,-1886.678,OK,-7.077,8.622,-1871.688,OK,-57.272,-59.639,-1893.911,Passive Strays,790959493,1780408258.218,1,OK,-3.697314E28,-3.697314E28,-3.697314E28,-3.697314E28,-3.697314E28,-3.697314E28,-3.697314E28,0.0000000,0
4,Port 0x01: JJH Probe  s/n:3E4C880C,790959496,1780408258.268633386,1,Too Few Markers,-3.697314E28,-3.697314E28,-3.697314E28,-3.697314E28,-3.697314E28,-3.697314E28,-3.697314E28,0.0000000,3,Missing,-3.697314E28,-3.697314E28,-3.697314E28,Missing,-3.697314E28,-3.697314E28,-3.697314E28,Missing,-3.697314E28,-3.697314E28,-3.697314E28,Port 0x02: JJH T tibia tracker  s/n:3E4C8800,790959496,1780408258.268633386,1,OK,0.6524200,-0.1154154,-0.1237755,-0.7387199,271.950,-33.208,-1825.068,0.0686754,3,OK,271.945,-33.237,-1825.057,OK,186.864,9.521,-1839.369,OK,282.968,50.771,-1854.879,Port 0x03: JJH Y femur tracker  s/n:3E4C8801,790959496,1780408258.268633386,1,OK,0.9871002,0.1133551,-0.0257753,-0.1100885,31.192,-81.690,-1879.651,0.3487211,3,OK,31.616,-81.893,-1879.664,OK,-8.811,7.737,-1862.723,OK,-59.891,-60.681,-1882.042,Passive Strays,790959496,1780408258.268,1,OK,-3.697314E28,-3.697314E28,-3.697314E28,-3.697314E28,-3.697314E28,-3.697314E28,-3.697314E28,0.0000000,0
4,Port 0x01: JJH Probe  s/n:3E4C880C,790959499,1780408258.318633386,1,Too Few Markers,-3.697314E28,-3.697314E28,-3.697314E28,-3.697314E28,-3.697314E28,-3.697314E28,-3.697314E28,0.0000000,3,Missing,-3.697314E28,-3.697314E28,-3.697314E28,Missing,-3.697314E28,-3.697314E28,-3.697314E28,Missing,-3.697314E28,-3.697314E28,-3.697314E28,Port 0x02: JJH T tibia tracker  s/n:3E4C8800,790959499,1780408258.318633386,1,OK,0.6517185,-0.1162234,-0.1257251,-0.7388831,272.490,-32.953,-1825.971,0.0547095,3,OK,272.476,-32.980,-1825.961,OK,187.493,9.804,-1840.579,OK,283.623,50.887,-1856.103,Port 0x03: JJH Y femur tracker  s/n:3E4C8801,790959499,1780408258.318633386,1,OK,0.9876253,0.1102777,0.0007023,-0.1115102,29.152,-82.073,-1872.305,0.3541069,3,OK,29.585,-82.272,-1872.339,OK,-10.162,7.243,-1853.285,OK,-62.016,-61.363,-1869.846,Passive Strays,790959499,1780408258.318,1,OK,-3.697314E28,-3.697314E28,-3.697314E28,-3.697314E28,-3.697314E28,-3.697314E28,-3.697314E28,0.0000000,0
4,Port 0x01: JJH Probe  s/n:3E4C880C,790959502,1780408258.368633386,1,Too Few Markers,-3.697314E28,-3.697314E28,-3.697314E28,-3.697314E28,-3.697314E28,-3.697314E28,-3.697314E28,0.0000000,3,Missing,-3.697314E28,-3.697314E28,-3.697314E28,Missing,-3.697314E28,-3.697314E28,-3.697314E28,Missing,-3.697314E28,-3.697314E28,-3.697314E28,Port 0x02: JJH T tibia tracker  s/n:3E4C8800,790959502,1780408258.368633386,1,OK,0.6510421,-0.1171306,-0.1271161,-0.7390981,273.057,-32.613,-1826.833,0.0674885,3,OK,273.036,-32.645,-1826.821,OK,188.118,10.188,-1841.640,OK,284.323,51.127,-1857.243,Port 0x03: JJH Y femur tracker  s/n:3E4C8801,790959502,1780408258.368633386,1,OK,0.9874156,0.1072818,0.0269111,-0.1130347,27.574,-82.309,-1864.784,0.3515630,3,OK,28.006,-82.476,-1864.834,OK,-10.894,6.888,-1843.717,OK,-63.427,-61.866,-1857.522,Passive Strays,790959502,1780408258.368,1,OK,-3.697314E28,-3.697314E28,-3.697314E28,-3.697314E28,-3.697314E28,-3.697314E28,-3.697314E28,0.0000000,0
4,Port 0x01: JJH Probe  s/n:3E4C880C,790959505,1780408258.418633386,1,Too Few Markers,-3.697314E28,-3.697314E28,-3.697314E28,-3.697314E28,-3.697314E28,-3.697314E28,-3.697314E28,0.0000000,3,Missing,-3.697314E28,-3.697314E28,-3.697314E28,Missing,-3.697314E28,-3.697314E28,-3.697314E28,Missing,-3.697314E28,-3.697314E28,-3.697314E28,Port 0x02: JJH T tibia tracker  s/n:3E4C8800,790959505,1780408258.418633386,1,OK,0.6506370,-0.1166183,-0.1274579,-0.7394769,273.548,-32.470,-1827.777,0.0507562,3,OK,273.538,-32.489,-1827.770,OK,188.667,10.417,-1842.699,OK,284.917,51.243,-1858.149,Port 0x03: JJH Y femur tracker  s/n:3E4C8801,790959505,1780408258.418633386,1,OK,0.9865457,0.1038382,0.0537630,-0.1142572,26.400,-82.763,-1857.320,0.3619171,3,OK,26.842,-82.924,-1857.393,OK,-11.171,6.307,-1834.252,OK,-64.155,-62.608,-1845.153,Passive Strays,790959505,1780408258.418,1,OK,-3.697314E28,-3.697314E28,-3.697314E28,-3.697314E28,-3.697314E28,-3.697314E28,-3.697314E28,0.0000000,0
4,Port 0x01: JJH Probe  s/n:3E4C880C,790959508,1780408258.468633386,1,Too Few Markers,-3.697314E28,-3.697314E28,-3.697314E28,-3.697314E28,-3.697314E28,-3.697314E28,-3.697314E28,0.0000000,3,Missing,-3.697314E28,-3.697314E28,-3.697314E28,Missing,-3.697314E28,-3.697314E28,-3.697314E28,Missing,-3.697314E28,-3.697314E28,-3.697314E28,Port 0x02: JJH T tibia tracker  s/n:3E4C8800,790959508,1780408258.468633386,1,OK,0.6501971,-0.1164101,-0.1281924,-0.7397696,273.882,-32.085,-1828.384,0.0649452,3,OK,273.870,-32.122,-1828.370,OK,189.053,10.856,-1843.464,OK,285.371,51.612,-1858.817,Port 0x03: JJH Y femur tracker  s/n:3E4C8801,790959508,1780408258.468633386,1,OK,0.9850282,0.1001934,0.0797187,-0.1154366,25.547,-83.032,-1849.620,0.3583251,3,OK,25.981,-83.163,-1849.709,OK,-11.025,5.925,-1824.710,OK,-64.322,-63.147,-1832.740,Passive Strays,790959508,1780408258.468,1,OK,-3.697314E28,-3.697314E28,-3.697314E28,-3.697314E28,-3.697314E28,-3.697314E28,-3.697314E28,0.0000000,0
4,Port 0x01: JJH Probe  s/n:3E4C880C,790959511,1780408258.518633386,1,Too Few Markers,-3.697314E28,-3.697314E28,-3.697314E28,-3.697314E28,-3.697314E28,-3.697314E28,-3.697314E28,0.0000000,3,Missing,-3.697314E28,-3.697314E28,-3.697314E28,Missing,-3.697314E28,-3.697314E28,-3.697314E28,Missing,-3.697314E28,-3.697314E28,-3.697314E28,Port 0x02: JJH T tibia tracker  s/n:3E4C8800,790959511,1780408258.518633386,1,OK,0.6497666,-0.1166098,-0.1293477,-0.7399154,274.262,-31.968,-1829.070,0.0772331,3,OK,274.252,-32.027,-1829.048,OK,189.478,10.998,-1844.353,OK,285.841,51.679,-1859.664,Port 0x03: JJH Y femur tracker  s/n:3E4C8801,790959511,1780408258.518633386,1,OK,0.9825543,0.0969362,0.1075507,-0.1167184,25.190,-83.498,-1842.111,0.3867096,3,OK,25.652,-83.635,-1842.233,OK,-10.192,5.340,-1815.150,OK,-63.678,-63.875,-1820.190,Passive Strays,790959511,1780408258.518,1,OK,-3.697314E28,-3.697314E28,-3.697314E28,-3.697314E28,-3.697314E28,-3.697314E28,-3.697314E28,0.0000000,0
4,Port 0x01: JJH Probe  s/n:3E4C880C,790959514,1780408258.568633386,1,Too Few Markers,-3.697314E28,-3.697314E28,-3.697314E28,-3.697314E28,-3.697314E28,-3.697314E28,-3.697314E28,0.0000000,3,Missing,-3.697314E28,-3.697314E28,-3.697314E28,Missing,-3.697314E28,-3.697314E28,-3.697314E28,Missing,-3.697314E28,-3.697314E28,-3.697314E28,Port 0x02: JJH T tibia tracker  s/n:3E4C8800,790959514,1780408258.568633386,1,OK,0.6497459,-0.1149239,-0.1281564,-0.7404044,274.522,-31.692,-1829.915,0.0569740,3,OK,274.511,-31.705,-1829.910,OK,189.774,11.371,-1845.110,OK,286.180,52.034,-1860.142,Port 0x03: JJH Y femur tracker  s/n:3E4C8801,790959514,1780408258.568633386,1,OK,0.9795480,0.0932055,0.1338842,-0.1177856,25.222,-83.801,-1834.444,0.4008887,3,OK,25.694,-83.925,-1834.592,OK,-8.935,4.942,-1805.702,OK,-62.435,-64.435,-1807.813,Passive Strays,790959514,1780408258.568,1,OK,-3.697314E28,-3.697314E28,-3.697314E28,-3.697314E28,-3.697314E28,-3.697314E28,-3.697314E28,0.0000000,0
4,Port 0x01: JJH Probe  s/n:3E4C880C,790959517,1780408258.618633386,1,Too Few Markers,-3.697314E28,-3.697314E28,-3.697314E28,-3.697314E28,-3.697314E28,-3.697314E28,-3.697314E28,0.0000000,3,Missing,-3.697314E28,-3.697314E28,-3.697314E28,Missing,-3.697314E28,-3.697314E28,-3.697314E28,Missing,-3.697314E28,-3.697314E28,-3.697314E28,Port 0x02: JJH T tibia tracker  s/n:3E4C8800,790959517,1780408258.618633386,1,OK,0.6494983,-0.1138938,-0.1287073,-0.7406852,274.664,-31.526,-1830.381,0.0656243,3,OK,274.648,-31.565,-1830.367,OK,189.975,11.576,-1845.755,OK,286.419,52.235,-1860.543,Port 0x03: JJH Y femur tracker  s/n:3E4C8801,790959517,1780408258.618633386,1,OK,0.9756134,0.0906457,0.1608904,-0.1186428,25.599,-84.324,-1826.830,0.4275478,3,OK,26.093,-84.461,-1827.016,OK,-7.215,4.260,-1796.087,OK,-60.552,-65.269,-1795.395,Passive Strays,790959517,1780408258.618,1,OK,-3.697314E28,-3.697314E28,-3.697314E28,-3.697314E28,-3.697314E28,-3.697314E28,-3.697314E28,0.0000000,0
4,Port 0x01: JJH Probe  s/n:3E4C880C,790959520,1780408258.668633386,1,Too Few Markers,-3.697314E28,-3.697314E28,-3.697314E28,-3.697314E28,-3.697314E28,-3.697314E28,-3.697314E28,0.0000000,3,Missing,-3.697314E28,-3.697314E28,-3.697314E28,Missing,-3.697314E28,-3.697314E28,-3.697314E28,Missing,-3.697314E28,-3.697314E28,-3.697314E28,Port 0x02: JJH T tibia tracker  s/n:3E4C8800,790959520,1780408258.668633386,1,OK,0.6493106,-0.1128525,-0.1292811,-0.7409093,274.956,-31.205,-1831.185,0.0613025,3,OK,274.954,-31.249,-1831.169,OK,190.307,11.932,-1846.743,OK,286.787,52.565,-1861.274,Port 0x03: JJH Y femur tracker  s/n:3E4C8801,790959520,1780408258.668633386,1,OK,0.9708491,0.0880570,0.1878265,-0.1200795,26.532,-84.477,-1819.311,0.4706061,3,OK,27.064,-84.648,-1819.552,OK,-4.717,4.009,-1786.643,OK,-57.824,-65.610,-1783.140,Passive Strays,790959520,1780408258.668,1,OK,-3.697314E28,-3.697314E28,-3.697314E28,-3.697314E28,-3.697314E28,-3.697314E28,-3.697314E28,0.0000000,0
4,Port 0x01: JJH Probe  s/n:3E4C880C,790959523,1780408258.718633386,1,Too Few Markers,-3.697314E28,-3.697314E28,-3.697314E28,-3.697314E28,-3.697314E28,-3.697314E28,-3.697314E28,0.0000000,3,Missing,-3.697314E28,-3.697314E28,-3.697314E28,Missing,-3.697314E28,-3.697314E28,-3.697314E28,Missing,-3.697314E28,-3.697314E28,-3.697314E28,Port 0x02: JJH T tibia tracker  s/n:3E4C8800,790959523,1780408258.718633386,1,OK,0.6495150,-0.1109966,-0.1285439,-0.7411386,274.959,-30.903,-1831.637,0.0747870,3,OK,274.938,-30.946,-1831.622,OK,190.324,12.247,-1847.185,OK,286.835,52.994,-1861.408,Port 0x03: JJH Y femur tracker  s/n:3E4C8801,790959523,1780408258.718633386,1,OK,0.9656883,0.0840079,0.2140229,-0.1207604,27.722,-84.897,-1811.741,0.4815989,3,OK,28.252,-85.028,-1812.005,OK,-2.024,3.465,-1777.527,OK,-54.656,-66.287,-1771.081,Passive Strays,790959523,1780408258.718,1,OK,-3.697314E28,-3.697314E28,-3.697314E28,-3.697314E28,-3.697314E28,-3.697314E28,-3.697314E28,0.0000000,0
4,Port 0x01: JJH Probe  s/n:3E4C880C,790959526,1780408258.768633386,1,Too Few Markers,-3.697314E28,-3.697314E28,-3.697314E28,-3.697314E28,-3.697314E28,-3.697314E28,-3.697314E28,0.0000000,3,Missing,-3.697314E28,-3.697314E28,-3.697314E28,Missing,-3.697314E28,-3.697314E28,-3.697314E28,Missing,-3.697314E28,-3.697314E28,-3.697314E28,Port 0x02: JJH T tibia tracker  s/n:3E4C8800,790959526,1780408258.768633386,1,OK,0.6499471,-0.1082481,-0.1277903,-0.7412967,274.941,-30.724,-1832.091,0.0672191,3,OK,274.931,-30.772,-1832.074,OK,190.314,12.429,-1847.690,OK,286.812,53.321,-1861.419,Port 0x03: JJH Y femur tracker  s/n:3E4C8801,790959526,1780408258.768633386,1,OK,0.9597214,0.0806145,0.2398722,-0.1220550,29.360,-85.254,-1804.511,0.5136594,3,OK,29.910,-85.403,-1804.826,OK,1.319,3.063,-1768.733,OK,-50.790,-66.793,-1759.481,Passive Strays,790959526,1780408258.768,1,OK,-3.697314E28,-3.697314E28,-3.697314E28,-3.697314E28,-3.697314E28,-3.697314E28,-3.697314E28,0.0000000,0
4,Port 0x01: JJH Probe  s/n:3E4C880C,790959529,1780408258.818633386,1,Too Few Markers,-3.697314E28,-3.697314E28,-3.697314E28,-3.697314E28,-3.697314E28,-3.697314E28,-3.697314E28,0.0000000,3,Missing,-3.697314E28,-3.697314E28,-3.697314E28,Missing,-3.697314E28,-3.697314E28,-3.697314E28,Missing,-3.697314E28,-3.697314E28,-3.697314E28,Port 0x02: JJH T tibia tracker  s/n:3E4C8800,790959529,1780408258.818633386,1,OK,0.6508114,-0.1050447,-0.1255351,-0.7413845,274.646,-30.390,-1832.024,0.0728065,3,OK,274.630,-30.437,-1832.008,OK,189.978,12.749,-1847.425,OK,286.446,53.901,-1860.685,Port 0x03: JJH Y femur tracker  s/n:3E4C8801,790959529,1780408258.818633386,1,OK,0.9536642,0.0762396,0.2639871,-0.1225677,31.294,-85.655,-1797.076,0.4838173,3,OK,31.792,-85.730,-1797.378,OK,4.818,2.591,-1760.115,OK,-46.560,-67.424,-1748.105,Passive Strays,790959529,1780408258.818,1,OK,-3.697314E28,-3.697314E28,-3.697314E28,-3.697314E28,-3.697314E28,-3.697314E28,-3.697314E28,0.0000000,0
4,Port 0x01: JJH Probe  s/n:3E4C880C,790959532,1780408258.868633386,1,Too Few Markers,-3.697314E28,-3.697314E28,-3.697314E28,-3.697314E28,-3.697314E28,-3.697314E28,-3.697314E28,0.0000000,3,Missing,-3.697314E28,-3.697314E28,-3.697314E28,Missing,-3.697314E28,-3.697314E28,-3.697314E28,Missing,-3.697314E28,-3.697314E28,-3.697314E28,Port 0x02: JJH T tibia tracker  s/n:3E4C8800,790959532,1780408258.868633386,1,OK,0.6519558,-0.1020236,-0.1245217,-0.7409717,274.423,-30.076,-1831.951,0.0928472,3,OK,274.405,-30.148,-1831.928,OK,189.672,12.912,-1847.348,OK,286.075,54.432,-1860.118,Port 0x03: JJH Y femur tracker  s/n:3E4C8801,790959532,1780408258.868633386,1,OK,0.9467537,0.0732288,0.2881242,-0.1236100,33.596,-85.893,-1790.568,0.5213331,3,OK,34.118,-85.992,-1790.927,OK,8.866,2.284,-1752.242,OK,-41.731,-67.790,-1737.690,Passive Strays,790959532,1780408258.868,1,OK,-3.697314E28,-3.697314E28,-3.697314E28,-3.697314E28,-3.697314E28,-3.697314E28,-3.697314E28,0.0000000,0
4,Port 0x01: JJH Probe  s/n:3E4C880C,790959535,1780408258.918633386,1,Too Few Markers,-3.697314E28,-3.697314E28,-3.697314E28,-3.697314E28,-3.697314E28,-3.697314E28,-3.697314E28,0.0000000,3,Missing,-3.697314E28,-3.697314E28,-3.697314E28,Missing,-3.697314E28,-3.697314E28,-3.697314E28,Missing,-3.697314E28,-3.697314E28,-3.697314E28,Port 0x02: JJH T tibia tracker  s/n:3E4C8800,790959535,1780408258.918633386,1,OK,0.6537489,-0.0972954,-0.1209075,-0.7406263,273.900,-29.763,-1831.561,0.0811904,3,OK,273.887,-29.816,-1831.544,OK,189.020,13.104,-1846.601,OK,285.300,55.094,-1858.701,Port 0x03: JJH Y femur tracker  s/n:3E4C8801,790959535,1780408258.918633386,1,OK,0.9398805,0.0700508,0.3103563,-0.1240829,35.983,-86.239,-1784.113,0.5185918,3,OK,36.482,-86.313,-1784.486,OK,12.870,1.856,-1744.658,OK,-36.834,-68.341,-1727.752,Passive Strays,790959535,1780408258.918,1,OK,-3.697314E28,-3.697314E28,-3.697314E28,-3.697314E28,-3.697314E28,-3.697314E28,-3.697314E28,0.0000000,0
4,Port 0x01: JJH Probe  s/n:3E4C880C,790959538,1780408258.968633386,1,Too Few Markers,-3.697314E28,-3.697314E28,-3.697314E28,-3.697314E28,-3.697314E28,-3.697314E28,-3.697314E28,0.0000000,3,Missing,-3.697314E28,-3.697314E28,-3.697314E28,Missing,-3.697314E28,-3.697314E28,-3.697314E28,Missing,-3.697314E28,-3.697314E28,-3.697314E28,Port 0x02: JJH T tibia tracker  s/n:3E4C8800,790959538,1780408258.968633386,1,OK,0.6555864,-0.0937676,-0.1173950,-0.7400220,273.487,-29.478,-1831.284,0.0901514,3,OK,273.456,-29.526,-1831.270,OK,188.453,13.210,-1845.897,OK,284.590,55.696,-1857.574,Port 0x03: JJH Y femur tracker  s/n:3E4C8801,790959538,1780408258.968633386,1,OK,0.9330587,0.0667647,0.3306032,-0.1250819,38.577,-86.508,-1778.375,0.5054976,3,OK,39.046,-86.561,-1778.754,OK,17.083,1.575,-1738.037,OK,-31.750,-68.662,-1718.940,Passive Strays,790959538,1780408258.968,1,OK,-3.697314E28,-3.697314E28,-3.697314E28,-3.697314E28,-3.697314E28,-3.697314E28,-3.697314E28,0.0000000,0
4,Port 0x01: JJH Probe  s/n:3E4C880C,790959541,1780408259.018633386,1,Too Few Markers,-3.697314E28,-3.697314E28,-3.697314E28,-3.697314E28,-3.697314E28,-3.697314E28,-3.697314E28,0.0000000,3,Missing,-3.697314E28,-3.697314E28,-3.697314E28,Missing,-3.697314E28,-3.697314E28,-3.697314E28,Missing,-3.697314E28,-3.697314E28,-3.697314E28,Port 0x02: JJH T tibia tracker  s/n:3E4C8800,790959541,1780408259.018633386,1,OK,0.6574121,-0.0908915,-0.1155966,-0.7390436,272.739,-29.171,-1830.640,0.1271802,3,OK,272.701,-29.266,-1830.612,OK,187.534,13.241,-1845.083,OK,283.520,56.271,-1856.373,Port 0x03: JJH Y femur tracker  s/n:3E4C8801,790959541,1780408259.018633386,1,OK,0.9263005,0.0639388,0.3495815,-0.1251878,41.108,-86.864,-1772.940,0.4908160,3,OK,41.546,-86.904,-1773.321,OK,21.046,1.139,-1731.732,OK,-26.777,-69.208,-1710.705,Passive Strays,790959541,1780408259.018,1,OK,-3.697314E28,-3.697314E28,-3.697314E28,-3.697314E28,-3.697314E28,-3.697314E28,-3.697314E28,0.0000000,0
4,Port 0x01: JJH Probe  s/n:3E4C880C,790959544,1780408259.068633386,1,Too Few Markers,-3.697314E28,-3.697314E28,-3.697314E28,-3.697314E28,-3.697314E28,-3.697314E28,-3.697314E28,0.0000000,3,Missing,-3.697314E28,-3.697314E28,-3.697314E28,Missing,-3.697314E28,-3.697314E28,-3.697314E28,Missing,-3.697314E28,-3.697314E28,-3.697314E28,Port 0x02: JJH T tibia tracker  s/n:3E4C8800,790959544,1780408259.068633386,1,OK,0.6597066,-0.0858074,-0.1112022,-0.7382807,272.110,-28.958,-1830.003,0.1178572,3,OK,272.079,-29.035,-1829.981,OK,186.711,13.236,-1843.969,OK,282.513,56.856,-1854.570,Port 0x03: JJH Y femur tracker  s/n:3E4C8801,790959544,1780408259.068633386,1,OK,0.9195756,0.0602295,0.3672817,-0.1259256,43.725,-87.145,-1767.966,0.4852390,3,OK,44.139,-87.150,-1768.346,OK,25.119,0.893,-1726.219,OK,-21.753,-69.492,-1703.198,Passive Strays,790959544,1780408259.068,1,OK,-3.697314E28,-3.697314E28,-3.697314E28,-3.697314E28,-3.697314E28,-3.697314E28,-3.697314E28,0.0000000,0
4,Port 0x01: JJH Probe  s/n:3E4C880C,790959547,1780408259.118633386,1,Too Few Markers,-3.697314E28,-3.697314E28,-3.697314E28,-3.697314E28,-3.697314E28,-3.697314E28,-3.697314E28,0.0000000,3,Missing,-3.697314E28,-3.697314E28,-3.697314E28,Missing,-3.697314E28,-3.697314E28,-3.697314E28,Missing,-3.697314E28,-3.697314E28,-3.697314E28,Port 0x02: JJH T tibia tracker  s/n:3E4C8800,790959547,1780408259.118633386,1,OK,0.6622205,-0.0807167,-0.1069729,-0.7372283,271.337,-28.801,-1829.184,0.1164725,3,OK,271.301,-28.868,-1829.166,OK,185.720,13.097,-1842.697,OK,281.300,57.379,-1852.605,Port 0x03: JJH Y femur tracker  s/n:3E4C8801,790959547,1780408259.118633386,1,OK,0.9127021,0.0574362,0.3843203,-0.1263876,46.416,-87.338,-1763.437,0.5084732,3,OK,46.832,-87.330,-1763.844,OK,29.245,0.674,-1721.067,OK,-16.663,-69.758,-1696.263,Passive Strays,790959547,1780408259.118,1,OK,-3.697314E28,-3.697314E28,-3.697314E28,-3.697314E28,-3.697314E28,-3.697314E28,-3.697314E28,0.0000000,0
4,Port 0x01: JJH Probe  s/n:3E4C880C,790959550,1780408259.168633386,1,Too Few Markers,-3.697314E28,-3.697314E28,-3.697314E28,-3.697314E28,-3.697314E28,-3.697314E28,-3.697314E28,0.0000000,3,Missing,-3.697314E28,-3.697314E28,-3.697314E28,Missing,-3.697314E28,-3.697314E28,-3.697314E28,Missing,-3.697314E28,-3.697314E28,-3.697314E28,Port 0x02: JJH T tibia tracker  s/n:3E4C8800,790959550,1780408259.168633386,1,OK,0.6645421,-0.0749794,-0.1033698,-0.7362585,270.648,-28.628,-1828.202,0.1015380,3,OK,270.618,-28.676,-1828.190,OK,184.850,12.990,-1841.431,OK,280.212,57.881,-1850.459,Port 0x03: JJH Y femur tracker  s/n:3E4C8801,790959550,1780408259.168633386,1,OK,0.9062093,0.0546922,0.3996599,-0.1267492,48.979,-87.532,-1759.350,0.5291516,3,OK,49.396,-87.511,-1759.782,OK,33.119,0.476,-1716.494,OK,-11.851,-70.012,-1690.074,Passive Strays,790959550,1780408259.168,1,OK,-3.697314E28,-3.697314E28,-3.697314E28,-3.697314E28,-3.697314E28,-3.697314E28,-3.697314E28,0.0000000,0
4,Port 0x01: JJH Probe  s/n:3E4C880C,790959553,1780408259.218633386,1,Too Few Markers,-3.697314E28,-3.697314E28,-3.697314E28,-3.697314E28,-3.697314E28,-3.697314E28,-3.697314E28,0.0000000,3,Missing,-3.697314E28,-3.697314E28,-3.697314E28,Missing,-3.697314E28,-3.697314E28,-3.697314E28,Missing,-3.697314E28,-3.697314E28,-3.697314E28,Port 0x02: JJH T tibia tracker  s/n:3E4C8800,790959553,1780408259.218633386,1,OK,0.6669271,-0.0708571,-0.0999052,-0.7349874,269.696,-28.672,-1827.173,0.1219168,3,OK,269.666,-28.742,-1827.156,OK,183.667,12.606,-1840.026,OK,278.809,58.148,-1848.504,Port 0x03: JJH Y femur tracker  s/n:3E4C8801,790959553,1780408259.218633386,1,OK,0.8999919,0.0519818,0.4136828,-0.1271969,51.444,-87.791,-1755.342,0.5018438,3,OK,51.824,-87.754,-1755.756,OK,36.808,0.229,-1712.106,OK,-7.200,-70.279,-1684.253,Passive Strays,790959553,1780408259.218,1,OK,-3.697314E28,-3.697314E28,-3.697314E28,-3.697314E28,-3.697314E28,-3.697314E28,-3.697314E28,0.0000000,0
4,Port 0x01: JJH Probe  s/n:3E4C880C,790959556,1780408259.268633386,1,Too Few Markers,-3.697314E28,-3.697314E28,-3.697314E28,-3.697314E28,-3.697314E28,-3.697314E28,-3.697314E28,0.0000000,3,Missing,-3.697314E28,-3.697314E28,-3.697314E28,Missing,-3.697314E28,-3.697314E28,-3.697314E28,Missing,-3.697314E28,-3.697314E28,-3.697314E28,Port 0x02: JJH T tibia tracker  s/n:3E4C8800,790959556,1780408259.268633386,1,OK,0.6688829,-0.0671795,-0.0960428,-0.7340697,268.787,-28.476,-1826.093,0.1351481,3,OK,268.752,-28.554,-1826.075,OK,182.572,12.560,-1838.481,OK,277.534,58.619,-1846.500,Port 0x03: JJH Y femur tracker  s/n:3E4C8801,790959556,1780408259.268633386,1,OK,0.8943452,0.0491149,0.4258538,-0.1279955,53.521,-87.709,-1751.669,0.4797017,3,OK,53.868,-87.646,-1752.060,OK,40.009,0.374,-1708.247,OK,-3.151,-70.096,-1679.060,Passive Strays,790959556,1780408259.268,1,OK,-3.697314E28,-3.697314E28,-3.697314E28,-3.697314E28,-3.697314E28,-3.697314E28,-3.697314E28,0.0000000,0
4,Port 0x01: JJH Probe  s/n:3E4C880C,790959559,1780408259.318633389,1,Too Few Markers,-3.697314E28,-3.697314E28,-3.697314E28,-3.697314E28,-3.697314E28,-3.697314E28,-3.697314E28,0.0000000,3,Missing,-3.697314E28,-3.697314E28,-3.697314E28,Missing,-3.697314E28,-3.697314E28,-3.697314E28,Missing,-3.697314E28,-3.697314E28,-3.697314E28,Port 0x02: JJH T tibia tracker  s/n:3E4C8800,790959559,1780408259.318633389,1,OK,0.6707703,-0.0652276,-0.0917653,-0.7330700,267.350,-28.555,-1824.340,0.1237620,3,OK,267.319,-28.620,-1824.326,OK,180.935,12.254,-1836.073,OK,275.684,58.735,-1843.992,Port 0x03: JJH Y femur tracker  s/n:3E4C8801,790959559,1780408259.318633389,1,OK,0.8898497,0.0477275,0.4350626,-0.1288803,54.542,-87.588,-1747.699,0.4628730,3,OK,54.873,-87.555,-1748.098,OK,41.967,0.525,-1704.016,OK,-0.568,-69.878,-1673.969,Passive Strays,790959559,1780408259.318,1,OK,-3.697314E28,-3.697314E28,-3.697314E28,-3.697314E28,-3.697314E28,-3.697314E28,-3.697314E28,0.0000000,0
4,Port 0x01: JJH Probe  s/n:3E4C880C,790959562,1780408259.368633389,1,Too Few Markers,-3.697314E28,-3.697314E28,-3.697314E28,-3.697314E28,-3.697314E28,-3.697314E28,-3.697314E28,0.0000000,3,Missing,-3.697314E28,-3.697314E28,-3.697314E28,Missing,-3.697314E28,-3.697314E28,-3.697314E28,Missing,-3.697314E28,-3.697314E28,-3.697314E28,Port 0x02: JJH T tibia tracker  s/n:3E4C8800,790959562,1780408259.368633389,1,OK,0.6718452,-0.0655803,-0.0893014,-0.7323582,265.699,-28.531,-1821.533,0.1403700,3,OK,265.656,-28.603,-1821.518,OK,179.148,12.117,-1832.780,OK,273.781,58.857,-1840.947,Port 0x03: JJH Y femur tracker  s/n:3E4C8801,790959562,1780408259.368633389,1,OK,0.8865479,0.0461272,0.4414803,-0.1303850,54.475,-87.242,-1743.368,0.4887588,3,OK,54.818,-87.203,-1743.791,OK,42.689,0.977,-1699.706,OK,0.469,-69.288,-1668.837,Passive Strays,790959562,1780408259.368,1,OK,-3.697314E28,-3.697314E28,-3.697314E28,-3.697314E28,-3.697314E28,-3.697314E28,-3.697314E28,0.0000000,0
4,Port 0x01: JJH Probe  s/n:3E4C880C,790959565,1780408259.418633390,1,Too Few Markers,-3.697314E28,-3.697314E28,-3.697314E28,-3.697314E28,-3.697314E28,-3.697314E28,-3.697314E28,0.0000000,3,Missing,-3.697314E28,-3.697314E28,-3.697314E28,Missing,-3.697314E28,-3.697314E28,-3.697314E28,Missing,-3.697314E28,-3.697314E28,-3.697314E28,Port 0x02: JJH T tibia tracker  s/n:3E4C8800,790959565,1780408259.418633390,1,OK,0.6724998,-0.0669100,-0.0861603,-0.7320133,263.635,-28.595,-1818.223,0.1546395,3,OK,263.589,-28.678,-1818.205,OK,176.975,12.012,-1828.805,OK,271.537,58.871,-1837.443,Port 0x03: JJH Y femur tracker  s/n:3E4C8801,790959565,1780408259.418633390,1,OK,0.8836859,0.0445060,0.4472269,-0.1307918,53.815,-87.223,-1738.159,0.4436745,3,OK,54.117,-87.165,-1738.535,OK,42.566,1.056,-1694.483,OK,0.815,-69.205,-1662.992,Passive Strays,790959565,1780408259.418,1,OK,-3.697314E28,-3.697314E28,-3.697314E28,-3.697314E28,-3.697314E28,-3.697314E28,-3.697314E28,0.0000000,0
4,Port 0x01: JJH Probe  s/n:3E4C880C,790959568,1780408259.468666220,1,Too Few Markers,-3.697314E28,-3.697314E28,-3.697314E28,-3.697314E28,-3.697314E28,-3.697314E28,-3.697314E28,0.0000000,3,Missing,-3.697314E28,-3.697314E28,-3.697314E28,Missing,-3.697314E28,-3.697314E28,-3.697314E28,Missing,-3.697314E28,-3.697314E28,-3.697314E28,Port 0x02: JJH T tibia tracker  s/n:3E4C8800,790959568,1780408259.468666220,1,OK,0.6734604,-0.0653386,-0.0834671,-0.7315840,262.766,-28.897,-1816.664,0.1399272,3,OK,262.724,-28.967,-1816.649,OK,176.019,11.615,-1826.865,OK,270.463,58.682,-1835.358,Port 0x03: JJH Y femur tracker  s/n:3E4C8801,790959568,1780408259.468666220,1,OK,0.8780068,0.0425431,0.4584488,-0.1308388,55.652,-87.768,-1733.725,0.4214344,3,OK,55.923,-87.675,-1734.067,OK,45.425,0.489,-1689.803,OK,4.568,-69.828,-1657.256,Passive Strays,790959568,1780408259.468,1,OK,-3.697314E28,-3.697314E28,-3.697314E28,-3.697314E28,-3.697314E28,-3.697314E28,-3.697314E28,0.0000000,0
4,Port 0x01: JJH Probe  s/n:3E4C880C,790959571,1780408259.518666220,1,Too Few Markers,-3.697314E28,-3.697314E28,-3.697314E28,-3.697314E28,-3.697314E28,-3.697314E28,-3.697314E28,0.0000000,3,Missing,-3.697314E28,-3.697314E28,-3.697314E28,Missing,-3.697314E28,-3.697314E28,-3.697314E28,Missing,-3.697314E28,-3.697314E28,-3.697314E28,Port 0x02: JJH T tibia tracker  s/n:3E4C8800,790959571,1780408259.518666220,1,OK,0.6746799,-0.0611756,-0.0797752,-0.7312322,262.305,-29.165,-1814.984,0.1533583,3,OK,262.259,-29.242,-1814.969,OK,175.460,11.236,-1824.809,OK,269.814,58.649,-1832.699,Port 0x03: JJH Y femur tracker  s/n:3E4C8801,790959571,1780408259.518666220,1,OK,0.8713543,0.0400314,0.4710326,-0.1314055,58.603,-87.716,-1730.047,0.4143730,3,OK,58.857,-87.614,-1730.384,OK,49.592,0.574,-1685.944,OK,9.745,-69.727,-1652.162,Passive Strays,790959571,1780408259.518,1,OK,-3.697314E28,-3.697314E28,-3.697314E28,-3.697314E28,-3.697314E28,-3.697314E28,-3.697314E28,0.0000000,0
4,Port 0x01: JJH Probe  s/n:3E4C880C,790959574,1780408259.568666219,1,Too Few Markers,-3.697314E28,-3.697314E28,-3.697314E28,-3.697314E28,-3.697314E28,-3.697314E28,-3.697314E28,0.0000000,3,Missing,-3.697314E28,-3.697314E28,-3.697314E28,Missing,-3.697314E28,-3.697314E28,-3.697314E28,Missing,-3.697314E28,-3.697314E28,-3.697314E28,Port 0x02: JJH T tibia tracker  s/n:3E4C8800,790959574,1780408259.568666219,1,OK,0.6764409,-0.0561097,-0.0733321,-0.7306859,261.193,-29.411,-1811.896,0.1586102,3,OK,261.143,-29.487,-1811.882,OK,174.195,10.850,-1820.918,OK,268.387,58.710,-1828.182,Port 0x03: JJH Y femur tracker  s/n:3E4C8801,790959574,1780408259.568666219,1,OK,0.8675563,0.0393689,0.4781171,-0.1311493,59.561,-88.085,-1726.517,0.4283390,3,OK,59.817,-87.974,-1726.866,OK,51.205,0.131,-1682.169,OK,11.943,-70.220,-1647.821,Passive Strays,790959574,1780408259.568,1,OK,-3.697314E28,-3.697314E28,-3.697314E28,-3.697314E28,-3.697314E28,-3.697314E28,-3.697314E28,0.0000000,0
4,Port 0x01: JJH Probe  s/n:3E4C880C,790959577,1780408259.618666219,1,Too Few Markers,-3.697314E28,-3.697314E28,-3.697314E28,-3.697314E28,-3.697314E28,-3.697314E28,-3.697314E28,0.0000000,3,Missing,-3.697314E28,-3.697314E28,-3.697314E28,Missing,-3.697314E28,-3.697314E28,-3.697314E28,Missing,-3.697314E28,-3.697314E28,-3.697314E28,Port 0x02: JJH T tibia tracker  s/n:3E4C8800,790959577,1780408259.618666219,1,OK,0.6777564,-0.0532162,-0.0692232,-0.7300839,260.295,-29.809,-1809.803,0.1516642,3,OK,260.239,-29.879,-1809.792,OK,173.186,10.303,-1818.285,OK,267.220,58.482,-1825.220,Port 0x03: JJH Y femur tracker  s/n:3E4C8801,790959577,1780408259.618666219,1,OK,0.8637624,0.0389366,0.4850471,-0.1308731,60.563,-88.525,-1723.512,0.4655888,3,OK,60.844,-88.462,-1723.930,OK,52.848,-0.379,-1678.860,OK,14.172,-70.769,-1644.016,Passive Strays,790959577,1780408259.618,1,OK,-3.697314E28,-3.697314E28,-3.697314E28,-3.697314E28,-3.697314E28,-3.697314E28,-3.697314E28,0.0000000,0
4,Port 0x01: JJH Probe  s/n:3E4C880C,790959580,1780408259.668666220,1,Too Few Markers,-3.697314E28,-3.697314E28,-3.697314E28,-3.697314E28,-3.697314E28,-3.697314E28,-3.697314E28,0.0000000,3,Missing,-3.697314E28,-3.697314E28,-3.697314E28,Missing,-3.697314E28,-3.697314E28,-3.697314E28,Missing,-3.697314E28,-3.697314E28,-3.697314E28,Port 0x02: JJH T tibia tracker  s/n:3E4C8800,790959580,1780408259.668666220,1,OK,0.6785299,-0.0525676,-0.0667800,-0.7296398,259.631,-29.943,-1808.111,0.1720699,3,OK,259.563,-30.004,-1808.102,OK,172.424,10.050,-1816.192,OK,266.408,58.439,-1823.152,Port 0x03: JJH Y femur tracker  s/n:3E4C8801,790959580,1780408259.668666220,1,OK,0.8606058,0.0377737,0.4906438,-0.1311465,61.626,-88.653,-1720.458,0.4212557,3,OK,61.866,-88.537,-1720.803,OK,54.487,-0.500,-1675.790,OK,16.291,-70.900,-1640.417,Passive Strays,790959580,1780408259.668,1,OK,-3.697314E28,-3.697314E28,-3.697314E28,-3.697314E28,-3.697314E28,-3.697314E28,-3.697314E28,0.0000000,0
4,Port 0x01: JJH Probe  s/n:3E4C880C,790959583,1780408259.718666220,1,Too Few Markers,-3.697314E28,-3.697314E28,-3.697314E28,-3.697314E28,-3.697314E28,-3.697314E28,-3.697314E28,0.0000000,3,Missing,-3.697314E28,-3.697314E28,-3.697314E28,Missing,-3.697314E28,-3.697314E28,-3.697314E28,Missing,-3.697314E28,-3.697314E28,-3.697314E28,Port 0x02: JJH T tibia tracker  s/n:3E4C8800,790959583,1780408259.718666220,1,OK,0.6792862,-0.0495201,-0.0636845,-0.7294260,259.483,-30.119,-1807.002,0.1747910,3,OK,259.425,-30.195,-1806.990,OK,172.210,9.821,-1814.747,OK,266.128,58.408,-1821.273,Port 0x03: JJH Y femur tracker  s/n:3E4C8801,790959583,1780408259.718666220,1,OK,0.8551146,0.0355175,0.5002182,-0.1315265,64.229,-88.582,-1717.751,0.4204333,3,OK,64.458,-88.453,-1718.091,OK,58.023,-0.384,-1673.059,OK,20.690,-70.764,-1636.737,Passive Strays,790959583,1780408259.718,1,OK,-3.697314E28,-3.697314E28,-3.697314E28,-3.697314E28,-3.697314E28,-3.697314E28,-3.697314E28,0.0000000,0
4,Port 0x01: JJH Probe  s/n:3E4C880C,790959586,1780408259.768666220,1,Too Few Markers,-3.697314E28,-3.697314E28,-3.697314E28,-3.697314E28,-3.697314E28,-3.697314E28,-3.697314E28,0.0000000,3,Missing,-3.697314E28,-3.697314E28,-3.697314E28,Missing,-3.697314E28,-3.697314E28,-3.697314E28,Missing,-3.697314E28,-3.697314E28,-3.697314E28,Port 0x02: JJH T tibia tracker  s/n:3E4C8800,790959586,1780408259.768666220,1,OK,0.6806653,-0.0432945,-0.0580213,-0.7290089,259.270,-30.503,-1805.287,0.1696701,3,OK,259.200,-30.566,-1805.279,OK,171.907,9.311,-1812.462,OK,265.681,58.261,-1818.059,Port 0x03: JJH Y femur tracker  s/n:3E4C8801,790959586,1780408259.768666220,1,OK,0.8491737,0.0334686,0.5103634,-0.1315794,67.045,-88.741,-1715.213,0.4332581,3,OK,67.273,-88.607,-1715.569,OK,61.809,-0.535,-1670.431,OK,25.422,-70.931,-1633.178,Passive Strays,790959586,1780408259.768,1,OK,-3.697314E28,-3.697314E28,-3.697314E28,-3.697314E28,-3.697314E28,-3.697314E28,-3.697314E28,0.0000000,0
4,Port 0x01: JJH Probe  s/n:3E4C880C,790959589,1780408259.818666219,1,Too Few Markers,-3.697314E28,-3.697314E28,-3.697314E28,-3.697314E28,-3.697314E28,-3.697314E28,-3.697314E28,0.0000000,3,Missing,-3.697314E28,-3.697314E28,-3.697314E28,Missing,-3.697314E28,-3.697314E28,-3.697314E28,Missing,-3.697314E28,-3.697314E28,-3.697314E28,Port 0x02: JJH T tibia tracker  s/n:3E4C8800,790959589,1780408259.818666219,1,OK,0.6823737,-0.0355516,-0.0515375,-0.7283173,258.937,-30.979,-1803.102,0.1747793,3,OK,258.871,-31.058,-1803.094,OK,171.438,8.648,-1809.675,OK,265.036,58.060,-1814.080,Port 0x03: JJH Y femur tracker  s/n:3E4C8801,790959589,1780408259.818666219,1,OK,0.8433646,0.0310433,0.5200258,-0.1317024,69.994,-88.930,-1712.706,0.4044085,3,OK,70.187,-88.746,-1712.996,OK,65.678,-0.690,-1667.962,OK,30.255,-71.102,-1629.798,Passive Strays,790959589,1780408259.818,1,OK,-3.697314E28,-3.697314E28,-3.697314E28,-3.697314E28,-3.697314E28,-3.697314E28,-3.697314E28,0.0000000,0
4,Port 0x01: JJH Probe  s/n:3E4C880C,790959592,1780408259.868666219,1,Too Few Markers,-3.697314E28,-3.697314E28,-3.697314E28,-3.697314E28,-3.697314E28,-3.697314E28,-3.697314E28,0.0000000,3,Missing,-3.697314E28,-3.697314E28,-3.697314E28,Missing,-3.697314E28,-3.697314E28,-3.697314E28,Missing,-3.697314E28,-3.697314E28,-3.697314E28,Port 0x02: JJH T tibia tracker  s/n:3E4C8800,790959592,1780408259.868666219,1,OK,0.6841972,-0.0288776,-0.0446634,-0.7273551,258.538,-31.505,-1801.317,0.1863661,3,OK,258.463,-31.572,-1801.311,OK,170.864,7.860,-1807.138,OK,264.286,57.755,-1810.586,Port 0x03: JJH Y femur tracker  s/n:3E4C8801,790959592,1780408259.868666219,1,OK,0.8375800,0.0294848,0.5294226,-0.1315376,72.832,-89.062,-1710.513,0.4179176,3,OK,73.030,-88.905,-1710.844,OK,69.416,-0.843,-1665.625,OK,34.932,-71.273,-1626.721,Passive Strays,790959592,1780408259.868,1,OK,-3.697314E28,-3.697314E28,-3.697314E28,-3.697314E28,-3.697314E28,-3.697314E28,-3.697314E28,0.0000000,0
4,Port 0x01: JJH Probe  s/n:3E4C880C,790959595,1780408259.918666220,1,Too Few Markers,-3.697314E28,-3.697314E28,-3.697314E28,-3.697314E28,-3.697314E28,-3.697314E28,-3.697314E28,0.0000000,3,Missing,-3.697314E28,-3.697314E28,-3.697314E28,Missing,-3.697314E28,-3.697314E28,-3.697314E28,Missing,-3.697314E28,-3.697314E28,-3.697314E28,Port 0x02: JJH T tibia tracker  s/n:3E4C8800,790959595,1780408259.918666220,1,OK,0.6855946,-0.0239677,-0.0400206,-0.7264874,258.207,-31.858,-1799.865,0.1982236,3,OK,258.142,-31.954,-1799.858,OK,170.395,7.290,-1805.212,OK,263.659,57.560,-1807.929,Port 0x03: JJH Y femur tracker  s/n:3E4C8801,790959595,1780408259.918666220,1,OK,0.8321603,0.0273594,0.5379921,-0.1316253,75.488,-89.023,-1708.430,0.4136349,3,OK,75.676,-88.861,-1708.757,OK,72.897,-0.758,-1663.580,OK,39.306,-71.193,-1623.896,Passive Strays,790959595,1780408259.918,1,OK,-3.697314E28,-3.697314E28,-3.697314E28,-3.697314E28,-3.697314E28,-3.697314E28,-3.697314E28,0.0000000,0
4,Port 0x01: JJH Probe  s/n:3E4C880C,790959598,1780408259.968666220,1,Too Few Markers,-3.697314E28,-3.697314E28,-3.697314E28,-3.697314E28,-3.697314E28,-3.697314E28,-3.697314E28,0.0000000,3,Missing,-3.697314E28,-3.697314E28,-3.697314E28,Missing,-3.697314E28,-3.697314E28,-3.697314E28,Missing,-3.697314E28,-3.697314E28,-3.697314E28,Port 0x02: JJH T tibia tracker  s/n:3E4C8800,790959598,1780408259.968666220,1,OK,0.6872823,-0.0180443,-0.0346692,-0.7253382,257.811,-32.362,-1798.393,0.1986158,3,OK,257.744,-32.442,-1798.389,OK,169.831,6.487,-1803.215,OK,262.900,57.187,-1805.029,Port 0x03: JJH Y femur tracker  s/n:3E4C8801,790959598,1780408259.968666220,1,OK,0.8270445,0.0257477,0.5459046,-0.1316156,78.069,-89.191,-1706.506,0.3859836,3,OK,78.235,-89.026,-1706.799,OK,76.254,-0.927,-1661.629,OK,43.518,-71.356,-1621.352,Passive Strays,790959598,1780408259.968,1,OK,-3.697314E28,-3.697314E28,-3.697314E28,-3.697314E28,-3.697314E28,-3.697314E28,-3.697314E28,0.0000000,0
4,Port 0x01: JJH Probe  s/n:3E4C880C,790959601,1780408260.018666220,1,Too Few Markers,-3.697314E28,-3.697314E28,-3.697314E28,-3.697314E28,-3.697314E28,-3.697314E28,-3.697314E28,0.0000000,3,Missing,-3.697314E28,-3.697314E28,-3.697314E28,Missing,-3.697314E28,-3.697314E28,-3.697314E28,Missing,-3.697314E28,-3.697314E28,-3.697314E28,Port 0x02: JJH T tibia tracker  s/n:3E4C8800,790959601,1780408260.018666220,1,OK,0.6891091,-0.0109058,-0.0284488,-0.7240168,257.394,-32.846,-1796.605,0.1968873,3,OK,257.328,-32.929,-1796.602,OK,169.239,5.674,-1800.843,OK,262.064,56.835,-1801.547,Port 0x03: JJH Y femur tracker  s/n:3E4C8801,790959601,1780408260.018666220,1,OK,0.8217267,0.0240870,0.5539588,-0.1315854,80.528,-89.257,-1704.803,0.4746401,3,OK,80.734,-89.112,-1705.218,OK,79.511,-0.989,-1659.927,OK,47.589,-71.395,-1618.877,Passive Strays,790959601,1780408260.018,1,OK,-3.697314E28,-3.697314E28,-3.697314E28,-3.697314E28,-3.697314E28,-3.697314E28,-3.697314E28,0.0000000,0
4,Port 0x01: JJH Probe  s/n:3E4C880C,790959604,1780408260.068666219,1,Too Few Markers,-3.697314E28,-3.697314E28,-3.697314E28,-3.697314E28,-3.697314E28,-3.697314E28,-3.697314E28,0.0000000,3,Missing,-3.697314E28,-3.697314E28,-3.697314E28,Missing,-3.697314E28,-3.697314E28,-3.697314E28,Missing,-3.697314E28,-3.697314E28,-3.697314E28,Port 0x02: JJH T tibia tracker  s/n:3E4C8800,790959604,1780408260.068666219,1,OK,0.6908414,-0.0039804,-0.0222897,-0.7226517,257.002,-33.225,-1794.853,0.1853485,3,OK,256.940,-33.310,-1794.851,OK,168.687,4.967,-1798.509,OK,261.246,56.545,-1798.136,Port 0x03: JJH Y femur tracker  s/n:3E4C8801,790959604,1780408260.068666219,1,OK,0.8170511,0.0227441,0.5609398,-0.1313647,82.897,-89.302,-1703.176,0.4185423,3,OK,83.070,-89.160,-1703.529,OK,82.552,-1.036,-1658.261,OK,51.440,-71.479,-1616.782,Passive Strays,790959604,1780408260.068,1,OK,-3.697314E28,-3.697314E28,-3.697314E28,-3.697314E28,-3.697314E28,-3.697314E28,-3.697314E28,0.0000000,0
4,Port 0x01: JJH Probe  s/n:3E4C880C,790959607,1780408260.118666219,1,Too Few Markers,-3.697314E28,-3.697314E28,-3.697314E28,-3.697314E28,-3.697314E28,-3.697314E28,-3.697314E28,0.0000000,3,Missing,-3.697314E28,-3.697314E28,-3.697314E28,Missing,-3.697314E28,-3.697314E28,-3.697314E28,Missing,-3.697314E28,-3.697314E28,-3.697314E28,Port 0x02: JJH T tibia tracker  s/n:3E4C8800,790959607,1780408260.118666219,1,OK,0.6923129,0.0011779,-0.0182763,-0.7213650,256.623,-33.631,-1793.223,0.2003281,3,OK,256.546,-33.715,-1793.223,OK,168.157,4.227,-1796.551,OK,260.520,56.204,-1795.342,Port 0x03: JJH Y femur tracker  s/n:3E4C8801,790959607,1780408260.118666219,1,OK,0.8128451,0.0213433,0.5671036,-0.1312277,85.084,-89.386,-1701.771,0.3792630,3,OK,85.230,-89.238,-1702.071,OK,85.328,-1.114,-1656.873,OK,54.949,-71.562,-1614.985,Passive Strays,790959607,1780408260.118,1,OK,-3.697314E28,-3.697314E28,-3.697314E28,-3.697314E28,-3.697314E28,-3.697314E28,-3.697314E28,0.0000000,0
4,Port 0x01: JJH Probe  s/n:3E4C880C,790959610,1780408260.168666220,1,Too Few Markers,-3.697314E28,-3.697314E28,-3.697314E28,-3.697314E28,-3.697314E28,-3.697314E28,-3.697314E28,0.0000000,3,Missing,-3.697314E28,-3.697314E28,-3.697314E28,Missing,-3.697314E28,-3.697314E28,-3.697314E28,Missing,-3.697314E28,-3.697314E28,-3.697314E28,Port 0x02: JJH T tibia tracker  s/n:3E4C8800,790959610,1780408260.168666220,1,OK,0.6934324,0.0066280,-0.0131362,-0.7203714,256.330,-33.967,-1791.894,0.2053412,3,OK,256.253,-34.053,-1791.895,OK,167.742,3.651,-1794.721,OK,259.945,55.907,-1792.669,Port 0x03: JJH Y femur tracker  s/n:3E4C8801,790959610,1780408260.168666220,1,OK,0.8089934,0.0199601,0.5726654,-0.1310942,86.971,-89.460,-1700.487,0.3652209,3,OK,87.104,-89.294,-1700.758,OK,87.747,-1.167,-1655.650,OK,58.019,-71.641,-1613.320,Passive Strays,790959610,1780408260.168,1,OK,-3.697314E28,-3.697314E28,-3.697314E28,-3.697314E28,-3.697314E28,-3.697314E28,-3.697314E28,0.0000000,0
4,Port 0x01: JJH Probe  s/n:3E4C880C,790959613,1780408260.218666220,1,Too Few Markers,-3.697314E28,-3.697314E28,-3.697314E28,-3.697314E28,-3.697314E28,-3.697314E28,-3.697314E28,0.0000000,3,Missing,-3.697314E28,-3.697314E28,-3.697314E28,Missing,-3.697314E28,-3.697314E28,-3.697314E28,Missing,-3.697314E28,-3.697314E28,-3.697314E28,Port 0x02: JJH T tibia tracker  s/n:3E4C8800,790959613,1780408260.218666220,1,OK,0.6942441,0.0108487,-0.0089353,-0.7196024,256.201,-34.232,-1790.601,0.2067063,3,OK,256.116,-34.319,-1790.604,OK,167.532,3.201,-1793.004,OK,259.600,55.656,-1790.308,Port 0x03: JJH Y femur tracker  s/n:3E4C8801,790959613,1780408260.218666220,1,OK,0.8055192,0.0191236,0.5776129,-0.1309062,88.649,-89.354,-1699.530,0.3915439,3,OK,88.794,-89.213,-1699.857,OK,89.922,-1.064,-1654.668,OK,60.740,-71.562,-1611.968,Passive Strays,790959613,1780408260.218,1,OK,-3.697314E28,-3.697314E28,-3.697314E28,-3.697314E28,-3.697314E28,-3.697314E28,-3.697314E28,0.0000000,0
4,Port 0x01: JJH Probe  s/n:3E4C880C,790959616,1780408260.268666220,1,Too Few Markers,-3.697314E28,-3.697314E28,-3.697314E28,-3.697314E28,-3.697314E28,-3.697314E28,-3.697314E28,0.0000000,3,Missing,-3.697314E28,-3.697314E28,-3.697314E28,Missing,-3.697314E28,-3.697314E28,-3.697314E28,Missing,-3.697314E28,-3.697314E28,-3.697314E28,Port 0x02: JJH T tibia tracker  s/n:3E4C8800,790959616,1780408260.268666220,1,OK,0.6947417,0.0152035,-0.0058397,-0.7190749,256.070,-34.597,-1789.484,0.2027504,3,OK,255.981,-34.684,-1789.488,OK,167.356,2.720,-1791.670,OK,259.318,55.287,-1788.242,Port 0x03: JJH Y femur tracker  s/n:3E4C8801,790959616,1780408260.268666220,1,OK,0.8030077,0.0183981,0.5811647,-0.1307202,89.908,-89.383,-1698.728,0.3744114,3,OK,90.040,-89.232,-1699.023,OK,91.517,-1.108,-1653.869,OK,62.773,-71.610,-1610.960,Passive Strays,790959616,1780408260.268,1,OK,-3.697314E28,-3.697314E28,-3.697314E28,-3.697314E28,-3.697314E28,-3.697314E28,-3.697314E28,0.0000000,0
4,Port 0x01: JJH Probe  s/n:3E4C880C,790959619,1780408260.318666218,1,Too Few Markers,-3.697314E28,-3.697314E28,-3.697314E28,-3.697314E28,-3.697314E28,-3.697314E28,-3.697314E28,0.0000000,3,Missing,-3.697314E28,-3.697314E28,-3.697314E28,Missing,-3.697314E28,-3.697314E28,-3.697314E28,Missing,-3.697314E28,-3.697314E28,-3.697314E28,Port 0x02: JJH T tibia tracker  s/n:3E4C8800,790959619,1780408260.318666218,1,OK,0.6951867,0.0177541,-0.0029867,-0.7186038,255.958,-34.884,-1788.809,0.2014951,3,OK,255.885,-34.977,-1788.813,OK,167.176,2.331,-1790.685,OK,259.079,54.991,-1786.882,Port 0x03: JJH Y femur tracker  s/n:3E4C8801,790959619,1780408260.318666218,1,OK,0.8014786,0.0180103,0.5833158,-0.1305771,90.663,-89.500,-1698.252,0.3941523,3,OK,90.802,-89.356,-1698.576,OK,92.476,-1.239,-1653.380,OK,63.985,-71.737,-1610.315,Passive Strays,790959619,1780408260.318,1,OK,-3.697314E28,-3.697314E28,-3.697314E28,-3.697314E28,-3.697314E28,-3.697314E28,-3.697314E28,0.0000000,0
4,Port 0x01: JJH Probe  s/n:3E4C880C,790959622,1780408260.368666218,1,Too Few Markers,-3.697314E28,-3.697314E28,-3.697314E28,-3.697314E28,-3.697314E28,-3.697314E28,-3.697314E28,0.0000000,3,Missing,-3.697314E28,-3.697314E28,-3.697314E28,Missing,-3.697314E28,-3.697314E28,-3.697314E28,Missing,-3.697314E28,-3.697314E28,-3.697314E28,Port 0x02: JJH T tibia tracker  s/n:3E4C8800,790959622,1780408260.368666218,1,OK,0.6952322,0.0179330,-0.0028589,-0.7185558,255.931,-34.937,-1788.488,0.2188885,3,OK,255.842,-35.026,-1788.493,OK,167.140,2.249,-1790.356,OK,259.059,54.952,-1786.522,Port 0x03: JJH Y femur tracker  s/n:3E4C8801,790959622,1780408260.368666218,1,OK,0.8010182,0.0179681,0.5839548,-0.1305514,90.897,-89.401,-1698.158,0.3818579,3,OK,91.031,-89.271,-1698.478,OK,92.780,-1.134,-1653.268,OK,64.363,-71.651,-1610.192,Passive Strays,790959622,1780408260.368,1,OK,-3.697314E28,-3.697314E28,-3.697314E28,-3.697314E28,-3.697314E28,-3.697314E28,-3.697314E28,0.0000000,0
4,Port 0x01: JJH Probe  s/n:3E4C880C,790959625,1780408260.418666218,1,Too Few Markers,-3.697314E28,-3.697314E28,-3.697314E28,-3.697314E28,-3.697314E28,-3.697314E28,-3.697314E28,0.0000000,3,Missing,-3.697314E28,-3.697314E28,-3.697314E28,Missing,-3.697314E28,-3.697314E28,-3.697314E28,Missing,-3.697314E28,-3.697314E28,-3.697314E28,Port 0x02: JJH T tibia tracker  s/n:3E4C8800,790959625,1780408260.418666218,1,OK,0.6952329,0.0184394,-0.0022940,-0.7185443,255.897,-34.767,-1788.621,0.1994200,3,OK,255.832,-34.866,-1788.625,OK,167.104,2.442,-1790.427,OK,258.996,55.105,-1786.520,Port 0x03: JJH Y femur tracker  s/n:3E4C8801,790959625,1780408260.418666218,1,OK,0.8021729,0.0183050,0.5823239,-0.1307000,90.320,-89.214,-1698.547,0.3818140,3,OK,90.455,-89.096,-1698.872,OK,92.051,-0.944,-1653.644,OK,63.442,-71.431,-1610.699,Passive Strays,790959625,1780408260.418,1,OK,-3.697314E28,-3.697314E28,-3.697314E28,-3.697314E28,-3.697314E28,-3.697314E28,-3.697314E28,0.0000000,0
4,Port 0x01: JJH Probe  s/n:3E4C880C,790959628,1780408260.468666218,1,Too Few Markers,-3.697314E28,-3.697314E28,-3.697314E28,-3.697314E28,-3.697314E28,-3.697314E28,-3.697314E28,0.0000000,3,Missing,-3.697314E28,-3.697314E28,-3.697314E28,Missing,-3.697314E28,-3.697314E28,-3.697314E28,Missing,-3.697314E28,-3.697314E28,-3.697314E28,Port 0x02: JJH T tibia tracker  s/n:3E4C8800,790959628,1780408260.468666218,1,OK,0.6950134,0.0169468,-0.0043360,-0.7187839,255.732,-34.577,-1788.873,0.2068483,3,OK,255.641,-34.662,-1788.877,OK,166.982,2.669,-1790.926,OK,258.908,55.305,-1787.218,Port 0x03: JJH Y femur tracker  s/n:3E4C8801,790959628,1780408260.468666218,1,OK,0.8052238,0.0187583,0.5779763,-0.1311719,88.817,-89.152,-1699.417,0.3739791,3,OK,88.951,-88.994,-1699.707,OK,90.141,-0.838,-1654.631,OK,61.010,-71.294,-1611.874,Passive Strays,790959628,1780408260.468,1,OK,-3.697314E28,-3.697314E28,-3.697314E28,-3.697314E28,-3.697314E28,-3.697314E28,-3.697314E28,0.0000000,0
4,Port 0x01: JJH Probe  s/n:3E4C880C,790959631,1780408260.518666218,1,Too Few Markers,-3.697314E28,-3.697314E28,-3.697314E28,-3.697314E28,-3.697314E28,-3.697314E28,-3.697314E28,0.0000000,3,Missing,-3.697314E28,-3.697314E28,-3.697314E28,Missing,-3.697314E28,-3.697314E28,-3.697314E28,Missing,-3.697314E28,-3.697314E28,-3.697314E28,Port 0x02: JJH T tibia tracker  s/n:3E4C8800,790959631,1780408260.518666218,1,OK,0.6947239,0.0125328,-0.0083120,-0.7191193,255.659,-34.083,-1789.782,0.2121485,3,OK,255.583,-34.176,-1789.785,OK,166.926,3.234,-1792.204,OK,258.936,55.814,-1789.194,Port 0x03: JJH Y femur tracker  s/n:3E4C8801,790959631,1780408260.518666218,1,OK,0.8104464,0.0203120,0.5705317,-0.1313679,86.253,-88.994,-1701.090,0.3860804,3,OK,86.397,-88.822,-1701.382,OK,86.846,-0.693,-1656.290,OK,56.846,-71.127,-1614.051,Passive Strays,790959631,1780408260.518,1,OK,-3.697314E28,-3.697314E28,-3.697314E28,-3.697314E28,-3.697314E28,-3.697314E28,-3.697314E28,0.0000000,0
4,Port 0x01: JJH Probe  s/n:3E4C880C,790959634,1780408260.568666218,1,Too Few Markers,-3.697314E28,-3.697314E28,-3.697314E28,-3.697314E28,-3.697314E28,-3.697314E28,-3.697314E28,0.0000000,3,Missing,-3.697314E28,-3.697314E28,-3.697314E28,Missing,-3.697314E28,-3.697314E28,-3.697314E28,Missing,-3.697314E28,-3.697314E28,-3.697314E28,Port 0x02: JJH T tibia tracker  s/n:3E4C8800,790959634,1780408260.568666218,1,OK,0.6936697,0.0044358,-0.0166133,-0.7200880,255.717,-33.193,-1791.732,0.2033109,3,OK,255.638,-33.286,-1791.733,OK,167.118,4.348,-1795.009,OK,259.270,56.677,-1793.225,Port 0x03: JJH Y femur tracker  s/n:3E4C8801,790959634,1780408260.568666218,1,OK,0.8175848,0.0228743,0.5601113,-0.1315565,82.722,-88.690,-1703.549,0.4166102,3,OK,82.895,-88.565,-1703.910,OK,82.314,-0.409,-1658.641,OK,51.105,-70.823,-1617.229,Passive Strays,790959634,1780408260.568,1,OK,-3.697314E28,-3.697314E28,-3.697314E28,-3.697314E28,-3.697314E28,-3.697314E28,-3.697314E28,0.0000000,0
4,Port 0x01: JJH Probe  s/n:3E4C880C,790959637,1780408260.618666218,1,Too Few Markers,-3.697314E28,-3.697314E28,-3.697314E28,-3.697314E28,-3.697314E28,-3.697314E28,-3.697314E28,0.0000000,3,Missing,-3.697314E28,-3.697314E28,-3.697314E28,Missing,-3.697314E28,-3.697314E28,-3.697314E28,Missing,-3.697314E28,-3.697314E28,-3.697314E28,Port 0x02: JJH T tibia tracker  s/n:3E4C8800,790959637,1780408260.618666218,1,OK,0.6919882,-0.0070755,-0.0264729,-0.7213885,255.989,-32.094,-1795.064,0.1926346,3,OK,255.925,-32.175,-1795.061,OK,167.545,5.758,-1799.224,OK,259.953,57.654,-1799.272,Port 0x03: JJH Y femur tracker  s/n:3E4C8801,790959637,1780408260.618666218,1,OK,0.8261815,0.0252342,0.5471518,-0.1319557,78.408,-88.439,-1706.484,0.4458670,3,OK,78.607,-88.302,-1706.869,OK,76.745,-0.132,-1661.668,OK,44.096,-70.501,-1621.154,Passive Strays,790959637,1780408260.618,1,OK,-3.697314E28,-3.697314E28,-3.697314E28,-3.697314E28,-3.697314E28,-3.697314E28,-3.697314E28,0.0000000,0
4,Port 0x01: JJH Probe  s/n:3E4C880C,790959640,1780408260.668666218,1,Too Few Markers,-3.697314E28,-3.697314E28,-3.697314E28,-3.697314E28,-3.697314E28,-3.697314E28,-3.697314E28,0.0000000,3,Missing,-3.697314E28,-3.697314E28,-3.697314E28,Missing,-3.697314E28,-3.697314E28,-3.697314E28,Missing,-3.697314E28,-3.697314E28,-3.697314E28,Port 0x02: JJH T tibia tracker  s/n:3E4C8800,790959640,1780408260.668666218,1,OK,0.6892972,-0.0198681,-0.0391039,-0.7231497,256.532,-31.059,-1798.522,0.1901863,3,OK,256.468,-31.143,-1798.517,OK,168.348,7.226,-1803.977,OK,261.098,58.451,-1805.950,Port 0x03: JJH Y femur tracker  s/n:3E4C8801,790959640,1780408260.668666218,1,OK,0.8357976,0.0285192,0.5321335,-0.1321479,73.619,-88.138,-1710.114,0.4501996,3,OK,73.837,-88.014,-1710.505,OK,70.525,0.156,-1665.314,OK,36.273,-70.194,-1626.054,Passive Strays,790959640,1780408260.668,1,OK,-3.697314E28,-3.697314E28,-3.697314E28,-3.697314E28,-3.697314E28,-3.697314E28,-3.697314E28,0.0000000,0
4,Port 0x01: JJH Probe  s/n:3E4C880C,790959643,1780408260.718666218,1,Too Few Markers,-3.697314E28,-3.697314E28,-3.697314E28,-3.697314E28,-3.697314E28,-3.697314E28,-3.697314E28,0.0000000,3,Missing,-3.697314E28,-3.697314E28,-3.697314E28,Missing,-3.697314E28,-3.697314E28,-3.697314E28,Missing,-3.697314E28,-3.697314E28,-3.697314E28,Port 0x02: JJH T tibia tracker  s/n:3E4C8800,790959643,1780408260.718666218,1,OK,0.6861205,-0.0298753,-0.0495966,-0.7251802,257.136,-30.393,-1801.576,0.1825078,3,OK,257.077,-30.482,-1801.567,OK,169.259,8.409,-1808.175,OK,262.387,58.822,-1811.588,Port 0x03: JJH Y femur tracker  s/n:3E4C8801,790959643,1780408260.718666218,1,OK,0.8461852,0.0318951,0.5152251,-0.1322744,68.567,-87.958,-1714.128,0.4221018,3,OK,68.783,-87.817,-1714.469,OK,63.860,0.329,-1669.457,OK,27.920,-69.993,-1631.658,Passive Strays,790959643,1780408260.718,1,OK,-3.697314E28,-3.697314E28,-3.697314E28,-3.697314E28,-3.697314E28,-3.697314E28,-3.697314E28,0.0000000,0
4,Port 0x01: JJH Probe  s/n:3E4C880C,790959646,1780408260.768666218,1,Too Few Markers,-3.697314E28,-3.697314E28,-3.697314E28,-3.697314E28,-3.697314E28,-3.697314E28,-3.697314E28,0.0000000,3,Missing,-3.697314E28,-3.697314E28,-3.697314E28,Missing,-3.697314E28,-3.697314E28,-3.697314E28,Missing,-3.697314E28,-3.697314E28,-3.697314E28,Port 0x02: JJH T tibia tracker  s/n:3E4C8800,790959646,1780408260.768666218,1,OK,0.6837347,-0.0379495,-0.0577866,-0.7264484,257.650,-29.918,-1803.928,0.1689434,3,OK,257.602,-30.004,-1803.918,OK,169.990,9.219,-1811.410,OK,263.375,59.000,-1815.987,Port 0x03: JJH Y femur tracker  s/n:3E4C8801,790959646,1780408260.768666218,1,OK,0.8567177,0.0357455,0.4972837,-0.1321589,63.554,-87.817,-1718.766,0.4146914,3,OK,63.784,-87.701,-1719.107,OK,57.142,0.440,-1674.204,OK,19.506,-69.850,-1638.074,Passive Strays,790959646,1780408260.768,1,OK,-3.697314E28,-3.697314E28,-3.697314E28,-3.697314E28,-3.697314E28,-3.697314E28,-3.697314E28,0.0000000,0
4,Port 0x01: JJH Probe  s/n:3E4C880C,790959649,1780408260.818666218,1,Too Few Markers,-3.697314E28,-3.697314E28,-3.697314E28,-3.697314E28,-3.697314E28,-3.697314E28,-3.697314E28,0.0000000,3,Missing,-3.697314E28,-3.697314E28,-3.697314E28,Missing,-3.697314E28,-3.697314E28,-3.697314E28,Missing,-3.697314E28,-3.697314E28,-3.697314E28,Port 0x02: JJH T tibia tracker  s/n:3E4C8800,790959649,1780408260.818666218,1,OK,0.6813512,-0.0450603,-0.0657755,-0.7276013,258.420,-29.513,-1807.315,0.1666304,3,OK,258.370,-29.593,-1807.303,OK,170.972,9.912,-1815.720,OK,264.625,59.090,-1821.264,Port 0x03: JJH Y femur tracker  s/n:3E4C8801,790959649,1780408260.818666218,1,OK,0.8656477,0.0389289,0.4813880,-0.1319245,59.555,-87.617,-1724.236,0.4745474,3,OK,59.841,-87.518,-1724.641,OK,51.647,0.636,-1679.874,OK,12.527,-69.653,-1645.129,Passive Strays,790959649,1780408260.818,1,OK,-3.697314E28,-3.697314E28,-3.697314E28,-3.697314E28,-3.697314E28,-3.697314E28,-3.697314E28,0.0000000,0
4,Port 0x01: JJH Probe  s/n:3E4C880C,790959652,1780408260.868666218,1,Too Few Markers,-3.697314E28,-3.697314E28,-3.697314E28,-3.697314E28,-3.697314E28,-3.697314E28,-3.697314E28,0.0000000,3,Missing,-3.697314E28,-3.697314E28,-3.697314E28,Missing,-3.697314E28,-3.697314E28,-3.697314E28,Missing,-3.697314E28,-3.697314E28,-3.697314E28,Port 0x02: JJH T tibia tracker  s/n:3E4C8800,790959652,1780408260.868666218,1,OK,0.6794451,-0.0487257,-0.0740533,-0.7283518,260.052,-29.070,-1811.839,0.1551234,3,OK,259.998,-29.150,-1811.827,OK,172.821,10.517,-1821.469,OK,266.645,59.254,-1827.262,Port 0x03: JJH Y femur tracker  s/n:3E4C8801,790959652,1780408260.868666218,1,OK,0.8720691,0.0414348,0.4694275,-0.1319713,57.989,-87.284,-1730.623,0.4378377,3,OK,58.264,-87.202,-1730.993,OK,49.002,0.965,-1686.417,OK,8.864,-69.281,-1652.875,Passive Strays,790959652,1780408260.868,1,OK,-3.697314E28,-3.697314E28,-3.697314E28,-3.697314E28,-3.697314E28,-3.697314E28,-3.697314E28,0.0000000,0
4,Port 0x01: JJH Probe  s/n:3E4C880C,790959655,1780408260.918666218,1,Too Few Markers,-3.697314E28,-3.697314E28,-3.697314E28,-3.697314E28,-3.697314E28,-3.697314E28,-3.697314E28,0.0000000,3,Missing,-3.697314E28,-3.697314E28,-3.697314E28,Missing,-3.697314E28,-3.697314E28,-3.697314E28,Missing,-3.697314E28,-3.697314E28,-3.697314E28,Port 0x02: JJH T tibia tracker  s/n:3E4C8800,790959655,1780408260.918666218,1,OK,0.6782553,-0.0490164,-0.0800346,-0.7288083,262.427,-28.698,-1816.576,0.1525677,3,OK,262.377,-28.792,-1816.560,OK,175.358,10.964,-1827.260,OK,269.293,59.474,-1832.755,Port 0x03: JJH Y femur tracker  s/n:3E4C8801,790959655,1780408260.918666218,1,OK,0.8765569,0.0430895,0.4609037,-0.1317537,58.236,-86.951,-1737.636,0.4447947,3,OK,58.523,-86.868,-1738.008,OK,48.449,1.284,-1693.575,OK,7.608,-68.948,-1660.846,Passive Strays,790959655,1780408260.918,1,OK,-3.697314E28,-3.697314E28,-3.697314E28,-3.697314E28,-3.697314E28,-3.697314E28,-3.697314E28,0.0000000,0
4,Port 0x01: JJH Probe  s/n:3E4C880C,790959658,1780408260.968666218,1,Too Few Markers,-3.697314E28,-3.697314E28,-3.697314E28,-3.697314E28,-3.697314E28,-3.697314E28,-3.697314E28,0.0000000,3,Missing,-3.697314E28,-3.697314E28,-3.697314E28,Missing,-3.697314E28,-3.697314E28,-3.697314E28,Missing,-3.697314E28,-3.697314E28,-3.697314E28,Port 0x02: JJH T tibia tracker  s/n:3E4C8800,790959658,1780408260.968666218,1,OK,0.6773638,-0.0501282,-0.0825739,-0.7292784,263.950,-28.430,-1818.722,0.1567606,3,OK,263.905,-28.523,-1818.706,OK,176.965,11.336,-1829.789,OK,271.021,59.645,-1835.347,Port 0x03: JJH Y femur tracker  s/n:3E4C8801,790959658,1780408260.968666218,1,OK,0.8846580,0.0467191,0.4449920,-0.1310714,55.937,-86.835,-1743.706,0.4597625,3,OK,56.251,-86.768,-1744.090,OK,44.674,1.336,-1699.837,OK,2.560,-68.919,-1668.751,Passive Strays,790959658,1780408260.968,1,OK,-3.697314E28,-3.697314E28,-3.697314E28,-3.697314E28,-3.697314E28,-3.697314E28,-3.697314E28,0.0000000,0
4,Port 0x01: JJH Probe  s/n:3E4C880C,790959661,1780408261.018666218,1,Too Few Markers,-3.697314E28,-3.697314E28,-3.697314E28,-3.697314E28,-3.697314E28,-3.697314E28,-3.697314E28,0.0000000,3,Missing,-3.697314E28,-3.697314E28,-3.697314E28,Missing,-3.697314E28,-3.697314E28,-3.697314E28,Missing,-3.697314E28,-3.697314E28,-3.697314E28,Port 0x02: JJH T tibia tracker  s/n:3E4C8800,790959661,1780408261.018666218,1,OK,0.6758033,-0.0572716,-0.0871404,-0.7296687,264.658,-28.043,-1820.306,0.1407033,3,OK,264.623,-28.119,-1820.291,OK,177.766,11.852,-1831.687,OK,271.963,59.697,-1838.399,Port 0x03: JJH Y femur tracker  s/n:3E4C8801,790959661,1780408261.018666218,1,OK,0.8956383,0.0511894,0.4220976,-0.1305575,51.223,-86.579,-1749.670,0.4618352,3,OK,51.566,-86.552,-1750.059,OK,37.904,1.587,-1706.291,OK,-5.895,-68.618,-1677.539,Passive Strays,790959661,1780408261.018,1,OK,-3.697314E28,-3.697314E28,-3.697314E28,-3.697314E28,-3.697314E28,-3.697314E28,-3.697314E28,0.0000000,0
4,Port 0x01: JJH Probe  s/n:3E4C880C,790959664,1780408261.068666218,1,Too Few Markers,-3.697314E28,-3.697314E28,-3.697314E28,-3.697314E28,-3.697314E28,-3.697314E28,-3.697314E28,0.0000000,3,Missing,-3.697314E28,-3.697314E28,-3.697314E28,Missing,-3.697314E28,-3.697314E28,-3.697314E28,Missing,-3.697314E28,-3.697314E28,-3.697314E28,Port 0x02: JJH T tibia tracker  s/n:3E4C8800,790959664,1780408261.068666218,1,OK,0.6734712,-0.0668807,-0.0958067,-0.7299210,265.545,-27.611,-1823.095,0.1067907,3,OK,265.518,-27.646,-1823.088,OK,178.816,12.372,-1835.348,OK,273.183,59.549,-1843.453,Port 0x03: JJH Y femur tracker  s/n:3E4C8801,790959664,1780408261.068666218,1,OK,0.9057355,0.0547715,0.3996692,-0.1300301,46.983,-86.218,-1756.083,0.5092986,3,OK,47.383,-86.195,-1756.497,OK,31.689,1.980,-1713.427,OK,-13.665,-68.153,-1686.828,Passive Strays,790959664,1780408261.068,1,OK,-3.697314E28,-3.697314E28,-3.697314E28,-3.697314E28,-3.697314E28,-3.697314E28,-3.697314E28,0.0000000,0
4,Port 0x01: JJH Probe  s/n:3E4C880C,790959667,1780408261.118666218,1,Too Few Markers,-3.697314E28,-3.697314E28,-3.697314E28,-3.697314E28,-3.697314E28,-3.697314E28,-3.697314E28,0.0000000,3,Missing,-3.697314E28,-3.697314E28,-3.697314E28,Missing,-3.697314E28,-3.697314E28,-3.697314E28,Missing,-3.697314E28,-3.697314E28,-3.697314E28,Port 0x02: JJH T tibia tracker  s/n:3E4C8800,790959667,1780408261.118666218,1,OK,0.6713874,-0.0759121,-0.1037951,-0.7298649,266.263,-27.479,-1825.274,0.1171203,3,OK,266.239,-27.540,-1825.259,OK,179.652,12.517,-1838.316,OK,274.171,59.158,-1847.749,Port 0x03: JJH Y femur tracker  s/n:3E4C8801,790959667,1780408261.118666218,1,OK,0.9161337,0.0591764,0.3747830,-0.1293635,42.812,-86.003,-1762.800,0.4775776,3,OK,43.211,-86.000,-1763.175,OK,25.408,2.220,-1720.943,OK,-21.454,-67.858,-1696.971,Passive Strays,790959667,1780408261.118,1,OK,-3.697314E28,-3.697314E28,-3.697314E28,-3.697314E28,-3.697314E28,-3.697314E28,-3.697314E28,0.0000000,0
4,Port 0x01: JJH Probe  s/n:3E4C880C,790959670,1780408261.168666218,1,Too Few Markers,-3.697314E28,-3.697314E28,-3.697314E28,-3.697314E28,-3.697314E28,-3.697314E28,-3.697314E28,0.0000000,3,Missing,-3.697314E28,-3.697314E28,-3.697314E28,Missing,-3.697314E28,-3.697314E28,-3.697314E28,Missing,-3.697314E28,-3.697314E28,-3.697314E28,Port 0x02: JJH T tibia tracker  s/n:3E4C8800,790959670,1780408261.168666218,1,OK,0.6704412,-0.0799761,-0.1070254,-0.7298342,266.728,-27.420,-1825.793,0.1165952,3,OK,266.700,-27.482,-1825.777,OK,180.173,12.587,-1839.126,OK,274.748,58.970,-1849.173,Port 0x03: JJH Y femur tracker  s/n:3E4C8801,790959670,1780408261.168666218,1,OK,0.9255883,0.0644552,0.3502035,-0.1284106,38.995,-85.654,-1770.110,0.5168158,3,OK,39.459,-85.730,-1770.524,OK,19.567,2.539,-1728.942,OK,-28.669,-67.484,-1707.747,Passive Strays,790959670,1780408261.168,1,OK,-3.697314E28,-3.697314E28,-3.697314E28,-3.697314E28,-3.697314E28,-3.697314E28,-3.697314E28,0.0000000,0
4,Port 0x01: JJH Probe  s/n:3E4C880C,790959673,1780408261.218631948,1,Too Few Markers,-3.697314E28,-3.697314E28,-3.697314E28,-3.697314E28,-3.697314E28,-3.697314E28,-3.697314E28,0.0000000,3,Missing,-3.697314E28,-3.697314E28,-3.697314E28,Missing,-3.697314E28,-3.697314E28,-3.697314E28,Missing,-3.697314E28,-3.697314E28,-3.697314E28,Port 0x02: JJH T tibia tracker  s/n:3E4C8800,790959673,1780408261.218631948,1,OK,0.6697376,-0.0834938,-0.1095495,-0.7297118,267.297,-27.463,-1826.202,0.1168189,3,OK,267.275,-27.529,-1826.184,OK,180.762,12.537,-1839.737,OK,275.382,58.712,-1850.331,Port 0x03: JJH Y femur tracker  s/n:3E4C8801,790959673,1780408261.218631948,1,OK,0.9349282,0.0683029,0.3242056,-0.1270225,35.603,-85.575,-1777.672,0.4968584,3,OK,36.068,-85.625,-1778.036,OK,14.017,2.623,-1737.644,OK,-35.410,-67.359,-1719.188,Passive Strays,790959673,1780408261.218,1,OK,-3.697314E28,-3.697314E28,-3.697314E28,-3.697314E28,-3.697314E28,-3.697314E28,-3.697314E28,0.0000000,0
4,Port 0x01: JJH Probe  s/n:3E4C880C,790959676,1780408261.268631948,1,Too Few Markers,-3.697314E28,-3.697314E28,-3.697314E28,-3.697314E28,-3.697314E28,-3.697314E28,-3.697314E28,0.0000000,3,Missing,-3.697314E28,-3.697314E28,-3.697314E28,Missing,-3.697314E28,-3.697314E28,-3.697314E28,Missing,-3.697314E28,-3.697314E28,-3.697314E28,Port 0x02: JJH T tibia tracker  s/n:3E4C8800,790959676,1780408261.268631948,1,OK,0.6686497,-0.0877622,-0.1132316,-0.7296464,267.685,-27.517,-1826.794,0.1048512,3,OK,267.660,-27.578,-1826.777,OK,181.226,12.491,-1840.690,OK,275.888,58.358,-1851.902,Port 0x03: JJH Y femur tracker  s/n:3E4C8801,790959676,1780408261.268631948,1,OK,0.9438802,0.0722625,0.2968542,-0.1254826,32.290,-85.352,-1785.854,0.5165994,3,OK,32.798,-85.434,-1786.214,OK,8.510,2.893,-1747.115,OK,-42.000,-67.066,-1731.581,Passive Strays,790959676,1780408261.268,1,OK,-3.697314E28,-3.697314E28,-3.697314E28,-3.697314E28,-3.697314E28,-3.697314E28,-3.697314E28,0.0000000,0
4,Port 0x01: JJH Probe  s/n:3E4C880C,790959679,1780408261.318631946,1,Too Few Markers,-3.697314E28,-3.697314E28,-3.697314E28,-3.697314E28,-3.697314E28,-3.697314E28,-3.697314E28,0.0000000,3,Missing,-3.697314E28,-3.697314E28,-3.697314E28,Missing,-3.697314E28,-3.697314E28,-3.697314E28,Missing,-3.697314E28,-3.697314E28,-3.697314E28,Port 0x02: JJH T tibia tracker  s/n:3E4C8800,790959679,1780408261.318631946,1,OK,0.6674368,-0.0932903,-0.1173790,-0.7294157,267.830,-27.510,-1827.405,0.1027461,3,OK,267.801,-27.571,-1827.387,OK,181.425,12.476,-1841.652,OK,276.140,57.996,-1853.707,Port 0x03: JJH Y femur tracker  s/n:3E4C8801,790959679,1780408261.318631946,1,OK,0.9525625,0.0766501,0.2675888,-0.1230681,29.022,-85.257,-1794.613,0.5262362,3,OK,29.564,-85.369,-1794.956,OK,2.879,2.964,-1757.304,OK,-48.475,-67.007,-1745.015,Passive Strays,790959679,1780408261.318,1,OK,-3.697314E28,-3.697314E28,-3.697314E28,-3.697314E28,-3.697314E28,-3.697314E28,-3.697314E28,0.0000000,0
4,Port 0x01: JJH Probe  s/n:3E4C880C,790959682,1780408261.368631946,1,Too Few Markers,-3.697314E28,-3.697314E28,-3.697314E28,-3.697314E28,-3.697314E28,-3.697314E28,-3.697314E28,0.0000000,3,Missing,-3.697314E28,-3.697314E28,-3.697314E28,Missing,-3.697314E28,-3.697314E28,-3.697314E28,Missing,-3.697314E28,-3.697314E28,-3.697314E28,Port 0x02: JJH T tibia tracker  s/n:3E4C8800,790959682,1780408261.368631946,1,OK,0.6667203,-0.0973114,-0.1198533,-0.7291431,267.902,-27.848,-1827.904,0.0922806,3,OK,267.883,-27.915,-1827.883,OK,181.517,12.119,-1842.310,OK,276.229,57.395,-1855.007,Port 0x03: JJH Y femur tracker  s/n:3E4C8801,790959682,1780408261.368631946,1,OK,0.9605817,0.0808018,0.2363623,-0.1220112,26.392,-84.953,-1803.890,0.4920191,3,OK,26.920,-85.084,-1804.184,OK,-1.864,3.388,-1768.376,OK,-54.059,-66.447,-1759.460,Passive Strays,790959682,1780408261.368,1,OK,-3.697314E28,-3.697314E28,-3.697314E28,-3.697314E28,-3.697314E28,-3.697314E28,-3.697314E28,0.0000000,0
4,Port 0x01: JJH Probe  s/n:3E4C880C,790959685,1780408261.418631946,1,Too Few Markers,-3.697314E28,-3.697314E28,-3.697314E28,-3.697314E28,-3.697314E28,-3.697314E28,-3.697314E28,0.0000000,3,Missing,-3.697314E28,-3.697314E28,-3.697314E28,Missing,-3.697314E28,-3.697314E28,-3.697314E28,Missing,-3.697314E28,-3.697314E28,-3.697314E28,Port 0x02: JJH T tibia tracker  s/n:3E4C8800,790959685,1780408261.418631946,1,OK,0.6659312,-0.1001037,-0.1211819,-0.7292666,268.302,-27.978,-1828.063,0.0787831,3,OK,268.282,-28.016,-1828.051,OK,181.952,12.052,-1842.519,OK,276.722,57.069,-1855.668,Port 0x03: JJH Y femur tracker  s/n:3E4C8801,790959685,1780408261.418631946,1,OK,0.9674329,0.0848215,0.2055908,-0.1208772,24.737,-84.305,-1813.132,0.4794441,3,OK,25.269,-84.438,-1813.387,OK,-5.449,4.142,-1779.505,OK,-58.302,-65.542,-1773.911,Passive Strays,790959685,1780408261.418,1,OK,-3.697314E28,-3.697314E28,-3.697314E28,-3.697314E28,-3.697314E28,-3.697314E28,-3.697314E28,0.0000000,0
4,Port 0x01: JJH Probe  s/n:3E4C880C,790959688,1780408261.468631947,1,Too Few Markers,-3.697314E28,-3.697314E28,-3.697314E28,-3.697314E28,-3.697314E28,-3.697314E28,-3.697314E28,0.0000000,3,Missing,-3.697314E28,-3.697314E28,-3.697314E28,Missing,-3.697314E28,-3.697314E28,-3.697314E28,Missing,-3.697314E28,-3.697314E28,-3.697314E28,Port 0x02: JJH T tibia tracker  s/n:3E4C8800,790959688,1780408261.468631947,1,OK,0.6654470,-0.1027416,-0.1219220,-0.7292184,268.371,-28.242,-1827.612,0.0993115,3,OK,268.346,-28.297,-1827.594,OK,182.018,11.810,-1842.015,OK,276.825,56.689,-1855.647,Port 0x03: JJH Y femur tracker  s/n:3E4C8801,790959688,1780408261.468631947,1,OK,0.9737167,0.0895649,0.1721884,-0.1191848,23.414,-83.969,-1822.789,0.4390140,3,OK,23.917,-84.112,-1822.993,OK,-8.766,4.566,-1791.231,OK,-62.017,-65.008,-1789.362,Passive Strays,790959688,1780408261.468,1,OK,-3.697314E28,-3.697314E28,-3.697314E28,-3.697314E28,-3.697314E28,-3.697314E28,-3.697314E28,0.0000000,0
4,Port 0x01: JJH Probe  s/n:3E4C880C,790959691,1780408261.518631946,1,Too Few Markers,-3.697314E28,-3.697314E28,-3.697314E28,-3.697314E28,-3.697314E28,-3.697314E28,-3.697314E28,0.0000000,3,Missing,-3.697314E28,-3.697314E28,-3.697314E28,Missing,-3.697314E28,-3.697314E28,-3.697314E28,Missing,-3.697314E28,-3.697314E28,-3.697314E28,Port 0x02: JJH T tibia tracker  s/n:3E4C8800,790959691,1780408261.518631946,1,OK,0.6649682,-0.1055253,-0.1237602,-0.7289479,268.398,-28.690,-1827.369,0.1036579,3,OK,268.375,-28.759,-1827.346,OK,182.051,11.327,-1841.902,OK,276.858,56.060,-1855.977,Port 0x03: JJH Y femur tracker  s/n:3E4C8801,790959691,1780408261.518631946,1,OK,0.9788820,0.0922603,0.1392148,-0.1178867,22.776,-83.721,-1832.342,0.3983701,3,OK,23.241,-83.835,-1832.492,OK,-11.145,4.993,-1803.278,OK,-64.603,-64.417,-1804.769,Passive Strays,790959691,1780408261.518,1,OK,-3.697314E28,-3.697314E28,-3.697314E28,-3.697314E28,-3.697314E28,-3.697314E28,-3.697314E28,0.0000000,0
4,Port 0x01: JJH Probe  s/n:3E4C880C,790959694,1780408261.568631946,1,Too Few Markers,-3.697314E28,-3.697314E28,-3.697314E28,-3.697314E28,-3.697314E28,-3.697314E28,-3.697314E28,0.0000000,3,Missing,-3.697314E28,-3.697314E28,-3.697314E28,Missing,-3.697314E28,-3.697314E28,-3.697314E28,Missing,-3.697314E28,-3.697314E28,-3.697314E28,Port 0x02: JJH T tibia tracker  s/n:3E4C8800,790959694,1780408261.568631946,1,OK,0.6644589,-0.1067111,-0.1244554,-0.7291214,268.305,-28.758,-1826.736,0.0971841,3,OK,268.284,-28.828,-1826.712,OK,182.001,11.322,-1841.322,OK,276.831,55.902,-1855.573,Port 0x03: JJH Y femur tracker  s/n:3E4C8801,790959694,1780408261.568631946,1,OK,0.9824757,0.0969358,0.1088334,-0.1161905,22.699,-83.065,-1841.359,0.3936837,3,OK,23.170,-83.214,-1841.487,OK,-12.739,5.723,-1814.271,OK,-66.139,-63.558,-1819.212,Passive Strays,790959694,1780408261.568,1,OK,-3.697314E28,-3.697314E28,-3.697314E28,-3.697314E28,-3.697314E28,-3.697314E28,-3.697314E28,0.0000000,0
4,Port 0x01: JJH Probe  s/n:3E4C880C,790959697,1780408261.618631946,1,Too Few Markers,-3.697314E28,-3.697314E28,-3.697314E28,-3.697314E28,-3.697314E28,-3.697314E28,-3.697314E28,0.0000000,3,Missing,-3.697314E28,-3.697314E28,-3.697314E28,Missing,-3.697314E28,-3.697314E28,-3.697314E28,Missing,-3.697314E28,-3.697314E28,-3.697314E28,Port 0x02: JJH T tibia tracker  s/n:3E4C8800,790959697,1780408261.618631946,1,OK,0.6643065,-0.1081256,-0.1249391,-0.7289691,268.355,-29.182,-1826.728,0.1057529,3,OK,268.337,-29.264,-1826.700,OK,182.036,10.885,-1841.299,OK,276.864,55.409,-1855.806,Port 0x03: JJH Y femur tracker  s/n:3E4C8801,790959697,1780408261.618631946,1,OK,0.9849944,0.1008949,0.0793363,-0.1153780,23.394,-82.622,-1849.909,0.3749401,3,OK,23.848,-82.774,-1850.006,OK,-13.208,6.313,-1824.912,OK,-66.493,-62.739,-1833.083,Passive Strays,790959697,1780408261.618,1,OK,-3.697314E28,-3.697314E28,-3.697314E28,-3.697314E28,-3.697314E28,-3.697314E28,-3.697314E28,0.0000000,0
4,Port 0x01: JJH Probe  s/n:3E4C880C,790959700,1780408261.668631946,1,Too Few Markers,-3.697314E28,-3.697314E28,-3.697314E28,-3.697314E28,-3.697314E28,-3.697314E28,-3.697314E28,0.0000000,3,Missing,-3.697314E28,-3.697314E28,-3.697314E28,Missing,-3.697314E28,-3.697314E28,-3.697314E28,Missing,-3.697314E28,-3.697314E28,-3.697314E28,Port 0x02: JJH T tibia tracker  s/n:3E4C8800,790959700,1780408261.668631946,1,OK,0.6643194,-0.1090471,-0.1246685,-0.7288664,268.193,-29.332,-1826.135,0.1034711,3,OK,268.174,-29.410,-1826.108,OK,181.856,10.733,-1840.590,OK,276.664,55.231,-1855.298,Port 0x03: JJH Y femur tracker  s/n:3E4C8801,790959700,1780408261.668631946,1,OK,0.9866368,0.1044140,0.0512844,-0.1140853,24.415,-82.149,-1857.895,0.3703129,3,OK,24.865,-82.340,-1857.974,OK,-13.278,6.931,-1834.962,OK,-66.181,-61.968,-1846.174,Passive Strays,790959700,1780408261.668,1,OK,-3.697314E28,-3.697314E28,-3.697314E28,-3.697314E28,-3.697314E28,-3.697314E28,-3.697314E28,0.0000000,0
4,Port 0x01: JJH Probe  s/n:3E4C880C,790959703,1780408261.718631947,1,Too Few Markers,-3.697314E28,-3.697314E28,-3.697314E28,-3.697314E28,-3.697314E28,-3.697314E28,-3.697314E28,0.0000000,3,Missing,-3.697314E28,-3.697314E28,-3.697314E28,Missing,-3.697314E28,-3.697314E28,-3.697314E28,Missing,-3.697314E28,-3.697314E28,-3.697314E28,Port 0x02: JJH T tibia tracker  s/n:3E4C8800,790959703,1780408261.718631947,1,OK,0.6645449,-0.1097178,-0.1244704,-0.7285940,268.017,-29.667,-1825.634,0.1151135,3,OK,267.997,-29.745,-1825.607,OK,181.626,10.338,-1839.994,OK,276.425,54.889,-1854.863,Port 0x03: JJH Y femur tracker  s/n:3E4C8801,790959703,1780408261.718631947,1,OK,0.9875465,0.1073055,0.0234366,-0.1126416,25.931,-81.852,-1865.567,0.3500050,3,OK,26.361,-82.024,-1865.615,OK,-12.698,7.354,-1844.836,OK,-65.106,-61.399,-1858.952,Passive Strays,790959703,1780408261.718,1,OK,-3.697314E28,-3.697314E28,-3.697314E28,-3.697314E28,-3.697314E28,-3.697314E28,-3.697314E28,0.0000000,0
4,Port 0x01: JJH Probe  s/n:3E4C880C,790959706,1780408261.768631946,1,Too Few Markers,-3.697314E28,-3.697314E28,-3.697314E28,-3.697314E28,-3.697314E28,-3.697314E28,-3.697314E28,0.0000000,3,Missing,-3.697314E28,-3.697314E28,-3.697314E28,Missing,-3.697314E28,-3.697314E28,-3.697314E28,Missing,-3.697314E28,-3.697314E28,-3.697314E28,Port 0x02: JJH T tibia tracker  s/n:3E4C8800,790959706,1780408261.768631946,1,OK,0.6649412,-0.1098111,-0.1233322,-0.7284119,267.651,-29.789,-1824.932,0.1080098,3,OK,267.623,-29.859,-1824.908,OK,181.225,10.190,-1839.074,OK,275.956,54.812,-1854.042,Port 0x03: JJH Y femur tracker  s/n:3E4C8801,790959706,1780408261.768631946,1,OK,0.9875284,0.1115388,-0.0023497,-0.1110912,27.635,-81.359,-1873.007,0.3520118,3,OK,28.066,-81.561,-1873.040,OK,-11.804,7.934,-1854.072,OK,-63.558,-60.680,-1871.098,Passive Strays,790959706,1780408261.768,1,OK,-3.697314E28,-3.697314E28,-3.697314E28,-3.697314E28,-3.697314E28,-3.697314E28,-3.697314E28,0.0000000,0
4,Port 0x01: JJH Probe  s/n:3E4C880C,790959709,1780408261.818631946,1,Too Few Markers,-3.697314E28,-3.697314E28,-3.697314E28,-3.697314E28,-3.697314E28,-3.697314E28,-3.697314E28,0.0000000,3,Missing,-3.697314E28,-3.697314E28,-3.697314E28,Missing,-3.697314E28,-3.697314E28,-3.697314E28,Missing,-3.697314E28,-3.697314E28,-3.697314E28,Port 0x02: JJH T tibia tracker  s/n:3E4C8800,790959709,1780408261.818631946,1,OK,0.6651213,-0.1095500,-0.1219589,-0.7285180,267.297,-29.758,-1824.339,0.1118935,3,OK,267.266,-29.811,-1824.322,OK,180.840,10.254,-1838.255,OK,275.587,54.905,-1853.254,Port 0x03: JJH Y femur tracker  s/n:3E4C8801,790959709,1780408261.818631946,1,OK,0.9869590,0.1146954,-0.0270728,-0.1096540,29.603,-80.734,-1879.856,0.3555174,3,OK,30.037,-80.946,-1879.869,OK,-10.493,8.655,-1862.827,OK,-61.507,-59.793,-1882.472,Passive Strays,790959709,1780408261.818,1,OK,-3.697314E28,-3.697314E28,-3.697314E28,-3.697314E28,-3.697314E28,-3.697314E28,-3.697314E28,0.0000000,0
4,Port 0x01: JJH Probe  s/n:3E4C880C,790959712,1780408261.868631946,1,Too Few Markers,-3.697314E28,-3.697314E28,-3.697314E28,-3.697314E28,-3.697314E28,-3.697314E28,-3.697314E28,0.0000000,3,Missing,-3.697314E28,-3.697314E28,-3.697314E28,Missing,-3.697314E28,-3.697314E28,-3.697314E28,Missing,-3.697314E28,-3.697314E28,-3.697314E28,Port 0x02: JJH T tibia tracker  s/n:3E4C8800,790959712,1780408261.868631946,1,OK,0.6654589,-0.1089370,-0.1217380,-0.7283386,266.802,-30.015,-1823.543,0.1019764,3,OK,266.780,-30.084,-1823.519,OK,180.332,9.958,-1837.458,OK,275.011,54.688,-1852.355,Port 0x03: JJH Y femur tracker  s/n:3E4C8801,790959712,1780408261.868631946,1,OK,0.9859687,0.1171505,-0.0491489,-0.1082858,31.731,-80.498,-1886.363,0.3550465,3,OK,32.159,-80.731,-1886.363,OK,-8.886,8.999,-1871.116,OK,-59.092,-59.322,-1893.019,Passive Strays,790959712,1780408261.868,1,OK,-3.697314E28,-3.697314E28,-3.697314E28,-3.697314E28,-3.697314E28,-3.697314E28,-3.697314E28,0.0000000,0
4,Port 0x01: JJH Probe  s/n:3E4C880C,790959715,1780408261.918631946,1,Too Few Markers,-3.697314E28,-3.697314E28,-3.697314E28,-3.697314E28,-3.697314E28,-3.697314E28,-3.697314E28,0.0000000,3,Missing,-3.697314E28,-3.697314E28,-3.697314E28,Missing,-3.697314E28,-3.697314E28,-3.697314E28,Missing,-3.697314E28,-3.697314E28,-3.697314E28,Port 0x02: JJH T tibia tracker  s/n:3E4C8800,790959715,1780408261.918631946,1,OK,0.6656348,-0.1085380,-0.1202633,-0.7284823,266.347,-30.119,-1822.647,0.1262792,3,OK,266.314,-30.199,-1822.620,OK,179.855,9.892,-1836.327,OK,274.551,54.689,-1851.246,Port 0x03: JJH Y femur tracker  s/n:3E4C8801,790959715,1780408261.918631946,1,OK,0.9843849,0.1208704,-0.0703454,-0.1069033,33.929,-80.173,-1892.096,0.3564702,3,OK,34.355,-80.421,-1892.081,OK,-7.111,9.400,-1878.334,OK,-56.481,-58.787,-1902.597,Passive Strays,790959715,1780408261.918,1,OK,-3.697314E28,-3.697314E28,-3.697314E28,-3.697314E28,-3.697314E28,-3.697314E28,-3.697314E28,0.0000000,0
4,Port 0x01: JJH Probe  s/n:3E4C880C,790959718,1780408261.968631947,1,Too Few Markers,-3.697314E28,-3.697314E28,-3.697314E28,-3.697314E28,-3.697314E28,-3.697314E28,-3.697314E28,0.0000000,3,Missing,-3.697314E28,-3.697314E28,-3.697314E28,Missing,-3.697314E28,-3.697314E28,-3.697314E28,Missing,-3.697314E28,-3.697314E28,-3.697314E28,Port 0x02: JJH T tibia tracker  s/n:3E4C8800,790959718,1780408261.968631947,1,OK,0.6656699,-0.1070275,-0.1192656,-0.7288377,265.860,-30.210,-1821.730,0.1079549,3,OK,265.826,-30.281,-1821.706,OK,179.409,9.881,-1835.351,OK,274.096,54.680,-1850.014,Port 0x03: JJH Y femur tracker  s/n:3E4C8801,790959718,1780408261.968631947,1,OK,0.9827468,0.1221296,-0.0901446,-0.1056740,36.087,-79.847,-1897.019,0.3716283,3,OK,36.532,-80.092,-1896.981,OK,-5.248,9.820,-1885.042,OK,-53.790,-58.225,-1911.135,Passive Strays,790959718,1780408261.968,1,OK,-3.697314E28,-3.697314E28,-3.697314E28,-3.697314E28,-3.697314E28,-3.697314E28,-3.697314E28,0.0000000,0
4,Port 0x01: JJH Probe  s/n:3E4C880C,790959721,1780408262.018631946,1,Too Few Markers,-3.697314E28,-3.697314E28,-3.697314E28,-3.697314E28,-3.697314E28,-3.697314E28,-3.697314E28,0.0000000,3,Missing,-3.697314E28,-3.697314E28,-3.697314E28,Missing,-3.697314E28,-3.697314E28,-3.697314E28,Missing,-3.697314E28,-3.697314E28,-3.697314E28,Port 0x02: JJH T tibia tracker  s/n:3E4C8800,790959721,1780408262.018631946,1,OK,0.6656391,-0.1047256,-0.1180382,-0.7293999,265.460,-30.511,-1820.652,0.1026123,3,OK,265.438,-30.570,-1820.632,OK,179.040,9.694,-1834.234,OK,273.796,54.501,-1848.493,Port 0x03: JJH Y femur tracker  s/n:3E4C8801,790959721,1780408262.018631946,1,OK,0.9810581,0.1234772,-0.1067713,-0.1042989,38.192,-79.794,-1901.457,0.3886986,3,OK,38.653,-80.059,-1901.404,OK,-3.406,9.943,-1890.940,OK,-51.127,-58.034,-1918.596,Passive Strays,790959721,1780408262.018,1,OK,-3.697314E28,-3.697314E28,-3.697314E28,-3.697314E28,-3.697314E28,-3.697314E28,-3.697314E28,0.0000000,0
4,Port 0x01: JJH Probe  s/n:3E4C880C,790959724,1780408262.068631946,1,Too Few Markers,-3.697314E28,-3.697314E28,-3.697314E28,-3.697314E28,-3.697314E28,-3.697314E28,-3.697314E28,0.0000000,3,Missing,-3.697314E28,-3.697314E28,-3.697314E28,Missing,-3.697314E28,-3.697314E28,-3.697314E28,Missing,-3.697314E28,-3.697314E28,-3.697314E28,Port 0x02: JJH T tibia tracker  s/n:3E4C8800,790959724,1780408262.068631946,1,OK,0.6656531,-0.1044991,-0.1162284,-0.7297101,265.214,-30.540,-1819.781,0.1182733,3,OK,265.183,-30.615,-1819.756,OK,178.798,9.761,-1833.065,OK,273.562,54.571,-1847.389,Port 0x03: JJH Y femur tracker  s/n:3E4C8801,790959724,1780408262.068631946,1,OK,0.9792536,0.1248848,-0.1215248,-0.1034308,40.170,-79.473,-1905.047,0.3892396,3,OK,40.629,-79.737,-1904.980,OK,-1.544,10.346,-1895.779,OK,-48.553,-57.532,-1924.843,Passive Strays,790959724,1780408262.068,1,OK,-3.697314E28,-3.697314E28,-3.697314E28,-3.697314E28,-3.697314E28,-3.697314E28,-3.697314E28,0.0000000,0
4,Port 0x01: JJH Probe  s/n:3E4C880C,790959727,1780408262.118631946,1,Too Few Markers,-3.697314E28,-3.697314E28,-3.697314E28,-3.697314E28,-3.697314E28,-3.697314E28,-3.697314E28,0.0000000,3,Missing,-3.697314E28,-3.697314E28,-3.697314E28,Missing,-3.697314E28,-3.697314E28,-3.697314E28,Missing,-3.697314E28,-3.697314E28,-3.697314E28,Port 0x02: JJH T tibia tracker  s/n:3E4C8800,790959727,1780408262.118631946,1,OK,0.6653245,-0.1032906,-0.1156155,-0.7302790,265.044,-30.758,-1819.250,0.1108374,3,OK,265.007,-30.825,-1819.229,OK,178.696,9.669,-1832.529,OK,273.512,54.406,-1846.628,Port 0x03: JJH Y femur tracker  s/n:3E4C8801,790959727,1780408262.118631946,1,OK,0.9776912,0.1267955,-0.1323286,-0.1026254,41.854,-79.373,-1908.019,0.3943791,3,OK,42.310,-79.665,-1907.949,OK,0.014,10.497,-1899.523,OK,-46.369,-57.308,-1929.730,Passive Strays,790959727,1780408262.118,1,OK,-3.697314E28,-3.697314E28,-3.697314E28,-3.697314E28,-3.697314E28,-3.697314E28,-3.697314E28,0.0000000,0
4,Port 0x01: JJH Probe  s/n:3E4C880C,790959730,1780408262.168631946,1,Too Few Markers,-3.697314E28,-3.697314E28,-3.697314E28,-3.697314E28,-3.697314E28,-3.697314E28,-3.697314E28,0.0000000,3,Missing,-3.697314E28,-3.697314E28,-3.697314E28,Missing,-3.697314E28,-3.697314E28,-3.697314E28,Missing,-3.697314E28,-3.697314E28,-3.697314E28,Port 0x02: JJH T tibia tracker  s/n:3E4C8800,790959730,1780408262.168631946,1,OK,0.6650355,-0.1031096,-0.1144027,-0.7307586,265.133,-30.885,-1818.866,0.1125547,3,OK,265.093,-30.932,-1818.851,OK,178.809,9.669,-1831.956,OK,273.691,54.315,-1846.074,Port 0x03: JJH Y femur tracker  s/n:3E4C8801,790959730,1780408262.168631946,1,OK,0.9765051,0.1271884,-0.1407509,-0.1022261,43.390,-79.187,-1910.183,0.3966318,3,OK,43.844,-79.474,-1910.104,OK,1.534,10.723,-1902.476,OK,-44.406,-56.984,-1933.394,Passive Strays,790959730,1780408262.168,1,OK,-3.697314E28,-3.697314E28,-3.697314E28,-3.697314E28,-3.697314E28,-3.697314E28,-3.697314E28,0.0000000,0
4,Port 0x01: JJH Probe  s/n:3E4C880C,790959733,1780408262.218631947,1,Too Few Markers,-3.697314E28,-3.697314E28,-3.697314E28,-3.697314E28,-3.697314E28,-3.697314E28,-3.697314E28,0.0000000,3,Missing,-3.697314E28,-3.697314E28,-3.697314E28,Missing,-3.697314E28,-3.697314E28,-3.697314E28,Missing,-3.697314E28,-3.697314E28,-3.697314E28,Port 0x02: JJH T tibia tracker  s/n:3E4C8800,790959733,1780408262.218631947,1,OK,0.6646427,-0.1031658,-0.1133143,-0.7312775,265.272,-31.106,-1818.511,0.1031462,3,OK,265.230,-31.144,-1818.498,OK,179.000,9.600,-1831.423,OK,273.915,54.113,-1845.595,Port 0x03: JJH Y femur tracker  s/n:3E4C8801,790959733,1780408262.218631947,1,OK,0.9753052,0.1283870,-0.1482029,-0.1016488,44.675,-79.118,-1911.892,0.3958079,3,OK,45.131,-79.402,-1911.805,OK,2.777,10.820,-1904.734,OK,-42.754,-56.844,-1936.428,Passive Strays,790959733,1780408262.218,1,OK,-3.697314E28,-3.697314E28,-3.697314E28,-3.697314E28,-3.697314E28,-3.697314E28,-3.697314E28,0.0000000,0
4,Port 0x01: JJH Probe  s/n:3E4C880C,790959736,1780408262.268631946,1,Too Few Markers,-3.697314E28,-3.697314E28,-3.697314E28,-3.697314E28,-3.697314E28,-3.697314E28,-3.697314E28,0.0000000,3,Missing,-3.697314E28,-3.697314E28,-3.697314E28,Missing,-3.697314E28,-3.697314E28,-3.697314E28,Missing,-3.697314E28,-3.697314E28,-3.697314E28,Port 0x02: JJH T tibia tracker  s/n:3E4C8800,790959736,1780408262.268631946,1,OK,0.6640286,-0.1036820,-0.1130599,-0.7318016,265.471,-31.189,-1818.380,0.1088325,3,OK,265.430,-31.235,-1818.365,OK,179.258,9.664,-1831.233,OK,274.244,54.015,-1845.502,Port 0x03: JJH Y femur tracker  s/n:3E4C8801,790959736,1780408262.268631946,1,OK,0.9744444,0.1282861,-0.1539843,-0.1014383,45.863,-78.858,-1913.455,0.4038382,3,OK,46.317,-79.157,-1913.365,OK,3.974,11.130,-1906.903,OK,-41.220,-56.476,-1939.011,Passive Strays,790959736,1780408262.268,1,OK,-3.697314E28,-3.697314E28,-3.697314E28,-3.697314E28,-3.697314E28,-3.697314E28,-3.697314E28,0.0000000,0
4,Port 0x01: JJH Probe  s/n:3E4C880C,790959739,1780408262.318631949,1,Too Few Markers,-3.697314E28,-3.697314E28,-3.697314E28,-3.697314E28,-3.697314E28,-3.697314E28,-3.697314E28,0.0000000,3,Missing,-3.697314E28,-3.697314E28,-3.697314E28,Missing,-3.697314E28,-3.697314E28,-3.697314E28,Missing,-3.697314E28,-3.697314E28,-3.697314E28,Port 0x02: JJH T tibia tracker  s/n:3E4C8800,790959739,1780408262.318631949,1,OK,0.6634963,-0.1033702,-0.1128059,-0.7323674,265.562,-31.465,-1818.035,0.1143433,3,OK,265.523,-31.526,-1818.015,OK,179.415,9.532,-1830.886,OK,274.471,53.759,-1845.089,Port 0x03: JJH Y femur tracker  s/n:3E4C8801,790959739,1780408262.318631949,1,OK,0.9732080,0.1298791,-0.1606249,-0.1009815,47.023,-78.858,-1915.040,0.3935263,3,OK,47.471,-79.149,-1914.944,OK,5.123,11.167,-1908.875,OK,-39.710,-56.408,-1941.766,Passive Strays,790959739,1780408262.318,1,OK,-3.697314E28,-3.697314E28,-3.697314E28,-3.697314E28,-3.697314E28,-3.697314E28,-3.697314E28,0.0000000,0
4,Port 0x01: JJH Probe  s/n:3E4C880C,790959742,1780408262.368631949,1,Too Few Markers,-3.697314E28,-3.697314E28,-3.697314E28,-3.697314E28,-3.697314E28,-3.697314E28,-3.697314E28,0.0000000,3,Missing,-3.697314E28,-3.697314E28,-3.697314E28,Missing,-3.697314E28,-3.697314E28,-3.697314E28,Missing,-3.697314E28,-3.697314E28,-3.697314E28,Port 0x02: JJH T tibia tracker  s/n:3E4C8800,790959742,1780408262.368631949,1,OK,0.6629288,-0.1028927,-0.1118978,-0.7330875,265.540,-31.572,-1817.844,0.0871653,3,OK,265.512,-31.603,-1817.834,OK,179.470,9.619,-1830.595,OK,274.589,53.649,-1844.716,Port 0x03: JJH Y femur tracker  s/n:3E4C8801,790959742,1780408262.368631949,1,OK,0.9719318,0.1300332,-0.1682538,-0.1006512,48.049,-78.618,-1916.512,0.4129454,3,OK,48.520,-78.911,-1916.399,OK,6.196,11.461,-1911.088,OK,-38.250,-56.046,-1944.595,Passive Strays,790959742,1780408262.368,1,OK,-3.697314E28,-3.697314E28,-3.697314E28,-3.697314E28,-3.697314E28,-3.697314E28,-3.697314E28,0.0000000,0
4,Port 0x01: JJH Probe  s/n:3E4C880C,790959745,1780408262.418631949,1,Too Few Markers,-3.697314E28,-3.697314E28,-3.697314E28,-3.697314E28,-3.697314E28,-3.697314E28,-3.697314E28,0.0000000,3,Missing,-3.697314E28,-3.697314E28,-3.697314E28,Missing,-3.697314E28,-3.697314E28,-3.697314E28,Missing,-3.697314E28,-3.697314E28,-3.697314E28,Port 0x02: JJH T tibia tracker  s/n:3E4C8800,790959745,1780408262.418631949,1,OK,0.6627611,-0.1012742,-0.1102055,-0.7337207,266.080,-31.865,-1817.048,0.1008981,3,OK,266.044,-31.910,-1817.034,OK,180.057,9.474,-1829.628,OK,275.236,53.493,-1843.520,Port 0x03: JJH Y femur tracker  s/n:3E4C8801,790959745,1780408262.418631949,1,OK,0.9710125,0.1308934,-0.1713371,-0.1031762,49.405,-77.710,-1917.035,0.4160415,3,OK,49.873,-78.018,-1916.924,OK,8.012,12.593,-1911.665,OK,-36.585,-54.585,-1945.562,Passive Strays,790959745,1780408262.418,1,OK,-3.697314E28,-3.697314E28,-3.697314E28,-3.697314E28,-3.697314E28,-3.697314E28,-3.697314E28,0.0000000,0
4,Port 0x01: JJH Probe  s/n:3E4C880C,790959748,1780408262.468631949,1,Too Few Markers,-3.697314E28,-3.697314E28,-3.697314E28,-3.697314E28,-3.697314E28,-3.697314E28,-3.697314E28,0.0000000,3,Missing,-3.697314E28,-3.697314E28,-3.697314E28,Missing,-3.697314E28,-3.697314E28,-3.697314E28,Missing,-3.697314E28,-3.697314E28,-3.697314E28,Port 0x02: JJH T tibia tracker  s/n:3E4C8800,790959748,1780408262.468631949,1,OK,0.6611818,-0.1012841,-0.1090787,-0.7353109,266.866,-31.840,-1816.716,0.0953536,3,OK,266.836,-31.887,-1816.702,OK,181.027,9.926,-1829.157,OK,276.390,53.515,-1843.052,Port 0x03: JJH Y femur tracker  s/n:3E4C8801,790959748,1780408262.468631949,1,OK,0.9713655,0.1302162,-0.1700052,-0.1029126,49.537,-77.637,-1916.724,0.4200696,3,OK,50.008,-77.946,-1916.613,OK,8.088,12.632,-1911.355,OK,-36.542,-54.595,-1945.034,Passive Strays,790959748,1780408262.468,1,OK,-3.697314E28,-3.697314E28,-3.697314E28,-3.697314E28,-3.697314E28,-3.697314E28,-3.697314E28,0.0000000,0
4,Port 0x01: JJH Probe  s/n:3E4C880C,790959751,1780408262.518631949,1,Too Few Markers,-3.697314E28,-3.697314E28,-3.697314E28,-3.697314E28,-3.697314E28,-3.697314E28,-3.697314E28,0.0000000,3,Missing,-3.697314E28,-3.697314E28,-3.697314E28,Missing,-3.697314E28,-3.697314E28,-3.697314E28,Missing,-3.697314E28,-3.697314E28,-3.697314E28,Port 0x02: JJH T tibia tracker  s/n:3E4C8800,790959751,1780408262.518631949,1,OK,0.6592921,-0.1041123,-0.1107903,-0.7363560,267.342,-32.468,-1817.891,0.0760490,3,OK,267.332,-32.481,-1817.887,OK,181.660,9.605,-1830.494,OK,277.204,52.631,-1844.773,Port 0x03: JJH Y femur tracker  s/n:3E4C8801,790959751,1780408262.518631949,1,OK,0.9713573,0.1312538,-0.1694538,-0.1025809,49.457,-77.997,-1916.746,0.3958069,3,OK,49.901,-78.304,-1916.647,OK,7.929,12.257,-1911.145,OK,-36.665,-55.039,-1944.953,Passive Strays,790959751,1780408262.518,1,OK,-3.697314E28,-3.697314E28,-3.697314E28,-3.697314E28,-3.697314E28,-3.697314E28,-3.697314E28,0.0000000,0
4,Port 0x01: JJH Probe  s/n:3E4C880C,790959754,1780408262.568631949,1,Too Few Markers,-3.697314E28,-3.697314E28,-3.697314E28,-3.697314E28,-3.697314E28,-3.697314E28,-3.697314E28,0.0000000,3,Missing,-3.697314E28,-3.697314E28,-3.697314E28,Missing,-3.697314E28,-3.697314E28,-3.697314E28,Missing,-3.697314E28,-3.697314E28,-3.697314E28,Port 0x02: JJH T tibia tracker  s/n:3E4C8800,790959754,1780408262.568631949,1,OK,0.6575182,-0.1052069,-0.1119454,-0.7376107,268.596,-32.562,-1817.781,0.0747547,3,OK,268.578,-32.593,-1817.771,OK,183.117,9.838,-1830.570,OK,278.826,52.422,-1844.937,Port 0x03: JJH Y femur tracker  s/n:3E4C8801,790959754,1780408262.568631949,1,OK,0.9706519,0.1305321,-0.1707435,-0.1079021,50.939,-76.203,-1916.348,0.4145612,3,OK,51.400,-76.511,-1916.238,OK,10.389,14.460,-1910.783,OK,-34.892,-52.245,-1944.641,Passive Strays,790959754,1780408262.568,1,OK,-3.697314E28,-3.697314E28,-3.697314E28,-3.697314E28,-3.697314E28,-3.697314E28,-3.697314E28,0.0000000,0
4,Port 0x01: JJH Probe  s/n:3E4C880C,790959757,1780408262.618631949,1,Too Few Markers,-3.697314E28,-3.697314E28,-3.697314E28,-3.697314E28,-3.697314E28,-3.697314E28,-3.697314E28,0.0000000,3,Missing,-3.697314E28,-3.697314E28,-3.697314E28,Missing,-3.697314E28,-3.697314E28,-3.697314E28,Missing,-3.697314E28,-3.697314E28,-3.697314E28,Port 0x02: JJH T tibia tracker  s/n:3E4C8800,790959757,1780408262.618631949,1,OK,0.6576661,-0.1015854,-0.1075919,-0.7386336,268.976,-33.157,-1816.612,0.0876542,3,OK,268.953,-33.197,-1816.599,OK,183.541,9.487,-1828.895,OK,279.317,52.135,-1842.800,Port 0x03: JJH Y femur tracker  s/n:3E4C8801,790959757,1780408262.618631949,1,OK,0.9698852,0.1320426,-0.1729674,-0.1094064,51.479,-75.781,-1916.447,0.4180734,3,OK,51.955,-76.082,-1916.328,OK,11.221,15.013,-1910.760,OK,-34.195,-51.493,-1945.077,Passive Strays,790959757,1780408262.618,1,OK,-3.697314E28,-3.697314E28,-3.697314E28,-3.697314E28,-3.697314E28,-3.697314E28,-3.697314E28,0.0000000,0
4,Port 0x01: JJH Probe  s/n:3E4C880C,790959760,1780408262.668631949,1,Too Few Markers,-3.697314E28,-3.697314E28,-3.697314E28,-3.697314E28,-3.697314E28,-3.697314E28,-3.697314E28,0.0000000,3,Missing,-3.697314E28,-3.697314E28,-3.697314E28,Missing,-3.697314E28,-3.697314E28,-3.697314E28,Missing,-3.697314E28,-3.697314E28,-3.697314E28,Port 0x02: JJH T tibia tracker  s/n:3E4C8800,790959760,1780408262.668631949,1,OK,0.6555293,-0.1013355,-0.1065220,-0.7407196,269.711,-33.565,-1816.273,0.0773811,3,OK,269.692,-33.594,-1816.264,OK,184.538,9.622,-1828.462,OK,280.559,51.699,-1842.295,Port 0x03: JJH Y femur tracker  s/n:3E4C8801,790959760,1780408262.668631949,1,OK,0.9701804,0.1315141,-0.1715998,-0.1095787,51.602,-75.757,-1916.172,0.4155263,3,OK,52.067,-76.062,-1916.059,OK,11.346,15.026,-1910.449,OK,-34.121,-51.459,-1944.552,Passive Strays,790959760,1780408262.668,1,OK,-3.697314E28,-3.697314E28,-3.697314E28,-3.697314E28,-3.697314E28,-3.697314E28,-3.697314E28,0.0000000,0
4,Port 0x01: JJH Probe  s/n:3E4C880C,790959763,1780408262.718631949,1,Too Few Markers,-3.697314E28,-3.697314E28,-3.697314E28,-3.697314E28,-3.697314E28,-3.697314E28,-3.697314E28,0.0000000,3,Missing,-3.697314E28,-3.697314E28,-3.697314E28,Missing,-3.697314E28,-3.697314E28,-3.697314E28,Missing,-3.697314E28,-3.697314E28,-3.697314E28,Port 0x02: JJH T tibia tracker  s/n:3E4C8800,790959763,1780408262.718631949,1,OK,0.6531255,-0.1045271,-0.1085495,-0.7421039,270.186,-34.135,-1817.294,0.0818057,3,OK,270.173,-34.157,-1817.286,OK,185.227,9.441,-1829.693,OK,281.489,50.867,-1843.956,Port 0x03: JJH Y femur tracker  s/n:3E4C8801,790959763,1780408262.718631949,1,OK,0.9702334,0.1317719,-0.1710692,-0.1096295,51.565,-75.825,-1916.399,0.4049071,3,OK,52.011,-76.142,-1916.298,OK,11.293,14.965,-1910.579,OK,-34.159,-51.527,-1944.667,Passive Strays,790959763,1780408262.718,1,OK,-3.697314E28,-3.697314E28,-3.697314E28,-3.697314E28,-3.697314E28,-3.697314E28,-3.697314E28,0.0000000,0
4,Port 0x01: JJH Probe  s/n:3E4C880C,790959766,1780408262.768631949,1,Too Few Markers,-3.697314E28,-3.697314E28,-3.697314E28,-3.697314E28,-3.697314E28,-3.697314E28,-3.697314E28,0.0000000,3,Missing,-3.697314E28,-3.697314E28,-3.697314E28,Missing,-3.697314E28,-3.697314E28,-3.697314E28,Missing,-3.697314E28,-3.697314E28,-3.697314E28,Port 0x02: JJH T tibia tracker  s/n:3E4C8800,790959766,1780408262.768631949,1,OK,0.6511763,-0.1070635,-0.1095316,-0.7433099,270.719,-34.466,-1818.063,0.0822454,3,OK,270.698,-34.483,-1818.057,OK,185.955,9.451,-1830.523,OK,282.385,50.348,-1845.164,Port 0x03: JJH Y femur tracker  s/n:3E4C8801,790959766,1780408262.768631949,1,OK,0.9700928,0.1321948,-0.1714905,-0.1097065,51.554,-75.745,-1916.318,0.4064727,3,OK,52.009,-76.056,-1916.211,OK,11.306,15.056,-1910.455,OK,-34.165,-51.427,-1944.661,Passive Strays,790959766,1780408262.768,1,OK,-3.697314E28,-3.697314E28,-3.697314E28,-3.697314E28,-3.697314E28,-3.697314E28,-3.697314E28,0.0000000,0
4,Port 0x01: JJH Probe  s/n:3E4C880C,790959769,1780408262.818631949,1,Too Few Markers,-3.697314E28,-3.697314E28,-3.697314E28,-3.697314E28,-3.697314E28,-3.697314E28,-3.697314E28,0.0000000,3,Missing,-3.697314E28,-3.697314E28,-3.697314E28,Missing,-3.697314E28,-3.697314E28,-3.697314E28,Missing,-3.697314E28,-3.697314E28,-3.697314E28,Port 0x02: JJH T tibia tracker  s/n:3E4C8800,790959769,1780408262.818631949,1,OK,0.6502155,-0.1067264,-0.1093826,-0.7442208,270.948,-34.753,-1817.708,0.0911765,3,OK,270.928,-34.788,-1817.696,OK,186.301,9.392,-1830.199,OK,282.854,50.065,-1844.750,Port 0x03: JJH Y femur tracker  s/n:3E4C8801,790959769,1780408262.818631949,1,OK,0.9700881,0.1319642,-0.1717209,-0.1096649,51.564,-75.791,-1916.238,0.4164303,3,OK,52.032,-76.103,-1916.127,OK,11.317,15.006,-1910.441,OK,-34.152,-51.472,-1944.630,Passive Strays,790959769,1780408262.818,1,OK,-3.697314E28,-3.697314E28,-3.697314E28,-3.697314E28,-3.697314E28,-3.697314E28,-3.697314E28,0.0000000,0
4,Port 0x01: JJH Probe  s/n:3E4C880C,790959772,1780408262.868631949,1,Too Few Markers,-3.697314E28,-3.697314E28,-3.697314E28,-3.697314E28,-3.697314E28,-3.697314E28,-3.697314E28,0.0000000,3,Missing,-3.697314E28,-3.697314E28,-3.697314E28,Missing,-3.697314E28,-3.697314E28,-3.697314E28,Missing,-3.697314E28,-3.697314E28,-3.697314E28,Port 0x02: JJH T tibia tracker  s/n:3E4C8800,790959772,1780408262.868631949,1,OK,0.6495560,-0.1065485,-0.1088751,-0.7448964,271.121,-34.907,-1817.556,0.0808070,3,OK,271.105,-34.935,-1817.547,OK,186.564,9.419,-1829.996,OK,283.179,49.904,-1844.511,Port 0x03: JJH Y femur tracker  s/n:3E4C8801,790959772,1780408262.868631949,1,OK,0.9701327,0.1322270,-0.1712051,-0.1097610,51.595,-75.751,-1916.324,0.4024792,3,OK,52.044,-76.061,-1916.221,OK,11.348,15.048,-1910.428,OK,-34.132,-51.427,-1944.611,Passive Strays,790959772,1780408262.868,1,OK,-3.697314E28,-3.697314E28,-3.697314E28,-3.697314E28,-3.697314E28,-3.697314E28,-3.697314E28,0.0000000,0
4,Port 0x01: JJH Probe  s/n:3E4C880C,790959775,1780408262.918631949,1,Too Few Markers,-3.697314E28,-3.697314E28,-3.697314E28,-3.697314E28,-3.697314E28,-3.697314E28,-3.697314E28,0.0000000,3,Missing,-3.697314E28,-3.697314E28,-3.697314E28,Missing,-3.697314E28,-3.697314E28,-3.697314E28,Missing,-3.697314E28,-3.697314E28,-3.697314E28,Port 0x02: JJH T tibia tracker  s/n:3E4C8800,790959775,1780408262.918631949,1,OK,0.6491457,-0.1070247,-0.1087451,-0.7452048,271.214,-35.060,-1817.912,0.0735432,3,OK,271.200,-35.070,-1817.909,OK,186.697,9.357,-1830.311,OK,283.346,49.707,-1844.908,Port 0x03: JJH Y femur tracker  s/n:3E4C8801,790959775,1780408262.918631949,1,OK,0.9700913,0.1321306,-0.1715680,-0.1096756,51.546,-75.800,-1916.303,0.4042818,3,OK,51.997,-76.108,-1916.197,OK,11.293,14.995,-1910.462,OK,-34.165,-51.483,-1944.659,Passive Strays,790959775,1780408262.918,1,OK,-3.697314E28,-3.697314E28,-3.697314E28,-3.697314E28,-3.697314E28,-3.697314E28,-3.697314E28,0.0000000,0
