Tools,Port 0x01: JJH Probe  s/n:3E4C880C,Frame,Time [sec],Face,State,Q0,Qx,Qy,Qz,Tx,Ty,Tz,Error,Markers,State,Tx,Ty,Tz,State,Tx,Ty,Tz,State,Tx,Ty,Tz,Port 0x02: JJH T tibia tracker  s/n:3E4C8800,Frame,Time [sec],Face,State,Q0,Qx,Qy,Qz,Tx,Ty,Tz,Error,Markers,State,Tx,Ty,Tz,State,Tx,Ty,Tz,State,Tx,Ty,Tz,Port 0x03: JJH Y femur tracker  s/n:3E4C8801,Frame,Time [sec],Face,State,Q0,Qx,Qy,Qz,Tx,Ty,Tz,Error,Markers,State,Tx,Ty,Tz,State,Tx,Ty,Tz,State,Tx,Ty,Tz
3,Port 0x01: JJH Probe  s/n:3E4C880C,832755109,1781104851.818603752,1,Too Few Markers,-3.697314E28,-3.697314E28,-3.697314E28,-3.697314E28,-3.697314E28,-3.697314E28,-3.697314E28,0.0000000,3,Missing,-3.697314E28,-3.697314E28,-3.697314E28,Missing,-3.697314E28,-3.697314E28,-3.697314E28,Missing,-3.697314E28,-3.697314E28,-3.697314E28,Port 0x02: JJH T tibia tracker  s/n:3E4C8800,832755109,1781104851.818603752,1,OK,0.7323066,0.1772018,0.0108728,-0.6574256,232.761,206.420,-1562.555,0.3665741,3,OK,232.568,206.180,-1562.670,OK,141.643,232.915,-1575.922,OK,220.376,292.624,-1540.232,Port 0x03: JJH Y femur tracker  s/n:3E4C8801,832755109,1781104851.818603752,1,OK,0.8542554,0.4435569,-0.0674474,-0.2625943,-82.916,151.748,-1685.666,0.5301235,3,OK,-82.547,151.259,-1686.042,OK,-101.766,219.349,-1614.908,OK,-162.432,199.382,-1674.410
3,Port 0x01: JJH Probe  s/n:3E4C880C,832755112,1781104851.868603752,1,Too Few Markers,-3.697314E28,-3.697314E28,-3.697314E28,-3.697314E28,-3.697314E28,-3.697314E28,-3.697314E28,0.0000000,3,Missing,-3.697314E28,-3.697314E28,-3.697314E28,Missing,-3.697314E28,-3.697314E28,-3.697314E28,Missing,-3.697314E28,-3.697314E28,-3.697314E28,Port 0x02: JJH T tibia tracker  s/n:3E4C8800,832755112,1781104851.868603752,1,OK,0.7322928,0.1768173,0.0101256,-0.6575563,232.743,206.389,-1562.458,0.3615857,3,OK,232.550,206.160,-1562.569,OK,141.643,232.907,-1575.915,OK,220.388,292.623,-1540.276,Port 0x03: JJH Y femur tracker  s/n:3E4C8801,832755112,1781104851.868603752,1,OK,0.8542664,0.4435642,-0.0671750,-0.2626163,-82.920,151.747,-1685.699,0.5488730,3,OK,-82.541,151.242,-1686.089,OK,-101.766,219.341,-1614.922,OK,-162.435,199.371,-1674.384
3,Port 0x01: JJH Probe  s/n:3E4C880C,832755115,1781104851.918603752,1,Too Few Markers,-3.697314E28,-3.697314E28,-3.697314E28,-3.697314E28,-3.697314E28,-3.697314E28,-3.697314E28,0.0000000,3,Missing,-3.697314E28,-3.697314E28,-3.697314E28,Missing,-3.697314E28,-3.697314E28,-3.697314E28,Missing,-3.697314E28,-3.697314E28,-3.697314E28,Port 0x02: JJH T tibia tracker  s/n:3E4C8800,832755115,1781104851.918603752,1,OK,0.7323421,0.1769465,0.0107518,-0.6574567,232.769,206.426,-1562.562,0.3653970,3,OK,232.577,206.187,-1562.676,OK,141.648,232.918,-1575.928,OK,220.391,292.642,-1540.283,Port 0x03: JJH Y femur tracker  s/n:3E4C8801,832755115,1781104851.918603752,1,OK,0.8541526,0.4438032,-0.0670239,-0.2626210,-82.918,151.775,-1685.758,0.5544266,3,OK,-82.546,151.262,-1686.163,OK,-101.761,219.344,-1614.917,OK,-162.429,199.376,-1674.413
3,Port 0x01: JJH Probe  s/n:3E4C880C,832755118,1781104851.968603752,1,Too Few Markers,-3.697314E28,-3.697314E28,-3.697314E28,-3.697314E28,-3.697314E28,-3.697314E28,-3.697314E28,0.0000000,3,Missing,-3.697314E28,-3.697314E28,-3.697314E28,Missing,-3.697314E28,-3.697314E28,-3.697314E28,Missing,-3.697314E28,-3.697314E28,-3.697314E28,Port 0x02: JJH T tibia tracker  s/n:3E4C8800,832755118,1781104851.968603752,1,OK,0.7323421,0.1769923,0.0108305,-0.6574431,232.751,206.421,-1562.552,0.3694939,3,OK,232.559,206.177,-1562.668,OK,141.631,232.913,-1575.907,OK,220.365,292.635,-1540.258,Port 0x03: JJH Y femur tracker  s/n:3E4C8801,832755118,1781104851.968603752,1,OK,0.8542229,0.4435783,-0.0674609,-0.2626606,-82.935,151.738,-1685.684,0.5380294,3,OK,-82.562,151.240,-1686.070,OK,-101.774,219.347,-1614.910,OK,-162.448,199.383,-1674.426
3,Port 0x01: JJH Probe  s/n:3E4C880C,832755121,1781104852.018603752,1,Too Few Markers,-3.697314E28,-3.697314E28,-3.697314E28,-3.697314E28,-3.697314E28,-3.697314E28,-3.697314E28,0.0000000,3,Missing,-3.697314E28,-3.697314E28,-3.697314E28,Missing,-3.697314E28,-3.697314E28,-3.697314E28,Missing,-3.697314E28,-3.697314E28,-3.697314E28,Port 0x02: JJH T tibia tracker  s/n:3E4C8800,832755121,1781104852.018603752,1,OK,0.7323409,0.1767926,0.0103982,-0.6575051,232.761,206.417,-1562.547,0.3637712,3,OK,232.567,206.181,-1562.661,OK,141.648,232.915,-1575.959,OK,220.396,292.651,-1540.331,Port 0x03: JJH Y femur tracker  s/n:3E4C8801,832755121,1781104852.018603752,1,OK,0.8542966,0.4434691,-0.0672912,-0.2626487,-82.919,151.739,-1685.685,0.5469958,3,OK,-82.538,151.236,-1686.070,OK,-101.762,219.349,-1614.931,OK,-162.430,199.380,-1674.390
3,Port 0x01: JJH Probe  s/n:3E4C880C,832755124,1781104852.068603752,1,Too Few Markers,-3.697314E28,-3.697314E28,-3.697314E28,-3.697314E28,-3.697314E28,-3.697314E28,-3.697314E28,0.0000000,3,Missing,-3.697314E28,-3.697314E28,-3.697314E28,Missing,-3.697314E28,-3.697314E28,-3.697314E28,Missing,-3.697314E28,-3.697314E28,-3.697314E28,Port 0x02: JJH T tibia tracker  s/n:3E4C8800,832755124,1781104852.068603752,1,OK,0.7323323,0.1769613,0.0104538,-0.6574685,232.764,206.422,-1562.516,0.3649451,3,OK,232.572,206.182,-1562.630,OK,141.652,232.919,-1575.933,OK,220.389,292.650,-1540.274,Port 0x03: JJH Y femur tracker  s/n:3E4C8801,832755124,1781104852.068603752,1,OK,0.8542684,0.4435681,-0.0670851,-0.2626260,-82.915,151.754,-1685.700,0.5495556,3,OK,-82.541,151.250,-1686.093,OK,-101.758,219.347,-1614.915,OK,-162.422,199.370,-1674.368
3,Port 0x01: JJH Probe  s/n:3E4C880C,832755127,1781104852.118603752,1,Too Few Markers,-3.697314E28,-3.697314E28,-3.697314E28,-3.697314E28,-3.697314E28,-3.697314E28,-3.697314E28,0.0000000,3,Missing,-3.697314E28,-3.697314E28,-3.697314E28,Missing,-3.697314E28,-3.697314E28,-3.697314E28,Missing,-3.697314E28,-3.697314E28,-3.697314E28,Port 0x02: JJH T tibia tracker  s/n:3E4C8800,832755127,1781104852.118603752,1,OK,0.7323102,0.1771362,0.0104548,-0.6574460,232.745,206.426,-1562.522,0.3657059,3,OK,232.552,206.184,-1562.638,OK,141.635,232.927,-1575.954,OK,220.365,292.651,-1540.259,Port 0x03: JJH Y femur tracker  s/n:3E4C8801,832755127,1781104852.118603752,1,OK,0.8541630,0.4437451,-0.0669302,-0.2627093,-82.943,151.771,-1685.740,0.5559595,3,OK,-82.572,151.258,-1686.146,OK,-101.767,219.344,-1614.901,OK,-162.443,199.379,-1674.372
3,Port 0x01: JJH Probe  s/n:3E4C880C,832755130,1781104852.168603752,1,Too Few Markers,-3.697314E28,-3.697314E28,-3.697314E28,-3.697314E28,-3.697314E28,-3.697314E28,-3.697314E28,0.0000000,3,Missing,-3.697314E28,-3.697314E28,-3.697314E28,Missing,-3.697314E28,-3.697314E28,-3.697314E28,Missing,-3.697314E28,-3.697314E28,-3.697314E28,Port 0x02: JJH T tibia tracker  s/n:3E4C8800,832755130,1781104852.168603752,1,OK,0.7322969,0.1771634,0.0107074,-0.6574494,232.758,206.432,-1562.558,0.3657391,3,OK,232.567,206.191,-1562.673,OK,141.643,232.933,-1575.949,OK,220.378,292.644,-1540.259,Port 0x03: JJH Y femur tracker  s/n:3E4C8801,832755130,1781104852.168603752,1,OK,0.8542680,0.4435638,-0.0669623,-0.2626660,-82.926,151.768,-1685.737,0.5566598,3,OK,-82.546,151.258,-1686.133,OK,-101.761,219.356,-1614.947,OK,-162.432,199.385,-1674.376
3,Port 0x01: JJH Probe  s/n:3E4C880C,832755133,1781104852.218603752,1,Too Few Markers,-3.697314E28,-3.697314E28,-3.697314E28,-3.697314E28,-3.697314E28,-3.697314E28,-3.697314E28,0.0000000,3,Missing,-3.697314E28,-3.697314E28,-3.697314E28,Missing,-3.697314E28,-3.697314E28,-3.697314E28,Missing,-3.697314E28,-3.697314E28,-3.697314E28,Port 0x02: JJH T tibia tracker  s/n:3E4C8800,832755133,1781104852.218603752,1,OK,0.7323402,0.1769339,0.0107448,-0.6574624,232.766,206.445,-1562.591,0.3673812,3,OK,232.572,206.204,-1562.706,OK,141.647,232.937,-1575.956,OK,220.389,292.665,-1540.313,Port 0x03: JJH Y femur tracker  s/n:3E4C8801,832755133,1781104852.218603752,1,OK,0.8541907,0.4436985,-0.0670878,-0.2626579,-82.926,151.774,-1685.725,0.5505951,3,OK,-82.554,151.265,-1686.125,OK,-101.761,219.357,-1614.906,OK,-162.435,199.387,-1674.393
3,Port 0x01: JJH Probe  s/n:3E4C880C,832755136,1781104852.268603753,1,Too Few Markers,-3.697314E28,-3.697314E28,-3.697314E28,-3.697314E28,-3.697314E28,-3.697314E28,-3.697314E28,0.0000000,3,Missing,-3.697314E28,-3.697314E28,-3.697314E28,Missing,-3.697314E28,-3.697314E28,-3.697314E28,Missing,-3.697314E28,-3.697314E28,-3.697314E28,Port 0x02: JJH T tibia tracker  s/n:3E4C8800,832755136,1781104852.268603753,1,OK,0.7323124,0.1770328,0.0103241,-0.6574735,232.755,206.437,-1562.530,0.3602833,3,OK,232.570,206.198,-1562.643,OK,141.642,232.944,-1575.976,OK,220.381,292.664,-1540.297,Port 0x03: JJH Y femur tracker  s/n:3E4C8801,832755136,1781104852.268603753,1,OK,0.8542865,0.4435279,-0.0673861,-0.2625579,-82.907,151.758,-1685.658,0.5366421,3,OK,-82.530,151.265,-1686.033,OK,-101.767,219.355,-1614.912,OK,-162.430,199.390,-1674.388
3,Port 0x01: JJH Probe  s/n:3E4C880C,832755139,1781104852.318603753,1,Too Few Markers,-3.697314E28,-3.697314E28,-3.697314E28,-3.697314E28,-3.697314E28,-3.697314E28,-3.697314E28,0.0000000,3,Missing,-3.697314E28,-3.697314E28,-3.697314E28,Missing,-3.697314E28,-3.697314E28,-3.697314E28,Missing,-3.697314E28,-3.697314E28,-3.697314E28,Port 0x02: JJH T tibia tracker  s/n:3E4C8800,832755139,1781104852.318603753,1,OK,0.7323111,0.1768816,0.0101535,-0.6575183,232.750,206.434,-1562.510,0.3630328,3,OK,232.558,206.199,-1562.623,OK,141.647,232.945,-1575.969,OK,220.385,292.670,-1540.317,Port 0x03: JJH Y femur tracker  s/n:3E4C8801,832755139,1781104852.318603753,1,OK,0.8542154,0.4436068,-0.0672232,-0.2626976,-82.916,151.763,-1685.680,0.5481586,3,OK,-82.545,151.257,-1686.076,OK,-101.749,219.362,-1614.885,OK,-162.417,199.394,-1674.370
3,Port 0x01: JJH Probe  s/n:3E4C880C,832755142,1781104852.368603753,1,Too Few Markers,-3.697314E28,-3.697314E28,-3.697314E28,-3.697314E28,-3.697314E28,-3.697314E28,-3.697314E28,0.0000000,3,Missing,-3.697314E28,-3.697314E28,-3.697314E28,Missing,-3.697314E28,-3.697314E28,-3.697314E28,Missing,-3.697314E28,-3.697314E28,-3.697314E28,Port 0x02: JJH T tibia tracker  s/n:3E4C8800,832755142,1781104852.368603753,1,OK,0.7323161,0.1771286,0.0106386,-0.6574386,232.743,206.452,-1562.560,0.3658929,3,OK,232.552,206.208,-1562.675,OK,141.626,232.950,-1575.960,OK,220.361,292.672,-1540.273,Port 0x03: JJH Y femur tracker  s/n:3E4C8801,832755142,1781104852.368603753,1,OK,0.8542120,0.4436908,-0.0670398,-0.2626140,-82.929,151.787,-1685.737,0.5522670,3,OK,-82.554,151.277,-1686.136,OK,-101.771,219.367,-1614.921,OK,-162.444,199.393,-1674.399
3,Port 0x01: JJH Probe  s/n:3E4C880C,832755145,1781104852.418603753,1,Too Few Markers,-3.697314E28,-3.697314E28,-3.697314E28,-3.697314E28,-3.697314E28,-3.697314E28,-3.697314E28,0.0000000,3,Missing,-3.697314E28,-3.697314E28,-3.697314E28,Missing,-3.697314E28,-3.697314E28,-3.697314E28,Missing,-3.697314E28,-3.697314E28,-3.697314E28,Port 0x02: JJH T tibia tracker  s/n:3E4C8800,832755145,1781104852.418603753,1,OK,0.7323558,0.1768438,0.0108091,-0.6574682,232.750,206.455,-1562.583,0.3673550,3,OK,232.557,206.214,-1562.698,OK,141.627,232.944,-1575.931,OK,220.373,292.674,-1540.309,Port 0x03: JJH Y femur tracker  s/n:3E4C8801,832755145,1781104852.418603753,1,OK,0.8542302,0.4436187,-0.0671805,-0.2626404,-82.930,151.770,-1685.674,0.5514997,3,OK,-82.554,151.261,-1686.071,OK,-101.773,219.365,-1614.878,OK,-162.439,199.393,-1674.358
3,Port 0x01: JJH Probe  s/n:3E4C880C,832755148,1781104852.468603753,1,Too Few Markers,-3.697314E28,-3.697314E28,-3.697314E28,-3.697314E28,-3.697314E28,-3.697314E28,-3.697314E28,0.0000000,3,Missing,-3.697314E28,-3.697314E28,-3.697314E28,Missing,-3.697314E28,-3.697314E28,-3.697314E28,Missing,-3.697314E28,-3.697314E28,-3.697314E28,Port 0x02: JJH T tibia tracker  s/n:3E4C8800,832755148,1781104852.468603753,1,OK,0.7323187,0.1768566,0.0099458,-0.6575196,232.740,206.447,-1562.465,0.3633863,3,OK,232.550,206.212,-1562.577,OK,141.642,232.962,-1575.956,OK,220.372,292.689,-1540.303,Port 0x03: JJH Y femur tracker  s/n:3E4C8801,832755148,1781104852.468603753,1,OK,0.8540629,0.4439560,-0.0668462,-0.2627000,-82.919,151.810,-1685.762,0.5721271,3,OK,-82.546,151.279,-1686.189,OK,-101.751,219.367,-1614.867,OK,-162.419,199.404,-1674.370
3,Port 0x01: JJH Probe  s/n:3E4C880C,832755151,1781104852.518603753,1,Too Few Markers,-3.697314E28,-3.697314E28,-3.697314E28,-3.697314E28,-3.697314E28,-3.697314E28,-3.697314E28,0.0000000,3,Missing,-3.697314E28,-3.697314E28,-3.697314E28,Missing,-3.697314E28,-3.697314E28,-3.697314E28,Missing,-3.697314E28,-3.697314E28,-3.697314E28,Port 0x02: JJH T tibia tracker  s/n:3E4C8800,832755151,1781104852.518603753,1,OK,0.7324003,0.1766730,0.0106871,-0.6574665,232.748,206.470,-1562.572,0.3685245,3,OK,232.556,206.229,-1562.687,OK,141.626,232.953,-1575.925,OK,220.368,292.696,-1540.335,Port 0x03: JJH Y femur tracker  s/n:3E4C8801,832755151,1781104852.518603753,1,OK,0.8541613,0.4438133,-0.0669256,-0.2626007,-82.929,151.805,-1685.739,0.5610892,3,OK,-82.555,151.287,-1686.149,OK,-101.779,219.368,-1614.895,OK,-162.438,199.398,-1674.372
3,Port 0x01: JJH Probe  s/n:3E4C880C,832755154,1781104852.568603753,1,Too Few Markers,-3.697314E28,-3.697314E28,-3.697314E28,-3.697314E28,-3.697314E28,-3.697314E28,-3.697314E28,0.0000000,3,Missing,-3.697314E28,-3.697314E28,-3.697314E28,Missing,-3.697314E28,-3.697314E28,-3.697314E28,Missing,-3.697314E28,-3.697314E28,-3.697314E28,Port 0x02: JJH T tibia tracker  s/n:3E4C8800,832755154,1781104852.568603753,1,OK,0.7323867,0.1766119,0.0104206,-0.6575024,232.752,206.468,-1562.563,0.3643763,3,OK,232.562,206.233,-1562.675,OK,141.635,232.961,-1575.955,OK,220.380,292.699,-1540.368,Port 0x03: JJH Y femur tracker  s/n:3E4C8801,832755154,1781104852.568603753,1,OK,0.8541391,0.4437932,-0.0672027,-0.2626362,-82.920,151.788,-1685.727,0.5568923,3,OK,-82.544,151.270,-1686.135,OK,-101.766,219.370,-1614.892,OK,-162.434,199.405,-1674.414
3,Port 0x01: JJH Probe  s/n:3E4C880C,832755157,1781104852.618603753,1,Too Few Markers,-3.697314E28,-3.697314E28,-3.697314E28,-3.697314E28,-3.697314E28,-3.697314E28,-3.697314E28,0.0000000,3,Missing,-3.697314E28,-3.697314E28,-3.697314E28,Missing,-3.697314E28,-3.697314E28,-3.697314E28,Missing,-3.697314E28,-3.697314E28,-3.697314E28,Port 0x02: JJH T tibia tracker  s/n:3E4C8800,832755157,1781104852.618603753,1,OK,0.7323648,0.1768573,0.0105565,-0.6574586,232.745,206.475,-1562.574,0.3610126,3,OK,232.558,206.237,-1562.686,OK,141.621,232.966,-1575.967,OK,220.367,292.698,-1540.332,Port 0x03: JJH Y femur tracker  s/n:3E4C8801,832755157,1781104852.618603753,1,OK,0.8541687,0.4437514,-0.0669816,-0.2626669,-82.939,151.798,-1685.690,0.5640141,3,OK,-82.566,151.277,-1686.104,OK,-101.780,219.378,-1614.851,OK,-162.438,199.405,-1674.329
3,Port 0x01: JJH Probe  s/n:3E4C880C,832755160,1781104852.668603753,1,Too Few Markers,-3.697314E28,-3.697314E28,-3.697314E28,-3.697314E28,-3.697314E28,-3.697314E28,-3.697314E28,0.0000000,3,Missing,-3.697314E28,-3.697314E28,-3.697314E28,Missing,-3.697314E28,-3.697314E28,-3.697314E28,Missing,-3.697314E28,-3.697314E28,-3.697314E28,Port 0x02: JJH T tibia tracker  s/n:3E4C8800,832755160,1781104852.668603753,1,OK,0.7323476,0.1768669,0.0102066,-0.6574807,232.725,206.463,-1562.543,0.3663097,3,OK,232.533,206.224,-1562.657,OK,141.621,232.965,-1575.992,OK,220.349,292.698,-1540.345,Port 0x03: JJH Y femur tracker  s/n:3E4C8801,832755160,1781104852.668603753,1,OK,0.8542001,0.4436893,-0.0670148,-0.2626615,-82.949,151.793,-1685.744,0.5545655,3,OK,-82.579,151.281,-1686.148,OK,-101.785,219.376,-1614.922,OK,-162.450,199.401,-1674.395
3,Port 0x01: JJH Probe  s/n:3E4C880C,832755163,1781104852.718603753,1,Too Few Markers,-3.697314E28,-3.697314E28,-3.697314E28,-3.697314E28,-3.697314E28,-3.697314E28,-3.697314E28,0.0000000,3,Missing,-3.697314E28,-3.697314E28,-3.697314E28,Missing,-3.697314E28,-3.697314E28,-3.697314E28,Missing,-3.697314E28,-3.697314E28,-3.697314E28,Port 0x02: JJH T tibia tracker  s/n:3E4C8800,832755163,1781104852.718603753,1,OK,0.7323663,0.1769733,0.0106804,-0.6574238,232.766,206.483,-1562.595,0.3635210,3,OK,232.578,206.242,-1562.709,OK,141.642,232.969,-1575.977,OK,220.381,292.701,-1540.323,Port 0x03: JJH Y femur tracker  s/n:3E4C8801,832755163,1781104852.718603753,1,OK,0.8542314,0.4436477,-0.0671104,-0.2626055,-82.911,151.790,-1685.686,0.5503597,3,OK,-82.536,151.284,-1686.080,OK,-101.762,219.372,-1614.893,OK,-162.421,199.404,-1674.356
3,Port 0x01: JJH Probe  s/n:3E4C880C,832755166,1781104852.768603753,1,Too Few Markers,-3.697314E28,-3.697314E28,-3.697314E28,-3.697314E28,-3.697314E28,-3.697314E28,-3.697314E28,0.0000000,3,Missing,-3.697314E28,-3.697314E28,-3.697314E28,Missing,-3.697314E28,-3.697314E28,-3.697314E28,Missing,-3.697314E28,-3.697314E28,-3.697314E28,Port 0x02: JJH T tibia tracker  s/n:3E4C8800,832755166,1781104852.768603753,1,OK,0.7323731,0.1767852,0.0105301,-0.6574692,232.749,206.474,-1562.609,0.3649847,3,OK,232.560,206.237,-1562.722,OK,141.632,232.967,-1575.998,OK,220.370,292.697,-1540.381,Port 0x03: JJH Y femur tracker  s/n:3E4C8801,832755166,1781104852.768603753,1,OK,0.8541160,0.4438078,-0.0671561,-0.2626984,-82.925,151.781,-1685.705,0.5611675,3,OK,-82.550,151.261,-1686.116,OK,-101.764,219.362,-1614.863,OK,-162.427,199.405,-1674.373
3,Port 0x01: JJH Probe  s/n:3E4C880C,832755169,1781104852.818603753,1,Too Few Markers,-3.697314E28,-3.697314E28,-3.697314E28,-3.697314E28,-3.697314E28,-3.697314E28,-3.697314E28,0.0000000,3,Missing,-3.697314E28,-3.697314E28,-3.697314E28,Missing,-3.697314E28,-3.697314E28,-3.697314E28,Missing,-3.697314E28,-3.697314E28,-3.697314E28,Port 0x02: JJH T tibia tracker  s/n:3E4C8800,832755169,1781104852.818603753,1,OK,0.7323083,0.1770329,0.0099194,-0.6574842,232.725,206.461,-1562.525,0.3597459,3,OK,232.536,206.227,-1562.637,OK,141.626,232.974,-1576.038,OK,220.353,292.697,-1540.346,Port 0x03: JJH Y femur tracker  s/n:3E4C8801,832755169,1781104852.818603753,1,OK,0.8543065,0.4434869,-0.0670425,-0.2626502,-82.936,151.769,-1685.665,0.5537235,3,OK,-82.555,151.262,-1686.057,OK,-101.775,219.367,-1614.896,OK,-162.443,199.391,-1674.322
3,Port 0x01: JJH Probe  s/n:3E4C880C,832755172,1781104852.868603753,1,Too Few Markers,-3.697314E28,-3.697314E28,-3.697314E28,-3.697314E28,-3.697314E28,-3.697314E28,-3.697314E28,0.0000000,3,Missing,-3.697314E28,-3.697314E28,-3.697314E28,Missing,-3.697314E28,-3.697314E28,-3.697314E28,Missing,-3.697314E28,-3.697314E28,-3.697314E28,Port 0x02: JJH T tibia tracker  s/n:3E4C8800,832755172,1781104852.868603753,1,OK,0.7323687,0.1767163,0.0102468,-0.6574971,232.746,206.463,-1562.555,0.3634713,3,OK,232.557,206.230,-1562.667,OK,141.636,232.963,-1575.985,OK,220.373,292.695,-1540.372,Port 0x03: JJH Y femur tracker  s/n:3E4C8801,832755172,1781104852.868603753,1,OK,0.8541973,0.4436780,-0.0671391,-0.2626579,-82.927,151.782,-1685.699,0.5504048,3,OK,-82.555,151.274,-1686.097,OK,-101.767,219.368,-1614.891,OK,-162.432,199.401,-1674.373
3,Port 0x01: JJH Probe  s/n:3E4C880C,832755175,1781104852.918603753,1,Too Few Markers,-3.697314E28,-3.697314E28,-3.697314E28,-3.697314E28,-3.697314E28,-3.697314E28,-3.697314E28,0.0000000,3,Missing,-3.697314E28,-3.697314E28,-3.697314E28,Missing,-3.697314E28,-3.697314E28,-3.697314E28,Missing,-3.697314E28,-3.697314E28,-3.697314E28,Port 0x02: JJH T tibia tracker  s/n:3E4C8800,832755175,1781104852.918603753,1,OK,0.7323613,0.1768569,0.0102266,-0.6574678,232.747,206.456,-1562.553,0.3616868,3,OK,232.559,206.221,-1562.665,OK,141.636,232.955,-1576.000,OK,220.369,292.687,-1540.355,Port 0x03: JJH Y femur tracker  s/n:3E4C8801,832755175,1781104852.918603753,1,OK,0.8541430,0.4438186,-0.0668905,-0.2626603,-82.929,151.796,-1685.752,0.5664557,3,OK,-82.558,151.273,-1686.170,OK,-101.770,219.365,-1614.896,OK,-162.428,199.393,-1674.373
3,Port 0x01: JJH Probe  s/n:3E4C880C,832755178,1781104852.968603753,1,Too Few Markers,-3.697314E28,-3.697314E28,-3.697314E28,-3.697314E28,-3.697314E28,-3.697314E28,-3.697314E28,0.0000000,3,Missing,-3.697314E28,-3.697314E28,-3.697314E28,Missing,-3.697314E28,-3.697314E28,-3.697314E28,Missing,-3.697314E28,-3.697314E28,-3.697314E28,Port 0x02: JJH T tibia tracker  s/n:3E4C8800,832755178,1781104852.968603753,1,OK,0.7324116,0.1766807,0.0106415,-0.6574526,232.745,206.469,-1562.575,0.3620751,3,OK,232.554,206.234,-1562.688,OK,141.617,232.947,-1575.939,OK,220.367,292.693,-1540.343,Port 0x03: JJH Y femur tracker  s/n:3E4C8801,832755178,1781104852.968603753,1,OK,0.8542005,0.4437187,-0.0669344,-0.2626310,-82.934,151.789,-1685.726,0.5648574,3,OK,-82.555,151.269,-1686.135,OK,-101.782,219.364,-1614.902,OK,-162.439,199.393,-1674.356
3,Port 0x01: JJH Probe  s/n:3E4C880C,832755181,1781104853.018603753,1,Too Few Markers,-3.697314E28,-3.697314E28,-3.697314E28,-3.697314E28,-3.697314E28,-3.697314E28,-3.697314E28,0.0000000,3,Missing,-3.697314E28,-3.697314E28,-3.697314E28,Missing,-3.697314E28,-3.697314E28,-3.697314E28,Missing,-3.697314E28,-3.697314E28,-3.697314E28,Port 0x02: JJH T tibia tracker  s/n:3E4C8800,832755181,1781104853.018603753,1,OK,0.7323571,0.1768967,0.0107414,-0.6574536,232.757,206.451,-1562.549,0.3625250,3,OK,232.564,206.216,-1562.662,OK,141.633,232.938,-1575.913,OK,220.380,292.666,-1540.278,Port 0x03: JJH Y femur tracker  s/n:3E4C8801,832755181,1781104853.018603753,1,OK,0.8541568,0.4438002,-0.0667461,-0.2626835,-82.930,151.797,-1685.788,0.5748278,3,OK,-82.554,151.267,-1686.211,OK,-101.766,219.364,-1614.925,OK,-162.427,199.390,-1674.378
3,Port 0x01: JJH Probe  s/n:3E4C880C,832755184,1781104853.068603753,1,Too Few Markers,-3.697314E28,-3.697314E28,-3.697314E28,-3.697314E28,-3.697314E28,-3.697314E28,-3.697314E28,0.0000000,3,Missing,-3.697314E28,-3.697314E28,-3.697314E28,Missing,-3.697314E28,-3.697314E28,-3.697314E28,Missing,-3.697314E28,-3.697314E28,-3.697314E28,Port 0x02: JJH T tibia tracker  s/n:3E4C8800,832755184,1781104853.068603753,1,OK,0.7323301,0.1768729,0.0104588,-0.6574946,232.754,206.435,-1562.516,0.3636485,3,OK,232.563,206.199,-1562.629,OK,141.641,232.938,-1575.924,OK,220.383,292.661,-1540.285,Port 0x03: JJH Y femur tracker  s/n:3E4C8801,832755184,1781104853.068603753,1,OK,0.8541680,0.4437191,-0.0673149,-0.2626386,-82.915,151.764,-1685.703,0.5441583,3,OK,-82.547,151.258,-1686.100,OK,-101.757,219.356,-1614.888,OK,-162.428,199.387,-1674.418
3,Port 0x01: JJH Probe  s/n:3E4C880C,832755187,1781104853.118603753,1,Too Few Markers,-3.697314E28,-3.697314E28,-3.697314E28,-3.697314E28,-3.697314E28,-3.697314E28,-3.697314E28,0.0000000,3,Missing,-3.697314E28,-3.697314E28,-3.697314E28,Missing,-3.697314E28,-3.697314E28,-3.697314E28,Missing,-3.697314E28,-3.697314E28,-3.697314E28,Port 0x02: JJH T tibia tracker  s/n:3E4C8800,832755187,1781104853.118603753,1,OK,0.7323578,0.1768782,0.0104983,-0.6574618,232.745,206.439,-1562.524,0.3651567,3,OK,232.554,206.200,-1562.637,OK,141.629,232.933,-1575.926,OK,220.366,292.665,-1540.287,Port 0x03: JJH Y femur tracker  s/n:3E4C8801,832755187,1781104853.118603753,1,OK,0.8541875,0.4436834,-0.0670738,-0.2626970,-82.941,151.772,-1685.731,0.5558376,3,OK,-82.566,151.258,-1686.134,OK,-101.771,219.360,-1614.910,OK,-162.445,199.392,-1674.391
3,Port 0x01: JJH Probe  s/n:3E4C880C,832755190,1781104853.168603753,1,Too Few Markers,-3.697314E28,-3.697314E28,-3.697314E28,-3.697314E28,-3.697314E28,-3.697314E28,-3.697314E28,0.0000000,3,Missing,-3.697314E28,-3.697314E28,-3.697314E28,Missing,-3.697314E28,-3.697314E28,-3.697314E28,Missing,-3.697314E28,-3.697314E28,-3.697314E28,Port 0x02: JJH T tibia tracker  s/n:3E4C8800,832755190,1781104853.168603753,1,OK,0.7323010,0.1768423,0.0101409,-0.6575403,232.728,206.410,-1562.463,0.3663274,3,OK,232.531,206.174,-1562.577,OK,141.630,232.924,-1575.920,OK,220.368,292.650,-1540.275,Port 0x03: JJH Y femur tracker  s/n:3E4C8801,832755190,1781104853.168603753,1,OK,0.8541555,0.4437315,-0.0673650,-0.2626456,-82.924,151.756,-1685.712,0.5435868,3,OK,-82.553,151.250,-1686.108,OK,-101.764,219.349,-1614.896,OK,-162.442,199.385,-1674.437
3,Port 0x01: JJH Probe  s/n:3E4C880C,832755193,1781104853.218603753,1,Too Few Markers,-3.697314E28,-3.697314E28,-3.697314E28,-3.697314E28,-3.697314E28,-3.697314E28,-3.697314E28,0.0000000,3,Missing,-3.697314E28,-3.697314E28,-3.697314E28,Missing,-3.697314E28,-3.697314E28,-3.697314E28,Missing,-3.697314E28,-3.697314E28,-3.697314E28,Port 0x02: JJH T tibia tracker  s/n:3E4C8800,832755193,1781104853.218603753,1,OK,0.7323522,0.1767331,0.0104464,-0.6575078,232.755,206.435,-1562.540,0.3614852,3,OK,232.564,206.201,-1562.652,OK,141.637,232.932,-1575.939,OK,220.389,292.664,-1540.326,Port 0x03: JJH Y femur tracker  s/n:3E4C8801,832755193,1781104853.218603753,1,OK,0.8542232,0.4436074,-0.0672925,-0.2626536,-82.915,151.751,-1685.679,0.5465125,3,OK,-82.540,151.246,-1686.070,OK,-101.757,219.349,-1614.893,OK,-162.426,199.384,-1674.384
3,Port 0x01: JJH Probe  s/n:3E4C880C,832755196,1781104853.268603752,1,Too Few Markers,-3.697314E28,-3.697314E28,-3.697314E28,-3.697314E28,-3.697314E28,-3.697314E28,-3.697314E28,0.0000000,3,Missing,-3.697314E28,-3.697314E28,-3.697314E28,Missing,-3.697314E28,-3.697314E28,-3.697314E28,Missing,-3.697314E28,-3.697314E28,-3.697314E28,Port 0x02: JJH T tibia tracker  s/n:3E4C8800,832755196,1781104853.268603752,1,OK,0.7323214,0.1770302,0.0105452,-0.6574606,232.763,206.431,-1562.583,0.3653217,3,OK,232.574,206.187,-1562.698,OK,141.647,232.931,-1575.991,OK,220.385,292.657,-1540.320,Port 0x03: JJH Y femur tracker  s/n:3E4C8801,832755196,1781104853.268603752,1,OK,0.8542907,0.4434884,-0.0672140,-0.2626551,-82.915,151.746,-1685.721,0.5429807,3,OK,-82.542,151.248,-1686.107,OK,-101.753,219.350,-1614.960,OK,-162.420,199.377,-1674.414
3,Port 0x01: JJH Probe  s/n:3E4C880C,832755199,1781104853.318603752,1,Too Few Markers,-3.697314E28,-3.697314E28,-3.697314E28,-3.697314E28,-3.697314E28,-3.697314E28,-3.697314E28,0.0000000,3,Missing,-3.697314E28,-3.697314E28,-3.697314E28,Missing,-3.697314E28,-3.697314E28,-3.697314E28,Missing,-3.697314E28,-3.697314E28,-3.697314E28,Port 0x02: JJH T tibia tracker  s/n:3E4C8800,832755199,1781104853.318603752,1,OK,0.7323928,0.1768765,0.0110157,-0.6574147,232.753,206.439,-1562.630,0.3685580,3,OK,232.564,206.194,-1562.745,OK,141.621,232.918,-1575.946,OK,220.360,292.649,-1540.327,Port 0x03: JJH Y femur tracker  s/n:3E4C8801,832755199,1781104853.318603752,1,OK,0.8542008,0.4436618,-0.0671223,-0.2626779,-82.942,151.750,-1685.701,0.5538490,3,OK,-82.569,151.238,-1686.103,OK,-101.778,219.341,-1614.888,OK,-162.446,199.370,-1674.371
3,Port 0x01: JJH Probe  s/n:3E4C880C,832755202,1781104853.368603752,1,Too Few Markers,-3.697314E28,-3.697314E28,-3.697314E28,-3.697314E28,-3.697314E28,-3.697314E28,-3.697314E28,0.0000000,3,Missing,-3.697314E28,-3.697314E28,-3.697314E28,Missing,-3.697314E28,-3.697314E28,-3.697314E28,Missing,-3.697314E28,-3.697314E28,-3.697314E28,Port 0x02: JJH T tibia tracker  s/n:3E4C8800,832755202,1781104853.368603752,1,OK,0.7322935,0.1769779,0.0104447,-0.6575074,232.729,206.417,-1562.557,0.3635736,3,OK,232.536,206.181,-1562.671,OK,141.619,232.926,-1575.976,OK,220.364,292.643,-1540.314,Port 0x03: JJH Y femur tracker  s/n:3E4C8801,832755202,1781104853.368603752,1,OK,0.8542516,0.4435577,-0.0672931,-0.2626448,-82.937,151.746,-1685.698,0.5439956,3,OK,-82.565,151.244,-1686.088,OK,-101.779,219.351,-1614.921,OK,-162.446,199.378,-1674.407
3,Port 0x01: JJH Probe  s/n:3E4C880C,832755205,1781104853.418603751,1,Too Few Markers,-3.697314E28,-3.697314E28,-3.697314E28,-3.697314E28,-3.697314E28,-3.697314E28,-3.697314E28,0.0000000,3,Missing,-3.697314E28,-3.697314E28,-3.697314E28,Missing,-3.697314E28,-3.697314E28,-3.697314E28,Missing,-3.697314E28,-3.697314E28,-3.697314E28,Port 0x02: JJH T tibia tracker  s/n:3E4C8800,832755205,1781104853.418603751,1,OK,0.7323186,0.1771043,0.0104878,-0.6574447,232.764,206.417,-1562.556,0.3663703,3,OK,232.573,206.174,-1562.671,OK,141.653,232.916,-1575.979,OK,220.382,292.641,-1540.292,Port 0x03: JJH Y femur tracker  s/n:3E4C8801,832755205,1781104853.418603751,1,OK,0.8541083,0.4438531,-0.0670230,-0.2626809,-82.913,151.757,-1685.750,0.5648316,3,OK,-82.538,151.233,-1686.167,OK,-101.750,219.330,-1614.888,OK,-162.420,199.366,-1674.396
3,Port 0x01: JJH Probe  s/n:3E4C880C,832755208,1781104853.468603751,1,Too Few Markers,-3.697314E28,-3.697314E28,-3.697314E28,-3.697314E28,-3.697314E28,-3.697314E28,-3.697314E28,0.0000000,3,Missing,-3.697314E28,-3.697314E28,-3.697314E28,Missing,-3.697314E28,-3.697314E28,-3.697314E28,Missing,-3.697314E28,-3.697314E28,-3.697314E28,Port 0x02: JJH T tibia tracker  s/n:3E4C8800,832755208,1781104853.468603751,1,OK,0.7323824,0.1769349,0.0110487,-0.6574101,232.761,206.439,-1562.636,0.3670467,3,OK,232.566,206.198,-1562.751,OK,141.629,232.912,-1575.953,OK,220.374,292.648,-1540.319,Port 0x03: JJH Y femur tracker  s/n:3E4C8801,832755208,1781104853.468603751,1,OK,0.8541389,0.4438322,-0.0668151,-0.2626699,-82.930,151.769,-1685.760,0.5731862,3,OK,-82.551,151.240,-1686.181,OK,-101.769,219.332,-1614.898,OK,-162.434,199.366,-1674.363
3,Port 0x01: JJH Probe  s/n:3E4C880C,832755211,1781104853.518603752,1,Too Few Markers,-3.697314E28,-3.697314E28,-3.697314E28,-3.697314E28,-3.697314E28,-3.697314E28,-3.697314E28,0.0000000,3,Missing,-3.697314E28,-3.697314E28,-3.697314E28,Missing,-3.697314E28,-3.697314E28,-3.697314E28,Missing,-3.697314E28,-3.697314E28,-3.697314E28,Port 0x02: JJH T tibia tracker  s/n:3E4C8800,832755211,1781104853.518603752,1,OK,0.7323517,0.1764931,0.0101372,-0.6575777,232.729,206.409,-1562.503,0.3688892,3,OK,232.536,206.172,-1562.616,OK,141.628,232.920,-1575.928,OK,220.371,292.656,-1540.358,Port 0x03: JJH Y femur tracker  s/n:3E4C8801,832755211,1781104853.518603752,1,OK,0.8541824,0.4437394,-0.0668962,-0.2626646,-82.938,151.760,-1685.743,0.5651369,3,OK,-82.564,151.238,-1686.156,OK,-101.776,219.336,-1614.902,OK,-162.439,199.361,-1674.367
3,Port 0x01: JJH Probe  s/n:3E4C880C,832755214,1781104853.568603752,1,Too Few Markers,-3.697314E28,-3.697314E28,-3.697314E28,-3.697314E28,-3.697314E28,-3.697314E28,-3.697314E28,0.0000000,3,Missing,-3.697314E28,-3.697314E28,-3.697314E28,Missing,-3.697314E28,-3.697314E28,-3.697314E28,Missing,-3.697314E28,-3.697314E28,-3.697314E28,Port 0x02: JJH T tibia tracker  s/n:3E4C8800,832755214,1781104853.568603752,1,OK,0.7323992,0.1766812,0.0104357,-0.6574696,232.763,206.424,-1562.568,0.3652754,3,OK,232.572,206.188,-1562.681,OK,141.646,232.913,-1575.964,OK,220.384,292.653,-1540.364,Port 0x03: JJH Y femur tracker  s/n:3E4C8801,832755214,1781104853.568603752,1,OK,0.8542887,0.4435098,-0.0672178,-0.2626246,-82.923,151.732,-1685.705,0.5455206,3,OK,-82.548,151.230,-1686.094,OK,-101.766,219.337,-1614.936,OK,-162.434,199.357,-1674.403
3,Port 0x01: JJH Probe  s/n:3E4C880C,832755217,1781104853.618603752,1,Too Few Markers,-3.697314E28,-3.697314E28,-3.697314E28,-3.697314E28,-3.697314E28,-3.697314E28,-3.697314E28,0.0000000,3,Missing,-3.697314E28,-3.697314E28,-3.697314E28,Missing,-3.697314E28,-3.697314E28,-3.697314E28,Missing,-3.697314E28,-3.697314E28,-3.697314E28,Port 0x02: JJH T tibia tracker  s/n:3E4C8800,832755217,1781104853.618603752,1,OK,0.7323546,0.1768719,0.0104348,-0.6574680,232.746,206.426,-1562.541,0.3649354,3,OK,232.547,206.195,-1562.655,OK,141.637,232.917,-1575.954,OK,220.372,292.650,-1540.314,Port 0x03: JJH Y femur tracker  s/n:3E4C8801,832755217,1781104853.618603752,1,OK,0.8541522,0.4437912,-0.0670286,-0.2626414,-82.927,151.763,-1685.713,0.5593025,3,OK,-82.555,151.244,-1686.123,OK,-101.769,219.338,-1614.868,OK,-162.436,199.366,-1674.366
3,Port 0x01: JJH Probe  s/n:3E4C880C,832755220,1781104853.668603751,1,Too Few Markers,-3.697314E28,-3.697314E28,-3.697314E28,-3.697314E28,-3.697314E28,-3.697314E28,-3.697314E28,0.0000000,3,Missing,-3.697314E28,-3.697314E28,-3.697314E28,Missing,-3.697314E28,-3.697314E28,-3.697314E28,Missing,-3.697314E28,-3.697314E28,-3.697314E28,Port 0x02: JJH T tibia tracker  s/n:3E4C8800,832755220,1781104853.668603751,1,OK,0.7323149,0.1769710,0.0099388,-0.6574933,232.733,206.404,-1562.448,0.3571587,3,OK,232.543,206.174,-1562.559,OK,141.631,232.915,-1575.954,OK,220.366,292.641,-1540.273,Port 0x03: JJH Y femur tracker  s/n:3E4C8801,832755220,1781104853.668603751,1,OK,0.8543991,0.4433375,-0.0670224,-0.2626062,-82.929,151.747,-1685.691,0.5464053,3,OK,-82.551,151.252,-1686.070,OK,-101.775,219.351,-1614.964,OK,-162.432,199.366,-1674.349
3,Port 0x01: JJH Probe  s/n:3E4C880C,832755223,1781104853.718603751,1,Too Few Markers,-3.697314E28,-3.697314E28,-3.697314E28,-3.697314E28,-3.697314E28,-3.697314E28,-3.697314E28,0.0000000,3,Missing,-3.697314E28,-3.697314E28,-3.697314E28,Missing,-3.697314E28,-3.697314E28,-3.697314E28,Missing,-3.697314E28,-3.697314E28,-3.697314E28,Port 0x02: JJH T tibia tracker  s/n:3E4C8800,832755223,1781104853.718603751,1,OK,0.7323014,0.1773616,0.0103024,-0.6573975,232.750,206.421,-1562.471,0.3588019,3,OK,232.561,206.185,-1562.584,OK,141.640,232.922,-1575.951,OK,220.362,292.639,-1540.203,Port 0x03: JJH Y femur tracker  s/n:3E4C8801,832755223,1781104853.718603751,1,OK,0.8543020,0.4434893,-0.0670942,-0.2626475,-82.925,151.751,-1685.717,0.5487495,3,OK,-82.549,151.249,-1686.105,OK,-101.766,219.349,-1614.953,OK,-162.430,199.375,-1674.384
3,Port 0x01: JJH Probe  s/n:3E4C880C,832755226,1781104853.768603752,1,Too Few Markers,-3.697314E28,-3.697314E28,-3.697314E28,-3.697314E28,-3.697314E28,-3.697314E28,-3.697314E28,0.0000000,3,Missing,-3.697314E28,-3.697314E28,-3.697314E28,Missing,-3.697314E28,-3.697314E28,-3.697314E28,Missing,-3.697314E28,-3.697314E28,-3.697314E28,Port 0x02: JJH T tibia tracker  s/n:3E4C8800,832755226,1781104853.768603752,1,OK,0.7323406,0.1770132,0.0109219,-0.6574377,232.763,206.433,-1562.560,0.3668702,3,OK,232.575,206.188,-1562.675,OK,141.635,232.925,-1575.902,OK,220.377,292.645,-1540.251,Port 0x03: JJH Y femur tracker  s/n:3E4C8801,832755226,1781104853.768603752,1,OK,0.8542118,0.4436958,-0.0669561,-0.2626272,-82.918,151.775,-1685.766,0.5683007,3,OK,-82.533,151.250,-1686.177,OK,-101.763,219.358,-1614.938,OK,-162.434,199.382,-1674.405
3,Port 0x01: JJH Probe  s/n:3E4C880C,832755229,1781104853.818603752,1,Too Few Markers,-3.697314E28,-3.697314E28,-3.697314E28,-3.697314E28,-3.697314E28,-3.697314E28,-3.697314E28,0.0000000,3,Missing,-3.697314E28,-3.697314E28,-3.697314E28,Missing,-3.697314E28,-3.697314E28,-3.697314E28,Missing,-3.697314E28,-3.697314E28,-3.697314E28,Port 0x02: JJH T tibia tracker  s/n:3E4C8800,832755229,1781104853.818603752,1,OK,0.7323788,0.1769172,0.0105993,-0.6574262,232.760,206.440,-1562.549,0.3629822,3,OK,232.570,206.202,-1562.662,OK,141.637,232.925,-1575.940,OK,220.376,292.661,-1540.294,Port 0x03: JJH Y femur tracker  s/n:3E4C8801,832755229,1781104853.818603752,1,OK,0.8542508,0.4435526,-0.0675112,-0.2626002,-82.915,151.738,-1685.668,0.5361499,3,OK,-82.539,151.242,-1686.048,OK,-101.767,219.347,-1614.910,OK,-162.436,199.381,-1674.423
3,Port 0x01: JJH Probe  s/n:3E4C880C,832755232,1781104853.868603752,1,Too Few Markers,-3.697314E28,-3.697314E28,-3.697314E28,-3.697314E28,-3.697314E28,-3.697314E28,-3.697314E28,0.0000000,3,Missing,-3.697314E28,-3.697314E28,-3.697314E28,Missing,-3.697314E28,-3.697314E28,-3.697314E28,Missing,-3.697314E28,-3.697314E28,-3.697314E28,Port 0x02: JJH T tibia tracker  s/n:3E4C8800,832755232,1781104853.868603752,1,OK,0.7323359,0.1771303,0.0107570,-0.6574140,232.746,206.446,-1562.535,0.3673801,3,OK,232.553,206.204,-1562.650,OK,141.628,232.936,-1575.916,OK,220.357,292.658,-1540.235,Port 0x03: JJH Y femur tracker  s/n:3E4C8801,832755232,1781104853.868603752,1,OK,0.8541173,0.4437872,-0.0674742,-0.2626478,-82.926,151.770,-1685.709,0.5419404,3,OK,-82.553,151.265,-1686.103,OK,-101.770,219.358,-1614.892,OK,-162.446,199.407,-1674.450
3,Port 0x01: JJH Probe  s/n:3E4C880C,832755235,1781104853.918603751,1,Too Few Markers,-3.697314E28,-3.697314E28,-3.697314E28,-3.697314E28,-3.697314E28,-3.697314E28,-3.697314E28,0.0000000,3,Missing,-3.697314E28,-3.697314E28,-3.697314E28,Missing,-3.697314E28,-3.697314E28,-3.697314E28,Missing,-3.697314E28,-3.697314E28,-3.697314E28,Port 0x02: JJH T tibia tracker  s/n:3E4C8800,832755235,1781104853.918603751,1,OK,0.7322855,0.1773205,0.0107779,-0.6574186,232.743,206.443,-1562.543,0.3682260,3,OK,232.550,206.200,-1562.659,OK,141.630,232.945,-1575.935,OK,220.354,292.651,-1540.217,Port 0x03: JJH Y femur tracker  s/n:3E4C8801,832755235,1781104853.918603751,1,OK,0.8540509,0.4440019,-0.0669102,-0.2626449,-82.930,151.804,-1685.777,0.5634733,3,OK,-82.556,151.279,-1686.195,OK,-101.765,219.352,-1614.880,OK,-162.448,199.393,-1674.407
3,Port 0x01: JJH Probe  s/n:3E4C880C,832755238,1781104853.968603751,1,Too Few Markers,-3.697314E28,-3.697314E28,-3.697314E28,-3.697314E28,-3.697314E28,-3.697314E28,-3.697314E28,0.0000000,3,Missing,-3.697314E28,-3.697314E28,-3.697314E28,Missing,-3.697314E28,-3.697314E28,-3.697314E28,Missing,-3.697314E28,-3.697314E28,-3.697314E28,Port 0x02: JJH T tibia tracker  s/n:3E4C8800,832755238,1781104853.968603751,1,OK,0.7323564,0.1768143,0.0106003,-0.6574788,232.759,206.444,-1562.512,0.3666589,3,OK,232.571,206.201,-1562.626,OK,141.640,232.940,-1575.891,OK,220.382,292.669,-1540.269,Port 0x03: JJH Y femur tracker  s/n:3E4C8801,832755238,1781104853.968603751,1,OK,0.8542506,0.4435524,-0.0673966,-0.2626307,-82.906,151.756,-1685.689,0.5392866,3,OK,-82.531,151.258,-1686.073,OK,-101.750,219.362,-1614.922,OK,-162.421,199.394,-1674.420
3,Port 0x01: JJH Probe  s/n:3E4C880C,832755241,1781104854.018603752,1,Too Few Markers,-3.697314E28,-3.697314E28,-3.697314E28,-3.697314E28,-3.697314E28,-3.697314E28,-3.697314E28,0.0000000,3,Missing,-3.697314E28,-3.697314E28,-3.697314E28,Missing,-3.697314E28,-3.697314E28,-3.697314E28,Missing,-3.697314E28,-3.697314E28,-3.697314E28,Port 0x02: JJH T tibia tracker  s/n:3E4C8800,832755241,1781104854.018603752,1,OK,0.7323192,0.1770158,0.0106416,-0.6574653,232.741,206.458,-1562.550,0.3654412,3,OK,232.549,206.216,-1562.665,OK,141.623,232.956,-1575.941,OK,220.366,292.682,-1540.276,Port 0x03: JJH Y femur tracker  s/n:3E4C8801,832755241,1781104854.018603752,1,OK,0.8542456,0.4436125,-0.0671845,-0.2625999,-82.923,151.786,-1685.668,0.5420148,3,OK,-82.550,151.287,-1686.055,OK,-101.768,219.373,-1614.884,OK,-162.440,199.403,-1674.360
3,Port 0x01: JJH Probe  s/n:3E4C880C,832755244,1781104854.068603752,1,Too Few Markers,-3.697314E28,-3.697314E28,-3.697314E28,-3.697314E28,-3.697314E28,-3.697314E28,-3.697314E28,0.0000000,3,Missing,-3.697314E28,-3.697314E28,-3.697314E28,Missing,-3.697314E28,-3.697314E28,-3.697314E28,Missing,-3.697314E28,-3.697314E28,-3.697314E28,Port 0x02: JJH T tibia tracker  s/n:3E4C8800,832755244,1781104854.068603752,1,OK,0.7322655,0.1774652,0.0107277,-0.6574026,232.716,206.450,-1562.505,0.3675918,3,OK,232.520,206.209,-1562.621,OK,141.608,232.952,-1575.918,OK,220.327,292.656,-1540.167,Port 0x03: JJH Y femur tracker  s/n:3E4C8801,832755244,1781104854.068603752,1,OK,0.8540915,0.4439043,-0.0671019,-0.2626289,-82.944,151.792,-1685.743,0.5572576,3,OK,-82.572,151.274,-1686.154,OK,-101.788,219.357,-1614.880,OK,-162.458,199.395,-1674.411
3,Port 0x01: JJH Probe  s/n:3E4C880C,832755247,1781104854.118603751,1,Too Few Markers,-3.697314E28,-3.697314E28,-3.697314E28,-3.697314E28,-3.697314E28,-3.697314E28,-3.697314E28,0.0000000,3,Missing,-3.697314E28,-3.697314E28,-3.697314E28,Missing,-3.697314E28,-3.697314E28,-3.697314E28,Missing,-3.697314E28,-3.697314E28,-3.697314E28,Port 0x02: JJH T tibia tracker  s/n:3E4C8800,832755247,1781104854.118603751,1,OK,0.7323005,0.1775794,0.0109673,-0.6573289,232.758,206.459,-1562.479,0.3619500,3,OK,232.570,206.217,-1562.594,OK,141.631,232.948,-1575.866,OK,220.354,292.652,-1540.099,Port 0x03: JJH Y femur tracker  s/n:3E4C8801,832755247,1781104854.118603751,1,OK,0.8542111,0.4436647,-0.0670656,-0.2626542,-82.912,151.794,-1685.728,0.5562660,3,OK,-82.536,151.281,-1686.130,OK,-101.752,219.381,-1614.916,OK,-162.418,199.410,-1674.387
3,Port 0x01: JJH Probe  s/n:3E4C880C,832755250,1781104854.168603751,1,Too Few Markers,-3.697314E28,-3.697314E28,-3.697314E28,-3.697314E28,-3.697314E28,-3.697314E28,-3.697314E28,0.0000000,3,Missing,-3.697314E28,-3.697314E28,-3.697314E28,Missing,-3.697314E28,-3.697314E28,-3.697314E28,Missing,-3.697314E28,-3.697314E28,-3.697314E28,Port 0x02: JJH T tibia tracker  s/n:3E4C8800,832755250,1781104854.168603751,1,OK,0.7322744,0.1776190,0.0115400,-0.6573375,232.733,206.417,-1562.296,0.3678069,3,OK,232.543,206.176,-1562.410,OK,141.602,232.908,-1575.584,OK,220.324,292.580,-1539.840,Port 0x03: JJH Y femur tracker  s/n:3E4C8801,832755250,1781104854.168603751,1,OK,0.8541960,0.4437334,-0.0669060,-0.2626280,-82.911,151.808,-1685.725,0.5632486,3,OK,-82.536,151.289,-1686.135,OK,-101.756,219.381,-1614.892,OK,-162.415,199.406,-1674.352
3,Port 0x01: JJH Probe  s/n:3E4C880C,832755253,1781104854.218603751,1,Too Few Markers,-3.697314E28,-3.697314E28,-3.697314E28,-3.697314E28,-3.697314E28,-3.697314E28,-3.697314E28,0.0000000,3,Missing,-3.697314E28,-3.697314E28,-3.697314E28,Missing,-3.697314E28,-3.697314E28,-3.697314E28,Missing,-3.697314E28,-3.697314E28,-3.697314E28,Port 0x02: JJH T tibia tracker  s/n:3E4C8800,832755253,1781104854.218603751,1,OK,0.7322730,0.1780540,0.0123734,-0.6572062,232.695,206.410,-1562.048,0.3616159,3,OK,232.516,206.167,-1562.161,OK,141.532,232.884,-1575.237,OK,220.259,292.528,-1539.435,Port 0x03: JJH Y femur tracker  s/n:3E4C8801,832755253,1781104854.218603751,1,OK,0.8543204,0.4434299,-0.0672622,-0.2626448,-82.922,151.771,-1685.635,0.5432597,3,OK,-82.546,151.273,-1686.018,OK,-101.764,219.384,-1614.888,OK,-162.428,199.407,-1674.337
3,Port 0x01: JJH Probe  s/n:3E4C880C,832755256,1781104854.268603753,1,Too Few Markers,-3.697314E28,-3.697314E28,-3.697314E28,-3.697314E28,-3.697314E28,-3.697314E28,-3.697314E28,0.0000000,3,Missing,-3.697314E28,-3.697314E28,-3.697314E28,Missing,-3.697314E28,-3.697314E28,-3.697314E28,Missing,-3.697314E28,-3.697314E28,-3.697314E28,Port 0x02: JJH T tibia tracker  s/n:3E4C8800,832755256,1781104854.268603753,1,OK,0.7321125,0.1787752,0.0139226,-0.6571581,232.664,206.363,-1561.694,0.3727000,3,OK,232.474,206.119,-1561.811,OK,141.490,232.843,-1574.677,OK,220.217,292.404,-1538.795,Port 0x03: JJH Y femur tracker  s/n:3E4C8801,832755256,1781104854.268603753,1,OK,0.8541794,0.4437065,-0.0672207,-0.2626468,-82.892,151.807,-1685.663,0.5549839,3,OK,-82.515,151.292,-1686.067,OK,-101.734,219.400,-1614.844,OK,-162.406,199.430,-1674.355
3,Port 0x01: JJH Probe  s/n:3E4C880C,832755259,1781104854.318603753,1,Too Few Markers,-3.697314E28,-3.697314E28,-3.697314E28,-3.697314E28,-3.697314E28,-3.697314E28,-3.697314E28,0.0000000,3,Missing,-3.697314E28,-3.697314E28,-3.697314E28,Missing,-3.697314E28,-3.697314E28,-3.697314E28,Missing,-3.697314E28,-3.697314E28,-3.697314E28,Port 0x02: JJH T tibia tracker  s/n:3E4C8800,832755259,1781104854.318603753,1,OK,0.7318067,0.1803964,0.0154989,-0.6570205,232.677,206.182,-1561.263,0.3720196,3,OK,232.481,205.939,-1561.381,OK,141.493,232.684,-1574.115,OK,220.215,292.120,-1537.966,Port 0x03: JJH Y femur tracker  s/n:3E4C8801,832755259,1781104854.318603753,1,OK,0.8541221,0.4438294,-0.0669950,-0.2626833,-82.888,151.805,-1685.661,0.5593853,3,OK,-82.519,151.286,-1686.074,OK,-101.720,219.377,-1614.802,OK,-162.390,199.408,-1674.306
3,Port 0x01: JJH Probe  s/n:3E4C880C,832755262,1781104854.368603753,1,Too Few Markers,-3.697314E28,-3.697314E28,-3.697314E28,-3.697314E28,-3.697314E28,-3.697314E28,-3.697314E28,0.0000000,3,Missing,-3.697314E28,-3.697314E28,-3.697314E28,Missing,-3.697314E28,-3.697314E28,-3.697314E28,Missing,-3.697314E28,-3.697314E28,-3.697314E28,Port 0x02: JJH T tibia tracker  s/n:3E4C8800,832755262,1781104854.368603753,1,OK,0.7315354,0.1815193,0.0165309,-0.6569881,232.643,206.076,-1560.832,0.3681216,3,OK,232.450,205.838,-1560.950,OK,141.453,232.617,-1573.599,OK,220.179,291.938,-1537.270,Port 0x03: JJH Y femur tracker  s/n:3E4C8801,832755262,1781104854.368603753,1,OK,0.8540233,0.4440616,-0.0668863,-0.2626399,-82.889,151.834,-1685.678,0.5708542,3,OK,-82.516,151.301,-1686.108,OK,-101.726,219.383,-1614.759,OK,-162.406,199.417,-1674.305
3,Port 0x01: JJH Probe  s/n:3E4C880C,832755265,1781104854.418603753,1,Too Few Markers,-3.697314E28,-3.697314E28,-3.697314E28,-3.697314E28,-3.697314E28,-3.697314E28,-3.697314E28,0.0000000,3,Missing,-3.697314E28,-3.697314E28,-3.697314E28,Missing,-3.697314E28,-3.697314E28,-3.697314E28,Missing,-3.697314E28,-3.697314E28,-3.697314E28,Port 0x02: JJH T tibia tracker  s/n:3E4C8800,832755265,1781104854.418603753,1,OK,0.7315062,0.1818553,0.0174273,-0.6569046,232.621,206.027,-1560.519,0.3696665,3,OK,232.432,205.786,-1560.637,OK,141.412,232.557,-1573.164,OK,220.139,291.842,-1536.804,Port 0x03: JJH Y femur tracker  s/n:3E4C8801,832755265,1781104854.418603753,1,OK,0.8540901,0.4439305,-0.0669892,-0.2626183,-82.875,151.826,-1685.666,0.5562376,3,OK,-82.502,151.309,-1686.076,OK,-101.715,219.380,-1614.795,OK,-162.397,199.420,-1674.316
3,Port 0x01: JJH Probe  s/n:3E4C880C,832755268,1781104854.468603753,1,Too Few Markers,-3.697314E28,-3.697314E28,-3.697314E28,-3.697314E28,-3.697314E28,-3.697314E28,-3.697314E28,0.0000000,3,Missing,-3.697314E28,-3.697314E28,-3.697314E28,Missing,-3.697314E28,-3.697314E28,-3.697314E28,Missing,-3.697314E28,-3.697314E28,-3.697314E28,Port 0x02: JJH T tibia tracker  s/n:3E4C8800,832755268,1781104854.468603753,1,OK,0.7314858,0.1841482,0.0212054,-0.6561770,232.384,206.009,-1559.799,0.3750096,3,OK,232.187,205.760,-1559.922,OK,141.088,232.423,-1572.018,OK,219.760,291.608,-1535.334,Port 0x03: JJH Y femur tracker  s/n:3E4C8801,832755268,1781104854.468603753,1,OK,0.8540120,0.4440918,-0.0665053,-0.2627222,-82.907,151.830,-1685.710,0.5847718,3,OK,-82.533,151.285,-1686.154,OK,-101.720,219.367,-1614.754,OK,-162.414,199.395,-1674.260
3,Port 0x01: JJH Probe  s/n:3E4C880C,832755271,1781104854.518603753,1,Too Few Markers,-3.697314E28,-3.697314E28,-3.697314E28,-3.697314E28,-3.697314E28,-3.697314E28,-3.697314E28,0.0000000,3,Missing,-3.697314E28,-3.697314E28,-3.697314E28,Missing,-3.697314E28,-3.697314E28,-3.697314E28,Missing,-3.697314E28,-3.697314E28,-3.697314E28,Port 0x02: JJH T tibia tracker  s/n:3E4C8800,832755271,1781104854.518603753,1,OK,0.7309314,0.1879481,0.0259411,-0.6555470,232.238,205.768,-1558.338,0.3791703,3,OK,232.023,205.532,-1558.464,OK,140.888,232.155,-1570.082,OK,219.511,291.041,-1532.825,Port 0x03: JJH Y femur tracker  s/n:3E4C8801,832755271,1781104854.518603753,1,OK,0.8541782,0.4437353,-0.0667735,-0.2627165,-82.860,151.823,-1685.644,0.5668142,3,OK,-82.477,151.297,-1686.058,OK,-101.671,219.397,-1614.786,OK,-162.378,199.425,-1674.253
3,Port 0x01: JJH Probe  s/n:3E4C880C,832755274,1781104854.568603753,1,Too Few Markers,-3.697314E28,-3.697314E28,-3.697314E28,-3.697314E28,-3.697314E28,-3.697314E28,-3.697314E28,0.0000000,3,Missing,-3.697314E28,-3.697314E28,-3.697314E28,Missing,-3.697314E28,-3.697314E28,-3.697314E28,Missing,-3.697314E28,-3.697314E28,-3.697314E28,Port 0x02: JJH T tibia tracker  s/n:3E4C8800,832755274,1781104854.568603753,1,OK,0.7302911,0.1909244,0.0301295,-0.6552213,232.140,205.288,-1556.969,0.3744341,3,OK,231.937,205.054,-1557.095,OK,140.731,231.703,-1568.251,OK,219.374,290.277,-1530.573,Port 0x03: JJH Y femur tracker  s/n:3E4C8801,832755274,1781104854.568603753,1,OK,0.8541187,0.4438917,-0.0666075,-0.2626877,-82.873,151.816,-1685.675,0.5730045,3,OK,-82.502,151.284,-1686.103,OK,-101.692,219.372,-1614.773,OK,-162.380,199.390,-1674.251
3,Port 0x01: JJH Probe  s/n:3E4C880C,832755277,1781104854.618603753,1,Too Few Markers,-3.697314E28,-3.697314E28,-3.697314E28,-3.697314E28,-3.697314E28,-3.697314E28,-3.697314E28,0.0000000,3,Missing,-3.697314E28,-3.697314E28,-3.697314E28,Missing,-3.697314E28,-3.697314E28,-3.697314E28,Missing,-3.697314E28,-3.697314E28,-3.697314E28,Port 0x02: JJH T tibia tracker  s/n:3E4C8800,832755277,1781104854.618603753,1,OK,0.7298992,0.1927314,0.0321589,-0.6550325,232.177,205.067,-1556.572,0.3774383,3,OK,231.971,204.823,-1556.703,OK,140.748,231.498,-1567.662,OK,219.394,289.924,-1529.698,Port 0x03: JJH Y femur tracker  s/n:3E4C8801,832755277,1781104854.618603753,1,OK,0.8541570,0.4437651,-0.0668879,-0.2627058,-82.862,151.784,-1685.587,0.5544363,3,OK,-82.485,151.270,-1685.990,OK,-101.677,219.349,-1614.741,OK,-162.377,199.390,-1674.216
3,Port 0x01: JJH Probe  s/n:3E4C880C,832755280,1781104854.668603753,1,Too Few Markers,-3.697314E28,-3.697314E28,-3.697314E28,-3.697314E28,-3.697314E28,-3.697314E28,-3.697314E28,0.0000000,3,Missing,-3.697314E28,-3.697314E28,-3.697314E28,Missing,-3.697314E28,-3.697314E28,-3.697314E28,Missing,-3.697314E28,-3.697314E28,-3.697314E28,Port 0x02: JJH T tibia tracker  s/n:3E4C8800,832755280,1781104854.668603753,1,OK,0.7298083,0.1928604,0.0318556,-0.6551107,232.175,204.970,-1556.317,0.3654740,3,OK,231.970,204.743,-1556.442,OK,140.754,231.429,-1567.467,OK,219.413,289.819,-1529.470,Port 0x03: JJH Y femur tracker  s/n:3E4C8801,832755280,1781104854.668603753,1,OK,0.8542696,0.4435196,-0.0669950,-0.2627272,-82.855,151.757,-1685.543,0.5445582,3,OK,-82.480,151.254,-1685.932,OK,-101.663,219.351,-1614.750,OK,-162.366,199.379,-1674.199
3,Port 0x01: JJH Probe  s/n:3E4C880C,832755283,1781104854.718603753,1,Too Few Markers,-3.697314E28,-3.697314E28,-3.697314E28,-3.697314E28,-3.697314E28,-3.697314E28,-3.697314E28,0.0000000,3,Missing,-3.697314E28,-3.697314E28,-3.697314E28,Missing,-3.697314E28,-3.697314E28,-3.697314E28,Missing,-3.697314E28,-3.697314E28,-3.697314E28,Port 0x02: JJH T tibia tracker  s/n:3E4C8800,832755283,1781104854.718603753,1,OK,0.7296020,0.1939534,0.0340185,-0.6549090,232.171,204.874,-1556.089,0.3807849,3,OK,231.959,204.636,-1556.221,OK,140.728,231.314,-1566.963,OK,219.378,289.600,-1528.837,Port 0x03: JJH Y femur tracker  s/n:3E4C8801,832755283,1781104854.718603753,1,OK,0.8541604,0.4437628,-0.0666629,-0.2627559,-82.857,151.780,-1685.582,0.5703589,3,OK,-82.473,151.253,-1685.996,OK,-101.666,219.341,-1614.722,OK,-162.362,199.381,-1674.157
3,Port 0x01: JJH Probe  s/n:3E4C880C,832755286,1781104854.768603753,1,Too Few Markers,-3.697314E28,-3.697314E28,-3.697314E28,-3.697314E28,-3.697314E28,-3.697314E28,-3.697314E28,0.0000000,3,Missing,-3.697314E28,-3.697314E28,-3.697314E28,Missing,-3.697314E28,-3.697314E28,-3.697314E28,Missing,-3.697314E28,-3.697314E28,-3.697314E28,Port 0x02: JJH T tibia tracker  s/n:3E4C8800,832755286,1781104854.768603753,1,OK,0.7292484,0.1952423,0.0351935,-0.6548577,232.172,204.608,-1555.529,0.3749588,3,OK,231.959,204.376,-1555.659,OK,140.723,231.084,-1566.308,OK,219.388,289.234,-1527.974,Port 0x03: JJH Y femur tracker  s/n:3E4C8801,832755286,1781104854.768603753,1,OK,0.8541164,0.4437978,-0.0668103,-0.2628024,-82.852,151.756,-1685.584,0.5609692,3,OK,-82.473,151.236,-1685.994,OK,-101.649,219.319,-1614.719,OK,-162.358,199.369,-1674.189
3,Port 0x01: JJH Probe  s/n:3E4C880C,832755289,1781104854.818603753,1,Too Few Markers,-3.697314E28,-3.697314E28,-3.697314E28,-3.697314E28,-3.697314E28,-3.697314E28,-3.697314E28,0.0000000,3,Missing,-3.697314E28,-3.697314E28,-3.697314E28,Missing,-3.697314E28,-3.697314E28,-3.697314E28,Missing,-3.697314E28,-3.697314E28,-3.697314E28,Port 0x02: JJH T tibia tracker  s/n:3E4C8800,832755289,1781104854.818603753,1,OK,0.7290265,0.1961626,0.0367600,-0.6547437,232.150,204.457,-1555.152,0.3838464,3,OK,231.934,204.224,-1555.284,OK,140.692,230.938,-1565.737,OK,219.349,288.977,-1527.292,Port 0x03: JJH Y femur tracker  s/n:3E4C8801,832755289,1781104854.818603753,1,OK,0.8540797,0.4439081,-0.0667812,-0.2627426,-82.849,151.763,-1685.550,0.5567387,3,OK,-82.474,151.247,-1685.957,OK,-101.657,219.306,-1614.671,OK,-162.359,199.361,-1674.151
3,Port 0x01: JJH Probe  s/n:3E4C880C,832755292,1781104854.868603753,1,Too Few Markers,-3.697314E28,-3.697314E28,-3.697314E28,-3.697314E28,-3.697314E28,-3.697314E28,-3.697314E28,0.0000000,3,Missing,-3.697314E28,-3.697314E28,-3.697314E28,Missing,-3.697314E28,-3.697314E28,-3.697314E28,Missing,-3.697314E28,-3.697314E28,-3.697314E28,Port 0x02: JJH T tibia tracker  s/n:3E4C8800,832755292,1781104854.868603753,1,OK,0.7289733,0.1963225,0.0363548,-0.6547776,232.136,204.407,-1555.070,0.3772690,3,OK,231.918,204.184,-1555.199,OK,140.689,230.908,-1565.737,OK,219.344,288.934,-1527.244,Port 0x03: JJH Y femur tracker  s/n:3E4C8801,832755292,1781104854.868603753,1,OK,0.8541719,0.4436759,-0.0671697,-0.2627361,-82.856,151.724,-1685.534,0.5423773,3,OK,-82.479,151.218,-1685.925,OK,-101.661,219.311,-1614.712,OK,-162.381,199.354,-1674.224
3,Port 0x01: JJH Probe  s/n:3E4C880C,832755295,1781104854.918603753,1,Too Few Markers,-3.697314E28,-3.697314E28,-3.697314E28,-3.697314E28,-3.697314E28,-3.697314E28,-3.697314E28,0.0000000,3,Missing,-3.697314E28,-3.697314E28,-3.697314E28,Missing,-3.697314E28,-3.697314E28,-3.697314E28,Missing,-3.697314E28,-3.697314E28,-3.697314E28,Port 0x02: JJH T tibia tracker  s/n:3E4C8800,832755295,1781104854.918603753,1,OK,0.7289732,0.1964765,0.0372007,-0.6546840,232.184,204.418,-1555.120,0.3837805,3,OK,231.965,204.185,-1555.253,OK,140.718,230.892,-1565.660,OK,219.377,288.911,-1527.166,Port 0x03: JJH Y femur tracker  s/n:3E4C8801,832755295,1781104854.918603753,1,OK,0.8541464,0.4437709,-0.0669246,-0.2627212,-82.824,151.751,-1685.539,0.5494360,3,OK,-82.446,151.244,-1685.934,OK,-101.638,219.309,-1614.703,OK,-162.338,199.364,-1674.171
3,Port 0x01: JJH Probe  s/n:3E4C880C,832755298,1781104854.968603753,1,Too Few Markers,-3.697314E28,-3.697314E28,-3.697314E28,-3.697314E28,-3.697314E28,-3.697314E28,-3.697314E28,0.0000000,3,Missing,-3.697314E28,-3.697314E28,-3.697314E28,Missing,-3.697314E28,-3.697314E28,-3.697314E28,Missing,-3.697314E28,-3.697314E28,-3.697314E28,Port 0x02: JJH T tibia tracker  s/n:3E4C8800,832755298,1781104854.968603753,1,OK,0.7289901,0.1963060,0.0369545,-0.6547303,232.160,204.380,-1555.046,0.3808157,3,OK,231.953,204.144,-1555.178,OK,140.693,230.867,-1565.610,OK,219.355,288.885,-1527.146,Port 0x03: JJH Y femur tracker  s/n:3E4C8801,832755298,1781104854.968603753,1,OK,0.8541277,0.4437837,-0.0668902,-0.2627692,-82.847,151.729,-1685.548,0.5581218,3,OK,-82.466,151.212,-1685.953,OK,-101.653,219.293,-1614.697,OK,-162.357,199.346,-1674.169
3,Port 0x01: JJH Probe  s/n:3E4C880C,832755301,1781104855.018603753,1,Too Few Markers,-3.697314E28,-3.697314E28,-3.697314E28,-3.697314E28,-3.697314E28,-3.697314E28,-3.697314E28,0.0000000,3,Missing,-3.697314E28,-3.697314E28,-3.697314E28,Missing,-3.697314E28,-3.697314E28,-3.697314E28,Missing,-3.697314E28,-3.697314E28,-3.697314E28,Port 0x02: JJH T tibia tracker  s/n:3E4C8800,832755301,1781104855.018603753,1,OK,0.7288468,0.1967249,0.0372356,-0.6547482,232.141,204.359,-1555.056,0.3875172,3,OK,231.928,204.114,-1555.192,OK,140.683,230.865,-1565.604,OK,219.346,288.853,-1527.063,Port 0x03: JJH Y femur tracker  s/n:3E4C8801,832755301,1781104855.018603753,1,OK,0.8541447,0.4437295,-0.0670920,-0.2627539,-82.871,151.718,-1685.532,0.5461815,3,OK,-82.490,151.212,-1685.923,OK,-101.678,219.290,-1614.707,OK,-162.388,199.349,-1674.196
3,Port 0x01: JJH Probe  s/n:3E4C880C,832755304,1781104855.068603753,1,Too Few Markers,-3.697314E28,-3.697314E28,-3.697314E28,-3.697314E28,-3.697314E28,-3.697314E28,-3.697314E28,0.0000000,3,Missing,-3.697314E28,-3.697314E28,-3.697314E28,Missing,-3.697314E28,-3.697314E28,-3.697314E28,Missing,-3.697314E28,-3.697314E28,-3.697314E28,Port 0x02: JJH T tibia tracker  s/n:3E4C8800,832755304,1781104855.068603753,1,OK,0.7289069,0.1968400,0.0374438,-0.6546348,232.166,204.364,-1555.035,0.3923704,3,OK,231.950,204.117,-1555.173,OK,140.706,230.846,-1565.561,OK,219.345,288.842,-1527.006,Port 0x03: JJH Y femur tracker  s/n:3E4C8801,832755304,1781104855.068603753,1,OK,0.8541225,0.4437806,-0.0667166,-0.2628355,-82.847,151.735,-1685.584,0.5610868,3,OK,-82.469,151.217,-1685.991,OK,-101.639,219.291,-1614.723,OK,-162.346,199.349,-1674.165
3,Port 0x01: JJH Probe  s/n:3E4C880C,832755307,1781104855.118603753,1,Too Few Markers,-3.697314E28,-3.697314E28,-3.697314E28,-3.697314E28,-3.697314E28,-3.697314E28,-3.697314E28,0.0000000,3,Missing,-3.697314E28,-3.697314E28,-3.697314E28,Missing,-3.697314E28,-3.697314E28,-3.697314E28,Missing,-3.697314E28,-3.697314E28,-3.697314E28,Port 0x02: JJH T tibia tracker  s/n:3E4C8800,832755307,1781104855.118603753,1,OK,0.7288614,0.1966603,0.0378302,-0.6547172,232.173,204.330,-1554.969,0.3799088,3,OK,231.961,204.099,-1555.100,OK,140.694,230.818,-1565.414,OK,219.379,288.783,-1526.913,Port 0x03: JJH Y femur tracker  s/n:3E4C8801,832755307,1781104855.118603753,1,OK,0.8540893,0.4438265,-0.0670754,-0.2627743,-82.827,151.728,-1685.531,0.5480391,3,OK,-82.454,151.220,-1685.929,OK,-101.637,219.291,-1614.685,OK,-162.331,199.354,-1674.184
3,Port 0x01: JJH Probe  s/n:3E4C880C,832755310,1781104855.168603753,1,Too Few Markers,-3.697314E28,-3.697314E28,-3.697314E28,-3.697314E28,-3.697314E28,-3.697314E28,-3.697314E28,0.0000000,3,Missing,-3.697314E28,-3.697314E28,-3.697314E28,Missing,-3.697314E28,-3.697314E28,-3.697314E28,Missing,-3.697314E28,-3.697314E28,-3.697314E28,Port 0x02: JJH T tibia tracker  s/n:3E4C8800,832755310,1781104855.168603753,1,OK,0.7287937,0.1969351,0.0374072,-0.6547343,232.134,204.306,-1554.917,0.3777649,3,OK,231.921,204.074,-1555.049,OK,140.670,230.814,-1565.456,OK,219.345,288.772,-1526.881,Port 0x03: JJH Y femur tracker  s/n:3E4C8801,832755310,1781104855.168603753,1,OK,0.8541316,0.4437951,-0.0665993,-0.2628111,-82.892,151.741,-1685.594,0.5664595,3,OK,-82.508,151.221,-1686.001,OK,-101.689,219.286,-1614.733,OK,-162.394,199.348,-1674.150
3,Port 0x01: JJH Probe  s/n:3E4C880C,832755313,1781104855.218603753,1,Too Few Markers,-3.697314E28,-3.697314E28,-3.697314E28,-3.697314E28,-3.697314E28,-3.697314E28,-3.697314E28,0.0000000,3,Missing,-3.697314E28,-3.697314E28,-3.697314E28,Missing,-3.697314E28,-3.697314E28,-3.697314E28,Missing,-3.697314E28,-3.697314E28,-3.697314E28,Port 0x02: JJH T tibia tracker  s/n:3E4C8800,832755313,1781104855.218603753,1,OK,0.7289020,0.1967821,0.0376031,-0.6546485,232.152,204.329,-1554.942,0.3848411,3,OK,231.939,204.092,-1555.075,OK,140.683,230.810,-1565.437,OK,219.337,288.789,-1526.903,Port 0x03: JJH Y femur tracker  s/n:3E4C8801,832755313,1781104855.218603753,1,OK,0.8541662,0.4437370,-0.0666798,-0.2627763,-82.847,151.749,-1685.554,0.5585318,3,OK,-82.469,151.236,-1685.955,OK,-101.650,219.302,-1614.712,OK,-162.348,199.354,-1674.131
3,Port 0x01: JJH Probe  s/n:3E4C880C,832755316,1781104855.268603749,1,Too Few Markers,-3.697314E28,-3.697314E28,-3.697314E28,-3.697314E28,-3.697314E28,-3.697314E28,-3.697314E28,0.0000000,3,Missing,-3.697314E28,-3.697314E28,-3.697314E28,Missing,-3.697314E28,-3.697314E28,-3.697314E28,Missing,-3.697314E28,-3.697314E28,-3.697314E28,Port 0x02: JJH T tibia tracker  s/n:3E4C8800,832755316,1781104855.268603749,1,OK,0.7288591,0.1966297,0.0377206,-0.6547353,232.174,204.310,-1554.931,0.3848128,3,OK,231.957,204.082,-1555.062,OK,140.707,230.803,-1565.389,OK,219.380,288.767,-1526.894,Port 0x03: JJH Y femur tracker  s/n:3E4C8801,832755316,1781104855.268603749,1,OK,0.8541503,0.4436847,-0.0671430,-0.2627983,-82.832,151.713,-1685.524,0.5424895,3,OK,-82.456,151.210,-1685.913,OK,-101.633,219.292,-1614.709,OK,-162.339,199.352,-1674.195
3,Port 0x01: JJH Probe  s/n:3E4C880C,832755319,1781104855.318603749,1,Too Few Markers,-3.697314E28,-3.697314E28,-3.697314E28,-3.697314E28,-3.697314E28,-3.697314E28,-3.697314E28,0.0000000,3,Missing,-3.697314E28,-3.697314E28,-3.697314E28,Missing,-3.697314E28,-3.697314E28,-3.697314E28,Missing,-3.697314E28,-3.697314E28,-3.697314E28,Port 0x02: JJH T tibia tracker  s/n:3E4C8800,832755319,1781104855.318603749,1,OK,0.7288810,0.1964913,0.0377923,-0.6547483,232.148,204.330,-1554.953,0.3836754,3,OK,231.939,204.097,-1555.084,OK,140.673,230.822,-1565.386,OK,219.354,288.788,-1526.924,Port 0x03: JJH Y femur tracker  s/n:3E4C8801,832755319,1781104855.318603749,1,OK,0.8540820,0.4438813,-0.0666821,-0.2628057,-82.874,151.765,-1685.605,0.5635065,3,OK,-82.497,151.244,-1686.017,OK,-101.672,219.308,-1614.725,OK,-162.375,199.368,-1674.179
3,Port 0x01: JJH Probe  s/n:3E4C880C,832755322,1781104855.368603749,1,Too Few Markers,-3.697314E28,-3.697314E28,-3.697314E28,-3.697314E28,-3.697314E28,-3.697314E28,-3.697314E28,0.0000000,3,Missing,-3.697314E28,-3.697314E28,-3.697314E28,Missing,-3.697314E28,-3.697314E28,-3.697314E28,Missing,-3.697314E28,-3.697314E28,-3.697314E28,Port 0x02: JJH T tibia tracker  s/n:3E4C8800,832755322,1781104855.368603749,1,OK,0.7288657,0.1965723,0.0376179,-0.6547511,232.160,204.309,-1554.938,0.3853964,3,OK,231.945,204.076,-1555.070,OK,140.694,230.805,-1565.408,OK,219.368,288.776,-1526.919,Port 0x03: JJH Y femur tracker  s/n:3E4C8801,832755322,1781104855.368603749,1,OK,0.8541701,0.4436799,-0.0669254,-0.2627977,-82.850,151.735,-1685.565,0.5497010,3,OK,-82.473,151.227,-1685.959,OK,-101.649,219.306,-1614.740,OK,-162.354,199.360,-1674.193
3,Port 0x01: JJH Probe  s/n:3E4C880C,832755325,1781104855.418603749,1,Too Few Markers,-3.697314E28,-3.697314E28,-3.697314E28,-3.697314E28,-3.697314E28,-3.697314E28,-3.697314E28,0.0000000,3,Missing,-3.697314E28,-3.697314E28,-3.697314E28,Missing,-3.697314E28,-3.697314E28,-3.697314E28,Missing,-3.697314E28,-3.697314E28,-3.697314E28,Port 0x02: JJH T tibia tracker  s/n:3E4C8800,832755325,1781104855.418603749,1,OK,0.7288907,0.1966932,0.0378130,-0.6546758,232.162,204.338,-1554.938,0.3800830,3,OK,231.949,204.108,-1555.068,OK,140.683,230.817,-1565.390,OK,219.359,288.789,-1526.881,Port 0x03: JJH Y femur tracker  s/n:3E4C8801,832755325,1781104855.418603749,1,OK,0.8540816,0.4438198,-0.0670270,-0.2628230,-82.854,151.742,-1685.548,0.5516781,3,OK,-82.475,151.230,-1685.947,OK,-101.652,219.304,-1614.698,OK,-162.361,199.375,-1674.189
3,Port 0x01: JJH Probe  s/n:3E4C880C,832755328,1781104855.468603749,1,Too Few Markers,-3.697314E28,-3.697314E28,-3.697314E28,-3.697314E28,-3.697314E28,-3.697314E28,-3.697314E28,0.0000000,3,Missing,-3.697314E28,-3.697314E28,-3.697314E28,Missing,-3.697314E28,-3.697314E28,-3.697314E28,Missing,-3.697314E28,-3.697314E28,-3.697314E28,Port 0x02: JJH T tibia tracker  s/n:3E4C8800,832755328,1781104855.468603749,1,OK,0.7288609,0.1967034,0.0376009,-0.6547180,232.156,204.324,-1554.922,0.3804038,3,OK,231.940,204.096,-1555.052,OK,140.687,230.815,-1565.408,OK,219.361,288.783,-1526.891,Port 0x03: JJH Y femur tracker  s/n:3E4C8801,832755328,1781104855.468603749,1,OK,0.8541833,0.4436568,-0.0667406,-0.2628408,-82.855,151.745,-1685.575,0.5543770,3,OK,-82.476,151.236,-1685.971,OK,-101.643,219.309,-1614.747,OK,-162.352,199.366,-1674.162
3,Port 0x01: JJH Probe  s/n:3E4C880C,832755331,1781104855.518603749,1,Too Few Markers,-3.697314E28,-3.697314E28,-3.697314E28,-3.697314E28,-3.697314E28,-3.697314E28,-3.697314E28,0.0000000,3,Missing,-3.697314E28,-3.697314E28,-3.697314E28,Missing,-3.697314E28,-3.697314E28,-3.697314E28,Missing,-3.697314E28,-3.697314E28,-3.697314E28,Port 0x02: JJH T tibia tracker  s/n:3E4C8800,832755331,1781104855.518603749,1,OK,0.7288469,0.1967237,0.0377532,-0.6547188,232.161,204.322,-1554.909,0.3884841,3,OK,231.945,204.080,-1555.045,OK,140.693,230.812,-1565.371,OK,219.365,288.788,-1526.852,Port 0x03: JJH Y femur tracker  s/n:3E4C8801,832755331,1781104855.518603749,1,OK,0.8540957,0.4438368,-0.0669661,-0.2627642,-82.846,151.755,-1685.564,0.5471268,3,OK,-82.474,151.247,-1685.962,OK,-101.649,219.313,-1614.706,OK,-162.358,199.370,-1674.204
3,Port 0x01: JJH Probe  s/n:3E4C880C,832755334,1781104855.568603749,1,Too Few Markers,-3.697314E28,-3.697314E28,-3.697314E28,-3.697314E28,-3.697314E28,-3.697314E28,-3.697314E28,0.0000000,3,Missing,-3.697314E28,-3.697314E28,-3.697314E28,Missing,-3.697314E28,-3.697314E28,-3.697314E28,Missing,-3.697314E28,-3.697314E28,-3.697314E28,Port 0x02: JJH T tibia tracker  s/n:3E4C8800,832755334,1781104855.568603749,1,OK,0.7288694,0.1966028,0.0374698,-0.6547463,232.139,204.320,-1554.845,0.3811470,3,OK,231.928,204.090,-1554.976,OK,140.672,230.819,-1565.344,OK,219.345,288.788,-1526.844,Port 0x03: JJH Y femur tracker  s/n:3E4C8801,832755334,1781104855.568603749,1,OK,0.8541002,0.4438483,-0.0666020,-0.2628227,-82.859,151.766,-1685.567,0.5655113,3,OK,-82.480,151.244,-1685.978,OK,-101.652,219.310,-1614.689,OK,-162.358,199.368,-1674.124
3,Port 0x01: JJH Probe  s/n:3E4C880C,832755337,1781104855.618603749,1,Too Few Markers,-3.697314E28,-3.697314E28,-3.697314E28,-3.697314E28,-3.697314E28,-3.697314E28,-3.697314E28,0.0000000,3,Missing,-3.697314E28,-3.697314E28,-3.697314E28,Missing,-3.697314E28,-3.697314E28,-3.697314E28,Missing,-3.697314E28,-3.697314E28,-3.697314E28,Port 0x02: JJH T tibia tracker  s/n:3E4C8800,832755337,1781104855.618603749,1,OK,0.7288842,0.1966494,0.0379441,-0.6546886,232.159,204.343,-1554.954,0.3858060,3,OK,231.944,204.109,-1555.087,OK,140.683,230.821,-1565.379,OK,219.358,288.794,-1526.885,Port 0x03: JJH Y femur tracker  s/n:3E4C8801,832755337,1781104855.618603749,1,OK,0.8540809,0.4438847,-0.0667347,-0.2627901,-82.855,151.765,-1685.596,0.5728499,3,OK,-82.468,151.233,-1686.015,OK,-101.658,219.319,-1614.709,OK,-162.367,199.374,-1674.181
3,Port 0x01: JJH Probe  s/n:3E4C880C,832755340,1781104855.668603749,1,Too Few Markers,-3.697314E28,-3.697314E28,-3.697314E28,-3.697314E28,-3.697314E28,-3.697314E28,-3.697314E28,0.0000000,3,Missing,-3.697314E28,-3.697314E28,-3.697314E28,Missing,-3.697314E28,-3.697314E28,-3.697314E28,Missing,-3.697314E28,-3.697314E28,-3.697314E28,Port 0x02: JJH T tibia tracker  s/n:3E4C8800,832755340,1781104855.668603749,1,OK,0.7288798,0.1967624,0.0378588,-0.6546645,232.173,204.348,-1554.949,0.3819967,3,OK,231.959,204.114,-1555.081,OK,140.695,230.825,-1565.400,OK,219.368,288.798,-1526.878,Port 0x03: JJH Y femur tracker  s/n:3E4C8801,832755340,1781104855.668603749,1,OK,0.8540951,0.4438559,-0.0666845,-0.2628055,-82.850,151.773,-1685.599,0.5649641,3,OK,-82.472,151.250,-1686.013,OK,-101.647,219.323,-1614.719,OK,-162.352,199.377,-1674.176
3,Port 0x01: JJH Probe  s/n:3E4C880C,832755343,1781104855.718603749,1,Too Few Markers,-3.697314E28,-3.697314E28,-3.697314E28,-3.697314E28,-3.697314E28,-3.697314E28,-3.697314E28,0.0000000,3,Missing,-3.697314E28,-3.697314E28,-3.697314E28,Missing,-3.697314E28,-3.697314E28,-3.697314E28,Missing,-3.697314E28,-3.697314E28,-3.697314E28,Port 0x02: JJH T tibia tracker  s/n:3E4C8800,832755343,1781104855.718603749,1,OK,0.7288501,0.1968302,0.0380497,-0.6546660,232.153,204.350,-1554.955,0.3822314,3,OK,231.937,204.117,-1555.088,OK,140.673,230.827,-1565.379,OK,219.354,288.791,-1526.850,Port 0x03: JJH Y femur tracker  s/n:3E4C8801,832755343,1781104855.718603749,1,OK,0.8540349,0.4439562,-0.0666635,-0.2628369,-82.867,151.784,-1685.586,0.5735195,3,OK,-82.490,151.250,-1686.013,OK,-101.659,219.332,-1614.672,OK,-162.367,199.385,-1674.156
3,Port 0x01: JJH Probe  s/n:3E4C880C,832755346,1781104855.768603749,1,Too Few Markers,-3.697314E28,-3.697314E28,-3.697314E28,-3.697314E28,-3.697314E28,-3.697314E28,-3.697314E28,0.0000000,3,Missing,-3.697314E28,-3.697314E28,-3.697314E28,Missing,-3.697314E28,-3.697314E28,-3.697314E28,Missing,-3.697314E28,-3.697314E28,-3.697314E28,Port 0x02: JJH T tibia tracker  s/n:3E4C8800,832755346,1781104855.768603749,1,OK,0.7288446,0.1966589,0.0377113,-0.6547432,232.168,204.328,-1554.893,0.3794180,3,OK,231.951,204.105,-1555.022,OK,140.698,230.821,-1565.356,OK,219.382,288.783,-1526.853,Port 0x03: JJH Y femur tracker  s/n:3E4C8801,832755346,1781104855.768603749,1,OK,0.8539632,0.4440966,-0.0667333,-0.2628150,-82.846,151.791,-1685.635,0.5650143,3,OK,-82.478,151.263,-1686.060,OK,-101.641,219.324,-1614.698,OK,-162.346,199.383,-1674.221
3,Port 0x01: JJH Probe  s/n:3E4C880C,832755349,1781104855.818603749,1,Too Few Markers,-3.697314E28,-3.697314E28,-3.697314E28,-3.697314E28,-3.697314E28,-3.697314E28,-3.697314E28,0.0000000,3,Missing,-3.697314E28,-3.697314E28,-3.697314E28,Missing,-3.697314E28,-3.697314E28,-3.697314E28,Missing,-3.697314E28,-3.697314E28,-3.697314E28,Port 0x02: JJH T tibia tracker  s/n:3E4C8800,832755349,1781104855.818603749,1,OK,0.7288292,0.1968529,0.0376939,-0.6547031,232.170,204.351,-1554.911,0.3843348,3,OK,231.955,204.117,-1555.044,OK,140.704,230.847,-1565.393,OK,219.370,288.804,-1526.851,Port 0x03: JJH Y femur tracker  s/n:3E4C8801,832755349,1781104855.818603749,1,OK,0.8540565,0.4439613,-0.0664416,-0.2628143,-82.840,151.800,-1685.624,0.5789869,3,OK,-82.458,151.265,-1686.050,OK,-101.636,219.332,-1614.709,OK,-162.341,199.388,-1674.148
3,Port 0x01: JJH Probe  s/n:3E4C880C,832755352,1781104855.868603749,1,Too Few Markers,-3.697314E28,-3.697314E28,-3.697314E28,-3.697314E28,-3.697314E28,-3.697314E28,-3.697314E28,0.0000000,3,Missing,-3.697314E28,-3.697314E28,-3.697314E28,Missing,-3.697314E28,-3.697314E28,-3.697314E28,Missing,-3.697314E28,-3.697314E28,-3.697314E28,Port 0x02: JJH T tibia tracker  s/n:3E4C8800,832755352,1781104855.868603749,1,OK,0.7288722,0.1967747,0.0379985,-0.6546611,232.148,204.347,-1554.930,0.3855751,3,OK,231.938,204.109,-1555.063,OK,140.670,230.827,-1565.356,OK,219.339,288.792,-1526.840,Port 0x03: JJH Y femur tracker  s/n:3E4C8801,832755352,1781104855.868603749,1,OK,0.8540672,0.4439016,-0.0667902,-0.2627921,-82.871,151.772,-1685.538,0.5580890,3,OK,-82.498,151.254,-1685.948,OK,-101.671,219.320,-1614.655,OK,-162.374,199.376,-1674.138
3,Port 0x01: JJH Probe  s/n:3E4C880C,832755355,1781104855.918603749,1,Too Few Markers,-3.697314E28,-3.697314E28,-3.697314E28,-3.697314E28,-3.697314E28,-3.697314E28,-3.697314E28,0.0000000,3,Missing,-3.697314E28,-3.697314E28,-3.697314E28,Missing,-3.697314E28,-3.697314E28,-3.697314E28,Missing,-3.697314E28,-3.697314E28,-3.697314E28,Port 0x02: JJH T tibia tracker  s/n:3E4C8800,832755355,1781104855.918603749,1,OK,0.7288876,0.1970406,0.0389558,-0.6545077,232.191,204.386,-1555.054,0.3949574,3,OK,231.973,204.138,-1555.193,OK,140.695,230.826,-1565.345,OK,219.357,288.789,-1526.809,Port 0x03: JJH Y femur tracker  s/n:3E4C8801,832755355,1781104855.918603749,1,OK,0.8541312,0.4437927,-0.0667690,-0.2627733,-82.846,151.777,-1685.563,0.5566976,3,OK,-82.467,151.263,-1685.966,OK,-101.648,219.330,-1614.709,OK,-162.353,199.385,-1674.160
3,Port 0x01: JJH Probe  s/n:3E4C880C,832755358,1781104855.968603749,1,Too Few Markers,-3.697314E28,-3.697314E28,-3.697314E28,-3.697314E28,-3.697314E28,-3.697314E28,-3.697314E28,0.0000000,3,Missing,-3.697314E28,-3.697314E28,-3.697314E28,Missing,-3.697314E28,-3.697314E28,-3.697314E28,Missing,-3.697314E28,-3.697314E28,-3.697314E28,Port 0x02: JJH T tibia tracker  s/n:3E4C8800,832755358,1781104855.968603749,1,OK,0.7288741,0.1968320,0.0382374,-0.6546278,232.167,204.348,-1554.927,0.3872616,3,OK,231.948,204.115,-1555.061,OK,140.688,230.815,-1565.319,OK,219.355,288.778,-1526.801,Port 0x03: JJH Y femur tracker  s/n:3E4C8801,832755358,1781104855.968603749,1,OK,0.8541738,0.4436830,-0.0669968,-0.2627622,-82.843,151.755,-1685.526,0.5492154,3,OK,-82.465,151.248,-1685.920,OK,-101.650,219.330,-1614.705,OK,-162.353,199.382,-1674.171
3,Port 0x01: JJH Probe  s/n:3E4C880C,832755361,1781104856.018603749,1,Too Few Markers,-3.697314E28,-3.697314E28,-3.697314E28,-3.697314E28,-3.697314E28,-3.697314E28,-3.697314E28,0.0000000,3,Missing,-3.697314E28,-3.697314E28,-3.697314E28,Missing,-3.697314E28,-3.697314E28,-3.697314E28,Missing,-3.697314E28,-3.697314E28,-3.697314E28,Port 0x02: JJH T tibia tracker  s/n:3E4C8800,832755361,1781104856.018603749,1,OK,0.7288458,0.1968940,0.0379012,-0.6546602,232.178,204.342,-1554.925,0.3822375,3,OK,231.970,204.106,-1555.057,OK,140.701,230.830,-1565.377,OK,219.369,288.784,-1526.834,Port 0x03: JJH Y femur tracker  s/n:3E4C8801,832755361,1781104856.018603749,1,OK,0.8541786,0.4436998,-0.0668748,-0.2627492,-82.840,151.774,-1685.549,0.5504146,3,OK,-82.459,151.268,-1685.939,OK,-101.649,219.334,-1614.730,OK,-162.350,199.393,-1674.166
3,Port 0x01: JJH Probe  s/n:3E4C880C,832755364,1781104856.068603749,1,Too Few Markers,-3.697314E28,-3.697314E28,-3.697314E28,-3.697314E28,-3.697314E28,-3.697314E28,-3.697314E28,0.0000000,3,Missing,-3.697314E28,-3.697314E28,-3.697314E28,Missing,-3.697314E28,-3.697314E28,-3.697314E28,Missing,-3.697314E28,-3.697314E28,-3.697314E28,Port 0x02: JJH T tibia tracker  s/n:3E4C8800,832755364,1781104856.068603749,1,OK,0.7288043,0.1970022,0.0379931,-0.6546685,232.161,204.334,-1554.914,0.3835391,3,OK,231.941,204.104,-1555.047,OK,140.691,230.820,-1565.361,OK,219.363,288.770,-1526.797,Port 0x03: JJH Y femur tracker  s/n:3E4C8801,832755364,1781104856.068603749,1,OK,0.8540898,0.4438802,-0.0667031,-0.2627768,-82.847,151.781,-1685.590,0.5678830,3,OK,-82.464,151.253,-1686.007,OK,-101.647,219.333,-1614.701,OK,-162.361,199.383,-1674.176
3,Port 0x01: JJH Probe  s/n:3E4C880C,832755367,1781104856.118603749,1,Too Few Markers,-3.697314E28,-3.697314E28,-3.697314E28,-3.697314E28,-3.697314E28,-3.697314E28,-3.697314E28,0.0000000,3,Missing,-3.697314E28,-3.697314E28,-3.697314E28,Missing,-3.697314E28,-3.697314E28,-3.697314E28,Missing,-3.697314E28,-3.697314E28,-3.697314E28,Port 0x02: JJH T tibia tracker  s/n:3E4C8800,832755367,1781104856.118603749,1,OK,0.7288340,0.1971268,0.0382180,-0.6545849,232.172,204.332,-1554.904,0.3855982,3,OK,231.961,204.089,-1555.039,OK,140.690,230.806,-1565.325,OK,219.352,288.759,-1526.743,Port 0x03: JJH Y femur tracker  s/n:3E4C8801,832755367,1781104856.118603749,1,OK,0.8541135,0.4437763,-0.0669757,-0.2628059,-82.854,151.756,-1685.521,0.5470526,3,OK,-82.481,151.248,-1685.919,OK,-101.649,219.322,-1614.674,OK,-162.359,199.379,-1674.161
3,Port 0x01: JJH Probe  s/n:3E4C880C,832755370,1781104856.168603749,1,Too Few Markers,-3.697314E28,-3.697314E28,-3.697314E28,-3.697314E28,-3.697314E28,-3.697314E28,-3.697314E28,0.0000000,3,Missing,-3.697314E28,-3.697314E28,-3.697314E28,Missing,-3.697314E28,-3.697314E28,-3.697314E28,Missing,-3.697314E28,-3.697314E28,-3.697314E28,Port 0x02: JJH T tibia tracker  s/n:3E4C8800,832755370,1781104856.168603749,1,OK,0.7288924,0.1967334,0.0380344,-0.6546489,232.176,204.326,-1554.870,0.3819391,3,OK,231.965,204.095,-1555.001,OK,140.693,230.800,-1565.288,OK,219.366,288.764,-1526.783,Port 0x03: JJH Y femur tracker  s/n:3E4C8801,832755370,1781104856.168603749,1,OK,0.8540733,0.4439056,-0.0666009,-0.2628136,-82.846,151.778,-1685.563,0.5745067,3,OK,-82.465,151.246,-1685.987,OK,-101.642,219.326,-1614.662,OK,-162.347,199.377,-1674.122
3,Port 0x01: JJH Probe  s/n:3E4C880C,832755373,1781104856.218603749,1,Too Few Markers,-3.697314E28,-3.697314E28,-3.697314E28,-3.697314E28,-3.697314E28,-3.697314E28,-3.697314E28,0.0000000,3,Missing,-3.697314E28,-3.697314E28,-3.697314E28,Missing,-3.697314E28,-3.697314E28,-3.697314E28,Missing,-3.697314E28,-3.697314E28,-3.697314E28,Port 0x02: JJH T tibia tracker  s/n:3E4C8800,832755373,1781104856.218603749,1,OK,0.7287986,0.1968518,0.0375068,-0.6547482,232.156,204.295,-1554.814,0.3858846,3,OK,231.936,204.070,-1554.945,OK,140.706,230.806,-1565.323,OK,219.363,288.748,-1526.781,Port 0x03: JJH Y femur tracker  s/n:3E4C8801,832755373,1781104856.218603749,1,OK,0.8541532,0.4436831,-0.0669358,-0.2628443,-82.843,151.744,-1685.536,0.5465623,3,OK,-82.465,151.240,-1685.927,OK,-101.629,219.314,-1614.710,OK,-162.347,199.377,-1674.165
3,Port 0x01: JJH Probe  s/n:3E4C880C,832755376,1781104856.268603755,1,Too Few Markers,-3.697314E28,-3.697314E28,-3.697314E28,-3.697314E28,-3.697314E28,-3.697314E28,-3.697314E28,0.0000000,3,Missing,-3.697314E28,-3.697314E28,-3.697314E28,Missing,-3.697314E28,-3.697314E28,-3.697314E28,Missing,-3.697314E28,-3.697314E28,-3.697314E28,Port 0x02: JJH T tibia tracker  s/n:3E4C8800,832755376,1781104856.268603755,1,OK,0.7288446,0.1969307,0.0382509,-0.6546302,232.154,204.321,-1554.919,0.3830270,3,OK,231.936,204.091,-1555.052,OK,140.672,230.792,-1565.318,OK,219.349,288.747,-1526.778,Port 0x03: JJH Y femur tracker  s/n:3E4C8801,832755376,1781104856.268603755,1,OK,0.8540482,0.4439170,-0.0669741,-0.2627810,-82.867,151.761,-1685.551,0.5525926,3,OK,-82.490,151.247,-1685.954,OK,-101.671,219.311,-1614.679,OK,-162.380,199.380,-1674.185
3,Port 0x01: JJH Probe  s/n:3E4C880C,832755379,1781104856.318603755,1,Too Few Markers,-3.697314E28,-3.697314E28,-3.697314E28,-3.697314E28,-3.697314E28,-3.697314E28,-3.697314E28,0.0000000,3,Missing,-3.697314E28,-3.697314E28,-3.697314E28,Missing,-3.697314E28,-3.697314E28,-3.697314E28,Missing,-3.697314E28,-3.697314E28,-3.697314E28,Port 0x02: JJH T tibia tracker  s/n:3E4C8800,832755379,1781104856.318603755,1,OK,0.7288563,0.1969832,0.0384937,-0.6545872,232.177,204.322,-1554.900,0.3858335,3,OK,231.964,204.085,-1555.034,OK,140.688,230.785,-1565.262,OK,219.359,288.737,-1526.723,Port 0x03: JJH Y femur tracker  s/n:3E4C8801,832755379,1781104856.318603755,1,OK,0.8540780,0.4438968,-0.0666374,-0.2628038,-82.846,151.773,-1685.581,0.5723689,3,OK,-82.464,151.246,-1685.998,OK,-101.651,219.316,-1614.697,OK,-162.344,199.377,-1674.139
3,Port 0x01: JJH Probe  s/n:3E4C880C,832755382,1781104856.368603755,1,Too Few Markers,-3.697314E28,-3.697314E28,-3.697314E28,-3.697314E28,-3.697314E28,-3.697314E28,-3.697314E28,0.0000000,3,Missing,-3.697314E28,-3.697314E28,-3.697314E28,Missing,-3.697314E28,-3.697314E28,-3.697314E28,Missing,-3.697314E28,-3.697314E28,-3.697314E28,Port 0x02: JJH T tibia tracker  s/n:3E4C8800,832755382,1781104856.368603755,1,OK,0.7288475,0.1968347,0.0379105,-0.6546757,232.186,204.296,-1554.845,0.3817039,3,OK,231.962,204.074,-1554.976,OK,140.715,230.775,-1565.293,OK,219.389,288.736,-1526.760,Port 0x03: JJH Y femur tracker  s/n:3E4C8801,832755382,1781104856.368603755,1,OK,0.8540758,0.4438583,-0.0672151,-0.2627289,-82.813,151.741,-1685.500,0.5372327,3,OK,-82.439,151.239,-1685.889,OK,-101.622,219.302,-1614.654,OK,-162.338,199.368,-1674.193
3,Port 0x01: JJH Probe  s/n:3E4C880C,832755385,1781104856.418603755,1,Too Few Markers,-3.697314E28,-3.697314E28,-3.697314E28,-3.697314E28,-3.697314E28,-3.697314E28,-3.697314E28,0.0000000,3,Missing,-3.697314E28,-3.697314E28,-3.697314E28,Missing,-3.697314E28,-3.697314E28,-3.697314E28,Missing,-3.697314E28,-3.697314E28,-3.697314E28,Port 0x02: JJH T tibia tracker  s/n:3E4C8800,832755385,1781104856.418603755,1,OK,0.7288588,0.1966969,0.0380304,-0.6546975,232.152,204.295,-1554.850,0.3817680,3,OK,231.932,204.068,-1554.981,OK,140.673,230.772,-1565.265,OK,219.360,288.739,-1526.763,Port 0x03: JJH Y femur tracker  s/n:3E4C8801,832755385,1781104856.418603755,1,OK,0.8541115,0.4437949,-0.0667527,-0.2628376,-82.867,151.747,-1685.548,0.5629157,3,OK,-82.490,151.227,-1685.958,OK,-101.661,219.306,-1614.684,OK,-162.362,199.362,-1674.134
3,Port 0x01: JJH Probe  s/n:3E4C880C,832755388,1781104856.468603754,1,Too Few Markers,-3.697314E28,-3.697314E28,-3.697314E28,-3.697314E28,-3.697314E28,-3.697314E28,-3.697314E28,0.0000000,3,Missing,-3.697314E28,-3.697314E28,-3.697314E28,Missing,-3.697314E28,-3.697314E28,-3.697314E28,Missing,-3.697314E28,-3.697314E28,-3.697314E28,Port 0x02: JJH T tibia tracker  s/n:3E4C8800,832755388,1781104856.468603754,1,OK,0.7288199,0.1970511,0.0384332,-0.6546108,232.176,204.304,-1554.906,0.3893238,3,OK,231.956,204.065,-1555.042,OK,140.696,230.774,-1565.284,OK,219.366,288.727,-1526.725,Port 0x03: JJH Y femur tracker  s/n:3E4C8801,832755388,1781104856.468603754,1,OK,0.8541166,0.4438050,-0.0668590,-0.2627772,-82.844,151.745,-1685.550,0.5519080,3,OK,-82.469,151.235,-1685.949,OK,-101.647,219.300,-1614.699,OK,-162.349,199.358,-1674.163
3,Port 0x01: JJH Probe  s/n:3E4C880C,832755391,1781104856.518603755,1,Too Few Markers,-3.697314E28,-3.697314E28,-3.697314E28,-3.697314E28,-3.697314E28,-3.697314E28,-3.697314E28,0.0000000,3,Missing,-3.697314E28,-3.697314E28,-3.697314E28,Missing,-3.697314E28,-3.697314E28,-3.697314E28,Missing,-3.697314E28,-3.697314E28,-3.697314E28,Port 0x02: JJH T tibia tracker  s/n:3E4C8800,832755391,1781104856.518603755,1,OK,0.7287983,0.1970326,0.0385098,-0.6546359,232.169,204.290,-1554.894,0.3903524,3,OK,231.949,204.052,-1555.030,OK,140.690,230.765,-1565.255,OK,219.363,288.707,-1526.706,Port 0x03: JJH Y femur tracker  s/n:3E4C8801,832755391,1781104856.518603755,1,OK,0.8540961,0.4438226,-0.0668882,-0.2628066,-82.848,151.735,-1685.567,0.5581747,3,OK,-82.470,151.219,-1685.972,OK,-101.651,219.294,-1614.709,OK,-162.350,199.356,-1674.180
3,Port 0x01: JJH Probe  s/n:3E4C880C,832755394,1781104856.568603755,1,Too Few Markers,-3.697314E28,-3.697314E28,-3.697314E28,-3.697314E28,-3.697314E28,-3.697314E28,-3.697314E28,0.0000000,3,Missing,-3.697314E28,-3.697314E28,-3.697314E28,Missing,-3.697314E28,-3.697314E28,-3.697314E28,Missing,-3.697314E28,-3.697314E28,-3.697314E28,Port 0x02: JJH T tibia tracker  s/n:3E4C8800,832755394,1781104856.568603755,1,OK,0.7288315,0.1969333,0.0387291,-0.6546159,232.159,204.300,-1554.935,0.3935030,3,OK,231.936,204.059,-1555.073,OK,140.674,230.760,-1565.252,OK,219.352,288.718,-1526.728,Port 0x03: JJH Y femur tracker  s/n:3E4C8801,832755394,1781104856.568603755,1,OK,0.8541824,0.4436421,-0.0670669,-0.2627852,-82.864,151.724,-1685.532,0.5431697,3,OK,-82.488,151.221,-1685.921,OK,-101.665,219.305,-1614.721,OK,-162.372,199.357,-1674.192
3,Port 0x01: JJH Probe  s/n:3E4C880C,832755397,1781104856.618603755,1,Too Few Markers,-3.697314E28,-3.697314E28,-3.697314E28,-3.697314E28,-3.697314E28,-3.697314E28,-3.697314E28,0.0000000,3,Missing,-3.697314E28,-3.697314E28,-3.697314E28,Missing,-3.697314E28,-3.697314E28,-3.697314E28,Missing,-3.697314E28,-3.697314E28,-3.697314E28,Port 0x02: JJH T tibia tracker  s/n:3E4C8800,832755397,1781104856.618603755,1,OK,0.7288116,0.1969290,0.0387657,-0.6546371,232.181,204.287,-1554.932,0.3903597,3,OK,231.959,204.049,-1555.068,OK,140.694,230.751,-1565.242,OK,219.380,288.699,-1526.722,Port 0x03: JJH Y femur tracker  s/n:3E4C8801,832755397,1781104856.618603755,1,OK,0.8540815,0.4438590,-0.0668840,-0.2627937,-82.843,151.734,-1685.559,0.5490241,3,OK,-82.470,151.225,-1685.958,OK,-101.641,219.283,-1614.697,OK,-162.349,199.348,-1674.178
3,Port 0x01: JJH Probe  s/n:3E4C880C,832755400,1781104856.668603755,1,Too Few Markers,-3.697314E28,-3.697314E28,-3.697314E28,-3.697314E28,-3.697314E28,-3.697314E28,-3.697314E28,0.0000000,3,Missing,-3.697314E28,-3.697314E28,-3.697314E28,Missing,-3.697314E28,-3.697314E28,-3.697314E28,Missing,-3.697314E28,-3.697314E28,-3.697314E28,Port 0x02: JJH T tibia tracker  s/n:3E4C8800,832755400,1781104856.668603755,1,OK,0.7287947,0.1968973,0.0387034,-0.6546692,232.172,204.283,-1554.911,0.3988006,3,OK,231.947,204.038,-1555.051,OK,140.697,230.755,-1565.225,OK,219.374,288.705,-1526.711,Port 0x03: JJH Y femur tracker  s/n:3E4C8801,832755400,1781104856.668603755,1,OK,0.8541018,0.4438469,-0.0667747,-0.2627759,-82.837,151.739,-1685.560,0.5580006,3,OK,-82.460,151.223,-1685.966,OK,-101.639,219.289,-1614.692,OK,-162.346,199.346,-1674.159
3,Port 0x01: JJH Probe  s/n:3E4C880C,832755403,1781104856.718603754,1,Too Few Markers,-3.697314E28,-3.697314E28,-3.697314E28,-3.697314E28,-3.697314E28,-3.697314E28,-3.697314E28,0.0000000,3,Missing,-3.697314E28,-3.697314E28,-3.697314E28,Missing,-3.697314E28,-3.697314E28,-3.697314E28,Missing,-3.697314E28,-3.697314E28,-3.697314E28,Port 0x02: JJH T tibia tracker  s/n:3E4C8800,832755403,1781104856.718603754,1,OK,0.7288221,0.1967852,0.0382063,-0.6547017,232.164,204.265,-1554.841,0.3839075,3,OK,231.947,204.035,-1554.973,OK,140.685,230.748,-1565.231,OK,219.371,288.698,-1526.722,Port 0x03: JJH Y femur tracker  s/n:3E4C8801,832755403,1781104856.718603754,1,OK,0.8541606,0.4436473,-0.0671223,-0.2628333,-82.851,151.711,-1685.526,0.5437462,3,OK,-82.473,151.208,-1685.914,OK,-101.647,219.293,-1614.718,OK,-162.354,199.357,-1674.189
3,Port 0x01: JJH Probe  s/n:3E4C880C,832755406,1781104856.768603755,1,Too Few Markers,-3.697314E28,-3.697314E28,-3.697314E28,-3.697314E28,-3.697314E28,-3.697314E28,-3.697314E28,0.0000000,3,Missing,-3.697314E28,-3.697314E28,-3.697314E28,Missing,-3.697314E28,-3.697314E28,-3.697314E28,Missing,-3.697314E28,-3.697314E28,-3.697314E28,Port 0x02: JJH T tibia tracker  s/n:3E4C8800,832755406,1781104856.768603755,1,OK,0.7287737,0.1971279,0.0382866,-0.6546478,232.154,204.268,-1554.849,0.3888773,3,OK,231.925,204.033,-1554.986,OK,140.683,230.745,-1565.259,OK,219.358,288.698,-1526.675,Port 0x03: JJH Y femur tracker  s/n:3E4C8801,832755406,1781104856.768603755,1,OK,0.8540893,0.4438362,-0.0668777,-0.2628083,-82.860,151.731,-1685.545,0.5527375,3,OK,-82.483,151.219,-1685.946,OK,-101.656,219.285,-1614.684,OK,-162.368,199.349,-1674.161
3,Port 0x01: JJH Probe  s/n:3E4C880C,832755409,1781104856.818603755,1,Too Few Markers,-3.697314E28,-3.697314E28,-3.697314E28,-3.697314E28,-3.697314E28,-3.697314E28,-3.697314E28,0.0000000,3,Missing,-3.697314E28,-3.697314E28,-3.697314E28,Missing,-3.697314E28,-3.697314E28,-3.697314E28,Missing,-3.697314E28,-3.697314E28,-3.697314E28,Port 0x02: JJH T tibia tracker  s/n:3E4C8800,832755409,1781104856.818603755,1,OK,0.7287877,0.1970175,0.0386029,-0.6546468,232.159,204.282,-1554.896,0.3855991,3,OK,231.939,204.045,-1555.031,OK,140.671,230.753,-1565.242,OK,219.364,288.701,-1526.694,Port 0x03: JJH Y femur tracker  s/n:3E4C8801,832755409,1781104856.818603755,1,OK,0.8539191,0.4441808,-0.0667963,-0.2627999,-82.856,151.761,-1685.614,0.5677522,3,OK,-82.481,151.229,-1686.041,OK,-101.654,219.287,-1614.663,OK,-162.369,199.357,-1674.212
3,Port 0x01: JJH Probe  s/n:3E4C880C,832755412,1781104856.868603755,1,Too Few Markers,-3.697314E28,-3.697314E28,-3.697314E28,-3.697314E28,-3.697314E28,-3.697314E28,-3.697314E28,0.0000000,3,Missing,-3.697314E28,-3.697314E28,-3.697314E28,Missing,-3.697314E28,-3.697314E28,-3.697314E28,Missing,-3.697314E28,-3.697314E28,-3.697314E28,Port 0x02: JJH T tibia tracker  s/n:3E4C8800,832755412,1781104856.868603755,1,OK,0.7288172,0.1966848,0.0383074,-0.6547313,232.157,204.261,-1554.820,0.3950126,3,OK,231.925,204.026,-1554.957,OK,140.690,230.738,-1565.183,OK,219.373,288.704,-1526.694,Port 0x03: JJH Y femur tracker  s/n:3E4C8801,832755412,1781104856.868603755,1,OK,0.8541014,0.4438141,-0.0668915,-0.2628030,-82.838,151.739,-1685.562,0.5547158,3,OK,-82.463,151.225,-1685.966,OK,-101.637,219.299,-1614.703,OK,-162.343,199.357,-1674.181
3,Port 0x01: JJH Probe  s/n:3E4C880C,832755415,1781104856.918603755,1,Too Few Markers,-3.697314E28,-3.697314E28,-3.697314E28,-3.697314E28,-3.697314E28,-3.697314E28,-3.697314E28,0.0000000,3,Missing,-3.697314E28,-3.697314E28,-3.697314E28,Missing,-3.697314E28,-3.697314E28,-3.697314E28,Missing,-3.697314E28,-3.697314E28,-3.697314E28,Port 0x02: JJH T tibia tracker  s/n:3E4C8800,832755415,1781104856.918603755,1,OK,0.7287616,0.1971411,0.0385667,-0.6546407,232.169,204.273,-1554.860,0.3868895,3,OK,231.949,204.039,-1554.995,OK,140.689,230.753,-1565.221,OK,219.369,288.683,-1526.651,Port 0x03: JJH Y femur tracker  s/n:3E4C8801,832755415,1781104856.918603755,1,OK,0.8541040,0.4438446,-0.0666524,-0.2628038,-82.844,151.743,-1685.555,0.5661587,3,OK,-82.465,151.220,-1685.968,OK,-101.642,219.291,-1614.679,OK,-162.344,199.346,-1674.124
3,Port 0x01: JJH Probe  s/n:3E4C880C,832755418,1781104856.968603754,1,Too Few Markers,-3.697314E28,-3.697314E28,-3.697314E28,-3.697314E28,-3.697314E28,-3.697314E28,-3.697314E28,0.0000000,3,Missing,-3.697314E28,-3.697314E28,-3.697314E28,Missing,-3.697314E28,-3.697314E28,-3.697314E28,Missing,-3.697314E28,-3.697314E28,-3.697314E28,Port 0x02: JJH T tibia tracker  s/n:3E4C8800,832755418,1781104856.968603754,1,OK,0.7287818,0.1970454,0.0385952,-0.6546454,232.149,204.282,-1554.863,0.3837725,3,OK,231.931,204.046,-1554.998,OK,140.660,230.755,-1565.213,OK,219.353,288.696,-1526.661,Port 0x03: JJH Y femur tracker  s/n:3E4C8801,832755418,1781104856.968603754,1,OK,0.8541470,0.4437108,-0.0669394,-0.2628170,-82.868,151.732,-1685.545,0.5515132,3,OK,-82.493,151.222,-1685.944,OK,-101.665,219.305,-1614.710,OK,-162.367,199.358,-1674.174
3,Port 0x01: JJH Probe  s/n:3E4C880C,832755421,1781104857.018603755,1,Too Few Markers,-3.697314E28,-3.697314E28,-3.697314E28,-3.697314E28,-3.697314E28,-3.697314E28,-3.697314E28,0.0000000,3,Missing,-3.697314E28,-3.697314E28,-3.697314E28,Missing,-3.697314E28,-3.697314E28,-3.697314E28,Missing,-3.697314E28,-3.697314E28,-3.697314E28,Port 0x02: JJH T tibia tracker  s/n:3E4C8800,832755421,1781104857.018603755,1,OK,0.7287600,0.1970178,0.0383728,-0.6546910,232.155,204.260,-1554.787,0.3875794,3,OK,231.938,204.022,-1554.921,OK,140.678,230.751,-1565.167,OK,219.361,288.685,-1526.616,Port 0x03: JJH Y femur tracker  s/n:3E4C8801,832755421,1781104857.018603755,1,OK,0.8541457,0.4437251,-0.0670471,-0.2627695,-82.841,151.734,-1685.542,0.5429193,3,OK,-82.465,151.232,-1685.930,OK,-101.646,219.300,-1614.721,OK,-162.353,199.363,-1674.196
3,Port 0x01: JJH Probe  s/n:3E4C880C,832755424,1781104857.068603755,1,Too Few Markers,-3.697314E28,-3.697314E28,-3.697314E28,-3.697314E28,-3.697314E28,-3.697314E28,-3.697314E28,0.0000000,3,Missing,-3.697314E28,-3.697314E28,-3.697314E28,Missing,-3.697314E28,-3.697314E28,-3.697314E28,Missing,-3.697314E28,-3.697314E28,-3.697314E28,Port 0x02: JJH T tibia tracker  s/n:3E4C8800,832755424,1781104857.068603755,1,OK,0.7288019,0.1968868,0.0380787,-0.6547010,232.169,204.265,-1554.781,0.3818960,3,OK,231.949,204.041,-1554.911,OK,140.697,230.753,-1565.201,OK,219.378,288.694,-1526.668,Port 0x03: JJH Y femur tracker  s/n:3E4C8801,832755424,1781104857.068603755,1,OK,0.8540719,0.4438408,-0.0670307,-0.2628183,-82.832,151.743,-1685.538,0.5543410,3,OK,-82.454,151.227,-1685.943,OK,-101.631,219.308,-1614.678,OK,-162.339,199.373,-1674.182
3,Port 0x01: JJH Probe  s/n:3E4C880C,832755427,1781104857.118603755,1,Too Few Markers,-3.697314E28,-3.697314E28,-3.697314E28,-3.697314E28,-3.697314E28,-3.697314E28,-3.697314E28,0.0000000,3,Missing,-3.697314E28,-3.697314E28,-3.697314E28,Missing,-3.697314E28,-3.697314E28,-3.697314E28,Missing,-3.697314E28,-3.697314E28,-3.697314E28,Port 0x02: JJH T tibia tracker  s/n:3E4C8800,832755427,1781104857.118603755,1,OK,0.7288010,0.1968880,0.0383171,-0.6546877,232.155,204.286,-1554.827,0.3865962,3,OK,231.934,204.058,-1554.960,OK,140.680,230.769,-1565.207,OK,219.360,288.710,-1526.683,Port 0x03: JJH Y femur tracker  s/n:3E4C8801,832755427,1781104857.118603755,1,OK,0.8541785,0.4437172,-0.0667389,-0.2627548,-82.849,151.754,-1685.530,0.5542119,3,OK,-82.469,151.244,-1685.927,OK,-101.651,219.311,-1614.693,OK,-162.358,199.361,-1674.125
3,Port 0x01: JJH Probe  s/n:3E4C880C,832755430,1781104857.168603755,1,Too Few Markers,-3.697314E28,-3.697314E28,-3.697314E28,-3.697314E28,-3.697314E28,-3.697314E28,-3.697314E28,0.0000000,3,Missing,-3.697314E28,-3.697314E28,-3.697314E28,Missing,-3.697314E28,-3.697314E28,-3.697314E28,Missing,-3.697314E28,-3.697314E28,-3.697314E28,Port 0x02: JJH T tibia tracker  s/n:3E4C8800,832755430,1781104857.168603755,1,OK,0.7287908,0.1969411,0.0384673,-0.6546743,232.155,204.285,-1554.823,0.3824297,3,OK,231.944,204.052,-1554.955,OK,140.669,230.768,-1565.182,OK,219.358,288.699,-1526.653,Port 0x03: JJH Y femur tracker  s/n:3E4C8801,832755430,1781104857.168603755,1,OK,0.8540625,0.4439331,-0.0665500,-0.2628149,-82.860,151.776,-1685.605,0.5687730,3,OK,-82.485,151.249,-1686.025,OK,-101.652,219.315,-1614.698,OK,-162.360,199.367,-1674.155
3,Port 0x01: JJH Probe  s/n:3E4C880C,832755433,1781104857.218603754,1,Too Few Markers,-3.697314E28,-3.697314E28,-3.697314E28,-3.697314E28,-3.697314E28,-3.697314E28,-3.697314E28,0.0000000,3,Missing,-3.697314E28,-3.697314E28,-3.697314E28,Missing,-3.697314E28,-3.697314E28,-3.697314E28,Missing,-3.697314E28,-3.697314E28,-3.697314E28,Port 0x02: JJH T tibia tracker  s/n:3E4C8800,832755433,1781104857.218603754,1,OK,0.7287977,0.1968489,0.0382938,-0.6547045,232.159,204.289,-1554.806,0.3875746,3,OK,231.941,204.055,-1554.939,OK,140.684,230.775,-1565.185,OK,219.366,288.718,-1526.668,Port 0x03: JJH Y femur tracker  s/n:3E4C8801,832755433,1781104857.218603754,1,OK,0.8541043,0.4438806,-0.0664967,-0.2627815,-82.844,151.783,-1685.601,0.5695250,3,OK,-82.468,151.259,-1686.018,OK,-101.646,219.320,-1614.713,OK,-162.341,199.370,-1674.140
3,Port 0x01: JJH Probe  s/n:3E4C880C,832755436,1781104857.268603748,1,Too Few Markers,-3.697314E28,-3.697314E28,-3.697314E28,-3.697314E28,-3.697314E28,-3.697314E28,-3.697314E28,0.0000000,3,Missing,-3.697314E28,-3.697314E28,-3.697314E28,Missing,-3.697314E28,-3.697314E28,-3.697314E28,Missing,-3.697314E28,-3.697314E28,-3.697314E28,Port 0x02: JJH T tibia tracker  s/n:3E4C8800,832755436,1781104857.268603748,1,OK,0.7288310,0.1967082,0.0384348,-0.6547015,232.152,204.288,-1554.815,0.3891052,3,OK,231.937,204.053,-1554.949,OK,140.672,230.768,-1565.158,OK,219.356,288.714,-1526.677,Port 0x03: JJH Y femur tracker  s/n:3E4C8801,832755436,1781104857.268603748,1,OK,0.8541985,0.4436428,-0.0670547,-0.2627349,-82.843,151.750,-1685.529,0.5437044,3,OK,-82.463,151.249,-1685.913,OK,-101.656,219.323,-1614.730,OK,-162.357,199.380,-1674.185
3,Port 0x01: JJH Probe  s/n:3E4C880C,832755439,1781104857.318603749,1,Too Few Markers,-3.697314E28,-3.697314E28,-3.697314E28,-3.697314E28,-3.697314E28,-3.697314E28,-3.697314E28,0.0000000,3,Missing,-3.697314E28,-3.697314E28,-3.697314E28,Missing,-3.697314E28,-3.697314E28,-3.697314E28,Missing,-3.697314E28,-3.697314E28,-3.697314E28,Port 0x02: JJH T tibia tracker  s/n:3E4C8800,832755439,1781104857.318603749,1,OK,0.7287749,0.1970037,0.0387528,-0.6546563,232.166,204.299,-1554.839,0.3883976,3,OK,231.948,204.060,-1554.975,OK,140.679,230.773,-1565.157,OK,219.370,288.709,-1526.621,Port 0x03: JJH Y femur tracker  s/n:3E4C8801,832755439,1781104857.318603749,1,OK,0.8541378,0.4437299,-0.0670018,-0.2627987,-82.839,151.756,-1685.555,0.5438336,3,OK,-82.464,151.254,-1685.944,OK,-101.639,219.320,-1614.730,OK,-162.344,199.386,-1674.196
3,Port 0x01: JJH Probe  s/n:3E4C880C,832755442,1781104857.368603749,1,Too Few Markers,-3.697314E28,-3.697314E28,-3.697314E28,-3.697314E28,-3.697314E28,-3.697314E28,-3.697314E28,0.0000000,3,Missing,-3.697314E28,-3.697314E28,-3.697314E28,Missing,-3.697314E28,-3.697314E28,-3.697314E28,Missing,-3.697314E28,-3.697314E28,-3.697314E28,Port 0x02: JJH T tibia tracker  s/n:3E4C8800,832755442,1781104857.368603749,1,OK,0.7288284,0.1967313,0.0385823,-0.6546887,232.158,204.296,-1554.826,0.3914160,3,OK,231.939,204.061,-1554.960,OK,140.677,230.771,-1565.146,OK,219.360,288.715,-1526.666,Port 0x03: JJH Y femur tracker  s/n:3E4C8801,832755442,1781104857.368603749,1,OK,0.8540619,0.4438489,-0.0673392,-0.2627581,-82.834,151.748,-1685.496,0.5361509,3,OK,-82.460,151.249,-1685.883,OK,-101.647,219.314,-1614.663,OK,-162.353,199.391,-1674.205
3,Port 0x01: JJH Probe  s/n:3E4C880C,832755445,1781104857.418603749,1,Too Few Markers,-3.697314E28,-3.697314E28,-3.697314E28,-3.697314E28,-3.697314E28,-3.697314E28,-3.697314E28,0.0000000,3,Missing,-3.697314E28,-3.697314E28,-3.697314E28,Missing,-3.697314E28,-3.697314E28,-3.697314E28,Missing,-3.697314E28,-3.697314E28,-3.697314E28,Port 0x02: JJH T tibia tracker  s/n:3E4C8800,832755445,1781104857.418603749,1,OK,0.7287941,0.1969201,0.0383783,-0.6546821,232.155,204.294,-1554.825,0.3831083,3,OK,231.941,204.064,-1554.957,OK,140.673,230.779,-1565.197,OK,219.359,288.713,-1526.669,Port 0x03: JJH Y femur tracker  s/n:3E4C8801,832755445,1781104857.418603749,1,OK,0.8540463,0.4439132,-0.0670191,-0.2627819,-82.845,151.767,-1685.543,0.5528098,3,OK,-82.467,151.251,-1685.948,OK,-101.646,219.323,-1614.667,OK,-162.362,199.388,-1674.190
3,Port 0x01: JJH Probe  s/n:3E4C880C,832755448,1781104857.468603748,1,Too Few Markers,-3.697314E28,-3.697314E28,-3.697314E28,-3.697314E28,-3.697314E28,-3.697314E28,-3.697314E28,0.0000000,3,Missing,-3.697314E28,-3.697314E28,-3.697314E28,Missing,-3.697314E28,-3.697314E28,-3.697314E28,Missing,-3.697314E28,-3.697314E28,-3.697314E28,Port 0x02: JJH T tibia tracker  s/n:3E4C8800,832755448,1781104857.468603748,1,OK,0.7287910,0.1969919,0.0385867,-0.6546518,232.171,204.304,-1554.848,0.3854772,3,OK,231.957,204.066,-1554.981,OK,140.683,230.782,-1565.192,OK,219.370,288.717,-1526.655,Port 0x03: JJH Y femur tracker  s/n:3E4C8801,832755448,1781104857.468603748,1,OK,0.8540200,0.4439670,-0.0670011,-0.2627813,-82.835,151.763,-1685.538,0.5504971,3,OK,-82.462,151.249,-1685.943,OK,-101.638,219.310,-1614.654,OK,-162.347,199.378,-1674.179
3,Port 0x01: JJH Probe  s/n:3E4C880C,832755451,1781104857.518603748,1,Too Few Markers,-3.697314E28,-3.697314E28,-3.697314E28,-3.697314E28,-3.697314E28,-3.697314E28,-3.697314E28,0.0000000,3,Missing,-3.697314E28,-3.697314E28,-3.697314E28,Missing,-3.697314E28,-3.697314E28,-3.697314E28,Missing,-3.697314E28,-3.697314E28,-3.697314E28,Port 0x02: JJH T tibia tracker  s/n:3E4C8800,832755451,1781104857.518603748,1,OK,0.7287539,0.1970742,0.0380715,-0.6546984,232.146,204.285,-1554.789,0.3798357,3,OK,231.934,204.055,-1554.920,OK,140.671,230.786,-1565.226,OK,219.353,288.713,-1526.654,Port 0x03: JJH Y femur tracker  s/n:3E4C8801,832755451,1781104857.518603748,1,OK,0.8540216,0.4439430,-0.0670368,-0.2628076,-82.857,151.760,-1685.531,0.5507533,3,OK,-82.485,151.247,-1685.935,OK,-101.659,219.313,-1614.653,OK,-162.363,199.383,-1674.175
3,Port 0x01: JJH Probe  s/n:3E4C880C,832755454,1781104857.568603749,1,Too Few Markers,-3.697314E28,-3.697314E28,-3.697314E28,-3.697314E28,-3.697314E28,-3.697314E28,-3.697314E28,0.0000000,3,Missing,-3.697314E28,-3.697314E28,-3.697314E28,Missing,-3.697314E28,-3.697314E28,-3.697314E28,Missing,-3.697314E28,-3.697314E28,-3.697314E28,Port 0x02: JJH T tibia tracker  s/n:3E4C8800,832755454,1781104857.568603749,1,OK,0.7287891,0.1970873,0.0385057,-0.6546299,232.163,204.302,-1554.813,0.3833313,3,OK,231.941,204.075,-1554.945,OK,140.681,230.775,-1565.181,OK,219.362,288.709,-1526.621,Port 0x03: JJH Y femur tracker  s/n:3E4C8801,832755454,1781104857.568603749,1,OK,0.8541492,0.4437136,-0.0670660,-0.2627727,-82.842,151.750,-1685.501,0.5448160,3,OK,-82.465,151.247,-1685.891,OK,-101.650,219.320,-1614.683,OK,-162.351,199.383,-1674.156
3,Port 0x01: JJH Probe  s/n:3E4C880C,832755457,1781104857.618603749,1,Too Few Markers,-3.697314E28,-3.697314E28,-3.697314E28,-3.697314E28,-3.697314E28,-3.697314E28,-3.697314E28,0.0000000,3,Missing,-3.697314E28,-3.697314E28,-3.697314E28,Missing,-3.697314E28,-3.697314E28,-3.697314E28,Missing,-3.697314E28,-3.697314E28,-3.697314E28,Port 0x02: JJH T tibia tracker  s/n:3E4C8800,832755457,1781104857.618603749,1,OK,0.7287843,0.1970135,0.0386574,-0.6546486,232.179,204.288,-1554.814,0.3860465,3,OK,231.965,204.052,-1554.948,OK,140.692,230.766,-1565.148,OK,219.377,288.696,-1526.611,Port 0x03: JJH Y femur tracker  s/n:3E4C8801,832755457,1781104857.618603749,1,OK,0.8540055,0.4440198,-0.0666262,-0.2628345,-82.842,151.784,-1685.626,0.5667017,3,OK,-82.469,151.258,-1686.045,OK,-101.635,219.314,-1614.709,OK,-162.339,199.380,-1674.185
3,Port 0x01: JJH Probe  s/n:3E4C880C,832755460,1781104857.668603749,1,Too Few Markers,-3.697314E28,-3.697314E28,-3.697314E28,-3.697314E28,-3.697314E28,-3.697314E28,-3.697314E28,0.0000000,3,Missing,-3.697314E28,-3.697314E28,-3.697314E28,Missing,-3.697314E28,-3.697314E28,-3.697314E28,Missing,-3.697314E28,-3.697314E28,-3.697314E28,Port 0x02: JJH T tibia tracker  s/n:3E4C8800,832755460,1781104857.668603749,1,OK,0.7288099,0.1968550,0.0385357,-0.6546749,232.150,204.287,-1554.797,0.3906711,3,OK,231.938,204.046,-1554.932,OK,140.668,230.768,-1565.135,OK,219.348,288.708,-1526.627,Port 0x03: JJH Y femur tracker  s/n:3E4C8801,832755460,1781104857.668603749,1,OK,0.8540493,0.4439272,-0.0666851,-0.2628337,-82.861,151.779,-1685.590,0.5673448,3,OK,-82.488,151.253,-1686.010,OK,-101.656,219.326,-1614.690,OK,-162.355,199.381,-1674.163
3,Port 0x01: JJH Probe  s/n:3E4C880C,832755463,1781104857.718603748,1,Too Few Markers,-3.697314E28,-3.697314E28,-3.697314E28,-3.697314E28,-3.697314E28,-3.697314E28,-3.697314E28,0.0000000,3,Missing,-3.697314E28,-3.697314E28,-3.697314E28,Missing,-3.697314E28,-3.697314E28,-3.697314E28,Missing,-3.697314E28,-3.697314E28,-3.697314E28,Port 0x02: JJH T tibia tracker  s/n:3E4C8800,832755463,1781104857.718603748,1,OK,0.7287596,0.1970471,0.0389498,-0.6546486,232.154,204.292,-1554.862,0.3905884,3,OK,231.938,204.052,-1554.998,OK,140.665,230.767,-1565.148,OK,219.354,288.691,-1526.615,Port 0x03: JJH Y femur tracker  s/n:3E4C8801,832755463,1781104857.718603748,1,OK,0.8541309,0.4437824,-0.0667265,-0.2628026,-82.851,151.765,-1685.561,0.5628990,3,OK,-82.465,151.245,-1685.965,OK,-101.649,219.317,-1614.706,OK,-162.359,199.379,-1674.144
3,Port 0x01: JJH Probe  s/n:3E4C880C,832755466,1781104857.768603748,1,Too Few Markers,-3.697314E28,-3.697314E28,-3.697314E28,-3.697314E28,-3.697314E28,-3.697314E28,-3.697314E28,0.0000000,3,Missing,-3.697314E28,-3.697314E28,-3.697314E28,Missing,-3.697314E28,-3.697314E28,-3.697314E28,Missing,-3.697314E28,-3.697314E28,-3.697314E28,Port 0x02: JJH T tibia tracker  s/n:3E4C8800,832755466,1781104857.768603748,1,OK,0.7287719,0.1969423,0.0384007,-0.6546989,232.166,204.276,-1554.790,0.3881739,3,OK,231.947,204.047,-1554.922,OK,140.694,230.768,-1565.157,OK,219.371,288.691,-1526.630,Port 0x03: JJH Y femur tracker  s/n:3E4C8801,832755466,1781104857.768603748,1,OK,0.8541211,0.4437498,-0.0671570,-0.2627797,-82.835,151.741,-1685.523,0.5400729,3,OK,-82.459,151.239,-1685.911,OK,-101.635,219.313,-1614.694,OK,-162.353,199.376,-1674.201
3,Port 0x01: JJH Probe  s/n:3E4C880C,832755469,1781104857.818603749,1,Too Few Markers,-3.697314E28,-3.697314E28,-3.697314E28,-3.697314E28,-3.697314E28,-3.697314E28,-3.697314E28,0.0000000,3,Missing,-3.697314E28,-3.697314E28,-3.697314E28,Missing,-3.697314E28,-3.697314E28,-3.697314E28,Missing,-3.697314E28,-3.697314E28,-3.697314E28,Port 0x02: JJH T tibia tracker  s/n:3E4C8800,832755469,1781104857.818603749,1,OK,0.7287878,0.1972697,0.0392478,-0.6545324,232.178,204.301,-1554.908,0.3905103,3,OK,231.964,204.058,-1555.044,OK,140.678,230.756,-1565.166,OK,219.354,288.677,-1526.599,Port 0x03: JJH Y femur tracker  s/n:3E4C8801,832755469,1781104857.818603749,1,OK,0.8542883,0.4434518,-0.0669359,-0.2627958,-82.850,151.728,-1685.502,0.5469134,3,OK,-82.465,151.228,-1685.882,OK,-101.647,219.316,-1614.733,OK,-162.359,199.368,-1674.134
3,Port 0x01: JJH Probe  s/n:3E4C880C,832755472,1781104857.868603749,1,Too Few Markers,-3.697314E28,-3.697314E28,-3.697314E28,-3.697314E28,-3.697314E28,-3.697314E28,-3.697314E28,0.0000000,3,Missing,-3.697314E28,-3.697314E28,-3.697314E28,Missing,-3.697314E28,-3.697314E28,-3.697314E28,Missing,-3.697314E28,-3.697314E28,-3.697314E28,Port 0x02: JJH T tibia tracker  s/n:3E4C8800,832755472,1781104857.868603749,1,OK,0.7287840,0.1969882,0.0385329,-0.6546638,232.167,204.269,-1554.790,0.3833239,3,OK,231.948,204.043,-1554.921,OK,140.685,230.748,-1565.143,OK,219.370,288.675,-1526.607,Port 0x03: JJH Y femur tracker  s/n:3E4C8801,832755472,1781104857.868603749,1,OK,0.8541479,0.4437096,-0.0668496,-0.2628391,-82.848,151.736,-1685.512,0.5564486,3,OK,-82.465,151.223,-1685.910,OK,-101.641,219.300,-1614.679,OK,-162.351,199.366,-1674.118
3,Port 0x01: JJH Probe  s/n:3E4C880C,832755475,1781104857.918603749,1,Too Few Markers,-3.697314E28,-3.697314E28,-3.697314E28,-3.697314E28,-3.697314E28,-3.697314E28,-3.697314E28,0.0000000,3,Missing,-3.697314E28,-3.697314E28,-3.697314E28,Missing,-3.697314E28,-3.697314E28,-3.697314E28,Missing,-3.697314E28,-3.697314E28,-3.697314E28,Port 0x02: JJH T tibia tracker  s/n:3E4C8800,832755475,1781104857.918603749,1,OK,0.7287852,0.1968928,0.0386735,-0.6546829,232.160,204.259,-1554.787,0.3907152,3,OK,231.941,204.023,-1554.921,OK,140.679,230.738,-1565.105,OK,219.364,288.670,-1526.595,Port 0x03: JJH Y femur tracker  s/n:3E4C8801,832755475,1781104857.918603749,1,OK,0.8540219,0.4439422,-0.0667755,-0.2628743,-82.856,151.753,-1685.579,0.5628624,3,OK,-82.481,151.230,-1685.994,OK,-101.640,219.301,-1614.678,OK,-162.356,199.368,-1674.168
3,Port 0x01: JJH Probe  s/n:3E4C880C,832755478,1781104857.968603748,1,Too Few Markers,-3.697314E28,-3.697314E28,-3.697314E28,-3.697314E28,-3.697314E28,-3.697314E28,-3.697314E28,0.0000000,3,Missing,-3.697314E28,-3.697314E28,-3.697314E28,Missing,-3.697314E28,-3.697314E28,-3.697314E28,Missing,-3.697314E28,-3.697314E28,-3.697314E28,Port 0x02: JJH T tibia tracker  s/n:3E4C8800,832755478,1781104857.968603748,1,OK,0.7287534,0.1970097,0.0384512,-0.6546963,232.151,204.252,-1554.783,0.3923358,3,OK,231.928,204.017,-1554.918,OK,140.682,230.743,-1565.147,OK,219.356,288.669,-1526.606,Port 0x03: JJH Y femur tracker  s/n:3E4C8801,832755478,1781104857.968603748,1,OK,0.8540940,0.4438477,-0.0668272,-0.2627867,-82.841,151.746,-1685.515,0.5554088,3,OK,-82.464,151.232,-1685.918,OK,-101.642,219.296,-1614.652,OK,-162.347,199.358,-1674.121
3,Port 0x01: JJH Probe  s/n:3E4C880C,832755481,1781104858.018603748,1,Too Few Markers,-3.697314E28,-3.697314E28,-3.697314E28,-3.697314E28,-3.697314E28,-3.697314E28,-3.697314E28,0.0000000,3,Missing,-3.697314E28,-3.697314E28,-3.697314E28,Missing,-3.697314E28,-3.697314E28,-3.697314E28,Missing,-3.697314E28,-3.697314E28,-3.697314E28,Port 0x02: JJH T tibia tracker  s/n:3E4C8800,832755481,1781104858.018603748,1,OK,0.7287373,0.1972054,0.0387643,-0.6546368,232.165,204.259,-1554.795,0.3872378,3,OK,231.944,204.026,-1554.929,OK,140.682,230.740,-1565.126,OK,219.364,288.655,-1526.555,Port 0x03: JJH Y femur tracker  s/n:3E4C8801,832755481,1781104858.018603748,1,OK,0.8541738,0.4436595,-0.0668381,-0.2628423,-82.846,151.733,-1685.525,0.5517223,3,OK,-82.471,151.226,-1685.921,OK,-101.638,219.302,-1614.702,OK,-162.338,199.359,-1674.130
3,Port 0x01: JJH Probe  s/n:3E4C880C,832755484,1781104858.068603749,1,Too Few Markers,-3.697314E28,-3.697314E28,-3.697314E28,-3.697314E28,-3.697314E28,-3.697314E28,-3.697314E28,0.0000000,3,Missing,-3.697314E28,-3.697314E28,-3.697314E28,Missing,-3.697314E28,-3.697314E28,-3.697314E28,Missing,-3.697314E28,-3.697314E28,-3.697314E28,Port 0x02: JJH T tibia tracker  s/n:3E4C8800,832755484,1781104858.068603749,1,OK,0.7286965,0.1975225,0.0389418,-0.6545761,232.148,204.262,-1554.813,0.3886784,3,OK,231.927,204.026,-1554.948,OK,140.666,230.741,-1565.142,OK,219.337,288.642,-1526.512,Port 0x03: JJH Y femur tracker  s/n:3E4C8801,832755484,1781104858.068603749,1,OK,0.8540382,0.4439127,-0.0669187,-0.2628348,-82.861,151.739,-1685.536,0.5602652,3,OK,-82.482,151.218,-1685.947,OK,-101.657,219.293,-1614.656,OK,-162.368,199.363,-1674.154
3,Port 0x01: JJH Probe  s/n:3E4C880C,832755487,1781104858.118603749,1,Too Few Markers,-3.697314E28,-3.697314E28,-3.697314E28,-3.697314E28,-3.697314E28,-3.697314E28,-3.697314E28,0.0000000,3,Missing,-3.697314E28,-3.697314E28,-3.697314E28,Missing,-3.697314E28,-3.697314E28,-3.697314E28,Missing,-3.697314E28,-3.697314E28,-3.697314E28,Port 0x02: JJH T tibia tracker  s/n:3E4C8800,832755487,1781104858.118603749,1,OK,0.7287096,0.1971763,0.0382017,-0.6547094,232.146,204.236,-1554.726,0.3820148,3,OK,231.926,204.011,-1554.857,OK,140.678,230.741,-1565.148,OK,219.358,288.651,-1526.563,Port 0x03: JJH Y femur tracker  s/n:3E4C8801,832755487,1781104858.118603749,1,OK,0.8541176,0.4437691,-0.0670828,-0.2627775,-82.843,151.730,-1685.518,0.5442480,3,OK,-82.466,151.226,-1685.908,OK,-101.649,219.293,-1614.689,OK,-162.353,199.362,-1674.174
3,Port 0x01: JJH Probe  s/n:3E4C880C,832755490,1781104858.168603749,1,Too Few Markers,-3.697314E28,-3.697314E28,-3.697314E28,-3.697314E28,-3.697314E28,-3.697314E28,-3.697314E28,0.0000000,3,Missing,-3.697314E28,-3.697314E28,-3.697314E28,Missing,-3.697314E28,-3.697314E28,-3.697314E28,Missing,-3.697314E28,-3.697314E28,-3.697314E28,Port 0x02: JJH T tibia tracker  s/n:3E4C8800,832755490,1781104858.168603749,1,OK,0.7287620,0.1969524,0.0384623,-0.6547032,232.164,204.243,-1554.768,0.3869961,3,OK,231.941,204.014,-1554.901,OK,140.689,230.730,-1565.127,OK,219.375,288.659,-1526.596,Port 0x03: JJH Y femur tracker  s/n:3E4C8801,832755490,1781104858.168603749,1,OK,0.8541100,0.4437816,-0.0670154,-0.2627981,-82.837,151.737,-1685.547,0.5493694,3,OK,-82.459,151.228,-1685.943,OK,-101.639,219.301,-1614.707,OK,-162.345,199.367,-1674.189
3,Port 0x01: JJH Probe  s/n:3E4C880C,832755493,1781104858.218603748,1,Too Few Markers,-3.697314E28,-3.697314E28,-3.697314E28,-3.697314E28,-3.697314E28,-3.697314E28,-3.697314E28,0.0000000,3,Missing,-3.697314E28,-3.697314E28,-3.697314E28,Missing,-3.697314E28,-3.697314E28,-3.697314E28,Missing,-3.697314E28,-3.697314E28,-3.697314E28,Port 0x02: JJH T tibia tracker  s/n:3E4C8800,832755493,1781104858.218603748,1,OK,0.7287305,0.1970940,0.0389033,-0.6546696,232.140,204.250,-1554.895,0.3903469,3,OK,231.921,204.010,-1555.031,OK,140.654,230.731,-1565.192,OK,219.347,288.652,-1526.646,Port 0x03: JJH Y femur tracker  s/n:3E4C8801,832755493,1781104858.218603748,1,OK,0.8541143,0.4438232,-0.0666867,-0.2627977,-82.891,151.760,-1685.583,0.5606450,3,OK,-82.517,151.243,-1685.992,OK,-101.690,219.311,-1614.714,OK,-162.389,199.363,-1674.161
3,Port 0x01: JJH Probe  s/n:3E4C880C,832755496,1781104858.268603749,1,Too Few Markers,-3.697314E28,-3.697314E28,-3.697314E28,-3.697314E28,-3.697314E28,-3.697314E28,-3.697314E28,0.0000000,3,Missing,-3.697314E28,-3.697314E28,-3.697314E28,Missing,-3.697314E28,-3.697314E28,-3.697314E28,Missing,-3.697314E28,-3.697314E28,-3.697314E28,Port 0x02: JJH T tibia tracker  s/n:3E4C8800,832755496,1781104858.268603749,1,OK,0.7286516,0.1976264,0.0387649,-0.6546052,232.181,204.243,-1555.082,0.3903493,3,OK,231.966,203.997,-1555.220,OK,140.705,230.740,-1565.448,OK,219.372,288.634,-1526.790,Port 0x03: JJH Y femur tracker  s/n:3E4C8801,832755496,1781104858.268603749,1,OK,0.8541710,0.4437084,-0.0670782,-0.2627077,-82.880,151.748,-1685.617,0.5482072,3,OK,-82.501,151.241,-1686.010,OK,-101.700,219.323,-1614.798,OK,-162.397,199.372,-1674.281
3,Port 0x01: JJH Probe  s/n:3E4C880C,832755499,1781104858.318603749,1,Too Few Markers,-3.697314E28,-3.697314E28,-3.697314E28,-3.697314E28,-3.697314E28,-3.697314E28,-3.697314E28,0.0000000,3,Missing,-3.697314E28,-3.697314E28,-3.697314E28,Missing,-3.697314E28,-3.697314E28,-3.697314E28,Missing,-3.697314E28,-3.697314E28,-3.697314E28,Port 0x02: JJH T tibia tracker  s/n:3E4C8800,832755499,1781104858.318603749,1,OK,0.7285557,0.1980390,0.0386178,-0.6545960,232.210,204.197,-1555.110,0.3833368,3,OK,231.995,203.955,-1555.247,OK,140.737,230.711,-1565.537,OK,219.405,288.580,-1526.787,Port 0x03: JJH Y femur tracker  s/n:3E4C8801,832755499,1781104858.318603749,1,OK,0.8541416,0.4437774,-0.0668470,-0.2627456,-82.879,151.761,-1685.669,0.5559618,3,OK,-82.502,151.247,-1686.071,OK,-101.690,219.320,-1614.822,OK,-162.385,199.371,-1674.281
3,Port 0x01: JJH Probe  s/n:3E4C880C,832755502,1781104858.368603749,1,Too Few Markers,-3.697314E28,-3.697314E28,-3.697314E28,-3.697314E28,-3.697314E28,-3.697314E28,-3.697314E28,0.0000000,3,Missing,-3.697314E28,-3.697314E28,-3.697314E28,Missing,-3.697314E28,-3.697314E28,-3.697314E28,Missing,-3.697314E28,-3.697314E28,-3.697314E28,Port 0x02: JJH T tibia tracker  s/n:3E4C8800,832755502,1781104858.368603749,1,OK,0.7285445,0.1980410,0.0392302,-0.6545714,232.214,204.173,-1555.193,0.3844449,3,OK,231.997,203.934,-1555.329,OK,140.729,230.672,-1565.516,OK,219.410,288.525,-1526.792,Port 0x03: JJH Y femur tracker  s/n:3E4C8801,832755502,1781104858.368603749,1,OK,0.8541106,0.4438745,-0.0667902,-0.2626966,-82.888,151.775,-1685.681,0.5545219,3,OK,-82.516,151.263,-1686.085,OK,-101.707,219.320,-1614.815,OK,-162.399,199.369,-1674.286
3,Port 0x01: JJH Probe  s/n:3E4C880C,832755505,1781104858.418603749,1,Too Few Markers,-3.697314E28,-3.697314E28,-3.697314E28,-3.697314E28,-3.697314E28,-3.697314E28,-3.697314E28,0.0000000,3,Missing,-3.697314E28,-3.697314E28,-3.697314E28,Missing,-3.697314E28,-3.697314E28,-3.697314E28,Missing,-3.697314E28,-3.697314E28,-3.697314E28,Port 0x02: JJH T tibia tracker  s/n:3E4C8800,832755505,1781104858.418603749,1,OK,0.7284740,0.1983477,0.0396220,-0.6545334,232.203,204.137,-1555.121,0.3886853,3,OK,231.980,203.897,-1555.260,OK,140.719,230.636,-1565.403,OK,219.395,288.464,-1526.634,Port 0x03: JJH Y femur tracker  s/n:3E4C8801,832755505,1781104858.418603749,1,OK,0.8541217,0.4438657,-0.0666600,-0.2627084,-82.905,151.768,-1685.698,0.5623164,3,OK,-82.532,151.249,-1686.110,OK,-101.722,219.313,-1614.823,OK,-162.409,199.354,-1674.276
3,Port 0x01: JJH Probe  s/n:3E4C880C,832755508,1781104858.468603749,1,Too Few Markers,-3.697314E28,-3.697314E28,-3.697314E28,-3.697314E28,-3.697314E28,-3.697314E28,-3.697314E28,0.0000000,3,Missing,-3.697314E28,-3.697314E28,-3.697314E28,Missing,-3.697314E28,-3.697314E28,-3.697314E28,Missing,-3.697314E28,-3.697314E28,-3.697314E28,Port 0x02: JJH T tibia tracker  s/n:3E4C8800,832755508,1781104858.468603749,1,OK,0.7284907,0.1985014,0.0399929,-0.6544456,232.214,204.143,-1555.195,0.3896003,3,OK,231.999,203.896,-1555.334,OK,140.718,230.628,-1565.428,OK,219.387,288.446,-1526.644,Port 0x03: JJH Y femur tracker  s/n:3E4C8801,832755508,1781104858.468603749,1,OK,0.8540618,0.4439046,-0.0668996,-0.2627767,-82.915,151.752,-1685.682,0.5557432,3,OK,-82.540,151.235,-1686.090,OK,-101.718,219.304,-1614.804,OK,-162.426,199.363,-1674.305
