Tools,Port 0x01: JJH Probe  s/n:3E4C880C,Frame,Time [sec],Face,State,Q0,Qx,Qy,Qz,Tx,Ty,Tz,Error,Markers,State,Tx,Ty,Tz,State,Tx,Ty,Tz,State,Tx,Ty,Tz,Port 0x02: JJH T tibia tracker  s/n:3E4C8800,Frame,Time [sec],Face,State,Q0,Qx,Qy,Qz,Tx,Ty,Tz,Error,Markers,State,Tx,Ty,Tz,State,Tx,Ty,Tz,State,Tx,Ty,Tz,Port 0x03: JJH Y femur tracker  s/n:3E4C8801,Frame,Time [sec],Face,State,Q0,Qx,Qy,Qz,Tx,Ty,Tz,Error,Markers,State,Tx,Ty,Tz,State,Tx,Ty,Tz,State,Tx,Ty,Tz
3,Port 0x01: JJH Probe  s/n:3E4C880C,195968440,1738955740.668619963,1,Too Few Markers,-3.697314E28,-3.697314E28,-3.697314E28,-3.697314E28,-3.697314E28,-3.697314E28,-3.697314E28,0.0000000,3,Missing,-3.697314E28,-3.697314E28,-3.697314E28,Missing,-3.697314E28,-3.697314E28,-3.697314E28,Missing,-3.697314E28,-3.697314E28,-3.697314E28,Port 0x02: JJH T tibia tracker  s/n:3E4C8800,195968440,1738955740.668619963,1,OK,0.9280989,-0.2652149,-0.1043143,0.2396079,151.433,-156.973,-1559.351,0.5685048,3,OK,151.355,-156.819,-1559.462,OK,157.263,-241.506,-1512.478,OK,73.548,-201.576,-1565.621,Port 0x03: JJH Y femur tracker  s/n:3E4C8801,195968440,1738955740.668619963,1,OK,0.7802618,-0.0318671,0.5128817,-0.3565506,-101.311,112.382,-1519.270,0.0521967,3,OK,-101.284,112.393,-1519.309,OK,-72.017,206.534,-1507.314,OK,-121.797,167.308,-1446.752
3,Port 0x01: JJH Probe  s/n:3E4C880C,195968443,1738955740.718619963,1,Too Few Markers,-3.697314E28,-3.697314E28,-3.697314E28,-3.697314E28,-3.697314E28,-3.697314E28,-3.697314E28,0.0000000,3,Missing,-3.697314E28,-3.697314E28,-3.697314E28,Missing,-3.697314E28,-3.697314E28,-3.697314E28,Missing,-3.697314E28,-3.697314E28,-3.697314E28,Port 0x02: JJH T tibia tracker  s/n:3E4C8800,195968443,1738955740.718619963,1,OK,0.9281492,-0.2651232,-0.1043159,0.2395141,151.441,-157.007,-1559.469,0.5714755,3,OK,151.363,-156.840,-1559.587,OK,157.253,-241.562,-1512.610,OK,73.552,-201.597,-1565.746,Port 0x03: JJH Y femur tracker  s/n:3E4C8801,195968443,1738955740.718619963,1,OK,0.7797203,-0.0319925,0.5136355,-0.3566389,-101.141,112.452,-1519.282,0.0882065,3,OK,-101.105,112.448,-1519.349,OK,-71.764,206.600,-1507.386,OK,-121.502,167.376,-1446.660
3,Port 0x01: JJH Probe  s/n:3E4C880C,195968446,1738955740.768619963,1,Too Few Markers,-3.697314E28,-3.697314E28,-3.697314E28,-3.697314E28,-3.697314E28,-3.697314E28,-3.697314E28,0.0000000,3,Missing,-3.697314E28,-3.697314E28,-3.697314E28,Missing,-3.697314E28,-3.697314E28,-3.697314E28,Missing,-3.697314E28,-3.697314E28,-3.697314E28,Port 0x02: JJH T tibia tracker  s/n:3E4C8800,195968446,1738955740.768619963,1,OK,0.9282396,-0.2649101,-0.1041677,0.2394638,151.441,-157.055,-1559.527,0.5675969,3,OK,151.373,-156.889,-1559.641,OK,157.254,-241.620,-1512.708,OK,73.534,-201.635,-1565.793,Port 0x03: JJH Y femur tracker  s/n:3E4C8801,195968446,1738955740.768619963,1,OK,0.7795443,-0.0318688,0.5138090,-0.3567847,-101.013,112.468,-1519.200,0.0719361,3,OK,-100.980,112.470,-1519.256,OK,-71.596,206.591,-1507.286,OK,-121.306,167.391,-1446.587
3,Port 0x01: JJH Probe  s/n:3E4C880C,195968449,1738955740.818619963,1,Too Few Markers,-3.697314E28,-3.697314E28,-3.697314E28,-3.697314E28,-3.697314E28,-3.697314E28,-3.697314E28,0.0000000,3,Missing,-3.697314E28,-3.697314E28,-3.697314E28,Missing,-3.697314E28,-3.697314E28,-3.697314E28,Missing,-3.697314E28,-3.697314E28,-3.697314E28,Port 0x02: JJH T tibia tracker  s/n:3E4C8800,195968449,1738955740.818619963,1,OK,0.9283510,-0.2644008,-0.1043430,0.2395188,151.436,-157.059,-1559.554,0.5560061,3,OK,151.371,-156.910,-1559.657,OK,157.265,-241.654,-1512.837,OK,73.541,-201.654,-1565.868,Port 0x03: JJH Y femur tracker  s/n:3E4C8801,195968449,1738955740.818619963,1,OK,0.7794923,-0.0317241,0.5137953,-0.3569311,-100.934,112.488,-1519.198,0.0662319,3,OK,-100.903,112.485,-1519.255,OK,-71.493,206.592,-1507.258,OK,-121.197,167.426,-1446.600
3,Port 0x01: JJH Probe  s/n:3E4C880C,195968452,1738955740.868619964,1,Too Few Markers,-3.697314E28,-3.697314E28,-3.697314E28,-3.697314E28,-3.697314E28,-3.697314E28,-3.697314E28,0.0000000,3,Missing,-3.697314E28,-3.697314E28,-3.697314E28,Missing,-3.697314E28,-3.697314E28,-3.697314E28,Missing,-3.697314E28,-3.697314E28,-3.697314E28,Port 0x02: JJH T tibia tracker  s/n:3E4C8800,195968452,1738955740.868619964,1,OK,0.9283632,-0.2644674,-0.1042506,0.2394380,151.416,-157.102,-1559.572,0.5601090,3,OK,151.344,-156.952,-1559.679,OK,157.234,-241.697,-1512.839,OK,73.514,-201.676,-1565.874,Port 0x03: JJH Y femur tracker  s/n:3E4C8801,195968452,1738955740.868619964,1,OK,0.7793289,-0.0318819,0.5139357,-0.3570714,-100.881,112.483,-1519.164,0.0621122,3,OK,-100.851,112.488,-1519.212,OK,-71.404,206.594,-1507.281,OK,-121.107,167.431,-1446.568
3,Port 0x01: JJH Probe  s/n:3E4C880C,195968455,1738955740.918619964,1,Too Few Markers,-3.697314E28,-3.697314E28,-3.697314E28,-3.697314E28,-3.697314E28,-3.697314E28,-3.697314E28,0.0000000,3,Missing,-3.697314E28,-3.697314E28,-3.697314E28,Missing,-3.697314E28,-3.697314E28,-3.697314E28,Missing,-3.697314E28,-3.697314E28,-3.697314E28,Port 0x02: JJH T tibia tracker  s/n:3E4C8800,195968455,1738955740.918619964,1,OK,0.9283826,-0.2646008,-0.1039069,0.2393648,151.418,-157.094,-1559.654,0.5565600,3,OK,151.340,-156.943,-1559.764,OK,157.227,-241.676,-1512.892,OK,73.508,-201.641,-1565.892,Port 0x03: JJH Y femur tracker  s/n:3E4C8801,195968455,1738955740.918619964,1,OK,0.7790955,-0.0321022,0.5142616,-0.3570919,-100.818,112.530,-1519.158,0.0833865,3,OK,-100.779,112.546,-1519.214,OK,-71.323,206.635,-1507.335,OK,-120.995,167.485,-1446.523
3,Port 0x01: JJH Probe  s/n:3E4C880C,195968458,1738955740.968619964,1,Too Few Markers,-3.697314E28,-3.697314E28,-3.697314E28,-3.697314E28,-3.697314E28,-3.697314E28,-3.697314E28,0.0000000,3,Missing,-3.697314E28,-3.697314E28,-3.697314E28,Missing,-3.697314E28,-3.697314E28,-3.697314E28,Missing,-3.697314E28,-3.697314E28,-3.697314E28,Port 0x02: JJH T tibia tracker  s/n:3E4C8800,195968458,1738955740.968619964,1,OK,0.9283728,-0.2644049,-0.1041938,0.2394948,151.440,-157.121,-1559.652,0.5471439,3,OK,151.365,-156.966,-1559.762,OK,157.257,-241.719,-1512.933,OK,73.560,-201.707,-1565.933,Port 0x03: JJH Y femur tracker  s/n:3E4C8801,195968458,1738955740.968619964,1,OK,0.7790522,-0.0320489,0.5142729,-0.3571750,-100.763,112.497,-1519.142,0.0740226,3,OK,-100.728,112.509,-1519.195,OK,-71.252,206.599,-1507.310,OK,-120.920,167.459,-1446.519
3,Port 0x01: JJH Probe  s/n:3E4C880C,195968461,1738955741.018619964,1,Too Few Markers,-3.697314E28,-3.697314E28,-3.697314E28,-3.697314E28,-3.697314E28,-3.697314E28,-3.697314E28,0.0000000,3,Missing,-3.697314E28,-3.697314E28,-3.697314E28,Missing,-3.697314E28,-3.697314E28,-3.697314E28,Missing,-3.697314E28,-3.697314E28,-3.697314E28,Port 0x02: JJH T tibia tracker  s/n:3E4C8800,195968461,1738955741.018619964,1,OK,0.9282920,-0.2647506,-0.1042798,0.2393885,151.425,-157.111,-1559.680,0.5672359,3,OK,151.343,-156.942,-1559.800,OK,157.221,-241.704,-1512.889,OK,73.533,-201.677,-1565.971,Port 0x03: JJH Y femur tracker  s/n:3E4C8801,195968461,1738955741.018619964,1,OK,0.7790486,-0.0322069,0.5142436,-0.3572107,-100.780,112.519,-1519.157,0.0758849,3,OK,-100.747,112.543,-1519.199,OK,-71.270,206.632,-1507.369,OK,-120.946,167.485,-1446.546
3,Port 0x01: JJH Probe  s/n:3E4C880C,195968464,1738955741.068619964,1,Too Few Markers,-3.697314E28,-3.697314E28,-3.697314E28,-3.697314E28,-3.697314E28,-3.697314E28,-3.697314E28,0.0000000,3,Missing,-3.697314E28,-3.697314E28,-3.697314E28,Missing,-3.697314E28,-3.697314E28,-3.697314E28,Missing,-3.697314E28,-3.697314E28,-3.697314E28,Port 0x02: JJH T tibia tracker  s/n:3E4C8800,195968464,1738955741.068619964,1,OK,0.9283166,-0.2646729,-0.1042522,0.2393908,151.408,-157.125,-1559.668,0.5666003,3,OK,151.324,-156.966,-1559.784,OK,157.212,-241.718,-1512.893,OK,73.513,-201.686,-1565.962,Port 0x03: JJH Y femur tracker  s/n:3E4C8801,195968464,1738955741.068619964,1,OK,0.7791396,-0.0320379,0.5141445,-0.3571701,-100.804,112.515,-1519.171,0.0647942,3,OK,-100.773,112.527,-1519.218,OK,-71.307,206.619,-1507.330,OK,-120.979,167.478,-1446.571
3,Port 0x01: JJH Probe  s/n:3E4C880C,195968467,1738955741.118619964,1,Too Few Markers,-3.697314E28,-3.697314E28,-3.697314E28,-3.697314E28,-3.697314E28,-3.697314E28,-3.697314E28,0.0000000,3,Missing,-3.697314E28,-3.697314E28,-3.697314E28,Missing,-3.697314E28,-3.697314E28,-3.697314E28,Missing,-3.697314E28,-3.697314E28,-3.697314E28,Port 0x02: JJH T tibia tracker  s/n:3E4C8800,195968467,1738955741.118619964,1,OK,0.9284261,-0.2644733,-0.1039690,0.2393099,151.416,-157.123,-1559.677,0.5512138,3,OK,151.334,-156.963,-1559.792,OK,157.206,-241.725,-1512.941,OK,73.517,-201.667,-1565.927,Port 0x03: JJH Y femur tracker  s/n:3E4C8801,195968467,1738955741.118619964,1,OK,0.7792101,-0.0319467,0.5139962,-0.3572379,-100.792,112.520,-1519.197,0.0520281,3,OK,-100.766,112.529,-1519.237,OK,-71.292,206.624,-1507.335,OK,-120.975,167.490,-1446.624
3,Port 0x01: JJH Probe  s/n:3E4C880C,195968470,1738955741.168619964,1,Too Few Markers,-3.697314E28,-3.697314E28,-3.697314E28,-3.697314E28,-3.697314E28,-3.697314E28,-3.697314E28,0.0000000,3,Missing,-3.697314E28,-3.697314E28,-3.697314E28,Missing,-3.697314E28,-3.697314E28,-3.697314E28,Missing,-3.697314E28,-3.697314E28,-3.697314E28,Port 0x02: JJH T tibia tracker  s/n:3E4C8800,195968470,1738955741.168619964,1,OK,0.9282650,-0.2649867,-0.1042020,0.2392657,151.433,-157.136,-1559.712,0.5792820,3,OK,151.352,-156.953,-1559.839,OK,157.206,-241.725,-1512.871,OK,73.522,-201.680,-1565.989,Port 0x03: JJH Y femur tracker  s/n:3E4C8801,195968470,1738955741.168619964,1,OK,0.7790852,-0.0321294,0.5142195,-0.3571727,-100.787,112.513,-1519.187,0.0791309,3,OK,-100.750,112.530,-1519.240,OK,-71.286,206.617,-1507.375,OK,-120.959,167.481,-1446.568
3,Port 0x01: JJH Probe  s/n:3E4C880C,195968473,1738955741.218619964,1,Too Few Markers,-3.697314E28,-3.697314E28,-3.697314E28,-3.697314E28,-3.697314E28,-3.697314E28,-3.697314E28,0.0000000,3,Missing,-3.697314E28,-3.697314E28,-3.697314E28,Missing,-3.697314E28,-3.697314E28,-3.697314E28,Missing,-3.697314E28,-3.697314E28,-3.697314E28,Port 0x02: JJH T tibia tracker  s/n:3E4C8800,195968473,1738955741.218619964,1,OK,0.9283826,-0.2644676,-0.1043178,0.2393332,151.398,-157.107,-1559.652,0.5600151,3,OK,151.314,-156.952,-1559.766,OK,157.189,-241.717,-1512.920,OK,73.505,-201.663,-1565.966,Port 0x03: JJH Y femur tracker  s/n:3E4C8801,195968473,1738955741.218619964,1,OK,0.7790540,-0.0321491,0.5143390,-0.3570668,-100.823,112.523,-1519.160,0.0901112,3,OK,-100.782,112.539,-1519.219,OK,-71.328,206.630,-1507.348,OK,-120.994,167.476,-1446.512
3,Port 0x01: JJH Probe  s/n:3E4C880C,195968476,1738955741.268619964,1,Too Few Markers,-3.697314E28,-3.697314E28,-3.697314E28,-3.697314E28,-3.697314E28,-3.697314E28,-3.697314E28,0.0000000,3,Missing,-3.697314E28,-3.697314E28,-3.697314E28,Missing,-3.697314E28,-3.697314E28,-3.697314E28,Missing,-3.697314E28,-3.697314E28,-3.697314E28,Port 0x02: JJH T tibia tracker  s/n:3E4C8800,195968476,1738955741.268619964,1,OK,0.9281865,-0.2652608,-0.1041125,0.2393056,151.416,-157.158,-1559.727,0.5933952,3,OK,151.321,-156.971,-1559.863,OK,157.202,-241.735,-1512.824,OK,73.507,-201.695,-1565.980,Port 0x03: JJH Y femur tracker  s/n:3E4C8801,195968476,1738955741.268619964,1,OK,0.7791741,-0.0318243,0.5141170,-0.3571535,-100.824,112.507,-1519.182,0.0755709,3,OK,-100.787,112.512,-1519.243,OK,-71.320,206.594,-1507.298,OK,-121.005,167.464,-1446.560
3,Port 0x01: JJH Probe  s/n:3E4C880C,195968479,1738955741.318619964,1,Too Few Markers,-3.697314E28,-3.697314E28,-3.697314E28,-3.697314E28,-3.697314E28,-3.697314E28,-3.697314E28,0.0000000,3,Missing,-3.697314E28,-3.697314E28,-3.697314E28,Missing,-3.697314E28,-3.697314E28,-3.697314E28,Missing,-3.697314E28,-3.697314E28,-3.697314E28,Port 0x02: JJH T tibia tracker  s/n:3E4C8800,195968479,1738955741.318619964,1,OK,0.9283535,-0.2647814,-0.1038213,0.2393152,151.412,-157.143,-1559.693,0.5587508,3,OK,151.327,-156.967,-1559.818,OK,157.198,-241.730,-1512.892,OK,73.512,-201.684,-1565.903,Port 0x03: JJH Y femur tracker  s/n:3E4C8801,195968479,1738955741.318619964,1,OK,0.7791496,-0.0321529,0.5141291,-0.3571602,-100.814,112.498,-1519.169,0.0759999,3,OK,-100.780,112.517,-1519.216,OK,-71.321,206.610,-1507.361,OK,-121.006,167.464,-1446.561
3,Port 0x01: JJH Probe  s/n:3E4C880C,195968482,1738955741.368619964,1,Too Few Markers,-3.697314E28,-3.697314E28,-3.697314E28,-3.697314E28,-3.697314E28,-3.697314E28,-3.697314E28,0.0000000,3,Missing,-3.697314E28,-3.697314E28,-3.697314E28,Missing,-3.697314E28,-3.697314E28,-3.697314E28,Missing,-3.697314E28,-3.697314E28,-3.697314E28,Port 0x02: JJH T tibia tracker  s/n:3E4C8800,195968482,1738955741.368619964,1,OK,0.9283146,-0.2646476,-0.1043879,0.2393674,151.392,-157.123,-1559.689,0.5756146,3,OK,151.307,-156.957,-1559.809,OK,157.192,-241.732,-1512.914,OK,73.496,-201.684,-1566.010,Port 0x03: JJH Y femur tracker  s/n:3E4C8801,195968482,1738955741.368619964,1,OK,0.7792423,-0.0318493,0.5140568,-0.3570891,-100.857,112.519,-1519.228,0.0757644,3,OK,-100.820,112.527,-1519.287,OK,-71.372,206.610,-1507.341,OK,-121.059,167.473,-1446.609
3,Port 0x01: JJH Probe  s/n:3E4C880C,195968485,1738955741.418619964,1,Too Few Markers,-3.697314E28,-3.697314E28,-3.697314E28,-3.697314E28,-3.697314E28,-3.697314E28,-3.697314E28,0.0000000,3,Missing,-3.697314E28,-3.697314E28,-3.697314E28,Missing,-3.697314E28,-3.697314E28,-3.697314E28,Missing,-3.697314E28,-3.697314E28,-3.697314E28,Port 0x02: JJH T tibia tracker  s/n:3E4C8800,195968485,1738955741.418619964,1,OK,0.9283318,-0.2645974,-0.1042937,0.2393973,151.388,-157.120,-1559.595,0.5678009,3,OK,151.311,-156.961,-1559.708,OK,157.196,-241.719,-1512.834,OK,73.488,-201.687,-1565.900,Port 0x03: JJH Y femur tracker  s/n:3E4C8801,195968485,1738955741.418619964,1,OK,0.7793950,-0.0317916,0.5139029,-0.3569826,-100.909,112.490,-1519.243,0.0634709,3,OK,-100.878,112.493,-1519.296,OK,-71.455,206.592,-1507.322,OK,-121.144,167.433,-1446.646
3,Port 0x01: JJH Probe  s/n:3E4C880C,195968488,1738955741.468619964,1,Too Few Markers,-3.697314E28,-3.697314E28,-3.697314E28,-3.697314E28,-3.697314E28,-3.697314E28,-3.697314E28,0.0000000,3,Missing,-3.697314E28,-3.697314E28,-3.697314E28,Missing,-3.697314E28,-3.697314E28,-3.697314E28,Missing,-3.697314E28,-3.697314E28,-3.697314E28,Port 0x02: JJH T tibia tracker  s/n:3E4C8800,195968488,1738955741.468619964,1,OK,0.9282957,-0.2646370,-0.1045623,0.2393766,151.391,-157.114,-1559.587,0.5717651,3,OK,151.312,-156.955,-1559.701,OK,157.187,-241.716,-1512.823,OK,73.497,-201.686,-1565.938,Port 0x03: JJH Y femur tracker  s/n:3E4C8801,195968488,1738955741.468619964,1,OK,0.7794554,-0.0317476,0.5137988,-0.3570045,-100.922,112.485,-1519.231,0.0577285,3,OK,-100.893,112.486,-1519.279,OK,-71.475,206.585,-1507.293,OK,-121.163,167.433,-1446.656
3,Port 0x01: JJH Probe  s/n:3E4C880C,195968491,1738955741.518619964,1,Too Few Markers,-3.697314E28,-3.697314E28,-3.697314E28,-3.697314E28,-3.697314E28,-3.697314E28,-3.697314E28,0.0000000,3,Missing,-3.697314E28,-3.697314E28,-3.697314E28,Missing,-3.697314E28,-3.697314E28,-3.697314E28,Missing,-3.697314E28,-3.697314E28,-3.697314E28,Port 0x02: JJH T tibia tracker  s/n:3E4C8800,195968491,1738955741.518619964,1,OK,0.9283057,-0.2648813,-0.1040635,0.2392846,151.410,-157.127,-1559.655,0.5740188,3,OK,151.325,-156.951,-1559.781,OK,157.193,-241.718,-1512.833,OK,73.502,-201.666,-1565.912,Port 0x03: JJH Y femur tracker  s/n:3E4C8801,195968491,1738955741.518619964,1,OK,0.7793335,-0.0320423,0.5139401,-0.3570407,-100.881,112.481,-1519.201,0.0617727,3,OK,-100.851,112.490,-1519.247,OK,-71.425,206.599,-1507.342,OK,-121.110,167.439,-1446.615
3,Port 0x01: JJH Probe  s/n:3E4C880C,195968494,1738955741.568619964,1,Too Few Markers,-3.697314E28,-3.697314E28,-3.697314E28,-3.697314E28,-3.697314E28,-3.697314E28,-3.697314E28,0.0000000,3,Missing,-3.697314E28,-3.697314E28,-3.697314E28,Missing,-3.697314E28,-3.697314E28,-3.697314E28,Missing,-3.697314E28,-3.697314E28,-3.697314E28,Port 0x02: JJH T tibia tracker  s/n:3E4C8800,195968494,1738955741.568619964,1,OK,0.9282685,-0.2651307,-0.1037710,0.2392799,151.405,-157.165,-1559.682,0.5721724,3,OK,151.317,-156.976,-1559.815,OK,157.182,-241.737,-1512.808,OK,73.495,-201.697,-1565.872,Port 0x03: JJH Y femur tracker  s/n:3E4C8801,195968494,1738955741.568619964,1,OK,0.7792851,-0.0318731,0.5139674,-0.3571224,-100.865,112.481,-1519.194,0.0599401,3,OK,-100.835,112.485,-1519.242,OK,-71.382,206.585,-1507.308,OK,-121.072,167.437,-1446.603
3,Port 0x01: JJH Probe  s/n:3E4C880C,195968497,1738955741.618619964,1,Too Few Markers,-3.697314E28,-3.697314E28,-3.697314E28,-3.697314E28,-3.697314E28,-3.697314E28,-3.697314E28,0.0000000,3,Missing,-3.697314E28,-3.697314E28,-3.697314E28,Missing,-3.697314E28,-3.697314E28,-3.697314E28,Missing,-3.697314E28,-3.697314E28,-3.697314E28,Port 0x02: JJH T tibia tracker  s/n:3E4C8800,195968497,1738955741.618619964,1,OK,0.9282985,-0.2649587,-0.1040031,0.2392532,151.387,-157.136,-1559.715,0.5782735,3,OK,151.301,-156.960,-1559.841,OK,157.168,-241.721,-1512.877,OK,73.469,-201.666,-1565.963,Port 0x03: JJH Y femur tracker  s/n:3E4C8801,195968497,1738955741.618619964,1,OK,0.7791828,-0.0318747,0.5141680,-0.3570567,-100.874,112.517,-1519.247,0.0813422,3,OK,-100.836,112.520,-1519.311,OK,-71.381,206.616,-1507.369,OK,-121.067,167.464,-1446.608
3,Port 0x01: JJH Probe  s/n:3E4C880C,195968500,1738955741.668619964,1,Too Few Markers,-3.697314E28,-3.697314E28,-3.697314E28,-3.697314E28,-3.697314E28,-3.697314E28,-3.697314E28,0.0000000,3,Missing,-3.697314E28,-3.697314E28,-3.697314E28,Missing,-3.697314E28,-3.697314E28,-3.697314E28,Missing,-3.697314E28,-3.697314E28,-3.697314E28,Port 0x02: JJH T tibia tracker  s/n:3E4C8800,195968500,1738955741.668619964,1,OK,0.9283619,-0.2646268,-0.1039682,0.2393899,151.407,-157.146,-1559.675,0.5538275,3,OK,151.325,-156.975,-1559.797,OK,157.204,-241.741,-1512.906,OK,73.518,-201.706,-1565.911,Port 0x03: JJH Y femur tracker  s/n:3E4C8801,195968500,1738955741.668619964,1,OK,0.7791696,-0.0318642,0.5142149,-0.3570188,-100.860,112.493,-1519.230,0.0878764,3,OK,-100.819,112.495,-1519.300,OK,-71.371,206.587,-1507.346,OK,-121.050,167.438,-1446.578
3,Port 0x01: JJH Probe  s/n:3E4C880C,195968503,1738955741.718619964,1,Too Few Markers,-3.697314E28,-3.697314E28,-3.697314E28,-3.697314E28,-3.697314E28,-3.697314E28,-3.697314E28,0.0000000,3,Missing,-3.697314E28,-3.697314E28,-3.697314E28,Missing,-3.697314E28,-3.697314E28,-3.697314E28,Missing,-3.697314E28,-3.697314E28,-3.697314E28,Port 0x02: JJH T tibia tracker  s/n:3E4C8800,195968503,1738955741.718619964,1,OK,0.9282987,-0.2647431,-0.1043707,0.2393310,151.394,-157.125,-1559.684,0.5712103,3,OK,151.309,-156.950,-1559.809,OK,157.176,-241.730,-1512.894,OK,73.504,-201.685,-1565.994,Port 0x03: JJH Y femur tracker  s/n:3E4C8801,195968503,1738955741.718619964,1,OK,0.7792573,-0.0318546,0.5140342,-0.3570885,-100.869,112.507,-1519.229,0.0736921,3,OK,-100.833,112.508,-1519.289,OK,-71.386,206.604,-1507.340,OK,-121.074,167.463,-1446.614
3,Port 0x01: JJH Probe  s/n:3E4C880C,195968506,1738955741.768619964,1,Too Few Markers,-3.697314E28,-3.697314E28,-3.697314E28,-3.697314E28,-3.697314E28,-3.697314E28,-3.697314E28,0.0000000,3,Missing,-3.697314E28,-3.697314E28,-3.697314E28,Missing,-3.697314E28,-3.697314E28,-3.697314E28,Missing,-3.697314E28,-3.697314E28,-3.697314E28,Port 0x02: JJH T tibia tracker  s/n:3E4C8800,195968506,1738955741.768619964,1,OK,0.9282770,-0.2645922,-0.1048494,0.2393727,151.368,-157.091,-1559.601,0.5828628,3,OK,151.290,-156.931,-1559.715,OK,157.165,-241.707,-1512.845,OK,73.472,-201.669,-1566.009,Port 0x03: JJH Y femur tracker  s/n:3E4C8801,195968506,1738955741.768619964,1,OK,0.7794703,-0.0316750,0.5137966,-0.3569816,-100.945,112.504,-1519.258,0.0666830,3,OK,-100.916,112.492,-1519.318,OK,-71.497,206.605,-1507.303,OK,-121.192,167.453,-1446.668
3,Port 0x01: JJH Probe  s/n:3E4C880C,195968509,1738955741.818619964,1,Too Few Markers,-3.697314E28,-3.697314E28,-3.697314E28,-3.697314E28,-3.697314E28,-3.697314E28,-3.697314E28,0.0000000,3,Missing,-3.697314E28,-3.697314E28,-3.697314E28,Missing,-3.697314E28,-3.697314E28,-3.697314E28,Missing,-3.697314E28,-3.697314E28,-3.697314E28,Port 0x02: JJH T tibia tracker  s/n:3E4C8800,195968509,1738955741.818619964,1,OK,0.9283467,-0.2644563,-0.1044049,0.2394473,151.359,-157.052,-1559.498,0.5562896,3,OK,151.290,-156.897,-1559.606,OK,157.167,-241.651,-1512.773,OK,73.466,-201.638,-1565.822,Port 0x03: JJH Y femur tracker  s/n:3E4C8801,195968509,1738955741.818619964,1,OK,0.7797081,-0.0317668,0.5136651,-0.3566431,-101.161,112.470,-1519.357,0.0903012,3,OK,-101.122,112.459,-1519.432,OK,-71.769,206.602,-1507.415,OK,-121.510,167.384,-1446.718
3,Port 0x01: JJH Probe  s/n:3E4C880C,195968512,1738955741.868619964,1,Too Few Markers,-3.697314E28,-3.697314E28,-3.697314E28,-3.697314E28,-3.697314E28,-3.697314E28,-3.697314E28,0.0000000,3,Missing,-3.697314E28,-3.697314E28,-3.697314E28,Missing,-3.697314E28,-3.697314E28,-3.697314E28,Missing,-3.697314E28,-3.697314E28,-3.697314E28,Port 0x02: JJH T tibia tracker  s/n:3E4C8800,195968512,1738955741.868619964,1,OK,0.9282006,-0.2649791,-0.1044295,0.2394249,151.355,-156.986,-1559.349,0.5641513,3,OK,151.281,-156.823,-1559.463,OK,157.146,-241.550,-1512.526,OK,73.464,-201.570,-1565.654,Port 0x03: JJH Y femur tracker  s/n:3E4C8801,195968512,1738955741.868619964,1,OK,0.7804918,-0.0316901,0.5128328,-0.3561331,-101.552,112.402,-1519.504,0.0990458,3,OK,-101.508,112.387,-1519.591,OK,-72.320,206.559,-1507.481,OK,-122.124,167.297,-1446.900
3,Port 0x01: JJH Probe  s/n:3E4C880C,195968515,1738955741.918619964,1,Too Few Markers,-3.697314E28,-3.697314E28,-3.697314E28,-3.697314E28,-3.697314E28,-3.697314E28,-3.697314E28,0.0000000,3,Missing,-3.697314E28,-3.697314E28,-3.697314E28,Missing,-3.697314E28,-3.697314E28,-3.697314E28,Missing,-3.697314E28,-3.697314E28,-3.697314E28,Port 0x02: JJH T tibia tracker  s/n:3E4C8800,195968515,1738955741.918619964,1,OK,0.9279225,-0.2663451,-0.1037558,0.2392799,151.322,-156.866,-1558.997,0.5618312,3,OK,151.253,-156.691,-1559.117,OK,157.060,-241.300,-1511.926,OK,73.395,-201.416,-1565.128,Port 0x03: JJH Y femur tracker  s/n:3E4C8801,195968515,1738955741.918619964,1,OK,0.7818894,-0.0317133,0.5112020,-0.3554094,-102.201,112.279,-1519.704,0.0840827,3,OK,-102.162,112.279,-1519.772,OK,-73.224,206.509,-1507.608,OK,-123.181,167.135,-1447.215
3,Port 0x01: JJH Probe  s/n:3E4C880C,195968518,1738955741.968619964,1,Too Few Markers,-3.697314E28,-3.697314E28,-3.697314E28,-3.697314E28,-3.697314E28,-3.697314E28,-3.697314E28,0.0000000,3,Missing,-3.697314E28,-3.697314E28,-3.697314E28,Missing,-3.697314E28,-3.697314E28,-3.697314E28,Missing,-3.697314E28,-3.697314E28,-3.697314E28,Port 0x02: JJH T tibia tracker  s/n:3E4C8800,195968518,1738955741.968619964,1,OK,0.9272578,-0.2687968,-0.1036920,0.2391426,151.244,-156.666,-1558.327,0.5805707,3,OK,151.161,-156.493,-1558.452,OK,156.900,-240.885,-1510.820,OK,73.300,-201.191,-1564.349,Port 0x03: JJH Y femur tracker  s/n:3E4C8801,195968518,1738955741.968619964,1,OK,0.7840385,-0.0316116,0.5087309,-0.3542277,-103.194,112.070,-1520.028,0.0614216,3,OK,-103.165,112.063,-1520.082,OK,-74.622,206.410,-1507.761,OK,-124.781,166.872,-1447.714
3,Port 0x01: JJH Probe  s/n:3E4C880C,195968521,1738955742.018619965,1,Too Few Markers,-3.697314E28,-3.697314E28,-3.697314E28,-3.697314E28,-3.697314E28,-3.697314E28,-3.697314E28,0.0000000,3,Missing,-3.697314E28,-3.697314E28,-3.697314E28,Missing,-3.697314E28,-3.697314E28,-3.697314E28,Missing,-3.697314E28,-3.697314E28,-3.697314E28,Port 0x02: JJH T tibia tracker  s/n:3E4C8800,195968521,1738955742.018619965,1,OK,0.9265483,-0.2719218,-0.1024312,0.2389031,151.157,-156.354,-1557.487,0.5795588,3,OK,151.070,-156.164,-1557.624,OK,156.710,-240.273,-1509.414,OK,73.160,-200.810,-1563.158,Port 0x03: JJH Y femur tracker  s/n:3E4C8801,195968521,1738955742.018619965,1,OK,0.7868351,-0.0316387,0.5055699,-0.3525459,-104.618,111.791,-1520.511,0.0514860,3,OK,-104.594,111.787,-1520.555,OK,-76.592,206.283,-1508.071,OK,-127.027,166.501,-1448.393
3,Port 0x01: JJH Probe  s/n:3E4C880C,195968524,1738955742.068619964,1,Too Few Markers,-3.697314E28,-3.697314E28,-3.697314E28,-3.697314E28,-3.697314E28,-3.697314E28,-3.697314E28,0.0000000,3,Missing,-3.697314E28,-3.697314E28,-3.697314E28,Missing,-3.697314E28,-3.697314E28,-3.697314E28,Missing,-3.697314E28,-3.697314E28,-3.697314E28,Port 0x02: JJH T tibia tracker  s/n:3E4C8800,195968524,1738955742.068619964,1,OK,0.9255792,-0.2753392,-0.1019693,0.2389430,151.074,-155.859,-1556.286,0.5746287,3,OK,150.991,-155.683,-1556.416,OK,156.548,-239.425,-1507.621,OK,73.059,-200.323,-1561.718,Port 0x03: JJH Y femur tracker  s/n:3E4C8801,195968524,1738955742.068619964,1,OK,0.7903898,-0.0314769,0.5016171,-0.3502478,-106.444,111.448,-1521.158,0.0772362,3,OK,-106.410,111.435,-1521.222,OK,-79.119,206.112,-1508.459,OK,-129.913,166.022,-1449.230
3,Port 0x01: JJH Probe  s/n:3E4C880C,195968527,1738955742.118619964,1,Too Few Markers,-3.697314E28,-3.697314E28,-3.697314E28,-3.697314E28,-3.697314E28,-3.697314E28,-3.697314E28,0.0000000,3,Missing,-3.697314E28,-3.697314E28,-3.697314E28,Missing,-3.697314E28,-3.697314E28,-3.697314E28,Missing,-3.697314E28,-3.697314E28,-3.697314E28,Port 0x02: JJH T tibia tracker  s/n:3E4C8800,195968527,1738955742.118619964,1,OK,0.9243148,-0.2797996,-0.1010141,0.2390616,151.075,-155.214,-1554.897,0.5742141,3,OK,150.991,-155.027,-1555.036,OK,156.463,-238.330,-1505.440,OK,73.043,-199.683,-1559.947,Port 0x03: JJH Y femur tracker  s/n:3E4C8801,195968527,1738955742.118619964,1,OK,0.7948883,-0.0309320,0.4965207,-0.3473658,-108.639,111.008,-1522.027,0.0829738,3,OK,-108.603,110.975,-1522.104,OK,-82.201,205.865,-1508.919,OK,-133.421,165.391,-1450.387
3,Port 0x01: JJH Probe  s/n:3E4C880C,195968530,1738955742.168619964,1,Too Few Markers,-3.697314E28,-3.697314E28,-3.697314E28,-3.697314E28,-3.697314E28,-3.697314E28,-3.697314E28,0.0000000,3,Missing,-3.697314E28,-3.697314E28,-3.697314E28,Missing,-3.697314E28,-3.697314E28,-3.697314E28,Missing,-3.697314E28,-3.697314E28,-3.697314E28,Port 0x02: JJH T tibia tracker  s/n:3E4C8800,195968530,1738955742.168619964,1,OK,0.9227548,-0.2841530,-0.1017629,0.2396349,151.052,-154.222,-1552.974,0.5698654,3,OK,150.977,-154.042,-1553.109,OK,156.379,-236.887,-1502.786,OK,73.089,-198.843,-1557.909,Port 0x03: JJH Y femur tracker  s/n:3E4C8801,195968530,1738955742.168619964,1,OK,0.8000621,-0.0308539,0.4905061,-0.3440240,-111.268,110.436,-1522.952,0.0939429,3,OK,-111.227,110.413,-1523.029,OK,-85.880,205.543,-1509.532,OK,-137.611,164.599,-1451.681
3,Port 0x01: JJH Probe  s/n:3E4C880C,195968533,1738955742.218619964,1,Too Few Markers,-3.697314E28,-3.697314E28,-3.697314E28,-3.697314E28,-3.697314E28,-3.697314E28,-3.697314E28,0.0000000,3,Missing,-3.697314E28,-3.697314E28,-3.697314E28,Missing,-3.697314E28,-3.697314E28,-3.697314E28,Missing,-3.697314E28,-3.697314E28,-3.697314E28,Port 0x02: JJH T tibia tracker  s/n:3E4C8800,195968533,1738955742.218619964,1,OK,0.9209575,-0.2891660,-0.1025214,0.2402284,151.076,-153.055,-1550.748,0.5598340,3,OK,150.990,-152.884,-1550.884,OK,156.314,-235.201,-1499.718,OK,73.212,-197.829,-1555.527,Port 0x03: JJH Y femur tracker  s/n:3E4C8801,195968533,1738955742.218619964,1,OK,0.8060275,-0.0305243,0.4833928,-0.3401753,-114.240,109.766,-1524.069,0.0777139,3,OK,-114.204,109.747,-1524.135,OK,-90.082,205.132,-1510.234,OK,-142.354,163.660,-1453.301
3,Port 0x01: JJH Probe  s/n:3E4C880C,195968536,1738955742.268619965,1,Too Few Markers,-3.697314E28,-3.697314E28,-3.697314E28,-3.697314E28,-3.697314E28,-3.697314E28,-3.697314E28,0.0000000,3,Missing,-3.697314E28,-3.697314E28,-3.697314E28,Missing,-3.697314E28,-3.697314E28,-3.697314E28,Missing,-3.697314E28,-3.697314E28,-3.697314E28,Port 0x02: JJH T tibia tracker  s/n:3E4C8800,195968536,1738955742.268619965,1,OK,0.9192159,-0.2955582,-0.0998083,0.2402620,151.087,-152.268,-1549.281,0.5591410,3,OK,151.010,-152.098,-1549.417,OK,156.245,-233.694,-1497.109,OK,73.118,-196.955,-1553.306,Port 0x03: JJH Y femur tracker  s/n:3E4C8801,195968536,1738955742.268619965,1,OK,0.8123938,-0.0302915,0.4758347,-0.3356786,-117.446,108.970,-1525.395,0.0793924,3,OK,-117.417,108.945,-1525.449,OK,-94.651,204.642,-1511.151,OK,-147.491,162.499,-1455.151
3,Port 0x01: JJH Probe  s/n:3E4C880C,195968539,1738955742.318571017,1,Too Few Markers,-3.697314E28,-3.697314E28,-3.697314E28,-3.697314E28,-3.697314E28,-3.697314E28,-3.697314E28,0.0000000,3,Missing,-3.697314E28,-3.697314E28,-3.697314E28,Missing,-3.697314E28,-3.697314E28,-3.697314E28,Missing,-3.697314E28,-3.697314E28,-3.697314E28,Port 0x02: JJH T tibia tracker  s/n:3E4C8800,195968539,1738955742.318571017,1,OK,0.9165854,-0.3036172,-0.0982691,0.2408963,151.159,-150.862,-1546.808,0.5569401,3,OK,151.077,-150.694,-1546.949,OK,156.244,-231.378,-1493.234,OK,73.199,-195.603,-1550.153,Port 0x03: JJH Y femur tracker  s/n:3E4C8801,195968539,1738955742.318571017,1,OK,0.8193428,-0.0299063,0.4672412,-0.3308604,-120.948,108.045,-1526.796,0.0756260,3,OK,-120.918,108.011,-1526.852,OK,-99.667,204.001,-1512.104,OK,-153.098,161.196,-1457.205
3,Port 0x01: JJH Probe  s/n:3E4C880C,195968542,1738955742.368571017,1,Too Few Markers,-3.697314E28,-3.697314E28,-3.697314E28,-3.697314E28,-3.697314E28,-3.697314E28,-3.697314E28,0.0000000,3,Missing,-3.697314E28,-3.697314E28,-3.697314E28,Missing,-3.697314E28,-3.697314E28,-3.697314E28,Missing,-3.697314E28,-3.697314E28,-3.697314E28,Port 0x02: JJH T tibia tracker  s/n:3E4C8800,195968542,1738955742.368571017,1,OK,0.9146239,-0.3095200,-0.0967380,0.2414585,151.250,-149.586,-1544.917,0.5409386,3,OK,151.173,-149.431,-1545.051,OK,156.312,-229.389,-1490.328,OK,73.290,-194.363,-1547.687,Port 0x03: JJH Y femur tracker  s/n:3E4C8801,195968542,1738955742.368571017,1,OK,0.8262886,-0.0293973,0.4584468,-0.3258978,-124.539,107.145,-1528.391,0.0856137,3,OK,-124.504,107.107,-1528.453,OK,-104.795,203.365,-1513.266,OK,-158.822,159.870,-1459.481
3,Port 0x01: JJH Probe  s/n:3E4C880C,195968545,1738955742.418571017,1,Too Few Markers,-3.697314E28,-3.697314E28,-3.697314E28,-3.697314E28,-3.697314E28,-3.697314E28,-3.697314E28,0.0000000,3,Missing,-3.697314E28,-3.697314E28,-3.697314E28,Missing,-3.697314E28,-3.697314E28,-3.697314E28,Missing,-3.697314E28,-3.697314E28,-3.697314E28,Port 0x02: JJH T tibia tracker  s/n:3E4C8800,195968545,1738955742.418571017,1,OK,0.9133216,-0.3137411,-0.0950587,0.2416073,151.363,-148.810,-1543.798,0.5557035,3,OK,151.276,-148.629,-1543.955,OK,156.395,-228.134,-1488.448,OK,73.370,-193.534,-1546.078,Port 0x03: JJH Y femur tracker  s/n:3E4C8801,195968545,1738955742.418571017,1,OK,0.8333773,-0.0291634,0.4492980,-0.3205668,-128.178,106.017,-1530.090,0.0877765,3,OK,-128.146,105.965,-1530.152,OK,-110.086,202.518,-1514.582,OK,-164.653,158.274,-1461.956
3,Port 0x01: JJH Probe  s/n:3E4C880C,195968548,1738955742.468571017,1,Too Few Markers,-3.697314E28,-3.697314E28,-3.697314E28,-3.697314E28,-3.697314E28,-3.697314E28,-3.697314E28,0.0000000,3,Missing,-3.697314E28,-3.697314E28,-3.697314E28,Missing,-3.697314E28,-3.697314E28,-3.697314E28,Missing,-3.697314E28,-3.697314E28,-3.697314E28,Port 0x02: JJH T tibia tracker  s/n:3E4C8800,195968548,1738955742.468571017,1,OK,0.9118747,-0.3183957,-0.0928818,0.2418298,151.496,-147.795,-1542.371,0.5275652,3,OK,151.415,-147.617,-1542.527,OK,156.499,-226.524,-1486.221,OK,73.469,-192.465,-1544.039,Port 0x03: JJH Y femur tracker  s/n:3E4C8801,195968548,1738955742.468571017,1,OK,0.8406741,-0.0283173,0.4395904,-0.3150008,-131.935,104.895,-1531.982,0.0817730,3,OK,-131.908,104.826,-1532.042,OK,-115.542,201.634,-1516.005,OK,-170.665,156.597,-1464.696
3,Port 0x01: JJH Probe  s/n:3E4C880C,195968551,1738955742.518571018,1,Too Few Markers,-3.697314E28,-3.697314E28,-3.697314E28,-3.697314E28,-3.697314E28,-3.697314E28,-3.697314E28,0.0000000,3,Missing,-3.697314E28,-3.697314E28,-3.697314E28,Missing,-3.697314E28,-3.697314E28,-3.697314E28,Missing,-3.697314E28,-3.697314E28,-3.697314E28,Port 0x02: JJH T tibia tracker  s/n:3E4C8800,195968551,1738955742.518571018,1,OK,0.9097218,-0.3244465,-0.0915932,0.2423868,151.628,-146.559,-1540.557,0.5189469,3,OK,151.552,-146.410,-1540.694,OK,156.613,-224.517,-1483.389,OK,73.595,-191.254,-1541.693,Port 0x03: JJH Y femur tracker  s/n:3E4C8801,195968551,1738955742.518571018,1,OK,0.8479247,-0.0277187,0.4297881,-0.3090916,-135.701,103.643,-1533.899,0.0934884,3,OK,-135.669,103.563,-1533.965,OK,-121.081,200.611,-1517.527,OK,-176.715,154.737,-1467.495
3,Port 0x01: JJH Probe  s/n:3E4C880C,195968554,1738955742.568571017,1,Too Few Markers,-3.697314E28,-3.697314E28,-3.697314E28,-3.697314E28,-3.697314E28,-3.697314E28,-3.697314E28,0.0000000,3,Missing,-3.697314E28,-3.697314E28,-3.697314E28,Missing,-3.697314E28,-3.697314E28,-3.697314E28,Missing,-3.697314E28,-3.697314E28,-3.697314E28,Port 0x02: JJH T tibia tracker  s/n:3E4C8800,195968554,1738955742.568571017,1,OK,0.9075333,-0.3307381,-0.0893699,0.2429168,151.736,-145.267,-1538.834,0.5102059,3,OK,151.655,-145.112,-1538.981,OK,156.716,-222.423,-1480.584,OK,73.696,-189.932,-1539.259,Port 0x03: JJH Y femur tracker  s/n:3E4C8801,195968554,1738955742.568571017,1,OK,0.8555230,-0.0273168,0.4188076,-0.3032068,-139.574,102.299,-1536.072,0.0743071,3,OK,-139.557,102.218,-1536.118,OK,-126.828,199.491,-1519.403,OK,-182.971,152.797,-1470.793
3,Port 0x01: JJH Probe  s/n:3E4C880C,195968557,1738955742.618527060,1,Too Few Markers,-3.697314E28,-3.697314E28,-3.697314E28,-3.697314E28,-3.697314E28,-3.697314E28,-3.697314E28,0.0000000,3,Missing,-3.697314E28,-3.697314E28,-3.697314E28,Missing,-3.697314E28,-3.697314E28,-3.697314E28,Missing,-3.697314E28,-3.697314E28,-3.697314E28,Port 0x02: JJH T tibia tracker  s/n:3E4C8800,195968557,1738955742.618527060,1,OK,0.9053007,-0.3368812,-0.0878709,0.2433525,151.909,-143.959,-1537.104,0.5128412,3,OK,151.830,-143.805,-1537.252,OK,156.854,-220.326,-1477.820,OK,73.854,-188.609,-1536.961,Port 0x03: JJH Y femur tracker  s/n:3E4C8801,195968557,1738955742.618527060,1,OK,0.8628705,-0.0267996,0.4082556,-0.2967554,-143.482,100.886,-1538.323,0.0881253,3,OK,-143.456,100.795,-1538.378,OK,-132.658,198.264,-1521.345,OK,-189.241,150.670,-1474.092
3,Port 0x01: JJH Probe  s/n:3E4C880C,195968560,1738955742.668527060,1,Too Few Markers,-3.697314E28,-3.697314E28,-3.697314E28,-3.697314E28,-3.697314E28,-3.697314E28,-3.697314E28,0.0000000,3,Missing,-3.697314E28,-3.697314E28,-3.697314E28,Missing,-3.697314E28,-3.697314E28,-3.697314E28,Missing,-3.697314E28,-3.697314E28,-3.697314E28,Port 0x02: JJH T tibia tracker  s/n:3E4C8800,195968560,1738955742.668527060,1,OK,0.9028791,-0.3434751,-0.0857208,0.2438979,152.118,-142.676,-1535.464,0.5187886,3,OK,152.032,-142.516,-1535.625,OK,157.066,-218.177,-1475.057,OK,74.053,-187.280,-1534.615,Port 0x03: JJH Y femur tracker  s/n:3E4C8801,195968560,1738955742.668527060,1,OK,0.8699867,-0.0264654,0.3976217,-0.2903785,-147.259,99.389,-1540.718,0.0946788,3,OK,-147.224,99.299,-1540.779,OK,-138.356,196.920,-1523.522,OK,-195.325,148.457,-1477.610
3,Port 0x01: JJH Probe  s/n:3E4C880C,195968563,1738955742.718527060,1,Too Few Markers,-3.697314E28,-3.697314E28,-3.697314E28,-3.697314E28,-3.697314E28,-3.697314E28,-3.697314E28,0.0000000,3,Missing,-3.697314E28,-3.697314E28,-3.697314E28,Missing,-3.697314E28,-3.697314E28,-3.697314E28,Missing,-3.697314E28,-3.697314E28,-3.697314E28,Port 0x02: JJH T tibia tracker  s/n:3E4C8800,195968563,1738955742.718527060,1,OK,0.9010644,-0.3482476,-0.0838729,0.2444828,152.288,-141.532,-1534.124,0.4928210,3,OK,152.219,-141.373,-1534.280,OK,157.267,-216.356,-1472.930,OK,74.223,-186.132,-1532.686,Port 0x03: JJH Y femur tracker  s/n:3E4C8801,195968563,1738955742.718527060,1,OK,0.8768900,-0.0256889,0.3870658,-0.2838734,-150.951,97.870,-1543.225,0.1122339,3,OK,-150.901,97.763,-1543.302,OK,-143.958,195.511,-1525.760,OK,-201.268,146.156,-1481.246
3,Port 0x01: JJH Probe  s/n:3E4C880C,195968566,1738955742.768527061,1,Too Few Markers,-3.697314E28,-3.697314E28,-3.697314E28,-3.697314E28,-3.697314E28,-3.697314E28,-3.697314E28,0.0000000,3,Missing,-3.697314E28,-3.697314E28,-3.697314E28,Missing,-3.697314E28,-3.697314E28,-3.697314E28,Missing,-3.697314E28,-3.697314E28,-3.697314E28,Port 0x02: JJH T tibia tracker  s/n:3E4C8800,195968566,1738955742.768527061,1,OK,0.8995269,-0.3522252,-0.0829233,0.2447701,152.450,-140.525,-1532.886,0.5056189,3,OK,152.375,-140.380,-1533.035,OK,157.427,-214.810,-1471.030,OK,74.370,-185.094,-1531.095,Port 0x03: JJH Y femur tracker  s/n:3E4C8801,195968566,1738955742.768527061,1,OK,0.8837249,-0.0246938,0.3760752,-0.2774671,-154.545,96.314,-1545.714,0.1115916,3,OK,-154.494,96.193,-1545.790,OK,-149.460,194.032,-1528.004,OK,-207.079,143.795,-1484.987
3,Port 0x01: JJH Probe  s/n:3E4C880C,195968569,1738955742.818527060,1,Too Few Markers,-3.697314E28,-3.697314E28,-3.697314E28,-3.697314E28,-3.697314E28,-3.697314E28,-3.697314E28,0.0000000,3,Missing,-3.697314E28,-3.697314E28,-3.697314E28,Missing,-3.697314E28,-3.697314E28,-3.697314E28,Missing,-3.697314E28,-3.697314E28,-3.697314E28,Port 0x02: JJH T tibia tracker  s/n:3E4C8800,195968569,1738955742.818527060,1,OK,0.8980254,-0.3564160,-0.0809345,0.2448827,152.605,-139.673,-1531.802,0.4882159,3,OK,152.540,-139.501,-1531.972,OK,157.546,-213.377,-1469.251,OK,74.500,-184.152,-1529.452,Port 0x03: JJH Y femur tracker  s/n:3E4C8801,195968569,1738955742.818527060,1,OK,0.8900380,-0.0240446,0.3655995,-0.2712771,-157.863,94.754,-1548.214,0.1136771,3,OK,-157.808,94.627,-1548.290,OK,-154.618,192.524,-1530.368,OK,-212.470,141.451,-1488.729
3,Port 0x01: JJH Probe  s/n:3E4C880C,195968572,1738955742.868527061,1,Too Few Markers,-3.697314E28,-3.697314E28,-3.697314E28,-3.697314E28,-3.697314E28,-3.697314E28,-3.697314E28,0.0000000,3,Missing,-3.697314E28,-3.697314E28,-3.697314E28,Missing,-3.697314E28,-3.697314E28,-3.697314E28,Missing,-3.697314E28,-3.697314E28,-3.697314E28,Port 0x02: JJH T tibia tracker  s/n:3E4C8800,195968572,1738955742.868527061,1,OK,0.8964281,-0.3605157,-0.0798900,0.2450769,152.735,-138.743,-1530.618,0.4926835,3,OK,152.661,-138.583,-1530.784,OK,157.650,-211.877,-1467.398,OK,74.615,-183.168,-1527.894,Port 0x03: JJH Y femur tracker  s/n:3E4C8801,195968572,1738955742.868527061,1,OK,0.8960129,-0.0235113,0.3554132,-0.2651218,-161.087,93.198,-1550.791,0.1253167,3,OK,-161.025,93.061,-1550.872,OK,-159.634,191.014,-1532.876,OK,-217.692,139.084,-1492.538
3,Port 0x01: JJH Probe  s/n:3E4C880C,195968575,1738955742.918527061,1,Too Few Markers,-3.697314E28,-3.697314E28,-3.697314E28,-3.697314E28,-3.697314E28,-3.697314E28,-3.697314E28,0.0000000,3,Missing,-3.697314E28,-3.697314E28,-3.697314E28,Missing,-3.697314E28,-3.697314E28,-3.697314E28,Missing,-3.697314E28,-3.697314E28,-3.697314E28,Port 0x02: JJH T tibia tracker  s/n:3E4C8800,195968575,1738955742.918527061,1,OK,0.8949688,-0.3644428,-0.0778477,0.2452590,152.884,-137.885,-1529.538,0.4653995,3,OK,152.823,-137.707,-1529.716,OK,157.786,-210.442,-1465.681,OK,74.749,-182.222,-1526.251,Port 0x03: JJH Y femur tracker  s/n:3E4C8801,195968575,1738955742.918527061,1,OK,0.9022136,-0.0233284,0.3442318,-0.2587872,-164.255,91.526,-1553.356,0.1147671,3,OK,-164.197,91.394,-1553.427,OK,-164.714,189.358,-1535.502,OK,-222.921,136.592,-1496.551
3,Port 0x01: JJH Probe  s/n:3E4C880C,195968578,1738955742.968580554,1,Too Few Markers,-3.697314E28,-3.697314E28,-3.697314E28,-3.697314E28,-3.697314E28,-3.697314E28,-3.697314E28,0.0000000,3,Missing,-3.697314E28,-3.697314E28,-3.697314E28,Missing,-3.697314E28,-3.697314E28,-3.697314E28,Missing,-3.697314E28,-3.697314E28,-3.697314E28,Port 0x02: JJH T tibia tracker  s/n:3E4C8800,195968578,1738955742.968580554,1,OK,0.8935783,-0.3678811,-0.0770068,0.2454613,153.034,-137.053,-1528.471,0.4709491,3,OK,152.970,-136.882,-1528.647,OK,157.922,-209.122,-1464.059,OK,74.887,-181.350,-1524.874,Port 0x03: JJH Y femur tracker  s/n:3E4C8801,195968578,1738955742.968580554,1,OK,0.9081279,-0.0225885,0.3335239,-0.2521017,-167.498,89.736,-1556.301,0.1407561,3,OK,-167.415,89.582,-1556.392,OK,-169.864,187.535,-1538.409,OK,-228.171,133.885,-1500.851
3,Port 0x01: JJH Probe  s/n:3E4C880C,195968581,1738955743.018580554,1,Too Few Markers,-3.697314E28,-3.697314E28,-3.697314E28,-3.697314E28,-3.697314E28,-3.697314E28,-3.697314E28,0.0000000,3,Missing,-3.697314E28,-3.697314E28,-3.697314E28,Missing,-3.697314E28,-3.697314E28,-3.697314E28,Missing,-3.697314E28,-3.697314E28,-3.697314E28,Port 0x02: JJH T tibia tracker  s/n:3E4C8800,195968581,1738955743.018580554,1,OK,0.8920857,-0.3715900,-0.0762718,0.2455334,153.144,-136.186,-1527.366,0.4960722,3,OK,153.067,-136.027,-1527.540,OK,158.001,-207.740,-1462.349,OK,74.966,-180.416,-1523.487,Port 0x03: JJH Y femur tracker  s/n:3E4C8801,195968581,1738955743.018580554,1,OK,0.9143456,-0.0212190,0.3216625,-0.2450615,-170.809,87.845,-1559.368,0.1576690,3,OK,-170.711,87.674,-1559.468,OK,-175.189,185.553,-1541.398,OK,-233.566,130.987,-1505.471
3,Port 0x01: JJH Probe  s/n:3E4C880C,195968584,1738955743.068580561,1,Too Few Markers,-3.697314E28,-3.697314E28,-3.697314E28,-3.697314E28,-3.697314E28,-3.697314E28,-3.697314E28,0.0000000,3,Missing,-3.697314E28,-3.697314E28,-3.697314E28,Missing,-3.697314E28,-3.697314E28,-3.697314E28,Missing,-3.697314E28,-3.697314E28,-3.697314E28,Port 0x02: JJH T tibia tracker  s/n:3E4C8800,195968584,1738955743.068580561,1,OK,0.8908549,-0.3747644,-0.0744900,0.2457243,153.280,-135.321,-1526.269,0.4487094,3,OK,153.215,-135.170,-1526.433,OK,158.136,-206.364,-1460.768,OK,75.102,-179.472,-1521.906,Port 0x03: JJH Y femur tracker  s/n:3E4C8801,195968584,1738955743.068580561,1,OK,0.9205303,-0.0209154,0.3093452,-0.2376805,-174.065,85.789,-1562.532,0.1602318,3,OK,-173.962,85.613,-1562.629,OK,-180.563,183.421,-1544.751,OK,-238.937,127.878,-1510.337
3,Port 0x01: JJH Probe  s/n:3E4C880C,195968587,1738955743.118580561,1,Too Few Markers,-3.697314E28,-3.697314E28,-3.697314E28,-3.697314E28,-3.697314E28,-3.697314E28,-3.697314E28,0.0000000,3,Missing,-3.697314E28,-3.697314E28,-3.697314E28,Missing,-3.697314E28,-3.697314E28,-3.697314E28,Missing,-3.697314E28,-3.697314E28,-3.697314E28,Port 0x02: JJH T tibia tracker  s/n:3E4C8800,195968587,1738955743.118580561,1,OK,0.8893383,-0.3786618,-0.0730915,0.2456631,153.375,-134.535,-1525.208,0.4597448,3,OK,153.319,-134.359,-1525.393,OK,158.174,-205.025,-1459.075,OK,75.152,-178.576,-1520.428,Port 0x03: JJH Y femur tracker  s/n:3E4C8801,195968587,1738955743.118580561,1,OK,0.9265078,-0.0202091,0.2969621,-0.2301921,-177.247,83.697,-1565.915,0.1655683,3,OK,-177.137,83.518,-1566.012,OK,-185.858,181.188,-1548.297,OK,-244.164,124.683,-1515.461
3,Port 0x01: JJH Probe  s/n:3E4C880C,195968590,1738955743.168580561,1,Too Few Markers,-3.697314E28,-3.697314E28,-3.697314E28,-3.697314E28,-3.697314E28,-3.697314E28,-3.697314E28,0.0000000,3,Missing,-3.697314E28,-3.697314E28,-3.697314E28,Missing,-3.697314E28,-3.697314E28,-3.697314E28,Missing,-3.697314E28,-3.697314E28,-3.697314E28,Port 0x02: JJH T tibia tracker  s/n:3E4C8800,195968590,1738955743.168580561,1,OK,0.8881416,-0.3817465,-0.0720399,0.2455287,153.496,-133.826,-1524.151,0.4574096,3,OK,153.439,-133.649,-1524.340,OK,158.234,-203.863,-1457.536,OK,75.237,-177.764,-1519.060,Port 0x03: JJH Y femur tracker  s/n:3E4C8801,195968590,1738955743.168580561,1,OK,0.9322371,-0.0204693,0.2847395,-0.2223475,-180.378,81.486,-1569.427,0.1729681,3,OK,-180.243,81.315,-1569.531,OK,-191.159,178.816,-1552.185,OK,-249.316,121.323,-1520.741
3,Port 0x01: JJH Probe  s/n:3E4C880C,195968593,1738955743.218580554,1,Too Few Markers,-3.697314E28,-3.697314E28,-3.697314E28,-3.697314E28,-3.697314E28,-3.697314E28,-3.697314E28,0.0000000,3,Missing,-3.697314E28,-3.697314E28,-3.697314E28,Missing,-3.697314E28,-3.697314E28,-3.697314E28,Missing,-3.697314E28,-3.697314E28,-3.697314E28,Port 0x02: JJH T tibia tracker  s/n:3E4C8800,195968593,1738955743.218580554,1,OK,0.8872707,-0.3840823,-0.0708266,0.2453877,153.571,-133.275,-1523.252,0.4501522,3,OK,153.514,-133.100,-1523.440,OK,158.277,-202.954,-1456.270,OK,75.275,-177.101,-1517.858,Port 0x03: JJH Y femur tracker  s/n:3E4C8801,195968593,1738955743.218580554,1,OK,0.9379484,-0.0196210,0.2715709,-0.2147488,-183.294,79.242,-1572.974,0.1780712,3,OK,-183.153,79.069,-1573.076,OK,-196.197,176.360,-1556.026,OK,-254.207,117.908,-1526.234
3,Port 0x01: JJH Probe  s/n:3E4C880C,195968596,1738955743.268580554,1,Too Few Markers,-3.697314E28,-3.697314E28,-3.697314E28,-3.697314E28,-3.697314E28,-3.697314E28,-3.697314E28,0.0000000,3,Missing,-3.697314E28,-3.697314E28,-3.697314E28,Missing,-3.697314E28,-3.697314E28,-3.697314E28,Missing,-3.697314E28,-3.697314E28,-3.697314E28,Port 0x02: JJH T tibia tracker  s/n:3E4C8800,195968596,1738955743.268580554,1,OK,0.8863755,-0.3864460,-0.0705516,0.2449906,153.574,-132.778,-1522.341,0.4579202,3,OK,153.510,-132.622,-1522.517,OK,158.171,-202.121,-1455.006,OK,75.225,-176.502,-1516.833,Port 0x03: JJH Y femur tracker  s/n:3E4C8801,195968596,1738955743.268580554,1,OK,0.9433845,-0.0183896,0.2584909,-0.2070508,-186.139,77.010,-1576.659,0.1935471,3,OK,-185.985,76.828,-1576.763,OK,-201.145,173.864,-1559.979,OK,-258.933,114.460,-1531.878
3,Port 0x01: JJH Probe  s/n:3E4C880C,195968599,1738955743.318580561,1,Too Few Markers,-3.697314E28,-3.697314E28,-3.697314E28,-3.697314E28,-3.697314E28,-3.697314E28,-3.697314E28,0.0000000,3,Missing,-3.697314E28,-3.697314E28,-3.697314E28,Missing,-3.697314E28,-3.697314E28,-3.697314E28,Missing,-3.697314E28,-3.697314E28,-3.697314E28,Port 0x02: JJH T tibia tracker  s/n:3E4C8800,195968599,1738955743.318580561,1,OK,0.8856212,-0.3886512,-0.0693941,0.2445605,153.606,-132.401,-1521.442,0.4493137,3,OK,153.545,-132.237,-1521.625,OK,158.112,-201.416,-1453.769,OK,75.201,-175.979,-1515.662,Port 0x03: JJH Y femur tracker  s/n:3E4C8801,195968599,1738955743.318580561,1,OK,0.9484850,-0.0180652,0.2454764,-0.1994771,-188.736,74.693,-1580.257,0.1997066,3,OK,-188.578,74.509,-1580.355,OK,-205.818,171.280,-1564.069,OK,-263.315,110.953,-1537.502
3,Port 0x01: JJH Probe  s/n:3E4C880C,195968602,1738955743.368580561,1,Too Few Markers,-3.697314E28,-3.697314E28,-3.697314E28,-3.697314E28,-3.697314E28,-3.697314E28,-3.697314E28,0.0000000,3,Missing,-3.697314E28,-3.697314E28,-3.697314E28,Missing,-3.697314E28,-3.697314E28,-3.697314E28,Missing,-3.697314E28,-3.697314E28,-3.697314E28,Port 0x02: JJH T tibia tracker  s/n:3E4C8800,195968602,1738955743.368580561,1,OK,0.8849162,-0.3907102,-0.0689248,0.2439637,153.562,-132.011,-1520.520,0.4526624,3,OK,153.494,-131.860,-1520.696,OK,157.936,-200.733,-1452.544,OK,75.090,-175.448,-1514.619,Port 0x03: JJH Y femur tracker  s/n:3E4C8801,195968602,1738955743.368580561,1,OK,0.9533009,-0.0175653,0.2326627,-0.1917729,-191.227,72.398,-1584.023,0.2145190,3,OK,-191.051,72.207,-1584.124,OK,-210.360,168.677,-1568.331,OK,-267.514,107.419,-1543.280
3,Port 0x01: JJH Probe  s/n:3E4C880C,195968605,1738955743.418580561,1,Too Few Markers,-3.697314E28,-3.697314E28,-3.697314E28,-3.697314E28,-3.697314E28,-3.697314E28,-3.697314E28,0.0000000,3,Missing,-3.697314E28,-3.697314E28,-3.697314E28,Missing,-3.697314E28,-3.697314E28,-3.697314E28,Missing,-3.697314E28,-3.697314E28,-3.697314E28,Port 0x02: JJH T tibia tracker  s/n:3E4C8800,195968605,1738955743.418580561,1,OK,0.8843208,-0.3925715,-0.0679705,0.2434016,153.528,-131.697,-1519.712,0.4449446,3,OK,153.473,-131.530,-1519.899,OK,157.784,-200.148,-1451.456,OK,74.990,-174.989,-1513.594,Port 0x03: JJH Y femur tracker  s/n:3E4C8801,195968605,1738955743.418580561,1,OK,0.9579237,-0.0168714,0.2197207,-0.1839034,-193.624,70.005,-1587.799,0.2281487,3,OK,-193.437,69.814,-1587.898,OK,-214.815,165.922,-1572.622,OK,-271.544,103.738,-1549.123
3,Port 0x01: JJH Probe  s/n:3E4C880C,195968608,1738955743.468580554,1,Too Few Markers,-3.697314E28,-3.697314E28,-3.697314E28,-3.697314E28,-3.697314E28,-3.697314E28,-3.697314E28,0.0000000,3,Missing,-3.697314E28,-3.697314E28,-3.697314E28,Missing,-3.697314E28,-3.697314E28,-3.697314E28,Missing,-3.697314E28,-3.697314E28,-3.697314E28,Port 0x02: JJH T tibia tracker  s/n:3E4C8800,195968608,1738955743.468580554,1,OK,0.8837403,-0.3943782,-0.0671469,0.2428174,153.515,-131.392,-1518.934,0.4542270,3,OK,153.456,-131.215,-1519.134,OK,157.661,-199.591,-1450.395,OK,74.909,-174.529,-1512.641,Port 0x03: JJH Y femur tracker  s/n:3E4C8801,195968608,1738955743.468580554,1,OK,0.9623334,-0.0158681,0.2068412,-0.1757251,-195.964,67.546,-1591.926,0.2641877,3,OK,-195.733,67.343,-1592.037,OK,-219.227,163.043,-1577.246,OK,-275.478,99.920,-1555.312
3,Port 0x01: JJH Probe  s/n:3E4C880C,195968611,1738955743.518580554,1,Too Few Markers,-3.697314E28,-3.697314E28,-3.697314E28,-3.697314E28,-3.697314E28,-3.697314E28,-3.697314E28,0.0000000,3,Missing,-3.697314E28,-3.697314E28,-3.697314E28,Missing,-3.697314E28,-3.697314E28,-3.697314E28,Missing,-3.697314E28,-3.697314E28,-3.697314E28,Port 0x02: JJH T tibia tracker  s/n:3E4C8800,195968611,1738955743.518580554,1,OK,0.8833341,-0.3957009,-0.0662822,0.2423804,153.540,-131.128,-1518.173,0.4417935,3,OK,153.482,-130.956,-1518.368,OK,157.614,-199.116,-1449.443,OK,74.885,-174.134,-1511.706,Port 0x03: JJH Y femur tracker  s/n:3E4C8801,195968611,1738955743.518580554,1,OK,0.9667452,-0.0150841,0.1927869,-0.1673601,-198.150,64.922,-1596.084,0.2707362,3,OK,-197.917,64.717,-1596.187,OK,-223.536,159.978,-1582.084,OK,-279.233,95.874,-1561.791
3,Port 0x01: JJH Probe  s/n:3E4C880C,195968614,1738955743.568617951,1,Too Few Markers,-3.697314E28,-3.697314E28,-3.697314E28,-3.697314E28,-3.697314E28,-3.697314E28,-3.697314E28,0.0000000,3,Missing,-3.697314E28,-3.697314E28,-3.697314E28,Missing,-3.697314E28,-3.697314E28,-3.697314E28,Missing,-3.697314E28,-3.697314E28,-3.697314E28,Port 0x02: JJH T tibia tracker  s/n:3E4C8800,195968614,1738955743.568617951,1,OK,0.8825795,-0.3976526,-0.0660209,0.2420065,153.536,-130.672,-1517.289,0.4560061,3,OK,153.473,-130.509,-1517.479,OK,157.518,-198.381,-1448.265,OK,74.825,-173.583,-1510.731,Port 0x03: JJH Y femur tracker  s/n:3E4C8801,195968614,1738955743.568617951,1,OK,0.9709274,-0.0145359,0.1784224,-0.1589157,-200.201,62.312,-1600.281,0.2897516,3,OK,-199.954,62.109,-1600.380,OK,-227.709,156.874,-1587.084,OK,-282.783,91.836,-1568.403
3,Port 0x01: JJH Probe  s/n:3E4C880C,195968617,1738955743.618617951,1,Too Few Markers,-3.697314E28,-3.697314E28,-3.697314E28,-3.697314E28,-3.697314E28,-3.697314E28,-3.697314E28,0.0000000,3,Missing,-3.697314E28,-3.697314E28,-3.697314E28,Missing,-3.697314E28,-3.697314E28,-3.697314E28,Missing,-3.697314E28,-3.697314E28,-3.697314E28,Port 0x02: JJH T tibia tracker  s/n:3E4C8800,195968617,1738955743.618617951,1,OK,0.8821400,-0.3990807,-0.0652937,0.2414547,153.512,-130.433,-1516.536,0.4513287,3,OK,153.456,-130.270,-1516.725,OK,157.393,-197.927,-1447.305,OK,74.735,-173.208,-1509.831,Port 0x03: JJH Y femur tracker  s/n:3E4C8801,195968617,1738955743.618617951,1,OK,0.9747357,-0.0140068,0.1645727,-0.1503662,-202.078,59.591,-1604.616,0.3082624,3,OK,-201.810,59.395,-1604.713,OK,-231.659,153.616,-1592.240,OK,-286.045,87.644,-1575.090
3,Port 0x01: JJH Probe  s/n:3E4C880C,195968620,1738955743.668617951,1,Too Few Markers,-3.697314E28,-3.697314E28,-3.697314E28,-3.697314E28,-3.697314E28,-3.697314E28,-3.697314E28,0.0000000,3,Missing,-3.697314E28,-3.697314E28,-3.697314E28,Missing,-3.697314E28,-3.697314E28,-3.697314E28,Missing,-3.697314E28,-3.697314E28,-3.697314E28,Port 0x02: JJH T tibia tracker  s/n:3E4C8800,195968620,1738955743.668617951,1,OK,0.8817223,-0.4005532,-0.0645048,0.2407529,153.435,-130.153,-1515.707,0.4464745,3,OK,153.375,-130.002,-1515.887,OK,157.199,-197.423,-1446.266,OK,74.581,-172.756,-1508.863,Port 0x03: JJH Y femur tracker  s/n:3E4C8801,195968620,1738955743.668617951,1,OK,0.9783479,-0.0124353,0.1502725,-0.1417705,-203.819,56.860,-1608.988,0.3367723,3,OK,-203.522,56.656,-1609.085,OK,-235.435,150.304,-1597.343,OK,-289.100,83.395,-1581.895
3,Port 0x01: JJH Probe  s/n:3E4C880C,195968623,1738955743.718617944,1,Too Few Markers,-3.697314E28,-3.697314E28,-3.697314E28,-3.697314E28,-3.697314E28,-3.697314E28,-3.697314E28,0.0000000,3,Missing,-3.697314E28,-3.697314E28,-3.697314E28,Missing,-3.697314E28,-3.697314E28,-3.697314E28,Missing,-3.697314E28,-3.697314E28,-3.697314E28,Port 0x02: JJH T tibia tracker  s/n:3E4C8800,195968623,1738955743.718617944,1,OK,0.8815007,-0.4012891,-0.0638385,0.2405167,153.378,-129.927,-1515.054,0.4312692,3,OK,153.323,-129.783,-1515.224,OK,157.111,-197.065,-1445.513,OK,74.491,-172.448,-1508.080,Port 0x03: JJH Y femur tracker  s/n:3E4C8801,195968623,1738955743.718617944,1,OK,0.9815993,-0.0113856,0.1361224,-0.1334309,-205.326,54.201,-1613.248,0.3538662,3,OK,-205.022,54.001,-1613.337,OK,-238.894,147.049,-1602.476,OK,-291.777,79.261,-1588.613
3,Port 0x01: JJH Probe  s/n:3E4C880C,195968626,1738955743.768617951,1,Too Few Markers,-3.697314E28,-3.697314E28,-3.697314E28,-3.697314E28,-3.697314E28,-3.697314E28,-3.697314E28,0.0000000,3,Missing,-3.697314E28,-3.697314E28,-3.697314E28,Missing,-3.697314E28,-3.697314E28,-3.697314E28,Missing,-3.697314E28,-3.697314E28,-3.697314E28,Port 0x02: JJH T tibia tracker  s/n:3E4C8800,195968626,1738955743.768617951,1,OK,0.8813128,-0.4020854,-0.0628732,0.2401292,153.410,-129.760,-1514.574,0.4311631,3,OK,153.356,-129.599,-1514.761,OK,157.099,-196.778,-1444.898,OK,74.482,-172.157,-1507.427,Port 0x03: JJH Y femur tracker  s/n:3E4C8801,195968626,1738955743.768617951,1,OK,0.9844762,-0.0103239,0.1225305,-0.1252452,-206.612,51.583,-1617.406,0.3736806,3,OK,-206.286,51.378,-1617.490,OK,-242.042,143.832,-1607.511,OK,-294.121,75.180,-1595.150
3,Port 0x01: JJH Probe  s/n:3E4C880C,195968629,1738955743.818617951,1,Too Few Markers,-3.697314E28,-3.697314E28,-3.697314E28,-3.697314E28,-3.697314E28,-3.697314E28,-3.697314E28,0.0000000,3,Missing,-3.697314E28,-3.697314E28,-3.697314E28,Missing,-3.697314E28,-3.697314E28,-3.697314E28,Missing,-3.697314E28,-3.697314E28,-3.697314E28,Port 0x02: JJH T tibia tracker  s/n:3E4C8800,195968629,1738955743.818617951,1,OK,0.8812770,-0.4023922,-0.0625898,0.2398205,153.423,-129.602,-1514.181,0.4271387,3,OK,153.371,-129.445,-1514.364,OK,157.065,-196.572,-1444.466,OK,74.460,-171.933,-1506.997,Port 0x03: JJH Y femur tracker  s/n:3E4C8801,195968629,1738955743.818617951,1,OK,0.9869981,-0.0090364,0.1094588,-0.1173540,-207.724,49.044,-1621.544,0.4016292,3,OK,-207.376,48.843,-1621.623,OK,-244.908,140.663,-1612.493,OK,-296.156,71.231,-1601.593
3,Port 0x01: JJH Probe  s/n:3E4C880C,195968632,1738955743.868617950,1,Too Few Markers,-3.697314E28,-3.697314E28,-3.697314E28,-3.697314E28,-3.697314E28,-3.697314E28,-3.697314E28,0.0000000,3,Missing,-3.697314E28,-3.697314E28,-3.697314E28,Missing,-3.697314E28,-3.697314E28,-3.697314E28,Missing,-3.697314E28,-3.697314E28,-3.697314E28,Port 0x02: JJH T tibia tracker  s/n:3E4C8800,195968632,1738955743.868617950,1,OK,0.8812117,-0.4026859,-0.0624006,0.2396167,153.377,-129.492,-1513.765,0.4328164,3,OK,153.321,-129.341,-1513.944,OK,156.996,-196.419,-1444.004,OK,74.387,-171.772,-1506.561,Port 0x03: JJH Y femur tracker  s/n:3E4C8801,195968632,1738955743.868617950,1,OK,0.9892213,-0.0083907,0.0967293,-0.1096096,-208.676,46.518,-1625.564,0.4197297,3,OK,-208.309,46.315,-1625.637,OK,-247.545,137.519,-1617.482,OK,-297.934,67.311,-1607.889
3,Port 0x01: JJH Probe  s/n:3E4C880C,195968635,1738955743.918617950,1,Too Few Markers,-3.697314E28,-3.697314E28,-3.697314E28,-3.697314E28,-3.697314E28,-3.697314E28,-3.697314E28,0.0000000,3,Missing,-3.697314E28,-3.697314E28,-3.697314E28,Missing,-3.697314E28,-3.697314E28,-3.697314E28,Missing,-3.697314E28,-3.697314E28,-3.697314E28,Port 0x02: JJH T tibia tracker  s/n:3E4C8800,195968635,1738955743.918617950,1,OK,0.8811468,-0.4032375,-0.0620585,0.2390157,153.294,-129.388,-1513.273,0.4338918,3,OK,153.234,-129.244,-1513.448,OK,156.816,-196.240,-1443.438,OK,74.244,-171.548,-1506.039,Port 0x03: JJH Y femur tracker  s/n:3E4C8801,195968635,1738955743.918617950,1,OK,0.9912062,-0.0078497,0.0839851,-0.1019569,-209.421,44.127,-1629.472,0.4385447,3,OK,-209.041,43.939,-1629.537,OK,-249.917,134.473,-1622.424,OK,-299.414,63.543,-1614.096
3,Port 0x01: JJH Probe  s/n:3E4C880C,195968638,1738955743.968617950,1,Too Few Markers,-3.697314E28,-3.697314E28,-3.697314E28,-3.697314E28,-3.697314E28,-3.697314E28,-3.697314E28,0.0000000,3,Missing,-3.697314E28,-3.697314E28,-3.697314E28,Missing,-3.697314E28,-3.697314E28,-3.697314E28,Missing,-3.697314E28,-3.697314E28,-3.697314E28,Port 0x02: JJH T tibia tracker  s/n:3E4C8800,195968638,1738955743.968617950,1,OK,0.8811153,-0.4036915,-0.0615764,0.2384898,153.138,-129.287,-1512.698,0.4180090,3,OK,153.087,-129.146,-1512.865,OK,156.571,-196.063,-1442.814,OK,74.035,-171.340,-1505.397,Port 0x03: JJH Y femur tracker  s/n:3E4C8801,195968638,1738955743.968617950,1,OK,0.9928203,-0.0066225,0.0727899,-0.0946869,-210.057,41.762,-1633.372,0.4503068,3,OK,-209.667,41.578,-1633.430,OK,-252.037,131.481,-1627.128,OK,-300.648,59.843,-1620.011
3,Port 0x01: JJH Probe  s/n:3E4C880C,195968641,1738955744.018617950,1,Too Few Markers,-3.697314E28,-3.697314E28,-3.697314E28,-3.697314E28,-3.697314E28,-3.697314E28,-3.697314E28,0.0000000,3,Missing,-3.697314E28,-3.697314E28,-3.697314E28,Missing,-3.697314E28,-3.697314E28,-3.697314E28,Missing,-3.697314E28,-3.697314E28,-3.697314E28,Port 0x02: JJH T tibia tracker  s/n:3E4C8800,195968641,1738955744.018617950,1,OK,0.8809916,-0.4045216,-0.0607989,0.2377385,153.001,-129.257,-1512.224,0.4335118,3,OK,152.945,-129.093,-1512.417,OK,156.321,-195.935,-1442.195,OK,73.826,-171.138,-1504.813,Port 0x03: JJH Y femur tracker  s/n:3E4C8801,195968641,1738955744.018617950,1,OK,0.9942962,-0.0058784,0.0607919,-0.0874347,-210.512,39.406,-1637.143,0.4690965,3,OK,-210.097,39.236,-1637.193,OK,-253.950,128.467,-1631.902,OK,-301.674,56.163,-1625.963
3,Port 0x01: JJH Probe  s/n:3E4C880C,195968644,1738955744.068617950,1,Too Few Markers,-3.697314E28,-3.697314E28,-3.697314E28,-3.697314E28,-3.697314E28,-3.697314E28,-3.697314E28,0.0000000,3,Missing,-3.697314E28,-3.697314E28,-3.697314E28,Missing,-3.697314E28,-3.697314E28,-3.697314E28,Missing,-3.697314E28,-3.697314E28,-3.697314E28,Port 0x02: JJH T tibia tracker  s/n:3E4C8800,195968644,1738955744.068617950,1,OK,0.8810062,-0.4048377,-0.0606547,0.2371824,152.874,-129.170,-1511.716,0.4305506,3,OK,152.819,-129.022,-1511.893,OK,156.105,-195.801,-1441.658,OK,73.638,-170.954,-1504.319,Port 0x03: JJH Y femur tracker  s/n:3E4C8801,195968644,1738955744.068617950,1,OK,0.9956342,-0.0047292,0.0479607,-0.0799369,-210.863,36.983,-1640.987,0.4704507,3,OK,-210.445,36.821,-1641.028,OK,-255.768,125.367,-1636.800,OK,-302.524,52.348,-1632.150
3,Port 0x01: JJH Probe  s/n:3E4C880C,195968647,1738955744.118617950,1,Too Few Markers,-3.697314E28,-3.697314E28,-3.697314E28,-3.697314E28,-3.697314E28,-3.697314E28,-3.697314E28,0.0000000,3,Missing,-3.697314E28,-3.697314E28,-3.697314E28,Missing,-3.697314E28,-3.697314E28,-3.697314E28,Missing,-3.697314E28,-3.697314E28,-3.697314E28,Port 0x02: JJH T tibia tracker  s/n:3E4C8800,195968647,1738955744.118617950,1,OK,0.8809298,-0.4054269,-0.0599846,0.2366297,152.777,-129.091,-1511.364,0.4320287,3,OK,152.723,-128.928,-1511.557,OK,155.924,-195.644,-1441.211,OK,73.489,-170.746,-1503.866,Port 0x03: JJH Y femur tracker  s/n:3E4C8801,195968647,1738955744.118617950,1,OK,0.9967204,-0.0042254,0.0354846,-0.0726049,-211.011,34.663,-1644.938,0.4896855,3,OK,-210.574,34.501,-1644.969,OK,-257.327,122.357,-1641.913,OK,-303.085,48.687,-1638.398
3,Port 0x01: JJH Probe  s/n:3E4C880C,195968650,1738955744.168617950,1,Too Few Markers,-3.697314E28,-3.697314E28,-3.697314E28,-3.697314E28,-3.697314E28,-3.697314E28,-3.697314E28,0.0000000,3,Missing,-3.697314E28,-3.697314E28,-3.697314E28,Missing,-3.697314E28,-3.697314E28,-3.697314E28,Missing,-3.697314E28,-3.697314E28,-3.697314E28,Port 0x02: JJH T tibia tracker  s/n:3E4C8800,195968650,1738955744.168617950,1,OK,0.8808389,-0.4058889,-0.0597925,0.2362243,152.741,-129.050,-1510.882,0.4290793,3,OK,152.692,-128.891,-1511.069,OK,155.815,-195.533,-1440.672,OK,73.408,-170.629,-1503.364,Port 0x03: JJH Y femur tracker  s/n:3E4C8801,195968650,1738955744.168617950,1,OK,0.9975968,-0.0030081,0.0228340,-0.0653468,-210.994,32.193,-1648.942,0.5075029,3,OK,-210.545,32.039,-1648.962,OK,-258.660,119.174,-1647.012,OK,-303.397,44.884,-1644.730
3,Port 0x01: JJH Probe  s/n:3E4C880C,195968653,1738955744.218617950,1,Too Few Markers,-3.697314E28,-3.697314E28,-3.697314E28,-3.697314E28,-3.697314E28,-3.697314E28,-3.697314E28,0.0000000,3,Missing,-3.697314E28,-3.697314E28,-3.697314E28,Missing,-3.697314E28,-3.697314E28,-3.697314E28,Missing,-3.697314E28,-3.697314E28,-3.697314E28,Port 0x02: JJH T tibia tracker  s/n:3E4C8800,195968653,1738955744.218617950,1,OK,0.8808086,-0.4064184,-0.0592888,0.2355529,152.543,-128.974,-1510.365,0.4264350,3,OK,152.494,-128.812,-1510.555,OK,155.509,-195.385,-1440.082,OK,73.149,-170.416,-1502.789,Port 0x03: JJH Y femur tracker  s/n:3E4C8801,195968653,1738955744.218617950,1,OK,0.9982645,-0.0022159,0.0112449,-0.0577640,-210.934,29.769,-1652.896,0.5224618,3,OK,-210.479,29.615,-1652.906,OK,-259.968,115.997,-1652.052,OK,-303.579,41.068,-1650.827
3,Port 0x01: JJH Probe  s/n:3E4C880C,195968656,1738955744.268617950,1,Too Few Markers,-3.697314E28,-3.697314E28,-3.697314E28,-3.697314E28,-3.697314E28,-3.697314E28,-3.697314E28,0.0000000,3,Missing,-3.697314E28,-3.697314E28,-3.697314E28,Missing,-3.697314E28,-3.697314E28,-3.697314E28,Missing,-3.697314E28,-3.697314E28,-3.697314E28,Port 0x02: JJH T tibia tracker  s/n:3E4C8800,195968656,1738955744.268617950,1,OK,0.8808171,-0.4067920,-0.0588691,0.2349808,152.346,-128.911,-1509.820,0.4192704,3,OK,152.302,-128.758,-1509.998,OK,155.228,-195.261,-1439.496,OK,72.888,-170.239,-1502.204,Port 0x03: JJH Y femur tracker  s/n:3E4C8801,195968656,1738955744.268617950,1,OK,0.9987421,-0.0012859,-0.0012270,-0.0501100,-210.762,27.294,-1656.852,0.5108700,3,OK,-210.310,27.155,-1656.851,OK,-261.110,112.766,-1657.199,OK,-303.603,37.152,-1657.094
3,Port 0x01: JJH Probe  s/n:3E4C880C,195968659,1738955744.318617950,1,Too Few Markers,-3.697314E28,-3.697314E28,-3.697314E28,-3.697314E28,-3.697314E28,-3.697314E28,-3.697314E28,0.0000000,3,Missing,-3.697314E28,-3.697314E28,-3.697314E28,Missing,-3.697314E28,-3.697314E28,-3.697314E28,Missing,-3.697314E28,-3.697314E28,-3.697314E28,Port 0x02: JJH T tibia tracker  s/n:3E4C8800,195968659,1738955744.318617950,1,OK,0.8808656,-0.4070643,-0.0582496,0.2344814,152.172,-128.804,-1509.330,0.4052310,3,OK,152.124,-128.654,-1509.508,OK,154.984,-195.106,-1438.975,OK,72.678,-170.014,-1501.633,Port 0x03: JJH Y femur tracker  s/n:3E4C8801,195968659,1738955744.318617950,1,OK,0.9989949,-0.0003031,-0.0148051,-0.0423061,-210.463,24.830,-1660.767,0.5307918,3,OK,-209.981,24.694,-1660.752,OK,-262.122,109.494,-1662.452,OK,-303.424,33.250,-1663.531
3,Port 0x01: JJH Probe  s/n:3E4C880C,195968662,1738955744.368617950,1,Too Few Markers,-3.697314E28,-3.697314E28,-3.697314E28,-3.697314E28,-3.697314E28,-3.697314E28,-3.697314E28,0.0000000,3,Missing,-3.697314E28,-3.697314E28,-3.697314E28,Missing,-3.697314E28,-3.697314E28,-3.697314E28,Missing,-3.697314E28,-3.697314E28,-3.697314E28,Port 0x02: JJH T tibia tracker  s/n:3E4C8800,195968662,1738955744.368617950,1,OK,0.8808971,-0.4072298,-0.0578707,0.2341690,152.062,-128.687,-1508.962,0.4068041,3,OK,152.016,-128.532,-1509.144,OK,154.837,-194.966,-1438.578,OK,72.533,-169.824,-1501.218,Port 0x03: JJH Y femur tracker  s/n:3E4C8801,195968662,1738955744.368617950,1,OK,0.9990770,-0.0005568,-0.0256508,-0.0344519,-209.987,22.356,-1664.751,0.5454718,3,OK,-209.504,22.207,-1664.725,OK,-262.946,106.191,-1667.708,OK,-302.961,29.335,-1669.539
3,Port 0x01: JJH Probe  s/n:3E4C880C,195968665,1738955744.418617950,1,Too Few Markers,-3.697314E28,-3.697314E28,-3.697314E28,-3.697314E28,-3.697314E28,-3.697314E28,-3.697314E28,0.0000000,3,Missing,-3.697314E28,-3.697314E28,-3.697314E28,Missing,-3.697314E28,-3.697314E28,-3.697314E28,Missing,-3.697314E28,-3.697314E28,-3.697314E28,Port 0x02: JJH T tibia tracker  s/n:3E4C8800,195968665,1738955744.418617950,1,OK,0.8809075,-0.4074358,-0.0573434,0.2339011,151.984,-128.590,-1508.731,0.4157714,3,OK,151.939,-128.422,-1508.927,OK,154.738,-194.844,-1438.299,OK,72.425,-169.651,-1500.912,Port 0x03: JJH Y femur tracker  s/n:3E4C8801,195968665,1738955744.418617950,1,OK,0.9989145,0.0007196,-0.0381726,-0.0266878,-209.404,19.888,-1668.751,0.5407290,3,OK,-208.914,19.761,-1668.714,OK,-263.556,102.890,-1672.945,OK,-302.348,25.413,-1675.867
3,Port 0x01: JJH Probe  s/n:3E4C880C,195968668,1738955744.468617950,1,Too Few Markers,-3.697314E28,-3.697314E28,-3.697314E28,-3.697314E28,-3.697314E28,-3.697314E28,-3.697314E28,0.0000000,3,Missing,-3.697314E28,-3.697314E28,-3.697314E28,Missing,-3.697314E28,-3.697314E28,-3.697314E28,Missing,-3.697314E28,-3.697314E28,-3.697314E28,Port 0x02: JJH T tibia tracker  s/n:3E4C8800,195968668,1738955744.468617950,1,OK,0.8808958,-0.4076159,-0.0571262,0.2336845,151.876,-128.417,-1508.384,0.4218992,3,OK,151.831,-128.251,-1508.577,OK,154.610,-194.644,-1437.922,OK,72.284,-169.426,-1500.547,Port 0x03: JJH Y femur tracker  s/n:3E4C8801,195968668,1738955744.468617950,1,OK,0.9985176,0.0024589,-0.0508681,-0.0192081,-208.735,17.507,-1672.563,0.5464865,3,OK,-208.222,17.389,-1672.511,OK,-264.002,99.702,-1677.968,OK,-301.567,21.648,-1682.039
3,Port 0x01: JJH Probe  s/n:3E4C880C,195968671,1738955744.518617950,1,Too Few Markers,-3.697314E28,-3.697314E28,-3.697314E28,-3.697314E28,-3.697314E28,-3.697314E28,-3.697314E28,0.0000000,3,Missing,-3.697314E28,-3.697314E28,-3.697314E28,Missing,-3.697314E28,-3.697314E28,-3.697314E28,Missing,-3.697314E28,-3.697314E28,-3.697314E28,Port 0x02: JJH T tibia tracker  s/n:3E4C8800,195968671,1738955744.518617950,1,OK,0.8809348,-0.4077123,-0.0568685,0.2334322,151.742,-128.242,-1507.996,0.4231914,3,OK,151.689,-128.080,-1508.189,OK,154.447,-194.457,-1437.516,OK,72.129,-169.191,-1500.135,Port 0x03: JJH Y femur tracker  s/n:3E4C8801,195968671,1738955744.518617950,1,OK,0.9980497,0.0024745,-0.0611852,-0.0121230,-207.946,15.316,-1676.053,0.5377045,3,OK,-207.464,15.206,-1675.994,OK,-264.244,96.710,-1682.701,OK,-300.577,18.146,-1687.447
3,Port 0x01: JJH Probe  s/n:3E4C880C,195968674,1738955744.568617950,1,Too Few Markers,-3.697314E28,-3.697314E28,-3.697314E28,-3.697314E28,-3.697314E28,-3.697314E28,-3.697314E28,0.0000000,3,Missing,-3.697314E28,-3.697314E28,-3.697314E28,Missing,-3.697314E28,-3.697314E28,-3.697314E28,Missing,-3.697314E28,-3.697314E28,-3.697314E28,Port 0x02: JJH T tibia tracker  s/n:3E4C8800,195968674,1738955744.568617950,1,OK,0.8809742,-0.4078860,-0.0561784,0.2331469,151.621,-128.111,-1507.686,0.4119098,3,OK,151.577,-127.943,-1507.881,OK,154.302,-194.285,-1437.182,OK,71.976,-168.976,-1499.718,Port 0x03: JJH Y femur tracker  s/n:3E4C8801,195968674,1738955744.568617950,1,OK,0.9973111,0.0033589,-0.0730211,-0.0052246,-207.089,13.173,-1679.449,0.5534928,3,OK,-206.563,13.079,-1679.372,OK,-264.321,93.787,-1687.393,OK,-299.507,14.727,-1693.049
3,Port 0x01: JJH Probe  s/n:3E4C880C,195968677,1738955744.618617950,1,Too Few Markers,-3.697314E28,-3.697314E28,-3.697314E28,-3.697314E28,-3.697314E28,-3.697314E28,-3.697314E28,0.0000000,3,Missing,-3.697314E28,-3.697314E28,-3.697314E28,Missing,-3.697314E28,-3.697314E28,-3.697314E28,Missing,-3.697314E28,-3.697314E28,-3.697314E28,Port 0x02: JJH T tibia tracker  s/n:3E4C8800,195968677,1738955744.618617950,1,OK,0.8810245,-0.4079268,-0.0559642,0.2329369,151.495,-127.975,-1507.348,0.4059353,3,OK,151.452,-127.819,-1507.530,OK,154.157,-194.132,-1436.846,OK,71.824,-168.792,-1499.364,Port 0x03: JJH Y femur tracker  s/n:3E4C8801,195968677,1738955744.618617950,1,OK,0.9966107,0.0033785,-0.0821827,0.0012914,-206.186,11.126,-1682.775,0.5452183,3,OK,-205.677,11.028,-1682.691,OK,-264.307,90.993,-1691.863,OK,-298.326,11.473,-1698.072
3,Port 0x01: JJH Probe  s/n:3E4C880C,195968680,1738955744.668617950,1,Too Few Markers,-3.697314E28,-3.697314E28,-3.697314E28,-3.697314E28,-3.697314E28,-3.697314E28,-3.697314E28,0.0000000,3,Missing,-3.697314E28,-3.697314E28,-3.697314E28,Missing,-3.697314E28,-3.697314E28,-3.697314E28,Missing,-3.697314E28,-3.697314E28,-3.697314E28,Port 0x02: JJH T tibia tracker  s/n:3E4C8800,195968680,1738955744.668617950,1,OK,0.8809071,-0.4084331,-0.0554349,0.2326201,151.336,-127.817,-1507.076,0.4141402,3,OK,151.286,-127.650,-1507.274,OK,153.959,-193.906,-1436.484,OK,71.638,-168.543,-1499.007,Port 0x03: JJH Y femur tracker  s/n:3E4C8801,195968680,1738955744.668617950,1,OK,0.9957372,0.0041393,-0.0918289,0.0076031,-205.221,9.232,-1685.793,0.5387912,3,OK,-204.744,9.149,-1685.706,OK,-264.156,88.347,-1695.977,OK,-297.014,8.434,-1702.871
3,Port 0x01: JJH Probe  s/n:3E4C880C,195968683,1738955744.718617950,1,Too Few Markers,-3.697314E28,-3.697314E28,-3.697314E28,-3.697314E28,-3.697314E28,-3.697314E28,-3.697314E28,0.0000000,3,Missing,-3.697314E28,-3.697314E28,-3.697314E28,Missing,-3.697314E28,-3.697314E28,-3.697314E28,Missing,-3.697314E28,-3.697314E28,-3.697314E28,Port 0x02: JJH T tibia tracker  s/n:3E4C8800,195968683,1738955744.718617950,1,OK,0.8808029,-0.4088263,-0.0553542,0.2323428,151.191,-127.680,-1506.677,0.4152020,3,OK,151.140,-127.524,-1506.863,OK,153.769,-193.708,-1436.035,OK,71.458,-168.351,-1498.607,Port 0x03: JJH Y femur tracker  s/n:3E4C8801,195968683,1738955744.718617950,1,OK,0.9947432,0.0047068,-0.1013622,0.0137679,-204.262,7.274,-1688.643,0.5398996,3,OK,-203.767,7.210,-1688.542,OK,-263.947,85.663,-1699.952,OK,-295.728,5.335,-1707.488
3,Port 0x01: JJH Probe  s/n:3E4C880C,195968686,1738955744.768617950,1,Too Few Markers,-3.697314E28,-3.697314E28,-3.697314E28,-3.697314E28,-3.697314E28,-3.697314E28,-3.697314E28,0.0000000,3,Missing,-3.697314E28,-3.697314E28,-3.697314E28,Missing,-3.697314E28,-3.697314E28,-3.697314E28,Missing,-3.697314E28,-3.697314E28,-3.697314E28,Port 0x02: JJH T tibia tracker  s/n:3E4C8800,195968686,1738955744.768617950,1,OK,0.8803015,-0.4104478,-0.0548183,0.2315100,150.806,-127.473,-1506.011,0.4327261,3,OK,150.751,-127.312,-1506.207,OK,153.236,-193.276,-1435.124,OK,70.986,-167.964,-1497.855,Port 0x03: JJH Y femur tracker  s/n:3E4C8801,195968686,1738955744.768617950,1,OK,0.9937607,0.0047527,-0.1096633,0.0197737,-203.304,5.531,-1691.358,0.5388191,3,OK,-202.817,5.462,-1691.250,OK,-263.730,83.198,-1703.745,OK,-294.393,2.495,-1711.727
3,Port 0x01: JJH Probe  s/n:3E4C880C,195968689,1738955744.818617950,1,Too Few Markers,-3.697314E28,-3.697314E28,-3.697314E28,-3.697314E28,-3.697314E28,-3.697314E28,-3.697314E28,0.0000000,3,Missing,-3.697314E28,-3.697314E28,-3.697314E28,Missing,-3.697314E28,-3.697314E28,-3.697314E28,Missing,-3.697314E28,-3.697314E28,-3.697314E28,Port 0x02: JJH T tibia tracker  s/n:3E4C8800,195968689,1738955744.818617950,1,OK,0.8797745,-0.4123703,-0.0541043,0.2302614,150.246,-127.393,-1505.007,0.4212822,3,OK,150.193,-127.237,-1505.198,OK,152.436,-192.910,-1433.866,OK,70.316,-167.634,-1496.740,Port 0x03: JJH Y femur tracker  s/n:3E4C8801,195968689,1738955744.818617950,1,OK,0.9926382,0.0053837,-0.1183645,0.0251037,-202.295,3.855,-1693.857,0.5398811,3,OK,-201.805,3.794,-1693.740,OK,-263.319,80.878,-1707.276,OK,-292.982,-0.146,-1715.826
3,Port 0x01: JJH Probe  s/n:3E4C880C,195968692,1738955744.868617947,1,Too Few Markers,-3.697314E28,-3.697314E28,-3.697314E28,-3.697314E28,-3.697314E28,-3.697314E28,-3.697314E28,0.0000000,3,Missing,-3.697314E28,-3.697314E28,-3.697314E28,Missing,-3.697314E28,-3.697314E28,-3.697314E28,Missing,-3.697314E28,-3.697314E28,-3.697314E28,Port 0x02: JJH T tibia tracker  s/n:3E4C8800,195968692,1738955744.868617947,1,OK,0.8792288,-0.4146332,-0.0530518,0.2285203,149.643,-127.451,-1504.092,0.4261203,3,OK,149.592,-127.282,-1504.297,OK,151.521,-192.648,-1432.633,OK,69.555,-167.341,-1495.685,Port 0x03: JJH Y femur tracker  s/n:3E4C8801,195968692,1738955744.868617947,1,OK,0.9914718,0.0063552,-0.1266769,0.0299360,-201.235,2.380,-1696.299,0.5299438,3,OK,-200.726,2.334,-1696.168,OK,-262.756,78.847,-1710.647,OK,-291.539,-2.519,-1719.803
3,Port 0x01: JJH Probe  s/n:3E4C880C,195968695,1738955744.918617947,1,Too Few Markers,-3.697314E28,-3.697314E28,-3.697314E28,-3.697314E28,-3.697314E28,-3.697314E28,-3.697314E28,0.0000000,3,Missing,-3.697314E28,-3.697314E28,-3.697314E28,Missing,-3.697314E28,-3.697314E28,-3.697314E28,Missing,-3.697314E28,-3.697314E28,-3.697314E28,Port 0x02: JJH T tibia tracker  s/n:3E4C8800,195968695,1738955744.918617947,1,OK,0.8788658,-0.4161171,-0.0528978,0.2272516,149.135,-127.556,-1503.299,0.4385789,3,OK,149.081,-127.391,-1503.502,OK,150.769,-192.557,-1431.641,OK,68.929,-167.227,-1494.911,Port 0x03: JJH Y femur tracker  s/n:3E4C8801,195968695,1738955744.918617947,1,OK,0.9905430,0.0064988,-0.1326642,0.0343886,-200.182,0.964,-1698.671,0.5120892,3,OK,-199.725,0.925,-1698.547,OK,-262.197,76.864,-1713.806,OK,-290.097,-4.732,-1723.254
3,Port 0x01: JJH Probe  s/n:3E4C880C,195968698,1738955744.968617947,1,Too Few Markers,-3.697314E28,-3.697314E28,-3.697314E28,-3.697314E28,-3.697314E28,-3.697314E28,-3.697314E28,0.0000000,3,Missing,-3.697314E28,-3.697314E28,-3.697314E28,Missing,-3.697314E28,-3.697314E28,-3.697314E28,Missing,-3.697314E28,-3.697314E28,-3.697314E28,Port 0x02: JJH T tibia tracker  s/n:3E4C8800,195968698,1738955744.968617947,1,OK,0.8786857,-0.4170471,-0.0523821,0.2263607,148.803,-127.573,-1502.858,0.4472954,3,OK,148.746,-127.402,-1503.070,OK,150.289,-192.448,-1431.064,OK,68.515,-167.064,-1494.419,Port 0x03: JJH Y femur tracker  s/n:3E4C8801,195968698,1738955744.968617947,1,OK,0.9893470,0.0065864,-0.1401975,0.0386507,-199.217,-0.292,-1700.641,0.5174465,3,OK,-198.742,-0.325,-1700.505,OK,-261.629,75.081,-1716.759,OK,-288.714,-6.763,-1726.600
3,Port 0x01: JJH Probe  s/n:3E4C880C,195968701,1738955745.018617947,1,Too Few Markers,-3.697314E28,-3.697314E28,-3.697314E28,-3.697314E28,-3.697314E28,-3.697314E28,-3.697314E28,0.0000000,3,Missing,-3.697314E28,-3.697314E28,-3.697314E28,Missing,-3.697314E28,-3.697314E28,-3.697314E28,Missing,-3.697314E28,-3.697314E28,-3.697314E28,Port 0x02: JJH T tibia tracker  s/n:3E4C8800,195968701,1738955745.018617947,1,OK,0.8787034,-0.4171321,-0.0521333,0.2261929,148.715,-127.503,-1502.605,0.4312786,3,OK,148.665,-127.333,-1502.813,OK,150.171,-192.354,-1430.812,OK,68.418,-166.958,-1494.123,Port 0x03: JJH Y femur tracker  s/n:3E4C8801,195968701,1738955745.018617947,1,OK,0.9883497,0.0071051,-0.1459246,0.0426656,-198.243,-1.491,-1702.582,0.5107043,3,OK,-197.776,-1.520,-1702.442,OK,-261.069,73.387,-1719.400,OK,-287.374,-8.682,-1729.581
3,Port 0x01: JJH Probe  s/n:3E4C880C,195968704,1738955745.068617947,1,Too Few Markers,-3.697314E28,-3.697314E28,-3.697314E28,-3.697314E28,-3.697314E28,-3.697314E28,-3.697314E28,0.0000000,3,Missing,-3.697314E28,-3.697314E28,-3.697314E28,Missing,-3.697314E28,-3.697314E28,-3.697314E28,Missing,-3.697314E28,-3.697314E28,-3.697314E28,Port 0x02: JJH T tibia tracker  s/n:3E4C8800,195968704,1738955745.068617947,1,OK,0.8787103,-0.4171900,-0.0517869,0.2261388,148.604,-127.419,-1502.461,0.4279622,3,OK,148.552,-127.244,-1502.675,OK,150.064,-192.255,-1430.654,OK,68.305,-166.843,-1493.920,Port 0x03: JJH Y femur tracker  s/n:3E4C8801,195968704,1738955745.068617947,1,OK,0.9873146,0.0071144,-0.1516828,0.0463860,-197.387,-2.602,-1704.286,0.5051374,3,OK,-196.927,-2.629,-1704.142,OK,-260.561,71.809,-1721.885,OK,-286.135,-10.467,-1732.323
3,Port 0x01: JJH Probe  s/n:3E4C880C,195968707,1738955745.118617947,1,Too Few Markers,-3.697314E28,-3.697314E28,-3.697314E28,-3.697314E28,-3.697314E28,-3.697314E28,-3.697314E28,0.0000000,3,Missing,-3.697314E28,-3.697314E28,-3.697314E28,Missing,-3.697314E28,-3.697314E28,-3.697314E28,Missing,-3.697314E28,-3.697314E28,-3.697314E28,Port 0x02: JJH T tibia tracker  s/n:3E4C8800,195968707,1738955745.118617947,1,OK,0.8786969,-0.4173180,-0.0515310,0.2260132,148.526,-127.367,-1502.334,0.4333528,3,OK,148.473,-127.187,-1502.554,OK,149.979,-192.185,-1430.499,OK,68.212,-166.752,-1493.757,Port 0x03: JJH Y femur tracker  s/n:3E4C8801,195968707,1738955745.118617947,1,OK,0.9864331,0.0070640,-0.1563082,0.0496744,-196.535,-3.606,-1705.887,0.5011855,3,OK,-196.090,-3.635,-1705.744,OK,-260.026,70.379,-1724.135,OK,-284.942,-12.057,-1734.750
3,Port 0x01: JJH Probe  s/n:3E4C880C,195968710,1738955745.168617947,1,Too Few Markers,-3.697314E28,-3.697314E28,-3.697314E28,-3.697314E28,-3.697314E28,-3.697314E28,-3.697314E28,0.0000000,3,Missing,-3.697314E28,-3.697314E28,-3.697314E28,Missing,-3.697314E28,-3.697314E28,-3.697314E28,Missing,-3.697314E28,-3.697314E28,-3.697314E28,Port 0x02: JJH T tibia tracker  s/n:3E4C8800,195968710,1738955745.168617947,1,OK,0.8787680,-0.4172381,-0.0511746,0.2259652,148.435,-127.281,-1502.159,0.4241728,3,OK,148.387,-127.100,-1502.379,OK,149.896,-192.099,-1430.337,OK,68.117,-166.640,-1493.524,Port 0x03: JJH Y femur tracker  s/n:3E4C8801,195968710,1738955745.168617947,1,OK,0.9853027,0.0074737,-0.1621767,0.0531166,-195.713,-4.574,-1707.392,0.5091965,3,OK,-195.236,-4.594,-1707.232,OK,-259.487,68.987,-1726.372,OK,-283.749,-13.648,-1737.325
3,Port 0x01: JJH Probe  s/n:3E4C880C,195968713,1738955745.218617947,1,Too Few Markers,-3.697314E28,-3.697314E28,-3.697314E28,-3.697314E28,-3.697314E28,-3.697314E28,-3.697314E28,0.0000000,3,Missing,-3.697314E28,-3.697314E28,-3.697314E28,Missing,-3.697314E28,-3.697314E28,-3.697314E28,Missing,-3.697314E28,-3.697314E28,-3.697314E28,Port 0x02: JJH T tibia tracker  s/n:3E4C8800,195968713,1738955745.218617947,1,OK,0.8787813,-0.4171756,-0.0514326,0.2259704,148.364,-127.182,-1502.001,0.4272523,3,OK,148.316,-127.011,-1502.209,OK,149.824,-192.010,-1430.194,OK,68.038,-166.556,-1493.420,Port 0x03: JJH Y femur tracker  s/n:3E4C8801,195968713,1738955745.218617947,1,OK,0.9843035,0.0069904,-0.1670498,0.0564994,-194.861,-5.500,-1708.898,0.5152866,3,OK,-194.375,-5.541,-1708.730,OK,-258.945,67.625,-1728.638,OK,-282.517,-15.182,-1739.692
3,Port 0x01: JJH Probe  s/n:3E4C880C,195968716,1738955745.268617947,1,Too Few Markers,-3.697314E28,-3.697314E28,-3.697314E28,-3.697314E28,-3.697314E28,-3.697314E28,-3.697314E28,0.0000000,3,Missing,-3.697314E28,-3.697314E28,-3.697314E28,Missing,-3.697314E28,-3.697314E28,-3.697314E28,Missing,-3.697314E28,-3.697314E28,-3.697314E28,Port 0x02: JJH T tibia tracker  s/n:3E4C8800,195968716,1738955745.268617947,1,OK,0.8788839,-0.4169842,-0.0513489,0.2259437,148.267,-127.098,-1501.841,0.4093233,3,OK,148.219,-126.948,-1502.026,OK,149.733,-191.934,-1430.082,OK,67.935,-166.464,-1493.258,Port 0x03: JJH Y femur tracker  s/n:3E4C8801,195968716,1738955745.268617947,1,OK,0.9833525,0.0078318,-0.1714744,0.0596081,-193.988,-6.455,-1710.419,0.4921231,3,OK,-193.548,-6.475,-1710.263,OK,-258.341,66.269,-1730.647,OK,-281.277,-16.673,-1742.002
3,Port 0x01: JJH Probe  s/n:3E4C880C,195968719,1738955745.318617947,1,Too Few Markers,-3.697314E28,-3.697314E28,-3.697314E28,-3.697314E28,-3.697314E28,-3.697314E28,-3.697314E28,0.0000000,3,Missing,-3.697314E28,-3.697314E28,-3.697314E28,Missing,-3.697314E28,-3.697314E28,-3.697314E28,Missing,-3.697314E28,-3.697314E28,-3.697314E28,Port 0x02: JJH T tibia tracker  s/n:3E4C8800,195968719,1738955745.318617947,1,OK,0.8788167,-0.4171581,-0.0513646,0.2258805,148.168,-127.000,-1501.671,0.4236886,3,OK,148.114,-126.850,-1501.859,OK,149.631,-191.818,-1429.875,OK,67.825,-166.348,-1493.100,Port 0x03: JJH Y femur tracker  s/n:3E4C8801,195968719,1738955745.318617947,1,OK,0.9822083,0.0080027,-0.1768373,0.0627010,-193.204,-7.299,-1711.749,0.5119321,3,OK,-192.718,-7.313,-1711.570,OK,-257.781,65.033,-1732.688,OK,-280.124,-18.072,-1744.305
3,Port 0x01: JJH Probe  s/n:3E4C880C,195968722,1738955745.368617947,1,Too Few Markers,-3.697314E28,-3.697314E28,-3.697314E28,-3.697314E28,-3.697314E28,-3.697314E28,-3.697314E28,0.0000000,3,Missing,-3.697314E28,-3.697314E28,-3.697314E28,Missing,-3.697314E28,-3.697314E28,-3.697314E28,Missing,-3.697314E28,-3.697314E28,-3.697314E28,Port 0x02: JJH T tibia tracker  s/n:3E4C8800,195968722,1738955745.368617947,1,OK,0.8787167,-0.4175163,-0.0509022,0.2257124,148.070,-126.959,-1501.569,0.4343231,3,OK,148.016,-126.786,-1501.782,OK,149.516,-191.732,-1429.698,OK,67.714,-166.249,-1492.914,Port 0x03: JJH Y femur tracker  s/n:3E4C8801,195968722,1738955745.368617947,1,OK,0.9813125,0.0067722,-0.1807785,0.0655672,-192.422,-8.066,-1712.961,0.5124816,3,OK,-191.950,-8.105,-1712.784,OK,-257.228,63.865,-1734.655,OK,-278.973,-19.361,-1746.185
3,Port 0x01: JJH Probe  s/n:3E4C880C,195968725,1738955745.418617947,1,Too Few Markers,-3.697314E28,-3.697314E28,-3.697314E28,-3.697314E28,-3.697314E28,-3.697314E28,-3.697314E28,0.0000000,3,Missing,-3.697314E28,-3.697314E28,-3.697314E28,Missing,-3.697314E28,-3.697314E28,-3.697314E28,Missing,-3.697314E28,-3.697314E28,-3.697314E28,Port 0x02: JJH T tibia tracker  s/n:3E4C8800,195968725,1738955745.418617947,1,OK,0.8787394,-0.4175116,-0.0509362,0.2256249,148.008,-126.886,-1501.451,0.4306826,3,OK,147.950,-126.726,-1501.652,OK,149.442,-191.656,-1429.589,OK,67.643,-166.161,-1492.814,Port 0x03: JJH Y femur tracker  s/n:3E4C8801,195968725,1738955745.418617947,1,OK,0.9804171,0.0077756,-0.1846956,0.0678917,-191.748,-8.736,-1713.990,0.4951687,3,OK,-191.279,-8.761,-1713.810,OK,-256.721,62.930,-1736.071,OK,-277.991,-20.441,-1747.924
3,Port 0x01: JJH Probe  s/n:3E4C880C,195968728,1738955745.468617947,1,Too Few Markers,-3.697314E28,-3.697314E28,-3.697314E28,-3.697314E28,-3.697314E28,-3.697314E28,-3.697314E28,0.0000000,3,Missing,-3.697314E28,-3.697314E28,-3.697314E28,Missing,-3.697314E28,-3.697314E28,-3.697314E28,Missing,-3.697314E28,-3.697314E28,-3.697314E28,Port 0x02: JJH T tibia tracker  s/n:3E4C8800,195968728,1738955745.468617947,1,OK,0.8787474,-0.4174928,-0.0510595,0.2256007,147.945,-126.839,-1501.338,0.4316538,3,OK,147.886,-126.681,-1501.537,OK,149.369,-191.614,-1429.483,OK,67.578,-166.118,-1492.726,Port 0x03: JJH Y femur tracker  s/n:3E4C8801,195968728,1738955745.468617947,1,OK,0.9796990,0.0083775,-0.1877395,0.0698108,-191.241,-9.171,-1714.755,0.5026582,3,OK,-190.762,-9.179,-1714.567,OK,-256.354,62.244,-1737.170,OK,-277.249,-21.201,-1749.242
3,Port 0x01: JJH Probe  s/n:3E4C880C,195968731,1738955745.518617947,1,Too Few Markers,-3.697314E28,-3.697314E28,-3.697314E28,-3.697314E28,-3.697314E28,-3.697314E28,-3.697314E28,0.0000000,3,Missing,-3.697314E28,-3.697314E28,-3.697314E28,Missing,-3.697314E28,-3.697314E28,-3.697314E28,Missing,-3.697314E28,-3.697314E28,-3.697314E28,Port 0x02: JJH T tibia tracker  s/n:3E4C8800,195968731,1738955745.518617947,1,OK,0.8786311,-0.4178766,-0.0506075,0.2254451,147.923,-126.843,-1501.405,0.4392099,3,OK,147.867,-126.663,-1501.627,OK,149.329,-191.566,-1429.475,OK,67.545,-166.068,-1492.706,Port 0x03: JJH Y femur tracker  s/n:3E4C8801,195968731,1738955745.518617947,1,OK,0.9798461,0.0074471,-0.1870483,0.0697068,-191.216,-9.151,-1714.856,0.4905769,3,OK,-190.759,-9.186,-1714.678,OK,-256.339,62.270,-1737.330,OK,-277.229,-21.179,-1749.191
3,Port 0x01: JJH Probe  s/n:3E4C880C,195968734,1738955745.568617947,1,Too Few Markers,-3.697314E28,-3.697314E28,-3.697314E28,-3.697314E28,-3.697314E28,-3.697314E28,-3.697314E28,0.0000000,3,Missing,-3.697314E28,-3.697314E28,-3.697314E28,Missing,-3.697314E28,-3.697314E28,-3.697314E28,Missing,-3.697314E28,-3.697314E28,-3.697314E28,Port 0x02: JJH T tibia tracker  s/n:3E4C8800,195968734,1738955745.568617947,1,OK,0.8788370,-0.4174598,-0.0506958,0.2253949,147.906,-126.893,-1501.364,0.4222575,3,OK,147.856,-126.728,-1501.567,OK,149.306,-191.667,-1429.516,OK,67.523,-166.124,-1492.700,Port 0x03: JJH Y femur tracker  s/n:3E4C8801,195968734,1738955745.568617947,1,OK,0.9799943,0.0084587,-0.1864902,0.0690005,-191.351,-9.058,-1714.543,0.4958333,3,OK,-190.888,-9.062,-1714.362,OK,-256.403,62.460,-1736.768,OK,-277.454,-20.939,-1748.806
3,Port 0x01: JJH Probe  s/n:3E4C880C,195968737,1738955745.618617947,1,Too Few Markers,-3.697314E28,-3.697314E28,-3.697314E28,-3.697314E28,-3.697314E28,-3.697314E28,-3.697314E28,0.0000000,3,Missing,-3.697314E28,-3.697314E28,-3.697314E28,Missing,-3.697314E28,-3.697314E28,-3.697314E28,Missing,-3.697314E28,-3.697314E28,-3.697314E28,Port 0x02: JJH T tibia tracker  s/n:3E4C8800,195968737,1738955745.618617947,1,OK,0.8786830,-0.4177816,-0.0506819,0.2254019,147.903,-126.860,-1501.360,0.4279931,3,OK,147.851,-126.690,-1501.569,OK,149.298,-191.588,-1429.460,OK,67.520,-166.087,-1492.680,Port 0x03: JJH Y femur tracker  s/n:3E4C8801,195968737,1738955745.618617947,1,OK,0.9803786,0.0073968,-0.1848044,0.0681945,-191.719,-8.746,-1714.033,0.5064694,3,OK,-191.248,-8.785,-1713.852,OK,-256.736,62.861,-1736.200,OK,-277.933,-20.494,-1747.974
3,Port 0x01: JJH Probe  s/n:3E4C880C,195968740,1738955745.668617947,1,Too Few Markers,-3.697314E28,-3.697314E28,-3.697314E28,-3.697314E28,-3.697314E28,-3.697314E28,-3.697314E28,0.0000000,3,Missing,-3.697314E28,-3.697314E28,-3.697314E28,Missing,-3.697314E28,-3.697314E28,-3.697314E28,Missing,-3.697314E28,-3.697314E28,-3.697314E28,Port 0x02: JJH T tibia tracker  s/n:3E4C8800,195968740,1738955745.668617947,1,OK,0.8785417,-0.4180435,-0.0508459,0.2254302,147.901,-126.863,-1501.371,0.4338964,3,OK,147.838,-126.700,-1501.577,OK,149.291,-191.556,-1429.431,OK,67.524,-166.095,-1492.711,Port 0x03: JJH Y femur tracker  s/n:3E4C8801,195968740,1738955745.668617947,1,OK,0.9811795,0.0079034,-0.1812242,0.0661977,-192.437,-8.185,-1713.067,0.5029762,3,OK,-191.968,-8.199,-1712.890,OK,-257.319,63.684,-1734.655,OK,-278.965,-19.581,-1746.392
3,Port 0x01: JJH Probe  s/n:3E4C880C,195968743,1738955745.718617947,1,Too Few Markers,-3.697314E28,-3.697314E28,-3.697314E28,-3.697314E28,-3.697314E28,-3.697314E28,-3.697314E28,0.0000000,3,Missing,-3.697314E28,-3.697314E28,-3.697314E28,Missing,-3.697314E28,-3.697314E28,-3.697314E28,Missing,-3.697314E28,-3.697314E28,-3.697314E28,Port 0x02: JJH T tibia tracker  s/n:3E4C8800,195968743,1738955745.718617947,1,OK,0.8784489,-0.4182871,-0.0506117,0.2253927,147.975,-126.910,-1501.404,0.4080019,3,OK,147.925,-126.747,-1501.606,OK,149.342,-191.548,-1429.451,OK,67.605,-166.132,-1492.679,Port 0x03: JJH Y femur tracker  s/n:3E4C8801,195968743,1738955745.718617947,1,OK,0.9824556,0.0078993,-0.1755470,0.0624654,-193.451,-7.180,-1711.340,0.5107041,3,OK,-192.978,-7.198,-1711.167,OK,-258.051,65.170,-1732.133,OK,-280.444,-17.904,-1743.659
3,Port 0x01: JJH Probe  s/n:3E4C880C,195968746,1738955745.768617947,1,Too Few Markers,-3.697314E28,-3.697314E28,-3.697314E28,-3.697314E28,-3.697314E28,-3.697314E28,-3.697314E28,0.0000000,3,Missing,-3.697314E28,-3.697314E28,-3.697314E28,Missing,-3.697314E28,-3.697314E28,-3.697314E28,Missing,-3.697314E28,-3.697314E28,-3.697314E28,Port 0x02: JJH T tibia tracker  s/n:3E4C8800,195968746,1738955745.768617947,1,OK,0.8782785,-0.4186782,-0.0506468,0.2253228,148.032,-126.965,-1501.402,0.4019806,3,OK,147.986,-126.805,-1501.600,OK,149.370,-191.539,-1429.404,OK,67.654,-166.179,-1492.668,Port 0x03: JJH Y femur tracker  s/n:3E4C8801,195968746,1738955745.768617947,1,OK,0.9840996,0.0075661,-0.1678763,0.0575184,-194.763,-5.794,-1709.157,0.5084816,3,OK,-194.291,-5.820,-1708.993,OK,-258.962,67.199,-1728.934,OK,-282.347,-15.647,-1740.105
3,Port 0x01: JJH Probe  s/n:3E4C880C,195968749,1738955745.818617947,1,Too Few Markers,-3.697314E28,-3.697314E28,-3.697314E28,-3.697314E28,-3.697314E28,-3.697314E28,-3.697314E28,0.0000000,3,Missing,-3.697314E28,-3.697314E28,-3.697314E28,Missing,-3.697314E28,-3.697314E28,-3.697314E28,Missing,-3.697314E28,-3.697314E28,-3.697314E28,Port 0x02: JJH T tibia tracker  s/n:3E4C8800,195968749,1738955745.818617947,1,OK,0.8779121,-0.4194677,-0.0511885,0.2251599,148.091,-127.035,-1501.443,0.4282729,3,OK,148.033,-126.877,-1501.643,OK,149.367,-191.517,-1429.325,OK,67.695,-166.241,-1492.794,Port 0x03: JJH Y femur tracker  s/n:3E4C8801,195968749,1738955745.818617947,1,OK,0.9860078,0.0069937,-0.1583318,0.0516787,-196.289,-4.157,-1706.465,0.5049878,3,OK,-195.839,-4.182,-1706.319,OK,-259.994,69.564,-1725.019,OK,-284.547,-12.972,-1735.693
3,Port 0x01: JJH Probe  s/n:3E4C880C,195968752,1738955745.868617948,1,Too Few Markers,-3.697314E28,-3.697314E28,-3.697314E28,-3.697314E28,-3.697314E28,-3.697314E28,-3.697314E28,0.0000000,3,Missing,-3.697314E28,-3.697314E28,-3.697314E28,Missing,-3.697314E28,-3.697314E28,-3.697314E28,Missing,-3.697314E28,-3.697314E28,-3.697314E28,Port 0x02: JJH T tibia tracker  s/n:3E4C8800,195968752,1738955745.868617948,1,OK,0.8777343,-0.4199370,-0.0510169,0.2250170,148.152,-127.134,-1501.573,0.4245639,3,OK,148.104,-126.965,-1501.781,OK,149.389,-191.544,-1429.390,OK,67.745,-166.310,-1492.876,Port 0x03: JJH Y femur tracker  s/n:3E4C8801,195968752,1738955745.868617948,1,OK,0.9878795,0.0064222,-0.1483353,0.0452720,-197.929,-2.256,-1703.287,0.5051617,3,OK,-197.476,-2.289,-1703.150,OK,-261.046,72.279,-1720.563,OK,-286.870,-9.936,-1730.712
3,Port 0x01: JJH Probe  s/n:3E4C880C,195968755,1738955745.918617948,1,Too Few Markers,-3.697314E28,-3.697314E28,-3.697314E28,-3.697314E28,-3.697314E28,-3.697314E28,-3.697314E28,0.0000000,3,Missing,-3.697314E28,-3.697314E28,-3.697314E28,Missing,-3.697314E28,-3.697314E28,-3.697314E28,Missing,-3.697314E28,-3.697314E28,-3.697314E28,Port 0x02: JJH T tibia tracker  s/n:3E4C8800,195968755,1738955745.918617948,1,OK,0.8775131,-0.4203210,-0.0518655,0.2249689,148.265,-127.225,-1501.639,0.4343703,3,OK,148.204,-127.076,-1501.832,OK,149.447,-191.596,-1429.419,OK,67.857,-166.439,-1493.084,Port 0x03: JJH Y femur tracker  s/n:3E4C8801,195968755,1738955745.918617948,1,OK,0.9897587,0.0064292,-0.1373927,0.0382052,-199.560,-0.231,-1699.959,0.5120652,3,OK,-199.099,-0.257,-1699.830,OK,-261.987,75.187,-1715.753,OK,-289.202,-6.632,-1725.407
3,Port 0x01: JJH Probe  s/n:3E4C880C,195968758,1738955745.968617947,1,Too Few Markers,-3.697314E28,-3.697314E28,-3.697314E28,-3.697314E28,-3.697314E28,-3.697314E28,-3.697314E28,0.0000000,3,Missing,-3.697314E28,-3.697314E28,-3.697314E28,Missing,-3.697314E28,-3.697314E28,-3.697314E28,Missing,-3.697314E28,-3.697314E28,-3.697314E28,Port 0x02: JJH T tibia tracker  s/n:3E4C8800,195968758,1738955745.968617947,1,OK,0.8774465,-0.4204503,-0.0516499,0.2250365,148.344,-127.343,-1501.857,0.4037021,3,OK,148.300,-127.189,-1502.047,OK,149.517,-191.672,-1429.642,OK,67.952,-166.568,-1493.230,Port 0x03: JJH Y femur tracker  s/n:3E4C8801,195968758,1738955745.968617947,1,OK,0.9915530,0.0054030,-0.1258852,0.0307620,-201.182,1.970,-1696.391,0.5246726,3,OK,-200.698,1.917,-1696.268,OK,-262.843,78.312,-1710.813,OK,-291.478,-3.088,-1719.738
3,Port 0x01: JJH Probe  s/n:3E4C880C,195968761,1738955746.018617948,1,Too Few Markers,-3.697314E28,-3.697314E28,-3.697314E28,-3.697314E28,-3.697314E28,-3.697314E28,-3.697314E28,0.0000000,3,Missing,-3.697314E28,-3.697314E28,-3.697314E28,Missing,-3.697314E28,-3.697314E28,-3.697314E28,Missing,-3.697314E28,-3.697314E28,-3.697314E28,Port 0x02: JJH T tibia tracker  s/n:3E4C8800,195968761,1738955746.018617948,1,OK,0.8772362,-0.4209625,-0.0513717,0.2249627,148.447,-127.499,-1502.093,0.4126075,3,OK,148.407,-127.318,-1502.313,OK,149.595,-191.763,-1429.786,OK,68.058,-166.695,-1493.391,Port 0x03: JJH Y femur tracker  s/n:3E4C8801,195968761,1738955746.018617948,1,OK,0.9932310,0.0042496,-0.1136979,0.0233878,-202.673,4.202,-1692.852,0.5420038,3,OK,-202.199,4.122,-1692.743,OK,-263.558,81.416,-1705.866,OK,-293.540,0.508,-1713.954
3,Port 0x01: JJH Probe  s/n:3E4C880C,195968764,1738955746.068617948,1,Too Few Markers,-3.697314E28,-3.697314E28,-3.697314E28,-3.697314E28,-3.697314E28,-3.697314E28,-3.697314E28,0.0000000,3,Missing,-3.697314E28,-3.697314E28,-3.697314E28,Missing,-3.697314E28,-3.697314E28,-3.697314E28,Missing,-3.697314E28,-3.697314E28,-3.697314E28,Port 0x02: JJH T tibia tracker  s/n:3E4C8800,195968764,1738955746.068617948,1,OK,0.8771326,-0.4210963,-0.0518003,0.2250177,148.575,-127.632,-1502.310,0.4100875,3,OK,148.534,-127.457,-1502.524,OK,149.702,-191.880,-1429.997,OK,68.197,-166.864,-1493.669,Port 0x03: JJH Y femur tracker  s/n:3E4C8801,195968764,1738955746.068617948,1,OK,0.9944777,0.0042669,-0.1036385,0.0159665,-204.052,6.411,-1689.176,0.5493260,3,OK,-203.538,6.339,-1689.068,OK,-264.028,84.536,-1700.860,OK,-295.430,4.061,-1708.441
3,Port 0x01: JJH Probe  s/n:3E4C880C,195968767,1738955746.118617948,1,Too Few Markers,-3.697314E28,-3.697314E28,-3.697314E28,-3.697314E28,-3.697314E28,-3.697314E28,-3.697314E28,0.0000000,3,Missing,-3.697314E28,-3.697314E28,-3.697314E28,Missing,-3.697314E28,-3.697314E28,-3.697314E28,Missing,-3.697314E28,-3.697314E28,-3.697314E28,Port 0x02: JJH T tibia tracker  s/n:3E4C8800,195968767,1738955746.118617948,1,OK,0.8770680,-0.4211102,-0.0525174,0.2250774,148.665,-127.750,-1502.539,0.4193191,3,OK,148.619,-127.587,-1502.742,OK,149.771,-192.012,-1430.234,OK,68.289,-167.035,-1494.022,Port 0x03: JJH Y femur tracker  s/n:3E4C8801,195968767,1738955746.118617948,1,OK,0.9958677,0.0033153,-0.0903573,0.0084960,-205.286,8.649,-1685.557,0.5412092,3,OK,-204.812,8.572,-1685.471,OK,-264.379,87.639,-1695.712,OK,-297.125,7.675,-1702.363
3,Port 0x01: JJH Probe  s/n:3E4C880C,195968770,1738955746.168617948,1,Too Few Markers,-3.697314E28,-3.697314E28,-3.697314E28,-3.697314E28,-3.697314E28,-3.697314E28,-3.697314E28,0.0000000,3,Missing,-3.697314E28,-3.697314E28,-3.697314E28,Missing,-3.697314E28,-3.697314E28,-3.697314E28,Missing,-3.697314E28,-3.697314E28,-3.697314E28,Port 0x02: JJH T tibia tracker  s/n:3E4C8800,195968770,1738955746.168617948,1,OK,0.8769250,-0.4213660,-0.0524837,0.2251636,148.760,-127.920,-1502.831,0.4208712,3,OK,148.719,-127.740,-1503.051,OK,149.863,-192.149,-1430.483,OK,68.400,-167.219,-1494.278,Port 0x03: JJH Y femur tracker  s/n:3E4C8801,195968770,1738955746.168617948,1,OK,0.9968802,0.0028696,-0.0788736,0.0008222,-206.487,10.977,-1681.838,0.5498103,3,OK,-205.975,10.899,-1681.756,OK,-264.574,90.876,-1690.614,OK,-298.743,11.402,-1696.525
3,Port 0x01: JJH Probe  s/n:3E4C880C,195968773,1738955746.218617947,1,Too Few Markers,-3.697314E28,-3.697314E28,-3.697314E28,-3.697314E28,-3.697314E28,-3.697314E28,-3.697314E28,0.0000000,3,Missing,-3.697314E28,-3.697314E28,-3.697314E28,Missing,-3.697314E28,-3.697314E28,-3.697314E28,Missing,-3.697314E28,-3.697314E28,-3.697314E28,Port 0x02: JJH T tibia tracker  s/n:3E4C8800,195968773,1738955746.218617947,1,OK,0.8769480,-0.4212130,-0.0527654,0.2252946,148.842,-128.035,-1503.094,0.3990751,3,OK,148.801,-127.865,-1503.303,OK,149.938,-192.279,-1430.794,OK,68.511,-167.380,-1494.572,Port 0x03: JJH Y femur tracker  s/n:3E4C8801,195968773,1738955746.218617947,1,OK,0.9977768,0.0020798,-0.0662377,-0.0070550,-207.517,13.449,-1677.984,0.5462179,3,OK,-207.031,13.340,-1677.920,OK,-264.566,94.255,-1685.331,OK,-300.047,15.343,-1690.320
3,Port 0x01: JJH Probe  s/n:3E4C880C,195968776,1738955746.268617948,1,Too Few Markers,-3.697314E28,-3.697314E28,-3.697314E28,-3.697314E28,-3.697314E28,-3.697314E28,-3.697314E28,0.0000000,3,Missing,-3.697314E28,-3.697314E28,-3.697314E28,Missing,-3.697314E28,-3.697314E28,-3.697314E28,Missing,-3.697314E28,-3.697314E28,-3.697314E28,Port 0x02: JJH T tibia tracker  s/n:3E4C8800,195968776,1738955746.268617948,1,OK,0.8768030,-0.4213729,-0.0535959,0.2253638,148.949,-128.201,-1503.366,0.4169010,3,OK,148.901,-128.042,-1503.566,OK,150.022,-192.443,-1431.047,OK,68.620,-167.604,-1494.984,Port 0x03: JJH Y femur tracker  s/n:3E4C8801,195968776,1738955746.268617948,1,OK,0.9983636,0.0021088,-0.0551629,-0.0149225,-208.436,15.871,-1673.923,0.5466641,3,OK,-207.924,15.774,-1673.867,OK,-264.338,97.572,-1679.911,OK,-301.225,19.209,-1684.204
3,Port 0x01: JJH Probe  s/n:3E4C880C,195968779,1738955746.318651138,1,Too Few Markers,-3.697314E28,-3.697314E28,-3.697314E28,-3.697314E28,-3.697314E28,-3.697314E28,-3.697314E28,0.0000000,3,Missing,-3.697314E28,-3.697314E28,-3.697314E28,Missing,-3.697314E28,-3.697314E28,-3.697314E28,Missing,-3.697314E28,-3.697314E28,-3.697314E28,Port 0x02: JJH T tibia tracker  s/n:3E4C8800,195968779,1738955746.318651138,1,OK,0.8767952,-0.4212823,-0.0538998,0.2254909,149.009,-128.323,-1503.621,0.4109885,3,OK,148.963,-128.166,-1503.818,OK,150.083,-192.580,-1431.326,OK,68.697,-167.770,-1495.278,Port 0x03: JJH Y femur tracker  s/n:3E4C8801,195968779,1738955746.318651138,1,OK,0.9988727,0.0008692,-0.0415414,-0.0229530,-209.225,18.409,-1670.007,0.5341398,3,OK,-208.748,18.285,-1669.967,OK,-263.966,101.005,-1674.582,OK,-302.143,23.237,-1677.749
3,Port 0x01: JJH Probe  s/n:3E4C880C,195968782,1738955746.368651138,1,Too Few Markers,-3.697314E28,-3.697314E28,-3.697314E28,-3.697314E28,-3.697314E28,-3.697314E28,-3.697314E28,0.0000000,3,Missing,-3.697314E28,-3.697314E28,-3.697314E28,Missing,-3.697314E28,-3.697314E28,-3.697314E28,Missing,-3.697314E28,-3.697314E28,-3.697314E28,Port 0x02: JJH T tibia tracker  s/n:3E4C8800,195968782,1738955746.368651138,1,OK,0.8766534,-0.4214347,-0.0544412,0.2256274,149.071,-128.455,-1503.892,0.4182313,3,OK,149.022,-128.300,-1504.087,OK,150.135,-192.701,-1431.580,OK,68.774,-167.955,-1495.625,Port 0x03: JJH Y femur tracker  s/n:3E4C8801,195968782,1738955746.368651138,1,OK,0.9990936,-0.0009289,-0.0290573,-0.0310933,-209.888,20.945,-1665.786,0.5448113,3,OK,-209.393,20.808,-1665.757,OK,-263.374,104.419,-1669.200,OK,-302.894,27.287,-1671.213
3,Port 0x01: JJH Probe  s/n:3E4C880C,195968785,1738955746.418651138,1,Too Few Markers,-3.697314E28,-3.697314E28,-3.697314E28,-3.697314E28,-3.697314E28,-3.697314E28,-3.697314E28,0.0000000,3,Missing,-3.697314E28,-3.697314E28,-3.697314E28,Missing,-3.697314E28,-3.697314E28,-3.697314E28,Missing,-3.697314E28,-3.697314E28,-3.697314E28,Port 0x02: JJH T tibia tracker  s/n:3E4C8800,195968785,1738955746.418651138,1,OK,0.8765528,-0.4215952,-0.0545514,0.2256919,149.155,-128.571,-1504.182,0.4145736,3,OK,149.112,-128.406,-1504.386,OK,150.206,-192.797,-1431.850,OK,68.873,-168.094,-1495.910,Port 0x03: JJH Y femur tracker  s/n:3E4C8801,195968785,1738955746.418651138,1,OK,0.9990927,-0.0013534,-0.0163917,-0.0392849,-210.372,23.532,-1661.771,0.5413699,3,OK,-209.881,23.398,-1661.754,OK,-262.540,107.869,-1663.812,OK,-303.375,31.397,-1664.840
3,Port 0x01: JJH Probe  s/n:3E4C880C,195968788,1738955746.468651137,1,Too Few Markers,-3.697314E28,-3.697314E28,-3.697314E28,-3.697314E28,-3.697314E28,-3.697314E28,-3.697314E28,0.0000000,3,Missing,-3.697314E28,-3.697314E28,-3.697314E28,Missing,-3.697314E28,-3.697314E28,-3.697314E28,Missing,-3.697314E28,-3.697314E28,-3.697314E28,Port 0x02: JJH T tibia tracker  s/n:3E4C8800,195968788,1738955746.468651137,1,OK,0.8764165,-0.4216820,-0.0548920,0.2259762,149.212,-128.712,-1504.454,0.4143262,3,OK,149.165,-128.550,-1504.655,OK,150.289,-192.926,-1432.112,OK,68.960,-168.299,-1496.210,Port 0x03: JJH Y femur tracker  s/n:3E4C8801,195968788,1738955746.468651137,1,OK,0.9988606,-0.0020929,-0.0032411,-0.0475674,-210.727,26.123,-1657.468,0.5265558,3,OK,-210.256,25.983,-1657.465,OK,-261.514,111.325,-1658.169,OK,-303.624,35.521,-1658.093
3,Port 0x01: JJH Probe  s/n:3E4C880C,195968791,1738955746.518651138,1,Too Few Markers,-3.697314E28,-3.697314E28,-3.697314E28,-3.697314E28,-3.697314E28,-3.697314E28,-3.697314E28,0.0000000,3,Missing,-3.697314E28,-3.697314E28,-3.697314E28,Missing,-3.697314E28,-3.697314E28,-3.697314E28,Missing,-3.697314E28,-3.697314E28,-3.697314E28,Port 0x02: JJH T tibia tracker  s/n:3E4C8800,195968791,1738955746.518651138,1,OK,0.8763478,-0.4216604,-0.0554075,0.2261572,149.272,-128.754,-1504.814,0.4079971,3,OK,149.224,-128.598,-1505.010,OK,150.343,-192.976,-1432.491,OK,69.048,-168.406,-1496.637,Port 0x03: JJH Y femur tracker  s/n:3E4C8801,195968791,1738955746.518651138,1,OK,0.9983522,-0.0022764,0.0103978,-0.0563870,-210.949,28.939,-1653.178,0.5179722,3,OK,-210.491,28.805,-1653.188,OK,-260.205,115.023,-1652.433,OK,-303.650,39.972,-1651.267
3,Port 0x01: JJH Probe  s/n:3E4C880C,195968794,1738955746.568651138,1,Too Few Markers,-3.697314E28,-3.697314E28,-3.697314E28,-3.697314E28,-3.697314E28,-3.697314E28,-3.697314E28,0.0000000,3,Missing,-3.697314E28,-3.697314E28,-3.697314E28,Missing,-3.697314E28,-3.697314E28,-3.697314E28,Missing,-3.697314E28,-3.697314E28,-3.697314E28,Port 0x02: JJH T tibia tracker  s/n:3E4C8800,195968794,1738955746.568651138,1,OK,0.8762313,-0.4216921,-0.0557377,0.2264680,149.357,-128.888,-1505.117,0.4091745,3,OK,149.315,-128.731,-1505.313,OK,150.460,-193.106,-1432.792,OK,69.158,-168.612,-1496.967,Port 0x03: JJH Y femur tracker  s/n:3E4C8801,195968794,1738955746.568651138,1,OK,0.9975732,-0.0041923,0.0244242,-0.0650658,-210.978,31.690,-1648.670,0.5037893,3,OK,-210.536,31.528,-1648.691,OK,-258.695,118.657,-1646.768,OK,-303.362,44.333,-1644.178
3,Port 0x01: JJH Probe  s/n:3E4C880C,195968797,1738955746.618651138,1,Too Few Markers,-3.697314E28,-3.697314E28,-3.697314E28,-3.697314E28,-3.697314E28,-3.697314E28,-3.697314E28,0.0000000,3,Missing,-3.697314E28,-3.697314E28,-3.697314E28,Missing,-3.697314E28,-3.697314E28,-3.697314E28,Missing,-3.697314E28,-3.697314E28,-3.697314E28,Port 0x02: JJH T tibia tracker  s/n:3E4C8800,195968797,1738955746.618651138,1,OK,0.8762338,-0.4214707,-0.0561700,0.2267634,149.428,-129.006,-1505.578,0.4218352,3,OK,149.386,-128.833,-1505.789,OK,150.560,-193.276,-1433.271,OK,69.261,-168.807,-1497.481,Port 0x03: JJH Y femur tracker  s/n:3E4C8801,195968797,1738955746.618651138,1,OK,0.9964580,-0.0052630,0.0394802,-0.0740617,-210.809,34.678,-1644.151,0.4931498,3,OK,-210.381,34.510,-1644.184,OK,-256.853,122.504,-1640.890,OK,-302.767,48.988,-1636.887
3,Port 0x01: JJH Probe  s/n:3E4C880C,195968800,1738955746.668651138,1,Too Few Markers,-3.697314E28,-3.697314E28,-3.697314E28,-3.697314E28,-3.697314E28,-3.697314E28,-3.697314E28,0.0000000,3,Missing,-3.697314E28,-3.697314E28,-3.697314E28,Missing,-3.697314E28,-3.697314E28,-3.697314E28,Missing,-3.697314E28,-3.697314E28,-3.697314E28,Port 0x02: JJH T tibia tracker  s/n:3E4C8800,195968800,1738955746.668651138,1,OK,0.8763331,-0.4208981,-0.0567981,0.2272864,149.578,-129.183,-1506.070,0.4184885,3,OK,149.530,-129.020,-1506.272,OK,150.780,-193.540,-1433.852,OK,69.467,-169.108,-1498.061,Port 0x03: JJH Y femur tracker  s/n:3E4C8801,195968800,1738955746.668651138,1,OK,0.9950499,-0.0074382,0.0538652,-0.0831796,-210.454,37.565,-1639.284,0.4660647,3,OK,-210.054,37.407,-1639.327,OK,-254.745,126.245,-1634.974,OK,-301.884,53.557,-1629.405
3,Port 0x01: JJH Probe  s/n:3E4C880C,195968803,1738955746.718651137,1,Too Few Markers,-3.697314E28,-3.697314E28,-3.697314E28,-3.697314E28,-3.697314E28,-3.697314E28,-3.697314E28,0.0000000,3,Missing,-3.697314E28,-3.697314E28,-3.697314E28,Missing,-3.697314E28,-3.697314E28,-3.697314E28,Missing,-3.697314E28,-3.697314E28,-3.697314E28,Port 0x02: JJH T tibia tracker  s/n:3E4C8800,195968803,1738955746.718651137,1,OK,0.8763123,-0.4204358,-0.0573606,0.2280796,149.760,-129.205,-1506.693,0.4216968,3,OK,149.710,-129.041,-1506.897,OK,151.080,-193.632,-1434.533,OK,69.725,-169.290,-1498.733,Port 0x03: JJH Y femur tracker  s/n:3E4C8801,195968803,1738955746.718651137,1,OK,0.9933229,-0.0073630,0.0684043,-0.0926082,-209.918,40.620,-1634.553,0.4506198,3,OK,-209.520,40.448,-1634.608,OK,-252.334,130.157,-1628.852,OK,-300.713,58.327,-1622.006
3,Port 0x01: JJH Probe  s/n:3E4C880C,195968806,1738955746.768651138,1,Too Few Markers,-3.697314E28,-3.697314E28,-3.697314E28,-3.697314E28,-3.697314E28,-3.697314E28,-3.697314E28,0.0000000,3,Missing,-3.697314E28,-3.697314E28,-3.697314E28,Missing,-3.697314E28,-3.697314E28,-3.697314E28,Missing,-3.697314E28,-3.697314E28,-3.697314E28,Port 0x02: JJH T tibia tracker  s/n:3E4C8800,195968806,1738955746.768651138,1,OK,0.8763183,-0.4199444,-0.0577806,0.2288544,150.025,-129.272,-1507.380,0.4456567,3,OK,149.966,-129.089,-1507.610,OK,151.474,-193.791,-1435.254,OK,70.068,-169.501,-1499.452,Port 0x03: JJH Y femur tracker  s/n:3E4C8801,195968806,1738955746.768651138,1,OK,0.9912426,-0.0084478,0.0837109,-0.1017802,-209.163,43.614,-1629.747,0.4326361,3,OK,-208.785,43.426,-1629.812,OK,-249.698,133.958,-1622.826,OK,-299.174,62.999,-1614.432
3,Port 0x01: JJH Probe  s/n:3E4C880C,195968809,1738955746.818651138,1,Too Few Markers,-3.697314E28,-3.697314E28,-3.697314E28,-3.697314E28,-3.697314E28,-3.697314E28,-3.697314E28,0.0000000,3,Missing,-3.697314E28,-3.697314E28,-3.697314E28,Missing,-3.697314E28,-3.697314E28,-3.697314E28,Missing,-3.697314E28,-3.697314E28,-3.697314E28,Port 0x02: JJH T tibia tracker  s/n:3E4C8800,195968809,1738955746.818651138,1,OK,0.8766614,-0.4185267,-0.0584496,0.2299648,150.249,-129.327,-1508.132,0.4164344,3,OK,150.205,-129.160,-1508.335,OK,151.882,-194.027,-1436.232,OK,70.391,-169.791,-1500.277,Port 0x03: JJH Y femur tracker  s/n:3E4C8801,195968809,1738955746.818651138,1,OK,0.9888500,-0.0099479,0.0989261,-0.1108619,-208.240,46.513,-1625.098,0.4243832,3,OK,-207.871,46.314,-1625.173,OK,-246.864,137.616,-1617.092,OK,-297.366,67.568,-1607.060
3,Port 0x01: JJH Probe  s/n:3E4C880C,195968812,1738955746.868651134,1,Too Few Markers,-3.697314E28,-3.697314E28,-3.697314E28,-3.697314E28,-3.697314E28,-3.697314E28,-3.697314E28,0.0000000,3,Missing,-3.697314E28,-3.697314E28,-3.697314E28,Missing,-3.697314E28,-3.697314E28,-3.697314E28,Missing,-3.697314E28,-3.697314E28,-3.697314E28,Port 0x02: JJH T tibia tracker  s/n:3E4C8800,195968812,1738955746.868651134,1,OK,0.8767459,-0.4177671,-0.0591862,0.2308337,150.444,-129.359,-1508.794,0.4290743,3,OK,150.395,-129.197,-1508.995,OK,152.221,-194.176,-1436.989,OK,70.662,-170.003,-1501.036,Port 0x03: JJH Y femur tracker  s/n:3E4C8801,195968812,1738955746.868651134,1,OK,0.9862563,-0.0107026,0.1133571,-0.1197255,-207.140,49.394,-1620.485,0.3986198,3,OK,-206.798,49.198,-1620.566,OK,-243.828,141.201,-1611.398,OK,-295.302,72.041,-1599.875
3,Port 0x01: JJH Probe  s/n:3E4C880C,195968815,1738955746.918651134,1,Too Few Markers,-3.697314E28,-3.697314E28,-3.697314E28,-3.697314E28,-3.697314E28,-3.697314E28,-3.697314E28,0.0000000,3,Missing,-3.697314E28,-3.697314E28,-3.697314E28,Missing,-3.697314E28,-3.697314E28,-3.697314E28,Missing,-3.697314E28,-3.697314E28,-3.697314E28,Port 0x02: JJH T tibia tracker  s/n:3E4C8800,195968815,1738955746.918651134,1,OK,0.8769177,-0.4167941,-0.0597935,0.2317819,150.596,-129.386,-1509.461,0.4268217,3,OK,150.543,-129.225,-1509.660,OK,152.529,-194.343,-1437.788,OK,70.911,-170.220,-1501.769,Port 0x03: JJH Y femur tracker  s/n:3E4C8801,195968815,1738955746.918651134,1,OK,0.9835026,-0.0117954,0.1270396,-0.1282357,-205.929,52.135,-1616.027,0.3713650,3,OK,-205.604,51.930,-1616.114,OK,-240.719,144.617,-1606.035,OK,-293.089,76.298,-1593.006
3,Port 0x01: JJH Probe  s/n:3E4C880C,195968818,1738955746.968651134,1,Too Few Markers,-3.697314E28,-3.697314E28,-3.697314E28,-3.697314E28,-3.697314E28,-3.697314E28,-3.697314E28,0.0000000,3,Missing,-3.697314E28,-3.697314E28,-3.697314E28,Missing,-3.697314E28,-3.697314E28,-3.697314E28,Missing,-3.697314E28,-3.697314E28,-3.697314E28,Port 0x02: JJH T tibia tracker  s/n:3E4C8800,195968818,1738955746.968651134,1,OK,0.8772205,-0.4156289,-0.0601985,0.2326219,150.742,-129.483,-1510.111,0.4039710,3,OK,150.698,-129.331,-1510.297,OK,152.819,-194.590,-1438.620,OK,71.140,-170.488,-1502.460,Port 0x03: JJH Y femur tracker  s/n:3E4C8801,195968818,1738955746.968651134,1,OK,0.9804459,-0.0131213,0.1410847,-0.1365608,-204.555,54.788,-1611.799,0.3447722,3,OK,-204.259,54.589,-1611.888,OK,-237.437,147.878,-1600.957,OK,-290.592,80.437,-1586.338
3,Port 0x01: JJH Probe  s/n:3E4C880C,195968821,1738955747.018651134,1,Too Few Markers,-3.697314E28,-3.697314E28,-3.697314E28,-3.697314E28,-3.697314E28,-3.697314E28,-3.697314E28,0.0000000,3,Missing,-3.697314E28,-3.697314E28,-3.697314E28,Missing,-3.697314E28,-3.697314E28,-3.697314E28,Missing,-3.697314E28,-3.697314E28,-3.697314E28,Port 0x02: JJH T tibia tracker  s/n:3E4C8800,195968821,1738955747.018651134,1,OK,0.8774274,-0.4145543,-0.0610752,0.2335286,150.907,-129.552,-1510.808,0.4205114,3,OK,150.859,-129.394,-1511.000,OK,153.130,-194.832,-1439.453,OK,71.390,-170.757,-1503.284,Port 0x03: JJH Y femur tracker  s/n:3E4C8801,195968821,1738955747.018651134,1,OK,0.9771685,-0.0136355,0.1547823,-0.1449074,-203.025,57.449,-1607.558,0.3248155,3,OK,-202.747,57.253,-1607.651,OK,-233.944,151.107,-1595.810,OK,-287.869,84.561,-1579.720
3,Port 0x01: JJH Probe  s/n:3E4C880C,195968824,1738955747.068651134,1,Too Few Markers,-3.697314E28,-3.697314E28,-3.697314E28,-3.697314E28,-3.697314E28,-3.697314E28,-3.697314E28,0.0000000,3,Missing,-3.697314E28,-3.697314E28,-3.697314E28,Missing,-3.697314E28,-3.697314E28,-3.697314E28,Missing,-3.697314E28,-3.697314E28,-3.697314E28,Port 0x02: JJH T tibia tracker  s/n:3E4C8800,195968824,1738955747.068651134,1,OK,0.8777711,-0.4131388,-0.0617940,0.2345541,151.133,-129.653,-1511.655,0.4189420,3,OK,151.076,-129.504,-1511.841,OK,153.539,-195.137,-1440.497,OK,71.723,-171.066,-1504.234,Port 0x03: JJH Y femur tracker  s/n:3E4C8801,195968824,1738955747.068651134,1,OK,0.9736865,-0.0143254,0.1680897,-0.1532165,-201.282,60.110,-1603.328,0.3038737,3,OK,-201.026,59.902,-1603.423,OK,-230.224,154.327,-1590.789,OK,-284.853,88.664,-1573.218
3,Port 0x01: JJH Probe  s/n:3E4C880C,195968827,1738955747.118615764,1,Too Few Markers,-3.697314E28,-3.697314E28,-3.697314E28,-3.697314E28,-3.697314E28,-3.697314E28,-3.697314E28,0.0000000,3,Missing,-3.697314E28,-3.697314E28,-3.697314E28,Missing,-3.697314E28,-3.697314E28,-3.697314E28,Missing,-3.697314E28,-3.697314E28,-3.697314E28,Port 0x02: JJH T tibia tracker  s/n:3E4C8800,195968827,1738955747.118615764,1,OK,0.8781551,-0.4116589,-0.0622254,0.2356028,151.370,-129.799,-1512.546,0.4371718,3,OK,151.320,-129.621,-1512.759,OK,153.977,-195.513,-1441.565,OK,72.053,-171.415,-1505.178,Port 0x03: JJH Y femur tracker  s/n:3E4C8801,195968827,1738955747.118615764,1,OK,0.9699754,-0.0151370,0.1814391,-0.1612402,-199.476,62.635,-1599.294,0.2937076,3,OK,-199.226,62.421,-1599.396,OK,-226.459,157.348,-1586.024,OK,-281.717,92.579,-1566.926
3,Port 0x01: JJH Probe  s/n:3E4C880C,195968830,1738955747.168615764,1,Too Few Markers,-3.697314E28,-3.697314E28,-3.697314E28,-3.697314E28,-3.697314E28,-3.697314E28,-3.697314E28,0.0000000,3,Missing,-3.697314E28,-3.697314E28,-3.697314E28,Missing,-3.697314E28,-3.697314E28,-3.697314E28,Missing,-3.697314E28,-3.697314E28,-3.697314E28,Port 0x02: JJH T tibia tracker  s/n:3E4C8800,195968830,1738955747.168615764,1,OK,0.8787604,-0.4094827,-0.0634297,0.2368140,151.616,-129.908,-1513.501,0.4339235,3,OK,151.562,-129.748,-1513.695,OK,154.438,-195.936,-1442.839,OK,72.420,-171.798,-1506.342,Port 0x03: JJH Y femur tracker  s/n:3E4C8801,195968830,1738955747.168615764,1,OK,0.9659656,-0.0158660,0.1950637,-0.1691413,-197.550,65.147,-1595.212,0.2734912,3,OK,-197.319,64.940,-1595.315,OK,-222.542,160.308,-1581.225,OK,-278.349,96.435,-1560.569
3,Port 0x01: JJH Probe  s/n:3E4C880C,195968833,1738955747.218615764,1,Too Few Markers,-3.697314E28,-3.697314E28,-3.697314E28,-3.697314E28,-3.697314E28,-3.697314E28,-3.697314E28,0.0000000,3,Missing,-3.697314E28,-3.697314E28,-3.697314E28,Missing,-3.697314E28,-3.697314E28,-3.697314E28,Missing,-3.697314E28,-3.697314E28,-3.697314E28,Port 0x02: JJH T tibia tracker  s/n:3E4C8800,195968833,1738955747.218615764,1,OK,0.8794892,-0.4069997,-0.0644010,0.2381228,151.875,-130.064,-1514.507,0.4202754,3,OK,151.820,-129.921,-1514.681,OK,154.945,-196.436,-1444.212,OK,72.812,-172.232,-1507.520,Port 0x03: JJH Y femur tracker  s/n:3E4C8801,195968833,1738955747.218615764,1,OK,0.9617789,-0.0156666,0.2082393,-0.1771224,-195.431,67.649,-1591.321,0.2630603,3,OK,-195.214,67.440,-1591.427,OK,-218.375,163.214,-1576.544,OK,-274.721,100.254,-1554.484
3,Port 0x01: JJH Probe  s/n:3E4C880C,195968836,1738955747.268615764,1,Too Few Markers,-3.697314E28,-3.697314E28,-3.697314E28,-3.697314E28,-3.697314E28,-3.697314E28,-3.697314E28,0.0000000,3,Missing,-3.697314E28,-3.697314E28,-3.697314E28,Missing,-3.697314E28,-3.697314E28,-3.697314E28,Missing,-3.697314E28,-3.697314E28,-3.697314E28,Port 0x02: JJH T tibia tracker  s/n:3E4C8800,195968836,1738955747.268615764,1,OK,0.8801919,-0.4047321,-0.0653581,0.2391284,152.082,-130.372,-1515.616,0.4384582,3,OK,152.018,-130.218,-1515.804,OK,155.349,-197.096,-1445.626,OK,73.127,-172.766,-1508.818,Port 0x03: JJH Y femur tracker  s/n:3E4C8801,195968836,1738955747.268615764,1,OK,0.9572999,-0.0169143,0.2215594,-0.1849386,-193.160,70.086,-1587.395,0.2361114,3,OK,-192.959,69.889,-1587.502,OK,-214.073,166.051,-1572.129,OK,-270.876,103.992,-1548.412
3,Port 0x01: JJH Probe  s/n:3E4C880C,195968839,1738955747.318615764,1,Too Few Markers,-3.697314E28,-3.697314E28,-3.697314E28,-3.697314E28,-3.697314E28,-3.697314E28,-3.697314E28,0.0000000,3,Missing,-3.697314E28,-3.697314E28,-3.697314E28,Missing,-3.697314E28,-3.697314E28,-3.697314E28,Missing,-3.697314E28,-3.697314E28,-3.697314E28,Port 0x02: JJH T tibia tracker  s/n:3E4C8800,195968839,1738955747.318615764,1,OK,0.8813342,-0.4017589,-0.0661949,0.2397039,152.024,-130.839,-1516.683,0.4342690,3,OK,151.968,-130.678,-1516.872,OK,155.426,-198.009,-1447.133,OK,73.137,-173.403,-1510.110,Port 0x03: JJH Y femur tracker  s/n:3E4C8801,195968839,1738955747.318615764,1,OK,0.9526268,-0.0173531,0.2348728,-0.1924467,-190.893,72.479,-1583.437,0.2195648,3,OK,-190.708,72.286,-1583.544,OK,-209.787,168.777,-1567.574,OK,-266.952,107.596,-1542.318
3,Port 0x01: JJH Probe  s/n:3E4C880C,195968842,1738955747.368615764,1,Too Few Markers,-3.697314E28,-3.697314E28,-3.697314E28,-3.697314E28,-3.697314E28,-3.697314E28,-3.697314E28,0.0000000,3,Missing,-3.697314E28,-3.697314E28,-3.697314E28,Missing,-3.697314E28,-3.697314E28,-3.697314E28,Missing,-3.697314E28,-3.697314E28,-3.697314E28,Port 0x02: JJH T tibia tracker  s/n:3E4C8800,195968842,1738955747.368615764,1,OK,0.8820852,-0.3998491,-0.0671360,0.2398731,151.940,-131.208,-1517.474,0.4483535,3,OK,151.887,-131.035,-1517.671,OK,155.378,-198.690,-1448.205,OK,73.079,-173.875,-1511.134,Port 0x03: JJH Y femur tracker  s/n:3E4C8801,195968842,1738955747.368615764,1,OK,0.9479883,-0.0179153,0.2473493,-0.1995384,-188.531,74.749,-1579.540,0.2012885,3,OK,-188.369,74.562,-1579.642,OK,-205.503,171.334,-1563.195,OK,-262.943,110.998,-1536.466
3,Port 0x01: JJH Probe  s/n:3E4C880C,195968845,1738955747.418615764,1,Too Few Markers,-3.697314E28,-3.697314E28,-3.697314E28,-3.697314E28,-3.697314E28,-3.697314E28,-3.697314E28,0.0000000,3,Missing,-3.697314E28,-3.697314E28,-3.697314E28,Missing,-3.697314E28,-3.697314E28,-3.697314E28,Missing,-3.697314E28,-3.697314E28,-3.697314E28,Port 0x02: JJH T tibia tracker  s/n:3E4C8800,195968845,1738955747.418615764,1,OK,0.8828076,-0.3979280,-0.0680226,0.2401603,151.892,-131.633,-1518.159,0.4469441,3,OK,151.833,-131.477,-1518.340,OK,155.396,-199.402,-1449.188,OK,73.072,-174.409,-1512.039,Port 0x03: JJH Y femur tracker  s/n:3E4C8801,195968845,1738955747.418615764,1,OK,0.9432937,-0.0182804,0.2592654,-0.2065051,-186.122,76.801,-1576.230,0.1994264,3,OK,-185.959,76.615,-1576.340,OK,-201.188,173.629,-1559.452,OK,-258.897,114.149,-1531.304
3,Port 0x01: JJH Probe  s/n:3E4C880C,195968848,1738955747.468615764,1,Too Few Markers,-3.697314E28,-3.697314E28,-3.697314E28,-3.697314E28,-3.697314E28,-3.697314E28,-3.697314E28,0.0000000,3,Missing,-3.697314E28,-3.697314E28,-3.697314E28,Missing,-3.697314E28,-3.697314E28,-3.697314E28,Missing,-3.697314E28,-3.697314E28,-3.697314E28,Port 0x02: JJH T tibia tracker  s/n:3E4C8800,195968848,1738955747.468615764,1,OK,0.8837105,-0.3956034,-0.0692186,0.2403385,151.805,-132.083,-1518.853,0.4516188,3,OK,151.740,-131.938,-1519.025,OK,155.349,-200.213,-1450.243,OK,73.022,-174.974,-1513.031,Port 0x03: JJH Y femur tracker  s/n:3E4C8801,195968848,1738955747.468615764,1,OK,0.9389325,-0.0182799,0.2697414,-0.2128644,-183.847,78.698,-1573.310,0.2011053,3,OK,-183.688,78.507,-1573.424,OK,-197.167,175.714,-1556.138,OK,-255.090,117.028,-1526.780
3,Port 0x01: JJH Probe  s/n:3E4C880C,195968851,1738955747.518615764,1,Too Few Markers,-3.697314E28,-3.697314E28,-3.697314E28,-3.697314E28,-3.697314E28,-3.697314E28,-3.697314E28,0.0000000,3,Missing,-3.697314E28,-3.697314E28,-3.697314E28,Missing,-3.697314E28,-3.697314E28,-3.697314E28,Missing,-3.697314E28,-3.697314E28,-3.697314E28,Port 0x02: JJH T tibia tracker  s/n:3E4C8800,195968851,1738955747.518615764,1,OK,0.8845764,-0.3934633,-0.0698666,0.2404786,151.747,-132.611,-1519.631,0.4544110,3,OK,151.685,-132.457,-1519.809,OK,155.341,-201.071,-1451.342,OK,72.994,-175.583,-1514.002,Port 0x03: JJH Y femur tracker  s/n:3E4C8801,195968851,1738955747.518615764,1,OK,0.9347040,-0.0190402,0.2795977,-0.2186117,-181.653,80.377,-1570.561,0.1873567,3,OK,-181.511,80.192,-1570.670,OK,-193.382,177.572,-1553.181,OK,-251.423,119.596,-1522.578
3,Port 0x01: JJH Probe  s/n:3E4C880C,195968854,1738955747.568615764,1,Too Few Markers,-3.697314E28,-3.697314E28,-3.697314E28,-3.697314E28,-3.697314E28,-3.697314E28,-3.697314E28,0.0000000,3,Missing,-3.697314E28,-3.697314E28,-3.697314E28,Missing,-3.697314E28,-3.697314E28,-3.697314E28,Missing,-3.697314E28,-3.697314E28,-3.697314E28,Port 0x02: JJH T tibia tracker  s/n:3E4C8800,195968854,1738955747.568615764,1,OK,0.8855621,-0.3910150,-0.0703591,0.2407002,151.712,-133.119,-1520.426,0.4380685,3,OK,151.653,-132.962,-1520.603,OK,155.374,-201.932,-1452.517,OK,73.005,-176.178,-1514.963,Port 0x03: JJH Y femur tracker  s/n:3E4C8801,195968854,1738955747.568615764,1,OK,0.9305774,-0.0194343,0.2889546,-0.2239494,-179.569,81.938,-1568.055,0.1941575,3,OK,-179.419,81.749,-1568.175,OK,-189.783,179.263,-1550.443,OK,-247.924,121.967,-1518.685
3,Port 0x01: JJH Probe  s/n:3E4C880C,195968857,1738955747.618615764,1,Too Few Markers,-3.697314E28,-3.697314E28,-3.697314E28,-3.697314E28,-3.697314E28,-3.697314E28,-3.697314E28,0.0000000,3,Missing,-3.697314E28,-3.697314E28,-3.697314E28,Missing,-3.697314E28,-3.697314E28,-3.697314E28,Missing,-3.697314E28,-3.697314E28,-3.697314E28,Port 0x02: JJH T tibia tracker  s/n:3E4C8800,195968857,1738955747.618615764,1,OK,0.8864033,-0.3886635,-0.0716306,0.2410374,151.742,-133.560,-1521.192,0.4547756,3,OK,151.675,-133.417,-1521.360,OK,155.484,-202.733,-1453.641,OK,73.078,-176.755,-1516.040,Port 0x03: JJH Y femur tracker  s/n:3E4C8801,195968857,1738955747.618615764,1,OK,0.9267581,-0.0198474,0.2969435,-0.2292381,-177.409,83.443,-1565.643,0.1675277,3,OK,-177.289,83.270,-1565.745,OK,-186.182,180.891,-1547.911,OK,-244.424,124.256,-1515.149
3,Port 0x01: JJH Probe  s/n:3E4C880C,195968860,1738955747.668615764,1,Too Few Markers,-3.697314E28,-3.697314E28,-3.697314E28,-3.697314E28,-3.697314E28,-3.697314E28,-3.697314E28,0.0000000,3,Missing,-3.697314E28,-3.697314E28,-3.697314E28,Missing,-3.697314E28,-3.697314E28,-3.697314E28,Missing,-3.697314E28,-3.697314E28,-3.697314E28,Port 0x02: JJH T tibia tracker  s/n:3E4C8800,195968860,1738955747.668615764,1,OK,0.8873288,-0.3861828,-0.0722643,0.2414299,151.819,-134.025,-1522.046,0.4533951,3,OK,151.761,-133.864,-1522.224,OK,155.660,-203.561,-1454.868,OK,73.206,-177.343,-1517.077,Port 0x03: JJH Y femur tracker  s/n:3E4C8801,195968860,1738955747.668615764,1,OK,0.9225429,-0.0204490,0.3060054,-0.2342162,-175.272,84.882,-1563.373,0.1742149,3,OK,-175.145,84.709,-1563.485,OK,-182.593,182.431,-1545.506,OK,-240.867,126.430,-1511.578
3,Port 0x01: JJH Probe  s/n:3E4C880C,195968863,1738955747.718615764,1,Too Few Markers,-3.697314E28,-3.697314E28,-3.697314E28,-3.697314E28,-3.697314E28,-3.697314E28,-3.697314E28,0.0000000,3,Missing,-3.697314E28,-3.697314E28,-3.697314E28,Missing,-3.697314E28,-3.697314E28,-3.697314E28,Missing,-3.697314E28,-3.697314E28,-3.697314E28,Port 0x02: JJH T tibia tracker  s/n:3E4C8800,195968863,1738955747.718615764,1,OK,0.8883046,-0.3834972,-0.0730655,0.2418806,151.861,-134.510,-1522.897,0.4570079,3,OK,151.799,-134.343,-1523.080,OK,155.820,-204.439,-1456.122,OK,73.315,-177.959,-1518.152,Port 0x03: JJH Y femur tracker  s/n:3E4C8801,195968863,1738955747.718615764,1,OK,0.9187219,-0.0201322,0.3135201,-0.2392696,-173.118,86.256,-1561.111,0.1647728,3,OK,-173.014,86.076,-1561.213,OK,-179.039,183.867,-1543.043,OK,-237.361,128.516,-1508.277
3,Port 0x01: JJH Probe  s/n:3E4C880C,195968866,1738955747.768615764,1,Too Few Markers,-3.697314E28,-3.697314E28,-3.697314E28,-3.697314E28,-3.697314E28,-3.697314E28,-3.697314E28,0.0000000,3,Missing,-3.697314E28,-3.697314E28,-3.697314E28,Missing,-3.697314E28,-3.697314E28,-3.697314E28,Missing,-3.697314E28,-3.697314E28,-3.697314E28,Port 0x02: JJH T tibia tracker  s/n:3E4C8800,195968866,1738955747.768615764,1,OK,0.8893584,-0.3805740,-0.0743257,0.2422411,151.901,-134.997,-1523.794,0.4678358,3,OK,151.832,-134.847,-1523.963,OK,155.963,-205.351,-1457.472,OK,73.402,-178.585,-1519.383,Port 0x03: JJH Y femur tracker  s/n:3E4C8801,195968866,1738955747.768615764,1,OK,0.9145801,-0.0208981,0.3216163,-0.2442735,-170.929,87.633,-1558.925,0.1538052,3,OK,-170.834,87.463,-1559.022,OK,-175.444,185.319,-1540.854,OK,-233.764,130.624,-1505.005
3,Port 0x01: JJH Probe  s/n:3E4C880C,195968869,1738955747.818615764,1,Too Few Markers,-3.697314E28,-3.697314E28,-3.697314E28,-3.697314E28,-3.697314E28,-3.697314E28,-3.697314E28,0.0000000,3,Missing,-3.697314E28,-3.697314E28,-3.697314E28,Missing,-3.697314E28,-3.697314E28,-3.697314E28,Missing,-3.697314E28,-3.697314E28,-3.697314E28,Port 0x02: JJH T tibia tracker  s/n:3E4C8800,195968869,1738955747.818615764,1,OK,0.8905949,-0.3774085,-0.0747091,0.2425329,151.950,-135.567,-1524.717,0.4462168,3,OK,151.898,-135.401,-1524.891,OK,156.113,-206.356,-1458.892,OK,73.499,-179.256,-1520.477,Port 0x03: JJH Y femur tracker  s/n:3E4C8801,195968869,1738955747.818615764,1,OK,0.9102712,-0.0215089,0.3299301,-0.2491783,-168.623,88.994,-1556.808,0.1472455,3,OK,-168.536,88.831,-1556.903,OK,-171.721,186.735,-1538.715,OK,-230.003,132.679,-1501.779
3,Port 0x01: JJH Probe  s/n:3E4C880C,195968872,1738955747.868615767,1,Too Few Markers,-3.697314E28,-3.697314E28,-3.697314E28,-3.697314E28,-3.697314E28,-3.697314E28,-3.697314E28,0.0000000,3,Missing,-3.697314E28,-3.697314E28,-3.697314E28,Missing,-3.697314E28,-3.697314E28,-3.697314E28,Missing,-3.697314E28,-3.697314E28,-3.697314E28,Port 0x02: JJH T tibia tracker  s/n:3E4C8800,195968872,1738955747.868615767,1,OK,0.8919989,-0.3735639,-0.0761944,0.2428630,151.993,-136.242,-1525.747,0.4390568,3,OK,151.933,-136.103,-1525.898,OK,156.261,-207.568,-1460.543,OK,73.608,-180.082,-1521.918,Port 0x03: JJH Y femur tracker  s/n:3E4C8801,195968872,1738955747.868615767,1,OK,0.9058941,-0.0222893,0.3382565,-0.2538537,-166.333,90.261,-1554.702,0.1385160,3,OK,-166.252,90.112,-1554.793,OK,-168.054,188.040,-1536.631,OK,-226.251,134.597,-1498.581
3,Port 0x01: JJH Probe  s/n:3E4C880C,195968875,1738955747.918615767,1,Too Few Markers,-3.697314E28,-3.697314E28,-3.697314E28,-3.697314E28,-3.697314E28,-3.697314E28,-3.697314E28,0.0000000,3,Missing,-3.697314E28,-3.697314E28,-3.697314E28,Missing,-3.697314E28,-3.697314E28,-3.697314E28,Missing,-3.697314E28,-3.697314E28,-3.697314E28,Port 0x02: JJH T tibia tracker  s/n:3E4C8800,195968875,1738955747.918615767,1,OK,0.8931391,-0.3704606,-0.0778127,0.2429128,151.985,-136.897,-1526.751,0.4714766,3,OK,151.921,-136.752,-1526.906,OK,156.293,-208.699,-1462.027,OK,73.622,-180.847,-1523.350,Port 0x03: JJH Y femur tracker  s/n:3E4C8801,195968875,1738955747.918615767,1,OK,0.9015298,-0.0228986,0.3461305,-0.2586760,-163.963,91.551,-1552.702,0.1264992,3,OK,-163.895,91.413,-1552.784,OK,-164.300,189.353,-1534.673,OK,-222.411,136.550,-1495.587
3,Port 0x01: JJH Probe  s/n:3E4C880C,195968878,1738955747.968577311,1,Too Few Markers,-3.697314E28,-3.697314E28,-3.697314E28,-3.697314E28,-3.697314E28,-3.697314E28,-3.697314E28,0.0000000,3,Missing,-3.697314E28,-3.697314E28,-3.697314E28,Missing,-3.697314E28,-3.697314E28,-3.697314E28,Missing,-3.697314E28,-3.697314E28,-3.697314E28,Port 0x02: JJH T tibia tracker  s/n:3E4C8800,195968878,1738955747.968577311,1,OK,0.8941124,-0.3680227,-0.0781290,0.2429364,151.938,-137.487,-1527.545,0.4657844,3,OK,151.872,-137.330,-1527.710,OK,156.296,-209.633,-1463.200,OK,73.603,-181.473,-1524.301,Port 0x03: JJH Y femur tracker  s/n:3E4C8801,195968878,1738955747.968577311,1,OK,0.8970849,-0.0231501,0.3539766,-0.2634450,-161.641,92.765,-1550.737,0.1189713,3,OK,-161.580,92.636,-1550.814,OK,-160.580,190.559,-1532.709,OK,-218.600,138.391,-1492.629
3,Port 0x01: JJH Probe  s/n:3E4C880C,195968881,1738955748.018577311,1,Too Few Markers,-3.697314E28,-3.697314E28,-3.697314E28,-3.697314E28,-3.697314E28,-3.697314E28,-3.697314E28,0.0000000,3,Missing,-3.697314E28,-3.697314E28,-3.697314E28,Missing,-3.697314E28,-3.697314E28,-3.697314E28,Missing,-3.697314E28,-3.697314E28,-3.697314E28,Port 0x02: JJH T tibia tracker  s/n:3E4C8800,195968881,1738955748.018577311,1,OK,0.8951174,-0.3653471,-0.0792641,0.2429063,151.869,-138.062,-1528.326,0.4742270,3,OK,151.800,-137.905,-1528.490,OK,156.249,-210.598,-1464.411,OK,73.557,-182.117,-1525.402,Port 0x03: JJH Y femur tracker  s/n:3E4C8801,195968881,1738955748.018577311,1,OK,0.8925080,-0.0236936,0.3618237,-0.2682380,-159.150,94.040,-1548.803,0.1143342,3,OK,-159.096,93.919,-1548.876,OK,-156.693,191.826,-1530.857,OK,-214.591,140.297,-1489.737
3,Port 0x01: JJH Probe  s/n:3E4C880C,195968884,1738955748.068577311,1,Too Few Markers,-3.697314E28,-3.697314E28,-3.697314E28,-3.697314E28,-3.697314E28,-3.697314E28,-3.697314E28,0.0000000,3,Missing,-3.697314E28,-3.697314E28,-3.697314E28,Missing,-3.697314E28,-3.697314E28,-3.697314E28,Missing,-3.697314E28,-3.697314E28,-3.697314E28,Port 0x02: JJH T tibia tracker  s/n:3E4C8800,195968884,1738955748.068577311,1,OK,0.8964488,-0.3618119,-0.0803825,0.2429207,151.828,-138.783,-1529.256,0.4684260,3,OK,151.768,-138.626,-1529.415,OK,156.256,-211.808,-1465.920,OK,73.543,-182.925,-1526.681,Port 0x03: JJH Y femur tracker  s/n:3E4C8801,195968884,1738955748.068577311,1,OK,0.8878561,-0.0241265,0.3695921,-0.2730039,-156.632,95.208,-1546.858,0.1050573,3,OK,-156.590,95.096,-1546.922,OK,-152.780,192.966,-1528.997,OK,-210.528,142.074,-1486.868
3,Port 0x01: JJH Probe  s/n:3E4C880C,195968887,1738955748.118577311,1,Too Few Markers,-3.697314E28,-3.697314E28,-3.697314E28,-3.697314E28,-3.697314E28,-3.697314E28,-3.697314E28,0.0000000,3,Missing,-3.697314E28,-3.697314E28,-3.697314E28,Missing,-3.697314E28,-3.697314E28,-3.697314E28,Missing,-3.697314E28,-3.697314E28,-3.697314E28,Port 0x02: JJH T tibia tracker  s/n:3E4C8800,195968887,1738955748.118577311,1,OK,0.8976501,-0.3586355,-0.0817172,0.2427493,151.747,-139.492,-1530.250,0.4823393,3,OK,151.678,-139.342,-1530.405,OK,156.187,-212.974,-1467.430,OK,73.478,-183.686,-1528.070,Port 0x03: JJH Y femur tracker  s/n:3E4C8801,195968887,1738955748.118577311,1,OK,0.8829466,-0.0244074,0.3777239,-0.2777305,-154.092,96.444,-1545.032,0.1130281,3,OK,-154.042,96.325,-1545.107,OK,-148.823,194.141,-1527.230,OK,-206.373,143.908,-1484.070
3,Port 0x01: JJH Probe  s/n:3E4C880C,195968890,1738955748.168577311,1,Too Few Markers,-3.697314E28,-3.697314E28,-3.697314E28,-3.697314E28,-3.697314E28,-3.697314E28,-3.697314E28,0.0000000,3,Missing,-3.697314E28,-3.697314E28,-3.697314E28,Missing,-3.697314E28,-3.697314E28,-3.697314E28,Missing,-3.697314E28,-3.697314E28,-3.697314E28,Port 0x02: JJH T tibia tracker  s/n:3E4C8800,195968890,1738955748.168577311,1,OK,0.8988923,-0.3552740,-0.0828412,0.2427146,151.665,-140.192,-1531.116,0.4858299,3,OK,151.599,-140.043,-1531.266,OK,156.147,-214.138,-1468.845,OK,73.417,-184.455,-1529.286,Port 0x03: JJH Y femur tracker  s/n:3E4C8801,195968890,1738955748.168577311,1,OK,0.8780133,-0.0251030,0.3856028,-0.2824413,-151.478,97.580,-1543.157,0.1060250,3,OK,-151.434,97.477,-1543.225,OK,-144.817,195.222,-1525.535,OK,-202.152,145.633,-1481.306
3,Port 0x01: JJH Probe  s/n:3E4C880C,195968893,1738955748.218577311,1,Too Few Markers,-3.697314E28,-3.697314E28,-3.697314E28,-3.697314E28,-3.697314E28,-3.697314E28,-3.697314E28,0.0000000,3,Missing,-3.697314E28,-3.697314E28,-3.697314E28,Missing,-3.697314E28,-3.697314E28,-3.697314E28,Missing,-3.697314E28,-3.697314E28,-3.697314E28,Port 0x02: JJH T tibia tracker  s/n:3E4C8800,195968893,1738955748.218577311,1,OK,0.9000562,-0.3521367,-0.0842628,0.2424838,151.623,-140.968,-1532.144,0.5247505,3,OK,151.547,-140.804,-1532.310,OK,156.114,-215.388,-1470.365,OK,73.380,-185.270,-1530.732,Port 0x03: JJH Y femur tracker  s/n:3E4C8801,195968893,1738955748.218577311,1,OK,0.8732296,-0.0252462,0.3928994,-0.2871632,-148.840,98.721,-1541.467,0.0956818,3,OK,-148.808,98.611,-1541.528,OK,-140.810,196.279,-1523.950,OK,-197.925,147.342,-1478.826
3,Port 0x01: JJH Probe  s/n:3E4C880C,195968896,1738955748.268577311,1,Too Few Markers,-3.697314E28,-3.697314E28,-3.697314E28,-3.697314E28,-3.697314E28,-3.697314E28,-3.697314E28,0.0000000,3,Missing,-3.697314E28,-3.697314E28,-3.697314E28,Missing,-3.697314E28,-3.697314E28,-3.697314E28,Missing,-3.697314E28,-3.697314E28,-3.697314E28,Port 0x02: JJH T tibia tracker  s/n:3E4C8800,195968896,1738955748.268577311,1,OK,0.9014973,-0.3484740,-0.0848302,0.2422237,151.565,-141.805,-1533.205,0.5092035,3,OK,151.489,-141.631,-1533.375,OK,156.073,-216.712,-1472.031,OK,73.336,-186.114,-1532.064,Port 0x03: JJH Y femur tracker  s/n:3E4C8801,195968896,1738955748.268577311,1,OK,0.8684058,-0.0258259,0.4002283,-0.2915850,-146.279,99.756,-1539.813,0.0903048,3,OK,-146.250,99.659,-1539.870,OK,-136.934,197.230,-1522.502,OK,-193.812,148.902,-1476.384
3,Port 0x01: JJH Probe  s/n:3E4C880C,195968899,1738955748.318577311,1,Too Few Markers,-3.697314E28,-3.697314E28,-3.697314E28,-3.697314E28,-3.697314E28,-3.697314E28,-3.697314E28,0.0000000,3,Missing,-3.697314E28,-3.697314E28,-3.697314E28,Missing,-3.697314E28,-3.697314E28,-3.697314E28,Missing,-3.697314E28,-3.697314E28,-3.697314E28,Port 0x02: JJH T tibia tracker  s/n:3E4C8800,195968899,1738955748.318577311,1,OK,0.9028107,-0.3448332,-0.0858965,0.2421666,151.477,-142.521,-1534.180,0.5076231,3,OK,151.408,-142.344,-1534.348,OK,156.032,-217.910,-1473.611,OK,73.270,-186.891,-1533.392,Port 0x03: JJH Y femur tracker  s/n:3E4C8801,195968899,1738955748.318577311,1,OK,0.8636581,-0.0263732,0.4073461,-0.2957503,-143.798,100.739,-1538.277,0.0762395,3,OK,-143.777,100.660,-1538.323,OK,-133.203,198.114,-1521.170,OK,-189.799,150.364,-1474.114
3,Port 0x01: JJH Probe  s/n:3E4C880C,195968902,1738955748.368577311,1,Too Few Markers,-3.697314E28,-3.697314E28,-3.697314E28,-3.697314E28,-3.697314E28,-3.697314E28,-3.697314E28,0.0000000,3,Missing,-3.697314E28,-3.697314E28,-3.697314E28,Missing,-3.697314E28,-3.697314E28,-3.697314E28,Missing,-3.697314E28,-3.697314E28,-3.697314E28,Port 0x02: JJH T tibia tracker  s/n:3E4C8800,195968902,1738955748.368577311,1,OK,0.9039762,-0.3415467,-0.0871899,0.2420142,151.381,-143.183,-1535.078,0.5123261,3,OK,151.306,-143.030,-1535.227,OK,155.963,-219.001,-1475.067,OK,73.187,-187.593,-1534.684,Port 0x03: JJH Y femur tracker  s/n:3E4C8801,195968902,1738955748.368577311,1,OK,0.8590630,-0.0265806,0.4140808,-0.2997354,-141.421,101.674,-1536.882,0.0897178,3,OK,-141.399,101.577,-1536.936,OK,-129.612,198.949,-1519.930,OK,-185.951,151.738,-1472.014
3,Port 0x01: JJH Probe  s/n:3E4C880C,195968905,1738955748.418528341,1,Too Few Markers,-3.697314E28,-3.697314E28,-3.697314E28,-3.697314E28,-3.697314E28,-3.697314E28,-3.697314E28,0.0000000,3,Missing,-3.697314E28,-3.697314E28,-3.697314E28,Missing,-3.697314E28,-3.697314E28,-3.697314E28,Missing,-3.697314E28,-3.697314E28,-3.697314E28,Port 0x02: JJH T tibia tracker  s/n:3E4C8800,195968905,1738955748.418528341,1,OK,0.9052572,-0.3381955,-0.0876983,0.2417483,151.334,-143.897,-1536.031,0.4982040,3,OK,151.260,-143.731,-1536.189,OK,155.925,-220.151,-1476.580,OK,73.154,-188.306,-1535.883,Port 0x03: JJH Y femur tracker  s/n:3E4C8801,195968905,1738955748.418528341,1,OK,0.8545990,-0.0271659,0.4204546,-0.3035464,-139.071,102.517,-1535.509,0.0794608,3,OK,-139.050,102.439,-1535.558,OK,-126.128,199.677,-1518.803,OK,-182.183,153.010,-1470.021
3,Port 0x01: JJH Probe  s/n:3E4C880C,195968908,1738955748.468528341,1,Too Few Markers,-3.697314E28,-3.697314E28,-3.697314E28,-3.697314E28,-3.697314E28,-3.697314E28,-3.697314E28,0.0000000,3,Missing,-3.697314E28,-3.697314E28,-3.697314E28,Missing,-3.697314E28,-3.697314E28,-3.697314E28,Missing,-3.697314E28,-3.697314E28,-3.697314E28,Port 0x02: JJH T tibia tracker  s/n:3E4C8800,195968908,1738955748.468528341,1,OK,0.9065202,-0.3343543,-0.0895157,0.2416926,151.295,-144.581,-1537.002,0.5084819,3,OK,151.211,-144.439,-1537.142,OK,155.928,-221.333,-1478.207,OK,73.153,-189.066,-1537.356,Port 0x03: JJH Y femur tracker  s/n:3E4C8801,195968908,1738955748.468528341,1,OK,0.8503590,-0.0274571,0.4264391,-0.3070592,-136.820,103.325,-1534.284,0.0820141,3,OK,-136.797,103.248,-1534.338,OK,-122.808,200.364,-1517.771,OK,-178.591,154.192,-1468.208
3,Port 0x01: JJH Probe  s/n:3E4C880C,195968911,1738955748.518528341,1,Too Few Markers,-3.697314E28,-3.697314E28,-3.697314E28,-3.697314E28,-3.697314E28,-3.697314E28,-3.697314E28,0.0000000,3,Missing,-3.697314E28,-3.697314E28,-3.697314E28,Missing,-3.697314E28,-3.697314E28,-3.697314E28,Missing,-3.697314E28,-3.697314E28,-3.697314E28,Port 0x02: JJH T tibia tracker  s/n:3E4C8800,195968911,1738955748.518528341,1,OK,0.9075841,-0.3311256,-0.0909625,0.2416043,151.242,-145.234,-1537.868,0.5302288,3,OK,151.160,-145.091,-1538.007,OK,155.910,-222.416,-1479.614,OK,73.116,-189.775,-1538.635,Port 0x03: JJH Y femur tracker  s/n:3E4C8801,195968911,1738955748.518528341,1,OK,0.8463093,-0.0279872,0.4320813,-0.3102951,-134.761,103.994,-1533.141,0.0821124,3,OK,-134.741,103.927,-1533.190,OK,-119.762,200.928,-1516.870,OK,-175.264,155.200,-1466.538
3,Port 0x01: JJH Probe  s/n:3E4C880C,195968914,1738955748.568528341,1,Too Few Markers,-3.697314E28,-3.697314E28,-3.697314E28,-3.697314E28,-3.697314E28,-3.697314E28,-3.697314E28,0.0000000,3,Missing,-3.697314E28,-3.697314E28,-3.697314E28,Missing,-3.697314E28,-3.697314E28,-3.697314E28,Missing,-3.697314E28,-3.697314E28,-3.697314E28,Port 0x02: JJH T tibia tracker  s/n:3E4C8800,195968914,1738955748.568528341,1,OK,0.9086167,-0.3282672,-0.0914163,0.2414527,151.163,-145.817,-1538.743,0.5169680,3,OK,151.086,-145.666,-1538.884,OK,155.856,-223.351,-1480.975,OK,73.051,-190.365,-1539.721,Port 0x03: JJH Y femur tracker  s/n:3E4C8801,195968914,1738955748.568528341,1,OK,0.8424228,-0.0281743,0.4374205,-0.3133583,-132.791,104.702,-1532.159,0.0864394,3,OK,-132.765,104.635,-1532.216,OK,-116.844,201.506,-1516.068,OK,-172.077,156.215,-1465.048
3,Port 0x01: JJH Probe  s/n:3E4C880C,195968917,1738955748.618528341,1,Too Few Markers,-3.697314E28,-3.697314E28,-3.697314E28,-3.697314E28,-3.697314E28,-3.697314E28,-3.697314E28,0.0000000,3,Missing,-3.697314E28,-3.697314E28,-3.697314E28,Missing,-3.697314E28,-3.697314E28,-3.697314E28,Missing,-3.697314E28,-3.697314E28,-3.697314E28,Port 0x02: JJH T tibia tracker  s/n:3E4C8800,195968917,1738955748.618528341,1,OK,0.9095402,-0.3256205,-0.0921623,0.2412758,151.163,-146.453,-1539.623,0.5341518,3,OK,151.084,-146.279,-1539.780,OK,155.874,-224.345,-1482.287,OK,73.058,-191.010,-1540.863,Port 0x03: JJH Y femur tracker  s/n:3E4C8801,195968917,1738955748.618528341,1,OK,0.8388190,-0.0281287,0.4421827,-0.3163321,-130.876,105.288,-1531.198,0.0785174,3,OK,-130.849,105.217,-1531.259,OK,-114.037,201.951,-1515.246,OK,-169.015,157.094,-1463.662
3,Port 0x01: JJH Probe  s/n:3E4C880C,195968920,1738955748.668528341,1,Too Few Markers,-3.697314E28,-3.697314E28,-3.697314E28,-3.697314E28,-3.697314E28,-3.697314E28,-3.697314E28,0.0000000,3,Missing,-3.697314E28,-3.697314E28,-3.697314E28,Missing,-3.697314E28,-3.697314E28,-3.697314E28,Missing,-3.697314E28,-3.697314E28,-3.697314E28,Port 0x02: JJH T tibia tracker  s/n:3E4C8800,195968920,1738955748.668528341,1,OK,0.9107260,-0.3220973,-0.0930746,0.2411815,151.148,-147.018,-1540.514,0.5202363,3,OK,151.072,-146.865,-1540.653,OK,155.909,-225.320,-1483.792,OK,73.062,-191.604,-1542.080,Port 0x03: JJH Y femur tracker  s/n:3E4C8801,195968920,1738955748.668528341,1,OK,0.8351961,-0.0286729,0.4470005,-0.3190859,-128.988,105.858,-1530.277,0.0742323,3,OK,-128.965,105.802,-1530.329,OK,-111.311,202.413,-1514.583,OK,-166.010,157.935,-1462.332
3,Port 0x01: JJH Probe  s/n:3E4C880C,195968923,1738955748.718528341,1,Too Few Markers,-3.697314E28,-3.697314E28,-3.697314E28,-3.697314E28,-3.697314E28,-3.697314E28,-3.697314E28,0.0000000,3,Missing,-3.697314E28,-3.697314E28,-3.697314E28,Missing,-3.697314E28,-3.697314E28,-3.697314E28,Missing,-3.697314E28,-3.697314E28,-3.697314E28,Port 0x02: JJH T tibia tracker  s/n:3E4C8800,195968923,1738955748.718528341,1,OK,0.9121457,-0.3178117,-0.0943856,0.2409923,151.123,-147.841,-1541.750,0.5494216,3,OK,151.037,-147.666,-1541.906,OK,155.938,-226.700,-1485.737,OK,73.057,-192.448,-1543.759,Port 0x03: JJH Y femur tracker  s/n:3E4C8801,195968923,1738955748.718528341,1,OK,0.8313869,-0.0292809,0.4519791,-0.3219523,-127.103,106.394,-1529.366,0.0826762,3,OK,-127.078,106.350,-1529.417,OK,-108.555,202.832,-1513.965,OK,-162.961,158.755,-1461.003
3,Port 0x01: JJH Probe  s/n:3E4C880C,195968926,1738955748.768528341,1,Too Few Markers,-3.697314E28,-3.697314E28,-3.697314E28,-3.697314E28,-3.697314E28,-3.697314E28,-3.697314E28,0.0000000,3,Missing,-3.697314E28,-3.697314E28,-3.697314E28,Missing,-3.697314E28,-3.697314E28,-3.697314E28,Missing,-3.697314E28,-3.697314E28,-3.697314E28,Port 0x02: JJH T tibia tracker  s/n:3E4C8800,195968926,1738955748.768528341,1,OK,0.9134881,-0.3137113,-0.0956949,0.2407639,151.094,-148.586,-1542.981,0.5487402,3,OK,151.011,-148.414,-1543.131,OK,155.938,-227.940,-1487.681,OK,73.048,-193.216,-1545.417,Port 0x03: JJH Y femur tracker  s/n:3E4C8801,195968926,1738955748.768528341,1,OK,0.8275643,-0.0293054,0.4569163,-0.3248170,-125.142,106.965,-1528.437,0.0870812,3,OK,-125.112,106.917,-1528.498,OK,-105.701,203.249,-1513.219,OK,-159.819,159.580,-1459.645
3,Port 0x01: JJH Probe  s/n:3E4C880C,195968929,1738955748.818574194,1,Too Few Markers,-3.697314E28,-3.697314E28,-3.697314E28,-3.697314E28,-3.697314E28,-3.697314E28,-3.697314E28,0.0000000,3,Missing,-3.697314E28,-3.697314E28,-3.697314E28,Missing,-3.697314E28,-3.697314E28,-3.697314E28,Missing,-3.697314E28,-3.697314E28,-3.697314E28,Port 0x02: JJH T tibia tracker  s/n:3E4C8800,195968929,1738955748.818574194,1,OK,0.9145961,-0.3103498,-0.0962744,0.2406828,151.096,-149.167,-1543.955,0.5303271,3,OK,151.023,-148.998,-1544.097,OK,155.989,-228.896,-1489.242,OK,73.066,-193.816,-1546.644,Port 0x03: JJH Y femur tracker  s/n:3E4C8801,195968929,1738955748.818574194,1,OK,0.8236674,-0.0289903,0.4618118,-0.3278132,-123.076,107.573,-1527.555,0.0687479,3,OK,-123.048,107.523,-1527.616,OK,-102.717,203.664,-1512.463,OK,-156.522,160.433,-1458.368
3,Port 0x01: JJH Probe  s/n:3E4C880C,195968932,1738955748.868574197,1,Too Few Markers,-3.697314E28,-3.697314E28,-3.697314E28,-3.697314E28,-3.697314E28,-3.697314E28,-3.697314E28,0.0000000,3,Missing,-3.697314E28,-3.697314E28,-3.697314E28,Missing,-3.697314E28,-3.697314E28,-3.697314E28,Missing,-3.697314E28,-3.697314E28,-3.697314E28,Port 0x02: JJH T tibia tracker  s/n:3E4C8800,195968932,1738955748.868574197,1,OK,0.9153157,-0.3078876,-0.0974508,0.2406359,151.098,-149.670,-1544.786,0.5562376,3,OK,151.018,-149.497,-1544.932,OK,156.030,-229.713,-1490.490,OK,73.089,-194.349,-1547.804,Port 0x03: JJH Y femur tracker  s/n:3E4C8801,195968932,1738955748.868574197,1,OK,0.8196694,-0.0295640,0.4668019,-0.3307024,-121.027,108.138,-1526.697,0.0679378,3,OK,-121.002,108.099,-1526.750,OK,-99.788,204.095,-1511.928,OK,-153.264,161.255,-1457.135
3,Port 0x01: JJH Probe  s/n:3E4C880C,195968935,1738955748.918574197,1,Too Few Markers,-3.697314E28,-3.697314E28,-3.697314E28,-3.697314E28,-3.697314E28,-3.697314E28,-3.697314E28,0.0000000,3,Missing,-3.697314E28,-3.697314E28,-3.697314E28,Missing,-3.697314E28,-3.697314E28,-3.697314E28,Missing,-3.697314E28,-3.697314E28,-3.697314E28,Port 0x02: JJH T tibia tracker  s/n:3E4C8800,195968935,1738955748.918574197,1,OK,0.9164720,-0.3042730,-0.0980998,0.2405690,151.118,-150.333,-1545.962,0.5551317,3,OK,151.034,-150.156,-1546.110,OK,156.121,-230.791,-1492.282,OK,73.134,-195.021,-1549.261,Port 0x03: JJH Y femur tracker  s/n:3E4C8801,195968935,1738955748.918574197,1,OK,0.8155474,-0.0300484,0.4719726,-0.3334987,-118.985,108.652,-1525.826,0.0884153,3,OK,-118.950,108.624,-1525.889,OK,-96.866,204.448,-1511.369,OK,-149.991,162.009,-1455.853
3,Port 0x01: JJH Probe  s/n:3E4C880C,195968938,1738955748.968574197,1,Too Few Markers,-3.697314E28,-3.697314E28,-3.697314E28,-3.697314E28,-3.697314E28,-3.697314E28,-3.697314E28,0.0000000,3,Missing,-3.697314E28,-3.697314E28,-3.697314E28,Missing,-3.697314E28,-3.697314E28,-3.697314E28,Missing,-3.697314E28,-3.697314E28,-3.697314E28,Port 0x02: JJH T tibia tracker  s/n:3E4C8800,195968938,1738955748.968574197,1,OK,0.9178943,-0.2994913,-0.0995360,0.2405569,151.125,-150.965,-1547.218,0.5489771,3,OK,151.045,-150.799,-1547.355,OK,156.215,-231.954,-1494.379,OK,73.186,-195.703,-1550.985,Port 0x03: JJH Y femur tracker  s/n:3E4C8801,195968938,1738955748.968574197,1,OK,0.8116029,-0.0301818,0.4767380,-0.3363192,-116.978,109.202,-1525.027,0.0772657,3,OK,-116.950,109.166,-1525.087,OK,-93.994,204.836,-1510.810,OK,-146.776,162.783,-1454.719
3,Port 0x01: JJH Probe  s/n:3E4C880C,195968941,1738955749.018574197,1,Too Few Markers,-3.697314E28,-3.697314E28,-3.697314E28,-3.697314E28,-3.697314E28,-3.697314E28,-3.697314E28,0.0000000,3,Missing,-3.697314E28,-3.697314E28,-3.697314E28,Missing,-3.697314E28,-3.697314E28,-3.697314E28,Missing,-3.697314E28,-3.697314E28,-3.697314E28,Port 0x02: JJH T tibia tracker  s/n:3E4C8800,195968941,1738955749.018574197,1,OK,0.9189296,-0.2957529,-0.1009799,0.2406276,151.221,-151.559,-1548.399,0.5636861,3,OK,151.141,-151.403,-1548.528,OK,156.401,-232.969,-1496.213,OK,73.318,-196.352,-1552.594,Port 0x03: JJH Y femur tracker  s/n:3E4C8801,195968941,1738955749.018574197,1,OK,0.8074991,-0.0303691,0.4817100,-0.3390847,-114.906,109.689,-1524.194,0.0854197,3,OK,-114.870,109.663,-1524.261,OK,-91.053,205.129,-1510.245,OK,-143.472,163.481,-1453.518
3,Port 0x01: JJH Probe  s/n:3E4C880C,195968944,1738955749.068574197,1,Too Few Markers,-3.697314E28,-3.697314E28,-3.697314E28,-3.697314E28,-3.697314E28,-3.697314E28,-3.697314E28,0.0000000,3,Missing,-3.697314E28,-3.697314E28,-3.697314E28,Missing,-3.697314E28,-3.697314E28,-3.697314E28,Missing,-3.697314E28,-3.697314E28,-3.697314E28,Port 0x02: JJH T tibia tracker  s/n:3E4C8800,195968944,1738955749.068574197,1,OK,0.9199658,-0.2925348,-0.1009918,0.2405971,151.295,-152.112,-1549.591,0.5573981,3,OK,151.208,-151.955,-1549.722,OK,156.565,-233.862,-1497.950,OK,73.404,-196.885,-1553.939,Port 0x03: JJH Y femur tracker  s/n:3E4C8801,195968944,1738955749.068574197,1,OK,0.8035876,-0.0308262,0.4861965,-0.3419206,-112.874,110.168,-1523.455,0.0585385,3,OK,-112.850,110.158,-1523.498,OK,-88.197,205.447,-1509.835,OK,-140.255,164.189,-1452.533
3,Port 0x01: JJH Probe  s/n:3E4C880C,195968947,1738955749.118574197,1,Too Few Markers,-3.697314E28,-3.697314E28,-3.697314E28,-3.697314E28,-3.697314E28,-3.697314E28,-3.697314E28,0.0000000,3,Missing,-3.697314E28,-3.697314E28,-3.697314E28,Missing,-3.697314E28,-3.697314E28,-3.697314E28,Missing,-3.697314E28,-3.697314E28,-3.697314E28,Port 0x02: JJH T tibia tracker  s/n:3E4C8800,195968947,1738955749.118574197,1,OK,0.9212395,-0.2889182,-0.1003468,0.2403636,151.283,-152.829,-1551.001,0.5412033,3,OK,151.208,-152.663,-1551.130,OK,156.634,-234.941,-1499.973,OK,73.354,-197.533,-1555.419,Port 0x03: JJH Y femur tracker  s/n:3E4C8801,195968947,1738955749.118574197,1,OK,0.7997600,-0.0309500,0.4906023,-0.3445801,-110.961,110.637,-1522.738,0.0497392,3,OK,-110.939,110.625,-1522.779,OK,-85.477,205.735,-1509.376,OK,-137.188,164.853,-1451.541
3,Port 0x01: JJH Probe  s/n:3E4C880C,195968950,1738955749.168574197,1,Too Few Markers,-3.697314E28,-3.697314E28,-3.697314E28,-3.697314E28,-3.697314E28,-3.697314E28,-3.697314E28,0.0000000,3,Missing,-3.697314E28,-3.697314E28,-3.697314E28,Missing,-3.697314E28,-3.697314E28,-3.697314E28,Missing,-3.697314E28,-3.697314E28,-3.697314E28,Port 0x02: JJH T tibia tracker  s/n:3E4C8800,195968950,1738955749.168574197,1,OK,0.9223371,-0.2865748,-0.0987434,0.2396224,151.254,-153.714,-1552.615,0.5601299,3,OK,151.164,-153.535,-1552.756,OK,156.619,-236.083,-1501.945,OK,73.207,-198.203,-1556.930,Port 0x03: JJH Y femur tracker  s/n:3E4C8801,195968950,1738955749.168574197,1,OK,0.7960934,-0.0308789,0.4949235,-0.3468899,-109.116,111.056,-1522.105,0.0521115,3,OK,-109.093,111.033,-1522.155,OK,-82.885,205.971,-1508.937,OK,-134.239,165.415,-1450.621
3,Port 0x01: JJH Probe  s/n:3E4C880C,195968953,1738955749.218574197,1,Too Few Markers,-3.697314E28,-3.697314E28,-3.697314E28,-3.697314E28,-3.697314E28,-3.697314E28,-3.697314E28,0.0000000,3,Missing,-3.697314E28,-3.697314E28,-3.697314E28,Missing,-3.697314E28,-3.697314E28,-3.697314E28,Missing,-3.697314E28,-3.697314E28,-3.697314E28,Port 0x02: JJH T tibia tracker  s/n:3E4C8800,195968953,1738955749.218574197,1,OK,0.9227279,-0.2850738,-0.0994209,0.2396280,151.276,-154.101,-1553.272,0.5681962,3,OK,151.188,-153.932,-1553.406,OK,156.675,-236.630,-1502.870,OK,73.239,-198.609,-1557.779,Port 0x03: JJH Y femur tracker  s/n:3E4C8801,195968953,1738955749.218574197,1,OK,0.7926429,-0.0310982,0.4987830,-0.3492358,-107.336,111.415,-1521.510,0.0511361,3,OK,-107.313,111.397,-1521.558,OK,-80.403,206.161,-1508.611,OK,-131.435,165.943,-1449.808
3,Port 0x01: JJH Probe  s/n:3E4C880C,195968956,1738955749.268574197,1,Too Few Markers,-3.697314E28,-3.697314E28,-3.697314E28,-3.697314E28,-3.697314E28,-3.697314E28,-3.697314E28,0.0000000,3,Missing,-3.697314E28,-3.697314E28,-3.697314E28,Missing,-3.697314E28,-3.697314E28,-3.697314E28,Missing,-3.697314E28,-3.697314E28,-3.697314E28,Port 0x02: JJH T tibia tracker  s/n:3E4C8800,195968956,1738955749.268574197,1,OK,0.9243023,-0.2800780,-0.1000540,0.2391878,151.170,-154.854,-1554.634,0.5590123,3,OK,151.092,-154.681,-1554.763,OK,156.606,-237.902,-1505.117,OK,73.116,-199.306,-1559.503,Port 0x03: JJH Y femur tracker  s/n:3E4C8801,195968956,1738955749.268574197,1,OK,0.7894068,-0.0314617,0.5024659,-0.3512480,-105.808,111.748,-1520.977,0.0669773,3,OK,-105.777,111.738,-1521.035,OK,-78.245,206.346,-1508.367,OK,-128.975,166.415,-1449.039
3,Port 0x01: JJH Probe  s/n:3E4C880C,195968959,1738955749.318611234,1,Too Few Markers,-3.697314E28,-3.697314E28,-3.697314E28,-3.697314E28,-3.697314E28,-3.697314E28,-3.697314E28,0.0000000,3,Missing,-3.697314E28,-3.697314E28,-3.697314E28,Missing,-3.697314E28,-3.697314E28,-3.697314E28,Missing,-3.697314E28,-3.697314E28,-3.697314E28,Port 0x02: JJH T tibia tracker  s/n:3E4C8800,195968959,1738955749.318611234,1,OK,0.9256777,-0.2755525,-0.1011356,0.2386695,151.140,-155.507,-1555.804,0.5564643,3,OK,151.056,-155.339,-1555.930,OK,156.574,-239.032,-1507.102,OK,73.086,-199.898,-1561.094,Port 0x03: JJH Y femur tracker  s/n:3E4C8801,195968959,1738955749.318611234,1,OK,0.7868181,-0.0313494,0.5054351,-0.3528028,-104.492,111.975,-1520.529,0.0625875,3,OK,-104.462,111.963,-1520.585,OK,-76.420,206.431,-1508.049,OK,-126.881,166.716,-1448.419
3,Port 0x01: JJH Probe  s/n:3E4C880C,195968962,1738955749.368611234,1,Too Few Markers,-3.697314E28,-3.697314E28,-3.697314E28,-3.697314E28,-3.697314E28,-3.697314E28,-3.697314E28,0.0000000,3,Missing,-3.697314E28,-3.697314E28,-3.697314E28,Missing,-3.697314E28,-3.697314E28,-3.697314E28,Missing,-3.697314E28,-3.697314E28,-3.697314E28,Port 0x02: JJH T tibia tracker  s/n:3E4C8800,195968962,1738955749.368611234,1,OK,0.9263753,-0.2730496,-0.1021320,0.2384152,151.111,-155.923,-1556.547,0.5683047,3,OK,151.030,-155.748,-1556.674,OK,156.545,-239.723,-1508.297,OK,73.059,-200.301,-1562.140,Port 0x03: JJH Y femur tracker  s/n:3E4C8801,195968962,1738955749.368611234,1,OK,0.7842464,-0.0315862,0.5082918,-0.3544000,-103.232,112.226,-1520.119,0.0652680,3,OK,-103.201,112.219,-1520.176,OK,-74.661,206.565,-1507.868,OK,-124.881,167.063,-1447.844
3,Port 0x01: JJH Probe  s/n:3E4C880C,195968965,1738955749.418611234,1,Too Few Markers,-3.697314E28,-3.697314E28,-3.697314E28,-3.697314E28,-3.697314E28,-3.697314E28,-3.697314E28,0.0000000,3,Missing,-3.697314E28,-3.697314E28,-3.697314E28,Missing,-3.697314E28,-3.697314E28,-3.697314E28,Missing,-3.697314E28,-3.697314E28,-3.697314E28,Port 0x02: JJH T tibia tracker  s/n:3E4C8800,195968965,1738955749.418611234,1,OK,0.9266172,-0.2720510,-0.1027258,0.2383615,151.111,-156.186,-1557.078,0.5811056,3,OK,151.028,-156.013,-1557.205,OK,156.556,-240.100,-1509.007,OK,73.065,-200.567,-1562.828,Port 0x03: JJH Y femur tracker  s/n:3E4C8801,195968965,1738955749.418611234,1,OK,0.7818466,-0.0320606,0.5109996,-0.3557630,-102.114,112.435,-1519.667,0.0780366,3,OK,-102.079,112.435,-1519.727,OK,-73.111,206.680,-1507.672,OK,-123.086,167.362,-1447.239
3,Port 0x01: JJH Probe  s/n:3E4C880C,195968968,1738955749.468611234,1,Too Few Markers,-3.697314E28,-3.697314E28,-3.697314E28,-3.697314E28,-3.697314E28,-3.697314E28,-3.697314E28,0.0000000,3,Missing,-3.697314E28,-3.697314E28,-3.697314E28,Missing,-3.697314E28,-3.697314E28,-3.697314E28,Missing,-3.697314E28,-3.697314E28,-3.697314E28,Port 0x02: JJH T tibia tracker  s/n:3E4C8800,195968968,1738955749.468611234,1,OK,0.9271762,-0.2701300,-0.1028389,0.2383237,151.079,-156.525,-1557.713,0.5695168,3,OK,151.002,-156.354,-1557.836,OK,156.562,-240.616,-1509.986,OK,73.038,-200.901,-1563.569,Port 0x03: JJH Y femur tracker  s/n:3E4C8801,195968968,1738955749.468611234,1,OK,0.7796245,-0.0320637,0.5134865,-0.3570563,-101.008,112.654,-1519.379,0.0912558,3,OK,-100.967,112.652,-1519.453,OK,-71.582,206.777,-1507.535,OK,-121.337,167.649,-1446.797
3,Port 0x01: JJH Probe  s/n:3E4C880C,195968971,1738955749.518611234,1,Too Few Markers,-3.697314E28,-3.697314E28,-3.697314E28,-3.697314E28,-3.697314E28,-3.697314E28,-3.697314E28,0.0000000,3,Missing,-3.697314E28,-3.697314E28,-3.697314E28,Missing,-3.697314E28,-3.697314E28,-3.697314E28,Missing,-3.697314E28,-3.697314E28,-3.697314E28,Port 0x02: JJH T tibia tracker  s/n:3E4C8800,195968971,1738955749.518611234,1,OK,0.9278626,-0.2678862,-0.1032498,0.2380072,151.058,-156.891,-1558.419,0.5664486,3,OK,150.975,-156.718,-1558.543,OK,156.530,-241.213,-1511.097,OK,73.014,-201.219,-1564.462,Port 0x03: JJH Y femur tracker  s/n:3E4C8801,195968971,1738955749.518611234,1,OK,0.7777873,-0.0322925,0.5153282,-0.3583865,-100.057,112.824,-1519.019,0.0626444,3,OK,-100.027,112.829,-1519.068,OK,-70.272,206.863,-1507.354,OK,-119.839,167.911,-1446.404
3,Port 0x01: JJH Probe  s/n:3E4C880C,195968974,1738955749.568611234,1,Too Few Markers,-3.697314E28,-3.697314E28,-3.697314E28,-3.697314E28,-3.697314E28,-3.697314E28,-3.697314E28,0.0000000,3,Missing,-3.697314E28,-3.697314E28,-3.697314E28,Missing,-3.697314E28,-3.697314E28,-3.697314E28,Missing,-3.697314E28,-3.697314E28,-3.697314E28,Port 0x02: JJH T tibia tracker  s/n:3E4C8800,195968974,1738955749.568611234,1,OK,0.9286048,-0.2652089,-0.1037597,0.2378891,151.034,-157.204,-1559.048,0.5541218,3,OK,150.950,-157.046,-1559.164,OK,156.543,-241.774,-1512.215,OK,73.006,-201.519,-1565.306,Port 0x03: JJH Y femur tracker  s/n:3E4C8801,195968974,1738955749.568611234,1,OK,0.7760129,-0.0322738,0.5172434,-0.3594741,-99.147,112.990,-1518.760,0.0582047,3,OK,-99.119,112.996,-1518.807,OK,-69.019,206.932,-1507.216,OK,-118.409,168.127,-1446.053
3,Port 0x01: JJH Probe  s/n:3E4C880C,195968977,1738955749.618611234,1,Too Few Markers,-3.697314E28,-3.697314E28,-3.697314E28,-3.697314E28,-3.697314E28,-3.697314E28,-3.697314E28,0.0000000,3,Missing,-3.697314E28,-3.697314E28,-3.697314E28,Missing,-3.697314E28,-3.697314E28,-3.697314E28,Missing,-3.697314E28,-3.697314E28,-3.697314E28,Port 0x02: JJH T tibia tracker  s/n:3E4C8800,195968977,1738955749.618611234,1,OK,0.9290436,-0.2638500,-0.1037441,0.2376938,151.048,-157.465,-1559.582,0.5525916,3,OK,150.976,-157.297,-1559.698,OK,156.557,-242.167,-1512.991,OK,72.995,-201.748,-1565.909,Port 0x03: JJH Y femur tracker  s/n:3E4C8801,195968977,1738955749.618611234,1,OK,0.7745061,-0.0322916,0.5189224,-0.3603013,-98.424,113.115,-1518.523,0.0618566,3,OK,-98.395,113.116,-1518.575,OK,-68.018,206.979,-1507.081,OK,-117.250,168.286,-1445.721
3,Port 0x01: JJH Probe  s/n:3E4C880C,195968980,1738955749.668611234,1,Too Few Markers,-3.697314E28,-3.697314E28,-3.697314E28,-3.697314E28,-3.697314E28,-3.697314E28,-3.697314E28,0.0000000,3,Missing,-3.697314E28,-3.697314E28,-3.697314E28,Missing,-3.697314E28,-3.697314E28,-3.697314E28,Missing,-3.697314E28,-3.697314E28,-3.697314E28,Port 0x02: JJH T tibia tracker  s/n:3E4C8800,195968980,1738955749.668611234,1,OK,0.9292625,-0.2632318,-0.1038137,0.2374931,150.997,-157.670,-1559.949,0.5734148,3,OK,150.919,-157.497,-1560.069,OK,156.504,-242.453,-1513.456,OK,72.918,-201.909,-1566.338,Port 0x03: JJH Y femur tracker  s/n:3E4C8801,195968980,1738955749.668611234,1,OK,0.7732353,-0.0323064,0.5202519,-0.3611113,-97.830,113.251,-1518.331,0.0731014,3,OK,-97.796,113.248,-1518.395,OK,-67.184,207.036,-1506.984,OK,-116.288,168.477,-1445.461
3,Port 0x01: JJH Probe  s/n:3E4C880C,195968983,1738955749.718611234,1,Too Few Markers,-3.697314E28,-3.697314E28,-3.697314E28,-3.697314E28,-3.697314E28,-3.697314E28,-3.697314E28,0.0000000,3,Missing,-3.697314E28,-3.697314E28,-3.697314E28,Missing,-3.697314E28,-3.697314E28,-3.697314E28,Missing,-3.697314E28,-3.697314E28,-3.697314E28,Port 0x02: JJH T tibia tracker  s/n:3E4C8800,195968983,1738955749.718611234,1,OK,0.9293912,-0.2625839,-0.1043360,0.2374777,150.983,-157.850,-1560.347,0.5952794,3,OK,150.902,-157.663,-1560.475,OK,156.502,-242.723,-1513.962,OK,72.910,-202.095,-1566.862,Port 0x03: JJH Y femur tracker  s/n:3E4C8801,195968983,1738955749.718611234,1,OK,0.7723095,-0.0325498,0.5212074,-0.3616924,-97.357,113.296,-1518.142,0.0535861,3,OK,-97.330,113.309,-1518.182,OK,-66.546,207.050,-1506.912,OK,-115.550,168.550,-1445.261
3,Port 0x01: JJH Probe  s/n:3E4C880C,195968986,1738955749.768611234,1,Too Few Markers,-3.697314E28,-3.697314E28,-3.697314E28,-3.697314E28,-3.697314E28,-3.697314E28,-3.697314E28,0.0000000,3,Missing,-3.697314E28,-3.697314E28,-3.697314E28,Missing,-3.697314E28,-3.697314E28,-3.697314E28,Missing,-3.697314E28,-3.697314E28,-3.697314E28,Port 0x02: JJH T tibia tracker  s/n:3E4C8800,195968986,1738955749.768611234,1,OK,0.9298138,-0.2612614,-0.1041815,0.2373500,151.000,-157.944,-1560.566,0.5748405,3,OK,150.923,-157.766,-1560.687,OK,156.525,-242.922,-1514.425,OK,72.922,-202.163,-1567.115,Port 0x03: JJH Y femur tracker  s/n:3E4C8801,195968986,1738955749.768611234,1,OK,0.7715563,-0.0327240,0.5219550,-0.3622057,-96.976,113.377,-1518.051,0.0550772,3,OK,-96.948,113.401,-1518.086,OK,-66.028,207.094,-1506.920,OK,-114.958,168.669,-1445.149
3,Port 0x01: JJH Probe  s/n:3E4C880C,195968989,1738955749.818611234,1,Too Few Markers,-3.697314E28,-3.697314E28,-3.697314E28,-3.697314E28,-3.697314E28,-3.697314E28,-3.697314E28,0.0000000,3,Missing,-3.697314E28,-3.697314E28,-3.697314E28,Missing,-3.697314E28,-3.697314E28,-3.697314E28,Missing,-3.697314E28,-3.697314E28,-3.697314E28,Port 0x02: JJH T tibia tracker  s/n:3E4C8800,195968989,1738955749.818611234,1,OK,0.9299595,-0.2604983,-0.1046312,0.2374200,150.967,-157.984,-1560.567,0.5615895,3,OK,150.899,-157.822,-1560.677,OK,156.508,-243.015,-1514.583,OK,72.907,-202.233,-1567.222,Port 0x03: JJH Y femur tracker  s/n:3E4C8801,195968989,1738955749.818611234,1,OK,0.7712104,-0.0323449,0.5224450,-0.3622700,-96.840,113.430,-1518.029,0.0617791,3,OK,-96.812,113.429,-1518.082,OK,-65.815,207.117,-1506.832,OK,-114.713,168.694,-1445.060
3,Port 0x01: JJH Probe  s/n:3E4C880C,195968992,1738955749.868611229,1,Too Few Markers,-3.697314E28,-3.697314E28,-3.697314E28,-3.697314E28,-3.697314E28,-3.697314E28,-3.697314E28,0.0000000,3,Missing,-3.697314E28,-3.697314E28,-3.697314E28,Missing,-3.697314E28,-3.697314E28,-3.697314E28,Missing,-3.697314E28,-3.697314E28,-3.697314E28,Port 0x02: JJH T tibia tracker  s/n:3E4C8800,195968992,1738955749.868611229,1,OK,0.9299410,-0.2606162,-0.1046524,0.2373539,150.960,-157.995,-1560.673,0.5757256,3,OK,150.889,-157.832,-1560.784,OK,156.497,-243.027,-1514.660,OK,72.886,-202.227,-1567.337,Port 0x03: JJH Y femur tracker  s/n:3E4C8801,195968992,1738955749.868611229,1,OK,0.7712188,-0.0322030,0.5223964,-0.3623349,-96.844,113.440,-1518.070,0.0645330,3,OK,-96.815,113.436,-1518.126,OK,-65.809,207.111,-1506.842,OK,-114.707,168.710,-1445.109
3,Port 0x01: JJH Probe  s/n:3E4C880C,195968995,1738955749.918611229,1,Too Few Markers,-3.697314E28,-3.697314E28,-3.697314E28,-3.697314E28,-3.697314E28,-3.697314E28,-3.697314E28,0.0000000,3,Missing,-3.697314E28,-3.697314E28,-3.697314E28,Missing,-3.697314E28,-3.697314E28,-3.697314E28,Missing,-3.697314E28,-3.697314E28,-3.697314E28,Port 0x02: JJH T tibia tracker  s/n:3E4C8800,195968995,1738955749.918611229,1,OK,0.9298419,-0.2608246,-0.1049780,0.2373692,150.956,-157.996,-1560.593,0.5833281,3,OK,150.882,-157.836,-1560.703,OK,156.486,-243.016,-1514.547,OK,72.889,-202.240,-1567.306,Port 0x03: JJH Y femur tracker  s/n:3E4C8801,195968995,1738955749.918611229,1,OK,0.7712771,-0.0324121,0.5222948,-0.3623386,-96.855,113.415,-1518.029,0.0515826,3,OK,-96.830,113.422,-1518.070,OK,-65.839,207.104,-1506.843,OK,-114.740,168.694,-1445.098
3,Port 0x01: JJH Probe  s/n:3E4C880C,195968998,1738955749.968611229,1,Too Few Markers,-3.697314E28,-3.697314E28,-3.697314E28,-3.697314E28,-3.697314E28,-3.697314E28,-3.697314E28,0.0000000,3,Missing,-3.697314E28,-3.697314E28,-3.697314E28,Missing,-3.697314E28,-3.697314E28,-3.697314E28,Missing,-3.697314E28,-3.697314E28,-3.697314E28,Port 0x02: JJH T tibia tracker  s/n:3E4C8800,195968998,1738955749.968611229,1,OK,0.9298477,-0.2609738,-0.1045937,0.2373523,150.955,-157.963,-1560.585,0.5735530,3,OK,150.884,-157.799,-1560.697,OK,156.481,-242.961,-1514.510,OK,72.882,-202.196,-1567.221,Port 0x03: JJH Y femur tracker  s/n:3E4C8801,195968998,1738955749.968611229,1,OK,0.7714957,-0.0325789,0.5219979,-0.3622860,-96.928,113.417,-1518.054,0.0413609,3,OK,-96.907,113.433,-1518.082,OK,-65.958,207.125,-1506.890,OK,-114.875,168.706,-1445.169
3,Port 0x01: JJH Probe  s/n:3E4C880C,195969001,1738955750.018611229,1,Too Few Markers,-3.697314E28,-3.697314E28,-3.697314E28,-3.697314E28,-3.697314E28,-3.697314E28,-3.697314E28,0.0000000,3,Missing,-3.697314E28,-3.697314E28,-3.697314E28,Missing,-3.697314E28,-3.697314E28,-3.697314E28,Missing,-3.697314E28,-3.697314E28,-3.697314E28,Port 0x02: JJH T tibia tracker  s/n:3E4C8800,195969001,1738955750.018611229,1,OK,0.9298976,-0.2610453,-0.1040428,0.2373202,150.972,-158.013,-1560.596,0.5656929,3,OK,150.899,-157.833,-1560.717,OK,156.494,-243.005,-1514.498,OK,72.892,-202.227,-1567.129,Port 0x03: JJH Y femur tracker  s/n:3E4C8801,195969001,1738955750.018611229,1,OK,0.7714438,-0.0328556,0.5221032,-0.3622200,-96.943,113.370,-1518.026,0.0478926,3,OK,-96.919,113.388,-1518.056,OK,-65.987,207.098,-1506.921,OK,-114.894,168.664,-1445.126
3,Port 0x01: JJH Probe  s/n:3E4C880C,195969004,1738955750.068611229,1,Too Few Markers,-3.697314E28,-3.697314E28,-3.697314E28,-3.697314E28,-3.697314E28,-3.697314E28,-3.697314E28,0.0000000,3,Missing,-3.697314E28,-3.697314E28,-3.697314E28,Missing,-3.697314E28,-3.697314E28,-3.697314E28,Missing,-3.697314E28,-3.697314E28,-3.697314E28,Port 0x02: JJH T tibia tracker  s/n:3E4C8800,195969004,1738955750.068611229,1,OK,0.9298456,-0.2610415,-0.1043883,0.2373762,150.917,-157.917,-1560.516,0.5754842,3,OK,150.845,-157.751,-1560.630,OK,156.454,-242.908,-1514.422,OK,72.838,-202.146,-1567.115,Port 0x03: JJH Y femur tracker  s/n:3E4C8801,195969004,1738955750.068611229,1,OK,0.7716832,-0.0325209,0.5219789,-0.3619192,-97.159,113.414,-1518.120,0.0697324,3,OK,-97.125,113.421,-1518.176,OK,-66.249,207.127,-1506.914,OK,-115.173,168.675,-1445.173
3,Port 0x01: JJH Probe  s/n:3E4C880C,195969007,1738955750.118611229,1,Too Few Markers,-3.697314E28,-3.697314E28,-3.697314E28,-3.697314E28,-3.697314E28,-3.697314E28,-3.697314E28,0.0000000,3,Missing,-3.697314E28,-3.697314E28,-3.697314E28,Missing,-3.697314E28,-3.697314E28,-3.697314E28,Missing,-3.697314E28,-3.697314E28,-3.697314E28,Port 0x02: JJH T tibia tracker  s/n:3E4C8800,195969007,1738955750.118611229,1,OK,0.9297790,-0.2612663,-0.1042540,0.2374492,150.918,-157.867,-1560.392,0.5533679,3,OK,150.843,-157.705,-1560.505,OK,156.445,-242.821,-1514.268,OK,72.864,-202.112,-1566.941,Port 0x03: JJH Y femur tracker  s/n:3E4C8801,195969007,1738955750.118611229,1,OK,0.7724727,-0.0324790,0.5211640,-0.3614127,-97.552,113.302,-1518.254,0.0784421,3,OK,-97.515,113.309,-1518.317,OK,-66.787,207.059,-1506.990,OK,-115.803,168.534,-1445.325
3,Port 0x01: JJH Probe  s/n:3E4C880C,195969010,1738955750.168611229,1,Too Few Markers,-3.697314E28,-3.697314E28,-3.697314E28,-3.697314E28,-3.697314E28,-3.697314E28,-3.697314E28,0.0000000,3,Missing,-3.697314E28,-3.697314E28,-3.697314E28,Missing,-3.697314E28,-3.697314E28,-3.697314E28,Missing,-3.697314E28,-3.697314E28,-3.697314E28,Port 0x02: JJH T tibia tracker  s/n:3E4C8800,195969010,1738955750.168611229,1,OK,0.9293906,-0.2628330,-0.1039852,0.2373583,150.971,-157.675,-1560.080,0.5783184,3,OK,150.895,-157.493,-1560.203,OK,156.458,-242.509,-1513.659,OK,72.883,-201.899,-1566.523,Port 0x03: JJH Y femur tracker  s/n:3E4C8801,195969010,1738955750.168611229,1,OK,0.7742867,-0.0325420,0.5191855,-0.3603714,-98.376,113.181,-1518.529,0.0584444,3,OK,-98.348,113.193,-1518.572,OK,-67.956,207.045,-1507.145,OK,-117.145,168.363,-1445.729
3,Port 0x01: JJH Probe  s/n:3E4C880C,195969013,1738955750.218611229,1,Too Few Markers,-3.697314E28,-3.697314E28,-3.697314E28,-3.697314E28,-3.697314E28,-3.697314E28,-3.697314E28,0.0000000,3,Missing,-3.697314E28,-3.697314E28,-3.697314E28,Missing,-3.697314E28,-3.697314E28,-3.697314E28,Missing,-3.697314E28,-3.697314E28,-3.697314E28,Port 0x02: JJH T tibia tracker  s/n:3E4C8800,195969013,1738955750.218611229,1,OK,0.9287027,-0.2651188,-0.1036616,0.2376502,150.943,-157.272,-1559.232,0.5750900,3,OK,150.868,-157.102,-1559.351,OK,156.429,-241.870,-1512.405,OK,72.866,-201.542,-1565.501,Port 0x03: JJH Y femur tracker  s/n:3E4C8801,195969013,1738955750.218611229,1,OK,0.7771743,-0.0323020,0.5161077,-0.3585937,-99.847,112.912,-1518.990,0.0737247,3,OK,-99.814,112.905,-1519.055,OK,-69.972,206.918,-1507.345,OK,-119.449,168.010,-1446.316
3,Port 0x01: JJH Probe  s/n:3E4C880C,195969016,1738955750.268611229,1,Too Few Markers,-3.697314E28,-3.697314E28,-3.697314E28,-3.697314E28,-3.697314E28,-3.697314E28,-3.697314E28,0.0000000,3,Missing,-3.697314E28,-3.697314E28,-3.697314E28,Missing,-3.697314E28,-3.697314E28,-3.697314E28,Missing,-3.697314E28,-3.697314E28,-3.697314E28,Port 0x02: JJH T tibia tracker  s/n:3E4C8800,195969016,1738955750.268611229,1,OK,0.9275736,-0.2690196,-0.1029753,0.2379744,150.929,-156.656,-1558.003,0.5749596,3,OK,150.848,-156.498,-1558.120,OK,156.387,-240.860,-1510.478,OK,72.856,-200.967,-1563.960,Port 0x03: JJH Y femur tracker  s/n:3E4C8801,195969016,1738955750.268611229,1,OK,0.7809872,-0.0321810,0.5119259,-0.3563078,-101.769,112.553,-1519.599,0.0694625,3,OK,-101.737,112.544,-1519.659,OK,-72.614,206.761,-1507.671,OK,-122.480,167.529,-1447.146
3,Port 0x01: JJH Probe  s/n:3E4C880C,195969019,1738955750.318611229,1,Too Few Markers,-3.697314E28,-3.697314E28,-3.697314E28,-3.697314E28,-3.697314E28,-3.697314E28,-3.697314E28,0.0000000,3,Missing,-3.697314E28,-3.697314E28,-3.697314E28,Missing,-3.697314E28,-3.697314E28,-3.697314E28,Missing,-3.697314E28,-3.697314E28,-3.697314E28,Port 0x02: JJH T tibia tracker  s/n:3E4C8800,195969019,1738955750.318611229,1,OK,0.9262260,-0.2742092,-0.1009580,0.2381642,150.963,-155.939,-1556.567,0.5655889,3,OK,150.883,-155.752,-1556.701,OK,156.352,-239.621,-1508.095,OK,72.856,-200.238,-1561.918,Port 0x03: JJH Y femur tracker  s/n:3E4C8801,195969019,1738955750.318611229,1,OK,0.7859143,-0.0319056,0.5064719,-0.3532804,-104.152,112.115,-1520.397,0.0682991,3,OK,-104.121,112.103,-1520.457,OK,-75.948,206.562,-1508.081,OK,-126.298,166.917,-1448.239
3,Port 0x01: JJH Probe  s/n:3E4C880C,195969022,1738955750.368611229,1,Too Few Markers,-3.697314E28,-3.697314E28,-3.697314E28,-3.697314E28,-3.697314E28,-3.697314E28,-3.697314E28,0.0000000,3,Missing,-3.697314E28,-3.697314E28,-3.697314E28,Missing,-3.697314E28,-3.697314E28,-3.697314E28,Missing,-3.697314E28,-3.697314E28,-3.697314E28,Port 0x02: JJH T tibia tracker  s/n:3E4C8800,195969022,1738955750.368611229,1,OK,0.9246449,-0.2797609,-0.1000035,0.2382540,150.910,-155.135,-1554.795,0.5674130,3,OK,150.821,-154.964,-1554.927,OK,156.190,-238.247,-1505.347,OK,72.777,-199.427,-1559.726,Port 0x03: JJH Y femur tracker  s/n:3E4C8801,195969022,1738955750.368611229,1,OK,0.7916255,-0.0315758,0.5001075,-0.3496063,-107.057,111.532,-1521.431,0.0760490,3,OK,-107.023,111.509,-1521.500,OK,-79.987,206.252,-1508.664,OK,-130.879,166.109,-1449.624
3,Port 0x01: JJH Probe  s/n:3E4C880C,195969025,1738955750.418611229,1,Too Few Markers,-3.697314E28,-3.697314E28,-3.697314E28,-3.697314E28,-3.697314E28,-3.697314E28,-3.697314E28,0.0000000,3,Missing,-3.697314E28,-3.697314E28,-3.697314E28,Missing,-3.697314E28,-3.697314E28,-3.697314E28,Missing,-3.697314E28,-3.697314E28,-3.697314E28,Port 0x02: JJH T tibia tracker  s/n:3E4C8800,195969025,1738955750.418611229,1,OK,0.9227704,-0.2858913,-0.0991609,0.2385960,150.846,-154.064,-1552.537,0.5574735,3,OK,150.759,-153.887,-1552.675,OK,156.020,-236.534,-1502.022,OK,72.725,-198.411,-1557.010,Port 0x03: JJH Y femur tracker  s/n:3E4C8801,195969025,1738955750.418611229,1,OK,0.7984053,-0.0313970,0.4922434,-0.3453400,-110.404,110.773,-1522.599,0.0592251,3,OK,-110.377,110.761,-1522.649,OK,-84.694,205.824,-1509.386,OK,-136.236,165.073,-1451.306
3,Port 0x01: JJH Probe  s/n:3E4C880C,195969028,1738955750.468611229,1,Too Few Markers,-3.697314E28,-3.697314E28,-3.697314E28,-3.697314E28,-3.697314E28,-3.697314E28,-3.697314E28,0.0000000,3,Missing,-3.697314E28,-3.697314E28,-3.697314E28,Missing,-3.697314E28,-3.697314E28,-3.697314E28,Missing,-3.697314E28,-3.697314E28,-3.697314E28,Port 0x02: JJH T tibia tracker  s/n:3E4C8800,195969028,1738955750.468611229,1,OK,0.9203870,-0.2923127,-0.1008569,0.2393093,150.824,-152.605,-1549.672,0.5652493,3,OK,150.738,-152.444,-1549.804,OK,155.871,-234.418,-1498.092,OK,72.812,-197.169,-1554.086,Port 0x03: JJH Y femur tracker  s/n:3E4C8801,195969028,1738955750.468611229,1,OK,0.8055686,-0.0311680,0.4838643,-0.3405336,-114.027,109.959,-1523.957,0.0741831,3,OK,-113.995,109.939,-1524.017,OK,-89.813,205.341,-1510.269,OK,-142.012,163.930,-1453.203
3,Port 0x01: JJH Probe  s/n:3E4C880C,195969031,1738955750.518611229,1,Too Few Markers,-3.697314E28,-3.697314E28,-3.697314E28,-3.697314E28,-3.697314E28,-3.697314E28,-3.697314E28,0.0000000,3,Missing,-3.697314E28,-3.697314E28,-3.697314E28,Missing,-3.697314E28,-3.697314E28,-3.697314E28,Missing,-3.697314E28,-3.697314E28,-3.697314E28,Port 0x02: JJH T tibia tracker  s/n:3E4C8800,195969031,1738955750.518611229,1,OK,0.9190822,-0.2974399,-0.0988065,0.2388614,150.774,-151.762,-1548.103,0.5665316,3,OK,150.691,-151.608,-1548.232,OK,155.669,-233.005,-1495.624,OK,72.643,-196.180,-1551.965,Port 0x03: JJH Y femur tracker  s/n:3E4C8801,195969031,1738955750.518611229,1,OK,0.8134571,-0.0306169,0.4742717,-0.3352856,-118.009,109.014,-1525.630,0.0656403,3,OK,-117.980,108.980,-1525.688,OK,-95.454,204.729,-1511.392,OK,-148.356,162.593,-1455.572
3,Port 0x01: JJH Probe  s/n:3E4C880C,195969034,1738955750.568611229,1,Too Few Markers,-3.697314E28,-3.697314E28,-3.697314E28,-3.697314E28,-3.697314E28,-3.697314E28,-3.697314E28,0.0000000,3,Missing,-3.697314E28,-3.697314E28,-3.697314E28,Missing,-3.697314E28,-3.697314E28,-3.697314E28,Missing,-3.697314E28,-3.697314E28,-3.697314E28,Port 0x02: JJH T tibia tracker  s/n:3E4C8800,195969034,1738955750.568611229,1,OK,0.9159440,-0.3068728,-0.0970007,0.2397219,150.904,-150.110,-1545.270,0.5678875,3,OK,150.818,-149.932,-1545.420,OK,155.728,-230.293,-1491.144,OK,72.798,-194.615,-1548.324,Port 0x03: JJH Y femur tracker  s/n:3E4C8801,195969034,1738955750.568611229,1,OK,0.8218156,-0.0300908,0.4641402,-0.3290708,-122.275,107.851,-1527.402,0.0824933,3,OK,-122.244,107.809,-1527.464,OK,-101.572,203.923,-1512.611,OK,-155.187,160.883,-1458.067
3,Port 0x01: JJH Probe  s/n:3E4C880C,195969037,1738955750.618611229,1,Too Few Markers,-3.697314E28,-3.697314E28,-3.697314E28,-3.697314E28,-3.697314E28,-3.697314E28,-3.697314E28,0.0000000,3,Missing,-3.697314E28,-3.697314E28,-3.697314E28,Missing,-3.697314E28,-3.697314E28,-3.697314E28,Missing,-3.697314E28,-3.697314E28,-3.697314E28,Port 0x02: JJH T tibia tracker  s/n:3E4C8800,195969037,1738955750.618611229,1,OK,0.9133245,-0.3152211,-0.0939422,0.2401017,150.948,-148.706,-1543.019,0.5472609,3,OK,150.866,-148.524,-1543.176,OK,155.697,-227.879,-1487.444,OK,72.791,-193.150,-1545.133,Port 0x03: JJH Y femur tracker  s/n:3E4C8801,195969037,1738955750.618611229,1,OK,0.8302911,-0.0296807,0.4533341,-0.3228373,-126.692,106.606,-1529.317,0.0903485,3,OK,-126.658,106.558,-1529.383,OK,-107.916,203.006,-1514.039,OK,-162.218,159.097,-1460.855
3,Port 0x01: JJH Probe  s/n:3E4C880C,195969040,1738955750.668557839,1,Too Few Markers,-3.697314E28,-3.697314E28,-3.697314E28,-3.697314E28,-3.697314E28,-3.697314E28,-3.697314E28,0.0000000,3,Missing,-3.697314E28,-3.697314E28,-3.697314E28,Missing,-3.697314E28,-3.697314E28,-3.697314E28,Missing,-3.697314E28,-3.697314E28,-3.697314E28,Port 0x02: JJH T tibia tracker  s/n:3E4C8800,195969040,1738955750.668557839,1,OK,0.9113174,-0.3213996,-0.0917739,0.2403758,151.015,-147.497,-1541.203,0.5373215,3,OK,150.940,-147.329,-1541.351,OK,155.723,-225.894,-1484.568,OK,72.806,-191.887,-1542.647,Port 0x03: JJH Y femur tracker  s/n:3E4C8801,195969040,1738955750.668557839,1,OK,0.8391811,-0.0292286,0.4415465,-0.3161606,-131.243,105.206,-1531.570,0.0879604,3,OK,-131.214,105.154,-1531.625,OK,-114.540,201.929,-1515.833,OK,-169.533,157.070,-1464.145
3,Port 0x01: JJH Probe  s/n:3E4C880C,195969043,1738955750.718557839,1,Too Few Markers,-3.697314E28,-3.697314E28,-3.697314E28,-3.697314E28,-3.697314E28,-3.697314E28,-3.697314E28,0.0000000,3,Missing,-3.697314E28,-3.697314E28,-3.697314E28,Missing,-3.697314E28,-3.697314E28,-3.697314E28,Missing,-3.697314E28,-3.697314E28,-3.697314E28,Port 0x02: JJH T tibia tracker  s/n:3E4C8800,195969043,1738955750.718557839,1,OK,0.9087855,-0.3286909,-0.0903579,0.2406382,151.177,-146.092,-1539.122,0.5445884,3,OK,151.091,-145.932,-1539.274,OK,155.780,-223.601,-1481.255,OK,72.947,-190.447,-1539.973,Port 0x03: JJH Y femur tracker  s/n:3E4C8801,195969043,1738955750.718557839,1,OK,0.8483062,-0.0283577,0.4290662,-0.3089896,-135.900,103.703,-1534.031,0.0886059,3,OK,-135.870,103.628,-1534.092,OK,-121.394,200.707,-1517.781,OK,-177.040,154.846,-1467.751
3,Port 0x01: JJH Probe  s/n:3E4C880C,195969046,1738955750.768557839,1,Too Few Markers,-3.697314E28,-3.697314E28,-3.697314E28,-3.697314E28,-3.697314E28,-3.697314E28,-3.697314E28,0.0000000,3,Missing,-3.697314E28,-3.697314E28,-3.697314E28,Missing,-3.697314E28,-3.697314E28,-3.697314E28,Missing,-3.697314E28,-3.697314E28,-3.697314E28,Port 0x02: JJH T tibia tracker  s/n:3E4C8800,195969046,1738955750.768557839,1,OK,0.9061885,-0.3361592,-0.0871854,0.2412842,151.272,-144.482,-1536.870,0.4917029,3,OK,151.201,-144.323,-1537.018,OK,155.870,-220.977,-1477.751,OK,73.033,-188.793,-1536.768,Port 0x03: JJH Y femur tracker  s/n:3E4C8801,195969046,1738955750.768557839,1,OK,0.8574278,-0.0274223,0.4162209,-0.3013732,-140.756,102.029,-1536.704,0.1052699,3,OK,-140.718,101.934,-1536.776,OK,-128.535,199.282,-1519.986,OK,-184.795,152.347,-1471.647
3,Port 0x01: JJH Probe  s/n:3E4C880C,195969049,1738955750.818557839,1,Too Few Markers,-3.697314E28,-3.697314E28,-3.697314E28,-3.697314E28,-3.697314E28,-3.697314E28,-3.697314E28,0.0000000,3,Missing,-3.697314E28,-3.697314E28,-3.697314E28,Missing,-3.697314E28,-3.697314E28,-3.697314E28,Missing,-3.697314E28,-3.697314E28,-3.697314E28,Port 0x02: JJH T tibia tracker  s/n:3E4C8800,195969049,1738955750.818557839,1,OK,0.9031390,-0.3445019,-0.0851097,0.2416915,151.401,-142.850,-1534.665,0.5076146,3,OK,151.328,-142.683,-1534.825,OK,155.927,-218.272,-1474.143,OK,73.126,-187.098,-1533.802,Port 0x03: JJH Y femur tracker  s/n:3E4C8801,195969049,1738955750.818557839,1,OK,0.8668174,-0.0269225,0.4022600,-0.2934104,-145.591,100.210,-1539.638,0.0887213,3,OK,-145.561,100.122,-1539.694,OK,-135.824,197.687,-1522.607,OK,-192.628,149.651,-1476.063
3,Port 0x01: JJH Probe  s/n:3E4C880C,195969052,1738955750.868557843,1,Too Few Markers,-3.697314E28,-3.697314E28,-3.697314E28,-3.697314E28,-3.697314E28,-3.697314E28,-3.697314E28,0.0000000,3,Missing,-3.697314E28,-3.697314E28,-3.697314E28,Missing,-3.697314E28,-3.697314E28,-3.697314E28,Missing,-3.697314E28,-3.697314E28,-3.697314E28,Port 0x02: JJH T tibia tracker  s/n:3E4C8800,195969052,1738955750.868557843,1,OK,0.9005866,-0.3512714,-0.0830091,0.2422019,151.593,-141.355,-1532.712,0.5055948,3,OK,151.521,-141.191,-1532.875,OK,156.111,-215.855,-1471.063,OK,73.300,-185.550,-1531.147,Port 0x03: JJH Y femur tracker  s/n:3E4C8801,195969052,1738955750.868557843,1,OK,0.8758516,-0.0257865,0.3884217,-0.2852150,-150.363,98.240,-1542.739,0.1006950,3,OK,-150.324,98.126,-1542.806,OK,-143.043,195.870,-1525.328,OK,-200.312,146.708,-1480.652
3,Port 0x01: JJH Probe  s/n:3E4C880C,195969055,1738955750.918557843,1,Too Few Markers,-3.697314E28,-3.697314E28,-3.697314E28,-3.697314E28,-3.697314E28,-3.697314E28,-3.697314E28,0.0000000,3,Missing,-3.697314E28,-3.697314E28,-3.697314E28,Missing,-3.697314E28,-3.697314E28,-3.697314E28,Missing,-3.697314E28,-3.697314E28,-3.697314E28,Port 0x02: JJH T tibia tracker  s/n:3E4C8800,195969055,1738955750.918557843,1,OK,0.8983448,-0.3572886,-0.0809721,0.2424149,151.746,-140.010,-1531.074,0.5042079,3,OK,151.673,-139.848,-1531.239,OK,156.225,-213.679,-1468.433,OK,73.414,-184.105,-1528.873,Port 0x03: JJH Y femur tracker  s/n:3E4C8801,195969055,1738955750.918557843,1,OK,0.8844614,-0.0248870,0.3746334,-0.2770531,-154.950,96.296,-1546.001,0.1121731,3,OK,-154.901,96.170,-1546.076,OK,-150.054,194.038,-1528.350,OK,-207.723,143.755,-1485.474
3,Port 0x01: JJH Probe  s/n:3E4C880C,195969058,1738955750.968557842,1,Too Few Markers,-3.697314E28,-3.697314E28,-3.697314E28,-3.697314E28,-3.697314E28,-3.697314E28,-3.697314E28,0.0000000,3,Missing,-3.697314E28,-3.697314E28,-3.697314E28,Missing,-3.697314E28,-3.697314E28,-3.697314E28,Missing,-3.697314E28,-3.697314E28,-3.697314E28,Port 0x02: JJH T tibia tracker  s/n:3E4C8800,195969058,1738955750.968557842,1,OK,0.8962697,-0.3627076,-0.0791370,0.2426544,151.953,-138.879,-1529.608,0.4886280,3,OK,151.885,-138.717,-1529.775,OK,156.392,-211.780,-1466.091,OK,73.601,-182.893,-1526.819,Port 0x03: JJH Y femur tracker  s/n:3E4C8801,195969058,1738955750.968557842,1,OK,0.8925436,-0.0241182,0.3612773,-0.2688178,-159.277,94.183,-1549.316,0.1246291,3,OK,-159.215,94.050,-1549.399,OK,-156.774,191.993,-1531.505,OK,-214.734,140.579,-1490.359
3,Port 0x01: JJH Probe  s/n:3E4C880C,195969061,1738955751.018557842,1,Too Few Markers,-3.697314E28,-3.697314E28,-3.697314E28,-3.697314E28,-3.697314E28,-3.697314E28,-3.697314E28,0.0000000,3,Missing,-3.697314E28,-3.697314E28,-3.697314E28,Missing,-3.697314E28,-3.697314E28,-3.697314E28,Missing,-3.697314E28,-3.697314E28,-3.697314E28,Port 0x02: JJH T tibia tracker  s/n:3E4C8800,195969061,1738955751.018557842,1,OK,0.8943555,-0.3677450,-0.0768833,0.2428595,152.097,-137.684,-1528.171,0.4720743,3,OK,152.027,-137.511,-1528.351,OK,156.519,-209.855,-1463.832,OK,73.728,-181.582,-1524.742,Port 0x03: JJH Y femur tracker  s/n:3E4C8801,195969061,1738955751.018557842,1,OK,0.9005675,-0.0232863,0.3471674,-0.2605969,-163.495,92.099,-1552.708,0.1258868,3,OK,-163.430,91.955,-1552.788,OK,-163.436,189.922,-1534.816,OK,-221.602,137.418,-1495.522
3,Port 0x01: JJH Probe  s/n:3E4C880C,195969064,1738955751.068557842,1,Too Few Markers,-3.697314E28,-3.697314E28,-3.697314E28,-3.697314E28,-3.697314E28,-3.697314E28,-3.697314E28,0.0000000,3,Missing,-3.697314E28,-3.697314E28,-3.697314E28,Missing,-3.697314E28,-3.697314E28,-3.697314E28,Missing,-3.697314E28,-3.697314E28,-3.697314E28,Port 0x02: JJH T tibia tracker  s/n:3E4C8800,195969064,1738955751.068557842,1,OK,0.8923358,-0.3727922,-0.0754343,0.2430483,152.236,-136.582,-1526.729,0.4833454,3,OK,152.163,-136.419,-1526.906,OK,156.635,-208.028,-1461.575,OK,73.831,-180.391,-1522.822,Port 0x03: JJH Y femur tracker  s/n:3E4C8801,195969064,1738955751.068557842,1,OK,0.9079847,-0.0229624,0.3336858,-0.2523692,-167.519,89.869,-1556.168,0.1395028,3,OK,-167.437,89.717,-1556.259,OK,-169.843,187.683,-1538.352,OK,-228.146,134.080,-1500.719
3,Port 0x01: JJH Probe  s/n:3E4C880C,195969067,1738955751.118557843,1,Too Few Markers,-3.697314E28,-3.697314E28,-3.697314E28,-3.697314E28,-3.697314E28,-3.697314E28,-3.697314E28,0.0000000,3,Missing,-3.697314E28,-3.697314E28,-3.697314E28,Missing,-3.697314E28,-3.697314E28,-3.697314E28,Missing,-3.697314E28,-3.697314E28,-3.697314E28,Port 0x02: JJH T tibia tracker  s/n:3E4C8800,195969067,1738955751.118557843,1,OK,0.8905668,-0.3770207,-0.0743451,0.2433495,152.394,-135.451,-1525.390,0.4684065,3,OK,152.326,-135.301,-1525.556,OK,156.773,-206.262,-1459.581,OK,73.987,-179.221,-1521.078,Port 0x03: JJH Y femur tracker  s/n:3E4C8801,195969067,1738955751.118557843,1,OK,0.9150021,-0.0218077,0.3203526,-0.2442740,-171.232,87.712,-1559.695,0.1556343,3,OK,-171.135,87.542,-1559.793,OK,-175.863,185.439,-1541.858,OK,-234.227,130.769,-1506.001
3,Port 0x01: JJH Probe  s/n:3E4C880C,195969070,1738955751.168557843,1,Too Few Markers,-3.697314E28,-3.697314E28,-3.697314E28,-3.697314E28,-3.697314E28,-3.697314E28,-3.697314E28,0.0000000,3,Missing,-3.697314E28,-3.697314E28,-3.697314E28,Missing,-3.697314E28,-3.697314E28,-3.697314E28,Missing,-3.697314E28,-3.697314E28,-3.697314E28,Port 0x02: JJH T tibia tracker  s/n:3E4C8800,195969070,1738955751.168557843,1,OK,0.8889887,-0.3810739,-0.0725723,0.2433414,152.506,-134.549,-1524.181,0.4665357,3,OK,152.440,-134.380,-1524.366,OK,156.847,-204.766,-1457.717,OK,74.067,-178.191,-1519.376,Port 0x03: JJH Y femur tracker  s/n:3E4C8801,195969070,1738955751.168557843,1,OK,0.9214949,-0.0215741,0.3074269,-0.2363694,-174.748,85.512,-1563.140,0.1624642,3,OK,-174.634,85.344,-1563.243,OK,-181.624,183.143,-1545.520,OK,-239.983,127.442,-1511.226
3,Port 0x01: JJH Probe  s/n:3E4C880C,195969073,1738955751.218557842,1,Too Few Markers,-3.697314E28,-3.697314E28,-3.697314E28,-3.697314E28,-3.697314E28,-3.697314E28,-3.697314E28,0.0000000,3,Missing,-3.697314E28,-3.697314E28,-3.697314E28,Missing,-3.697314E28,-3.697314E28,-3.697314E28,Missing,-3.697314E28,-3.697314E28,-3.697314E28,Port 0x02: JJH T tibia tracker  s/n:3E4C8800,195969073,1738955751.218557842,1,OK,0.8876569,-0.3844177,-0.0711581,0.2433615,152.564,-133.694,-1523.089,0.4399481,3,OK,152.502,-133.543,-1523.258,OK,156.876,-203.382,-1456.120,OK,74.101,-177.235,-1517.884,Port 0x03: JJH Y femur tracker  s/n:3E4C8801,195969073,1738955751.218557842,1,OK,0.9277666,-0.0202847,0.2941724,-0.2286926,-178.035,83.354,-1566.735,0.1715295,3,OK,-177.917,83.171,-1566.836,OK,-187.087,180.826,-1549.218,OK,-245.400,124.129,-1516.684
3,Port 0x01: JJH Probe  s/n:3E4C880C,195969076,1738955751.268605538,1,Too Few Markers,-3.697314E28,-3.697314E28,-3.697314E28,-3.697314E28,-3.697314E28,-3.697314E28,-3.697314E28,0.0000000,3,Missing,-3.697314E28,-3.697314E28,-3.697314E28,Missing,-3.697314E28,-3.697314E28,-3.697314E28,Missing,-3.697314E28,-3.697314E28,-3.697314E28,Port 0x02: JJH T tibia tracker  s/n:3E4C8800,195969076,1738955751.268605538,1,OK,0.8862727,-0.3878687,-0.0699685,0.2432755,152.664,-132.981,-1522.003,0.4499969,3,OK,152.602,-132.816,-1522.187,OK,156.925,-202.165,-1454.484,OK,74.164,-176.411,-1516.446,Port 0x03: JJH Y femur tracker  s/n:3E4C8801,195969076,1738955751.268605538,1,OK,0.9335683,-0.0199863,0.2814962,-0.2209312,-181.102,81.116,-1570.220,0.1823464,3,OK,-180.963,80.934,-1570.327,OK,-192.320,178.406,-1553.014,OK,-250.486,120.740,-1522.011
3,Port 0x01: JJH Probe  s/n:3E4C880C,195969079,1738955751.318605538,1,Too Few Markers,-3.697314E28,-3.697314E28,-3.697314E28,-3.697314E28,-3.697314E28,-3.697314E28,-3.697314E28,0.0000000,3,Missing,-3.697314E28,-3.697314E28,-3.697314E28,Missing,-3.697314E28,-3.697314E28,-3.697314E28,Missing,-3.697314E28,-3.697314E28,-3.697314E28,Port 0x02: JJH T tibia tracker  s/n:3E4C8800,195969079,1738955751.318605538,1,OK,0.8852265,-0.3906227,-0.0691977,0.2428982,152.717,-132.373,-1520.973,0.4497737,3,OK,152.653,-132.218,-1521.151,OK,156.878,-201.149,-1453.039,OK,74.162,-175.676,-1515.193,Port 0x03: JJH Y femur tracker  s/n:3E4C8801,195969079,1738955751.318605538,1,OK,0.9393342,-0.0189699,0.2679940,-0.2132383,-184.012,78.889,-1573.877,0.1877198,3,OK,-183.871,78.701,-1573.979,OK,-197.377,175.955,-1556.964,OK,-255.384,117.315,-1527.673
3,Port 0x01: JJH Probe  s/n:3E4C880C,195969082,1738955751.368605539,1,Too Few Markers,-3.697314E28,-3.697314E28,-3.697314E28,-3.697314E28,-3.697314E28,-3.697314E28,-3.697314E28,0.0000000,3,Missing,-3.697314E28,-3.697314E28,-3.697314E28,Missing,-3.697314E28,-3.697314E28,-3.697314E28,Missing,-3.697314E28,-3.697314E28,-3.697314E28,Port 0x02: JJH T tibia tracker  s/n:3E4C8800,195969082,1738955751.368605539,1,OK,0.8844423,-0.3928635,-0.0680226,0.2424727,152.689,-131.930,-1520.030,0.4402069,3,OK,152.635,-131.766,-1520.214,OK,156.762,-200.365,-1451.758,OK,74.073,-175.087,-1513.974,Port 0x03: JJH Y femur tracker  s/n:3E4C8801,195969082,1738955751.368605539,1,OK,0.9446249,-0.0185545,0.2552469,-0.2053986,-186.830,76.577,-1577.548,0.1977950,3,OK,-186.674,76.392,-1577.651,OK,-202.324,173.382,-1561.039,OK,-260.059,113.787,-1533.282
3,Port 0x01: JJH Probe  s/n:3E4C880C,195969085,1738955751.418605539,1,Too Few Markers,-3.697314E28,-3.697314E28,-3.697314E28,-3.697314E28,-3.697314E28,-3.697314E28,-3.697314E28,0.0000000,3,Missing,-3.697314E28,-3.697314E28,-3.697314E28,Missing,-3.697314E28,-3.697314E28,-3.697314E28,Missing,-3.697314E28,-3.697314E28,-3.697314E28,Port 0x02: JJH T tibia tracker  s/n:3E4C8800,195969085,1738955751.418605539,1,OK,0.8836134,-0.3952553,-0.0671936,0.2418381,152.687,-131.562,-1519.143,0.4480968,3,OK,152.635,-131.385,-1519.340,OK,156.620,-199.660,-1450.504,OK,73.996,-174.556,-1512.884,Port 0x03: JJH Y femur tracker  s/n:3E4C8801,195969085,1738955751.418605539,1,OK,0.9496314,-0.0179832,0.2424721,-0.1976971,-189.471,74.256,-1581.277,0.2110955,3,OK,-189.293,74.069,-1581.384,OK,-207.027,170.773,-1565.211,OK,-264.477,110.237,-1538.980
3,Port 0x01: JJH Probe  s/n:3E4C880C,195969088,1738955751.468605538,1,Too Few Markers,-3.697314E28,-3.697314E28,-3.697314E28,-3.697314E28,-3.697314E28,-3.697314E28,-3.697314E28,0.0000000,3,Missing,-3.697314E28,-3.697314E28,-3.697314E28,Missing,-3.697314E28,-3.697314E28,-3.697314E28,Missing,-3.697314E28,-3.697314E28,-3.697314E28,Port 0x02: JJH T tibia tracker  s/n:3E4C8800,195969088,1738955751.468605538,1,OK,0.8829230,-0.3971835,-0.0668532,0.2412942,152.645,-131.152,-1518.207,0.4475695,3,OK,152.584,-131.001,-1518.385,OK,156.459,-198.963,-1449.296,OK,73.892,-174.019,-1511.857,Port 0x03: JJH Y femur tracker  s/n:3E4C8801,195969088,1738955751.468605538,1,OK,0.9546492,-0.0173401,0.2288230,-0.1896951,-192.001,71.842,-1585.148,0.2229559,3,OK,-191.812,71.649,-1585.253,OK,-211.694,168.028,-1569.613,OK,-268.776,106.528,-1545.011
3,Port 0x01: JJH Probe  s/n:3E4C880C,195969091,1738955751.518605538,1,Too Few Markers,-3.697314E28,-3.697314E28,-3.697314E28,-3.697314E28,-3.697314E28,-3.697314E28,-3.697314E28,0.0000000,3,Missing,-3.697314E28,-3.697314E28,-3.697314E28,Missing,-3.697314E28,-3.697314E28,-3.697314E28,Missing,-3.697314E28,-3.697314E28,-3.697314E28,Port 0x02: JJH T tibia tracker  s/n:3E4C8800,195969091,1738955751.518605538,1,OK,0.8822852,-0.3991319,-0.0657287,0.2407204,152.647,-130.874,-1517.441,0.4468216,3,OK,152.587,-130.708,-1517.634,OK,156.356,-198.397,-1448.228,OK,73.829,-173.571,-1510.851,Port 0x03: JJH Y femur tracker  s/n:3E4C8801,195969091,1738955751.518605538,1,OK,0.9593357,-0.0167450,0.2155609,-0.1814609,-194.406,69.339,-1589.059,0.2443499,3,OK,-194.199,69.142,-1589.165,OK,-216.239,165.137,-1574.079,OK,-272.843,102.681,-1551.051
3,Port 0x01: JJH Probe  s/n:3E4C880C,195969094,1738955751.568605538,1,Too Few Markers,-3.697314E28,-3.697314E28,-3.697314E28,-3.697314E28,-3.697314E28,-3.697314E28,-3.697314E28,0.0000000,3,Missing,-3.697314E28,-3.697314E28,-3.697314E28,Missing,-3.697314E28,-3.697314E28,-3.697314E28,Missing,-3.697314E28,-3.697314E28,-3.697314E28,Port 0x02: JJH T tibia tracker  s/n:3E4C8800,195969094,1738955751.568605538,1,OK,0.8813959,-0.4015172,-0.0649464,0.2402232,152.636,-130.373,-1516.415,0.4312266,3,OK,152.582,-130.212,-1516.602,OK,156.221,-197.527,-1446.865,OK,73.765,-172.931,-1509.615,Port 0x03: JJH Y femur tracker  s/n:3E4C8801,195969094,1738955751.568605538,1,OK,0.9638166,-0.0153955,0.2018526,-0.1734244,-196.668,66.857,-1593.170,0.2721289,3,OK,-196.437,66.642,-1593.278,OK,-220.564,162.240,-1578.712,OK,-276.698,98.842,-1557.379
3,Port 0x01: JJH Probe  s/n:3E4C880C,195969097,1738955751.618605539,1,Too Few Markers,-3.697314E28,-3.697314E28,-3.697314E28,-3.697314E28,-3.697314E28,-3.697314E28,-3.697314E28,0.0000000,3,Missing,-3.697314E28,-3.697314E28,-3.697314E28,Missing,-3.697314E28,-3.697314E28,-3.697314E28,Missing,-3.697314E28,-3.697314E28,-3.697314E28,Port 0x02: JJH T tibia tracker  s/n:3E4C8800,195969097,1738955751.618605539,1,OK,0.8806976,-0.4034566,-0.0639803,0.2397938,152.507,-130.020,-1515.541,0.4322042,3,OK,152.455,-129.861,-1515.727,OK,156.020,-196.873,-1445.699,OK,73.570,-172.435,-1508.531,Port 0x03: JJH Y femur tracker  s/n:3E4C8801,195969097,1738955751.618605539,1,OK,0.9680312,-0.0149512,0.1882069,-0.1651372,-198.832,64.278,-1597.253,0.2785772,3,OK,-198.594,64.074,-1597.354,OK,-224.814,159.204,-1583.526,OK,-280.372,94.864,-1563.733
3,Port 0x01: JJH Probe  s/n:3E4C880C,195969100,1738955751.668605539,1,Too Few Markers,-3.697314E28,-3.697314E28,-3.697314E28,-3.697314E28,-3.697314E28,-3.697314E28,-3.697314E28,0.0000000,3,Missing,-3.697314E28,-3.697314E28,-3.697314E28,Missing,-3.697314E28,-3.697314E28,-3.697314E28,Missing,-3.697314E28,-3.697314E28,-3.697314E28,Port 0x02: JJH T tibia tracker  s/n:3E4C8800,195969100,1738955751.668605539,1,OK,0.8803123,-0.4047807,-0.0632927,0.2391585,152.475,-129.806,-1514.766,0.4365532,3,OK,152.420,-129.646,-1514.956,OK,155.881,-196.467,-1444.725,OK,73.471,-172.066,-1507.634,Port 0x03: JJH Y femur tracker  s/n:3E4C8801,195969100,1738955751.668605539,1,OK,0.9719744,-0.0137501,0.1744959,-0.1569326,-200.757,61.684,-1601.469,0.3099273,3,OK,-200.491,61.468,-1601.573,OK,-228.767,156.115,-1588.398,OK,-283.719,90.862,-1570.238
3,Port 0x01: JJH Probe  s/n:3E4C880C,195969103,1738955751.718605538,1,Too Few Markers,-3.697314E28,-3.697314E28,-3.697314E28,-3.697314E28,-3.697314E28,-3.697314E28,-3.697314E28,0.0000000,3,Missing,-3.697314E28,-3.697314E28,-3.697314E28,Missing,-3.697314E28,-3.697314E28,-3.697314E28,Missing,-3.697314E28,-3.697314E28,-3.697314E28,Port 0x02: JJH T tibia tracker  s/n:3E4C8800,195969103,1738955751.718605538,1,OK,0.8798962,-0.4061010,-0.0627233,0.2386012,152.475,-129.575,-1514.116,0.4434480,3,OK,152.415,-129.415,-1514.308,OK,155.784,-196.043,-1443.877,OK,73.408,-171.698,-1506.879,Port 0x03: JJH Y femur tracker  s/n:3E4C8801,195969103,1738955751.718605538,1,OK,0.9756370,-0.0134807,0.1607860,-0.1486561,-202.522,59.083,-1605.638,0.3256455,3,OK,-202.239,58.873,-1605.738,OK,-232.545,152.994,-1593.444,OK,-286.814,86.841,-1576.754
3,Port 0x01: JJH Probe  s/n:3E4C880C,195969106,1738955751.768605538,1,Too Few Markers,-3.697314E28,-3.697314E28,-3.697314E28,-3.697314E28,-3.697314E28,-3.697314E28,-3.697314E28,0.0000000,3,Missing,-3.697314E28,-3.697314E28,-3.697314E28,Missing,-3.697314E28,-3.697314E28,-3.697314E28,Missing,-3.697314E28,-3.697314E28,-3.697314E28,Port 0x02: JJH T tibia tracker  s/n:3E4C8800,195969106,1738955751.768605538,1,OK,0.8797567,-0.4066466,-0.0619094,0.2383987,152.477,-129.362,-1513.569,0.4245319,3,OK,152.425,-129.199,-1513.762,OK,155.767,-195.726,-1443.254,OK,73.389,-171.405,-1506.175,Port 0x03: JJH Y femur tracker  s/n:3E4C8801,195969106,1738955751.768605538,1,OK,0.9791196,-0.0117364,0.1468922,-0.1400345,-204.288,56.326,-1610.037,0.3507375,3,OK,-203.978,56.112,-1610.136,OK,-236.323,149.644,-1598.523,OK,-289.849,82.552,-1583.517
3,Port 0x01: JJH Probe  s/n:3E4C880C,195969109,1738955751.818605538,1,Too Few Markers,-3.697314E28,-3.697314E28,-3.697314E28,-3.697314E28,-3.697314E28,-3.697314E28,-3.697314E28,0.0000000,3,Missing,-3.697314E28,-3.697314E28,-3.697314E28,Missing,-3.697314E28,-3.697314E28,-3.697314E28,Missing,-3.697314E28,-3.697314E28,-3.697314E28,Port 0x02: JJH T tibia tracker  s/n:3E4C8800,195969109,1738955751.818605538,1,OK,0.8796362,-0.4070331,-0.0615819,0.2382687,152.488,-129.101,-1513.080,0.4143939,3,OK,152.446,-128.946,-1513.260,OK,155.763,-195.389,-1442.720,OK,73.373,-171.104,-1505.625,Port 0x03: JJH Y femur tracker  s/n:3E4C8801,195969109,1738955751.818605538,1,OK,0.9824866,-0.0118807,0.1317742,-0.1312037,-205.819,53.521,-1614.430,0.3601927,3,OK,-205.514,53.312,-1614.516,OK,-239.938,146.224,-1604.086,OK,-292.588,78.206,-1590.580
3,Port 0x01: JJH Probe  s/n:3E4C880C,195969112,1738955751.868605537,1,Too Few Markers,-3.697314E28,-3.697314E28,-3.697314E28,-3.697314E28,-3.697314E28,-3.697314E28,-3.697314E28,0.0000000,3,Missing,-3.697314E28,-3.697314E28,-3.697314E28,Missing,-3.697314E28,-3.697314E28,-3.697314E28,Missing,-3.697314E28,-3.697314E28,-3.697314E28,Port 0x02: JJH T tibia tracker  s/n:3E4C8800,195969112,1738955751.868605537,1,OK,0.8793473,-0.4079962,-0.0608293,0.2378809,152.442,-128.927,-1512.522,0.4146292,3,OK,152.392,-128.772,-1512.707,OK,155.665,-195.066,-1442.012,OK,73.287,-170.810,-1504.931,Port 0x03: JJH Y femur tracker  s/n:3E4C8801,195969112,1738955751.868605537,1,OK,0.9854158,-0.0100256,0.1178709,-0.1223181,-207.240,50.567,-1619.212,0.3994525,3,OK,-206.895,50.351,-1619.297,OK,-243.338,142.582,-1609.634,OK,-295.088,73.662,-1597.779
3,Port 0x01: JJH Probe  s/n:3E4C880C,195969115,1738955751.918605536,1,Too Few Markers,-3.697314E28,-3.697314E28,-3.697314E28,-3.697314E28,-3.697314E28,-3.697314E28,-3.697314E28,0.0000000,3,Missing,-3.697314E28,-3.697314E28,-3.697314E28,Missing,-3.697314E28,-3.697314E28,-3.697314E28,Missing,-3.697314E28,-3.697314E28,-3.697314E28,Port 0x02: JJH T tibia tracker  s/n:3E4C8800,195969115,1738955751.918605536,1,OK,0.8791208,-0.4089851,-0.0601578,0.2371893,152.336,-128.789,-1511.908,0.4182715,3,OK,152.285,-128.631,-1512.097,OK,155.452,-194.785,-1441.252,OK,73.109,-170.513,-1504.219,Port 0x03: JJH Y femur tracker  s/n:3E4C8801,195969115,1738955751.918605536,1,OK,0.9882504,-0.0096767,0.1022644,-0.1131788,-208.432,47.622,-1623.954,0.4159334,3,OK,-208.074,47.424,-1624.029,OK,-246.556,138.908,-1615.621,OK,-297.330,69.084,-1605.311
3,Port 0x01: JJH Probe  s/n:3E4C880C,195969118,1738955751.968605537,1,Too Few Markers,-3.697314E28,-3.697314E28,-3.697314E28,-3.697314E28,-3.697314E28,-3.697314E28,-3.697314E28,0.0000000,3,Missing,-3.697314E28,-3.697314E28,-3.697314E28,Missing,-3.697314E28,-3.697314E28,-3.697314E28,Missing,-3.697314E28,-3.697314E28,-3.697314E28,Port 0x02: JJH T tibia tracker  s/n:3E4C8800,195969118,1738955751.968605537,1,OK,0.8789666,-0.4097926,-0.0599721,0.2364128,152.205,-128.761,-1511.226,0.4316543,3,OK,152.147,-128.602,-1511.420,OK,155.180,-194.661,-1440.451,OK,72.903,-170.345,-1503.537,Port 0x03: JJH Y femur tracker  s/n:3E4C8801,195969118,1738955751.968605537,1,OK,0.9907731,-0.0084966,0.0866551,-0.1038619,-209.381,44.598,-1628.822,0.4335266,3,OK,-209.005,44.407,-1628.888,OK,-249.491,135.112,-1621.650,OK,-299.214,64.366,-1612.975
3,Port 0x01: JJH Probe  s/n:3E4C880C,195969121,1738955752.018605537,1,Too Few Markers,-3.697314E28,-3.697314E28,-3.697314E28,-3.697314E28,-3.697314E28,-3.697314E28,-3.697314E28,0.0000000,3,Missing,-3.697314E28,-3.697314E28,-3.697314E28,Missing,-3.697314E28,-3.697314E28,-3.697314E28,Missing,-3.697314E28,-3.697314E28,-3.697314E28,Port 0x02: JJH T tibia tracker  s/n:3E4C8800,195969121,1738955752.018605537,1,OK,0.8788238,-0.4107368,-0.0593076,0.2354711,152.024,-128.780,-1510.626,0.4359635,3,OK,151.972,-128.611,-1510.828,OK,154.844,-194.552,-1439.716,OK,72.626,-170.173,-1502.858,Port 0x03: JJH Y femur tracker  s/n:3E4C8801,195969121,1738955752.018605537,1,OK,0.9929395,-0.0075588,0.0708809,-0.0948147,-210.083,41.586,-1633.862,0.4439350,3,OK,-209.690,41.413,-1633.918,OK,-252.065,131.320,-1627.974,OK,-300.735,59.694,-1620.868
3,Port 0x01: JJH Probe  s/n:3E4C880C,195969124,1738955752.068605537,1,Too Few Markers,-3.697314E28,-3.697314E28,-3.697314E28,-3.697314E28,-3.697314E28,-3.697314E28,-3.697314E28,0.0000000,3,Missing,-3.697314E28,-3.697314E28,-3.697314E28,Missing,-3.697314E28,-3.697314E28,-3.697314E28,Missing,-3.697314E28,-3.697314E28,-3.697314E28,Port 0x02: JJH T tibia tracker  s/n:3E4C8800,195969124,1738955752.068605537,1,OK,0.8786615,-0.4117575,-0.0585097,0.2344917,151.807,-128.710,-1509.852,0.4227284,3,OK,151.758,-128.539,-1510.057,OK,154.459,-194.330,-1438.810,OK,72.324,-169.900,-1501.974,Port 0x03: JJH Y femur tracker  s/n:3E4C8801,195969124,1738955752.068605537,1,OK,0.9947076,-0.0064875,0.0563120,-0.0856953,-210.623,38.570,-1638.823,0.4662609,3,OK,-210.212,38.396,-1638.869,OK,-254.433,127.488,-1634.125,OK,-301.931,55.011,-1628.479
3,Port 0x01: JJH Probe  s/n:3E4C880C,195969127,1738955752.118605537,1,Too Few Markers,-3.697314E28,-3.697314E28,-3.697314E28,-3.697314E28,-3.697314E28,-3.697314E28,-3.697314E28,0.0000000,3,Missing,-3.697314E28,-3.697314E28,-3.697314E28,Missing,-3.697314E28,-3.697314E28,-3.697314E28,Missing,-3.697314E28,-3.697314E28,-3.697314E28,Port 0x02: JJH T tibia tracker  s/n:3E4C8800,195969127,1738955752.118605537,1,OK,0.8784994,-0.4126970,-0.0582661,0.2335059,151.600,-128.644,-1509.149,0.4382473,3,OK,151.540,-128.483,-1509.349,OK,154.086,-194.145,-1437.975,OK,72.019,-169.651,-1501.283,Port 0x03: JJH Y femur tracker  s/n:3E4C8801,195969127,1738955752.118605537,1,OK,0.9961325,-0.0058016,0.0423693,-0.0767541,-210.911,35.716,-1643.481,0.4809640,3,OK,-210.492,35.551,-1643.516,OK,-256.450,123.802,-1640.029,OK,-302.750,50.515,-1635.693
3,Port 0x01: JJH Probe  s/n:3E4C880C,195969130,1738955752.168605536,1,Too Few Markers,-3.697314E28,-3.697314E28,-3.697314E28,-3.697314E28,-3.697314E28,-3.697314E28,-3.697314E28,0.0000000,3,Missing,-3.697314E28,-3.697314E28,-3.697314E28,Missing,-3.697314E28,-3.697314E28,-3.697314E28,Missing,-3.697314E28,-3.697314E28,-3.697314E28,Port 0x02: JJH T tibia tracker  s/n:3E4C8800,195969130,1738955752.168605536,1,OK,0.8786402,-0.4129129,-0.0572962,0.2328338,151.383,-128.668,-1508.637,0.4200281,3,OK,151.338,-128.488,-1508.850,OK,153.775,-194.129,-1437.437,OK,71.744,-169.522,-1500.632,Port 0x03: JJH Y femur tracker  s/n:3E4C8801,195969130,1738955752.168605536,1,OK,0.9973241,-0.0046309,0.0268602,-0.0678367,-211.086,32.868,-1647.969,0.5021158,3,OK,-210.640,32.692,-1647.992,OK,-258.313,120.115,-1645.894,OK,-303.377,46.023,-1643.033
3,Port 0x01: JJH Probe  s/n:3E4C880C,195969133,1738955752.218605537,1,Too Few Markers,-3.697314E28,-3.697314E28,-3.697314E28,-3.697314E28,-3.697314E28,-3.697314E28,-3.697314E28,0.0000000,3,Missing,-3.697314E28,-3.697314E28,-3.697314E28,Missing,-3.697314E28,-3.697314E28,-3.697314E28,Missing,-3.697314E28,-3.697314E28,-3.697314E28,Port 0x02: JJH T tibia tracker  s/n:3E4C8800,195969133,1738955752.218605537,1,OK,0.8787131,-0.4129595,-0.0573161,0.2324708,151.306,-128.562,-1508.228,0.4186332,3,OK,151.254,-128.407,-1508.417,OK,153.651,-194.012,-1437.036,OK,71.625,-169.353,-1500.269,Port 0x03: JJH Y femur tracker  s/n:3E4C8801,195969133,1738955752.218605537,1,OK,0.9981469,-0.0024094,0.0126694,-0.0594687,-211.085,30.128,-1652.370,0.5147343,3,OK,-210.622,29.987,-1652.381,OK,-259.802,116.527,-1651.408,OK,-303.714,41.728,-1650.038
3,Port 0x01: JJH Probe  s/n:3E4C880C,195969136,1738955752.268605537,1,Too Few Markers,-3.697314E28,-3.697314E28,-3.697314E28,-3.697314E28,-3.697314E28,-3.697314E28,-3.697314E28,0.0000000,3,Missing,-3.697314E28,-3.697314E28,-3.697314E28,Missing,-3.697314E28,-3.697314E28,-3.697314E28,Missing,-3.697314E28,-3.697314E28,-3.697314E28,Port 0x02: JJH T tibia tracker  s/n:3E4C8800,195969136,1738955752.268605537,1,OK,0.8787856,-0.4128953,-0.0571261,0.2323576,151.243,-128.425,-1507.875,0.4179836,3,OK,151.195,-128.275,-1508.058,OK,153.587,-193.878,-1436.694,OK,71.539,-169.188,-1499.901,Port 0x03: JJH Y femur tracker  s/n:3E4C8801,195969136,1738955752.268605537,1,OK,0.9986849,-0.0012590,-0.0006626,-0.0512493,-210.937,27.481,-1656.591,0.5188210,3,OK,-210.466,27.339,-1656.590,OK,-261.090,113.068,-1656.872,OK,-303.774,37.552,-1656.728
3,Port 0x01: JJH Probe  s/n:3E4C880C,195969139,1738955752.318605537,1,Too Few Markers,-3.697314E28,-3.697314E28,-3.697314E28,-3.697314E28,-3.697314E28,-3.697314E28,-3.697314E28,0.0000000,3,Missing,-3.697314E28,-3.697314E28,-3.697314E28,Missing,-3.697314E28,-3.697314E28,-3.697314E28,Missing,-3.697314E28,-3.697314E28,-3.697314E28,Port 0x02: JJH T tibia tracker  s/n:3E4C8800,195969139,1738955752.318605537,1,OK,0.8788364,-0.4129912,-0.0567894,0.2320772,151.147,-128.281,-1507.555,0.4229757,3,OK,151.098,-128.134,-1507.734,OK,153.469,-193.717,-1436.355,OK,71.405,-168.974,-1499.552,Port 0x03: JJH Y femur tracker  s/n:3E4C8801,195969139,1738955752.318605537,1,OK,0.9989822,-0.0016821,-0.0121588,-0.0434037,-210.673,25.031,-1660.452,0.5384543,3,OK,-210.184,24.885,-1660.440,OK,-262.161,109.806,-1662.070,OK,-303.626,33.661,-1662.735
3,Port 0x01: JJH Probe  s/n:3E4C880C,195969142,1738955752.368605536,1,Too Few Markers,-3.697314E28,-3.697314E28,-3.697314E28,-3.697314E28,-3.697314E28,-3.697314E28,-3.697314E28,0.0000000,3,Missing,-3.697314E28,-3.697314E28,-3.697314E28,Missing,-3.697314E28,-3.697314E28,-3.697314E28,Missing,-3.697314E28,-3.697314E28,-3.697314E28,Port 0x02: JJH T tibia tracker  s/n:3E4C8800,195969142,1738955752.368605536,1,OK,0.8787451,-0.4134565,-0.0562203,0.2317329,151.060,-128.196,-1507.229,0.4412197,3,OK,151.003,-128.021,-1507.444,OK,153.337,-193.585,-1435.929,OK,71.296,-168.793,-1499.135,Port 0x03: JJH Y femur tracker  s/n:3E4C8801,195969142,1738955752.368605536,1,OK,0.9990509,0.0000845,-0.0240807,-0.0362957,-210.275,22.764,-1664.060,0.5300704,3,OK,-209.787,22.635,-1664.037,OK,-262.905,106.801,-1666.729,OK,-303.272,30.059,-1668.552
3,Port 0x01: JJH Probe  s/n:3E4C880C,195969145,1738955752.418605536,1,Too Few Markers,-3.697314E28,-3.697314E28,-3.697314E28,-3.697314E28,-3.697314E28,-3.697314E28,-3.697314E28,0.0000000,3,Missing,-3.697314E28,-3.697314E28,-3.697314E28,Missing,-3.697314E28,-3.697314E28,-3.697314E28,Missing,-3.697314E28,-3.697314E28,-3.697314E28,Port 0x02: JJH T tibia tracker  s/n:3E4C8800,195969145,1738955752.418605536,1,OK,0.8788962,-0.4133511,-0.0558048,0.2314481,150.885,-128.101,-1506.803,0.4085986,3,OK,150.837,-127.950,-1506.988,OK,153.132,-193.472,-1435.552,OK,71.091,-168.634,-1498.661,Port 0x03: JJH Y femur tracker  s/n:3E4C8801,195969145,1738955752.418605536,1,OK,0.9990076,-0.0001539,-0.0333787,-0.0294912,-209.813,20.603,-1667.474,0.5439100,3,OK,-209.329,20.474,-1667.441,OK,-263.537,103.896,-1671.254,OK,-302.778,26.653,-1673.700
3,Port 0x01: JJH Probe  s/n:3E4C880C,195969148,1738955752.468605537,1,Too Few Markers,-3.697314E28,-3.697314E28,-3.697314E28,-3.697314E28,-3.697314E28,-3.697314E28,-3.697314E28,0.0000000,3,Missing,-3.697314E28,-3.697314E28,-3.697314E28,Missing,-3.697314E28,-3.697314E28,-3.697314E28,Missing,-3.697314E28,-3.697314E28,-3.697314E28,Port 0x02: JJH T tibia tracker  s/n:3E4C8800,195969148,1738955752.468605537,1,OK,0.8785124,-0.4147013,-0.0549894,0.2306838,150.586,-128.032,-1506.384,0.4341989,3,OK,150.536,-127.849,-1506.604,OK,152.710,-193.226,-1434.906,OK,70.717,-168.382,-1498.108,Port 0x03: JJH Y femur tracker  s/n:3E4C8801,195969148,1738955752.468605537,1,OK,0.9988461,-0.0000739,-0.0421082,-0.0230949,-209.350,18.634,-1670.626,0.5497456,3,OK,-208.879,18.494,-1670.586,OK,-264.081,101.228,-1675.419,OK,-302.225,23.510,-1678.476
3,Port 0x01: JJH Probe  s/n:3E4C880C,195969151,1738955752.518641211,1,Too Few Markers,-3.697314E28,-3.697314E28,-3.697314E28,-3.697314E28,-3.697314E28,-3.697314E28,-3.697314E28,0.0000000,3,Missing,-3.697314E28,-3.697314E28,-3.697314E28,Missing,-3.697314E28,-3.697314E28,-3.697314E28,Missing,-3.697314E28,-3.697314E28,-3.697314E28,Port 0x02: JJH T tibia tracker  s/n:3E4C8800,195969151,1738955752.518641211,1,OK,0.8782546,-0.4158922,-0.0543622,0.2296676,150.226,-128.001,-1505.665,0.4337605,3,OK,150.174,-127.817,-1505.889,OK,152.173,-193.024,-1434.025,OK,70.266,-168.146,-1497.313,Port 0x03: JJH Y femur tracker  s/n:3E4C8801,195969151,1738955752.518641211,1,OK,0.9984265,0.0009701,-0.0534265,-0.0170035,-208.769,16.714,-1673.549,0.5494315,3,OK,-208.256,16.588,-1673.494,OK,-264.365,98.659,-1679.506,OK,-301.557,20.437,-1683.507
3,Port 0x01: JJH Probe  s/n:3E4C880C,195969154,1738955752.568641211,1,Too Few Markers,-3.697314E28,-3.697314E28,-3.697314E28,-3.697314E28,-3.697314E28,-3.697314E28,-3.697314E28,0.0000000,3,Missing,-3.697314E28,-3.697314E28,-3.697314E28,Missing,-3.697314E28,-3.697314E28,-3.697314E28,Missing,-3.697314E28,-3.697314E28,-3.697314E28,Port 0x02: JJH T tibia tracker  s/n:3E4C8800,195969154,1738955752.568641211,1,OK,0.8780441,-0.4170784,-0.0541184,0.2283756,149.761,-128.022,-1504.891,0.4304287,3,OK,149.712,-127.851,-1505.099,OK,151.469,-192.878,-1433.110,OK,69.678,-167.945,-1496.554,Port 0x03: JJH Y femur tracker  s/n:3E4C8801,195969154,1738955752.568641211,1,OK,0.9979719,0.0019989,-0.0626201,-0.0112628,-208.045,14.836,-1676.682,0.5492972,3,OK,-207.527,14.734,-1676.618,OK,-264.448,96.131,-1683.579,OK,-300.692,17.493,-1688.351
3,Port 0x01: JJH Probe  s/n:3E4C880C,195969157,1738955752.618641210,1,Too Few Markers,-3.697314E28,-3.697314E28,-3.697314E28,-3.697314E28,-3.697314E28,-3.697314E28,-3.697314E28,0.0000000,3,Missing,-3.697314E28,-3.697314E28,-3.697314E28,Missing,-3.697314E28,-3.697314E28,-3.697314E28,Missing,-3.697314E28,-3.697314E28,-3.697314E28,Port 0x02: JJH T tibia tracker  s/n:3E4C8800,195969157,1738955752.618641210,1,OK,0.8776640,-0.4187161,-0.0533894,0.2270071,149.269,-128.022,-1504.007,0.4191979,3,OK,149.217,-127.854,-1504.214,OK,150.723,-192.636,-1432.016,OK,69.074,-167.677,-1495.579,Port 0x03: JJH Y femur tracker  s/n:3E4C8801,195969157,1738955752.618641210,1,OK,0.9973089,0.0024466,-0.0730981,-0.0050604,-207.233,12.899,-1679.683,0.5473227,3,OK,-206.708,12.796,-1679.606,OK,-264.483,93.504,-1687.784,OK,-299.645,14.403,-1693.299
3,Port 0x01: JJH Probe  s/n:3E4C880C,195969160,1738955752.668641210,1,Too Few Markers,-3.697314E28,-3.697314E28,-3.697314E28,-3.697314E28,-3.697314E28,-3.697314E28,-3.697314E28,0.0000000,3,Missing,-3.697314E28,-3.697314E28,-3.697314E28,Missing,-3.697314E28,-3.697314E28,-3.697314E28,Missing,-3.697314E28,-3.697314E28,-3.697314E28,Port 0x02: JJH T tibia tracker  s/n:3E4C8800,195969160,1738955752.668641210,1,OK,0.8773274,-0.4201518,-0.0527843,0.2257941,148.769,-127.985,-1503.216,0.4207027,3,OK,148.720,-127.817,-1503.426,OK,150.008,-192.392,-1431.034,OK,68.464,-167.405,-1494.724,Port 0x03: JJH Y femur tracker  s/n:3E4C8801,195969160,1738955752.668641210,1,OK,0.9966004,0.0027846,-0.0823309,0.0012529,-206.340,10.929,-1682.964,0.5443295,3,OK,-205.826,10.825,-1682.879,OK,-264.447,90.807,-1692.164,OK,-298.476,11.272,-1698.289
3,Port 0x01: JJH Probe  s/n:3E4C880C,195969163,1738955752.718641211,1,Too Few Markers,-3.697314E28,-3.697314E28,-3.697314E28,-3.697314E28,-3.697314E28,-3.697314E28,-3.697314E28,0.0000000,3,Missing,-3.697314E28,-3.697314E28,-3.697314E28,Missing,-3.697314E28,-3.697314E28,-3.697314E28,Missing,-3.697314E28,-3.697314E28,-3.697314E28,Port 0x02: JJH T tibia tracker  s/n:3E4C8800,195969163,1738955752.718641211,1,OK,0.8773825,-0.4205316,-0.0520226,0.2250484,148.368,-127.994,-1502.634,0.3967370,3,OK,148.328,-127.832,-1502.833,OK,149.500,-192.322,-1430.421,OK,67.996,-167.253,-1494.050,Port 0x03: JJH Y femur tracker  s/n:3E4C8801,195969163,1738955752.718641211,1,OK,0.9956625,0.0040625,-0.0926360,0.0076341,-205.374,8.916,-1686.110,0.5276566,3,OK,-204.885,8.838,-1686.019,OK,-264.282,88.050,-1696.398,OK,-297.167,8.084,-1703.341
3,Port 0x01: JJH Probe  s/n:3E4C880C,195969166,1738955752.768641211,1,Too Few Markers,-3.697314E28,-3.697314E28,-3.697314E28,-3.697314E28,-3.697314E28,-3.697314E28,-3.697314E28,0.0000000,3,Missing,-3.697314E28,-3.697314E28,-3.697314E28,Missing,-3.697314E28,-3.697314E28,-3.697314E28,Missing,-3.697314E28,-3.697314E28,-3.697314E28,Port 0x02: JJH T tibia tracker  s/n:3E4C8800,195969166,1738955752.768641211,1,OK,0.8774358,-0.4207325,-0.0517670,0.2245235,148.211,-127.943,-1502.324,0.4035497,3,OK,148.170,-127.777,-1502.527,OK,149.264,-192.251,-1430.079,OK,67.789,-167.103,-1493.733,Port 0x03: JJH Y femur tracker  s/n:3E4C8801,195969166,1738955752.768641211,1,OK,0.9946037,0.0042647,-0.1027604,0.0136254,-204.316,7.136,-1688.952,0.5516190,3,OK,-203.799,7.073,-1688.845,OK,-263.939,85.537,-1700.493,OK,-295.750,5.218,-1708.058
3,Port 0x01: JJH Probe  s/n:3E4C880C,195969169,1738955752.818641211,1,Too Few Markers,-3.697314E28,-3.697314E28,-3.697314E28,-3.697314E28,-3.697314E28,-3.697314E28,-3.697314E28,0.0000000,3,Missing,-3.697314E28,-3.697314E28,-3.697314E28,Missing,-3.697314E28,-3.697314E28,-3.697314E28,Missing,-3.697314E28,-3.697314E28,-3.697314E28,Port 0x02: JJH T tibia tracker  s/n:3E4C8800,195969169,1738955752.818641211,1,OK,0.8774258,-0.4208158,-0.0517764,0.2244043,148.170,-127.854,-1502.125,0.4138259,3,OK,148.121,-127.692,-1502.327,OK,149.212,-192.157,-1429.861,OK,67.733,-166.989,-1493.553,Port 0x03: JJH Y femur tracker  s/n:3E4C8801,195969169,1738955752.818641211,1,OK,0.9936611,0.0048038,-0.1106689,0.0191563,-203.264,5.449,-1691.684,0.5346117,3,OK,-202.771,5.380,-1691.574,OK,-263.565,83.204,-1704.170,OK,-294.327,2.517,-1712.240
3,Port 0x01: JJH Probe  s/n:3E4C880C,195969172,1738955752.868641209,1,Too Few Markers,-3.697314E28,-3.697314E28,-3.697314E28,-3.697314E28,-3.697314E28,-3.697314E28,-3.697314E28,0.0000000,3,Missing,-3.697314E28,-3.697314E28,-3.697314E28,Missing,-3.697314E28,-3.697314E28,-3.697314E28,Missing,-3.697314E28,-3.697314E28,-3.697314E28,Port 0x02: JJH T tibia tracker  s/n:3E4C8800,195969172,1738955752.868641209,1,OK,0.8773744,-0.4210493,-0.0512130,0.2242964,148.053,-127.748,-1501.962,0.4157063,3,OK,148.011,-127.566,-1502.183,OK,149.093,-192.012,-1429.648,OK,67.607,-166.831,-1493.285,Port 0x03: JJH Y femur tracker  s/n:3E4C8801,195969172,1738955752.868641209,1,OK,0.9925956,0.0058589,-0.1188589,0.0243364,-202.356,3.893,-1694.046,0.5366436,3,OK,-201.853,3.840,-1693.925,OK,-263.245,81.029,-1707.431,OK,-293.053,0.026,-1716.113
3,Port 0x01: JJH Probe  s/n:3E4C880C,195969175,1738955752.918641209,1,Too Few Markers,-3.697314E28,-3.697314E28,-3.697314E28,-3.697314E28,-3.697314E28,-3.697314E28,-3.697314E28,0.0000000,3,Missing,-3.697314E28,-3.697314E28,-3.697314E28,Missing,-3.697314E28,-3.697314E28,-3.697314E28,Missing,-3.697314E28,-3.697314E28,-3.697314E28,Port 0x02: JJH T tibia tracker  s/n:3E4C8800,195969175,1738955752.918641209,1,OK,0.8773366,-0.4212270,-0.0509044,0.2241807,147.982,-127.626,-1501.791,0.4194017,3,OK,147.938,-127.446,-1502.011,OK,149.024,-191.857,-1429.445,OK,67.517,-166.665,-1493.072,Port 0x03: JJH Y femur tracker  s/n:3E4C8801,195969175,1738955752.918641209,1,OK,0.9916705,0.0049674,-0.1254259,0.0288649,-201.422,2.600,-1696.178,0.5349827,3,OK,-200.930,2.529,-1696.053,OK,-262.817,79.173,-1710.578,OK,-291.748,-2.102,-1719.435
3,Port 0x01: JJH Probe  s/n:3E4C880C,195969178,1738955752.968641209,1,Too Few Markers,-3.697314E28,-3.697314E28,-3.697314E28,-3.697314E28,-3.697314E28,-3.697314E28,-3.697314E28,0.0000000,3,Missing,-3.697314E28,-3.697314E28,-3.697314E28,Missing,-3.697314E28,-3.697314E28,-3.697314E28,Missing,-3.697314E28,-3.697314E28,-3.697314E28,Port 0x02: JJH T tibia tracker  s/n:3E4C8800,195969178,1738955752.968641209,1,OK,0.8774470,-0.4210235,-0.0508190,0.2241502,147.925,-127.517,-1501.568,0.3983458,3,OK,147.879,-127.356,-1501.768,OK,148.968,-191.760,-1429.271,OK,67.464,-166.548,-1492.843,Port 0x03: JJH Y femur tracker  s/n:3E4C8801,195969178,1738955752.968641209,1,OK,0.9907414,0.0050421,-0.1315173,0.0333057,-200.476,1.288,-1698.208,0.5283697,3,OK,-199.999,1.220,-1698.081,OK,-262.363,77.310,-1713.416,OK,-290.450,-4.223,-1722.572
3,Port 0x01: JJH Probe  s/n:3E4C880C,195969181,1738955753.018641209,1,Too Few Markers,-3.697314E28,-3.697314E28,-3.697314E28,-3.697314E28,-3.697314E28,-3.697314E28,-3.697314E28,0.0000000,3,Missing,-3.697314E28,-3.697314E28,-3.697314E28,Missing,-3.697314E28,-3.697314E28,-3.697314E28,Missing,-3.697314E28,-3.697314E28,-3.697314E28,Port 0x02: JJH T tibia tracker  s/n:3E4C8800,195969181,1738955753.018641209,1,OK,0.8773247,-0.4213445,-0.0511171,0.2239580,147.831,-127.405,-1501.384,0.4316145,3,OK,147.773,-127.246,-1501.587,OK,148.844,-191.625,-1429.023,OK,67.336,-166.409,-1492.736,Port 0x03: JJH Y femur tracker  s/n:3E4C8801,195969181,1738955753.018641209,1,OK,0.9896515,0.0058824,-0.1384046,0.0374086,-199.604,0.074,-1700.150,0.5279882,3,OK,-199.112,0.026,-1700.011,OK,-261.889,75.598,-1716.137,OK,-289.214,-6.182,-1725.780
3,Port 0x01: JJH Probe  s/n:3E4C880C,195969184,1738955753.068641209,1,Too Few Markers,-3.697314E28,-3.697314E28,-3.697314E28,-3.697314E28,-3.697314E28,-3.697314E28,-3.697314E28,0.0000000,3,Missing,-3.697314E28,-3.697314E28,-3.697314E28,Missing,-3.697314E28,-3.697314E28,-3.697314E28,Missing,-3.697314E28,-3.697314E28,-3.697314E28,Port 0x02: JJH T tibia tracker  s/n:3E4C8800,195969184,1738955753.068641209,1,OK,0.8773039,-0.4214374,-0.0508783,0.2239192,147.738,-127.350,-1501.198,0.4297675,3,OK,147.685,-127.183,-1501.408,OK,148.750,-191.553,-1428.819,OK,67.240,-166.335,-1492.504,Port 0x03: JJH Y femur tracker  s/n:3E4C8801,195969184,1738955753.068641209,1,OK,0.9886231,0.0063262,-0.1444716,0.0413797,-198.699,-1.140,-1701.981,0.5230179,3,OK,-198.211,-1.169,-1701.837,OK,-261.368,73.887,-1718.715,OK,-287.948,-8.117,-1728.718
3,Port 0x01: JJH Probe  s/n:3E4C880C,195969187,1738955753.118641209,1,Too Few Markers,-3.697314E28,-3.697314E28,-3.697314E28,-3.697314E28,-3.697314E28,-3.697314E28,-3.697314E28,0.0000000,3,Missing,-3.697314E28,-3.697314E28,-3.697314E28,Missing,-3.697314E28,-3.697314E28,-3.697314E28,Missing,-3.697314E28,-3.697314E28,-3.697314E28,Port 0x02: JJH T tibia tracker  s/n:3E4C8800,195969187,1738955753.118641209,1,OK,0.8774010,-0.4213564,-0.0503979,0.2237999,147.641,-127.268,-1501.052,0.4205769,3,OK,147.593,-127.100,-1501.262,OK,148.658,-191.469,-1428.685,OK,67.128,-166.208,-1492.287,Port 0x03: JJH Y femur tracker  s/n:3E4C8801,195969187,1738955753.118641209,1,OK,0.9876716,0.0060053,-0.1497235,0.0452945,-197.755,-2.246,-1703.803,0.5130255,3,OK,-197.287,-2.302,-1703.660,OK,-260.840,72.296,-1721.318,OK,-286.611,-9.927,-1731.472
3,Port 0x01: JJH Probe  s/n:3E4C880C,195969190,1738955753.168641209,1,Too Few Markers,-3.697314E28,-3.697314E28,-3.697314E28,-3.697314E28,-3.697314E28,-3.697314E28,-3.697314E28,0.0000000,3,Missing,-3.697314E28,-3.697314E28,-3.697314E28,Missing,-3.697314E28,-3.697314E28,-3.697314E28,Missing,-3.697314E28,-3.697314E28,-3.697314E28,Port 0x02: JJH T tibia tracker  s/n:3E4C8800,195969190,1738955753.168641209,1,OK,0.8774191,-0.4214022,-0.0502938,0.2236658,147.583,-127.227,-1500.889,0.4267365,3,OK,147.531,-127.055,-1501.104,OK,148.585,-191.427,-1428.507,OK,67.062,-166.135,-1492.118,Port 0x03: JJH Y femur tracker  s/n:3E4C8801,195969190,1738955753.168641209,1,OK,0.9867109,0.0063872,-0.1548474,0.0488173,-196.824,-3.346,-1705.595,0.4964246,3,OK,-196.387,-3.383,-1705.456,OK,-260.231,70.743,-1723.750,OK,-285.319,-11.662,-1734.186
3,Port 0x01: JJH Probe  s/n:3E4C880C,195969193,1738955753.218641209,1,Too Few Markers,-3.697314E28,-3.697314E28,-3.697314E28,-3.697314E28,-3.697314E28,-3.697314E28,-3.697314E28,0.0000000,3,Missing,-3.697314E28,-3.697314E28,-3.697314E28,Missing,-3.697314E28,-3.697314E28,-3.697314E28,Missing,-3.697314E28,-3.697314E28,-3.697314E28,Port 0x02: JJH T tibia tracker  s/n:3E4C8800,195969193,1738955753.218641209,1,OK,0.8774570,-0.4212793,-0.0505725,0.2236861,147.502,-127.149,-1500.765,0.4271434,3,OK,147.450,-126.993,-1500.961,OK,148.508,-191.364,-1428.412,OK,66.969,-166.076,-1492.055,Port 0x03: JJH Y femur tracker  s/n:3E4C8801,195969193,1738955753.218641209,1,OK,0.9855427,0.0069322,-0.1609896,0.0523441,-195.963,-4.358,-1707.197,0.5092805,3,OK,-195.487,-4.396,-1707.039,OK,-259.673,69.301,-1726.101,OK,-284.068,-13.300,-1736.906
3,Port 0x01: JJH Probe  s/n:3E4C880C,195969196,1738955753.268641209,1,Too Few Markers,-3.697314E28,-3.697314E28,-3.697314E28,-3.697314E28,-3.697314E28,-3.697314E28,-3.697314E28,0.0000000,3,Missing,-3.697314E28,-3.697314E28,-3.697314E28,Missing,-3.697314E28,-3.697314E28,-3.697314E28,Missing,-3.697314E28,-3.697314E28,-3.697314E28,Port 0x02: JJH T tibia tracker  s/n:3E4C8800,195969196,1738955753.268641209,1,OK,0.8775567,-0.4211520,-0.0503885,0.2235761,147.377,-127.059,-1500.627,0.4179029,3,OK,147.322,-126.910,-1500.818,OK,148.375,-191.286,-1428.299,OK,66.840,-165.958,-1491.899,Port 0x03: JJH Y femur tracker  s/n:3E4C8801,195969196,1738955753.268641209,1,OK,0.9844915,0.0076630,-0.1662443,0.0555036,-195.178,-5.206,-1708.632,0.5174922,3,OK,-194.691,-5.225,-1708.464,OK,-259.148,68.048,-1728.141,OK,-282.925,-14.695,-1739.297
3,Port 0x01: JJH Probe  s/n:3E4C880C,195969199,1738955753.318641209,1,Too Few Markers,-3.697314E28,-3.697314E28,-3.697314E28,-3.697314E28,-3.697314E28,-3.697314E28,-3.697314E28,0.0000000,3,Missing,-3.697314E28,-3.697314E28,-3.697314E28,Missing,-3.697314E28,-3.697314E28,-3.697314E28,Missing,-3.697314E28,-3.697314E28,-3.697314E28,Port 0x02: JJH T tibia tracker  s/n:3E4C8800,195969199,1738955753.318641209,1,OK,0.8776163,-0.4210580,-0.0502870,0.2235420,147.332,-127.023,-1500.476,0.4131975,3,OK,147.282,-126.879,-1500.658,OK,148.335,-191.254,-1428.166,OK,66.783,-165.912,-1491.739,Port 0x03: JJH Y femur tracker  s/n:3E4C8801,195969199,1738955753.318641209,1,OK,0.9835659,0.0072050,-0.1706167,0.0586188,-194.338,-6.086,-1709.979,0.5106755,3,OK,-193.857,-6.124,-1709.810,OK,-258.586,66.771,-1730.176,OK,-281.724,-16.142,-1741.411
3,Port 0x01: JJH Probe  s/n:3E4C880C,195969202,1738955753.368641209,1,Too Few Markers,-3.697314E28,-3.697314E28,-3.697314E28,-3.697314E28,-3.697314E28,-3.697314E28,-3.697314E28,0.0000000,3,Missing,-3.697314E28,-3.697314E28,-3.697314E28,Missing,-3.697314E28,-3.697314E28,-3.697314E28,Missing,-3.697314E28,-3.697314E28,-3.697314E28,Port 0x02: JJH T tibia tracker  s/n:3E4C8800,195969202,1738955753.368641209,1,OK,0.8775721,-0.4212596,-0.0497228,0.2234619,147.305,-127.034,-1500.415,0.4202264,3,OK,147.265,-126.865,-1500.621,OK,148.315,-191.236,-1428.053,OK,66.744,-165.878,-1491.574,Port 0x03: JJH Y femur tracker  s/n:3E4C8801,195969202,1738955753.368641209,1,OK,0.9825535,0.0077076,-0.1753935,0.0613701,-193.547,-6.944,-1711.270,0.5207928,3,OK,-193.050,-6.963,-1711.089,OK,-257.994,65.556,-1732.043,OK,-280.595,-17.479,-1743.568
3,Port 0x01: JJH Probe  s/n:3E4C880C,195969205,1738955753.418641209,1,Too Few Markers,-3.697314E28,-3.697314E28,-3.697314E28,-3.697314E28,-3.697314E28,-3.697314E28,-3.697314E28,0.0000000,3,Missing,-3.697314E28,-3.697314E28,-3.697314E28,Missing,-3.697314E28,-3.697314E28,-3.697314E28,Missing,-3.697314E28,-3.697314E28,-3.697314E28,Port 0x02: JJH T tibia tracker  s/n:3E4C8800,195969205,1738955753.418641209,1,OK,0.8776730,-0.4210387,-0.0498462,0.2234546,147.202,-126.972,-1500.316,0.4127168,3,OK,147.158,-126.818,-1500.507,OK,148.214,-191.201,-1427.999,OK,66.641,-165.822,-1491.511,Port 0x03: JJH Y femur tracker  s/n:3E4C8801,195969205,1738955753.418641209,1,OK,0.9818926,0.0073463,-0.1782883,0.0636094,-192.913,-7.555,-1712.239,0.4986317,3,OK,-192.453,-7.578,-1712.068,OK,-257.544,64.649,-1733.481,OK,-279.685,-18.504,-1745.034
3,Port 0x01: JJH Probe  s/n:3E4C880C,195969208,1738955753.468641209,1,Too Few Markers,-3.697314E28,-3.697314E28,-3.697314E28,-3.697314E28,-3.697314E28,-3.697314E28,-3.697314E28,0.0000000,3,Missing,-3.697314E28,-3.697314E28,-3.697314E28,Missing,-3.697314E28,-3.697314E28,-3.697314E28,Missing,-3.697314E28,-3.697314E28,-3.697314E28,Port 0x02: JJH T tibia tracker  s/n:3E4C8800,195969208,1738955753.468641209,1,OK,0.8775711,-0.4213373,-0.0496986,0.2233246,147.133,-126.978,-1500.264,0.4301583,3,OK,147.080,-126.809,-1500.477,OK,148.125,-191.180,-1427.882,OK,66.567,-165.791,-1491.434,Port 0x03: JJH Y femur tracker  s/n:3E4C8801,195969208,1738955753.468641209,1,OK,0.9812043,0.0072781,-0.1812890,0.0657225,-192.364,-8.179,-1713.250,0.4909194,3,OK,-191.908,-8.212,-1713.078,OK,-257.172,63.761,-1734.930,OK,-278.875,-19.510,-1746.570
3,Port 0x01: JJH Probe  s/n:3E4C880C,195969211,1738955753.518641209,1,Too Few Markers,-3.697314E28,-3.697314E28,-3.697314E28,-3.697314E28,-3.697314E28,-3.697314E28,-3.697314E28,0.0000000,3,Missing,-3.697314E28,-3.697314E28,-3.697314E28,Missing,-3.697314E28,-3.697314E28,-3.697314E28,Missing,-3.697314E28,-3.697314E28,-3.697314E28,Port 0x02: JJH T tibia tracker  s/n:3E4C8800,195969211,1738955753.518641209,1,OK,0.8775707,-0.4213826,-0.0494538,0.2232951,147.115,-126.926,-1500.190,0.4307010,3,OK,147.065,-126.750,-1500.409,OK,148.111,-191.119,-1427.794,OK,66.546,-165.719,-1491.317,Port 0x03: JJH Y femur tracker  s/n:3E4C8801,195969211,1738955753.518641209,1,OK,0.9803207,0.0078474,-0.1853621,0.0674582,-191.886,-8.623,-1713.817,0.5253881,3,OK,-191.364,-8.639,-1713.615,OK,-256.770,63.103,-1735.956,OK,-278.148,-20.250,-1747.891
3,Port 0x01: JJH Probe  s/n:3E4C880C,195969214,1738955753.568641209,1,Too Few Markers,-3.697314E28,-3.697314E28,-3.697314E28,-3.697314E28,-3.697314E28,-3.697314E28,-3.697314E28,0.0000000,3,Missing,-3.697314E28,-3.697314E28,-3.697314E28,Missing,-3.697314E28,-3.697314E28,-3.697314E28,Missing,-3.697314E28,-3.697314E28,-3.697314E28,Port 0x02: JJH T tibia tracker  s/n:3E4C8800,195969214,1738955753.568641209,1,OK,0.8775518,-0.4214579,-0.0494678,0.2232239,147.100,-126.904,-1500.148,0.4335887,3,OK,147.053,-126.729,-1500.364,OK,148.087,-191.085,-1427.742,OK,66.516,-165.686,-1491.283,Port 0x03: JJH Y femur tracker  s/n:3E4C8801,195969214,1738955753.568641209,1,OK,0.9800563,0.0081752,-0.1863394,0.0685593,-191.512,-8.960,-1714.462,0.5042506,3,OK,-191.030,-8.971,-1714.274,OK,-256.508,62.619,-1736.700,OK,-277.648,-20.771,-1748.700
3,Port 0x01: JJH Probe  s/n:3E4C880C,195969217,1738955753.618641209,1,Too Few Markers,-3.697314E28,-3.697314E28,-3.697314E28,-3.697314E28,-3.697314E28,-3.697314E28,-3.697314E28,0.0000000,3,Missing,-3.697314E28,-3.697314E28,-3.697314E28,Missing,-3.697314E28,-3.697314E28,-3.697314E28,Missing,-3.697314E28,-3.697314E28,-3.697314E28,Port 0x02: JJH T tibia tracker  s/n:3E4C8800,195969217,1738955753.618641209,1,OK,0.8775010,-0.4215641,-0.0494414,0.2232292,147.059,-126.904,-1500.106,0.4398036,3,OK,147.006,-126.725,-1500.330,OK,148.046,-191.076,-1427.676,OK,66.481,-165.681,-1491.233,Port 0x03: JJH Y femur tracker  s/n:3E4C8801,195969217,1738955753.618641209,1,OK,0.9798477,0.0081411,-0.1871819,0.0692477,-191.310,-9.164,-1714.753,0.4928833,3,OK,-190.850,-9.179,-1714.573,OK,-256.366,62.324,-1737.120,OK,-277.349,-21.095,-1749.130
3,Port 0x01: JJH Probe  s/n:3E4C880C,195969220,1738955753.668641209,1,Too Few Markers,-3.697314E28,-3.697314E28,-3.697314E28,-3.697314E28,-3.697314E28,-3.697314E28,-3.697314E28,0.0000000,3,Missing,-3.697314E28,-3.697314E28,-3.697314E28,Missing,-3.697314E28,-3.697314E28,-3.697314E28,Missing,-3.697314E28,-3.697314E28,-3.697314E28,Port 0x02: JJH T tibia tracker  s/n:3E4C8800,195969220,1738955753.668641209,1,OK,0.8776235,-0.4212999,-0.0496174,0.2232076,147.079,-126.887,-1500.063,0.4275861,3,OK,147.024,-126.724,-1500.269,OK,148.060,-191.091,-1427.689,OK,66.503,-165.674,-1491.234,Port 0x03: JJH Y femur tracker  s/n:3E4C8801,195969220,1738955753.668641209,1,OK,0.9796587,0.0086661,-0.1880931,0.0693888,-191.164,-9.217,-1714.982,0.4972141,3,OK,-190.682,-9.216,-1714.792,OK,-256.198,62.273,-1737.380,OK,-277.171,-21.176,-1749.541
3,Port 0x01: JJH Probe  s/n:3E4C880C,195969223,1738955753.718641209,1,Too Few Markers,-3.697314E28,-3.697314E28,-3.697314E28,-3.697314E28,-3.697314E28,-3.697314E28,-3.697314E28,0.0000000,3,Missing,-3.697314E28,-3.697314E28,-3.697314E28,Missing,-3.697314E28,-3.697314E28,-3.697314E28,Missing,-3.697314E28,-3.697314E28,-3.697314E28,Port 0x02: JJH T tibia tracker  s/n:3E4C8800,195969223,1738955753.718641209,1,OK,0.8775521,-0.4215139,-0.0493538,0.2231422,147.037,-126.896,-1500.057,0.4302558,3,OK,146.993,-126.717,-1500.277,OK,148.009,-191.069,-1427.644,OK,66.450,-165.661,-1491.173,Port 0x03: JJH Y femur tracker  s/n:3E4C8801,195969223,1738955753.718641209,1,OK,0.9796403,0.0080775,-0.1880704,0.0697794,-191.204,-9.328,-1714.963,0.4980663,3,OK,-190.732,-9.341,-1714.777,OK,-256.292,62.090,-1737.464,OK,-277.178,-21.358,-1749.500
3,Port 0x01: JJH Probe  s/n:3E4C880C,195969226,1738955753.768641209,1,Too Few Markers,-3.697314E28,-3.697314E28,-3.697314E28,-3.697314E28,-3.697314E28,-3.697314E28,-3.697314E28,0.0000000,3,Missing,-3.697314E28,-3.697314E28,-3.697314E28,Missing,-3.697314E28,-3.697314E28,-3.697314E28,Missing,-3.697314E28,-3.697314E28,-3.697314E28,Port 0x02: JJH T tibia tracker  s/n:3E4C8800,195969226,1738955753.768641209,1,OK,0.8774359,-0.4217178,-0.0494606,0.2231904,147.035,-126.834,-1500.010,0.4340767,3,OK,146.984,-126.664,-1500.223,OK,148.013,-190.974,-1427.568,OK,66.448,-165.606,-1491.139,Port 0x03: JJH Y femur tracker  s/n:3E4C8801,195969226,1738955753.768641209,1,OK,0.9797990,0.0075532,-0.1873290,0.0696035,-191.266,-9.248,-1714.859,0.5003391,3,OK,-190.797,-9.280,-1714.676,OK,-256.364,62.182,-1737.349,OK,-277.277,-21.251,-1749.251
3,Port 0x01: JJH Probe  s/n:3E4C880C,195969229,1738955753.818641209,1,Too Few Markers,-3.697314E28,-3.697314E28,-3.697314E28,-3.697314E28,-3.697314E28,-3.697314E28,-3.697314E28,0.0000000,3,Missing,-3.697314E28,-3.697314E28,-3.697314E28,Missing,-3.697314E28,-3.697314E28,-3.697314E28,Missing,-3.697314E28,-3.697314E28,-3.697314E28,Port 0x02: JJH T tibia tracker  s/n:3E4C8800,195969229,1738955753.818641209,1,OK,0.8773924,-0.4218064,-0.0493469,0.2232194,146.997,-126.851,-1500.034,0.4366406,3,OK,146.946,-126.671,-1500.258,OK,147.978,-190.981,-1427.571,OK,66.418,-165.620,-1491.133,Port 0x03: JJH Y femur tracker  s/n:3E4C8801,195969229,1738955753.818641209,1,OK,0.9800925,0.0085623,-0.1860870,0.0686799,-191.666,-9.005,-1714.259,0.5062228,3,OK,-191.188,-9.009,-1714.073,OK,-256.697,62.553,-1736.411,OK,-277.819,-20.823,-1748.457
3,Port 0x01: JJH Probe  s/n:3E4C880C,195969232,1738955753.868641214,1,Too Few Markers,-3.697314E28,-3.697314E28,-3.697314E28,-3.697314E28,-3.697314E28,-3.697314E28,-3.697314E28,0.0000000,3,Missing,-3.697314E28,-3.697314E28,-3.697314E28,Missing,-3.697314E28,-3.697314E28,-3.697314E28,Missing,-3.697314E28,-3.697314E28,-3.697314E28,Port 0x02: JJH T tibia tracker  s/n:3E4C8800,195969232,1738955753.868641214,1,OK,0.8773130,-0.4219961,-0.0494918,0.2231408,146.959,-126.839,-1500.087,0.4375914,3,OK,146.909,-126.658,-1500.313,OK,147.911,-190.946,-1427.602,OK,66.377,-165.605,-1491.207,Port 0x03: JJH Y femur tracker  s/n:3E4C8801,195969232,1738955753.868641214,1,OK,0.9811743,0.0076252,-0.1813018,0.0660949,-192.507,-8.213,-1713.090,0.4973787,3,OK,-192.049,-8.239,-1712.917,OK,-257.374,63.671,-1734.730,OK,-279.013,-19.593,-1746.418
3,Port 0x01: JJH Probe  s/n:3E4C880C,195969235,1738955753.918641214,1,Too Few Markers,-3.697314E28,-3.697314E28,-3.697314E28,-3.697314E28,-3.697314E28,-3.697314E28,-3.697314E28,0.0000000,3,Missing,-3.697314E28,-3.697314E28,-3.697314E28,Missing,-3.697314E28,-3.697314E28,-3.697314E28,Missing,-3.697314E28,-3.697314E28,-3.697314E28,Port 0x02: JJH T tibia tracker  s/n:3E4C8800,195969235,1738955753.918641214,1,OK,0.8772043,-0.4222994,-0.0492849,0.2230399,147.072,-126.913,-1500.160,0.4288504,3,OK,147.030,-126.723,-1500.392,OK,147.994,-190.969,-1427.637,OK,66.486,-165.655,-1491.227,Port 0x03: JJH Y femur tracker  s/n:3E4C8801,195969235,1738955753.918641214,1,OK,0.9826595,0.0081219,-0.1746826,0.0616468,-193.746,-6.995,-1711.042,0.5028096,3,OK,-193.272,-7.013,-1710.870,OK,-258.267,65.482,-1731.672,OK,-280.817,-17.579,-1743.211
3,Port 0x01: JJH Probe  s/n:3E4C880C,195969238,1738955753.968641214,1,Too Few Markers,-3.697314E28,-3.697314E28,-3.697314E28,-3.697314E28,-3.697314E28,-3.697314E28,-3.697314E28,0.0000000,3,Missing,-3.697314E28,-3.697314E28,-3.697314E28,Missing,-3.697314E28,-3.697314E28,-3.697314E28,Missing,-3.697314E28,-3.697314E28,-3.697314E28,Port 0x02: JJH T tibia tracker  s/n:3E4C8800,195969238,1738955753.968641214,1,OK,0.8770204,-0.4226490,-0.0498822,0.2229684,147.143,-126.950,-1500.154,0.4201666,3,OK,147.093,-126.791,-1500.356,OK,148.020,-190.949,-1427.613,OK,66.551,-165.712,-1491.323,Port 0x03: JJH Y femur tracker  s/n:3E4C8801,195969238,1738955753.968641214,1,OK,0.9848730,0.0068339,-0.1640339,0.0554191,-195.388,-5.235,-1708.163,0.5022454,3,OK,-194.941,-5.275,-1708.012,OK,-259.427,68.011,-1727.532,OK,-283.215,-14.721,-1738.404
3,Port 0x01: JJH Probe  s/n:3E4C880C,195969241,1738955754.018641214,1,Too Few Markers,-3.697314E28,-3.697314E28,-3.697314E28,-3.697314E28,-3.697314E28,-3.697314E28,-3.697314E28,0.0000000,3,Missing,-3.697314E28,-3.697314E28,-3.697314E28,Missing,-3.697314E28,-3.697314E28,-3.697314E28,Missing,-3.697314E28,-3.697314E28,-3.697314E28,Port 0x02: JJH T tibia tracker  s/n:3E4C8800,195969241,1738955754.018641214,1,OK,0.8767141,-0.4233975,-0.0499466,0.2227383,147.181,-127.026,-1500.192,0.4126247,3,OK,147.129,-126.874,-1500.386,OK,147.989,-190.909,-1427.561,OK,66.576,-165.751,-1491.354,Port 0x03: JJH Y femur tracker  s/n:3E4C8801,195969241,1738955754.018641214,1,OK,0.9870344,0.0064507,-0.1530626,0.0478889,-197.370,-3.031,-1704.613,0.5199626,3,OK,-196.889,-3.074,-1704.462,OK,-260.718,71.177,-1722.522,OK,-286.015,-11.173,-1732.893
3,Port 0x01: JJH Probe  s/n:3E4C880C,195969244,1738955754.068641214,1,Too Few Markers,-3.697314E28,-3.697314E28,-3.697314E28,-3.697314E28,-3.697314E28,-3.697314E28,-3.697314E28,0.0000000,3,Missing,-3.697314E28,-3.697314E28,-3.697314E28,Missing,-3.697314E28,-3.697314E28,-3.697314E28,Missing,-3.697314E28,-3.697314E28,-3.697314E28,Port 0x02: JJH T tibia tracker  s/n:3E4C8800,195969244,1738955754.068641214,1,OK,0.8763829,-0.4241474,-0.0501388,0.2225714,147.280,-127.141,-1500.311,0.4196337,3,OK,147.233,-126.975,-1500.520,OK,148.017,-190.925,-1427.575,OK,66.665,-165.852,-1491.479,Port 0x03: JJH Y femur tracker  s/n:3E4C8801,195969244,1738955754.068641214,1,OK,0.9894508,0.0058176,-0.1392752,0.0394430,-199.366,-0.564,-1700.616,0.5142875,3,OK,-198.907,-0.615,-1700.486,OK,-261.928,74.698,-1716.765,OK,-288.867,-7.188,-1726.394
3,Port 0x01: JJH Probe  s/n:3E4C880C,195969247,1738955754.118641214,1,Too Few Markers,-3.697314E28,-3.697314E28,-3.697314E28,-3.697314E28,-3.697314E28,-3.697314E28,-3.697314E28,0.0000000,3,Missing,-3.697314E28,-3.697314E28,-3.697314E28,Missing,-3.697314E28,-3.697314E28,-3.697314E28,Missing,-3.697314E28,-3.697314E28,-3.697314E28,Port 0x02: JJH T tibia tracker  s/n:3E4C8800,195969247,1738955754.118641214,1,OK,0.8761465,-0.4246732,-0.0503471,0.2224524,147.413,-127.275,-1500.500,0.4199475,3,OK,147.363,-127.108,-1500.712,OK,148.097,-190.988,-1427.698,OK,66.796,-165.979,-1491.686,Port 0x03: JJH Y femur tracker  s/n:3E4C8801,195969247,1738955754.118641214,1,OK,0.9916363,0.0050239,-0.1253360,0.0303818,-201.335,2.140,-1696.297,0.5327854,3,OK,-200.853,2.083,-1696.175,OK,-262.955,78.512,-1710.707,OK,-291.650,-2.842,-1719.539
3,Port 0x01: JJH Probe  s/n:3E4C880C,195969250,1738955754.168641214,1,Too Few Markers,-3.697314E28,-3.697314E28,-3.697314E28,-3.697314E28,-3.697314E28,-3.697314E28,-3.697314E28,0.0000000,3,Missing,-3.697314E28,-3.697314E28,-3.697314E28,Missing,-3.697314E28,-3.697314E28,-3.697314E28,Missing,-3.697314E28,-3.697314E28,-3.697314E28,Port 0x02: JJH T tibia tracker  s/n:3E4C8800,195969250,1738955754.168641214,1,OK,0.8759743,-0.4250025,-0.0506872,0.2224246,147.539,-127.432,-1500.786,0.4279623,3,OK,147.488,-127.262,-1501.002,OK,148.189,-191.109,-1427.938,OK,66.924,-166.151,-1492.017,Port 0x03: JJH Y femur tracker  s/n:3E4C8801,195969250,1738955754.168641214,1,OK,0.9935907,0.0043323,-0.1109679,0.0210937,-203.183,4.923,-1691.751,0.5513033,3,OK,-202.681,4.851,-1691.639,OK,-263.779,82.417,-1704.384,OK,-294.219,1.644,-1712.361
3,Port 0x01: JJH Probe  s/n:3E4C880C,195969253,1738955754.218641214,1,Too Few Markers,-3.697314E28,-3.697314E28,-3.697314E28,-3.697314E28,-3.697314E28,-3.697314E28,-3.697314E28,0.0000000,3,Missing,-3.697314E28,-3.697314E28,-3.697314E28,Missing,-3.697314E28,-3.697314E28,-3.697314E28,Missing,-3.697314E28,-3.697314E28,-3.697314E28,Port 0x02: JJH T tibia tracker  s/n:3E4C8800,195969253,1738955754.218641214,1,OK,0.8759026,-0.4250644,-0.0511595,0.2224806,147.657,-127.563,-1501.080,0.4241685,3,OK,147.607,-127.396,-1501.293,OK,148.280,-191.238,-1428.239,OK,67.054,-166.325,-1492.378,Port 0x03: JJH Y femur tracker  s/n:3E4C8801,195969253,1738955754.218641214,1,OK,0.9953327,0.0046409,-0.0957195,0.0113587,-204.837,7.843,-1687.179,0.5284793,3,OK,-204.359,7.770,-1687.087,OK,-264.275,86.528,-1697.796,OK,-296.498,6.341,-1704.979
3,Port 0x01: JJH Probe  s/n:3E4C880C,195969256,1738955754.268641214,1,Too Few Markers,-3.697314E28,-3.697314E28,-3.697314E28,-3.697314E28,-3.697314E28,-3.697314E28,-3.697314E28,0.0000000,3,Missing,-3.697314E28,-3.697314E28,-3.697314E28,Missing,-3.697314E28,-3.697314E28,-3.697314E28,Missing,-3.697314E28,-3.697314E28,-3.697314E28,Port 0x02: JJH T tibia tracker  s/n:3E4C8800,195969256,1738955754.268641214,1,OK,0.8758828,-0.4250018,-0.0512668,0.2226533,147.759,-127.759,-1501.355,0.4069512,3,OK,147.714,-127.593,-1501.564,OK,148.392,-191.434,-1428.538,OK,67.183,-166.562,-1492.645,Port 0x03: JJH Y femur tracker  s/n:3E4C8801,195969256,1738955754.268641214,1,OK,0.9967090,0.0035317,-0.0809596,0.0020690,-206.342,10.652,-1682.663,0.5350202,3,OK,-205.859,10.567,-1682.585,OK,-264.602,90.418,-1691.593,OK,-298.500,10.856,-1697.731
3,Port 0x01: JJH Probe  s/n:3E4C880C,195969259,1738955754.318641214,1,Too Few Markers,-3.697314E28,-3.697314E28,-3.697314E28,-3.697314E28,-3.697314E28,-3.697314E28,-3.697314E28,0.0000000,3,Missing,-3.697314E28,-3.697314E28,-3.697314E28,Missing,-3.697314E28,-3.697314E28,-3.697314E28,Missing,-3.697314E28,-3.697314E28,-3.697314E28,Port 0x02: JJH T tibia tracker  s/n:3E4C8800,195969259,1738955754.318641214,1,OK,0.8757246,-0.4252827,-0.0514882,0.2226882,147.929,-127.970,-1501.724,0.4190799,3,OK,147.886,-127.785,-1501.954,OK,148.537,-191.622,-1428.857,OK,67.366,-166.794,-1493.028,Port 0x03: JJH Y femur tracker  s/n:3E4C8801,195969259,1738955754.318641214,1,OK,0.9977309,0.0025262,-0.0668758,-0.0073686,-207.584,13.595,-1677.833,0.5410632,3,OK,-207.072,13.485,-1677.765,OK,-264.566,94.468,-1685.177,OK,-300.133,15.529,-1690.291
3,Port 0x01: JJH Probe  s/n:3E4C880C,195969262,1738955754.368641214,1,Too Few Markers,-3.697314E28,-3.697314E28,-3.697314E28,-3.697314E28,-3.697314E28,-3.697314E28,-3.697314E28,0.0000000,3,Missing,-3.697314E28,-3.697314E28,-3.697314E28,Missing,-3.697314E28,-3.697314E28,-3.697314E28,Missing,-3.697314E28,-3.697314E28,-3.697314E28,Port 0x02: JJH T tibia tracker  s/n:3E4C8800,195969262,1738955754.368641214,1,OK,0.8756576,-0.4252584,-0.0521837,0.2228361,148.007,-128.111,-1502.037,0.4197875,3,OK,147.967,-127.935,-1502.256,OK,148.602,-191.777,-1429.189,OK,67.454,-167.008,-1493.448,Port 0x03: JJH Y femur tracker  s/n:3E4C8801,195969262,1738955754.368641214,1,OK,0.9985455,0.0013854,-0.0511083,-0.0171173,-208.671,16.622,-1672.993,0.5413778,3,OK,-208.180,16.507,-1672.943,OK,-264.273,98.571,-1678.617,OK,-301.489,20.370,-1682.517
3,Port 0x01: JJH Probe  s/n:3E4C880C,195969265,1738955754.418641214,1,Too Few Markers,-3.697314E28,-3.697314E28,-3.697314E28,-3.697314E28,-3.697314E28,-3.697314E28,-3.697314E28,0.0000000,3,Missing,-3.697314E28,-3.697314E28,-3.697314E28,Missing,-3.697314E28,-3.697314E28,-3.697314E28,Missing,-3.697314E28,-3.697314E28,-3.697314E28,Port 0x02: JJH T tibia tracker  s/n:3E4C8800,195969265,1738955754.418641214,1,OK,0.8755860,-0.4252314,-0.0527693,0.2230311,148.050,-128.315,-1502.330,0.4133725,3,OK,148.011,-128.147,-1502.539,OK,148.641,-191.988,-1429.506,OK,67.520,-167.284,-1493.821,Port 0x03: JJH Y femur tracker  s/n:3E4C8801,195969265,1738955754.418641214,1,OK,0.9989984,0.0004037,-0.0358420,-0.0267852,-209.625,19.611,-1668.144,0.5409315,3,OK,-209.136,19.484,-1668.109,OK,-263.780,102.622,-1672.126,OK,-302.598,25.153,-1674.827
3,Port 0x01: JJH Probe  s/n:3E4C880C,195969268,1738955754.468641214,1,Too Few Markers,-3.697314E28,-3.697314E28,-3.697314E28,-3.697314E28,-3.697314E28,-3.697314E28,-3.697314E28,0.0000000,3,Missing,-3.697314E28,-3.697314E28,-3.697314E28,Missing,-3.697314E28,-3.697314E28,-3.697314E28,Missing,-3.697314E28,-3.697314E28,-3.697314E28,Port 0x02: JJH T tibia tracker  s/n:3E4C8800,195969268,1738955754.468641214,1,OK,0.8755180,-0.4252118,-0.0532962,0.2232101,148.155,-128.459,-1502.684,0.4082420,3,OK,148.112,-128.298,-1502.886,OK,148.741,-192.141,-1429.876,OK,67.655,-167.491,-1494.244,Port 0x03: JJH Y femur tracker  s/n:3E4C8801,195969268,1738955754.468641214,1,OK,0.9990913,-0.0002056,-0.0214860,-0.0368081,-210.280,22.772,-1663.063,0.5434588,3,OK,-209.777,22.645,-1663.041,OK,-262.840,106.852,-1665.489,OK,-303.304,30.174,-1667.074
3,Port 0x01: JJH Probe  s/n:3E4C880C,195969271,1738955754.518641214,1,Too Few Markers,-3.697314E28,-3.697314E28,-3.697314E28,-3.697314E28,-3.697314E28,-3.697314E28,-3.697314E28,0.0000000,3,Missing,-3.697314E28,-3.697314E28,-3.697314E28,Missing,-3.697314E28,-3.697314E28,-3.697314E28,Missing,-3.697314E28,-3.697314E28,-3.697314E28,Port 0x02: JJH T tibia tracker  s/n:3E4C8800,195969271,1738955754.518641214,1,OK,0.8754383,-0.4252822,-0.0535286,0.2233329,148.241,-128.582,-1503.020,0.3966889,3,OK,148.201,-128.424,-1503.217,OK,148.822,-192.249,-1430.218,OK,67.759,-167.653,-1494.597,Port 0x03: JJH Y femur tracker  s/n:3E4C8801,195969271,1738955754.518641214,1,OK,0.9988854,-0.0016231,-0.0047624,-0.0469327,-210.699,26.017,-1657.933,0.5296967,3,OK,-210.224,25.873,-1657.928,OK,-261.598,111.157,-1658.724,OK,-303.606,35.299,-1658.837
3,Port 0x01: JJH Probe  s/n:3E4C880C,195969274,1738955754.568641214,1,Too Few Markers,-3.697314E28,-3.697314E28,-3.697314E28,-3.697314E28,-3.697314E28,-3.697314E28,-3.697314E28,0.0000000,3,Missing,-3.697314E28,-3.697314E28,-3.697314E28,Missing,-3.697314E28,-3.697314E28,-3.697314E28,Missing,-3.697314E28,-3.697314E28,-3.697314E28,Port 0x02: JJH T tibia tracker  s/n:3E4C8800,195969274,1738955754.568641214,1,OK,0.8752037,-0.4255814,-0.0540953,0.2235457,148.290,-128.745,-1503.391,0.4183773,3,OK,148.242,-128.577,-1503.604,OK,148.870,-192.393,-1430.533,OK,67.833,-167.879,-1495.037,Port 0x03: JJH Y femur tracker  s/n:3E4C8801,195969274,1738955754.568641214,1,OK,0.9982745,-0.0029574,0.0121888,-0.0573641,-210.987,29.274,-1652.640,0.5225804,3,OK,-210.535,29.122,-1652.651,OK,-260.090,115.462,-1651.817,OK,-303.636,40.502,-1650.404
3,Port 0x01: JJH Probe  s/n:3E4C880C,195969277,1738955754.618641214,1,Too Few Markers,-3.697314E28,-3.697314E28,-3.697314E28,-3.697314E28,-3.697314E28,-3.697314E28,-3.697314E28,0.0000000,3,Missing,-3.697314E28,-3.697314E28,-3.697314E28,Missing,-3.697314E28,-3.697314E28,-3.697314E28,Missing,-3.697314E28,-3.697314E28,-3.697314E28,Port 0x02: JJH T tibia tracker  s/n:3E4C8800,195969277,1738955754.618641214,1,OK,0.8752633,-0.4252656,-0.0543856,0.2238428,148.401,-128.874,-1503.909,0.4079522,3,OK,148.358,-128.707,-1504.118,OK,149.013,-192.566,-1431.106,OK,67.977,-168.082,-1495.583,Port 0x03: JJH Y femur tracker  s/n:3E4C8801,195969277,1738955754.618641214,1,OK,0.9972690,-0.0044020,0.0282831,-0.0680818,-210.950,32.817,-1647.184,0.5050815,3,OK,-210.504,32.645,-1647.208,OK,-258.125,120.079,-1644.921,OK,-303.221,46.021,-1641.980
3,Port 0x01: JJH Probe  s/n:3E4C880C,195969280,1738955754.668641214,1,Too Few Markers,-3.697314E28,-3.697314E28,-3.697314E28,-3.697314E28,-3.697314E28,-3.697314E28,-3.697314E28,0.0000000,3,Missing,-3.697314E28,-3.697314E28,-3.697314E28,Missing,-3.697314E28,-3.697314E28,-3.697314E28,Missing,-3.697314E28,-3.697314E28,-3.697314E28,Port 0x02: JJH T tibia tracker  s/n:3E4C8800,195969280,1738955754.668641214,1,OK,0.8753638,-0.4244809,-0.0556598,0.2246246,148.603,-129.008,-1504.471,0.4192767,3,OK,148.549,-128.859,-1504.664,OK,149.315,-192.835,-1431.785,OK,68.253,-168.418,-1496.342,Port 0x03: JJH Y femur tracker  s/n:3E4C8801,195969280,1738955754.668641214,1,OK,0.9958324,-0.0053120,0.0457627,-0.0787105,-210.676,36.195,-1641.712,0.4772752,3,OK,-210.260,36.034,-1641.750,OK,-255.830,124.458,-1637.840,OK,-302.402,51.349,-1633.290
3,Port 0x01: JJH Probe  s/n:3E4C880C,195969283,1738955754.718641214,1,Too Few Markers,-3.697314E28,-3.697314E28,-3.697314E28,-3.697314E28,-3.697314E28,-3.697314E28,-3.697314E28,0.0000000,3,Missing,-3.697314E28,-3.697314E28,-3.697314E28,Missing,-3.697314E28,-3.697314E28,-3.697314E28,Missing,-3.697314E28,-3.697314E28,-3.697314E28,Port 0x02: JJH T tibia tracker  s/n:3E4C8800,195969283,1738955754.718641214,1,OK,0.8754935,-0.4237105,-0.0560275,0.2254807,148.898,-129.109,-1505.236,0.4170208,3,OK,148.846,-128.946,-1505.444,OK,149.743,-193.054,-1432.646,OK,68.635,-168.685,-1497.119,Port 0x03: JJH Y femur tracker  s/n:3E4C8801,195969283,1738955754.718641214,1,OK,0.9939610,-0.0063702,0.0634707,-0.0892885,-210.138,39.624,-1636.448,0.4587283,3,OK,-209.736,39.446,-1636.500,OK,-253.215,128.866,-1631.039,OK,-301.162,56.719,-1624.788
3,Port 0x01: JJH Probe  s/n:3E4C880C,195969286,1738955754.768641214,1,Too Few Markers,-3.697314E28,-3.697314E28,-3.697314E28,-3.697314E28,-3.697314E28,-3.697314E28,-3.697314E28,0.0000000,3,Missing,-3.697314E28,-3.697314E28,-3.697314E28,Missing,-3.697314E28,-3.697314E28,-3.697314E28,Missing,-3.697314E28,-3.697314E28,-3.697314E28,Port 0x02: JJH T tibia tracker  s/n:3E4C8800,195969286,1738955754.768641214,1,OK,0.8754772,-0.4231096,-0.0567121,0.2264988,149.174,-129.180,-1505.980,0.4343919,3,OK,149.124,-129.005,-1506.199,OK,150.178,-193.226,-1433.449,OK,68.998,-168.961,-1497.922,Port 0x03: JJH Y femur tracker  s/n:3E4C8801,195969286,1738955754.768641214,1,OK,0.9918275,-0.0087240,0.0796124,-0.0993175,-209.409,42.855,-1631.094,0.4386386,3,OK,-209.026,42.674,-1631.155,OK,-250.463,132.984,-1624.590,OK,-299.641,61.801,-1616.529
3,Port 0x01: JJH Probe  s/n:3E4C880C,195969289,1738955754.818641214,1,Too Few Markers,-3.697314E28,-3.697314E28,-3.697314E28,-3.697314E28,-3.697314E28,-3.697314E28,-3.697314E28,0.0000000,3,Missing,-3.697314E28,-3.697314E28,-3.697314E28,Missing,-3.697314E28,-3.697314E28,-3.697314E28,Missing,-3.697314E28,-3.697314E28,-3.697314E28,Port 0x02: JJH T tibia tracker  s/n:3E4C8800,195969289,1738955754.818641214,1,OK,0.8756591,-0.4220006,-0.0574519,0.2276749,149.366,-129.198,-1506.712,0.4221572,3,OK,149.317,-129.032,-1506.920,OK,150.558,-193.396,-1434.344,OK,69.302,-169.218,-1498.725,Port 0x03: JJH Y femur tracker  s/n:3E4C8801,195969289,1738955754.818641214,1,OK,0.9892601,-0.0094753,0.0966785,-0.1092153,-208.527,46.018,-1626.068,0.4193873,3,OK,-208.159,45.820,-1626.141,OK,-247.483,136.992,-1618.171,OK,-297.806,66.758,-1608.424
3,Port 0x01: JJH Probe  s/n:3E4C880C,195969292,1738955754.868641208,1,Too Few Markers,-3.697314E28,-3.697314E28,-3.697314E28,-3.697314E28,-3.697314E28,-3.697314E28,-3.697314E28,0.0000000,3,Missing,-3.697314E28,-3.697314E28,-3.697314E28,Missing,-3.697314E28,-3.697314E28,-3.697314E28,Missing,-3.697314E28,-3.697314E28,-3.697314E28,Port 0x02: JJH T tibia tracker  s/n:3E4C8800,195969292,1738955754.868641208,1,OK,0.8757916,-0.4211664,-0.0578402,0.2286098,149.617,-129.224,-1507.473,0.4111915,3,OK,149.574,-129.059,-1507.677,OK,150.965,-193.531,-1435.223,OK,69.639,-169.423,-1499.505,Port 0x03: JJH Y femur tracker  s/n:3E4C8801,195969292,1738955754.868641208,1,OK,0.9865744,-0.0104183,0.1115378,-0.1188346,-207.350,49.102,-1621.137,0.4035228,3,OK,-207.005,48.901,-1621.217,OK,-244.243,140.841,-1612.155,OK,-295.626,71.588,-1600.847
3,Port 0x01: JJH Probe  s/n:3E4C880C,195969295,1738955754.918641215,1,Too Few Markers,-3.697314E28,-3.697314E28,-3.697314E28,-3.697314E28,-3.697314E28,-3.697314E28,-3.697314E28,0.0000000,3,Missing,-3.697314E28,-3.697314E28,-3.697314E28,Missing,-3.697314E28,-3.697314E28,-3.697314E28,Missing,-3.697314E28,-3.697314E28,-3.697314E28,Port 0x02: JJH T tibia tracker  s/n:3E4C8800,195969295,1738955754.918641215,1,OK,0.8761008,-0.4199541,-0.0583276,0.2295297,149.841,-129.293,-1508.174,0.4013208,3,OK,149.799,-129.133,-1508.371,OK,151.351,-193.770,-1436.096,OK,69.954,-169.675,-1500.261,Port 0x03: JJH Y femur tracker  s/n:3E4C8801,195969295,1738955754.918641215,1,OK,0.9837468,-0.0118706,0.1256884,-0.1276858,-206.033,51.985,-1616.467,0.3682298,3,OK,-205.713,51.784,-1616.552,OK,-240.959,144.426,-1606.602,OK,-293.281,76.050,-1593.690
3,Port 0x01: JJH Probe  s/n:3E4C880C,195969298,1738955754.968641208,1,Too Few Markers,-3.697314E28,-3.697314E28,-3.697314E28,-3.697314E28,-3.697314E28,-3.697314E28,-3.697314E28,0.0000000,3,Missing,-3.697314E28,-3.697314E28,-3.697314E28,Missing,-3.697314E28,-3.697314E28,-3.697314E28,Missing,-3.697314E28,-3.697314E28,-3.697314E28,Port 0x02: JJH T tibia tracker  s/n:3E4C8800,195969298,1738955754.968641208,1,OK,0.8763922,-0.4186513,-0.0591948,0.2305726,150.005,-129.360,-1508.901,0.3982094,3,OK,149.964,-129.206,-1509.088,OK,151.684,-194.028,-1437.009,OK,70.217,-169.969,-1501.105,Port 0x03: JJH Y femur tracker  s/n:3E4C8801,195969298,1738955754.968641208,1,OK,0.9807475,-0.0125237,0.1396535,-0.1359209,-204.737,54.621,-1612.260,0.3513554,3,OK,-204.436,54.417,-1612.350,OK,-237.770,147.660,-1601.427,OK,-290.879,80.150,-1587.036
3,Port 0x01: JJH Probe  s/n:3E4C880C,195969301,1738955755.018641208,1,Too Few Markers,-3.697314E28,-3.697314E28,-3.697314E28,-3.697314E28,-3.697314E28,-3.697314E28,-3.697314E28,0.0000000,3,Missing,-3.697314E28,-3.697314E28,-3.697314E28,Missing,-3.697314E28,-3.697314E28,-3.697314E28,Missing,-3.697314E28,-3.697314E28,-3.697314E28,Port 0x02: JJH T tibia tracker  s/n:3E4C8800,195969301,1738955755.018641208,1,OK,0.8765083,-0.4179169,-0.0595122,0.2313806,150.178,-129.439,-1509.616,0.4183899,3,OK,150.134,-129.263,-1509.828,OK,152.002,-194.230,-1437.793,OK,70.465,-170.195,-1501.840,Port 0x03: JJH Y femur tracker  s/n:3E4C8801,195969301,1738955755.018641208,1,OK,0.9777290,-0.0123316,0.1525921,-0.1435607,-203.400,57.047,-1608.497,0.3467964,3,OK,-203.098,56.834,-1608.597,OK,-234.620,150.603,-1596.673,OK,-288.450,83.906,-1581.000
3,Port 0x01: JJH Probe  s/n:3E4C880C,195969304,1738955755.068641208,1,Too Few Markers,-3.697314E28,-3.697314E28,-3.697314E28,-3.697314E28,-3.697314E28,-3.697314E28,-3.697314E28,0.0000000,3,Missing,-3.697314E28,-3.697314E28,-3.697314E28,Missing,-3.697314E28,-3.697314E28,-3.697314E28,Missing,-3.697314E28,-3.697314E28,-3.697314E28,Port 0x02: JJH T tibia tracker  s/n:3E4C8800,195969304,1738955755.068641208,1,OK,0.8767369,-0.4168171,-0.0603434,0.2322814,150.372,-129.503,-1510.255,0.4240301,3,OK,150.319,-129.340,-1510.458,OK,152.349,-194.459,-1438.583,OK,70.746,-170.452,-1502.605,Port 0x03: JJH Y femur tracker  s/n:3E4C8801,195969304,1738955755.068641208,1,OK,0.9748521,-0.0140906,0.1636521,-0.1506080,-201.917,59.300,-1604.702,0.3153453,3,OK,-201.644,59.093,-1604.800,OK,-231.491,153.346,-1592.425,OK,-285.924,87.406,-1575.343
3,Port 0x01: JJH Probe  s/n:3E4C880C,195969307,1738955755.118641208,1,Too Few Markers,-3.697314E28,-3.697314E28,-3.697314E28,-3.697314E28,-3.697314E28,-3.697314E28,-3.697314E28,0.0000000,3,Missing,-3.697314E28,-3.697314E28,-3.697314E28,Missing,-3.697314E28,-3.697314E28,-3.697314E28,Missing,-3.697314E28,-3.697314E28,-3.697314E28,Port 0x02: JJH T tibia tracker  s/n:3E4C8800,195969307,1738955755.118641208,1,OK,0.8770721,-0.4154114,-0.0614191,0.2332501,150.544,-129.570,-1510.929,0.4255988,3,OK,150.492,-129.421,-1511.115,OK,152.679,-194.733,-1439.465,OK,71.004,-170.746,-1503.451,Port 0x03: JJH Y femur tracker  s/n:3E4C8801,195969307,1738955755.118641208,1,OK,0.9715725,-0.0144790,0.1758914,-0.1577958,-200.398,61.539,-1601.214,0.3088270,3,OK,-200.130,61.320,-1601.320,OK,-228.214,156.037,-1588.181,OK,-283.223,90.885,-1569.766
3,Port 0x01: JJH Probe  s/n:3E4C880C,195969310,1738955755.168641215,1,Too Few Markers,-3.697314E28,-3.697314E28,-3.697314E28,-3.697314E28,-3.697314E28,-3.697314E28,-3.697314E28,0.0000000,3,Missing,-3.697314E28,-3.697314E28,-3.697314E28,Missing,-3.697314E28,-3.697314E28,-3.697314E28,Missing,-3.697314E28,-3.697314E28,-3.697314E28,Port 0x02: JJH T tibia tracker  s/n:3E4C8800,195969310,1738955755.168641215,1,OK,0.8773627,-0.4142555,-0.0616985,0.2341376,150.739,-129.674,-1511.730,0.4289566,3,OK,150.688,-129.508,-1511.933,OK,153.038,-195.009,-1440.409,OK,71.288,-171.014,-1504.272,Port 0x03: JJH Y femur tracker  s/n:3E4C8801,195969310,1738955755.168641215,1,OK,0.9682158,-0.0163591,0.1875725,-0.1646424,-198.755,63.733,-1597.624,0.2801275,3,OK,-198.512,63.532,-1597.727,OK,-224.894,158.650,-1584.180,OK,-280.377,94.284,-1564.252
3,Port 0x01: JJH Probe  s/n:3E4C880C,195969313,1738955755.218641208,1,Too Few Markers,-3.697314E28,-3.697314E28,-3.697314E28,-3.697314E28,-3.697314E28,-3.697314E28,-3.697314E28,0.0000000,3,Missing,-3.697314E28,-3.697314E28,-3.697314E28,Missing,-3.697314E28,-3.697314E28,-3.697314E28,Missing,-3.697314E28,-3.697314E28,-3.697314E28,Port 0x02: JJH T tibia tracker  s/n:3E4C8800,195969313,1738955755.218641208,1,OK,0.8778530,-0.4124459,-0.0626239,0.2352461,150.945,-129.802,-1512.563,0.4442968,3,OK,150.887,-129.639,-1512.763,OK,153.455,-195.411,-1441.482,OK,71.597,-171.376,-1505.264,Port 0x03: JJH Y femur tracker  s/n:3E4C8801,195969313,1738955755.218641208,1,OK,0.9647862,-0.0168988,0.1987279,-0.1714914,-197.024,65.864,-1594.182,0.2561694,3,OK,-196.804,65.667,-1594.282,OK,-221.446,161.173,-1580.172,OK,-277.412,97.567,-1558.961
3,Port 0x01: JJH Probe  s/n:3E4C880C,195969316,1738955755.268641208,1,Too Few Markers,-3.697314E28,-3.697314E28,-3.697314E28,-3.697314E28,-3.697314E28,-3.697314E28,-3.697314E28,0.0000000,3,Missing,-3.697314E28,-3.697314E28,-3.697314E28,Missing,-3.697314E28,-3.697314E28,-3.697314E28,Missing,-3.697314E28,-3.697314E28,-3.697314E28,Port 0x02: JJH T tibia tracker  s/n:3E4C8800,195969316,1738955755.268641208,1,OK,0.8785768,-0.4101374,-0.0633289,0.2363885,151.188,-129.924,-1513.395,0.4117017,3,OK,151.139,-129.774,-1513.577,OK,153.906,-195.847,-1442.669,OK,71.965,-171.745,-1506.211,Port 0x03: JJH Y femur tracker  s/n:3E4C8801,195969316,1738955755.268641208,1,OK,0.9611536,-0.0168830,0.2100752,-0.1782335,-195.183,67.984,-1590.784,0.2529210,3,OK,-194.966,67.784,-1590.891,OK,-217.867,163.630,-1576.126,OK,-274.272,100.807,-1553.681
3,Port 0x01: JJH Probe  s/n:3E4C880C,195969319,1738955755.318641208,1,Too Few Markers,-3.697314E28,-3.697314E28,-3.697314E28,-3.697314E28,-3.697314E28,-3.697314E28,-3.697314E28,0.0000000,3,Missing,-3.697314E28,-3.697314E28,-3.697314E28,Missing,-3.697314E28,-3.697314E28,-3.697314E28,Missing,-3.697314E28,-3.697314E28,-3.697314E28,Port 0x02: JJH T tibia tracker  s/n:3E4C8800,195969319,1738955755.318641208,1,OK,0.8790979,-0.4083794,-0.0641739,0.2372656,151.415,-130.165,-1514.310,0.4434313,3,OK,151.358,-130.004,-1514.504,OK,154.312,-196.370,-1443.804,OK,72.268,-172.177,-1507.294,Port 0x03: JJH Y femur tracker  s/n:3E4C8801,195969319,1738955755.318641208,1,OK,0.9575902,-0.0170050,0.2204655,-0.1847343,-193.334,69.960,-1587.534,0.2416370,3,OK,-193.134,69.761,-1587.640,OK,-214.347,165.913,-1572.355,OK,-271.142,103.851,-1548.742
3,Port 0x01: JJH Probe  s/n:3E4C880C,195969322,1738955755.368641208,1,Too Few Markers,-3.697314E28,-3.697314E28,-3.697314E28,-3.697314E28,-3.697314E28,-3.697314E28,-3.697314E28,0.0000000,3,Missing,-3.697314E28,-3.697314E28,-3.697314E28,Missing,-3.697314E28,-3.697314E28,-3.697314E28,Missing,-3.697314E28,-3.697314E28,-3.697314E28,Port 0x02: JJH T tibia tracker  s/n:3E4C8800,195969322,1738955755.368641208,1,OK,0.8798712,-0.4061424,-0.0647148,0.2380904,151.497,-130.452,-1515.240,0.4329636,3,OK,151.445,-130.282,-1515.438,OK,154.559,-196.983,-1445.057,OK,72.443,-172.649,-1508.338,Port 0x03: JJH Y femur tracker  s/n:3E4C8801,195969322,1738955755.368641208,1,OK,0.9535350,-0.0182509,0.2322442,-0.1910510,-191.463,71.919,-1584.425,0.2291863,3,OK,-191.257,71.729,-1584.541,OK,-210.768,168.174,-1568.859,OK,-267.878,106.855,-1543.748
3,Port 0x01: JJH Probe  s/n:3E4C880C,195969325,1738955755.418641215,1,Too Few Markers,-3.697314E28,-3.697314E28,-3.697314E28,-3.697314E28,-3.697314E28,-3.697314E28,-3.697314E28,0.0000000,3,Missing,-3.697314E28,-3.697314E28,-3.697314E28,Missing,-3.697314E28,-3.697314E28,-3.697314E28,Missing,-3.697314E28,-3.697314E28,-3.697314E28,Port 0x02: JJH T tibia tracker  s/n:3E4C8800,195969325,1738955755.418641215,1,OK,0.8808379,-0.4036310,-0.0660621,0.2384165,151.487,-130.891,-1516.131,0.4465448,3,OK,151.429,-130.736,-1516.316,OK,154.623,-197.819,-1446.325,OK,72.472,-173.237,-1509.558,Port 0x03: JJH Y femur tracker  s/n:3E4C8801,195969325,1738955755.418641215,1,OK,0.9496797,-0.0183132,0.2426125,-0.1972619,-189.425,73.880,-1581.212,0.2161780,3,OK,-189.244,73.685,-1581.321,OK,-207.074,170.392,-1565.171,OK,-264.450,109.804,-1538.899
3,Port 0x01: JJH Probe  s/n:3E4C880C,195969328,1738955755.468641208,1,Too Few Markers,-3.697314E28,-3.697314E28,-3.697314E28,-3.697314E28,-3.697314E28,-3.697314E28,-3.697314E28,0.0000000,3,Missing,-3.697314E28,-3.697314E28,-3.697314E28,Missing,-3.697314E28,-3.697314E28,-3.697314E28,Missing,-3.697314E28,-3.697314E28,-3.697314E28,Port 0x02: JJH T tibia tracker  s/n:3E4C8800,195969328,1738955755.468641208,1,OK,0.8816124,-0.4016428,-0.0667426,0.2387217,151.387,-131.249,-1516.734,0.4521521,3,OK,151.322,-131.092,-1516.922,OK,154.600,-198.486,-1447.218,OK,72.418,-173.696,-1510.344,Port 0x03: JJH Y femur tracker  s/n:3E4C8801,195969328,1738955755.468641208,1,OK,0.9453526,-0.0184785,0.2542278,-0.2033105,-187.295,75.809,-1577.636,0.2094790,3,OK,-187.119,75.621,-1577.750,OK,-203.232,172.531,-1561.086,OK,-260.805,112.677,-1533.490
3,Port 0x01: JJH Probe  s/n:3E4C880C,195969331,1738955755.518641208,1,Too Few Markers,-3.697314E28,-3.697314E28,-3.697314E28,-3.697314E28,-3.697314E28,-3.697314E28,-3.697314E28,0.0000000,3,Missing,-3.697314E28,-3.697314E28,-3.697314E28,Missing,-3.697314E28,-3.697314E28,-3.697314E28,Missing,-3.697314E28,-3.697314E28,-3.697314E28,Port 0x02: JJH T tibia tracker  s/n:3E4C8800,195969331,1738955755.518641208,1,OK,0.8824421,-0.3995709,-0.0671494,0.2390188,151.324,-131.724,-1517.659,0.4376269,3,OK,151.275,-131.549,-1517.857,OK,154.603,-199.271,-1448.458,OK,72.400,-174.275,-1511.388,Port 0x03: JJH Y femur tracker  s/n:3E4C8801,195969331,1738955755.518641208,1,OK,0.9406895,-0.0184782,0.2655413,-0.2103561,-184.900,77.887,-1574.434,0.2014923,3,OK,-184.738,77.695,-1574.547,OK,-198.922,174.841,-1557.453,OK,-256.762,115.841,-1528.552
3,Port 0x01: JJH Probe  s/n:3E4C880C,195969334,1738955755.568604814,1,Too Few Markers,-3.697314E28,-3.697314E28,-3.697314E28,-3.697314E28,-3.697314E28,-3.697314E28,-3.697314E28,0.0000000,3,Missing,-3.697314E28,-3.697314E28,-3.697314E28,Missing,-3.697314E28,-3.697314E28,-3.697314E28,Missing,-3.697314E28,-3.697314E28,-3.697314E28,Port 0x02: JJH T tibia tracker  s/n:3E4C8800,195969334,1738955755.568604814,1,OK,0.8835405,-0.3967249,-0.0684492,0.2393329,151.303,-132.252,-1518.578,0.4549015,3,OK,151.245,-132.085,-1518.770,OK,154.667,-200.244,-1449.799,OK,72.423,-174.944,-1512.644,Port 0x03: JJH Y femur tracker  s/n:3E4C8801,195969334,1738955755.568604814,1,OK,0.9359108,-0.0190481,0.2766062,-0.2172491,-182.348,79.908,-1571.191,0.1816091,3,OK,-182.209,79.727,-1571.295,OK,-194.491,177.076,-1553.937,OK,-252.538,118.921,-1523.663
3,Port 0x01: JJH Probe  s/n:3E4C880C,195969337,1738955755.618604814,1,Too Few Markers,-3.697314E28,-3.697314E28,-3.697314E28,-3.697314E28,-3.697314E28,-3.697314E28,-3.697314E28,0.0000000,3,Missing,-3.697314E28,-3.697314E28,-3.697314E28,Missing,-3.697314E28,-3.697314E28,-3.697314E28,Missing,-3.697314E28,-3.697314E28,-3.697314E28,Port 0x02: JJH T tibia tracker  s/n:3E4C8800,195969337,1738955755.618604814,1,OK,0.8847962,-0.3934329,-0.0694312,0.2398450,151.338,-132.823,-1519.558,0.4234574,3,OK,151.289,-132.672,-1519.727,OK,154.818,-201.277,-1451.308,OK,72.533,-175.687,-1513.888,Port 0x03: JJH Y femur tracker  s/n:3E4C8801,195969337,1738955755.618604814,1,OK,0.9307199,-0.0198269,0.2884965,-0.2239131,-179.691,81.877,-1568.070,0.1828530,3,OK,-179.552,81.695,-1568.181,OK,-189.952,179.216,-1550.556,OK,-248.091,121.916,-1518.794
3,Port 0x01: JJH Probe  s/n:3E4C880C,195969340,1738955755.668604821,1,Too Few Markers,-3.697314E28,-3.697314E28,-3.697314E28,-3.697314E28,-3.697314E28,-3.697314E28,-3.697314E28,0.0000000,3,Missing,-3.697314E28,-3.697314E28,-3.697314E28,Missing,-3.697314E28,-3.697314E28,-3.697314E28,Missing,-3.697314E28,-3.697314E28,-3.697314E28,Port 0x02: JJH T tibia tracker  s/n:3E4C8800,195969340,1738955755.668604821,1,OK,0.8858984,-0.3903953,-0.0708962,0.2403107,151.410,-133.391,-1520.554,0.4444087,3,OK,151.357,-133.241,-1520.722,OK,155.000,-202.314,-1452.756,OK,72.665,-176.431,-1515.245,Port 0x03: JJH Y femur tracker  s/n:3E4C8801,195969340,1738955755.668604821,1,OK,0.9257114,-0.0203125,0.2991846,-0.2305087,-176.987,83.772,-1565.087,0.1686986,3,OK,-176.865,83.598,-1565.192,OK,-185.405,181.260,-1547.380,OK,-243.657,124.787,-1514.281
3,Port 0x01: JJH Probe  s/n:3E4C880C,195969343,1738955755.718604814,1,Too Few Markers,-3.697314E28,-3.697314E28,-3.697314E28,-3.697314E28,-3.697314E28,-3.697314E28,-3.697314E28,0.0000000,3,Missing,-3.697314E28,-3.697314E28,-3.697314E28,Missing,-3.697314E28,-3.697314E28,-3.697314E28,Missing,-3.697314E28,-3.697314E28,-3.697314E28,Port 0x02: JJH T tibia tracker  s/n:3E4C8800,195969343,1738955755.718604814,1,OK,0.8871097,-0.3871562,-0.0720135,0.2407499,151.480,-133.985,-1521.591,0.4528650,3,OK,151.420,-133.838,-1521.758,OK,155.191,-203.389,-1454.282,OK,72.796,-177.176,-1516.592,Port 0x03: JJH Y femur tracker  s/n:3E4C8801,195969343,1738955755.718604814,1,OK,0.9207777,-0.0208090,0.3094144,-0.2366392,-174.366,85.513,-1562.275,0.1670834,3,OK,-174.249,85.341,-1562.382,OK,-181.043,183.114,-1544.417,OK,-239.350,127.427,-1510.026
3,Port 0x01: JJH Probe  s/n:3E4C880C,195969346,1738955755.768604814,1,Too Few Markers,-3.697314E28,-3.697314E28,-3.697314E28,-3.697314E28,-3.697314E28,-3.697314E28,-3.697314E28,0.0000000,3,Missing,-3.697314E28,-3.697314E28,-3.697314E28,Missing,-3.697314E28,-3.697314E28,-3.697314E28,Missing,-3.697314E28,-3.697314E28,-3.697314E28,Port 0x02: JJH T tibia tracker  s/n:3E4C8800,195969346,1738955755.768604814,1,OK,0.8883578,-0.3837687,-0.0732132,0.2412090,151.510,-134.608,-1522.637,0.4534926,3,OK,151.451,-134.463,-1522.798,OK,155.342,-204.505,-1455.850,OK,72.894,-177.962,-1517.961,Port 0x03: JJH Y femur tracker  s/n:3E4C8801,195969346,1738955755.768604814,1,OK,0.9159241,-0.0212751,0.3190328,-0.2425870,-171.739,87.162,-1559.592,0.1542574,3,OK,-171.643,86.992,-1559.688,OK,-176.750,184.844,-1541.625,OK,-235.037,129.939,-1506.043
3,Port 0x01: JJH Probe  s/n:3E4C880C,195969349,1738955755.818604814,1,Too Few Markers,-3.697314E28,-3.697314E28,-3.697314E28,-3.697314E28,-3.697314E28,-3.697314E28,-3.697314E28,0.0000000,3,Missing,-3.697314E28,-3.697314E28,-3.697314E28,Missing,-3.697314E28,-3.697314E28,-3.697314E28,Missing,-3.697314E28,-3.697314E28,-3.697314E28,Port 0x02: JJH T tibia tracker  s/n:3E4C8800,195969349,1738955755.818604814,1,OK,0.8895596,-0.3806372,-0.0740791,0.2414773,151.577,-135.254,-1523.699,0.4729874,3,OK,151.511,-135.085,-1523.883,OK,155.505,-205.629,-1457.371,OK,73.008,-178.716,-1519.295,Port 0x03: JJH Y femur tracker  s/n:3E4C8801,195969349,1738955755.818604814,1,OK,0.9109833,-0.0218269,0.3285611,-0.2483560,-169.096,88.734,-1557.135,0.1437023,3,OK,-169.013,88.571,-1557.224,OK,-172.452,186.484,-1539.116,OK,-230.715,132.322,-1502.310
3,Port 0x01: JJH Probe  s/n:3E4C880C,195969352,1738955755.868604816,1,Too Few Markers,-3.697314E28,-3.697314E28,-3.697314E28,-3.697314E28,-3.697314E28,-3.697314E28,-3.697314E28,0.0000000,3,Missing,-3.697314E28,-3.697314E28,-3.697314E28,Missing,-3.697314E28,-3.697314E28,-3.697314E28,Missing,-3.697314E28,-3.697314E28,-3.697314E28,Port 0x02: JJH T tibia tracker  s/n:3E4C8800,195969352,1738955755.868604816,1,OK,0.8909142,-0.3770518,-0.0753188,0.2417249,151.633,-135.981,-1524.782,0.4760301,3,OK,151.565,-135.816,-1524.962,OK,155.652,-206.877,-1459.015,OK,73.116,-179.573,-1520.736,Port 0x03: JJH Y femur tracker  s/n:3E4C8801,195969352,1738955755.868604816,1,OK,0.9059248,-0.0225934,0.3381238,-0.2538939,-166.400,90.221,-1554.681,0.1375169,3,OK,-166.319,90.075,-1554.772,OK,-168.136,188.011,-1536.675,OK,-226.334,134.583,-1498.594
3,Port 0x01: JJH Probe  s/n:3E4C880C,195969355,1738955755.918604815,1,Too Few Markers,-3.697314E28,-3.697314E28,-3.697314E28,-3.697314E28,-3.697314E28,-3.697314E28,-3.697314E28,0.0000000,3,Missing,-3.697314E28,-3.697314E28,-3.697314E28,Missing,-3.697314E28,-3.697314E28,-3.697314E28,Missing,-3.697314E28,-3.697314E28,-3.697314E28,Port 0x02: JJH T tibia tracker  s/n:3E4C8800,195969355,1738955755.918604815,1,OK,0.8925909,-0.3726798,-0.0766808,0.2418911,151.591,-136.830,-1526.034,0.4789005,3,OK,151.526,-136.665,-1526.209,OK,155.702,-208.354,-1460.956,OK,73.118,-180.551,-1522.410,Port 0x03: JJH Y femur tracker  s/n:3E4C8801,195969355,1738955755.918604815,1,OK,0.9007528,-0.0232607,0.3474245,-0.2596142,-163.635,91.748,-1552.255,0.1273774,3,OK,-163.569,91.608,-1552.336,OK,-163.733,189.565,-1534.290,OK,-221.824,136.897,-1494.995
3,Port 0x01: JJH Probe  s/n:3E4C880C,195969358,1738955755.968604815,1,Too Few Markers,-3.697314E28,-3.697314E28,-3.697314E28,-3.697314E28,-3.697314E28,-3.697314E28,-3.697314E28,0.0000000,3,Missing,-3.697314E28,-3.697314E28,-3.697314E28,Missing,-3.697314E28,-3.697314E28,-3.697314E28,Missing,-3.697314E28,-3.697314E28,-3.697314E28,Port 0x02: JJH T tibia tracker  s/n:3E4C8800,195969358,1738955755.968604815,1,OK,0.8941325,-0.3686787,-0.0780073,0.2419048,151.537,-137.634,-1527.174,0.4753484,3,OK,151.470,-137.468,-1527.348,OK,155.695,-209.732,-1462.739,OK,73.107,-181.455,-1523.953,Port 0x03: JJH Y femur tracker  s/n:3E4C8801,195969358,1738955755.968604815,1,OK,0.8954161,-0.0234848,0.3569079,-0.2651324,-160.868,93.210,-1549.984,0.1232350,3,OK,-160.802,93.081,-1550.068,OK,-159.318,190.999,-1531.998,OK,-217.278,139.077,-1491.515
3,Port 0x01: JJH Probe  s/n:3E4C880C,195969361,1738955756.018604815,1,Too Few Markers,-3.697314E28,-3.697314E28,-3.697314E28,-3.697314E28,-3.697314E28,-3.697314E28,-3.697314E28,0.0000000,3,Missing,-3.697314E28,-3.697314E28,-3.697314E28,Missing,-3.697314E28,-3.697314E28,-3.697314E28,Missing,-3.697314E28,-3.697314E28,-3.697314E28,Port 0x02: JJH T tibia tracker  s/n:3E4C8800,195969361,1738955756.018604815,1,OK,0.8952164,-0.3657582,-0.0793963,0.2418777,151.493,-138.265,-1528.029,0.4876530,3,OK,151.427,-138.107,-1528.193,OK,155.677,-210.786,-1464.068,OK,73.079,-182.170,-1525.188,Port 0x03: JJH Y femur tracker  s/n:3E4C8801,195969361,1738955756.018604815,1,OK,0.8901371,-0.0237689,0.3658445,-0.2706452,-157.993,94.631,-1547.780,0.1185366,3,OK,-157.937,94.500,-1547.859,OK,-154.831,192.394,-1529.832,OK,-212.637,141.206,-1488.226
3,Port 0x01: JJH Probe  s/n:3E4C880C,195969364,1738955756.068561692,1,Too Few Markers,-3.697314E28,-3.697314E28,-3.697314E28,-3.697314E28,-3.697314E28,-3.697314E28,-3.697314E28,0.0000000,3,Missing,-3.697314E28,-3.697314E28,-3.697314E28,Missing,-3.697314E28,-3.697314E28,-3.697314E28,Missing,-3.697314E28,-3.697314E28,-3.697314E28,Port 0x02: JJH T tibia tracker  s/n:3E4C8800,195969364,1738955756.068561692,1,OK,0.8964414,-0.3625429,-0.0803419,0.2418692,151.459,-138.991,-1528.952,0.4920742,3,OK,151.395,-138.819,-1529.125,OK,155.686,-211.972,-1465.502,OK,73.073,-182.965,-1526.416,Port 0x03: JJH Y femur tracker  s/n:3E4C8801,195969364,1738955756.068561692,1,OK,0.8850752,-0.0243024,0.3742031,-0.2757232,-155.252,95.901,-1545.749,0.1133783,3,OK,-155.202,95.776,-1545.824,OK,-150.601,193.624,-1527.915,OK,-208.225,143.127,-1485.210
3,Port 0x01: JJH Probe  s/n:3E4C880C,195969367,1738955756.118561693,1,Too Few Markers,-3.697314E28,-3.697314E28,-3.697314E28,-3.697314E28,-3.697314E28,-3.697314E28,-3.697314E28,0.0000000,3,Missing,-3.697314E28,-3.697314E28,-3.697314E28,Missing,-3.697314E28,-3.697314E28,-3.697314E28,Missing,-3.697314E28,-3.697314E28,-3.697314E28,Port 0x02: JJH T tibia tracker  s/n:3E4C8800,195969367,1738955756.118561693,1,OK,0.8979357,-0.3584797,-0.0818206,0.2418867,151.389,-139.781,-1530.004,0.4870903,3,OK,151.314,-139.634,-1530.159,OK,155.674,-213.316,-1467.226,OK,73.049,-183.847,-1527.911,Port 0x03: JJH Y femur tracker  s/n:3E4C8801,195969367,1738955756.118561693,1,OK,0.8799916,-0.0247477,0.3823788,-0.2806934,-152.516,97.145,-1543.815,0.1067307,3,OK,-152.470,97.030,-1543.887,OK,-146.399,194.804,-1526.107,OK,-203.820,144.991,-1482.335
3,Port 0x01: JJH Probe  s/n:3E4C880C,195969370,1738955756.168561692,1,Too Few Markers,-3.697314E28,-3.697314E28,-3.697314E28,-3.697314E28,-3.697314E28,-3.697314E28,-3.697314E28,0.0000000,3,Missing,-3.697314E28,-3.697314E28,-3.697314E28,Missing,-3.697314E28,-3.697314E28,-3.697314E28,Missing,-3.697314E28,-3.697314E28,-3.697314E28,Port 0x02: JJH T tibia tracker  s/n:3E4C8800,195969370,1738955756.168561692,1,OK,0.8993254,-0.3549483,-0.0826201,0.2416600,151.304,-140.578,-1531.029,0.4965027,3,OK,151.231,-140.413,-1531.196,OK,155.615,-214.612,-1468.814,OK,72.967,-184.667,-1529.250,Port 0x03: JJH Y femur tracker  s/n:3E4C8801,195969370,1738955756.168561692,1,OK,0.8749647,-0.0252524,0.3903756,-0.2853174,-149.903,98.269,-1541.974,0.1016243,3,OK,-149.862,98.160,-1542.043,OK,-142.395,195.853,-1524.409,OK,-199.566,146.675,-1479.596
3,Port 0x01: JJH Probe  s/n:3E4C880C,195969373,1738955756.218561692,1,Too Few Markers,-3.697314E28,-3.697314E28,-3.697314E28,-3.697314E28,-3.697314E28,-3.697314E28,-3.697314E28,0.0000000,3,Missing,-3.697314E28,-3.697314E28,-3.697314E28,Missing,-3.697314E28,-3.697314E28,-3.697314E28,Missing,-3.697314E28,-3.697314E28,-3.697314E28,Port 0x02: JJH T tibia tracker  s/n:3E4C8800,195969373,1738955756.218561692,1,OK,0.9005855,-0.3515244,-0.0838292,0.2415555,151.231,-141.288,-1531.986,0.4961140,3,OK,151.165,-141.123,-1532.147,OK,155.566,-215.789,-1470.340,OK,72.910,-185.441,-1530.576,Port 0x03: JJH Y femur tracker  s/n:3E4C8801,195969373,1738955756.218561692,1,OK,0.8699443,-0.0256215,0.3981156,-0.2899040,-147.320,99.399,-1540.361,0.1180532,3,OK,-147.270,99.278,-1540.447,OK,-138.435,196.895,-1522.946,OK,-195.365,148.358,-1477.119
3,Port 0x01: JJH Probe  s/n:3E4C880C,195969376,1738955756.268561692,1,Too Few Markers,-3.697314E28,-3.697314E28,-3.697314E28,-3.697314E28,-3.697314E28,-3.697314E28,-3.697314E28,0.0000000,3,Missing,-3.697314E28,-3.697314E28,-3.697314E28,Missing,-3.697314E28,-3.697314E28,-3.697314E28,Missing,-3.697314E28,-3.697314E28,-3.697314E28,Port 0x02: JJH T tibia tracker  s/n:3E4C8800,195969376,1738955756.268561692,1,OK,0.9018823,-0.3479982,-0.0848477,0.2414671,151.199,-142.042,-1532.942,0.4894196,3,OK,151.134,-141.876,-1533.101,OK,155.569,-217.014,-1471.882,OK,72.908,-186.248,-1531.870,Port 0x03: JJH Y femur tracker  s/n:3E4C8801,195969376,1738955756.268561692,1,OK,0.8652887,-0.0263390,0.4051770,-0.2939613,-144.824,100.342,-1538.772,0.1067490,3,OK,-144.782,100.244,-1538.846,OK,-134.712,197.757,-1521.589,OK,-191.378,149.770,-1474.791
3,Port 0x01: JJH Probe  s/n:3E4C880C,195969379,1738955756.318561692,1,Too Few Markers,-3.697314E28,-3.697314E28,-3.697314E28,-3.697314E28,-3.697314E28,-3.697314E28,-3.697314E28,0.0000000,3,Missing,-3.697314E28,-3.697314E28,-3.697314E28,Missing,-3.697314E28,-3.697314E28,-3.697314E28,Missing,-3.697314E28,-3.697314E28,-3.697314E28,Port 0x02: JJH T tibia tracker  s/n:3E4C8800,195969379,1738955756.318561692,1,OK,0.9030664,-0.3447352,-0.0861066,0.2412765,151.129,-142.770,-1533.927,0.5128502,3,OK,151.054,-142.603,-1534.088,OK,155.522,-218.200,-1473.397,OK,72.847,-187.009,-1533.245,Port 0x03: JJH Y femur tracker  s/n:3E4C8801,195969379,1738955756.318561692,1,OK,0.8606834,-0.0265850,0.4118903,-0.2981001,-142.405,101.311,-1537.364,0.1102689,3,OK,-142.366,101.204,-1537.439,OK,-131.057,198.627,-1520.347,OK,-187.475,151.205,-1472.688
3,Port 0x01: JJH Probe  s/n:3E4C880C,195969382,1738955756.368561693,1,Too Few Markers,-3.697314E28,-3.697314E28,-3.697314E28,-3.697314E28,-3.697314E28,-3.697314E28,-3.697314E28,0.0000000,3,Missing,-3.697314E28,-3.697314E28,-3.697314E28,Missing,-3.697314E28,-3.697314E28,-3.697314E28,Missing,-3.697314E28,-3.697314E28,-3.697314E28,Port 0x02: JJH T tibia tracker  s/n:3E4C8800,195969382,1738955756.368561693,1,OK,0.9042761,-0.3414863,-0.0870388,0.2410311,151.041,-143.463,-1534.894,0.5112493,3,OK,150.962,-143.304,-1535.049,OK,155.446,-219.320,-1474.910,OK,72.768,-187.715,-1534.538,Port 0x03: JJH Y femur tracker  s/n:3E4C8801,195969382,1738955756.368561693,1,OK,0.8565424,-0.0269184,0.4177072,-0.3018795,-140.154,102.142,-1535.999,0.0810739,3,OK,-140.136,102.051,-1536.050,OK,-127.714,199.352,-1519.175,OK,-183.872,152.454,-1470.786
3,Port 0x01: JJH Probe  s/n:3E4C880C,195969385,1738955756.418561692,1,Too Few Markers,-3.697314E28,-3.697314E28,-3.697314E28,-3.697314E28,-3.697314E28,-3.697314E28,-3.697314E28,0.0000000,3,Missing,-3.697314E28,-3.697314E28,-3.697314E28,Missing,-3.697314E28,-3.697314E28,-3.697314E28,Missing,-3.697314E28,-3.697314E28,-3.697314E28,Port 0x02: JJH T tibia tracker  s/n:3E4C8800,195969385,1738955756.418561692,1,OK,0.9053184,-0.3385813,-0.0879858,0.2408731,151.009,-144.093,-1535.700,0.5160649,3,OK,150.928,-143.928,-1535.860,OK,155.428,-220.341,-1476.201,OK,72.752,-188.375,-1535.650,Port 0x03: JJH Y femur tracker  s/n:3E4C8801,195969385,1738955756.418561692,1,OK,0.8524333,-0.0275898,0.4235791,-0.3052490,-138.012,102.899,-1534.804,0.0782696,3,OK,-137.989,102.825,-1534.855,OK,-124.556,200.005,-1518.233,OK,-180.440,153.592,-1469.019
3,Port 0x01: JJH Probe  s/n:3E4C880C,195969388,1738955756.468561692,1,Too Few Markers,-3.697314E28,-3.697314E28,-3.697314E28,-3.697314E28,-3.697314E28,-3.697314E28,-3.697314E28,0.0000000,3,Missing,-3.697314E28,-3.697314E28,-3.697314E28,Missing,-3.697314E28,-3.697314E28,-3.697314E28,Missing,-3.697314E28,-3.697314E28,-3.697314E28,Port 0x02: JJH T tibia tracker  s/n:3E4C8800,195969388,1738955756.468561692,1,OK,0.9064197,-0.3354433,-0.0888989,0.2407863,150.975,-144.691,-1536.523,0.5161785,3,OK,150.900,-144.524,-1536.679,OK,155.432,-221.342,-1477.551,OK,72.733,-189.012,-1536.779,Port 0x03: JJH Y femur tracker  s/n:3E4C8801,195969388,1738955756.468561692,1,OK,0.8485647,-0.0278722,0.4289620,-0.3084684,-135.979,103.596,-1533.696,0.0780646,3,OK,-135.959,103.522,-1533.745,OK,-121.548,200.597,-1517.313,OK,-177.184,154.625,-1467.398
3,Port 0x01: JJH Probe  s/n:3E4C880C,195969391,1738955756.518561692,1,Too Few Markers,-3.697314E28,-3.697314E28,-3.697314E28,-3.697314E28,-3.697314E28,-3.697314E28,-3.697314E28,0.0000000,3,Missing,-3.697314E28,-3.697314E28,-3.697314E28,Missing,-3.697314E28,-3.697314E28,-3.697314E28,Missing,-3.697314E28,-3.697314E28,-3.697314E28,Port 0x02: JJH T tibia tracker  s/n:3E4C8800,195969391,1738955756.518561692,1,OK,0.9075236,-0.3321927,-0.0900713,0.2406992,150.888,-145.253,-1537.313,0.5152755,3,OK,150.815,-145.109,-1537.449,OK,155.385,-222.307,-1478.901,OK,72.660,-189.620,-1537.932,Port 0x03: JJH Y femur tracker  s/n:3E4C8801,195969391,1738955756.518561692,1,OK,0.8448553,-0.0280728,0.4342016,-0.3112884,-134.154,104.245,-1532.708,0.0953834,3,OK,-134.122,104.170,-1532.774,OK,-118.823,201.127,-1516.488,OK,-174.209,155.556,-1465.880
3,Port 0x01: JJH Probe  s/n:3E4C880C,195969394,1738955756.568561692,1,Too Few Markers,-3.697314E28,-3.697314E28,-3.697314E28,-3.697314E28,-3.697314E28,-3.697314E28,-3.697314E28,0.0000000,3,Missing,-3.697314E28,-3.697314E28,-3.697314E28,Missing,-3.697314E28,-3.697314E28,-3.697314E28,Missing,-3.697314E28,-3.697314E28,-3.697314E28,Port 0x02: JJH T tibia tracker  s/n:3E4C8800,195969394,1738955756.568561692,1,OK,0.9083732,-0.3299044,-0.0906001,0.2404432,150.872,-145.845,-1538.177,0.5305581,3,OK,150.794,-145.675,-1538.334,OK,155.368,-223.218,-1480.134,OK,72.645,-190.197,-1539.008,Port 0x03: JJH Y femur tracker  s/n:3E4C8801,195969394,1738955756.568561692,1,OK,0.8415753,-0.0283049,0.4385185,-0.3140883,-132.367,104.827,-1531.779,0.0716375,3,OK,-132.345,104.769,-1531.827,OK,-116.220,201.597,-1515.744,OK,-171.376,156.421,-1464.590
3,Port 0x01: JJH Probe  s/n:3E4C880C,195969397,1738955756.618561693,1,Too Few Markers,-3.697314E28,-3.697314E28,-3.697314E28,-3.697314E28,-3.697314E28,-3.697314E28,-3.697314E28,0.0000000,3,Missing,-3.697314E28,-3.697314E28,-3.697314E28,Missing,-3.697314E28,-3.697314E28,-3.697314E28,Missing,-3.697314E28,-3.697314E28,-3.697314E28,Port 0x02: JJH T tibia tracker  s/n:3E4C8800,195969397,1738955756.618561693,1,OK,0.9093255,-0.3270155,-0.0915361,0.2404353,150.839,-146.407,-1538.904,0.5334018,3,OK,150.759,-146.241,-1539.056,OK,155.384,-224.140,-1481.351,OK,72.636,-190.802,-1540.032,Port 0x03: JJH Y femur tracker  s/n:3E4C8801,195969397,1738955756.618561693,1,OK,0.8381581,-0.0283891,0.4432000,-0.3166368,-130.647,105.343,-1530.899,0.0821151,3,OK,-130.616,105.282,-1530.962,OK,-113.691,201.987,-1515.007,OK,-168.594,157.181,-1463.263
3,Port 0x01: JJH Probe  s/n:3E4C880C,195969400,1738955756.668561692,1,Too Few Markers,-3.697314E28,-3.697314E28,-3.697314E28,-3.697314E28,-3.697314E28,-3.697314E28,-3.697314E28,0.0000000,3,Missing,-3.697314E28,-3.697314E28,-3.697314E28,Missing,-3.697314E28,-3.697314E28,-3.697314E28,Missing,-3.697314E28,-3.697314E28,-3.697314E28,Port 0x02: JJH T tibia tracker  s/n:3E4C8800,195969400,1738955756.668561692,1,OK,0.9103316,-0.3239895,-0.0928633,0.2402159,150.837,-146.953,-1539.765,0.5436041,3,OK,150.752,-146.798,-1539.910,OK,155.388,-225.073,-1482.735,OK,72.648,-191.370,-1541.280,Port 0x03: JJH Y femur tracker  s/n:3E4C8801,195969400,1738955756.668561692,1,OK,0.8346629,-0.0287824,0.4477644,-0.3194001,-128.792,105.944,-1530.043,0.0794260,3,OK,-128.763,105.883,-1530.105,OK,-111.015,202.476,-1514.376,OK,-165.648,158.064,-1462.026
3,Port 0x01: JJH Probe  s/n:3E4C880C,195969403,1738955756.718561692,1,Too Few Markers,-3.697314E28,-3.697314E28,-3.697314E28,-3.697314E28,-3.697314E28,-3.697314E28,-3.697314E28,0.0000000,3,Missing,-3.697314E28,-3.697314E28,-3.697314E28,Missing,-3.697314E28,-3.697314E28,-3.697314E28,Missing,-3.697314E28,-3.697314E28,-3.697314E28,Port 0x02: JJH T tibia tracker  s/n:3E4C8800,195969403,1738955756.718561692,1,OK,0.9117334,-0.3196456,-0.0939759,0.2402862,150.831,-147.735,-1540.983,0.5424137,3,OK,150.755,-147.580,-1541.122,OK,155.481,-226.376,-1484.689,OK,72.676,-192.219,-1542.885,Port 0x03: JJH Y femur tracker  s/n:3E4C8801,195969403,1738955756.718561692,1,OK,0.8308786,-0.0292932,0.4526999,-0.3222507,-126.886,106.445,-1529.107,0.0813916,3,OK,-126.861,106.394,-1529.161,OK,-108.236,202.866,-1513.716,OK,-162.582,158.833,-1460.681
3,Port 0x01: JJH Probe  s/n:3E4C880C,195969406,1738955756.768561692,1,Too Few Markers,-3.697314E28,-3.697314E28,-3.697314E28,-3.697314E28,-3.697314E28,-3.697314E28,-3.697314E28,0.0000000,3,Missing,-3.697314E28,-3.697314E28,-3.697314E28,Missing,-3.697314E28,-3.697314E28,-3.697314E28,Missing,-3.697314E28,-3.697314E28,-3.697314E28,Port 0x02: JJH T tibia tracker  s/n:3E4C8800,195969406,1738955756.768561692,1,OK,0.9131593,-0.3154544,-0.0949987,0.2400079,150.815,-148.487,-1542.261,0.5398784,3,OK,150.741,-148.307,-1542.414,OK,155.482,-227.650,-1486.683,OK,72.684,-192.980,-1544.537,Port 0x03: JJH Y femur tracker  s/n:3E4C8801,195969406,1738955756.768561692,1,OK,0.8270068,-0.0294274,0.4576347,-0.3252143,-124.886,107.037,-1528.184,0.0675461,3,OK,-124.866,106.995,-1528.228,OK,-105.332,203.306,-1513.006,OK,-159.377,159.684,-1459.362
3,Port 0x01: JJH Probe  s/n:3E4C880C,195969409,1738955756.818561692,1,Too Few Markers,-3.697314E28,-3.697314E28,-3.697314E28,-3.697314E28,-3.697314E28,-3.697314E28,-3.697314E28,0.0000000,3,Missing,-3.697314E28,-3.697314E28,-3.697314E28,Missing,-3.697314E28,-3.697314E28,-3.697314E28,Missing,-3.697314E28,-3.697314E28,-3.697314E28,Port 0x02: JJH T tibia tracker  s/n:3E4C8800,195969409,1738955756.818561692,1,OK,0.9142085,-0.3121789,-0.0960339,0.2398848,150.862,-149.094,-1543.290,0.5565771,3,OK,150.786,-148.914,-1543.442,OK,155.579,-228.658,-1488.267,OK,72.741,-193.603,-1545.912,Port 0x03: JJH Y femur tracker  s/n:3E4C8801,195969409,1738955756.818561692,1,OK,0.8229069,-0.0294708,0.4628214,-0.3282561,-122.728,107.656,-1527.271,0.0686106,3,OK,-122.702,107.609,-1527.327,OK,-102.239,203.746,-1512.297,OK,-155.951,160.574,-1458.021
3,Port 0x01: JJH Probe  s/n:3E4C880C,195969412,1738955756.868561692,1,Too Few Markers,-3.697314E28,-3.697314E28,-3.697314E28,-3.697314E28,-3.697314E28,-3.697314E28,-3.697314E28,0.0000000,3,Missing,-3.697314E28,-3.697314E28,-3.697314E28,Missing,-3.697314E28,-3.697314E28,-3.697314E28,Missing,-3.697314E28,-3.697314E28,-3.697314E28,Port 0x02: JJH T tibia tracker  s/n:3E4C8800,195969412,1738955756.868561692,1,OK,0.9152675,-0.3089568,-0.0963846,0.2398773,150.899,-149.681,-1544.368,0.5530840,3,OK,150.821,-149.490,-1544.525,OK,155.692,-229.617,-1489.886,OK,72.799,-194.200,-1547.197,Port 0x03: JJH Y femur tracker  s/n:3E4C8801,195969412,1738955756.868561692,1,OK,0.8187839,-0.0296362,0.4679183,-0.3313112,-120.565,108.249,-1526.364,0.0603958,3,OK,-120.540,108.207,-1526.418,OK,-99.151,204.161,-1511.633,OK,-152.516,161.432,-1456.732
3,Port 0x01: JJH Probe  s/n:3E4C880C,195969415,1738955756.918561692,1,Too Few Markers,-3.697314E28,-3.697314E28,-3.697314E28,-3.697314E28,-3.697314E28,-3.697314E28,-3.697314E28,0.0000000,3,Missing,-3.697314E28,-3.697314E28,-3.697314E28,Missing,-3.697314E28,-3.697314E28,-3.697314E28,Missing,-3.697314E28,-3.697314E28,-3.697314E28,Port 0x02: JJH T tibia tracker  s/n:3E4C8800,195969415,1738955756.918561692,1,OK,0.9165545,-0.3044017,-0.0981378,0.2400759,150.952,-150.305,-1545.631,0.5552084,3,OK,150.869,-150.140,-1545.771,OK,155.864,-230.754,-1491.946,OK,72.920,-194.915,-1548.965,Port 0x03: JJH Y femur tracker  s/n:3E4C8801,195969415,1738955756.918561692,1,OK,0.8143038,-0.0301232,0.4734729,-0.3344029,-118.409,108.818,-1525.464,0.0761958,3,OK,-118.378,108.781,-1525.527,OK,-96.028,204.561,-1511.074,OK,-149.021,162.261,-1455.401
3,Port 0x01: JJH Probe  s/n:3E4C880C,195969418,1738955756.968561692,1,Too Few Markers,-3.697314E28,-3.697314E28,-3.697314E28,-3.697314E28,-3.697314E28,-3.697314E28,-3.697314E28,0.0000000,3,Missing,-3.697314E28,-3.697314E28,-3.697314E28,Missing,-3.697314E28,-3.697314E28,-3.697314E28,Missing,-3.697314E28,-3.697314E28,-3.697314E28,Port 0x02: JJH T tibia tracker  s/n:3E4C8800,195969418,1738955756.968561692,1,OK,0.9179079,-0.2998530,-0.0991355,0.2402193,151.061,-150.946,-1547.030,0.5498933,3,OK,150.982,-150.776,-1547.169,OK,156.093,-231.901,-1494.129,OK,73.078,-195.616,-1550.734,Port 0x03: JJH Y femur tracker  s/n:3E4C8801,195969418,1738955756.968561692,1,OK,0.8101651,-0.0301207,0.4784889,-0.3373036,-116.234,109.379,-1524.586,0.0661546,3,OK,-116.205,109.346,-1524.645,OK,-92.951,204.926,-1510.420,OK,-145.578,163.038,-1454.161
3,Port 0x01: JJH Probe  s/n:3E4C880C,195969421,1738955757.018561692,1,Too Few Markers,-3.697314E28,-3.697314E28,-3.697314E28,-3.697314E28,-3.697314E28,-3.697314E28,-3.697314E28,0.0000000,3,Missing,-3.697314E28,-3.697314E28,-3.697314E28,Missing,-3.697314E28,-3.697314E28,-3.697314E28,Missing,-3.697314E28,-3.697314E28,-3.697314E28,Port 0x02: JJH T tibia tracker  s/n:3E4C8800,195969421,1738955757.018561692,1,OK,0.9189442,-0.2962219,-0.1000917,0.2403660,151.120,-151.496,-1548.152,0.5578944,3,OK,151.032,-151.333,-1548.288,OK,156.264,-232.853,-1495.873,OK,73.180,-196.208,-1552.186,Port 0x03: JJH Y femur tracker  s/n:3E4C8801,195969421,1738955757.018561692,1,OK,0.8059307,-0.0305141,0.4835691,-0.3401552,-114.131,109.886,-1523.770,0.0749999,3,OK,-114.097,109.859,-1523.835,OK,-89.965,205.252,-1509.923,OK,-142.211,163.773,-1452.988
3,Port 0x01: JJH Probe  s/n:3E4C880C,195969424,1738955757.068561692,1,Too Few Markers,-3.697314E28,-3.697314E28,-3.697314E28,-3.697314E28,-3.697314E28,-3.697314E28,-3.697314E28,0.0000000,3,Missing,-3.697314E28,-3.697314E28,-3.697314E28,Missing,-3.697314E28,-3.697314E28,-3.697314E28,Missing,-3.697314E28,-3.697314E28,-3.697314E28,Port 0x02: JJH T tibia tracker  s/n:3E4C8800,195969424,1738955757.068561692,1,OK,0.9198902,-0.2932099,-0.1005981,0.2402289,151.186,-152.077,-1549.345,0.5731080,3,OK,151.101,-151.896,-1549.490,OK,156.386,-233.782,-1497.575,OK,73.244,-196.778,-1553.620,Port 0x03: JJH Y femur tracker  s/n:3E4C8801,195969424,1738955757.068561692,1,OK,0.8021265,-0.0307166,0.4880314,-0.3427462,-112.199,110.376,-1523.054,0.0781625,3,OK,-112.164,110.354,-1523.120,OK,-87.227,205.575,-1509.484,OK,-139.146,164.449,-1451.968
3,Port 0x01: JJH Probe  s/n:3E4C880C,195969427,1738955757.118599689,1,Too Few Markers,-3.697314E28,-3.697314E28,-3.697314E28,-3.697314E28,-3.697314E28,-3.697314E28,-3.697314E28,0.0000000,3,Missing,-3.697314E28,-3.697314E28,-3.697314E28,Missing,-3.697314E28,-3.697314E28,-3.697314E28,Missing,-3.697314E28,-3.697314E28,-3.697314E28,Port 0x02: JJH T tibia tracker  s/n:3E4C8800,195969427,1738955757.118599689,1,OK,0.9211598,-0.2895883,-0.1002647,0.2398962,151.168,-152.789,-1550.597,0.5586643,3,OK,151.089,-152.630,-1550.723,OK,156.434,-234.847,-1499.454,OK,73.179,-197.406,-1555.010,Port 0x03: JJH Y femur tracker  s/n:3E4C8801,195969427,1738955757.118599689,1,OK,0.7986519,-0.0307094,0.4920872,-0.3450541,-110.444,110.761,-1522.432,0.0796207,3,OK,-110.408,110.732,-1522.504,OK,-84.751,205.785,-1509.063,OK,-136.343,164.993,-1451.078
3,Port 0x01: JJH Probe  s/n:3E4C880C,195969430,1738955757.168599689,1,Too Few Markers,-3.697314E28,-3.697314E28,-3.697314E28,-3.697314E28,-3.697314E28,-3.697314E28,-3.697314E28,0.0000000,3,Missing,-3.697314E28,-3.697314E28,-3.697314E28,Missing,-3.697314E28,-3.697314E28,-3.697314E28,Missing,-3.697314E28,-3.697314E28,-3.697314E28,Port 0x02: JJH T tibia tracker  s/n:3E4C8800,195969430,1738955757.168599689,1,OK,0.9222176,-0.2875299,-0.0984143,0.2390730,151.077,-153.673,-1552.039,0.5582947,3,OK,150.993,-153.514,-1552.166,OK,156.332,-235.935,-1501.220,OK,72.956,-198.064,-1556.292,Port 0x03: JJH Y femur tracker  s/n:3E4C8801,195969430,1738955757.168599689,1,OK,0.7951866,-0.0310905,0.4961276,-0.3472305,-108.793,111.104,-1521.849,0.0844841,3,OK,-108.755,111.077,-1521.925,OK,-82.417,205.983,-1508.765,OK,-133.672,165.493,-1450.242
3,Port 0x01: JJH Probe  s/n:3E4C880C,195969433,1738955757.218599689,1,Too Few Markers,-3.697314E28,-3.697314E28,-3.697314E28,-3.697314E28,-3.697314E28,-3.697314E28,-3.697314E28,0.0000000,3,Missing,-3.697314E28,-3.697314E28,-3.697314E28,Missing,-3.697314E28,-3.697314E28,-3.697314E28,Missing,-3.697314E28,-3.697314E28,-3.697314E28,Port 0x02: JJH T tibia tracker  s/n:3E4C8800,195969433,1738955757.218599689,1,OK,0.9226652,-0.2859737,-0.0986646,0.2391093,151.073,-154.010,-1552.673,0.5475478,3,OK,150.989,-153.839,-1552.806,OK,156.357,-236.438,-1502.128,OK,72.981,-198.419,-1557.028,Port 0x03: JJH Y femur tracker  s/n:3E4C8801,195969433,1738955757.218599689,1,OK,0.7920735,-0.0314422,0.4994908,-0.3494851,-107.151,111.460,-1521.303,0.0584549,3,OK,-107.123,111.453,-1521.353,OK,-80.135,206.195,-1508.507,OK,-131.102,166.014,-1449.551
3,Port 0x01: JJH Probe  s/n:3E4C880C,195969436,1738955757.268599689,1,Too Few Markers,-3.697314E28,-3.697314E28,-3.697314E28,-3.697314E28,-3.697314E28,-3.697314E28,-3.697314E28,0.0000000,3,Missing,-3.697314E28,-3.697314E28,-3.697314E28,Missing,-3.697314E28,-3.697314E28,-3.697314E28,Missing,-3.697314E28,-3.697314E28,-3.697314E28,Port 0x02: JJH T tibia tracker  s/n:3E4C8800,195969436,1738955757.268599689,1,OK,0.9239885,-0.2817128,-0.0999553,0.2385205,151.067,-154.800,-1554.015,0.5785553,3,OK,150.982,-154.614,-1554.155,OK,156.343,-237.722,-1504.217,OK,72.948,-199.143,-1558.834,Port 0x03: JJH Y femur tracker  s/n:3E4C8801,195969436,1738955757.268599689,1,OK,0.7888719,-0.0317859,0.5031297,-0.3514703,-105.561,111.752,-1520.747,0.0690053,3,OK,-105.529,111.744,-1520.804,OK,-77.926,206.346,-1508.225,OK,-128.581,166.443,-1448.777
3,Port 0x01: JJH Probe  s/n:3E4C880C,195969439,1738955757.318599689,1,Too Few Markers,-3.697314E28,-3.697314E28,-3.697314E28,-3.697314E28,-3.697314E28,-3.697314E28,-3.697314E28,0.0000000,3,Missing,-3.697314E28,-3.697314E28,-3.697314E28,Missing,-3.697314E28,-3.697314E28,-3.697314E28,Missing,-3.697314E28,-3.697314E28,-3.697314E28,Port 0x02: JJH T tibia tracker  s/n:3E4C8800,195969439,1738955757.318599689,1,OK,0.9253355,-0.2772517,-0.1009371,0.2381121,150.974,-155.384,-1555.243,0.5685520,3,OK,150.893,-155.209,-1555.373,OK,156.267,-238.764,-1506.250,OK,72.856,-199.687,-1560.455,Port 0x03: JJH Y femur tracker  s/n:3E4C8801,195969439,1738955757.318599689,1,OK,0.7859273,-0.0317727,0.5063565,-0.3534286,-104.070,112.093,-1520.317,0.0586214,3,OK,-104.041,112.090,-1520.367,OK,-75.838,206.528,-1507.993,OK,-126.213,166.898,-1448.179
3,Port 0x01: JJH Probe  s/n:3E4C880C,195969442,1738955757.368599689,1,Too Few Markers,-3.697314E28,-3.697314E28,-3.697314E28,-3.697314E28,-3.697314E28,-3.697314E28,-3.697314E28,0.0000000,3,Missing,-3.697314E28,-3.697314E28,-3.697314E28,Missing,-3.697314E28,-3.697314E28,-3.697314E28,Missing,-3.697314E28,-3.697314E28,-3.697314E28,Port 0x02: JJH T tibia tracker  s/n:3E4C8800,195969442,1738955757.368599689,1,OK,0.9260917,-0.2747762,-0.1010524,0.2379929,150.976,-155.856,-1556.029,0.5548108,3,OK,150.898,-155.670,-1556.162,OK,156.300,-239.483,-1507.474,OK,72.866,-200.142,-1561.372,Port 0x03: JJH Y femur tracker  s/n:3E4C8801,195969442,1738955757.368599689,1,OK,0.7830603,-0.0319109,0.5095544,-0.3551796,-102.645,112.355,-1519.807,0.0611913,3,OK,-102.614,112.357,-1519.857,OK,-73.859,206.647,-1507.702,OK,-123.952,167.259,-1447.489
3,Port 0x01: JJH Probe  s/n:3E4C880C,195969445,1738955757.418599689,1,Too Few Markers,-3.697314E28,-3.697314E28,-3.697314E28,-3.697314E28,-3.697314E28,-3.697314E28,-3.697314E28,0.0000000,3,Missing,-3.697314E28,-3.697314E28,-3.697314E28,Missing,-3.697314E28,-3.697314E28,-3.697314E28,Missing,-3.697314E28,-3.697314E28,-3.697314E28,Port 0x02: JJH T tibia tracker  s/n:3E4C8800,195969445,1738955757.418599689,1,OK,0.9264811,-0.2732075,-0.1020487,0.2378581,150.990,-156.156,-1556.609,0.5796531,3,OK,150.906,-155.978,-1556.739,OK,156.326,-239.964,-1508.335,OK,72.882,-200.438,-1562.216,Port 0x03: JJH Y femur tracker  s/n:3E4C8801,195969445,1738955757.418599689,1,OK,0.7805402,-0.0323072,0.5123234,-0.3567043,-101.411,112.618,-1519.453,0.0764205,3,OK,-101.376,112.628,-1519.508,OK,-72.156,206.800,-1507.610,OK,-122.006,167.624,-1446.982
3,Port 0x01: JJH Probe  s/n:3E4C880C,195969448,1738955757.468599689,1,Too Few Markers,-3.697314E28,-3.697314E28,-3.697314E28,-3.697314E28,-3.697314E28,-3.697314E28,-3.697314E28,0.0000000,3,Missing,-3.697314E28,-3.697314E28,-3.697314E28,Missing,-3.697314E28,-3.697314E28,-3.697314E28,Missing,-3.697314E28,-3.697314E28,-3.697314E28,Port 0x02: JJH T tibia tracker  s/n:3E4C8800,195969448,1738955757.468599689,1,OK,0.9269971,-0.2712081,-0.1027752,0.2378229,150.950,-156.509,-1557.196,0.5760931,3,OK,150.872,-156.347,-1557.314,OK,156.318,-240.505,-1509.292,OK,72.853,-200.804,-1563.025,Port 0x03: JJH Y femur tracker  s/n:3E4C8801,195969448,1738955757.468599689,1,OK,0.7785443,-0.0321302,0.5144265,-0.3580528,-100.399,112.765,-1519.116,0.0660696,3,OK,-100.366,112.767,-1519.172,OK,-70.743,206.819,-1507.368,OK,-120.387,167.847,-1446.556
3,Port 0x01: JJH Probe  s/n:3E4C880C,195969451,1738955757.518599689,1,Too Few Markers,-3.697314E28,-3.697314E28,-3.697314E28,-3.697314E28,-3.697314E28,-3.697314E28,-3.697314E28,0.0000000,3,Missing,-3.697314E28,-3.697314E28,-3.697314E28,Missing,-3.697314E28,-3.697314E28,-3.697314E28,Missing,-3.697314E28,-3.697314E28,-3.697314E28,Port 0x02: JJH T tibia tracker  s/n:3E4C8800,195969451,1738955757.518599689,1,OK,0.9276565,-0.2692768,-0.1024187,0.2376000,150.948,-156.835,-1557.954,0.5666827,3,OK,150.884,-156.650,-1558.079,OK,156.329,-241.023,-1510.385,OK,72.826,-201.085,-1563.815,Port 0x03: JJH Y femur tracker  s/n:3E4C8801,195969451,1738955757.518599689,1,OK,0.7766662,-0.0324455,0.5165103,-0.3591016,-99.521,112.949,-1518.824,0.0784537,3,OK,-99.484,112.957,-1518.885,OK,-69.527,206.927,-1507.278,OK,-118.988,168.092,-1446.142
3,Port 0x01: JJH Probe  s/n:3E4C880C,195969454,1738955757.568599689,1,Too Few Markers,-3.697314E28,-3.697314E28,-3.697314E28,-3.697314E28,-3.697314E28,-3.697314E28,-3.697314E28,0.0000000,3,Missing,-3.697314E28,-3.697314E28,-3.697314E28,Missing,-3.697314E28,-3.697314E28,-3.697314E28,Missing,-3.697314E28,-3.697314E28,-3.697314E28,Port 0x02: JJH T tibia tracker  s/n:3E4C8800,195969454,1738955757.568599689,1,OK,0.9282866,-0.2671549,-0.1028045,0.2373680,150.920,-157.186,-1558.508,0.5665205,3,OK,150.839,-157.015,-1558.631,OK,156.313,-241.586,-1511.319,OK,72.804,-201.391,-1564.547,Port 0x03: JJH Y femur tracker  s/n:3E4C8801,195969454,1738955757.568599689,1,OK,0.7750030,-0.0322729,0.5182870,-0.3601491,-98.644,113.075,-1518.571,0.0649477,3,OK,-98.613,113.078,-1518.625,OK,-68.324,206.949,-1507.095,OK,-117.606,168.261,-1445.819
3,Port 0x01: JJH Probe  s/n:3E4C880C,195969457,1738955757.618599689,1,Too Few Markers,-3.697314E28,-3.697314E28,-3.697314E28,-3.697314E28,-3.697314E28,-3.697314E28,-3.697314E28,0.0000000,3,Missing,-3.697314E28,-3.697314E28,-3.697314E28,Missing,-3.697314E28,-3.697314E28,-3.697314E28,Missing,-3.697314E28,-3.697314E28,-3.697314E28,Port 0x02: JJH T tibia tracker  s/n:3E4C8800,195969457,1738955757.618599689,1,OK,0.9288422,-0.2649361,-0.1036969,0.2372931,150.915,-157.430,-1559.055,0.5630587,3,OK,150.844,-157.271,-1559.165,OK,156.332,-242.038,-1512.281,OK,72.810,-201.648,-1565.354,Port 0x03: JJH Y femur tracker  s/n:3E4C8801,195969457,1738955757.618599689,1,OK,0.7733191,-0.0323364,0.5201111,-0.3611321,-97.819,113.245,-1518.330,0.0636527,3,OK,-97.789,113.246,-1518.383,OK,-67.191,207.030,-1506.976,OK,-116.289,168.480,-1445.497
3,Port 0x01: JJH Probe  s/n:3E4C880C,195969460,1738955757.668599689,1,Too Few Markers,-3.697314E28,-3.697314E28,-3.697314E28,-3.697314E28,-3.697314E28,-3.697314E28,-3.697314E28,0.0000000,3,Missing,-3.697314E28,-3.697314E28,-3.697314E28,Missing,-3.697314E28,-3.697314E28,-3.697314E28,Missing,-3.697314E28,-3.697314E28,-3.697314E28,Port 0x02: JJH T tibia tracker  s/n:3E4C8800,195969460,1738955757.668599689,1,OK,0.9291944,-0.2638530,-0.1037979,0.2370768,150.931,-157.697,-1559.587,0.5791399,3,OK,150.851,-157.534,-1559.703,OK,156.350,-242.429,-1512.995,OK,72.808,-201.867,-1565.973,Port 0x03: JJH Y femur tracker  s/n:3E4C8801,195969460,1738955757.668599689,1,OK,0.7718320,-0.0325188,0.5216691,-0.3620486,-97.071,113.374,-1518.096,0.0656825,3,OK,-97.040,113.377,-1518.152,OK,-66.166,207.090,-1506.895,OK,-115.121,168.665,-1445.190
3,Port 0x01: JJH Probe  s/n:3E4C880C,195969463,1738955757.718599689,1,Too Few Markers,-3.697314E28,-3.697314E28,-3.697314E28,-3.697314E28,-3.697314E28,-3.697314E28,-3.697314E28,0.0000000,3,Missing,-3.697314E28,-3.697314E28,-3.697314E28,Missing,-3.697314E28,-3.697314E28,-3.697314E28,Missing,-3.697314E28,-3.697314E28,-3.697314E28,Port 0x02: JJH T tibia tracker  s/n:3E4C8800,195969463,1738955757.718599689,1,OK,0.9295902,-0.2624022,-0.1040001,0.2370469,150.877,-157.884,-1559.938,0.5689976,3,OK,150.801,-157.720,-1560.052,OK,156.317,-242.748,-1513.610,OK,72.765,-202.054,-1566.421,Port 0x03: JJH Y femur tracker  s/n:3E4C8801,195969463,1738955757.718599689,1,OK,0.7707021,-0.0327417,0.5228927,-0.3626700,-96.574,113.444,-1517.956,0.0636472,3,OK,-96.543,113.454,-1518.005,OK,-65.471,207.118,-1506.885,OK,-114.312,168.764,-1444.994
3,Port 0x01: JJH Probe  s/n:3E4C880C,195969466,1738955757.768599689,1,Too Few Markers,-3.697314E28,-3.697314E28,-3.697314E28,-3.697314E28,-3.697314E28,-3.697314E28,-3.697314E28,0.0000000,3,Missing,-3.697314E28,-3.697314E28,-3.697314E28,Missing,-3.697314E28,-3.697314E28,-3.697314E28,Missing,-3.697314E28,-3.697314E28,-3.697314E28,Port 0x02: JJH T tibia tracker  s/n:3E4C8800,195969466,1738955757.768599689,1,OK,0.9298982,-0.2614269,-0.1039798,0.2369251,150.878,-158.004,-1560.238,0.5630807,3,OK,150.807,-157.838,-1560.351,OK,156.320,-242.957,-1514.087,OK,72.756,-202.153,-1566.766,Port 0x03: JJH Y femur tracker  s/n:3E4C8801,195969466,1738955757.768599689,1,OK,0.7700755,-0.0324331,0.5235517,-0.3630778,-96.242,113.538,-1517.864,0.0684319,3,OK,-96.210,113.538,-1517.922,OK,-65.001,207.153,-1506.772,OK,-113.783,168.867,-1444.860
3,Port 0x01: JJH Probe  s/n:3E4C880C,195969469,1738955757.818599689,1,Too Few Markers,-3.697314E28,-3.697314E28,-3.697314E28,-3.697314E28,-3.697314E28,-3.697314E28,-3.697314E28,0.0000000,3,Missing,-3.697314E28,-3.697314E28,-3.697314E28,Missing,-3.697314E28,-3.697314E28,-3.697314E28,Missing,-3.697314E28,-3.697314E28,-3.697314E28,Port 0x02: JJH T tibia tracker  s/n:3E4C8800,195969469,1738955757.818599689,1,OK,0.9298553,-0.2616653,-0.1038673,0.2368795,150.906,-158.061,-1560.362,0.5779158,3,OK,150.828,-157.884,-1560.483,OK,156.345,-243.010,-1514.154,OK,72.775,-202.192,-1566.867,Port 0x03: JJH Y femur tracker  s/n:3E4C8801,195969469,1738955757.818599689,1,OK,0.7698708,-0.0324976,0.5237687,-0.3631932,-96.127,113.544,-1517.809,0.0709243,3,OK,-96.093,113.549,-1517.868,OK,-64.857,207.144,-1506.743,OK,-113.610,168.883,-1444.800
3,Port 0x01: JJH Probe  s/n:3E4C880C,195969472,1738955757.868599691,1,Too Few Markers,-3.697314E28,-3.697314E28,-3.697314E28,-3.697314E28,-3.697314E28,-3.697314E28,-3.697314E28,0.0000000,3,Missing,-3.697314E28,-3.697314E28,-3.697314E28,Missing,-3.697314E28,-3.697314E28,-3.697314E28,Missing,-3.697314E28,-3.697314E28,-3.697314E28,Port 0x02: JJH T tibia tracker  s/n:3E4C8800,195969472,1738955757.868599691,1,OK,0.9298539,-0.2615094,-0.1041769,0.2369214,150.893,-158.045,-1560.347,0.5797926,3,OK,150.823,-157.878,-1560.461,OK,156.340,-243.003,-1514.176,OK,72.762,-202.195,-1566.914,Port 0x03: JJH Y femur tracker  s/n:3E4C8801,195969472,1738955757.868599691,1,OK,0.7699797,-0.0328527,0.5236750,-0.3630654,-96.253,113.498,-1517.863,0.0717549,3,OK,-96.219,113.512,-1517.916,OK,-65.024,207.137,-1506.870,OK,-113.792,168.839,-1444.857
3,Port 0x01: JJH Probe  s/n:3E4C880C,195969475,1738955757.918599691,1,Too Few Markers,-3.697314E28,-3.697314E28,-3.697314E28,-3.697314E28,-3.697314E28,-3.697314E28,-3.697314E28,0.0000000,3,Missing,-3.697314E28,-3.697314E28,-3.697314E28,Missing,-3.697314E28,-3.697314E28,-3.697314E28,Missing,-3.697314E28,-3.697314E28,-3.697314E28,Port 0x02: JJH T tibia tracker  s/n:3E4C8800,195969475,1738955757.918599691,1,OK,0.9298806,-0.2616256,-0.1036505,0.2369192,150.874,-158.028,-1560.269,0.5710592,3,OK,150.801,-157.852,-1560.388,OK,156.324,-242.970,-1514.068,OK,72.738,-202.163,-1566.735,Port 0x03: JJH Y femur tracker  s/n:3E4C8801,195969475,1738955757.918599691,1,OK,0.7703760,-0.0325470,0.5232584,-0.3628529,-96.391,113.477,-1517.862,0.0654439,3,OK,-96.359,113.483,-1517.916,OK,-65.224,207.113,-1506.763,OK,-114.019,168.799,-1444.882
3,Port 0x01: JJH Probe  s/n:3E4C880C,195969478,1738955757.968599691,1,Too Few Markers,-3.697314E28,-3.697314E28,-3.697314E28,-3.697314E28,-3.697314E28,-3.697314E28,-3.697314E28,0.0000000,3,Missing,-3.697314E28,-3.697314E28,-3.697314E28,Missing,-3.697314E28,-3.697314E28,-3.697314E28,Missing,-3.697314E28,-3.697314E28,-3.697314E28,Port 0x02: JJH T tibia tracker  s/n:3E4C8800,195969478,1738955757.968599691,1,OK,0.9298199,-0.2615729,-0.1041942,0.2369771,150.871,-157.969,-1560.184,0.5599942,3,OK,150.802,-157.806,-1560.294,OK,156.309,-242.906,-1514.014,OK,72.761,-202.138,-1566.737,Port 0x03: JJH Y femur tracker  s/n:3E4C8801,195969478,1738955757.968599691,1,OK,0.7705061,-0.0326724,0.5232103,-0.3626346,-96.539,113.464,-1517.957,0.0841149,3,OK,-96.500,113.464,-1518.028,OK,-65.415,207.120,-1506.873,OK,-114.225,168.777,-1444.942
3,Port 0x01: JJH Probe  s/n:3E4C880C,195969481,1738955758.018599691,1,Too Few Markers,-3.697314E28,-3.697314E28,-3.697314E28,-3.697314E28,-3.697314E28,-3.697314E28,-3.697314E28,0.0000000,3,Missing,-3.697314E28,-3.697314E28,-3.697314E28,Missing,-3.697314E28,-3.697314E28,-3.697314E28,Missing,-3.697314E28,-3.697314E28,-3.697314E28,Port 0x02: JJH T tibia tracker  s/n:3E4C8800,195969481,1738955758.018599691,1,OK,0.9298278,-0.2616051,-0.1039313,0.2370261,150.868,-157.975,-1560.180,0.5556414,3,OK,150.799,-157.816,-1560.289,OK,156.322,-242.899,-1514.000,OK,72.755,-202.142,-1566.684,Port 0x03: JJH Y femur tracker  s/n:3E4C8801,195969481,1738955758.018599691,1,OK,0.7707758,-0.0328288,0.5228288,-0.3625975,-96.623,113.407,-1517.948,0.0592171,3,OK,-96.594,113.417,-1517.994,OK,-65.547,207.090,-1506.880,OK,-114.380,168.728,-1445.000
3,Port 0x01: JJH Probe  s/n:3E4C880C,195969484,1738955758.068599691,1,Too Few Markers,-3.697314E28,-3.697314E28,-3.697314E28,-3.697314E28,-3.697314E28,-3.697314E28,-3.697314E28,0.0000000,3,Missing,-3.697314E28,-3.697314E28,-3.697314E28,Missing,-3.697314E28,-3.697314E28,-3.697314E28,Missing,-3.697314E28,-3.697314E28,-3.697314E28,Port 0x02: JJH T tibia tracker  s/n:3E4C8800,195969484,1738955758.068599691,1,OK,0.9298226,-0.2617467,-0.1037389,0.2369744,150.872,-157.913,-1560.115,0.5500771,3,OK,150.810,-157.744,-1560.226,OK,156.309,-242.824,-1513.910,OK,72.751,-202.074,-1566.577,Port 0x03: JJH Y femur tracker  s/n:3E4C8801,195969484,1738955758.068599691,1,OK,0.7711067,-0.0323332,0.5225737,-0.3623062,-96.783,113.439,-1518.020,0.0815545,3,OK,-96.747,113.429,-1518.093,OK,-65.752,207.105,-1506.814,OK,-114.620,168.723,-1445.033
3,Port 0x01: JJH Probe  s/n:3E4C880C,195969487,1738955758.118599691,1,Too Few Markers,-3.697314E28,-3.697314E28,-3.697314E28,-3.697314E28,-3.697314E28,-3.697314E28,-3.697314E28,0.0000000,3,Missing,-3.697314E28,-3.697314E28,-3.697314E28,Missing,-3.697314E28,-3.697314E28,-3.697314E28,Missing,-3.697314E28,-3.697314E28,-3.697314E28,Port 0x02: JJH T tibia tracker  s/n:3E4C8800,195969487,1738955758.118599691,1,OK,0.9297775,-0.2619740,-0.1035423,0.2369859,150.857,-157.882,-1560.054,0.5580972,3,OK,150.786,-157.710,-1560.170,OK,156.302,-242.778,-1513.797,OK,72.732,-202.030,-1566.475,Port 0x03: JJH Y femur tracker  s/n:3E4C8801,195969487,1738955758.118599691,1,OK,0.7715017,-0.0329125,0.5221357,-0.3620445,-97.047,113.340,-1518.051,0.0754633,3,OK,-97.012,113.355,-1518.105,OK,-66.123,207.069,-1506.948,OK,-115.029,168.632,-1445.109
3,Port 0x01: JJH Probe  s/n:3E4C880C,195969490,1738955758.168599691,1,Too Few Markers,-3.697314E28,-3.697314E28,-3.697314E28,-3.697314E28,-3.697314E28,-3.697314E28,-3.697314E28,0.0000000,3,Missing,-3.697314E28,-3.697314E28,-3.697314E28,Missing,-3.697314E28,-3.697314E28,-3.697314E28,Missing,-3.697314E28,-3.697314E28,-3.697314E28,Port 0x02: JJH T tibia tracker  s/n:3E4C8800,195969490,1738955758.168599691,1,OK,0.9294542,-0.2627308,-0.1044351,0.2370249,150.836,-157.773,-1559.856,0.5849457,3,OK,150.760,-157.611,-1559.969,OK,156.262,-242.621,-1513.473,OK,72.721,-201.953,-1566.407,Port 0x03: JJH Y femur tracker  s/n:3E4C8801,195969490,1738955758.168599691,1,OK,0.7722495,-0.0326207,0.5214390,-0.3614802,-97.468,113.305,-1518.195,0.0893366,3,OK,-97.426,113.306,-1518.269,OK,-66.682,207.055,-1506.964,OK,-115.659,168.555,-1445.245
3,Port 0x01: JJH Probe  s/n:3E4C880C,195969493,1738955758.218599691,1,Too Few Markers,-3.697314E28,-3.697314E28,-3.697314E28,-3.697314E28,-3.697314E28,-3.697314E28,-3.697314E28,0.0000000,3,Missing,-3.697314E28,-3.697314E28,-3.697314E28,Missing,-3.697314E28,-3.697314E28,-3.697314E28,Missing,-3.697314E28,-3.697314E28,-3.697314E28,Port 0x02: JJH T tibia tracker  s/n:3E4C8800,195969493,1738955758.218599691,1,OK,0.9292834,-0.2635370,-0.1036285,0.2371534,150.866,-157.590,-1559.537,0.5642698,3,OK,150.783,-157.421,-1559.657,OK,156.298,-242.345,-1513.001,OK,72.765,-201.770,-1565.894,Port 0x03: JJH Y femur tracker  s/n:3E4C8801,195969493,1738955758.218599691,1,OK,0.7738118,-0.0327333,0.5196331,-0.3607288,-98.145,113.179,-1518.421,0.0600608,3,OK,-98.115,113.190,-1518.467,OK,-67.645,207.023,-1507.108,OK,-116.777,168.407,-1445.618
3,Port 0x01: JJH Probe  s/n:3E4C880C,195969496,1738955758.268599691,1,Too Few Markers,-3.697314E28,-3.697314E28,-3.697314E28,-3.697314E28,-3.697314E28,-3.697314E28,-3.697314E28,0.0000000,3,Missing,-3.697314E28,-3.697314E28,-3.697314E28,Missing,-3.697314E28,-3.697314E28,-3.697314E28,Missing,-3.697314E28,-3.697314E28,-3.697314E28,Port 0x02: JJH T tibia tracker  s/n:3E4C8800,195969496,1738955758.268599691,1,OK,0.9287062,-0.2654813,-0.1033686,0.2373593,150.836,-157.250,-1558.881,0.5650758,3,OK,150.766,-157.088,-1558.993,OK,156.262,-241.803,-1512.001,OK,72.724,-201.468,-1565.097,Port 0x03: JJH Y femur tracker  s/n:3E4C8801,195969496,1738955758.268599691,1,OK,0.7760036,-0.0326692,0.5172837,-0.3594004,-99.286,112.992,-1518.838,0.0717183,3,OK,-99.252,113.000,-1518.895,OK,-69.202,206.947,-1507.358,OK,-118.557,168.161,-1446.136
3,Port 0x01: JJH Probe  s/n:3E4C880C,195969499,1738955758.318599691,1,Too Few Markers,-3.697314E28,-3.697314E28,-3.697314E28,-3.697314E28,-3.697314E28,-3.697314E28,-3.697314E28,0.0000000,3,Missing,-3.697314E28,-3.697314E28,-3.697314E28,Missing,-3.697314E28,-3.697314E28,-3.697314E28,Missing,-3.697314E28,-3.697314E28,-3.697314E28,Port 0x02: JJH T tibia tracker  s/n:3E4C8800,195969499,1738955758.318599691,1,OK,0.9277015,-0.2692118,-0.1022887,0.2375540,150.868,-156.764,-1557.915,0.5690505,3,OK,150.796,-156.581,-1558.042,OK,156.250,-240.961,-1510.352,OK,72.743,-200.996,-1563.761,Port 0x03: JJH Y femur tracker  s/n:3E4C8801,195969499,1738955758.318599691,1,OK,0.7791104,-0.0324814,0.5140427,-0.3573403,-100.903,112.708,-1519.320,0.0911899,3,OK,-100.862,112.706,-1519.394,OK,-71.420,206.824,-1507.576,OK,-121.085,167.756,-1446.736
3,Port 0x01: JJH Probe  s/n:3E4C880C,195969502,1738955758.368599691,1,Too Few Markers,-3.697314E28,-3.697314E28,-3.697314E28,-3.697314E28,-3.697314E28,-3.697314E28,-3.697314E28,0.0000000,3,Missing,-3.697314E28,-3.697314E28,-3.697314E28,Missing,-3.697314E28,-3.697314E28,-3.697314E28,Missing,-3.697314E28,-3.697314E28,-3.697314E28,Port 0x02: JJH T tibia tracker  s/n:3E4C8800,195969502,1738955758.368599691,1,OK,0.9265947,-0.2730021,-0.1015408,0.2378688,150.890,-156.129,-1556.711,0.5821041,3,OK,150.810,-155.955,-1556.837,OK,156.260,-239.945,-1508.460,OK,72.756,-200.388,-1562.247,Port 0x03: JJH Y femur tracker  s/n:3E4C8801,195969502,1738955758.368599691,1,OK,0.7832684,-0.0324178,0.5093545,-0.3549617,-102.856,112.325,-1520.002,0.0603029,3,OK,-102.826,112.330,-1520.050,OK,-74.167,206.655,-1507.962,OK,-124.232,167.255,-1447.726
3,Port 0x01: JJH Probe  s/n:3E4C880C,195969505,1738955758.418599691,1,Too Few Markers,-3.697314E28,-3.697314E28,-3.697314E28,-3.697314E28,-3.697314E28,-3.697314E28,-3.697314E28,0.0000000,3,Missing,-3.697314E28,-3.697314E28,-3.697314E28,Missing,-3.697314E28,-3.697314E28,-3.697314E28,Missing,-3.697314E28,-3.697314E28,-3.697314E28,Port 0x02: JJH T tibia tracker  s/n:3E4C8800,195969505,1738955758.418599691,1,OK,0.9253316,-0.2779225,-0.0993079,0.2380304,150.831,-155.465,-1555.296,0.5537423,3,OK,150.751,-155.272,-1555.436,OK,156.131,-238.757,-1506.158,OK,72.670,-199.697,-1560.197,Port 0x03: JJH Y femur tracker  s/n:3E4C8801,195969505,1738955758.418599691,1,OK,0.7878896,-0.0324005,0.5042498,-0.3520118,-105.245,111.839,-1520.741,0.0735184,3,OK,-105.215,111.836,-1520.793,OK,-77.465,206.424,-1508.396,OK,-127.995,166.597,-1448.731
3,Port 0x01: JJH Probe  s/n:3E4C880C,195969508,1738955758.468599691,1,Too Few Markers,-3.697314E28,-3.697314E28,-3.697314E28,-3.697314E28,-3.697314E28,-3.697314E28,-3.697314E28,0.0000000,3,Missing,-3.697314E28,-3.697314E28,-3.697314E28,Missing,-3.697314E28,-3.697314E28,-3.697314E28,Missing,-3.697314E28,-3.697314E28,-3.697314E28,Port 0x02: JJH T tibia tracker  s/n:3E4C8800,195969508,1738955758.468599691,1,OK,0.9237161,-0.2834638,-0.0989280,0.2379288,150.750,-154.685,-1553.566,0.5743505,3,OK,150.666,-154.500,-1553.706,OK,155.899,-237.427,-1503.462,OK,72.548,-198.900,-1558.162,Port 0x03: JJH Y femur tracker  s/n:3E4C8801,195969508,1738955758.468599691,1,OK,0.7931377,-0.0317907,0.4984647,-0.3485039,-107.913,111.347,-1521.702,0.1017364,3,OK,-107.865,111.334,-1521.788,OK,-81.182,206.141,-1508.876,OK,-132.205,165.874,-1449.970
3,Port 0x01: JJH Probe  s/n:3E4C880C,195969511,1738955758.518599691,1,Too Few Markers,-3.697314E28,-3.697314E28,-3.697314E28,-3.697314E28,-3.697314E28,-3.697314E28,-3.697314E28,0.0000000,3,Missing,-3.697314E28,-3.697314E28,-3.697314E28,Missing,-3.697314E28,-3.697314E28,-3.697314E28,Missing,-3.697314E28,-3.697314E28,-3.697314E28,Port 0x02: JJH T tibia tracker  s/n:3E4C8800,195969511,1738955758.518599691,1,OK,0.9219419,-0.2888451,-0.0990318,0.2382948,150.711,-153.693,-1551.385,0.5729123,3,OK,150.624,-153.518,-1551.524,OK,155.758,-235.873,-1500.365,OK,72.545,-197.995,-1555.724,Port 0x03: JJH Y femur tracker  s/n:3E4C8801,195969511,1738955758.518599691,1,OK,0.7990107,-0.0315979,0.4916325,-0.3447912,-110.787,110.658,-1522.717,0.0745034,3,OK,-110.753,110.639,-1522.780,OK,-85.240,205.748,-1509.486,OK,-136.809,164.940,-1451.452
3,Port 0x01: JJH Probe  s/n:3E4C880C,195969514,1738955758.568599691,1,Too Few Markers,-3.697314E28,-3.697314E28,-3.697314E28,-3.697314E28,-3.697314E28,-3.697314E28,-3.697314E28,0.0000000,3,Missing,-3.697314E28,-3.697314E28,-3.697314E28,Missing,-3.697314E28,-3.697314E28,-3.697314E28,Missing,-3.697314E28,-3.697314E28,-3.697314E28,Port 0x02: JJH T tibia tracker  s/n:3E4C8800,195969514,1738955758.568599691,1,OK,0.9199016,-0.2940620,-0.1008633,0.2390296,150.701,-152.377,-1548.992,0.5779502,3,OK,150.613,-152.212,-1549.128,OK,155.649,-234.024,-1497.115,OK,72.656,-196.901,-1553.346,Port 0x03: JJH Y femur tracker  s/n:3E4C8801,195969514,1738955758.568599691,1,OK,0.8051324,-0.0309778,0.4844475,-0.3407532,-113.893,110.000,-1523.869,0.0957809,3,OK,-113.848,109.967,-1523.955,OK,-89.591,205.340,-1510.156,OK,-141.744,163.992,-1453.041
3,Port 0x01: JJH Probe  s/n:3E4C880C,195969517,1738955758.618599691,1,Too Few Markers,-3.697314E28,-3.697314E28,-3.697314E28,-3.697314E28,-3.697314E28,-3.697314E28,-3.697314E28,0.0000000,3,Missing,-3.697314E28,-3.697314E28,-3.697314E28,Missing,-3.697314E28,-3.697314E28,-3.697314E28,Missing,-3.697314E28,-3.697314E28,-3.697314E28,Port 0x02: JJH T tibia tracker  s/n:3E4C8800,195969517,1738955758.618599691,1,OK,0.9186997,-0.2989256,-0.0981960,0.2387298,150.649,-151.756,-1547.838,0.5612812,3,OK,150.567,-151.589,-1547.976,OK,155.487,-232.838,-1495.100,OK,72.496,-196.137,-1551.529,Port 0x03: JJH Y femur tracker  s/n:3E4C8801,195969517,1738955758.618599691,1,OK,0.8112285,-0.0306257,0.4771019,-0.3366663,-116.939,109.281,-1525.091,0.0803004,3,OK,-116.906,109.236,-1525.162,OK,-93.914,204.904,-1510.963,OK,-146.618,162.956,-1454.795
3,Port 0x01: JJH Probe  s/n:3E4C880C,195969520,1738955758.668599691,1,Too Few Markers,-3.697314E28,-3.697314E28,-3.697314E28,-3.697314E28,-3.697314E28,-3.697314E28,-3.697314E28,0.0000000,3,Missing,-3.697314E28,-3.697314E28,-3.697314E28,Missing,-3.697314E28,-3.697314E28,-3.697314E28,Missing,-3.697314E28,-3.697314E28,-3.697314E28,Port 0x02: JJH T tibia tracker  s/n:3E4C8800,195969520,1738955758.668599691,1,OK,0.9160944,-0.3066870,-0.0969741,0.2393955,150.717,-150.411,-1545.555,0.5748486,3,OK,150.635,-150.232,-1545.705,OK,155.494,-230.626,-1491.463,OK,72.573,-194.863,-1548.638,Port 0x03: JJH Y femur tracker  s/n:3E4C8801,195969520,1738955758.668599691,1,OK,0.8177050,-0.0303734,0.4692141,-0.3320755,-120.209,108.432,-1526.446,0.0721649,3,OK,-120.178,108.393,-1526.509,OK,-98.606,204.328,-1511.912,OK,-151.852,161.736,-1456.742
3,Port 0x01: JJH Probe  s/n:3E4C880C,195969523,1738955758.718599691,1,Too Few Markers,-3.697314E28,-3.697314E28,-3.697314E28,-3.697314E28,-3.697314E28,-3.697314E28,-3.697314E28,0.0000000,3,Missing,-3.697314E28,-3.697314E28,-3.697314E28,Missing,-3.697314E28,-3.697314E28,-3.697314E28,Missing,-3.697314E28,-3.697314E28,-3.697314E28,Port 0x02: JJH T tibia tracker  s/n:3E4C8800,195969523,1738955758.718599691,1,OK,0.9140866,-0.3131053,-0.0946287,0.2397003,150.769,-149.313,-1543.680,0.5536855,3,OK,150.684,-149.125,-1543.840,OK,155.481,-228.758,-1488.473,OK,72.602,-193.723,-1546.033,Port 0x03: JJH Y femur tracker  s/n:3E4C8801,195969523,1738955758.718599691,1,OK,0.8245208,-0.0299855,0.4605672,-0.3273290,-123.644,107.501,-1527.923,0.0694001,3,OK,-123.617,107.454,-1527.980,OK,-103.533,203.676,-1512.984,OK,-157.369,160.408,-1458.906
3,Port 0x01: JJH Probe  s/n:3E4C880C,195969526,1738955758.768599691,1,Too Few Markers,-3.697314E28,-3.697314E28,-3.697314E28,-3.697314E28,-3.697314E28,-3.697314E28,-3.697314E28,0.0000000,3,Missing,-3.697314E28,-3.697314E28,-3.697314E28,Missing,-3.697314E28,-3.697314E28,-3.697314E28,Missing,-3.697314E28,-3.697314E28,-3.697314E28,Port 0x02: JJH T tibia tracker  s/n:3E4C8800,195969526,1738955758.768599691,1,OK,0.9126784,-0.3176281,-0.0932135,0.2396701,150.814,-148.416,-1542.288,0.5538146,3,OK,150.733,-148.242,-1542.441,OK,155.452,-227.311,-1486.308,OK,72.585,-192.758,-1544.201,Port 0x03: JJH Y femur tracker  s/n:3E4C8801,195969526,1738955758.768599691,1,OK,0.8313176,-0.0301411,0.4518137,-0.3222838,-127.199,106.474,-1529.646,0.0827267,3,OK,-127.174,106.436,-1529.694,OK,-108.664,202.941,-1514.432,OK,-163.048,158.951,-1461.366
3,Port 0x01: JJH Probe  s/n:3E4C880C,195969529,1738955758.818599691,1,Too Few Markers,-3.697314E28,-3.697314E28,-3.697314E28,-3.697314E28,-3.697314E28,-3.697314E28,-3.697314E28,0.0000000,3,Missing,-3.697314E28,-3.697314E28,-3.697314E28,Missing,-3.697314E28,-3.697314E28,-3.697314E28,Missing,-3.697314E28,-3.697314E28,-3.697314E28,Port 0x02: JJH T tibia tracker  s/n:3E4C8800,195969529,1738955758.818599691,1,OK,0.9109809,-0.3226487,-0.0917164,0.2399994,150.894,-147.405,-1540.716,0.5446950,3,OK,150.808,-147.241,-1540.867,OK,155.502,-225.672,-1483.878,OK,72.653,-191.727,-1542.120,Port 0x03: JJH Y femur tracker  s/n:3E4C8801,195969529,1738955758.818599691,1,OK,0.8387588,-0.0289470,0.4419504,-0.3167422,-130.931,105.301,-1531.404,0.0680785,3,OK,-130.907,105.236,-1531.459,OK,-114.099,201.986,-1515.629,OK,-169.049,157.236,-1463.972
3,Port 0x01: JJH Probe  s/n:3E4C880C,195969532,1738955758.868549614,1,Too Few Markers,-3.697314E28,-3.697314E28,-3.697314E28,-3.697314E28,-3.697314E28,-3.697314E28,-3.697314E28,0.0000000,3,Missing,-3.697314E28,-3.697314E28,-3.697314E28,Missing,-3.697314E28,-3.697314E28,-3.697314E28,Missing,-3.697314E28,-3.697314E28,-3.697314E28,Port 0x02: JJH T tibia tracker  s/n:3E4C8800,195969532,1738955758.868549614,1,OK,0.9088660,-0.3290474,-0.0894250,0.2401950,150.940,-146.171,-1538.946,0.5373623,3,OK,150.858,-145.984,-1539.115,OK,155.474,-223.644,-1481.010,OK,72.659,-190.420,-1539.641,Port 0x03: JJH Y femur tracker  s/n:3E4C8801,195969532,1738955758.868549614,1,OK,0.8459700,-0.0286022,0.4322497,-0.3109292,-134.745,104.139,-1533.322,0.0808458,3,OK,-134.719,104.069,-1533.379,OK,-119.667,201.074,-1517.203,OK,-175.143,155.491,-1466.759
3,Port 0x01: JJH Probe  s/n:3E4C880C,195969535,1738955758.918549614,1,Too Few Markers,-3.697314E28,-3.697314E28,-3.697314E28,-3.697314E28,-3.697314E28,-3.697314E28,-3.697314E28,0.0000000,3,Missing,-3.697314E28,-3.697314E28,-3.697314E28,Missing,-3.697314E28,-3.697314E28,-3.697314E28,Missing,-3.697314E28,-3.697314E28,-3.697314E28,Port 0x02: JJH T tibia tracker  s/n:3E4C8800,195969535,1738955758.918549614,1,OK,0.9066782,-0.3352859,-0.0874759,0.2405536,151.092,-144.905,-1537.142,0.5162165,3,OK,151.014,-144.736,-1537.301,OK,155.584,-221.555,-1478.166,OK,72.789,-189.111,-1537.189,Port 0x03: JJH Y femur tracker  s/n:3E4C8801,195969535,1738955758.918549614,1,OK,0.8534690,-0.0280727,0.4216327,-0.3050058,-138.544,102.795,-1535.494,0.0783212,3,OK,-138.524,102.713,-1535.544,OK,-125.309,199.956,-1519.034,OK,-181.300,153.539,-1469.971
3,Port 0x01: JJH Probe  s/n:3E4C880C,195969538,1738955758.968549614,1,Too Few Markers,-3.697314E28,-3.697314E28,-3.697314E28,-3.697314E28,-3.697314E28,-3.697314E28,-3.697314E28,0.0000000,3,Missing,-3.697314E28,-3.697314E28,-3.697314E28,Missing,-3.697314E28,-3.697314E28,-3.697314E28,Missing,-3.697314E28,-3.697314E28,-3.697314E28,Port 0x02: JJH T tibia tracker  s/n:3E4C8800,195969538,1738955758.968549614,1,OK,0.9044723,-0.3413107,-0.0859540,0.2409332,151.151,-143.607,-1535.391,0.5095621,3,OK,151.078,-143.446,-1535.546,OK,155.600,-219.464,-1475.415,OK,72.832,-187.787,-1534.874,Port 0x03: JJH Y femur tracker  s/n:3E4C8801,195969538,1738955758.968549614,1,OK,0.8609940,-0.0274933,0.4107367,-0.2987119,-142.497,101.420,-1537.773,0.0824344,3,OK,-142.477,101.330,-1537.822,OK,-131.179,198.778,-1520.998,OK,-187.651,151.478,-1473.344
3,Port 0x01: JJH Probe  s/n:3E4C880C,195969541,1738955759.018549614,1,Too Few Markers,-3.697314E28,-3.697314E28,-3.697314E28,-3.697314E28,-3.697314E28,-3.697314E28,-3.697314E28,0.0000000,3,Missing,-3.697314E28,-3.697314E28,-3.697314E28,Missing,-3.697314E28,-3.697314E28,-3.697314E28,Missing,-3.697314E28,-3.697314E28,-3.697314E28,Port 0x02: JJH T tibia tracker  s/n:3E4C8800,195969541,1738955759.018549614,1,OK,0.9020850,-0.3478243,-0.0840846,0.2412274,151.288,-142.371,-1533.731,0.5199280,3,OK,151.211,-142.206,-1533.894,OK,155.691,-217.372,-1472.660,OK,72.934,-186.480,-1532.581,Port 0x03: JJH Y femur tracker  s/n:3E4C8801,195969541,1738955759.018549614,1,OK,0.8683718,-0.0267883,0.3999419,-0.2919919,-146.467,99.878,-1540.259,0.1057802,3,OK,-146.426,99.774,-1540.331,OK,-137.123,197.389,-1523.165,OK,-194.016,149.167,-1476.914
3,Port 0x01: JJH Probe  s/n:3E4C880C,195969544,1738955759.068549614,1,Too Few Markers,-3.697314E28,-3.697314E28,-3.697314E28,-3.697314E28,-3.697314E28,-3.697314E28,-3.697314E28,0.0000000,3,Missing,-3.697314E28,-3.697314E28,-3.697314E28,Missing,-3.697314E28,-3.697314E28,-3.697314E28,Missing,-3.697314E28,-3.697314E28,-3.697314E28,Port 0x02: JJH T tibia tracker  s/n:3E4C8800,195969544,1738955759.068549614,1,OK,0.9000097,-0.3534103,-0.0820090,0.2415743,151.411,-141.122,-1532.095,0.4898422,3,OK,151.337,-140.964,-1532.254,OK,155.789,-215.335,-1470.115,OK,73.050,-185.163,-1530.298,Port 0x03: JJH Y femur tracker  s/n:3E4C8801,195969544,1738955759.068549614,1,OK,0.8758936,-0.0261721,0.3882640,-0.2852656,-150.389,98.267,-1542.886,0.1005436,3,OK,-150.353,98.154,-1542.950,OK,-143.090,195.918,-1525.557,OK,-200.359,146.766,-1480.841
3,Port 0x01: JJH Probe  s/n:3E4C880C,195969547,1738955759.118549614,1,Too Few Markers,-3.697314E28,-3.697314E28,-3.697314E28,-3.697314E28,-3.697314E28,-3.697314E28,-3.697314E28,0.0000000,3,Missing,-3.697314E28,-3.697314E28,-3.697314E28,Missing,-3.697314E28,-3.697314E28,-3.697314E28,Missing,-3.697314E28,-3.697314E28,-3.697314E28,Port 0x02: JJH T tibia tracker  s/n:3E4C8800,195969547,1738955759.118549614,1,OK,0.8981304,-0.3582431,-0.0809729,0.2417996,151.538,-140.010,-1530.580,0.5051239,3,OK,151.464,-139.870,-1530.729,OK,155.887,-213.560,-1467.810,OK,73.141,-184.004,-1528.385,Port 0x03: JJH Y femur tracker  s/n:3E4C8801,195969547,1738955759.118549614,1,OK,0.8831983,-0.0255273,0.3766838,-0.2782415,-154.322,96.515,-1545.484,0.1124002,3,OK,-154.267,96.401,-1545.562,OK,-149.095,194.253,-1527.959,OK,-206.698,144.157,-1484.732
3,Port 0x01: JJH Probe  s/n:3E4C880C,195969550,1738955759.168549614,1,Too Few Markers,-3.697314E28,-3.697314E28,-3.697314E28,-3.697314E28,-3.697314E28,-3.697314E28,-3.697314E28,0.0000000,3,Missing,-3.697314E28,-3.697314E28,-3.697314E28,Missing,-3.697314E28,-3.697314E28,-3.697314E28,Missing,-3.697314E28,-3.697314E28,-3.697314E28,Port 0x02: JJH T tibia tracker  s/n:3E4C8800,195969550,1738955759.168549614,1,OK,0.8964576,-0.3627460,-0.0790449,0.2419317,151.664,-138.977,-1529.382,0.4881676,3,OK,151.595,-138.821,-1529.544,OK,155.978,-211.889,-1465.876,OK,73.246,-182.875,-1526.630,Port 0x03: JJH Y femur tracker  s/n:3E4C8801,195969550,1738955759.168549614,1,OK,0.8902862,-0.0247318,0.3649026,-0.2713392,-158.035,94.821,-1548.312,0.1069764,3,OK,-157.987,94.699,-1548.381,OK,-154.858,192.627,-1530.627,OK,-212.729,141.574,-1488.965
3,Port 0x01: JJH Probe  s/n:3E4C880C,195969553,1738955759.218549614,1,Too Few Markers,-3.697314E28,-3.697314E28,-3.697314E28,-3.697314E28,-3.697314E28,-3.697314E28,-3.697314E28,0.0000000,3,Missing,-3.697314E28,-3.697314E28,-3.697314E28,Missing,-3.697314E28,-3.697314E28,-3.697314E28,Missing,-3.697314E28,-3.697314E28,-3.697314E28,Port 0x02: JJH T tibia tracker  s/n:3E4C8800,195969553,1738955759.218549614,1,OK,0.8946961,-0.3671897,-0.0776898,0.2421879,151.800,-138.022,-1528.082,0.4902388,3,OK,151.728,-137.874,-1528.242,OK,156.104,-210.298,-1463.855,OK,73.362,-181.858,-1524.884,Port 0x03: JJH Y femur tracker  s/n:3E4C8801,195969553,1738955759.218549614,1,OK,0.8968502,-0.0242841,0.3537538,-0.2644394,-161.617,92.996,-1551.130,0.1279804,3,OK,-161.547,92.863,-1551.216,OK,-160.442,190.839,-1533.385,OK,-218.518,138.857,-1493.125
3,Port 0x01: JJH Probe  s/n:3E4C880C,195969556,1738955759.268549614,1,Too Few Markers,-3.697314E28,-3.697314E28,-3.697314E28,-3.697314E28,-3.697314E28,-3.697314E28,-3.697314E28,0.0000000,3,Missing,-3.697314E28,-3.697314E28,-3.697314E28,Missing,-3.697314E28,-3.697314E28,-3.697314E28,Missing,-3.697314E28,-3.697314E28,-3.697314E28,Port 0x02: JJH T tibia tracker  s/n:3E4C8800,195969556,1738955759.268549614,1,OK,0.8930682,-0.3712992,-0.0761051,0.2424335,151.905,-136.972,-1526.850,0.4651558,3,OK,151.844,-136.823,-1527.008,OK,156.192,-208.634,-1461.975,OK,73.458,-180.745,-1523.162,Port 0x03: JJH Y femur tracker  s/n:3E4C8801,195969556,1738955759.268549614,1,OK,0.9035029,-0.0236632,0.3417681,-0.2575212,-165.081,91.227,-1554.002,0.1188050,3,OK,-165.018,91.092,-1554.077,OK,-165.958,189.070,-1536.241,OK,-224.185,136.159,-1497.539
3,Port 0x01: JJH Probe  s/n:3E4C880C,195969559,1738955759.318549614,1,Too Few Markers,-3.697314E28,-3.697314E28,-3.697314E28,-3.697314E28,-3.697314E28,-3.697314E28,-3.697314E28,0.0000000,3,Missing,-3.697314E28,-3.697314E28,-3.697314E28,Missing,-3.697314E28,-3.697314E28,-3.697314E28,Missing,-3.697314E28,-3.697314E28,-3.697314E28,Port 0x02: JJH T tibia tracker  s/n:3E4C8800,195969559,1738955759.318549614,1,OK,0.8914487,-0.3753784,-0.0748189,0.2425125,152.057,-136.089,-1525.672,0.4643714,3,OK,151.986,-135.946,-1525.832,OK,156.307,-207.161,-1460.145,OK,73.594,-179.770,-1521.575,Port 0x03: JJH Y femur tracker  s/n:3E4C8801,195969559,1738955759.318549614,1,OK,0.9097721,-0.0226950,0.3300844,-0.2506868,-168.357,89.352,-1556.967,0.1355541,3,OK,-168.285,89.194,-1557.049,OK,-171.221,187.158,-1539.171,OK,-229.561,133.335,-1502.019
3,Port 0x01: JJH Probe  s/n:3E4C880C,195969562,1738955759.368589957,1,Too Few Markers,-3.697314E28,-3.697314E28,-3.697314E28,-3.697314E28,-3.697314E28,-3.697314E28,-3.697314E28,0.0000000,3,Missing,-3.697314E28,-3.697314E28,-3.697314E28,Missing,-3.697314E28,-3.697314E28,-3.697314E28,Missing,-3.697314E28,-3.697314E28,-3.697314E28,Port 0x02: JJH T tibia tracker  s/n:3E4C8800,195969562,1738955759.368589957,1,OK,0.8898741,-0.3793363,-0.0732948,0.2426025,152.149,-135.184,-1524.603,0.4667442,3,OK,152.089,-135.026,-1524.774,OK,156.376,-205.674,-1458.438,OK,73.648,-178.771,-1520.058,Port 0x03: JJH Y femur tracker  s/n:3E4C8801,195969562,1738955759.368589957,1,OK,0.9158032,-0.0221240,0.3184941,-0.2436729,-171.615,87.452,-1560.017,0.1410049,3,OK,-171.528,87.295,-1560.104,OK,-176.484,185.184,-1542.303,OK,-234.875,130.446,-1506.614
3,Port 0x01: JJH Probe  s/n:3E4C880C,195969565,1738955759.418589957,1,Too Few Markers,-3.697314E28,-3.697314E28,-3.697314E28,-3.697314E28,-3.697314E28,-3.697314E28,-3.697314E28,0.0000000,3,Missing,-3.697314E28,-3.697314E28,-3.697314E28,Missing,-3.697314E28,-3.697314E28,-3.697314E28,Missing,-3.697314E28,-3.697314E28,-3.697314E28,Port 0x02: JJH T tibia tracker  s/n:3E4C8800,195969565,1738955759.418589957,1,OK,0.8883387,-0.3831138,-0.0718623,0.2427219,152.183,-134.284,-1523.407,0.4517675,3,OK,152.124,-134.123,-1523.583,OK,156.383,-204.202,-1456.652,OK,73.673,-177.782,-1518.429,Port 0x03: JJH Y femur tracker  s/n:3E4C8801,195969565,1738955759.418589957,1,OK,0.9216523,-0.0216911,0.3069010,-0.2364282,-174.830,85.471,-1563.130,0.1568844,3,OK,-174.724,85.304,-1563.227,OK,-181.737,183.108,-1545.560,OK,-240.107,127.423,-1511.312
3,Port 0x01: JJH Probe  s/n:3E4C880C,195969568,1738955759.468589957,1,Too Few Markers,-3.697314E28,-3.697314E28,-3.697314E28,-3.697314E28,-3.697314E28,-3.697314E28,-3.697314E28,0.0000000,3,Missing,-3.697314E28,-3.697314E28,-3.697314E28,Missing,-3.697314E28,-3.697314E28,-3.697314E28,Missing,-3.697314E28,-3.697314E28,-3.697314E28,Port 0x02: JJH T tibia tracker  s/n:3E4C8800,195969568,1738955759.468589957,1,OK,0.8869817,-0.3864762,-0.0709055,0.2426355,152.289,-133.488,-1522.328,0.4455849,3,OK,152.226,-133.344,-1522.493,OK,156.429,-202.899,-1455.060,OK,73.748,-176.889,-1517.044,Port 0x03: JJH Y femur tracker  s/n:3E4C8801,195969568,1738955759.468589957,1,OK,0.9274738,-0.0208817,0.2948081,-0.2290077,-177.897,83.390,-1566.506,0.1690784,3,OK,-177.777,83.214,-1566.608,OK,-186.882,180.875,-1549.075,OK,-245.167,124.244,-1516.386
3,Port 0x01: JJH Probe  s/n:3E4C880C,195969571,1738955759.518589957,1,Too Few Markers,-3.697314E28,-3.697314E28,-3.697314E28,-3.697314E28,-3.697314E28,-3.697314E28,-3.697314E28,0.0000000,3,Missing,-3.697314E28,-3.697314E28,-3.697314E28,Missing,-3.697314E28,-3.697314E28,-3.697314E28,Missing,-3.697314E28,-3.697314E28,-3.697314E28,Port 0x02: JJH T tibia tracker  s/n:3E4C8800,195969571,1738955759.518589957,1,OK,0.8857192,-0.3896704,-0.0697085,0.2424854,152.362,-132.790,-1521.300,0.4526280,3,OK,152.297,-132.634,-1521.478,OK,156.448,-201.730,-1453.525,OK,73.781,-176.070,-1515.680,Port 0x03: JJH Y femur tracker  s/n:3E4C8801,195969571,1738955759.518589957,1,OK,0.9331734,-0.0200973,0.2822567,-0.2216183,-180.875,81.266,-1569.913,0.1773253,3,OK,-180.749,81.082,-1570.013,OK,-191.934,178.578,-1552.710,OK,-250.104,121.002,-1521.612
3,Port 0x01: JJH Probe  s/n:3E4C880C,195969574,1738955759.568589957,1,Too Few Markers,-3.697314E28,-3.697314E28,-3.697314E28,-3.697314E28,-3.697314E28,-3.697314E28,-3.697314E28,0.0000000,3,Missing,-3.697314E28,-3.697314E28,-3.697314E28,Missing,-3.697314E28,-3.697314E28,-3.697314E28,Missing,-3.697314E28,-3.697314E28,-3.697314E28,Port 0x02: JJH T tibia tracker  s/n:3E4C8800,195969574,1738955759.568589957,1,OK,0.8847240,-0.3922333,-0.0688494,0.2422319,152.374,-132.194,-1520.292,0.4381748,3,OK,152.320,-132.050,-1520.456,OK,156.383,-200.734,-1452.144,OK,73.744,-175.370,-1514.427,Port 0x03: JJH Y femur tracker  s/n:3E4C8801,195969574,1738955759.568589957,1,OK,0.9386851,-0.0195201,0.2695453,-0.2140900,-183.768,79.055,-1573.474,0.1886772,3,OK,-183.623,78.871,-1573.578,OK,-196.912,176.154,-1556.599,OK,-254.925,117.640,-1527.051
3,Port 0x01: JJH Probe  s/n:3E4C880C,195969577,1738955759.618589957,1,Too Few Markers,-3.697314E28,-3.697314E28,-3.697314E28,-3.697314E28,-3.697314E28,-3.697314E28,-3.697314E28,0.0000000,3,Missing,-3.697314E28,-3.697314E28,-3.697314E28,Missing,-3.697314E28,-3.697314E28,-3.697314E28,Missing,-3.697314E28,-3.697314E28,-3.697314E28,Port 0x02: JJH T tibia tracker  s/n:3E4C8800,195969577,1738955759.618589957,1,OK,0.8835780,-0.3953243,-0.0678136,0.2416815,152.388,-131.702,-1519.425,0.4717405,3,OK,152.326,-131.526,-1519.625,OK,156.274,-199.821,-1450.771,OK,73.685,-174.701,-1513.292,Port 0x03: JJH Y femur tracker  s/n:3E4C8801,195969577,1738955759.618589957,1,OK,0.9440210,-0.0191072,0.2565789,-0.2064619,-186.522,76.831,-1577.083,0.1877367,3,OK,-186.376,76.649,-1577.180,OK,-201.763,173.693,-1560.633,OK,-259.538,114.223,-1532.639
3,Port 0x01: JJH Probe  s/n:3E4C880C,195969580,1738955759.668589957,1,Too Few Markers,-3.697314E28,-3.697314E28,-3.697314E28,-3.697314E28,-3.697314E28,-3.697314E28,-3.697314E28,0.0000000,3,Missing,-3.697314E28,-3.697314E28,-3.697314E28,Missing,-3.697314E28,-3.697314E28,-3.697314E28,Missing,-3.697314E28,-3.697314E28,-3.697314E28,Port 0x02: JJH T tibia tracker  s/n:3E4C8800,195969580,1738955759.668589957,1,OK,0.8828353,-0.3973744,-0.0669282,0.2412801,152.338,-131.217,-1518.370,0.4427712,3,OK,152.284,-131.058,-1518.553,OK,156.129,-199.002,-1449.436,OK,73.588,-174.092,-1512.016,Port 0x03: JJH Y femur tracker  s/n:3E4C8801,195969580,1738955759.668589957,1,OK,0.9492396,-0.0185374,0.2435314,-0.1982247,-189.381,74.374,-1581.018,0.2115081,3,OK,-189.205,74.180,-1581.125,OK,-206.808,170.932,-1564.997,OK,-264.251,110.459,-1538.574
3,Port 0x01: JJH Probe  s/n:3E4C880C,195969583,1738955759.718589957,1,Too Few Markers,-3.697314E28,-3.697314E28,-3.697314E28,-3.697314E28,-3.697314E28,-3.697314E28,-3.697314E28,0.0000000,3,Missing,-3.697314E28,-3.697314E28,-3.697314E28,Missing,-3.697314E28,-3.697314E28,-3.697314E28,Missing,-3.697314E28,-3.697314E28,-3.697314E28,Port 0x02: JJH T tibia tracker  s/n:3E4C8800,195969583,1738955759.718589957,1,OK,0.8819249,-0.3999648,-0.0657017,0.2406657,152.326,-130.888,-1517.517,0.4582983,3,OK,152.266,-130.709,-1517.725,OK,156.002,-198.303,-1448.171,OK,73.503,-173.569,-1510.888,Port 0x03: JJH Y femur tracker  s/n:3E4C8801,195969583,1738955759.718589957,1,OK,0.9543944,-0.0170656,0.2294933,-0.1901921,-191.970,71.866,-1584.995,0.2286377,3,OK,-191.784,71.664,-1585.100,OK,-211.539,168.070,-1569.378,OK,-268.640,106.629,-1544.747
3,Port 0x01: JJH Probe  s/n:3E4C880C,195969586,1738955759.768589957,1,Too Few Markers,-3.697314E28,-3.697314E28,-3.697314E28,-3.697314E28,-3.697314E28,-3.697314E28,-3.697314E28,0.0000000,3,Missing,-3.697314E28,-3.697314E28,-3.697314E28,Missing,-3.697314E28,-3.697314E28,-3.697314E28,Missing,-3.697314E28,-3.697314E28,-3.697314E28,Port 0x02: JJH T tibia tracker  s/n:3E4C8800,195969586,1738955759.768589957,1,OK,0.8810406,-0.4023367,-0.0645412,0.2402647,152.264,-130.313,-1516.424,0.4348393,3,OK,152.218,-130.146,-1516.615,OK,155.858,-197.337,-1446.743,OK,73.378,-172.847,-1509.518,Port 0x03: JJH Y femur tracker  s/n:3E4C8801,195969586,1738955759.768589957,1,OK,0.9591605,-0.0165179,0.2160831,-0.1817864,-194.423,69.412,-1589.054,0.2562418,3,OK,-194.208,69.195,-1589.165,OK,-216.172,165.233,-1574.003,OK,-272.794,102.804,-1550.953
3,Port 0x01: JJH Probe  s/n:3E4C880C,195969589,1738955759.818589957,1,Too Few Markers,-3.697314E28,-3.697314E28,-3.697314E28,-3.697314E28,-3.697314E28,-3.697314E28,-3.697314E28,0.0000000,3,Missing,-3.697314E28,-3.697314E28,-3.697314E28,Missing,-3.697314E28,-3.697314E28,-3.697314E28,Missing,-3.697314E28,-3.697314E28,-3.697314E28,Port 0x02: JJH T tibia tracker  s/n:3E4C8800,195969589,1738955759.818589957,1,OK,0.8802048,-0.4047330,-0.0639718,0.2394542,152.101,-129.927,-1515.358,0.4330063,3,OK,152.044,-129.773,-1515.542,OK,155.517,-196.599,-1445.337,OK,73.138,-172.277,-1508.314,Port 0x03: JJH Y femur tracker  s/n:3E4C8801,195969589,1738955759.818589957,1,OK,0.9635152,-0.0162784,0.2028592,-0.1738437,-196.690,66.889,-1592.970,0.2618649,3,OK,-196.465,66.688,-1593.076,OK,-220.487,162.302,-1578.607,OK,-276.621,98.969,-1557.039
3,Port 0x01: JJH Probe  s/n:3E4C880C,195969592,1738955759.868589954,1,Too Few Markers,-3.697314E28,-3.697314E28,-3.697314E28,-3.697314E28,-3.697314E28,-3.697314E28,-3.697314E28,0.0000000,3,Missing,-3.697314E28,-3.697314E28,-3.697314E28,Missing,-3.697314E28,-3.697314E28,-3.697314E28,Missing,-3.697314E28,-3.697314E28,-3.697314E28,Port 0x02: JJH T tibia tracker  s/n:3E4C8800,195969592,1738955759.868589954,1,OK,0.8793829,-0.4070074,-0.0634534,0.2387559,152.001,-129.610,-1514.549,0.4422076,3,OK,151.937,-129.458,-1514.737,OK,155.264,-195.953,-1444.195,OK,72.967,-171.796,-1507.375,Port 0x03: JJH Y femur tracker  s/n:3E4C8801,195969592,1738955759.868589954,1,OK,0.9676369,-0.0156248,0.1894360,-0.1659781,-198.730,64.431,-1596.916,0.2742603,3,OK,-198.500,64.228,-1597.016,OK,-224.528,159.416,-1583.235,OK,-280.126,95.181,-1563.214
3,Port 0x01: JJH Probe  s/n:3E4C880C,195969595,1738955759.918631674,1,Too Few Markers,-3.697314E28,-3.697314E28,-3.697314E28,-3.697314E28,-3.697314E28,-3.697314E28,-3.697314E28,0.0000000,3,Missing,-3.697314E28,-3.697314E28,-3.697314E28,Missing,-3.697314E28,-3.697314E28,-3.697314E28,Missing,-3.697314E28,-3.697314E28,-3.697314E28,Port 0x02: JJH T tibia tracker  s/n:3E4C8800,195969595,1738955759.918631674,1,OK,0.8791580,-0.4078281,-0.0623302,0.2384795,151.994,-129.341,-1513.968,0.4171934,3,OK,151.944,-129.183,-1514.156,OK,155.228,-195.530,-1443.500,OK,72.923,-171.418,-1506.576,Port 0x03: JJH Y femur tracker  s/n:3E4C8801,195969595,1738955759.918631674,1,OK,0.9709566,-0.0149912,0.1784890,-0.1586200,-200.563,62.074,-1600.778,0.3066975,3,OK,-200.293,61.858,-1600.885,OK,-228.143,156.627,-1587.643,OK,-283.175,91.572,-1568.893
3,Port 0x01: JJH Probe  s/n:3E4C880C,195969598,1738955759.968631674,1,Too Few Markers,-3.697314E28,-3.697314E28,-3.697314E28,-3.697314E28,-3.697314E28,-3.697314E28,-3.697314E28,0.0000000,3,Missing,-3.697314E28,-3.697314E28,-3.697314E28,Missing,-3.697314E28,-3.697314E28,-3.697314E28,Missing,-3.697314E28,-3.697314E28,-3.697314E28,Port 0x02: JJH T tibia tracker  s/n:3E4C8800,195969598,1738955759.968631674,1,OK,0.8788997,-0.4085448,-0.0620520,0.2382770,152.039,-129.186,-1513.576,0.4256027,3,OK,151.991,-129.023,-1513.769,OK,155.239,-195.271,-1442.996,OK,72.939,-171.208,-1506.125,Port 0x03: JJH Y femur tracker  s/n:3E4C8801,195969598,1738955759.968631674,1,OK,0.9743768,-0.0155569,0.1656543,-0.1513487,-202.111,59.819,-1604.261,0.2989177,3,OK,-201.845,59.624,-1604.357,OK,-231.503,153.939,-1592.095,OK,-285.967,88.077,-1574.593
3,Port 0x01: JJH Probe  s/n:3E4C880C,195969601,1738955760.018631675,1,Too Few Markers,-3.697314E28,-3.697314E28,-3.697314E28,-3.697314E28,-3.697314E28,-3.697314E28,-3.697314E28,0.0000000,3,Missing,-3.697314E28,-3.697314E28,-3.697314E28,Missing,-3.697314E28,-3.697314E28,-3.697314E28,Missing,-3.697314E28,-3.697314E28,-3.697314E28,Port 0x02: JJH T tibia tracker  s/n:3E4C8800,195969601,1738955760.018631675,1,OK,0.8787938,-0.4090377,-0.0614578,0.2379758,152.049,-129.030,-1513.109,0.4188357,3,OK,152.000,-128.870,-1513.299,OK,155.215,-195.029,-1442.458,OK,72.914,-170.962,-1505.561,Port 0x03: JJH Y femur tracker  s/n:3E4C8801,195969601,1738955760.018631675,1,OK,0.9773652,-0.0141481,0.1539575,-0.1444101,-203.574,57.593,-1607.875,0.3226676,3,OK,-203.289,57.398,-1607.970,OK,-234.616,151.232,-1596.278,OK,-288.506,84.626,-1580.190
3,Port 0x01: JJH Probe  s/n:3E4C880C,195969604,1738955760.068631674,1,Too Few Markers,-3.697314E28,-3.697314E28,-3.697314E28,-3.697314E28,-3.697314E28,-3.697314E28,-3.697314E28,0.0000000,3,Missing,-3.697314E28,-3.697314E28,-3.697314E28,Missing,-3.697314E28,-3.697314E28,-3.697314E28,Missing,-3.697314E28,-3.697314E28,-3.697314E28,Port 0x02: JJH T tibia tracker  s/n:3E4C8800,195969604,1738955760.068631674,1,OK,0.8785074,-0.4099520,-0.0609973,0.2375781,152.047,-128.827,-1512.587,0.4302629,3,OK,151.995,-128.668,-1512.778,OK,155.157,-194.692,-1441.793,OK,72.860,-170.655,-1504.964,Port 0x03: JJH Y femur tracker  s/n:3E4C8801,195969604,1738955760.068631674,1,OK,0.9801026,-0.0129055,0.1427622,-0.1373003,-204.930,55.342,-1611.577,0.3541950,3,OK,-204.618,55.134,-1611.672,OK,-237.624,148.482,-1600.564,OK,-290.854,81.122,-1585.810
3,Port 0x01: JJH Probe  s/n:3E4C880C,195969607,1738955760.118631674,1,Too Few Markers,-3.697314E28,-3.697314E28,-3.697314E28,-3.697314E28,-3.697314E28,-3.697314E28,-3.697314E28,0.0000000,3,Missing,-3.697314E28,-3.697314E28,-3.697314E28,Missing,-3.697314E28,-3.697314E28,-3.697314E28,Missing,-3.697314E28,-3.697314E28,-3.697314E28,Port 0x02: JJH T tibia tracker  s/n:3E4C8800,195969607,1738955760.118631674,1,OK,0.8783493,-0.4106410,-0.0604266,0.2371182,152.028,-128.731,-1512.124,0.4253027,3,OK,151.983,-128.563,-1512.322,OK,155.061,-194.491,-1441.232,OK,72.794,-170.453,-1504.403,Port 0x03: JJH Y femur tracker  s/n:3E4C8801,195969607,1738955760.118631674,1,OK,0.9828637,-0.0126123,0.1297663,-0.1303094,-206.067,53.064,-1615.083,0.3645513,3,OK,-205.757,52.875,-1615.168,OK,-240.416,145.686,-1605.030,OK,-292.986,77.617,-1591.606
3,Port 0x01: JJH Probe  s/n:3E4C880C,195969610,1738955760.168631674,1,Too Few Markers,-3.697314E28,-3.697314E28,-3.697314E28,-3.697314E28,-3.697314E28,-3.697314E28,-3.697314E28,0.0000000,3,Missing,-3.697314E28,-3.697314E28,-3.697314E28,Missing,-3.697314E28,-3.697314E28,-3.697314E28,Missing,-3.697314E28,-3.697314E28,-3.697314E28,Port 0x02: JJH T tibia tracker  s/n:3E4C8800,195969610,1738955760.168631674,1,OK,0.8781453,-0.4114499,-0.0601103,0.2365513,151.954,-128.633,-1511.527,0.4277357,3,OK,151.900,-128.470,-1511.725,OK,154.887,-194.280,-1440.520,OK,72.672,-170.236,-1503.766,Port 0x03: JJH Y femur tracker  s/n:3E4C8801,195969610,1738955760.168631674,1,OK,0.9853403,-0.0114804,0.1177684,-0.1228951,-207.181,50.684,-1618.920,0.3757647,3,OK,-206.854,50.479,-1619.001,OK,-243.184,142.771,-1609.621,OK,-295.010,73.889,-1597.544
3,Port 0x01: JJH Probe  s/n:3E4C880C,195969613,1738955760.218631674,1,Too Few Markers,-3.697314E28,-3.697314E28,-3.697314E28,-3.697314E28,-3.697314E28,-3.697314E28,-3.697314E28,0.0000000,3,Missing,-3.697314E28,-3.697314E28,-3.697314E28,Missing,-3.697314E28,-3.697314E28,-3.697314E28,Missing,-3.697314E28,-3.697314E28,-3.697314E28,Port 0x02: JJH T tibia tracker  s/n:3E4C8800,195969613,1738955760.218631674,1,OK,0.8780860,-0.4120022,-0.0596136,0.2359352,151.802,-128.561,-1511.017,0.4214723,3,OK,151.747,-128.404,-1511.210,OK,154.639,-194.124,-1439.940,OK,72.461,-170.033,-1503.198,Port 0x03: JJH Y femur tracker  s/n:3E4C8801,195969613,1738955760.218631674,1,OK,0.9876501,-0.0099179,0.1053423,-0.1155506,-208.178,48.296,-1622.825,0.4022649,3,OK,-207.834,48.104,-1622.900,OK,-245.798,139.775,-1614.285,OK,-296.850,70.180,-1603.637
3,Port 0x01: JJH Probe  s/n:3E4C880C,195969616,1738955760.268631675,1,Too Few Markers,-3.697314E28,-3.697314E28,-3.697314E28,-3.697314E28,-3.697314E28,-3.697314E28,-3.697314E28,0.0000000,3,Missing,-3.697314E28,-3.697314E28,-3.697314E28,Missing,-3.697314E28,-3.697314E28,-3.697314E28,Missing,-3.697314E28,-3.697314E28,-3.697314E28,Port 0x02: JJH T tibia tracker  s/n:3E4C8800,195969616,1738955760.268631675,1,OK,0.8779147,-0.4128414,-0.0589700,0.2352664,151.669,-128.539,-1510.421,0.4196410,3,OK,151.618,-128.377,-1510.618,OK,154.398,-193.978,-1439.225,OK,72.259,-169.864,-1502.508,Port 0x03: JJH Y femur tracker  s/n:3E4C8801,195969616,1738955760.268631675,1,OK,0.9897794,-0.0096142,0.0928436,-0.1078164,-209.075,45.702,-1627.000,0.4236979,3,OK,-208.709,45.512,-1627.070,OK,-248.364,136.552,-1619.477,OK,-298.543,66.199,-1610.056
3,Port 0x01: JJH Probe  s/n:3E4C880C,195969619,1738955760.318631674,1,Too Few Markers,-3.697314E28,-3.697314E28,-3.697314E28,-3.697314E28,-3.697314E28,-3.697314E28,-3.697314E28,0.0000000,3,Missing,-3.697314E28,-3.697314E28,-3.697314E28,Missing,-3.697314E28,-3.697314E28,-3.697314E28,Missing,-3.697314E28,-3.697314E28,-3.697314E28,Port 0x02: JJH T tibia tracker  s/n:3E4C8800,195969619,1738955760.318631674,1,OK,0.8775704,-0.4140116,-0.0586230,0.2345802,151.598,-128.471,-1509.885,0.4423711,3,OK,151.544,-128.294,-1510.099,OK,154.202,-193.760,-1438.503,OK,72.116,-169.656,-1501.922,Port 0x03: JJH Y femur tracker  s/n:3E4C8801,195969619,1738955760.318631674,1,OK,0.9917577,-0.0089238,0.0794079,-0.1001568,-209.726,43.184,-1631.247,0.4376500,3,OK,-209.343,43.004,-1631.309,OK,-250.632,133.385,-1624.811,OK,-299.935,62.285,-1616.726
3,Port 0x01: JJH Probe  s/n:3E4C880C,195969622,1738955760.368631674,1,Too Few Markers,-3.697314E28,-3.697314E28,-3.697314E28,-3.697314E28,-3.697314E28,-3.697314E28,-3.697314E28,0.0000000,3,Missing,-3.697314E28,-3.697314E28,-3.697314E28,Missing,-3.697314E28,-3.697314E28,-3.697314E28,Missing,-3.697314E28,-3.697314E28,-3.697314E28,Port 0x02: JJH T tibia tracker  s/n:3E4C8800,195969622,1738955760.368631674,1,OK,0.8775386,-0.4144546,-0.0581943,0.2340232,151.492,-128.416,-1509.373,0.4257535,3,OK,151.439,-128.256,-1509.570,OK,154.011,-193.624,-1437.951,OK,71.957,-169.485,-1501.365,Port 0x03: JJH Y femur tracker  s/n:3E4C8801,195969622,1738955760.368631674,1,OK,0.9933912,-0.0080470,0.0673970,-0.0925566,-210.255,40.670,-1635.213,0.4486557,3,OK,-209.861,40.495,-1635.267,OK,-252.703,130.210,-1629.730,OK,-301.072,58.375,-1622.866
3,Port 0x01: JJH Probe  s/n:3E4C880C,195969625,1738955760.418631674,1,Too Few Markers,-3.697314E28,-3.697314E28,-3.697314E28,-3.697314E28,-3.697314E28,-3.697314E28,-3.697314E28,0.0000000,3,Missing,-3.697314E28,-3.697314E28,-3.697314E28,Missing,-3.697314E28,-3.697314E28,-3.697314E28,Missing,-3.697314E28,-3.697314E28,-3.697314E28,Port 0x02: JJH T tibia tracker  s/n:3E4C8800,195969625,1738955760.418631674,1,OK,0.8776133,-0.4147577,-0.0574460,0.2333899,151.315,-128.402,-1508.896,0.4133583,3,OK,151.269,-128.240,-1509.093,OK,153.749,-193.556,-1437.438,OK,71.717,-169.330,-1500.794,Port 0x03: JJH Y femur tracker  s/n:3E4C8801,195969625,1738955760.418631674,1,OK,0.9949175,-0.0069042,0.0538344,-0.0848135,-210.743,38.139,-1639.277,0.4688799,3,OK,-210.327,37.966,-1639.322,OK,-254.741,126.978,-1634.896,OK,-302.136,54.422,-1629.397
3,Port 0x01: JJH Probe  s/n:3E4C880C,195969628,1738955760.468631674,1,Too Few Markers,-3.697314E28,-3.697314E28,-3.697314E28,-3.697314E28,-3.697314E28,-3.697314E28,-3.697314E28,0.0000000,3,Missing,-3.697314E28,-3.697314E28,-3.697314E28,Missing,-3.697314E28,-3.697314E28,-3.697314E28,Missing,-3.697314E28,-3.697314E28,-3.697314E28,Port 0x02: JJH T tibia tracker  s/n:3E4C8800,195969628,1738955760.468631674,1,OK,0.8776125,-0.4150631,-0.0574492,0.2328488,151.225,-128.392,-1508.411,0.4263878,3,OK,151.177,-128.229,-1508.609,OK,153.566,-193.520,-1436.909,OK,71.572,-169.232,-1500.347,Port 0x03: JJH Y femur tracker  s/n:3E4C8801,195969628,1738955760.468631674,1,OK,0.9960970,-0.0062405,0.0422959,-0.0772200,-210.994,35.663,-1643.218,0.4837339,3,OK,-210.571,35.502,-1643.253,OK,-256.453,123.787,-1639.852,OK,-302.827,50.553,-1635.451
3,Port 0x01: JJH Probe  s/n:3E4C880C,195969631,1738955760.518631675,1,Too Few Markers,-3.697314E28,-3.697314E28,-3.697314E28,-3.697314E28,-3.697314E28,-3.697314E28,-3.697314E28,0.0000000,3,Missing,-3.697314E28,-3.697314E28,-3.697314E28,Missing,-3.697314E28,-3.697314E28,-3.697314E28,Missing,-3.697314E28,-3.697314E28,-3.697314E28,Port 0x02: JJH T tibia tracker  s/n:3E4C8800,195969631,1738955760.518631675,1,OK,0.8776823,-0.4151447,-0.0570214,0.2325451,151.105,-128.303,-1508.044,0.4158369,3,OK,151.060,-128.145,-1508.235,OK,153.413,-193.407,-1436.539,OK,71.420,-169.070,-1499.928,Port 0x03: JJH Y femur tracker  s/n:3E4C8801,195969631,1738955760.518631675,1,OK,0.9971252,-0.0061072,0.0296735,-0.0694522,-211.179,33.219,-1647.095,0.4990432,3,OK,-210.737,33.046,-1647.120,OK,-258.110,120.620,-1644.978,OK,-303.399,46.679,-1641.658
3,Port 0x01: JJH Probe  s/n:3E4C880C,195969634,1738955760.568631674,1,Too Few Markers,-3.697314E28,-3.697314E28,-3.697314E28,-3.697314E28,-3.697314E28,-3.697314E28,-3.697314E28,0.0000000,3,Missing,-3.697314E28,-3.697314E28,-3.697314E28,Missing,-3.697314E28,-3.697314E28,-3.697314E28,Missing,-3.697314E28,-3.697314E28,-3.697314E28,Port 0x02: JJH T tibia tracker  s/n:3E4C8800,195969634,1738955760.568631674,1,OK,0.8777454,-0.4152879,-0.0565088,0.2321761,151.016,-128.197,-1507.614,0.3985200,3,OK,150.971,-128.050,-1507.793,OK,153.281,-193.262,-1436.102,OK,71.300,-168.874,-1499.432,Port 0x03: JJH Y femur tracker  s/n:3E4C8801,195969634,1738955760.568631674,1,OK,0.9978751,-0.0044080,0.0185274,-0.0623108,-211.217,30.849,-1651.013,0.5064681,3,OK,-210.772,30.697,-1651.028,OK,-259.435,117.538,-1649.765,OK,-303.723,42.981,-1647.618
3,Port 0x01: JJH Probe  s/n:3E4C880C,195969637,1738955760.618631674,1,Too Few Markers,-3.697314E28,-3.697314E28,-3.697314E28,-3.697314E28,-3.697314E28,-3.697314E28,-3.697314E28,0.0000000,3,Missing,-3.697314E28,-3.697314E28,-3.697314E28,Missing,-3.697314E28,-3.697314E28,-3.697314E28,Missing,-3.697314E28,-3.697314E28,-3.697314E28,Port 0x02: JJH T tibia tracker  s/n:3E4C8800,195969637,1738955760.618631674,1,OK,0.8777033,-0.4155873,-0.0563978,0.2318261,150.906,-128.106,-1507.246,0.4181378,3,OK,150.857,-127.954,-1507.433,OK,153.121,-193.143,-1435.677,OK,71.146,-168.714,-1499.073,Port 0x03: JJH Y femur tracker  s/n:3E4C8801,195969637,1738955760.618631674,1,OK,0.9984562,-0.0027096,0.0066453,-0.0550799,-211.143,28.520,-1654.716,0.5116614,3,OK,-210.697,28.367,-1654.722,OK,-260.645,114.496,-1654.447,OK,-303.859,39.309,-1653.509
3,Port 0x01: JJH Probe  s/n:3E4C880C,195969640,1738955760.668631674,1,Too Few Markers,-3.697314E28,-3.697314E28,-3.697314E28,-3.697314E28,-3.697314E28,-3.697314E28,-3.697314E28,0.0000000,3,Missing,-3.697314E28,-3.697314E28,-3.697314E28,Missing,-3.697314E28,-3.697314E28,-3.697314E28,Missing,-3.697314E28,-3.697314E28,-3.697314E28,Port 0x02: JJH T tibia tracker  s/n:3E4C8800,195969640,1738955760.668631674,1,OK,0.8776399,-0.4160177,-0.0556479,0.2314751,150.798,-128.073,-1506.941,0.4159001,3,OK,150.754,-127.902,-1507.146,OK,152.971,-193.043,-1435.299,OK,71.008,-168.580,-1498.642,Port 0x03: JJH Y femur tracker  s/n:3E4C8801,195969640,1738955760.668631674,1,OK,0.9988414,-0.0022588,-0.0058946,-0.0477067,-210.957,26.195,-1658.339,0.5234535,3,OK,-210.488,26.045,-1658.332,OK,-261.723,111.423,-1659.358,OK,-303.840,35.615,-1659.460
3,Port 0x01: JJH Probe  s/n:3E4C880C,195969643,1738955760.718631674,1,Too Few Markers,-3.697314E28,-3.697314E28,-3.697314E28,-3.697314E28,-3.697314E28,-3.697314E28,-3.697314E28,0.0000000,3,Missing,-3.697314E28,-3.697314E28,-3.697314E28,Missing,-3.697314E28,-3.697314E28,-3.697314E28,Missing,-3.697314E28,-3.697314E28,-3.697314E28,Port 0x02: JJH T tibia tracker  s/n:3E4C8800,195969643,1738955760.718631674,1,OK,0.8777313,-0.4160804,-0.0553366,0.2310904,150.735,-127.956,-1506.586,0.4130417,3,OK,150.691,-127.792,-1506.784,OK,152.863,-192.913,-1434.939,OK,70.903,-168.382,-1498.267,Port 0x03: JJH Y femur tracker  s/n:3E4C8801,195969643,1738955760.718631674,1,OK,0.9990365,-0.0020922,-0.0163813,-0.0406623,-210.585,23.967,-1661.857,0.5410132,3,OK,-210.113,23.830,-1661.841,OK,-262.526,108.436,-1664.016,OK,-303.541,32.095,-1664.931
3,Port 0x01: JJH Probe  s/n:3E4C880C,195969646,1738955760.768631675,1,Too Few Markers,-3.697314E28,-3.697314E28,-3.697314E28,-3.697314E28,-3.697314E28,-3.697314E28,-3.697314E28,0.0000000,3,Missing,-3.697314E28,-3.697314E28,-3.697314E28,Missing,-3.697314E28,-3.697314E28,-3.697314E28,Missing,-3.697314E28,-3.697314E28,-3.697314E28,Port 0x02: JJH T tibia tracker  s/n:3E4C8800,195969646,1738955760.768631675,1,OK,0.8775805,-0.4167120,-0.0549756,0.2306105,150.471,-127.874,-1506.155,0.4278485,3,OK,150.418,-127.705,-1506.363,OK,152.529,-192.749,-1434.404,OK,70.593,-168.191,-1497.796,Port 0x03: JJH Y femur tracker  s/n:3E4C8801,195969646,1738955760.768631675,1,OK,0.9990517,-0.0010383,-0.0278250,-0.0334733,-210.286,21.742,-1665.294,0.5512182,3,OK,-209.778,21.602,-1665.265,OK,-263.382,105.468,-1668.577,OK,-303.288,28.528,-1670.493
3,Port 0x01: JJH Probe  s/n:3E4C880C,195969649,1738955760.818631674,1,Too Few Markers,-3.697314E28,-3.697314E28,-3.697314E28,-3.697314E28,-3.697314E28,-3.697314E28,-3.697314E28,0.0000000,3,Missing,-3.697314E28,-3.697314E28,-3.697314E28,Missing,-3.697314E28,-3.697314E28,-3.697314E28,Missing,-3.697314E28,-3.697314E28,-3.697314E28,Port 0x02: JJH T tibia tracker  s/n:3E4C8800,195969649,1738955760.818631674,1,OK,0.8774176,-0.4176863,-0.0542384,0.2296406,150.096,-127.813,-1505.515,0.4147054,3,OK,150.052,-127.645,-1505.719,OK,151.991,-192.535,-1433.644,OK,70.127,-167.932,-1497.061,Port 0x03: JJH Y femur tracker  s/n:3E4C8801,195969649,1738955760.818631674,1,OK,0.9989386,-0.0000823,-0.0373788,-0.0269176,-209.809,19.655,-1668.699,0.5410833,3,OK,-209.314,19.525,-1668.661,OK,-263.925,102.683,-1672.932,OK,-302.766,25.215,-1675.672
3,Port 0x01: JJH Probe  s/n:3E4C880C,195969652,1738955760.868631675,1,Too Few Markers,-3.697314E28,-3.697314E28,-3.697314E28,-3.697314E28,-3.697314E28,-3.697314E28,-3.697314E28,0.0000000,3,Missing,-3.697314E28,-3.697314E28,-3.697314E28,Missing,-3.697314E28,-3.697314E28,-3.697314E28,Missing,-3.697314E28,-3.697314E28,-3.697314E28,Port 0x02: JJH T tibia tracker  s/n:3E4C8800,195969652,1738955760.868631675,1,OK,0.8770865,-0.4191411,-0.0539019,0.2283302,149.633,-127.780,-1504.627,0.4122351,3,OK,149.584,-127.625,-1504.819,OK,151.282,-192.294,-1432.574,OK,69.547,-167.662,-1496.163,Port 0x03: JJH Y femur tracker  s/n:3E4C8801,195969652,1738955760.868631675,1,OK,0.9986547,0.0009168,-0.0475059,-0.0207634,-209.185,17.693,-1671.842,0.5481738,3,OK,-208.670,17.567,-1671.793,OK,-264.228,100.056,-1677.102,OK,-302.062,22.112,-1680.698
3,Port 0x01: JJH Probe  s/n:3E4C880C,195969655,1738955760.918631675,1,Too Few Markers,-3.697314E28,-3.697314E28,-3.697314E28,-3.697314E28,-3.697314E28,-3.697314E28,-3.697314E28,0.0000000,3,Missing,-3.697314E28,-3.697314E28,-3.697314E28,Missing,-3.697314E28,-3.697314E28,-3.697314E28,Missing,-3.697314E28,-3.697314E28,-3.697314E28,Port 0x02: JJH T tibia tracker  s/n:3E4C8800,195969655,1738955760.918631675,1,OK,0.8766949,-0.4209120,-0.0531309,0.2267516,149.058,-127.848,-1503.755,0.4173114,3,OK,149.009,-127.685,-1503.959,OK,150.423,-192.116,-1431.460,OK,68.834,-167.427,-1495.210,Port 0x03: JJH Y femur tracker  s/n:3E4C8801,195969655,1738955760.918631675,1,OK,0.9982513,0.0001911,-0.0572507,-0.0147180,-208.538,15.867,-1674.735,0.5516949,3,OK,-208.031,15.736,-1674.676,OK,-264.462,97.548,-1681.276,OK,-301.248,19.165,-1685.406
3,Port 0x01: JJH Probe  s/n:3E4C880C,195969658,1738955760.968631675,1,Too Few Markers,-3.697314E28,-3.697314E28,-3.697314E28,-3.697314E28,-3.697314E28,-3.697314E28,-3.697314E28,0.0000000,3,Missing,-3.697314E28,-3.697314E28,-3.697314E28,Missing,-3.697314E28,-3.697314E28,-3.697314E28,Missing,-3.697314E28,-3.697314E28,-3.697314E28,Port 0x02: JJH T tibia tracker  s/n:3E4C8800,195969658,1738955760.968631675,1,OK,0.8765866,-0.4219582,-0.0526227,0.2253401,148.570,-127.945,-1503.017,0.4146545,3,OK,148.521,-127.787,-1503.216,OK,149.690,-192.066,-1430.597,OK,68.221,-167.267,-1494.458,Port 0x03: JJH Y femur tracker  s/n:3E4C8801,195969658,1738955760.968631675,1,OK,0.9977440,0.0027811,-0.0664282,-0.0092963,-207.853,14.060,-1677.737,0.5473961,3,OK,-207.340,13.957,-1677.669,OK,-264.530,95.139,-1684.967,OK,-300.411,16.363,-1690.110
3,Port 0x01: JJH Probe  s/n:3E4C880C,195969661,1738955761.018631675,1,Too Few Markers,-3.697314E28,-3.697314E28,-3.697314E28,-3.697314E28,-3.697314E28,-3.697314E28,-3.697314E28,0.0000000,3,Missing,-3.697314E28,-3.697314E28,-3.697314E28,Missing,-3.697314E28,-3.697314E28,-3.697314E28,Missing,-3.697314E28,-3.697314E28,-3.697314E28,Port 0x02: JJH T tibia tracker  s/n:3E4C8800,195969661,1738955761.018631675,1,OK,0.8764898,-0.4227278,-0.0521884,0.2243728,148.218,-127.996,-1502.469,0.4115219,3,OK,148.170,-127.833,-1502.673,OK,149.165,-192.011,-1429.952,OK,67.790,-167.139,-1493.877,Port 0x03: JJH Y femur tracker  s/n:3E4C8801,195969661,1738955761.018631675,1,OK,0.9972189,0.0020149,-0.0743995,-0.0038832,-207.123,12.404,-1680.412,0.5540509,3,OK,-206.606,12.298,-1680.335,OK,-264.545,92.855,-1688.749,OK,-299.483,13.701,-1694.268
3,Port 0x01: JJH Probe  s/n:3E4C880C,195969664,1738955761.068631675,1,Too Few Markers,-3.697314E28,-3.697314E28,-3.697314E28,-3.697314E28,-3.697314E28,-3.697314E28,-3.697314E28,0.0000000,3,Missing,-3.697314E28,-3.697314E28,-3.697314E28,Missing,-3.697314E28,-3.697314E28,-3.697314E28,Missing,-3.697314E28,-3.697314E28,-3.697314E28,Port 0x02: JJH T tibia tracker  s/n:3E4C8800,195969664,1738955761.068631675,1,OK,0.8764351,-0.4230946,-0.0518994,0.2239620,147.992,-127.914,-1502.142,0.4174575,3,OK,147.943,-127.756,-1502.342,OK,148.886,-191.873,-1429.571,OK,67.516,-166.968,-1493.528,Port 0x03: JJH Y femur tracker  s/n:3E4C8801,195969664,1738955761.068631675,1,OK,0.9965985,0.0023115,-0.0823647,0.0014407,-206.379,10.803,-1683.086,0.5359313,3,OK,-205.895,10.697,-1683.006,OK,-264.513,90.647,-1692.368,OK,-298.479,11.111,-1698.411
3,Port 0x01: JJH Probe  s/n:3E4C880C,195969667,1738955761.118631675,1,Too Few Markers,-3.697314E28,-3.697314E28,-3.697314E28,-3.697314E28,-3.697314E28,-3.697314E28,-3.697314E28,0.0000000,3,Missing,-3.697314E28,-3.697314E28,-3.697314E28,Missing,-3.697314E28,-3.697314E28,-3.697314E28,Missing,-3.697314E28,-3.697314E28,-3.697314E28,Port 0x02: JJH T tibia tracker  s/n:3E4C8800,195969667,1738955761.118631675,1,OK,0.8765200,-0.4230254,-0.0515670,0.2238370,147.965,-127.834,-1501.940,0.4137786,3,OK,147.923,-127.668,-1502.145,OK,148.854,-191.799,-1429.375,OK,67.477,-166.851,-1493.279,Port 0x03: JJH Y femur tracker  s/n:3E4C8801,195969667,1738955761.118631675,1,OK,0.9958575,0.0033343,-0.0906378,0.0064497,-205.568,9.253,-1685.590,0.5273198,3,OK,-205.086,9.171,-1685.502,OK,-264.325,88.517,-1695.742,OK,-297.420,8.633,-1702.450
3,Port 0x01: JJH Probe  s/n:3E4C880C,195969670,1738955761.168631675,1,Too Few Markers,-3.697314E28,-3.697314E28,-3.697314E28,-3.697314E28,-3.697314E28,-3.697314E28,-3.697314E28,0.0000000,3,Missing,-3.697314E28,-3.697314E28,-3.697314E28,Missing,-3.697314E28,-3.697314E28,-3.697314E28,Missing,-3.697314E28,-3.697314E28,-3.697314E28,Port 0x02: JJH T tibia tracker  s/n:3E4C8800,195969670,1738955761.168631675,1,OK,0.8765403,-0.4230750,-0.0513135,0.2237221,147.890,-127.769,-1501.782,0.4166991,3,OK,147.848,-127.600,-1501.991,OK,148.775,-191.726,-1429.203,OK,67.388,-166.750,-1493.088,Port 0x03: JJH Y femur tracker  s/n:3E4C8801,195969670,1738955761.168631675,1,OK,0.9950312,0.0040162,-0.0988302,0.0113726,-204.797,7.724,-1687.812,0.5345506,3,OK,-204.291,7.653,-1687.711,OK,-264.151,86.413,-1698.891,OK,-296.380,6.198,-1706.191
3,Port 0x01: JJH Probe  s/n:3E4C880C,195969673,1738955761.218631675,1,Too Few Markers,-3.697314E28,-3.697314E28,-3.697314E28,-3.697314E28,-3.697314E28,-3.697314E28,-3.697314E28,0.0000000,3,Missing,-3.697314E28,-3.697314E28,-3.697314E28,Missing,-3.697314E28,-3.697314E28,-3.697314E28,Missing,-3.697314E28,-3.697314E28,-3.697314E28,Port 0x02: JJH T tibia tracker  s/n:3E4C8800,195969673,1738955761.218631675,1,OK,0.8766376,-0.4228803,-0.0513735,0.2236950,147.782,-127.665,-1501.567,0.4066392,3,OK,147.735,-127.510,-1501.764,OK,148.664,-191.645,-1429.029,OK,67.284,-166.647,-1492.894,Port 0x03: JJH Y femur tracker  s/n:3E4C8801,195969673,1738955761.218631675,1,OK,0.9942922,0.0044543,-0.1053865,0.0160277,-204.005,6.357,-1690.040,0.5319319,3,OK,-203.517,6.287,-1689.937,OK,-263.944,84.484,-1701.901,OK,-295.294,3.992,-1709.624
3,Port 0x01: JJH Probe  s/n:3E4C880C,195969676,1738955761.268631675,1,Too Few Markers,-3.697314E28,-3.697314E28,-3.697314E28,-3.697314E28,-3.697314E28,-3.697314E28,-3.697314E28,0.0000000,3,Missing,-3.697314E28,-3.697314E28,-3.697314E28,Missing,-3.697314E28,-3.697314E28,-3.697314E28,Missing,-3.697314E28,-3.697314E28,-3.697314E28,Port 0x02: JJH T tibia tracker  s/n:3E4C8800,195969676,1738955761.268631675,1,OK,0.8765749,-0.4231654,-0.0509450,0.2234998,147.744,-127.596,-1501.387,0.4184360,3,OK,147.698,-127.423,-1501.602,OK,148.610,-191.538,-1428.787,OK,67.223,-166.516,-1492.646,Port 0x03: JJH Y femur tracker  s/n:3E4C8801,195969676,1738955761.268631675,1,OK,0.9934717,0.0046365,-0.1121218,0.0205217,-203.172,4.965,-1692.189,0.5327640,3,OK,-202.688,4.905,-1692.079,OK,-263.637,82.543,-1704.896,OK,-294.162,1.780,-1713.011
3,Port 0x01: JJH Probe  s/n:3E4C880C,195969679,1738955761.318631675,1,Too Few Markers,-3.697314E28,-3.697314E28,-3.697314E28,-3.697314E28,-3.697314E28,-3.697314E28,-3.697314E28,0.0000000,3,Missing,-3.697314E28,-3.697314E28,-3.697314E28,Missing,-3.697314E28,-3.697314E28,-3.697314E28,Missing,-3.697314E28,-3.697314E28,-3.697314E28,Port 0x02: JJH T tibia tracker  s/n:3E4C8800,195969679,1738955761.318631675,1,OK,0.8765408,-0.4232658,-0.0509470,0.2234427,147.663,-127.480,-1501.196,0.4247708,3,OK,147.610,-127.320,-1501.401,OK,148.532,-191.405,-1428.580,OK,67.128,-166.382,-1492.470,Port 0x03: JJH Y femur tracker  s/n:3E4C8801,195969679,1738955761.318631675,1,OK,0.9925957,0.0044355,-0.1188050,0.0248895,-202.338,3.679,-1694.168,0.5378117,3,OK,-201.848,3.614,-1694.050,OK,-263.301,80.723,-1707.784,OK,-293.005,-0.305,-1716.214
3,Port 0x01: JJH Probe  s/n:3E4C880C,195969682,1738955761.368631675,1,Too Few Markers,-3.697314E28,-3.697314E28,-3.697314E28,-3.697314E28,-3.697314E28,-3.697314E28,-3.697314E28,0.0000000,3,Missing,-3.697314E28,-3.697314E28,-3.697314E28,Missing,-3.697314E28,-3.697314E28,-3.697314E28,Missing,-3.697314E28,-3.697314E28,-3.697314E28,Port 0x02: JJH T tibia tracker  s/n:3E4C8800,195969682,1738955761.368631675,1,OK,0.8764898,-0.4234977,-0.0505989,0.2232824,147.525,-127.392,-1500.960,0.4180422,3,OK,147.479,-127.229,-1501.164,OK,148.377,-191.270,-1428.314,OK,66.972,-166.248,-1492.175,Port 0x03: JJH Y femur tracker  s/n:3E4C8801,195969682,1738955761.368631675,1,OK,0.9916443,0.0053834,-0.1255789,0.0290249,-201.516,2.416,-1696.188,0.5306830,3,OK,-201.022,2.360,-1696.062,OK,-262.924,78.974,-1710.541,OK,-291.852,-2.320,-1719.480
3,Port 0x01: JJH Probe  s/n:3E4C880C,195969685,1738955761.418631675,1,Too Few Markers,-3.697314E28,-3.697314E28,-3.697314E28,-3.697314E28,-3.697314E28,-3.697314E28,-3.697314E28,0.0000000,3,Missing,-3.697314E28,-3.697314E28,-3.697314E28,Missing,-3.697314E28,-3.697314E28,-3.697314E28,Missing,-3.697314E28,-3.697314E28,-3.697314E28,Port 0x02: JJH T tibia tracker  s/n:3E4C8800,195969685,1738955761.418631675,1,OK,0.8765432,-0.4235148,-0.0505018,0.2230625,147.434,-127.315,-1500.680,0.4088605,3,OK,147.383,-127.166,-1500.871,OK,148.255,-191.183,-1428.045,OK,66.864,-166.129,-1491.898,Port 0x03: JJH Y femur tracker  s/n:3E4C8801,195969685,1738955761.418631675,1,OK,0.9907980,0.0051174,-0.1311109,0.0332131,-200.620,1.183,-1698.183,0.5249914,3,OK,-200.149,1.127,-1698.058,OK,-262.495,77.211,-1713.327,OK,-290.618,-4.314,-1722.475
3,Port 0x01: JJH Probe  s/n:3E4C880C,195969688,1738955761.468631675,1,Too Few Markers,-3.697314E28,-3.697314E28,-3.697314E28,-3.697314E28,-3.697314E28,-3.697314E28,-3.697314E28,0.0000000,3,Missing,-3.697314E28,-3.697314E28,-3.697314E28,Missing,-3.697314E28,-3.697314E28,-3.697314E28,Missing,-3.697314E28,-3.697314E28,-3.697314E28,Port 0x02: JJH T tibia tracker  s/n:3E4C8800,195969688,1738955761.468631675,1,OK,0.8764604,-0.4238759,-0.0500917,0.2227942,147.304,-127.278,-1500.524,0.4220633,3,OK,147.252,-127.113,-1500.734,OK,148.095,-191.101,-1427.817,OK,66.710,-166.018,-1491.682,Port 0x03: JJH Y femur tracker  s/n:3E4C8801,195969688,1738955761.468631675,1,OK,0.9898128,0.0055275,-0.1373401,0.0371172,-199.751,0.023,-1699.992,0.5290496,3,OK,-199.266,-0.027,-1699.856,OK,-262.023,75.572,-1715.901,OK,-289.408,-6.180,-1725.423
3,Port 0x01: JJH Probe  s/n:3E4C880C,195969691,1738955761.518631675,1,Too Few Markers,-3.697314E28,-3.697314E28,-3.697314E28,-3.697314E28,-3.697314E28,-3.697314E28,-3.697314E28,0.0000000,3,Missing,-3.697314E28,-3.697314E28,-3.697314E28,Missing,-3.697314E28,-3.697314E28,-3.697314E28,Missing,-3.697314E28,-3.697314E28,-3.697314E28,Port 0x02: JJH T tibia tracker  s/n:3E4C8800,195969691,1738955761.518631675,1,OK,0.8764576,-0.4239886,-0.0499072,0.2226320,147.205,-127.232,-1500.343,0.4239937,3,OK,147.153,-127.062,-1500.559,OK,147.973,-191.040,-1427.616,OK,66.596,-165.935,-1491.476,Port 0x03: JJH Y femur tracker  s/n:3E4C8801,195969691,1738955761.518631675,1,OK,0.9888363,0.0062541,-0.1431515,0.0408819,-198.866,-1.097,-1701.761,0.5097785,3,OK,-198.401,-1.133,-1701.625,OK,-261.507,73.997,-1718.336,OK,-288.166,-7.985,-1728.250
3,Port 0x01: JJH Probe  s/n:3E4C880C,195969694,1738955761.568631675,1,Too Few Markers,-3.697314E28,-3.697314E28,-3.697314E28,-3.697314E28,-3.697314E28,-3.697314E28,-3.697314E28,0.0000000,3,Missing,-3.697314E28,-3.697314E28,-3.697314E28,Missing,-3.697314E28,-3.697314E28,-3.697314E28,Missing,-3.697314E28,-3.697314E28,-3.697314E28,Port 0x02: JJH T tibia tracker  s/n:3E4C8800,195969694,1738955761.568631675,1,OK,0.8764957,-0.4239694,-0.0497722,0.2225487,147.132,-127.161,-1500.167,0.4189361,3,OK,147.081,-126.994,-1500.379,OK,147.893,-190.966,-1427.447,OK,66.515,-165.842,-1491.285,Port 0x03: JJH Y femur tracker  s/n:3E4C8801,195969694,1738955761.568631675,1,OK,0.9877927,0.0065600,-0.1491429,0.0444855,-197.990,-2.172,-1703.504,0.5081427,3,OK,-197.521,-2.195,-1703.360,OK,-260.956,72.473,-1720.835,OK,-286.923,-9.713,-1731.083
3,Port 0x01: JJH Probe  s/n:3E4C880C,195969697,1738955761.618631675,1,Too Few Markers,-3.697314E28,-3.697314E28,-3.697314E28,-3.697314E28,-3.697314E28,-3.697314E28,-3.697314E28,0.0000000,3,Missing,-3.697314E28,-3.697314E28,-3.697314E28,Missing,-3.697314E28,-3.697314E28,-3.697314E28,Missing,-3.697314E28,-3.697314E28,-3.697314E28,Port 0x02: JJH T tibia tracker  s/n:3E4C8800,195969697,1738955761.618631675,1,OK,0.8765282,-0.4239749,-0.0494870,0.2224741,147.041,-127.113,-1500.056,0.4134116,3,OK,146.998,-126.941,-1500.270,OK,147.800,-190.910,-1427.335,OK,66.415,-165.769,-1491.127,Port 0x03: JJH Y femur tracker  s/n:3E4C8801,195969697,1738955761.618631675,1,OK,0.9867918,0.0058875,-0.1545828,0.0480772,-197.153,-3.183,-1705.118,0.5225232,3,OK,-196.662,-3.230,-1704.962,OK,-260.463,71.002,-1723.302,OK,-285.715,-11.375,-1733.670
3,Port 0x01: JJH Probe  s/n:3E4C880C,195969700,1738955761.668631675,1,Too Few Markers,-3.697314E28,-3.697314E28,-3.697314E28,-3.697314E28,-3.697314E28,-3.697314E28,-3.697314E28,0.0000000,3,Missing,-3.697314E28,-3.697314E28,-3.697314E28,Missing,-3.697314E28,-3.697314E28,-3.697314E28,Missing,-3.697314E28,-3.697314E28,-3.697314E28,Port 0x02: JJH T tibia tracker  s/n:3E4C8800,195969700,1738955761.668631675,1,OK,0.8766251,-0.4238031,-0.0494713,0.2224230,146.961,-127.042,-1499.926,0.4062985,3,OK,146.915,-126.882,-1500.128,OK,147.721,-190.857,-1427.238,OK,66.330,-165.689,-1491.009,Port 0x03: JJH Y femur tracker  s/n:3E4C8801,195969700,1738955761.668631675,1,OK,0.9858225,0.0067230,-0.1595862,0.0513909,-196.283,-4.169,-1706.615,0.5139804,3,OK,-195.803,-4.202,-1706.457,OK,-259.900,69.603,-1725.356,OK,-284.495,-12.943,-1736.073
3,Port 0x01: JJH Probe  s/n:3E4C880C,195969703,1738955761.718631675,1,Too Few Markers,-3.697314E28,-3.697314E28,-3.697314E28,-3.697314E28,-3.697314E28,-3.697314E28,-3.697314E28,0.0000000,3,Missing,-3.697314E28,-3.697314E28,-3.697314E28,Missing,-3.697314E28,-3.697314E28,-3.697314E28,Missing,-3.697314E28,-3.697314E28,-3.697314E28,Port 0x02: JJH T tibia tracker  s/n:3E4C8800,195969703,1738955761.718631675,1,OK,0.8766705,-0.4237668,-0.0493770,0.2223340,146.918,-126.998,-1499.792,0.4058855,3,OK,146.873,-126.842,-1499.988,OK,147.674,-190.814,-1427.111,OK,66.272,-165.623,-1490.872,Port 0x03: JJH Y femur tracker  s/n:3E4C8801,195969703,1738955761.718631675,1,OK,0.9848623,0.0070744,-0.1643547,0.0546232,-195.440,-5.084,-1708.210,0.5017309,3,OK,-194.971,-5.111,-1708.051,OK,-259.343,68.285,-1727.555,OK,-283.301,-14.442,-1738.525
3,Port 0x01: JJH Probe  s/n:3E4C880C,195969706,1738955761.768631675,1,Too Few Markers,-3.697314E28,-3.697314E28,-3.697314E28,-3.697314E28,-3.697314E28,-3.697314E28,-3.697314E28,0.0000000,3,Missing,-3.697314E28,-3.697314E28,-3.697314E28,Missing,-3.697314E28,-3.697314E28,-3.697314E28,Missing,-3.697314E28,-3.697314E28,-3.697314E28,Port 0x02: JJH T tibia tracker  s/n:3E4C8800,195969706,1738955761.768631675,1,OK,0.8766768,-0.4238302,-0.0491287,0.2222434,146.841,-126.971,-1499.705,0.4121145,3,OK,146.799,-126.804,-1499.912,OK,147.595,-190.780,-1427.003,OK,66.185,-165.566,-1490.748,Port 0x03: JJH Y femur tracker  s/n:3E4C8801,195969706,1738955761.768631675,1,OK,0.9839189,0.0076536,-0.1689700,0.0573943,-194.702,-5.917,-1709.454,0.5101791,3,OK,-194.223,-5.933,-1709.286,OK,-258.832,67.095,-1729.344,OK,-282.236,-15.750,-1740.604
3,Port 0x01: JJH Probe  s/n:3E4C880C,195969709,1738955761.818631675,1,Too Few Markers,-3.697314E28,-3.697314E28,-3.697314E28,-3.697314E28,-3.697314E28,-3.697314E28,-3.697314E28,0.0000000,3,Missing,-3.697314E28,-3.697314E28,-3.697314E28,Missing,-3.697314E28,-3.697314E28,-3.697314E28,Missing,-3.697314E28,-3.697314E28,-3.697314E28,Port 0x02: JJH T tibia tracker  s/n:3E4C8800,195969709,1738955761.818631675,1,OK,0.8766814,-0.4238192,-0.0491703,0.2222370,146.786,-126.910,-1499.600,0.4122046,3,OK,146.740,-126.752,-1499.800,OK,147.542,-190.719,-1426.902,OK,66.126,-165.504,-1490.656,Port 0x03: JJH Y femur tracker  s/n:3E4C8801,195969709,1738955761.818631675,1,OK,0.9831503,0.0071063,-0.1725381,0.0599634,-194.010,-6.606,-1710.593,0.5102219,3,OK,-193.543,-6.639,-1710.426,OK,-258.368,66.060,-1731.075,OK,-281.233,-16.896,-1742.361
3,Port 0x01: JJH Probe  s/n:3E4C880C,195969712,1738955761.868631673,1,Too Few Markers,-3.697314E28,-3.697314E28,-3.697314E28,-3.697314E28,-3.697314E28,-3.697314E28,-3.697314E28,0.0000000,3,Missing,-3.697314E28,-3.697314E28,-3.697314E28,Missing,-3.697314E28,-3.697314E28,-3.697314E28,Missing,-3.697314E28,-3.697314E28,-3.697314E28,Port 0x02: JJH T tibia tracker  s/n:3E4C8800,195969712,1738955761.868631673,1,OK,0.8767016,-0.4238349,-0.0491328,0.2221357,146.736,-126.876,-1499.510,0.4094545,3,OK,146.692,-126.716,-1499.711,OK,147.472,-190.684,-1426.813,OK,66.071,-165.455,-1490.563,Port 0x03: JJH Y femur tracker  s/n:3E4C8801,195969712,1738955761.868631673,1,OK,0.9822792,0.0080159,-0.1766558,0.0620978,-193.433,-7.255,-1711.584,0.5174899,3,OK,-192.949,-7.265,-1711.405,OK,-257.930,65.144,-1732.482,OK,-280.379,-17.909,-1744.107
3,Port 0x01: JJH Probe  s/n:3E4C880C,195969715,1738955761.918631673,1,Too Few Markers,-3.697314E28,-3.697314E28,-3.697314E28,-3.697314E28,-3.697314E28,-3.697314E28,-3.697314E28,0.0000000,3,Missing,-3.697314E28,-3.697314E28,-3.697314E28,Missing,-3.697314E28,-3.697314E28,-3.697314E28,Missing,-3.697314E28,-3.697314E28,-3.697314E28,Port 0x02: JJH T tibia tracker  s/n:3E4C8800,195969715,1738955761.918631673,1,OK,0.8766925,-0.4238883,-0.0488438,0.2221332,146.697,-126.878,-1499.465,0.4141217,3,OK,146.651,-126.707,-1499.679,OK,147.446,-190.678,-1426.746,OK,66.032,-165.435,-1490.467,Port 0x03: JJH Y femur tracker  s/n:3E4C8801,195969715,1738955761.918631673,1,OK,0.9817424,0.0079687,-0.1789714,0.0639342,-192.864,-7.795,-1712.492,0.4973502,3,OK,-192.395,-7.807,-1712.316,OK,-257.519,64.386,-1733.728,OK,-279.605,-18.797,-1745.422
3,Port 0x01: JJH Probe  s/n:3E4C880C,195969718,1738955761.968631673,1,Too Few Markers,-3.697314E28,-3.697314E28,-3.697314E28,-3.697314E28,-3.697314E28,-3.697314E28,-3.697314E28,0.0000000,3,Missing,-3.697314E28,-3.697314E28,-3.697314E28,Missing,-3.697314E28,-3.697314E28,-3.697314E28,Missing,-3.697314E28,-3.697314E28,-3.697314E28,Port 0x02: JJH T tibia tracker  s/n:3E4C8800,195969718,1738955761.968631673,1,OK,0.8767699,-0.4237569,-0.0487967,0.2220889,146.634,-126.818,-1499.368,0.4081394,3,OK,146.586,-126.659,-1499.569,OK,147.386,-190.630,-1426.675,OK,65.963,-165.364,-1490.375,Port 0x03: JJH Y femur tracker  s/n:3E4C8801,195969718,1738955761.968631673,1,OK,0.9810927,0.0079970,-0.1818512,0.0657521,-192.400,-8.263,-1713.291,0.4997932,3,OK,-191.932,-8.271,-1713.113,OK,-257.188,63.673,-1734.925,OK,-278.904,-19.583,-1746.731
3,Port 0x01: JJH Probe  s/n:3E4C880C,195969721,1738955762.018631672,1,Too Few Markers,-3.697314E28,-3.697314E28,-3.697314E28,-3.697314E28,-3.697314E28,-3.697314E28,-3.697314E28,0.0000000,3,Missing,-3.697314E28,-3.697314E28,-3.697314E28,Missing,-3.697314E28,-3.697314E28,-3.697314E28,Missing,-3.697314E28,-3.697314E28,-3.697314E28,Port 0x02: JJH T tibia tracker  s/n:3E4C8800,195969721,1738955762.018631672,1,OK,0.8767923,-0.4237732,-0.0485255,0.2220288,146.580,-126.806,-1499.344,0.4044310,3,OK,146.542,-126.639,-1499.549,OK,147.332,-190.609,-1426.647,OK,65.898,-165.331,-1490.304,Port 0x03: JJH Y femur tracker  s/n:3E4C8801,195969721,1738955762.018631672,1,OK,0.9805714,0.0078583,-0.1841616,0.0671010,-192.013,-8.622,-1713.816,0.5039710,3,OK,-191.538,-8.630,-1713.633,OK,-256.888,63.134,-1735.793,OK,-278.332,-20.183,-1747.665
3,Port 0x01: JJH Probe  s/n:3E4C880C,195969724,1738955762.068631672,1,Too Few Markers,-3.697314E28,-3.697314E28,-3.697314E28,-3.697314E28,-3.697314E28,-3.697314E28,-3.697314E28,0.0000000,3,Missing,-3.697314E28,-3.697314E28,-3.697314E28,Missing,-3.697314E28,-3.697314E28,-3.697314E28,Missing,-3.697314E28,-3.697314E28,-3.697314E28,Port 0x02: JJH T tibia tracker  s/n:3E4C8800,195969724,1738955762.068631672,1,OK,0.8767742,-0.4238081,-0.0487317,0.2219887,146.575,-126.780,-1499.277,0.4126647,3,OK,146.525,-126.621,-1499.479,OK,147.318,-190.586,-1426.573,OK,65.893,-165.303,-1490.284,Port 0x03: JJH Y femur tracker  s/n:3E4C8801,195969724,1738955762.068631672,1,OK,0.9800835,0.0079521,-0.1863157,0.0682605,-191.708,-8.943,-1714.251,0.5113264,3,OK,-191.215,-8.952,-1714.059,OK,-256.656,62.670,-1736.511,OK,-277.866,-20.709,-1748.487
3,Port 0x01: JJH Probe  s/n:3E4C880C,195969727,1738955762.118631673,1,Too Few Markers,-3.697314E28,-3.697314E28,-3.697314E28,-3.697314E28,-3.697314E28,-3.697314E28,-3.697314E28,0.0000000,3,Missing,-3.697314E28,-3.697314E28,-3.697314E28,Missing,-3.697314E28,-3.697314E28,-3.697314E28,Missing,-3.697314E28,-3.697314E28,-3.697314E28,Port 0x02: JJH T tibia tracker  s/n:3E4C8800,195969727,1738955762.118631673,1,OK,0.8768112,-0.4237749,-0.0485462,0.2219461,146.549,-126.751,-1499.248,0.4011836,3,OK,146.503,-126.589,-1499.451,OK,147.285,-190.554,-1426.556,OK,65.869,-165.260,-1490.219,Port 0x03: JJH Y femur tracker  s/n:3E4C8801,195969727,1738955762.118631673,1,OK,0.9800056,0.0080443,-0.1864865,0.0688996,-191.467,-9.099,-1714.657,0.4968213,3,OK,-191.003,-9.117,-1714.476,OK,-256.506,62.430,-1736.945,OK,-277.562,-20.967,-1748.910
3,Port 0x01: JJH Probe  s/n:3E4C880C,195969730,1738955762.168631673,1,Too Few Markers,-3.697314E28,-3.697314E28,-3.697314E28,-3.697314E28,-3.697314E28,-3.697314E28,-3.697314E28,0.0000000,3,Missing,-3.697314E28,-3.697314E28,-3.697314E28,Missing,-3.697314E28,-3.697314E28,-3.697314E28,Missing,-3.697314E28,-3.697314E28,-3.697314E28,Port 0x02: JJH T tibia tracker  s/n:3E4C8800,195969730,1738955762.168631673,1,OK,0.8767451,-0.4239186,-0.0485795,0.2219259,146.494,-126.733,-1499.241,0.4159251,3,OK,146.450,-126.563,-1499.452,OK,147.228,-190.525,-1426.514,OK,65.804,-165.239,-1490.219,Port 0x03: JJH Y femur tracker  s/n:3E4C8801,195969730,1738955762.168631673,1,OK,0.9798586,0.0085907,-0.1871538,0.0691147,-191.458,-9.174,-1714.748,0.5014595,3,OK,-190.984,-9.167,-1714.561,OK,-256.491,62.330,-1737.033,OK,-277.534,-21.079,-1749.138
3,Port 0x01: JJH Probe  s/n:3E4C880C,195969733,1738955762.218631673,1,Too Few Markers,-3.697314E28,-3.697314E28,-3.697314E28,-3.697314E28,-3.697314E28,-3.697314E28,-3.697314E28,0.0000000,3,Missing,-3.697314E28,-3.697314E28,-3.697314E28,Missing,-3.697314E28,-3.697314E28,-3.697314E28,Missing,-3.697314E28,-3.697314E28,-3.697314E28,Port 0x02: JJH T tibia tracker  s/n:3E4C8800,195969733,1738955762.218631673,1,OK,0.8767793,-0.4238469,-0.0484593,0.2219539,146.492,-126.733,-1499.232,0.4074399,3,OK,146.444,-126.571,-1499.436,OK,147.239,-190.526,-1426.521,OK,65.807,-165.235,-1490.190,Port 0x03: JJH Y femur tracker  s/n:3E4C8801,195969733,1738955762.218631673,1,OK,0.9798702,0.0084496,-0.1871279,0.0690376,-191.498,-9.148,-1714.639,0.5093092,3,OK,-191.013,-9.142,-1714.448,OK,-256.521,62.362,-1736.942,OK,-277.585,-21.039,-1749.026
3,Port 0x01: JJH Probe  s/n:3E4C880C,195969736,1738955762.268631672,1,Too Few Markers,-3.697314E28,-3.697314E28,-3.697314E28,-3.697314E28,-3.697314E28,-3.697314E28,-3.697314E28,0.0000000,3,Missing,-3.697314E28,-3.697314E28,-3.697314E28,Missing,-3.697314E28,-3.697314E28,-3.697314E28,Missing,-3.697314E28,-3.697314E28,-3.697314E28,Port 0x02: JJH T tibia tracker  s/n:3E4C8800,195969736,1738955762.268631672,1,OK,0.8766832,-0.4240249,-0.0486550,0.2219505,146.491,-126.714,-1499.209,0.4154237,3,OK,146.450,-126.547,-1499.417,OK,147.224,-190.488,-1426.472,OK,65.799,-165.229,-1490.194,Port 0x03: JJH Y femur tracker  s/n:3E4C8801,195969736,1738955762.268631672,1,OK,0.9800308,0.0082281,-0.1863400,0.0689148,-191.562,-9.095,-1714.566,0.4957160,3,OK,-191.093,-9.105,-1714.383,OK,-256.606,62.438,-1736.805,OK,-277.680,-20.972,-1748.800
3,Port 0x01: JJH Probe  s/n:3E4C880C,195969739,1738955762.318631672,1,Too Few Markers,-3.697314E28,-3.697314E28,-3.697314E28,-3.697314E28,-3.697314E28,-3.697314E28,-3.697314E28,0.0000000,3,Missing,-3.697314E28,-3.697314E28,-3.697314E28,Missing,-3.697314E28,-3.697314E28,-3.697314E28,Missing,-3.697314E28,-3.697314E28,-3.697314E28,Port 0x02: JJH T tibia tracker  s/n:3E4C8800,195969739,1738955762.318631672,1,OK,0.8766372,-0.4241862,-0.0485244,0.2218529,146.487,-126.710,-1499.243,0.4267005,3,OK,146.441,-126.534,-1499.463,OK,147.209,-190.469,-1426.467,OK,65.788,-165.196,-1490.210,Port 0x03: JJH Y femur tracker  s/n:3E4C8801,195969739,1738955762.318631672,1,OK,0.9802713,0.0078869,-0.1853666,0.0681554,-191.867,-8.837,-1714.032,0.5105286,3,OK,-191.382,-8.854,-1713.844,OK,-256.849,62.783,-1736.186,OK,-278.078,-20.578,-1748.093
3,Port 0x01: JJH Probe  s/n:3E4C880C,195969742,1738955762.368631673,1,Too Few Markers,-3.697314E28,-3.697314E28,-3.697314E28,-3.697314E28,-3.697314E28,-3.697314E28,-3.697314E28,0.0000000,3,Missing,-3.697314E28,-3.697314E28,-3.697314E28,Missing,-3.697314E28,-3.697314E28,-3.697314E28,Missing,-3.697314E28,-3.697314E28,-3.697314E28,Port 0x02: JJH T tibia tracker  s/n:3E4C8800,195969742,1738955762.368631673,1,OK,0.8764865,-0.4244855,-0.0485023,0.2218807,146.509,-126.771,-1499.299,0.4402958,3,OK,146.463,-126.581,-1499.535,OK,147.229,-190.496,-1426.465,OK,65.810,-165.257,-1490.247,Port 0x03: JJH Y femur tracker  s/n:3E4C8801,195969742,1738955762.368631673,1,OK,0.9811208,0.0083366,-0.1814570,0.0663758,-192.391,-8.385,-1713.362,0.4831903,3,OK,-191.958,-8.390,-1713.198,OK,-257.288,63.466,-1734.914,OK,-278.878,-19.805,-1746.725
3,Port 0x01: JJH Probe  s/n:3E4C880C,195969745,1738955762.418631673,1,Too Few Markers,-3.697314E28,-3.697314E28,-3.697314E28,-3.697314E28,-3.697314E28,-3.697314E28,-3.697314E28,0.0000000,3,Missing,-3.697314E28,-3.697314E28,-3.697314E28,Missing,-3.697314E28,-3.697314E28,-3.697314E28,Missing,-3.697314E28,-3.697314E28,-3.697314E28,Port 0x02: JJH T tibia tracker  s/n:3E4C8800,195969745,1738955762.418631673,1,OK,0.8765414,-0.4243431,-0.0486769,0.2218977,146.542,-126.749,-1499.316,0.4171438,3,OK,146.500,-126.578,-1499.530,OK,147.252,-190.479,-1426.533,OK,65.849,-165.255,-1490.293,Port 0x03: JJH Y femur tracker  s/n:3E4C8801,195969745,1738955762.418631673,1,OK,0.9821426,0.0077930,-0.1770430,0.0631733,-193.364,-7.433,-1711.765,0.5111088,3,OK,-192.882,-7.453,-1711.587,OK,-257.999,64.833,-1732.776,OK,-280.249,-18.291,-1744.351
3,Port 0x01: JJH Probe  s/n:3E4C880C,195969748,1738955762.468631673,1,Too Few Markers,-3.697314E28,-3.697314E28,-3.697314E28,-3.697314E28,-3.697314E28,-3.697314E28,-3.697314E28,0.0000000,3,Missing,-3.697314E28,-3.697314E28,-3.697314E28,Missing,-3.697314E28,-3.697314E28,-3.697314E28,Missing,-3.697314E28,-3.697314E28,-3.697314E28,Port 0x02: JJH T tibia tracker  s/n:3E4C8800,195969748,1738955762.468631673,1,OK,0.8763396,-0.4247841,-0.0487989,0.2218244,146.622,-126.827,-1499.391,0.4117838,3,OK,146.575,-126.662,-1499.600,OK,147.296,-190.489,-1426.557,OK,65.933,-165.325,-1490.373,Port 0x03: JJH Y femur tracker  s/n:3E4C8801,195969748,1738955762.468631673,1,OK,0.9838196,0.0078223,-0.1692148,0.0583446,-194.672,-6.114,-1709.648,0.4978592,3,OK,-194.217,-6.124,-1709.488,OK,-258.926,66.773,-1729.565,OK,-282.156,-16.118,-1740.838
3,Port 0x01: JJH Probe  s/n:3E4C880C,195969751,1738955762.518631672,1,Too Few Markers,-3.697314E28,-3.697314E28,-3.697314E28,-3.697314E28,-3.697314E28,-3.697314E28,-3.697314E28,0.0000000,3,Missing,-3.697314E28,-3.697314E28,-3.697314E28,Missing,-3.697314E28,-3.697314E28,-3.697314E28,Missing,-3.697314E28,-3.697314E28,-3.697314E28,Port 0x02: JJH T tibia tracker  s/n:3E4C8800,195969751,1738955762.518631672,1,OK,0.8761226,-0.4252663,-0.0488961,0.2217362,146.702,-126.901,-1499.502,0.4170711,3,OK,146.656,-126.731,-1499.716,OK,147.340,-190.496,-1426.598,OK,66.006,-165.388,-1490.485,Port 0x03: JJH Y femur tracker  s/n:3E4C8801,195969751,1738955762.518631672,1,OK,0.9856756,0.0077434,-0.1601485,0.0523074,-196.265,-4.381,-1706.734,0.5115073,3,OK,-195.796,-4.391,-1706.579,OK,-259.999,69.271,-1725.406,OK,-284.437,-13.299,-1736.306
3,Port 0x01: JJH Probe  s/n:3E4C880C,195969754,1738955762.568631672,1,Too Few Markers,-3.697314E28,-3.697314E28,-3.697314E28,-3.697314E28,-3.697314E28,-3.697314E28,-3.697314E28,0.0000000,3,Missing,-3.697314E28,-3.697314E28,-3.697314E28,Missing,-3.697314E28,-3.697314E28,-3.697314E28,Missing,-3.697314E28,-3.697314E28,-3.697314E28,Port 0x02: JJH T tibia tracker  s/n:3E4C8800,195969754,1738955762.568631672,1,OK,0.8759205,-0.4257490,-0.0489148,0.2216039,146.782,-126.995,-1499.594,0.4112824,3,OK,146.746,-126.818,-1499.812,OK,147.371,-190.517,-1426.633,OK,66.077,-165.467,-1490.560,Port 0x03: JJH Y femur tracker  s/n:3E4C8801,195969754,1738955762.568631672,1,OK,0.9877416,0.0060598,-0.1492443,0.0453418,-198.024,-2.317,-1703.389,0.5144590,3,OK,-197.539,-2.355,-1703.241,OK,-261.115,72.220,-1720.833,OK,-286.940,-10.026,-1730.983
3,Port 0x01: JJH Probe  s/n:3E4C880C,195969757,1738955762.618631673,1,Too Few Markers,-3.697314E28,-3.697314E28,-3.697314E28,-3.697314E28,-3.697314E28,-3.697314E28,-3.697314E28,0.0000000,3,Missing,-3.697314E28,-3.697314E28,-3.697314E28,Missing,-3.697314E28,-3.697314E28,-3.697314E28,Missing,-3.697314E28,-3.697314E28,-3.697314E28,Port 0x02: JJH T tibia tracker  s/n:3E4C8800,195969757,1738955762.618631673,1,OK,0.8757498,-0.4261372,-0.0490634,0.2214996,146.878,-127.108,-1499.751,0.4050788,3,OK,146.841,-126.931,-1499.970,OK,147.419,-190.573,-1426.748,OK,66.175,-165.574,-1490.727,Port 0x03: JJH Y femur tracker  s/n:3E4C8801,195969757,1738955762.618631673,1,OK,0.9898383,0.0060745,-0.1370050,0.0375893,-199.838,-0.059,-1699.711,0.5269126,3,OK,-199.348,-0.098,-1699.574,OK,-262.192,75.438,-1715.503,OK,-289.524,-6.349,-1725.090
3,Port 0x01: JJH Probe  s/n:3E4C880C,195969760,1738955762.668631673,1,Too Few Markers,-3.697314E28,-3.697314E28,-3.697314E28,-3.697314E28,-3.697314E28,-3.697314E28,-3.697314E28,0.0000000,3,Missing,-3.697314E28,-3.697314E28,-3.697314E28,Missing,-3.697314E28,-3.697314E28,-3.697314E28,Missing,-3.697314E28,-3.697314E28,-3.697314E28,Port 0x02: JJH T tibia tracker  s/n:3E4C8800,195969760,1738955762.668631673,1,OK,0.8755152,-0.4266136,-0.0494821,0.2214170,147.030,-127.227,-1499.936,0.4125862,3,OK,146.990,-127.050,-1500.157,OK,147.519,-190.635,-1426.870,OK,66.325,-165.704,-1490.967,Port 0x03: JJH Y femur tracker  s/n:3E4C8801,195969760,1738955762.668631673,1,OK,0.9917225,0.0055280,-0.1248810,0.0293360,-201.595,2.383,-1695.704,0.5490148,3,OK,-201.068,2.332,-1695.570,OK,-263.073,78.899,-1709.958,OK,-291.994,-2.407,-1718.878
3,Port 0x01: JJH Probe  s/n:3E4C880C,195969763,1738955762.718631673,1,Too Few Markers,-3.697314E28,-3.697314E28,-3.697314E28,-3.697314E28,-3.697314E28,-3.697314E28,-3.697314E28,0.0000000,3,Missing,-3.697314E28,-3.697314E28,-3.697314E28,Missing,-3.697314E28,-3.697314E28,-3.697314E28,Missing,-3.697314E28,-3.697314E28,-3.697314E28,Port 0x02: JJH T tibia tracker  s/n:3E4C8800,195969763,1738955762.718631673,1,OK,0.8753735,-0.4268269,-0.0498342,0.2214873,147.128,-127.360,-1500.148,0.4192596,3,OK,147.087,-127.183,-1500.370,OK,147.605,-190.745,-1427.054,OK,66.429,-165.868,-1491.226,Port 0x03: JJH Y femur tracker  s/n:3E4C8801,195969763,1738955762.718631673,1,OK,0.9935946,0.0050865,-0.1109736,0.0207043,-203.290,4.913,-1691.605,0.5346078,3,OK,-202.796,4.866,-1691.494,OK,-263.810,82.471,-1704.106,OK,-294.349,1.693,-1712.223
3,Port 0x01: JJH Probe  s/n:3E4C880C,195969766,1738955762.768631672,1,Too Few Markers,-3.697314E28,-3.697314E28,-3.697314E28,-3.697314E28,-3.697314E28,-3.697314E28,-3.697314E28,0.0000000,3,Missing,-3.697314E28,-3.697314E28,-3.697314E28,Missing,-3.697314E28,-3.697314E28,-3.697314E28,Missing,-3.697314E28,-3.697314E28,-3.697314E28,Port 0x02: JJH T tibia tracker  s/n:3E4C8800,195969766,1738955762.768631672,1,OK,0.8752398,-0.4270405,-0.0501352,0.2215359,147.230,-127.507,-1500.393,0.4127110,3,OK,147.188,-127.334,-1500.610,OK,147.685,-190.861,-1427.283,OK,66.543,-166.043,-1491.503,Port 0x03: JJH Y femur tracker  s/n:3E4C8801,195969766,1738955762.768631672,1,OK,0.9952427,0.0044532,-0.0965894,0.0119439,-204.826,7.527,-1687.407,0.5259101,3,OK,-204.351,7.464,-1687.315,OK,-264.324,86.135,-1698.163,OK,-296.459,5.909,-1705.369
3,Port 0x01: JJH Probe  s/n:3E4C880C,195969769,1738955762.818631672,1,Too Few Markers,-3.697314E28,-3.697314E28,-3.697314E28,-3.697314E28,-3.697314E28,-3.697314E28,-3.697314E28,0.0000000,3,Missing,-3.697314E28,-3.697314E28,-3.697314E28,Missing,-3.697314E28,-3.697314E28,-3.697314E28,Missing,-3.697314E28,-3.697314E28,-3.697314E28,Port 0x02: JJH T tibia tracker  s/n:3E4C8800,195969769,1738955762.818631672,1,OK,0.8751329,-0.4272404,-0.0502541,0.2215459,147.362,-127.682,-1500.725,0.4180581,3,OK,147.331,-127.489,-1500.961,OK,147.791,-191.019,-1427.582,OK,66.682,-166.236,-1491.832,Port 0x03: JJH Y femur tracker  s/n:3E4C8801,195969769,1738955762.818631672,1,OK,0.9964901,0.0035038,-0.0835698,0.0033611,-206.205,10.184,-1683.105,0.5454016,3,OK,-205.703,10.103,-1683.021,OK,-264.621,89.795,-1692.362,OK,-298.304,10.151,-1698.660
3,Port 0x01: JJH Probe  s/n:3E4C880C,195969772,1738955762.868631672,1,Too Few Markers,-3.697314E28,-3.697314E28,-3.697314E28,-3.697314E28,-3.697314E28,-3.697314E28,-3.697314E28,0.0000000,3,Missing,-3.697314E28,-3.697314E28,-3.697314E28,Missing,-3.697314E28,-3.697314E28,-3.697314E28,Missing,-3.697314E28,-3.697314E28,-3.697314E28,Port 0x02: JJH T tibia tracker  s/n:3E4C8800,195969772,1738955762.868631672,1,OK,0.8750816,-0.4271762,-0.0509434,0.2217146,147.467,-127.798,-1500.947,0.4072574,3,OK,147.426,-127.627,-1501.161,OK,147.888,-191.145,-1427.840,OK,66.812,-166.420,-1492.161,Port 0x03: JJH Y femur tracker  s/n:3E4C8801,195969772,1738955762.868631672,1,OK,0.9975457,0.0012547,-0.0698123,-0.0052118,-207.399,12.886,-1678.744,0.5497751,3,OK,-206.887,12.766,-1678.672,OK,-264.685,93.496,-1686.657,OK,-299.865,14.419,-1691.748
3,Port 0x01: JJH Probe  s/n:3E4C880C,195969775,1738955762.918631672,1,Too Few Markers,-3.697314E28,-3.697314E28,-3.697314E28,-3.697314E28,-3.697314E28,-3.697314E28,-3.697314E28,0.0000000,3,Missing,-3.697314E28,-3.697314E28,-3.697314E28,Missing,-3.697314E28,-3.697314E28,-3.697314E28,Missing,-3.697314E28,-3.697314E28,-3.697314E28,Port 0x02: JJH T tibia tracker  s/n:3E4C8800,195969775,1738955762.918631672,1,OK,0.8749743,-0.4273129,-0.0513678,0.2217769,147.536,-127.936,-1501.262,0.4200354,3,OK,147.496,-127.766,-1501.476,OK,147.948,-191.276,-1428.134,OK,66.879,-166.594,-1492.543,Port 0x03: JJH Y femur tracker  s/n:3E4C8801,195969775,1738955762.918631672,1,OK,0.9982983,0.0018703,-0.0565798,-0.0139922,-208.438,15.573,-1674.480,0.5430318,3,OK,-207.929,15.459,-1674.422,OK,-264.483,97.184,-1680.678,OK,-301.190,18.734,-1685.023
3,Port 0x01: JJH Probe  s/n:3E4C880C,195969778,1738955762.968631672,1,Too Few Markers,-3.697314E28,-3.697314E28,-3.697314E28,-3.697314E28,-3.697314E28,-3.697314E28,-3.697314E28,0.0000000,3,Missing,-3.697314E28,-3.697314E28,-3.697314E28,Missing,-3.697314E28,-3.697314E28,-3.697314E28,Missing,-3.697314E28,-3.697314E28,-3.697314E28,Port 0x02: JJH T tibia tracker  s/n:3E4C8800,195969778,1738955762.968631672,1,OK,0.8749157,-0.4273271,-0.0517704,0.2218871,147.598,-128.075,-1501.518,0.4046228,3,OK,147.558,-127.914,-1501.721,OK,147.993,-191.410,-1428.413,OK,66.964,-166.781,-1492.847,Port 0x03: JJH Y femur tracker  s/n:3E4C8801,195969778,1738955762.968631672,1,OK,0.9988402,0.0007639,-0.0424867,-0.0226410,-209.320,18.295,-1670.141,0.5404044,3,OK,-208.820,18.168,-1670.098,OK,-264.102,100.865,-1674.842,OK,-302.250,23.060,-1678.062
3,Port 0x01: JJH Probe  s/n:3E4C880C,195969781,1738955763.018631672,1,Too Few Markers,-3.697314E28,-3.697314E28,-3.697314E28,-3.697314E28,-3.697314E28,-3.697314E28,-3.697314E28,0.0000000,3,Missing,-3.697314E28,-3.697314E28,-3.697314E28,Missing,-3.697314E28,-3.697314E28,-3.697314E28,Missing,-3.697314E28,-3.697314E28,-3.697314E28,Port 0x02: JJH T tibia tracker  s/n:3E4C8800,195969781,1738955763.018631672,1,OK,0.8747540,-0.4275879,-0.0519938,0.2219701,147.662,-128.211,-1501.848,0.4169149,3,OK,147.622,-128.034,-1502.071,OK,148.043,-191.525,-1428.694,OK,67.043,-166.945,-1493.191,Port 0x03: JJH Y femur tracker  s/n:3E4C8801,195969781,1738955763.018631672,1,OK,0.9991094,-0.0012671,-0.0277824,-0.0317327,-210.029,21.211,-1665.634,0.5516610,3,OK,-209.550,21.076,-1665.606,OK,-263.425,104.732,-1668.958,OK,-303.016,27.689,-1670.824
3,Port 0x01: JJH Probe  s/n:3E4C880C,195969784,1738955763.068631672,1,Too Few Markers,-3.697314E28,-3.697314E28,-3.697314E28,-3.697314E28,-3.697314E28,-3.697314E28,-3.697314E28,0.0000000,3,Missing,-3.697314E28,-3.697314E28,-3.697314E28,Missing,-3.697314E28,-3.697314E28,-3.697314E28,Missing,-3.697314E28,-3.697314E28,-3.697314E28,Port 0x02: JJH T tibia tracker  s/n:3E4C8800,195969784,1738955763.068631672,1,OK,0.8746992,-0.4275642,-0.0524404,0.2221263,147.761,-128.330,-1502.127,0.4115391,3,OK,147.721,-128.162,-1502.339,OK,148.143,-191.648,-1428.992,OK,67.160,-167.119,-1493.531,Port 0x03: JJH Y femur tracker  s/n:3E4C8801,195969784,1738955763.068631672,1,OK,0.9990623,-0.0013921,-0.0138349,-0.0410021,-210.523,24.098,-1661.063,0.5351408,3,OK,-210.052,23.961,-1661.049,OK,-262.413,108.613,-1662.823,OK,-303.491,32.285,-1663.655
3,Port 0x01: JJH Probe  s/n:3E4C880C,195969787,1738955763.118631672,1,Too Few Markers,-3.697314E28,-3.697314E28,-3.697314E28,-3.697314E28,-3.697314E28,-3.697314E28,-3.697314E28,0.0000000,3,Missing,-3.697314E28,-3.697314E28,-3.697314E28,Missing,-3.697314E28,-3.697314E28,-3.697314E28,Missing,-3.697314E28,-3.697314E28,-3.697314E28,Port 0x02: JJH T tibia tracker  s/n:3E4C8800,195969787,1738955763.118631672,1,OK,0.8745161,-0.4278317,-0.0526591,0.2222807,147.837,-128.484,-1502.490,0.4154474,3,OK,147.796,-128.303,-1502.717,OK,148.212,-191.772,-1429.313,OK,67.262,-167.312,-1493.897,Port 0x03: JJH Y femur tracker  s/n:3E4C8801,195969787,1738955763.118631672,1,OK,0.9987429,-0.0020889,-0.0001110,-0.0500830,-210.863,26.978,-1656.402,0.5281047,3,OK,-210.402,26.831,-1656.401,OK,-261.231,112.433,-1656.760,OK,-303.695,36.853,-1656.444
3,Port 0x01: JJH Probe  s/n:3E4C880C,195969790,1738955763.168631672,1,Too Few Markers,-3.697314E28,-3.697314E28,-3.697314E28,-3.697314E28,-3.697314E28,-3.697314E28,-3.697314E28,0.0000000,3,Missing,-3.697314E28,-3.697314E28,-3.697314E28,Missing,-3.697314E28,-3.697314E28,-3.697314E28,Missing,-3.697314E28,-3.697314E28,-3.697314E28,Port 0x02: JJH T tibia tracker  s/n:3E4C8800,195969790,1738955763.168631672,1,OK,0.8743750,-0.4280019,-0.0531696,0.2223865,147.868,-128.599,-1502.840,0.4268027,3,OK,147.825,-128.415,-1503.072,OK,148.230,-191.879,-1429.638,OK,67.305,-167.475,-1494.319,Port 0x03: JJH Y femur tracker  s/n:3E4C8801,195969790,1738955763.168631672,1,OK,0.9981131,-0.0029721,0.0152682,-0.0594001,-211.044,29.926,-1651.880,0.5171562,3,OK,-210.595,29.781,-1651.894,OK,-259.777,116.312,-1650.733,OK,-303.637,41.526,-1649.072
3,Port 0x01: JJH Probe  s/n:3E4C880C,195969793,1738955763.218631672,1,Too Few Markers,-3.697314E28,-3.697314E28,-3.697314E28,-3.697314E28,-3.697314E28,-3.697314E28,-3.697314E28,0.0000000,3,Missing,-3.697314E28,-3.697314E28,-3.697314E28,Missing,-3.697314E28,-3.697314E28,-3.697314E28,Missing,-3.697314E28,-3.697314E28,-3.697314E28,Port 0x02: JJH T tibia tracker  s/n:3E4C8800,195969793,1738955763.218631672,1,OK,0.8744355,-0.4276466,-0.0535638,0.2227374,147.960,-128.728,-1503.179,0.4124790,3,OK,147.918,-128.555,-1503.397,OK,148.362,-192.054,-1430.045,OK,67.434,-167.691,-1494.704,Port 0x03: JJH Y femur tracker  s/n:3E4C8801,195969793,1738955763.218631672,1,OK,0.9972621,-0.0035296,0.0281407,-0.0682938,-211.021,32.770,-1647.243,0.4955651,3,OK,-210.579,32.610,-1647.268,OK,-258.141,120.051,-1644.851,OK,-303.298,45.996,-1642.053
3,Port 0x01: JJH Probe  s/n:3E4C880C,195969796,1738955763.268631672,1,Too Few Markers,-3.697314E28,-3.697314E28,-3.697314E28,-3.697314E28,-3.697314E28,-3.697314E28,-3.697314E28,0.0000000,3,Missing,-3.697314E28,-3.697314E28,-3.697314E28,Missing,-3.697314E28,-3.697314E28,-3.697314E28,Missing,-3.697314E28,-3.697314E28,-3.697314E28,Port 0x02: JJH T tibia tracker  s/n:3E4C8800,195969796,1738955763.268631672,1,OK,0.8744881,-0.4272291,-0.0539873,0.2232290,148.118,-128.839,-1503.678,0.4151601,3,OK,148.078,-128.661,-1503.901,OK,148.588,-192.235,-1430.598,OK,67.640,-167.911,-1495.248,Port 0x03: JJH Y femur tracker  s/n:3E4C8801,195969796,1738955763.268631672,1,OK,0.9960363,-0.0052394,0.0439914,-0.0771292,-210.778,35.620,-1642.787,0.4821833,3,OK,-210.358,35.457,-1642.824,OK,-256.232,123.737,-1639.074,OK,-302.580,50.487,-1634.691
3,Port 0x01: JJH Probe  s/n:3E4C880C,195969799,1738955763.318631672,1,Too Few Markers,-3.697314E28,-3.697314E28,-3.697314E28,-3.697314E28,-3.697314E28,-3.697314E28,-3.697314E28,0.0000000,3,Missing,-3.697314E28,-3.697314E28,-3.697314E28,Missing,-3.697314E28,-3.697314E28,-3.697314E28,Missing,-3.697314E28,-3.697314E28,-3.697314E28,Port 0x02: JJH T tibia tracker  s/n:3E4C8800,195969799,1738955763.318631672,1,OK,0.8746734,-0.4263010,-0.0547438,0.2240914,148.312,-128.865,-1504.189,0.3928236,3,OK,148.272,-128.711,-1504.383,OK,148.909,-192.384,-1431.265,OK,67.916,-168.129,-1495.850,Port 0x03: JJH Y femur tracker  s/n:3E4C8801,195969799,1738955763.318631672,1,OK,0.9946477,-0.0069668,0.0574889,-0.0855709,-210.445,38.342,-1638.398,0.4673401,3,OK,-210.041,38.157,-1638.445,OK,-254.279,127.258,-1633.659,OK,-301.715,54.770,-1627.847
3,Port 0x01: JJH Probe  s/n:3E4C880C,195969802,1738955763.368631672,1,Too Few Markers,-3.697314E28,-3.697314E28,-3.697314E28,-3.697314E28,-3.697314E28,-3.697314E28,-3.697314E28,0.0000000,3,Missing,-3.697314E28,-3.697314E28,-3.697314E28,Missing,-3.697314E28,-3.697314E28,-3.697314E28,Missing,-3.697314E28,-3.697314E28,-3.697314E28,Port 0x02: JJH T tibia tracker  s/n:3E4C8800,195969802,1738955763.368631672,1,OK,0.8746066,-0.4259581,-0.0553573,0.2248525,148.552,-128.886,-1504.828,0.4251183,3,OK,148.511,-128.709,-1505.049,OK,149.263,-192.483,-1431.915,OK,68.219,-168.306,-1496.550,Port 0x03: JJH Y femur tracker  s/n:3E4C8801,195969802,1738955763.368631672,1,OK,0.9931783,-0.0071031,0.0690623,-0.0936847,-209.928,40.979,-1634.114,0.4498658,3,OK,-209.536,40.801,-1634.168,OK,-252.143,130.609,-1628.315,OK,-300.658,58.882,-1621.445
3,Port 0x01: JJH Probe  s/n:3E4C880C,195969805,1738955763.418631672,1,Too Few Markers,-3.697314E28,-3.697314E28,-3.697314E28,-3.697314E28,-3.697314E28,-3.697314E28,-3.697314E28,0.0000000,3,Missing,-3.697314E28,-3.697314E28,-3.697314E28,Missing,-3.697314E28,-3.697314E28,-3.697314E28,Missing,-3.697314E28,-3.697314E28,-3.697314E28,Port 0x02: JJH T tibia tracker  s/n:3E4C8800,195969805,1738955763.418631672,1,OK,0.8747078,-0.4252321,-0.0558165,0.2257177,148.768,-128.927,-1505.446,0.4224612,3,OK,148.724,-128.749,-1505.668,OK,149.618,-192.630,-1432.627,OK,68.521,-168.515,-1497.201,Port 0x03: JJH Y femur tracker  s/n:3E4C8801,195969805,1738955763.418631672,1,OK,0.9913398,-0.0089463,0.0830287,-0.1013488,-209.316,43.482,-1630.152,0.4353600,3,OK,-208.937,43.300,-1630.216,OK,-249.947,133.785,-1623.377,OK,-299.367,62.800,-1614.970
3,Port 0x01: JJH Probe  s/n:3E4C880C,195969808,1738955763.468631672,1,Too Few Markers,-3.697314E28,-3.697314E28,-3.697314E28,-3.697314E28,-3.697314E28,-3.697314E28,-3.697314E28,0.0000000,3,Missing,-3.697314E28,-3.697314E28,-3.697314E28,Missing,-3.697314E28,-3.697314E28,-3.697314E28,Missing,-3.697314E28,-3.697314E28,-3.697314E28,Port 0x02: JJH T tibia tracker  s/n:3E4C8800,195969808,1738955763.468631672,1,OK,0.8748109,-0.4245913,-0.0563169,0.2263991,148.926,-128.958,-1505.955,0.4284946,3,OK,148.877,-128.784,-1506.176,OK,149.890,-192.761,-1433.217,OK,68.741,-168.685,-1497.771,Port 0x03: JJH Y femur tracker  s/n:3E4C8801,195969808,1738955763.468631672,1,OK,0.9894777,-0.0096030,0.0949035,-0.1087887,-208.605,45.852,-1626.425,0.4267944,3,OK,-208.234,45.657,-1626.497,OK,-247.680,136.782,-1618.715,OK,-297.963,66.527,-1609.107
3,Port 0x01: JJH Probe  s/n:3E4C880C,195969811,1738955763.518631672,1,Too Few Markers,-3.697314E28,-3.697314E28,-3.697314E28,-3.697314E28,-3.697314E28,-3.697314E28,-3.697314E28,0.0000000,3,Missing,-3.697314E28,-3.697314E28,-3.697314E28,Missing,-3.697314E28,-3.697314E28,-3.697314E28,Missing,-3.697314E28,-3.697314E28,-3.697314E28,Port 0x02: JJH T tibia tracker  s/n:3E4C8800,195969811,1738955763.518631672,1,OK,0.8748265,-0.4241565,-0.0568657,0.2270159,149.035,-129.007,-1506.395,0.4196906,3,OK,148.988,-128.837,-1506.609,OK,150.078,-192.871,-1433.728,OK,68.913,-168.871,-1498.264,Port 0x03: JJH Y femur tracker  s/n:3E4C8801,195969811,1738955763.518631672,1,OK,0.9874886,-0.0095959,0.1063135,-0.1160671,-207.750,48.189,-1622.688,0.4192603,3,OK,-207.388,47.992,-1622.768,OK,-245.258,139.691,-1614.008,OK,-296.371,70.176,-1603.316
3,Port 0x01: JJH Probe  s/n:3E4C880C,195969814,1738955763.568631672,1,Too Few Markers,-3.697314E28,-3.697314E28,-3.697314E28,-3.697314E28,-3.697314E28,-3.697314E28,-3.697314E28,0.0000000,3,Missing,-3.697314E28,-3.697314E28,-3.697314E28,Missing,-3.697314E28,-3.697314E28,-3.697314E28,Missing,-3.697314E28,-3.697314E28,-3.697314E28,Port 0x02: JJH T tibia tracker  s/n:3E4C8800,195969814,1738955763.568631672,1,OK,0.8749538,-0.4235946,-0.0572495,0.2274774,149.077,-129.096,-1506.821,0.4109890,3,OK,149.035,-128.929,-1507.029,OK,150.188,-193.039,-1434.241,OK,68.999,-169.065,-1498.735,Port 0x03: JJH Y femur tracker  s/n:3E4C8801,195969814,1738955763.568631672,1,OK,0.9852890,-0.0115150,0.1180549,-0.1230288,-206.826,50.445,-1619.000,0.3842992,3,OK,-206.487,50.239,-1619.083,OK,-242.800,142.536,-1609.681,OK,-294.645,73.683,-1597.570
3,Port 0x01: JJH Probe  s/n:3E4C880C,195969817,1738955763.618631672,1,Too Few Markers,-3.697314E28,-3.697314E28,-3.697314E28,-3.697314E28,-3.697314E28,-3.697314E28,-3.697314E28,0.0000000,3,Missing,-3.697314E28,-3.697314E28,-3.697314E28,Missing,-3.697314E28,-3.697314E28,-3.697314E28,Missing,-3.697314E28,-3.697314E28,-3.697314E28,Port 0x02: JJH T tibia tracker  s/n:3E4C8800,195969817,1738955763.618631672,1,OK,0.8750786,-0.4230213,-0.0577677,0.2279325,149.206,-129.180,-1507.360,0.4219589,3,OK,149.161,-129.013,-1507.569,OK,150.390,-193.220,-1434.853,OK,69.168,-169.254,-1499.355,Port 0x03: JJH Y femur tracker  s/n:3E4C8801,195969817,1738955763.618631672,1,OK,0.9829728,-0.0121228,0.1291735,-0.1301223,-205.741,52.728,-1615.358,0.3664186,3,OK,-205.427,52.532,-1615.443,OK,-240.131,145.338,-1605.270,OK,-292.700,77.236,-1591.974
3,Port 0x01: JJH Probe  s/n:3E4C880C,195969820,1738955763.668631672,1,Too Few Markers,-3.697314E28,-3.697314E28,-3.697314E28,-3.697314E28,-3.697314E28,-3.697314E28,-3.697314E28,0.0000000,3,Missing,-3.697314E28,-3.697314E28,-3.697314E28,Missing,-3.697314E28,-3.697314E28,-3.697314E28,Missing,-3.697314E28,-3.697314E28,-3.697314E28,Port 0x02: JJH T tibia tracker  s/n:3E4C8800,195969820,1738955763.668631672,1,OK,0.8753284,-0.4220266,-0.0581802,0.2287113,149.372,-129.271,-1507.957,0.4247777,3,OK,149.329,-129.094,-1508.174,OK,150.691,-193.463,-1435.577,OK,69.409,-169.500,-1499.996,Port 0x03: JJH Y femur tracker  s/n:3E4C8801,195969820,1738955763.668631672,1,OK,0.9802676,-0.0131370,0.1415938,-0.1373100,-204.525,55.061,-1611.697,0.3464362,3,OK,-204.221,54.857,-1611.789,OK,-237.250,148.208,-1600.832,OK,-290.509,80.843,-1586.146
3,Port 0x01: JJH Probe  s/n:3E4C880C,195969823,1738955763.718631672,1,Too Few Markers,-3.697314E28,-3.697314E28,-3.697314E28,-3.697314E28,-3.697314E28,-3.697314E28,-3.697314E28,0.0000000,3,Missing,-3.697314E28,-3.697314E28,-3.697314E28,Missing,-3.697314E28,-3.697314E28,-3.697314E28,Missing,-3.697314E28,-3.697314E28,-3.697314E28,Port 0x02: JJH T tibia tracker  s/n:3E4C8800,195969823,1738955763.718631672,1,OK,0.8755955,-0.4208753,-0.0590517,0.2295853,149.538,-129.367,-1508.640,0.4333565,3,OK,149.485,-129.198,-1508.852,OK,151.001,-193.740,-1436.415,OK,69.658,-169.790,-1500.813,Port 0x03: JJH Y femur tracker  s/n:3E4C8801,195969823,1738955763.718631672,1,OK,0.9775798,-0.0128112,0.1524928,-0.1446356,-203.166,57.392,-1607.907,0.3203546,3,OK,-202.895,57.194,-1607.996,OK,-234.185,151.033,-1596.210,OK,-288.146,84.432,-1580.454
3,Port 0x01: JJH Probe  s/n:3E4C880C,195969826,1738955763.768631672,1,Too Few Markers,-3.697314E28,-3.697314E28,-3.697314E28,-3.697314E28,-3.697314E28,-3.697314E28,-3.697314E28,0.0000000,3,Missing,-3.697314E28,-3.697314E28,-3.697314E28,Missing,-3.697314E28,-3.697314E28,-3.697314E28,Missing,-3.697314E28,-3.697314E28,-3.697314E28,Port 0x02: JJH T tibia tracker  s/n:3E4C8800,195969826,1738955763.768631672,1,OK,0.8760809,-0.4192483,-0.0594117,0.2306153,149.779,-129.399,-1509.351,0.4069322,3,OK,149.735,-129.237,-1509.550,OK,151.432,-193.990,-1437.369,OK,70.002,-170.023,-1501.559,Port 0x03: JJH Y femur tracker  s/n:3E4C8801,195969826,1738955763.768631672,1,OK,0.9742034,-0.0145144,0.1661001,-0.1520785,-201.626,59.822,-1604.145,0.3110861,3,OK,-201.351,59.620,-1604.246,OK,-230.847,153.966,-1591.778,OK,-285.413,88.190,-1574.373
3,Port 0x01: JJH Probe  s/n:3E4C880C,195969829,1738955763.818631672,1,Too Few Markers,-3.697314E28,-3.697314E28,-3.697314E28,-3.697314E28,-3.697314E28,-3.697314E28,-3.697314E28,0.0000000,3,Missing,-3.697314E28,-3.697314E28,-3.697314E28,Missing,-3.697314E28,-3.697314E28,-3.697314E28,Missing,-3.697314E28,-3.697314E28,-3.697314E28,Port 0x02: JJH T tibia tracker  s/n:3E4C8800,195969829,1738955763.818631672,1,OK,0.8764387,-0.4176724,-0.0606048,0.2318018,150.034,-129.452,-1510.162,0.4202935,3,OK,149.986,-129.298,-1510.353,OK,151.887,-194.286,-1438.394,OK,70.363,-170.342,-1502.555,Port 0x03: JJH Y femur tracker  s/n:3E4C8801,195969829,1738955763.818631672,1,OK,0.9708021,-0.0145789,0.1784262,-0.1596709,-199.943,62.233,-1600.319,0.3042706,3,OK,-199.685,62.019,-1600.422,OK,-227.321,156.836,-1587.150,OK,-282.479,91.905,-1568.448
3,Port 0x01: JJH Probe  s/n:3E4C880C,195969832,1738955763.868631677,1,Too Few Markers,-3.697314E28,-3.697314E28,-3.697314E28,-3.697314E28,-3.697314E28,-3.697314E28,-3.697314E28,0.0000000,3,Missing,-3.697314E28,-3.697314E28,-3.697314E28,Missing,-3.697314E28,-3.697314E28,-3.697314E28,Missing,-3.697314E28,-3.697314E28,-3.697314E28,Port 0x02: JJH T tibia tracker  s/n:3E4C8800,195969832,1738955763.868631677,1,OK,0.8770809,-0.4155823,-0.0612075,0.2329682,150.286,-129.611,-1511.119,0.4046016,3,OK,150.237,-129.458,-1511.306,OK,152.354,-194.745,-1439.648,OK,70.739,-170.738,-1503.601,Port 0x03: JJH Y femur tracker  s/n:3E4C8801,195969832,1738955763.868631677,1,OK,0.9672239,-0.0151036,0.1905083,-0.1672015,-198.145,64.597,-1596.500,0.2824773,3,OK,-197.905,64.387,-1596.605,OK,-223.658,159.640,-1582.682,OK,-279.395,95.545,-1562.604
3,Port 0x01: JJH Probe  s/n:3E4C880C,195969835,1738955763.918631677,1,Too Few Markers,-3.697314E28,-3.697314E28,-3.697314E28,-3.697314E28,-3.697314E28,-3.697314E28,-3.697314E28,0.0000000,3,Missing,-3.697314E28,-3.697314E28,-3.697314E28,Missing,-3.697314E28,-3.697314E28,-3.697314E28,Missing,-3.697314E28,-3.697314E28,-3.697314E28,Port 0x02: JJH T tibia tracker  s/n:3E4C8800,195969835,1738955763.918631677,1,OK,0.8776513,-0.4135897,-0.0620125,0.2341500,150.593,-129.820,-1512.207,0.4333217,3,OK,150.544,-129.646,-1512.416,OK,152.893,-195.270,-1440.982,OK,71.150,-171.191,-1504.827,Port 0x03: JJH Y femur tracker  s/n:3E4C8801,195969835,1738955763.918631677,1,OK,0.9632465,-0.0159533,0.2036115,-0.1744820,-196.236,66.916,-1592.812,0.2666503,3,OK,-196.003,66.711,-1592.922,OK,-219.869,162.358,-1578.355,OK,-276.077,99.093,-1556.743
3,Port 0x01: JJH Probe  s/n:3E4C880C,195969838,1738955763.968631677,1,Too Few Markers,-3.697314E28,-3.697314E28,-3.697314E28,-3.697314E28,-3.697314E28,-3.697314E28,-3.697314E28,0.0000000,3,Missing,-3.697314E28,-3.697314E28,-3.697314E28,Missing,-3.697314E28,-3.697314E28,-3.697314E28,Missing,-3.697314E28,-3.697314E28,-3.697314E28,Port 0x02: JJH T tibia tracker  s/n:3E4C8800,195969838,1738955763.968631677,1,OK,0.8783814,-0.4111755,-0.0630513,0.2353835,150.883,-129.969,-1513.195,0.4449268,3,OK,150.825,-129.799,-1513.402,OK,153.422,-195.785,-1442.299,OK,71.561,-171.606,-1506.008,Port 0x03: JJH Y femur tracker  s/n:3E4C8801,195969838,1738955763.968631677,1,OK,0.9594847,-0.0163036,0.2149111,-0.1814840,-194.281,69.111,-1589.225,0.2521209,3,OK,-194.071,68.907,-1589.332,OK,-216.130,164.901,-1574.215,OK,-272.761,102.451,-1551.315
3,Port 0x01: JJH Probe  s/n:3E4C880C,195969841,1738955764.018631677,1,Too Few Markers,-3.697314E28,-3.697314E28,-3.697314E28,-3.697314E28,-3.697314E28,-3.697314E28,-3.697314E28,0.0000000,3,Missing,-3.697314E28,-3.697314E28,-3.697314E28,Missing,-3.697314E28,-3.697314E28,-3.697314E28,Missing,-3.697314E28,-3.697314E28,-3.697314E28,Port 0x02: JJH T tibia tracker  s/n:3E4C8800,195969841,1738955764.018631677,1,OK,0.8790878,-0.4088741,-0.0636022,0.2366040,151.124,-130.122,-1514.146,0.4317070,3,OK,151.074,-129.951,-1514.349,OK,153.905,-196.258,-1443.579,OK,71.921,-172.003,-1507.051,Port 0x03: JJH Y femur tracker  s/n:3E4C8801,195969841,1738955764.018631677,1,OK,0.9555225,-0.0171934,0.2264204,-0.1881885,-192.302,71.163,-1585.768,0.2305473,3,OK,-192.104,70.971,-1585.876,OK,-212.388,167.274,-1570.321,OK,-269.391,105.607,-1546.009
3,Port 0x01: JJH Probe  s/n:3E4C880C,195969844,1738955764.068631677,1,Too Few Markers,-3.697314E28,-3.697314E28,-3.697314E28,-3.697314E28,-3.697314E28,-3.697314E28,-3.697314E28,0.0000000,3,Missing,-3.697314E28,-3.697314E28,-3.697314E28,Missing,-3.697314E28,-3.697314E28,-3.697314E28,Missing,-3.697314E28,-3.697314E28,-3.697314E28,Port 0x02: JJH T tibia tracker  s/n:3E4C8800,195969844,1738955764.068631677,1,OK,0.8798976,-0.4064036,-0.0646938,0.2375522,151.293,-130.347,-1515.003,0.4296483,3,OK,151.244,-130.185,-1515.193,OK,154.256,-196.846,-1444.801,OK,72.186,-172.461,-1508.131,Port 0x03: JJH Y femur tracker  s/n:3E4C8801,195969844,1738955764.068631677,1,OK,0.9516523,-0.0174300,0.2371514,-0.1944565,-190.336,73.098,-1582.520,0.2221017,3,OK,-190.146,72.903,-1582.631,OK,-208.741,169.481,-1566.595,OK,-266.060,108.546,-1541.043
3,Port 0x01: JJH Probe  s/n:3E4C880C,195969847,1738955764.118631677,1,Too Few Markers,-3.697314E28,-3.697314E28,-3.697314E28,-3.697314E28,-3.697314E28,-3.697314E28,-3.697314E28,0.0000000,3,Missing,-3.697314E28,-3.697314E28,-3.697314E28,Missing,-3.697314E28,-3.697314E28,-3.697314E28,Missing,-3.697314E28,-3.697314E28,-3.697314E28,Port 0x02: JJH T tibia tracker  s/n:3E4C8800,195969847,1738955764.118631677,1,OK,0.8807589,-0.4040782,-0.0654950,0.2381071,151.314,-130.725,-1515.938,0.4377555,3,OK,151.251,-130.563,-1516.133,OK,154.401,-197.586,-1446.064,OK,72.282,-172.986,-1509.264,Port 0x03: JJH Y femur tracker  s/n:3E4C8801,195969847,1738955764.118631677,1,OK,0.9477810,-0.0182134,0.2474004,-0.2004310,-188.358,74.993,-1579.445,0.1980743,3,OK,-188.199,74.806,-1579.545,OK,-205.165,171.625,-1563.193,OK,-262.698,111.401,-1536.386
3,Port 0x01: JJH Probe  s/n:3E4C880C,195969850,1738955764.168631677,1,Too Few Markers,-3.697314E28,-3.697314E28,-3.697314E28,-3.697314E28,-3.697314E28,-3.697314E28,-3.697314E28,0.0000000,3,Missing,-3.697314E28,-3.697314E28,-3.697314E28,Missing,-3.697314E28,-3.697314E28,-3.697314E28,Missing,-3.697314E28,-3.697314E28,-3.697314E28,Port 0x02: JJH T tibia tracker  s/n:3E4C8800,195969850,1738955764.168631677,1,OK,0.8814650,-0.4022228,-0.0663874,0.2383883,151.247,-131.122,-1516.682,0.4499173,3,OK,151.189,-130.956,-1516.878,OK,154.396,-198.278,-1447.082,OK,72.243,-173.498,-1510.226,Port 0x03: JJH Y femur tracker  s/n:3E4C8801,195969850,1738955764.168631677,1,OK,0.9439968,-0.0188264,0.2570182,-0.2060516,-186.416,76.682,-1576.568,0.1801254,3,OK,-186.270,76.510,-1576.665,OK,-201.691,173.520,-1560.025,OK,-259.434,113.978,-1532.029
3,Port 0x01: JJH Probe  s/n:3E4C880C,195969853,1738955764.218631677,1,Too Few Markers,-3.697314E28,-3.697314E28,-3.697314E28,-3.697314E28,-3.697314E28,-3.697314E28,-3.697314E28,0.0000000,3,Missing,-3.697314E28,-3.697314E28,-3.697314E28,Missing,-3.697314E28,-3.697314E28,-3.697314E28,Missing,-3.697314E28,-3.697314E28,-3.697314E28,Port 0x02: JJH T tibia tracker  s/n:3E4C8800,195969853,1738955764.218631677,1,OK,0.8820959,-0.4005513,-0.0674533,0.2385699,151.244,-131.518,-1517.301,0.4617132,3,OK,151.176,-131.363,-1517.488,OK,154.427,-198.943,-1447.954,OK,72.271,-173.994,-1511.096,Port 0x03: JJH Y femur tracker  s/n:3E4C8801,195969853,1738955764.218631677,1,OK,0.9398689,-0.0186974,0.2672344,-0.2118554,-184.317,78.406,-1573.927,0.1930916,3,OK,-184.160,78.224,-1574.037,OK,-197.965,175.413,-1556.951,OK,-255.898,116.598,-1527.799
3,Port 0x01: JJH Probe  s/n:3E4C880C,195969856,1738955764.268631677,1,Too Few Markers,-3.697314E28,-3.697314E28,-3.697314E28,-3.697314E28,-3.697314E28,-3.697314E28,-3.697314E28,0.0000000,3,Missing,-3.697314E28,-3.697314E28,-3.697314E28,Missing,-3.697314E28,-3.697314E28,-3.697314E28,Missing,-3.697314E28,-3.697314E28,-3.697314E28,Port 0x02: JJH T tibia tracker  s/n:3E4C8800,195969856,1738955764.268631677,1,OK,0.8829476,-0.3985277,-0.0679127,0.2386779,151.177,-132.030,-1518.005,0.4546213,3,OK,151.120,-131.863,-1518.198,OK,154.400,-199.764,-1448.966,OK,72.228,-174.577,-1511.949,Port 0x03: JJH Y femur tracker  s/n:3E4C8801,195969856,1738955764.268631677,1,OK,0.9358131,-0.0196674,0.2766121,-0.2176071,-182.162,80.053,-1571.177,0.1748447,3,OK,-182.026,79.881,-1571.279,OK,-194.257,177.246,-1554.056,OK,-252.327,119.150,-1523.679
3,Port 0x01: JJH Probe  s/n:3E4C880C,195969859,1738955764.318631677,1,Too Few Markers,-3.697314E28,-3.697314E28,-3.697314E28,-3.697314E28,-3.697314E28,-3.697314E28,-3.697314E28,0.0000000,3,Missing,-3.697314E28,-3.697314E28,-3.697314E28,Missing,-3.697314E28,-3.697314E28,-3.697314E28,Missing,-3.697314E28,-3.697314E28,-3.697314E28,Port 0x02: JJH T tibia tracker  s/n:3E4C8800,195969859,1738955764.318631677,1,OK,0.8839704,-0.3959366,-0.0690163,0.2388876,151.130,-132.585,-1518.819,0.4560191,3,OK,151.071,-132.420,-1519.008,OK,154.404,-200.720,-1450.178,OK,72.224,-175.253,-1513.049,Port 0x03: JJH Y femur tracker  s/n:3E4C8801,195969859,1738955764.318631677,1,OK,0.9316022,-0.0194925,0.2861630,-0.2232670,-179.986,81.726,-1568.605,0.1839808,3,OK,-179.850,81.543,-1568.714,OK,-190.493,179.042,-1551.137,OK,-248.675,121.674,-1519.680
3,Port 0x01: JJH Probe  s/n:3E4C880C,195969862,1738955764.368631677,1,Too Few Markers,-3.697314E28,-3.697314E28,-3.697314E28,-3.697314E28,-3.697314E28,-3.697314E28,-3.697314E28,0.0000000,3,Missing,-3.697314E28,-3.697314E28,-3.697314E28,Missing,-3.697314E28,-3.697314E28,-3.697314E28,Missing,-3.697314E28,-3.697314E28,-3.697314E28,Port 0x02: JJH T tibia tracker  s/n:3E4C8800,195969862,1738955764.368631677,1,OK,0.8850827,-0.3930031,-0.0699666,0.2393363,151.153,-133.082,-1519.672,0.4398548,3,OK,151.100,-132.929,-1519.846,OK,154.534,-201.638,-1451.493,OK,72.309,-175.903,-1514.156,Port 0x03: JJH Y femur tracker  s/n:3E4C8801,195969862,1738955764.368631677,1,OK,0.9273721,-0.0198629,0.2953635,-0.2287943,-177.743,83.308,-1566.070,0.1806719,3,OK,-177.614,83.121,-1566.179,OK,-186.693,180.761,-1548.409,OK,-244.976,124.074,-1515.810
3,Port 0x01: JJH Probe  s/n:3E4C880C,195969865,1738955764.418631677,1,Too Few Markers,-3.697314E28,-3.697314E28,-3.697314E28,-3.697314E28,-3.697314E28,-3.697314E28,-3.697314E28,0.0000000,3,Missing,-3.697314E28,-3.697314E28,-3.697314E28,Missing,-3.697314E28,-3.697314E28,-3.697314E28,Missing,-3.697314E28,-3.697314E28,-3.697314E28,Port 0x02: JJH T tibia tracker  s/n:3E4C8800,195969865,1738955764.418631677,1,OK,0.8859662,-0.3906492,-0.0708296,0.2396669,151.245,-133.569,-1520.566,0.4600408,3,OK,151.185,-133.400,-1520.756,OK,154.714,-202.495,-1452.722,OK,72.449,-176.505,-1515.281,Port 0x03: JJH Y femur tracker  s/n:3E4C8801,195969865,1738955764.418631677,1,OK,0.9230014,-0.0209529,0.3046311,-0.2341566,-175.461,84.851,-1563.562,0.1635298,3,OK,-175.343,84.686,-1563.666,OK,-182.893,182.421,-1545.864,OK,-241.211,126.425,-1512.005
3,Port 0x01: JJH Probe  s/n:3E4C880C,195969868,1738955764.468631677,1,Too Few Markers,-3.697314E28,-3.697314E28,-3.697314E28,-3.697314E28,-3.697314E28,-3.697314E28,-3.697314E28,0.0000000,3,Missing,-3.697314E28,-3.697314E28,-3.697314E28,Missing,-3.697314E28,-3.697314E28,-3.697314E28,Missing,-3.697314E28,-3.697314E28,-3.697314E28,Port 0x02: JJH T tibia tracker  s/n:3E4C8800,195969868,1738955764.468631677,1,OK,0.8871172,-0.3874902,-0.0721455,0.2401449,151.363,-134.031,-1521.422,0.4548914,3,OK,151.295,-133.890,-1521.587,OK,154.950,-203.409,-1454.077,OK,72.635,-177.132,-1516.476,Port 0x03: JJH Y femur tracker  s/n:3E4C8801,195969868,1738955764.468631677,1,OK,0.9188681,-0.0208098,0.3129815,-0.2393551,-173.189,86.316,-1561.295,0.1696215,3,OK,-173.074,86.138,-1561.403,OK,-179.147,183.955,-1543.390,OK,-237.508,128.632,-1508.560
3,Port 0x01: JJH Probe  s/n:3E4C880C,195969871,1738955764.518593920,1,Too Few Markers,-3.697314E28,-3.697314E28,-3.697314E28,-3.697314E28,-3.697314E28,-3.697314E28,-3.697314E28,0.0000000,3,Missing,-3.697314E28,-3.697314E28,-3.697314E28,Missing,-3.697314E28,-3.697314E28,-3.697314E28,Missing,-3.697314E28,-3.697314E28,-3.697314E28,Port 0x02: JJH T tibia tracker  s/n:3E4C8800,195969871,1738955764.518593920,1,OK,0.8880906,-0.3849822,-0.0725191,0.2404677,151.393,-134.614,-1522.428,0.4694092,3,OK,151.331,-134.439,-1522.619,OK,155.088,-204.373,-1455.437,OK,72.703,-177.808,-1517.631,Port 0x03: JJH Y femur tracker  s/n:3E4C8801,195969871,1738955764.518593920,1,OK,0.9147196,-0.0213203,0.3210530,-0.2444553,-170.947,87.707,-1559.096,0.1481964,3,OK,-170.856,87.543,-1559.189,OK,-175.475,185.415,-1541.146,OK,-233.835,130.751,-1505.283
3,Port 0x01: JJH Probe  s/n:3E4C880C,195969874,1738955764.568593920,1,Too Few Markers,-3.697314E28,-3.697314E28,-3.697314E28,-3.697314E28,-3.697314E28,-3.697314E28,-3.697314E28,0.0000000,3,Missing,-3.697314E28,-3.697314E28,-3.697314E28,Missing,-3.697314E28,-3.697314E28,-3.697314E28,Missing,-3.697314E28,-3.697314E28,-3.697314E28,Port 0x02: JJH T tibia tracker  s/n:3E4C8800,195969874,1738955764.568593920,1,OK,0.8892143,-0.3819088,-0.0739137,0.2407912,151.388,-135.161,-1523.250,0.4698558,3,OK,151.324,-135.003,-1523.425,OK,155.166,-205.367,-1456.748,OK,72.752,-178.503,-1518.811,Port 0x03: JJH Y femur tracker  s/n:3E4C8801,195969874,1738955764.568593920,1,OK,0.9104100,-0.0221566,0.3294383,-0.2492653,-168.750,89.015,-1556.973,0.1486972,3,OK,-168.658,88.856,-1557.070,OK,-171.888,186.782,-1539.032,OK,-230.195,132.756,-1502.040
3,Port 0x01: JJH Probe  s/n:3E4C880C,195969877,1738955764.618593920,1,Too Few Markers,-3.697314E28,-3.697314E28,-3.697314E28,-3.697314E28,-3.697314E28,-3.697314E28,-3.697314E28,0.0000000,3,Missing,-3.697314E28,-3.697314E28,-3.697314E28,Missing,-3.697314E28,-3.697314E28,-3.697314E28,Missing,-3.697314E28,-3.697314E28,-3.697314E28,Port 0x02: JJH T tibia tracker  s/n:3E4C8800,195969877,1738955764.618593920,1,OK,0.8904235,-0.3788828,-0.0745454,0.2409084,151.418,-135.746,-1524.119,0.4513054,3,OK,151.359,-135.589,-1524.289,OK,155.257,-206.377,-1458.100,OK,72.820,-179.169,-1519.905,Port 0x03: JJH Y femur tracker  s/n:3E4C8801,195969877,1738955764.618593920,1,OK,0.9062788,-0.0227027,0.3370477,-0.2540514,-166.420,90.301,-1554.916,0.1239323,3,OK,-166.352,90.162,-1554.994,OK,-168.198,188.106,-1536.993,OK,-226.457,134.700,-1499.009
3,Port 0x01: JJH Probe  s/n:3E4C880C,195969880,1738955764.668593920,1,Too Few Markers,-3.697314E28,-3.697314E28,-3.697314E28,-3.697314E28,-3.697314E28,-3.697314E28,-3.697314E28,0.0000000,3,Missing,-3.697314E28,-3.697314E28,-3.697314E28,Missing,-3.697314E28,-3.697314E28,-3.697314E28,Missing,-3.697314E28,-3.697314E28,-3.697314E28,Port 0x02: JJH T tibia tracker  s/n:3E4C8800,195969880,1738955764.668593920,1,OK,0.8918020,-0.3753158,-0.0756524,0.2410476,151.413,-136.484,-1525.112,0.4597782,3,OK,151.348,-136.322,-1525.286,OK,155.330,-207.639,-1459.645,OK,72.858,-180.009,-1521.242,Port 0x03: JJH Y femur tracker  s/n:3E4C8801,195969880,1738955764.668593920,1,OK,0.9018738,-0.0233730,0.3451408,-0.2587572,-164.081,91.557,-1552.876,0.1212866,3,OK,-164.013,91.429,-1552.955,OK,-164.485,189.379,-1534.990,OK,-222.652,136.609,-1495.926
3,Port 0x01: JJH Probe  s/n:3E4C880C,195969883,1738955764.718593920,1,Too Few Markers,-3.697314E28,-3.697314E28,-3.697314E28,-3.697314E28,-3.697314E28,-3.697314E28,-3.697314E28,0.0000000,3,Missing,-3.697314E28,-3.697314E28,-3.697314E28,Missing,-3.697314E28,-3.697314E28,-3.697314E28,Missing,-3.697314E28,-3.697314E28,-3.697314E28,Port 0x02: JJH T tibia tracker  s/n:3E4C8800,195969883,1738955764.718593920,1,OK,0.8931875,-0.3716798,-0.0770189,0.2411190,151.345,-137.226,-1526.160,0.4719378,3,OK,151.282,-137.066,-1526.328,OK,155.324,-208.910,-1461.267,OK,72.816,-180.858,-1522.691,Port 0x03: JJH Y femur tracker  s/n:3E4C8801,195969883,1738955764.718593920,1,OK,0.8971174,-0.0234277,0.3536956,-0.2636873,-161.676,92.866,-1550.908,0.1316862,3,OK,-161.603,92.730,-1550.998,OK,-160.602,190.673,-1532.961,OK,-218.661,138.561,-1492.848
3,Port 0x01: JJH Probe  s/n:3E4C880C,195969886,1738955764.768593920,1,Too Few Markers,-3.697314E28,-3.697314E28,-3.697314E28,-3.697314E28,-3.697314E28,-3.697314E28,-3.697314E28,0.0000000,3,Missing,-3.697314E28,-3.697314E28,-3.697314E28,Missing,-3.697314E28,-3.697314E28,-3.697314E28,Missing,-3.697314E28,-3.697314E28,-3.697314E28,Port 0x02: JJH T tibia tracker  s/n:3E4C8800,195969886,1738955764.768593920,1,OK,0.8944179,-0.3685399,-0.0779399,0.2410818,151.335,-137.880,-1527.056,0.4619286,3,OK,151.267,-137.722,-1527.224,OK,155.342,-210.010,-1462.672,OK,72.842,-181.576,-1523.882,Port 0x03: JJH Y femur tracker  s/n:3E4C8801,195969886,1738955764.768593920,1,OK,0.8922952,-0.0242874,0.3619246,-0.2687565,-159.057,94.163,-1548.836,0.1144679,3,OK,-159.005,94.046,-1548.907,OK,-156.520,191.977,-1531.034,OK,-214.438,140.529,-1489.796
3,Port 0x01: JJH Probe  s/n:3E4C880C,195969889,1738955764.818593920,1,Too Few Markers,-3.697314E28,-3.697314E28,-3.697314E28,-3.697314E28,-3.697314E28,-3.697314E28,-3.697314E28,0.0000000,3,Missing,-3.697314E28,-3.697314E28,-3.697314E28,Missing,-3.697314E28,-3.697314E28,-3.697314E28,Missing,-3.697314E28,-3.697314E28,-3.697314E28,Port 0x02: JJH T tibia tracker  s/n:3E4C8800,195969889,1738955764.818593920,1,OK,0.8954619,-0.3656746,-0.0792404,0.2411453,151.305,-138.467,-1527.958,0.4743740,3,OK,151.241,-138.320,-1528.113,OK,155.360,-211.005,-1464.037,OK,72.828,-182.257,-1525.143,Port 0x03: JJH Y femur tracker  s/n:3E4C8801,195969889,1738955764.818593920,1,OK,0.8874099,-0.0246127,0.3699953,-0.2738638,-156.392,95.460,-1546.767,0.1063268,3,OK,-156.350,95.345,-1546.831,OK,-152.378,193.238,-1529.037,OK,-210.143,142.482,-1486.771
3,Port 0x01: JJH Probe  s/n:3E4C880C,195969892,1738955764.868593919,1,Too Few Markers,-3.697314E28,-3.697314E28,-3.697314E28,-3.697314E28,-3.697314E28,-3.697314E28,-3.697314E28,0.0000000,3,Missing,-3.697314E28,-3.697314E28,-3.697314E28,Missing,-3.697314E28,-3.697314E28,-3.697314E28,Missing,-3.697314E28,-3.697314E28,-3.697314E28,Port 0x02: JJH T tibia tracker  s/n:3E4C8800,195969892,1738955764.868593919,1,OK,0.8966668,-0.3623810,-0.0806696,0.2411661,151.297,-139.254,-1528.987,0.5030992,3,OK,151.226,-139.089,-1529.158,OK,155.396,-212.288,-1465.577,OK,72.853,-183.134,-1526.572,Port 0x03: JJH Y femur tracker  s/n:3E4C8801,195969892,1738955764.868593919,1,OK,0.8823341,-0.0248189,0.3783376,-0.2788030,-153.650,96.701,-1544.844,0.1079535,3,OK,-153.606,96.583,-1544.914,OK,-148.163,194.410,-1527.167,OK,-205.726,144.340,-1483.858
3,Port 0x01: JJH Probe  s/n:3E4C880C,195969895,1738955764.918593919,1,Too Few Markers,-3.697314E28,-3.697314E28,-3.697314E28,-3.697314E28,-3.697314E28,-3.697314E28,-3.697314E28,0.0000000,3,Missing,-3.697314E28,-3.697314E28,-3.697314E28,Missing,-3.697314E28,-3.697314E28,-3.697314E28,Missing,-3.697314E28,-3.697314E28,-3.697314E28,Port 0x02: JJH T tibia tracker  s/n:3E4C8800,195969895,1738955764.918593919,1,OK,0.8982952,-0.3581507,-0.0815896,0.2411163,151.222,-140.047,-1530.114,0.4885687,3,OK,151.152,-139.879,-1530.284,OK,155.379,-213.656,-1467.394,OK,72.815,-183.991,-1528.044,Port 0x03: JJH Y femur tracker  s/n:3E4C8801,195969895,1738955764.918593919,1,OK,0.8772595,-0.0251122,0.3864186,-0.2836649,-150.990,97.921,-1542.971,0.1032034,3,OK,-150.953,97.804,-1543.037,OK,-144.056,195.558,-1525.398,OK,-201.394,146.149,-1481.067
3,Port 0x01: JJH Probe  s/n:3E4C880C,195969898,1738955764.968593919,1,Too Few Markers,-3.697314E28,-3.697314E28,-3.697314E28,-3.697314E28,-3.697314E28,-3.697314E28,-3.697314E28,0.0000000,3,Missing,-3.697314E28,-3.697314E28,-3.697314E28,Missing,-3.697314E28,-3.697314E28,-3.697314E28,Missing,-3.697314E28,-3.697314E28,-3.697314E28,Port 0x02: JJH T tibia tracker  s/n:3E4C8800,195969898,1738955764.968593919,1,OK,0.8996670,-0.3543505,-0.0833151,0.2410260,151.120,-140.819,-1531.072,0.4995019,3,OK,151.056,-140.666,-1531.224,OK,155.307,-214.953,-1468.985,OK,72.727,-184.853,-1529.487,Port 0x03: JJH Y femur tracker  s/n:3E4C8801,195969898,1738955764.968593919,1,OK,0.8720342,-0.0258734,0.3946266,-0.2883692,-148.293,99.066,-1541.169,0.1028994,3,OK,-148.254,98.964,-1541.237,OK,-139.941,196.624,-1523.812,OK,-197.020,147.866,-1478.353
3,Port 0x01: JJH Probe  s/n:3E4C880C,195969901,1738955765.018593919,1,Too Few Markers,-3.697314E28,-3.697314E28,-3.697314E28,-3.697314E28,-3.697314E28,-3.697314E28,-3.697314E28,0.0000000,3,Missing,-3.697314E28,-3.697314E28,-3.697314E28,Missing,-3.697314E28,-3.697314E28,-3.697314E28,Missing,-3.697314E28,-3.697314E28,-3.697314E28,Port 0x02: JJH T tibia tracker  s/n:3E4C8800,195969901,1738955765.018593919,1,OK,0.9008933,-0.3511663,-0.0838958,0.2409044,151.103,-141.592,-1532.093,0.5002548,3,OK,151.038,-141.418,-1532.260,OK,155.325,-216.167,-1470.515,OK,72.729,-185.652,-1530.754,Port 0x03: JJH Y femur tracker  s/n:3E4C8801,195969901,1738955765.018593919,1,OK,0.8670886,-0.0264035,0.4020166,-0.2929894,-145.569,100.142,-1539.460,0.0897524,3,OK,-145.539,100.051,-1539.517,OK,-135.868,197.605,-1522.308,OK,-192.687,149.493,-1475.873
3,Port 0x01: JJH Probe  s/n:3E4C880C,195969904,1738955765.068548959,1,Too Few Markers,-3.697314E28,-3.697314E28,-3.697314E28,-3.697314E28,-3.697314E28,-3.697314E28,-3.697314E28,0.0000000,3,Missing,-3.697314E28,-3.697314E28,-3.697314E28,Missing,-3.697314E28,-3.697314E28,-3.697314E28,Missing,-3.697314E28,-3.697314E28,-3.697314E28,Port 0x02: JJH T tibia tracker  s/n:3E4C8800,195969904,1738955765.068548959,1,OK,0.9022690,-0.3474518,-0.0850105,0.2407510,151.012,-142.385,-1533.120,0.5071153,3,OK,150.944,-142.215,-1533.284,OK,155.273,-217.463,-1472.152,OK,72.653,-186.486,-1532.159,Port 0x03: JJH Y femur tracker  s/n:3E4C8801,195969904,1738955765.068548959,1,OK,0.8620951,-0.0266019,0.4093928,-0.2974592,-142.945,101.183,-1537.904,0.0854462,3,OK,-142.920,101.089,-1537.960,OK,-131.905,198.529,-1520.906,OK,-188.443,151.037,-1473.550
3,Port 0x01: JJH Probe  s/n:3E4C880C,195969907,1738955765.118548959,1,Too Few Markers,-3.697314E28,-3.697314E28,-3.697314E28,-3.697314E28,-3.697314E28,-3.697314E28,-3.697314E28,0.0000000,3,Missing,-3.697314E28,-3.697314E28,-3.697314E28,Missing,-3.697314E28,-3.697314E28,-3.697314E28,Missing,-3.697314E28,-3.697314E28,-3.697314E28,Port 0x02: JJH T tibia tracker  s/n:3E4C8800,195969907,1738955765.118548959,1,OK,0.9036658,-0.3436112,-0.0864655,0.2405061,150.919,-143.166,-1534.238,0.5127712,3,OK,150.846,-143.001,-1534.396,OK,155.188,-218.764,-1473.914,OK,72.578,-187.309,-1533.720,Port 0x03: JJH Y femur tracker  s/n:3E4C8801,195969907,1738955765.118548959,1,OK,0.8572561,-0.0269949,0.4163847,-0.3016737,-140.446,102.136,-1536.398,0.0827637,3,OK,-140.426,102.043,-1536.450,OK,-128.142,199.370,-1519.609,OK,-184.394,152.456,-1471.342
3,Port 0x01: JJH Probe  s/n:3E4C880C,195969910,1738955765.168548959,1,Too Few Markers,-3.697314E28,-3.697314E28,-3.697314E28,-3.697314E28,-3.697314E28,-3.697314E28,-3.697314E28,0.0000000,3,Missing,-3.697314E28,-3.697314E28,-3.697314E28,Missing,-3.697314E28,-3.697314E28,-3.697314E28,Missing,-3.697314E28,-3.697314E28,-3.697314E28,Port 0x02: JJH T tibia tracker  s/n:3E4C8800,195969910,1738955765.168548959,1,OK,0.9049445,-0.3400162,-0.0877341,0.2403481,150.894,-143.928,-1535.205,0.5216604,3,OK,150.816,-143.767,-1535.361,OK,155.192,-220.007,-1475.480,OK,72.573,-188.113,-1535.085,Port 0x03: JJH Y femur tracker  s/n:3E4C8801,195969910,1738955765.168548959,1,OK,0.8525091,-0.0273426,0.4232293,-0.3055447,-137.948,103.019,-1534.999,0.0881389,3,OK,-137.921,102.927,-1535.061,OK,-124.451,200.120,-1518.410,OK,-180.395,153.756,-1469.250
3,Port 0x01: JJH Probe  s/n:3E4C880C,195969913,1738955765.218548959,1,Too Few Markers,-3.697314E28,-3.697314E28,-3.697314E28,-3.697314E28,-3.697314E28,-3.697314E28,-3.697314E28,0.0000000,3,Missing,-3.697314E28,-3.697314E28,-3.697314E28,Missing,-3.697314E28,-3.697314E28,-3.697314E28,Missing,-3.697314E28,-3.697314E28,-3.697314E28,Port 0x02: JJH T tibia tracker  s/n:3E4C8800,195969913,1738955765.218548959,1,OK,0.9061949,-0.3364737,-0.0888537,0.2402107,150.829,-144.637,-1536.178,0.5209071,3,OK,150.753,-144.476,-1536.331,OK,155.156,-221.177,-1477.052,OK,72.529,-188.865,-1536.420,Port 0x03: JJH Y femur tracker  s/n:3E4C8801,195969913,1738955765.218548959,1,OK,0.8479126,-0.0278736,0.4296179,-0.3093472,-135.532,103.865,-1533.646,0.0755247,3,OK,-135.509,103.791,-1533.698,OK,-120.895,200.835,-1517.318,OK,-176.526,155.007,-1467.303
3,Port 0x01: JJH Probe  s/n:3E4C880C,195969916,1738955765.268548959,1,Too Few Markers,-3.697314E28,-3.697314E28,-3.697314E28,-3.697314E28,-3.697314E28,-3.697314E28,-3.697314E28,0.0000000,3,Missing,-3.697314E28,-3.697314E28,-3.697314E28,Missing,-3.697314E28,-3.697314E28,-3.697314E28,Missing,-3.697314E28,-3.697314E28,-3.697314E28,Port 0x02: JJH T tibia tracker  s/n:3E4C8800,195969916,1738955765.268548959,1,OK,0.9075924,-0.3325842,-0.0897471,0.2400193,150.751,-145.375,-1537.113,0.5053394,3,OK,150.672,-145.230,-1537.253,OK,155.115,-222.395,-1478.652,OK,72.474,-189.621,-1537.695,Port 0x03: JJH Y femur tracker  s/n:3E4C8801,195969916,1738955765.268548959,1,OK,0.8432231,-0.0283541,0.4360497,-0.3130999,-133.151,104.645,-1532.405,0.0854504,3,OK,-133.126,104.572,-1532.462,OK,-117.367,201.485,-1516.349,OK,-172.685,156.175,-1465.459
3,Port 0x01: JJH Probe  s/n:3E4C880C,195969919,1738955765.318548959,1,Too Few Markers,-3.697314E28,-3.697314E28,-3.697314E28,-3.697314E28,-3.697314E28,-3.697314E28,-3.697314E28,0.0000000,3,Missing,-3.697314E28,-3.697314E28,-3.697314E28,Missing,-3.697314E28,-3.697314E28,-3.697314E28,Missing,-3.697314E28,-3.697314E28,-3.697314E28,Port 0x02: JJH T tibia tracker  s/n:3E4C8800,195969919,1738955765.318548959,1,OK,0.9087769,-0.3291879,-0.0909546,0.2397647,150.677,-146.165,-1538.256,0.5303838,3,OK,150.599,-145.997,-1538.410,OK,155.054,-223.648,-1480.355,OK,72.403,-190.431,-1539.224,Port 0x03: JJH Y femur tracker  s/n:3E4C8801,195969919,1738955765.318548959,1,OK,0.8385466,-0.0289282,0.4422945,-0.3168255,-130.727,105.436,-1531.164,0.0818339,3,OK,-130.703,105.383,-1531.214,OK,-113.824,202.128,-1515.417,OK,-168.807,157.344,-1463.669
3,Port 0x01: JJH Probe  s/n:3E4C880C,195969922,1738955765.368548959,1,Too Few Markers,-3.697314E28,-3.697314E28,-3.697314E28,-3.697314E28,-3.697314E28,-3.697314E28,-3.697314E28,0.0000000,3,Missing,-3.697314E28,-3.697314E28,-3.697314E28,Missing,-3.697314E28,-3.697314E28,-3.697314E28,Missing,-3.697314E28,-3.697314E28,-3.697314E28,Port 0x02: JJH T tibia tracker  s/n:3E4C8800,195969922,1738955765.368548959,1,OK,0.9101043,-0.3252360,-0.0925307,0.2395197,150.616,-146.913,-1539.300,0.5402380,3,OK,150.534,-146.755,-1539.447,OK,155.010,-224.901,-1482.078,OK,72.360,-191.212,-1540.741,Port 0x03: JJH Y femur tracker  s/n:3E4C8801,195969922,1738955765.368548959,1,OK,0.8338302,-0.0291372,0.4486099,-0.3203552,-128.349,106.185,-1530.045,0.0847695,3,OK,-128.317,106.131,-1530.107,OK,-110.347,202.699,-1514.524,OK,-164.960,158.431,-1461.982
3,Port 0x01: JJH Probe  s/n:3E4C880C,195969925,1738955765.418548959,1,Too Few Markers,-3.697314E28,-3.697314E28,-3.697314E28,-3.697314E28,-3.697314E28,-3.697314E28,-3.697314E28,0.0000000,3,Missing,-3.697314E28,-3.697314E28,-3.697314E28,Missing,-3.697314E28,-3.697314E28,-3.697314E28,Missing,-3.697314E28,-3.697314E28,-3.697314E28,Port 0x02: JJH T tibia tracker  s/n:3E4C8800,195969925,1738955765.418548959,1,OK,0.9120009,-0.3197673,-0.0935167,0.2392861,150.625,-147.926,-1540.836,0.5386435,3,OK,150.549,-147.754,-1540.987,OK,155.094,-226.582,-1484.535,OK,72.383,-192.238,-1542.709,Port 0x03: JJH Y femur tracker  s/n:3E4C8801,195969925,1738955765.418548959,1,OK,0.8291719,-0.0295534,0.4546403,-0.3238870,-125.896,106.857,-1528.878,0.0906113,3,OK,-125.864,106.809,-1528.940,OK,-106.813,203.213,-1513.658,OK,-161.076,159.432,-1460.307
3,Port 0x01: JJH Probe  s/n:3E4C880C,195969928,1738955765.468548959,1,Too Few Markers,-3.697314E28,-3.697314E28,-3.697314E28,-3.697314E28,-3.697314E28,-3.697314E28,-3.697314E28,0.0000000,3,Missing,-3.697314E28,-3.697314E28,-3.697314E28,Missing,-3.697314E28,-3.697314E28,-3.697314E28,Missing,-3.697314E28,-3.697314E28,-3.697314E28,Port 0x02: JJH T tibia tracker  s/n:3E4C8800,195969928,1738955765.468548959,1,OK,0.9137425,-0.3144746,-0.0951340,0.2390185,150.625,-148.879,-1542.432,0.5540305,3,OK,150.544,-148.693,-1542.591,OK,155.143,-228.197,-1487.031,OK,72.411,-193.216,-1544.845,Port 0x03: JJH Y femur tracker  s/n:3E4C8801,195969928,1738955765.468548959,1,OK,0.8245326,-0.0294491,0.4605244,-0.3274080,-123.462,107.551,-1527.780,0.0641291,3,OK,-123.439,107.509,-1527.830,OK,-103.296,203.706,-1512.760,OK,-157.185,160.417,-1458.741
3,Port 0x01: JJH Probe  s/n:3E4C880C,195969931,1738955765.518548959,1,Too Few Markers,-3.697314E28,-3.697314E28,-3.697314E28,-3.697314E28,-3.697314E28,-3.697314E28,-3.697314E28,0.0000000,3,Missing,-3.697314E28,-3.697314E28,-3.697314E28,Missing,-3.697314E28,-3.697314E28,-3.697314E28,Missing,-3.697314E28,-3.697314E28,-3.697314E28,Port 0x02: JJH T tibia tracker  s/n:3E4C8800,195969931,1738955765.518548959,1,OK,0.9150284,-0.3101684,-0.0967980,0.2390581,150.617,-149.603,-1543.675,0.5497995,3,OK,150.541,-149.429,-1543.821,OK,155.205,-229.422,-1489.030,OK,72.455,-194.018,-1546.567,Port 0x03: JJH Y femur tracker  s/n:3E4C8801,195969931,1738955765.518548959,1,OK,0.8195712,-0.0295837,0.4667991,-0.3309478,-121.007,108.242,-1526.724,0.0851053,3,OK,-120.973,108.182,-1526.798,OK,-99.731,204.190,-1511.972,OK,-153.214,161.415,-1457.163
3,Port 0x01: JJH Probe  s/n:3E4C880C,195969934,1738955765.568548959,1,Too Few Markers,-3.697314E28,-3.697314E28,-3.697314E28,-3.697314E28,-3.697314E28,-3.697314E28,-3.697314E28,0.0000000,3,Missing,-3.697314E28,-3.697314E28,-3.697314E28,Missing,-3.697314E28,-3.697314E28,-3.697314E28,Missing,-3.697314E28,-3.697314E28,-3.697314E28,Port 0x02: JJH T tibia tracker  s/n:3E4C8800,195969934,1738955765.568548959,1,OK,0.9159275,-0.3072976,-0.0973159,0.2391120,150.681,-150.159,-1544.791,0.5613520,3,OK,150.600,-149.977,-1544.943,OK,155.353,-230.318,-1490.622,OK,72.539,-194.595,-1547.907,Port 0x03: JJH Y femur tracker  s/n:3E4C8801,195969934,1738955765.568548959,1,OK,0.8146327,-0.0304033,0.4728613,-0.3344420,-118.533,108.921,-1525.726,0.0929509,3,OK,-118.497,108.888,-1525.793,OK,-96.197,204.692,-1511.414,OK,-149.267,162.404,-1455.721
3,Port 0x01: JJH Probe  s/n:3E4C880C,195969937,1738955765.618548959,1,Too Few Markers,-3.697314E28,-3.697314E28,-3.697314E28,-3.697314E28,-3.697314E28,-3.697314E28,-3.697314E28,0.0000000,3,Missing,-3.697314E28,-3.697314E28,-3.697314E28,Missing,-3.697314E28,-3.697314E28,-3.697314E28,Missing,-3.697314E28,-3.697314E28,-3.697314E28,Port 0x02: JJH T tibia tracker  s/n:3E4C8800,195969937,1738955765.618548959,1,OK,0.9172664,-0.3029362,-0.0979686,0.2392783,150.817,-150.847,-1546.142,0.5542591,3,OK,150.734,-150.660,-1546.295,OK,155.621,-231.490,-1492.714,OK,72.722,-195.327,-1549.557,Port 0x03: JJH Y femur tracker  s/n:3E4C8801,195969937,1738955765.618548959,1,OK,0.8099339,-0.0307408,0.4784304,-0.3378852,-116.067,109.509,-1524.719,0.0736092,3,OK,-116.036,109.487,-1524.776,OK,-92.713,205.072,-1510.739,OK,-145.365,163.283,-1454.349
3,Port 0x01: JJH Probe  s/n:3E4C880C,195969940,1738955765.668593339,1,Too Few Markers,-3.697314E28,-3.697314E28,-3.697314E28,-3.697314E28,-3.697314E28,-3.697314E28,-3.697314E28,0.0000000,3,Missing,-3.697314E28,-3.697314E28,-3.697314E28,Missing,-3.697314E28,-3.697314E28,-3.697314E28,Missing,-3.697314E28,-3.697314E28,-3.697314E28,Port 0x02: JJH T tibia tracker  s/n:3E4C8800,195969940,1738955765.668593339,1,OK,0.9188250,-0.2972941,-0.1000082,0.2395312,150.917,-151.542,-1547.771,0.5646425,3,OK,150.833,-151.377,-1547.907,OK,155.880,-232.810,-1495.327,OK,72.894,-196.126,-1551.792,Port 0x03: JJH Y femur tracker  s/n:3E4C8801,195969940,1738955765.668593339,1,OK,0.8056145,-0.0303437,0.4835517,-0.3409432,-113.793,110.094,-1523.834,0.0629871,3,OK,-113.766,110.058,-1523.893,OK,-89.488,205.424,-1510.010,OK,-141.747,164.077,-1453.113
3,Port 0x01: JJH Probe  s/n:3E4C880C,195969943,1738955765.718593339,1,Too Few Markers,-3.697314E28,-3.697314E28,-3.697314E28,-3.697314E28,-3.697314E28,-3.697314E28,-3.697314E28,0.0000000,3,Missing,-3.697314E28,-3.697314E28,-3.697314E28,Missing,-3.697314E28,-3.697314E28,-3.697314E28,Missing,-3.697314E28,-3.697314E28,-3.697314E28,Port 0x02: JJH T tibia tracker  s/n:3E4C8800,195969943,1738955765.718593339,1,OK,0.9201037,-0.2930808,-0.1005641,0.2395821,151.010,-152.207,-1549.165,0.5636557,3,OK,150.922,-152.038,-1549.303,OK,156.091,-233.931,-1497.441,OK,73.018,-196.804,-1553.475,Port 0x03: JJH Y femur tracker  s/n:3E4C8801,195969943,1738955765.718593339,1,OK,0.8009769,-0.0310201,0.4891479,-0.3438141,-111.598,110.596,-1523.045,0.0876225,3,OK,-111.560,110.572,-1523.116,OK,-86.363,205.751,-1509.638,OK,-138.213,164.789,-1451.910
3,Port 0x01: JJH Probe  s/n:3E4C880C,195969946,1738955765.768593339,1,Too Few Markers,-3.697314E28,-3.697314E28,-3.697314E28,-3.697314E28,-3.697314E28,-3.697314E28,-3.697314E28,0.0000000,3,Missing,-3.697314E28,-3.697314E28,-3.697314E28,Missing,-3.697314E28,-3.697314E28,-3.697314E28,Missing,-3.697314E28,-3.697314E28,-3.697314E28,Port 0x02: JJH T tibia tracker  s/n:3E4C8800,195969946,1738955765.768593339,1,OK,0.9212490,-0.2895002,-0.1008260,0.2394242,151.013,-152.876,-1550.504,0.5675326,3,OK,150.933,-152.723,-1550.627,OK,156.180,-234.967,-1499.397,OK,72.993,-197.441,-1555.048,Port 0x03: JJH Y femur tracker  s/n:3E4C8801,195969946,1738955765.768593339,1,OK,0.7968399,-0.0308305,0.4939125,-0.3466211,-109.492,111.111,-1522.317,0.0795295,3,OK,-109.457,111.078,-1522.392,OK,-83.384,206.046,-1509.121,OK,-134.849,165.486,-1450.880
3,Port 0x01: JJH Probe  s/n:3E4C880C,195969949,1738955765.818593339,1,Too Few Markers,-3.697314E28,-3.697314E28,-3.697314E28,-3.697314E28,-3.697314E28,-3.697314E28,-3.697314E28,0.0000000,3,Missing,-3.697314E28,-3.697314E28,-3.697314E28,Missing,-3.697314E28,-3.697314E28,-3.697314E28,Missing,-3.697314E28,-3.697314E28,-3.697314E28,Port 0x02: JJH T tibia tracker  s/n:3E4C8800,195969949,1738955765.818593339,1,OK,0.9223965,-0.2875655,-0.0980013,0.2385090,150.967,-153.885,-1552.235,0.5703921,3,OK,150.884,-153.707,-1552.373,OK,156.136,-236.171,-1501.402,OK,72.782,-198.169,-1556.451,Port 0x03: JJH Y femur tracker  s/n:3E4C8801,195969949,1738955765.818593339,1,OK,0.7927921,-0.0315609,0.4984735,-0.3492975,-107.465,111.516,-1521.582,0.0716339,3,OK,-107.431,111.506,-1521.644,OK,-80.572,206.280,-1508.791,OK,-131.635,166.103,-1449.906
3,Port 0x01: JJH Probe  s/n:3E4C880C,195969952,1738955765.868593337,1,Too Few Markers,-3.697314E28,-3.697314E28,-3.697314E28,-3.697314E28,-3.697314E28,-3.697314E28,-3.697314E28,0.0000000,3,Missing,-3.697314E28,-3.697314E28,-3.697314E28,Missing,-3.697314E28,-3.697314E28,-3.697314E28,Missing,-3.697314E28,-3.697314E28,-3.697314E28,Port 0x02: JJH T tibia tracker  s/n:3E4C8800,195969952,1738955765.868593337,1,OK,0.9231868,-0.2847329,-0.0988498,0.2384993,150.997,-154.343,-1553.093,0.5633494,3,OK,150.912,-154.160,-1553.234,OK,156.206,-236.934,-1502.765,OK,72.853,-198.654,-1557.578,Port 0x03: JJH Y femur tracker  s/n:3E4C8801,195969952,1738955765.868593337,1,OK,0.7892255,-0.0319820,0.5024021,-0.3516992,-105.616,111.872,-1520.951,0.0573720,3,OK,-105.590,111.867,-1520.995,OK,-78.007,206.491,-1508.489,OK,-128.739,166.624,-1449.080
3,Port 0x01: JJH Probe  s/n:3E4C880C,195969955,1738955765.918593337,1,Too Few Markers,-3.697314E28,-3.697314E28,-3.697314E28,-3.697314E28,-3.697314E28,-3.697314E28,-3.697314E28,0.0000000,3,Missing,-3.697314E28,-3.697314E28,-3.697314E28,Missing,-3.697314E28,-3.697314E28,-3.697314E28,Missing,-3.697314E28,-3.697314E28,-3.697314E28,Port 0x02: JJH T tibia tracker  s/n:3E4C8800,195969955,1738955765.918593337,1,OK,0.9248000,-0.2796611,-0.0996625,0.2379116,150.902,-155.101,-1554.501,0.5599597,3,OK,150.821,-154.910,-1554.640,OK,156.117,-238.232,-1505.073,OK,72.736,-199.337,-1559.388,Port 0x03: JJH Y femur tracker  s/n:3E4C8801,195969955,1738955765.918593337,1,OK,0.7858468,-0.0320154,0.5062588,-0.3537257,-103.984,112.263,-1520.414,0.0682400,3,OK,-103.953,112.253,-1520.473,OK,-75.724,206.700,-1508.165,OK,-126.111,167.135,-1448.304
3,Port 0x01: JJH Probe  s/n:3E4C880C,195969958,1738955765.968593337,1,Too Few Markers,-3.697314E28,-3.697314E28,-3.697314E28,-3.697314E28,-3.697314E28,-3.697314E28,-3.697314E28,0.0000000,3,Missing,-3.697314E28,-3.697314E28,-3.697314E28,Missing,-3.697314E28,-3.697314E28,-3.697314E28,Missing,-3.697314E28,-3.697314E28,-3.697314E28,Port 0x02: JJH T tibia tracker  s/n:3E4C8800,195969958,1738955765.968593337,1,OK,0.9256214,-0.2766368,-0.1010165,0.2376821,150.924,-155.706,-1555.642,0.5912974,3,OK,150.832,-155.513,-1555.786,OK,156.164,-239.187,-1506.748,OK,72.770,-199.930,-1560.927,Port 0x03: JJH Y femur tracker  s/n:3E4C8801,195969958,1738955765.968593337,1,OK,0.7827495,-0.0323447,0.5094844,-0.3559251,-102.426,112.493,-1519.971,0.0452471,3,OK,-102.404,112.493,-1520.010,OK,-73.546,206.785,-1508.016,OK,-123.640,167.519,-1447.745
3,Port 0x01: JJH Probe  s/n:3E4C880C,195969961,1738955766.018593338,1,Too Few Markers,-3.697314E28,-3.697314E28,-3.697314E28,-3.697314E28,-3.697314E28,-3.697314E28,-3.697314E28,0.0000000,3,Missing,-3.697314E28,-3.697314E28,-3.697314E28,Missing,-3.697314E28,-3.697314E28,-3.697314E28,Missing,-3.697314E28,-3.697314E28,-3.697314E28,Port 0x02: JJH T tibia tracker  s/n:3E4C8800,195969961,1738955766.018593338,1,OK,0.9263591,-0.2741062,-0.1013260,0.2376083,150.949,-156.054,-1556.382,0.5674440,3,OK,150.868,-155.879,-1556.511,OK,156.229,-239.760,-1507.953,OK,72.802,-200.276,-1561.835,Port 0x03: JJH Y femur tracker  s/n:3E4C8801,195969961,1738955766.018593338,1,OK,0.7798135,-0.0320911,0.5128975,-0.3574874,-101.027,112.845,-1519.549,0.0938205,3,OK,-100.984,112.833,-1519.631,OK,-71.581,206.958,-1507.740,OK,-121.401,167.930,-1447.044
3,Port 0x01: JJH Probe  s/n:3E4C880C,195969964,1738955766.068593337,1,Too Few Markers,-3.697314E28,-3.697314E28,-3.697314E28,-3.697314E28,-3.697314E28,-3.697314E28,-3.697314E28,0.0000000,3,Missing,-3.697314E28,-3.697314E28,-3.697314E28,Missing,-3.697314E28,-3.697314E28,-3.697314E28,Missing,-3.697314E28,-3.697314E28,-3.697314E28,Port 0x02: JJH T tibia tracker  s/n:3E4C8800,195969964,1738955766.068593337,1,OK,0.9269088,-0.2719716,-0.1020728,0.2375976,150.942,-156.469,-1557.138,0.5824833,3,OK,150.860,-156.292,-1557.267,OK,156.270,-240.404,-1509.083,OK,72.808,-200.702,-1562.824,Port 0x03: JJH Y femur tracker  s/n:3E4C8801,195969964,1738955766.068593337,1,OK,0.7773356,-0.0322543,0.5155486,-0.3590525,-99.763,113.017,-1519.063,0.0679540,3,OK,-99.731,113.013,-1519.122,OK,-69.850,207.009,-1507.449,OK,-119.401,168.186,-1446.468
3,Port 0x01: JJH Probe  s/n:3E4C880C,195969967,1738955766.118593337,1,Too Few Markers,-3.697314E28,-3.697314E28,-3.697314E28,-3.697314E28,-3.697314E28,-3.697314E28,-3.697314E28,0.0000000,3,Missing,-3.697314E28,-3.697314E28,-3.697314E28,Missing,-3.697314E28,-3.697314E28,-3.697314E28,Missing,-3.697314E28,-3.697314E28,-3.697314E28,Port 0x02: JJH T tibia tracker  s/n:3E4C8800,195969967,1738955766.118593337,1,OK,0.9279393,-0.2683256,-0.1028812,0.2373718,150.910,-156.900,-1558.109,0.5667747,3,OK,150.835,-156.749,-1558.218,OK,156.275,-241.172,-1510.725,OK,72.780,-201.113,-1564.113,Port 0x03: JJH Y femur tracker  s/n:3E4C8801,195969967,1738955766.118593337,1,OK,0.7749393,-0.0323245,0.5181709,-0.3604485,-98.620,113.247,-1518.752,0.0781937,3,OK,-98.583,113.243,-1518.820,OK,-68.257,207.112,-1507.322,OK,-117.571,168.485,-1446.009
3,Port 0x01: JJH Probe  s/n:3E4C880C,195969970,1738955766.168593337,1,Too Few Markers,-3.697314E28,-3.697314E28,-3.697314E28,-3.697314E28,-3.697314E28,-3.697314E28,-3.697314E28,0.0000000,3,Missing,-3.697314E28,-3.697314E28,-3.697314E28,Missing,-3.697314E28,-3.697314E28,-3.697314E28,Missing,-3.697314E28,-3.697314E28,-3.697314E28,Port 0x02: JJH T tibia tracker  s/n:3E4C8800,195969970,1738955766.168593337,1,OK,0.9288199,-0.2651761,-0.1034423,0.2372232,150.919,-157.358,-1558.955,0.5656771,3,OK,150.845,-157.192,-1559.071,OK,156.324,-241.950,-1512.130,OK,72.804,-201.556,-1565.203,Port 0x03: JJH Y femur tracker  s/n:3E4C8801,195969970,1738955766.168593337,1,OK,0.7726809,-0.0325425,0.5205881,-0.3617918,-97.500,113.409,-1518.366,0.0716557,3,OK,-97.466,113.408,-1518.428,OK,-66.727,207.164,-1507.135,OK,-115.797,168.720,-1445.526
3,Port 0x01: JJH Probe  s/n:3E4C880C,195969973,1738955766.218593337,1,Too Few Markers,-3.697314E28,-3.697314E28,-3.697314E28,-3.697314E28,-3.697314E28,-3.697314E28,-3.697314E28,0.0000000,3,Missing,-3.697314E28,-3.697314E28,-3.697314E28,Missing,-3.697314E28,-3.697314E28,-3.697314E28,Missing,-3.697314E28,-3.697314E28,-3.697314E28,Port 0x02: JJH T tibia tracker  s/n:3E4C8800,195969973,1738955766.218593337,1,OK,0.9293793,-0.2633270,-0.1037819,0.2369437,150.922,-157.696,-1559.735,0.5865043,3,OK,150.839,-157.530,-1559.853,OK,156.338,-242.488,-1513.231,OK,72.785,-201.837,-1566.153,Port 0x03: JJH Y femur tracker  s/n:3E4C8801,195969973,1738955766.218593337,1,OK,0.7707250,-0.0325270,0.5227017,-0.3629160,-96.512,113.592,-1518.096,0.0783509,3,OK,-96.476,113.589,-1518.164,OK,-65.372,207.238,-1507.002,OK,-114.248,168.949,-1445.140
3,Port 0x01: JJH Probe  s/n:3E4C880C,195969976,1738955766.268593338,1,Too Few Markers,-3.697314E28,-3.697314E28,-3.697314E28,-3.697314E28,-3.697314E28,-3.697314E28,-3.697314E28,0.0000000,3,Missing,-3.697314E28,-3.697314E28,-3.697314E28,Missing,-3.697314E28,-3.697314E28,-3.697314E28,Missing,-3.697314E28,-3.697314E28,-3.697314E28,Port 0x02: JJH T tibia tracker  s/n:3E4C8800,195969976,1738955766.268593338,1,OK,0.9299526,-0.2616105,-0.1033397,0.2367889,150.946,-158.044,-1560.422,0.5681500,3,OK,150.864,-157.866,-1560.545,OK,156.378,-242.990,-1514.219,OK,72.800,-202.143,-1566.840,Port 0x03: JJH Y femur tracker  s/n:3E4C8801,195969976,1738955766.268593338,1,OK,0.7688259,-0.0328668,0.5245401,-0.3642585,-95.511,113.718,-1517.802,0.0427844,3,OK,-95.490,113.731,-1517.833,OK,-64.014,207.284,-1506.926,OK,-112.693,169.157,-1444.844
3,Port 0x01: JJH Probe  s/n:3E4C880C,195969979,1738955766.318593337,1,Too Few Markers,-3.697314E28,-3.697314E28,-3.697314E28,-3.697314E28,-3.697314E28,-3.697314E28,-3.697314E28,0.0000000,3,Missing,-3.697314E28,-3.697314E28,-3.697314E28,Missing,-3.697314E28,-3.697314E28,-3.697314E28,Missing,-3.697314E28,-3.697314E28,-3.697314E28,Port 0x02: JJH T tibia tracker  s/n:3E4C8800,195969979,1738955766.318593337,1,OK,0.9304345,-0.2597912,-0.1036659,0.2367565,150.915,-158.280,-1560.979,0.5640709,3,OK,150.845,-158.095,-1561.100,OK,156.379,-243.397,-1515.104,OK,72.775,-202.384,-1567.534,Port 0x03: JJH Y femur tracker  s/n:3E4C8801,195969979,1738955766.318593337,1,OK,0.7672460,-0.0327591,0.5264008,-0.3649144,-94.831,113.867,-1517.569,0.0757875,3,OK,-94.796,113.868,-1517.635,OK,-63.066,207.335,-1506.768,OK,-111.569,169.319,-1444.457
3,Port 0x01: JJH Probe  s/n:3E4C880C,195969982,1738955766.368593337,1,Too Few Markers,-3.697314E28,-3.697314E28,-3.697314E28,-3.697314E28,-3.697314E28,-3.697314E28,-3.697314E28,0.0000000,3,Missing,-3.697314E28,-3.697314E28,-3.697314E28,Missing,-3.697314E28,-3.697314E28,-3.697314E28,Missing,-3.697314E28,-3.697314E28,-3.697314E28,Port 0x02: JJH T tibia tracker  s/n:3E4C8800,195969982,1738955766.368593337,1,OK,0.9309069,-0.2578433,-0.1043520,0.2367275,150.895,-158.494,-1561.399,0.5531300,3,OK,150.824,-158.334,-1561.507,OK,156.389,-243.777,-1515.891,OK,72.777,-202.605,-1568.163,Port 0x03: JJH Y femur tracker  s/n:3E4C8801,195969982,1738955766.368593337,1,OK,0.7660432,-0.0330772,0.5276111,-0.3656640,-94.265,113.940,-1517.434,0.0706141,3,OK,-94.232,113.952,-1517.488,OK,-62.283,207.367,-1506.804,OK,-110.677,169.435,-1444.283
3,Port 0x01: JJH Probe  s/n:3E4C880C,195969985,1738955766.418593337,1,Too Few Markers,-3.697314E28,-3.697314E28,-3.697314E28,-3.697314E28,-3.697314E28,-3.697314E28,-3.697314E28,0.0000000,3,Missing,-3.697314E28,-3.697314E28,-3.697314E28,Missing,-3.697314E28,-3.697314E28,-3.697314E28,Missing,-3.697314E28,-3.697314E28,-3.697314E28,Port 0x02: JJH T tibia tracker  s/n:3E4C8800,195969985,1738955766.418593337,1,OK,0.9312493,-0.2569132,-0.1038799,0.2365996,150.926,-158.629,-1561.647,0.5442579,3,OK,150.861,-158.453,-1561.760,OK,156.425,-243.996,-1516.297,OK,72.789,-202.705,-1568.373,Port 0x03: JJH Y femur tracker  s/n:3E4C8801,195969985,1738955766.418593337,1,OK,0.7652372,-0.0330863,0.5284599,-0.3661249,-93.871,113.980,-1517.308,0.0735242,3,OK,-93.836,113.991,-1517.366,OK,-61.742,207.361,-1506.739,OK,-110.053,169.495,-1444.116
3,Port 0x01: JJH Probe  s/n:3E4C880C,195969988,1738955766.468593337,1,Too Few Markers,-3.697314E28,-3.697314E28,-3.697314E28,-3.697314E28,-3.697314E28,-3.697314E28,-3.697314E28,0.0000000,3,Missing,-3.697314E28,-3.697314E28,-3.697314E28,Missing,-3.697314E28,-3.697314E28,-3.697314E28,Missing,-3.697314E28,-3.697314E28,-3.697314E28,Port 0x02: JJH T tibia tracker  s/n:3E4C8800,195969988,1738955766.468593337,1,OK,0.9311967,-0.2567130,-0.1050635,0.2365013,150.900,-158.676,-1561.790,0.5835056,3,OK,150.826,-158.520,-1561.897,OK,156.392,-244.092,-1516.485,OK,72.760,-202.754,-1568.757,Port 0x03: JJH Y femur tracker  s/n:3E4C8801,195969988,1738955766.468593337,1,OK,0.7647629,-0.0331682,0.5289715,-0.3663696,-93.632,114.040,-1517.215,0.0776649,3,OK,-93.595,114.053,-1517.275,OK,-61.426,207.397,-1506.695,OK,-109.682,169.570,-1443.999
3,Port 0x01: JJH Probe  s/n:3E4C880C,195969991,1738955766.518593338,1,Too Few Markers,-3.697314E28,-3.697314E28,-3.697314E28,-3.697314E28,-3.697314E28,-3.697314E28,-3.697314E28,0.0000000,3,Missing,-3.697314E28,-3.697314E28,-3.697314E28,Missing,-3.697314E28,-3.697314E28,-3.697314E28,Missing,-3.697314E28,-3.697314E28,-3.697314E28,Port 0x02: JJH T tibia tracker  s/n:3E4C8800,195969991,1738955766.518593338,1,OK,0.9313694,-0.2563749,-0.1042172,0.2365622,150.884,-158.769,-1561.995,0.5541767,3,OK,150.816,-158.603,-1562.104,OK,156.395,-244.190,-1516.743,OK,72.745,-202.840,-1568.813,Port 0x03: JJH Y femur tracker  s/n:3E4C8801,195969991,1738955766.518593338,1,OK,0.7644200,-0.0331806,0.5293418,-0.3665492,-93.491,114.041,-1517.160,0.0802728,3,OK,-93.452,114.058,-1517.220,OK,-61.228,207.374,-1506.666,OK,-109.443,169.577,-1443.927
3,Port 0x01: JJH Probe  s/n:3E4C880C,195969994,1738955766.568593337,1,Too Few Markers,-3.697314E28,-3.697314E28,-3.697314E28,-3.697314E28,-3.697314E28,-3.697314E28,-3.697314E28,0.0000000,3,Missing,-3.697314E28,-3.697314E28,-3.697314E28,Missing,-3.697314E28,-3.697314E28,-3.697314E28,Missing,-3.697314E28,-3.697314E28,-3.697314E28,Port 0x02: JJH T tibia tracker  s/n:3E4C8800,195969994,1738955766.568593337,1,OK,0.9314166,-0.2563218,-0.1041661,0.2364564,150.912,-158.772,-1561.949,0.5524818,3,OK,150.847,-158.600,-1562.060,OK,156.402,-244.201,-1516.709,OK,72.762,-202.828,-1568.764,Port 0x03: JJH Y femur tracker  s/n:3E4C8801,195969994,1738955766.568593337,1,OK,0.7643336,-0.0333509,0.5293637,-0.3666823,-93.421,114.059,-1517.119,0.0609309,3,OK,-93.391,114.079,-1517.160,OK,-61.145,207.405,-1506.667,OK,-109.346,169.610,-1443.925
3,Port 0x01: JJH Probe  s/n:3E4C880C,195969997,1738955766.618630084,1,Too Few Markers,-3.697314E28,-3.697314E28,-3.697314E28,-3.697314E28,-3.697314E28,-3.697314E28,-3.697314E28,0.0000000,3,Missing,-3.697314E28,-3.697314E28,-3.697314E28,Missing,-3.697314E28,-3.697314E28,-3.697314E28,Missing,-3.697314E28,-3.697314E28,-3.697314E28,Port 0x02: JJH T tibia tracker  s/n:3E4C8800,195969997,1738955766.618630084,1,OK,0.9314380,-0.2562931,-0.1039684,0.2364903,150.903,-158.791,-1561.984,0.5433709,3,OK,150.836,-158.615,-1562.098,OK,156.397,-244.219,-1516.748,OK,72.763,-202.848,-1568.759,Port 0x03: JJH Y femur tracker  s/n:3E4C8801,195969997,1738955766.618630084,1,OK,0.7642694,-0.0333516,0.5294523,-0.3666881,-93.405,114.063,-1517.126,0.0715112,3,OK,-93.372,114.082,-1517.175,OK,-61.115,207.408,-1506.685,OK,-109.320,169.613,-1443.908
3,Port 0x01: JJH Probe  s/n:3E4C880C,195970000,1738955766.668630084,1,Too Few Markers,-3.697314E28,-3.697314E28,-3.697314E28,-3.697314E28,-3.697314E28,-3.697314E28,-3.697314E28,0.0000000,3,Missing,-3.697314E28,-3.697314E28,-3.697314E28,Missing,-3.697314E28,-3.697314E28,-3.697314E28,Missing,-3.697314E28,-3.697314E28,-3.697314E28,Port 0x02: JJH T tibia tracker  s/n:3E4C8800,195970000,1738955766.668630084,1,OK,0.9314517,-0.2560482,-0.1043341,0.2365404,150.890,-158.761,-1561.961,0.5473962,3,OK,150.829,-158.600,-1562.066,OK,156.399,-244.204,-1516.776,OK,72.751,-202.835,-1568.814,Port 0x03: JJH Y femur tracker  s/n:3E4C8801,195970000,1738955766.668630084,1,OK,0.7644705,-0.0332619,0.5292377,-0.3665869,-93.509,114.040,-1517.179,0.0701248,3,OK,-93.475,114.056,-1517.231,OK,-61.253,207.385,-1506.699,OK,-109.472,169.587,-1443.972
3,Port 0x01: JJH Probe  s/n:3E4C880C,195970003,1738955766.718630084,1,Too Few Markers,-3.697314E28,-3.697314E28,-3.697314E28,-3.697314E28,-3.697314E28,-3.697314E28,-3.697314E28,0.0000000,3,Missing,-3.697314E28,-3.697314E28,-3.697314E28,Missing,-3.697314E28,-3.697314E28,-3.697314E28,Missing,-3.697314E28,-3.697314E28,-3.697314E28,Port 0x02: JJH T tibia tracker  s/n:3E4C8800,195970003,1738955766.718630084,1,OK,0.9314207,-0.2563222,-0.1040912,0.2364729,150.882,-158.753,-1561.907,0.5543370,3,OK,150.811,-158.590,-1562.016,OK,156.384,-244.179,-1516.663,OK,72.732,-202.802,-1568.712,Port 0x03: JJH Y femur tracker  s/n:3E4C8801,195970003,1738955766.718630084,1,OK,0.7646361,-0.0331098,0.5290989,-0.3664556,-93.589,114.040,-1517.218,0.0671630,3,OK,-93.557,114.047,-1517.273,OK,-61.358,207.391,-1506.687,OK,-109.592,169.570,-1444.010
3,Port 0x01: JJH Probe  s/n:3E4C880C,195970006,1738955766.768630084,1,Too Few Markers,-3.697314E28,-3.697314E28,-3.697314E28,-3.697314E28,-3.697314E28,-3.697314E28,-3.697314E28,0.0000000,3,Missing,-3.697314E28,-3.697314E28,-3.697314E28,Missing,-3.697314E28,-3.697314E28,-3.697314E28,Missing,-3.697314E28,-3.697314E28,-3.697314E28,Port 0x02: JJH T tibia tracker  s/n:3E4C8800,195970006,1738955766.768630084,1,OK,0.9313295,-0.2563849,-0.1046266,0.2365279,150.874,-158.700,-1561.844,0.5618488,3,OK,150.801,-158.551,-1561.946,OK,156.378,-244.122,-1516.599,OK,72.736,-202.772,-1568.741,Port 0x03: JJH Y femur tracker  s/n:3E4C8801,195970006,1738955766.768630084,1,OK,0.7650684,-0.0330329,0.5286402,-0.3662223,-93.781,114.001,-1517.261,0.0618424,3,OK,-93.751,114.009,-1517.311,OK,-61.631,207.365,-1506.672,OK,-109.895,169.521,-1444.088
3,Port 0x01: JJH Probe  s/n:3E4C880C,195970009,1738955766.818630084,1,Too Few Markers,-3.697314E28,-3.697314E28,-3.697314E28,-3.697314E28,-3.697314E28,-3.697314E28,-3.697314E28,0.0000000,3,Missing,-3.697314E28,-3.697314E28,-3.697314E28,Missing,-3.697314E28,-3.697314E28,-3.697314E28,Missing,-3.697314E28,-3.697314E28,-3.697314E28,Port 0x02: JJH T tibia tracker  s/n:3E4C8800,195970009,1738955766.818630084,1,OK,0.9311702,-0.2570562,-0.1044819,0.2364905,150.900,-158.683,-1561.811,0.5702103,3,OK,150.829,-158.511,-1561.925,OK,156.380,-244.063,-1516.437,OK,72.754,-202.751,-1568.652,Port 0x03: JJH Y femur tracker  s/n:3E4C8801,195970009,1738955766.818630084,1,OK,0.7655284,-0.0329283,0.5281978,-0.3659085,-94.003,113.958,-1517.347,0.0722737,3,OK,-93.968,113.966,-1517.406,OK,-61.931,207.340,-1506.709,OK,-110.255,169.454,-1444.165
3,Port 0x01: JJH Probe  s/n:3E4C880C,195970012,1738955766.868630083,1,Too Few Markers,-3.697314E28,-3.697314E28,-3.697314E28,-3.697314E28,-3.697314E28,-3.697314E28,-3.697314E28,0.0000000,3,Missing,-3.697314E28,-3.697314E28,-3.697314E28,Missing,-3.697314E28,-3.697314E28,-3.697314E28,Missing,-3.697314E28,-3.697314E28,-3.697314E28,Port 0x02: JJH T tibia tracker  s/n:3E4C8800,195970012,1738955766.868630083,1,OK,0.9311536,-0.2571503,-0.1041506,0.2365995,150.875,-158.573,-1561.615,0.5550060,3,OK,150.804,-158.403,-1561.728,OK,156.370,-243.928,-1516.223,OK,72.742,-202.653,-1568.382,Port 0x03: JJH Y femur tracker  s/n:3E4C8801,195970012,1738955766.868630083,1,OK,0.7663871,-0.0330389,0.5274107,-0.3652357,-94.460,113.886,-1517.475,0.0777216,3,OK,-94.424,113.893,-1517.537,OK,-62.567,207.335,-1506.788,OK,-110.972,169.343,-1444.305
3,Port 0x01: JJH Probe  s/n:3E4C880C,195970015,1738955766.918630083,1,Too Few Markers,-3.697314E28,-3.697314E28,-3.697314E28,-3.697314E28,-3.697314E28,-3.697314E28,-3.697314E28,0.0000000,3,Missing,-3.697314E28,-3.697314E28,-3.697314E28,Missing,-3.697314E28,-3.697314E28,-3.697314E28,Missing,-3.697314E28,-3.697314E28,-3.697314E28,Port 0x02: JJH T tibia tracker  s/n:3E4C8800,195970015,1738955766.918630083,1,OK,0.9307633,-0.2583804,-0.1045196,0.2366324,150.836,-158.455,-1561.343,0.5771009,3,OK,150.758,-158.277,-1561.463,OK,156.304,-243.722,-1515.729,OK,72.708,-202.551,-1568.122,Port 0x03: JJH Y femur tracker  s/n:3E4C8801,195970015,1738955766.918630083,1,OK,0.7676214,-0.0330154,0.5260972,-0.3645395,-95.120,113.756,-1517.611,0.0693192,3,OK,-95.087,113.767,-1517.666,OK,-63.460,207.267,-1506.819,OK,-111.976,169.188,-1444.518
3,Port 0x01: JJH Probe  s/n:3E4C880C,195970018,1738955766.968630083,1,Too Few Markers,-3.697314E28,-3.697314E28,-3.697314E28,-3.697314E28,-3.697314E28,-3.697314E28,-3.697314E28,0.0000000,3,Missing,-3.697314E28,-3.697314E28,-3.697314E28,Missing,-3.697314E28,-3.697314E28,-3.697314E28,Missing,-3.697314E28,-3.697314E28,-3.697314E28,Port 0x02: JJH T tibia tracker  s/n:3E4C8800,195970018,1738955766.968630083,1,OK,0.9304091,-0.2597930,-0.1039084,0.2367477,150.861,-158.219,-1560.938,0.5692987,3,OK,150.793,-158.044,-1561.053,OK,156.325,-243.334,-1515.068,OK,72.716,-202.327,-1567.541,Port 0x03: JJH Y femur tracker  s/n:3E4C8801,195970018,1738955766.968630083,1,OK,0.7691531,-0.0328087,0.5244644,-0.3636814,-95.834,113.654,-1517.850,0.0768944,3,OK,-95.799,113.650,-1517.917,OK,-64.445,207.235,-1506.901,OK,-113.120,169.054,-1444.821
3,Port 0x01: JJH Probe  s/n:3E4C880C,195970021,1738955767.018630083,1,Too Few Markers,-3.697314E28,-3.697314E28,-3.697314E28,-3.697314E28,-3.697314E28,-3.697314E28,-3.697314E28,0.0000000,3,Missing,-3.697314E28,-3.697314E28,-3.697314E28,Missing,-3.697314E28,-3.697314E28,-3.697314E28,Missing,-3.697314E28,-3.697314E28,-3.697314E28,Port 0x02: JJH T tibia tracker  s/n:3E4C8800,195970021,1738955767.018630083,1,OK,0.9299087,-0.2617820,-0.1031638,0.2368484,150.913,-157.908,-1560.275,0.5644808,3,OK,150.841,-157.725,-1560.397,OK,156.353,-242.832,-1514.039,OK,72.762,-202.018,-1566.650,Port 0x03: JJH Y femur tracker  s/n:3E4C8801,195970021,1738955767.018630083,1,OK,0.7708767,-0.0327782,0.5226463,-0.3626508,-96.652,113.517,-1518.144,0.0676786,3,OK,-96.620,113.517,-1518.203,OK,-65.582,207.197,-1507.064,OK,-114.434,168.862,-1445.206
3,Port 0x01: JJH Probe  s/n:3E4C880C,195970024,1738955767.068630083,1,Too Few Markers,-3.697314E28,-3.697314E28,-3.697314E28,-3.697314E28,-3.697314E28,-3.697314E28,-3.697314E28,0.0000000,3,Missing,-3.697314E28,-3.697314E28,-3.697314E28,Missing,-3.697314E28,-3.697314E28,-3.697314E28,Missing,-3.697314E28,-3.697314E28,-3.697314E28,Port 0x02: JJH T tibia tracker  s/n:3E4C8800,195970024,1738955767.068630083,1,OK,0.9294268,-0.2635707,-0.1025027,0.2370432,150.870,-157.609,-1559.684,0.5503604,3,OK,150.790,-157.441,-1559.803,OK,156.309,-242.337,-1513.127,OK,72.727,-201.732,-1565.851,Port 0x03: JJH Y femur tracker  s/n:3E4C8801,195970024,1738955767.068630083,1,OK,0.7728269,-0.0328076,0.5206038,-0.3614333,-97.680,113.346,-1518.449,0.0784625,3,OK,-97.643,113.347,-1518.516,OK,-66.990,207.128,-1507.228,OK,-116.029,168.642,-1445.596
3,Port 0x01: JJH Probe  s/n:3E4C880C,195970027,1738955767.118630083,1,Too Few Markers,-3.697314E28,-3.697314E28,-3.697314E28,-3.697314E28,-3.697314E28,-3.697314E28,-3.697314E28,0.0000000,3,Missing,-3.697314E28,-3.697314E28,-3.697314E28,Missing,-3.697314E28,-3.697314E28,-3.697314E28,Missing,-3.697314E28,-3.697314E28,-3.697314E28,Port 0x02: JJH T tibia tracker  s/n:3E4C8800,195970027,1738955767.118630083,1,OK,0.9287493,-0.2657679,-0.1024931,0.2372496,150.857,-157.258,-1559.016,0.5721205,3,OK,150.780,-157.090,-1559.134,OK,156.291,-241.784,-1512.059,OK,72.707,-201.419,-1565.081,Port 0x03: JJH Y femur tracker  s/n:3E4C8801,195970027,1738955767.118630083,1,OK,0.7751242,-0.0328719,0.5180970,-0.3601074,-98.826,113.163,-1518.837,0.0697064,3,OK,-98.793,113.166,-1518.894,OK,-68.569,207.078,-1507.471,OK,-117.842,168.401,-1446.123
3,Port 0x01: JJH Probe  s/n:3E4C880C,195970030,1738955767.168630083,1,Too Few Markers,-3.697314E28,-3.697314E28,-3.697314E28,-3.697314E28,-3.697314E28,-3.697314E28,-3.697314E28,0.0000000,3,Missing,-3.697314E28,-3.697314E28,-3.697314E28,Missing,-3.697314E28,-3.697314E28,-3.697314E28,Missing,-3.697314E28,-3.697314E28,-3.697314E28,Port 0x02: JJH T tibia tracker  s/n:3E4C8800,195970030,1738955767.168630083,1,OK,0.9278954,-0.2687813,-0.1022842,0.2372861,150.848,-156.861,-1558.089,0.5746996,3,OK,150.768,-156.696,-1558.209,OK,156.206,-241.099,-1510.605,OK,72.692,-201.036,-1563.978,Port 0x03: JJH Y femur tracker  s/n:3E4C8801,195970030,1738955767.168630083,1,OK,0.7778047,-0.0328182,0.5151705,-0.3585279,-100.129,112.932,-1519.251,0.0718125,3,OK,-100.094,112.937,-1519.308,OK,-70.377,206.985,-1507.692,OK,-119.924,168.096,-1446.685
3,Port 0x01: JJH Probe  s/n:3E4C880C,195970033,1738955767.218630083,1,Too Few Markers,-3.697314E28,-3.697314E28,-3.697314E28,-3.697314E28,-3.697314E28,-3.697314E28,-3.697314E28,0.0000000,3,Missing,-3.697314E28,-3.697314E28,-3.697314E28,Missing,-3.697314E28,-3.697314E28,-3.697314E28,Missing,-3.697314E28,-3.697314E28,-3.697314E28,Port 0x02: JJH T tibia tracker  s/n:3E4C8800,195970033,1738955767.218630083,1,OK,0.9270275,-0.2718594,-0.1015732,0.2374769,150.801,-156.396,-1557.038,0.5658592,3,OK,150.734,-156.237,-1557.151,OK,156.124,-240.308,-1509.011,OK,72.629,-200.598,-1562.651,Port 0x03: JJH Y femur tracker  s/n:3E4C8801,195970033,1738955767.218630083,1,OK,0.7810298,-0.0325193,0.5115788,-0.3566821,-101.659,112.638,-1519.718,0.0576990,3,OK,-101.630,112.639,-1519.767,OK,-72.504,206.843,-1507.875,OK,-122.372,167.701,-1447.361
3,Port 0x01: JJH Probe  s/n:3E4C880C,195970036,1738955767.268630083,1,Too Few Markers,-3.697314E28,-3.697314E28,-3.697314E28,-3.697314E28,-3.697314E28,-3.697314E28,-3.697314E28,0.0000000,3,Missing,-3.697314E28,-3.697314E28,-3.697314E28,Missing,-3.697314E28,-3.697314E28,-3.697314E28,Missing,-3.697314E28,-3.697314E28,-3.697314E28,Port 0x02: JJH T tibia tracker  s/n:3E4C8800,195970036,1738955767.268630083,1,OK,0.9260284,-0.2759492,-0.0998842,0.2373741,150.745,-155.968,-1555.997,0.5652904,3,OK,150.670,-155.779,-1556.132,OK,155.972,-239.483,-1507.222,OK,72.528,-200.109,-1561.132,Port 0x03: JJH Y femur tracker  s/n:3E4C8801,195970036,1738955767.268630083,1,OK,0.7842787,-0.0321607,0.5081450,-0.3544874,-103.334,112.344,-1520.320,0.0793466,3,OK,-103.297,112.330,-1520.391,OK,-74.811,206.703,-1508.171,OK,-125.000,167.265,-1448.092
3,Port 0x01: JJH Probe  s/n:3E4C880C,195970039,1738955767.318630083,1,Too Few Markers,-3.697314E28,-3.697314E28,-3.697314E28,-3.697314E28,-3.697314E28,-3.697314E28,-3.697314E28,0.0000000,3,Missing,-3.697314E28,-3.697314E28,-3.697314E28,Missing,-3.697314E28,-3.697314E28,-3.697314E28,Missing,-3.697314E28,-3.697314E28,-3.697314E28,Port 0x02: JJH T tibia tracker  s/n:3E4C8800,195970039,1738955767.318630083,1,OK,0.9248995,-0.2802258,-0.0989372,0.2371620,150.666,-155.473,-1554.818,0.5806925,3,OK,150.572,-155.280,-1554.965,OK,155.770,-238.575,-1505.278,OK,72.406,-199.548,-1559.611,Port 0x03: JJH Y femur tracker  s/n:3E4C8801,195970039,1738955767.318630083,1,OK,0.7881189,-0.0322103,0.5037195,-0.3522751,-105.207,111.964,-1520.895,0.0563212,3,OK,-105.179,111.961,-1520.943,OK,-77.425,206.526,-1508.519,OK,-127.997,166.770,-1448.963
3,Port 0x01: JJH Probe  s/n:3E4C880C,195970042,1738955767.368630083,1,Too Few Markers,-3.697314E28,-3.697314E28,-3.697314E28,-3.697314E28,-3.697314E28,-3.697314E28,-3.697314E28,0.0000000,3,Missing,-3.697314E28,-3.697314E28,-3.697314E28,Missing,-3.697314E28,-3.697314E28,-3.697314E28,Missing,-3.697314E28,-3.697314E28,-3.697314E28,Port 0x02: JJH T tibia tracker  s/n:3E4C8800,195970042,1738955767.368630083,1,OK,0.9237278,-0.2839607,-0.0989538,0.2372790,150.593,-154.869,-1553.411,0.5842105,3,OK,150.500,-154.701,-1553.545,OK,155.620,-237.576,-1503.236,OK,72.327,-198.973,-1558.036,Port 0x03: JJH Y femur tracker  s/n:3E4C8801,195970042,1738955767.368630083,1,OK,0.7920706,-0.0322737,0.4992400,-0.3497741,-107.201,111.536,-1521.628,0.0591683,3,OK,-107.173,111.537,-1521.673,OK,-80.214,206.304,-1509.014,OK,-131.167,166.200,-1449.965
3,Port 0x01: JJH Probe  s/n:3E4C880C,195970045,1738955767.418630083,1,Too Few Markers,-3.697314E28,-3.697314E28,-3.697314E28,-3.697314E28,-3.697314E28,-3.697314E28,-3.697314E28,0.0000000,3,Missing,-3.697314E28,-3.697314E28,-3.697314E28,Missing,-3.697314E28,-3.697314E28,-3.697314E28,Missing,-3.697314E28,-3.697314E28,-3.697314E28,Port 0x02: JJH T tibia tracker  s/n:3E4C8800,195970045,1738955767.418630083,1,OK,0.9224313,-0.2880131,-0.0986028,0.2375848,150.584,-154.057,-1551.753,0.5698157,3,OK,150.497,-153.884,-1551.890,OK,155.539,-236.330,-1500.884,OK,72.343,-198.224,-1556.100,Port 0x03: JJH Y femur tracker  s/n:3E4C8801,195970045,1738955767.418630083,1,OK,0.7962964,-0.0320335,0.4944076,-0.3470550,-109.311,111.100,-1522.357,0.0617367,3,OK,-109.283,111.095,-1522.403,OK,-83.165,206.074,-1509.433,OK,-134.530,165.582,-1450.980
3,Port 0x01: JJH Probe  s/n:3E4C880C,195970048,1738955767.468630083,1,Too Few Markers,-3.697314E28,-3.697314E28,-3.697314E28,-3.697314E28,-3.697314E28,-3.697314E28,-3.697314E28,0.0000000,3,Missing,-3.697314E28,-3.697314E28,-3.697314E28,Missing,-3.697314E28,-3.697314E28,-3.697314E28,Missing,-3.697314E28,-3.697314E28,-3.697314E28,Port 0x02: JJH T tibia tracker  s/n:3E4C8800,195970048,1738955767.468630083,1,OK,0.9209746,-0.2916898,-0.0997288,0.2382792,150.612,-153.056,-1550.002,0.5546078,3,OK,150.531,-152.884,-1550.138,OK,155.518,-234.942,-1498.533,OK,72.480,-197.413,-1554.310,Port 0x03: JJH Y femur tracker  s/n:3E4C8801,195970048,1738955767.468630083,1,OK,0.8007271,-0.0318428,0.4893223,-0.3440725,-111.611,110.611,-1523.236,0.0981256,3,OK,-111.572,110.599,-1523.304,OK,-86.368,205.794,-1510.017,OK,-138.177,164.888,-1452.136
3,Port 0x01: JJH Probe  s/n:3E4C880C,195970051,1738955767.518630083,1,Too Few Markers,-3.697314E28,-3.697314E28,-3.697314E28,-3.697314E28,-3.697314E28,-3.697314E28,-3.697314E28,0.0000000,3,Missing,-3.697314E28,-3.697314E28,-3.697314E28,Missing,-3.697314E28,-3.697314E28,-3.697314E28,Missing,-3.697314E28,-3.697314E28,-3.697314E28,Port 0x02: JJH T tibia tracker  s/n:3E4C8800,195970051,1738955767.518630083,1,OK,0.9202837,-0.2945018,-0.0982709,0.2380952,150.663,-152.597,-1549.157,0.5651248,3,OK,150.573,-152.413,-1549.306,OK,155.513,-234.185,-1497.171,OK,72.472,-196.863,-1553.103,Port 0x03: JJH Y femur tracker  s/n:3E4C8801,195970051,1738955767.518630083,1,OK,0.8055587,-0.0312274,0.4836726,-0.3408238,-114.011,110.042,-1524.151,0.0892511,3,OK,-113.971,110.012,-1524.229,OK,-89.768,205.414,-1510.500,OK,-141.996,164.078,-1453.420
3,Port 0x01: JJH Probe  s/n:3E4C880C,195970054,1738955767.568583376,1,Too Few Markers,-3.697314E28,-3.697314E28,-3.697314E28,-3.697314E28,-3.697314E28,-3.697314E28,-3.697314E28,0.0000000,3,Missing,-3.697314E28,-3.697314E28,-3.697314E28,Missing,-3.697314E28,-3.697314E28,-3.697314E28,Missing,-3.697314E28,-3.697314E28,-3.697314E28,Port 0x02: JJH T tibia tracker  s/n:3E4C8800,195970054,1738955767.568583376,1,OK,0.9186389,-0.2992421,-0.0980787,0.2386152,150.665,-151.596,-1547.443,0.5544230,3,OK,150.585,-151.429,-1547.580,OK,155.470,-232.642,-1494.657,OK,72.503,-195.959,-1551.102,Port 0x03: JJH Y femur tracker  s/n:3E4C8801,195970054,1738955767.568583376,1,OK,0.8105602,-0.0311334,0.4775591,-0.3375800,-116.419,109.449,-1525.067,0.0511645,3,OK,-116.398,109.425,-1525.110,OK,-93.227,205.061,-1511.118,OK,-145.892,163.243,-1454.825
3,Port 0x01: JJH Probe  s/n:3E4C880C,195970057,1738955767.618583376,1,Too Few Markers,-3.697314E28,-3.697314E28,-3.697314E28,-3.697314E28,-3.697314E28,-3.697314E28,-3.697314E28,0.0000000,3,Missing,-3.697314E28,-3.697314E28,-3.697314E28,Missing,-3.697314E28,-3.697314E28,-3.697314E28,Missing,-3.697314E28,-3.697314E28,-3.697314E28,Port 0x02: JJH T tibia tracker  s/n:3E4C8800,195970057,1738955767.618583376,1,OK,0.9171766,-0.3041034,-0.0966577,0.2386743,150.644,-150.820,-1546.022,0.5576280,3,OK,150.565,-150.661,-1546.156,OK,155.378,-231.308,-1492.388,OK,72.429,-195.138,-1549.217,Port 0x03: JJH Y femur tracker  s/n:3E4C8801,195970057,1738955767.618583376,1,OK,0.8153633,-0.0307822,0.4717693,-0.3341688,-118.964,108.849,-1526.140,0.0783297,3,OK,-118.931,108.812,-1526.205,OK,-96.805,204.657,-1511.860,OK,-149.906,162.373,-1456.279
3,Port 0x01: JJH Probe  s/n:3E4C880C,195970060,1738955767.668583376,1,Too Few Markers,-3.697314E28,-3.697314E28,-3.697314E28,-3.697314E28,-3.697314E28,-3.697314E28,-3.697314E28,0.0000000,3,Missing,-3.697314E28,-3.697314E28,-3.697314E28,Missing,-3.697314E28,-3.697314E28,-3.697314E28,Missing,-3.697314E28,-3.697314E28,-3.697314E28,Port 0x02: JJH T tibia tracker  s/n:3E4C8800,195970060,1738955767.668583376,1,OK,0.9154252,-0.3098946,-0.0948106,0.2386900,150.685,-150.098,-1544.769,0.5790568,3,OK,150.592,-149.909,-1544.931,OK,155.326,-229.950,-1490.102,OK,72.420,-194.338,-1547.384,Port 0x03: JJH Y femur tracker  s/n:3E4C8801,195970060,1738955767.668583376,1,OK,0.8208289,-0.0305079,0.4649069,-0.3304099,-121.648,108.086,-1527.228,0.0521535,3,OK,-121.628,108.054,-1527.270,OK,-100.681,204.123,-1512.614,OK,-154.238,161.298,-1457.929
3,Port 0x01: JJH Probe  s/n:3E4C880C,195970063,1738955767.718583376,1,Too Few Markers,-3.697314E28,-3.697314E28,-3.697314E28,-3.697314E28,-3.697314E28,-3.697314E28,-3.697314E28,0.0000000,3,Missing,-3.697314E28,-3.697314E28,-3.697314E28,Missing,-3.697314E28,-3.697314E28,-3.697314E28,Missing,-3.697314E28,-3.697314E28,-3.697314E28,Port 0x02: JJH T tibia tracker  s/n:3E4C8800,195970063,1738955767.718583376,1,OK,0.9139856,-0.3143707,-0.0933846,0.2389155,150.657,-149.251,-1543.209,0.5470672,3,OK,150.578,-149.064,-1543.368,OK,155.236,-228.545,-1487.790,OK,72.380,-193.485,-1545.343,Port 0x03: JJH Y femur tracker  s/n:3E4C8801,195970063,1738955767.718583376,1,OK,0.8260449,-0.0300725,0.4584192,-0.3264926,-124.384,107.307,-1528.376,0.0708370,3,OK,-124.355,107.263,-1528.433,OK,-104.593,203.542,-1513.409,OK,-158.582,160.173,-1459.557
3,Port 0x01: JJH Probe  s/n:3E4C880C,195970066,1738955767.768583376,1,Too Few Markers,-3.697314E28,-3.697314E28,-3.697314E28,-3.697314E28,-3.697314E28,-3.697314E28,-3.697314E28,0.0000000,3,Missing,-3.697314E28,-3.697314E28,-3.697314E28,Missing,-3.697314E28,-3.697314E28,-3.697314E28,Missing,-3.697314E28,-3.697314E28,-3.697314E28,Port 0x02: JJH T tibia tracker  s/n:3E4C8800,195970066,1738955767.768583376,1,OK,0.9123013,-0.3192316,-0.0927336,0.2391611,150.663,-148.345,-1541.723,0.5652824,3,OK,150.584,-148.160,-1541.883,OK,155.184,-227.072,-1485.471,OK,72.366,-192.586,-1543.516,Port 0x03: JJH Y femur tracker  s/n:3E4C8801,195970066,1738955767.768583376,1,OK,0.8310022,-0.0299647,0.4521863,-0.3225911,-127.010,106.592,-1529.586,0.1023741,3,OK,-126.972,106.532,-1529.660,OK,-108.382,203.036,-1514.357,OK,-162.767,159.110,-1461.246
3,Port 0x01: JJH Probe  s/n:3E4C880C,195970069,1738955767.818583376,1,Too Few Markers,-3.697314E28,-3.697314E28,-3.697314E28,-3.697314E28,-3.697314E28,-3.697314E28,-3.697314E28,0.0000000,3,Missing,-3.697314E28,-3.697314E28,-3.697314E28,Missing,-3.697314E28,-3.697314E28,-3.697314E28,Missing,-3.697314E28,-3.697314E28,-3.697314E28,Port 0x02: JJH T tibia tracker  s/n:3E4C8800,195970069,1738955767.818583376,1,OK,0.9111738,-0.3229488,-0.0907301,0.2392371,150.710,-147.661,-1540.661,0.5328759,3,OK,150.626,-147.478,-1540.824,OK,155.192,-225.904,-1483.773,OK,72.393,-191.826,-1541.920,Port 0x03: JJH Y femur tracker  s/n:3E4C8801,195970069,1738955767.818583376,1,OK,0.8358053,-0.0297211,0.4457826,-0.3190987,-129.417,105.821,-1530.688,0.0852453,3,OK,-129.386,105.766,-1530.749,OK,-111.899,202.434,-1515.209,OK,-166.651,158.021,-1462.928
3,Port 0x01: JJH Probe  s/n:3E4C880C,195970072,1738955767.868583379,1,Too Few Markers,-3.697314E28,-3.697314E28,-3.697314E28,-3.697314E28,-3.697314E28,-3.697314E28,-3.697314E28,0.0000000,3,Missing,-3.697314E28,-3.697314E28,-3.697314E28,Missing,-3.697314E28,-3.697314E28,-3.697314E28,Missing,-3.697314E28,-3.697314E28,-3.697314E28,Port 0x02: JJH T tibia tracker  s/n:3E4C8800,195970072,1738955767.868583379,1,OK,0.9101680,-0.3257599,-0.0903056,0.2394151,150.735,-146.911,-1539.616,0.5131086,3,OK,150.657,-146.757,-1539.758,OK,155.181,-224.778,-1482.280,OK,72.417,-191.086,-1540.660,Port 0x03: JJH Y femur tracker  s/n:3E4C8801,195970072,1738955767.868583379,1,OK,0.8406118,-0.0293945,0.4393132,-0.3154548,-131.894,105.100,-1531.973,0.0836870,3,OK,-131.868,105.041,-1532.028,OK,-115.502,201.882,-1516.244,OK,-170.626,156.944,-1464.795
3,Port 0x01: JJH Probe  s/n:3E4C880C,195970075,1738955767.918583379,1,Too Few Markers,-3.697314E28,-3.697314E28,-3.697314E28,-3.697314E28,-3.697314E28,-3.697314E28,-3.697314E28,0.0000000,3,Missing,-3.697314E28,-3.697314E28,-3.697314E28,Missing,-3.697314E28,-3.697314E28,-3.697314E28,Missing,-3.697314E28,-3.697314E28,-3.697314E28,Port 0x02: JJH T tibia tracker  s/n:3E4C8800,195970075,1738955767.918583379,1,OK,0.9087016,-0.3299510,-0.0892186,0.2396535,150.781,-146.139,-1538.418,0.5195169,3,OK,150.701,-145.986,-1538.563,OK,155.199,-223.484,-1480.366,OK,72.445,-190.293,-1539.073,Port 0x03: JJH Y femur tracker  s/n:3E4C8801,195970075,1738955767.918583379,1,OK,0.8454425,-0.0288682,0.4327258,-0.3116761,-134.387,104.282,-1533.238,0.0810635,3,OK,-134.365,104.206,-1533.292,OK,-119.152,201.218,-1517.219,OK,-174.618,155.742,-1466.667
3,Port 0x01: JJH Probe  s/n:3E4C880C,195970078,1738955767.968539899,1,Too Few Markers,-3.697314E28,-3.697314E28,-3.697314E28,-3.697314E28,-3.697314E28,-3.697314E28,-3.697314E28,0.0000000,3,Missing,-3.697314E28,-3.697314E28,-3.697314E28,Missing,-3.697314E28,-3.697314E28,-3.697314E28,Missing,-3.697314E28,-3.697314E28,-3.697314E28,Port 0x02: JJH T tibia tracker  s/n:3E4C8800,195970078,1738955767.968539899,1,OK,0.9071249,-0.3345152,-0.0876945,0.2398619,150.871,-145.232,-1537.192,0.5175226,3,OK,150.788,-145.084,-1537.337,OK,155.261,-221.988,-1478.365,OK,72.508,-189.335,-1537.365,Port 0x03: JJH Y femur tracker  s/n:3E4C8801,195970078,1738955767.968539899,1,OK,0.8503818,-0.0283999,0.4258794,-0.3076863,-136.921,103.427,-1534.656,0.0817700,3,OK,-136.894,103.348,-1534.715,OK,-122.901,200.496,-1518.372,OK,-178.706,154.476,-1468.724
3,Port 0x01: JJH Probe  s/n:3E4C880C,195970081,1738955768.018539899,1,Too Few Markers,-3.697314E28,-3.697314E28,-3.697314E28,-3.697314E28,-3.697314E28,-3.697314E28,-3.697314E28,0.0000000,3,Missing,-3.697314E28,-3.697314E28,-3.697314E28,Missing,-3.697314E28,-3.697314E28,-3.697314E28,Missing,-3.697314E28,-3.697314E28,-3.697314E28,Port 0x02: JJH T tibia tracker  s/n:3E4C8800,195970081,1738955768.018539899,1,OK,0.9055372,-0.3389651,-0.0865635,0.2400247,150.928,-144.419,-1535.988,0.5243789,3,OK,150.845,-144.263,-1536.142,OK,155.267,-220.613,-1476.410,OK,72.542,-188.485,-1535.754,Port 0x03: JJH Y femur tracker  s/n:3E4C8801,195970081,1738955768.018539899,1,OK,0.8553196,-0.0277797,0.4190118,-0.3034564,-139.568,102.498,-1536.130,0.0980112,3,OK,-139.530,102.406,-1536.203,OK,-126.792,199.691,-1519.561,OK,-182.928,153.082,-1470.829
3,Port 0x01: JJH Probe  s/n:3E4C880C,195970084,1738955768.068539899,1,Too Few Markers,-3.697314E28,-3.697314E28,-3.697314E28,-3.697314E28,-3.697314E28,-3.697314E28,-3.697314E28,0.0000000,3,Missing,-3.697314E28,-3.697314E28,-3.697314E28,Missing,-3.697314E28,-3.697314E28,-3.697314E28,Missing,-3.697314E28,-3.697314E28,-3.697314E28,Port 0x02: JJH T tibia tracker  s/n:3E4C8800,195970084,1738955768.068539899,1,OK,0.9043201,-0.3424043,-0.0851880,0.2402236,150.981,-143.667,-1535.018,0.5094861,3,OK,150.904,-143.499,-1535.180,OK,155.300,-219.399,-1474.863,OK,72.586,-187.695,-1534.367,Port 0x03: JJH Y femur tracker  s/n:3E4C8801,195970084,1738955768.068539899,1,OK,0.8601485,-0.0278360,0.4119618,-0.2994282,-142.116,101.566,-1537.602,0.0973967,3,OK,-142.089,101.470,-1537.661,OK,-130.589,198.923,-1520.918,OK,-187.020,151.724,-1473.045
3,Port 0x01: JJH Probe  s/n:3E4C880C,195970087,1738955768.118539899,1,Too Few Markers,-3.697314E28,-3.697314E28,-3.697314E28,-3.697314E28,-3.697314E28,-3.697314E28,-3.697314E28,0.0000000,3,Missing,-3.697314E28,-3.697314E28,-3.697314E28,Missing,-3.697314E28,-3.697314E28,-3.697314E28,Missing,-3.697314E28,-3.697314E28,-3.697314E28,Port 0x02: JJH T tibia tracker  s/n:3E4C8800,195970087,1738955768.118539899,1,OK,0.9027751,-0.3465060,-0.0841170,0.2405307,151.055,-142.795,-1533.785,0.5114275,3,OK,150.982,-142.635,-1533.941,OK,155.366,-217.974,-1472.949,OK,72.643,-186.804,-1532.748,Port 0x03: JJH Y femur tracker  s/n:3E4C8801,195970087,1738955768.118539899,1,OK,0.8648344,-0.0272992,0.4051291,-0.2952739,-144.580,100.630,-1539.104,0.1083219,3,OK,-144.539,100.526,-1539.177,OK,-134.285,198.078,-1522.196,OK,-190.995,150.318,-1475.226
3,Port 0x01: JJH Probe  s/n:3E4C880C,195970090,1738955768.168539899,1,Too Few Markers,-3.697314E28,-3.697314E28,-3.697314E28,-3.697314E28,-3.697314E28,-3.697314E28,-3.697314E28,0.0000000,3,Missing,-3.697314E28,-3.697314E28,-3.697314E28,Missing,-3.697314E28,-3.697314E28,-3.697314E28,Missing,-3.697314E28,-3.697314E28,-3.697314E28,Port 0x02: JJH T tibia tracker  s/n:3E4C8800,195970090,1738955768.168539899,1,OK,0.9012027,-0.3507637,-0.0829274,0.2406691,151.102,-141.968,-1532.715,0.5126206,3,OK,151.028,-141.806,-1532.877,OK,155.367,-216.580,-1471.175,OK,72.668,-185.924,-1531.270,Port 0x03: JJH Y femur tracker  s/n:3E4C8801,195970090,1738955768.168539899,1,OK,0.8693923,-0.0269054,0.3981526,-0.2913890,-146.932,99.714,-1540.591,0.0920973,3,OK,-146.901,99.615,-1540.651,OK,-137.839,197.252,-1523.524,OK,-194.796,148.956,-1477.482
3,Port 0x01: JJH Probe  s/n:3E4C880C,195970093,1738955768.218539899,1,Too Few Markers,-3.697314E28,-3.697314E28,-3.697314E28,-3.697314E28,-3.697314E28,-3.697314E28,-3.697314E28,0.0000000,3,Missing,-3.697314E28,-3.697314E28,-3.697314E28,Missing,-3.697314E28,-3.697314E28,-3.697314E28,Missing,-3.697314E28,-3.697314E28,-3.697314E28,Port 0x02: JJH T tibia tracker  s/n:3E4C8800,195970093,1738955768.218539899,1,OK,0.9001858,-0.3534886,-0.0821306,0.2407610,151.190,-141.390,-1531.938,0.5082040,3,OK,151.117,-141.238,-1532.094,OK,155.431,-215.624,-1469.956,OK,72.739,-185.308,-1530.228,Port 0x03: JJH Y femur tracker  s/n:3E4C8801,195970093,1738955768.218539899,1,OK,0.8737726,-0.0261512,0.3913845,-0.2874990,-149.193,98.760,-1542.075,0.0954135,3,OK,-149.161,98.646,-1542.136,OK,-141.268,196.364,-1524.790,OK,-198.454,147.533,-1479.699
3,Port 0x01: JJH Probe  s/n:3E4C880C,195970096,1738955768.268539899,1,Too Few Markers,-3.697314E28,-3.697314E28,-3.697314E28,-3.697314E28,-3.697314E28,-3.697314E28,-3.697314E28,0.0000000,3,Missing,-3.697314E28,-3.697314E28,-3.697314E28,Missing,-3.697314E28,-3.697314E28,-3.697314E28,Missing,-3.697314E28,-3.697314E28,-3.697314E28,Port 0x02: JJH T tibia tracker  s/n:3E4C8800,195970096,1738955768.268539899,1,OK,0.8992942,-0.3558891,-0.0810978,0.2409067,151.233,-140.831,-1531.234,0.4993779,3,OK,151.162,-140.668,-1531.399,OK,155.467,-214.730,-1468.854,OK,72.778,-184.713,-1529.220,Port 0x03: JJH Y femur tracker  s/n:3E4C8801,195970096,1738955768.268539899,1,OK,0.8777519,-0.0263611,0.3851914,-0.2836975,-151.356,97.849,-1543.486,0.0926803,3,OK,-151.320,97.746,-1543.545,OK,-144.573,195.535,-1526.187,OK,-201.934,146.186,-1481.814
3,Port 0x01: JJH Probe  s/n:3E4C880C,195970099,1738955768.318539899,1,Too Few Markers,-3.697314E28,-3.697314E28,-3.697314E28,-3.697314E28,-3.697314E28,-3.697314E28,-3.697314E28,0.0000000,3,Missing,-3.697314E28,-3.697314E28,-3.697314E28,Missing,-3.697314E28,-3.697314E28,-3.697314E28,Missing,-3.697314E28,-3.697314E28,-3.697314E28,Port 0x02: JJH T tibia tracker  s/n:3E4C8800,195970099,1738955768.318539899,1,OK,0.8981610,-0.3589297,-0.0799279,0.2410140,151.329,-140.221,-1530.453,0.4893679,3,OK,151.260,-140.058,-1530.617,OK,155.542,-213.688,-1467.577,OK,72.857,-184.046,-1528.088,Port 0x03: JJH Y femur tracker  s/n:3E4C8801,195970099,1738955768.318539899,1,OK,0.8815332,-0.0253804,0.3792804,-0.2800025,-153.409,96.948,-1544.981,0.1193260,3,OK,-153.358,96.816,-1545.061,OK,-147.671,194.670,-1527.450,OK,-205.227,144.800,-1483.927
3,Port 0x01: JJH Probe  s/n:3E4C880C,195970102,1738955768.368539899,1,Too Few Markers,-3.697314E28,-3.697314E28,-3.697314E28,-3.697314E28,-3.697314E28,-3.697314E28,-3.697314E28,0.0000000,3,Missing,-3.697314E28,-3.697314E28,-3.697314E28,Missing,-3.697314E28,-3.697314E28,-3.697314E28,Missing,-3.697314E28,-3.697314E28,-3.697314E28,Port 0x02: JJH T tibia tracker  s/n:3E4C8800,195970102,1738955768.368539899,1,OK,0.8971289,-0.3616793,-0.0788904,0.2410894,151.392,-139.647,-1529.763,0.4789764,3,OK,151.324,-139.478,-1529.935,OK,155.577,-212.727,-1466.441,OK,72.914,-183.419,-1527.082,Port 0x03: JJH Y femur tracker  s/n:3E4C8801,195970102,1738955768.368539899,1,OK,0.8851454,-0.0250895,0.3731879,-0.2768012,-155.215,96.122,-1546.328,0.1108539,3,OK,-155.170,95.991,-1546.399,OK,-150.483,193.885,-1528.744,OK,-208.199,143.588,-1486.014
3,Port 0x01: JJH Probe  s/n:3E4C880C,195970105,1738955768.418539899,1,Too Few Markers,-3.697314E28,-3.697314E28,-3.697314E28,-3.697314E28,-3.697314E28,-3.697314E28,-3.697314E28,0.0000000,3,Missing,-3.697314E28,-3.697314E28,-3.697314E28,Missing,-3.697314E28,-3.697314E28,-3.697314E28,Missing,-3.697314E28,-3.697314E28,-3.697314E28,Port 0x02: JJH T tibia tracker  s/n:3E4C8800,195970105,1738955768.418539899,1,OK,0.8964036,-0.3634477,-0.0784457,0.2412729,151.423,-139.131,-1529.078,0.4709439,3,OK,151.361,-138.967,-1529.244,OK,155.607,-211.953,-1465.477,OK,72.946,-182.904,-1526.224,Port 0x03: JJH Y femur tracker  s/n:3E4C8801,195970105,1738955768.418539899,1,OK,0.8884614,-0.0248606,0.3678441,-0.2733293,-157.105,95.273,-1547.697,0.1225949,3,OK,-157.044,95.139,-1547.781,OK,-153.368,193.064,-1530.048,OK,-211.204,142.302,-1487.991
3,Port 0x01: JJH Probe  s/n:3E4C880C,195970108,1738955768.468539899,1,Too Few Markers,-3.697314E28,-3.697314E28,-3.697314E28,-3.697314E28,-3.697314E28,-3.697314E28,-3.697314E28,0.0000000,3,Missing,-3.697314E28,-3.697314E28,-3.697314E28,Missing,-3.697314E28,-3.697314E28,-3.697314E28,Missing,-3.697314E28,-3.697314E28,-3.697314E28,Port 0x02: JJH T tibia tracker  s/n:3E4C8800,195970108,1738955768.468539899,1,OK,0.8956831,-0.3653020,-0.0777526,0.2413728,151.495,-138.698,-1528.497,0.4655042,3,OK,151.435,-138.541,-1528.657,OK,155.677,-211.245,-1464.599,OK,73.005,-182.438,-1525.435,Port 0x03: JJH Y femur tracker  s/n:3E4C8801,195970108,1738955768.468539899,1,OK,0.8916354,-0.0248834,0.3624596,-0.2701668,-158.750,94.417,-1548.897,0.1087114,3,OK,-158.700,94.294,-1548.966,OK,-155.961,192.247,-1531.263,OK,-213.895,141.042,-1489.865
3,Port 0x01: JJH Probe  s/n:3E4C880C,195970111,1738955768.518539899,1,Too Few Markers,-3.697314E28,-3.697314E28,-3.697314E28,-3.697314E28,-3.697314E28,-3.697314E28,-3.697314E28,0.0000000,3,Missing,-3.697314E28,-3.697314E28,-3.697314E28,Missing,-3.697314E28,-3.697314E28,-3.697314E28,Missing,-3.697314E28,-3.697314E28,-3.697314E28,Port 0x02: JJH T tibia tracker  s/n:3E4C8800,195970111,1738955768.518539899,1,OK,0.8947512,-0.3676348,-0.0772404,0.2414517,151.562,-138.197,-1527.891,0.4760202,3,OK,151.488,-138.044,-1528.056,OK,155.725,-210.424,-1463.611,OK,73.068,-181.898,-1524.637,Port 0x03: JJH Y femur tracker  s/n:3E4C8801,195970111,1738955768.518539899,1,OK,0.8945051,-0.0245622,0.3576150,-0.2671495,-160.321,93.688,-1550.231,0.1179092,3,OK,-160.257,93.565,-1550.311,OK,-158.401,191.520,-1532.546,OK,-216.433,139.920,-1491.769
3,Port 0x01: JJH Probe  s/n:3E4C880C,195970114,1738955768.568585519,1,Too Few Markers,-3.697314E28,-3.697314E28,-3.697314E28,-3.697314E28,-3.697314E28,-3.697314E28,-3.697314E28,0.0000000,3,Missing,-3.697314E28,-3.697314E28,-3.697314E28,Missing,-3.697314E28,-3.697314E28,-3.697314E28,Missing,-3.697314E28,-3.697314E28,-3.697314E28,Port 0x02: JJH T tibia tracker  s/n:3E4C8800,195970114,1738955768.568585519,1,OK,0.8940053,-0.3694730,-0.0767067,0.2415786,151.590,-137.767,-1527.335,0.4775738,3,OK,151.527,-137.609,-1527.500,OK,155.750,-209.729,-1462.758,OK,73.081,-181.453,-1523.897,Port 0x03: JJH Y femur tracker  s/n:3E4C8801,195970114,1738955768.568585519,1,OK,0.8972589,-0.0240336,0.3529045,-0.2642106,-161.850,92.933,-1551.412,0.1387470,3,OK,-161.771,92.787,-1551.509,OK,-160.771,190.766,-1533.636,OK,-218.881,138.775,-1493.510
3,Port 0x01: JJH Probe  s/n:3E4C880C,195970117,1738955768.618585519,1,Too Few Markers,-3.697314E28,-3.697314E28,-3.697314E28,-3.697314E28,-3.697314E28,-3.697314E28,-3.697314E28,0.0000000,3,Missing,-3.697314E28,-3.697314E28,-3.697314E28,Missing,-3.697314E28,-3.697314E28,-3.697314E28,Missing,-3.697314E28,-3.697314E28,-3.697314E28,Port 0x02: JJH T tibia tracker  s/n:3E4C8800,195970117,1738955768.618585519,1,OK,0.8933878,-0.3710213,-0.0762829,0.2416244,151.646,-137.390,-1526.895,0.4766215,3,OK,151.577,-137.235,-1527.062,OK,155.790,-209.132,-1462.070,OK,73.138,-181.048,-1523.310,Port 0x03: JJH Y femur tracker  s/n:3E4C8801,195970117,1738955768.618585519,1,OK,0.9000966,-0.0240724,0.3476196,-0.2615477,-163.212,92.198,-1552.527,0.1238937,3,OK,-163.156,92.050,-1552.601,OK,-162.982,190.067,-1534.819,OK,-221.164,137.697,-1495.345
3,Port 0x01: JJH Probe  s/n:3E4C880C,195970120,1738955768.668585519,1,Too Few Markers,-3.697314E28,-3.697314E28,-3.697314E28,-3.697314E28,-3.697314E28,-3.697314E28,-3.697314E28,0.0000000,3,Missing,-3.697314E28,-3.697314E28,-3.697314E28,Missing,-3.697314E28,-3.697314E28,-3.697314E28,Missing,-3.697314E28,-3.697314E28,-3.697314E28,Port 0x02: JJH T tibia tracker  s/n:3E4C8800,195970120,1738955768.668585519,1,OK,0.8927921,-0.3726109,-0.0753474,0.2416735,151.705,-137.034,-1526.410,0.4674378,3,OK,151.647,-136.868,-1526.582,OK,155.849,-208.534,-1461.328,OK,73.179,-180.646,-1522.584,Port 0x03: JJH Y femur tracker  s/n:3E4C8801,195970120,1738955768.668585519,1,OK,0.9025495,-0.0238634,0.3433694,-0.2587130,-164.549,91.474,-1553.601,0.1274910,3,OK,-164.481,91.331,-1553.683,OK,-165.111,189.329,-1535.875,OK,-223.339,136.587,-1496.938
3,Port 0x01: JJH Probe  s/n:3E4C880C,195970123,1738955768.718585519,1,Too Few Markers,-3.697314E28,-3.697314E28,-3.697314E28,-3.697314E28,-3.697314E28,-3.697314E28,-3.697314E28,0.0000000,3,Missing,-3.697314E28,-3.697314E28,-3.697314E28,Missing,-3.697314E28,-3.697314E28,-3.697314E28,Missing,-3.697314E28,-3.697314E28,-3.697314E28,Port 0x02: JJH T tibia tracker  s/n:3E4C8800,195970123,1738955768.718585519,1,OK,0.8921847,-0.3740666,-0.0750490,0.2417607,151.730,-136.637,-1525.939,0.4558464,3,OK,151.665,-136.497,-1526.093,OK,155.865,-207.909,-1460.643,OK,73.206,-180.231,-1521.992,Port 0x03: JJH Y femur tracker  s/n:3E4C8801,195970123,1738955768.718585519,1,OK,0.9050739,-0.0239750,0.3386435,-0.2560995,-165.865,90.758,-1554.765,0.1133607,3,OK,-165.806,90.629,-1554.834,OK,-167.218,188.619,-1537.125,OK,-225.502,135.524,-1498.739
3,Port 0x01: JJH Probe  s/n:3E4C880C,195970126,1738955768.768585519,1,Too Few Markers,-3.697314E28,-3.697314E28,-3.697314E28,-3.697314E28,-3.697314E28,-3.697314E28,-3.697314E28,0.0000000,3,Missing,-3.697314E28,-3.697314E28,-3.697314E28,Missing,-3.697314E28,-3.697314E28,-3.697314E28,Missing,-3.697314E28,-3.697314E28,-3.697314E28,Port 0x02: JJH T tibia tracker  s/n:3E4C8800,195970126,1738955768.768585519,1,OK,0.8913685,-0.3761424,-0.0743288,0.2417731,151.792,-136.299,-1525.490,0.4705703,3,OK,151.730,-136.128,-1525.671,OK,155.900,-207.294,-1459.841,OK,73.253,-179.846,-1521.320,Port 0x03: JJH Y femur tracker  s/n:3E4C8801,195970126,1738955768.768585519,1,OK,0.9075177,-0.0233689,0.3341853,-0.2533492,-167.163,90.022,-1555.951,0.1270411,3,OK,-167.094,89.877,-1556.030,OK,-169.296,187.857,-1538.240,OK,-227.615,134.401,-1500.486
3,Port 0x01: JJH Probe  s/n:3E4C880C,195970129,1738955768.818585519,1,Too Few Markers,-3.697314E28,-3.697314E28,-3.697314E28,-3.697314E28,-3.697314E28,-3.697314E28,-3.697314E28,0.0000000,3,Missing,-3.697314E28,-3.697314E28,-3.697314E28,Missing,-3.697314E28,-3.697314E28,-3.697314E28,Missing,-3.697314E28,-3.697314E28,-3.697314E28,Port 0x02: JJH T tibia tracker  s/n:3E4C8800,195970129,1738955768.818585519,1,OK,0.8907935,-0.3775870,-0.0737422,0.2418203,151.812,-135.923,-1524.995,0.4657762,3,OK,151.750,-135.761,-1525.169,OK,155.920,-206.696,-1459.120,OK,73.261,-179.432,-1520.659,Port 0x03: JJH Y femur tracker  s/n:3E4C8801,195970129,1738955768.818585519,1,OK,0.9098659,-0.0228450,0.3298892,-0.2505899,-168.506,89.261,-1557.053,0.1388426,3,OK,-168.425,89.107,-1557.141,OK,-171.406,187.064,-1539.290,OK,-229.754,133.246,-1502.129
3,Port 0x01: JJH Probe  s/n:3E4C880C,195970132,1738955768.868585520,1,Too Few Markers,-3.697314E28,-3.697314E28,-3.697314E28,-3.697314E28,-3.697314E28,-3.697314E28,-3.697314E28,0.0000000,3,Missing,-3.697314E28,-3.697314E28,-3.697314E28,Missing,-3.697314E28,-3.697314E28,-3.697314E28,Missing,-3.697314E28,-3.697314E28,-3.697314E28,Port 0x02: JJH T tibia tracker  s/n:3E4C8800,195970132,1738955768.868585520,1,OK,0.8901442,-0.3792552,-0.0728915,0.2418587,151.844,-135.652,-1524.644,0.4633830,3,OK,151.783,-135.471,-1524.836,OK,155.942,-206.182,-1458.494,OK,73.290,-179.110,-1520.076,Port 0x03: JJH Y femur tracker  s/n:3E4C8801,195970132,1738955768.868585520,1,OK,0.9117879,-0.0226550,0.3262284,-0.2484041,-169.551,88.633,-1558.036,0.1465939,3,OK,-169.464,88.470,-1558.129,OK,-173.082,186.421,-1540.293,OK,-231.454,132.314,-1503.595
3,Port 0x01: JJH Probe  s/n:3E4C880C,195970135,1738955768.918585520,1,Too Few Markers,-3.697314E28,-3.697314E28,-3.697314E28,-3.697314E28,-3.697314E28,-3.697314E28,-3.697314E28,0.0000000,3,Missing,-3.697314E28,-3.697314E28,-3.697314E28,Missing,-3.697314E28,-3.697314E28,-3.697314E28,Missing,-3.697314E28,-3.697314E28,-3.697314E28,Port 0x02: JJH T tibia tracker  s/n:3E4C8800,195970135,1738955768.918585520,1,OK,0.8897376,-0.3801769,-0.0726548,0.2419788,151.888,-135.424,-1524.251,0.4610056,3,OK,151.827,-135.253,-1524.434,OK,155.998,-205.808,-1457.959,OK,73.333,-178.877,-1519.596,Port 0x03: JJH Y femur tracker  s/n:3E4C8801,195970135,1738955768.918585520,1,OK,0.9132345,-0.0227717,0.3234467,-0.2467111,-170.290,88.103,-1558.668,0.1427192,3,OK,-170.205,87.944,-1558.757,OK,-174.312,185.887,-1540.991,OK,-232.687,131.552,-1504.611
3,Port 0x01: JJH Probe  s/n:3E4C880C,195970138,1738955768.968585520,1,Too Few Markers,-3.697314E28,-3.697314E28,-3.697314E28,-3.697314E28,-3.697314E28,-3.697314E28,-3.697314E28,0.0000000,3,Missing,-3.697314E28,-3.697314E28,-3.697314E28,Missing,-3.697314E28,-3.697314E28,-3.697314E28,Missing,-3.697314E28,-3.697314E28,-3.697314E28,Port 0x02: JJH T tibia tracker  s/n:3E4C8800,195970138,1738955768.968585520,1,OK,0.8896001,-0.3804913,-0.0727174,0.2419715,151.862,-135.244,-1524.056,0.4479995,3,OK,151.799,-135.095,-1524.221,OK,155.959,-205.568,-1457.735,OK,73.308,-178.697,-1519.399,Port 0x03: JJH Y femur tracker  s/n:3E4C8801,195970138,1738955768.968585520,1,OK,0.9139416,-0.0224326,0.3221389,-0.2458333,-170.705,87.925,-1559.084,0.1500310,3,OK,-170.612,87.761,-1559.179,OK,-174.964,185.685,-1541.357,OK,-233.338,131.244,-1505.188
3,Port 0x01: JJH Probe  s/n:3E4C880C,195970141,1738955769.018585521,1,Too Few Markers,-3.697314E28,-3.697314E28,-3.697314E28,-3.697314E28,-3.697314E28,-3.697314E28,-3.697314E28,0.0000000,3,Missing,-3.697314E28,-3.697314E28,-3.697314E28,Missing,-3.697314E28,-3.697314E28,-3.697314E28,Missing,-3.697314E28,-3.697314E28,-3.697314E28,Port 0x02: JJH T tibia tracker  s/n:3E4C8800,195970141,1738955769.018585521,1,OK,0.8893719,-0.3810332,-0.0728299,0.2419237,151.848,-135.176,-1524.034,0.4724380,3,OK,151.778,-135.016,-1524.214,OK,155.928,-205.448,-1457.610,OK,73.286,-178.618,-1519.383,Port 0x03: JJH Y femur tracker  s/n:3E4C8801,195970141,1738955769.018585521,1,OK,0.9142587,-0.0226658,0.3215490,-0.2454047,-170.906,87.833,-1559.228,0.1461001,3,OK,-170.813,87.675,-1559.322,OK,-175.283,185.598,-1541.556,OK,-233.659,131.094,-1505.417
3,Port 0x01: JJH Probe  s/n:3E4C880C,195970144,1738955769.068585521,1,Too Few Markers,-3.697314E28,-3.697314E28,-3.697314E28,-3.697314E28,-3.697314E28,-3.697314E28,-3.697314E28,0.0000000,3,Missing,-3.697314E28,-3.697314E28,-3.697314E28,Missing,-3.697314E28,-3.697314E28,-3.697314E28,Missing,-3.697314E28,-3.697314E28,-3.697314E28,Port 0x02: JJH T tibia tracker  s/n:3E4C8800,195970144,1738955769.068585521,1,OK,0.8893999,-0.3810416,-0.0724887,0.2419101,151.861,-135.157,-1523.930,0.4544420,3,OK,151.799,-134.994,-1524.107,OK,155.940,-205.411,-1457.513,OK,73.298,-178.586,-1519.211,Port 0x03: JJH Y femur tracker  s/n:3E4C8801,195970144,1738955769.068585521,1,OK,0.9143164,-0.0225424,0.3214719,-0.2453021,-170.916,87.802,-1559.264,0.1507789,3,OK,-170.820,87.640,-1559.361,OK,-175.319,185.557,-1541.563,OK,-233.685,131.050,-1505.457
3,Port 0x01: JJH Probe  s/n:3E4C880C,195970147,1738955769.118585520,1,Too Few Markers,-3.697314E28,-3.697314E28,-3.697314E28,-3.697314E28,-3.697314E28,-3.697314E28,-3.697314E28,0.0000000,3,Missing,-3.697314E28,-3.697314E28,-3.697314E28,Missing,-3.697314E28,-3.697314E28,-3.697314E28,Missing,-3.697314E28,-3.697314E28,-3.697314E28,Port 0x02: JJH T tibia tracker  s/n:3E4C8800,195970147,1738955769.118585520,1,OK,0.8894052,-0.3809545,-0.0727004,0.2419643,151.863,-135.109,-1523.962,0.4521691,3,OK,151.802,-134.956,-1524.130,OK,155.947,-205.370,-1457.567,OK,73.304,-178.558,-1519.281,Port 0x03: JJH Y femur tracker  s/n:3E4C8801,195970147,1738955769.118585520,1,OK,0.9143173,-0.0225810,0.3214465,-0.2453287,-170.889,87.853,-1559.224,0.1495144,3,OK,-170.796,87.689,-1559.319,OK,-175.286,185.617,-1541.535,OK,-233.659,131.101,-1505.424
3,Port 0x01: JJH Probe  s/n:3E4C880C,195970150,1738955769.168585520,1,Too Few Markers,-3.697314E28,-3.697314E28,-3.697314E28,-3.697314E28,-3.697314E28,-3.697314E28,-3.697314E28,0.0000000,3,Missing,-3.697314E28,-3.697314E28,-3.697314E28,Missing,-3.697314E28,-3.697314E28,-3.697314E28,Missing,-3.697314E28,-3.697314E28,-3.697314E28,Port 0x02: JJH T tibia tracker  s/n:3E4C8800,195970150,1738955769.168585520,1,OK,0.8893915,-0.3809864,-0.0728029,0.2419338,151.855,-135.117,-1523.922,0.4632755,3,OK,151.789,-134.964,-1524.092,OK,155.936,-205.384,-1457.515,OK,73.291,-178.562,-1519.267,Port 0x03: JJH Y femur tracker  s/n:3E4C8801,195970150,1738955769.168585520,1,OK,0.9142635,-0.0221006,0.3216179,-0.2453481,-170.887,87.851,-1559.182,0.1568673,3,OK,-170.785,87.685,-1559.284,OK,-175.252,185.591,-1541.396,OK,-233.638,131.085,-1505.330
3,Port 0x01: JJH Probe  s/n:3E4C880C,195970153,1738955769.218585520,1,Too Few Markers,-3.697314E28,-3.697314E28,-3.697314E28,-3.697314E28,-3.697314E28,-3.697314E28,-3.697314E28,0.0000000,3,Missing,-3.697314E28,-3.697314E28,-3.697314E28,Missing,-3.697314E28,-3.697314E28,-3.697314E28,Missing,-3.697314E28,-3.697314E28,-3.697314E28,Port 0x02: JJH T tibia tracker  s/n:3E4C8800,195970153,1738955769.218585520,1,OK,0.8893705,-0.3810471,-0.0728154,0.2419116,151.843,-135.100,-1523.971,0.4686677,3,OK,151.776,-134.946,-1524.143,OK,155.922,-205.364,-1457.550,OK,73.275,-178.541,-1519.319,Port 0x03: JJH Y femur tracker  s/n:3E4C8801,195970153,1738955769.218585520,1,OK,0.9142118,-0.0228115,0.3216620,-0.2454178,-170.833,87.886,-1559.102,0.1389770,3,OK,-170.745,87.737,-1559.191,OK,-175.207,185.651,-1541.452,OK,-233.570,131.152,-1505.282
3,Port 0x01: JJH Probe  s/n:3E4C880C,195970156,1738955769.268585521,1,Too Few Markers,-3.697314E28,-3.697314E28,-3.697314E28,-3.697314E28,-3.697314E28,-3.697314E28,-3.697314E28,0.0000000,3,Missing,-3.697314E28,-3.697314E28,-3.697314E28,Missing,-3.697314E28,-3.697314E28,-3.697314E28,Missing,-3.697314E28,-3.697314E28,-3.697314E28,Port 0x02: JJH T tibia tracker  s/n:3E4C8800,195970156,1738955769.268585521,1,OK,0.8894024,-0.3809275,-0.0729646,0.2419374,151.842,-135.100,-1523.937,0.4630197,3,OK,151.777,-134.953,-1524.102,OK,155.920,-205.375,-1457.545,OK,73.279,-178.555,-1519.313,Port 0x03: JJH Y femur tracker  s/n:3E4C8801,195970156,1738955769.268585521,1,OK,0.9141238,-0.0221234,0.3219086,-0.2454853,-170.841,87.908,-1559.135,0.1553034,3,OK,-170.741,87.741,-1559.235,OK,-175.164,185.651,-1541.344,OK,-233.539,131.161,-1505.247
3,Port 0x01: JJH Probe  s/n:3E4C880C,195970159,1738955769.318585521,1,Too Few Markers,-3.697314E28,-3.697314E28,-3.697314E28,-3.697314E28,-3.697314E28,-3.697314E28,-3.697314E28,0.0000000,3,Missing,-3.697314E28,-3.697314E28,-3.697314E28,Missing,-3.697314E28,-3.697314E28,-3.697314E28,Missing,-3.697314E28,-3.697314E28,-3.697314E28,Port 0x02: JJH T tibia tracker  s/n:3E4C8800,195970159,1738955769.318585521,1,OK,0.8894207,-0.3808991,-0.0729915,0.2419068,151.861,-135.079,-1523.918,0.4596467,3,OK,151.792,-134.934,-1524.082,OK,155.930,-205.358,-1457.534,OK,73.301,-178.530,-1519.300,Port 0x03: JJH Y femur tracker  s/n:3E4C8801,195970159,1738955769.318585521,1,OK,0.9142077,-0.0219912,0.3216283,-0.2455522,-170.784,87.942,-1559.100,0.1487748,3,OK,-170.696,87.776,-1559.192,OK,-175.109,185.686,-1541.302,OK,-233.495,131.197,-1505.260
3,Port 0x01: JJH Probe  s/n:3E4C880C,195970162,1738955769.368585520,1,Too Few Markers,-3.697314E28,-3.697314E28,-3.697314E28,-3.697314E28,-3.697314E28,-3.697314E28,-3.697314E28,0.0000000,3,Missing,-3.697314E28,-3.697314E28,-3.697314E28,Missing,-3.697314E28,-3.697314E28,-3.697314E28,Missing,-3.697314E28,-3.697314E28,-3.697314E28,Port 0x02: JJH T tibia tracker  s/n:3E4C8800,195970162,1738955769.368585520,1,OK,0.8894182,-0.3809226,-0.0727875,0.2419405,151.846,-135.089,-1523.928,0.4545025,3,OK,151.783,-134.939,-1524.094,OK,155.925,-205.357,-1457.540,OK,73.285,-178.537,-1519.269,Port 0x03: JJH Y femur tracker  s/n:3E4C8801,195970162,1738955769.368585520,1,OK,0.9142079,-0.0223976,0.3216444,-0.2454937,-170.817,87.913,-1559.155,0.1451895,3,OK,-170.725,87.756,-1559.248,OK,-175.162,185.667,-1541.433,OK,-233.546,131.175,-1505.321
3,Port 0x01: JJH Probe  s/n:3E4C880C,195970165,1738955769.418585520,1,Too Few Markers,-3.697314E28,-3.697314E28,-3.697314E28,-3.697314E28,-3.697314E28,-3.697314E28,-3.697314E28,0.0000000,3,Missing,-3.697314E28,-3.697314E28,-3.697314E28,Missing,-3.697314E28,-3.697314E28,-3.697314E28,Missing,-3.697314E28,-3.697314E28,-3.697314E28,Port 0x02: JJH T tibia tracker  s/n:3E4C8800,195970165,1738955769.418585520,1,OK,0.8893961,-0.3810087,-0.0728270,0.2418742,151.834,-135.061,-1523.928,0.4582392,3,OK,151.769,-134.914,-1524.094,OK,155.902,-205.322,-1457.526,OK,73.267,-178.499,-1519.279,Port 0x03: JJH Y femur tracker  s/n:3E4C8801,195970165,1738955769.418585520,1,OK,0.9143419,-0.0222524,0.3213781,-0.2453564,-170.887,87.910,-1559.229,0.1490187,3,OK,-170.797,87.744,-1559.321,OK,-175.277,185.659,-1541.479,OK,-233.649,131.152,-1505.433
