Tools,Port 0x01: JJH Probe  s/n:3E4C880C,Frame,Time [sec],Face,State,Q0,Qx,Qy,Qz,Tx,Ty,Tz,Error,Markers,State,Tx,Ty,Tz,State,Tx,Ty,Tz,State,Tx,Ty,Tz,Port 0x02: JJH T tibia tracker  s/n:3E4C8800,Frame,Time [sec],Face,State,Q0,Qx,Qy,Qz,Tx,Ty,Tz,Error,Markers,State,Tx,Ty,Tz,State,Tx,Ty,Tz,State,Tx,Ty,Tz,Port 0x03: JJH Y femur tracker  s/n:3E4C8801,Frame,Time [sec],Face,State,Q0,Qx,Qy,Qz,Tx,Ty,Tz,Error,Markers,State,Tx,Ty,Tz,State,Tx,Ty,Tz,State,Tx,Ty,Tz
3,Port 0x01: JJH Probe  s/n:3E4C880C,983139781,1783611263.018504154,1,Too Few Markers,-3.697314E28,-3.697314E28,-3.697314E28,-3.697314E28,-3.697314E28,-3.697314E28,-3.697314E28,0.0000000,3,Missing,-3.697314E28,-3.697314E28,-3.697314E28,Missing,-3.697314E28,-3.697314E28,-3.697314E28,Missing,-3.697314E28,-3.697314E28,-3.697314E28,Port 0x02: JJH T tibia tracker  s/n:3E4C8800,983139781,1783611263.018504154,1,OK,0.8308970,0.0524864,0.1683128,0.5277558,72.508,-32.265,-1587.531,0.3463442,3,OK,72.756,-32.333,-1587.613,OK,136.624,-102.094,-1603.706,OK,37.461,-112.711,-1567.250,Port 0x03: JJH Y femur tracker  s/n:3E4C8801,983139781,1783611263.018504154,1,OK,0.7595148,-0.4863129,-0.1100812,0.4177548,-210.674,91.336,-1770.311,0.6205360,3,OK,-210.283,91.729,-1770.370,OK,-289.864,62.535,-1823.598,OK,-269.280,21.663,-1747.540
3,Port 0x01: JJH Probe  s/n:3E4C880C,983139784,1783611263.068504154,1,Too Few Markers,-3.697314E28,-3.697314E28,-3.697314E28,-3.697314E28,-3.697314E28,-3.697314E28,-3.697314E28,0.0000000,3,Missing,-3.697314E28,-3.697314E28,-3.697314E28,Missing,-3.697314E28,-3.697314E28,-3.697314E28,Missing,-3.697314E28,-3.697314E28,-3.697314E28,Port 0x02: JJH T tibia tracker  s/n:3E4C8800,983139784,1783611263.068504154,1,OK,0.8309048,0.0524403,0.1680165,0.5278424,72.498,-32.306,-1587.526,0.3345334,3,OK,72.741,-32.368,-1587.607,OK,136.620,-102.131,-1603.680,OK,37.465,-112.760,-1567.292,Port 0x03: JJH Y femur tracker  s/n:3E4C8801,983139784,1783611263.068504154,1,OK,0.7595395,-0.4863233,-0.1098012,0.4177716,-210.648,91.286,-1770.352,0.6107376,3,OK,-210.273,91.677,-1770.428,OK,-289.845,62.498,-1823.576,OK,-269.271,21.631,-1747.545
3,Port 0x01: JJH Probe  s/n:3E4C880C,983139787,1783611263.118504159,1,Too Few Markers,-3.697314E28,-3.697314E28,-3.697314E28,-3.697314E28,-3.697314E28,-3.697314E28,-3.697314E28,0.0000000,3,Missing,-3.697314E28,-3.697314E28,-3.697314E28,Missing,-3.697314E28,-3.697314E28,-3.697314E28,Missing,-3.697314E28,-3.697314E28,-3.697314E28,Port 0x02: JJH T tibia tracker  s/n:3E4C8800,983139787,1783611263.118504159,1,OK,0.8308797,0.0524205,0.1682364,0.5278139,72.431,-32.302,-1587.574,0.3462406,3,OK,72.677,-32.372,-1587.655,OK,136.562,-102.124,-1603.738,OK,37.390,-112.749,-1567.300,Port 0x03: JJH Y femur tracker  s/n:3E4C8801,983139787,1783611263.118504159,1,OK,0.7595651,-0.4863158,-0.1100547,0.4176671,-210.738,91.291,-1770.323,0.6242469,3,OK,-210.345,91.682,-1770.377,OK,-289.939,62.509,-1823.624,OK,-269.354,21.629,-1747.552
3,Port 0x01: JJH Probe  s/n:3E4C880C,983139790,1783611263.168504160,1,Too Few Markers,-3.697314E28,-3.697314E28,-3.697314E28,-3.697314E28,-3.697314E28,-3.697314E28,-3.697314E28,0.0000000,3,Missing,-3.697314E28,-3.697314E28,-3.697314E28,Missing,-3.697314E28,-3.697314E28,-3.697314E28,Missing,-3.697314E28,-3.697314E28,-3.697314E28,Port 0x02: JJH T tibia tracker  s/n:3E4C8800,983139790,1783611263.168504160,1,OK,0.8308800,0.0524259,0.1684361,0.5277492,72.495,-32.317,-1587.561,0.3513171,3,OK,72.741,-32.392,-1587.642,OK,136.621,-102.145,-1603.734,OK,37.445,-112.754,-1567.255,Port 0x03: JJH Y femur tracker  s/n:3E4C8801,983139790,1783611263.168504160,1,OK,0.7594971,-0.4863718,-0.1099851,0.4177438,-210.677,91.277,-1770.327,0.6093557,3,OK,-210.299,91.664,-1770.393,OK,-289.860,62.476,-1823.588,OK,-269.288,21.619,-1747.544
3,Port 0x01: JJH Probe  s/n:3E4C880C,983139793,1783611263.218504160,1,Too Few Markers,-3.697314E28,-3.697314E28,-3.697314E28,-3.697314E28,-3.697314E28,-3.697314E28,-3.697314E28,0.0000000,3,Missing,-3.697314E28,-3.697314E28,-3.697314E28,Missing,-3.697314E28,-3.697314E28,-3.697314E28,Missing,-3.697314E28,-3.697314E28,-3.697314E28,Port 0x02: JJH T tibia tracker  s/n:3E4C8800,983139793,1783611263.218504160,1,OK,0.8308742,0.0523573,0.1681856,0.5278450,72.507,-32.304,-1587.552,0.3391590,3,OK,72.747,-32.370,-1587.631,OK,136.644,-102.129,-1603.701,OK,37.476,-112.752,-1567.282,Port 0x03: JJH Y femur tracker  s/n:3E4C8801,983139793,1783611263.218504160,1,OK,0.7595323,-0.4863678,-0.1100331,0.4176719,-210.642,91.286,-1770.336,0.6188441,3,OK,-210.254,91.678,-1770.397,OK,-289.832,62.496,-1823.621,OK,-269.264,21.626,-1747.563
3,Port 0x01: JJH Probe  s/n:3E4C880C,983139796,1783611263.268504159,1,Too Few Markers,-3.697314E28,-3.697314E28,-3.697314E28,-3.697314E28,-3.697314E28,-3.697314E28,-3.697314E28,0.0000000,3,Missing,-3.697314E28,-3.697314E28,-3.697314E28,Missing,-3.697314E28,-3.697314E28,-3.697314E28,Missing,-3.697314E28,-3.697314E28,-3.697314E28,Port 0x02: JJH T tibia tracker  s/n:3E4C8800,983139796,1783611263.268504159,1,OK,0.8308626,0.0526606,0.1683346,0.5277856,72.460,-32.334,-1587.576,0.3459415,3,OK,72.697,-32.408,-1587.653,OK,136.590,-102.162,-1603.791,OK,37.414,-112.775,-1567.309,Port 0x03: JJH Y femur tracker  s/n:3E4C8801,983139796,1783611263.268504159,1,OK,0.7594566,-0.4864460,-0.1098737,0.4177603,-210.711,91.275,-1770.330,0.6315337,3,OK,-210.322,91.669,-1770.395,OK,-289.913,62.474,-1823.599,OK,-269.324,21.610,-1747.502
3,Port 0x01: JJH Probe  s/n:3E4C880C,983139799,1783611263.318504159,1,Too Few Markers,-3.697314E28,-3.697314E28,-3.697314E28,-3.697314E28,-3.697314E28,-3.697314E28,-3.697314E28,0.0000000,3,Missing,-3.697314E28,-3.697314E28,-3.697314E28,Missing,-3.697314E28,-3.697314E28,-3.697314E28,Missing,-3.697314E28,-3.697314E28,-3.697314E28,Port 0x02: JJH T tibia tracker  s/n:3E4C8800,983139799,1783611263.318504159,1,OK,0.8308596,0.0523614,0.1684130,0.5277951,72.464,-32.334,-1587.581,0.3480802,3,OK,72.709,-32.411,-1587.661,OK,136.596,-102.156,-1603.741,OK,37.427,-112.772,-1567.274,Port 0x03: JJH Y femur tracker  s/n:3E4C8801,983139799,1783611263.318504159,1,OK,0.7595287,-0.4863314,-0.1098705,0.4177636,-210.700,91.260,-1770.298,0.6176271,3,OK,-210.321,91.651,-1770.369,OK,-289.896,62.471,-1823.545,OK,-269.316,21.598,-1747.492
3,Port 0x01: JJH Probe  s/n:3E4C880C,983139802,1783611263.368504159,1,Too Few Markers,-3.697314E28,-3.697314E28,-3.697314E28,-3.697314E28,-3.697314E28,-3.697314E28,-3.697314E28,0.0000000,3,Missing,-3.697314E28,-3.697314E28,-3.697314E28,Missing,-3.697314E28,-3.697314E28,-3.697314E28,Missing,-3.697314E28,-3.697314E28,-3.697314E28,Port 0x02: JJH T tibia tracker  s/n:3E4C8800,983139802,1783611263.368504159,1,OK,0.8308295,0.0522383,0.1684116,0.5278552,72.477,-32.367,-1587.599,0.3499326,3,OK,72.726,-32.436,-1587.681,OK,136.622,-102.181,-1603.738,OK,37.450,-112.815,-1567.281,Port 0x03: JJH Y femur tracker  s/n:3E4C8801,983139802,1783611263.368504159,1,OK,0.7595735,-0.4862589,-0.1099140,0.4177551,-210.661,91.230,-1770.320,0.6075761,3,OK,-210.275,91.625,-1770.389,OK,-289.857,62.437,-1823.555,OK,-269.285,21.572,-1747.548
3,Port 0x01: JJH Probe  s/n:3E4C880C,983139805,1783611263.418504160,1,Too Few Markers,-3.697314E28,-3.697314E28,-3.697314E28,-3.697314E28,-3.697314E28,-3.697314E28,-3.697314E28,0.0000000,3,Missing,-3.697314E28,-3.697314E28,-3.697314E28,Missing,-3.697314E28,-3.697314E28,-3.697314E28,Missing,-3.697314E28,-3.697314E28,-3.697314E28,Port 0x02: JJH T tibia tracker  s/n:3E4C8800,983139805,1783611263.418504160,1,OK,0.8308314,0.0519838,0.1686124,0.5278131,72.474,-32.368,-1587.648,0.3563687,3,OK,72.732,-32.433,-1587.734,OK,136.614,-102.184,-1603.744,OK,37.447,-112.814,-1567.273,Port 0x03: JJH Y femur tracker  s/n:3E4C8801,983139805,1783611263.418504160,1,OK,0.7595788,-0.4862273,-0.1097772,0.4178181,-210.669,91.234,-1770.349,0.6005928,3,OK,-210.294,91.629,-1770.430,OK,-289.863,62.443,-1823.542,OK,-269.295,21.579,-1747.559
3,Port 0x01: JJH Probe  s/n:3E4C880C,983139808,1783611263.468504160,1,Too Few Markers,-3.697314E28,-3.697314E28,-3.697314E28,-3.697314E28,-3.697314E28,-3.697314E28,-3.697314E28,0.0000000,3,Missing,-3.697314E28,-3.697314E28,-3.697314E28,Missing,-3.697314E28,-3.697314E28,-3.697314E28,Missing,-3.697314E28,-3.697314E28,-3.697314E28,Port 0x02: JJH T tibia tracker  s/n:3E4C8800,983139808,1783611263.468504160,1,OK,0.8308953,0.0523610,0.1682402,0.5277941,72.479,-32.385,-1587.577,0.3472284,3,OK,72.731,-32.460,-1587.660,OK,136.600,-102.205,-1603.727,OK,37.437,-112.831,-1567.297,Port 0x03: JJH Y femur tracker  s/n:3E4C8801,983139808,1783611263.468504160,1,OK,0.7594844,-0.4863616,-0.1097233,0.4178477,-210.673,91.217,-1770.328,0.6179590,3,OK,-210.296,91.609,-1770.404,OK,-289.878,62.416,-1823.543,OK,-269.285,21.556,-1747.490
3,Port 0x01: JJH Probe  s/n:3E4C880C,983139811,1783611263.518504159,1,Too Few Markers,-3.697314E28,-3.697314E28,-3.697314E28,-3.697314E28,-3.697314E28,-3.697314E28,-3.697314E28,0.0000000,3,Missing,-3.697314E28,-3.697314E28,-3.697314E28,Missing,-3.697314E28,-3.697314E28,-3.697314E28,Missing,-3.697314E28,-3.697314E28,-3.697314E28,Port 0x02: JJH T tibia tracker  s/n:3E4C8800,983139811,1783611263.518504159,1,OK,0.8308741,0.0518342,0.1684379,0.5278164,72.452,-32.366,-1587.645,0.3532943,3,OK,72.711,-32.432,-1587.732,OK,136.591,-102.183,-1603.705,OK,37.420,-112.810,-1567.284,Port 0x03: JJH Y femur tracker  s/n:3E4C8801,983139811,1783611263.518504159,1,OK,0.7595090,-0.4863882,-0.1100492,0.4176861,-210.697,91.231,-1770.267,0.6278190,3,OK,-210.309,91.615,-1770.318,OK,-289.898,62.442,-1823.580,OK,-269.301,21.570,-1747.475
3,Port 0x01: JJH Probe  s/n:3E4C880C,983139814,1783611263.568504159,1,Too Few Markers,-3.697314E28,-3.697314E28,-3.697314E28,-3.697314E28,-3.697314E28,-3.697314E28,-3.697314E28,0.0000000,3,Missing,-3.697314E28,-3.697314E28,-3.697314E28,Missing,-3.697314E28,-3.697314E28,-3.697314E28,Missing,-3.697314E28,-3.697314E28,-3.697314E28,Port 0x02: JJH T tibia tracker  s/n:3E4C8800,983139814,1783611263.568504159,1,OK,0.8308259,0.0523978,0.1685510,0.5278005,72.491,-32.375,-1587.595,0.3540497,3,OK,72.738,-32.447,-1587.676,OK,136.629,-102.195,-1603.770,OK,37.454,-112.818,-1567.269,Port 0x03: JJH Y femur tracker  s/n:3E4C8801,983139814,1783611263.568504159,1,OK,0.7594100,-0.4864880,-0.1096354,0.4178588,-210.657,91.233,-1770.375,0.6309462,3,OK,-210.292,91.624,-1770.461,OK,-289.857,62.435,-1823.592,OK,-269.267,21.567,-1747.487
3,Port 0x01: JJH Probe  s/n:3E4C880C,983139817,1783611263.618504159,1,Too Few Markers,-3.697314E28,-3.697314E28,-3.697314E28,-3.697314E28,-3.697314E28,-3.697314E28,-3.697314E28,0.0000000,3,Missing,-3.697314E28,-3.697314E28,-3.697314E28,Missing,-3.697314E28,-3.697314E28,-3.697314E28,Missing,-3.697314E28,-3.697314E28,-3.697314E28,Port 0x02: JJH T tibia tracker  s/n:3E4C8800,983139817,1783611263.618504159,1,OK,0.8308708,0.0524523,0.1683163,0.5277993,72.492,-32.385,-1587.591,0.3499121,3,OK,72.737,-32.457,-1587.672,OK,136.624,-102.207,-1603.766,OK,37.446,-112.830,-1567.307,Port 0x03: JJH Y femur tracker  s/n:3E4C8801,983139817,1783611263.618504159,1,OK,0.7595279,-0.4863874,-0.1099135,0.4176885,-210.668,91.218,-1770.330,0.6304097,3,OK,-210.275,91.612,-1770.389,OK,-289.877,62.434,-1823.613,OK,-269.288,21.560,-1747.523
3,Port 0x01: JJH Probe  s/n:3E4C880C,983139820,1783611263.668504160,1,Too Few Markers,-3.697314E28,-3.697314E28,-3.697314E28,-3.697314E28,-3.697314E28,-3.697314E28,-3.697314E28,0.0000000,3,Missing,-3.697314E28,-3.697314E28,-3.697314E28,Missing,-3.697314E28,-3.697314E28,-3.697314E28,Missing,-3.697314E28,-3.697314E28,-3.697314E28,Port 0x02: JJH T tibia tracker  s/n:3E4C8800,983139820,1783611263.668504160,1,OK,0.8309070,0.0526559,0.1680477,0.5278076,72.476,-32.384,-1587.513,0.3395798,3,OK,72.718,-32.454,-1587.592,OK,136.593,-102.208,-1603.711,OK,37.429,-112.834,-1567.292,Port 0x03: JJH Y femur tracker  s/n:3E4C8801,983139820,1783611263.668504160,1,OK,0.7595196,-0.4863503,-0.1099737,0.4177310,-210.698,91.221,-1770.302,0.6196418,3,OK,-210.316,91.607,-1770.364,OK,-289.893,62.431,-1823.580,OK,-269.306,21.560,-1747.509
3,Port 0x01: JJH Probe  s/n:3E4C880C,983139823,1783611263.718504160,1,Too Few Markers,-3.697314E28,-3.697314E28,-3.697314E28,-3.697314E28,-3.697314E28,-3.697314E28,-3.697314E28,0.0000000,3,Missing,-3.697314E28,-3.697314E28,-3.697314E28,Missing,-3.697314E28,-3.697314E28,-3.697314E28,Missing,-3.697314E28,-3.697314E28,-3.697314E28,Port 0x02: JJH T tibia tracker  s/n:3E4C8800,983139823,1783611263.718504160,1,OK,0.8308831,0.0522487,0.1683507,0.5277892,72.492,-32.379,-1587.594,0.3490873,3,OK,72.744,-32.457,-1587.677,OK,136.617,-102.199,-1603.728,OK,37.452,-112.819,-1567.286,Port 0x03: JJH Y femur tracker  s/n:3E4C8801,983139823,1783611263.718504160,1,OK,0.7594966,-0.4863766,-0.1099576,0.4177464,-210.677,91.234,-1770.305,0.6242407,3,OK,-210.289,91.625,-1770.367,OK,-289.875,62.437,-1823.582,OK,-269.287,21.569,-1747.504
3,Port 0x01: JJH Probe  s/n:3E4C880C,983139826,1783611263.768504159,1,Too Few Markers,-3.697314E28,-3.697314E28,-3.697314E28,-3.697314E28,-3.697314E28,-3.697314E28,-3.697314E28,0.0000000,3,Missing,-3.697314E28,-3.697314E28,-3.697314E28,Missing,-3.697314E28,-3.697314E28,-3.697314E28,Missing,-3.697314E28,-3.697314E28,-3.697314E28,Port 0x02: JJH T tibia tracker  s/n:3E4C8800,983139826,1783611263.768504159,1,OK,0.8309258,0.0524925,0.1681455,0.5277632,72.501,-32.396,-1587.602,0.3410588,3,OK,72.745,-32.465,-1587.683,OK,136.615,-102.228,-1603.772,OK,37.451,-112.841,-1567.349,Port 0x03: JJH Y femur tracker  s/n:3E4C8801,983139826,1783611263.768504159,1,OK,0.7594699,-0.4864405,-0.1098562,0.4177472,-210.672,91.210,-1770.290,0.6218230,3,OK,-210.296,91.592,-1770.353,OK,-289.875,62.415,-1823.558,OK,-269.278,21.558,-1747.462
3,Port 0x01: JJH Probe  s/n:3E4C880C,983139829,1783611263.818504159,1,Too Few Markers,-3.697314E28,-3.697314E28,-3.697314E28,-3.697314E28,-3.697314E28,-3.697314E28,-3.697314E28,0.0000000,3,Missing,-3.697314E28,-3.697314E28,-3.697314E28,Missing,-3.697314E28,-3.697314E28,-3.697314E28,Missing,-3.697314E28,-3.697314E28,-3.697314E28,Port 0x02: JJH T tibia tracker  s/n:3E4C8800,983139829,1783611263.818504159,1,OK,0.8309118,0.0525835,0.1683147,0.5277222,72.498,-32.388,-1587.514,0.3437474,3,OK,72.739,-32.462,-1587.593,OK,136.611,-102.225,-1603.709,OK,37.445,-112.824,-1567.243,Port 0x03: JJH Y femur tracker  s/n:3E4C8801,983139829,1783611263.818504159,1,OK,0.7595598,-0.4863060,-0.1102738,0.4176303,-210.698,91.215,-1770.183,0.6197287,3,OK,-210.292,91.598,-1770.213,OK,-289.901,62.418,-1823.533,OK,-269.296,21.560,-1747.458
3,Port 0x01: JJH Probe  s/n:3E4C880C,983139832,1783611263.868504159,1,Too Few Markers,-3.697314E28,-3.697314E28,-3.697314E28,-3.697314E28,-3.697314E28,-3.697314E28,-3.697314E28,0.0000000,3,Missing,-3.697314E28,-3.697314E28,-3.697314E28,Missing,-3.697314E28,-3.697314E28,-3.697314E28,Missing,-3.697314E28,-3.697314E28,-3.697314E28,Port 0x02: JJH T tibia tracker  s/n:3E4C8800,983139832,1783611263.868504159,1,OK,0.8309892,0.0523180,0.1682858,0.5276360,72.539,-32.413,-1587.551,0.3441329,3,OK,72.783,-32.479,-1587.632,OK,136.644,-102.267,-1603.691,OK,37.469,-112.844,-1567.255,Port 0x03: JJH Y femur tracker  s/n:3E4C8801,983139832,1783611263.868504159,1,OK,0.7594733,-0.4864151,-0.1096178,0.4178332,-210.638,91.184,-1770.203,0.6354139,3,OK,-210.255,91.574,-1770.268,OK,-289.872,62.392,-1823.438,OK,-269.244,21.529,-1747.324
3,Port 0x01: JJH Probe  s/n:3E4C880C,983139835,1783611263.918504160,1,Too Few Markers,-3.697314E28,-3.697314E28,-3.697314E28,-3.697314E28,-3.697314E28,-3.697314E28,-3.697314E28,0.0000000,3,Missing,-3.697314E28,-3.697314E28,-3.697314E28,Missing,-3.697314E28,-3.697314E28,-3.697314E28,Missing,-3.697314E28,-3.697314E28,-3.697314E28,Port 0x02: JJH T tibia tracker  s/n:3E4C8800,983139835,1783611263.918504160,1,OK,0.8310135,0.0527165,0.1678772,0.5276881,72.592,-32.422,-1587.463,0.3239303,3,OK,72.821,-32.487,-1587.538,OK,136.688,-102.278,-1603.659,OK,37.529,-112.857,-1567.275,Port 0x03: JJH Y femur tracker  s/n:3E4C8801,983139835,1783611263.918504160,1,OK,0.7595655,-0.4862762,-0.1098687,0.4177615,-210.609,91.178,-1770.098,0.6217973,3,OK,-210.204,91.572,-1770.143,OK,-289.842,62.381,-1823.361,OK,-269.219,21.528,-1747.307
3,Port 0x01: JJH Probe  s/n:3E4C880C,983139838,1783611263.968504160,1,Too Few Markers,-3.697314E28,-3.697314E28,-3.697314E28,-3.697314E28,-3.697314E28,-3.697314E28,-3.697314E28,0.0000000,3,Missing,-3.697314E28,-3.697314E28,-3.697314E28,Missing,-3.697314E28,-3.697314E28,-3.697314E28,Missing,-3.697314E28,-3.697314E28,-3.697314E28,Port 0x02: JJH T tibia tracker  s/n:3E4C8800,983139838,1783611263.968504160,1,OK,0.8309898,0.0521521,0.1682917,0.5276495,72.611,-32.479,-1587.530,0.3447180,3,OK,72.864,-32.554,-1587.613,OK,136.709,-102.322,-1603.635,OK,37.549,-112.906,-1567.220,Port 0x03: JJH Y femur tracker  s/n:3E4C8801,983139838,1783611263.968504160,1,OK,0.7594808,-0.4863251,-0.1096924,0.4179047,-210.639,91.100,-1769.998,0.6328734,3,OK,-210.237,91.487,-1770.039,OK,-289.898,62.288,-1823.249,OK,-269.222,21.447,-1747.143
3,Port 0x01: JJH Probe  s/n:3E4C880C,983139841,1783611264.018504159,1,Too Few Markers,-3.697314E28,-3.697314E28,-3.697314E28,-3.697314E28,-3.697314E28,-3.697314E28,-3.697314E28,0.0000000,3,Missing,-3.697314E28,-3.697314E28,-3.697314E28,Missing,-3.697314E28,-3.697314E28,-3.697314E28,Missing,-3.697314E28,-3.697314E28,-3.697314E28,Port 0x02: JJH T tibia tracker  s/n:3E4C8800,983139841,1783611264.018504159,1,OK,0.8308631,0.0519789,0.1682231,0.5278879,73.030,-32.333,-1587.371,0.3396707,3,OK,73.279,-32.406,-1587.453,OK,137.174,-102.145,-1603.450,OK,38.015,-112.774,-1567.063,Port 0x03: JJH Y femur tracker  s/n:3E4C8801,983139841,1783611264.018504159,1,OK,0.7586114,-0.4862432,-0.1092167,0.4196999,-210.541,90.433,-1769.697,0.6190547,3,OK,-210.165,90.818,-1769.762,OK,-289.803,61.310,-1822.690,OK,-268.868,20.635,-1746.603
3,Port 0x01: JJH Probe  s/n:3E4C880C,983139844,1783611264.068504159,1,Too Few Markers,-3.697314E28,-3.697314E28,-3.697314E28,-3.697314E28,-3.697314E28,-3.697314E28,-3.697314E28,0.0000000,3,Missing,-3.697314E28,-3.697314E28,-3.697314E28,Missing,-3.697314E28,-3.697314E28,-3.697314E28,Missing,-3.697314E28,-3.697314E28,-3.697314E28,Port 0x02: JJH T tibia tracker  s/n:3E4C8800,983139844,1783611264.068504159,1,OK,0.8297107,0.0513839,0.1683229,0.5297238,73.732,-32.083,-1587.362,0.3369520,3,OK,73.980,-32.155,-1587.444,OK,138.187,-101.614,-1603.398,OK,39.075,-112.673,-1567.037,Port 0x03: JJH Y femur tracker  s/n:3E4C8801,983139844,1783611264.068504159,1,OK,0.7572821,-0.4861086,-0.1099614,0.4220553,-210.576,89.251,-1769.551,0.6579094,3,OK,-210.188,89.641,-1769.604,OK,-289.761,59.663,-1822.495,OK,-268.484,19.139,-1746.287
3,Port 0x01: JJH Probe  s/n:3E4C880C,983139847,1783611264.118504161,1,Too Few Markers,-3.697314E28,-3.697314E28,-3.697314E28,-3.697314E28,-3.697314E28,-3.697314E28,-3.697314E28,0.0000000,3,Missing,-3.697314E28,-3.697314E28,-3.697314E28,Missing,-3.697314E28,-3.697314E28,-3.697314E28,Missing,-3.697314E28,-3.697314E28,-3.697314E28,Port 0x02: JJH T tibia tracker  s/n:3E4C8800,983139847,1783611264.118504161,1,OK,0.8294656,0.0510876,0.1686024,0.5300473,73.805,-31.949,-1587.424,0.3524449,3,OK,74.064,-32.015,-1587.510,OK,138.329,-101.423,-1603.430,OK,39.209,-112.571,-1567.031,Port 0x03: JJH Y femur tracker  s/n:3E4C8801,983139847,1783611264.118504161,1,OK,0.7573060,-0.4854405,-0.1091946,0.4229796,-210.877,89.111,-1769.197,0.6256185,3,OK,-210.490,89.511,-1769.265,OK,-290.150,59.448,-1821.876,OK,-268.696,18.962,-1745.843
3,Port 0x01: JJH Probe  s/n:3E4C880C,983139850,1783611264.168504161,1,Too Few Markers,-3.697314E28,-3.697314E28,-3.697314E28,-3.697314E28,-3.697314E28,-3.697314E28,-3.697314E28,0.0000000,3,Missing,-3.697314E28,-3.697314E28,-3.697314E28,Missing,-3.697314E28,-3.697314E28,-3.697314E28,Missing,-3.697314E28,-3.697314E28,-3.697314E28,Port 0x02: JJH T tibia tracker  s/n:3E4C8800,983139850,1783611264.168504161,1,OK,0.8294265,0.0509071,0.1685804,0.5301328,73.851,-32.099,-1587.620,0.3538845,3,OK,74.116,-32.168,-1587.708,OK,138.388,-101.557,-1603.593,OK,39.272,-112.727,-1567.216,Port 0x03: JJH Y femur tracker  s/n:3E4C8801,983139850,1783611264.168504161,1,OK,0.7572349,-0.4846227,-0.1079573,0.4243599,-211.366,88.752,-1768.722,0.6260635,3,OK,-211.001,89.147,-1768.808,OK,-290.789,59.005,-1821.083,OK,-269.014,18.533,-1745.117
3,Port 0x01: JJH Probe  s/n:3E4C880C,983139853,1783611264.218504160,1,Too Few Markers,-3.697314E28,-3.697314E28,-3.697314E28,-3.697314E28,-3.697314E28,-3.697314E28,-3.697314E28,0.0000000,3,Missing,-3.697314E28,-3.697314E28,-3.697314E28,Missing,-3.697314E28,-3.697314E28,-3.697314E28,Missing,-3.697314E28,-3.697314E28,-3.697314E28,Port 0x02: JJH T tibia tracker  s/n:3E4C8800,983139853,1783611264.218504160,1,OK,0.8294572,0.0520492,0.1680388,0.5301458,74.015,-32.067,-1587.712,0.3481165,3,OK,74.268,-32.136,-1587.796,OK,138.526,-101.522,-1603.879,OK,39.407,-112.720,-1567.498,Port 0x03: JJH Y femur tracker  s/n:3E4C8801,983139853,1783611264.218504160,1,OK,0.7573489,-0.4827097,-0.1049521,0.4270820,-212.501,88.562,-1767.384,0.6275667,3,OK,-212.140,88.963,-1767.483,OK,-292.327,58.690,-1819.028,OK,-269.839,18.251,-1743.261
3,Port 0x01: JJH Probe  s/n:3E4C880C,983139856,1783611264.268504161,1,Too Few Markers,-3.697314E28,-3.697314E28,-3.697314E28,-3.697314E28,-3.697314E28,-3.697314E28,-3.697314E28,0.0000000,3,Missing,-3.697314E28,-3.697314E28,-3.697314E28,Missing,-3.697314E28,-3.697314E28,-3.697314E28,Missing,-3.697314E28,-3.697314E28,-3.697314E28,Port 0x02: JJH T tibia tracker  s/n:3E4C8800,983139856,1783611264.268504161,1,OK,0.8294758,0.0526743,0.1673154,0.5302838,74.344,-32.212,-1588.201,0.3443742,3,OK,74.593,-32.284,-1588.283,OK,138.861,-101.645,-1604.461,OK,39.722,-112.894,-1568.157,Port 0x03: JJH Y femur tracker  s/n:3E4C8801,983139856,1783611264.268504161,1,OK,0.7577212,-0.4790430,-0.0987321,0.4320050,-214.578,88.078,-1764.864,0.6333311,3,OK,-214.237,88.478,-1764.986,OK,-295.215,58.045,-1815.098,OK,-271.356,17.655,-1739.704
3,Port 0x01: JJH Probe  s/n:3E4C880C,983139859,1783611264.318504161,1,Too Few Markers,-3.697314E28,-3.697314E28,-3.697314E28,-3.697314E28,-3.697314E28,-3.697314E28,-3.697314E28,0.0000000,3,Missing,-3.697314E28,-3.697314E28,-3.697314E28,Missing,-3.697314E28,-3.697314E28,-3.697314E28,Missing,-3.697314E28,-3.697314E28,-3.697314E28,Port 0x02: JJH T tibia tracker  s/n:3E4C8800,983139859,1783611264.318504161,1,OK,0.8294095,0.0539911,0.1668071,0.5304152,74.833,-32.370,-1588.845,0.3504352,3,OK,75.077,-32.441,-1588.925,OK,139.343,-101.773,-1605.338,OK,40.193,-113.100,-1569.001,Port 0x03: JJH Y femur tracker  s/n:3E4C8801,983139859,1783611264.318504161,1,OK,0.7582954,-0.4736251,-0.0903928,0.4387443,-217.554,87.491,-1760.991,0.6351167,3,OK,-217.198,87.892,-1761.103,OK,-299.308,57.232,-1809.307,OK,-273.511,16.913,-1734.505
3,Port 0x01: JJH Probe  s/n:3E4C880C,983139862,1783611264.368504161,1,Too Few Markers,-3.697314E28,-3.697314E28,-3.697314E28,-3.697314E28,-3.697314E28,-3.697314E28,-3.697314E28,0.0000000,3,Missing,-3.697314E28,-3.697314E28,-3.697314E28,Missing,-3.697314E28,-3.697314E28,-3.697314E28,Missing,-3.697314E28,-3.697314E28,-3.697314E28,Port 0x02: JJH T tibia tracker  s/n:3E4C8800,983139862,1783611264.368504161,1,OK,0.8295250,0.0545721,0.1656000,0.5305533,75.315,-32.269,-1589.611,0.3526592,3,OK,75.574,-32.335,-1589.697,OK,139.815,-101.641,-1606.164,OK,40.634,-113.048,-1570.001,Port 0x03: JJH Y femur tracker  s/n:3E4C8801,983139862,1783611264.368504161,1,OK,0.7590776,-0.4661291,-0.0789637,0.4475373,-221.207,87.086,-1755.999,0.6137267,3,OK,-220.881,87.502,-1756.161,OK,-304.320,56.583,-1801.589,OK,-276.094,16.311,-1727.784
3,Port 0x01: JJH Probe  s/n:3E4C880C,983139865,1783611264.418504161,1,Too Few Markers,-3.697314E28,-3.697314E28,-3.697314E28,-3.697314E28,-3.697314E28,-3.697314E28,-3.697314E28,0.0000000,3,Missing,-3.697314E28,-3.697314E28,-3.697314E28,Missing,-3.697314E28,-3.697314E28,-3.697314E28,Missing,-3.697314E28,-3.697314E28,-3.697314E28,Port 0x02: JJH T tibia tracker  s/n:3E4C8800,983139865,1783611264.418504161,1,OK,0.8295435,0.0558545,0.1646923,0.5306734,75.983,-32.448,-1590.364,0.3456895,3,OK,76.232,-32.514,-1590.447,OK,140.466,-101.798,-1607.124,OK,41.276,-113.270,-1571.015,Port 0x03: JJH Y femur tracker  s/n:3E4C8801,983139865,1783611264.418504161,1,OK,0.7595374,-0.4577303,-0.0666702,0.4573193,-225.225,86.152,-1750.140,0.5949060,3,OK,-224.887,86.566,-1750.291,OK,-309.789,55.292,-1792.776,OK,-278.774,15.154,-1720.082
3,Port 0x01: JJH Probe  s/n:3E4C880C,983139868,1783611264.468504160,1,Too Few Markers,-3.697314E28,-3.697314E28,-3.697314E28,-3.697314E28,-3.697314E28,-3.697314E28,-3.697314E28,0.0000000,3,Missing,-3.697314E28,-3.697314E28,-3.697314E28,Missing,-3.697314E28,-3.697314E28,-3.697314E28,Missing,-3.697314E28,-3.697314E28,-3.697314E28,Port 0x02: JJH T tibia tracker  s/n:3E4C8800,983139868,1783611264.468504160,1,OK,0.8294847,0.0572807,0.1638004,0.5308894,76.694,-32.438,-1591.256,0.3481465,3,OK,76.930,-32.518,-1591.333,OK,141.190,-101.743,-1608.261,OK,41.965,-113.302,-1572.178,Port 0x03: JJH Y femur tracker  s/n:3E4C8801,983139868,1783611264.468504160,1,OK,0.7595682,-0.4484361,-0.0514782,0.4683068,-229.375,85.297,-1743.687,0.6050019,3,OK,-229.077,85.736,-1743.906,OK,-315.437,54.060,-1782.680,OK,-281.387,14.087,-1711.342
3,Port 0x01: JJH Probe  s/n:3E4C880C,983139871,1783611264.518504161,1,Too Few Markers,-3.697314E28,-3.697314E28,-3.697314E28,-3.697314E28,-3.697314E28,-3.697314E28,-3.697314E28,0.0000000,3,Missing,-3.697314E28,-3.697314E28,-3.697314E28,Missing,-3.697314E28,-3.697314E28,-3.697314E28,Missing,-3.697314E28,-3.697314E28,-3.697314E28,Port 0x02: JJH T tibia tracker  s/n:3E4C8800,983139871,1783611264.518504161,1,OK,0.8296357,0.0585260,0.1621468,0.5310252,77.276,-32.417,-1592.098,0.3347176,3,OK,77.499,-32.489,-1592.171,OK,141.760,-101.704,-1609.273,OK,42.488,-113.329,-1573.388,Port 0x03: JJH Y femur tracker  s/n:3E4C8801,983139871,1783611264.518504161,1,OK,0.7595177,-0.4378776,-0.0362251,0.4796705,-233.625,84.491,-1736.408,0.5910960,3,OK,-233.332,84.945,-1736.648,OK,-321.117,52.840,-1771.617,OK,-283.889,13.031,-1701.927
3,Port 0x01: JJH Probe  s/n:3E4C880C,983139874,1783611264.568504161,1,Too Few Markers,-3.697314E28,-3.697314E28,-3.697314E28,-3.697314E28,-3.697314E28,-3.697314E28,-3.697314E28,0.0000000,3,Missing,-3.697314E28,-3.697314E28,-3.697314E28,Missing,-3.697314E28,-3.697314E28,-3.697314E28,Missing,-3.697314E28,-3.697314E28,-3.697314E28,Port 0x02: JJH T tibia tracker  s/n:3E4C8800,983139874,1783611264.568504161,1,OK,0.8297103,0.0587284,0.1613513,0.5311287,77.976,-32.477,-1593.280,0.3493686,3,OK,78.218,-32.538,-1593.360,OK,142.468,-101.736,-1610.463,OK,43.149,-113.432,-1574.701,Port 0x03: JJH Y femur tracker  s/n:3E4C8801,983139874,1783611264.568504161,1,OK,0.7586632,-0.4273716,-0.0198724,0.4913132,-237.673,83.412,-1728.868,0.6311685,3,OK,-237.416,83.889,-1729.160,OK,-326.466,51.312,-1760.067,OK,-285.990,11.704,-1692.030
3,Port 0x01: JJH Probe  s/n:3E4C880C,983139877,1783611264.618544891,1,Too Few Markers,-3.697314E28,-3.697314E28,-3.697314E28,-3.697314E28,-3.697314E28,-3.697314E28,-3.697314E28,0.0000000,3,Missing,-3.697314E28,-3.697314E28,-3.697314E28,Missing,-3.697314E28,-3.697314E28,-3.697314E28,Missing,-3.697314E28,-3.697314E28,-3.697314E28,Port 0x02: JJH T tibia tracker  s/n:3E4C8800,983139877,1783611264.618544891,1,OK,0.8298817,0.0597680,0.1598035,0.5312127,78.633,-32.406,-1594.264,0.3392546,3,OK,78.870,-32.480,-1594.341,OK,143.107,-101.644,-1611.580,OK,43.746,-113.389,-1576.017,Port 0x03: JJH Y femur tracker  s/n:3E4C8801,983139877,1783611264.618544891,1,OK,0.7577957,-0.4154171,-0.0030296,0.5031552,-241.516,82.395,-1720.544,0.6109894,3,OK,-241.264,82.894,-1720.858,OK,-331.482,49.827,-1747.446,OK,-287.743,10.463,-1681.553
3,Port 0x01: JJH Probe  s/n:3E4C880C,983139880,1783611264.668544891,1,Too Few Markers,-3.697314E28,-3.697314E28,-3.697314E28,-3.697314E28,-3.697314E28,-3.697314E28,-3.697314E28,0.0000000,3,Missing,-3.697314E28,-3.697314E28,-3.697314E28,Missing,-3.697314E28,-3.697314E28,-3.697314E28,Missing,-3.697314E28,-3.697314E28,-3.697314E28,Port 0x02: JJH T tibia tracker  s/n:3E4C8800,983139880,1783611264.668544891,1,OK,0.8299228,0.0602293,0.1588650,0.5313778,79.234,-32.427,-1595.265,0.3431900,3,OK,79.468,-32.494,-1595.342,OK,143.733,-101.639,-1612.639,OK,44.317,-113.447,-1577.201,Port 0x03: JJH Y femur tracker  s/n:3E4C8801,983139880,1783611264.668544891,1,OK,0.7561806,-0.4032294,0.0144244,0.5151591,-245.150,81.214,-1711.785,0.6259990,3,OK,-244.910,81.733,-1712.126,OK,-336.124,48.140,-1734.251,OK,-289.058,9.044,-1670.563
3,Port 0x01: JJH Probe  s/n:3E4C880C,983139883,1783611264.718544890,1,Too Few Markers,-3.697314E28,-3.697314E28,-3.697314E28,-3.697314E28,-3.697314E28,-3.697314E28,-3.697314E28,0.0000000,3,Missing,-3.697314E28,-3.697314E28,-3.697314E28,Missing,-3.697314E28,-3.697314E28,-3.697314E28,Missing,-3.697314E28,-3.697314E28,-3.697314E28,Port 0x02: JJH T tibia tracker  s/n:3E4C8800,983139883,1783611264.718544890,1,OK,0.8301319,0.0606254,0.1577932,0.5313256,79.863,-32.322,-1596.151,0.3403768,3,OK,80.095,-32.393,-1596.227,OK,144.348,-101.540,-1613.555,OK,44.878,-113.348,-1578.280,Port 0x03: JJH Y femur tracker  s/n:3E4C8801,983139883,1783611264.718544890,1,OK,0.7542360,-0.3904294,0.0319191,0.5269480,-248.351,80.103,-1702.885,0.6254377,3,OK,-248.141,80.637,-1703.255,OK,-340.083,46.524,-1720.808,OK,-289.840,7.704,-1659.599
3,Port 0x01: JJH Probe  s/n:3E4C880C,983139886,1783611264.768544891,1,Too Few Markers,-3.697314E28,-3.697314E28,-3.697314E28,-3.697314E28,-3.697314E28,-3.697314E28,-3.697314E28,0.0000000,3,Missing,-3.697314E28,-3.697314E28,-3.697314E28,Missing,-3.697314E28,-3.697314E28,-3.697314E28,Missing,-3.697314E28,-3.697314E28,-3.697314E28,Port 0x02: JJH T tibia tracker  s/n:3E4C8800,983139886,1783611264.768544891,1,OK,0.8303319,0.0609558,0.1565045,0.5313565,80.376,-32.229,-1597.033,0.3270060,3,OK,80.598,-32.294,-1597.105,OK,144.861,-101.453,-1614.446,OK,45.338,-113.270,-1579.386,Port 0x03: JJH Y femur tracker  s/n:3E4C8801,983139886,1783611264.768544891,1,OK,0.7518892,-0.3779251,0.0484862,0.5380375,-251.062,78.966,-1693.841,0.6180649,3,OK,-250.857,79.508,-1694.220,OK,-343.339,44.866,-1707.426,OK,-290.101,6.350,-1648.710
3,Port 0x01: JJH Probe  s/n:3E4C880C,983139889,1783611264.818544891,1,Too Few Markers,-3.697314E28,-3.697314E28,-3.697314E28,-3.697314E28,-3.697314E28,-3.697314E28,-3.697314E28,0.0000000,3,Missing,-3.697314E28,-3.697314E28,-3.697314E28,Missing,-3.697314E28,-3.697314E28,-3.697314E28,Missing,-3.697314E28,-3.697314E28,-3.697314E28,Port 0x02: JJH T tibia tracker  s/n:3E4C8800,983139889,1783611264.818544891,1,OK,0.8304332,0.0602973,0.1558806,0.5314567,80.852,-32.125,-1598.143,0.3409597,3,OK,81.102,-32.201,-1598.224,OK,145.355,-101.319,-1615.406,OK,45.794,-113.178,-1580.523,Port 0x03: JJH Y femur tracker  s/n:3E4C8801,983139889,1783611264.818544891,1,OK,0.7491316,-0.3655269,0.0644014,0.5486751,-253.306,77.885,-1684.969,0.6102812,3,OK,-253.109,78.427,-1685.349,OK,-345.919,43.249,-1694.349,OK,-289.836,5.043,-1638.160
3,Port 0x01: JJH Probe  s/n:3E4C880C,983139892,1783611264.868544891,1,Too Few Markers,-3.697314E28,-3.697314E28,-3.697314E28,-3.697314E28,-3.697314E28,-3.697314E28,-3.697314E28,0.0000000,3,Missing,-3.697314E28,-3.697314E28,-3.697314E28,Missing,-3.697314E28,-3.697314E28,-3.697314E28,Missing,-3.697314E28,-3.697314E28,-3.697314E28,Port 0x02: JJH T tibia tracker  s/n:3E4C8800,983139892,1783611264.868544891,1,OK,0.8306221,0.0606556,0.1547967,0.5314376,81.279,-32.019,-1599.008,0.3390561,3,OK,81.522,-32.090,-1599.086,OK,145.785,-101.221,-1616.298,OK,46.154,-113.083,-1581.579,Port 0x03: JJH Y femur tracker  s/n:3E4C8801,983139892,1783611264.868544891,1,OK,0.7462350,-0.3529444,0.0800221,0.5587128,-255.073,76.875,-1676.215,0.5945672,3,OK,-254.900,77.413,-1676.600,OK,-347.804,41.749,-1681.436,OK,-289.113,3.833,-1627.916
3,Port 0x01: JJH Probe  s/n:3E4C880C,983139895,1783611264.918544891,1,Too Few Markers,-3.697314E28,-3.697314E28,-3.697314E28,-3.697314E28,-3.697314E28,-3.697314E28,-3.697314E28,0.0000000,3,Missing,-3.697314E28,-3.697314E28,-3.697314E28,Missing,-3.697314E28,-3.697314E28,-3.697314E28,Missing,-3.697314E28,-3.697314E28,-3.697314E28,Port 0x02: JJH T tibia tracker  s/n:3E4C8800,983139895,1783611264.918544891,1,OK,0.8307661,0.0603761,0.1541571,0.5314301,81.617,-31.887,-1599.915,0.3377455,3,OK,81.857,-31.964,-1599.991,OK,146.139,-101.095,-1617.128,OK,46.456,-112.944,-1582.551,Port 0x03: JJH Y femur tracker  s/n:3E4C8801,983139895,1783611264.918544891,1,OK,0.7428956,-0.3408260,0.0956004,0.5681587,-256.436,75.829,-1667.655,0.6201660,3,OK,-256.278,76.395,-1668.067,OK,-349.108,40.241,-1668.775,OK,-287.992,2.615,-1617.895
3,Port 0x01: JJH Probe  s/n:3E4C880C,983139898,1783611264.968544890,1,Too Few Markers,-3.697314E28,-3.697314E28,-3.697314E28,-3.697314E28,-3.697314E28,-3.697314E28,-3.697314E28,0.0000000,3,Missing,-3.697314E28,-3.697314E28,-3.697314E28,Missing,-3.697314E28,-3.697314E28,-3.697314E28,Missing,-3.697314E28,-3.697314E28,-3.697314E28,Port 0x02: JJH T tibia tracker  s/n:3E4C8800,983139898,1783611264.968544890,1,OK,0.8309132,0.0602663,0.1532805,0.5314661,81.994,-31.855,-1600.756,0.3400902,3,OK,82.240,-31.935,-1600.833,OK,146.527,-101.057,-1617.915,OK,46.791,-112.920,-1583.509,Port 0x03: JJH Y femur tracker  s/n:3E4C8801,983139898,1783611264.968544890,1,OK,0.7392189,-0.3287582,0.1104463,0.5772998,-257.356,74.672,-1659.028,0.6124341,3,OK,-257.202,75.238,-1659.441,OK,-349.812,38.576,-1656.197,OK,-286.375,1.294,-1608.009
3,Port 0x01: JJH Probe  s/n:3E4C880C,983139901,1783611265.018584848,1,Too Few Markers,-3.697314E28,-3.697314E28,-3.697314E28,-3.697314E28,-3.697314E28,-3.697314E28,-3.697314E28,0.0000000,3,Missing,-3.697314E28,-3.697314E28,-3.697314E28,Missing,-3.697314E28,-3.697314E28,-3.697314E28,Missing,-3.697314E28,-3.697314E28,-3.697314E28,Port 0x02: JJH T tibia tracker  s/n:3E4C8800,983139901,1783611265.018584848,1,OK,0.8311307,0.0600434,0.1523678,0.5314138,82.299,-31.709,-1601.559,0.3385797,3,OK,82.542,-31.785,-1601.635,OK,146.841,-100.928,-1618.640,OK,47.036,-112.771,-1584.422,Port 0x03: JJH Y femur tracker  s/n:3E4C8801,983139901,1783611265.018584848,1,OK,0.7351763,-0.3165374,0.1250640,0.5862413,-257.921,73.625,-1650.251,0.6025665,3,OK,-257.781,74.186,-1650.664,OK,-349.977,37.006,-1643.515,OK,-284.337,0.079,-1598.101
3,Port 0x01: JJH Probe  s/n:3E4C880C,983139904,1783611265.068584848,1,Too Few Markers,-3.697314E28,-3.697314E28,-3.697314E28,-3.697314E28,-3.697314E28,-3.697314E28,-3.697314E28,0.0000000,3,Missing,-3.697314E28,-3.697314E28,-3.697314E28,Missing,-3.697314E28,-3.697314E28,-3.697314E28,Missing,-3.697314E28,-3.697314E28,-3.697314E28,Port 0x02: JJH T tibia tracker  s/n:3E4C8800,983139904,1783611265.068584848,1,OK,0.8312469,0.0596260,0.1521173,0.5313509,82.586,-31.580,-1602.272,0.3411492,3,OK,82.821,-31.653,-1602.345,OK,147.151,-100.820,-1619.269,OK,47.288,-112.627,-1585.125,Port 0x03: JJH Y femur tracker  s/n:3E4C8801,983139904,1783611265.068584848,1,OK,0.7309070,-0.3037408,0.1404352,0.5948062,-258.112,72.643,-1641.526,0.6154022,3,OK,-257.990,73.219,-1641.955,OK,-349.597,35.587,-1630.742,OK,-281.879,-1.041,-1588.284
3,Port 0x01: JJH Probe  s/n:3E4C880C,983139907,1783611265.118584843,1,Too Few Markers,-3.697314E28,-3.697314E28,-3.697314E28,-3.697314E28,-3.697314E28,-3.697314E28,-3.697314E28,0.0000000,3,Missing,-3.697314E28,-3.697314E28,-3.697314E28,Missing,-3.697314E28,-3.697314E28,-3.697314E28,Missing,-3.697314E28,-3.697314E28,-3.697314E28,Port 0x02: JJH T tibia tracker  s/n:3E4C8800,983139907,1783611265.118584843,1,OK,0.8313741,0.0598227,0.1515210,0.5313000,82.941,-31.483,-1602.937,0.3478441,3,OK,83.173,-31.563,-1603.009,OK,147.508,-100.728,-1619.951,OK,47.589,-112.528,-1585.891,Port 0x03: JJH Y femur tracker  s/n:3E4C8801,983139907,1783611265.118584843,1,OK,0.7267997,-0.2907750,0.1549535,0.6026620,-257.798,71.899,-1632.619,0.5838107,3,OK,-257.677,72.454,-1633.032,OK,-348.610,34.450,-1617.994,OK,-278.994,-1.907,-1578.555
3,Port 0x01: JJH Probe  s/n:3E4C880C,983139910,1783611265.168584843,1,Too Few Markers,-3.697314E28,-3.697314E28,-3.697314E28,-3.697314E28,-3.697314E28,-3.697314E28,-3.697314E28,0.0000000,3,Missing,-3.697314E28,-3.697314E28,-3.697314E28,Missing,-3.697314E28,-3.697314E28,-3.697314E28,Missing,-3.697314E28,-3.697314E28,-3.697314E28,Port 0x02: JJH T tibia tracker  s/n:3E4C8800,983139910,1783611265.168584843,1,OK,0.8314762,0.0593832,0.1507471,0.5314097,83.143,-31.563,-1603.799,0.3469530,3,OK,83.389,-31.642,-1603.876,OK,147.727,-100.792,-1620.698,OK,47.779,-112.624,-1586.829,Port 0x03: JJH Y femur tracker  s/n:3E4C8801,983139910,1783611265.168584843,1,OK,0.7217794,-0.2784859,0.1687886,0.6107295,-257.248,70.557,-1624.228,0.5541991,3,OK,-257.151,71.088,-1624.626,OK,-347.144,32.550,-1605.901,OK,-275.776,-3.373,-1569.432
3,Port 0x01: JJH Probe  s/n:3E4C880C,983139913,1783611265.218623723,1,Too Few Markers,-3.697314E28,-3.697314E28,-3.697314E28,-3.697314E28,-3.697314E28,-3.697314E28,-3.697314E28,0.0000000,3,Missing,-3.697314E28,-3.697314E28,-3.697314E28,Missing,-3.697314E28,-3.697314E28,-3.697314E28,Missing,-3.697314E28,-3.697314E28,-3.697314E28,Port 0x02: JJH T tibia tracker  s/n:3E4C8800,983139913,1783611265.218623723,1,OK,0.8316802,0.0585798,0.1502515,0.5313200,83.333,-31.328,-1604.175,0.3326648,3,OK,83.567,-31.398,-1604.247,OK,147.932,-100.596,-1620.900,OK,47.940,-112.364,-1587.201,Port 0x03: JJH Y femur tracker  s/n:3E4C8801,983139913,1783611265.218623723,1,OK,0.7170732,-0.2661921,0.1823614,0.6178124,-256.383,69.821,-1616.213,0.5412413,3,OK,-256.290,70.347,-1616.608,OK,-345.300,31.394,-1594.316,OK,-272.406,-4.209,-1560.814
3,Port 0x01: JJH Probe  s/n:3E4C880C,983139916,1783611265.268623723,1,Too Few Markers,-3.697314E28,-3.697314E28,-3.697314E28,-3.697314E28,-3.697314E28,-3.697314E28,-3.697314E28,0.0000000,3,Missing,-3.697314E28,-3.697314E28,-3.697314E28,Missing,-3.697314E28,-3.697314E28,-3.697314E28,Missing,-3.697314E28,-3.697314E28,-3.697314E28,Port 0x02: JJH T tibia tracker  s/n:3E4C8800,983139916,1783611265.268623723,1,OK,0.8317859,0.0583662,0.1499799,0.5312548,83.540,-31.345,-1604.706,0.3428740,3,OK,83.786,-31.419,-1604.782,OK,148.134,-100.616,-1621.379,OK,48.111,-112.378,-1587.745,Port 0x03: JJH Y femur tracker  s/n:3E4C8801,983139916,1783611265.268623723,1,OK,0.7120527,-0.2557284,0.1947235,0.6242330,-255.237,68.775,-1608.818,0.5598785,3,OK,-255.176,69.311,-1609.224,OK,-343.137,29.945,-1583.744,OK,-268.852,-5.331,-1552.813
3,Port 0x01: JJH Probe  s/n:3E4C880C,983139919,1783611265.318623723,1,Too Few Markers,-3.697314E28,-3.697314E28,-3.697314E28,-3.697314E28,-3.697314E28,-3.697314E28,-3.697314E28,0.0000000,3,Missing,-3.697314E28,-3.697314E28,-3.697314E28,Missing,-3.697314E28,-3.697314E28,-3.697314E28,Missing,-3.697314E28,-3.697314E28,-3.697314E28,Port 0x02: JJH T tibia tracker  s/n:3E4C8800,983139919,1783611265.318623723,1,OK,0.8318190,0.0584376,0.1490831,0.5314475,83.636,-31.358,-1605.597,0.3559618,3,OK,83.897,-31.428,-1605.678,OK,148.259,-100.589,-1622.253,OK,48.184,-112.431,-1588.774,Port 0x03: JJH Y femur tracker  s/n:3E4C8801,983139919,1783611265.318623723,1,OK,0.7071266,-0.2446864,0.2067300,0.6303675,-253.911,67.886,-1601.719,0.5444976,3,OK,-253.860,68.412,-1602.120,OK,-340.677,28.641,-1573.522,OK,-265.189,-6.287,-1545.329
3,Port 0x01: JJH Probe  s/n:3E4C880C,983139922,1783611265.368623723,1,Too Few Markers,-3.697314E28,-3.697314E28,-3.697314E28,-3.697314E28,-3.697314E28,-3.697314E28,-3.697314E28,0.0000000,3,Missing,-3.697314E28,-3.697314E28,-3.697314E28,Missing,-3.697314E28,-3.697314E28,-3.697314E28,Missing,-3.697314E28,-3.697314E28,-3.697314E28,Port 0x02: JJH T tibia tracker  s/n:3E4C8800,983139922,1783611265.368623723,1,OK,0.8318296,0.0592036,0.1475920,0.5317622,83.688,-31.405,-1606.616,0.3400182,3,OK,83.944,-31.468,-1606.696,OK,148.332,-100.589,-1623.361,OK,48.239,-112.530,-1590.101,Port 0x03: JJH Y femur tracker  s/n:3E4C8801,983139922,1783611265.368623723,1,OK,0.7019065,-0.2341619,0.2185885,0.6361718,-252.401,66.969,-1594.904,0.5548634,3,OK,-252.359,67.507,-1595.316,OK,-337.938,27.323,-1563.673,OK,-261.364,-7.244,-1538.139
3,Port 0x01: JJH Probe  s/n:3E4C880C,983139925,1783611265.418623723,1,Too Few Markers,-3.697314E28,-3.697314E28,-3.697314E28,-3.697314E28,-3.697314E28,-3.697314E28,-3.697314E28,0.0000000,3,Missing,-3.697314E28,-3.697314E28,-3.697314E28,Missing,-3.697314E28,-3.697314E28,-3.697314E28,Missing,-3.697314E28,-3.697314E28,-3.697314E28,Port 0x02: JJH T tibia tracker  s/n:3E4C8800,983139925,1783611265.418623723,1,OK,0.8318027,0.0598980,0.1463625,0.5320662,83.802,-31.346,-1607.342,0.3330561,3,OK,84.058,-31.433,-1607.419,OK,148.468,-100.467,-1624.173,OK,48.359,-112.500,-1591.086,Port 0x03: JJH Y femur tracker  s/n:3E4C8801,983139925,1783611265.418623723,1,OK,0.6971770,-0.2225934,0.2296200,0.6416160,-250.653,66.236,-1588.247,0.4914065,3,OK,-250.616,66.720,-1588.617,OK,-334.905,26.201,-1554.138,OK,-257.405,-8.063,-1531.441
3,Port 0x01: JJH Probe  s/n:3E4C880C,983139928,1783611265.468623723,1,Too Few Markers,-3.697314E28,-3.697314E28,-3.697314E28,-3.697314E28,-3.697314E28,-3.697314E28,-3.697314E28,0.0000000,3,Missing,-3.697314E28,-3.697314E28,-3.697314E28,Missing,-3.697314E28,-3.697314E28,-3.697314E28,Missing,-3.697314E28,-3.697314E28,-3.697314E28,Port 0x02: JJH T tibia tracker  s/n:3E4C8800,983139928,1783611265.468623723,1,OK,0.8314763,0.0620350,0.1451459,0.5326645,83.939,-31.347,-1608.302,0.3390931,3,OK,84.177,-31.425,-1608.375,OK,148.682,-100.359,-1625.514,OK,48.524,-112.599,-1592.441,Port 0x03: JJH Y femur tracker  s/n:3E4C8801,983139928,1783611265.468623723,1,OK,0.6918314,-0.2128052,0.2407370,0.6466289,-248.790,65.406,-1581.979,0.5156046,3,OK,-248.759,65.916,-1582.370,OK,-331.707,25.024,-1545.101,OK,-253.353,-8.899,-1524.920
3,Port 0x01: JJH Probe  s/n:3E4C880C,983139931,1783611265.518672060,1,Too Few Markers,-3.697314E28,-3.697314E28,-3.697314E28,-3.697314E28,-3.697314E28,-3.697314E28,-3.697314E28,0.0000000,3,Missing,-3.697314E28,-3.697314E28,-3.697314E28,Missing,-3.697314E28,-3.697314E28,-3.697314E28,Missing,-3.697314E28,-3.697314E28,-3.697314E28,Port 0x02: JJH T tibia tracker  s/n:3E4C8800,983139931,1783611265.518672060,1,OK,0.8311826,0.0636270,0.1428297,0.5335604,84.024,-31.383,-1609.622,0.3279994,3,OK,84.271,-31.460,-1609.698,OK,148.842,-100.229,-1627.054,OK,48.684,-112.761,-1594.286,Port 0x03: JJH Y femur tracker  s/n:3E4C8801,983139931,1783611265.518672060,1,OK,0.6866332,-0.2026322,0.2510736,0.6514883,-246.750,64.550,-1575.905,0.5010604,3,OK,-246.722,65.049,-1576.289,OK,-328.281,23.786,-1536.421,OK,-249.181,-9.798,-1518.810
3,Port 0x01: JJH Probe  s/n:3E4C880C,983139934,1783611265.568672060,1,Too Few Markers,-3.697314E28,-3.697314E28,-3.697314E28,-3.697314E28,-3.697314E28,-3.697314E28,-3.697314E28,0.0000000,3,Missing,-3.697314E28,-3.697314E28,-3.697314E28,Missing,-3.697314E28,-3.697314E28,-3.697314E28,Missing,-3.697314E28,-3.697314E28,-3.697314E28,Port 0x02: JJH T tibia tracker  s/n:3E4C8800,983139934,1783611265.568672060,1,OK,0.8310417,0.0652639,0.1408197,0.5341163,84.093,-31.306,-1610.703,0.3204178,3,OK,84.335,-31.385,-1610.777,OK,148.959,-100.045,-1628.375,OK,48.767,-112.767,-1595.838,Port 0x03: JJH Y femur tracker  s/n:3E4C8801,983139934,1783611265.568672060,1,OK,0.6815338,-0.1931029,0.2612170,0.6557352,-244.607,63.916,-1570.247,0.5076935,3,OK,-244.591,64.422,-1570.638,OK,-324.744,22.863,-1528.282,OK,-245.025,-10.439,-1513.100
3,Port 0x01: JJH Probe  s/n:3E4C880C,983139937,1783611265.618672060,1,Too Few Markers,-3.697314E28,-3.697314E28,-3.697314E28,-3.697314E28,-3.697314E28,-3.697314E28,-3.697314E28,0.0000000,3,Missing,-3.697314E28,-3.697314E28,-3.697314E28,Missing,-3.697314E28,-3.697314E28,-3.697314E28,Missing,-3.697314E28,-3.697314E28,-3.697314E28,Port 0x02: JJH T tibia tracker  s/n:3E4C8800,983139937,1783611265.618672060,1,OK,0.8308157,0.0669788,0.1396763,0.5345556,84.083,-31.331,-1611.599,0.3235546,3,OK,84.315,-31.407,-1611.670,OK,148.997,-99.979,-1629.564,OK,48.771,-112.861,-1597.077,Port 0x03: JJH Y femur tracker  s/n:3E4C8801,983139937,1783611265.618672060,1,OK,0.6765162,-0.1835827,0.2706374,0.6598322,-242.422,63.203,-1564.756,0.4874834,3,OK,-242.399,63.694,-1565.137,OK,-321.148,21.818,-1520.467,OK,-240.899,-11.168,-1507.707
3,Port 0x01: JJH Probe  s/n:3E4C880C,983139940,1783611265.668672060,1,Too Few Markers,-3.697314E28,-3.697314E28,-3.697314E28,-3.697314E28,-3.697314E28,-3.697314E28,-3.697314E28,0.0000000,3,Missing,-3.697314E28,-3.697314E28,-3.697314E28,Missing,-3.697314E28,-3.697314E28,-3.697314E28,Missing,-3.697314E28,-3.697314E28,-3.697314E28,Port 0x02: JJH T tibia tracker  s/n:3E4C8800,983139940,1783611265.668672060,1,OK,0.8307921,0.0677624,0.1383102,0.5348486,84.036,-31.282,-1612.459,0.3139926,3,OK,84.274,-31.347,-1612.532,OK,148.960,-99.874,-1630.517,OK,48.731,-112.866,-1598.226,Port 0x03: JJH Y femur tracker  s/n:3E4C8801,983139940,1783611265.668672060,1,OK,0.6715363,-0.1748205,0.2793226,0.6636684,-240.245,62.498,-1559.800,0.4749132,3,OK,-240.227,62.977,-1560.174,OK,-317.586,20.785,-1513.395,OK,-236.865,-11.889,-1502.876
3,Port 0x01: JJH Probe  s/n:3E4C880C,983139943,1783611265.718672060,1,Too Few Markers,-3.697314E28,-3.697314E28,-3.697314E28,-3.697314E28,-3.697314E28,-3.697314E28,-3.697314E28,0.0000000,3,Missing,-3.697314E28,-3.697314E28,-3.697314E28,Missing,-3.697314E28,-3.697314E28,-3.697314E28,Missing,-3.697314E28,-3.697314E28,-3.697314E28,Port 0x02: JJH T tibia tracker  s/n:3E4C8800,983139943,1783611265.718672060,1,OK,0.8308957,0.0669676,0.1379174,0.5348892,84.010,-31.208,-1613.084,0.3046735,3,OK,84.242,-31.283,-1613.154,OK,148.962,-99.810,-1630.977,OK,48.705,-112.772,-1598.836,Port 0x03: JJH Y femur tracker  s/n:3E4C8801,983139943,1783611265.718672060,1,OK,0.6668357,-0.1663362,0.2875653,0.6670596,-238.015,61.909,-1555.106,0.4597448,3,OK,-237.999,62.376,-1555.471,OK,-313.988,19.914,-1506.722,OK,-232.917,-12.486,-1498.360
3,Port 0x01: JJH Probe  s/n:3E4C880C,983139946,1783611265.768672060,1,Too Few Markers,-3.697314E28,-3.697314E28,-3.697314E28,-3.697314E28,-3.697314E28,-3.697314E28,-3.697314E28,0.0000000,3,Missing,-3.697314E28,-3.697314E28,-3.697314E28,Missing,-3.697314E28,-3.697314E28,-3.697314E28,Missing,-3.697314E28,-3.697314E28,-3.697314E28,Port 0x02: JJH T tibia tracker  s/n:3E4C8800,983139946,1783611265.768672060,1,OK,0.8309676,0.0672401,0.1378335,0.5347649,83.937,-31.139,-1613.263,0.3129675,3,OK,84.158,-31.213,-1613.330,OK,148.895,-99.761,-1631.211,OK,48.583,-112.691,-1599.045,Port 0x03: JJH Y femur tracker  s/n:3E4C8801,983139946,1783611265.768672060,1,OK,0.6623616,-0.1583730,0.2954675,0.6699956,-235.888,61.354,-1550.834,0.4510831,3,OK,-235.856,61.816,-1551.203,OK,-310.552,19.130,-1500.584,OK,-229.194,-13.021,-1494.269
3,Port 0x01: JJH Probe  s/n:3E4C880C,983139949,1783611265.818672060,1,Too Few Markers,-3.697314E28,-3.697314E28,-3.697314E28,-3.697314E28,-3.697314E28,-3.697314E28,-3.697314E28,0.0000000,3,Missing,-3.697314E28,-3.697314E28,-3.697314E28,Missing,-3.697314E28,-3.697314E28,-3.697314E28,Missing,-3.697314E28,-3.697314E28,-3.697314E28,Port 0x02: JJH T tibia tracker  s/n:3E4C8800,983139949,1783611265.818672060,1,OK,0.8312043,0.0654234,0.1382282,0.5345205,83.951,-30.988,-1613.615,0.3315079,3,OK,84.202,-31.063,-1613.690,OK,148.904,-99.658,-1631.228,OK,48.559,-112.508,-1599.150,Port 0x03: JJH Y femur tracker  s/n:3E4C8801,983139949,1783611265.818672060,1,OK,0.6580865,-0.1515635,0.3025182,0.6726317,-233.786,60.895,-1546.949,0.4544463,3,OK,-233.764,61.360,-1547.320,OK,-307.220,18.465,-1495.073,OK,-225.630,-13.452,-1490.527
3,Port 0x01: JJH Probe  s/n:3E4C880C,983139952,1783611265.868672060,1,Too Few Markers,-3.697314E28,-3.697314E28,-3.697314E28,-3.697314E28,-3.697314E28,-3.697314E28,-3.697314E28,0.0000000,3,Missing,-3.697314E28,-3.697314E28,-3.697314E28,Missing,-3.697314E28,-3.697314E28,-3.697314E28,Missing,-3.697314E28,-3.697314E28,-3.697314E28,Port 0x02: JJH T tibia tracker  s/n:3E4C8800,983139952,1783611265.868672060,1,OK,0.8317915,0.0593533,0.1423672,0.5332277,84.075,-30.519,-1611.970,0.3373718,3,OK,84.323,-30.598,-1612.044,OK,148.998,-99.481,-1628.585,OK,48.632,-111.791,-1596.270,Port 0x03: JJH Y femur tracker  s/n:3E4C8801,983139952,1783611265.868672060,1,OK,0.6541372,-0.1445865,0.3090617,0.6750408,-231.835,60.407,-1543.441,0.4380744,3,OK,-231.793,60.859,-1543.809,OK,-304.080,17.762,-1490.035,OK,-222.328,-13.925,-1487.274
3,Port 0x01: JJH Probe  s/n:3E4C880C,983139955,1783611265.918672060,1,Too Few Markers,-3.697314E28,-3.697314E28,-3.697314E28,-3.697314E28,-3.697314E28,-3.697314E28,-3.697314E28,0.0000000,3,Missing,-3.697314E28,-3.697314E28,-3.697314E28,Missing,-3.697314E28,-3.697314E28,-3.697314E28,Missing,-3.697314E28,-3.697314E28,-3.697314E28,Port 0x02: JJH T tibia tracker  s/n:3E4C8800,983139955,1783611265.918672060,1,OK,0.8331467,0.0507342,0.1472723,0.5306633,83.778,-29.958,-1609.170,0.3354405,3,OK,84.032,-30.050,-1609.243,OK,148.519,-99.411,-1624.293,OK,48.108,-110.794,-1591.855,Port 0x03: JJH Y femur tracker  s/n:3E4C8801,983139955,1783611265.918672060,1,OK,0.6503471,-0.1383095,0.3149965,0.6772712,-229.892,60.003,-1540.099,0.4327116,3,OK,-229.847,60.450,-1540.467,OK,-301.004,17.151,-1485.329,OK,-219.127,-14.322,-1484.171
3,Port 0x01: JJH Probe  s/n:3E4C880C,983139958,1783611265.968672060,1,Too Few Markers,-3.697314E28,-3.697314E28,-3.697314E28,-3.697314E28,-3.697314E28,-3.697314E28,-3.697314E28,0.0000000,3,Missing,-3.697314E28,-3.697314E28,-3.697314E28,Missing,-3.697314E28,-3.697314E28,-3.697314E28,Missing,-3.697314E28,-3.697314E28,-3.697314E28,Port 0x02: JJH T tibia tracker  s/n:3E4C8800,983139958,1783611265.968672060,1,OK,0.8330082,0.0531932,0.1455310,0.5311200,83.634,-30.225,-1610.329,0.3367178,3,OK,83.881,-30.300,-1610.401,OK,148.397,-99.593,-1625.860,OK,47.951,-111.170,-1593.514,Port 0x03: JJH Y femur tracker  s/n:3E4C8801,983139958,1783611265.968672060,1,OK,0.6464727,-0.1322832,0.3210927,0.6793186,-227.844,59.560,-1536.801,0.4316864,3,OK,-227.803,60.004,-1537.169,OK,-297.812,16.552,-1480.672,OK,-215.817,-14.728,-1481.079
3,Port 0x01: JJH Probe  s/n:3E4C880C,983139961,1783611266.018672060,1,Too Few Markers,-3.697314E28,-3.697314E28,-3.697314E28,-3.697314E28,-3.697314E28,-3.697314E28,-3.697314E28,0.0000000,3,Missing,-3.697314E28,-3.697314E28,-3.697314E28,Missing,-3.697314E28,-3.697314E28,-3.697314E28,Missing,-3.697314E28,-3.697314E28,-3.697314E28,Port 0x02: JJH T tibia tracker  s/n:3E4C8800,983139961,1783611266.018672060,1,OK,0.8330551,0.0541194,0.1444823,0.5312392,83.569,-30.108,-1610.863,0.3224538,3,OK,83.805,-30.190,-1610.931,OK,148.323,-99.457,-1626.527,OK,47.871,-111.077,-1594.300,Port 0x03: JJH Y femur tracker  s/n:3E4C8801,983139961,1783611266.018672060,1,OK,0.6424983,-0.1257637,0.3271635,0.6814275,-225.697,59.174,-1533.444,0.4136115,3,OK,-225.656,59.599,-1533.801,OK,-294.454,15.977,-1475.958,OK,-212.389,-15.093,-1478.026
3,Port 0x01: JJH Probe  s/n:3E4C880C,983139964,1783611266.068672060,1,Too Few Markers,-3.697314E28,-3.697314E28,-3.697314E28,-3.697314E28,-3.697314E28,-3.697314E28,-3.697314E28,0.0000000,3,Missing,-3.697314E28,-3.697314E28,-3.697314E28,Missing,-3.697314E28,-3.697314E28,-3.697314E28,Missing,-3.697314E28,-3.697314E28,-3.697314E28,Port 0x02: JJH T tibia tracker  s/n:3E4C8800,983139964,1783611266.068672060,1,OK,0.8330668,0.0552341,0.1434406,0.5313885,83.478,-30.061,-1611.987,0.3365869,3,OK,83.723,-30.148,-1612.058,OK,148.234,-99.365,-1627.826,OK,47.738,-111.076,-1595.682,Port 0x03: JJH Y femur tracker  s/n:3E4C8801,983139964,1783611266.068672060,1,OK,0.6380062,-0.1184169,0.3343123,0.6834917,-223.301,58.832,-1529.913,0.4328445,3,OK,-223.230,59.276,-1530.299,OK,-290.673,15.465,-1470.848,OK,-208.590,-15.390,-1474.810
3,Port 0x01: JJH Probe  s/n:3E4C880C,983139967,1783611266.118672064,1,Too Few Markers,-3.697314E28,-3.697314E28,-3.697314E28,-3.697314E28,-3.697314E28,-3.697314E28,-3.697314E28,0.0000000,3,Missing,-3.697314E28,-3.697314E28,-3.697314E28,Missing,-3.697314E28,-3.697314E28,-3.697314E28,Missing,-3.697314E28,-3.697314E28,-3.697314E28,Port 0x02: JJH T tibia tracker  s/n:3E4C8800,983139967,1783611266.118672064,1,OK,0.8329389,0.0598435,0.1395900,0.5321148,83.324,-30.275,-1613.912,0.3252299,3,OK,83.567,-30.357,-1613.983,OK,148.062,-99.416,-1630.475,OK,47.544,-111.465,-1598.641,Port 0x03: JJH Y femur tracker  s/n:3E4C8801,983139967,1783611266.118672064,1,OK,0.6332692,-0.1114395,0.3410788,0.6857234,-220.689,58.353,-1526.233,0.4278974,3,OK,-220.629,58.789,-1526.614,OK,-286.639,14.790,-1465.713,OK,-204.531,-15.825,-1471.475
3,Port 0x01: JJH Probe  s/n:3E4C880C,983139970,1783611266.168672064,1,Too Few Markers,-3.697314E28,-3.697314E28,-3.697314E28,-3.697314E28,-3.697314E28,-3.697314E28,-3.697314E28,0.0000000,3,Missing,-3.697314E28,-3.697314E28,-3.697314E28,Missing,-3.697314E28,-3.697314E28,-3.697314E28,Missing,-3.697314E28,-3.697314E28,-3.697314E28,Port 0x02: JJH T tibia tracker  s/n:3E4C8800,983139970,1783611266.168672064,1,OK,0.8330084,0.0619159,0.1381215,0.5321520,83.099,-30.157,-1614.966,0.3241544,3,OK,83.336,-30.233,-1615.036,OK,147.798,-99.269,-1631.861,OK,47.250,-111.395,-1600.111,Port 0x03: JJH Y femur tracker  s/n:3E4C8801,983139970,1783611266.168672064,1,OK,0.6283911,-0.1036156,0.3482712,0.6878194,-217.943,58.061,-1522.448,0.4093347,3,OK,-217.873,58.474,-1522.818,OK,-282.362,14.313,-1460.391,OK,-200.314,-16.070,-1468.143
3,Port 0x01: JJH Probe  s/n:3E4C880C,983139973,1783611266.218701707,1,Too Few Markers,-3.697314E28,-3.697314E28,-3.697314E28,-3.697314E28,-3.697314E28,-3.697314E28,-3.697314E28,0.0000000,3,Missing,-3.697314E28,-3.697314E28,-3.697314E28,Missing,-3.697314E28,-3.697314E28,-3.697314E28,Missing,-3.697314E28,-3.697314E28,-3.697314E28,Port 0x02: JJH T tibia tracker  s/n:3E4C8800,983139973,1783611266.218701707,1,OK,0.8327752,0.0634744,0.1365225,0.5327457,82.884,-30.292,-1616.204,0.3294328,3,OK,83.132,-30.372,-1616.277,OK,147.632,-99.279,-1633.341,OK,47.068,-111.622,-1601.750,Port 0x03: JJH Y femur tracker  s/n:3E4C8801,983139973,1783611266.218701707,1,OK,0.6229432,-0.0950782,0.3557763,0.6901631,-214.808,57.479,-1518.473,0.3902281,3,OK,-214.729,57.865,-1518.829,OK,-277.530,13.489,-1454.825,OK,-195.571,-16.620,-1464.732
3,Port 0x01: JJH Probe  s/n:3E4C880C,983139976,1783611266.268701707,1,Too Few Markers,-3.697314E28,-3.697314E28,-3.697314E28,-3.697314E28,-3.697314E28,-3.697314E28,-3.697314E28,0.0000000,3,Missing,-3.697314E28,-3.697314E28,-3.697314E28,Missing,-3.697314E28,-3.697314E28,-3.697314E28,Missing,-3.697314E28,-3.697314E28,-3.697314E28,Port 0x02: JJH T tibia tracker  s/n:3E4C8800,983139976,1783611266.268701707,1,OK,0.8316487,0.0743353,0.1285417,0.5350810,82.803,-30.398,-1619.765,0.2913812,3,OK,83.015,-30.478,-1619.829,OK,147.656,-98.849,-1638.671,OK,47.094,-112.102,-1607.617,Port 0x03: JJH Y femur tracker  s/n:3E4C8801,983139976,1783611266.268701707,1,OK,0.6173369,-0.0867079,0.3633357,0.6923612,-211.524,57.116,-1514.547,0.3658341,3,OK,-211.459,57.474,-1514.880,OK,-272.485,12.917,-1449.359,OK,-190.689,-16.932,-1461.370
3,Port 0x01: JJH Probe  s/n:3E4C880C,983139979,1783611266.318701707,1,Too Few Markers,-3.697314E28,-3.697314E28,-3.697314E28,-3.697314E28,-3.697314E28,-3.697314E28,-3.697314E28,0.0000000,3,Missing,-3.697314E28,-3.697314E28,-3.697314E28,Missing,-3.697314E28,-3.697314E28,-3.697314E28,Missing,-3.697314E28,-3.697314E28,-3.697314E28,Port 0x02: JJH T tibia tracker  s/n:3E4C8800,983139979,1783611266.318701707,1,OK,0.8304965,0.0849734,0.1212782,0.5369792,82.724,-30.562,-1624.125,0.2901936,3,OK,82.948,-30.625,-1624.194,OK,147.608,-98.458,-1644.761,OK,47.063,-112.592,-1614.143,Port 0x03: JJH Y femur tracker  s/n:3E4C8801,983139979,1783611266.318701707,1,OK,0.6120460,-0.0787962,0.3702363,0.6943457,-208.504,56.660,-1510.919,0.3519176,3,OK,-208.434,56.994,-1511.239,OK,-267.806,12.245,-1444.331,OK,-186.197,-17.346,-1458.330
3,Port 0x01: JJH Probe  s/n:3E4C880C,983139982,1783611266.368701707,1,Too Few Markers,-3.697314E28,-3.697314E28,-3.697314E28,-3.697314E28,-3.697314E28,-3.697314E28,-3.697314E28,0.0000000,3,Missing,-3.697314E28,-3.697314E28,-3.697314E28,Missing,-3.697314E28,-3.697314E28,-3.697314E28,Missing,-3.697314E28,-3.697314E28,-3.697314E28,Port 0x02: JJH T tibia tracker  s/n:3E4C8800,983139982,1783611266.368701707,1,OK,0.8309937,0.0809967,0.1240620,0.5361881,82.651,-30.212,-1623.133,0.2988321,3,OK,82.859,-30.285,-1623.197,OK,147.540,-98.339,-1643.134,OK,46.937,-112.111,-1612.321,Port 0x03: JJH Y femur tracker  s/n:3E4C8801,983139982,1783611266.368701707,1,OK,0.6070259,-0.0711615,0.3767117,0.6960919,-205.596,56.293,-1507.725,0.3295929,3,OK,-205.508,56.587,-1508.024,OK,-263.307,11.679,-1439.841,OK,-181.923,-17.661,-1455.755
3,Port 0x01: JJH Probe  s/n:3E4C880C,983139985,1783611266.418701707,1,Too Few Markers,-3.697314E28,-3.697314E28,-3.697314E28,-3.697314E28,-3.697314E28,-3.697314E28,-3.697314E28,0.0000000,3,Missing,-3.697314E28,-3.697314E28,-3.697314E28,Missing,-3.697314E28,-3.697314E28,-3.697314E28,Missing,-3.697314E28,-3.697314E28,-3.697314E28,Port 0x02: JJH T tibia tracker  s/n:3E4C8800,983139985,1783611266.418701707,1,OK,0.8316804,0.0746621,0.1275344,0.5352274,82.598,-29.822,-1621.170,0.2955872,3,OK,82.808,-29.905,-1621.233,OK,147.485,-98.243,-1640.104,OK,46.862,-111.543,-1609.202,Port 0x03: JJH Y femur tracker  s/n:3E4C8801,983139985,1783611266.418701707,1,OK,0.6021610,-0.0646480,0.3829368,0.6975544,-202.785,55.910,-1504.832,0.3495561,3,OK,-202.687,56.216,-1505.153,OK,-258.989,11.150,-1435.744,OK,-177.847,-17.957,-1453.337
3,Port 0x01: JJH Probe  s/n:3E4C880C,983139988,1783611266.468701707,1,Too Few Markers,-3.697314E28,-3.697314E28,-3.697314E28,-3.697314E28,-3.697314E28,-3.697314E28,-3.697314E28,0.0000000,3,Missing,-3.697314E28,-3.697314E28,-3.697314E28,Missing,-3.697314E28,-3.697314E28,-3.697314E28,Missing,-3.697314E28,-3.697314E28,-3.697314E28,Port 0x02: JJH T tibia tracker  s/n:3E4C8800,983139988,1783611266.468701707,1,OK,0.8316206,0.0752601,0.1268709,0.5353942,82.392,-29.812,-1621.993,0.3135984,3,OK,82.621,-29.899,-1622.062,OK,147.292,-98.177,-1641.016,OK,46.642,-111.569,-1610.181,Port 0x03: JJH Y femur tracker  s/n:3E4C8801,983139988,1783611266.468701707,1,OK,0.5974779,-0.0584321,0.3885928,0.6990004,-199.994,55.496,-1501.968,0.3521359,3,OK,-199.909,55.805,-1502.288,OK,-254.738,10.582,-1431.819,OK,-173.851,-18.315,-1450.969
3,Port 0x01: JJH Probe  s/n:3E4C880C,983139991,1783611266.518701707,1,Too Few Markers,-3.697314E28,-3.697314E28,-3.697314E28,-3.697314E28,-3.697314E28,-3.697314E28,-3.697314E28,0.0000000,3,Missing,-3.697314E28,-3.697314E28,-3.697314E28,Missing,-3.697314E28,-3.697314E28,-3.697314E28,Missing,-3.697314E28,-3.697314E28,-3.697314E28,Port 0x02: JJH T tibia tracker  s/n:3E4C8800,983139991,1783611266.518701707,1,OK,0.8314156,0.0793701,0.1237278,0.5358544,82.113,-29.760,-1623.540,0.3038066,3,OK,82.326,-29.837,-1623.605,OK,147.003,-97.974,-1643.218,OK,46.314,-111.610,-1612.606,Port 0x03: JJH Y femur tracker  s/n:3E4C8801,983139991,1783611266.518701707,1,OK,0.5924131,-0.0511790,0.3946497,0.7004849,-196.965,55.251,-1499.031,0.3292419,3,OK,-196.884,55.521,-1499.321,OK,-250.098,10.165,-1427.761,OK,-169.531,-18.510,-1448.694
3,Port 0x01: JJH Probe  s/n:3E4C880C,983139994,1783611266.568701707,1,Too Few Markers,-3.697314E28,-3.697314E28,-3.697314E28,-3.697314E28,-3.697314E28,-3.697314E28,-3.697314E28,0.0000000,3,Missing,-3.697314E28,-3.697314E28,-3.697314E28,Missing,-3.697314E28,-3.697314E28,-3.697314E28,Missing,-3.697314E28,-3.697314E28,-3.697314E28,Port 0x02: JJH T tibia tracker  s/n:3E4C8800,983139994,1783611266.568701707,1,OK,0.8307739,0.0845989,0.1192656,0.5370600,81.951,-29.855,-1625.854,0.2887257,3,OK,82.170,-29.937,-1625.922,OK,146.891,-97.743,-1646.346,OK,46.219,-111.869,-1616.133,Port 0x03: JJH Y femur tracker  s/n:3E4C8801,983139994,1783611266.568701707,1,OK,0.5864317,-0.0430044,0.4019846,0.7018952,-193.353,54.821,-1495.759,0.3267233,3,OK,-193.259,55.064,-1496.038,OK,-244.590,9.595,-1423.163,OK,-164.447,-18.829,-1446.150
3,Port 0x01: JJH Probe  s/n:3E4C880C,983139997,1783611266.618701707,1,Too Few Markers,-3.697314E28,-3.697314E28,-3.697314E28,-3.697314E28,-3.697314E28,-3.697314E28,-3.697314E28,0.0000000,3,Missing,-3.697314E28,-3.697314E28,-3.697314E28,Missing,-3.697314E28,-3.697314E28,-3.697314E28,Missing,-3.697314E28,-3.697314E28,-3.697314E28,Port 0x02: JJH T tibia tracker  s/n:3E4C8800,983139997,1783611266.618701707,1,OK,0.8303478,0.0856724,0.1181410,0.5377968,81.992,-29.536,-1626.371,0.2942390,3,OK,82.207,-29.619,-1626.437,OK,147.047,-97.278,-1647.040,OK,46.342,-111.623,-1616.938,Port 0x03: JJH Y femur tracker  s/n:3E4C8801,983139997,1783611266.618701707,1,OK,0.5810804,-0.0358650,0.4078298,0.7033734,-190.283,54.493,-1492.903,0.3307237,3,OK,-190.184,54.728,-1493.183,OK,-239.839,9.047,-1419.262,OK,-160.105,-19.102,-1444.001
3,Port 0x01: JJH Probe  s/n:3E4C880C,983140000,1783611266.668701707,1,Too Few Markers,-3.697314E28,-3.697314E28,-3.697314E28,-3.697314E28,-3.697314E28,-3.697314E28,-3.697314E28,0.0000000,3,Missing,-3.697314E28,-3.697314E28,-3.697314E28,Missing,-3.697314E28,-3.697314E28,-3.697314E28,Missing,-3.697314E28,-3.697314E28,-3.697314E28,Port 0x02: JJH T tibia tracker  s/n:3E4C8800,983140000,1783611266.668701707,1,OK,0.8309569,0.0753889,0.1241280,0.5370470,82.115,-28.724,-1623.346,0.2905286,3,OK,82.327,-28.808,-1623.409,OK,147.297,-96.839,-1642.324,OK,46.585,-110.617,-1612.003,Port 0x03: JJH Y femur tracker  s/n:3E4C8801,983140000,1783611266.668701707,1,OK,0.5753603,-0.0287357,0.4145595,0.7044680,-186.771,54.165,-1490.058,0.3485148,3,OK,-186.675,54.411,-1490.354,OK,-234.529,8.621,-1415.273,OK,-155.260,-19.312,-1441.801
3,Port 0x01: JJH Probe  s/n:3E4C880C,983140003,1783611266.718701707,1,Too Few Markers,-3.697314E28,-3.697314E28,-3.697314E28,-3.697314E28,-3.697314E28,-3.697314E28,-3.697314E28,0.0000000,3,Missing,-3.697314E28,-3.697314E28,-3.697314E28,Missing,-3.697314E28,-3.697314E28,-3.697314E28,Missing,-3.697314E28,-3.697314E28,-3.697314E28,Port 0x02: JJH T tibia tracker  s/n:3E4C8800,983140003,1783611266.718701707,1,OK,0.8308855,0.0726800,0.1251152,0.5373016,82.025,-28.441,-1623.134,0.3152229,3,OK,82.255,-28.528,-1623.201,OK,147.332,-96.556,-1641.657,OK,46.560,-110.331,-1611.378,Port 0x03: JJH Y femur tracker  s/n:3E4C8801,983140003,1783611266.718701707,1,OK,0.5696648,-0.0207541,0.4208743,0.7056317,-183.359,53.797,-1487.292,0.3584299,3,OK,-183.242,54.012,-1487.579,OK,-229.297,8.074,-1411.429,OK,-150.545,-19.616,-1439.891
3,Port 0x01: JJH Probe  s/n:3E4C880C,983140006,1783611266.768701707,1,Too Few Markers,-3.697314E28,-3.697314E28,-3.697314E28,-3.697314E28,-3.697314E28,-3.697314E28,-3.697314E28,0.0000000,3,Missing,-3.697314E28,-3.697314E28,-3.697314E28,Missing,-3.697314E28,-3.697314E28,-3.697314E28,Missing,-3.697314E28,-3.697314E28,-3.697314E28,Port 0x02: JJH T tibia tracker  s/n:3E4C8800,983140006,1783611266.768701707,1,OK,0.8312290,0.0684932,0.1267318,0.5369414,81.871,-28.055,-1621.909,0.3107740,3,OK,82.108,-28.143,-1621.977,OK,147.214,-96.307,-1639.703,OK,46.422,-109.853,-1609.500,Port 0x03: JJH Y femur tracker  s/n:3E4C8801,983140006,1783611266.768701707,1,OK,0.5637501,-0.0136265,0.4270913,0.7068190,-179.746,53.474,-1484.356,0.3424586,3,OK,-179.650,53.673,-1484.620,OK,-223.831,7.607,-1407.520,OK,-145.625,-19.834,-1437.709
3,Port 0x01: JJH Probe  s/n:3E4C880C,983140009,1783611266.818669410,1,Too Few Markers,-3.697314E28,-3.697314E28,-3.697314E28,-3.697314E28,-3.697314E28,-3.697314E28,-3.697314E28,0.0000000,3,Missing,-3.697314E28,-3.697314E28,-3.697314E28,Missing,-3.697314E28,-3.697314E28,-3.697314E28,Missing,-3.697314E28,-3.697314E28,-3.697314E28,Port 0x02: JJH T tibia tracker  s/n:3E4C8800,983140009,1783611266.818669410,1,OK,0.8318100,0.0601337,0.1315796,0.5358758,81.767,-27.471,-1619.676,0.3273177,3,OK,82.015,-27.564,-1619.745,OK,147.161,-96.019,-1636.082,OK,46.318,-109.033,-1605.704,Port 0x03: JJH Y femur tracker  s/n:3E4C8801,983140009,1783611266.818669410,1,OK,0.5574950,-0.0059323,0.4337515,0.7078304,-175.909,53.053,-1481.667,0.3422911,3,OK,-175.816,53.243,-1481.928,OK,-218.015,7.054,-1403.803,OK,-140.449,-20.133,-1435.853
3,Port 0x01: JJH Probe  s/n:3E4C880C,983140012,1783611266.868669410,1,Too Few Markers,-3.697314E28,-3.697314E28,-3.697314E28,-3.697314E28,-3.697314E28,-3.697314E28,-3.697314E28,0.0000000,3,Missing,-3.697314E28,-3.697314E28,-3.697314E28,Missing,-3.697314E28,-3.697314E28,-3.697314E28,Missing,-3.697314E28,-3.697314E28,-3.697314E28,Port 0x02: JJH T tibia tracker  s/n:3E4C8800,983140012,1783611266.868669410,1,OK,0.8321357,0.0537720,0.1353940,0.5350955,81.535,-26.878,-1618.205,0.3402998,3,OK,81.792,-26.967,-1618.276,OK,146.976,-95.625,-1633.559,OK,46.102,-108.252,-1603.029,Port 0x03: JJH Y femur tracker  s/n:3E4C8801,983140012,1783611266.868669410,1,OK,0.5508109,0.0024863,0.4405211,0.7089022,-171.777,52.794,-1478.810,0.3357654,3,OK,-171.686,52.959,-1479.050,OK,-211.764,6.621,-1399.940,OK,-134.926,-20.288,-1433.978
3,Port 0x01: JJH Probe  s/n:3E4C880C,983140015,1783611266.918669410,1,Too Few Markers,-3.697314E28,-3.697314E28,-3.697314E28,-3.697314E28,-3.697314E28,-3.697314E28,-3.697314E28,0.0000000,3,Missing,-3.697314E28,-3.697314E28,-3.697314E28,Missing,-3.697314E28,-3.697314E28,-3.697314E28,Missing,-3.697314E28,-3.697314E28,-3.697314E28,Port 0x02: JJH T tibia tracker  s/n:3E4C8800,983140015,1783611266.918669410,1,OK,0.8325813,0.0466047,0.1393480,0.5340585,81.352,-26.263,-1615.854,0.3428591,3,OK,81.611,-26.345,-1615.924,OK,146.822,-95.242,-1630.001,OK,45.912,-107.388,-1599.375,Port 0x03: JJH Y femur tracker  s/n:3E4C8801,983140015,1783611266.918669410,1,OK,0.5438669,0.0106712,0.4474734,0.7098327,-167.441,52.378,-1475.860,0.3166269,3,OK,-167.367,52.520,-1476.069,OK,-205.241,6.081,-1396.027,OK,-129.187,-20.563,-1431.991
3,Port 0x01: JJH Probe  s/n:3E4C880C,983140018,1783611266.968669410,1,Too Few Markers,-3.697314E28,-3.697314E28,-3.697314E28,-3.697314E28,-3.697314E28,-3.697314E28,-3.697314E28,0.0000000,3,Missing,-3.697314E28,-3.697314E28,-3.697314E28,Missing,-3.697314E28,-3.697314E28,-3.697314E28,Missing,-3.697314E28,-3.697314E28,-3.697314E28,Port 0x02: JJH T tibia tracker  s/n:3E4C8800,983140018,1783611266.968669410,1,OK,0.8328298,0.0394856,0.1438074,0.5330618,81.183,-25.499,-1613.795,0.3407290,3,OK,81.431,-25.582,-1613.860,OK,146.703,-94.684,-1626.767,OK,45.774,-106.343,-1595.951,Port 0x03: JJH Y femur tracker  s/n:3E4C8801,983140018,1783611266.968669410,1,OK,0.5366542,0.0174195,0.4545914,0.7106655,-163.033,52.056,-1473.177,0.3097162,3,OK,-162.986,52.257,-1473.433,OK,-198.621,5.684,-1392.404,OK,-123.400,-20.629,-1430.034
3,Port 0x01: JJH Probe  s/n:3E4C880C,983140021,1783611267.018669410,1,Too Few Markers,-3.697314E28,-3.697314E28,-3.697314E28,-3.697314E28,-3.697314E28,-3.697314E28,-3.697314E28,0.0000000,3,Missing,-3.697314E28,-3.697314E28,-3.697314E28,Missing,-3.697314E28,-3.697314E28,-3.697314E28,Missing,-3.697314E28,-3.697314E28,-3.697314E28,Port 0x02: JJH T tibia tracker  s/n:3E4C8800,983140021,1783611267.018669410,1,OK,0.8323176,0.0347208,0.1479415,0.5330621,81.252,-24.672,-1612.323,0.3439355,3,OK,81.482,-24.753,-1612.383,OK,146.938,-93.878,-1624.582,OK,46.045,-105.360,-1593.413,Port 0x03: JJH Y femur tracker  s/n:3E4C8801,983140021,1783611267.018669410,1,OK,0.5298600,0.0271670,0.4610589,0.7112911,-158.818,51.757,-1470.726,0.3246763,3,OK,-158.745,51.877,-1470.925,OK,-192.220,5.200,-1389.091,OK,-117.867,-20.907,-1428.909
3,Port 0x01: JJH Probe  s/n:3E4C880C,983140024,1783611267.068669410,1,Too Few Markers,-3.697314E28,-3.697314E28,-3.697314E28,-3.697314E28,-3.697314E28,-3.697314E28,-3.697314E28,0.0000000,3,Missing,-3.697314E28,-3.697314E28,-3.697314E28,Missing,-3.697314E28,-3.697314E28,-3.697314E28,Missing,-3.697314E28,-3.697314E28,-3.697314E28,Port 0x02: JJH T tibia tracker  s/n:3E4C8800,983140024,1783611267.068669410,1,OK,0.8317219,0.0288773,0.1524685,0.5330648,81.439,-23.765,-1611.307,0.3481439,3,OK,81.701,-23.853,-1611.375,OK,147.247,-92.942,-1622.648,OK,46.490,-104.280,-1591.178,Port 0x03: JJH Y femur tracker  s/n:3E4C8801,983140024,1783611267.068669410,1,OK,0.5235195,0.0346649,0.4672027,0.7116511,-154.824,51.596,-1468.471,0.3318459,3,OK,-154.749,51.722,-1468.684,OK,-186.210,4.947,-1386.073,OK,-112.724,-20.941,-1427.599
3,Port 0x01: JJH Probe  s/n:3E4C880C,983140027,1783611267.118669407,1,Interference,-3.697314E28,-3.697314E28,-3.697314E28,-3.697314E28,-3.697314E28,-3.697314E28,-3.697314E28,0.0000000,3,Missing,-3.697314E28,-3.697314E28,-3.697314E28,Missing,-3.697314E28,-3.697314E28,-3.697314E28,Missing,-3.697314E28,-3.697314E28,-3.697314E28,Port 0x02: JJH T tibia tracker  s/n:3E4C8800,983140027,1783611267.118669407,1,OK,0.8313956,0.0246315,0.1561553,0.5327196,81.458,-23.066,-1610.092,0.3627587,3,OK,81.715,-23.158,-1610.157,OK,147.369,-92.280,-1620.790,OK,46.621,-103.393,-1589.004,Port 0x03: JJH Y femur tracker  s/n:3E4C8801,983140027,1783611267.118669407,1,OK,0.5180015,0.0412702,0.4720418,0.7121431,-151.375,51.381,-1466.626,0.3116719,3,OK,-151.317,51.476,-1466.791,OK,-181.025,4.615,-1383.705,OK,-108.283,-21.085,-1426.666
3,Port 0x01: JJH Probe  s/n:3E4C880C,983140030,1783611267.168669407,1,Interference,-3.697314E28,-3.697314E28,-3.697314E28,-3.697314E28,-3.697314E28,-3.697314E28,-3.697314E28,0.0000000,3,Missing,-3.697314E28,-3.697314E28,-3.697314E28,Missing,-3.697314E28,-3.697314E28,-3.697314E28,Missing,-3.697314E28,-3.697314E28,-3.697314E28,Port 0x02: JJH T tibia tracker  s/n:3E4C8800,983140030,1783611267.168669407,1,OK,0.8312984,0.0210720,0.1589851,0.5321867,81.380,-22.468,-1609.131,0.3607937,3,OK,81.629,-22.573,-1609.192,OK,147.320,-91.747,-1619.265,OK,46.601,-102.604,-1587.281,Port 0x03: JJH Y femur tracker  s/n:3E4C8801,983140030,1783611267.168669407,1,OK,0.5140465,0.0458393,0.4758006,0.7122280,-148.874,51.297,-1465.401,0.3167947,3,OK,-148.818,51.400,-1465.577,OK,-177.270,4.495,-1382.054,OK,-105.097,-21.088,-1426.037
3,Port 0x01: JJH Probe  s/n:3E4C880C,983140033,1783611267.218669407,1,Too Few Markers,-3.697314E28,-3.697314E28,-3.697314E28,-3.697314E28,-3.697314E28,-3.697314E28,-3.697314E28,0.0000000,3,Missing,-3.697314E28,-3.697314E28,-3.697314E28,Missing,-3.697314E28,-3.697314E28,-3.697314E28,Missing,-3.697314E28,-3.697314E28,-3.697314E28,Port 0x02: JJH T tibia tracker  s/n:3E4C8800,983140033,1783611267.218669407,1,OK,0.8308915,0.0187846,0.1604607,0.5324649,81.494,-22.142,-1608.698,0.3757067,3,OK,81.759,-22.229,-1608.765,OK,147.549,-91.356,-1618.476,OK,46.837,-102.246,-1586.412,Port 0x03: JJH Y femur tracker  s/n:3E4C8801,983140033,1783611267.218669407,1,OK,0.5114453,0.0487959,0.4781299,0.7123443,-147.312,51.238,-1464.580,0.3236441,3,OK,-147.249,51.336,-1464.761,OK,-174.900,4.391,-1380.971,OK,-103.093,-21.089,-1425.627
3,Port 0x01: JJH Probe  s/n:3E4C880C,983140036,1783611267.268669407,1,Too Few Markers,-3.697314E28,-3.697314E28,-3.697314E28,-3.697314E28,-3.697314E28,-3.697314E28,-3.697314E28,0.0000000,3,Missing,-3.697314E28,-3.697314E28,-3.697314E28,Missing,-3.697314E28,-3.697314E28,-3.697314E28,Missing,-3.697314E28,-3.697314E28,-3.697314E28,Port 0x02: JJH T tibia tracker  s/n:3E4C8800,983140036,1783611267.268669407,1,OK,0.8306033,0.0169191,0.1609122,0.5328406,81.621,-21.851,-1608.289,0.3698450,3,OK,81.895,-21.949,-1608.356,OK,147.771,-90.988,-1617.747,OK,47.078,-101.927,-1585.773,Port 0x03: JJH Y femur tracker  s/n:3E4C8801,983140036,1783611267.268669407,1,OK,0.5108131,0.0495621,0.4785804,0.7124425,-146.912,51.200,-1464.409,0.3179890,3,OK,-146.857,51.294,-1464.577,OK,-174.306,4.330,-1380.766,OK,-102.581,-21.130,-1425.573
3,Port 0x01: JJH Probe  s/n:3E4C880C,983140039,1783611267.318669407,1,Too Few Markers,-3.697314E28,-3.697314E28,-3.697314E28,-3.697314E28,-3.697314E28,-3.697314E28,-3.697314E28,0.0000000,3,Missing,-3.697314E28,-3.697314E28,-3.697314E28,Missing,-3.697314E28,-3.697314E28,-3.697314E28,Missing,-3.697314E28,-3.697314E28,-3.697314E28,Port 0x02: JJH T tibia tracker  s/n:3E4C8800,983140039,1783611267.318669407,1,OK,0.8303739,0.0182995,0.1606726,0.5332247,81.717,-21.884,-1608.558,0.3830827,3,OK,81.980,-21.981,-1608.623,OK,147.922,-90.970,-1618.286,OK,47.206,-102.030,-1586.210,Port 0x03: JJH Y femur tracker  s/n:3E4C8801,983140039,1783611267.318669407,1,OK,0.5121045,0.0481569,0.4773371,0.7124459,-147.612,51.235,-1464.792,0.3015893,3,OK,-147.559,51.317,-1464.941,OK,-175.400,4.371,-1381.303,OK,-103.507,-21.125,-1425.770
3,Port 0x01: JJH Probe  s/n:3E4C880C,983140042,1783611267.368669407,1,Interference,-3.697314E28,-3.697314E28,-3.697314E28,-3.697314E28,-3.697314E28,-3.697314E28,-3.697314E28,0.0000000,3,Missing,-3.697314E28,-3.697314E28,-3.697314E28,Missing,-3.697314E28,-3.697314E28,-3.697314E28,Missing,-3.697314E28,-3.697314E28,-3.697314E28,Port 0x02: JJH T tibia tracker  s/n:3E4C8800,983140042,1783611267.368669407,1,OK,0.8303431,0.0218281,0.1578638,0.5339784,81.856,-22.251,-1609.259,0.3623896,3,OK,82.109,-22.352,-1609.321,OK,148.057,-91.251,-1619.548,OK,47.356,-102.586,-1587.682,Port 0x03: JJH Y femur tracker  s/n:3E4C8801,983140042,1783611267.368669407,1,OK,0.5147299,0.0451078,0.4750562,0.7122780,-149.369,51.317,-1465.668,0.3171736,3,OK,-149.307,51.412,-1465.840,OK,-177.987,4.499,-1382.402,OK,-105.712,-21.086,-1426.223
3,Port 0x01: JJH Probe  s/n:3E4C880C,983140045,1783611267.418669407,1,Interference,-3.697314E28,-3.697314E28,-3.697314E28,-3.697314E28,-3.697314E28,-3.697314E28,-3.697314E28,0.0000000,3,Missing,-3.697314E28,-3.697314E28,-3.697314E28,Missing,-3.697314E28,-3.697314E28,-3.697314E28,Missing,-3.697314E28,-3.697314E28,-3.697314E28,Port 0x02: JJH T tibia tracker  s/n:3E4C8800,983140045,1783611267.418669407,1,OK,0.8301299,0.0265740,0.1537599,0.5352907,81.962,-22.763,-1610.583,0.3615388,3,OK,82.219,-22.859,-1610.647,OK,148.228,-91.580,-1621.630,OK,47.487,-103.394,-1590.087,Port 0x03: JJH Y femur tracker  s/n:3E4C8801,983140045,1783611267.418669407,1,OK,0.5187510,0.0398342,0.4715569,0.7120005,-151.935,51.476,-1467.016,0.3268433,3,OK,-151.875,51.606,-1467.223,OK,-181.844,4.765,-1384.122,OK,-108.974,-20.955,-1426.825
3,Port 0x01: JJH Probe  s/n:3E4C880C,983140048,1783611267.468669407,1,Too Few Markers,-3.697314E28,-3.697314E28,-3.697314E28,-3.697314E28,-3.697314E28,-3.697314E28,-3.697314E28,0.0000000,3,Missing,-3.697314E28,-3.697314E28,-3.697314E28,Missing,-3.697314E28,-3.697314E28,-3.697314E28,Missing,-3.697314E28,-3.697314E28,-3.697314E28,Port 0x02: JJH T tibia tracker  s/n:3E4C8800,983140048,1783611267.468669407,1,OK,0.8305531,0.0297180,0.1491191,0.5357816,81.873,-23.266,-1611.139,0.3550971,3,OK,82.129,-23.353,-1611.205,OK,148.121,-92.028,-1622.596,OK,47.248,-104.080,-1591.635,Port 0x03: JJH Y femur tracker  s/n:3E4C8801,983140048,1783611267.468669407,1,OK,0.5238908,0.0339139,0.4669699,0.7115669,-155.098,51.743,-1468.743,0.3249802,3,OK,-155.027,51.864,-1468.946,OK,-186.613,5.145,-1386.380,OK,-113.058,-20.770,-1427.761
3,Port 0x01: JJH Probe  s/n:3E4C880C,983140051,1783611267.518669407,1,Too Few Markers,-3.697314E28,-3.697314E28,-3.697314E28,-3.697314E28,-3.697314E28,-3.697314E28,-3.697314E28,0.0000000,3,Missing,-3.697314E28,-3.697314E28,-3.697314E28,Missing,-3.697314E28,-3.697314E28,-3.697314E28,Missing,-3.697314E28,-3.697314E28,-3.697314E28,Port 0x02: JJH T tibia tracker  s/n:3E4C8800,983140051,1783611267.518669407,1,OK,0.8302057,0.0382862,0.1433594,0.5373459,82.122,-23.975,-1613.194,0.3381221,3,OK,82.356,-24.072,-1613.253,OK,148.387,-92.491,-1626.060,OK,47.512,-105.156,-1595.401,Port 0x03: JJH Y femur tracker  s/n:3E4C8801,983140051,1783611267.518669407,1,OK,0.5297465,0.0271170,0.4612940,0.7112251,-158.726,52.019,-1470.630,0.2989623,3,OK,-158.664,52.120,-1470.797,OK,-192.082,5.509,-1388.996,OK,-117.757,-20.616,-1428.791
3,Port 0x01: JJH Probe  s/n:3E4C880C,983140054,1783611267.568669407,1,Too Few Markers,-3.697314E28,-3.697314E28,-3.697314E28,-3.697314E28,-3.697314E28,-3.697314E28,-3.697314E28,0.0000000,3,Missing,-3.697314E28,-3.697314E28,-3.697314E28,Missing,-3.697314E28,-3.697314E28,-3.697314E28,Missing,-3.697314E28,-3.697314E28,-3.697314E28,Port 0x02: JJH T tibia tracker  s/n:3E4C8800,983140054,1783611267.568669407,1,OK,0.8298127,0.0457118,0.1376927,0.5388525,82.323,-24.597,-1615.230,0.3244857,3,OK,82.562,-24.684,-1615.292,OK,148.605,-92.838,-1629.284,OK,47.741,-106.117,-1599.029,Port 0x03: JJH Y femur tracker  s/n:3E4C8801,983140054,1783611267.568669407,1,OK,0.5359990,0.0181208,0.4555032,0.7105586,-162.581,52.284,-1472.946,0.2971441,3,OK,-162.537,52.469,-1473.185,OK,-197.951,5.965,-1392.065,OK,-122.820,-20.361,-1429.868
3,Port 0x01: JJH Probe  s/n:3E4C880C,983140057,1783611267.618669407,1,Too Few Markers,-3.697314E28,-3.697314E28,-3.697314E28,-3.697314E28,-3.697314E28,-3.697314E28,-3.697314E28,0.0000000,3,Missing,-3.697314E28,-3.697314E28,-3.697314E28,Missing,-3.697314E28,-3.697314E28,-3.697314E28,Missing,-3.697314E28,-3.697314E28,-3.697314E28,Port 0x02: JJH T tibia tracker  s/n:3E4C8800,983140057,1783611267.618669407,1,OK,0.8290113,0.0556551,0.1316342,0.5406619,82.652,-25.351,-1618.051,0.3070298,3,OK,82.875,-25.428,-1618.112,OK,148.958,-93.217,-1633.757,OK,48.146,-107.243,-1603.760,Port 0x03: JJH Y femur tracker  s/n:3E4C8801,983140057,1783611267.618669407,1,OK,0.5424067,0.0120520,0.4494052,0.7097074,-166.597,52.619,-1475.520,0.3401922,3,OK,-166.514,52.791,-1475.771,OK,-203.935,6.376,-1395.397,OK,-128.060,-20.242,-1431.748
3,Port 0x01: JJH Probe  s/n:3E4C880C,983140060,1783611267.668669407,1,Too Few Markers,-3.697314E28,-3.697314E28,-3.697314E28,-3.697314E28,-3.697314E28,-3.697314E28,-3.697314E28,0.0000000,3,Missing,-3.697314E28,-3.697314E28,-3.697314E28,Missing,-3.697314E28,-3.697314E28,-3.697314E28,Missing,-3.697314E28,-3.697314E28,-3.697314E28,Port 0x02: JJH T tibia tracker  s/n:3E4C8800,983140060,1783611267.668669407,1,OK,0.8282992,0.0639226,0.1268750,0.5419751,82.934,-25.974,-1620.587,0.3082879,3,OK,83.159,-26.075,-1620.649,OK,149.236,-93.499,-1637.670,OK,48.464,-108.120,-1607.841,Port 0x03: JJH Y femur tracker  s/n:3E4C8801,983140060,1783611267.668669407,1,OK,0.5490617,0.0043926,0.4429425,0.7087410,-170.742,53.001,-1478.135,0.3499784,3,OK,-170.642,53.165,-1478.384,OK,-210.169,6.914,-1398.906,OK,-133.530,-19.987,-1433.461
3,Port 0x01: JJH Probe  s/n:3E4C880C,983140063,1783611267.718669407,1,Too Few Markers,-3.697314E28,-3.697314E28,-3.697314E28,-3.697314E28,-3.697314E28,-3.697314E28,-3.697314E28,0.0000000,3,Missing,-3.697314E28,-3.697314E28,-3.697314E28,Missing,-3.697314E28,-3.697314E28,-3.697314E28,Missing,-3.697314E28,-3.697314E28,-3.697314E28,Port 0x02: JJH T tibia tracker  s/n:3E4C8800,983140063,1783611267.718669407,1,OK,0.8274552,0.0728865,0.1216446,0.5433306,83.224,-26.609,-1623.262,0.2918740,3,OK,83.442,-26.696,-1623.325,OK,149.508,-93.758,-1641.826,OK,48.806,-109.011,-1612.210,Port 0x03: JJH Y femur tracker  s/n:3E4C8801,983140063,1783611267.718669407,1,OK,0.5559884,-0.0040816,0.4358087,0.7077649,-174.957,53.373,-1480.995,0.3369423,3,OK,-174.860,53.545,-1481.241,OK,-216.565,7.434,-1402.829,OK,-139.179,-19.744,-1435.348
3,Port 0x01: JJH Probe  s/n:3E4C880C,983140066,1783611267.768669407,1,Too Few Markers,-3.697314E28,-3.697314E28,-3.697314E28,-3.697314E28,-3.697314E28,-3.697314E28,-3.697314E28,0.0000000,3,Missing,-3.697314E28,-3.697314E28,-3.697314E28,Missing,-3.697314E28,-3.697314E28,-3.697314E28,Missing,-3.697314E28,-3.697314E28,-3.697314E28,Port 0x02: JJH T tibia tracker  s/n:3E4C8800,983140066,1783611267.768669407,1,OK,0.8266365,0.0812173,0.1166328,0.5444930,83.518,-27.195,-1625.969,0.2839873,3,OK,83.742,-27.286,-1626.035,OK,149.765,-93.960,-1645.892,OK,49.132,-109.800,-1616.515,Port 0x03: JJH Y femur tracker  s/n:3E4C8801,983140066,1783611267.768669407,1,OK,0.5631199,-0.0134830,0.4285336,0.7064511,-179.373,53.739,-1484.278,0.3490643,3,OK,-179.276,53.949,-1484.555,OK,-223.260,8.021,-1407.232,OK,-145.123,-19.458,-1437.543
3,Port 0x01: JJH Probe  s/n:3E4C880C,983140069,1783611267.818669407,1,Too Few Markers,-3.697314E28,-3.697314E28,-3.697314E28,-3.697314E28,-3.697314E28,-3.697314E28,-3.697314E28,0.0000000,3,Missing,-3.697314E28,-3.697314E28,-3.697314E28,Missing,-3.697314E28,-3.697314E28,-3.697314E28,Missing,-3.697314E28,-3.697314E28,-3.697314E28,Port 0x02: JJH T tibia tracker  s/n:3E4C8800,983140069,1783611267.818669407,1,OK,0.8256897,0.0895878,0.1122154,0.5455440,83.768,-27.731,-1628.228,0.2784300,3,OK,83.978,-27.811,-1628.291,OK,150.001,-94.109,-1649.547,OK,49.403,-110.501,-1620.284,Port 0x03: JJH Y femur tracker  s/n:3E4C8801,983140069,1783611267.818669407,1,OK,0.5707111,-0.0232131,0.4203765,0.7050061,-184.004,54.187,-1487.827,0.3581604,3,OK,-183.900,54.427,-1488.128,OK,-230.298,8.659,-1412.086,OK,-151.442,-19.127,-1440.049
3,Port 0x01: JJH Probe  s/n:3E4C880C,983140072,1783611267.868669407,1,Too Few Markers,-3.697314E28,-3.697314E28,-3.697314E28,-3.697314E28,-3.697314E28,-3.697314E28,-3.697314E28,0.0000000,3,Missing,-3.697314E28,-3.697314E28,-3.697314E28,Missing,-3.697314E28,-3.697314E28,-3.697314E28,Missing,-3.697314E28,-3.697314E28,-3.697314E28,Port 0x02: JJH T tibia tracker  s/n:3E4C8800,983140072,1783611267.868669407,1,OK,0.8248955,0.0968931,0.1080894,0.5463294,83.965,-28.205,-1630.355,0.2655748,3,OK,84.166,-28.284,-1630.418,OK,150.150,-94.235,-1652.870,OK,49.606,-111.083,-1623.773,Port 0x03: JJH Y femur tracker  s/n:3E4C8801,983140072,1783611267.868669407,1,OK,0.5787434,-0.0335303,0.4114304,0.7033184,-188.828,54.692,-1491.779,0.3426318,3,OK,-188.733,54.939,-1492.073,OK,-237.648,9.380,-1417.555,OK,-158.110,-18.756,-1442.967
3,Port 0x01: JJH Probe  s/n:3E4C880C,983140075,1783611267.918669407,1,Too Few Markers,-3.697314E28,-3.697314E28,-3.697314E28,-3.697314E28,-3.697314E28,-3.697314E28,-3.697314E28,0.0000000,3,Missing,-3.697314E28,-3.697314E28,-3.697314E28,Missing,-3.697314E28,-3.697314E28,-3.697314E28,Missing,-3.697314E28,-3.697314E28,-3.697314E28,Port 0x02: JJH T tibia tracker  s/n:3E4C8800,983140075,1783611267.918669407,1,OK,0.8242075,0.1035258,0.1036952,0.5470025,84.197,-28.554,-1631.772,0.2387775,3,OK,84.387,-28.606,-1631.832,OK,150.328,-94.264,-1655.337,OK,49.838,-111.516,-1626.529,Port 0x03: JJH Y femur tracker  s/n:3E4C8801,983140075,1783611267.918669407,1,OK,0.5870189,-0.0444395,0.4019486,0.7013353,-193.757,55.281,-1496.161,0.3327618,3,OK,-193.664,55.538,-1496.453,OK,-245.185,10.212,-1423.605,OK,-165.012,-18.285,-1446.316
3,Port 0x01: JJH Probe  s/n:3E4C880C,983140078,1783611267.968669407,1,Too Few Markers,-3.697314E28,-3.697314E28,-3.697314E28,-3.697314E28,-3.697314E28,-3.697314E28,-3.697314E28,0.0000000,3,Missing,-3.697314E28,-3.697314E28,-3.697314E28,Missing,-3.697314E28,-3.697314E28,-3.697314E28,Missing,-3.697314E28,-3.697314E28,-3.697314E28,Port 0x02: JJH T tibia tracker  s/n:3E4C8800,983140078,1783611267.968669407,1,OK,0.8232237,0.1096627,0.1011014,0.5477731,84.409,-28.951,-1633.435,0.2521672,3,OK,84.600,-29.003,-1633.496,OK,150.537,-94.300,-1658.043,OK,50.085,-111.998,-1629.206,Port 0x03: JJH Y femur tracker  s/n:3E4C8801,983140078,1783611267.968669407,1,OK,0.5954947,-0.0563168,0.3919727,0.6989792,-198.836,55.798,-1500.919,0.3551590,3,OK,-198.747,56.100,-1501.240,OK,-252.963,11.019,-1430.188,OK,-172.196,-17.866,-1449.974
3,Port 0x01: JJH Probe  s/n:3E4C880C,983140081,1783611268.018669407,1,Too Few Markers,-3.697314E28,-3.697314E28,-3.697314E28,-3.697314E28,-3.697314E28,-3.697314E28,-3.697314E28,0.0000000,3,Missing,-3.697314E28,-3.697314E28,-3.697314E28,Missing,-3.697314E28,-3.697314E28,-3.697314E28,Missing,-3.697314E28,-3.697314E28,-3.697314E28,Port 0x02: JJH T tibia tracker  s/n:3E4C8800,983140081,1783611268.018669407,1,OK,0.8224215,0.1163471,0.0965999,0.5484110,84.633,-29.201,-1634.743,0.2119847,3,OK,84.800,-29.233,-1634.796,OK,150.710,-94.200,-1660.400,OK,50.323,-112.281,-1631.879,Port 0x03: JJH Y femur tracker  s/n:3E4C8801,983140081,1783611268.018669407,1,OK,0.6043565,-0.0682855,0.3809740,0.6963829,-203.941,56.555,-1506.094,0.3394646,3,OK,-203.858,56.857,-1506.402,OK,-260.834,12.044,-1437.448,OK,-179.583,-17.242,-1454.197
3,Port 0x01: JJH Probe  s/n:3E4C880C,983140084,1783611268.068669407,1,Too Few Markers,-3.697314E28,-3.697314E28,-3.697314E28,-3.697314E28,-3.697314E28,-3.697314E28,-3.697314E28,0.0000000,3,Missing,-3.697314E28,-3.697314E28,-3.697314E28,Missing,-3.697314E28,-3.697314E28,-3.697314E28,Missing,-3.697314E28,-3.697314E28,-3.697314E28,Port 0x02: JJH T tibia tracker  s/n:3E4C8800,983140084,1783611268.068669407,1,OK,0.8215066,0.1218770,0.0940651,0.5490215,84.925,-29.548,-1635.891,0.2144798,3,OK,85.095,-29.590,-1635.947,OK,150.975,-94.200,-1662.467,OK,50.647,-112.664,-1633.974,Port 0x03: JJH Y femur tracker  s/n:3E4C8801,983140084,1783611268.068669407,1,OK,0.6131455,-0.0811022,0.3696892,0.6934009,-209.042,57.176,-1511.742,0.3502681,3,OK,-208.980,57.511,-1512.058,OK,-268.697,12.993,-1445.335,OK,-187.052,-16.720,-1458.849
3,Port 0x01: JJH Probe  s/n:3E4C880C,983140087,1783611268.118669407,1,Too Few Markers,-3.697314E28,-3.697314E28,-3.697314E28,-3.697314E28,-3.697314E28,-3.697314E28,-3.697314E28,0.0000000,3,Missing,-3.697314E28,-3.697314E28,-3.697314E28,Missing,-3.697314E28,-3.697314E28,-3.697314E28,Missing,-3.697314E28,-3.697314E28,-3.697314E28,Port 0x02: JJH T tibia tracker  s/n:3E4C8800,983140087,1783611268.118669407,1,OK,0.8211383,0.1220287,0.0950099,0.5493760,85.115,-29.751,-1635.656,0.2300345,3,OK,85.294,-29.799,-1635.715,OK,151.205,-94.330,-1662.304,OK,50.921,-112.912,-1633.623,Port 0x03: JJH Y femur tracker  s/n:3E4C8801,983140087,1783611268.118669407,1,OK,0.6220839,-0.0942333,0.3581157,0.6898440,-214.199,57.926,-1517.818,0.3874007,3,OK,-214.125,58.307,-1518.171,OK,-276.641,14.121,-1453.770,OK,-194.724,-16.042,-1463.979
3,Port 0x01: JJH Probe  s/n:3E4C880C,983140090,1783611268.168669407,1,Too Few Markers,-3.697314E28,-3.697314E28,-3.697314E28,-3.697314E28,-3.697314E28,-3.697314E28,-3.697314E28,0.0000000,3,Missing,-3.697314E28,-3.697314E28,-3.697314E28,Missing,-3.697314E28,-3.697314E28,-3.697314E28,Missing,-3.697314E28,-3.697314E28,-3.697314E28,Port 0x02: JJH T tibia tracker  s/n:3E4C8800,983140090,1783611268.168669407,1,OK,0.8207793,0.1230583,0.0951994,0.5496499,85.311,-29.980,-1635.051,0.2192013,3,OK,85.475,-30.023,-1635.106,OK,151.416,-94.482,-1661.904,OK,51.184,-113.160,-1633.105,Port 0x03: JJH Y femur tracker  s/n:3E4C8801,983140090,1783611268.168669407,1,OK,0.6307951,-0.1072790,0.3463642,0.6860179,-219.147,58.715,-1524.197,0.4105019,3,OK,-219.066,59.128,-1524.571,OK,-284.267,15.301,-1462.630,OK,-202.233,-15.307,-1469.527
3,Port 0x01: JJH Probe  s/n:3E4C880C,983140093,1783611268.218669407,1,Too Few Markers,-3.697314E28,-3.697314E28,-3.697314E28,-3.697314E28,-3.697314E28,-3.697314E28,-3.697314E28,0.0000000,3,Missing,-3.697314E28,-3.697314E28,-3.697314E28,Missing,-3.697314E28,-3.697314E28,-3.697314E28,Missing,-3.697314E28,-3.697314E28,-3.697314E28,Port 0x02: JJH T tibia tracker  s/n:3E4C8800,983140093,1783611268.218669407,1,OK,0.8202885,0.1251424,0.0938819,0.5501385,85.498,-30.274,-1635.222,0.2372677,3,OK,85.689,-30.323,-1635.286,OK,151.621,-94.576,-1662.401,OK,51.414,-113.499,-1633.695,Port 0x03: JJH Y femur tracker  s/n:3E4C8801,983140093,1783611268.218669407,1,OK,0.6391406,-0.1205442,0.3341119,0.6821566,-223.690,59.465,-1530.651,0.4242628,3,OK,-223.634,59.899,-1531.025,OK,-291.380,16.413,-1471.754,OK,-209.337,-14.619,-1475.258
3,Port 0x01: JJH Probe  s/n:3E4C880C,983140096,1783611268.268669407,1,Too Few Markers,-3.697314E28,-3.697314E28,-3.697314E28,-3.697314E28,-3.697314E28,-3.697314E28,-3.697314E28,0.0000000,3,Missing,-3.697314E28,-3.697314E28,-3.697314E28,Missing,-3.697314E28,-3.697314E28,-3.697314E28,Missing,-3.697314E28,-3.697314E28,-3.697314E28,Port 0x02: JJH T tibia tracker  s/n:3E4C8800,983140096,1783611268.268669407,1,OK,0.8198714,0.1272151,0.0932940,0.5503848,85.621,-30.488,-1634.972,0.2202595,3,OK,85.794,-30.515,-1635.028,OK,151.734,-94.675,-1662.512,OK,51.579,-113.730,-1633.752,Port 0x03: JJH Y femur tracker  s/n:3E4C8801,983140096,1783611268.268669407,1,OK,0.6471349,-0.1326921,0.3220989,0.6781309,-227.858,60.324,-1536.978,0.4158135,3,OK,-227.808,60.752,-1537.337,OK,-297.932,17.622,-1480.738,OK,-216.017,-13.834,-1481.085
3,Port 0x01: JJH Probe  s/n:3E4C880C,983140099,1783611268.318669407,1,Too Few Markers,-3.697314E28,-3.697314E28,-3.697314E28,-3.697314E28,-3.697314E28,-3.697314E28,-3.697314E28,0.0000000,3,Missing,-3.697314E28,-3.697314E28,-3.697314E28,Missing,-3.697314E28,-3.697314E28,-3.697314E28,Missing,-3.697314E28,-3.697314E28,-3.697314E28,Port 0x02: JJH T tibia tracker  s/n:3E4C8800,983140099,1783611268.318669407,1,OK,0.8200664,0.1244808,0.0959451,0.5502638,85.828,-30.673,-1633.482,0.2263782,3,OK,86.007,-30.718,-1633.542,OK,151.954,-95.002,-1660.629,OK,51.847,-113.922,-1631.592,Port 0x03: JJH Y femur tracker  s/n:3E4C8801,983140099,1783611268.318669407,1,OK,0.6545069,-0.1451930,0.3103286,0.6739702,-231.663,61.044,-1543.371,0.4391177,3,OK,-231.636,61.494,-1543.736,OK,-303.960,18.708,-1489.826,OK,-222.276,-13.144,-1486.974
3,Port 0x01: JJH Probe  s/n:3E4C880C,983140102,1783611268.368669407,1,Too Few Markers,-3.697314E28,-3.697314E28,-3.697314E28,-3.697314E28,-3.697314E28,-3.697314E28,-3.697314E28,0.0000000,3,Missing,-3.697314E28,-3.697314E28,-3.697314E28,Missing,-3.697314E28,-3.697314E28,-3.697314E28,Missing,-3.697314E28,-3.697314E28,-3.697314E28,Port 0x02: JJH T tibia tracker  s/n:3E4C8800,983140102,1783611268.368669407,1,OK,0.8217185,0.1105131,0.1067763,0.5487845,86.057,-30.541,-1628.049,0.2426582,3,OK,86.234,-30.596,-1628.107,OK,152.222,-95.716,-1653.065,OK,52.151,-113.707,-1623.111,Port 0x03: JJH Y femur tracker  s/n:3E4C8801,983140102,1783611268.368669407,1,OK,0.6619244,-0.1581252,0.2977985,0.6694539,-235.466,61.847,-1550.210,0.4650788,3,OK,-235.441,62.321,-1550.589,OK,-309.994,19.866,-1499.565,OK,-228.644,-12.368,-1493.415
3,Port 0x01: JJH Probe  s/n:3E4C880C,983140105,1783611268.418669407,1,Too Few Markers,-3.697314E28,-3.697314E28,-3.697314E28,-3.697314E28,-3.697314E28,-3.697314E28,-3.697314E28,0.0000000,3,Missing,-3.697314E28,-3.697314E28,-3.697314E28,Missing,-3.697314E28,-3.697314E28,-3.697314E28,Missing,-3.697314E28,-3.697314E28,-3.697314E28,Port 0x02: JJH T tibia tracker  s/n:3E4C8800,983140105,1783611268.418669407,1,OK,0.8236501,0.0915066,0.1197919,0.5466964,86.193,-30.165,-1621.396,0.2808552,3,OK,86.406,-30.243,-1621.464,OK,152.436,-96.302,-1643.402,OK,52.370,-113.074,-1612.575,Port 0x03: JJH Y femur tracker  s/n:3E4C8801,983140105,1783611268.418669407,1,OK,0.6690398,-0.1710838,0.2843634,0.6650215,-239.183,62.360,-1557.524,0.4712926,3,OK,-239.155,62.838,-1557.902,OK,-315.839,20.621,-1509.988,OK,-234.942,-11.909,-1500.527
3,Port 0x01: JJH Probe  s/n:3E4C880C,983140108,1783611268.468669407,1,Too Few Markers,-3.697314E28,-3.697314E28,-3.697314E28,-3.697314E28,-3.697314E28,-3.697314E28,-3.697314E28,0.0000000,3,Missing,-3.697314E28,-3.697314E28,-3.697314E28,Missing,-3.697314E28,-3.697314E28,-3.697314E28,Missing,-3.697314E28,-3.697314E28,-3.697314E28,Port 0x02: JJH T tibia tracker  s/n:3E4C8800,983140108,1783611268.468669407,1,OK,0.8233088,0.0915460,0.1205564,0.5470358,86.256,-30.240,-1620.104,0.2737203,3,OK,86.462,-30.304,-1620.170,OK,152.541,-96.331,-1642.158,OK,52.538,-113.183,-1611.188,Port 0x03: JJH Y femur tracker  s/n:3E4C8801,983140108,1783611268.468669407,1,OK,0.6767799,-0.1865531,0.2692429,0.6592990,-243.004,63.130,-1566.045,0.4852412,3,OK,-242.978,63.618,-1566.427,OK,-321.964,21.768,-1522.143,OK,-241.750,-11.103,-1508.814
3,Port 0x01: JJH Probe  s/n:3E4C880C,983140111,1783611268.518669407,1,Too Few Markers,-3.697314E28,-3.697314E28,-3.697314E28,-3.697314E28,-3.697314E28,-3.697314E28,-3.697314E28,0.0000000,3,Missing,-3.697314E28,-3.697314E28,-3.697314E28,Missing,-3.697314E28,-3.697314E28,-3.697314E28,Missing,-3.697314E28,-3.697314E28,-3.697314E28,Port 0x02: JJH T tibia tracker  s/n:3E4C8800,983140111,1783611268.518669407,1,OK,0.8235851,0.0846300,0.1263120,0.5464345,86.236,-29.921,-1616.976,0.2970486,3,OK,86.453,-29.999,-1617.045,OK,152.590,-96.286,-1637.980,OK,52.626,-112.744,-1606.503,Port 0x03: JJH Y femur tracker  s/n:3E4C8801,983140111,1783611268.518669407,1,OK,0.6850669,-0.2037201,0.2528423,0.6521136,-246.750,64.189,-1575.687,0.5022169,3,OK,-246.732,64.685,-1576.072,OK,-328.088,23.372,-1535.872,OK,-248.855,-9.936,-1518.278
3,Port 0x01: JJH Probe  s/n:3E4C880C,983140114,1783611268.568669407,1,Too Few Markers,-3.697314E28,-3.697314E28,-3.697314E28,-3.697314E28,-3.697314E28,-3.697314E28,-3.697314E28,0.0000000,3,Missing,-3.697314E28,-3.697314E28,-3.697314E28,Missing,-3.697314E28,-3.697314E28,-3.697314E28,Missing,-3.697314E28,-3.697314E28,-3.697314E28,Port 0x02: JJH T tibia tracker  s/n:3E4C8800,983140114,1783611268.568669407,1,OK,0.8237787,0.0794550,0.1304289,0.5459522,86.328,-29.759,-1614.118,0.2996234,3,OK,86.547,-29.836,-1614.186,OK,152.729,-96.328,-1634.324,OK,52.810,-112.471,-1602.514,Port 0x03: JJH Y femur tracker  s/n:3E4C8801,983140114,1783611268.568669407,1,OK,0.6938505,-0.2208984,0.2346611,0.6439795,-250.142,65.416,-1586.167,0.4980953,3,OK,-250.115,65.903,-1586.542,OK,-333.806,25.161,-1550.892,OK,-255.877,-8.665,-1528.946
3,Port 0x01: JJH Probe  s/n:3E4C880C,983140117,1783611268.618669407,1,Too Few Markers,-3.697314E28,-3.697314E28,-3.697314E28,-3.697314E28,-3.697314E28,-3.697314E28,-3.697314E28,0.0000000,3,Missing,-3.697314E28,-3.697314E28,-3.697314E28,Missing,-3.697314E28,-3.697314E28,-3.697314E28,Missing,-3.697314E28,-3.697314E28,-3.697314E28,Port 0x02: JJH T tibia tracker  s/n:3E4C8800,983140117,1783611268.618669407,1,OK,0.8237503,0.0775119,0.1319272,0.5459145,86.374,-29.562,-1612.463,0.2941722,3,OK,86.597,-29.635,-1612.532,OK,152.800,-96.181,-1632.365,OK,52.931,-112.244,-1600.450,Port 0x03: JJH Y femur tracker  s/n:3E4C8801,983140117,1783611268.618669407,1,OK,0.7021547,-0.2386076,0.2163554,0.6350083,-252.950,66.786,-1596.984,0.5338002,3,OK,-252.916,67.301,-1597.380,OK,-338.722,27.170,-1566.412,OK,-262.378,-7.200,-1540.040
3,Port 0x01: JJH Probe  s/n:3E4C880C,983140120,1783611268.668632251,1,Too Few Markers,-3.697314E28,-3.697314E28,-3.697314E28,-3.697314E28,-3.697314E28,-3.697314E28,-3.697314E28,0.0000000,3,Missing,-3.697314E28,-3.697314E28,-3.697314E28,Missing,-3.697314E28,-3.697314E28,-3.697314E28,Missing,-3.697314E28,-3.697314E28,-3.697314E28,Port 0x02: JJH T tibia tracker  s/n:3E4C8800,983140120,1783611268.668632251,1,OK,0.8234451,0.0765774,0.1338909,0.5460286,86.278,-29.545,-1611.281,0.2946001,3,OK,86.496,-29.633,-1611.349,OK,152.737,-96.162,-1631.097,OK,52.949,-112.207,-1598.894,Port 0x03: JJH Y femur tracker  s/n:3E4C8801,983140120,1783611268.668632251,1,OK,0.7102168,-0.2559596,0.1970608,0.6254948,-255.226,68.105,-1608.223,0.5409811,3,OK,-255.167,68.624,-1608.620,OK,-342.891,29.100,-1582.613,OK,-268.383,-5.810,-1551.904
3,Port 0x01: JJH Probe  s/n:3E4C880C,983140123,1783611268.718632251,1,Too Few Markers,-3.697314E28,-3.697314E28,-3.697314E28,-3.697314E28,-3.697314E28,-3.697314E28,-3.697314E28,0.0000000,3,Missing,-3.697314E28,-3.697314E28,-3.697314E28,Missing,-3.697314E28,-3.697314E28,-3.697314E28,Missing,-3.697314E28,-3.697314E28,-3.697314E28,Port 0x02: JJH T tibia tracker  s/n:3E4C8800,983140123,1783611268.718632251,1,OK,0.8235743,0.0732893,0.1366082,0.5456118,86.125,-29.254,-1609.359,0.2975542,3,OK,86.353,-29.327,-1609.430,OK,152.587,-96.005,-1628.665,OK,52.847,-111.839,-1596.238,Port 0x03: JJH Y femur tracker  s/n:3E4C8801,983140123,1783611268.718632251,1,OK,0.7174449,-0.2729050,0.1786815,0.6155230,-256.849,69.579,-1619.538,0.5705579,3,OK,-256.760,70.125,-1619.953,OK,-346.068,31.233,-1598.766,OK,-273.634,-4.184,-1563.929
3,Port 0x01: JJH Probe  s/n:3E4C880C,983140126,1783611268.768632251,1,Too Few Markers,-3.697314E28,-3.697314E28,-3.697314E28,-3.697314E28,-3.697314E28,-3.697314E28,-3.697314E28,0.0000000,3,Missing,-3.697314E28,-3.697314E28,-3.697314E28,Missing,-3.697314E28,-3.697314E28,-3.697314E28,Missing,-3.697314E28,-3.697314E28,-3.697314E28,Port 0x02: JJH T tibia tracker  s/n:3E4C8800,983140126,1783611268.768632251,1,OK,0.8235879,0.0705461,0.1388523,0.5453863,85.912,-29.331,-1607.757,0.3034954,3,OK,86.148,-29.399,-1607.830,OK,152.402,-96.166,-1626.640,OK,52.697,-111.855,-1594.028,Port 0x03: JJH Y femur tracker  s/n:3E4C8801,983140126,1783611268.768632251,1,OK,0.7242428,-0.2891285,0.1597453,0.6052755,-257.767,70.758,-1630.764,0.5686296,3,OK,-257.661,71.300,-1631.172,OK,-348.244,33.036,-1614.953,OK,-278.110,-2.879,-1576.188
3,Port 0x01: JJH Probe  s/n:3E4C880C,983140129,1783611268.818593834,1,Too Few Markers,-3.697314E28,-3.697314E28,-3.697314E28,-3.697314E28,-3.697314E28,-3.697314E28,-3.697314E28,0.0000000,3,Missing,-3.697314E28,-3.697314E28,-3.697314E28,Missing,-3.697314E28,-3.697314E28,-3.697314E28,Missing,-3.697314E28,-3.697314E28,-3.697314E28,Port 0x02: JJH T tibia tracker  s/n:3E4C8800,983140129,1783611268.818593834,1,OK,0.8235109,0.0690073,0.1416212,0.5449874,85.576,-29.146,-1606.207,0.3217996,3,OK,85.814,-29.226,-1606.281,OK,152.051,-96.062,-1624.917,OK,52.394,-111.598,-1591.905,Port 0x03: JJH Y femur tracker  s/n:3E4C8801,983140129,1783611268.818593834,1,OK,0.7300556,-0.3054865,0.1415302,0.5946983,-258.076,72.302,-1641.686,0.6159610,3,OK,-257.951,72.877,-1642.117,OK,-349.548,35.235,-1630.771,OK,-281.800,-1.165,-1588.124
3,Port 0x01: JJH Probe  s/n:3E4C880C,983140132,1783611268.868593834,1,Too Few Markers,-3.697314E28,-3.697314E28,-3.697314E28,-3.697314E28,-3.697314E28,-3.697314E28,-3.697314E28,0.0000000,3,Missing,-3.697314E28,-3.697314E28,-3.697314E28,Missing,-3.697314E28,-3.697314E28,-3.697314E28,Missing,-3.697314E28,-3.697314E28,-3.697314E28,Port 0x02: JJH T tibia tracker  s/n:3E4C8800,983140132,1783611268.868593834,1,OK,0.8236655,0.0658978,0.1442202,0.5444567,85.198,-28.972,-1604.263,0.3164865,3,OK,85.428,-29.043,-1604.334,OK,151.675,-96.033,-1622.492,OK,52.048,-111.311,-1589.262,Port 0x03: JJH Y femur tracker  s/n:3E4C8801,983140132,1783611268.868593834,1,OK,0.7355127,-0.3201932,0.1230327,0.5842604,-257.834,73.677,-1652.400,0.6023341,3,OK,-257.692,74.239,-1652.816,OK,-349.966,37.172,-1646.324,OK,-284.801,0.338,-1600.250
3,Port 0x01: JJH Probe  s/n:3E4C880C,983140135,1783611268.918593834,1,Too Few Markers,-3.697314E28,-3.697314E28,-3.697314E28,-3.697314E28,-3.697314E28,-3.697314E28,-3.697314E28,0.0000000,3,Missing,-3.697314E28,-3.697314E28,-3.697314E28,Missing,-3.697314E28,-3.697314E28,-3.697314E28,Missing,-3.697314E28,-3.697314E28,-3.697314E28,Port 0x02: JJH T tibia tracker  s/n:3E4C8800,983140135,1783611268.918593834,1,OK,0.8236794,0.0650107,0.1458873,0.5440981,84.789,-28.976,-1602.800,0.3225572,3,OK,85.016,-29.051,-1602.870,OK,151.240,-96.107,-1620.928,OK,51.645,-111.256,-1587.456,Port 0x03: JJH Y femur tracker  s/n:3E4C8801,983140135,1783611268.918593834,1,OK,0.7401391,-0.3353179,0.1052041,0.5733133,-256.965,74.993,-1662.858,0.6316205,3,OK,-256.809,75.569,-1663.282,OK,-349.535,39.110,-1661.577,OK,-287.050,1.850,-1612.064
3,Port 0x01: JJH Probe  s/n:3E4C880C,983140138,1783611268.968593834,1,Too Few Markers,-3.697314E28,-3.697314E28,-3.697314E28,-3.697314E28,-3.697314E28,-3.697314E28,-3.697314E28,0.0000000,3,Missing,-3.697314E28,-3.697314E28,-3.697314E28,Missing,-3.697314E28,-3.697314E28,-3.697314E28,Missing,-3.697314E28,-3.697314E28,-3.697314E28,Port 0x02: JJH T tibia tracker  s/n:3E4C8800,983140138,1783611268.968593834,1,OK,0.8235111,0.0644979,0.1471004,0.5440873,84.337,-29.037,-1602.018,0.3312837,3,OK,84.584,-29.110,-1602.095,OK,150.774,-96.162,-1620.096,OK,51.254,-111.315,-1586.448,Port 0x03: JJH Y femur tracker  s/n:3E4C8801,983140138,1783611268.968593834,1,OK,0.7444959,-0.3486734,0.0873867,0.5625978,-255.627,76.299,-1672.916,0.6131855,3,OK,-255.458,76.860,-1673.323,OK,-348.334,40.973,-1676.280,OK,-288.660,3.307,-1623.816
3,Port 0x01: JJH Probe  s/n:3E4C880C,983140141,1783611269.018593834,1,Too Few Markers,-3.697314E28,-3.697314E28,-3.697314E28,-3.697314E28,-3.697314E28,-3.697314E28,-3.697314E28,0.0000000,3,Missing,-3.697314E28,-3.697314E28,-3.697314E28,Missing,-3.697314E28,-3.697314E28,-3.697314E28,Missing,-3.697314E28,-3.697314E28,-3.697314E28,Port 0x02: JJH T tibia tracker  s/n:3E4C8800,983140141,1783611269.018593834,1,OK,0.8236100,0.0644756,0.1482230,0.5436353,83.799,-29.108,-1601.045,0.3325174,3,OK,84.042,-29.189,-1601.121,OK,150.161,-96.304,-1619.154,OK,50.684,-111.334,-1585.297,Port 0x03: JJH Y femur tracker  s/n:3E4C8801,983140141,1783611269.018593834,1,OK,0.7479578,-0.3624195,0.0699643,0.5516486,-253.836,77.653,-1682.477,0.6250095,3,OK,-253.652,78.207,-1682.874,OK,-346.508,42.886,-1690.481,OK,-289.622,4.841,-1635.011
3,Port 0x01: JJH Probe  s/n:3E4C880C,983140144,1783611269.068593834,1,Too Few Markers,-3.697314E28,-3.697314E28,-3.697314E28,-3.697314E28,-3.697314E28,-3.697314E28,-3.697314E28,0.0000000,3,Missing,-3.697314E28,-3.697314E28,-3.697314E28,Missing,-3.697314E28,-3.697314E28,-3.697314E28,Missing,-3.697314E28,-3.697314E28,-3.697314E28,Port 0x02: JJH T tibia tracker  s/n:3E4C8800,983140144,1783611269.068593834,1,OK,0.8236973,0.0640687,0.1495188,0.5431961,83.229,-29.155,-1599.748,0.3247175,3,OK,83.467,-29.224,-1599.823,OK,149.521,-96.435,-1617.820,OK,50.106,-111.332,-1583.763,Port 0x03: JJH Y femur tracker  s/n:3E4C8801,983140144,1783611269.068593834,1,OK,0.7510327,-0.3747822,0.0529040,0.5410078,-251.713,78.864,-1691.447,0.6048123,3,OK,-251.514,79.393,-1691.816,OK,-344.108,44.600,-1703.887,OK,-290.048,6.211,-1645.813
3,Port 0x01: JJH Probe  s/n:3E4C880C,983140147,1783611269.118593835,1,Too Few Markers,-3.697314E28,-3.697314E28,-3.697314E28,-3.697314E28,-3.697314E28,-3.697314E28,-3.697314E28,0.0000000,3,Missing,-3.697314E28,-3.697314E28,-3.697314E28,Missing,-3.697314E28,-3.697314E28,-3.697314E28,Missing,-3.697314E28,-3.697314E28,-3.697314E28,Port 0x02: JJH T tibia tracker  s/n:3E4C8800,983140147,1783611269.118593835,1,OK,0.8238546,0.0629456,0.1511034,0.5426502,82.656,-29.312,-1598.444,0.3204605,3,OK,82.881,-29.374,-1598.516,OK,148.902,-96.707,-1616.361,OK,49.510,-111.408,-1582.103,Port 0x03: JJH Y femur tracker  s/n:3E4C8801,983140147,1783611269.118593835,1,OK,0.7532836,-0.3866175,0.0373761,0.5307483,-249.268,79.807,-1699.904,0.6091205,3,OK,-249.063,80.330,-1700.266,OK,-341.193,46.008,-1716.403,OK,-289.924,7.357,-1655.968
3,Port 0x01: JJH Probe  s/n:3E4C880C,983140150,1783611269.168548715,1,Too Few Markers,-3.697314E28,-3.697314E28,-3.697314E28,-3.697314E28,-3.697314E28,-3.697314E28,-3.697314E28,0.0000000,3,Missing,-3.697314E28,-3.697314E28,-3.697314E28,Missing,-3.697314E28,-3.697314E28,-3.697314E28,Missing,-3.697314E28,-3.697314E28,-3.697314E28,Port 0x02: JJH T tibia tracker  s/n:3E4C8800,983140150,1783611269.168548715,1,OK,0.8241364,0.0617464,0.1525535,0.5419539,82.040,-29.317,-1597.491,0.3210272,3,OK,82.275,-29.380,-1597.566,OK,148.190,-96.833,-1615.219,OK,48.844,-111.326,-1580.804,Port 0x03: JJH Y femur tracker  s/n:3E4C8801,983140150,1783611269.168548715,1,OK,0.7553053,-0.3974722,0.0224743,0.5206003,-246.597,81.099,-1707.816,0.6196267,3,OK,-246.377,81.618,-1708.167,OK,-337.945,47.792,-1728.203,OK,-289.403,8.834,-1665.622
3,Port 0x01: JJH Probe  s/n:3E4C880C,983140153,1783611269.218548715,1,Too Few Markers,-3.697314E28,-3.697314E28,-3.697314E28,-3.697314E28,-3.697314E28,-3.697314E28,-3.697314E28,0.0000000,3,Missing,-3.697314E28,-3.697314E28,-3.697314E28,Missing,-3.697314E28,-3.697314E28,-3.697314E28,Missing,-3.697314E28,-3.697314E28,-3.697314E28,Port 0x02: JJH T tibia tracker  s/n:3E4C8800,983140153,1783611269.218548715,1,OK,0.8240620,0.0603145,0.1541963,0.5417632,81.522,-29.406,-1596.381,0.3379572,3,OK,81.775,-29.484,-1596.461,OK,147.673,-96.950,-1613.905,OK,48.365,-111.362,-1579.305,Port 0x03: JJH Y femur tracker  s/n:3E4C8801,983140153,1783611269.218548715,1,OK,0.7566838,-0.4076772,0.0083531,0.5110374,-243.846,81.925,-1715.193,0.6294755,3,OK,-243.622,82.441,-1715.541,OK,-334.452,49.014,-1739.198,OK,-288.582,9.831,-1674.711
3,Port 0x01: JJH Probe  s/n:3E4C880C,983140156,1783611269.268548715,1,Too Few Markers,-3.697314E28,-3.697314E28,-3.697314E28,-3.697314E28,-3.697314E28,-3.697314E28,-3.697314E28,0.0000000,3,Missing,-3.697314E28,-3.697314E28,-3.697314E28,Missing,-3.697314E28,-3.697314E28,-3.697314E28,Missing,-3.697314E28,-3.697314E28,-3.697314E28,Port 0x02: JJH T tibia tracker  s/n:3E4C8800,983140156,1783611269.268548715,1,OK,0.8241876,0.0602513,0.1552915,0.5412662,80.899,-29.432,-1595.274,0.3283863,3,OK,81.131,-29.495,-1595.348,OK,146.987,-97.074,-1612.822,OK,47.707,-111.331,-1578.021,Port 0x03: JJH Y femur tracker  s/n:3E4C8801,983140156,1783611269.268548715,1,OK,0.7580121,-0.4173111,-0.0058554,0.5012333,-240.919,82.976,-1722.035,0.6027386,3,OK,-240.664,83.466,-1722.339,OK,-330.707,50.482,-1749.646,OK,-287.497,11.083,-1683.421
3,Port 0x01: JJH Probe  s/n:3E4C880C,983140159,1783611269.318548715,1,Too Few Markers,-3.697314E28,-3.697314E28,-3.697314E28,-3.697314E28,-3.697314E28,-3.697314E28,-3.697314E28,0.0000000,3,Missing,-3.697314E28,-3.697314E28,-3.697314E28,Missing,-3.697314E28,-3.697314E28,-3.697314E28,Missing,-3.697314E28,-3.697314E28,-3.697314E28,Port 0x02: JJH T tibia tracker  s/n:3E4C8800,983140159,1783611269.318548715,1,OK,0.8244092,0.0584536,0.1572160,0.5405699,80.297,-29.572,-1594.306,0.3440131,3,OK,80.551,-29.625,-1594.389,OK,146.309,-97.331,-1611.575,OK,47.067,-111.383,-1576.574,Port 0x03: JJH Y femur tracker  s/n:3E4C8801,983140159,1783611269.318548715,1,OK,0.7588154,-0.4266036,-0.0192210,0.4917714,-237.714,83.814,-1728.697,0.6027079,3,OK,-237.465,84.291,-1728.993,OK,-326.534,51.705,-1759.672,OK,-285.984,12.108,-1691.852
3,Port 0x01: JJH Probe  s/n:3E4C880C,983140162,1783611269.368548715,1,Too Few Markers,-3.697314E28,-3.697314E28,-3.697314E28,-3.697314E28,-3.697314E28,-3.697314E28,-3.697314E28,0.0000000,3,Missing,-3.697314E28,-3.697314E28,-3.697314E28,Missing,-3.697314E28,-3.697314E28,-3.697314E28,Missing,-3.697314E28,-3.697314E28,-3.697314E28,Port 0x02: JJH T tibia tracker  s/n:3E4C8800,983140162,1783611269.368548715,1,OK,0.8249134,0.0576352,0.1581338,0.5396200,79.555,-29.770,-1593.252,0.3332250,3,OK,79.804,-29.832,-1593.333,OK,145.430,-97.693,-1610.373,OK,46.207,-111.462,-1575.286,Port 0x03: JJH Y femur tracker  s/n:3E4C8801,983140162,1783611269.368548715,1,OK,0.7593414,-0.4355107,-0.0326911,0.4823509,-234.476,84.615,-1734.860,0.5882534,3,OK,-234.189,85.068,-1735.103,OK,-322.270,52.844,-1769.187,OK,-284.300,13.097,-1699.873
3,Port 0x01: JJH Probe  s/n:3E4C880C,983140165,1783611269.418548715,1,Too Few Markers,-3.697314E28,-3.697314E28,-3.697314E28,-3.697314E28,-3.697314E28,-3.697314E28,-3.697314E28,0.0000000,3,Missing,-3.697314E28,-3.697314E28,-3.697314E28,Missing,-3.697314E28,-3.697314E28,-3.697314E28,Missing,-3.697314E28,-3.697314E28,-3.697314E28,Port 0x02: JJH T tibia tracker  s/n:3E4C8800,983140165,1783611269.418548715,1,OK,0.8253123,0.0573819,0.1591569,0.5387355,78.821,-29.937,-1592.266,0.3331870,3,OK,79.065,-29.997,-1592.345,OK,144.565,-98.008,-1609.354,OK,45.356,-111.539,-1574.101,Port 0x03: JJH Y femur tracker  s/n:3E4C8801,983140165,1783611269.418548715,1,OK,0.7595665,-0.4437497,-0.0448738,0.4734250,-231.229,85.393,-1740.598,0.5945281,3,OK,-230.939,85.838,-1740.829,OK,-317.923,53.958,-1777.932,OK,-282.468,14.055,-1707.322
3,Port 0x01: JJH Probe  s/n:3E4C880C,983140168,1783611269.468548715,1,Too Few Markers,-3.697314E28,-3.697314E28,-3.697314E28,-3.697314E28,-3.697314E28,-3.697314E28,-3.697314E28,0.0000000,3,Missing,-3.697314E28,-3.697314E28,-3.697314E28,Missing,-3.697314E28,-3.697314E28,-3.697314E28,Missing,-3.697314E28,-3.697314E28,-3.697314E28,Port 0x02: JJH T tibia tracker  s/n:3E4C8800,983140168,1783611269.468548715,1,OK,0.8255581,0.0572762,0.1603975,0.5380017,78.189,-30.079,-1591.540,0.3376463,3,OK,78.417,-30.144,-1591.614,OK,143.844,-98.272,-1608.646,OK,44.638,-111.593,-1573.161,Port 0x03: JJH Y femur tracker  s/n:3E4C8801,983140168,1783611269.468548715,1,OK,0.7595822,-0.4514006,-0.0567818,0.4648098,-227.991,86.088,-1745.945,0.5901995,3,OK,-227.679,86.514,-1746.135,OK,-313.555,54.948,-1786.174,OK,-280.494,14.922,-1714.402
3,Port 0x01: JJH Probe  s/n:3E4C880C,983140171,1783611269.518548715,1,Too Few Markers,-3.697314E28,-3.697314E28,-3.697314E28,-3.697314E28,-3.697314E28,-3.697314E28,-3.697314E28,0.0000000,3,Missing,-3.697314E28,-3.697314E28,-3.697314E28,Missing,-3.697314E28,-3.697314E28,-3.697314E28,Missing,-3.697314E28,-3.697314E28,-3.697314E28,Port 0x02: JJH T tibia tracker  s/n:3E4C8800,983140171,1783611269.518548715,1,OK,0.8258877,0.0555453,0.1617327,0.5372772,77.522,-30.247,-1590.948,0.3456137,3,OK,77.773,-30.302,-1591.030,OK,143.089,-98.561,-1607.755,OK,43.910,-111.672,-1572.184,Port 0x03: JJH Y femur tracker  s/n:3E4C8801,983140171,1783611269.518548715,1,OK,0.7592504,-0.4583301,-0.0667820,0.4571789,-224.924,86.698,-1750.763,0.6265427,3,OK,-224.615,87.130,-1750.962,OK,-309.397,55.820,-1793.433,OK,-278.516,15.674,-1720.639
3,Port 0x01: JJH Probe  s/n:3E4C880C,983140174,1783611269.568548715,1,Too Few Markers,-3.697314E28,-3.697314E28,-3.697314E28,-3.697314E28,-3.697314E28,-3.697314E28,-3.697314E28,0.0000000,3,Missing,-3.697314E28,-3.697314E28,-3.697314E28,Missing,-3.697314E28,-3.697314E28,-3.697314E28,Missing,-3.697314E28,-3.697314E28,-3.697314E28,Port 0x02: JJH T tibia tracker  s/n:3E4C8800,983140174,1783611269.568548715,1,OK,0.8262949,0.0551197,0.1622047,0.5365522,76.949,-30.365,-1590.284,0.3371541,3,OK,77.193,-30.433,-1590.363,OK,142.410,-98.800,-1607.007,OK,43.233,-111.698,-1571.395,Port 0x03: JJH Y femur tracker  s/n:3E4C8801,983140174,1783611269.568548715,1,OK,0.7591269,-0.4638566,-0.0755480,0.4503952,-222.183,87.213,-1754.732,0.6108891,3,OK,-221.854,87.647,-1754.913,OK,-305.674,56.575,-1799.461,OK,-276.714,16.351,-1725.995
3,Port 0x01: JJH Probe  s/n:3E4C880C,983140177,1783611269.618548715,1,Too Few Markers,-3.697314E28,-3.697314E28,-3.697314E28,-3.697314E28,-3.697314E28,-3.697314E28,-3.697314E28,0.0000000,3,Missing,-3.697314E28,-3.697314E28,-3.697314E28,Missing,-3.697314E28,-3.697314E28,-3.697314E28,Missing,-3.697314E28,-3.697314E28,-3.697314E28,Port 0x02: JJH T tibia tracker  s/n:3E4C8800,983140177,1783611269.618548715,1,OK,0.8264971,0.0547826,0.1630266,0.5360258,76.439,-30.506,-1589.693,0.3386619,3,OK,76.686,-30.586,-1589.772,OK,141.821,-99.020,-1606.369,OK,42.670,-111.772,-1570.638,Port 0x03: JJH Y femur tracker  s/n:3E4C8801,983140177,1783611269.618548715,1,OK,0.7587494,-0.4689724,-0.0834100,0.4443051,-219.772,87.647,-1758.123,0.6187056,3,OK,-219.444,88.064,-1758.284,OK,-302.343,57.217,-1804.737,OK,-275.069,16.921,-1730.574
3,Port 0x01: JJH Probe  s/n:3E4C880C,983140180,1783611269.668548715,1,Too Few Markers,-3.697314E28,-3.697314E28,-3.697314E28,-3.697314E28,-3.697314E28,-3.697314E28,-3.697314E28,0.0000000,3,Missing,-3.697314E28,-3.697314E28,-3.697314E28,Missing,-3.697314E28,-3.697314E28,-3.697314E28,Missing,-3.697314E28,-3.697314E28,-3.697314E28,Port 0x02: JJH T tibia tracker  s/n:3E4C8800,983140180,1783611269.668548715,1,OK,0.8268236,0.0545710,0.1635653,0.5353794,75.998,-30.572,-1589.186,0.3353549,3,OK,76.235,-30.640,-1589.262,OK,141.292,-99.201,-1605.824,OK,42.134,-111.774,-1570.013,Port 0x03: JJH Y femur tracker  s/n:3E4C8801,983140180,1783611269.668548715,1,OK,0.7584479,-0.4732884,-0.0905185,0.4388180,-217.496,88.073,-1761.038,0.6129668,3,OK,-217.141,88.482,-1761.159,OK,-299.232,57.821,-1809.316,OK,-273.457,17.478,-1734.629
3,Port 0x01: JJH Probe  s/n:3E4C880C,983140183,1783611269.718501888,1,Too Few Markers,-3.697314E28,-3.697314E28,-3.697314E28,-3.697314E28,-3.697314E28,-3.697314E28,-3.697314E28,0.0000000,3,Missing,-3.697314E28,-3.697314E28,-3.697314E28,Missing,-3.697314E28,-3.697314E28,-3.697314E28,Missing,-3.697314E28,-3.697314E28,-3.697314E28,Port 0x02: JJH T tibia tracker  s/n:3E4C8800,983140183,1783611269.718501888,1,OK,0.8271282,0.0537079,0.1642260,0.5347937,75.595,-30.728,-1588.789,0.3484783,3,OK,75.843,-30.793,-1588.870,OK,140.826,-99.449,-1605.276,OK,41.644,-111.864,-1569.415,Port 0x03: JJH Y femur tracker  s/n:3E4C8801,983140183,1783611269.718501888,1,OK,0.7580979,-0.4767990,-0.0966431,0.4342929,-215.510,88.336,-1763.547,0.5852231,3,OK,-215.141,88.733,-1763.636,OK,-296.487,58.196,-1813.188,OK,-271.996,17.842,-1738.153
3,Port 0x01: JJH Probe  s/n:3E4C880C,983140186,1783611269.768501888,1,Too Few Markers,-3.697314E28,-3.697314E28,-3.697314E28,-3.697314E28,-3.697314E28,-3.697314E28,-3.697314E28,0.0000000,3,Missing,-3.697314E28,-3.697314E28,-3.697314E28,Missing,-3.697314E28,-3.697314E28,-3.697314E28,Missing,-3.697314E28,-3.697314E28,-3.697314E28,Port 0x02: JJH T tibia tracker  s/n:3E4C8800,983140186,1783611269.768501888,1,OK,0.8274293,0.0533989,0.1647901,0.5341849,75.170,-30.786,-1588.375,0.3443386,3,OK,75.417,-30.861,-1588.455,OK,140.305,-99.604,-1604.805,OK,41.142,-111.849,-1568.876,Port 0x03: JJH Y femur tracker  s/n:3E4C8801,983140186,1783611269.768501888,1,OK,0.7575921,-0.4800784,-0.1011810,0.4305128,-213.979,88.644,-1765.550,0.6341326,3,OK,-213.605,89.044,-1765.634,OK,-294.355,58.628,-1816.318,OK,-270.896,18.224,-1740.796
3,Port 0x01: JJH Probe  s/n:3E4C880C,983140189,1783611269.818501888,1,Too Few Markers,-3.697314E28,-3.697314E28,-3.697314E28,-3.697314E28,-3.697314E28,-3.697314E28,-3.697314E28,0.0000000,3,Missing,-3.697314E28,-3.697314E28,-3.697314E28,Missing,-3.697314E28,-3.697314E28,-3.697314E28,Missing,-3.697314E28,-3.697314E28,-3.697314E28,Port 0x02: JJH T tibia tracker  s/n:3E4C8800,983140189,1783611269.818501888,1,OK,0.8276594,0.0526003,0.1651847,0.5337856,74.904,-30.957,-1588.084,0.3430077,3,OK,75.155,-31.031,-1588.165,OK,139.992,-99.842,-1604.365,OK,40.827,-111.965,-1568.440,Port 0x03: JJH Y femur tracker  s/n:3E4C8801,983140189,1783611269.818501888,1,OK,0.7573229,-0.4823818,-0.1045445,0.4275983,-212.664,88.761,-1767.153,0.6249386,3,OK,-212.300,89.161,-1767.248,OK,-292.551,58.847,-1818.686,OK,-269.933,18.426,-1742.956
3,Port 0x01: JJH Probe  s/n:3E4C880C,983140192,1783611269.868501888,1,Too Few Markers,-3.697314E28,-3.697314E28,-3.697314E28,-3.697314E28,-3.697314E28,-3.697314E28,-3.697314E28,0.0000000,3,Missing,-3.697314E28,-3.697314E28,-3.697314E28,Missing,-3.697314E28,-3.697314E28,-3.697314E28,Missing,-3.697314E28,-3.697314E28,-3.697314E28,Port 0x02: JJH T tibia tracker  s/n:3E4C8800,983140192,1783611269.868501888,1,OK,0.8279128,0.0524176,0.1653649,0.5333547,74.654,-30.987,-1587.936,0.3372847,3,OK,74.901,-31.059,-1588.016,OK,139.677,-99.946,-1604.174,OK,40.511,-111.949,-1568.238,Port 0x03: JJH Y femur tracker  s/n:3E4C8801,983140192,1783611269.868501888,1,OK,0.7570898,-0.4845573,-0.1082630,0.4246154,-211.460,89.071,-1768.484,0.6520233,3,OK,-211.074,89.451,-1768.528,OK,-290.909,59.271,-1820.940,OK,-269.015,18.811,-1744.871
3,Port 0x01: JJH Probe  s/n:3E4C880C,983140195,1783611269.918501888,1,Too Few Markers,-3.697314E28,-3.697314E28,-3.697314E28,-3.697314E28,-3.697314E28,-3.697314E28,-3.697314E28,0.0000000,3,Missing,-3.697314E28,-3.697314E28,-3.697314E28,Missing,-3.697314E28,-3.697314E28,-3.697314E28,Missing,-3.697314E28,-3.697314E28,-3.697314E28,Port 0x02: JJH T tibia tracker  s/n:3E4C8800,983140195,1783611269.918501888,1,OK,0.8280038,0.0519331,0.1657988,0.5331261,74.348,-31.126,-1587.679,0.3384387,3,OK,74.596,-31.183,-1587.760,OK,139.348,-100.130,-1603.836,OK,40.186,-112.064,-1567.863,Port 0x03: JJH Y femur tracker  s/n:3E4C8801,983140195,1783611269.918501888,1,OK,0.7573493,-0.4861114,-0.1105175,0.4217862,-210.661,89.412,-1769.647,0.6418788,3,OK,-210.262,89.802,-1769.688,OK,-289.794,59.830,-1822.679,OK,-268.591,19.300,-1746.515
3,Port 0x01: JJH Probe  s/n:3E4C880C,983140198,1783611269.968501888,1,Too Few Markers,-3.697314E28,-3.697314E28,-3.697314E28,-3.697314E28,-3.697314E28,-3.697314E28,-3.697314E28,0.0000000,3,Missing,-3.697314E28,-3.697314E28,-3.697314E28,Missing,-3.697314E28,-3.697314E28,-3.697314E28,Missing,-3.697314E28,-3.697314E28,-3.697314E28,Port 0x02: JJH T tibia tracker  s/n:3E4C8800,983140198,1783611269.968501888,1,OK,0.8283692,0.0525417,0.1654724,0.5325999,74.196,-31.213,-1587.579,0.3240608,3,OK,74.429,-31.283,-1587.655,OK,139.095,-100.303,-1603.818,OK,39.928,-112.101,-1567.862,Port 0x03: JJH Y femur tracker  s/n:3E4C8801,983140198,1783611269.968501888,1,OK,0.7571886,-0.4857512,-0.1098089,0.4226739,-210.703,89.360,-1769.493,0.6208816,3,OK,-210.321,89.752,-1769.555,OK,-289.895,59.684,-1822.297,OK,-268.537,19.210,-1746.226
3,Port 0x01: JJH Probe  s/n:3E4C880C,983140201,1783611270.018501888,1,Too Few Markers,-3.697314E28,-3.697314E28,-3.697314E28,-3.697314E28,-3.697314E28,-3.697314E28,-3.697314E28,0.0000000,3,Missing,-3.697314E28,-3.697314E28,-3.697314E28,Missing,-3.697314E28,-3.697314E28,-3.697314E28,Missing,-3.697314E28,-3.697314E28,-3.697314E28,Port 0x02: JJH T tibia tracker  s/n:3E4C8800,983140201,1783611270.018501888,1,OK,0.8283433,0.0525600,0.1658246,0.5325289,74.364,-31.352,-1587.844,0.3451496,3,OK,74.615,-31.421,-1587.926,OK,139.251,-100.437,-1604.101,OK,40.080,-112.248,-1568.067,Port 0x03: JJH Y femur tracker  s/n:3E4C8801,983140201,1783611270.018501888,1,OK,0.7572974,-0.4850814,-0.1088232,0.4235022,-211.158,89.082,-1768.906,0.6430862,3,OK,-210.770,89.471,-1768.958,OK,-290.513,59.396,-1821.525,OK,-268.884,18.901,-1745.451
3,Port 0x01: JJH Probe  s/n:3E4C880C,983140204,1783611270.068501888,1,Too Few Markers,-3.697314E28,-3.697314E28,-3.697314E28,-3.697314E28,-3.697314E28,-3.697314E28,-3.697314E28,0.0000000,3,Missing,-3.697314E28,-3.697314E28,-3.697314E28,Missing,-3.697314E28,-3.697314E28,-3.697314E28,Missing,-3.697314E28,-3.697314E28,-3.697314E28,Port 0x02: JJH T tibia tracker  s/n:3E4C8800,983140204,1783611270.068501888,1,OK,0.8283457,0.0530401,0.1660583,0.5324047,74.385,-31.305,-1587.969,0.3538910,3,OK,74.626,-31.375,-1588.048,OK,139.265,-100.409,-1604.330,OK,40.073,-112.194,-1568.195,Port 0x03: JJH Y femur tracker  s/n:3E4C8801,983140204,1783611270.068501888,1,OK,0.7571047,-0.4846516,-0.1078994,0.4245740,-211.414,89.036,-1768.745,0.6501691,3,OK,-211.052,89.436,-1768.842,OK,-290.836,59.265,-1821.100,OK,-269.030,18.776,-1745.075
3,Port 0x01: JJH Probe  s/n:3E4C880C,983140207,1783611270.118501888,1,Too Few Markers,-3.697314E28,-3.697314E28,-3.697314E28,-3.697314E28,-3.697314E28,-3.697314E28,-3.697314E28,0.0000000,3,Missing,-3.697314E28,-3.697314E28,-3.697314E28,Missing,-3.697314E28,-3.697314E28,-3.697314E28,Missing,-3.697314E28,-3.697314E28,-3.697314E28,Port 0x02: JJH T tibia tracker  s/n:3E4C8800,983140207,1783611270.118501888,1,OK,0.8283785,0.0528021,0.1659586,0.5324084,74.397,-31.237,-1588.042,0.3491166,3,OK,74.645,-31.318,-1588.121,OK,139.267,-100.335,-1604.348,OK,40.091,-112.117,-1568.263,Port 0x03: JJH Y femur tracker  s/n:3E4C8801,983140207,1783611270.118501888,1,OK,0.7573255,-0.4835497,-0.1074335,0.4255535,-211.962,88.974,-1768.008,0.6339502,3,OK,-211.556,89.366,-1768.044,OK,-291.557,59.140,-1820.213,OK,-269.416,18.675,-1744.318
3,Port 0x01: JJH Probe  s/n:3E4C880C,983140210,1783611270.168501888,1,Too Few Markers,-3.697314E28,-3.697314E28,-3.697314E28,-3.697314E28,-3.697314E28,-3.697314E28,-3.697314E28,0.0000000,3,Missing,-3.697314E28,-3.697314E28,-3.697314E28,Missing,-3.697314E28,-3.697314E28,-3.697314E28,Missing,-3.697314E28,-3.697314E28,-3.697314E28,Port 0x02: JJH T tibia tracker  s/n:3E4C8800,983140210,1783611270.168501888,1,OK,0.8283270,0.0528638,0.1655875,0.5325980,74.596,-31.354,-1588.217,0.3449268,3,OK,74.847,-31.419,-1588.299,OK,139.484,-100.428,-1604.522,OK,40.312,-112.269,-1568.505,Port 0x03: JJH Y femur tracker  s/n:3E4C8801,983140210,1783611270.168501888,1,OK,0.7573580,-0.4817989,-0.1034936,0.4284481,-212.959,88.562,-1766.784,0.6263810,3,OK,-212.603,88.967,-1766.895,OK,-292.969,58.616,-1818.068,OK,-270.141,18.200,-1742.407
3,Port 0x01: JJH Probe  s/n:3E4C880C,983140213,1783611270.218501888,1,Too Few Markers,-3.697314E28,-3.697314E28,-3.697314E28,-3.697314E28,-3.697314E28,-3.697314E28,-3.697314E28,0.0000000,3,Missing,-3.697314E28,-3.697314E28,-3.697314E28,Missing,-3.697314E28,-3.697314E28,-3.697314E28,Missing,-3.697314E28,-3.697314E28,-3.697314E28,Port 0x02: JJH T tibia tracker  s/n:3E4C8800,983140213,1783611270.218501888,1,OK,0.8283659,0.0538069,0.1647376,0.5327065,74.918,-31.341,-1588.544,0.3355374,3,OK,75.163,-31.414,-1588.624,OK,139.792,-100.393,-1604.993,OK,40.616,-112.283,-1569.054,Port 0x03: JJH Y femur tracker  s/n:3E4C8801,983140213,1783611270.218501888,1,OK,0.7577685,-0.4785110,-0.0989145,0.4324698,-214.766,88.335,-1764.539,0.6333284,3,OK,-214.385,88.736,-1764.618,OK,-295.460,58.246,-1814.775,OK,-271.448,17.861,-1739.424
3,Port 0x01: JJH Probe  s/n:3E4C880C,983140216,1783611270.268501888,1,Too Few Markers,-3.697314E28,-3.697314E28,-3.697314E28,-3.697314E28,-3.697314E28,-3.697314E28,-3.697314E28,0.0000000,3,Missing,-3.697314E28,-3.697314E28,-3.697314E28,Missing,-3.697314E28,-3.697314E28,-3.697314E28,Missing,-3.697314E28,-3.697314E28,-3.697314E28,Port 0x02: JJH T tibia tracker  s/n:3E4C8800,983140216,1783611270.268501888,1,OK,0.8281025,0.0541222,0.1644488,0.5331731,75.344,-31.340,-1589.146,0.3392437,3,OK,75.590,-31.404,-1589.226,OK,140.286,-100.317,-1605.658,OK,41.109,-112.341,-1569.739,Port 0x03: JJH Y femur tracker  s/n:3E4C8801,983140216,1783611270.268501888,1,OK,0.7582355,-0.4737660,-0.0915005,0.4384659,-217.322,87.859,-1761.265,0.6233775,3,OK,-216.953,88.263,-1761.364,OK,-298.965,57.566,-1809.762,OK,-273.291,17.241,-1734.971
3,Port 0x01: JJH Probe  s/n:3E4C880C,983140219,1783611270.318501888,1,Too Few Markers,-3.697314E28,-3.697314E28,-3.697314E28,-3.697314E28,-3.697314E28,-3.697314E28,-3.697314E28,0.0000000,3,Missing,-3.697314E28,-3.697314E28,-3.697314E28,Missing,-3.697314E28,-3.697314E28,-3.697314E28,Missing,-3.697314E28,-3.697314E28,-3.697314E28,Port 0x02: JJH T tibia tracker  s/n:3E4C8800,983140219,1783611270.318501888,1,OK,0.8279186,0.0548835,0.1637601,0.5335928,75.910,-31.369,-1589.767,0.3465903,3,OK,76.159,-31.437,-1589.848,OK,140.903,-100.269,-1606.411,OK,41.704,-112.431,-1570.542,Port 0x03: JJH Y femur tracker  s/n:3E4C8801,983140219,1783611270.318501888,1,OK,0.7586514,-0.4676347,-0.0811670,0.4462934,-220.559,87.185,-1756.998,0.6333982,3,OK,-220.216,87.602,-1757.143,OK,-303.424,56.638,-1803.101,OK,-275.576,16.400,-1729.049
3,Port 0x01: JJH Probe  s/n:3E4C880C,983140222,1783611270.368501888,1,Too Few Markers,-3.697314E28,-3.697314E28,-3.697314E28,-3.697314E28,-3.697314E28,-3.697314E28,-3.697314E28,0.0000000,3,Missing,-3.697314E28,-3.697314E28,-3.697314E28,Missing,-3.697314E28,-3.697314E28,-3.697314E28,Missing,-3.697314E28,-3.697314E28,-3.697314E28,Port 0x02: JJH T tibia tracker  s/n:3E4C8800,983140222,1783611270.368501888,1,OK,0.8277521,0.0557737,0.1628447,0.5340387,76.576,-31.172,-1590.526,0.3466794,3,OK,76.823,-31.238,-1590.607,OK,141.619,-99.996,-1607.314,OK,42.401,-112.302,-1571.531,Port 0x03: JJH Y femur tracker  s/n:3E4C8801,983140222,1783611270.368501888,1,OK,0.7593080,-0.4596573,-0.0693230,0.4553688,-224.209,86.725,-1751.694,0.6095301,3,OK,-223.884,87.154,-1751.873,OK,-308.429,55.909,-1794.943,OK,-278.047,15.742,-1721.998
3,Port 0x01: JJH Probe  s/n:3E4C880C,983140225,1783611270.418501888,1,Too Few Markers,-3.697314E28,-3.697314E28,-3.697314E28,-3.697314E28,-3.697314E28,-3.697314E28,-3.697314E28,0.0000000,3,Missing,-3.697314E28,-3.697314E28,-3.697314E28,Missing,-3.697314E28,-3.697314E28,-3.697314E28,Missing,-3.697314E28,-3.697314E28,-3.697314E28,Port 0x02: JJH T tibia tracker  s/n:3E4C8800,983140225,1783611270.418501888,1,OK,0.8273261,0.0567449,0.1614474,0.5350199,77.419,-31.149,-1591.512,0.3366597,3,OK,77.664,-31.219,-1591.592,OK,142.582,-99.813,-1608.454,OK,43.365,-112.393,-1572.847,Port 0x03: JJH Y femur tracker  s/n:3E4C8801,983140225,1783611270.418501888,1,OK,0.7594531,-0.4511048,-0.0559644,0.4654067,-228.132,85.762,-1745.698,0.6007313,3,OK,-227.833,86.189,-1745.901,OK,-313.755,54.589,-1785.741,OK,-280.547,14.579,-1713.996
3,Port 0x01: JJH Probe  s/n:3E4C880C,983140228,1783611270.468501888,1,Too Few Markers,-3.697314E28,-3.697314E28,-3.697314E28,-3.697314E28,-3.697314E28,-3.697314E28,-3.697314E28,0.0000000,3,Missing,-3.697314E28,-3.697314E28,-3.697314E28,Missing,-3.697314E28,-3.697314E28,-3.697314E28,Missing,-3.697314E28,-3.697314E28,-3.697314E28,Port 0x02: JJH T tibia tracker  s/n:3E4C8800,983140228,1783611270.468501888,1,OK,0.8273828,0.0579784,0.1606842,0.5350297,78.014,-31.064,-1592.420,0.3318286,3,OK,78.250,-31.130,-1592.497,OK,143.145,-99.721,-1609.562,OK,43.920,-112.339,-1573.987,Port 0x03: JJH Y femur tracker  s/n:3E4C8801,983140228,1783611270.468501888,1,OK,0.7595259,-0.4413278,-0.0413520,0.4760675,-232.246,85.023,-1738.984,0.5992512,3,OK,-231.950,85.478,-1739.220,OK,-319.272,53.487,-1775.448,OK,-283.078,13.621,-1705.207
3,Port 0x01: JJH Probe  s/n:3E4C880C,983140231,1783611270.518501888,1,Too Few Markers,-3.697314E28,-3.697314E28,-3.697314E28,-3.697314E28,-3.697314E28,-3.697314E28,-3.697314E28,0.0000000,3,Missing,-3.697314E28,-3.697314E28,-3.697314E28,Missing,-3.697314E28,-3.697314E28,-3.697314E28,Missing,-3.697314E28,-3.697314E28,-3.697314E28,Port 0x02: JJH T tibia tracker  s/n:3E4C8800,983140231,1783611270.518501888,1,OK,0.8274794,0.0585269,0.1595072,0.5351728,78.700,-31.151,-1593.256,0.3337128,3,OK,78.939,-31.218,-1593.334,OK,143.842,-99.779,-1610.457,OK,44.565,-112.461,-1575.050,Port 0x03: JJH Y femur tracker  s/n:3E4C8801,983140231,1783611270.518501888,1,OK,0.7589486,-0.4310847,-0.0257331,0.4873406,-236.202,83.953,-1731.749,0.6145486,3,OK,-235.944,84.428,-1732.037,OK,-324.514,51.984,-1764.346,OK,-285.219,12.311,-1695.750
3,Port 0x01: JJH Probe  s/n:3E4C880C,983140234,1783611270.568553052,1,Too Few Markers,-3.697314E28,-3.697314E28,-3.697314E28,-3.697314E28,-3.697314E28,-3.697314E28,-3.697314E28,0.0000000,3,Missing,-3.697314E28,-3.697314E28,-3.697314E28,Missing,-3.697314E28,-3.697314E28,-3.697314E28,Missing,-3.697314E28,-3.697314E28,-3.697314E28,Port 0x02: JJH T tibia tracker  s/n:3E4C8800,983140234,1783611270.568553052,1,OK,0.8275037,0.0590848,0.1590669,0.5352049,79.344,-31.129,-1594.362,0.3514892,3,OK,79.597,-31.194,-1594.445,OK,144.480,-99.734,-1611.652,OK,45.170,-112.470,-1576.267,Port 0x03: JJH Y femur tracker  s/n:3E4C8801,983140234,1783611270.568553052,1,OK,0.7581034,-0.4201833,-0.0097566,0.4986282,-239.948,82.999,-1724.066,0.6268991,3,OK,-239.711,83.494,-1724.388,OK,-329.436,50.596,-1752.663,OK,-287.001,11.126,-1685.907
3,Port 0x01: JJH Probe  s/n:3E4C880C,983140237,1783611270.618553052,1,Too Few Markers,-3.697314E28,-3.697314E28,-3.697314E28,-3.697314E28,-3.697314E28,-3.697314E28,-3.697314E28,0.0000000,3,Missing,-3.697314E28,-3.697314E28,-3.697314E28,Missing,-3.697314E28,-3.697314E28,-3.697314E28,Missing,-3.697314E28,-3.697314E28,-3.697314E28,Port 0x02: JJH T tibia tracker  s/n:3E4C8800,983140237,1783611270.618553052,1,OK,0.8276257,0.0604924,0.1573066,0.5353793,79.934,-31.186,-1595.281,0.3375483,3,OK,80.170,-31.263,-1595.357,OK,145.066,-99.759,-1612.769,OK,45.705,-112.567,-1577.588,Port 0x03: JJH Y femur tracker  s/n:3E4C8801,983140237,1783611270.618553052,1,OK,0.7569104,-0.4086208,0.0062183,0.5099775,-243.505,81.871,-1715.971,0.6189633,3,OK,-243.269,82.386,-1716.310,OK,-333.997,48.979,-1740.458,OK,-288.454,9.758,-1675.798
3,Port 0x01: JJH Probe  s/n:3E4C880C,983140240,1783611270.668553052,1,Too Few Markers,-3.697314E28,-3.697314E28,-3.697314E28,-3.697314E28,-3.697314E28,-3.697314E28,-3.697314E28,0.0000000,3,Missing,-3.697314E28,-3.697314E28,-3.697314E28,Missing,-3.697314E28,-3.697314E28,-3.697314E28,Missing,-3.697314E28,-3.697314E28,-3.697314E28,Port 0x02: JJH T tibia tracker  s/n:3E4C8800,983140240,1783611270.668553052,1,OK,0.8278570,0.0609518,0.1557763,0.5354170,80.474,-31.162,-1596.432,0.3265242,3,OK,80.711,-31.237,-1596.508,OK,145.589,-99.729,-1613.938,OK,46.184,-112.565,-1579.011,Port 0x03: JJH Y femur tracker  s/n:3E4C8801,983140240,1783611270.668553052,1,OK,0.7552290,-0.3970543,0.0224304,0.5210316,-246.718,80.826,-1707.586,0.6172611,3,OK,-246.500,81.345,-1707.938,OK,-338.052,47.462,-1727.925,OK,-289.443,8.505,-1665.413
3,Port 0x01: JJH Probe  s/n:3E4C880C,983140243,1783611270.718553052,1,Too Few Markers,-3.697314E28,-3.697314E28,-3.697314E28,-3.697314E28,-3.697314E28,-3.697314E28,-3.697314E28,0.0000000,3,Missing,-3.697314E28,-3.697314E28,-3.697314E28,Missing,-3.697314E28,-3.697314E28,-3.697314E28,Missing,-3.697314E28,-3.697314E28,-3.697314E28,Port 0x02: JJH T tibia tracker  s/n:3E4C8800,983140243,1783611270.718553052,1,OK,0.8278419,0.0612865,0.1548957,0.5356576,81.047,-31.106,-1597.461,0.3274586,3,OK,81.276,-31.191,-1597.534,OK,146.209,-99.634,-1615.007,OK,46.748,-112.533,-1580.206,Port 0x03: JJH Y femur tracker  s/n:3E4C8801,983140243,1783611270.718553052,1,OK,0.7530330,-0.3853415,0.0388828,0.5319223,-249.560,79.661,-1699.110,0.6304665,3,OK,-249.362,80.191,-1699.482,OK,-341.547,45.814,-1715.224,OK,-289.943,7.142,-1654.973
3,Port 0x01: JJH Probe  s/n:3E4C880C,983140246,1783611270.768553052,1,Too Few Markers,-3.697314E28,-3.697314E28,-3.697314E28,-3.697314E28,-3.697314E28,-3.697314E28,-3.697314E28,0.0000000,3,Missing,-3.697314E28,-3.697314E28,-3.697314E28,Missing,-3.697314E28,-3.697314E28,-3.697314E28,Missing,-3.697314E28,-3.697314E28,-3.697314E28,Port 0x02: JJH T tibia tracker  s/n:3E4C8800,983140246,1783611270.768553052,1,OK,0.8279738,0.0622599,0.1534402,0.5357604,81.555,-31.100,-1598.371,0.3259366,3,OK,81.782,-31.179,-1598.443,OK,146.713,-99.605,-1616.042,OK,47.195,-112.568,-1581.424,Port 0x03: JJH Y femur tracker  s/n:3E4C8801,983140246,1783611270.768553052,1,OK,0.7506427,-0.3729956,0.0548447,0.5425882,-251.982,78.526,-1690.390,0.6170338,3,OK,-251.788,79.070,-1690.774,OK,-344.384,44.155,-1702.267,OK,-289.981,5.798,-1644.561
3,Port 0x01: JJH Probe  s/n:3E4C880C,983140249,1783611270.818553052,1,Too Few Markers,-3.697314E28,-3.697314E28,-3.697314E28,-3.697314E28,-3.697314E28,-3.697314E28,-3.697314E28,0.0000000,3,Missing,-3.697314E28,-3.697314E28,-3.697314E28,Missing,-3.697314E28,-3.697314E28,-3.697314E28,Missing,-3.697314E28,-3.697314E28,-3.697314E28,Port 0x02: JJH T tibia tracker  s/n:3E4C8800,983140249,1783611270.818553052,1,OK,0.8280601,0.0621446,0.1527105,0.5358489,82.006,-31.075,-1599.416,0.3397245,3,OK,82.249,-31.145,-1599.494,OK,147.185,-99.559,-1617.040,OK,47.611,-112.571,-1582.560,Port 0x03: JJH Y femur tracker  s/n:3E4C8801,983140249,1783611270.818553052,1,OK,0.7477796,-0.3611951,0.0704276,0.5526334,-253.993,77.373,-1681.787,0.6200816,3,OK,-253.813,77.922,-1682.179,OK,-346.652,42.511,-1689.584,OK,-289.555,4.460,-1634.319
3,Port 0x01: JJH Probe  s/n:3E4C880C,983140252,1783611270.868553052,1,Too Few Markers,-3.697314E28,-3.697314E28,-3.697314E28,-3.697314E28,-3.697314E28,-3.697314E28,-3.697314E28,0.0000000,3,Missing,-3.697314E28,-3.697314E28,-3.697314E28,Missing,-3.697314E28,-3.697314E28,-3.697314E28,Missing,-3.697314E28,-3.697314E28,-3.697314E28,Port 0x02: JJH T tibia tracker  s/n:3E4C8800,983140252,1783611270.868553052,1,OK,0.8282289,0.0627674,0.1515735,0.5358382,82.399,-31.008,-1600.371,0.3204666,3,OK,82.625,-31.077,-1600.443,OK,147.560,-99.502,-1618.062,OK,47.960,-112.511,-1583.748,Port 0x03: JJH Y femur tracker  s/n:3E4C8801,983140252,1783611270.868553052,1,OK,0.7447148,-0.3488312,0.0861096,0.5624072,-255.604,76.259,-1673.294,0.6136533,3,OK,-255.432,76.821,-1673.700,OK,-348.300,40.904,-1676.919,OK,-288.713,3.187,-1624.362
3,Port 0x01: JJH Probe  s/n:3E4C880C,983140255,1783611270.918553052,1,Too Few Markers,-3.697314E28,-3.697314E28,-3.697314E28,-3.697314E28,-3.697314E28,-3.697314E28,-3.697314E28,0.0000000,3,Missing,-3.697314E28,-3.697314E28,-3.697314E28,Missing,-3.697314E28,-3.697314E28,-3.697314E28,Missing,-3.697314E28,-3.697314E28,-3.697314E28,Port 0x02: JJH T tibia tracker  s/n:3E4C8800,983140255,1783611270.918553052,1,OK,0.8283910,0.0624605,0.1507479,0.5358565,82.752,-30.951,-1601.192,0.3300208,3,OK,82.980,-31.026,-1601.264,OK,147.948,-99.444,-1618.799,OK,48.258,-112.452,-1584.654,Port 0x03: JJH Y femur tracker  s/n:3E4C8801,983140255,1783611270.918553052,1,OK,0.7413731,-0.3373114,0.1003108,0.5714234,-256.750,75.202,-1664.880,0.6031063,3,OK,-256.594,75.754,-1665.283,OK,-349.346,39.358,-1664.729,OK,-287.426,1.949,-1614.673
3,Port 0x01: JJH Probe  s/n:3E4C880C,983140258,1783611270.968553052,1,Too Few Markers,-3.697314E28,-3.697314E28,-3.697314E28,-3.697314E28,-3.697314E28,-3.697314E28,-3.697314E28,0.0000000,3,Missing,-3.697314E28,-3.697314E28,-3.697314E28,Missing,-3.697314E28,-3.697314E28,-3.697314E28,Missing,-3.697314E28,-3.697314E28,-3.697314E28,Port 0x02: JJH T tibia tracker  s/n:3E4C8800,983140258,1783611270.968553052,1,OK,0.8285237,0.0615364,0.1500554,0.5359525,83.073,-30.895,-1602.102,0.3282332,3,OK,83.321,-30.957,-1602.181,OK,148.287,-99.382,-1619.502,OK,48.574,-112.412,-1585.580,Port 0x03: JJH Y femur tracker  s/n:3E4C8801,983140258,1783611270.968553052,1,OK,0.7376014,-0.3263085,0.1145718,0.5799484,-257.523,74.102,-1656.763,0.6247852,3,OK,-257.385,74.672,-1657.185,OK,-349.857,37.795,-1652.870,OK,-285.775,0.714,-1605.288
3,Port 0x01: JJH Probe  s/n:3E4C880C,983140261,1783611271.018553052,1,Too Few Markers,-3.697314E28,-3.697314E28,-3.697314E28,-3.697314E28,-3.697314E28,-3.697314E28,-3.697314E28,0.0000000,3,Missing,-3.697314E28,-3.697314E28,-3.697314E28,Missing,-3.697314E28,-3.697314E28,-3.697314E28,Missing,-3.697314E28,-3.697314E28,-3.697314E28,Port 0x02: JJH T tibia tracker  s/n:3E4C8800,983140261,1783611271.018553052,1,OK,0.8286734,0.0619276,0.1488582,0.5360098,83.313,-30.802,-1602.937,0.3225036,3,OK,83.557,-30.876,-1603.013,OK,148.527,-99.275,-1620.362,OK,48.768,-112.327,-1586.631,Port 0x03: JJH Y femur tracker  s/n:3E4C8801,983140261,1783611271.018553052,1,OK,0.7341695,-0.3142912,0.1279728,0.5880809,-257.999,73.226,-1648.685,0.5945382,3,OK,-257.868,73.782,-1649.095,OK,-349.927,36.467,-1641.164,OK,-283.882,-0.332,-1596.308
3,Port 0x01: JJH Probe  s/n:3E4C880C,983140264,1783611271.068598978,1,Too Few Markers,-3.697314E28,-3.697314E28,-3.697314E28,-3.697314E28,-3.697314E28,-3.697314E28,-3.697314E28,0.0000000,3,Missing,-3.697314E28,-3.697314E28,-3.697314E28,Missing,-3.697314E28,-3.697314E28,-3.697314E28,Missing,-3.697314E28,-3.697314E28,-3.697314E28,Port 0x02: JJH T tibia tracker  s/n:3E4C8800,983140264,1783611271.068598978,1,OK,0.8287575,0.0630300,0.1478767,0.5360230,83.625,-30.791,-1603.673,0.3283197,3,OK,83.858,-30.870,-1603.746,OK,148.838,-99.251,-1621.273,OK,49.014,-112.337,-1587.613,Port 0x03: JJH Y femur tracker  s/n:3E4C8801,983140264,1783611271.068598978,1,OK,0.7301341,-0.3031057,0.1416184,0.5957980,-258.091,72.185,-1640.909,0.6144491,3,OK,-257.966,72.764,-1641.341,OK,-349.470,34.991,-1629.787,OK,-281.591,-1.489,-1587.550
3,Port 0x01: JJH Probe  s/n:3E4C880C,983140267,1783611271.118598979,1,Too Few Markers,-3.697314E28,-3.697314E28,-3.697314E28,-3.697314E28,-3.697314E28,-3.697314E28,-3.697314E28,0.0000000,3,Missing,-3.697314E28,-3.697314E28,-3.697314E28,Missing,-3.697314E28,-3.697314E28,-3.697314E28,Missing,-3.697314E28,-3.697314E28,-3.697314E28,Port 0x02: JJH T tibia tracker  s/n:3E4C8800,983140267,1783611271.118598979,1,OK,0.8288930,0.0625484,0.1471688,0.5360647,83.899,-30.735,-1604.307,0.3266644,3,OK,84.140,-30.810,-1604.382,OK,149.126,-99.194,-1621.786,OK,49.266,-112.285,-1588.305,Port 0x03: JJH Y femur tracker  s/n:3E4C8801,983140267,1783611271.118598979,1,OK,0.7263477,-0.2915110,0.1542520,0.6030312,-257.826,71.381,-1633.055,0.5746019,3,OK,-257.707,71.930,-1633.464,OK,-348.581,33.774,-1618.548,OK,-278.993,-2.426,-1579.010
3,Port 0x01: JJH Probe  s/n:3E4C880C,983140270,1783611271.168598979,1,Too Few Markers,-3.697314E28,-3.697314E28,-3.697314E28,-3.697314E28,-3.697314E28,-3.697314E28,-3.697314E28,0.0000000,3,Missing,-3.697314E28,-3.697314E28,-3.697314E28,Missing,-3.697314E28,-3.697314E28,-3.697314E28,Missing,-3.697314E28,-3.697314E28,-3.697314E28,Port 0x02: JJH T tibia tracker  s/n:3E4C8800,983140270,1783611271.168598979,1,OK,0.8289726,0.0630019,0.1466093,0.5360418,84.079,-30.721,-1604.918,0.3219233,3,OK,84.308,-30.812,-1604.988,OK,149.305,-99.182,-1622.462,OK,49.413,-112.263,-1589.043,Port 0x03: JJH Y femur tracker  s/n:3E4C8801,983140270,1783611271.168598979,1,OK,0.7222002,-0.2801192,0.1663981,0.6101407,-257.343,70.447,-1625.312,0.5333936,3,OK,-257.247,70.957,-1625.694,OK,-347.340,32.386,-1607.545,OK,-276.140,-3.508,-1570.682
3,Port 0x01: JJH Probe  s/n:3E4C880C,983140273,1783611271.218598979,1,Too Few Markers,-3.697314E28,-3.697314E28,-3.697314E28,-3.697314E28,-3.697314E28,-3.697314E28,-3.697314E28,0.0000000,3,Missing,-3.697314E28,-3.697314E28,-3.697314E28,Missing,-3.697314E28,-3.697314E28,-3.697314E28,Missing,-3.697314E28,-3.697314E28,-3.697314E28,Port 0x02: JJH T tibia tracker  s/n:3E4C8800,983140273,1783611271.218598979,1,OK,0.8291723,0.0623798,0.1454550,0.5361203,84.255,-30.667,-1605.612,0.3108313,3,OK,84.493,-30.743,-1605.685,OK,149.489,-99.128,-1622.986,OK,49.566,-112.223,-1589.852,Port 0x03: JJH Y femur tracker  s/n:3E4C8801,983140273,1783611271.218598979,1,OK,0.7175700,-0.2687523,0.1796339,0.6169256,-256.605,69.576,-1617.801,0.5459200,3,OK,-256.508,70.105,-1618.198,OK,-345.683,31.119,-1596.584,OK,-273.006,-4.451,-1562.492
3,Port 0x01: JJH Probe  s/n:3E4C880C,983140276,1783611271.268598979,1,Too Few Markers,-3.697314E28,-3.697314E28,-3.697314E28,-3.697314E28,-3.697314E28,-3.697314E28,-3.697314E28,0.0000000,3,Missing,-3.697314E28,-3.697314E28,-3.697314E28,Missing,-3.697314E28,-3.697314E28,-3.697314E28,Missing,-3.697314E28,-3.697314E28,-3.697314E28,Port 0x02: JJH T tibia tracker  s/n:3E4C8800,983140276,1783611271.268598979,1,OK,0.8291656,0.0634134,0.1444926,0.5362695,84.430,-30.714,-1606.368,0.3105254,3,OK,84.660,-30.787,-1606.438,OK,149.676,-99.144,-1623.904,OK,49.714,-112.305,-1590.851,Port 0x03: JJH Y femur tracker  s/n:3E4C8801,983140276,1783611271.268598979,1,OK,0.7128337,-0.2576942,0.1919725,0.6233846,-255.540,68.625,-1610.414,0.5425338,3,OK,-255.465,69.151,-1610.811,OK,-343.603,29.759,-1585.977,OK,-269.580,-5.491,-1554.584
3,Port 0x01: JJH Probe  s/n:3E4C880C,983140279,1783611271.318632563,1,Too Few Markers,-3.697314E28,-3.697314E28,-3.697314E28,-3.697314E28,-3.697314E28,-3.697314E28,-3.697314E28,0.0000000,3,Missing,-3.697314E28,-3.697314E28,-3.697314E28,Missing,-3.697314E28,-3.697314E28,-3.697314E28,Missing,-3.697314E28,-3.697314E28,-3.697314E28,Port 0x02: JJH T tibia tracker  s/n:3E4C8800,983140279,1783611271.318632563,1,OK,0.8291928,0.0640778,0.1436048,0.5363870,84.612,-30.721,-1607.367,0.3258066,3,OK,84.853,-30.799,-1607.441,OK,149.869,-99.112,-1624.998,OK,49.855,-112.347,-1592.042,Port 0x03: JJH Y femur tracker  s/n:3E4C8801,983140279,1783611271.318632563,1,OK,0.7079118,-0.2470539,0.2041745,0.6293950,-254.214,67.889,-1603.270,0.5565262,3,OK,-254.155,68.427,-1603.679,OK,-341.194,28.660,-1575.709,OK,-265.919,-6.286,-1546.945
3,Port 0x01: JJH Probe  s/n:3E4C880C,983140282,1783611271.368632563,1,Too Few Markers,-3.697314E28,-3.697314E28,-3.697314E28,-3.697314E28,-3.697314E28,-3.697314E28,-3.697314E28,0.0000000,3,Missing,-3.697314E28,-3.697314E28,-3.697314E28,Missing,-3.697314E28,-3.697314E28,-3.697314E28,Missing,-3.697314E28,-3.697314E28,-3.697314E28,Port 0x02: JJH T tibia tracker  s/n:3E4C8800,983140282,1783611271.368632563,1,OK,0.8292709,0.0650222,0.1417942,0.5366342,84.682,-30.753,-1608.343,0.3123076,3,OK,84.925,-30.841,-1608.416,OK,149.938,-99.091,-1626.076,OK,49.905,-112.416,-1593.388,Port 0x03: JJH Y femur tracker  s/n:3E4C8801,983140282,1783611271.368632563,1,OK,0.7031019,-0.2364401,0.2157220,0.6349865,-252.768,67.162,-1596.543,0.5601636,3,OK,-252.722,67.707,-1596.958,OK,-338.577,27.572,-1566.015,OK,-262.255,-7.074,-1539.886
3,Port 0x01: JJH Probe  s/n:3E4C880C,983140285,1783611271.418632563,1,Too Few Markers,-3.697314E28,-3.697314E28,-3.697314E28,-3.697314E28,-3.697314E28,-3.697314E28,-3.697314E28,0.0000000,3,Missing,-3.697314E28,-3.697314E28,-3.697314E28,Missing,-3.697314E28,-3.697314E28,-3.697314E28,Missing,-3.697314E28,-3.697314E28,-3.697314E28,Port 0x02: JJH T tibia tracker  s/n:3E4C8800,983140285,1783611271.418632563,1,OK,0.8290781,0.0659780,0.1413988,0.5369197,84.692,-30.896,-1609.400,0.3331448,3,OK,84.950,-30.976,-1609.479,OK,149.974,-99.161,-1627.307,OK,49.926,-112.621,-1594.597,Port 0x03: JJH Y femur tracker  s/n:3E4C8801,983140285,1783611271.418632563,1,OK,0.6982574,-0.2261276,0.2265689,0.6402885,-251.181,66.216,-1590.183,0.5331051,3,OK,-251.143,66.738,-1590.582,OK,-335.781,26.249,-1556.868,OK,-258.505,-8.063,-1533.327
3,Port 0x01: JJH Probe  s/n:3E4C880C,983140288,1783611271.468632563,1,Too Few Markers,-3.697314E28,-3.697314E28,-3.697314E28,-3.697314E28,-3.697314E28,-3.697314E28,-3.697314E28,0.0000000,3,Missing,-3.697314E28,-3.697314E28,-3.697314E28,Missing,-3.697314E28,-3.697314E28,-3.697314E28,Missing,-3.697314E28,-3.697314E28,-3.697314E28,Port 0x02: JJH T tibia tracker  s/n:3E4C8800,983140288,1783611271.468632563,1,OK,0.8291208,0.0678897,0.1392808,0.5371690,84.710,-30.935,-1610.425,0.3185831,3,OK,84.957,-31.017,-1610.501,OK,149.981,-99.139,-1628.606,OK,49.901,-112.715,-1596.130,Port 0x03: JJH Y femur tracker  s/n:3E4C8801,983140288,1783611271.468632563,1,OK,0.6935366,-0.2164494,0.2367281,0.6450709,-249.489,65.498,-1584.295,0.5189739,3,OK,-249.459,66.008,-1584.685,OK,-332.872,25.194,-1548.404,OK,-254.778,-8.819,-1527.296
3,Port 0x01: JJH Probe  s/n:3E4C880C,983140291,1783611271.518632563,1,Too Few Markers,-3.697314E28,-3.697314E28,-3.697314E28,-3.697314E28,-3.697314E28,-3.697314E28,-3.697314E28,0.0000000,3,Missing,-3.697314E28,-3.697314E28,-3.697314E28,Missing,-3.697314E28,-3.697314E28,-3.697314E28,Missing,-3.697314E28,-3.697314E28,-3.697314E28,Port 0x02: JJH T tibia tracker  s/n:3E4C8800,983140291,1783611271.518632563,1,OK,0.8290604,0.0685546,0.1382752,0.5374375,84.724,-30.980,-1611.321,0.3184816,3,OK,84.971,-31.057,-1611.397,OK,150.027,-99.133,-1629.594,OK,49.916,-112.802,-1597.245,Port 0x03: JJH Y femur tracker  s/n:3E4C8801,983140291,1783611271.518632563,1,OK,0.6888016,-0.2076894,0.2460720,0.6495121,-247.690,64.768,-1578.725,0.5207903,3,OK,-247.680,65.278,-1579.117,OK,-329.849,24.124,-1540.491,OK,-251.054,-9.579,-1521.612
3,Port 0x01: JJH Probe  s/n:3E4C880C,983140294,1783611271.568632563,1,Too Few Markers,-3.697314E28,-3.697314E28,-3.697314E28,-3.697314E28,-3.697314E28,-3.697314E28,-3.697314E28,0.0000000,3,Missing,-3.697314E28,-3.697314E28,-3.697314E28,Missing,-3.697314E28,-3.697314E28,-3.697314E28,Missing,-3.697314E28,-3.697314E28,-3.697314E28,Port 0x02: JJH T tibia tracker  s/n:3E4C8800,983140294,1783611271.568632563,1,OK,0.8289526,0.0705262,0.1370356,0.5376661,84.702,-31.065,-1612.130,0.3177009,3,OK,84.932,-31.151,-1612.201,OK,150.015,-99.153,-1630.734,OK,49.867,-112.927,-1598.432,Port 0x03: JJH Y femur tracker  s/n:3E4C8801,983140294,1783611271.568632563,1,OK,0.6842882,-0.1987089,0.2549851,0.6536413,-245.932,63.957,-1573.595,0.4987042,3,OK,-245.906,64.455,-1573.979,OK,-326.865,22.974,-1533.108,OK,-247.465,-10.416,-1516.510
3,Port 0x01: JJH Probe  s/n:3E4C880C,983140297,1783611271.618670479,1,Too Few Markers,-3.697314E28,-3.697314E28,-3.697314E28,-3.697314E28,-3.697314E28,-3.697314E28,-3.697314E28,0.0000000,3,Missing,-3.697314E28,-3.697314E28,-3.697314E28,Missing,-3.697314E28,-3.697314E28,-3.697314E28,Missing,-3.697314E28,-3.697314E28,-3.697314E28,Port 0x02: JJH T tibia tracker  s/n:3E4C8800,983140297,1783611271.618670479,1,OK,0.8288610,0.0709314,0.1355623,0.5381274,84.722,-30.982,-1613.018,0.3125255,3,OK,84.962,-31.066,-1613.091,OK,150.087,-98.986,-1631.644,OK,49.919,-112.902,-1599.592,Port 0x03: JJH Y femur tracker  s/n:3E4C8801,983140297,1783611271.618670479,1,OK,0.6796261,-0.1900087,0.2640133,0.6574968,-244.038,63.346,-1568.630,0.4893707,3,OK,-244.014,63.837,-1569.011,OK,-323.682,22.074,-1525.924,OK,-243.758,-11.025,-1511.555
3,Port 0x01: JJH Probe  s/n:3E4C880C,983140300,1783611271.668670479,1,Too Few Markers,-3.697314E28,-3.697314E28,-3.697314E28,-3.697314E28,-3.697314E28,-3.697314E28,-3.697314E28,0.0000000,3,Missing,-3.697314E28,-3.697314E28,-3.697314E28,Missing,-3.697314E28,-3.697314E28,-3.697314E28,Missing,-3.697314E28,-3.697314E28,-3.697314E28,Port 0x02: JJH T tibia tracker  s/n:3E4C8800,983140300,1783611271.668670479,1,OK,0.8287156,0.0719672,0.1348301,0.5383977,84.778,-30.938,-1613.649,0.3128043,3,OK,85.005,-31.018,-1613.718,OK,150.180,-98.887,-1632.451,OK,49.982,-112.895,-1600.436,Port 0x03: JJH Y femur tracker  s/n:3E4C8801,983140300,1783611271.668670479,1,OK,0.6752999,-0.1822579,0.2716626,0.6610231,-242.062,62.717,-1563.956,0.4795957,3,OK,-242.048,63.198,-1564.329,OK,-320.525,21.149,-1519.368,OK,-240.120,-11.687,-1506.964
3,Port 0x01: JJH Probe  s/n:3E4C880C,983140303,1783611271.718670479,1,Too Few Markers,-3.697314E28,-3.697314E28,-3.697314E28,-3.697314E28,-3.697314E28,-3.697314E28,-3.697314E28,0.0000000,3,Missing,-3.697314E28,-3.697314E28,-3.697314E28,Missing,-3.697314E28,-3.697314E28,-3.697314E28,Missing,-3.697314E28,-3.697314E28,-3.697314E28,Port 0x02: JJH T tibia tracker  s/n:3E4C8800,983140303,1783611271.718670479,1,OK,0.8288887,0.0717379,0.1343397,0.5382844,84.719,-30.848,-1613.746,0.3044500,3,OK,84.944,-30.935,-1613.814,OK,150.107,-98.822,-1632.480,OK,49.891,-112.785,-1600.583,Port 0x03: JJH Y femur tracker  s/n:3E4C8801,983140303,1783611271.718670479,1,OK,0.6710370,-0.1746798,0.2795646,0.6641084,-240.209,62.208,-1559.654,0.4779466,3,OK,-240.199,62.689,-1560.028,OK,-317.460,20.419,-1513.178,OK,-236.689,-12.179,-1502.725
3,Port 0x01: JJH Probe  s/n:3E4C880C,983140306,1783611271.768670479,1,Too Few Markers,-3.697314E28,-3.697314E28,-3.697314E28,-3.697314E28,-3.697314E28,-3.697314E28,-3.697314E28,0.0000000,3,Missing,-3.697314E28,-3.697314E28,-3.697314E28,Missing,-3.697314E28,-3.697314E28,-3.697314E28,Missing,-3.697314E28,-3.697314E28,-3.697314E28,Port 0x02: JJH T tibia tracker  s/n:3E4C8800,983140306,1783611271.768670479,1,OK,0.8290601,0.0706578,0.1342967,0.5381739,84.692,-30.821,-1614.103,0.3089569,3,OK,84.938,-30.900,-1614.178,OK,150.069,-98.823,-1632.624,OK,49.847,-112.749,-1600.839,Port 0x03: JJH Y femur tracker  s/n:3E4C8801,983140306,1783611271.768670479,1,OK,0.6672339,-0.1681338,0.2862209,0.6667890,-238.433,61.686,-1555.928,0.4787394,3,OK,-238.417,62.171,-1556.309,OK,-314.603,19.678,-1507.861,OK,-233.542,-12.691,-1499.099
3,Port 0x01: JJH Probe  s/n:3E4C880C,983140309,1783611271.818670479,1,Too Few Markers,-3.697314E28,-3.697314E28,-3.697314E28,-3.697314E28,-3.697314E28,-3.697314E28,-3.697314E28,0.0000000,3,Missing,-3.697314E28,-3.697314E28,-3.697314E28,Missing,-3.697314E28,-3.697314E28,-3.697314E28,Missing,-3.697314E28,-3.697314E28,-3.697314E28,Port 0x02: JJH T tibia tracker  s/n:3E4C8800,983140309,1783611271.818670479,1,OK,0.8290636,0.0703820,0.1342526,0.5382157,84.663,-30.724,-1614.318,0.3014547,3,OK,84.889,-30.811,-1614.386,OK,150.077,-98.735,-1632.793,OK,49.822,-112.633,-1601.034,Port 0x03: JJH Y femur tracker  s/n:3E4C8801,983140309,1783611271.818670479,1,OK,0.6635470,-0.1615713,0.2923667,0.6694190,-236.641,61.200,-1552.352,0.4560096,3,OK,-236.620,61.665,-1552.719,OK,-311.741,18.948,-1502.802,OK,-230.427,-13.181,-1495.715
3,Port 0x01: JJH Probe  s/n:3E4C880C,983140312,1783611271.868670479,1,Too Few Markers,-3.697314E28,-3.697314E28,-3.697314E28,-3.697314E28,-3.697314E28,-3.697314E28,-3.697314E28,0.0000000,3,Missing,-3.697314E28,-3.697314E28,-3.697314E28,Missing,-3.697314E28,-3.697314E28,-3.697314E28,Missing,-3.697314E28,-3.697314E28,-3.697314E28,Port 0x02: JJH T tibia tracker  s/n:3E4C8800,983140312,1783611271.868670479,1,OK,0.8291543,0.0708725,0.1341841,0.5380287,84.611,-30.693,-1614.652,0.3074998,3,OK,84.834,-30.769,-1614.720,OK,149.998,-98.729,-1633.216,OK,49.718,-112.600,-1601.417,Port 0x03: JJH Y femur tracker  s/n:3E4C8801,983140312,1783611271.868670479,1,OK,0.6601094,-0.1555784,0.2983757,0.6715824,-234.986,60.814,-1549.048,0.4539652,3,OK,-234.961,61.278,-1549.417,OK,-309.073,18.402,-1498.098,OK,-227.561,-13.551,-1492.548
3,Port 0x01: JJH Probe  s/n:3E4C880C,983140315,1783611271.918670479,1,Too Few Markers,-3.697314E28,-3.697314E28,-3.697314E28,-3.697314E28,-3.697314E28,-3.697314E28,-3.697314E28,0.0000000,3,Missing,-3.697314E28,-3.697314E28,-3.697314E28,Missing,-3.697314E28,-3.697314E28,-3.697314E28,Missing,-3.697314E28,-3.697314E28,-3.697314E28,Port 0x02: JJH T tibia tracker  s/n:3E4C8800,983140315,1783611271.918670479,1,OK,0.8295262,0.0662780,0.1370906,0.5373077,84.694,-30.375,-1613.784,0.3226955,3,OK,84.927,-30.452,-1613.854,OK,150.092,-98.599,-1631.593,OK,49.785,-112.144,-1599.648,Port 0x03: JJH Y femur tracker  s/n:3E4C8801,983140315,1783611271.918670479,1,OK,0.6567195,-0.1498503,0.3039738,0.6736945,-233.310,60.466,-1545.968,0.4473232,3,OK,-233.284,60.925,-1546.336,OK,-306.387,17.875,-1493.717,OK,-224.728,-13.885,-1489.636
3,Port 0x01: JJH Probe  s/n:3E4C880C,983140318,1783611271.968670479,1,Too Few Markers,-3.697314E28,-3.697314E28,-3.697314E28,-3.697314E28,-3.697314E28,-3.697314E28,-3.697314E28,0.0000000,3,Missing,-3.697314E28,-3.697314E28,-3.697314E28,Missing,-3.697314E28,-3.697314E28,-3.697314E28,Missing,-3.697314E28,-3.697314E28,-3.697314E28,Port 0x02: JJH T tibia tracker  s/n:3E4C8800,983140318,1783611271.968670479,1,OK,0.8302134,0.0629365,0.1382618,0.5363473,84.570,-30.270,-1612.913,0.3075508,3,OK,84.805,-30.346,-1612.983,OK,149.884,-98.703,-1630.112,OK,49.560,-111.890,-1598.260,Port 0x03: JJH Y femur tracker  s/n:3E4C8801,983140318,1783611271.968670479,1,OK,0.6534131,-0.1439744,0.3093498,0.6757407,-231.609,60.067,-1543.059,0.4344040,3,OK,-231.577,60.514,-1543.421,OK,-303.691,17.291,-1489.553,OK,-221.887,-14.289,-1486.957
3,Port 0x01: JJH Probe  s/n:3E4C880C,983140321,1783611272.018670479,1,Too Few Markers,-3.697314E28,-3.697314E28,-3.697314E28,-3.697314E28,-3.697314E28,-3.697314E28,-3.697314E28,0.0000000,3,Missing,-3.697314E28,-3.697314E28,-3.697314E28,Missing,-3.697314E28,-3.697314E28,-3.697314E28,Missing,-3.697314E28,-3.697314E28,-3.697314E28,Port 0x02: JJH T tibia tracker  s/n:3E4C8800,983140321,1783611272.018670479,1,OK,0.8305091,0.0626647,0.1382449,0.5359254,84.366,-30.337,-1613.435,0.3243099,3,OK,84.612,-30.435,-1613.507,OK,149.630,-98.825,-1630.575,OK,49.256,-111.911,-1598.741,Port 0x03: JJH Y femur tracker  s/n:3E4C8801,983140321,1783611272.018670479,1,OK,0.6499112,-0.1380235,0.3151429,0.6776798,-229.720,59.735,-1539.799,0.4254650,3,OK,-229.683,60.173,-1540.158,OK,-300.744,16.811,-1484.979,OK,-218.823,-14.598,-1483.907
3,Port 0x01: JJH Probe  s/n:3E4C880C,983140324,1783611272.068670479,1,Too Few Markers,-3.697314E28,-3.697314E28,-3.697314E28,-3.697314E28,-3.697314E28,-3.697314E28,-3.697314E28,0.0000000,3,Missing,-3.697314E28,-3.697314E28,-3.697314E28,Missing,-3.697314E28,-3.697314E28,-3.697314E28,Missing,-3.697314E28,-3.697314E28,-3.697314E28,Port 0x02: JJH T tibia tracker  s/n:3E4C8800,983140324,1783611272.068670479,1,OK,0.8308584,0.0630356,0.1373304,0.5355756,84.259,-30.283,-1613.766,0.3080158,3,OK,84.490,-30.365,-1613.834,OK,149.462,-98.840,-1630.928,OK,49.051,-111.835,-1599.237,Port 0x03: JJH Y femur tracker  s/n:3E4C8801,983140324,1783611272.068670479,1,OK,0.6461393,-0.1319328,0.3215334,0.6794954,-227.686,59.476,-1536.586,0.4416003,3,OK,-227.640,59.931,-1536.964,OK,-297.569,16.446,-1480.356,OK,-215.562,-14.806,-1480.866
3,Port 0x01: JJH Probe  s/n:3E4C880C,983140327,1783611272.118670479,1,Too Few Markers,-3.697314E28,-3.697314E28,-3.697314E28,-3.697314E28,-3.697314E28,-3.697314E28,-3.697314E28,0.0000000,3,Missing,-3.697314E28,-3.697314E28,-3.697314E28,Missing,-3.697314E28,-3.697314E28,-3.697314E28,Missing,-3.697314E28,-3.697314E28,-3.697314E28,Port 0x02: JJH T tibia tracker  s/n:3E4C8800,983140327,1783611272.118670479,1,OK,0.8307501,0.0646355,0.1362318,0.5358334,84.154,-30.255,-1614.613,0.3003623,3,OK,84.381,-30.338,-1614.679,OK,149.352,-98.751,-1632.034,OK,48.951,-111.858,-1600.410,Port 0x03: JJH Y femur tracker  s/n:3E4C8801,983140327,1783611272.118670479,1,OK,0.6420358,-0.1253657,0.3279929,0.6815380,-225.588,59.059,-1533.317,0.4407778,3,OK,-225.529,59.513,-1533.702,OK,-294.227,15.862,-1475.651,OK,-212.160,-15.177,-1477.863
3,Port 0x01: JJH Probe  s/n:3E4C880C,983140330,1783611272.168670480,1,Too Few Markers,-3.697314E28,-3.697314E28,-3.697314E28,-3.697314E28,-3.697314E28,-3.697314E28,-3.697314E28,0.0000000,3,Missing,-3.697314E28,-3.697314E28,-3.697314E28,Missing,-3.697314E28,-3.697314E28,-3.697314E28,Missing,-3.697314E28,-3.697314E28,-3.697314E28,Port 0x02: JJH T tibia tracker  s/n:3E4C8800,983140330,1783611272.168670480,1,OK,0.8307125,0.0665238,0.1349371,0.5359882,84.062,-30.246,-1615.991,0.3233760,3,OK,84.313,-30.335,-1616.066,OK,149.230,-98.664,-1633.716,OK,48.806,-111.915,-1602.160,Port 0x03: JJH Y femur tracker  s/n:3E4C8801,983140330,1783611272.168670480,1,OK,0.6381139,-0.1191753,0.3338510,0.6834847,-223.375,58.744,-1530.041,0.4333976,3,OK,-223.326,59.189,-1530.420,OK,-290.820,15.382,-1471.094,OK,-208.709,-15.471,-1474.881
3,Port 0x01: JJH Probe  s/n:3E4C880C,983140333,1783611272.218670480,1,Too Few Markers,-3.697314E28,-3.697314E28,-3.697314E28,-3.697314E28,-3.697314E28,-3.697314E28,-3.697314E28,0.0000000,3,Missing,-3.697314E28,-3.697314E28,-3.697314E28,Missing,-3.697314E28,-3.697314E28,-3.697314E28,Missing,-3.697314E28,-3.697314E28,-3.697314E28,Port 0x02: JJH T tibia tracker  s/n:3E4C8800,983140333,1783611272.218670480,1,OK,0.8304599,0.0717332,0.1314916,0.5365638,83.910,-30.367,-1617.232,0.2799343,3,OK,84.115,-30.445,-1617.293,OK,149.046,-98.641,-1635.805,OK,48.638,-112.151,-1604.443,Port 0x03: JJH Y femur tracker  s/n:3E4C8801,983140333,1783611272.218670480,1,OK,0.6340945,-0.1124772,0.3398301,0.6854113,-221.111,58.379,-1526.858,0.4172557,3,OK,-221.051,58.806,-1527.229,OK,-287.294,14.830,-1466.597,OK,-205.199,-15.818,-1472.074
3,Port 0x01: JJH Probe  s/n:3E4C880C,983140336,1783611272.268670480,1,Too Few Markers,-3.697314E28,-3.697314E28,-3.697314E28,-3.697314E28,-3.697314E28,-3.697314E28,-3.697314E28,0.0000000,3,Missing,-3.697314E28,-3.697314E28,-3.697314E28,Missing,-3.697314E28,-3.697314E28,-3.697314E28,Missing,-3.697314E28,-3.697314E28,-3.697314E28,Port 0x02: JJH T tibia tracker  s/n:3E4C8800,983140336,1783611272.268670480,1,OK,0.8295898,0.0791840,0.1261855,0.5381337,83.659,-30.587,-1621.050,0.3115726,3,OK,83.903,-30.668,-1621.124,OK,148.852,-98.419,-1640.832,OK,48.420,-112.650,-1609.806,Port 0x03: JJH Y femur tracker  s/n:3E4C8801,983140336,1783611272.268670480,1,OK,0.6300024,-0.1060593,0.3458231,0.6872079,-218.833,58.097,-1523.743,0.4076384,3,OK,-218.770,58.510,-1524.108,OK,-283.755,14.394,-1462.200,OK,-201.675,-16.065,-1469.315
3,Port 0x01: JJH Probe  s/n:3E4C880C,983140339,1783611272.318670479,1,Too Few Markers,-3.697314E28,-3.697314E28,-3.697314E28,-3.697314E28,-3.697314E28,-3.697314E28,-3.697314E28,0.0000000,3,Missing,-3.697314E28,-3.697314E28,-3.697314E28,Missing,-3.697314E28,-3.697314E28,-3.697314E28,Missing,-3.697314E28,-3.697314E28,-3.697314E28,Port 0x02: JJH T tibia tracker  s/n:3E4C8800,983140339,1783611272.318670479,1,OK,0.8280748,0.0913198,0.1180569,0.5403844,83.740,-30.583,-1624.909,0.2769068,3,OK,83.948,-30.651,-1624.975,OK,149.016,-97.764,-1646.672,OK,48.611,-112.957,-1616.130,Port 0x03: JJH Y femur tracker  s/n:3E4C8801,983140339,1783611272.318670479,1,OK,0.6262838,-0.1005119,0.3510473,0.6887901,-216.714,57.787,-1520.918,0.3943335,3,OK,-216.652,58.184,-1521.273,OK,-280.489,13.940,-1458.276,OK,-198.462,-16.328,-1466.815
3,Port 0x01: JJH Probe  s/n:3E4C880C,983140342,1783611272.368704633,1,Too Few Markers,-3.697314E28,-3.697314E28,-3.697314E28,-3.697314E28,-3.697314E28,-3.697314E28,-3.697314E28,0.0000000,3,Missing,-3.697314E28,-3.697314E28,-3.697314E28,Missing,-3.697314E28,-3.697314E28,-3.697314E28,Missing,-3.697314E28,-3.697314E28,-3.697314E28,Port 0x02: JJH T tibia tracker  s/n:3E4C8800,983140342,1783611272.368704633,1,OK,0.8277472,0.0942615,0.1154067,0.5409534,83.743,-30.596,-1626.258,0.2631699,3,OK,83.940,-30.669,-1626.321,OK,149.050,-97.603,-1648.472,OK,48.629,-113.028,-1618.181,Port 0x03: JJH Y femur tracker  s/n:3E4C8801,983140342,1783611272.368704633,1,OK,0.6231233,-0.0955696,0.3553305,0.6901623,-214.888,57.467,-1518.667,0.3973566,3,OK,-214.817,57.863,-1519.029,OK,-277.681,13.464,-1455.111,OK,-195.712,-16.642,-1464.893
3,Port 0x01: JJH Probe  s/n:3E4C880C,983140345,1783611272.418704634,1,Too Few Markers,-3.697314E28,-3.697314E28,-3.697314E28,-3.697314E28,-3.697314E28,-3.697314E28,-3.697314E28,0.0000000,3,Missing,-3.697314E28,-3.697314E28,-3.697314E28,Missing,-3.697314E28,-3.697314E28,-3.697314E28,Missing,-3.697314E28,-3.697314E28,-3.697314E28,Port 0x02: JJH T tibia tracker  s/n:3E4C8800,983140345,1783611272.418704634,1,OK,0.8282277,0.0900868,0.1187386,0.5402077,83.706,-30.363,-1624.999,0.2833548,3,OK,83.914,-30.434,-1625.064,OK,148.994,-97.606,-1646.560,OK,48.561,-112.710,-1615.990,Port 0x03: JJH Y femur tracker  s/n:3E4C8801,983140345,1783611272.418704634,1,OK,0.6202505,-0.0908764,0.3592490,0.6913545,-213.247,57.207,-1516.625,0.3684416,3,OK,-213.174,57.569,-1516.961,OK,-275.118,13.078,-1452.252,OK,-193.235,-16.886,-1463.198
3,Port 0x01: JJH Probe  s/n:3E4C880C,983140348,1783611272.468704634,1,Too Few Markers,-3.697314E28,-3.697314E28,-3.697314E28,-3.697314E28,-3.697314E28,-3.697314E28,-3.697314E28,0.0000000,3,Missing,-3.697314E28,-3.697314E28,-3.697314E28,Missing,-3.697314E28,-3.697314E28,-3.697314E28,Missing,-3.697314E28,-3.697314E28,-3.697314E28,Port 0x02: JJH T tibia tracker  s/n:3E4C8800,983140348,1783611272.468704634,1,OK,0.8284091,0.0893464,0.1183968,0.5401275,83.629,-30.271,-1625.128,0.2844127,3,OK,83.844,-30.341,-1625.195,OK,148.924,-97.544,-1646.535,OK,48.457,-112.607,-1616.094,Port 0x03: JJH Y femur tracker  s/n:3E4C8801,983140348,1783611272.468704634,1,OK,0.6175267,-0.0870987,0.3629462,0.6923472,-211.816,56.985,-1514.820,0.3827098,3,OK,-211.737,57.359,-1515.171,OK,-272.857,12.763,-1449.691,OK,-191.044,-17.068,-1461.619
3,Port 0x01: JJH Probe  s/n:3E4C880C,983140351,1783611272.518704634,1,Too Few Markers,-3.697314E28,-3.697314E28,-3.697314E28,-3.697314E28,-3.697314E28,-3.697314E28,-3.697314E28,0.0000000,3,Missing,-3.697314E28,-3.697314E28,-3.697314E28,Missing,-3.697314E28,-3.697314E28,-3.697314E28,Missing,-3.697314E28,-3.697314E28,-3.697314E28,Port 0x02: JJH T tibia tracker  s/n:3E4C8800,983140351,1783611272.518704634,1,OK,0.8286250,0.0875329,0.1191502,0.5399277,83.624,-30.214,-1624.857,0.2759440,3,OK,83.833,-30.287,-1624.922,OK,148.929,-97.574,-1645.952,OK,48.456,-112.506,-1615.531,Port 0x03: JJH Y femur tracker  s/n:3E4C8801,983140351,1783611272.518704634,1,OK,0.6150134,-0.0832767,0.3662153,0.6933324,-210.301,56.707,-1513.089,0.3667985,3,OK,-210.220,57.058,-1513.425,OK,-270.555,12.378,-1447.292,OK,-188.819,-17.326,-1460.181
3,Port 0x01: JJH Probe  s/n:3E4C880C,983140354,1783611272.568704633,1,Too Few Markers,-3.697314E28,-3.697314E28,-3.697314E28,-3.697314E28,-3.697314E28,-3.697314E28,-3.697314E28,0.0000000,3,Missing,-3.697314E28,-3.697314E28,-3.697314E28,Missing,-3.697314E28,-3.697314E28,-3.697314E28,Missing,-3.697314E28,-3.697314E28,-3.697314E28,Port 0x02: JJH T tibia tracker  s/n:3E4C8800,983140354,1783611272.568704633,1,OK,0.8288998,0.0842939,0.1212888,0.5395449,83.555,-29.966,-1624.117,0.3016304,3,OK,83.783,-30.045,-1624.187,OK,148.884,-97.457,-1644.691,OK,48.376,-112.205,-1614.136,Port 0x03: JJH Y femur tracker  s/n:3E4C8801,983140354,1783611272.568704633,1,OK,0.6126649,-0.0798150,0.3693495,0.6941558,-208.943,56.636,-1511.535,0.3615964,3,OK,-208.864,56.981,-1511.867,OK,-268.452,12.226,-1445.113,OK,-186.817,-17.370,-1458.871
3,Port 0x01: JJH Probe  s/n:3E4C880C,983140357,1783611272.618704633,1,Too Few Markers,-3.697314E28,-3.697314E28,-3.697314E28,-3.697314E28,-3.697314E28,-3.697314E28,-3.697314E28,0.0000000,3,Missing,-3.697314E28,-3.697314E28,-3.697314E28,Missing,-3.697314E28,-3.697314E28,-3.697314E28,Missing,-3.697314E28,-3.697314E28,-3.697314E28,Port 0x02: JJH T tibia tracker  s/n:3E4C8800,983140357,1783611272.618704633,1,OK,0.8292785,0.0807657,0.1235946,0.5389791,83.558,-29.847,-1622.788,0.2955646,3,OK,83.777,-29.919,-1622.855,OK,148.885,-97.526,-1642.788,OK,48.373,-111.992,-1612.106,Port 0x03: JJH Y femur tracker  s/n:3E4C8801,983140357,1783611272.618704633,1,OK,0.6102013,-0.0762821,0.3723435,0.6951228,-207.485,56.321,-1509.843,0.3509532,3,OK,-207.411,56.650,-1510.163,OK,-266.233,11.797,-1442.822,OK,-184.681,-17.671,-1457.464
3,Port 0x01: JJH Probe  s/n:3E4C880C,983140360,1783611272.668704634,1,Too Few Markers,-3.697314E28,-3.697314E28,-3.697314E28,-3.697314E28,-3.697314E28,-3.697314E28,-3.697314E28,0.0000000,3,Missing,-3.697314E28,-3.697314E28,-3.697314E28,Missing,-3.697314E28,-3.697314E28,-3.697314E28,Missing,-3.697314E28,-3.697314E28,-3.697314E28,Port 0x02: JJH T tibia tracker  s/n:3E4C8800,983140360,1783611272.668704634,1,OK,0.8295248,0.0800905,0.1234849,0.5387259,83.474,-29.603,-1622.651,0.2892083,3,OK,83.687,-29.676,-1622.715,OK,148.783,-97.344,-1642.515,OK,48.242,-111.712,-1611.913,Port 0x03: JJH Y femur tracker  s/n:3E4C8801,983140360,1783611272.668704634,1,OK,0.6073346,-0.0718516,0.3762245,0.6960152,-205.753,56.253,-1507.954,0.3529160,3,OK,-205.671,56.577,-1508.276,OK,-263.578,11.641,-1440.165,OK,-182.169,-17.716,-1455.908
3,Port 0x01: JJH Probe  s/n:3E4C880C,983140363,1783611272.718704634,1,Too Few Markers,-3.697314E28,-3.697314E28,-3.697314E28,-3.697314E28,-3.697314E28,-3.697314E28,-3.697314E28,0.0000000,3,Missing,-3.697314E28,-3.697314E28,-3.697314E28,Missing,-3.697314E28,-3.697314E28,-3.697314E28,Missing,-3.697314E28,-3.697314E28,-3.697314E28,Port 0x02: JJH T tibia tracker  s/n:3E4C8800,983140363,1783611272.718704634,1,OK,0.8295770,0.0792167,0.1236427,0.5387385,83.379,-29.590,-1623.103,0.2979848,3,OK,83.612,-29.665,-1623.173,OK,148.695,-97.335,-1642.806,OK,48.157,-111.700,-1612.256,Port 0x03: JJH Y femur tracker  s/n:3E4C8801,983140363,1783611272.718704634,1,OK,0.6039391,-0.0672667,0.3804361,0.6971378,-203.762,55.919,-1505.870,0.3445160,3,OK,-203.682,56.230,-1506.183,OK,-260.536,11.191,-1437.268,OK,-179.284,-17.994,-1454.182
3,Port 0x01: JJH Probe  s/n:3E4C880C,983140366,1783611272.768704634,1,Too Few Markers,-3.697314E28,-3.697314E28,-3.697314E28,-3.697314E28,-3.697314E28,-3.697314E28,-3.697314E28,0.0000000,3,Missing,-3.697314E28,-3.697314E28,-3.697314E28,Missing,-3.697314E28,-3.697314E28,-3.697314E28,Missing,-3.697314E28,-3.697314E28,-3.697314E28,Port 0x02: JJH T tibia tracker  s/n:3E4C8800,983140366,1783611272.768704634,1,OK,0.8299060,0.0780430,0.1241400,0.5382885,83.228,-29.512,-1622.820,0.2943156,3,OK,83.457,-29.600,-1622.889,OK,148.501,-97.356,-1642.313,OK,47.945,-111.557,-1611.774,Port 0x03: JJH Y femur tracker  s/n:3E4C8801,983140366,1783611272.768704634,1,OK,0.6005551,-0.0623364,0.3845953,0.6982365,-201.781,55.690,-1503.796,0.3217289,3,OK,-201.700,55.967,-1504.083,OK,-257.480,10.837,-1434.398,OK,-176.415,-18.185,-1452.535
3,Port 0x01: JJH Probe  s/n:3E4C880C,983140369,1783611272.818704633,1,Too Few Markers,-3.697314E28,-3.697314E28,-3.697314E28,-3.697314E28,-3.697314E28,-3.697314E28,-3.697314E28,0.0000000,3,Missing,-3.697314E28,-3.697314E28,-3.697314E28,Missing,-3.697314E28,-3.697314E28,-3.697314E28,Missing,-3.697314E28,-3.697314E28,-3.697314E28,Port 0x02: JJH T tibia tracker  s/n:3E4C8800,983140369,1783611272.818704633,1,OK,0.8297423,0.0791460,0.1231086,0.5386167,83.013,-29.470,-1623.755,0.3064863,3,OK,83.253,-29.552,-1623.827,OK,148.320,-97.228,-1643.421,OK,47.735,-111.570,-1612.973,Port 0x03: JJH Y femur tracker  s/n:3E4C8801,983140369,1783611272.818704633,1,OK,0.5972550,-0.0581004,0.3887831,0.6991127,-199.889,55.452,-1501.867,0.3376879,3,OK,-199.806,55.742,-1502.169,OK,-254.569,10.525,-1431.684,OK,-173.683,-18.355,-1450.918
3,Port 0x01: JJH Probe  s/n:3E4C880C,983140372,1783611272.868704633,1,Too Few Markers,-3.697314E28,-3.697314E28,-3.697314E28,-3.697314E28,-3.697314E28,-3.697314E28,-3.697314E28,0.0000000,3,Missing,-3.697314E28,-3.697314E28,-3.697314E28,Missing,-3.697314E28,-3.697314E28,-3.697314E28,Missing,-3.697314E28,-3.697314E28,-3.697314E28,Port 0x02: JJH T tibia tracker  s/n:3E4C8800,983140372,1783611272.868704633,1,OK,0.8289872,0.0860192,0.1187867,0.5396949,82.916,-29.498,-1625.601,0.2881085,3,OK,83.118,-29.582,-1625.664,OK,148.265,-96.933,-1646.405,OK,47.664,-111.744,-1616.164,Port 0x03: JJH Y femur tracker  s/n:3E4C8801,983140372,1783611272.868704633,1,OK,0.5938327,-0.0531041,0.3929726,0.7000823,-197.761,55.241,-1499.871,0.3242454,3,OK,-197.682,55.512,-1500.158,OK,-251.333,10.203,-1428.914,OK,-170.686,-18.536,-1449.362
3,Port 0x01: JJH Probe  s/n:3E4C880C,983140375,1783611272.918704634,1,Too Few Markers,-3.697314E28,-3.697314E28,-3.697314E28,-3.697314E28,-3.697314E28,-3.697314E28,-3.697314E28,0.0000000,3,Missing,-3.697314E28,-3.697314E28,-3.697314E28,Missing,-3.697314E28,-3.697314E28,-3.697314E28,Missing,-3.697314E28,-3.697314E28,-3.697314E28,Port 0x02: JJH T tibia tracker  s/n:3E4C8800,983140375,1783611272.918704634,1,OK,0.8278329,0.0966305,0.1110353,0.5413192,82.877,-29.722,-1629.226,0.2661817,3,OK,83.078,-29.792,-1629.289,OK,148.230,-96.588,-1651.711,OK,47.654,-112.195,-1622.034,Port 0x03: JJH Y femur tracker  s/n:3E4C8801,983140375,1783611272.918704634,1,OK,0.5903173,-0.0483418,0.3974511,0.7008717,-195.768,54.970,-1497.948,0.3465306,3,OK,-195.669,55.245,-1498.255,OK,-248.238,9.857,-1426.157,OK,-167.821,-18.734,-1447.832
3,Port 0x01: JJH Probe  s/n:3E4C880C,983140378,1783611272.968704634,1,Too Few Markers,-3.697314E28,-3.697314E28,-3.697314E28,-3.697314E28,-3.697314E28,-3.697314E28,-3.697314E28,0.0000000,3,Missing,-3.697314E28,-3.697314E28,-3.697314E28,Missing,-3.697314E28,-3.697314E28,-3.697314E28,Missing,-3.697314E28,-3.697314E28,-3.697314E28,Port 0x02: JJH T tibia tracker  s/n:3E4C8800,983140378,1783611272.968704634,1,OK,0.8287875,0.0878839,0.1155669,0.5403998,82.913,-29.231,-1626.637,0.2539988,3,OK,83.109,-29.307,-1626.698,OK,148.315,-96.514,-1647.662,OK,47.713,-111.546,-1617.892,Port 0x03: JJH Y femur tracker  s/n:3E4C8801,983140378,1783611272.968704634,1,OK,0.5868936,-0.0439136,0.4014073,0.7017832,-193.707,54.809,-1495.978,0.3391466,3,OK,-193.613,55.071,-1496.274,OK,-245.108,9.597,-1423.483,OK,-164.922,-18.838,-1446.265
3,Port 0x01: JJH Probe  s/n:3E4C880C,983140381,1783611273.018704634,1,Too Few Markers,-3.697314E28,-3.697314E28,-3.697314E28,-3.697314E28,-3.697314E28,-3.697314E28,-3.697314E28,0.0000000,3,Missing,-3.697314E28,-3.697314E28,-3.697314E28,Missing,-3.697314E28,-3.697314E28,-3.697314E28,Missing,-3.697314E28,-3.697314E28,-3.697314E28,Port 0x02: JJH T tibia tracker  s/n:3E4C8800,983140381,1783611273.018704634,1,OK,0.8290200,0.0850601,0.1167584,0.5402389,82.779,-28.998,-1626.032,0.2747230,3,OK,82.991,-29.074,-1626.097,OK,148.233,-96.371,-1646.579,OK,47.574,-111.286,-1616.822,Port 0x03: JJH Y femur tracker  s/n:3E4C8801,983140381,1783611273.018704634,1,OK,0.5824884,-0.0381949,0.4064098,0.7029079,-191.073,54.506,-1493.724,0.3426974,3,OK,-190.981,54.763,-1494.020,OK,-241.097,9.155,-1420.343,OK,-161.231,-19.076,-1444.549
3,Port 0x01: JJH Probe  s/n:3E4C880C,983140384,1783611273.068704633,1,Too Few Markers,-3.697314E28,-3.697314E28,-3.697314E28,-3.697314E28,-3.697314E28,-3.697314E28,-3.697314E28,0.0000000,3,Missing,-3.697314E28,-3.697314E28,-3.697314E28,Missing,-3.697314E28,-3.697314E28,-3.697314E28,Missing,-3.697314E28,-3.697314E28,-3.697314E28,Port 0x02: JJH T tibia tracker  s/n:3E4C8800,983140384,1783611273.068704633,1,OK,0.8291169,0.0842516,0.1169462,0.5401762,82.698,-28.961,-1626.455,0.2869118,3,OK,82.930,-29.046,-1626.525,OK,148.151,-96.348,-1646.854,OK,47.484,-111.242,-1617.134,Port 0x03: JJH Y femur tracker  s/n:3E4C8801,983140384,1783611273.068704633,1,OK,0.5779235,-0.0318825,0.4113652,0.7041069,-188.281,54.195,-1491.237,0.3200073,3,OK,-188.193,54.415,-1491.500,OK,-236.848,8.672,-1417.002,OK,-157.360,-19.345,-1442.722
3,Port 0x01: JJH Probe  s/n:3E4C880C,983140387,1783611273.118704630,1,Too Few Markers,-3.697314E28,-3.697314E28,-3.697314E28,-3.697314E28,-3.697314E28,-3.697314E28,-3.697314E28,0.0000000,3,Missing,-3.697314E28,-3.697314E28,-3.697314E28,Missing,-3.697314E28,-3.697314E28,-3.697314E28,Missing,-3.697314E28,-3.697314E28,-3.697314E28,Port 0x02: JJH T tibia tracker  s/n:3E4C8800,983140387,1783611273.118704630,1,OK,0.8299763,0.0754677,0.1226814,0.5388814,82.551,-28.386,-1623.623,0.2926379,3,OK,82.769,-28.478,-1623.688,OK,148.032,-96.198,-1642.600,OK,47.313,-110.438,-1612.552,Port 0x03: JJH Y femur tracker  s/n:3E4C8801,983140387,1783611273.118704630,1,OK,0.5729477,-0.0256368,0.4172284,0.7049782,-185.375,53.910,-1488.887,0.3468492,3,OK,-185.275,54.146,-1489.178,OK,-232.373,8.300,-1413.653,OK,-153.315,-19.521,-1440.947
3,Port 0x01: JJH Probe  s/n:3E4C880C,983140390,1783611273.168704630,1,Too Few Markers,-3.697314E28,-3.697314E28,-3.697314E28,-3.697314E28,-3.697314E28,-3.697314E28,-3.697314E28,0.0000000,3,Missing,-3.697314E28,-3.697314E28,-3.697314E28,Missing,-3.697314E28,-3.697314E28,-3.697314E28,Missing,-3.697314E28,-3.697314E28,-3.697314E28,Port 0x02: JJH T tibia tracker  s/n:3E4C8800,983140390,1783611273.168704630,1,OK,0.8299897,0.0751470,0.1226832,0.5389052,82.355,-28.313,-1624.169,0.3026426,3,OK,82.585,-28.406,-1624.236,OK,147.846,-96.119,-1643.086,OK,47.114,-110.371,-1613.063,Port 0x03: JJH Y femur tracker  s/n:3E4C8801,983140390,1783611273.168704630,1,OK,0.5680309,-0.0193730,0.4226701,0.7059147,-182.426,53.600,-1486.614,0.3657369,3,OK,-182.321,53.839,-1486.918,OK,-227.879,7.868,-1410.472,OK,-149.256,-19.750,-1439.312
3,Port 0x01: JJH Probe  s/n:3E4C880C,983140393,1783611273.218704630,1,Too Few Markers,-3.697314E28,-3.697314E28,-3.697314E28,-3.697314E28,-3.697314E28,-3.697314E28,-3.697314E28,0.0000000,3,Missing,-3.697314E28,-3.697314E28,-3.697314E28,Missing,-3.697314E28,-3.697314E28,-3.697314E28,Missing,-3.697314E28,-3.697314E28,-3.697314E28,Port 0x02: JJH T tibia tracker  s/n:3E4C8800,983140393,1783611273.218704630,1,OK,0.8307139,0.0685029,0.1264051,0.5378136,82.208,-27.838,-1621.688,0.2944558,3,OK,82.425,-27.937,-1621.750,OK,147.697,-95.961,-1639.494,OK,46.927,-109.689,-1609.356,Port 0x03: JJH Y femur tracker  s/n:3E4C8801,983140393,1783611273.218704630,1,OK,0.5633487,-0.0132314,0.4275350,0.7068784,-179.496,53.379,-1484.260,0.3443143,3,OK,-179.399,53.579,-1484.527,OK,-223.461,7.509,-1407.354,OK,-145.289,-19.911,-1437.651
3,Port 0x01: JJH Probe  s/n:3E4C880C,983140396,1783611273.268704630,1,Too Few Markers,-3.697314E28,-3.697314E28,-3.697314E28,-3.697314E28,-3.697314E28,-3.697314E28,-3.697314E28,0.0000000,3,Missing,-3.697314E28,-3.697314E28,-3.697314E28,Missing,-3.697314E28,-3.697314E28,-3.697314E28,Missing,-3.697314E28,-3.697314E28,-3.697314E28,Port 0x02: JJH T tibia tracker  s/n:3E4C8800,983140396,1783611273.268704630,1,OK,0.8310972,0.0621983,0.1301693,0.5370891,82.072,-27.382,-1620.030,0.3135124,3,OK,82.301,-27.469,-1620.094,OK,147.620,-95.721,-1636.799,OK,46.799,-109.079,-1606.501,Port 0x03: JJH Y femur tracker  s/n:3E4C8801,983140396,1783611273.268704630,1,OK,0.5584784,-0.0072183,0.4325952,0.7077508,-176.445,53.087,-1482.028,0.3348404,3,OK,-176.357,53.279,-1482.285,OK,-218.866,7.093,-1404.347,OK,-141.198,-20.121,-1436.079
3,Port 0x01: JJH Probe  s/n:3E4C880C,983140399,1783611273.318666786,1,Too Few Markers,-3.697314E28,-3.697314E28,-3.697314E28,-3.697314E28,-3.697314E28,-3.697314E28,-3.697314E28,0.0000000,3,Missing,-3.697314E28,-3.697314E28,-3.697314E28,Missing,-3.697314E28,-3.697314E28,-3.697314E28,Missing,-3.697314E28,-3.697314E28,-3.697314E28,Port 0x02: JJH T tibia tracker  s/n:3E4C8800,983140399,1783611273.318666786,1,OK,0.8313012,0.0591074,0.1318018,0.5367243,81.919,-27.016,-1619.356,0.3160664,3,OK,82.152,-27.099,-1619.421,OK,147.486,-95.458,-1635.605,OK,46.651,-108.630,-1605.275,Port 0x03: JJH Y femur tracker  s/n:3E4C8801,983140399,1783611273.318666786,1,OK,0.5531690,-0.0006225,0.4382102,0.7085023,-173.277,52.837,-1479.884,0.3558313,3,OK,-173.176,53.032,-1480.160,OK,-214.021,6.726,-1401.335,OK,-136.917,-20.270,-1434.668
3,Port 0x01: JJH Probe  s/n:3E4C880C,983140402,1783611273.368666786,1,Too Few Markers,-3.697314E28,-3.697314E28,-3.697314E28,-3.697314E28,-3.697314E28,-3.697314E28,-3.697314E28,0.0000000,3,Missing,-3.697314E28,-3.697314E28,-3.697314E28,Missing,-3.697314E28,-3.697314E28,-3.697314E28,Missing,-3.697314E28,-3.697314E28,-3.697314E28,Port 0x02: JJH T tibia tracker  s/n:3E4C8800,983140402,1783611273.368666786,1,OK,0.8316975,0.0548714,0.1341625,0.5359747,81.704,-26.608,-1618.087,0.3155678,3,OK,81.933,-26.691,-1618.150,OK,147.268,-95.227,-1633.622,OK,46.402,-108.068,-1603.228,Port 0x03: JJH Y femur tracker  s/n:3E4C8801,983140402,1783611273.368666786,1,OK,0.5480749,0.0059904,0.4431383,0.7093705,-170.016,52.622,-1477.560,0.3279977,3,OK,-169.924,52.758,-1477.773,OK,-209.142,6.367,-1398.318,OK,-132.601,-20.423,-1433.172
3,Port 0x01: JJH Probe  s/n:3E4C880C,983140405,1783611273.418666786,1,Too Few Markers,-3.697314E28,-3.697314E28,-3.697314E28,-3.697314E28,-3.697314E28,-3.697314E28,-3.697314E28,0.0000000,3,Missing,-3.697314E28,-3.697314E28,-3.697314E28,Missing,-3.697314E28,-3.697314E28,-3.697314E28,Missing,-3.697314E28,-3.697314E28,-3.697314E28,Port 0x02: JJH T tibia tracker  s/n:3E4C8800,983140405,1783611273.418666786,1,OK,0.8320260,0.0489967,0.1370025,0.5353152,81.502,-26.247,-1616.899,0.3270727,3,OK,81.765,-26.321,-1616.970,OK,147.084,-95.013,-1631.425,OK,46.216,-107.550,-1601.035,Port 0x03: JJH Y femur tracker  s/n:3E4C8801,983140405,1783611273.418666786,1,OK,0.5426913,0.0122135,0.4486136,0.7099879,-166.793,52.306,-1475.466,0.3402955,3,OK,-166.698,52.449,-1475.696,OK,-204.233,5.959,-1395.442,OK,-128.307,-20.614,-1431.798
3,Port 0x01: JJH Probe  s/n:3E4C880C,983140408,1783611273.468666786,1,Too Few Markers,-3.697314E28,-3.697314E28,-3.697314E28,-3.697314E28,-3.697314E28,-3.697314E28,-3.697314E28,0.0000000,3,Missing,-3.697314E28,-3.697314E28,-3.697314E28,Missing,-3.697314E28,-3.697314E28,-3.697314E28,Missing,-3.697314E28,-3.697314E28,-3.697314E28,Port 0x02: JJH T tibia tracker  s/n:3E4C8800,983140408,1783611273.468666786,1,OK,0.8323182,0.0437728,0.1405241,0.5344000,81.348,-25.698,-1615.245,0.3372613,3,OK,81.596,-25.775,-1615.312,OK,146.963,-94.654,-1628.924,OK,46.033,-106.783,-1598.329,Port 0x03: JJH Y femur tracker  s/n:3E4C8801,983140408,1783611273.468666786,1,OK,0.5375106,0.0165181,0.4536507,0.7106409,-163.561,52.065,-1473.560,0.3107692,3,OK,-163.513,52.263,-1473.814,OK,-199.423,5.687,-1392.911,OK,-124.089,-20.652,-1430.324
3,Port 0x01: JJH Probe  s/n:3E4C880C,983140411,1783611273.518666786,1,Interference,-3.697314E28,-3.697314E28,-3.697314E28,-3.697314E28,-3.697314E28,-3.697314E28,-3.697314E28,0.0000000,3,Missing,-3.697314E28,-3.697314E28,-3.697314E28,Missing,-3.697314E28,-3.697314E28,-3.697314E28,Missing,-3.697314E28,-3.697314E28,-3.697314E28,Port 0x02: JJH T tibia tracker  s/n:3E4C8800,983140411,1783611273.518666786,1,OK,0.8324060,0.0391239,0.1432986,0.5338868,81.250,-25.146,-1613.749,0.3337643,3,OK,81.494,-25.228,-1613.813,OK,146.913,-94.209,-1626.657,OK,45.982,-106.058,-1595.967,Port 0x03: JJH Y femur tracker  s/n:3E4C8801,983140411,1783611273.518666786,1,OK,0.5326685,0.0234173,0.4584075,0.7110404,-160.588,51.865,-1471.712,0.3181795,3,OK,-160.517,52.009,-1471.932,OK,-194.882,5.369,-1390.416,OK,-120.178,-20.820,-1429.390
3,Port 0x01: JJH Probe  s/n:3E4C880C,983140414,1783611273.568666786,1,Too Few Markers,-3.697314E28,-3.697314E28,-3.697314E28,-3.697314E28,-3.697314E28,-3.697314E28,-3.697314E28,0.0000000,3,Missing,-3.697314E28,-3.697314E28,-3.697314E28,Missing,-3.697314E28,-3.697314E28,-3.697314E28,Missing,-3.697314E28,-3.697314E28,-3.697314E28,Port 0x02: JJH T tibia tracker  s/n:3E4C8800,983140414,1783611273.568666786,1,OK,0.8319916,0.0338039,0.1469156,0.5339130,81.420,-24.376,-1612.134,0.3307999,3,OK,81.668,-24.473,-1612.197,OK,147.223,-93.440,-1624.194,OK,46.355,-105.128,-1593.314,Port 0x03: JJH Y femur tracker  s/n:3E4C8801,983140414,1783611273.568666786,1,OK,0.5281932,0.0290949,0.4626652,0.7114115,-157.751,51.674,-1470.073,0.3229991,3,OK,-157.675,51.796,-1470.278,OK,-190.622,5.086,-1388.234,OK,-116.503,-20.949,-1428.495
3,Port 0x01: JJH Probe  s/n:3E4C880C,983140417,1783611273.618666786,1,Too Few Markers,-3.697314E28,-3.697314E28,-3.697314E28,-3.697314E28,-3.697314E28,-3.697314E28,-3.697314E28,0.0000000,3,Missing,-3.697314E28,-3.697314E28,-3.697314E28,Missing,-3.697314E28,-3.697314E28,-3.697314E28,Missing,-3.697314E28,-3.697314E28,-3.697314E28,Port 0x02: JJH T tibia tracker  s/n:3E4C8800,983140417,1783611273.618666786,1,OK,0.8313217,0.0294552,0.1512944,0.5339912,81.631,-23.643,-1611.352,0.3549598,3,OK,81.893,-23.723,-1611.420,OK,147.585,-92.679,-1622.787,OK,46.783,-104.274,-1591.465,Port 0x03: JJH Y femur tracker  s/n:3E4C8801,983140417,1783611273.618666786,1,OK,0.5241679,0.0339633,0.4662534,0.7118302,-155.170,51.560,-1468.741,0.3035494,3,OK,-155.108,51.662,-1468.914,OK,-186.765,4.877,-1386.497,OK,-113.186,-21.012,-1427.816
3,Port 0x01: JJH Probe  s/n:3E4C880C,983140420,1783611273.668666786,1,Interference,-3.697314E28,-3.697314E28,-3.697314E28,-3.697314E28,-3.697314E28,-3.697314E28,-3.697314E28,0.0000000,3,Missing,-3.697314E28,-3.697314E28,-3.697314E28,Missing,-3.697314E28,-3.697314E28,-3.697314E28,Missing,-3.697314E28,-3.697314E28,-3.697314E28,Port 0x02: JJH T tibia tracker  s/n:3E4C8800,983140420,1783611273.668666786,1,OK,0.8310871,0.0281052,0.1534162,0.5338238,81.673,-23.306,-1610.918,0.3358607,3,OK,81.910,-23.406,-1610.977,OK,147.645,-92.373,-1622.182,OK,46.926,-103.832,-1590.598,Port 0x03: JJH Y femur tracker  s/n:3E4C8801,983140420,1783611273.668666786,1,OK,0.5205140,0.0385165,0.4697695,0.7119679,-152.973,51.376,-1467.521,0.3344421,3,OK,-152.895,51.483,-1467.719,OK,-183.413,4.628,-1384.824,OK,-110.332,-21.139,-1427.196
3,Port 0x01: JJH Probe  s/n:3E4C880C,983140423,1783611273.718666786,1,Interference,-3.697314E28,-3.697314E28,-3.697314E28,-3.697314E28,-3.697314E28,-3.697314E28,-3.697314E28,0.0000000,3,Missing,-3.697314E28,-3.697314E28,-3.697314E28,Missing,-3.697314E28,-3.697314E28,-3.697314E28,Missing,-3.697314E28,-3.697314E28,-3.697314E28,Port 0x02: JJH T tibia tracker  s/n:3E4C8800,983140423,1783611273.718666786,1,OK,0.8309866,0.0249977,0.1558341,0.5334343,81.624,-22.911,-1610.003,0.3516942,3,OK,81.875,-23.014,-1610.065,OK,147.628,-92.016,-1620.776,OK,46.921,-103.304,-1589.019,Port 0x03: JJH Y femur tracker  s/n:3E4C8801,983140423,1783611273.718666786,1,OK,0.5174273,0.0419435,0.4724135,0.7122747,-151.061,51.249,-1466.490,0.3224775,3,OK,-150.996,51.352,-1466.672,OK,-180.544,4.434,-1383.512,OK,-107.872,-21.213,-1426.636
3,Port 0x01: JJH Probe  s/n:3E4C880C,983140426,1783611273.768666786,1,Interference,-3.697314E28,-3.697314E28,-3.697314E28,-3.697314E28,-3.697314E28,-3.697314E28,-3.697314E28,0.0000000,3,Missing,-3.697314E28,-3.697314E28,-3.697314E28,Missing,-3.697314E28,-3.697314E28,-3.697314E28,Missing,-3.697314E28,-3.697314E28,-3.697314E28,Port 0x02: JJH T tibia tracker  s/n:3E4C8800,983140426,1783611273.768666786,1,OK,0.8309368,0.0221408,0.1571574,0.5332497,81.594,-22.592,-1609.494,0.3460824,3,OK,81.841,-22.691,-1609.555,OK,147.652,-91.721,-1619.782,OK,46.936,-102.877,-1588.041,Port 0x03: JJH Y femur tracker  s/n:3E4C8801,983140426,1783611273.768666786,1,OK,0.5148808,0.0450323,0.4746328,0.7124560,-149.422,51.151,-1465.733,0.3103518,3,OK,-149.365,51.237,-1465.891,OK,-178.097,4.286,-1382.531,OK,-105.789,-21.280,-1426.310
3,Port 0x01: JJH Probe  s/n:3E4C880C,983140429,1783611273.818666786,1,Interference,-3.697314E28,-3.697314E28,-3.697314E28,-3.697314E28,-3.697314E28,-3.697314E28,-3.697314E28,0.0000000,3,Missing,-3.697314E28,-3.697314E28,-3.697314E28,Missing,-3.697314E28,-3.697314E28,-3.697314E28,Missing,-3.697314E28,-3.697314E28,-3.697314E28,Port 0x02: JJH T tibia tracker  s/n:3E4C8800,983140429,1783611273.818666786,1,OK,0.8310038,0.0205742,0.1580833,0.5329344,81.583,-22.312,-1608.961,0.3341945,3,OK,81.825,-22.408,-1609.020,OK,147.629,-91.488,-1618.981,OK,46.933,-102.510,-1587.222,Port 0x03: JJH Y femur tracker  s/n:3E4C8801,983140429,1783611273.818666786,1,OK,0.5130109,0.0474111,0.4763751,0.7124878,-148.261,51.147,-1465.086,0.3159873,3,OK,-148.196,51.215,-1465.232,OK,-176.341,4.257,-1381.689,OK,-104.309,-21.252,-1425.996
3,Port 0x01: JJH Probe  s/n:3E4C880C,983140432,1783611273.868666786,1,Too Few Markers,-3.697314E28,-3.697314E28,-3.697314E28,-3.697314E28,-3.697314E28,-3.697314E28,-3.697314E28,0.0000000,3,Missing,-3.697314E28,-3.697314E28,-3.697314E28,Missing,-3.697314E28,-3.697314E28,-3.697314E28,Missing,-3.697314E28,-3.697314E28,-3.697314E28,Port 0x02: JJH T tibia tracker  s/n:3E4C8800,983140432,1783611273.868666786,1,OK,0.8308156,0.0196903,0.1592578,0.5329116,81.586,-22.268,-1608.781,0.3547819,3,OK,81.839,-22.372,-1608.843,OK,147.669,-91.426,-1618.690,OK,46.973,-102.431,-1586.778,Port 0x03: JJH Y femur tracker  s/n:3E4C8801,983140432,1783611273.868666786,1,OK,0.5120090,0.0483215,0.4773702,0.7124812,-147.646,51.023,-1464.782,0.3199635,3,OK,-147.588,51.124,-1464.960,OK,-175.412,4.130,-1381.266,OK,-103.525,-21.347,-1425.785
3,Port 0x01: JJH Probe  s/n:3E4C880C,983140435,1783611273.918666786,1,Too Few Markers,-3.697314E28,-3.697314E28,-3.697314E28,-3.697314E28,-3.697314E28,-3.697314E28,-3.697314E28,0.0000000,3,Missing,-3.697314E28,-3.697314E28,-3.697314E28,Missing,-3.697314E28,-3.697314E28,-3.697314E28,Missing,-3.697314E28,-3.697314E28,-3.697314E28,Port 0x02: JJH T tibia tracker  s/n:3E4C8800,983140435,1783611273.918666786,1,OK,0.8308850,0.0196265,0.1588821,0.5329179,81.584,-22.158,-1608.753,0.3463923,3,OK,81.840,-22.271,-1608.814,OK,147.653,-91.314,-1618.630,OK,46.967,-102.319,-1586.804,Port 0x03: JJH Y femur tracker  s/n:3E4C8801,983140435,1783611273.918666786,1,OK,0.5120046,0.0484590,0.4773528,0.7124867,-147.630,51.134,-1464.795,0.3147861,3,OK,-147.569,51.217,-1464.954,OK,-175.390,4.241,-1381.290,OK,-103.508,-21.240,-1425.830
3,Port 0x01: JJH Probe  s/n:3E4C880C,983140438,1783611273.968666786,1,Interference,-3.697314E28,-3.697314E28,-3.697314E28,-3.697314E28,-3.697314E28,-3.697314E28,-3.697314E28,0.0000000,3,Missing,-3.697314E28,-3.697314E28,-3.697314E28,Missing,-3.697314E28,-3.697314E28,-3.697314E28,Missing,-3.697314E28,-3.697314E28,-3.697314E28,Port 0x02: JJH T tibia tracker  s/n:3E4C8800,983140438,1783611273.968666786,1,OK,0.8307294,0.0205898,0.1583938,0.5332693,81.650,-22.276,-1609.150,0.3496682,3,OK,81.906,-22.360,-1609.215,OK,147.754,-91.391,-1619.199,OK,47.065,-102.520,-1587.367,Port 0x03: JJH Y femur tracker  s/n:3E4C8801,983140438,1783611273.968666786,1,OK,0.5131152,0.0472512,0.4761465,0.7125760,-148.311,51.213,-1465.150,0.2995009,3,OK,-148.254,51.266,-1465.269,OK,-176.427,4.317,-1381.806,OK,-104.376,-21.191,-1426.053
3,Port 0x01: JJH Probe  s/n:3E4C880C,983140441,1783611274.018666786,1,Interference,-3.697314E28,-3.697314E28,-3.697314E28,-3.697314E28,-3.697314E28,-3.697314E28,-3.697314E28,0.0000000,3,Missing,-3.697314E28,-3.697314E28,-3.697314E28,Missing,-3.697314E28,-3.697314E28,-3.697314E28,Missing,-3.697314E28,-3.697314E28,-3.697314E28,Port 0x02: JJH T tibia tracker  s/n:3E4C8800,983140441,1783611274.018666786,1,OK,0.8306148,0.0229680,0.1566605,0.5338624,81.711,-22.594,-1610.034,0.3655768,3,OK,81.989,-22.679,-1610.105,OK,147.826,-91.611,-1620.474,OK,47.130,-102.992,-1588.738,Port 0x03: JJH Y femur tracker  s/n:3E4C8801,983140441,1783611274.018666786,1,OK,0.5154370,0.0443885,0.4742236,0.7123667,-149.771,51.294,-1465.862,0.3069795,3,OK,-149.715,51.377,-1466.015,OK,-178.614,4.457,-1382.707,OK,-106.236,-21.141,-1426.342
3,Port 0x01: JJH Probe  s/n:3E4C880C,983140444,1783611274.068666786,1,Interference,-3.697314E28,-3.697314E28,-3.697314E28,-3.697314E28,-3.697314E28,-3.697314E28,-3.697314E28,0.0000000,3,Missing,-3.697314E28,-3.697314E28,-3.697314E28,Missing,-3.697314E28,-3.697314E28,-3.697314E28,Missing,-3.697314E28,-3.697314E28,-3.697314E28,Port 0x02: JJH T tibia tracker  s/n:3E4C8800,983140444,1783611274.068666786,1,OK,0.8305714,0.0277130,0.1526344,0.5348700,81.806,-22.866,-1610.633,0.3407225,3,OK,82.049,-22.970,-1610.693,OK,147.960,-91.765,-1621.828,OK,47.214,-103.486,-1590.411,Port 0x03: JJH Y femur tracker  s/n:3E4C8801,983140444,1783611274.068666786,1,OK,0.5187412,0.0404931,0.4712213,0.7121927,-151.841,51.483,-1466.961,0.3047866,3,OK,-151.783,51.570,-1467.118,OK,-181.724,4.702,-1384.143,OK,-108.884,-21.006,-1426.913
3,Port 0x01: JJH Probe  s/n:3E4C880C,983140447,1783611274.118666785,1,Too Few Markers,-3.697314E28,-3.697314E28,-3.697314E28,-3.697314E28,-3.697314E28,-3.697314E28,-3.697314E28,0.0000000,3,Missing,-3.697314E28,-3.697314E28,-3.697314E28,Missing,-3.697314E28,-3.697314E28,-3.697314E28,Missing,-3.697314E28,-3.697314E28,-3.697314E28,Port 0x02: JJH T tibia tracker  s/n:3E4C8800,983140447,1783611274.118666785,1,OK,0.8308535,0.0300228,0.1488903,0.5353623,81.758,-23.338,-1611.135,0.3320467,3,OK,82.003,-23.433,-1611.196,OK,147.911,-92.176,-1622.619,OK,47.071,-104.108,-1591.694,Port 0x03: JJH Y femur tracker  s/n:3E4C8801,983140447,1783611274.118666785,1,OK,0.5229079,0.0356810,0.4674486,0.7118891,-154.402,51.647,-1468.265,0.3089161,3,OK,-154.336,51.742,-1468.434,OK,-185.590,4.938,-1385.873,OK,-112.191,-20.916,-1427.571
3,Port 0x01: JJH Probe  s/n:3E4C880C,983140450,1783611274.168666785,1,Too Few Markers,-3.697314E28,-3.697314E28,-3.697314E28,-3.697314E28,-3.697314E28,-3.697314E28,-3.697314E28,0.0000000,3,Missing,-3.697314E28,-3.697314E28,-3.697314E28,Missing,-3.697314E28,-3.697314E28,-3.697314E28,Missing,-3.697314E28,-3.697314E28,-3.697314E28,Port 0x02: JJH T tibia tracker  s/n:3E4C8800,983140450,1783611274.168666785,1,OK,0.8305561,0.0369481,0.1444986,0.5365925,81.942,-23.861,-1612.702,0.3303228,3,OK,82.166,-23.964,-1612.758,OK,148.125,-92.506,-1625.343,OK,47.252,-104.923,-1594.599,Port 0x03: JJH Y femur tracker  s/n:3E4C8801,983140450,1783611274.168666785,1,OK,0.5275540,0.0302246,0.4630472,0.7115902,-157.272,51.909,-1469.841,0.2922663,3,OK,-157.212,51.993,-1469.990,OK,-189.919,5.283,-1388.003,OK,-115.902,-20.744,-1428.444
3,Port 0x01: JJH Probe  s/n:3E4C880C,983140453,1783611274.218666785,1,Interference,-3.697314E28,-3.697314E28,-3.697314E28,-3.697314E28,-3.697314E28,-3.697314E28,-3.697314E28,0.0000000,3,Missing,-3.697314E28,-3.697314E28,-3.697314E28,Missing,-3.697314E28,-3.697314E28,-3.697314E28,Missing,-3.697314E28,-3.697314E28,-3.697314E28,Port 0x02: JJH T tibia tracker  s/n:3E4C8800,983140453,1783611274.218666785,1,OK,0.8300821,0.0433547,0.1393621,0.5382029,82.198,-24.409,-1614.605,0.3201739,3,OK,82.426,-24.497,-1614.665,OK,148.446,-92.777,-1628.272,OK,47.574,-105.806,-1597.916,Port 0x03: JJH Y femur tracker  s/n:3E4C8801,983140453,1783611274.218666785,1,OK,0.5324144,0.0232814,0.4587288,0.7110280,-160.410,52.050,-1471.749,0.3015980,3,OK,-160.355,52.199,-1471.960,OK,-194.631,5.593,-1390.435,OK,-119.952,-20.599,-1429.383
3,Port 0x01: JJH Probe  s/n:3E4C880C,983140456,1783611274.268666785,1,Too Few Markers,-3.697314E28,-3.697314E28,-3.697314E28,-3.697314E28,-3.697314E28,-3.697314E28,-3.697314E28,0.0000000,3,Missing,-3.697314E28,-3.697314E28,-3.697314E28,Missing,-3.697314E28,-3.697314E28,-3.697314E28,Missing,-3.697314E28,-3.697314E28,-3.697314E28,Port 0x02: JJH T tibia tracker  s/n:3E4C8800,983140456,1783611274.268666785,1,OK,0.8295987,0.0495297,0.1359160,0.5392954,82.403,-24.883,-1616.177,0.3149361,3,OK,82.619,-24.969,-1616.234,OK,148.670,-93.035,-1630.887,OK,47.822,-106.512,-1600.622,Port 0x03: JJH Y femur tracker  s/n:3E4C8801,983140456,1783611274.268666785,1,OK,0.5376237,0.0158455,0.4537252,0.7105231,-163.717,52.269,-1473.671,0.3098351,3,OK,-163.673,52.480,-1473.934,OK,-199.626,5.947,-1393.019,OK,-124.274,-20.400,-1430.312
3,Port 0x01: JJH Probe  s/n:3E4C880C,983140459,1783611274.318666785,1,Too Few Markers,-3.697314E28,-3.697314E28,-3.697314E28,-3.697314E28,-3.697314E28,-3.697314E28,-3.697314E28,0.0000000,3,Missing,-3.697314E28,-3.697314E28,-3.697314E28,Missing,-3.697314E28,-3.697314E28,-3.697314E28,Missing,-3.697314E28,-3.697314E28,-3.697314E28,Port 0x02: JJH T tibia tracker  s/n:3E4C8800,983140459,1783611274.318666785,1,OK,0.8290442,0.0575263,0.1309109,0.5405911,82.662,-25.484,-1618.408,0.3011204,3,OK,82.873,-25.569,-1618.466,OK,148.914,-93.344,-1634.433,OK,48.110,-107.393,-1604.407,Port 0x03: JJH Y femur tracker  s/n:3E4C8801,983140459,1783611274.318666785,1,OK,0.5432576,0.0112005,0.4483778,0.7097204,-167.111,52.609,-1475.753,0.3347023,3,OK,-167.029,52.768,-1475.988,OK,-204.722,6.351,-1395.777,OK,-128.735,-20.290,-1431.910
3,Port 0x01: JJH Probe  s/n:3E4C880C,983140462,1783611274.368666785,1,Too Few Markers,-3.697314E28,-3.697314E28,-3.697314E28,-3.697314E28,-3.697314E28,-3.697314E28,-3.697314E28,0.0000000,3,Missing,-3.697314E28,-3.697314E28,-3.697314E28,Missing,-3.697314E28,-3.697314E28,-3.697314E28,Missing,-3.697314E28,-3.697314E28,-3.697314E28,Port 0x02: JJH T tibia tracker  s/n:3E4C8800,983140462,1783611274.368666785,1,OK,0.8284417,0.0639049,0.1269655,0.5417381,82.898,-26.030,-1620.757,0.3105366,3,OK,83.135,-26.118,-1620.823,OK,149.147,-93.591,-1637.830,OK,48.389,-108.171,-1607.990,Port 0x03: JJH Y femur tracker  s/n:3E4C8801,983140462,1783611274.368666785,1,OK,0.5487223,0.0048599,0.4430740,0.7089187,-170.476,52.896,-1478.026,0.3549564,3,OK,-170.372,53.064,-1478.283,OK,-209.804,6.755,-1398.769,OK,-133.197,-20.104,-1433.427
3,Port 0x01: JJH Probe  s/n:3E4C880C,983140465,1783611274.418666785,1,Too Few Markers,-3.697314E28,-3.697314E28,-3.697314E28,-3.697314E28,-3.697314E28,-3.697314E28,-3.697314E28,0.0000000,3,Missing,-3.697314E28,-3.697314E28,-3.697314E28,Missing,-3.697314E28,-3.697314E28,-3.697314E28,Missing,-3.697314E28,-3.697314E28,-3.697314E28,Port 0x02: JJH T tibia tracker  s/n:3E4C8800,983140465,1783611274.418666785,1,OK,0.8277964,0.0714866,0.1223405,0.5428403,83.113,-26.488,-1622.870,0.2892728,3,OK,83.330,-26.568,-1622.932,OK,149.351,-93.749,-1641.190,OK,48.632,-108.832,-1611.565,Port 0x03: JJH Y femur tracker  s/n:3E4C8801,983140465,1783611274.418666785,1,OK,0.5542662,-0.0021566,0.4375427,0.7080542,-173.872,53.244,-1480.317,0.3486122,3,OK,-173.778,53.441,-1480.588,OK,-214.944,7.254,-1401.884,OK,-137.742,-19.842,-1434.870
3,Port 0x01: JJH Probe  s/n:3E4C880C,983140468,1783611274.468666785,1,Too Few Markers,-3.697314E28,-3.697314E28,-3.697314E28,-3.697314E28,-3.697314E28,-3.697314E28,-3.697314E28,0.0000000,3,Missing,-3.697314E28,-3.697314E28,-3.697314E28,Missing,-3.697314E28,-3.697314E28,-3.697314E28,Missing,-3.697314E28,-3.697314E28,-3.697314E28,Port 0x02: JJH T tibia tracker  s/n:3E4C8800,983140468,1783611274.468666785,1,OK,0.8270623,0.0788117,0.1182012,0.5438613,83.301,-27.040,-1625.169,0.2854300,3,OK,83.520,-27.105,-1625.233,OK,149.517,-93.978,-1644.700,OK,48.848,-109.578,-1615.225,Port 0x03: JJH Y femur tracker  s/n:3E4C8801,983140468,1783611274.468666785,1,OK,0.5600698,-0.0090247,0.4314781,0.7071542,-177.408,53.533,-1482.735,0.3275838,3,OK,-177.311,53.704,-1482.977,OK,-220.298,7.673,-1405.233,OK,-142.500,-19.662,-1436.550
3,Port 0x01: JJH Probe  s/n:3E4C880C,983140471,1783611274.518666785,1,Too Few Markers,-3.697314E28,-3.697314E28,-3.697314E28,-3.697314E28,-3.697314E28,-3.697314E28,-3.697314E28,0.0000000,3,Missing,-3.697314E28,-3.697314E28,-3.697314E28,Missing,-3.697314E28,-3.697314E28,-3.697314E28,Missing,-3.697314E28,-3.697314E28,-3.697314E28,Port 0x02: JJH T tibia tracker  s/n:3E4C8800,983140471,1783611274.518666785,1,OK,0.8263823,0.0856154,0.1142930,0.5447012,83.532,-27.460,-1627.198,0.2826847,3,OK,83.751,-27.537,-1627.263,OK,149.715,-94.083,-1647.847,OK,49.086,-110.134,-1618.529,Port 0x03: JJH Y femur tracker  s/n:3E4C8801,983140471,1783611274.518666785,1,OK,0.5658852,-0.0166343,0.4256242,0.7059330,-181.074,53.876,-1485.570,0.3726245,3,OK,-180.960,54.106,-1485.877,OK,-225.825,8.200,-1408.956,OK,-147.429,-19.389,-1438.502
3,Port 0x01: JJH Probe  s/n:3E4C880C,983140474,1783611274.568666785,1,Too Few Markers,-3.697314E28,-3.697314E28,-3.697314E28,-3.697314E28,-3.697314E28,-3.697314E28,-3.697314E28,0.0000000,3,Missing,-3.697314E28,-3.697314E28,-3.697314E28,Missing,-3.697314E28,-3.697314E28,-3.697314E28,Missing,-3.697314E28,-3.697314E28,-3.697314E28,Port 0x02: JJH T tibia tracker  s/n:3E4C8800,983140474,1783611274.568666785,1,OK,0.8256683,0.0913700,0.1109317,0.5455433,83.771,-27.824,-1628.721,0.2525795,3,OK,83.964,-27.888,-1628.780,OK,149.954,-94.170,-1650.315,OK,49.384,-110.602,-1621.151,Port 0x03: JJH Y femur tracker  s/n:3E4C8801,983140474,1783611274.568666785,1,OK,0.5721200,-0.0248225,0.4187630,0.7047695,-184.849,54.255,-1488.532,0.3598256,3,OK,-184.743,54.498,-1488.836,OK,-231.580,8.741,-1413.051,OK,-152.602,-19.102,-1440.603
3,Port 0x01: JJH Probe  s/n:3E4C880C,983140477,1783611274.618666785,1,Too Few Markers,-3.697314E28,-3.697314E28,-3.697314E28,-3.697314E28,-3.697314E28,-3.697314E28,-3.697314E28,0.0000000,3,Missing,-3.697314E28,-3.697314E28,-3.697314E28,Missing,-3.697314E28,-3.697314E28,-3.697314E28,Missing,-3.697314E28,-3.697314E28,-3.697314E28,Port 0x02: JJH T tibia tracker  s/n:3E4C8800,983140477,1783611274.618666785,1,OK,0.8250892,0.0966244,0.1077523,0.5461510,83.966,-28.203,-1630.163,0.2562593,3,OK,84.171,-28.276,-1630.227,OK,150.113,-94.273,-1652.605,OK,49.577,-111.065,-1623.604,Port 0x03: JJH Y femur tracker  s/n:3E4C8801,983140477,1783611274.618666785,1,OK,0.5788051,-0.0335776,0.4111728,0.7034161,-188.827,54.640,-1491.837,0.3388087,3,OK,-188.733,54.885,-1492.127,OK,-237.671,9.297,-1417.653,OK,-158.123,-18.823,-1443.041
3,Port 0x01: JJH Probe  s/n:3E4C880C,983140480,1783611274.668666785,1,Too Few Markers,-3.697314E28,-3.697314E28,-3.697314E28,-3.697314E28,-3.697314E28,-3.697314E28,-3.697314E28,0.0000000,3,Missing,-3.697314E28,-3.697314E28,-3.697314E28,Missing,-3.697314E28,-3.697314E28,-3.697314E28,Missing,-3.697314E28,-3.697314E28,-3.697314E28,Port 0x02: JJH T tibia tracker  s/n:3E4C8800,983140480,1783611274.668666785,1,OK,0.8244597,0.1021785,0.1046501,0.5466937,84.113,-28.497,-1631.319,0.2355462,3,OK,84.297,-28.561,-1631.377,OK,150.228,-94.309,-1654.671,OK,49.731,-111.419,-1625.791,Port 0x03: JJH Y femur tracker  s/n:3E4C8801,983140480,1783611274.668666785,1,OK,0.5857513,-0.0427038,0.4032835,0.7017366,-193.018,55.119,-1495.480,0.3405870,3,OK,-192.928,55.385,-1495.780,OK,-244.048,9.983,-1422.679,OK,-163.965,-18.453,-1445.804
3,Port 0x01: JJH Probe  s/n:3E4C880C,983140483,1783611274.718666785,1,Too Few Markers,-3.697314E28,-3.697314E28,-3.697314E28,-3.697314E28,-3.697314E28,-3.697314E28,-3.697314E28,0.0000000,3,Missing,-3.697314E28,-3.697314E28,-3.697314E28,Missing,-3.697314E28,-3.697314E28,-3.697314E28,Missing,-3.697314E28,-3.697314E28,-3.697314E28,Port 0x02: JJH T tibia tracker  s/n:3E4C8800,983140483,1783611274.718666785,1,OK,0.8236580,0.1077254,0.1016308,0.5474065,84.312,-28.811,-1632.967,0.2314997,3,OK,84.496,-28.872,-1633.026,OK,150.412,-94.303,-1657.229,OK,49.965,-111.807,-1628.462,Port 0x03: JJH Y femur tracker  s/n:3E4C8801,983140483,1783611274.718666785,1,OK,0.5929130,-0.0522786,0.3948785,0.6998515,-197.269,55.626,-1499.415,0.3433538,3,OK,-197.179,55.912,-1499.725,OK,-250.549,10.706,-1428.132,OK,-169.977,-18.050,-1448.869
3,Port 0x01: JJH Probe  s/n:3E4C880C,983140486,1783611274.768666785,1,Too Few Markers,-3.697314E28,-3.697314E28,-3.697314E28,-3.697314E28,-3.697314E28,-3.697314E28,-3.697314E28,0.0000000,3,Missing,-3.697314E28,-3.697314E28,-3.697314E28,Missing,-3.697314E28,-3.697314E28,-3.697314E28,Missing,-3.697314E28,-3.697314E28,-3.697314E28,Port 0x02: JJH T tibia tracker  s/n:3E4C8800,983140486,1783611274.768666785,1,OK,0.8228284,0.1135966,0.0982444,0.5480851,84.531,-29.124,-1634.289,0.2307089,3,OK,84.719,-29.171,-1634.349,OK,150.608,-94.272,-1659.500,OK,50.200,-112.186,-1630.893,Port 0x03: JJH Y femur tracker  s/n:3E4C8801,983140486,1783611274.768666785,1,OK,0.6002484,-0.0626865,0.3860675,0.6976562,-201.585,56.119,-1503.714,0.3567716,3,OK,-201.495,56.435,-1504.042,OK,-257.193,11.461,-1434.084,OK,-176.168,-17.626,-1452.250
3,Port 0x01: JJH Probe  s/n:3E4C880C,983140489,1783611274.818698582,1,Too Few Markers,-3.697314E28,-3.697314E28,-3.697314E28,-3.697314E28,-3.697314E28,-3.697314E28,-3.697314E28,0.0000000,3,Missing,-3.697314E28,-3.697314E28,-3.697314E28,Missing,-3.697314E28,-3.697314E28,-3.697314E28,Missing,-3.697314E28,-3.697314E28,-3.697314E28,Port 0x02: JJH T tibia tracker  s/n:3E4C8800,983140489,1783611274.818698582,1,OK,0.8221806,0.1179747,0.0962445,0.5484871,84.693,-29.361,-1635.274,0.2342012,3,OK,84.882,-29.402,-1635.335,OK,150.738,-94.259,-1661.214,OK,50.366,-112.460,-1632.623,Port 0x03: JJH Y femur tracker  s/n:3E4C8801,983140489,1783611274.818698582,1,OK,0.6077177,-0.0728808,0.3767018,0.6953153,-205.932,56.721,-1508.212,0.3555387,3,OK,-205.851,57.048,-1508.536,OK,-263.871,12.311,-1440.388,OK,-182.462,-17.142,-1455.957
3,Port 0x01: JJH Probe  s/n:3E4C880C,983140492,1783611274.868698582,1,Too Few Markers,-3.697314E28,-3.697314E28,-3.697314E28,-3.697314E28,-3.697314E28,-3.697314E28,-3.697314E28,0.0000000,3,Missing,-3.697314E28,-3.697314E28,-3.697314E28,Missing,-3.697314E28,-3.697314E28,-3.697314E28,Missing,-3.697314E28,-3.697314E28,-3.697314E28,Port 0x02: JJH T tibia tracker  s/n:3E4C8800,983140492,1783611274.868698582,1,OK,0.8215132,0.1217480,0.0939383,0.5490620,84.860,-29.610,-1636.258,0.2279846,3,OK,85.054,-29.663,-1636.322,OK,150.900,-94.240,-1662.797,OK,50.585,-112.736,-1634.349,Port 0x03: JJH Y femur tracker  s/n:3E4C8801,983140492,1783611274.868698582,1,OK,0.6150151,-0.0836041,0.3674312,0.6926479,-210.199,57.274,-1513.082,0.3834584,3,OK,-210.112,57.639,-1513.435,OK,-270.435,13.156,-1447.105,OK,-188.727,-16.648,-1459.996
3,Port 0x01: JJH Probe  s/n:3E4C880C,983140495,1783611274.918698582,1,Too Few Markers,-3.697314E28,-3.697314E28,-3.697314E28,-3.697314E28,-3.697314E28,-3.697314E28,-3.697314E28,0.0000000,3,Missing,-3.697314E28,-3.697314E28,-3.697314E28,Missing,-3.697314E28,-3.697314E28,-3.697314E28,Missing,-3.697314E28,-3.697314E28,-3.697314E28,Port 0x02: JJH T tibia tracker  s/n:3E4C8800,983140495,1783611274.918698582,1,OK,0.8210941,0.1240615,0.0932077,0.5492955,85.086,-29.851,-1636.393,0.2238646,3,OK,85.271,-29.895,-1636.454,OK,151.115,-94.347,-1663.332,OK,50.831,-112.993,-1634.831,Port 0x03: JJH Y femur tracker  s/n:3E4C8801,983140495,1783611274.918698582,1,OK,0.6224094,-0.0942580,0.3575828,0.6898235,-214.340,57.901,-1518.057,0.3883945,3,OK,-214.256,58.283,-1518.415,OK,-276.855,14.060,-1454.093,OK,-194.955,-16.105,-1464.257
3,Port 0x01: JJH Probe  s/n:3E4C880C,983140498,1783611274.968698582,1,Too Few Markers,-3.697314E28,-3.697314E28,-3.697314E28,-3.697314E28,-3.697314E28,-3.697314E28,-3.697314E28,0.0000000,3,Missing,-3.697314E28,-3.697314E28,-3.697314E28,Missing,-3.697314E28,-3.697314E28,-3.697314E28,Missing,-3.697314E28,-3.697314E28,-3.697314E28,Port 0x02: JJH T tibia tracker  s/n:3E4C8800,983140498,1783611274.968698582,1,OK,0.8209816,0.1232125,0.0947753,0.5493865,85.231,-30.028,-1635.556,0.2235449,3,OK,85.410,-30.068,-1635.615,OK,151.279,-94.557,-1662.409,OK,51.041,-113.193,-1633.681,Port 0x03: JJH Y femur tracker  s/n:3E4C8801,983140498,1783611274.968698582,1,OK,0.6295126,-0.1054425,0.3478645,0.6867213,-218.390,58.527,-1523.257,0.4163587,3,OK,-218.317,58.946,-1523.634,OK,-283.128,15.019,-1461.359,OK,-201.097,-15.513,-1468.708
3,Port 0x01: JJH Probe  s/n:3E4C880C,983140501,1783611275.018698582,1,Too Few Markers,-3.697314E28,-3.697314E28,-3.697314E28,-3.697314E28,-3.697314E28,-3.697314E28,-3.697314E28,0.0000000,3,Missing,-3.697314E28,-3.697314E28,-3.697314E28,Missing,-3.697314E28,-3.697314E28,-3.697314E28,Missing,-3.697314E28,-3.697314E28,-3.697314E28,Port 0x02: JJH T tibia tracker  s/n:3E4C8800,983140501,1783611275.018698582,1,OK,0.8205954,0.1249741,0.0941289,0.5496766,85.368,-30.246,-1635.398,0.2233136,3,OK,85.550,-30.281,-1635.458,OK,151.414,-94.647,-1662.550,OK,51.217,-113.435,-1633.807,Port 0x03: JJH Y femur tracker  s/n:3E4C8801,983140501,1783611275.018698582,1,OK,0.6365765,-0.1162800,0.3377549,0.6834990,-222.272,59.184,-1528.580,0.4205380,3,OK,-222.214,59.612,-1528.952,OK,-289.173,15.988,-1468.869,OK,-207.107,-14.916,-1473.435
3,Port 0x01: JJH Probe  s/n:3E4C880C,983140504,1783611275.068698582,1,Too Few Markers,-3.697314E28,-3.697314E28,-3.697314E28,-3.697314E28,-3.697314E28,-3.697314E28,-3.697314E28,0.0000000,3,Missing,-3.697314E28,-3.697314E28,-3.697314E28,Missing,-3.697314E28,-3.697314E28,-3.697314E28,Missing,-3.697314E28,-3.697314E28,-3.697314E28,Port 0x02: JJH T tibia tracker  s/n:3E4C8800,983140504,1783611275.068698582,1,OK,0.8202712,0.1255257,0.0942337,0.5500168,85.502,-30.428,-1635.360,0.2370105,3,OK,85.692,-30.487,-1635.425,OK,151.589,-94.732,-1662.622,OK,51.406,-113.640,-1633.815,Port 0x03: JJH Y femur tracker  s/n:3E4C8801,983140504,1783611275.068698582,1,OK,0.6435316,-0.1270819,0.3273086,0.6801370,-225.910,59.891,-1533.991,0.4150802,3,OK,-225.869,60.317,-1534.349,OK,-294.909,16.992,-1476.580,OK,-212.914,-14.269,-1478.353
3,Port 0x01: JJH Probe  s/n:3E4C880C,983140507,1783611275.118698581,1,Too Few Markers,-3.697314E28,-3.697314E28,-3.697314E28,-3.697314E28,-3.697314E28,-3.697314E28,-3.697314E28,0.0000000,3,Missing,-3.697314E28,-3.697314E28,-3.697314E28,Missing,-3.697314E28,-3.697314E28,-3.697314E28,Missing,-3.697314E28,-3.697314E28,-3.697314E28,Port 0x02: JJH T tibia tracker  s/n:3E4C8800,983140507,1783611275.118698581,1,OK,0.8199529,0.1276470,0.0936230,0.5501075,85.657,-30.650,-1634.661,0.2170568,3,OK,85.819,-30.683,-1634.714,OK,151.720,-94.870,-1662.294,OK,51.569,-113.864,-1633.425,Port 0x03: JJH Y femur tracker  s/n:3E4C8801,983140507,1783611275.118698581,1,OK,0.6499542,-0.1372720,0.3175029,0.6766889,-229.274,60.524,-1539.397,0.4259793,3,OK,-229.231,60.962,-1539.760,OK,-300.200,17.927,-1484.182,OK,-218.351,-13.673,-1483.338
3,Port 0x01: JJH Probe  s/n:3E4C880C,983140510,1783611275.168698588,1,Too Few Markers,-3.697314E28,-3.697314E28,-3.697314E28,-3.697314E28,-3.697314E28,-3.697314E28,-3.697314E28,0.0000000,3,Missing,-3.697314E28,-3.697314E28,-3.697314E28,Missing,-3.697314E28,-3.697314E28,-3.697314E28,Missing,-3.697314E28,-3.697314E28,-3.697314E28,Port 0x02: JJH T tibia tracker  s/n:3E4C8800,983140510,1783611275.168698588,1,OK,0.8204889,0.1222201,0.0984249,0.5497024,85.838,-30.728,-1632.497,0.2340651,3,OK,86.005,-30.773,-1632.554,OK,151.933,-95.263,-1659.335,OK,51.812,-113.947,-1629.992,Port 0x03: JJH Y femur tracker  s/n:3E4C8801,983140510,1783611275.168698588,1,OK,0.6563225,-0.1483527,0.3071552,0.6729695,-232.558,61.187,-1544.987,0.4467628,3,OK,-232.533,61.643,-1545.355,OK,-305.422,18.919,-1492.161,OK,-223.778,-13.026,-1488.496
3,Port 0x01: JJH Probe  s/n:3E4C880C,983140513,1783611275.218698581,1,Too Few Markers,-3.697314E28,-3.697314E28,-3.697314E28,-3.697314E28,-3.697314E28,-3.697314E28,-3.697314E28,0.0000000,3,Missing,-3.697314E28,-3.697314E28,-3.697314E28,Missing,-3.697314E28,-3.697314E28,-3.697314E28,Missing,-3.697314E28,-3.697314E28,-3.697314E28,Port 0x02: JJH T tibia tracker  s/n:3E4C8800,983140513,1783611275.218698581,1,OK,0.8220735,0.1084278,0.1078876,0.5484513,86.029,-30.618,-1627.508,0.2473641,3,OK,86.224,-30.681,-1627.572,OK,152.165,-95.915,-1652.172,OK,52.106,-113.757,-1622.189,Port 0x03: JJH Y femur tracker  s/n:3E4C8801,983140513,1783611275.218698581,1,OK,0.6626285,-0.1591451,0.2964398,0.6691186,-235.797,61.820,-1550.874,0.4572993,3,OK,-235.778,62.285,-1551.244,OK,-310.523,19.846,-1500.530,OK,-229.208,-12.422,-1494.094
3,Port 0x01: JJH Probe  s/n:3E4C880C,983140516,1783611275.268698581,1,Too Few Markers,-3.697314E28,-3.697314E28,-3.697314E28,-3.697314E28,-3.697314E28,-3.697314E28,-3.697314E28,0.0000000,3,Missing,-3.697314E28,-3.697314E28,-3.697314E28,Missing,-3.697314E28,-3.697314E28,-3.697314E28,Missing,-3.697314E28,-3.697314E28,-3.697314E28,Port 0x02: JJH T tibia tracker  s/n:3E4C8800,983140516,1783611275.268698581,1,OK,0.8230595,0.0993848,0.1146755,0.5473073,86.174,-30.473,-1623.541,0.2527607,3,OK,86.360,-30.531,-1623.601,OK,152.334,-96.291,-1646.804,OK,52.281,-113.485,-1616.282,Port 0x03: JJH Y femur tracker  s/n:3E4C8801,983140516,1783611275.268698581,1,OK,0.6687427,-0.1708246,0.2848656,0.6651720,-238.964,62.430,-1557.313,0.4833176,3,OK,-238.937,62.920,-1557.700,OK,-315.555,20.687,-1509.668,OK,-234.627,-11.831,-1500.287
3,Port 0x01: JJH Probe  s/n:3E4C880C,983140519,1783611275.318698581,1,Too Few Markers,-3.697314E28,-3.697314E28,-3.697314E28,-3.697314E28,-3.697314E28,-3.697314E28,-3.697314E28,0.0000000,3,Missing,-3.697314E28,-3.697314E28,-3.697314E28,Missing,-3.697314E28,-3.697314E28,-3.697314E28,Missing,-3.697314E28,-3.697314E28,-3.697314E28,Port 0x02: JJH T tibia tracker  s/n:3E4C8800,983140519,1783611275.318698581,1,OK,0.8232957,0.0941900,0.1185569,0.5470435,86.349,-30.468,-1620.683,0.2509558,3,OK,86.542,-30.535,-1620.745,OK,152.562,-96.491,-1643.138,OK,52.576,-113.419,-1612.332,Port 0x03: JJH Y femur tracker  s/n:3E4C8801,983140519,1783611275.318698581,1,OK,0.6762466,-0.1841554,0.2709821,0.6598075,-242.380,63.110,-1564.803,0.4776316,3,OK,-242.359,63.590,-1565.178,OK,-321.096,21.747,-1520.473,OK,-240.824,-11.176,-1507.662
3,Port 0x01: JJH Probe  s/n:3E4C880C,983140522,1783611275.368664984,1,Too Few Markers,-3.697314E28,-3.697314E28,-3.697314E28,-3.697314E28,-3.697314E28,-3.697314E28,-3.697314E28,0.0000000,3,Missing,-3.697314E28,-3.697314E28,-3.697314E28,Missing,-3.697314E28,-3.697314E28,-3.697314E28,Missing,-3.697314E28,-3.697314E28,-3.697314E28,Port 0x02: JJH T tibia tracker  s/n:3E4C8800,983140522,1783611275.368664984,1,OK,0.8239425,0.0839582,0.1260648,0.5460562,86.267,-30.002,-1617.186,0.2973434,3,OK,86.503,-30.089,-1617.260,OK,152.555,-96.432,-1638.036,OK,52.586,-112.787,-1606.674,Port 0x03: JJH Y femur tracker  s/n:3E4C8801,983140522,1783611275.368664984,1,OK,0.6835394,-0.1990597,0.2561686,0.6538553,-245.837,63.935,-1573.266,0.4923612,3,OK,-245.819,64.423,-1573.644,OK,-326.663,22.969,-1532.561,OK,-247.197,-10.312,-1516.016
3,Port 0x01: JJH Probe  s/n:3E4C880C,983140525,1783611275.418664991,1,Too Few Markers,-3.697314E28,-3.697314E28,-3.697314E28,-3.697314E28,-3.697314E28,-3.697314E28,-3.697314E28,0.0000000,3,Missing,-3.697314E28,-3.697314E28,-3.697314E28,Missing,-3.697314E28,-3.697314E28,-3.697314E28,Missing,-3.697314E28,-3.697314E28,-3.697314E28,Port 0x02: JJH T tibia tracker  s/n:3E4C8800,983140525,1783611275.418664991,1,OK,0.8238725,0.0805206,0.1291524,0.5459580,86.333,-29.891,-1615.108,0.3039323,3,OK,86.572,-29.975,-1615.183,OK,152.685,-96.420,-1635.449,OK,52.765,-112.628,-1603.799,Port 0x03: JJH Y femur tracker  s/n:3E4C8801,983140525,1783611275.418664991,1,OK,0.6909147,-0.2147573,0.2407730,0.6469502,-248.966,64.920,-1582.516,0.5173209,3,OK,-248.944,65.428,-1582.907,OK,-331.844,24.442,-1545.680,OK,-253.444,-9.232,-1525.240
3,Port 0x01: JJH Probe  s/n:3E4C880C,983140528,1783611275.468664984,1,Too Few Markers,-3.697314E28,-3.697314E28,-3.697314E28,-3.697314E28,-3.697314E28,-3.697314E28,-3.697314E28,0.0000000,3,Missing,-3.697314E28,-3.697314E28,-3.697314E28,Missing,-3.697314E28,-3.697314E28,-3.697314E28,Missing,-3.697314E28,-3.697314E28,-3.697314E28,Port 0x02: JJH T tibia tracker  s/n:3E4C8800,983140528,1783611275.468664984,1,OK,0.8235476,0.0810871,0.1296354,0.5462498,86.413,-29.809,-1614.111,0.2884317,3,OK,86.624,-29.881,-1614.177,OK,152.811,-96.299,-1634.592,OK,52.929,-112.565,-1602.799,Port 0x03: JJH Y femur tracker  s/n:3E4C8801,983140528,1783611275.468664984,1,OK,0.6985554,-0.2303841,0.2244661,0.6391858,-251.695,66.087,-1592.048,0.5237264,3,OK,-251.659,66.597,-1592.440,OK,-336.552,26.162,-1559.356,OK,-259.458,-7.986,-1534.997
3,Port 0x01: JJH Probe  s/n:3E4C880C,983140531,1783611275.518664984,1,Too Few Markers,-3.697314E28,-3.697314E28,-3.697314E28,-3.697314E28,-3.697314E28,-3.697314E28,-3.697314E28,0.0000000,3,Missing,-3.697314E28,-3.697314E28,-3.697314E28,Missing,-3.697314E28,-3.697314E28,-3.697314E28,Missing,-3.697314E28,-3.697314E28,-3.697314E28,Port 0x02: JJH T tibia tracker  s/n:3E4C8800,983140531,1783611275.518664984,1,OK,0.8233941,0.0786869,0.1318427,0.5463039,86.382,-29.592,-1612.587,0.2879730,3,OK,86.603,-29.670,-1612.656,OK,152.822,-96.121,-1632.710,OK,53.022,-112.318,-1600.719,Port 0x03: JJH Y femur tracker  s/n:3E4C8801,983140531,1783611275.518664984,1,OK,0.7057083,-0.2457005,0.2079281,0.6311679,-253.991,67.287,-1601.785,0.5438380,3,OK,-253.937,67.813,-1602.188,OK,-340.604,27.891,-1573.332,OK,-264.994,-6.726,-1545.138
3,Port 0x01: JJH Probe  s/n:3E4C880C,983140534,1783611275.568664984,1,Too Few Markers,-3.697314E28,-3.697314E28,-3.697314E28,-3.697314E28,-3.697314E28,-3.697314E28,-3.697314E28,0.0000000,3,Missing,-3.697314E28,-3.697314E28,-3.697314E28,Missing,-3.697314E28,-3.697314E28,-3.697314E28,Missing,-3.697314E28,-3.697314E28,-3.697314E28,Port 0x02: JJH T tibia tracker  s/n:3E4C8800,983140534,1783611275.568664984,1,OK,0.8233433,0.0766781,0.1338170,0.5461861,86.323,-29.447,-1611.158,0.2981642,3,OK,86.548,-29.516,-1611.229,OK,152.799,-96.037,-1630.992,OK,53.018,-112.142,-1598.795,Port 0x03: JJH Y femur tracker  s/n:3E4C8801,983140534,1783611275.568664984,1,OK,0.7122816,-0.2603784,0.1919054,0.6229207,-255.698,68.451,-1611.414,0.5618332,3,OK,-255.620,68.993,-1611.828,OK,-343.799,29.591,-1587.120,OK,-269.856,-5.464,-1555.307
3,Port 0x01: JJH Probe  s/n:3E4C880C,983140537,1783611275.618626968,1,Too Few Markers,-3.697314E28,-3.697314E28,-3.697314E28,-3.697314E28,-3.697314E28,-3.697314E28,-3.697314E28,0.0000000,3,Missing,-3.697314E28,-3.697314E28,-3.697314E28,Missing,-3.697314E28,-3.697314E28,-3.697314E28,Missing,-3.697314E28,-3.697314E28,-3.697314E28,Port 0x02: JJH T tibia tracker  s/n:3E4C8800,983140537,1783611275.618626968,1,OK,0.8233927,0.0733989,0.1359184,0.5460433,86.181,-29.256,-1609.636,0.2959719,3,OK,86.421,-29.320,-1609.710,OK,152.691,-95.931,-1628.937,OK,52.966,-111.893,-1596.641,Port 0x03: JJH Y femur tracker  s/n:3E4C8801,983140537,1783611275.618626968,1,OK,0.7182873,-0.2741162,0.1763135,0.6146846,-256.884,69.659,-1620.526,0.5613642,3,OK,-256.795,70.196,-1620.934,OK,-346.237,31.332,-1600.310,OK,-274.018,-4.162,-1565.118
3,Port 0x01: JJH Probe  s/n:3E4C880C,983140540,1783611275.668626975,1,Too Few Markers,-3.697314E28,-3.697314E28,-3.697314E28,-3.697314E28,-3.697314E28,-3.697314E28,-3.697314E28,0.0000000,3,Missing,-3.697314E28,-3.697314E28,-3.697314E28,Missing,-3.697314E28,-3.697314E28,-3.697314E28,Missing,-3.697314E28,-3.697314E28,-3.697314E28,Port 0x02: JJH T tibia tracker  s/n:3E4C8800,983140540,1783611275.668626975,1,OK,0.8234279,0.0725058,0.1381578,0.5455472,86.019,-29.220,-1607.992,0.3003840,3,OK,86.239,-29.299,-1608.061,OK,152.497,-95.997,-1627.221,OK,52.795,-111.774,-1594.564,Port 0x03: JJH Y femur tracker  s/n:3E4C8801,983140540,1783611275.668626975,1,OK,0.7236570,-0.2873400,0.1611639,0.6064507,-257.658,70.751,-1629.541,0.5695404,3,OK,-257.552,71.293,-1629.949,OK,-348.029,32.926,-1613.309,OK,-277.637,-2.961,-1574.924
3,Port 0x01: JJH Probe  s/n:3E4C880C,983140543,1783611275.718626968,1,Too Few Markers,-3.697314E28,-3.697314E28,-3.697314E28,-3.697314E28,-3.697314E28,-3.697314E28,-3.697314E28,0.0000000,3,Missing,-3.697314E28,-3.697314E28,-3.697314E28,Missing,-3.697314E28,-3.697314E28,-3.697314E28,Missing,-3.697314E28,-3.697314E28,-3.697314E28,Port 0x02: JJH T tibia tracker  s/n:3E4C8800,983140543,1783611275.718626968,1,OK,0.8235320,0.0699752,0.1403197,0.5451686,85.766,-28.994,-1606.407,0.2948270,3,OK,85.978,-29.058,-1606.473,OK,152.252,-95.890,-1625.247,OK,52.579,-111.471,-1592.403,Port 0x03: JJH Y femur tracker  s/n:3E4C8801,983140543,1783611275.718626968,1,OK,0.7284359,-0.3003465,0.1468136,0.5980125,-258.027,71.977,-1638.471,0.6173095,3,OK,-257.914,72.555,-1638.906,OK,-349.208,34.699,-1626.100,OK,-280.741,-1.598,-1584.623
3,Port 0x01: JJH Probe  s/n:3E4C880C,983140546,1783611275.768626968,1,Too Few Markers,-3.697314E28,-3.697314E28,-3.697314E28,-3.697314E28,-3.697314E28,-3.697314E28,-3.697314E28,0.0000000,3,Missing,-3.697314E28,-3.697314E28,-3.697314E28,Missing,-3.697314E28,-3.697314E28,-3.697314E28,Missing,-3.697314E28,-3.697314E28,-3.697314E28,Port 0x02: JJH T tibia tracker  s/n:3E4C8800,983140546,1783611275.768626968,1,OK,0.8235769,0.0671397,0.1422936,0.5449457,85.459,-28.994,-1605.337,0.3075984,3,OK,85.698,-29.057,-1605.412,OK,151.961,-95.957,-1623.721,OK,52.327,-111.414,-1590.758,Port 0x03: JJH Y femur tracker  s/n:3E4C8801,983140546,1783611275.768626968,1,OK,0.7329798,-0.3130885,0.1316834,0.5893858,-257.980,73.008,-1647.266,0.6216695,3,OK,-257.852,73.583,-1647.695,OK,-349.829,36.223,-1638.912,OK,-283.384,-0.443,-1594.434
3,Port 0x01: JJH Probe  s/n:3E4C880C,983140549,1783611275.818586368,1,Too Few Markers,-3.697314E28,-3.697314E28,-3.697314E28,-3.697314E28,-3.697314E28,-3.697314E28,-3.697314E28,0.0000000,3,Missing,-3.697314E28,-3.697314E28,-3.697314E28,Missing,-3.697314E28,-3.697314E28,-3.697314E28,Missing,-3.697314E28,-3.697314E28,-3.697314E28,Port 0x02: JJH T tibia tracker  s/n:3E4C8800,983140549,1783611275.818586368,1,OK,0.8236295,0.0670231,0.1429329,0.5447133,85.153,-29.009,-1604.344,0.2979796,3,OK,85.388,-29.087,-1604.416,OK,151.607,-96.011,-1622.722,OK,52.022,-111.389,-1589.659,Port 0x03: JJH Y femur tracker  s/n:3E4C8801,983140549,1783611275.818586368,1,OK,0.7374032,-0.3249348,0.1166291,0.5805614,-257.511,74.199,-1655.951,0.6036027,3,OK,-257.370,74.759,-1656.365,OK,-349.813,37.914,-1651.547,OK,-285.575,0.880,-1604.346
3,Port 0x01: JJH Probe  s/n:3E4C880C,983140552,1783611275.868586368,1,Too Few Markers,-3.697314E28,-3.697314E28,-3.697314E28,-3.697314E28,-3.697314E28,-3.697314E28,-3.697314E28,0.0000000,3,Missing,-3.697314E28,-3.697314E28,-3.697314E28,Missing,-3.697314E28,-3.697314E28,-3.697314E28,Missing,-3.697314E28,-3.697314E28,-3.697314E28,Port 0x02: JJH T tibia tracker  s/n:3E4C8800,983140552,1783611275.868586368,1,OK,0.8234896,0.0656958,0.1451327,0.5445048,84.749,-29.017,-1603.402,0.3249974,3,OK,84.998,-29.093,-1603.479,OK,151.213,-96.058,-1621.627,OK,51.656,-111.362,-1588.250,Port 0x03: JJH Y femur tracker  s/n:3E4C8801,983140552,1783611275.868586368,1,OK,0.7410725,-0.3373437,0.1017469,0.5715403,-256.724,75.305,-1664.607,0.6240721,3,OK,-256.576,75.872,-1665.026,OK,-349.322,39.510,-1664.185,OK,-287.326,2.136,-1614.177
3,Port 0x01: JJH Probe  s/n:3E4C880C,983140555,1783611275.918586375,1,Too Few Markers,-3.697314E28,-3.697314E28,-3.697314E28,-3.697314E28,-3.697314E28,-3.697314E28,-3.697314E28,0.0000000,3,Missing,-3.697314E28,-3.697314E28,-3.697314E28,Missing,-3.697314E28,-3.697314E28,-3.697314E28,Missing,-3.697314E28,-3.697314E28,-3.697314E28,Port 0x02: JJH T tibia tracker  s/n:3E4C8800,983140555,1783611275.918586375,1,OK,0.8236290,0.0654951,0.1459811,0.5440912,84.346,-29.065,-1602.112,0.3044651,3,OK,84.573,-29.126,-1602.184,OK,150.748,-96.197,-1620.323,OK,51.234,-111.358,-1586.813,Port 0x03: JJH Y femur tracker  s/n:3E4C8801,983140555,1783611275.918586375,1,OK,0.7444860,-0.3491305,0.0867186,0.5624308,-255.546,76.332,-1673.112,0.6297147,3,OK,-255.379,76.900,-1673.526,OK,-348.262,41.000,-1676.655,OK,-288.609,3.300,-1624.036
3,Port 0x01: JJH Probe  s/n:3E4C880C,983140558,1783611275.968586368,1,Too Few Markers,-3.697314E28,-3.697314E28,-3.697314E28,-3.697314E28,-3.697314E28,-3.697314E28,-3.697314E28,0.0000000,3,Missing,-3.697314E28,-3.697314E28,-3.697314E28,Missing,-3.697314E28,-3.697314E28,-3.697314E28,Missing,-3.697314E28,-3.697314E28,-3.697314E28,Port 0x02: JJH T tibia tracker  s/n:3E4C8800,983140558,1783611275.968586368,1,OK,0.8236871,0.0647030,0.1478423,0.5435952,83.920,-29.096,-1600.950,0.3070959,3,OK,84.139,-29.173,-1601.018,OK,150.271,-96.318,-1619.082,OK,50.801,-111.308,-1585.287,Port 0x03: JJH Y femur tracker  s/n:3E4C8801,983140558,1783611275.968586368,1,OK,0.7477571,-0.3605808,0.0714042,0.5529396,-253.961,77.509,-1681.394,0.6106185,3,OK,-253.784,78.057,-1681.786,OK,-346.624,42.660,-1688.945,OK,-289.457,4.630,-1633.856
3,Port 0x01: JJH Probe  s/n:3E4C880C,983140561,1783611276.018586368,1,Too Few Markers,-3.697314E28,-3.697314E28,-3.697314E28,-3.697314E28,-3.697314E28,-3.697314E28,-3.697314E28,0.0000000,3,Missing,-3.697314E28,-3.697314E28,-3.697314E28,Missing,-3.697314E28,-3.697314E28,-3.697314E28,Missing,-3.697314E28,-3.697314E28,-3.697314E28,Port 0x02: JJH T tibia tracker  s/n:3E4C8800,983140561,1783611276.018586368,1,OK,0.8238060,0.0638767,0.1490509,0.5431825,83.371,-29.205,-1600.060,0.3172854,3,OK,83.610,-29.265,-1600.136,OK,149.658,-96.496,-1618.072,OK,50.233,-111.385,-1584.126,Port 0x03: JJH Y femur tracker  s/n:3E4C8801,983140561,1783611276.018586368,1,OK,0.7503350,-0.3720740,0.0564890,0.5434770,-252.147,78.525,-1689.575,0.6201170,3,OK,-251.960,79.064,-1689.958,OK,-344.603,44.131,-1701.069,OK,-289.908,5.800,-1643.531
3,Port 0x01: JJH Probe  s/n:3E4C880C,983140564,1783611276.068586368,1,Too Few Markers,-3.697314E28,-3.697314E28,-3.697314E28,-3.697314E28,-3.697314E28,-3.697314E28,-3.697314E28,0.0000000,3,Missing,-3.697314E28,-3.697314E28,-3.697314E28,Missing,-3.697314E28,-3.697314E28,-3.697314E28,Missing,-3.697314E28,-3.697314E28,-3.697314E28,Port 0x02: JJH T tibia tracker  s/n:3E4C8800,983140564,1783611276.068586368,1,OK,0.8239139,0.0637088,0.1498840,0.5428093,82.797,-29.260,-1599.048,0.3096546,3,OK,83.030,-29.322,-1599.122,OK,149.021,-96.617,-1617.051,OK,49.638,-111.394,-1582.970,Port 0x03: JJH Y femur tracker  s/n:3E4C8801,983140564,1783611276.068586368,1,OK,0.7526006,-0.3828308,0.0421216,0.5340961,-250.048,79.623,-1697.281,0.6303456,3,OK,-249.843,80.163,-1697.656,OK,-342.137,45.670,-1712.533,OK,-289.963,7.059,-1652.797
3,Port 0x01: JJH Probe  s/n:3E4C880C,983140567,1783611276.118586373,1,Too Few Markers,-3.697314E28,-3.697314E28,-3.697314E28,-3.697314E28,-3.697314E28,-3.697314E28,-3.697314E28,0.0000000,3,Missing,-3.697314E28,-3.697314E28,-3.697314E28,Missing,-3.697314E28,-3.697314E28,-3.697314E28,Missing,-3.697314E28,-3.697314E28,-3.697314E28,Port 0x02: JJH T tibia tracker  s/n:3E4C8800,983140567,1783611276.118586373,1,OK,0.8238766,0.0629698,0.1514002,0.5425313,82.374,-29.361,-1598.115,0.3225199,3,OK,82.611,-29.424,-1598.191,OK,148.581,-96.766,-1616.041,OK,49.226,-111.452,-1581.732,Port 0x03: JJH Y femur tracker  s/n:3E4C8801,983140567,1783611276.118586373,1,OK,0.7546472,-0.3923942,0.0285766,0.5250883,-247.714,80.513,-1704.461,0.6046129,3,OK,-247.495,81.037,-1704.817,OK,-339.306,46.978,-1723.183,OK,-289.615,8.128,-1661.615
3,Port 0x01: JJH Probe  s/n:3E4C880C,983140570,1783611276.168586373,1,Too Few Markers,-3.697314E28,-3.697314E28,-3.697314E28,-3.697314E28,-3.697314E28,-3.697314E28,-3.697314E28,0.0000000,3,Missing,-3.697314E28,-3.697314E28,-3.697314E28,Missing,-3.697314E28,-3.697314E28,-3.697314E28,Missing,-3.697314E28,-3.697314E28,-3.697314E28,Port 0x02: JJH T tibia tracker  s/n:3E4C8800,983140570,1783611276.168586373,1,OK,0.8238809,0.0620387,0.1524637,0.5423341,81.916,-29.356,-1597.113,0.3127977,3,OK,82.150,-29.413,-1597.188,OK,148.105,-96.810,-1614.899,OK,48.801,-111.404,-1580.483,Port 0x03: JJH Y femur tracker  s/n:3E4C8801,983140570,1783611276.168586373,1,OK,0.7559287,-0.4023254,0.0157594,0.5161955,-245.306,81.380,-1711.337,0.6334635,3,OK,-245.078,81.906,-1711.691,OK,-336.318,48.240,-1733.441,OK,-289.018,9.176,-1669.934
3,Port 0x01: JJH Probe  s/n:3E4C880C,983140573,1783611276.218586373,1,Too Few Markers,-3.697314E28,-3.697314E28,-3.697314E28,-3.697314E28,-3.697314E28,-3.697314E28,-3.697314E28,0.0000000,3,Missing,-3.697314E28,-3.697314E28,-3.697314E28,Missing,-3.697314E28,-3.697314E28,-3.697314E28,Missing,-3.697314E28,-3.697314E28,-3.697314E28,Port 0x02: JJH T tibia tracker  s/n:3E4C8800,983140573,1783611276.218586373,1,OK,0.8239780,0.0601422,0.1542800,0.5418865,81.409,-29.365,-1596.044,0.3291057,3,OK,81.658,-29.430,-1596.124,OK,147.578,-96.898,-1613.542,OK,48.292,-111.331,-1578.947,Port 0x03: JJH Y femur tracker  s/n:3E4C8801,983140573,1783611276.218586373,1,OK,0.7572214,-0.4111531,0.0028526,0.5075045,-242.708,82.246,-1717.674,0.6139398,3,OK,-242.476,82.749,-1718.004,OK,-333.009,49.473,-1743.044,OK,-288.121,10.201,-1677.919
3,Port 0x01: JJH Probe  s/n:3E4C880C,983140576,1783611276.268543153,1,Too Few Markers,-3.697314E28,-3.697314E28,-3.697314E28,-3.697314E28,-3.697314E28,-3.697314E28,-3.697314E28,0.0000000,3,Missing,-3.697314E28,-3.697314E28,-3.697314E28,Missing,-3.697314E28,-3.697314E28,-3.697314E28,Missing,-3.697314E28,-3.697314E28,-3.697314E28,Port 0x02: JJH T tibia tracker  s/n:3E4C8800,983140576,1783611276.268543153,1,OK,0.8241498,0.0594572,0.1558818,0.5412419,80.862,-29.446,-1594.969,0.3350995,3,OK,81.109,-29.523,-1595.047,OK,146.953,-97.085,-1612.389,OK,47.698,-111.323,-1577.552,Port 0x03: JJH Y femur tracker  s/n:3E4C8801,983140576,1783611276.268543153,1,OK,0.7581325,-0.4199235,-0.0097885,0.4988022,-240.004,83.096,-1723.700,0.6101965,3,OK,-239.752,83.572,-1723.992,OK,-329.541,50.677,-1752.306,OK,-286.993,11.216,-1685.558
3,Port 0x01: JJH Probe  s/n:3E4C880C,983140579,1783611276.318543153,1,Too Few Markers,-3.697314E28,-3.697314E28,-3.697314E28,-3.697314E28,-3.697314E28,-3.697314E28,-3.697314E28,0.0000000,3,Missing,-3.697314E28,-3.697314E28,-3.697314E28,Missing,-3.697314E28,-3.697314E28,-3.697314E28,Missing,-3.697314E28,-3.697314E28,-3.697314E28,Port 0x02: JJH T tibia tracker  s/n:3E4C8800,983140579,1783611276.318543153,1,OK,0.8244957,0.0591856,0.1567189,0.5405027,80.225,-29.604,-1594.039,0.3218732,3,OK,80.452,-29.668,-1594.111,OK,146.215,-97.384,-1611.422,OK,46.972,-111.400,-1576.456,Port 0x03: JJH Y femur tracker  s/n:3E4C8801,983140579,1783611276.318543153,1,OK,0.7587323,-0.4279933,-0.0213148,0.4906045,-237.248,83.833,-1729.547,0.6078967,3,OK,-236.994,84.302,-1729.832,OK,-325.919,51.729,-1761.041,OK,-285.694,12.124,-1692.944
3,Port 0x01: JJH Probe  s/n:3E4C880C,983140582,1783611276.368543153,1,Too Few Markers,-3.697314E28,-3.697314E28,-3.697314E28,-3.697314E28,-3.697314E28,-3.697314E28,-3.697314E28,0.0000000,3,Missing,-3.697314E28,-3.697314E28,-3.697314E28,Missing,-3.697314E28,-3.697314E28,-3.697314E28,Missing,-3.697314E28,-3.697314E28,-3.697314E28,Port 0x02: JJH T tibia tracker  s/n:3E4C8800,983140582,1783611276.368543153,1,OK,0.8249451,0.0585150,0.1575933,0.5396350,79.581,-29.747,-1593.261,0.3219921,3,OK,79.814,-29.816,-1593.335,OK,145.440,-97.669,-1610.525,OK,46.212,-111.449,-1575.463,Port 0x03: JJH Y femur tracker  s/n:3E4C8801,983140582,1783611276.368543153,1,OK,0.7592856,-0.4354536,-0.0328883,0.4824768,-234.420,84.592,-1734.875,0.5954265,3,OK,-234.141,85.048,-1735.127,OK,-322.184,52.799,-1769.222,OK,-284.220,13.035,-1699.901
3,Port 0x01: JJH Probe  s/n:3E4C880C,983140585,1783611276.418543153,1,Too Few Markers,-3.697314E28,-3.697314E28,-3.697314E28,-3.697314E28,-3.697314E28,-3.697314E28,-3.697314E28,0.0000000,3,Missing,-3.697314E28,-3.697314E28,-3.697314E28,Missing,-3.697314E28,-3.697314E28,-3.697314E28,Missing,-3.697314E28,-3.697314E28,-3.697314E28,Port 0x02: JJH T tibia tracker  s/n:3E4C8800,983140585,1783611276.418543153,1,OK,0.8251960,0.0576112,0.1585272,0.5390747,78.943,-29.877,-1592.589,0.3211395,3,OK,79.180,-29.943,-1592.665,OK,144.731,-97.897,-1609.703,OK,45.523,-111.507,-1574.552,Port 0x03: JJH Y femur tracker  s/n:3E4C8801,983140585,1783611276.418543153,1,OK,0.7595000,-0.4425436,-0.0432575,0.4748091,-231.628,85.267,-1739.833,0.6020756,3,OK,-231.343,85.723,-1740.079,OK,-318.457,53.766,-1776.741,OK,-282.661,13.871,-1706.319
3,Port 0x01: JJH Probe  s/n:3E4C880C,983140588,1783611276.468543153,1,Too Few Markers,-3.697314E28,-3.697314E28,-3.697314E28,-3.697314E28,-3.697314E28,-3.697314E28,-3.697314E28,0.0000000,3,Missing,-3.697314E28,-3.697314E28,-3.697314E28,Missing,-3.697314E28,-3.697314E28,-3.697314E28,Missing,-3.697314E28,-3.697314E28,-3.697314E28,Port 0x02: JJH T tibia tracker  s/n:3E4C8800,983140588,1783611276.468543153,1,OK,0.8252852,0.0572006,0.1597846,0.5386105,78.461,-29.987,-1591.945,0.3355567,3,OK,78.704,-30.062,-1592.022,OK,144.193,-98.073,-1609.024,OK,45.005,-111.558,-1573.668,Port 0x03: JJH Y femur tracker  s/n:3E4C8801,983140588,1783611276.468543153,1,OK,0.7595271,-0.4489912,-0.0533733,0.4676288,-228.958,85.768,-1744.282,0.5951899,3,OK,-228.653,86.199,-1744.484,OK,-314.861,54.506,-1783.657,OK,-281.041,14.510,-1712.223
3,Port 0x01: JJH Probe  s/n:3E4C880C,983140591,1783611276.518543153,1,Too Few Markers,-3.697314E28,-3.697314E28,-3.697314E28,-3.697314E28,-3.697314E28,-3.697314E28,-3.697314E28,0.0000000,3,Missing,-3.697314E28,-3.697314E28,-3.697314E28,Missing,-3.697314E28,-3.697314E28,-3.697314E28,Missing,-3.697314E28,-3.697314E28,-3.697314E28,Port 0x02: JJH T tibia tracker  s/n:3E4C8800,983140591,1783611276.518543153,1,OK,0.8255400,0.0562232,0.1608176,0.5380152,78.030,-30.179,-1591.368,0.3352311,3,OK,78.272,-30.243,-1591.446,OK,143.695,-98.373,-1608.288,OK,44.518,-111.676,-1572.829,Port 0x03: JJH Y femur tracker  s/n:3E4C8801,983140591,1783611276.518543153,1,OK,0.7593556,-0.4543356,-0.0614257,0.4617197,-226.576,86.070,-1748.014,0.5832334,3,OK,-226.269,86.499,-1748.211,OK,-311.625,54.978,-1789.294,OK,-279.531,14.937,-1717.150
3,Port 0x01: JJH Probe  s/n:3E4C880C,983140594,1783611276.568543153,1,Too Few Markers,-3.697314E28,-3.697314E28,-3.697314E28,-3.697314E28,-3.697314E28,-3.697314E28,-3.697314E28,0.0000000,3,Missing,-3.697314E28,-3.697314E28,-3.697314E28,Missing,-3.697314E28,-3.697314E28,-3.697314E28,Missing,-3.697314E28,-3.697314E28,-3.697314E28,Port 0x02: JJH T tibia tracker  s/n:3E4C8800,983140594,1783611276.568543153,1,OK,0.8259237,0.0554991,0.1617216,0.5372300,77.470,-30.258,-1590.785,0.3472878,3,OK,77.724,-30.321,-1590.867,OK,143.029,-98.575,-1607.582,OK,43.847,-111.674,-1572.017,Port 0x03: JJH Y femur tracker  s/n:3E4C8801,983140594,1783611276.568543153,1,OK,0.7592140,-0.4590961,-0.0685122,0.4562138,-224.540,86.642,-1751.209,0.6160040,3,OK,-224.211,87.062,-1751.376,OK,-308.869,55.768,-1794.271,OK,-278.235,15.625,-1721.358
3,Port 0x01: JJH Probe  s/n:3E4C880C,983140597,1783611276.618543153,1,Too Few Markers,-3.697314E28,-3.697314E28,-3.697314E28,-3.697314E28,-3.697314E28,-3.697314E28,-3.697314E28,0.0000000,3,Missing,-3.697314E28,-3.697314E28,-3.697314E28,Missing,-3.697314E28,-3.697314E28,-3.697314E28,Missing,-3.697314E28,-3.697314E28,-3.697314E28,Port 0x02: JJH T tibia tracker  s/n:3E4C8800,983140597,1783611276.618543153,1,OK,0.8262044,0.0554974,0.1618926,0.5367468,77.097,-30.425,-1590.408,0.3389956,3,OK,77.346,-30.492,-1590.489,OK,142.572,-98.823,-1607.193,OK,43.401,-111.791,-1571.606,Port 0x03: JJH Y femur tracker  s/n:3E4C8801,983140597,1783611276.618543153,1,OK,0.7588474,-0.4631481,-0.0741871,0.4518193,-222.696,86.886,-1753.928,0.6240092,3,OK,-222.368,87.308,-1754.097,OK,-306.354,56.131,-1798.350,OK,-276.994,15.971,-1724.900
3,Port 0x01: JJH Probe  s/n:3E4C880C,983140600,1783611276.668543153,1,Too Few Markers,-3.697314E28,-3.697314E28,-3.697314E28,-3.697314E28,-3.697314E28,-3.697314E28,-3.697314E28,0.0000000,3,Missing,-3.697314E28,-3.697314E28,-3.697314E28,Missing,-3.697314E28,-3.697314E28,-3.697314E28,Missing,-3.697314E28,-3.697314E28,-3.697314E28,Port 0x02: JJH T tibia tracker  s/n:3E4C8800,983140600,1783611276.668543153,1,OK,0.8264053,0.0555311,0.1622816,0.5363164,76.768,-30.458,-1590.071,0.3315924,3,OK,77.007,-30.528,-1590.148,OK,142.177,-98.930,-1606.865,OK,43.017,-111.775,-1571.206,Port 0x03: JJH Y femur tracker  s/n:3E4C8801,983140600,1783611276.668543153,1,OK,0.7587506,-0.4662227,-0.0789597,0.4479947,-221.098,87.278,-1756.171,0.6232927,3,OK,-220.776,87.701,-1756.345,OK,-304.185,56.678,-1801.719,OK,-275.915,16.451,-1727.893
3,Port 0x01: JJH Probe  s/n:3E4C880C,983140603,1783611276.718543153,1,Too Few Markers,-3.697314E28,-3.697314E28,-3.697314E28,-3.697314E28,-3.697314E28,-3.697314E28,-3.697314E28,0.0000000,3,Missing,-3.697314E28,-3.697314E28,-3.697314E28,Missing,-3.697314E28,-3.697314E28,-3.697314E28,Missing,-3.697314E28,-3.697314E28,-3.697314E28,Port 0x02: JJH T tibia tracker  s/n:3E4C8800,983140603,1783611276.718543153,1,OK,0.8264474,0.0549398,0.1628920,0.5361273,76.519,-30.531,-1589.721,0.3373899,3,OK,76.764,-30.598,-1589.800,OK,141.913,-99.033,-1606.423,OK,42.762,-111.818,-1570.703,Port 0x03: JJH Y femur tracker  s/n:3E4C8801,983140603,1783611276.718543153,1,OK,0.7586709,-0.4686235,-0.0834067,0.4448075,-219.810,87.491,-1757.910,0.5989562,3,OK,-219.476,87.908,-1758.064,OK,-302.388,56.986,-1804.447,OK,-275.030,16.725,-1730.374
3,Port 0x01: JJH Probe  s/n:3E4C880C,983140606,1783611276.768543153,1,Too Few Markers,-3.697314E28,-3.697314E28,-3.697314E28,-3.697314E28,-3.697314E28,-3.697314E28,-3.697314E28,0.0000000,3,Missing,-3.697314E28,-3.697314E28,-3.697314E28,Missing,-3.697314E28,-3.697314E28,-3.697314E28,Missing,-3.697314E28,-3.697314E28,-3.697314E28,Port 0x02: JJH T tibia tracker  s/n:3E4C8800,983140606,1783611276.768543153,1,OK,0.8266467,0.0548676,0.1628644,0.5358358,76.275,-30.614,-1589.475,0.3314877,3,OK,76.508,-30.684,-1589.550,OK,141.635,-99.172,-1606.156,OK,42.461,-111.866,-1570.448,Port 0x03: JJH Y femur tracker  s/n:3E4C8801,983140606,1783611276.768543153,1,OK,0.7583841,-0.4710970,-0.0865174,0.4420814,-218.668,87.644,-1759.558,0.6224208,3,OK,-218.339,88.062,-1759.719,OK,-300.842,57.237,-1806.882,OK,-274.239,16.953,-1732.458
3,Port 0x01: JJH Probe  s/n:3E4C880C,983140609,1783611276.818543153,1,Too Few Markers,-3.697314E28,-3.697314E28,-3.697314E28,-3.697314E28,-3.697314E28,-3.697314E28,-3.697314E28,0.0000000,3,Missing,-3.697314E28,-3.697314E28,-3.697314E28,Missing,-3.697314E28,-3.697314E28,-3.697314E28,Missing,-3.697314E28,-3.697314E28,-3.697314E28,Port 0x02: JJH T tibia tracker  s/n:3E4C8800,983140609,1783611276.818543153,1,OK,0.8268462,0.0543892,0.1632523,0.5354585,76.041,-30.694,-1589.307,0.3382723,3,OK,76.288,-30.762,-1589.387,OK,141.344,-99.307,-1605.899,OK,42.176,-111.909,-1570.165,Port 0x03: JJH Y femur tracker  s/n:3E4C8801,983140609,1783611276.818543153,1,OK,0.7583100,-0.4729963,-0.0899828,0.4394810,-217.600,87.825,-1760.777,0.6040105,3,OK,-217.259,88.232,-1760.911,OK,-299.374,57.505,-1808.888,OK,-273.478,17.198,-1734.262
3,Port 0x01: JJH Probe  s/n:3E4C880C,983140612,1783611276.868494233,1,Too Few Markers,-3.697314E28,-3.697314E28,-3.697314E28,-3.697314E28,-3.697314E28,-3.697314E28,-3.697314E28,0.0000000,3,Missing,-3.697314E28,-3.697314E28,-3.697314E28,Missing,-3.697314E28,-3.697314E28,-3.697314E28,Missing,-3.697314E28,-3.697314E28,-3.697314E28,Port 0x02: JJH T tibia tracker  s/n:3E4C8800,983140612,1783611276.868494233,1,OK,0.8269846,0.0541928,0.1637013,0.5351276,75.802,-30.755,-1589.108,0.3370765,3,OK,76.049,-30.825,-1589.188,OK,141.053,-99.420,-1605.669,OK,41.902,-111.930,-1569.874,Port 0x03: JJH Y femur tracker  s/n:3E4C8801,983140612,1783611276.868494233,1,OK,0.7580759,-0.4750137,-0.0929480,0.4370854,-216.624,88.034,-1762.064,0.6187901,3,OK,-216.275,88.440,-1762.187,OK,-298.031,57.790,-1810.897,OK,-272.786,17.463,-1735.993
3,Port 0x01: JJH Probe  s/n:3E4C880C,983140615,1783611276.918494233,1,Too Few Markers,-3.697314E28,-3.697314E28,-3.697314E28,-3.697314E28,-3.697314E28,-3.697314E28,-3.697314E28,0.0000000,3,Missing,-3.697314E28,-3.697314E28,-3.697314E28,Missing,-3.697314E28,-3.697314E28,-3.697314E28,Missing,-3.697314E28,-3.697314E28,-3.697314E28,Port 0x02: JJH T tibia tracker  s/n:3E4C8800,983140615,1783611276.918494233,1,OK,0.8271007,0.0537300,0.1641776,0.5348488,75.601,-30.768,-1588.966,0.3393674,3,OK,75.851,-30.833,-1589.048,OK,140.821,-99.481,-1605.451,OK,41.674,-111.910,-1569.609,Port 0x03: JJH Y femur tracker  s/n:3E4C8801,983140615,1783611276.918494233,1,OK,0.7579252,-0.4767719,-0.0961384,0.4347361,-215.689,88.224,-1763.253,0.6125112,3,OK,-215.315,88.626,-1763.343,OK,-296.729,58.040,-1812.813,OK,-272.113,17.706,-1737.713
3,Port 0x01: JJH Probe  s/n:3E4C880C,983140618,1783611276.968494233,1,Too Few Markers,-3.697314E28,-3.697314E28,-3.697314E28,-3.697314E28,-3.697314E28,-3.697314E28,-3.697314E28,0.0000000,3,Missing,-3.697314E28,-3.697314E28,-3.697314E28,Missing,-3.697314E28,-3.697314E28,-3.697314E28,Missing,-3.697314E28,-3.697314E28,-3.697314E28,Port 0x02: JJH T tibia tracker  s/n:3E4C8800,983140618,1783611276.968494233,1,OK,0.8272218,0.0535299,0.1644794,0.5345888,75.407,-30.813,-1588.717,0.3442847,3,OK,75.657,-30.871,-1588.799,OK,140.597,-99.570,-1605.170,OK,41.439,-111.931,-1569.285,Port 0x03: JJH Y femur tracker  s/n:3E4C8801,983140618,1783611276.968494233,1,OK,0.7577779,-0.4783890,-0.0989012,0.4325912,-214.770,88.377,-1764.438,0.6226153,3,OK,-214.386,88.777,-1764.513,OK,-295.471,58.271,-1814.648,OK,-271.435,17.899,-1739.336
3,Port 0x01: JJH Probe  s/n:3E4C880C,983140621,1783611277.018494233,1,Too Few Markers,-3.697314E28,-3.697314E28,-3.697314E28,-3.697314E28,-3.697314E28,-3.697314E28,-3.697314E28,0.0000000,3,Missing,-3.697314E28,-3.697314E28,-3.697314E28,Missing,-3.697314E28,-3.697314E28,-3.697314E28,Missing,-3.697314E28,-3.697314E28,-3.697314E28,Port 0x02: JJH T tibia tracker  s/n:3E4C8800,983140621,1783611277.018494233,1,OK,0.8273642,0.0527515,0.1650561,0.5342680,75.189,-30.863,-1588.558,0.3527844,3,OK,75.456,-30.928,-1588.646,OK,140.337,-99.662,-1604.875,OK,41.192,-111.937,-1568.957,Port 0x03: JJH Y femur tracker  s/n:3E4C8801,983140621,1783611277.018494233,1,OK,0.7574685,-0.4802583,-0.1014858,0.4304580,-213.885,88.544,-1765.541,0.6544983,3,OK,-213.495,88.941,-1765.604,OK,-294.251,58.504,-1816.404,OK,-270.781,18.110,-1740.797
3,Port 0x01: JJH Probe  s/n:3E4C880C,983140624,1783611277.068494233,1,Too Few Markers,-3.697314E28,-3.697314E28,-3.697314E28,-3.697314E28,-3.697314E28,-3.697314E28,-3.697314E28,0.0000000,3,Missing,-3.697314E28,-3.697314E28,-3.697314E28,Missing,-3.697314E28,-3.697314E28,-3.697314E28,Missing,-3.697314E28,-3.697314E28,-3.697314E28,Port 0x02: JJH T tibia tracker  s/n:3E4C8800,983140624,1783611277.068494233,1,OK,0.8275754,0.0536521,0.1645322,0.5340127,75.029,-30.938,-1588.240,0.3343886,3,OK,75.272,-31.021,-1588.318,OK,140.117,-99.782,-1604.697,OK,40.966,-111.985,-1568.803,Port 0x03: JJH Y femur tracker  s/n:3E4C8801,983140624,1783611277.068494233,1,OK,0.7573248,-0.4817315,-0.1037202,0.4285278,-212.974,88.649,-1766.710,0.6329014,3,OK,-212.609,89.045,-1766.800,OK,-292.989,58.685,-1818.049,OK,-270.115,18.267,-1742.352
3,Port 0x01: JJH Probe  s/n:3E4C880C,983140627,1783611277.118494228,1,Too Few Markers,-3.697314E28,-3.697314E28,-3.697314E28,-3.697314E28,-3.697314E28,-3.697314E28,-3.697314E28,0.0000000,3,Missing,-3.697314E28,-3.697314E28,-3.697314E28,Missing,-3.697314E28,-3.697314E28,-3.697314E28,Missing,-3.697314E28,-3.697314E28,-3.697314E28,Port 0x02: JJH T tibia tracker  s/n:3E4C8800,983140627,1783611277.118494228,1,OK,0.8277210,0.0527999,0.1649465,0.5337442,74.783,-30.888,-1588.177,0.3374455,3,OK,75.033,-30.951,-1588.258,OK,139.852,-99.785,-1604.481,OK,40.692,-111.906,-1568.587,Port 0x03: JJH Y femur tracker  s/n:3E4C8801,983140627,1783611277.118494228,1,OK,0.7570761,-0.4834961,-0.1063794,0.4263223,-212.093,88.928,-1767.736,0.6493229,3,OK,-211.715,89.319,-1767.802,OK,-291.770,59.033,-1819.727,OK,-269.467,18.607,-1743.789
3,Port 0x01: JJH Probe  s/n:3E4C880C,983140630,1783611277.168494228,1,Too Few Markers,-3.697314E28,-3.697314E28,-3.697314E28,-3.697314E28,-3.697314E28,-3.697314E28,-3.697314E28,0.0000000,3,Missing,-3.697314E28,-3.697314E28,-3.697314E28,Missing,-3.697314E28,-3.697314E28,-3.697314E28,Missing,-3.697314E28,-3.697314E28,-3.697314E28,Port 0x02: JJH T tibia tracker  s/n:3E4C8800,983140630,1783611277.168494228,1,OK,0.8277587,0.0517991,0.1655747,0.5335892,74.632,-30.998,-1587.999,0.3456115,3,OK,74.896,-31.073,-1588.084,OK,139.695,-99.913,-1604.134,OK,40.546,-111.976,-1568.216,Port 0x03: JJH Y femur tracker  s/n:3E4C8801,983140630,1783611277.168494228,1,OK,0.7570311,-0.4845877,-0.1089712,0.4245043,-211.171,88.925,-1768.796,0.6053760,3,OK,-210.793,89.325,-1768.872,OK,-290.482,59.079,-1821.261,OK,-268.766,18.631,-1745.359
3,Port 0x01: JJH Probe  s/n:3E4C880C,983140633,1783611277.218494228,1,Too Few Markers,-3.697314E28,-3.697314E28,-3.697314E28,-3.697314E28,-3.697314E28,-3.697314E28,-3.697314E28,0.0000000,3,Missing,-3.697314E28,-3.697314E28,-3.697314E28,Missing,-3.697314E28,-3.697314E28,-3.697314E28,Missing,-3.697314E28,-3.697314E28,-3.697314E28,Port 0x02: JJH T tibia tracker  s/n:3E4C8800,983140633,1783611277.218494228,1,OK,0.8279370,0.0521194,0.1657583,0.5332242,74.406,-31.025,-1587.695,0.3391812,3,OK,74.654,-31.094,-1587.776,OK,139.417,-100.008,-1603.890,OK,40.259,-111.969,-1567.907,Port 0x03: JJH Y femur tracker  s/n:3E4C8801,983140633,1783611277.218494228,1,OK,0.7572268,-0.4859809,-0.1104773,0.4221669,-210.655,89.420,-1769.568,0.6535200,3,OK,-210.254,89.808,-1769.604,OK,-289.807,59.789,-1822.579,OK,-268.518,19.267,-1746.389
3,Port 0x01: JJH Probe  s/n:3E4C880C,983140636,1783611277.268494228,1,Too Few Markers,-3.697314E28,-3.697314E28,-3.697314E28,-3.697314E28,-3.697314E28,-3.697314E28,-3.697314E28,0.0000000,3,Missing,-3.697314E28,-3.697314E28,-3.697314E28,Missing,-3.697314E28,-3.697314E28,-3.697314E28,Missing,-3.697314E28,-3.697314E28,-3.697314E28,Port 0x02: JJH T tibia tracker  s/n:3E4C8800,983140636,1783611277.268494228,1,OK,0.8282547,0.0516912,0.1658386,0.5327473,74.357,-31.113,-1587.791,0.3401274,3,OK,74.611,-31.179,-1587.874,OK,139.299,-100.172,-1603.890,OK,40.126,-112.010,-1567.936,Port 0x03: JJH Y femur tracker  s/n:3E4C8801,983140636,1783611277.268494228,1,OK,0.7569117,-0.4857716,-0.1102786,0.4230239,-210.634,89.070,-1769.497,0.6211938,3,OK,-210.273,89.460,-1769.579,OK,-289.742,59.314,-1822.328,OK,-268.398,18.837,-1746.247
3,Port 0x01: JJH Probe  s/n:3E4C880C,983140639,1783611277.318494228,1,Too Few Markers,-3.697314E28,-3.697314E28,-3.697314E28,-3.697314E28,-3.697314E28,-3.697314E28,-3.697314E28,0.0000000,3,Missing,-3.697314E28,-3.697314E28,-3.697314E28,Missing,-3.697314E28,-3.697314E28,-3.697314E28,Missing,-3.697314E28,-3.697314E28,-3.697314E28,Port 0x02: JJH T tibia tracker  s/n:3E4C8800,983140639,1783611277.318494228,1,OK,0.8281433,0.0526845,0.1652443,0.5330078,74.391,-31.158,-1587.972,0.3358659,3,OK,74.641,-31.228,-1588.053,OK,139.340,-100.169,-1604.240,OK,40.179,-112.101,-1568.309,Port 0x03: JJH Y femur tracker  s/n:3E4C8801,983140639,1783611277.318494228,1,OK,0.7569987,-0.4851466,-0.1096532,0.4237475,-210.983,89.037,-1769.116,0.6181597,3,OK,-210.603,89.434,-1769.187,OK,-290.204,59.239,-1821.779,OK,-268.661,18.772,-1745.780
3,Port 0x01: JJH Probe  s/n:3E4C880C,983140642,1783611277.368494228,1,Too Few Markers,-3.697314E28,-3.697314E28,-3.697314E28,-3.697314E28,-3.697314E28,-3.697314E28,-3.697314E28,0.0000000,3,Missing,-3.697314E28,-3.697314E28,-3.697314E28,Missing,-3.697314E28,-3.697314E28,-3.697314E28,Missing,-3.697314E28,-3.697314E28,-3.697314E28,Port 0x02: JJH T tibia tracker  s/n:3E4C8800,983140642,1783611277.368494228,1,OK,0.8281317,0.0525817,0.1655718,0.5329343,74.452,-31.143,-1587.955,0.3388357,3,OK,74.704,-31.214,-1588.037,OK,139.394,-100.164,-1604.215,OK,40.242,-112.075,-1568.231,Port 0x03: JJH Y femur tracker  s/n:3E4C8801,983140642,1783611277.368494228,1,OK,0.7569068,-0.4849122,-0.1088926,0.4243755,-211.117,88.990,-1768.936,0.6310716,3,OK,-210.738,89.393,-1769.016,OK,-290.425,59.148,-1821.438,OK,-268.728,18.703,-1745.435
3,Port 0x01: JJH Probe  s/n:3E4C880C,983140645,1783611277.418494228,1,Too Few Markers,-3.697314E28,-3.697314E28,-3.697314E28,-3.697314E28,-3.697314E28,-3.697314E28,-3.697314E28,0.0000000,3,Missing,-3.697314E28,-3.697314E28,-3.697314E28,Missing,-3.697314E28,-3.697314E28,-3.697314E28,Missing,-3.697314E28,-3.697314E28,-3.697314E28,Port 0x02: JJH T tibia tracker  s/n:3E4C8800,983140645,1783611277.418494228,1,OK,0.8281588,0.0528568,0.1656561,0.5328389,74.470,-31.066,-1588.023,0.3454768,3,OK,74.724,-31.152,-1588.104,OK,139.393,-100.092,-1604.337,OK,40.238,-111.988,-1568.308,Port 0x03: JJH Y femur tracker  s/n:3E4C8801,983140645,1783611277.418494228,1,OK,0.7570367,-0.4842025,-0.1080784,0.4251616,-211.518,89.012,-1768.464,0.6194864,3,OK,-211.145,89.401,-1768.531,OK,-290.961,59.148,-1820.774,OK,-269.021,18.711,-1744.843
3,Port 0x01: JJH Probe  s/n:3E4C880C,983140648,1783611277.468494228,1,Too Few Markers,-3.697314E28,-3.697314E28,-3.697314E28,-3.697314E28,-3.697314E28,-3.697314E28,-3.697314E28,0.0000000,3,Missing,-3.697314E28,-3.697314E28,-3.697314E28,Missing,-3.697314E28,-3.697314E28,-3.697314E28,Missing,-3.697314E28,-3.697314E28,-3.697314E28,Port 0x02: JJH T tibia tracker  s/n:3E4C8800,983140648,1783611277.468494228,1,OK,0.8281662,0.0531474,0.1649646,0.5330129,74.634,-31.190,-1588.082,0.3316628,3,OK,74.876,-31.251,-1588.161,OK,139.579,-100.207,-1604.427,OK,40.407,-112.147,-1568.505,Port 0x03: JJH Y femur tracker  s/n:3E4C8801,983140648,1783611277.468494228,1,OK,0.7572250,-0.4826188,-0.1058372,0.4271860,-212.344,88.691,-1767.436,0.6125958,3,OK,-211.968,89.092,-1767.517,OK,-292.090,58.744,-1819.187,OK,-269.632,18.317,-1743.463
3,Port 0x01: JJH Probe  s/n:3E4C880C,983140651,1783611277.518494228,1,Too Few Markers,-3.697314E28,-3.697314E28,-3.697314E28,-3.697314E28,-3.697314E28,-3.697314E28,-3.697314E28,0.0000000,3,Missing,-3.697314E28,-3.697314E28,-3.697314E28,Missing,-3.697314E28,-3.697314E28,-3.697314E28,Missing,-3.697314E28,-3.697314E28,-3.697314E28,Port 0x02: JJH T tibia tracker  s/n:3E4C8800,983140651,1783611277.518494228,1,OK,0.8281383,0.0532596,0.1645572,0.5331709,74.859,-31.230,-1588.540,0.3277713,3,OK,75.110,-31.298,-1588.622,OK,139.802,-100.213,-1604.888,OK,40.652,-112.207,-1569.042,Port 0x03: JJH Y femur tracker  s/n:3E4C8801,983140651,1783611277.518494228,1,OK,0.7575171,-0.4803435,-0.1018030,0.4302024,-213.699,88.495,-1765.813,0.6383309,3,OK,-213.323,88.898,-1765.900,OK,-293.992,58.477,-1816.704,OK,-270.645,18.058,-1741.149
3,Port 0x01: JJH Probe  s/n:3E4C880C,983140654,1783611277.568494228,1,Too Few Markers,-3.697314E28,-3.697314E28,-3.697314E28,-3.697314E28,-3.697314E28,-3.697314E28,-3.697314E28,0.0000000,3,Missing,-3.697314E28,-3.697314E28,-3.697314E28,Missing,-3.697314E28,-3.697314E28,-3.697314E28,Missing,-3.697314E28,-3.697314E28,-3.697314E28,Port 0x02: JJH T tibia tracker  s/n:3E4C8800,983140654,1783611277.568494228,1,OK,0.8280673,0.0545956,0.1643568,0.5332079,75.127,-31.252,-1588.926,0.3375489,3,OK,75.369,-31.324,-1589.004,OK,140.064,-100.219,-1605.526,OK,40.893,-112.259,-1569.580,Port 0x03: JJH Y femur tracker  s/n:3E4C8801,983140654,1783611277.568494228,1,OK,0.7579752,-0.4768535,-0.0965949,0.4344581,-215.567,88.256,-1763.515,0.6214686,3,OK,-215.190,88.658,-1763.601,OK,-296.566,58.100,-1813.184,OK,-272.015,17.727,-1738.048
3,Port 0x01: JJH Probe  s/n:3E4C880C,983140657,1783611277.618494228,1,Too Few Markers,-3.697314E28,-3.697314E28,-3.697314E28,-3.697314E28,-3.697314E28,-3.697314E28,-3.697314E28,0.0000000,3,Missing,-3.697314E28,-3.697314E28,-3.697314E28,Missing,-3.697314E28,-3.697314E28,-3.697314E28,Missing,-3.697314E28,-3.697314E28,-3.697314E28,Port 0x02: JJH T tibia tracker  s/n:3E4C8800,983140657,1783611277.618494228,1,OK,0.8280203,0.0549144,0.1639372,0.5333774,75.481,-31.311,-1589.274,0.3309140,3,OK,75.721,-31.385,-1589.352,OK,140.426,-100.252,-1605.919,OK,41.264,-112.342,-1570.028,Port 0x03: JJH Y femur tracker  s/n:3E4C8801,983140657,1783611277.618494228,1,OK,0.7583955,-0.4728044,-0.0900685,0.4395224,-217.699,87.812,-1760.744,0.6049072,3,OK,-217.336,88.220,-1760.856,OK,-299.505,57.493,-1808.877,OK,-273.559,17.181,-1734.261
3,Port 0x01: JJH Probe  s/n:3E4C880C,983140660,1783611277.668494228,1,Too Few Markers,-3.697314E28,-3.697314E28,-3.697314E28,-3.697314E28,-3.697314E28,-3.697314E28,-3.697314E28,0.0000000,3,Missing,-3.697314E28,-3.697314E28,-3.697314E28,Missing,-3.697314E28,-3.697314E28,-3.697314E28,Missing,-3.697314E28,-3.697314E28,-3.697314E28,Port 0x02: JJH T tibia tracker  s/n:3E4C8800,983140660,1783611277.668494228,1,OK,0.8280357,0.0545303,0.1638014,0.5334346,75.849,-31.301,-1589.835,0.3536090,3,OK,76.114,-31.376,-1589.921,OK,140.814,-100.217,-1606.405,OK,41.616,-112.348,-1570.564,Port 0x03: JJH Y femur tracker  s/n:3E4C8801,983140660,1783611277.668494228,1,OK,0.7587792,-0.4681600,-0.0826544,0.4452512,-220.061,87.467,-1757.601,0.6053148,3,OK,-219.723,87.881,-1757.747,OK,-302.748,56.973,-1803.994,OK,-275.221,16.702,-1729.949
3,Port 0x01: JJH Probe  s/n:3E4C880C,983140663,1783611277.718494228,1,Too Few Markers,-3.697314E28,-3.697314E28,-3.697314E28,-3.697314E28,-3.697314E28,-3.697314E28,-3.697314E28,0.0000000,3,Missing,-3.697314E28,-3.697314E28,-3.697314E28,Missing,-3.697314E28,-3.697314E28,-3.697314E28,Missing,-3.697314E28,-3.697314E28,-3.697314E28,Port 0x02: JJH T tibia tracker  s/n:3E4C8800,983140663,1783611277.718494228,1,OK,0.8280001,0.0563396,0.1626895,0.5336420,76.254,-31.301,-1590.260,0.3262067,3,OK,76.487,-31.375,-1590.335,OK,141.204,-100.192,-1607.130,OK,42.018,-112.392,-1571.341,Port 0x03: JJH Y femur tracker  s/n:3E4C8801,983140663,1783611277.718494228,1,OK,0.7589880,-0.4631954,-0.0741212,0.4515454,-222.624,86.986,-1754.087,0.6250546,3,OK,-222.307,87.412,-1754.270,OK,-306.273,56.289,-1798.511,OK,-276.980,16.095,-1725.071
3,Port 0x01: JJH Probe  s/n:3E4C880C,983140666,1783611277.768494228,1,Too Few Markers,-3.697314E28,-3.697314E28,-3.697314E28,-3.697314E28,-3.697314E28,-3.697314E28,-3.697314E28,0.0000000,3,Missing,-3.697314E28,-3.697314E28,-3.697314E28,Missing,-3.697314E28,-3.697314E28,-3.697314E28,Missing,-3.697314E28,-3.697314E28,-3.697314E28,Port 0x02: JJH T tibia tracker  s/n:3E4C8800,983140666,1783611277.768494228,1,OK,0.8279413,0.0564324,0.1620928,0.5339049,76.707,-31.339,-1590.902,0.3325484,3,OK,76.948,-31.412,-1590.980,OK,141.696,-100.183,-1607.773,OK,42.481,-112.468,-1572.083,Port 0x03: JJH Y femur tracker  s/n:3E4C8801,983140666,1783611277.768494228,1,OK,0.7594190,-0.4572603,-0.0659244,0.4580937,-225.288,86.435,-1750.035,0.5931538,3,OK,-224.965,86.863,-1750.216,OK,-309.881,55.511,-1792.435,OK,-278.751,15.391,-1719.853
3,Port 0x01: JJH Probe  s/n:3E4C880C,983140669,1783611277.818494228,1,Too Few Markers,-3.697314E28,-3.697314E28,-3.697314E28,-3.697314E28,-3.697314E28,-3.697314E28,-3.697314E28,0.0000000,3,Missing,-3.697314E28,-3.697314E28,-3.697314E28,Missing,-3.697314E28,-3.697314E28,-3.697314E28,Missing,-3.697314E28,-3.697314E28,-3.697314E28,Port 0x02: JJH T tibia tracker  s/n:3E4C8800,983140669,1783611277.818494228,1,OK,0.8280004,0.0569330,0.1613029,0.5339993,77.133,-31.304,-1591.487,0.3331951,3,OK,77.384,-31.372,-1591.569,OK,142.110,-100.126,-1608.418,OK,42.885,-112.470,-1572.834,Port 0x03: JJH Y femur tracker  s/n:3E4C8801,983140669,1783611277.818494228,1,OK,0.7596007,-0.4510799,-0.0566218,0.4651103,-228.033,85.949,-1745.771,0.5894686,3,OK,-227.733,86.382,-1745.980,OK,-313.589,54.795,-1785.917,OK,-280.504,14.747,-1714.215
3,Port 0x01: JJH Probe  s/n:3E4C880C,983140672,1783611277.868494228,1,Too Few Markers,-3.697314E28,-3.697314E28,-3.697314E28,-3.697314E28,-3.697314E28,-3.697314E28,-3.697314E28,0.0000000,3,Missing,-3.697314E28,-3.697314E28,-3.697314E28,Missing,-3.697314E28,-3.697314E28,-3.697314E28,Missing,-3.697314E28,-3.697314E28,-3.697314E28,Port 0x02: JJH T tibia tracker  s/n:3E4C8800,983140672,1783611277.868494228,1,OK,0.8278201,0.0583304,0.1606446,0.5343264,77.663,-31.312,-1592.083,0.3245353,3,OK,77.889,-31.387,-1592.156,OK,142.674,-100.081,-1609.265,OK,43.438,-112.520,-1573.672,Port 0x03: JJH Y femur tracker  s/n:3E4C8801,983140672,1783611277.868494228,1,OK,0.7595496,-0.4446437,-0.0467141,0.4724344,-230.799,85.276,-1741.302,0.5899106,3,OK,-230.498,85.719,-1741.523,OK,-317.334,53.845,-1779.046,OK,-282.180,13.929,-1708.298
3,Port 0x01: JJH Probe  s/n:3E4C880C,983140675,1783611277.918494228,1,Too Few Markers,-3.697314E28,-3.697314E28,-3.697314E28,-3.697314E28,-3.697314E28,-3.697314E28,-3.697314E28,0.0000000,3,Missing,-3.697314E28,-3.697314E28,-3.697314E28,Missing,-3.697314E28,-3.697314E28,-3.697314E28,Missing,-3.697314E28,-3.697314E28,-3.697314E28,Port 0x02: JJH T tibia tracker  s/n:3E4C8800,983140675,1783611277.918494228,1,OK,0.8276453,0.0585087,0.1605553,0.5346045,78.204,-31.196,-1592.722,0.3407864,3,OK,78.450,-31.262,-1592.803,OK,143.247,-99.906,-1609.943,OK,44.013,-112.455,-1574.344,Port 0x03: JJH Y femur tracker  s/n:3E4C8801,983140675,1783611277.918494228,1,OK,0.7594624,-0.4377174,-0.0364675,0.4798859,-233.453,84.722,-1736.584,0.5870324,3,OK,-233.171,85.184,-1736.841,OK,-320.888,53.027,-1771.775,OK,-283.698,13.216,-1702.152
3,Port 0x01: JJH Probe  s/n:3E4C880C,983140678,1783611277.968541798,1,Too Few Markers,-3.697314E28,-3.697314E28,-3.697314E28,-3.697314E28,-3.697314E28,-3.697314E28,-3.697314E28,0.0000000,3,Missing,-3.697314E28,-3.697314E28,-3.697314E28,Missing,-3.697314E28,-3.697314E28,-3.697314E28,Missing,-3.697314E28,-3.697314E28,-3.697314E28,Port 0x02: JJH T tibia tracker  s/n:3E4C8800,983140678,1783611277.968541798,1,OK,0.8276094,0.0590263,0.1593653,0.5349591,78.667,-31.146,-1593.358,0.3209988,3,OK,78.899,-31.216,-1593.433,OK,143.751,-99.808,-1610.635,OK,44.498,-112.441,-1575.221,Port 0x03: JJH Y femur tracker  s/n:3E4C8801,983140678,1783611277.968541798,1,OK,0.7590190,-0.4310998,-0.0263226,0.4871860,-236.081,84.085,-1731.828,0.6012104,3,OK,-235.822,84.550,-1732.103,OK,-324.364,52.114,-1764.539,OK,-285.111,12.428,-1695.934
3,Port 0x01: JJH Probe  s/n:3E4C880C,983140681,1783611278.018541798,1,Too Few Markers,-3.697314E28,-3.697314E28,-3.697314E28,-3.697314E28,-3.697314E28,-3.697314E28,-3.697314E28,0.0000000,3,Missing,-3.697314E28,-3.697314E28,-3.697314E28,Missing,-3.697314E28,-3.697314E28,-3.697314E28,Missing,-3.697314E28,-3.697314E28,-3.697314E28,Port 0x02: JJH T tibia tracker  s/n:3E4C8800,983140681,1783611278.018541798,1,OK,0.8274573,0.0588723,0.1591149,0.5352858,79.110,-31.173,-1594.122,0.3374837,3,OK,79.362,-31.244,-1594.203,OK,144.246,-99.769,-1611.370,OK,44.976,-112.509,-1576.009,Port 0x03: JJH Y femur tracker  s/n:3E4C8801,983140681,1783611278.018541798,1,OK,0.7584947,-0.4243171,-0.0163017,0.4943431,-238.501,83.320,-1727.006,0.6043866,3,OK,-238.248,83.801,-1727.303,OK,-327.539,51.055,-1757.201,OK,-286.313,11.519,-1689.752
3,Port 0x01: JJH Probe  s/n:3E4C880C,983140684,1783611278.068541798,1,Too Few Markers,-3.697314E28,-3.697314E28,-3.697314E28,-3.697314E28,-3.697314E28,-3.697314E28,-3.697314E28,0.0000000,3,Missing,-3.697314E28,-3.697314E28,-3.697314E28,Missing,-3.697314E28,-3.697314E28,-3.697314E28,Missing,-3.697314E28,-3.697314E28,-3.697314E28,Port 0x02: JJH T tibia tracker  s/n:3E4C8800,983140684,1783611278.068541798,1,OK,0.8275705,0.0599932,0.1581320,0.5352777,79.522,-31.090,-1594.592,0.3246561,3,OK,79.755,-31.158,-1594.667,OK,144.634,-99.691,-1612.011,OK,45.339,-112.446,-1576.734,Port 0x03: JJH Y femur tracker  s/n:3E4C8801,983140684,1783611278.068541798,1,OK,0.7579722,-0.4175124,-0.0066416,0.5011162,-240.708,82.839,-1722.274,0.6109650,3,OK,-240.459,83.334,-1722.587,OK,-330.426,50.317,-1750.032,OK,-287.311,10.894,-1683.755
3,Port 0x01: JJH Probe  s/n:3E4C880C,983140687,1783611278.118541805,1,Too Few Markers,-3.697314E28,-3.697314E28,-3.697314E28,-3.697314E28,-3.697314E28,-3.697314E28,-3.697314E28,0.0000000,3,Missing,-3.697314E28,-3.697314E28,-3.697314E28,Missing,-3.697314E28,-3.697314E28,-3.697314E28,Missing,-3.697314E28,-3.697314E28,-3.697314E28,Port 0x02: JJH T tibia tracker  s/n:3E4C8800,983140687,1783611278.118541805,1,OK,0.8275595,0.0602318,0.1578260,0.5353582,79.880,-31.158,-1595.204,0.3346249,3,OK,80.118,-31.225,-1595.281,OK,145.008,-99.740,-1612.660,OK,45.682,-112.534,-1577.410,Port 0x03: JJH Y femur tracker  s/n:3E4C8801,983140687,1783611278.118541805,1,OK,0.7571893,-0.4109401,0.0031508,0.5077230,-242.739,82.062,-1717.726,0.6188048,3,OK,-242.511,82.574,-1718.068,OK,-333.036,49.274,-1743.002,OK,-288.129,10.007,-1677.940
3,Port 0x01: JJH Probe  s/n:3E4C880C,983140690,1783611278.168541805,1,Too Few Markers,-3.697314E28,-3.697314E28,-3.697314E28,-3.697314E28,-3.697314E28,-3.697314E28,-3.697314E28,0.0000000,3,Missing,-3.697314E28,-3.697314E28,-3.697314E28,Missing,-3.697314E28,-3.697314E28,-3.697314E28,Missing,-3.697314E28,-3.697314E28,-3.697314E28,Port 0x02: JJH T tibia tracker  s/n:3E4C8800,983140690,1783611278.168541805,1,OK,0.8275732,0.0607203,0.1566569,0.5356250,80.220,-31.072,-1595.722,0.3260774,3,OK,80.458,-31.145,-1595.799,OK,145.369,-99.607,-1613.227,OK,46.021,-112.484,-1578.158,Port 0x03: JJH Y femur tracker  s/n:3E4C8801,983140690,1783611278.168541805,1,OK,0.7563380,-0.4046543,0.0118879,0.5138740,-244.595,81.522,-1713.048,0.6185017,3,OK,-244.368,82.035,-1713.392,OK,-335.401,48.462,-1736.094,OK,-288.773,9.336,-1672.156
3,Port 0x01: JJH Probe  s/n:3E4C880C,983140693,1783611278.218541805,1,Too Few Markers,-3.697314E28,-3.697314E28,-3.697314E28,-3.697314E28,-3.697314E28,-3.697314E28,-3.697314E28,0.0000000,3,Missing,-3.697314E28,-3.697314E28,-3.697314E28,Missing,-3.697314E28,-3.697314E28,-3.697314E28,Missing,-3.697314E28,-3.697314E28,-3.697314E28,Port 0x02: JJH T tibia tracker  s/n:3E4C8800,983140693,1783611278.218541805,1,OK,0.8274889,0.0613724,0.1563183,0.5357800,80.614,-31.032,-1596.277,0.3338743,3,OK,80.845,-31.105,-1596.351,OK,145.789,-99.537,-1613.902,OK,46.409,-112.472,-1578.825,Port 0x03: JJH Y femur tracker  s/n:3E4C8801,983140693,1783611278.218541805,1,OK,0.7553401,-0.3984033,0.0205602,0.5199168,-246.308,80.876,-1708.479,0.6205598,3,OK,-246.089,81.392,-1708.828,OK,-337.555,47.540,-1729.296,OK,-289.256,8.562,-1666.511
3,Port 0x01: JJH Probe  s/n:3E4C880C,983140696,1783611278.268541805,1,Too Few Markers,-3.697314E28,-3.697314E28,-3.697314E28,-3.697314E28,-3.697314E28,-3.697314E28,-3.697314E28,0.0000000,3,Missing,-3.697314E28,-3.697314E28,-3.697314E28,Missing,-3.697314E28,-3.697314E28,-3.697314E28,Missing,-3.697314E28,-3.697314E28,-3.697314E28,Port 0x02: JJH T tibia tracker  s/n:3E4C8800,983140696,1783611278.268541805,1,OK,0.8275337,0.0613994,0.1554229,0.5359681,80.882,-31.057,-1596.927,0.3278597,3,OK,81.113,-31.135,-1597.000,OK,146.085,-99.533,-1614.524,OK,46.672,-112.515,-1579.615,Port 0x03: JJH Y femur tracker  s/n:3E4C8801,983140696,1783611278.268541805,1,OK,0.7543997,-0.3916674,0.0291468,0.5259546,-247.960,80.239,-1703.744,0.5955767,3,OK,-247.737,80.747,-1704.082,OK,-339.601,46.622,-1722.297,OK,-289.647,7.800,-1660.812
3,Port 0x01: JJH Probe  s/n:3E4C880C,983140699,1783611278.318541805,1,Too Few Markers,-3.697314E28,-3.697314E28,-3.697314E28,-3.697314E28,-3.697314E28,-3.697314E28,-3.697314E28,0.0000000,3,Missing,-3.697314E28,-3.697314E28,-3.697314E28,Missing,-3.697314E28,-3.697314E28,-3.697314E28,Missing,-3.697314E28,-3.697314E28,-3.697314E28,Port 0x02: JJH T tibia tracker  s/n:3E4C8800,983140699,1783611278.318541805,1,OK,0.8276970,0.0618921,0.1542848,0.5359882,81.199,-31.031,-1597.582,0.3207256,3,OK,81.435,-31.103,-1597.658,OK,146.378,-99.501,-1615.219,OK,46.945,-112.515,-1580.488,Port 0x03: JJH Y femur tracker  s/n:3E4C8801,983140699,1783611278.318541805,1,OK,0.7530716,-0.3851075,0.0385149,0.5320640,-249.490,79.621,-1698.976,0.6172674,3,OK,-249.281,80.151,-1699.341,OK,-341.455,45.728,-1715.116,OK,-289.866,7.069,-1654.929
3,Port 0x01: JJH Probe  s/n:3E4C880C,983140702,1783611278.368541805,1,Too Few Markers,-3.697314E28,-3.697314E28,-3.697314E28,-3.697314E28,-3.697314E28,-3.697314E28,-3.697314E28,0.0000000,3,Missing,-3.697314E28,-3.697314E28,-3.697314E28,Missing,-3.697314E28,-3.697314E28,-3.697314E28,Missing,-3.697314E28,-3.697314E28,-3.697314E28,Port 0x02: JJH T tibia tracker  s/n:3E4C8800,983140702,1783611278.368541805,1,OK,0.8277226,0.0620343,0.1537057,0.5360985,81.436,-31.071,-1598.158,0.3189104,3,OK,81.666,-31.142,-1598.231,OK,146.639,-99.526,-1615.804,OK,47.169,-112.567,-1581.164,Port 0x03: JJH Y femur tracker  s/n:3E4C8801,983140702,1783611278.368541805,1,OK,0.7516933,-0.3782569,0.0476545,0.5381524,-250.952,78.916,-1694.020,0.6143178,3,OK,-250.748,79.452,-1694.392,OK,-343.183,44.727,-1707.760,OK,-289.972,6.250,-1648.962
3,Port 0x01: JJH Probe  s/n:3E4C880C,983140705,1783611278.418541805,1,Too Few Markers,-3.697314E28,-3.697314E28,-3.697314E28,-3.697314E28,-3.697314E28,-3.697314E28,-3.697314E28,0.0000000,3,Missing,-3.697314E28,-3.697314E28,-3.697314E28,Missing,-3.697314E28,-3.697314E28,-3.697314E28,Missing,-3.697314E28,-3.697314E28,-3.697314E28,Port 0x02: JJH T tibia tracker  s/n:3E4C8800,983140705,1783611278.418541805,1,OK,0.8277777,0.0624501,0.1532148,0.5361057,81.743,-31.059,-1598.788,0.3285824,3,OK,81.979,-31.124,-1598.863,OK,146.942,-99.504,-1616.493,OK,47.438,-112.576,-1581.901,Port 0x03: JJH Y femur tracker  s/n:3E4C8801,983140705,1783611278.418541805,1,OK,0.7500616,-0.3714544,0.0569321,0.5442315,-252.292,78.210,-1688.872,0.6119351,3,OK,-252.095,78.742,-1689.242,OK,-344.764,43.723,-1700.210,OK,-289.873,5.440,-1642.780
3,Port 0x01: JJH Probe  s/n:3E4C880C,983140708,1783611278.468541805,1,Too Few Markers,-3.697314E28,-3.697314E28,-3.697314E28,-3.697314E28,-3.697314E28,-3.697314E28,-3.697314E28,0.0000000,3,Missing,-3.697314E28,-3.697314E28,-3.697314E28,Missing,-3.697314E28,-3.697314E28,-3.697314E28,Missing,-3.697314E28,-3.697314E28,-3.697314E28,Port 0x02: JJH T tibia tracker  s/n:3E4C8800,983140708,1783611278.468541805,1,OK,0.8278712,0.0629523,0.1519952,0.5362497,82.040,-31.086,-1599.474,0.3146379,3,OK,82.271,-31.163,-1599.547,OK,147.240,-99.506,-1617.224,OK,47.716,-112.620,-1582.825,Port 0x03: JJH Y femur tracker  s/n:3E4C8801,983140708,1783611278.468541805,1,OK,0.7482965,-0.3636215,0.0668552,0.5507833,-253.559,77.449,-1683.473,0.6058105,3,OK,-253.371,77.987,-1683.852,OK,-346.168,42.626,-1692.161,OK,-289.588,4.546,-1636.384
3,Port 0x01: JJH Probe  s/n:3E4C880C,983140711,1783611278.518541805,1,Too Few Markers,-3.697314E28,-3.697314E28,-3.697314E28,-3.697314E28,-3.697314E28,-3.697314E28,-3.697314E28,0.0000000,3,Missing,-3.697314E28,-3.697314E28,-3.697314E28,Missing,-3.697314E28,-3.697314E28,-3.697314E28,Missing,-3.697314E28,-3.697314E28,-3.697314E28,Port 0x02: JJH T tibia tracker  s/n:3E4C8800,983140711,1783611278.518541805,1,OK,0.8279412,0.0635501,0.1514268,0.5362319,82.286,-30.972,-1600.202,0.3224587,3,OK,82.518,-31.036,-1600.277,OK,147.479,-99.389,-1618.043,OK,47.915,-112.532,-1583.688,Port 0x03: JJH Y femur tracker  s/n:3E4C8801,983140711,1783611278.518541805,1,OK,0.7464426,-0.3551645,0.0776110,0.5573672,-254.756,76.851,-1677.749,0.6071002,3,OK,-254.572,77.404,-1678.143,OK,-347.446,41.729,-1683.590,OK,-289.169,3.840,-1629.642
3,Port 0x01: JJH Probe  s/n:3E4C880C,983140714,1783611278.568541805,1,Too Few Markers,-3.697314E28,-3.697314E28,-3.697314E28,-3.697314E28,-3.697314E28,-3.697314E28,-3.697314E28,0.0000000,3,Missing,-3.697314E28,-3.697314E28,-3.697314E28,Missing,-3.697314E28,-3.697314E28,-3.697314E28,Missing,-3.697314E28,-3.697314E28,-3.697314E28,Port 0x02: JJH T tibia tracker  s/n:3E4C8800,983140714,1783611278.568541805,1,OK,0.8280203,0.0630227,0.1505618,0.5364155,82.575,-31.031,-1600.898,0.3221664,3,OK,82.813,-31.094,-1600.974,OK,147.813,-99.425,-1618.609,OK,48.196,-112.605,-1584.463,Port 0x03: JJH Y femur tracker  s/n:3E4C8801,983140714,1783611278.568541805,1,OK,0.7439359,-0.3474069,0.0883179,0.5639749,-255.755,75.932,-1671.930,0.6366551,3,OK,-255.587,76.506,-1672.347,OK,-348.444,40.465,-1674.992,OK,-288.435,2.810,-1622.712
3,Port 0x01: JJH Probe  s/n:3E4C880C,983140717,1783611278.618588848,1,Too Few Markers,-3.697314E28,-3.697314E28,-3.697314E28,-3.697314E28,-3.697314E28,-3.697314E28,-3.697314E28,0.0000000,3,Missing,-3.697314E28,-3.697314E28,-3.697314E28,Missing,-3.697314E28,-3.697314E28,-3.697314E28,Missing,-3.697314E28,-3.697314E28,-3.697314E28,Port 0x02: JJH T tibia tracker  s/n:3E4C8800,983140717,1783611278.618588848,1,OK,0.8282282,0.0624828,0.1502267,0.5362518,82.808,-30.888,-1601.457,0.3304875,3,OK,83.058,-30.960,-1601.536,OK,148.033,-99.305,-1619.048,OK,48.375,-112.443,-1585.011,Port 0x03: JJH Y femur tracker  s/n:3E4C8801,983140717,1783611278.618588848,1,OK,0.7417733,-0.3387712,0.0984687,0.5703598,-256.563,75.328,-1665.829,0.6102913,3,OK,-256.408,75.885,-1666.235,OK,-349.174,39.536,-1666.163,OK,-287.533,2.081,-1615.772
3,Port 0x01: JJH Probe  s/n:3E4C880C,983140720,1783611278.668588848,1,Too Few Markers,-3.697314E28,-3.697314E28,-3.697314E28,-3.697314E28,-3.697314E28,-3.697314E28,-3.697314E28,0.0000000,3,Missing,-3.697314E28,-3.697314E28,-3.697314E28,Missing,-3.697314E28,-3.697314E28,-3.697314E28,Missing,-3.697314E28,-3.697314E28,-3.697314E28,Port 0x02: JJH T tibia tracker  s/n:3E4C8800,983140720,1783611278.668588848,1,OK,0.8282763,0.0624471,0.1500301,0.5362366,83.003,-30.871,-1601.934,0.3323834,3,OK,83.246,-30.945,-1602.010,OK,148.243,-99.296,-1619.515,OK,48.548,-112.421,-1585.510,Port 0x03: JJH Y femur tracker  s/n:3E4C8801,983140720,1783611278.668588848,1,OK,0.7391012,-0.3304650,0.1090691,0.5767376,-257.257,74.515,-1659.966,0.6242442,3,OK,-257.112,75.087,-1660.388,OK,-349.694,38.378,-1657.502,OK,-286.452,1.162,-1608.977
3,Port 0x01: JJH Probe  s/n:3E4C880C,983140723,1783611278.718588848,1,Too Few Markers,-3.697314E28,-3.697314E28,-3.697314E28,-3.697314E28,-3.697314E28,-3.697314E28,-3.697314E28,0.0000000,3,Missing,-3.697314E28,-3.697314E28,-3.697314E28,Missing,-3.697314E28,-3.697314E28,-3.697314E28,Missing,-3.697314E28,-3.697314E28,-3.697314E28,Port 0x02: JJH T tibia tracker  s/n:3E4C8800,983140723,1783611278.718588848,1,OK,0.8283281,0.0633410,0.1490568,0.5363232,83.259,-30.828,-1602.582,0.3261366,3,OK,83.489,-30.904,-1602.654,OK,148.502,-99.235,-1620.296,OK,48.770,-112.397,-1586.391,Port 0x03: JJH Y femur tracker  s/n:3E4C8801,983140723,1783611278.718588848,1,OK,0.7364390,-0.3220751,0.1192357,0.5828449,-257.692,73.739,-1654.019,0.6122164,3,OK,-257.554,74.306,-1654.438,OK,-349.884,37.260,-1648.846,OK,-285.131,0.291,-1602.235
3,Port 0x01: JJH Probe  s/n:3E4C880C,983140726,1783611278.768588848,1,Too Few Markers,-3.697314E28,-3.697314E28,-3.697314E28,-3.697314E28,-3.697314E28,-3.697314E28,-3.697314E28,0.0000000,3,Missing,-3.697314E28,-3.697314E28,-3.697314E28,Missing,-3.697314E28,-3.697314E28,-3.697314E28,Missing,-3.697314E28,-3.697314E28,-3.697314E28,Port 0x02: JJH T tibia tracker  s/n:3E4C8800,983140726,1783611278.768588848,1,OK,0.8283986,0.0635934,0.1480148,0.5364729,83.464,-30.782,-1603.293,0.3133316,3,OK,83.690,-30.856,-1603.364,OK,148.718,-99.170,-1621.012,OK,48.966,-112.371,-1587.287,Port 0x03: JJH Y femur tracker  s/n:3E4C8801,983140726,1783611278.768588848,1,OK,0.7336518,-0.3136773,0.1292963,0.5887649,-257.968,73.087,-1648.172,0.6238125,3,OK,-257.841,73.665,-1648.603,OK,-349.848,36.287,-1640.333,OK,-283.635,-0.479,-1595.626
3,Port 0x01: JJH Probe  s/n:3E4C880C,983140729,1783611278.818588848,1,Too Few Markers,-3.697314E28,-3.697314E28,-3.697314E28,-3.697314E28,-3.697314E28,-3.697314E28,-3.697314E28,0.0000000,3,Missing,-3.697314E28,-3.697314E28,-3.697314E28,Missing,-3.697314E28,-3.697314E28,-3.697314E28,Missing,-3.697314E28,-3.697314E28,-3.697314E28,Port 0x02: JJH T tibia tracker  s/n:3E4C8800,983140729,1783611278.818588848,1,OK,0.8284707,0.0634494,0.1477677,0.5364468,83.635,-30.764,-1603.856,0.3241303,3,OK,83.874,-30.854,-1603.930,OK,148.886,-99.144,-1621.537,OK,49.111,-112.350,-1587.869,Port 0x03: JJH Y femur tracker  s/n:3E4C8801,983140729,1783611278.818588848,1,OK,0.7307753,-0.3053849,0.1388537,0.5944974,-258.093,72.301,-1642.396,0.6051028,3,OK,-257.970,72.868,-1642.818,OK,-349.582,35.148,-1631.990,OK,-282.008,-1.362,-1589.217
3,Port 0x01: JJH Probe  s/n:3E4C880C,983140732,1783611278.868588848,1,Too Few Markers,-3.697314E28,-3.697314E28,-3.697314E28,-3.697314E28,-3.697314E28,-3.697314E28,-3.697314E28,0.0000000,3,Missing,-3.697314E28,-3.697314E28,-3.697314E28,Missing,-3.697314E28,-3.697314E28,-3.697314E28,Missing,-3.697314E28,-3.697314E28,-3.697314E28,Port 0x02: JJH T tibia tracker  s/n:3E4C8800,983140732,1783611278.868588848,1,OK,0.8286015,0.0622777,0.1477541,0.5363859,83.812,-30.677,-1604.425,0.3409198,3,OK,84.072,-30.753,-1604.506,OK,149.087,-99.073,-1621.885,OK,49.261,-112.260,-1588.317,Port 0x03: JJH Y femur tracker  s/n:3E4C8801,983140732,1783611278.868588848,1,OK,0.7279001,-0.2971357,0.1482948,0.5999004,-257.993,71.645,-1636.633,0.5863440,3,OK,-257.874,72.199,-1637.046,OK,-349.051,34.179,-1623.716,OK,-280.184,-2.102,-1582.875
3,Port 0x01: JJH Probe  s/n:3E4C880C,983140735,1783611278.918588848,1,Too Few Markers,-3.697314E28,-3.697314E28,-3.697314E28,-3.697314E28,-3.697314E28,-3.697314E28,-3.697314E28,0.0000000,3,Missing,-3.697314E28,-3.697314E28,-3.697314E28,Missing,-3.697314E28,-3.697314E28,-3.697314E28,Missing,-3.697314E28,-3.697314E28,-3.697314E28,Port 0x02: JJH T tibia tracker  s/n:3E4C8800,983140735,1783611278.918588848,1,OK,0.8287266,0.0628311,0.1466181,0.5364398,83.977,-30.619,-1604.786,0.3128938,3,OK,84.212,-30.698,-1604.858,OK,149.247,-99.020,-1622.302,OK,49.405,-112.201,-1588.909,Port 0x03: JJH Y femur tracker  s/n:3E4C8801,983140735,1783611278.918588848,1,OK,0.7248500,-0.2889424,0.1576596,0.6051844,-257.764,70.979,-1631.148,0.5847042,3,OK,-257.660,71.534,-1631.564,OK,-348.288,33.194,-1615.740,OK,-278.239,-2.857,-1576.844
3,Port 0x01: JJH Probe  s/n:3E4C880C,983140738,1783611278.968588848,1,Too Few Markers,-3.697314E28,-3.697314E28,-3.697314E28,-3.697314E28,-3.697314E28,-3.697314E28,-3.697314E28,0.0000000,3,Missing,-3.697314E28,-3.697314E28,-3.697314E28,Missing,-3.697314E28,-3.697314E28,-3.697314E28,Missing,-3.697314E28,-3.697314E28,-3.697314E28,Port 0x02: JJH T tibia tracker  s/n:3E4C8800,983140738,1783611278.968588848,1,OK,0.8287682,0.0630820,0.1463059,0.5364313,84.069,-30.625,-1605.241,0.3221641,3,OK,84.308,-30.692,-1605.315,OK,149.343,-99.025,-1622.795,OK,49.466,-112.225,-1589.429,Port 0x03: JJH Y femur tracker  s/n:3E4C8801,983140738,1783611278.968588848,1,OK,0.7220977,-0.2808270,0.1662865,0.6099672,-257.454,70.354,-1625.978,0.5517012,3,OK,-257.344,70.888,-1626.377,OK,-347.438,32.276,-1608.252,OK,-276.336,-3.553,-1571.297
3,Port 0x01: JJH Probe  s/n:3E4C880C,983140741,1783611279.018588848,1,Too Few Markers,-3.697314E28,-3.697314E28,-3.697314E28,-3.697314E28,-3.697314E28,-3.697314E28,-3.697314E28,0.0000000,3,Missing,-3.697314E28,-3.697314E28,-3.697314E28,Missing,-3.697314E28,-3.697314E28,-3.697314E28,Missing,-3.697314E28,-3.697314E28,-3.697314E28,Port 0x02: JJH T tibia tracker  s/n:3E4C8800,983140741,1783611279.018588848,1,OK,0.8288091,0.0633663,0.1460250,0.5364110,84.227,-30.606,-1605.637,0.3270721,3,OK,84.457,-30.683,-1605.708,OK,149.511,-99.006,-1623.239,OK,49.593,-112.201,-1589.890,Port 0x03: JJH Y femur tracker  s/n:3E4C8801,983140741,1783611279.018588848,1,OK,0.7189934,-0.2739830,0.1746515,0.6143929,-256.967,69.706,-1621.103,0.5815701,3,OK,-256.864,70.269,-1621.526,OK,-346.372,31.351,-1601.205,OK,-274.308,-4.255,-1565.924
3,Port 0x01: JJH Probe  s/n:3E4C880C,983140744,1783611279.068626221,1,Too Few Markers,-3.697314E28,-3.697314E28,-3.697314E28,-3.697314E28,-3.697314E28,-3.697314E28,-3.697314E28,0.0000000,3,Missing,-3.697314E28,-3.697314E28,-3.697314E28,Missing,-3.697314E28,-3.697314E28,-3.697314E28,Missing,-3.697314E28,-3.697314E28,-3.697314E28,Port 0x02: JJH T tibia tracker  s/n:3E4C8800,983140744,1783611279.068626221,1,OK,0.8288463,0.0635219,0.1450495,0.5365999,84.297,-30.626,-1606.275,0.3249454,3,OK,84.542,-30.706,-1606.350,OK,149.586,-98.985,-1623.864,OK,49.661,-112.252,-1590.693,Port 0x03: JJH Y femur tracker  s/n:3E4C8801,983140744,1783611279.068626221,1,OK,0.7161251,-0.2669354,0.1823044,0.6186077,-256.461,69.097,-1616.555,0.5604240,3,OK,-256.366,69.642,-1616.965,OK,-345.276,30.462,-1594.630,OK,-272.313,-4.924,-1561.059
3,Port 0x01: JJH Probe  s/n:3E4C880C,983140747,1783611279.118626220,1,Too Few Markers,-3.697314E28,-3.697314E28,-3.697314E28,-3.697314E28,-3.697314E28,-3.697314E28,-3.697314E28,0.0000000,3,Missing,-3.697314E28,-3.697314E28,-3.697314E28,Missing,-3.697314E28,-3.697314E28,-3.697314E28,Missing,-3.697314E28,-3.697314E28,-3.697314E28,Port 0x02: JJH T tibia tracker  s/n:3E4C8800,983140747,1783611279.118626220,1,OK,0.8288258,0.0648188,0.1438755,0.5367924,84.346,-30.643,-1606.920,0.3178349,3,OK,84.579,-30.726,-1606.992,OK,149.641,-98.961,-1624.711,OK,49.690,-112.306,-1591.643,Port 0x03: JJH Y femur tracker  s/n:3E4C8801,983140747,1783611279.118626220,1,OK,0.7131793,-0.2604669,0.1896038,0.6225614,-255.839,68.565,-1612.025,0.5551709,3,OK,-255.763,69.103,-1612.432,OK,-344.044,29.666,-1588.195,OK,-270.248,-5.508,-1556.208
3,Port 0x01: JJH Probe  s/n:3E4C880C,983140750,1783611279.168626220,1,Too Few Markers,-3.697314E28,-3.697314E28,-3.697314E28,-3.697314E28,-3.697314E28,-3.697314E28,-3.697314E28,0.0000000,3,Missing,-3.697314E28,-3.697314E28,-3.697314E28,Missing,-3.697314E28,-3.697314E28,-3.697314E28,Missing,-3.697314E28,-3.697314E28,-3.697314E28,Port 0x02: JJH T tibia tracker  s/n:3E4C8800,983140750,1783611279.168626220,1,OK,0.8288946,0.0659949,0.1426335,0.5368744,84.486,-30.691,-1607.592,0.3063456,3,OK,84.715,-30.769,-1607.663,OK,149.755,-98.985,-1625.550,OK,49.797,-112.387,-1592.618,Port 0x03: JJH Y femur tracker  s/n:3E4C8801,983140750,1783611279.168626220,1,OK,0.7101704,-0.2538932,0.1971248,0.6263689,-255.055,68.022,-1607.588,0.5703760,3,OK,-254.989,68.572,-1608.006,OK,-342.621,28.892,-1581.825,OK,-268.009,-6.105,-1551.443
3,Port 0x01: JJH Probe  s/n:3E4C880C,983140753,1783611279.218626220,1,Too Few Markers,-3.697314E28,-3.697314E28,-3.697314E28,-3.697314E28,-3.697314E28,-3.697314E28,-3.697314E28,0.0000000,3,Missing,-3.697314E28,-3.697314E28,-3.697314E28,Missing,-3.697314E28,-3.697314E28,-3.697314E28,Missing,-3.697314E28,-3.697314E28,-3.697314E28,Port 0x02: JJH T tibia tracker  s/n:3E4C8800,983140753,1783611279.218626220,1,OK,0.8288732,0.0655522,0.1426481,0.5369577,84.539,-30.655,-1608.170,0.3207916,3,OK,84.783,-30.737,-1608.245,OK,149.835,-98.930,-1626.049,OK,49.854,-112.358,-1593.148,Port 0x03: JJH Y femur tracker  s/n:3E4C8801,983140753,1783611279.218626220,1,OK,0.7072876,-0.2465021,0.2044302,0.6302296,-254.194,67.585,-1602.967,0.5324734,3,OK,-254.135,68.102,-1603.360,OK,-341.056,28.192,-1575.269,OK,-265.692,-6.608,-1546.682
3,Port 0x01: JJH Probe  s/n:3E4C880C,983140756,1783611279.268626220,1,Too Few Markers,-3.697314E28,-3.697314E28,-3.697314E28,-3.697314E28,-3.697314E28,-3.697314E28,-3.697314E28,0.0000000,3,Missing,-3.697314E28,-3.697314E28,-3.697314E28,Missing,-3.697314E28,-3.697314E28,-3.697314E28,Missing,-3.697314E28,-3.697314E28,-3.697314E28,Port 0x02: JJH T tibia tracker  s/n:3E4C8800,983140756,1783611279.268626220,1,OK,0.8289033,0.0661241,0.1421594,0.5369709,84.589,-30.677,-1608.541,0.3194375,3,OK,84.822,-30.745,-1608.613,OK,149.889,-98.952,-1626.512,OK,49.875,-112.396,-1593.644,Port 0x03: JJH Y femur tracker  s/n:3E4C8801,983140756,1783611279.268626220,1,OK,0.7039523,-0.2401353,0.2119934,0.6339124,-253.312,66.962,-1598.688,0.5586733,3,OK,-253.265,67.503,-1599.100,OK,-339.421,27.326,-1569.072,OK,-263.347,-7.254,-1542.096
3,Port 0x01: JJH Probe  s/n:3E4C880C,983140759,1783611279.318626220,1,Too Few Markers,-3.697314E28,-3.697314E28,-3.697314E28,-3.697314E28,-3.697314E28,-3.697314E28,-3.697314E28,0.0000000,3,Missing,-3.697314E28,-3.697314E28,-3.697314E28,Missing,-3.697314E28,-3.697314E28,-3.697314E28,Missing,-3.697314E28,-3.697314E28,-3.697314E28,Port 0x02: JJH T tibia tracker  s/n:3E4C8800,983140759,1783611279.318626220,1,OK,0.8289649,0.0666193,0.1409504,0.5371332,84.638,-30.722,-1609.069,0.3093110,3,OK,84.874,-30.803,-1609.142,OK,149.936,-98.962,-1627.082,OK,49.913,-112.461,-1594.408,Port 0x03: JJH Y femur tracker  s/n:3E4C8801,983140759,1783611279.318626220,1,OK,0.7009360,-0.2332658,0.2190960,0.6373952,-252.325,66.448,-1594.485,0.5493860,3,OK,-252.281,66.983,-1594.894,OK,-337.679,26.577,-1563.034,OK,-260.959,-7.817,-1537.753
3,Port 0x01: JJH Probe  s/n:3E4C880C,983140762,1783611279.368626220,1,Too Few Markers,-3.697314E28,-3.697314E28,-3.697314E28,-3.697314E28,-3.697314E28,-3.697314E28,-3.697314E28,0.0000000,3,Missing,-3.697314E28,-3.697314E28,-3.697314E28,Missing,-3.697314E28,-3.697314E28,-3.697314E28,Missing,-3.697314E28,-3.697314E28,-3.697314E28,Port 0x02: JJH T tibia tracker  s/n:3E4C8800,983140762,1783611279.368626220,1,OK,0.8288229,0.0676293,0.1397844,0.5375307,84.710,-30.782,-1610.064,0.3144448,3,OK,84.956,-30.867,-1610.140,OK,150.038,-98.933,-1628.226,OK,50.003,-112.583,-1595.683,Port 0x03: JJH Y femur tracker  s/n:3E4C8801,983140762,1783611279.368626220,1,OK,0.6979665,-0.2263886,0.2259284,0.6407397,-251.214,66.079,-1590.315,0.5229517,3,OK,-251.180,66.590,-1590.706,OK,-335.788,25.978,-1557.100,OK,-258.480,-8.232,-1533.511
3,Port 0x01: JJH Probe  s/n:3E4C880C,983140765,1783611279.418626220,1,Too Few Markers,-3.697314E28,-3.697314E28,-3.697314E28,-3.697314E28,-3.697314E28,-3.697314E28,-3.697314E28,0.0000000,3,Missing,-3.697314E28,-3.697314E28,-3.697314E28,Missing,-3.697314E28,-3.697314E28,-3.697314E28,Missing,-3.697314E28,-3.697314E28,-3.697314E28,Port 0x02: JJH T tibia tracker  s/n:3E4C8800,983140765,1783611279.418626220,1,OK,0.8286952,0.0699106,0.1388833,0.5376692,84.780,-30.889,-1610.760,0.3158921,3,OK,85.004,-30.974,-1610.828,OK,150.105,-98.991,-1629.325,OK,50.037,-112.732,-1596.732,Port 0x03: JJH Y femur tracker  s/n:3E4C8801,983140765,1783611279.418626220,1,OK,0.6948414,-0.2198038,0.2327859,0.6439662,-249.994,65.538,-1586.099,0.5048407,3,OK,-249.977,66.030,-1586.474,OK,-333.758,25.223,-1551.148,OK,-255.884,-8.801,-1529.201
3,Port 0x01: JJH Probe  s/n:3E4C880C,983140768,1783611279.468626220,1,Too Few Markers,-3.697314E28,-3.697314E28,-3.697314E28,-3.697314E28,-3.697314E28,-3.697314E28,-3.697314E28,0.0000000,3,Missing,-3.697314E28,-3.697314E28,-3.697314E28,Missing,-3.697314E28,-3.697314E28,-3.697314E28,Missing,-3.697314E28,-3.697314E28,-3.697314E28,Port 0x02: JJH T tibia tracker  s/n:3E4C8800,983140768,1783611279.468626220,1,OK,0.8287685,0.0701107,0.1378900,0.5377858,84.720,-30.897,-1611.285,0.3129367,3,OK,84.958,-30.971,-1611.358,OK,150.039,-98.973,-1629.842,OK,49.963,-112.771,-1597.428,Port 0x03: JJH Y femur tracker  s/n:3E4C8801,983140768,1783611279.468626220,1,OK,0.6911031,-0.2130327,0.2404292,0.6474468,-248.812,64.899,-1582.013,0.5224683,3,OK,-248.787,65.413,-1582.407,OK,-331.638,24.325,-1545.149,OK,-253.195,-9.438,-1524.958
3,Port 0x01: JJH Probe  s/n:3E4C880C,983140771,1783611279.518661077,1,Too Few Markers,-3.697314E28,-3.697314E28,-3.697314E28,-3.697314E28,-3.697314E28,-3.697314E28,-3.697314E28,0.0000000,3,Missing,-3.697314E28,-3.697314E28,-3.697314E28,Missing,-3.697314E28,-3.697314E28,-3.697314E28,Missing,-3.697314E28,-3.697314E28,-3.697314E28,Port 0x02: JJH T tibia tracker  s/n:3E4C8800,983140771,1783611279.518661077,1,OK,0.8287953,0.0705416,0.1368670,0.5379495,84.716,-30.937,-1611.872,0.3040713,3,OK,84.949,-31.018,-1611.943,OK,150.051,-98.983,-1630.471,OK,49.952,-112.827,-1598.215,Port 0x03: JJH Y femur tracker  s/n:3E4C8801,983140771,1783611279.518661077,1,OK,0.6872943,-0.2054882,0.2482848,0.6509653,-247.333,64.313,-1577.541,0.5164835,3,OK,-247.307,64.826,-1577.935,OK,-329.140,23.484,-1538.709,OK,-250.150,-10.039,-1520.433
3,Port 0x01: JJH Probe  s/n:3E4C880C,983140774,1783611279.568661077,1,Too Few Markers,-3.697314E28,-3.697314E28,-3.697314E28,-3.697314E28,-3.697314E28,-3.697314E28,-3.697314E28,0.0000000,3,Missing,-3.697314E28,-3.697314E28,-3.697314E28,Missing,-3.697314E28,-3.697314E28,-3.697314E28,Missing,-3.697314E28,-3.697314E28,-3.697314E28,Port 0x02: JJH T tibia tracker  s/n:3E4C8800,983140774,1783611279.568661077,1,OK,0.8288303,0.0703513,0.1367679,0.5379458,84.760,-30.846,-1612.465,0.3184586,3,OK,85.007,-30.931,-1612.541,OK,150.100,-98.883,-1631.025,OK,49.977,-112.742,-1598.800,Port 0x03: JJH Y femur tracker  s/n:3E4C8801,983140774,1783611279.568661077,1,OK,0.6836168,-0.1977671,0.2560839,0.6541997,-245.695,63.952,-1573.083,0.5118789,3,OK,-245.672,64.463,-1573.477,OK,-326.454,22.913,-1532.323,OK,-246.996,-10.425,-1515.975
3,Port 0x01: JJH Probe  s/n:3E4C880C,983140777,1783611279.618661077,1,Too Few Markers,-3.697314E28,-3.697314E28,-3.697314E28,-3.697314E28,-3.697314E28,-3.697314E28,-3.697314E28,0.0000000,3,Missing,-3.697314E28,-3.697314E28,-3.697314E28,Missing,-3.697314E28,-3.697314E28,-3.697314E28,Missing,-3.697314E28,-3.697314E28,-3.697314E28,Port 0x02: JJH T tibia tracker  s/n:3E4C8800,983140777,1783611279.618661077,1,OK,0.8288124,0.0718052,0.1353453,0.5381409,84.724,-31.021,-1613.152,0.3024699,3,OK,84.957,-31.105,-1613.223,OK,150.060,-99.012,-1631.930,OK,49.925,-112.949,-1599.848,Port 0x03: JJH Y femur tracker  s/n:3E4C8801,983140777,1783611279.618661077,1,OK,0.6795862,-0.1898869,0.2636011,0.6577386,-244.014,63.212,-1568.609,0.4753032,3,OK,-243.988,63.690,-1568.980,OK,-323.652,21.866,-1525.959,OK,-243.716,-11.191,-1511.607
3,Port 0x01: JJH Probe  s/n:3E4C880C,983140780,1783611279.668661077,1,Too Few Markers,-3.697314E28,-3.697314E28,-3.697314E28,-3.697314E28,-3.697314E28,-3.697314E28,-3.697314E28,0.0000000,3,Missing,-3.697314E28,-3.697314E28,-3.697314E28,Missing,-3.697314E28,-3.697314E28,-3.697314E28,Missing,-3.697314E28,-3.697314E28,-3.697314E28,Port 0x02: JJH T tibia tracker  s/n:3E4C8800,983140780,1783611279.668661077,1,OK,0.8289711,0.0714606,0.1349555,0.5380402,84.671,-30.817,-1613.483,0.2920421,3,OK,84.896,-30.901,-1613.552,OK,150.002,-98.839,-1632.177,OK,49.846,-112.725,-1600.203,Port 0x03: JJH Y femur tracker  s/n:3E4C8801,983140780,1783611279.668661077,1,OK,0.6755787,-0.1823749,0.2709676,0.6609912,-242.201,62.830,-1564.182,0.4627969,3,OK,-242.184,63.296,-1564.543,OK,-320.719,21.228,-1519.726,OK,-240.344,-11.604,-1507.265
3,Port 0x01: JJH Probe  s/n:3E4C880C,983140783,1783611279.718661077,1,Too Few Markers,-3.697314E28,-3.697314E28,-3.697314E28,-3.697314E28,-3.697314E28,-3.697314E28,-3.697314E28,0.0000000,3,Missing,-3.697314E28,-3.697314E28,-3.697314E28,Missing,-3.697314E28,-3.697314E28,-3.697314E28,Missing,-3.697314E28,-3.697314E28,-3.697314E28,Port 0x02: JJH T tibia tracker  s/n:3E4C8800,983140783,1783611279.718661077,1,OK,0.8289869,0.0718094,0.1343529,0.5381203,84.652,-30.964,-1614.087,0.3040903,3,OK,84.886,-31.050,-1614.159,OK,149.993,-98.957,-1632.825,OK,49.800,-112.894,-1600.927,Port 0x03: JJH Y femur tracker  s/n:3E4C8801,983140783,1783611279.718661077,1,OK,0.6711288,-0.1751856,0.2785290,0.6643175,-240.217,62.080,-1559.786,0.4652000,3,OK,-240.220,62.545,-1560.145,OK,-317.528,20.203,-1513.514,OK,-236.740,-12.348,-1502.918
3,Port 0x01: JJH Probe  s/n:3E4C880C,983140786,1783611279.768661077,1,Too Few Markers,-3.697314E28,-3.697314E28,-3.697314E28,-3.697314E28,-3.697314E28,-3.697314E28,-3.697314E28,0.0000000,3,Missing,-3.697314E28,-3.697314E28,-3.697314E28,Missing,-3.697314E28,-3.697314E28,-3.697314E28,Missing,-3.697314E28,-3.697314E28,-3.697314E28,Port 0x02: JJH T tibia tracker  s/n:3E4C8800,983140786,1783611279.768661077,1,OK,0.8291470,0.0707095,0.1350116,0.5378544,84.639,-30.712,-1614.104,0.3123258,3,OK,84.875,-30.812,-1614.176,OK,149.977,-98.761,-1632.661,OK,49.756,-112.592,-1600.729,Port 0x03: JJH Y femur tracker  s/n:3E4C8801,983140786,1783611279.768661077,1,OK,0.6668482,-0.1674478,0.2867778,0.6671081,-238.240,61.717,-1555.559,0.4784542,3,OK,-238.221,62.202,-1555.940,OK,-314.303,19.668,-1507.348,OK,-233.211,-12.669,-1498.757
3,Port 0x01: JJH Probe  s/n:3E4C880C,983140789,1783611279.818661077,1,Too Few Markers,-3.697314E28,-3.697314E28,-3.697314E28,-3.697314E28,-3.697314E28,-3.697314E28,-3.697314E28,0.0000000,3,Missing,-3.697314E28,-3.697314E28,-3.697314E28,Missing,-3.697314E28,-3.697314E28,-3.697314E28,Missing,-3.697314E28,-3.697314E28,-3.697314E28,Port 0x02: JJH T tibia tracker  s/n:3E4C8800,983140789,1783611279.818661077,1,OK,0.8293412,0.0705702,0.1341666,0.5377847,84.610,-30.742,-1614.438,0.3034866,3,OK,84.846,-30.833,-1614.510,OK,149.936,-98.811,-1632.929,OK,49.687,-112.620,-1601.175,Port 0x03: JJH Y femur tracker  s/n:3E4C8801,983140789,1783611279.818661077,1,OK,0.6627664,-0.1599938,0.2936202,0.6700222,-236.200,61.155,-1551.474,0.4573666,3,OK,-236.190,61.620,-1551.838,OK,-311.055,18.848,-1501.622,OK,-229.688,-13.260,-1494.900
3,Port 0x01: JJH Probe  s/n:3E4C880C,983140792,1783611279.868661077,1,Too Few Markers,-3.697314E28,-3.697314E28,-3.697314E28,-3.697314E28,-3.697314E28,-3.697314E28,-3.697314E28,0.0000000,3,Missing,-3.697314E28,-3.697314E28,-3.697314E28,Missing,-3.697314E28,-3.697314E28,-3.697314E28,Missing,-3.697314E28,-3.697314E28,-3.697314E28,Port 0x02: JJH T tibia tracker  s/n:3E4C8800,983140792,1783611279.868661077,1,OK,0.8295565,0.0694257,0.1339312,0.5376603,84.605,-30.525,-1614.612,0.2869187,3,OK,84.835,-30.616,-1614.681,OK,149.930,-98.643,-1632.871,OK,49.671,-112.368,-1601.274,Port 0x03: JJH Y femur tracker  s/n:3E4C8801,983140792,1783611279.868661077,1,OK,0.6584431,-0.1527921,0.3010674,0.6726557,-234.169,60.721,-1547.636,0.4668296,3,OK,-234.141,61.200,-1548.019,OK,-307.768,18.210,-1496.052,OK,-226.173,-13.654,-1491.210
3,Port 0x01: JJH Probe  s/n:3E4C880C,983140795,1783611279.918661077,1,Too Few Markers,-3.697314E28,-3.697314E28,-3.697314E28,-3.697314E28,-3.697314E28,-3.697314E28,-3.697314E28,0.0000000,3,Missing,-3.697314E28,-3.697314E28,-3.697314E28,Missing,-3.697314E28,-3.697314E28,-3.697314E28,Missing,-3.697314E28,-3.697314E28,-3.697314E28,Port 0x02: JJH T tibia tracker  s/n:3E4C8800,983140795,1783611279.918661077,1,OK,0.8298136,0.0655277,0.1364362,0.5371226,84.555,-30.364,-1614.070,0.3091857,3,OK,84.808,-30.448,-1614.145,OK,149.897,-98.621,-1631.691,OK,49.618,-112.110,-1599.962,Port 0x03: JJH Y femur tracker  s/n:3E4C8801,983140795,1783611279.918661077,1,OK,0.6543780,-0.1454042,0.3077595,0.6752268,-232.022,60.210,-1543.775,0.4299184,3,OK,-231.996,60.652,-1544.130,OK,-304.378,17.474,-1490.630,OK,-222.610,-14.167,-1487.645
3,Port 0x01: JJH Probe  s/n:3E4C880C,983140798,1783611279.968661077,1,Too Few Markers,-3.697314E28,-3.697314E28,-3.697314E28,-3.697314E28,-3.697314E28,-3.697314E28,-3.697314E28,0.0000000,3,Missing,-3.697314E28,-3.697314E28,-3.697314E28,Missing,-3.697314E28,-3.697314E28,-3.697314E28,Missing,-3.697314E28,-3.697314E28,-3.697314E28,Port 0x02: JJH T tibia tracker  s/n:3E4C8800,983140798,1783611279.968661077,1,OK,0.8298193,0.0674399,0.1355617,0.5370986,84.511,-30.263,-1614.624,0.2877585,3,OK,84.729,-30.343,-1614.689,OK,149.822,-98.517,-1632.572,OK,49.534,-112.020,-1600.833,Port 0x03: JJH Y femur tracker  s/n:3E4C8801,983140798,1783611279.968661077,1,OK,0.6499655,-0.1381456,0.3149757,0.6776805,-229.711,59.815,-1539.884,0.4319240,3,OK,-229.681,60.260,-1540.246,OK,-300.747,16.886,-1485.103,OK,-218.834,-14.530,-1483.987
3,Port 0x01: JJH Probe  s/n:3E4C880C,983140801,1783611280.018661077,1,Too Few Markers,-3.697314E28,-3.697314E28,-3.697314E28,-3.697314E28,-3.697314E28,-3.697314E28,-3.697314E28,0.0000000,3,Missing,-3.697314E28,-3.697314E28,-3.697314E28,Missing,-3.697314E28,-3.697314E28,-3.697314E28,Missing,-3.697314E28,-3.697314E28,-3.697314E28,Port 0x02: JJH T tibia tracker  s/n:3E4C8800,983140801,1783611280.018661077,1,OK,0.8296860,0.0697255,0.1337263,0.5374725,84.403,-30.292,-1615.973,0.2941570,3,OK,84.626,-30.375,-1616.040,OK,149.719,-98.441,-1634.283,OK,49.403,-112.127,-1602.683,Port 0x03: JJH Y femur tracker  s/n:3E4C8801,983140801,1783611280.018661077,1,OK,0.6456510,-0.1311601,0.3219290,0.6799217,-227.383,59.449,-1536.135,0.4299490,3,OK,-227.350,59.891,-1536.499,OK,-297.125,16.353,-1479.802,OK,-215.094,-14.858,-1480.488
3,Port 0x01: JJH Probe  s/n:3E4C880C,983140804,1783611280.068692747,1,Too Few Markers,-3.697314E28,-3.697314E28,-3.697314E28,-3.697314E28,-3.697314E28,-3.697314E28,-3.697314E28,0.0000000,3,Missing,-3.697314E28,-3.697314E28,-3.697314E28,Missing,-3.697314E28,-3.697314E28,-3.697314E28,Missing,-3.697314E28,-3.697314E28,-3.697314E28,Port 0x02: JJH T tibia tracker  s/n:3E4C8800,983140804,1783611280.068692747,1,OK,0.8294848,0.0734862,0.1307576,0.5380123,84.201,-30.383,-1617.547,0.2957532,3,OK,84.424,-30.466,-1617.615,OK,149.515,-98.373,-1636.453,OK,49.161,-112.331,-1605.075,Port 0x03: JJH Y femur tracker  s/n:3E4C8801,983140804,1783611280.068692747,1,OK,0.6409929,-0.1230357,0.3292026,0.6823606,-224.922,58.985,-1532.303,0.4104615,3,OK,-224.867,59.407,-1532.662,OK,-293.215,15.659,-1474.328,OK,-211.127,-15.309,-1477.068
3,Port 0x01: JJH Probe  s/n:3E4C880C,983140807,1783611280.118692743,1,Too Few Markers,-3.697314E28,-3.697314E28,-3.697314E28,-3.697314E28,-3.697314E28,-3.697314E28,-3.697314E28,0.0000000,3,Missing,-3.697314E28,-3.697314E28,-3.697314E28,Missing,-3.697314E28,-3.697314E28,-3.697314E28,Missing,-3.697314E28,-3.697314E28,-3.697314E28,Port 0x02: JJH T tibia tracker  s/n:3E4C8800,983140807,1783611280.118692743,1,OK,0.8290899,0.0806595,0.1255452,0.5388343,84.004,-30.586,-1620.579,0.3032167,3,OK,84.240,-30.666,-1620.651,OK,149.271,-98.277,-1640.627,OK,48.880,-112.723,-1609.597,Port 0x03: JJH Y femur tracker  s/n:3E4C8801,983140807,1783611280.118692743,1,OK,0.6362562,-0.1156279,0.3365954,0.6844792,-222.253,58.645,-1528.506,0.4168722,3,OK,-222.195,59.071,-1528.875,OK,-289.095,15.168,-1468.935,OK,-206.986,-15.593,-1473.585
3,Port 0x01: JJH Probe  s/n:3E4C880C,983140810,1783611280.168692743,1,Too Few Markers,-3.697314E28,-3.697314E28,-3.697314E28,-3.697314E28,-3.697314E28,-3.697314E28,-3.697314E28,0.0000000,3,Missing,-3.697314E28,-3.697314E28,-3.697314E28,Missing,-3.697314E28,-3.697314E28,-3.697314E28,Missing,-3.697314E28,-3.697314E28,-3.697314E28,Port 0x02: JJH T tibia tracker  s/n:3E4C8800,983140810,1783611280.168692743,1,OK,0.8281483,0.0912814,0.1179681,0.5402977,83.812,-30.795,-1624.521,0.2718552,3,OK,84.022,-30.868,-1624.587,OK,149.063,-97.989,-1646.267,OK,48.673,-113.156,-1615.752,Port 0x03: JJH Y femur tracker  s/n:3E4C8801,983140810,1783611280.168692743,1,OK,0.6309886,-0.1072362,0.3443561,0.6868571,-219.307,58.173,-1524.413,0.4124337,3,OK,-219.241,58.592,-1524.783,OK,-284.515,14.480,-1463.166,OK,-202.432,-16.029,-1469.948
3,Port 0x01: JJH Probe  s/n:3E4C880C,983140813,1783611280.218692742,1,Too Few Markers,-3.697314E28,-3.697314E28,-3.697314E28,-3.697314E28,-3.697314E28,-3.697314E28,-3.697314E28,0.0000000,3,Missing,-3.697314E28,-3.697314E28,-3.697314E28,Missing,-3.697314E28,-3.697314E28,-3.697314E28,Missing,-3.697314E28,-3.697314E28,-3.697314E28,Port 0x02: JJH T tibia tracker  s/n:3E4C8800,983140813,1783611280.218692742,1,OK,0.8277635,0.0969201,0.1140234,0.5407520,83.619,-30.803,-1626.874,0.2484544,3,OK,83.805,-30.855,-1626.933,OK,148.824,-97.776,-1649.518,OK,48.424,-113.242,-1619.261,Port 0x03: JJH Y femur tracker  s/n:3E4C8801,983140813,1783611280.218692742,1,OK,0.6260463,-0.1001368,0.3511122,0.6890274,-216.538,57.760,-1520.742,0.3963563,3,OK,-216.489,58.160,-1521.095,OK,-280.244,13.869,-1458.080,OK,-198.208,-16.388,-1466.686
3,Port 0x01: JJH Probe  s/n:3E4C880C,983140816,1783611280.268692742,1,Too Few Markers,-3.697314E28,-3.697314E28,-3.697314E28,-3.697314E28,-3.697314E28,-3.697314E28,-3.697314E28,0.0000000,3,Missing,-3.697314E28,-3.697314E28,-3.697314E28,Missing,-3.697314E28,-3.697314E28,-3.697314E28,Missing,-3.697314E28,-3.697314E28,-3.697314E28,Port 0x02: JJH T tibia tracker  s/n:3E4C8800,983140816,1783611280.268692742,1,OK,0.8285026,0.0902122,0.1181200,0.5399008,83.610,-30.429,-1625.267,0.2757725,3,OK,83.818,-30.494,-1625.333,OK,148.841,-97.721,-1646.817,OK,48.391,-112.751,-1616.356,Port 0x03: JJH Y femur tracker  s/n:3E4C8801,983140816,1783611280.268692742,1,OK,0.6210869,-0.0922325,0.3579280,0.6911091,-213.666,57.375,-1517.111,0.3694068,3,OK,-213.601,57.740,-1517.445,OK,-275.811,13.259,-1453.008,OK,-193.891,-16.738,-1463.605
3,Port 0x01: JJH Probe  s/n:3E4C880C,983140819,1783611280.318692742,1,Too Few Markers,-3.697314E28,-3.697314E28,-3.697314E28,-3.697314E28,-3.697314E28,-3.697314E28,-3.697314E28,0.0000000,3,Missing,-3.697314E28,-3.697314E28,-3.697314E28,Missing,-3.697314E28,-3.697314E28,-3.697314E28,Missing,-3.697314E28,-3.697314E28,-3.697314E28,Port 0x02: JJH T tibia tracker  s/n:3E4C8800,983140819,1783611280.318692742,1,OK,0.8289821,0.0863117,0.1196131,0.5394735,83.544,-30.220,-1624.398,0.2787775,3,OK,83.766,-30.306,-1624.467,OK,148.788,-97.675,-1645.269,OK,48.315,-112.460,-1614.872,Port 0x03: JJH Y femur tracker  s/n:3E4C8801,983140819,1783611280.318692742,1,OK,0.6161531,-0.0850478,0.3647950,0.6928541,-210.949,56.928,-1513.916,0.3852119,3,OK,-210.870,57.303,-1514.270,OK,-271.558,12.655,-1448.410,OK,-189.792,-17.115,-1460.854
3,Port 0x01: JJH Probe  s/n:3E4C880C,983140822,1783611280.368692743,1,Too Few Markers,-3.697314E28,-3.697314E28,-3.697314E28,-3.697314E28,-3.697314E28,-3.697314E28,-3.697314E28,0.0000000,3,Missing,-3.697314E28,-3.697314E28,-3.697314E28,Missing,-3.697314E28,-3.697314E28,-3.697314E28,Missing,-3.697314E28,-3.697314E28,-3.697314E28,Port 0x02: JJH T tibia tracker  s/n:3E4C8800,983140822,1783611280.368692743,1,OK,0.8292019,0.0852734,0.1207802,0.5390406,83.447,-30.002,-1624.201,0.2848516,3,OK,83.657,-30.088,-1624.266,OK,148.671,-97.559,-1644.925,OK,48.165,-112.189,-1614.382,Port 0x03: JJH Y femur tracker  s/n:3E4C8801,983140822,1783611280.368692743,1,OK,0.6113658,-0.0781678,0.3709214,0.6946503,-208.105,56.586,-1510.573,0.3721746,3,OK,-208.034,56.942,-1510.913,OK,-267.224,12.123,-1443.841,OK,-185.624,-17.414,-1458.017
3,Port 0x01: JJH Probe  s/n:3E4C880C,983140825,1783611280.418692743,1,Too Few Markers,-3.697314E28,-3.697314E28,-3.697314E28,-3.697314E28,-3.697314E28,-3.697314E28,-3.697314E28,0.0000000,3,Missing,-3.697314E28,-3.697314E28,-3.697314E28,Missing,-3.697314E28,-3.697314E28,-3.697314E28,Missing,-3.697314E28,-3.697314E28,-3.697314E28,Port 0x02: JJH T tibia tracker  s/n:3E4C8800,983140825,1783611280.418692743,1,OK,0.8296261,0.0810969,0.1224840,0.5386479,83.314,-29.735,-1623.548,0.2888999,3,OK,83.542,-29.812,-1623.618,OK,148.563,-97.454,-1643.549,OK,48.035,-111.856,-1613.058,Port 0x03: JJH Y femur tracker  s/n:3E4C8801,983140825,1783611280.418692743,1,OK,0.6064036,-0.0706803,0.3774793,0.6962674,-205.204,56.192,-1507.411,0.3599633,3,OK,-205.118,56.521,-1507.741,OK,-262.746,11.562,-1439.378,OK,-181.378,-17.750,-1455.437
3,Port 0x01: JJH Probe  s/n:3E4C880C,983140828,1783611280.468692742,1,Too Few Markers,-3.697314E28,-3.697314E28,-3.697314E28,-3.697314E28,-3.697314E28,-3.697314E28,-3.697314E28,0.0000000,3,Missing,-3.697314E28,-3.697314E28,-3.697314E28,Missing,-3.697314E28,-3.697314E28,-3.697314E28,Missing,-3.697314E28,-3.697314E28,-3.697314E28,Port 0x02: JJH T tibia tracker  s/n:3E4C8800,983140828,1783611280.468692742,1,OK,0.8303185,0.0757849,0.1260000,0.5375425,83.168,-29.402,-1621.885,0.2891296,3,OK,83.384,-29.489,-1621.950,OK,148.387,-97.426,-1641.019,OK,47.824,-111.342,-1610.323,Port 0x03: JJH Y femur tracker  s/n:3E4C8801,983140828,1783611280.468692742,1,OK,0.6016591,-0.0637899,0.3834253,0.6977981,-202.400,55.902,-1504.427,0.3439330,3,OK,-202.310,56.205,-1504.740,OK,-258.435,11.100,-1435.244,OK,-177.326,-17.986,-1453.020
3,Port 0x01: JJH Probe  s/n:3E4C880C,983140831,1783611280.518692742,1,Too Few Markers,-3.697314E28,-3.697314E28,-3.697314E28,-3.697314E28,-3.697314E28,-3.697314E28,-3.697314E28,0.0000000,3,Missing,-3.697314E28,-3.697314E28,-3.697314E28,Missing,-3.697314E28,-3.697314E28,-3.697314E28,Missing,-3.697314E28,-3.697314E28,-3.697314E28,Port 0x02: JJH T tibia tracker  s/n:3E4C8800,983140831,1783611280.518692742,1,OK,0.8301933,0.0763105,0.1250850,0.5378750,83.003,-29.283,-1622.493,0.2982748,3,OK,83.233,-29.378,-1622.562,OK,148.258,-97.229,-1641.694,OK,47.678,-111.265,-1611.124,Port 0x03: JJH Y femur tracker  s/n:3E4C8801,983140831,1783611280.518692742,1,OK,0.5973821,-0.0580139,0.3888383,0.6989806,-199.915,55.579,-1501.970,0.3500151,3,OK,-199.817,55.877,-1502.289,OK,-254.612,10.663,-1431.764,OK,-173.747,-18.229,-1451.018
3,Port 0x01: JJH Probe  s/n:3E4C880C,983140834,1783611280.568692742,1,Too Few Markers,-3.697314E28,-3.697314E28,-3.697314E28,-3.697314E28,-3.697314E28,-3.697314E28,-3.697314E28,0.0000000,3,Missing,-3.697314E28,-3.697314E28,-3.697314E28,Missing,-3.697314E28,-3.697314E28,-3.697314E28,Missing,-3.697314E28,-3.697314E28,-3.697314E28,Port 0x02: JJH T tibia tracker  s/n:3E4C8800,983140834,1783611280.568692742,1,OK,0.8290746,0.0873506,0.1173608,0.5396589,82.820,-29.534,-1626.101,0.2696347,3,OK,83.033,-29.599,-1626.167,OK,148.095,-96.944,-1647.081,OK,47.536,-111.804,-1617.015,Port 0x03: JJH Y femur tracker  s/n:3E4C8801,983140834,1783611280.568692742,1,OK,0.5933494,-0.0526196,0.3936412,0.7001530,-197.514,55.311,-1499.631,0.3572345,3,OK,-197.422,55.615,-1499.957,OK,-250.946,10.260,-1428.535,OK,-170.330,-18.452,-1449.132
3,Port 0x01: JJH Probe  s/n:3E4C880C,983140837,1783611280.618692743,1,Too Few Markers,-3.697314E28,-3.697314E28,-3.697314E28,-3.697314E28,-3.697314E28,-3.697314E28,-3.697314E28,0.0000000,3,Missing,-3.697314E28,-3.697314E28,-3.697314E28,Missing,-3.697314E28,-3.697314E28,-3.697314E28,Missing,-3.697314E28,-3.697314E28,-3.697314E28,Port 0x02: JJH T tibia tracker  s/n:3E4C8800,983140837,1783611280.618692743,1,OK,0.8278569,0.0977048,0.1095704,0.5413881,82.761,-29.763,-1630.103,0.2597273,3,OK,82.976,-29.838,-1630.171,OK,148.076,-96.573,-1652.718,OK,47.517,-112.246,-1623.242,Port 0x03: JJH Y femur tracker  s/n:3E4C8801,983140837,1783611280.618692743,1,OK,0.5908564,-0.0488131,0.3966038,0.7008648,-196.017,55.090,-1498.163,0.3290767,3,OK,-195.928,55.348,-1498.449,OK,-248.648,9.959,-1426.528,OK,-168.190,-18.654,-1448.046
3,Port 0x01: JJH Probe  s/n:3E4C880C,983140840,1783611280.668692743,1,Too Few Markers,-3.697314E28,-3.697314E28,-3.697314E28,-3.697314E28,-3.697314E28,-3.697314E28,-3.697314E28,0.0000000,3,Missing,-3.697314E28,-3.697314E28,-3.697314E28,Missing,-3.697314E28,-3.697314E28,-3.697314E28,Missing,-3.697314E28,-3.697314E28,-3.697314E28,Port 0x02: JJH T tibia tracker  s/n:3E4C8800,983140840,1783611280.668692743,1,OK,0.8291137,0.0875596,0.1165106,0.5397490,82.817,-29.216,-1626.456,0.2671825,3,OK,83.017,-29.294,-1626.518,OK,148.127,-96.608,-1647.448,OK,47.511,-111.478,-1617.516,Port 0x03: JJH Y femur tracker  s/n:3E4C8801,983140840,1783611280.668692743,1,OK,0.5880663,-0.0453009,0.3997641,0.7016513,-194.234,55.037,-1496.537,0.3167587,3,OK,-194.162,55.290,-1496.811,OK,-245.986,9.820,-1424.351,OK,-165.729,-18.666,-1446.731
3,Port 0x01: JJH Probe  s/n:3E4C880C,983140843,1783611280.718692742,1,Too Few Markers,-3.697314E28,-3.697314E28,-3.697314E28,-3.697314E28,-3.697314E28,-3.697314E28,-3.697314E28,0.0000000,3,Missing,-3.697314E28,-3.697314E28,-3.697314E28,Missing,-3.697314E28,-3.697314E28,-3.697314E28,Missing,-3.697314E28,-3.697314E28,-3.697314E28,Port 0x02: JJH T tibia tracker  s/n:3E4C8800,983140843,1783611280.718692742,1,OK,0.8287235,0.0904243,0.1139415,0.5404240,82.705,-29.326,-1627.813,0.2519061,3,OK,82.909,-29.390,-1627.875,OK,148.038,-96.533,-1649.239,OK,47.452,-111.677,-1619.561,Port 0x03: JJH Y femur tracker  s/n:3E4C8801,983140843,1783611280.718692742,1,OK,0.5848693,-0.0409756,0.4035318,0.7024322,-192.464,54.693,-1494.948,0.3379764,3,OK,-192.369,54.954,-1495.246,OK,-243.212,9.364,-1422.064,OK,-163.195,-18.958,-1445.538
3,Port 0x01: JJH Probe  s/n:3E4C880C,983140846,1783611280.768692742,1,Too Few Markers,-3.697314E28,-3.697314E28,-3.697314E28,-3.697314E28,-3.697314E28,-3.697314E28,-3.697314E28,0.0000000,3,Missing,-3.697314E28,-3.697314E28,-3.697314E28,Missing,-3.697314E28,-3.697314E28,-3.697314E28,Missing,-3.697314E28,-3.697314E28,-3.697314E28,Port 0x02: JJH T tibia tracker  s/n:3E4C8800,983140846,1783611280.768692742,1,OK,0.8291378,0.0865107,0.1170021,0.5397748,82.612,-29.084,-1627.009,0.2827549,3,OK,82.830,-29.166,-1627.076,OK,147.947,-96.485,-1647.824,OK,47.319,-111.349,-1617.890,Port 0x03: JJH Y femur tracker  s/n:3E4C8801,983140846,1783611280.768692742,1,OK,0.5813777,-0.0364321,0.4078360,0.7030949,-190.415,54.510,-1493.129,0.3498811,3,OK,-190.312,54.766,-1493.432,OK,-240.066,9.133,-1419.489,OK,-160.308,-19.061,-1444.121
3,Port 0x01: JJH Probe  s/n:3E4C880C,983140849,1783611280.818692742,1,Too Few Markers,-3.697314E28,-3.697314E28,-3.697314E28,-3.697314E28,-3.697314E28,-3.697314E28,-3.697314E28,0.0000000,3,Missing,-3.697314E28,-3.697314E28,-3.697314E28,Missing,-3.697314E28,-3.697314E28,-3.697314E28,Missing,-3.697314E28,-3.697314E28,-3.697314E28,Port 0x02: JJH T tibia tracker  s/n:3E4C8800,983140849,1783611280.818692742,1,OK,0.8296463,0.0819203,0.1190722,0.5392569,82.545,-28.891,-1625.785,0.2943332,3,OK,82.776,-28.967,-1625.854,OK,147.913,-96.488,-1645.820,OK,47.228,-111.076,-1615.890,Port 0x03: JJH Y femur tracker  s/n:3E4C8801,983140849,1783611280.818692742,1,OK,0.5780998,-0.0319904,0.4113785,0.7039496,-188.424,54.265,-1491.412,0.3407120,3,OK,-188.324,54.501,-1491.699,OK,-237.039,8.765,-1417.160,OK,-157.544,-19.275,-1442.866
3,Port 0x01: JJH Probe  s/n:3E4C880C,983140852,1783611280.868692743,1,Too Few Markers,-3.697314E28,-3.697314E28,-3.697314E28,-3.697314E28,-3.697314E28,-3.697314E28,-3.697314E28,0.0000000,3,Missing,-3.697314E28,-3.697314E28,-3.697314E28,Missing,-3.697314E28,-3.697314E28,-3.697314E28,Missing,-3.697314E28,-3.697314E28,-3.697314E28,Port 0x02: JJH T tibia tracker  s/n:3E4C8800,983140852,1783611280.868692743,1,OK,0.8297038,0.0826331,0.1183872,0.5392104,82.421,-28.777,-1625.825,0.2731430,3,OK,82.620,-28.850,-1625.885,OK,147.787,-96.388,-1645.970,OK,47.078,-110.944,-1616.103,Port 0x03: JJH Y femur tracker  s/n:3E4C8801,983140852,1783611280.868692743,1,OK,0.5750723,-0.0279438,0.4147429,0.7046271,-186.572,54.133,-1489.876,0.3400865,3,OK,-186.474,54.361,-1490.157,OK,-234.224,8.544,-1415.053,OK,-154.986,-19.372,-1441.739
3,Port 0x01: JJH Probe  s/n:3E4C880C,983140855,1783611280.918692743,1,Too Few Markers,-3.697314E28,-3.697314E28,-3.697314E28,-3.697314E28,-3.697314E28,-3.697314E28,-3.697314E28,0.0000000,3,Missing,-3.697314E28,-3.697314E28,-3.697314E28,Missing,-3.697314E28,-3.697314E28,-3.697314E28,Missing,-3.697314E28,-3.697314E28,-3.697314E28,Port 0x02: JJH T tibia tracker  s/n:3E4C8800,983140855,1783611280.918692743,1,OK,0.8301622,0.0773662,0.1215854,0.5385742,82.328,-28.545,-1624.307,0.2871459,3,OK,82.543,-28.628,-1624.370,OK,147.714,-96.371,-1643.585,OK,46.988,-110.600,-1613.576,Port 0x03: JJH Y femur tracker  s/n:3E4C8801,983140855,1783611280.918692743,1,OK,0.5720775,-0.0241100,0.4182660,0.7051238,-184.825,53.879,-1488.437,0.3538416,3,OK,-184.718,54.108,-1488.729,OK,-231.530,8.239,-1413.018,OK,-152.558,-19.561,-1440.667
3,Port 0x01: JJH Probe  s/n:3E4C880C,983140858,1783611280.968692742,1,Too Few Markers,-3.697314E28,-3.697314E28,-3.697314E28,-3.697314E28,-3.697314E28,-3.697314E28,-3.697314E28,0.0000000,3,Missing,-3.697314E28,-3.697314E28,-3.697314E28,Missing,-3.697314E28,-3.697314E28,-3.697314E28,Missing,-3.697314E28,-3.697314E28,-3.697314E28,Port 0x02: JJH T tibia tracker  s/n:3E4C8800,983140858,1783611280.968692742,1,OK,0.8304867,0.0735855,0.1235274,0.5381617,82.255,-28.289,-1623.324,0.2962341,3,OK,82.482,-28.370,-1623.390,OK,147.664,-96.255,-1641.966,OK,46.914,-110.266,-1611.922,Port 0x03: JJH Y femur tracker  s/n:3E4C8801,983140858,1783611280.968692742,1,OK,0.5689130,-0.0202166,0.4215907,0.7058261,-182.844,53.699,-1486.908,0.3488005,3,OK,-182.744,53.924,-1487.194,OK,-228.557,7.964,-1410.950,OK,-149.868,-19.690,-1439.545
3,Port 0x01: JJH Probe  s/n:3E4C880C,983140861,1783611281.018692742,1,Too Few Markers,-3.697314E28,-3.697314E28,-3.697314E28,-3.697314E28,-3.697314E28,-3.697314E28,-3.697314E28,0.0000000,3,Missing,-3.697314E28,-3.697314E28,-3.697314E28,Missing,-3.697314E28,-3.697314E28,-3.697314E28,Missing,-3.697314E28,-3.697314E28,-3.697314E28,Port 0x02: JJH T tibia tracker  s/n:3E4C8800,983140861,1783611281.018692742,1,OK,0.8306932,0.0726148,0.1239582,0.5378756,82.130,-28.099,-1622.906,0.2913407,3,OK,82.347,-28.189,-1622.969,OK,147.526,-96.137,-1641.380,OK,46.755,-110.026,-1611.339,Port 0x03: JJH Y femur tracker  s/n:3E4C8801,983140861,1783611281.018692742,1,OK,0.5652344,-0.0158033,0.4257319,0.7064083,-180.699,53.506,-1485.290,0.3758923,3,OK,-180.597,53.757,-1485.607,OK,-225.260,7.705,-1408.653,OK,-146.913,-19.807,-1438.351
3,Port 0x01: JJH Probe  s/n:3E4C880C,983140864,1783611281.068692742,1,Too Few Markers,-3.697314E28,-3.697314E28,-3.697314E28,-3.697314E28,-3.697314E28,-3.697314E28,-3.697314E28,0.0000000,3,Missing,-3.697314E28,-3.697314E28,-3.697314E28,Missing,-3.697314E28,-3.697314E28,-3.697314E28,Missing,-3.697314E28,-3.697314E28,-3.697314E28,Port 0x02: JJH T tibia tracker  s/n:3E4C8800,983140864,1783611281.068692742,1,OK,0.8309206,0.0696798,0.1258550,0.5374721,81.995,-27.872,-1622.203,0.2964787,3,OK,82.208,-27.962,-1622.265,OK,147.411,-96.033,-1640.201,OK,46.616,-109.717,-1610.056,Port 0x03: JJH Y femur tracker  s/n:3E4C8801,983140864,1783611281.068692742,1,OK,0.5616823,-0.0111165,0.4293842,0.7071199,-178.489,53.306,-1483.569,0.3484848,3,OK,-178.392,53.514,-1483.845,OK,-221.915,7.401,-1406.371,OK,-143.928,-19.956,-1437.174
3,Port 0x01: JJH Probe  s/n:3E4C880C,983140867,1783611281.118692746,1,Too Few Markers,-3.697314E28,-3.697314E28,-3.697314E28,-3.697314E28,-3.697314E28,-3.697314E28,-3.697314E28,0.0000000,3,Missing,-3.697314E28,-3.697314E28,-3.697314E28,Missing,-3.697314E28,-3.697314E28,-3.697314E28,Missing,-3.697314E28,-3.697314E28,-3.697314E28,Port 0x02: JJH T tibia tracker  s/n:3E4C8800,983140867,1783611281.118692746,1,OK,0.8310978,0.0672537,0.1269522,0.5372490,81.931,-27.576,-1621.425,0.2880902,3,OK,82.131,-27.658,-1621.482,OK,147.382,-95.830,-1639.011,OK,46.564,-109.358,-1608.874,Port 0x03: JJH Y femur tracker  s/n:3E4C8801,983140867,1783611281.118692746,1,OK,0.5580666,-0.0066656,0.4331454,0.7077446,-176.295,53.125,-1482.002,0.3563081,3,OK,-176.194,53.332,-1482.284,OK,-218.586,7.125,-1404.215,OK,-140.962,-20.072,-1436.099
3,Port 0x01: JJH Probe  s/n:3E4C880C,983140870,1783611281.168692746,1,Too Few Markers,-3.697314E28,-3.697314E28,-3.697314E28,-3.697314E28,-3.697314E28,-3.697314E28,-3.697314E28,0.0000000,3,Missing,-3.697314E28,-3.697314E28,-3.697314E28,Missing,-3.697314E28,-3.697314E28,-3.697314E28,Missing,-3.697314E28,-3.697314E28,-3.697314E28,Port 0x02: JJH T tibia tracker  s/n:3E4C8800,983140870,1783611281.168692746,1,OK,0.8313949,0.0631172,0.1293296,0.5367240,81.807,-27.299,-1620.600,0.3106994,3,OK,82.029,-27.383,-1620.663,OK,147.281,-95.689,-1637.499,OK,46.425,-108.981,-1607.275,Port 0x03: JJH Y femur tracker  s/n:3E4C8801,983140870,1783611281.168692746,1,OK,0.5545834,-0.0022242,0.4365577,0.7084135,-174.068,52.958,-1480.438,0.3354750,3,OK,-173.980,53.140,-1480.688,OK,-215.251,6.852,-1402.155,OK,-137.997,-20.201,-1435.064
3,Port 0x01: JJH Probe  s/n:3E4C880C,983140873,1783611281.218692746,1,Too Few Markers,-3.697314E28,-3.697314E28,-3.697314E28,-3.697314E28,-3.697314E28,-3.697314E28,-3.697314E28,0.0000000,3,Missing,-3.697314E28,-3.697314E28,-3.697314E28,Missing,-3.697314E28,-3.697314E28,-3.697314E28,Missing,-3.697314E28,-3.697314E28,-3.697314E28,Port 0x02: JJH T tibia tracker  s/n:3E4C8800,983140873,1783611281.218692746,1,OK,0.8316099,0.0595964,0.1310615,0.5363731,81.662,-27.090,-1619.823,0.3117155,3,OK,81.893,-27.179,-1619.887,OK,147.159,-95.582,-1636.123,OK,46.297,-108.678,-1605.892,Port 0x03: JJH Y femur tracker  s/n:3E4C8801,983140873,1783611281.218692746,1,OK,0.5509831,0.0021236,0.4404826,0.7087935,-171.892,52.717,-1478.916,0.3628294,3,OK,-171.795,52.915,-1479.195,OK,-211.943,6.561,-1400.029,OK,-135.076,-20.362,-1434.011
3,Port 0x01: JJH Probe  s/n:3E4C880C,983140876,1783611281.268660076,1,Too Few Markers,-3.697314E28,-3.697314E28,-3.697314E28,-3.697314E28,-3.697314E28,-3.697314E28,-3.697314E28,0.0000000,3,Missing,-3.697314E28,-3.697314E28,-3.697314E28,Missing,-3.697314E28,-3.697314E28,-3.697314E28,Missing,-3.697314E28,-3.697314E28,-3.697314E28,Port 0x02: JJH T tibia tracker  s/n:3E4C8800,983140876,1783611281.268660076,1,OK,0.8319559,0.0550793,0.1335755,0.5356988,81.514,-26.792,-1618.715,0.3271706,3,OK,81.771,-26.889,-1618.785,OK,147.003,-95.429,-1634.251,OK,46.133,-108.243,-1603.955,Port 0x03: JJH Y femur tracker  s/n:3E4C8801,983140876,1783611281.268660076,1,OK,0.5473947,0.0066396,0.4438950,0.7094168,-169.631,52.545,-1477.363,0.3344375,3,OK,-169.547,52.713,-1477.604,OK,-208.536,6.284,-1398.012,OK,-132.085,-20.489,-1433.016
3,Port 0x01: JJH Probe  s/n:3E4C880C,983140879,1783611281.318660076,1,Too Few Markers,-3.697314E28,-3.697314E28,-3.697314E28,-3.697314E28,-3.697314E28,-3.697314E28,-3.697314E28,0.0000000,3,Missing,-3.697314E28,-3.697314E28,-3.697314E28,Missing,-3.697314E28,-3.697314E28,-3.697314E28,Missing,-3.697314E28,-3.697314E28,-3.697314E28,Port 0x02: JJH T tibia tracker  s/n:3E4C8800,983140879,1783611281.318660076,1,OK,0.8321655,0.0518265,0.1357786,0.5351436,81.416,-26.412,-1617.549,0.3209688,3,OK,81.651,-26.484,-1617.614,OK,146.928,-95.195,-1632.559,OK,46.027,-107.745,-1602.133,Port 0x03: JJH Y femur tracker  s/n:3E4C8801,983140879,1783611281.318660076,1,OK,0.5436129,0.0109982,0.4475631,0.7099658,-167.257,52.409,-1475.855,0.3205895,3,OK,-167.184,52.562,-1476.075,OK,-204.981,6.071,-1396.006,OK,-128.953,-20.546,-1432.035
3,Port 0x01: JJH Probe  s/n:3E4C880C,983140882,1783611281.368660076,1,Too Few Markers,-3.697314E28,-3.697314E28,-3.697314E28,-3.697314E28,-3.697314E28,-3.697314E28,-3.697314E28,0.0000000,3,Missing,-3.697314E28,-3.697314E28,-3.697314E28,Missing,-3.697314E28,-3.697314E28,-3.697314E28,Missing,-3.697314E28,-3.697314E28,-3.697314E28,Port 0x02: JJH T tibia tracker  s/n:3E4C8800,983140882,1783611281.368660076,1,OK,0.8323552,0.0466619,0.1383445,0.5346665,81.299,-26.068,-1616.528,0.3338241,3,OK,81.562,-26.151,-1616.599,OK,146.849,-94.954,-1630.657,OK,45.944,-107.256,-1600.222,Port 0x03: JJH Y femur tracker  s/n:3E4C8801,983140882,1783611281.368660076,1,OK,0.5397362,0.0149099,0.4514102,0.7104163,-164.906,52.189,-1474.358,0.3116809,3,OK,-164.843,52.353,-1474.584,OK,-201.433,5.807,-1393.996,OK,-125.851,-20.640,-1430.979
3,Port 0x01: JJH Probe  s/n:3E4C880C,983140885,1783611281.418660076,1,Too Few Markers,-3.697314E28,-3.697314E28,-3.697314E28,-3.697314E28,-3.697314E28,-3.697314E28,-3.697314E28,0.0000000,3,Missing,-3.697314E28,-3.697314E28,-3.697314E28,Missing,-3.697314E28,-3.697314E28,-3.697314E28,Missing,-3.697314E28,-3.697314E28,-3.697314E28,Port 0x02: JJH T tibia tracker  s/n:3E4C8800,983140885,1783611281.418660076,1,OK,0.8324626,0.0439559,0.1400433,0.5342862,81.217,-25.671,-1615.234,0.3210210,3,OK,81.453,-25.759,-1615.297,OK,146.802,-94.651,-1628.922,OK,45.876,-106.735,-1598.411,Port 0x03: JJH Y femur tracker  s/n:3E4C8801,983140885,1783611281.418660076,1,OK,0.5359462,0.0188106,0.4550024,0.7109013,-162.553,51.997,-1472.864,0.3007931,3,OK,-162.503,52.171,-1473.095,OK,-197.909,5.548,-1392.039,OK,-122.777,-20.725,-1429.948
3,Port 0x01: JJH Probe  s/n:3E4C880C,983140888,1783611281.468660076,1,Interference,-3.697314E28,-3.697314E28,-3.697314E28,-3.697314E28,-3.697314E28,-3.697314E28,-3.697314E28,0.0000000,3,Missing,-3.697314E28,-3.697314E28,-3.697314E28,Missing,-3.697314E28,-3.697314E28,-3.697314E28,Missing,-3.697314E28,-3.697314E28,-3.697314E28,Port 0x02: JJH T tibia tracker  s/n:3E4C8800,983140888,1783611281.468660076,1,OK,0.8324997,0.0401486,0.1420849,0.5339890,81.195,-25.121,-1613.901,0.3101638,3,OK,81.428,-25.215,-1613.961,OK,146.826,-94.173,-1626.948,OK,45.917,-106.055,-1596.409,Port 0x03: JJH Y femur tracker  s/n:3E4C8801,983140888,1783611281.468660076,1,OK,0.5323225,0.0240481,0.4586901,0.7110962,-160.335,51.900,-1471.619,0.3276037,3,OK,-160.254,52.043,-1471.848,OK,-194.515,5.370,-1390.272,OK,-119.865,-20.791,-1429.388
3,Port 0x01: JJH Probe  s/n:3E4C880C,983140891,1783611281.518660076,1,Too Few Markers,-3.697314E28,-3.697314E28,-3.697314E28,-3.697314E28,-3.697314E28,-3.697314E28,-3.697314E28,0.0000000,3,Missing,-3.697314E28,-3.697314E28,-3.697314E28,Missing,-3.697314E28,-3.697314E28,-3.697314E28,Missing,-3.697314E28,-3.697314E28,-3.697314E28,Port 0x02: JJH T tibia tracker  s/n:3E4C8800,983140891,1783611281.518660076,1,OK,0.8319552,0.0357465,0.1457223,0.5341701,81.464,-24.508,-1612.733,0.3281761,3,OK,81.705,-24.594,-1612.795,OK,147.261,-93.536,-1625.116,OK,46.383,-105.341,-1594.280,Port 0x03: JJH Y femur tracker  s/n:3E4C8801,983140891,1783611281.518660076,1,OK,0.5288128,0.0286890,0.4617565,0.7115581,-158.130,51.702,-1470.352,0.3117950,3,OK,-158.056,51.800,-1470.527,OK,-191.196,5.066,-1388.645,OK,-116.993,-20.970,-1428.770
3,Port 0x01: JJH Probe  s/n:3E4C880C,983140894,1783611281.568660076,1,Too Few Markers,-3.697314E28,-3.697314E28,-3.697314E28,-3.697314E28,-3.697314E28,-3.697314E28,-3.697314E28,0.0000000,3,Missing,-3.697314E28,-3.697314E28,-3.697314E28,Missing,-3.697314E28,-3.697314E28,-3.697314E28,Missing,-3.697314E28,-3.697314E28,-3.697314E28,Port 0x02: JJH T tibia tracker  s/n:3E4C8800,983140894,1783611281.568660076,1,OK,0.8314936,0.0320495,0.1489730,0.5342267,81.571,-23.875,-1611.904,0.3413285,3,OK,81.818,-23.976,-1611.966,OK,147.489,-92.882,-1623.736,OK,46.658,-104.590,-1592.618,Port 0x03: JJH Y femur tracker  s/n:3E4C8801,983140894,1783611281.568660076,1,OK,0.5254640,0.0326071,0.4650773,0.7117074,-156.103,51.640,-1469.225,0.3330227,3,OK,-156.029,51.769,-1469.439,OK,-188.106,4.956,-1387.086,OK,-114.353,-20.974,-1428.116
3,Port 0x01: JJH Probe  s/n:3E4C880C,983140897,1783611281.618660076,1,Too Few Markers,-3.697314E28,-3.697314E28,-3.697314E28,-3.697314E28,-3.697314E28,-3.697314E28,-3.697314E28,0.0000000,3,Missing,-3.697314E28,-3.697314E28,-3.697314E28,Missing,-3.697314E28,-3.697314E28,-3.697314E28,Missing,-3.697314E28,-3.697314E28,-3.697314E28,Port 0x02: JJH T tibia tracker  s/n:3E4C8800,983140897,1783611281.618660076,1,OK,0.8314378,0.0304895,0.1506397,0.5339375,81.571,-23.575,-1611.198,0.3297617,3,OK,81.798,-23.665,-1611.255,OK,147.502,-92.644,-1622.800,OK,46.698,-104.201,-1591.515,Port 0x03: JJH Y femur tracker  s/n:3E4C8801,983140897,1783611281.618660076,1,OK,0.5225595,0.0361096,0.4677189,0.7119457,-154.230,51.449,-1468.235,0.3266541,3,OK,-154.161,51.564,-1468.432,OK,-185.316,4.709,-1385.791,OK,-111.953,-21.121,-1427.598
3,Port 0x01: JJH Probe  s/n:3E4C880C,983140900,1783611281.668660076,1,Interference,-3.697314E28,-3.697314E28,-3.697314E28,-3.697314E28,-3.697314E28,-3.697314E28,-3.697314E28,0.0000000,3,Missing,-3.697314E28,-3.697314E28,-3.697314E28,Missing,-3.697314E28,-3.697314E28,-3.697314E28,Missing,-3.697314E28,-3.697314E28,-3.697314E28,Port 0x02: JJH T tibia tracker  s/n:3E4C8800,983140900,1783611281.668660076,1,OK,0.8311587,0.0278496,0.1535374,0.5336907,81.584,-23.279,-1611.063,0.3491332,3,OK,81.833,-23.371,-1611.126,OK,147.545,-92.359,-1622.282,OK,46.805,-103.800,-1590.692,Port 0x03: JJH Y femur tracker  s/n:3E4C8801,983140900,1783611281.668660076,1,OK,0.5201197,0.0391634,0.4697935,0.7122049,-152.629,51.431,-1467.293,0.3045689,3,OK,-152.571,51.517,-1467.447,OK,-182.937,4.630,-1384.643,OK,-109.917,-21.117,-1427.085
3,Port 0x01: JJH Probe  s/n:3E4C880C,983140903,1783611281.718690299,1,Interference,-3.697314E28,-3.697314E28,-3.697314E28,-3.697314E28,-3.697314E28,-3.697314E28,-3.697314E28,0.0000000,3,Missing,-3.697314E28,-3.697314E28,-3.697314E28,Missing,-3.697314E28,-3.697314E28,-3.697314E28,Missing,-3.697314E28,-3.697314E28,-3.697314E28,Port 0x02: JJH T tibia tracker  s/n:3E4C8800,983140903,1783611281.718690299,1,OK,0.8311112,0.0259884,0.1543629,0.5336205,81.632,-22.979,-1610.401,0.3378644,3,OK,81.882,-23.080,-1610.463,OK,147.616,-92.065,-1621.299,OK,46.904,-103.430,-1589.736,Port 0x03: JJH Y femur tracker  s/n:3E4C8801,983140903,1783611281.718690299,1,OK,0.5180479,0.0414156,0.4718507,0.7122275,-151.440,51.322,-1466.740,0.3320414,3,OK,-151.370,51.427,-1466.929,OK,-181.113,4.505,-1383.815,OK,-108.359,-21.166,-1426.819
3,Port 0x01: JJH Probe  s/n:3E4C880C,983140906,1783611281.768690299,1,Interference,-3.697314E28,-3.697314E28,-3.697314E28,-3.697314E28,-3.697314E28,-3.697314E28,-3.697314E28,0.0000000,3,Missing,-3.697314E28,-3.697314E28,-3.697314E28,Missing,-3.697314E28,-3.697314E28,-3.697314E28,Missing,-3.697314E28,-3.697314E28,-3.697314E28,Port 0x02: JJH T tibia tracker  s/n:3E4C8800,983140906,1783611281.768690299,1,OK,0.8310676,0.0248341,0.1550350,0.5335485,81.608,-22.862,-1610.149,0.3323427,3,OK,81.850,-22.950,-1610.210,OK,147.621,-91.966,-1620.857,OK,46.906,-103.272,-1589.274,Port 0x03: JJH Y femur tracker  s/n:3E4C8801,983140906,1783611281.768690299,1,OK,0.5167853,0.0429238,0.4729563,0.7123221,-150.603,51.236,-1466.320,0.3254706,3,OK,-150.537,51.334,-1466.499,OK,-179.876,4.393,-1383.281,OK,-107.303,-21.234,-1426.607
3,Port 0x01: JJH Probe  s/n:3E4C880C,983140909,1783611281.818690299,1,Interference,-3.697314E28,-3.697314E28,-3.697314E28,-3.697314E28,-3.697314E28,-3.697314E28,-3.697314E28,0.0000000,3,Missing,-3.697314E28,-3.697314E28,-3.697314E28,Missing,-3.697314E28,-3.697314E28,-3.697314E28,Missing,-3.697314E28,-3.697314E28,-3.697314E28,Port 0x02: JJH T tibia tracker  s/n:3E4C8800,983140909,1783611281.818690299,1,OK,0.8309775,0.0244343,0.1559380,0.5334442,81.611,-22.668,-1609.831,0.3504906,3,OK,81.850,-22.771,-1609.890,OK,147.650,-91.777,-1620.509,OK,46.911,-103.038,-1588.777,Port 0x03: JJH Y femur tracker  s/n:3E4C8801,983140909,1783611281.818690299,1,OK,0.5162981,0.0433229,0.4734392,0.7123305,-150.320,51.334,-1466.125,0.3239063,3,OK,-150.255,51.439,-1466.312,OK,-179.442,4.494,-1383.031,OK,-106.937,-21.113,-1426.456
3,Port 0x01: JJH Probe  s/n:3E4C880C,983140912,1783611281.868690299,1,Interference,-3.697314E28,-3.697314E28,-3.697314E28,-3.697314E28,-3.697314E28,-3.697314E28,-3.697314E28,0.0000000,3,Missing,-3.697314E28,-3.697314E28,-3.697314E28,Missing,-3.697314E28,-3.697314E28,-3.697314E28,Missing,-3.697314E28,-3.697314E28,-3.697314E28,Port 0x02: JJH T tibia tracker  s/n:3E4C8800,983140912,1783611281.868690299,1,OK,0.8309863,0.0245346,0.1552453,0.5336279,81.614,-22.876,-1610.240,0.3498744,3,OK,81.877,-22.967,-1610.307,OK,147.644,-91.950,-1620.905,OK,46.925,-103.297,-1589.302,Port 0x03: JJH Y femur tracker  s/n:3E4C8801,983140912,1783611281.868690299,1,OK,0.5167901,0.0431705,0.4729222,0.7123264,-150.591,51.236,-1466.267,0.3192601,3,OK,-150.524,51.318,-1466.427,OK,-179.850,4.385,-1383.242,OK,-107.293,-21.250,-1426.598
3,Port 0x01: JJH Probe  s/n:3E4C880C,983140915,1783611281.918690299,1,Interference,-3.697314E28,-3.697314E28,-3.697314E28,-3.697314E28,-3.697314E28,-3.697314E28,-3.697314E28,0.0000000,3,Missing,-3.697314E28,-3.697314E28,-3.697314E28,Missing,-3.697314E28,-3.697314E28,-3.697314E28,Missing,-3.697314E28,-3.697314E28,-3.697314E28,Port 0x02: JJH T tibia tracker  s/n:3E4C8800,983140915,1783611281.918690299,1,OK,0.8309048,0.0269317,0.1544090,0.5338818,81.671,-22.929,-1610.621,0.3468645,3,OK,81.919,-23.026,-1610.684,OK,147.687,-91.975,-1621.711,OK,46.980,-103.430,-1590.042,Port 0x03: JJH Y femur tracker  s/n:3E4C8801,983140915,1783611281.918690299,1,OK,0.5180215,0.0410749,0.4720846,0.7121115,-151.431,51.425,-1466.782,0.3318121,3,OK,-151.365,51.550,-1466.990,OK,-181.097,4.655,-1383.825,OK,-108.347,-21.029,-1426.777
3,Port 0x01: JJH Probe  s/n:3E4C880C,983140918,1783611281.968690299,1,Interference,-3.697314E28,-3.697314E28,-3.697314E28,-3.697314E28,-3.697314E28,-3.697314E28,-3.697314E28,0.0000000,3,Missing,-3.697314E28,-3.697314E28,-3.697314E28,Missing,-3.697314E28,-3.697314E28,-3.697314E28,Missing,-3.697314E28,-3.697314E28,-3.697314E28,Port 0x02: JJH T tibia tracker  s/n:3E4C8800,983140918,1783611281.968690299,1,OK,0.8308587,0.0297905,0.1518851,0.5345253,81.705,-23.340,-1611.233,0.3463222,3,OK,81.943,-23.449,-1611.292,OK,147.754,-92.294,-1622.777,OK,46.995,-103.984,-1591.310,Port 0x03: JJH Y femur tracker  s/n:3E4C8801,983140918,1783611281.968690299,1,OK,0.5204487,0.0383771,0.4697571,0.7120313,-152.924,51.409,-1467.564,0.3154174,3,OK,-152.858,51.514,-1467.748,OK,-183.346,4.665,-1384.893,OK,-110.273,-21.096,-1427.217
3,Port 0x01: JJH Probe  s/n:3E4C880C,983140921,1783611282.018690299,1,Too Few Markers,-3.697314E28,-3.697314E28,-3.697314E28,-3.697314E28,-3.697314E28,-3.697314E28,-3.697314E28,0.0000000,3,Missing,-3.697314E28,-3.697314E28,-3.697314E28,Missing,-3.697314E28,-3.697314E28,-3.697314E28,Missing,-3.697314E28,-3.697314E28,-3.697314E28,Port 0x02: JJH T tibia tracker  s/n:3E4C8800,983140921,1783611282.018690299,1,OK,0.8313529,0.0316236,0.1475845,0.5348562,81.590,-23.664,-1611.527,0.3293271,3,OK,81.837,-23.741,-1611.591,OK,147.610,-92.590,-1623.237,OK,46.741,-104.455,-1592.419,Port 0x03: JJH Y femur tracker  s/n:3E4C8801,983140921,1783611282.018690299,1,OK,0.5239566,0.0344567,0.4664587,0.7118276,-155.055,51.677,-1468.627,0.3088248,3,OK,-154.992,51.778,-1468.800,OK,-186.571,4.982,-1386.355,OK,-113.029,-20.913,-1427.770
3,Port 0x01: JJH Probe  s/n:3E4C880C,983140924,1783611282.068690299,1,Too Few Markers,-3.697314E28,-3.697314E28,-3.697314E28,-3.697314E28,-3.697314E28,-3.697314E28,-3.697314E28,0.0000000,3,Missing,-3.697314E28,-3.697314E28,-3.697314E28,Missing,-3.697314E28,-3.697314E28,-3.697314E28,Missing,-3.697314E28,-3.697314E28,-3.697314E28,Port 0x02: JJH T tibia tracker  s/n:3E4C8800,983140924,1783611282.068690299,1,OK,0.8307572,0.0379094,0.1438527,0.5363876,81.882,-24.142,-1613.306,0.3310022,3,OK,82.123,-24.226,-1613.368,OK,147.981,-92.813,-1626.086,OK,47.126,-105.239,-1595.385,Port 0x03: JJH Y femur tracker  s/n:3E4C8801,983140924,1783611282.068690299,1,OK,0.5281705,0.0293394,0.4626774,0.7114104,-157.694,51.849,-1470.108,0.3151468,3,OK,-157.623,51.956,-1470.292,OK,-190.545,5.262,-1388.283,OK,-116.435,-20.793,-1428.571
3,Port 0x01: JJH Probe  s/n:3E4C880C,983140927,1783611282.118690300,1,Interference,-3.697314E28,-3.697314E28,-3.697314E28,-3.697314E28,-3.697314E28,-3.697314E28,-3.697314E28,0.0000000,3,Missing,-3.697314E28,-3.697314E28,-3.697314E28,Missing,-3.697314E28,-3.697314E28,-3.697314E28,Missing,-3.697314E28,-3.697314E28,-3.697314E28,Port 0x02: JJH T tibia tracker  s/n:3E4C8800,983140927,1783611282.118690300,1,OK,0.8303525,0.0442299,0.1393660,0.5377133,82.079,-24.667,-1615.161,0.3224929,3,OK,82.318,-24.754,-1615.223,OK,148.208,-93.098,-1628.972,OK,47.364,-106.045,-1598.545,Port 0x03: JJH Y femur tracker  s/n:3E4C8801,983140927,1783611282.118690300,1,OK,0.5330024,0.0219827,0.4583243,0.7108896,-160.812,52.030,-1471.926,0.3253455,3,OK,-160.756,52.225,-1472.188,OK,-195.241,5.614,-1390.643,OK,-120.474,-20.587,-1429.348
3,Port 0x01: JJH Probe  s/n:3E4C880C,983140930,1783611282.168690300,1,Too Few Markers,-3.697314E28,-3.697314E28,-3.697314E28,-3.697314E28,-3.697314E28,-3.697314E28,-3.697314E28,0.0000000,3,Missing,-3.697314E28,-3.697314E28,-3.697314E28,Missing,-3.697314E28,-3.697314E28,-3.697314E28,Missing,-3.697314E28,-3.697314E28,-3.697314E28,Port 0x02: JJH T tibia tracker  s/n:3E4C8800,983140930,1783611282.168690300,1,OK,0.8298176,0.0506276,0.1345831,0.5391910,82.307,-25.111,-1616.690,0.3007531,3,OK,82.532,-25.196,-1616.750,OK,148.495,-93.270,-1631.536,OK,47.668,-106.765,-1601.442,Port 0x03: JJH Y femur tracker  s/n:3E4C8801,983140930,1783611282.168690300,1,OK,0.5385653,0.0154374,0.4528367,0.7103858,-164.219,52.334,-1473.935,0.3103841,3,OK,-164.168,52.524,-1474.180,OK,-200.398,6.013,-1393.392,OK,-124.945,-20.400,-1430.555
3,Port 0x01: JJH Probe  s/n:3E4C880C,983140933,1783611282.218690300,1,Too Few Markers,-3.697314E28,-3.697314E28,-3.697314E28,-3.697314E28,-3.697314E28,-3.697314E28,-3.697314E28,0.0000000,3,Missing,-3.697314E28,-3.697314E28,-3.697314E28,Missing,-3.697314E28,-3.697314E28,-3.697314E28,Missing,-3.697314E28,-3.697314E28,-3.697314E28,Port 0x02: JJH T tibia tracker  s/n:3E4C8800,983140933,1783611282.218690300,1,OK,0.8291330,0.0590024,0.1299588,0.5405256,82.568,-25.785,-1619.230,0.3033336,3,OK,82.796,-25.877,-1619.292,OK,148.749,-93.623,-1635.483,OK,47.967,-107.723,-1605.513,Port 0x03: JJH Y femur tracker  s/n:3E4C8801,983140933,1783611282.218690300,1,OK,0.5445618,0.0097247,0.4472629,0.7094461,-167.885,52.616,-1476.311,0.3472468,3,OK,-167.792,52.780,-1476.559,OK,-205.901,6.403,-1396.473,OK,-129.771,-20.298,-1432.277
3,Port 0x01: JJH Probe  s/n:3E4C880C,983140936,1783611282.268690300,1,Too Few Markers,-3.697314E28,-3.697314E28,-3.697314E28,-3.697314E28,-3.697314E28,-3.697314E28,-3.697314E28,0.0000000,3,Missing,-3.697314E28,-3.697314E28,-3.697314E28,Missing,-3.697314E28,-3.697314E28,-3.697314E28,Missing,-3.697314E28,-3.697314E28,-3.697314E28,Port 0x02: JJH T tibia tracker  s/n:3E4C8800,983140936,1783611282.268690300,1,OK,0.8284457,0.0668231,0.1251476,0.5418030,82.826,-26.332,-1621.572,0.2921534,3,OK,83.045,-26.412,-1621.634,OK,149.015,-93.850,-1639.115,OK,48.264,-108.519,-1609.366,Port 0x03: JJH Y femur tracker  s/n:3E4C8801,983140936,1783611282.268690300,1,OK,0.5506917,0.0022483,0.4411463,0.7086068,-171.659,52.962,-1478.822,0.3526622,3,OK,-171.561,53.149,-1479.091,OK,-211.607,6.880,-1399.851,OK,-134.788,-20.062,-1433.892
3,Port 0x01: JJH Probe  s/n:3E4C880C,983140939,1783611282.318690300,1,Too Few Markers,-3.697314E28,-3.697314E28,-3.697314E28,-3.697314E28,-3.697314E28,-3.697314E28,-3.697314E28,0.0000000,3,Missing,-3.697314E28,-3.697314E28,-3.697314E28,Missing,-3.697314E28,-3.697314E28,-3.697314E28,Missing,-3.697314E28,-3.697314E28,-3.697314E28,Port 0x02: JJH T tibia tracker  s/n:3E4C8800,983140939,1783611282.318690300,1,OK,0.8276941,0.0750189,0.1200978,0.5430204,83.069,-26.917,-1624.175,0.2799647,3,OK,83.288,-26.994,-1624.238,OK,149.235,-94.078,-1643.058,OK,48.543,-109.328,-1613.557,Port 0x03: JJH Y femur tracker  s/n:3E4C8801,983140939,1783611282.318690300,1,OK,0.5569742,-0.0054824,0.4347227,0.7076481,-175.594,53.278,-1481.542,0.3568760,3,OK,-175.490,53.478,-1481.821,OK,-217.532,7.341,-1403.520,OK,-140.031,-19.853,-1435.728
3,Port 0x01: JJH Probe  s/n:3E4C880C,983140942,1783611282.368690300,1,Too Few Markers,-3.697314E28,-3.697314E28,-3.697314E28,-3.697314E28,-3.697314E28,-3.697314E28,-3.697314E28,0.0000000,3,Missing,-3.697314E28,-3.697314E28,-3.697314E28,Missing,-3.697314E28,-3.697314E28,-3.697314E28,Missing,-3.697314E28,-3.697314E28,-3.697314E28,Port 0x02: JJH T tibia tracker  s/n:3E4C8800,983140942,1783611282.368690300,1,OK,0.8269327,0.0834332,0.1145905,0.5441417,83.320,-27.485,-1626.612,0.2578636,3,OK,83.530,-27.565,-1626.675,OK,149.450,-94.268,-1646.849,OK,48.814,-110.074,-1617.677,Port 0x03: JJH Y femur tracker  s/n:3E4C8801,983140942,1783611282.368690300,1,OK,0.5636795,-0.0138371,0.4275528,0.7065922,-179.665,53.646,-1484.508,0.3388441,3,OK,-179.576,53.850,-1484.773,OK,-223.719,7.862,-1407.617,OK,-145.532,-19.617,-1437.783
3,Port 0x01: JJH Probe  s/n:3E4C880C,983140945,1783611282.418690300,1,Too Few Markers,-3.697314E28,-3.697314E28,-3.697314E28,-3.697314E28,-3.697314E28,-3.697314E28,-3.697314E28,0.0000000,3,Missing,-3.697314E28,-3.697314E28,-3.697314E28,Missing,-3.697314E28,-3.697314E28,-3.697314E28,Missing,-3.697314E28,-3.697314E28,-3.697314E28,Port 0x02: JJH T tibia tracker  s/n:3E4C8800,983140945,1783611282.418690300,1,OK,0.8261316,0.0905558,0.1110990,0.5449433,83.610,-27.898,-1628.407,0.2522290,3,OK,83.803,-27.964,-1628.466,OK,149.719,-94.367,-1649.845,OK,49.112,-110.618,-1620.714,Port 0x03: JJH Y femur tracker  s/n:3E4C8801,983140945,1783611282.418690300,1,OK,0.5705167,-0.0228764,0.4203015,0.7052192,-183.871,54.045,-1487.803,0.3565983,3,OK,-183.767,54.282,-1488.101,OK,-230.112,8.458,-1412.066,OK,-151.263,-19.291,-1440.094
3,Port 0x01: JJH Probe  s/n:3E4C880C,983140948,1783611282.468690300,1,Too Few Markers,-3.697314E28,-3.697314E28,-3.697314E28,-3.697314E28,-3.697314E28,-3.697314E28,-3.697314E28,0.0000000,3,Missing,-3.697314E28,-3.697314E28,-3.697314E28,Missing,-3.697314E28,-3.697314E28,-3.697314E28,Missing,-3.697314E28,-3.697314E28,-3.697314E28,Port 0x02: JJH T tibia tracker  s/n:3E4C8800,983140948,1783611282.468690300,1,OK,0.8254735,0.0957121,0.1082366,0.5456351,83.833,-28.251,-1629.768,0.2456143,3,OK,84.029,-28.324,-1629.829,OK,149.916,-94.443,-1652.051,OK,49.373,-111.057,-1623.034,Port 0x03: JJH Y femur tracker  s/n:3E4C8801,983140948,1783611282.468690300,1,OK,0.5777678,-0.0322995,0.4123509,0.7036390,-188.195,54.505,-1491.327,0.3621422,3,OK,-188.098,54.777,-1491.645,OK,-236.717,9.126,-1416.931,OK,-157.250,-18.951,-1442.639
3,Port 0x01: JJH Probe  s/n:3E4C880C,983140951,1783611282.518690300,1,Too Few Markers,-3.697314E28,-3.697314E28,-3.697314E28,-3.697314E28,-3.697314E28,-3.697314E28,-3.697314E28,0.0000000,3,Missing,-3.697314E28,-3.697314E28,-3.697314E28,Missing,-3.697314E28,-3.697314E28,-3.697314E28,Missing,-3.697314E28,-3.697314E28,-3.697314E28,Port 0x02: JJH T tibia tracker  s/n:3E4C8800,983140951,1783611282.518690300,1,OK,0.8247102,0.1016649,0.1044133,0.5464569,84.009,-28.631,-1631.340,0.2412641,3,OK,84.207,-28.695,-1631.402,OK,150.088,-94.489,-1654.577,OK,49.574,-111.537,-1625.789,Port 0x03: JJH Y femur tracker  s/n:3E4C8801,983140951,1783611282.518690300,1,OK,0.5852989,-0.0417628,0.4036562,0.7019563,-192.694,55.005,-1495.154,0.3279804,3,OK,-192.602,55.249,-1495.434,OK,-243.571,9.820,-1422.279,OK,-163.521,-18.586,-1445.609
3,Port 0x01: JJH Probe  s/n:3E4C880C,983140954,1783611282.568690300,1,Too Few Markers,-3.697314E28,-3.697314E28,-3.697314E28,-3.697314E28,-3.697314E28,-3.697314E28,-3.697314E28,0.0000000,3,Missing,-3.697314E28,-3.697314E28,-3.697314E28,Missing,-3.697314E28,-3.697314E28,-3.697314E28,Missing,-3.697314E28,-3.697314E28,-3.697314E28,Port 0x02: JJH T tibia tracker  s/n:3E4C8800,983140954,1783611282.568690300,1,OK,0.8239771,0.1067942,0.1016791,0.5470997,84.198,-28.966,-1632.867,0.2478029,3,OK,84.410,-29.049,-1632.935,OK,150.248,-94.516,-1656.943,OK,49.793,-111.935,-1628.252,Port 0x03: JJH Y femur tracker  s/n:3E4C8801,983140954,1783611282.568690300,1,OK,0.5929843,-0.0524991,0.3947164,0.6998660,-197.285,55.515,-1499.472,0.3478620,3,OK,-197.193,55.803,-1499.786,OK,-250.605,10.589,-1428.215,OK,-170.011,-18.158,-1448.911
3,Port 0x01: JJH Probe  s/n:3E4C880C,983140957,1783611282.618690300,1,Too Few Markers,-3.697314E28,-3.697314E28,-3.697314E28,-3.697314E28,-3.697314E28,-3.697314E28,-3.697314E28,0.0000000,3,Missing,-3.697314E28,-3.697314E28,-3.697314E28,Missing,-3.697314E28,-3.697314E28,-3.697314E28,Missing,-3.697314E28,-3.697314E28,-3.697314E28,Port 0x02: JJH T tibia tracker  s/n:3E4C8800,983140957,1783611282.618690300,1,OK,0.8230547,0.1137333,0.0983813,0.5476922,84.419,-29.283,-1634.357,0.2258691,3,OK,84.598,-29.341,-1634.416,OK,150.432,-94.493,-1659.594,OK,50.018,-112.302,-1630.942,Port 0x03: JJH Y femur tracker  s/n:3E4C8801,983140957,1783611282.618690300,1,OK,0.6009351,-0.0638052,0.3851429,0.6974746,-202.006,56.082,-1504.190,0.3704219,3,OK,-201.917,56.414,-1504.531,OK,-257.849,11.439,-1434.731,OK,-176.767,-17.675,-1452.627
3,Port 0x01: JJH Probe  s/n:3E4C880C,983140960,1783611282.668690300,1,Too Few Markers,-3.697314E28,-3.697314E28,-3.697314E28,-3.697314E28,-3.697314E28,-3.697314E28,-3.697314E28,0.0000000,3,Missing,-3.697314E28,-3.697314E28,-3.697314E28,Missing,-3.697314E28,-3.697314E28,-3.697314E28,Missing,-3.697314E28,-3.697314E28,-3.697314E28,Port 0x02: JJH T tibia tracker  s/n:3E4C8800,983140960,1783611282.668690300,1,OK,0.8222930,0.1181274,0.0965275,0.5482359,84.614,-29.584,-1635.527,0.2377274,3,OK,84.801,-29.650,-1635.589,OK,150.615,-94.510,-1661.504,OK,50.241,-112.650,-1632.839,Port 0x03: JJH Y femur tracker  s/n:3E4C8801,983140960,1783611282.668690300,1,OK,0.6090543,-0.0748070,0.3749214,0.6949034,-206.709,56.680,-1509.095,0.3506943,3,OK,-206.628,57.004,-1509.416,OK,-265.069,12.306,-1441.620,OK,-183.600,-17.197,-1456.704
3,Port 0x01: JJH Probe  s/n:3E4C880C,983140963,1783611282.718690300,1,Too Few Markers,-3.697314E28,-3.697314E28,-3.697314E28,-3.697314E28,-3.697314E28,-3.697314E28,-3.697314E28,0.0000000,3,Missing,-3.697314E28,-3.697314E28,-3.697314E28,Missing,-3.697314E28,-3.697314E28,-3.697314E28,Missing,-3.697314E28,-3.697314E28,-3.697314E28,Port 0x02: JJH T tibia tracker  s/n:3E4C8800,983140963,1783611282.718690300,1,OK,0.8216478,0.1225563,0.0935150,0.5487529,84.789,-29.812,-1636.154,0.2104705,3,OK,84.965,-29.844,-1636.210,OK,150.768,-94.479,-1662.822,OK,50.452,-112.910,-1634.381,Port 0x03: JJH Y femur tracker  s/n:3E4C8801,983140963,1783611282.718690300,1,OK,0.6169692,-0.0862741,0.3648475,0.6919480,-211.359,57.378,-1514.429,0.3790267,3,OK,-211.261,57.739,-1514.781,OK,-272.197,13.318,-1448.964,OK,-190.433,-16.562,-1461.177
3,Port 0x01: JJH Probe  s/n:3E4C880C,983140966,1783611282.768690300,1,Too Few Markers,-3.697314E28,-3.697314E28,-3.697314E28,-3.697314E28,-3.697314E28,-3.697314E28,-3.697314E28,0.0000000,3,Missing,-3.697314E28,-3.697314E28,-3.697314E28,Missing,-3.697314E28,-3.697314E28,-3.697314E28,Missing,-3.697314E28,-3.697314E28,-3.697314E28,Port 0x02: JJH T tibia tracker  s/n:3E4C8800,983140966,1783611282.768690300,1,OK,0.8212589,0.1240590,0.0933568,0.5490243,85.012,-30.091,-1636.132,0.2216695,3,OK,85.200,-30.121,-1636.192,OK,150.986,-94.638,-1663.070,OK,50.714,-113.223,-1634.542,Port 0x03: JJH Y femur tracker  s/n:3E4C8801,983140966,1783611282.768690300,1,OK,0.6249031,-0.0985335,0.3539203,0.6888597,-215.807,57.981,-1519.943,0.3959379,3,OK,-215.738,58.376,-1520.302,OK,-279.136,14.237,-1456.754,OK,-197.154,-16.037,-1465.855
3,Port 0x01: JJH Probe  s/n:3E4C880C,983140969,1783611282.818690300,1,Too Few Markers,-3.697314E28,-3.697314E28,-3.697314E28,-3.697314E28,-3.697314E28,-3.697314E28,-3.697314E28,0.0000000,3,Missing,-3.697314E28,-3.697314E28,-3.697314E28,Missing,-3.697314E28,-3.697314E28,-3.697314E28,Missing,-3.697314E28,-3.697314E28,-3.697314E28,Port 0x02: JJH T tibia tracker  s/n:3E4C8800,983140969,1783611282.818690300,1,OK,0.8210504,0.1240226,0.0946241,0.5491274,85.171,-30.290,-1635.407,0.2157801,3,OK,85.340,-30.333,-1635.464,OK,151.160,-94.833,-1662.400,OK,50.930,-113.426,-1633.628,Port 0x03: JJH Y femur tracker  s/n:3E4C8801,983140969,1783611282.818690300,1,OK,0.6322091,-0.1097974,0.3438698,0.6855726,-219.926,58.646,-1525.344,0.4174950,3,OK,-219.864,59.069,-1525.717,OK,-285.512,15.243,-1464.305,OK,-203.444,-15.415,-1470.547
3,Port 0x01: JJH Probe  s/n:3E4C880C,983140972,1783611282.868690300,1,Too Few Markers,-3.697314E28,-3.697314E28,-3.697314E28,-3.697314E28,-3.697314E28,-3.697314E28,-3.697314E28,0.0000000,3,Missing,-3.697314E28,-3.697314E28,-3.697314E28,Missing,-3.697314E28,-3.697314E28,-3.697314E28,Missing,-3.697314E28,-3.697314E28,-3.697314E28,Port 0x02: JJH T tibia tracker  s/n:3E4C8800,983140972,1783611282.868690300,1,OK,0.8206973,0.1254417,0.0936124,0.5495062,85.323,-30.521,-1635.165,0.2020463,3,OK,85.487,-30.545,-1635.217,OK,151.333,-94.947,-1662.378,OK,51.142,-113.684,-1633.696,Port 0x03: JJH Y femur tracker  s/n:3E4C8801,983140972,1783611282.868690300,1,OK,0.6392297,-0.1205563,0.3337561,0.6822452,-223.695,59.285,-1530.707,0.4245655,3,OK,-223.637,59.719,-1531.081,OK,-291.413,16.194,-1471.867,OK,-209.363,-14.828,-1475.348
3,Port 0x01: JJH Probe  s/n:3E4C880C,983140975,1783611282.918690300,1,Too Few Markers,-3.697314E28,-3.697314E28,-3.697314E28,-3.697314E28,-3.697314E28,-3.697314E28,-3.697314E28,0.0000000,3,Missing,-3.697314E28,-3.697314E28,-3.697314E28,Missing,-3.697314E28,-3.697314E28,-3.697314E28,Missing,-3.697314E28,-3.697314E28,-3.697314E28,Port 0x02: JJH T tibia tracker  s/n:3E4C8800,983140975,1783611282.918690300,1,OK,0.8204815,0.1257490,0.0932550,0.5498188,85.425,-30.687,-1634.823,0.2026625,3,OK,85.600,-30.727,-1634.882,OK,151.461,-95.035,-1662.076,OK,51.305,-113.866,-1633.451,Port 0x03: JJH Y femur tracker  s/n:3E4C8801,983140975,1783611282.918690300,1,OK,0.6456854,-0.1306220,0.3239587,0.6790280,-227.070,59.969,-1535.866,0.4240203,3,OK,-227.024,60.405,-1536.232,OK,-296.727,17.157,-1479.196,OK,-214.775,-14.201,-1480.071
3,Port 0x01: JJH Probe  s/n:3E4C880C,983140978,1783611282.968690300,1,Too Few Markers,-3.697314E28,-3.697314E28,-3.697314E28,-3.697314E28,-3.697314E28,-3.697314E28,-3.697314E28,0.0000000,3,Missing,-3.697314E28,-3.697314E28,-3.697314E28,Missing,-3.697314E28,-3.697314E28,-3.697314E28,Missing,-3.697314E28,-3.697314E28,-3.697314E28,Port 0x02: JJH T tibia tracker  s/n:3E4C8800,983140978,1783611282.968690300,1,OK,0.8202177,0.1268595,0.0938135,0.5498624,85.574,-30.877,-1634.187,0.2088036,3,OK,85.737,-30.898,-1634.239,OK,151.603,-95.181,-1661.676,OK,51.458,-114.078,-1632.841,Port 0x03: JJH Y femur tracker  s/n:3E4C8801,983140978,1783611282.968690300,1,OK,0.6516147,-0.1407916,0.3148143,0.6756241,-230.237,60.552,-1541.021,0.4550948,3,OK,-230.199,61.019,-1541.405,OK,-301.707,18.066,-1486.445,OK,-219.903,-13.618,-1484.750
3,Port 0x01: JJH Probe  s/n:3E4C880C,983140981,1783611283.018690300,1,Too Few Markers,-3.697314E28,-3.697314E28,-3.697314E28,-3.697314E28,-3.697314E28,-3.697314E28,-3.697314E28,0.0000000,3,Missing,-3.697314E28,-3.697314E28,-3.697314E28,Missing,-3.697314E28,-3.697314E28,-3.697314E28,Missing,-3.697314E28,-3.697314E28,-3.697314E28,Port 0x02: JJH T tibia tracker  s/n:3E4C8800,983140981,1783611283.018690300,1,OK,0.8211494,0.1186124,0.0998853,0.5492428,85.760,-30.899,-1631.347,0.2258562,3,OK,85.947,-30.943,-1631.408,OK,151.820,-95.661,-1657.561,OK,51.724,-114.092,-1628.258,Port 0x03: JJH Y femur tracker  s/n:3E4C8801,983140981,1783611283.018690300,1,OK,0.6579222,-0.1510246,0.3043665,0.6720796,-233.380,61.222,-1546.454,0.4352761,3,OK,-233.350,61.667,-1546.814,OK,-306.722,19.005,-1494.256,OK,-225.151,-12.994,-1489.913
3,Port 0x01: JJH Probe  s/n:3E4C880C,983140984,1783611283.068690300,1,Too Few Markers,-3.697314E28,-3.697314E28,-3.697314E28,-3.697314E28,-3.697314E28,-3.697314E28,-3.697314E28,0.0000000,3,Missing,-3.697314E28,-3.697314E28,-3.697314E28,Missing,-3.697314E28,-3.697314E28,-3.697314E28,Missing,-3.697314E28,-3.697314E28,-3.697314E28,Port 0x02: JJH T tibia tracker  s/n:3E4C8800,983140984,1783611283.068690300,1,OK,0.8225352,0.1060936,0.1090573,0.5479841,85.923,-30.744,-1626.519,0.2319923,3,OK,86.108,-30.797,-1626.580,OK,152.032,-96.219,-1650.792,OK,51.972,-113.833,-1620.785,Port 0x03: JJH Y femur tracker  s/n:3E4C8801,983140984,1783611283.068690300,1,OK,0.6640628,-0.1620309,0.2934086,0.6683397,-236.535,61.799,-1552.359,0.4663628,3,OK,-236.522,62.272,-1552.732,OK,-311.717,19.841,-1502.703,OK,-230.471,-12.471,-1495.529
3,Port 0x01: JJH Probe  s/n:3E4C880C,983140987,1783611283.118690296,1,Too Few Markers,-3.697314E28,-3.697314E28,-3.697314E28,-3.697314E28,-3.697314E28,-3.697314E28,-3.697314E28,0.0000000,3,Missing,-3.697314E28,-3.697314E28,-3.697314E28,Missing,-3.697314E28,-3.697314E28,-3.697314E28,Missing,-3.697314E28,-3.697314E28,-3.697314E28,Port 0x02: JJH T tibia tracker  s/n:3E4C8800,983140987,1783611283.118690296,1,OK,0.8234191,0.0964553,0.1161146,0.5469870,86.001,-30.502,-1622.743,0.2528896,3,OK,86.206,-30.578,-1622.809,OK,152.148,-96.452,-1645.507,OK,52.122,-113.464,-1614.975,Port 0x03: JJH Y femur tracker  s/n:3E4C8801,983140987,1783611283.118690296,1,OK,0.6702758,-0.1738056,0.2813440,0.6643550,-239.814,62.265,-1558.886,0.4732162,3,OK,-239.800,62.742,-1559.259,OK,-316.870,20.518,-1512.039,OK,-236.044,-12.040,-1501.878
3,Port 0x01: JJH Probe  s/n:3E4C880C,983140990,1783611283.168690296,1,Too Few Markers,-3.697314E28,-3.697314E28,-3.697314E28,-3.697314E28,-3.697314E28,-3.697314E28,-3.697314E28,0.0000000,3,Missing,-3.697314E28,-3.697314E28,-3.697314E28,Missing,-3.697314E28,-3.697314E28,-3.697314E28,Missing,-3.697314E28,-3.697314E28,-3.697314E28,Port 0x02: JJH T tibia tracker  s/n:3E4C8800,983140990,1783611283.168690296,1,OK,0.8234488,0.0928144,0.1193022,0.5468863,86.045,-30.479,-1620.553,0.2695528,3,OK,86.255,-30.549,-1620.620,OK,152.267,-96.553,-1642.780,OK,52.255,-113.417,-1611.945,Port 0x03: JJH Y femur tracker  s/n:3E4C8801,983140990,1783611283.168690296,1,OK,0.6768847,-0.1871200,0.2684971,0.6593350,-243.122,62.890,-1566.367,0.4897052,3,OK,-243.100,63.382,-1566.750,OK,-322.136,21.479,-1522.620,OK,-241.934,-11.363,-1509.149
3,Port 0x01: JJH Probe  s/n:3E4C880C,983140993,1783611283.218690296,1,Too Few Markers,-3.697314E28,-3.697314E28,-3.697314E28,-3.697314E28,-3.697314E28,-3.697314E28,-3.697314E28,0.0000000,3,Missing,-3.697314E28,-3.697314E28,-3.697314E28,Missing,-3.697314E28,-3.697314E28,-3.697314E28,Missing,-3.697314E28,-3.697314E28,-3.697314E28,Port 0x02: JJH T tibia tracker  s/n:3E4C8800,983140993,1783611283.218690296,1,OK,0.8241978,0.0807712,0.1284543,0.5455947,86.168,-29.962,-1616.178,0.3045070,3,OK,86.398,-30.040,-1616.250,OK,152.482,-96.551,-1636.534,OK,52.488,-112.670,-1604.982,Port 0x03: JJH Y femur tracker  s/n:3E4C8801,983140993,1783611283.218690296,1,OK,0.6837480,-0.2012115,0.2550738,0.6534064,-246.215,63.742,-1574.461,0.5077612,3,OK,-246.190,64.247,-1574.853,OK,-327.195,22.782,-1534.054,OK,-247.804,-10.420,-1517.086
3,Port 0x01: JJH Probe  s/n:3E4C880C,983140996,1783611283.268690296,1,Too Few Markers,-3.697314E28,-3.697314E28,-3.697314E28,-3.697314E28,-3.697314E28,-3.697314E28,-3.697314E28,0.0000000,3,Missing,-3.697314E28,-3.697314E28,-3.697314E28,Missing,-3.697314E28,-3.697314E28,-3.697314E28,Missing,-3.697314E28,-3.697314E28,-3.697314E28,Port 0x02: JJH T tibia tracker  s/n:3E4C8800,983140996,1783611283.268690296,1,OK,0.8239038,0.0821022,0.1281810,0.5459041,86.285,-29.934,-1615.148,0.2829402,3,OK,86.500,-30.011,-1615.216,OK,152.596,-96.454,-1635.743,OK,52.679,-112.673,-1604.142,Port 0x03: JJH Y femur tracker  s/n:3E4C8801,983140996,1783611283.268690296,1,OK,0.6909680,-0.2149389,0.2404600,0.6469493,-249.061,64.884,-1582.750,0.5157195,3,OK,-249.033,65.392,-1583.142,OK,-331.960,24.382,-1545.975,OK,-253.573,-9.274,-1525.494
3,Port 0x01: JJH Probe  s/n:3E4C880C,983140999,1783611283.318656636,1,Too Few Markers,-3.697314E28,-3.697314E28,-3.697314E28,-3.697314E28,-3.697314E28,-3.697314E28,-3.697314E28,0.0000000,3,Missing,-3.697314E28,-3.697314E28,-3.697314E28,Missing,-3.697314E28,-3.697314E28,-3.697314E28,Missing,-3.697314E28,-3.697314E28,-3.697314E28,Port 0x02: JJH T tibia tracker  s/n:3E4C8800,983140999,1783611283.318656636,1,OK,0.8234525,0.0816167,0.1290030,0.5464640,86.422,-29.804,-1614.270,0.2783231,3,OK,86.636,-29.880,-1614.337,OK,152.822,-96.247,-1634.821,OK,52.970,-112.583,-1603.115,Port 0x03: JJH Y femur tracker  s/n:3E4C8801,983140999,1783611283.318656636,1,OK,0.6978668,-0.2289327,0.2255271,0.6400854,-251.487,65.919,-1591.239,0.5120634,3,OK,-251.451,66.420,-1591.624,OK,-336.164,25.879,-1558.229,OK,-258.953,-8.189,-1534.225
3,Port 0x01: JJH Probe  s/n:3E4C880C,983141002,1783611283.368656636,1,Too Few Markers,-3.697314E28,-3.697314E28,-3.697314E28,-3.697314E28,-3.697314E28,-3.697314E28,-3.697314E28,0.0000000,3,Missing,-3.697314E28,-3.697314E28,-3.697314E28,Missing,-3.697314E28,-3.697314E28,-3.697314E28,Missing,-3.697314E28,-3.697314E28,-3.697314E28,Port 0x02: JJH T tibia tracker  s/n:3E4C8800,983141002,1783611283.368656636,1,OK,0.8231794,0.0802527,0.1302978,0.5467702,86.471,-29.644,-1613.203,0.2831620,3,OK,86.683,-29.730,-1613.270,OK,152.957,-96.063,-1633.566,OK,53.131,-112.421,-1601.730,Port 0x03: JJH Y femur tracker  s/n:3E4C8801,983141002,1783611283.368656636,1,OK,0.7040229,-0.2430341,0.2115753,0.6328682,-253.580,66.887,-1600.016,0.5640496,3,OK,-253.524,67.435,-1600.437,OK,-339.823,27.368,-1570.648,OK,-263.914,-7.101,-1543.181
3,Port 0x01: JJH Probe  s/n:3E4C880C,983141005,1783611283.418656636,1,Too Few Markers,-3.697314E28,-3.697314E28,-3.697314E28,-3.697314E28,-3.697314E28,-3.697314E28,-3.697314E28,0.0000000,3,Missing,-3.697314E28,-3.697314E28,-3.697314E28,Missing,-3.697314E28,-3.697314E28,-3.697314E28,Missing,-3.697314E28,-3.697314E28,-3.697314E28,Port 0x02: JJH T tibia tracker  s/n:3E4C8800,983141005,1783611283.418656636,1,OK,0.8232583,0.0763578,0.1338061,0.5463618,86.414,-29.385,-1611.618,0.3108776,3,OK,86.652,-29.459,-1611.692,OK,152.925,-95.940,-1631.396,OK,53.132,-112.096,-1599.225,Port 0x03: JJH Y femur tracker  s/n:3E4C8801,983141005,1783611283.418656636,1,OK,0.7101572,-0.2559854,0.1968654,0.6256135,-255.194,68.081,-1608.471,0.5546556,3,OK,-255.130,68.614,-1608.879,OK,-342.849,29.034,-1582.886,OK,-268.346,-5.862,-1552.164
3,Port 0x01: JJH Probe  s/n:3E4C880C,983141008,1783611283.468656636,1,Too Few Markers,-3.697314E28,-3.697314E28,-3.697314E28,-3.697314E28,-3.697314E28,-3.697314E28,-3.697314E28,0.0000000,3,Missing,-3.697314E28,-3.697314E28,-3.697314E28,Missing,-3.697314E28,-3.697314E28,-3.697314E28,Missing,-3.697314E28,-3.697314E28,-3.697314E28,Port 0x02: JJH T tibia tracker  s/n:3E4C8800,983141008,1783611283.468656636,1,OK,0.8232645,0.0747911,0.1351560,0.5462369,86.298,-29.357,-1610.288,0.3008725,3,OK,86.527,-29.420,-1610.359,OK,152.826,-95.976,-1629.828,OK,53.067,-112.031,-1597.543,Port 0x03: JJH Y femur tracker  s/n:3E4C8801,983141008,1783611283.468656636,1,OK,0.7157732,-0.2685430,0.1825700,0.6182407,-256.419,69.057,-1616.675,0.5512372,3,OK,-256.335,69.586,-1617.076,OK,-345.280,30.475,-1594.802,OK,-272.302,-4.810,-1560.980
3,Port 0x01: JJH Probe  s/n:3E4C880C,983141011,1783611283.518656636,1,Too Few Markers,-3.697314E28,-3.697314E28,-3.697314E28,-3.697314E28,-3.697314E28,-3.697314E28,-3.697314E28,0.0000000,3,Missing,-3.697314E28,-3.697314E28,-3.697314E28,Missing,-3.697314E28,-3.697314E28,-3.697314E28,Missing,-3.697314E28,-3.697314E28,-3.697314E28,Port 0x02: JJH T tibia tracker  s/n:3E4C8800,983141011,1783611283.518656636,1,OK,0.8233097,0.0727957,0.1372798,0.5459085,86.129,-29.164,-1608.850,0.3035767,3,OK,86.357,-29.243,-1608.921,OK,152.657,-95.872,-1628.104,OK,52.933,-111.761,-1595.588,Port 0x03: JJH Y femur tracker  s/n:3E4C8801,983141011,1783611283.518656636,1,OK,0.7209170,-0.2803710,0.1688642,0.6108646,-257.316,70.175,-1624.848,0.5463476,3,OK,-257.211,70.701,-1625.244,OK,-347.178,32.054,-1606.556,OK,-275.814,-3.598,-1569.857
3,Port 0x01: JJH Probe  s/n:3E4C880C,983141014,1783611283.568600656,1,Too Few Markers,-3.697314E28,-3.697314E28,-3.697314E28,-3.697314E28,-3.697314E28,-3.697314E28,-3.697314E28,0.0000000,3,Missing,-3.697314E28,-3.697314E28,-3.697314E28,Missing,-3.697314E28,-3.697314E28,-3.697314E28,Missing,-3.697314E28,-3.697314E28,-3.697314E28,Port 0x02: JJH T tibia tracker  s/n:3E4C8800,983141014,1783611283.568600656,1,OK,0.8234745,0.0698124,0.1396389,0.5454512,85.951,-29.017,-1607.218,0.2923012,3,OK,86.174,-29.086,-1607.287,OK,152.470,-95.864,-1626.001,OK,52.797,-111.521,-1593.309,Port 0x03: JJH Y femur tracker  s/n:3E4C8801,983141014,1783611283.568600656,1,OK,0.7256871,-0.2921454,0.1553637,0.6032342,-257.810,71.234,-1633.013,0.5652202,3,OK,-257.693,71.776,-1633.417,OK,-348.511,33.598,-1618.294,OK,-278.880,-2.432,-1578.766
3,Port 0x01: JJH Probe  s/n:3E4C880C,983141017,1783611283.618600656,1,Too Few Markers,-3.697314E28,-3.697314E28,-3.697314E28,-3.697314E28,-3.697314E28,-3.697314E28,-3.697314E28,0.0000000,3,Missing,-3.697314E28,-3.697314E28,-3.697314E28,Missing,-3.697314E28,-3.697314E28,-3.697314E28,Missing,-3.697314E28,-3.697314E28,-3.697314E28,Port 0x02: JJH T tibia tracker  s/n:3E4C8800,983141017,1783611283.618600656,1,OK,0.8234585,0.0693594,0.1407928,0.5452365,85.713,-29.017,-1606.137,0.2860620,3,OK,85.925,-29.073,-1606.203,OK,152.212,-95.917,-1624.880,OK,52.577,-111.490,-1592.010,Port 0x03: JJH Y femur tracker  s/n:3E4C8801,983141017,1783611283.618600656,1,OK,0.7298868,-0.3045093,0.1417663,0.5953500,-258.009,72.196,-1641.228,0.6194656,3,OK,-257.884,72.776,-1641.662,OK,-349.422,35.043,-1630.173,OK,-281.586,-1.354,-1587.712
3,Port 0x01: JJH Probe  s/n:3E4C880C,983141020,1783611283.668600656,1,Too Few Markers,-3.697314E28,-3.697314E28,-3.697314E28,-3.697314E28,-3.697314E28,-3.697314E28,-3.697314E28,0.0000000,3,Missing,-3.697314E28,-3.697314E28,-3.697314E28,Missing,-3.697314E28,-3.697314E28,-3.697314E28,Missing,-3.697314E28,-3.697314E28,-3.697314E28,Port 0x02: JJH T tibia tracker  s/n:3E4C8800,983141020,1783611283.668600656,1,OK,0.8234500,0.0683143,0.1418250,0.5451137,85.396,-28.988,-1605.442,0.3071683,3,OK,85.636,-29.060,-1605.517,OK,151.885,-95.900,-1624.027,OK,52.275,-111.440,-1591.053,Port 0x03: JJH Y femur tracker  s/n:3E4C8801,983141020,1783611283.668600656,1,OK,0.7340921,-0.3160373,0.1275526,0.5873327,-257.894,73.340,-1649.337,0.6056380,3,OK,-257.764,73.898,-1649.753,OK,-349.875,36.641,-1642.036,OK,-283.939,-0.109,-1596.851
3,Port 0x01: JJH Probe  s/n:3E4C880C,983141023,1783611283.718600656,1,Too Few Markers,-3.697314E28,-3.697314E28,-3.697314E28,-3.697314E28,-3.697314E28,-3.697314E28,-3.697314E28,0.0000000,3,Missing,-3.697314E28,-3.697314E28,-3.697314E28,Missing,-3.697314E28,-3.697314E28,-3.697314E28,Missing,-3.697314E28,-3.697314E28,-3.697314E28,Port 0x02: JJH T tibia tracker  s/n:3E4C8800,983141023,1783611283.718600656,1,OK,0.8234248,0.0681720,0.1428920,0.5448909,85.128,-28.950,-1604.270,0.2930445,3,OK,85.339,-29.023,-1604.335,OK,151.603,-95.919,-1622.874,OK,52.020,-111.356,-1589.708,Port 0x03: JJH Y femur tracker  s/n:3E4C8801,983141023,1783611283.718600656,1,OK,0.7378277,-0.3272107,0.1138857,0.5792870,-257.404,74.309,-1657.388,0.6078486,3,OK,-257.263,74.867,-1657.800,OK,-349.764,38.048,-1653.702,OK,-285.835,0.987,-1605.964
3,Port 0x01: JJH Probe  s/n:3E4C880C,983141026,1783611283.768600656,1,Too Few Markers,-3.697314E28,-3.697314E28,-3.697314E28,-3.697314E28,-3.697314E28,-3.697314E28,-3.697314E28,0.0000000,3,Missing,-3.697314E28,-3.697314E28,-3.697314E28,Missing,-3.697314E28,-3.697314E28,-3.697314E28,Missing,-3.697314E28,-3.697314E28,-3.697314E28,Port 0x02: JJH T tibia tracker  s/n:3E4C8800,983141026,1783611283.768600656,1,OK,0.8233965,0.0667243,0.1445684,0.5446705,84.794,-28.925,-1603.267,0.2998978,3,OK,85.020,-28.995,-1603.338,OK,151.255,-95.944,-1621.663,OK,51.729,-111.289,-1588.313,Port 0x03: JJH Y femur tracker  s/n:3E4C8801,983141026,1783611283.768600656,1,OK,0.7415031,-0.3377831,0.1000819,0.5710161,-256.614,75.418,-1665.102,0.5937430,3,OK,-256.456,75.964,-1665.498,OK,-349.229,39.616,-1665.041,OK,-287.387,2.214,-1614.908
3,Port 0x01: JJH Probe  s/n:3E4C880C,983141029,1783611283.818600656,1,Too Few Markers,-3.697314E28,-3.697314E28,-3.697314E28,-3.697314E28,-3.697314E28,-3.697314E28,-3.697314E28,0.0000000,3,Missing,-3.697314E28,-3.697314E28,-3.697314E28,Missing,-3.697314E28,-3.697314E28,-3.697314E28,Missing,-3.697314E28,-3.697314E28,-3.697314E28,Port 0x02: JJH T tibia tracker  s/n:3E4C8800,983141029,1783611283.818600656,1,OK,0.8234824,0.0652326,0.1459064,0.5443646,84.420,-28.941,-1602.263,0.3110802,3,OK,84.668,-29.008,-1602.341,OK,150.849,-96.018,-1620.423,OK,51.364,-111.263,-1586.957,Port 0x03: JJH Y femur tracker  s/n:3E4C8801,983141029,1783611283.818600656,1,OK,0.7445168,-0.3486769,0.0866569,0.5626808,-255.563,76.384,-1672.939,0.6096098,3,OK,-255.394,76.938,-1673.340,OK,-348.267,41.014,-1676.445,OK,-288.580,3.326,-1623.925
3,Port 0x01: JJH Probe  s/n:3E4C880C,983141032,1783611283.868600656,1,Too Few Markers,-3.697314E28,-3.697314E28,-3.697314E28,-3.697314E28,-3.697314E28,-3.697314E28,-3.697314E28,0.0000000,3,Missing,-3.697314E28,-3.697314E28,-3.697314E28,Missing,-3.697314E28,-3.697314E28,-3.697314E28,Missing,-3.697314E28,-3.697314E28,-3.697314E28,Port 0x02: JJH T tibia tracker  s/n:3E4C8800,983141032,1783611283.868600656,1,OK,0.8234937,0.0650512,0.1474562,0.5439514,83.979,-29.041,-1601.195,0.3065249,3,OK,84.202,-29.112,-1601.265,OK,150.369,-96.198,-1619.384,OK,50.913,-111.298,-1585.634,Port 0x03: JJH Y femur tracker  s/n:3E4C8801,983141032,1783611283.868600656,1,OK,0.7471949,-0.3596573,0.0726598,0.5541362,-254.192,77.302,-1680.516,0.6144499,3,OK,-254.009,77.845,-1680.903,OK,-346.880,42.339,-1687.734,OK,-289.368,4.374,-1632.801
3,Port 0x01: JJH Probe  s/n:3E4C880C,983141035,1783611283.918560216,1,Too Few Markers,-3.697314E28,-3.697314E28,-3.697314E28,-3.697314E28,-3.697314E28,-3.697314E28,-3.697314E28,0.0000000,3,Missing,-3.697314E28,-3.697314E28,-3.697314E28,Missing,-3.697314E28,-3.697314E28,-3.697314E28,Missing,-3.697314E28,-3.697314E28,-3.697314E28,Port 0x02: JJH T tibia tracker  s/n:3E4C8800,983141035,1783611283.918560216,1,OK,0.8235682,0.0641944,0.1487904,0.5435769,83.551,-29.145,-1600.324,0.3143750,3,OK,83.787,-29.201,-1600.399,OK,149.892,-96.371,-1618.396,OK,50.479,-111.367,-1584.472,Port 0x03: JJH Y femur tracker  s/n:3E4C8801,983141035,1783611283.918560216,1,OK,0.7497307,-0.3694466,0.0598373,0.5457403,-252.569,78.206,-1687.859,0.6134791,3,OK,-252.383,78.750,-1688.247,OK,-345.057,43.673,-1698.433,OK,-289.829,5.444,-1641.491
3,Port 0x01: JJH Probe  s/n:3E4C880C,983141038,1783611283.968560216,1,Too Few Markers,-3.697314E28,-3.697314E28,-3.697314E28,-3.697314E28,-3.697314E28,-3.697314E28,-3.697314E28,0.0000000,3,Missing,-3.697314E28,-3.697314E28,-3.697314E28,Missing,-3.697314E28,-3.697314E28,-3.697314E28,Missing,-3.697314E28,-3.697314E28,-3.697314E28,Port 0x02: JJH T tibia tracker  s/n:3E4C8800,983141038,1783611283.968560216,1,OK,0.8237598,0.0636215,0.1496171,0.5431269,83.039,-29.200,-1599.464,0.3165600,3,OK,83.279,-29.256,-1599.541,OK,149.318,-96.502,-1617.449,OK,49.922,-111.369,-1583.423,Port 0x03: JJH Y femur tracker  s/n:3E4C8801,983141038,1783611283.968560216,1,OK,0.7516518,-0.3799003,0.0468056,0.5371262,-250.719,79.231,-1694.926,0.6468244,3,OK,-250.516,79.782,-1695.314,OK,-342.935,45.108,-1708.989,OK,-289.945,6.628,-1649.852
3,Port 0x01: JJH Probe  s/n:3E4C880C,983141041,1783611284.018560216,1,Too Few Markers,-3.697314E28,-3.697314E28,-3.697314E28,-3.697314E28,-3.697314E28,-3.697314E28,-3.697314E28,0.0000000,3,Missing,-3.697314E28,-3.697314E28,-3.697314E28,Missing,-3.697314E28,-3.697314E28,-3.697314E28,Missing,-3.697314E28,-3.697314E28,-3.697314E28,Port 0x02: JJH T tibia tracker  s/n:3E4C8800,983141041,1783611284.018560216,1,OK,0.8237972,0.0628885,0.1512226,0.5427107,82.561,-29.327,-1598.585,0.3255920,3,OK,82.799,-29.394,-1598.660,OK,148.804,-96.702,-1616.494,OK,49.434,-111.431,-1582.223,Port 0x03: JJH Y femur tracker  s/n:3E4C8801,983141041,1783611284.018560216,1,OK,0.7536498,-0.3889807,0.0343357,0.5287032,-248.645,80.029,-1701.892,0.6411984,3,OK,-248.442,80.578,-1702.279,OK,-340.429,46.320,-1719.177,OK,-289.773,7.592,-1658.279
3,Port 0x01: JJH Probe  s/n:3E4C880C,983141044,1783611284.068560216,1,Too Few Markers,-3.697314E28,-3.697314E28,-3.697314E28,-3.697314E28,-3.697314E28,-3.697314E28,-3.697314E28,0.0000000,3,Missing,-3.697314E28,-3.697314E28,-3.697314E28,Missing,-3.697314E28,-3.697314E28,-3.697314E28,Missing,-3.697314E28,-3.697314E28,-3.697314E28,Port 0x02: JJH T tibia tracker  s/n:3E4C8800,983141044,1783611284.068560216,1,OK,0.8238494,0.0619423,0.1525750,0.5423617,82.109,-29.273,-1597.500,0.3309015,3,OK,82.356,-29.335,-1597.579,OK,148.311,-96.710,-1615.277,OK,48.985,-111.330,-1580.838,Port 0x03: JJH Y femur tracker  s/n:3E4C8801,983141044,1783611284.068560216,1,OK,0.7553569,-0.3985964,0.0205579,0.5197445,-246.311,81.097,-1708.496,0.6194428,3,OK,-246.084,81.612,-1708.839,OK,-337.574,47.779,-1729.342,OK,-289.285,8.809,-1666.520
3,Port 0x01: JJH Probe  s/n:3E4C880C,983141047,1783611284.118560216,1,Too Few Markers,-3.697314E28,-3.697314E28,-3.697314E28,-3.697314E28,-3.697314E28,-3.697314E28,-3.697314E28,0.0000000,3,Missing,-3.697314E28,-3.697314E28,-3.697314E28,Missing,-3.697314E28,-3.697314E28,-3.697314E28,Missing,-3.697314E28,-3.697314E28,-3.697314E28,Port 0x02: JJH T tibia tracker  s/n:3E4C8800,983141047,1783611284.118560216,1,OK,0.8239634,0.0611203,0.1529533,0.5421752,81.643,-29.326,-1596.402,0.3040864,3,OK,81.877,-29.380,-1596.477,OK,147.821,-96.822,-1614.029,OK,48.539,-111.339,-1579.611,Port 0x03: JJH Y femur tracker  s/n:3E4C8801,983141047,1783611284.118560216,1,OK,0.7566260,-0.4077761,0.0082260,0.5110460,-243.712,81.879,-1715.311,0.6334152,3,OK,-243.491,82.405,-1715.670,OK,-334.281,48.945,-1739.320,OK,-288.468,9.777,-1674.847
3,Port 0x01: JJH Probe  s/n:3E4C880C,983141050,1783611284.168560216,1,Too Few Markers,-3.697314E28,-3.697314E28,-3.697314E28,-3.697314E28,-3.697314E28,-3.697314E28,-3.697314E28,0.0000000,3,Missing,-3.697314E28,-3.697314E28,-3.697314E28,Missing,-3.697314E28,-3.697314E28,-3.697314E28,Missing,-3.697314E28,-3.697314E28,-3.697314E28,Port 0x02: JJH T tibia tracker  s/n:3E4C8800,983141050,1783611284.168560216,1,OK,0.8240648,0.0600877,0.1550126,0.5415513,81.057,-29.451,-1595.458,0.3243985,3,OK,81.292,-29.523,-1595.532,OK,147.184,-97.045,-1612.969,OK,47.913,-111.368,-1578.240,Port 0x03: JJH Y femur tracker  s/n:3E4C8801,983141050,1783611284.168560216,1,OK,0.7577057,-0.4170770,-0.0052666,0.5018976,-240.921,82.662,-1721.769,0.6121025,3,OK,-240.681,83.159,-1722.089,OK,-330.702,50.088,-1749.203,OK,-287.386,10.737,-1683.035
3,Port 0x01: JJH Probe  s/n:3E4C880C,983141053,1783611284.218560216,1,Too Few Markers,-3.697314E28,-3.697314E28,-3.697314E28,-3.697314E28,-3.697314E28,-3.697314E28,-3.697314E28,0.0000000,3,Missing,-3.697314E28,-3.697314E28,-3.697314E28,Missing,-3.697314E28,-3.697314E28,-3.697314E28,Missing,-3.697314E28,-3.697314E28,-3.697314E28,Port 0x02: JJH T tibia tracker  s/n:3E4C8800,983141053,1783611284.218560216,1,OK,0.8243879,0.0592847,0.1561716,0.5408145,80.395,-29.541,-1594.364,0.3155131,3,OK,80.622,-29.599,-1594.437,OK,146.424,-97.274,-1611.750,OK,47.181,-111.373,-1576.882,Port 0x03: JJH Y femur tracker  s/n:3E4C8801,983141053,1783611284.218560216,1,OK,0.7585132,-0.4257271,-0.0181559,0.4930360,-238.032,83.515,-1727.922,0.5997983,3,OK,-237.780,83.991,-1728.215,OK,-326.924,51.284,-1758.582,OK,-286.073,11.750,-1690.907
3,Port 0x01: JJH Probe  s/n:3E4C880C,983141056,1783611284.268560216,1,Too Few Markers,-3.697314E28,-3.697314E28,-3.697314E28,-3.697314E28,-3.697314E28,-3.697314E28,-3.697314E28,0.0000000,3,Missing,-3.697314E28,-3.697314E28,-3.697314E28,Missing,-3.697314E28,-3.697314E28,-3.697314E28,Missing,-3.697314E28,-3.697314E28,-3.697314E28,Port 0x02: JJH T tibia tracker  s/n:3E4C8800,983141056,1783611284.268560216,1,OK,0.8247630,0.0582216,0.1575097,0.5399694,79.763,-29.695,-1593.454,0.3238779,3,OK,80.000,-29.758,-1593.530,OK,145.684,-97.566,-1610.670,OK,46.454,-111.427,-1575.648,Port 0x03: JJH Y femur tracker  s/n:3E4C8801,983141056,1783611284.268560216,1,OK,0.7588892,-0.4340995,-0.0300918,0.4844990,-235.090,84.229,-1733.670,0.6028309,3,OK,-234.822,84.689,-1733.934,OK,-323.055,52.309,-1767.339,OK,-284.558,12.646,-1698.245
3,Port 0x01: JJH Probe  s/n:3E4C880C,983141059,1783611284.318560216,1,Too Few Markers,-3.697314E28,-3.697314E28,-3.697314E28,-3.697314E28,-3.697314E28,-3.697314E28,-3.697314E28,0.0000000,3,Missing,-3.697314E28,-3.697314E28,-3.697314E28,Missing,-3.697314E28,-3.697314E28,-3.697314E28,Missing,-3.697314E28,-3.697314E28,-3.697314E28,Port 0x02: JJH T tibia tracker  s/n:3E4C8800,983141059,1783611284.318560216,1,OK,0.8250229,0.0576442,0.1586010,0.5393144,79.147,-29.801,-1592.738,0.3275459,3,OK,79.385,-29.874,-1592.813,OK,144.980,-97.777,-1609.872,OK,45.769,-111.449,-1574.698,Port 0x03: JJH Y femur tracker  s/n:3E4C8801,983141059,1783611284.318560216,1,OK,0.7593380,-0.4412149,-0.0414051,0.4764670,-232.208,84.968,-1738.858,0.5814937,3,OK,-231.916,85.410,-1739.085,OK,-319.222,53.352,-1775.284,OK,-282.962,13.541,-1705.079
3,Port 0x01: JJH Probe  s/n:3E4C880C,983141062,1783611284.368560216,1,Too Few Markers,-3.697314E28,-3.697314E28,-3.697314E28,-3.697314E28,-3.697314E28,-3.697314E28,-3.697314E28,0.0000000,3,Missing,-3.697314E28,-3.697314E28,-3.697314E28,Missing,-3.697314E28,-3.697314E28,-3.697314E28,Missing,-3.697314E28,-3.697314E28,-3.697314E28,Port 0x02: JJH T tibia tracker  s/n:3E4C8800,983141062,1783611284.368560216,1,OK,0.8253124,0.0572628,0.1592577,0.5387183,78.549,-29.905,-1592.072,0.3239692,3,OK,78.790,-29.979,-1592.149,OK,144.284,-97.979,-1609.139,OK,45.101,-111.490,-1573.886,Port 0x03: JJH Y femur tracker  s/n:3E4C8801,983141062,1783611284.368560216,1,OK,0.7594012,-0.4481130,-0.0518310,0.4688476,-229.438,85.686,-1743.534,0.6011178,3,OK,-229.129,86.118,-1743.735,OK,-315.495,54.353,-1782.543,OK,-281.333,14.400,-1711.223
3,Port 0x01: JJH Probe  s/n:3E4C880C,983141065,1783611284.418560216,1,Too Few Markers,-3.697314E28,-3.697314E28,-3.697314E28,-3.697314E28,-3.697314E28,-3.697314E28,-3.697314E28,0.0000000,3,Missing,-3.697314E28,-3.697314E28,-3.697314E28,Missing,-3.697314E28,-3.697314E28,-3.697314E28,Missing,-3.697314E28,-3.697314E28,-3.697314E28,Port 0x02: JJH T tibia tracker  s/n:3E4C8800,983141065,1783611284.418560216,1,OK,0.8255990,0.0571206,0.1603423,0.5379720,77.999,-30.002,-1591.464,0.3339640,3,OK,78.239,-30.058,-1591.542,OK,143.630,-98.198,-1608.529,OK,44.452,-111.524,-1573.079,Port 0x03: JJH Y femur tracker  s/n:3E4C8801,983141065,1783611284.418560216,1,OK,0.7593727,-0.4540766,-0.0608202,0.4620263,-226.680,86.297,-1747.943,0.5944939,3,OK,-226.386,86.732,-1748.158,OK,-311.769,55.216,-1789.089,OK,-279.604,15.155,-1716.975
3,Port 0x01: JJH Probe  s/n:3E4C880C,983141068,1783611284.468510680,1,Too Few Markers,-3.697314E28,-3.697314E28,-3.697314E28,-3.697314E28,-3.697314E28,-3.697314E28,-3.697314E28,0.0000000,3,Missing,-3.697314E28,-3.697314E28,-3.697314E28,Missing,-3.697314E28,-3.697314E28,-3.697314E28,Missing,-3.697314E28,-3.697314E28,-3.697314E28,Port 0x02: JJH T tibia tracker  s/n:3E4C8800,983141068,1783611284.468510680,1,OK,0.8258055,0.0563728,0.1615769,0.5373642,77.456,-30.164,-1590.857,0.3359014,3,OK,77.690,-30.230,-1590.932,OK,143.021,-98.463,-1607.818,OK,43.856,-111.596,-1572.203,Port 0x03: JJH Y femur tracker  s/n:3E4C8801,983141068,1783611284.468510680,1,OK,0.7590728,-0.4597937,-0.0695543,0.4555881,-224.159,86.715,-1751.803,0.6202744,3,OK,-223.831,87.142,-1751.977,OK,-308.356,55.833,-1795.092,OK,-277.942,15.693,-1722.090
3,Port 0x01: JJH Probe  s/n:3E4C880C,983141071,1783611284.518510680,1,Too Few Markers,-3.697314E28,-3.697314E28,-3.697314E28,-3.697314E28,-3.697314E28,-3.697314E28,-3.697314E28,0.0000000,3,Missing,-3.697314E28,-3.697314E28,-3.697314E28,Missing,-3.697314E28,-3.697314E28,-3.697314E28,Missing,-3.697314E28,-3.697314E28,-3.697314E28,Port 0x02: JJH T tibia tracker  s/n:3E4C8800,983141071,1783611284.518510680,1,OK,0.8261628,0.0555366,0.1618751,0.5368120,76.949,-30.190,-1590.334,0.3317313,3,OK,77.195,-30.256,-1590.413,OK,142.429,-98.581,-1607.126,OK,43.274,-111.560,-1571.544,Port 0x03: JJH Y femur tracker  s/n:3E4C8801,983141071,1783611284.518510680,1,OK,0.7590663,-0.4640105,-0.0770352,0.4500868,-222.029,87.263,-1754.900,0.5811895,3,OK,-221.685,87.681,-1755.045,OK,-305.403,56.570,-1799.888,OK,-276.553,16.363,-1726.422
3,Port 0x01: JJH Probe  s/n:3E4C880C,983141074,1783611284.568510680,1,Too Few Markers,-3.697314E28,-3.697314E28,-3.697314E28,-3.697314E28,-3.697314E28,-3.697314E28,-3.697314E28,0.0000000,3,Missing,-3.697314E28,-3.697314E28,-3.697314E28,Missing,-3.697314E28,-3.697314E28,-3.697314E28,Missing,-3.697314E28,-3.697314E28,-3.697314E28,Port 0x02: JJH T tibia tracker  s/n:3E4C8800,983141074,1783611284.568510680,1,OK,0.8263087,0.0553647,0.1623015,0.5364764,76.632,-30.390,-1589.930,0.3325810,3,OK,76.874,-30.458,-1590.009,OK,142.066,-98.836,-1606.698,OK,42.913,-111.721,-1571.051,Port 0x03: JJH Y femur tracker  s/n:3E4C8801,983141074,1783611284.568510680,1,OK,0.7585083,-0.4683090,-0.0826861,0.4455500,-220.073,87.402,-1757.561,0.6129188,3,OK,-219.739,87.815,-1757.709,OK,-302.743,56.835,-1803.946,OK,-275.176,16.605,-1729.857
3,Port 0x01: JJH Probe  s/n:3E4C880C,983141077,1783611284.618510680,1,Too Few Markers,-3.697314E28,-3.697314E28,-3.697314E28,-3.697314E28,-3.697314E28,-3.697314E28,-3.697314E28,0.0000000,3,Missing,-3.697314E28,-3.697314E28,-3.697314E28,Missing,-3.697314E28,-3.697314E28,-3.697314E28,Missing,-3.697314E28,-3.697314E28,-3.697314E28,Port 0x02: JJH T tibia tracker  s/n:3E4C8800,983141077,1783611284.618510680,1,OK,0.8266347,0.0553288,0.1627239,0.5358496,76.255,-30.315,-1589.566,0.3306780,3,OK,76.487,-30.386,-1589.641,OK,141.602,-98.867,-1606.327,OK,42.437,-111.578,-1570.605,Port 0x03: JJH Y femur tracker  s/n:3E4C8801,983141077,1783611284.618510680,1,OK,0.7585194,-0.4712476,-0.0876442,0.4414663,-218.488,87.929,-1759.690,0.5981079,3,OK,-218.138,88.333,-1759.811,OK,-300.587,57.545,-1807.249,OK,-274.106,17.254,-1732.825
3,Port 0x01: JJH Probe  s/n:3E4C880C,983141080,1783611284.668510680,1,Too Few Markers,-3.697314E28,-3.697314E28,-3.697314E28,-3.697314E28,-3.697314E28,-3.697314E28,-3.697314E28,0.0000000,3,Missing,-3.697314E28,-3.697314E28,-3.697314E28,Missing,-3.697314E28,-3.697314E28,-3.697314E28,Missing,-3.697314E28,-3.697314E28,-3.697314E28,Port 0x02: JJH T tibia tracker  s/n:3E4C8800,983141080,1783611284.668510680,1,OK,0.8266983,0.0545641,0.1634396,0.5356121,75.980,-30.520,-1589.229,0.3363592,3,OK,76.218,-30.593,-1589.306,OK,141.310,-99.109,-1605.869,OK,42.153,-111.741,-1570.081,Port 0x03: JJH Y femur tracker  s/n:3E4C8801,983141080,1783611284.668510680,1,OK,0.7580910,-0.4740329,-0.0916964,0.4383864,-217.131,87.978,-1761.483,0.6112620,3,OK,-216.780,88.383,-1761.604,OK,-298.704,57.657,-1809.987,OK,-273.123,17.356,-1735.210
3,Port 0x01: JJH Probe  s/n:3E4C880C,983141083,1783611284.718510680,1,Too Few Markers,-3.697314E28,-3.697314E28,-3.697314E28,-3.697314E28,-3.697314E28,-3.697314E28,-3.697314E28,0.0000000,3,Missing,-3.697314E28,-3.697314E28,-3.697314E28,Missing,-3.697314E28,-3.697314E28,-3.697314E28,Missing,-3.697314E28,-3.697314E28,-3.697314E28,Port 0x02: JJH T tibia tracker  s/n:3E4C8800,983141083,1783611284.718510680,1,OK,0.8269630,0.0542302,0.1640777,0.5350418,75.645,-30.539,-1589.047,0.3420892,3,OK,75.890,-30.603,-1589.127,OK,140.889,-99.218,-1605.631,OK,41.741,-111.708,-1569.756,Port 0x03: JJH Y femur tracker  s/n:3E4C8801,983141083,1783611284.718510680,1,OK,0.7578598,-0.4764899,-0.0952921,0.4353451,-215.857,88.360,-1763.109,0.6344373,3,OK,-215.508,88.765,-1763.229,OK,-296.967,58.166,-1812.495,OK,-272.214,17.807,-1737.377
3,Port 0x01: JJH Probe  s/n:3E4C880C,983141086,1783611284.768510680,1,Too Few Markers,-3.697314E28,-3.697314E28,-3.697314E28,-3.697314E28,-3.697314E28,-3.697314E28,-3.697314E28,0.0000000,3,Missing,-3.697314E28,-3.697314E28,-3.697314E28,Missing,-3.697314E28,-3.697314E28,-3.697314E28,Missing,-3.697314E28,-3.697314E28,-3.697314E28,Port 0x02: JJH T tibia tracker  s/n:3E4C8800,983141086,1783611284.768510680,1,OK,0.8271885,0.0539746,0.1638778,0.5347803,75.398,-30.590,-1588.850,0.3337390,3,OK,75.643,-30.665,-1588.929,OK,140.599,-99.313,-1605.366,OK,41.445,-111.723,-1569.561,Port 0x03: JJH Y femur tracker  s/n:3E4C8801,983141086,1783611284.768510680,1,OK,0.7578148,-0.4782963,-0.0989057,0.4326281,-214.666,88.550,-1764.667,0.5873147,3,OK,-214.313,88.956,-1764.782,OK,-295.303,58.442,-1814.791,OK,-271.360,18.068,-1739.613
3,Port 0x01: JJH Probe  s/n:3E4C880C,983141089,1783611284.818510680,1,Too Few Markers,-3.697314E28,-3.697314E28,-3.697314E28,-3.697314E28,-3.697314E28,-3.697314E28,-3.697314E28,0.0000000,3,Missing,-3.697314E28,-3.697314E28,-3.697314E28,Missing,-3.697314E28,-3.697314E28,-3.697314E28,Missing,-3.697314E28,-3.697314E28,-3.697314E28,Port 0x02: JJH T tibia tracker  s/n:3E4C8800,983141089,1783611284.818510680,1,OK,0.8273322,0.0536118,0.1644828,0.5344086,75.138,-30.670,-1588.537,0.3341463,3,OK,75.382,-30.729,-1588.617,OK,140.292,-99.460,-1604.997,OK,41.148,-111.767,-1569.113,Port 0x03: JJH Y femur tracker  s/n:3E4C8801,983141089,1783611284.818510680,1,OK,0.7572905,-0.4808882,-0.1024386,0.4298417,-213.510,88.705,-1766.144,0.6365781,3,OK,-213.140,89.104,-1766.231,OK,-293.704,58.656,-1817.170,OK,-270.488,18.271,-1741.552
3,Port 0x01: JJH Probe  s/n:3E4C880C,983141092,1783611284.868510680,1,Too Few Markers,-3.697314E28,-3.697314E28,-3.697314E28,-3.697314E28,-3.697314E28,-3.697314E28,-3.697314E28,0.0000000,3,Missing,-3.697314E28,-3.697314E28,-3.697314E28,Missing,-3.697314E28,-3.697314E28,-3.697314E28,Missing,-3.697314E28,-3.697314E28,-3.697314E28,Port 0x02: JJH T tibia tracker  s/n:3E4C8800,983141092,1783611284.868510680,1,OK,0.8275770,0.0536771,0.1648067,0.5339231,74.902,-30.647,-1588.233,0.3357541,3,OK,75.138,-30.711,-1588.310,OK,139.988,-99.515,-1604.706,OK,40.831,-111.693,-1568.753,Port 0x03: JJH Y femur tracker  s/n:3E4C8801,983141092,1783611284.868510680,1,OK,0.7570785,-0.4829237,-0.1058230,0.4271046,-212.326,89.011,-1767.538,0.6365898,3,OK,-211.947,89.408,-1767.611,OK,-292.076,59.056,-1819.342,OK,-269.610,18.644,-1743.508
3,Port 0x01: JJH Probe  s/n:3E4C880C,983141095,1783611284.918510680,1,Too Few Markers,-3.697314E28,-3.697314E28,-3.697314E28,-3.697314E28,-3.697314E28,-3.697314E28,-3.697314E28,0.0000000,3,Missing,-3.697314E28,-3.697314E28,-3.697314E28,Missing,-3.697314E28,-3.697314E28,-3.697314E28,Missing,-3.697314E28,-3.697314E28,-3.697314E28,Port 0x02: JJH T tibia tracker  s/n:3E4C8800,983141095,1783611284.918510680,1,OK,0.8276817,0.0527712,0.1651716,0.5337383,74.653,-30.672,-1588.002,0.3313857,3,OK,74.893,-30.739,-1588.080,OK,139.727,-99.576,-1604.311,OK,40.577,-111.677,-1568.379,Port 0x03: JJH Y femur tracker  s/n:3E4C8801,983141095,1783611284.918510680,1,OK,0.7567887,-0.4849622,-0.1093057,0.4244229,-211.204,89.182,-1768.863,0.6575825,3,OK,-210.813,89.570,-1768.910,OK,-290.510,59.313,-1821.489,OK,-268.755,18.862,-1745.374
3,Port 0x01: JJH Probe  s/n:3E4C880C,983141098,1783611284.968510680,1,Too Few Markers,-3.697314E28,-3.697314E28,-3.697314E28,-3.697314E28,-3.697314E28,-3.697314E28,-3.697314E28,0.0000000,3,Missing,-3.697314E28,-3.697314E28,-3.697314E28,Missing,-3.697314E28,-3.697314E28,-3.697314E28,Missing,-3.697314E28,-3.697314E28,-3.697314E28,Port 0x02: JJH T tibia tracker  s/n:3E4C8800,983141098,1783611284.968510680,1,OK,0.8279700,0.0527568,0.1657002,0.5331284,74.337,-30.723,-1587.740,0.3414175,3,OK,74.576,-30.790,-1587.818,OK,139.328,-99.720,-1604.053,OK,40.160,-111.670,-1568.017,Port 0x03: JJH Y femur tracker  s/n:3E4C8801,983141098,1783611284.968510680,1,OK,0.7573036,-0.4858116,-0.1108962,0.4221142,-210.615,89.744,-1769.637,0.6239800,3,OK,-210.224,90.132,-1769.683,OK,-289.705,60.113,-1822.665,OK,-268.482,19.572,-1746.572
3,Port 0x01: JJH Probe  s/n:3E4C880C,983141101,1783611285.018510680,1,Too Few Markers,-3.697314E28,-3.697314E28,-3.697314E28,-3.697314E28,-3.697314E28,-3.697314E28,-3.697314E28,0.0000000,3,Missing,-3.697314E28,-3.697314E28,-3.697314E28,Missing,-3.697314E28,-3.697314E28,-3.697314E28,Missing,-3.697314E28,-3.697314E28,-3.697314E28,Port 0x02: JJH T tibia tracker  s/n:3E4C8800,983141101,1783611285.018510680,1,OK,0.8280566,0.0530796,0.1655650,0.5330038,74.408,-30.763,-1587.873,0.3347607,3,OK,74.648,-30.839,-1587.951,OK,139.356,-99.775,-1604.232,OK,40.210,-111.701,-1568.202,Port 0x03: JJH Y femur tracker  s/n:3E4C8801,983141101,1783611285.018510680,1,OK,0.7566628,-0.4858146,-0.1112884,0.4231554,-210.683,89.363,-1769.435,0.6410629,3,OK,-210.284,89.749,-1769.468,OK,-289.736,59.511,-1822.459,OK,-268.356,19.056,-1746.298
3,Port 0x01: JJH Probe  s/n:3E4C880C,983141104,1783611285.068510680,1,Too Few Markers,-3.697314E28,-3.697314E28,-3.697314E28,-3.697314E28,-3.697314E28,-3.697314E28,-3.697314E28,0.0000000,3,Missing,-3.697314E28,-3.697314E28,-3.697314E28,Missing,-3.697314E28,-3.697314E28,-3.697314E28,Missing,-3.697314E28,-3.697314E28,-3.697314E28,Port 0x02: JJH T tibia tracker  s/n:3E4C8800,983141104,1783611285.068510680,1,OK,0.8281954,0.0530974,0.1651127,0.5329267,74.366,-30.838,-1588.066,0.3272046,3,OK,74.607,-30.913,-1588.144,OK,139.291,-99.864,-1604.403,OK,40.139,-111.773,-1568.464,Port 0x03: JJH Y femur tracker  s/n:3E4C8801,983141104,1783611285.068510680,1,OK,0.7570764,-0.4850203,-0.1098253,0.4237085,-210.933,89.443,-1769.078,0.6113781,3,OK,-210.527,89.843,-1769.122,OK,-290.170,59.637,-1821.768,OK,-268.608,19.186,-1745.806
3,Port 0x01: JJH Probe  s/n:3E4C880C,983141107,1783611285.118510683,1,Too Few Markers,-3.697314E28,-3.697314E28,-3.697314E28,-3.697314E28,-3.697314E28,-3.697314E28,-3.697314E28,0.0000000,3,Missing,-3.697314E28,-3.697314E28,-3.697314E28,Missing,-3.697314E28,-3.697314E28,-3.697314E28,Missing,-3.697314E28,-3.697314E28,-3.697314E28,Port 0x02: JJH T tibia tracker  s/n:3E4C8800,983141107,1783611285.118510683,1,OK,0.8282872,0.0527226,0.1652760,0.5327705,74.263,-31.059,-1587.903,0.3356783,3,OK,74.516,-31.138,-1587.984,OK,139.166,-100.102,-1604.169,OK,40.011,-111.978,-1568.233,Port 0x03: JJH Y femur tracker  s/n:3E4C8801,983141107,1783611285.118510683,1,OK,0.7576280,-0.4858944,-0.1104587,0.4215511,-210.567,89.858,-1769.608,0.6329976,3,OK,-210.160,90.244,-1769.635,OK,-289.736,60.343,-1822.647,OK,-268.532,19.784,-1746.528
3,Port 0x01: JJH Probe  s/n:3E4C880C,983141110,1783611285.168510683,1,Too Few Markers,-3.697314E28,-3.697314E28,-3.697314E28,-3.697314E28,-3.697314E28,-3.697314E28,-3.697314E28,0.0000000,3,Missing,-3.697314E28,-3.697314E28,-3.697314E28,Missing,-3.697314E28,-3.697314E28,-3.697314E28,Missing,-3.697314E28,-3.697314E28,-3.697314E28,Port 0x02: JJH T tibia tracker  s/n:3E4C8800,983141110,1783611285.168510683,1,OK,0.8292491,0.0536639,0.1654549,0.5311221,73.560,-31.301,-1587.632,0.3272577,3,OK,73.789,-31.380,-1587.705,OK,138.192,-100.612,-1604.031,OK,39.001,-112.079,-1567.982,Port 0x03: JJH Y femur tracker  s/n:3E4C8801,983141110,1783611285.168510683,1,OK,0.7584796,-0.4864559,-0.1104598,0.4193662,-210.640,90.751,-1769.830,0.6267647,3,OK,-210.230,91.140,-1769.859,OK,-289.796,61.583,-1823.060,OK,-268.959,20.910,-1746.934
3,Port 0x01: JJH Probe  s/n:3E4C880C,983141113,1783611285.218510683,1,Too Few Markers,-3.697314E28,-3.697314E28,-3.697314E28,-3.697314E28,-3.697314E28,-3.697314E28,-3.697314E28,0.0000000,3,Missing,-3.697314E28,-3.697314E28,-3.697314E28,Missing,-3.697314E28,-3.697314E28,-3.697314E28,Missing,-3.697314E28,-3.697314E28,-3.697314E28,Port 0x02: JJH T tibia tracker  s/n:3E4C8800,983141113,1783611285.218510683,1,OK,0.8301556,0.0533767,0.1660597,0.5295440,73.021,-31.972,-1587.923,0.3465255,3,OK,73.272,-32.047,-1588.005,OK,137.401,-101.517,-1604.237,OK,38.180,-112.618,-1568.105,Port 0x03: JJH Y femur tracker  s/n:3E4C8801,983141113,1783611285.218510683,1,OK,0.7590612,-0.4865993,-0.1094204,0.4184189,-210.614,91.076,-1770.009,0.6450233,3,OK,-210.221,91.468,-1770.066,OK,-289.867,62.153,-1823.183,OK,-269.132,21.383,-1747.018
3,Port 0x01: JJH Probe  s/n:3E4C880C,983141116,1783611285.268510683,1,Too Few Markers,-3.697314E28,-3.697314E28,-3.697314E28,-3.697314E28,-3.697314E28,-3.697314E28,-3.697314E28,0.0000000,3,Missing,-3.697314E28,-3.697314E28,-3.697314E28,Missing,-3.697314E28,-3.697314E28,-3.697314E28,Missing,-3.697314E28,-3.697314E28,-3.697314E28,Port 0x02: JJH T tibia tracker  s/n:3E4C8800,983141116,1783611285.268510683,1,OK,0.8309472,0.0541407,0.1656829,0.5283415,72.467,-32.353,-1588.304,0.3373743,3,OK,72.707,-32.419,-1588.383,OK,136.632,-102.091,-1604.704,OK,37.382,-112.911,-1568.582,Port 0x03: JJH Y femur tracker  s/n:3E4C8801,983141116,1783611285.268510683,1,OK,0.7593644,-0.4865176,-0.1095519,0.4179292,-210.630,91.248,-1770.266,0.6304006,3,OK,-210.240,91.646,-1770.333,OK,-289.860,62.418,-1823.469,OK,-269.234,21.593,-1747.372
3,Port 0x01: JJH Probe  s/n:3E4C880C,983141119,1783611285.318510683,1,Too Few Markers,-3.697314E28,-3.697314E28,-3.697314E28,-3.697314E28,-3.697314E28,-3.697314E28,-3.697314E28,0.0000000,3,Missing,-3.697314E28,-3.697314E28,-3.697314E28,Missing,-3.697314E28,-3.697314E28,-3.697314E28,Missing,-3.697314E28,-3.697314E28,-3.697314E28,Port 0x02: JJH T tibia tracker  s/n:3E4C8800,983141119,1783611285.318510683,1,OK,0.8310613,0.0537228,0.1655163,0.5282569,72.492,-32.390,-1588.264,0.3350407,3,OK,72.743,-32.463,-1588.346,OK,136.636,-102.138,-1604.570,OK,37.392,-112.935,-1568.528,Port 0x03: JJH Y femur tracker  s/n:3E4C8801,983141119,1783611285.318510683,1,OK,0.7594617,-0.4864372,-0.1094576,0.4178706,-210.647,91.281,-1770.162,0.6380882,3,OK,-210.244,91.674,-1770.209,OK,-289.921,62.475,-1823.383,OK,-269.250,21.645,-1747.263
