Tools,Port 0x01: JJH Probe  s/n:3E4C880C,Frame,Time [sec],Face,State,Q0,Qx,Qy,Qz,Tx,Ty,Tz,Error,Markers,State,Tx,Ty,Tz,State,Tx,Ty,Tz,State,Tx,Ty,Tz,Port 0x02: JJH T tibia tracker  s/n:3E4C8800,Frame,Time [sec],Face,State,Q0,Qx,Qy,Qz,Tx,Ty,Tz,Error,Markers,State,Tx,Ty,Tz,State,Tx,Ty,Tz,State,Tx,Ty,Tz,Port 0x03: JJH Y femur tracker  s/n:3E4C8801,Frame,Time [sec],Face,State,Q0,Qx,Qy,Qz,Tx,Ty,Tz,Error,Markers,State,Tx,Ty,Tz,State,Tx,Ty,Tz,State,Tx,Ty,Tz
3,Port 0x01: JJH Probe  s/n:3E4C880C,656437714,1778166228.568741608,1,Too Few Markers,-3.697314E28,-3.697314E28,-3.697314E28,-3.697314E28,-3.697314E28,-3.697314E28,-3.697314E28,0.0000000,3,Missing,-3.697314E28,-3.697314E28,-3.697314E28,Missing,-3.697314E28,-3.697314E28,-3.697314E28,Missing,-3.697314E28,-3.697314E28,-3.697314E28,Port 0x02: JJH T tibia tracker  s/n:3E4C8800,656437714,1778166228.568741608,1,OK,0.4257131,0.1798491,0.0757166,-0.8835664,197.077,-67.786,-1579.497,0.2108973,3,OK,196.937,-67.924,-1579.578,OK,146.609,13.404,-1568.121,OK,248.695,-2.586,-1545.092,Port 0x03: JJH Y femur tracker  s/n:3E4C8801,656437714,1778166228.568741608,1,OK,0.8838541,-0.0258236,0.4571364,-0.0957156,-195.598,-96.240,-1629.755,0.2568422,3,OK,-195.458,-96.143,-1629.945,OK,-216.744,-6.286,-1593.666,OK,-248.316,-78.228,-1554.650
3,Port 0x01: JJH Probe  s/n:3E4C880C,656437717,1778166228.618741608,1,Too Few Markers,-3.697314E28,-3.697314E28,-3.697314E28,-3.697314E28,-3.697314E28,-3.697314E28,-3.697314E28,0.0000000,3,Missing,-3.697314E28,-3.697314E28,-3.697314E28,Missing,-3.697314E28,-3.697314E28,-3.697314E28,Missing,-3.697314E28,-3.697314E28,-3.697314E28,Port 0x02: JJH T tibia tracker  s/n:3E4C8800,656437717,1778166228.618741608,1,OK,0.4257230,0.1795337,0.0752539,-0.8836653,197.023,-67.732,-1579.382,0.2041686,3,OK,196.882,-67.843,-1579.455,OK,146.569,13.466,-1568.091,OK,248.665,-2.518,-1545.062,Port 0x03: JJH Y femur tracker  s/n:3E4C8801,656437717,1778166228.618741608,1,OK,0.8836568,-0.0259785,0.4575091,-0.0957148,-195.663,-96.153,-1629.743,0.2870366,3,OK,-195.500,-96.061,-1629.965,OK,-216.783,-6.192,-1593.657,OK,-248.341,-78.125,-1554.561
3,Port 0x01: JJH Probe  s/n:3E4C880C,656437720,1778166228.668741608,1,Too Few Markers,-3.697314E28,-3.697314E28,-3.697314E28,-3.697314E28,-3.697314E28,-3.697314E28,-3.697314E28,0.0000000,3,Missing,-3.697314E28,-3.697314E28,-3.697314E28,Missing,-3.697314E28,-3.697314E28,-3.697314E28,Missing,-3.697314E28,-3.697314E28,-3.697314E28,Port 0x02: JJH T tibia tracker  s/n:3E4C8800,656437720,1778166228.668741608,1,OK,0.4256948,0.1792552,0.0752675,-0.8837343,197.089,-67.852,-1579.328,0.1921513,3,OK,196.958,-67.949,-1579.394,OK,146.643,13.350,-1568.028,OK,248.745,-2.648,-1545.055,Port 0x03: JJH Y femur tracker  s/n:3E4C8801,656437720,1778166228.668741608,1,OK,0.8838585,-0.0260826,0.4570894,-0.0958286,-195.545,-96.267,-1629.707,0.2568617,3,OK,-195.408,-96.163,-1629.892,OK,-216.690,-6.287,-1593.679,OK,-248.269,-78.226,-1554.612
3,Port 0x01: JJH Probe  s/n:3E4C880C,656437723,1778166228.718741608,1,Too Few Markers,-3.697314E28,-3.697314E28,-3.697314E28,-3.697314E28,-3.697314E28,-3.697314E28,-3.697314E28,0.0000000,3,Missing,-3.697314E28,-3.697314E28,-3.697314E28,Missing,-3.697314E28,-3.697314E28,-3.697314E28,Missing,-3.697314E28,-3.697314E28,-3.697314E28,Port 0x02: JJH T tibia tracker  s/n:3E4C8800,656437723,1778166228.718741608,1,OK,0.4257392,0.1797309,0.0751428,-0.8836269,197.108,-67.709,-1579.352,0.2030198,3,OK,196.967,-67.817,-1579.424,OK,146.648,13.489,-1568.087,OK,248.734,-2.496,-1545.010,Port 0x03: JJH Y femur tracker  s/n:3E4C8801,656437723,1778166228.718741608,1,OK,0.8836056,-0.0260113,0.4576040,-0.0957244,-195.591,-96.125,-1629.767,0.2970318,3,OK,-195.423,-96.029,-1629.997,OK,-216.701,-6.165,-1593.686,OK,-248.261,-78.093,-1554.564
3,Port 0x01: JJH Probe  s/n:3E4C880C,656437726,1778166228.768741608,1,Too Few Markers,-3.697314E28,-3.697314E28,-3.697314E28,-3.697314E28,-3.697314E28,-3.697314E28,-3.697314E28,0.0000000,3,Missing,-3.697314E28,-3.697314E28,-3.697314E28,Missing,-3.697314E28,-3.697314E28,-3.697314E28,Missing,-3.697314E28,-3.697314E28,-3.697314E28,Port 0x02: JJH T tibia tracker  s/n:3E4C8800,656437726,1778166228.768741608,1,OK,0.4257568,0.1793520,0.0750860,-0.8837002,197.031,-67.821,-1579.313,0.1953787,3,OK,196.899,-67.910,-1579.377,OK,146.566,13.378,-1568.056,OK,248.682,-2.611,-1545.039,Port 0x03: JJH Y femur tracker  s/n:3E4C8801,656437726,1778166228.768741608,1,OK,0.8836105,-0.0262104,0.4575674,-0.0957995,-195.653,-96.246,-1629.761,0.2905298,3,OK,-195.490,-96.149,-1629.983,OK,-216.766,-6.266,-1593.722,OK,-248.323,-78.193,-1554.572
3,Port 0x01: JJH Probe  s/n:3E4C880C,656437729,1778166228.818741608,1,Too Few Markers,-3.697314E28,-3.697314E28,-3.697314E28,-3.697314E28,-3.697314E28,-3.697314E28,-3.697314E28,0.0000000,3,Missing,-3.697314E28,-3.697314E28,-3.697314E28,Missing,-3.697314E28,-3.697314E28,-3.697314E28,Missing,-3.697314E28,-3.697314E28,-3.697314E28,Port 0x02: JJH T tibia tracker  s/n:3E4C8800,656437729,1778166228.818741608,1,OK,0.4256709,0.1795562,0.0753654,-0.8836764,197.061,-67.659,-1579.337,0.1995667,3,OK,196.920,-67.746,-1579.403,OK,146.607,13.528,-1568.029,OK,248.714,-2.469,-1545.008,Port 0x03: JJH Y femur tracker  s/n:3E4C8801,656437729,1778166228.818741608,1,OK,0.8836907,-0.0260740,0.4574252,-0.0957762,-195.612,-96.064,-1629.713,0.2934546,3,OK,-195.450,-95.959,-1629.933,OK,-216.731,-6.100,-1593.661,OK,-248.309,-78.024,-1554.536
3,Port 0x01: JJH Probe  s/n:3E4C880C,656437732,1778166228.868741608,1,Too Few Markers,-3.697314E28,-3.697314E28,-3.697314E28,-3.697314E28,-3.697314E28,-3.697314E28,-3.697314E28,0.0000000,3,Missing,-3.697314E28,-3.697314E28,-3.697314E28,Missing,-3.697314E28,-3.697314E28,-3.697314E28,Missing,-3.697314E28,-3.697314E28,-3.697314E28,Port 0x02: JJH T tibia tracker  s/n:3E4C8800,656437732,1778166228.868741608,1,OK,0.4257035,0.1794412,0.0749319,-0.8837209,197.109,-67.745,-1579.272,0.1948960,3,OK,196.974,-67.837,-1579.338,OK,146.663,13.464,-1568.042,OK,248.757,-2.533,-1544.995,Port 0x03: JJH Y femur tracker  s/n:3E4C8801,656437732,1778166228.868741608,1,OK,0.8838140,-0.0260124,0.4571901,-0.0957780,-195.531,-96.118,-1629.701,0.2694503,3,OK,-195.385,-96.013,-1629.899,OK,-216.673,-6.161,-1593.647,OK,-248.246,-78.077,-1554.583
3,Port 0x01: JJH Probe  s/n:3E4C880C,656437735,1778166228.918741608,1,Too Few Markers,-3.697314E28,-3.697314E28,-3.697314E28,-3.697314E28,-3.697314E28,-3.697314E28,-3.697314E28,0.0000000,3,Missing,-3.697314E28,-3.697314E28,-3.697314E28,Missing,-3.697314E28,-3.697314E28,-3.697314E28,Missing,-3.697314E28,-3.697314E28,-3.697314E28,Port 0x02: JJH T tibia tracker  s/n:3E4C8800,656437735,1778166228.918741608,1,OK,0.4257012,0.1794769,0.0750551,-0.8837043,197.007,-67.544,-1579.284,0.1917032,3,OK,196.874,-67.630,-1579.347,OK,146.558,13.659,-1568.032,OK,248.651,-2.341,-1544.994,Port 0x03: JJH Y femur tracker  s/n:3E4C8801,656437735,1778166228.918741608,1,OK,0.8837943,-0.0257762,0.4572510,-0.0957325,-195.654,-95.905,-1629.729,0.2725649,3,OK,-195.503,-95.806,-1629.933,OK,-216.780,-5.952,-1593.630,OK,-248.364,-77.894,-1554.591
3,Port 0x01: JJH Probe  s/n:3E4C880C,656437738,1778166228.968741608,1,Too Few Markers,-3.697314E28,-3.697314E28,-3.697314E28,-3.697314E28,-3.697314E28,-3.697314E28,-3.697314E28,0.0000000,3,Missing,-3.697314E28,-3.697314E28,-3.697314E28,Missing,-3.697314E28,-3.697314E28,-3.697314E28,Missing,-3.697314E28,-3.697314E28,-3.697314E28,Port 0x02: JJH T tibia tracker  s/n:3E4C8800,656437738,1778166228.968741608,1,OK,0.4256963,0.1804268,0.0759421,-0.8834374,197.051,-67.451,-1579.430,0.2202452,3,OK,196.905,-67.590,-1579.513,OK,146.560,13.723,-1568.026,OK,248.648,-2.276,-1544.915,Port 0x03: JJH Y femur tracker  s/n:3E4C8801,656437738,1778166228.968741608,1,OK,0.8837823,-0.0257409,0.4572859,-0.0956863,-195.646,-95.827,-1629.684,0.2676988,3,OK,-195.497,-95.728,-1629.884,OK,-216.778,-5.889,-1593.568,OK,-248.345,-77.818,-1554.550
3,Port 0x01: JJH Probe  s/n:3E4C880C,656437741,1778166229.018741614,1,Too Few Markers,-3.697314E28,-3.697314E28,-3.697314E28,-3.697314E28,-3.697314E28,-3.697314E28,-3.697314E28,0.0000000,3,Missing,-3.697314E28,-3.697314E28,-3.697314E28,Missing,-3.697314E28,-3.697314E28,-3.697314E28,Missing,-3.697314E28,-3.697314E28,-3.697314E28,Port 0x02: JJH T tibia tracker  s/n:3E4C8800,656437741,1778166229.018741614,1,OK,0.4256392,0.1802200,0.0757987,-0.8835194,197.099,-67.486,-1579.327,0.2152484,3,OK,196.948,-67.607,-1579.407,OK,146.632,13.689,-1567.947,OK,248.717,-2.311,-1544.857,Port 0x03: JJH Y femur tracker  s/n:3E4C8801,656437741,1778166229.018741614,1,OK,0.8837269,-0.0258682,0.4573739,-0.0957426,-195.573,-95.855,-1629.710,0.2816916,3,OK,-195.419,-95.751,-1629.920,OK,-216.689,-5.901,-1593.625,OK,-248.270,-77.838,-1554.549
3,Port 0x01: JJH Probe  s/n:3E4C880C,656437744,1778166229.068741613,1,Too Few Markers,-3.697314E28,-3.697314E28,-3.697314E28,-3.697314E28,-3.697314E28,-3.697314E28,-3.697314E28,0.0000000,3,Missing,-3.697314E28,-3.697314E28,-3.697314E28,Missing,-3.697314E28,-3.697314E28,-3.697314E28,Missing,-3.697314E28,-3.697314E28,-3.697314E28,Port 0x02: JJH T tibia tracker  s/n:3E4C8800,656437744,1778166229.068741613,1,OK,0.4256185,0.1798945,0.0754732,-0.8836236,197.017,-67.391,-1579.316,0.1993502,3,OK,196.877,-67.483,-1579.382,OK,146.561,13.797,-1567.991,OK,248.654,-2.220,-1544.927,Port 0x03: JJH Y femur tracker  s/n:3E4C8801,656437744,1778166229.068741613,1,OK,0.8837461,-0.0257748,0.4573536,-0.0956879,-195.646,-95.747,-1629.678,0.2757431,3,OK,-195.491,-95.652,-1629.888,OK,-216.769,-5.794,-1593.570,OK,-248.344,-77.744,-1554.523
3,Port 0x01: JJH Probe  s/n:3E4C880C,656437747,1778166229.118741613,1,Too Few Markers,-3.697314E28,-3.697314E28,-3.697314E28,-3.697314E28,-3.697314E28,-3.697314E28,-3.697314E28,0.0000000,3,Missing,-3.697314E28,-3.697314E28,-3.697314E28,Missing,-3.697314E28,-3.697314E28,-3.697314E28,Missing,-3.697314E28,-3.697314E28,-3.697314E28,Port 0x02: JJH T tibia tracker  s/n:3E4C8800,656437747,1778166229.118741613,1,OK,0.4256742,0.1801735,0.0758657,-0.8835063,197.033,-67.431,-1579.334,0.2090682,3,OK,196.890,-67.546,-1579.409,OK,146.552,13.741,-1567.942,OK,248.647,-2.263,-1544.869,Port 0x03: JJH Y femur tracker  s/n:3E4C8801,656437747,1778166229.118741613,1,OK,0.8836200,-0.0258593,0.4575830,-0.0957329,-195.682,-95.804,-1629.712,0.2868337,3,OK,-195.520,-95.711,-1629.933,OK,-216.781,-5.843,-1593.608,OK,-248.349,-77.789,-1554.518
3,Port 0x01: JJH Probe  s/n:3E4C880C,656437750,1778166229.168741614,1,Too Few Markers,-3.697314E28,-3.697314E28,-3.697314E28,-3.697314E28,-3.697314E28,-3.697314E28,-3.697314E28,0.0000000,3,Missing,-3.697314E28,-3.697314E28,-3.697314E28,Missing,-3.697314E28,-3.697314E28,-3.697314E28,Missing,-3.697314E28,-3.697314E28,-3.697314E28,Port 0x02: JJH T tibia tracker  s/n:3E4C8800,656437750,1778166229.168741614,1,OK,0.4256553,0.1795957,0.0752801,-0.8836831,197.092,-67.430,-1579.211,0.2023052,3,OK,196.957,-67.533,-1579.280,OK,146.635,13.775,-1567.916,OK,248.745,-2.237,-1544.881,Port 0x03: JJH Y femur tracker  s/n:3E4C8801,656437750,1778166229.168741614,1,OK,0.8836439,-0.0256400,0.4575455,-0.0957508,-195.595,-95.750,-1629.736,0.2889237,3,OK,-195.427,-95.667,-1629.966,OK,-216.685,-5.798,-1593.593,OK,-248.267,-77.739,-1554.542
3,Port 0x01: JJH Probe  s/n:3E4C880C,656437753,1778166229.218741614,1,Too Few Markers,-3.697314E28,-3.697314E28,-3.697314E28,-3.697314E28,-3.697314E28,-3.697314E28,-3.697314E28,0.0000000,3,Missing,-3.697314E28,-3.697314E28,-3.697314E28,Missing,-3.697314E28,-3.697314E28,-3.697314E28,Missing,-3.697314E28,-3.697314E28,-3.697314E28,Port 0x02: JJH T tibia tracker  s/n:3E4C8800,656437753,1778166229.218741614,1,OK,0.4256188,0.1800277,0.0760608,-0.8835459,197.065,-67.460,-1579.376,0.2171763,3,OK,196.918,-67.589,-1579.457,OK,146.592,13.716,-1567.941,OK,248.700,-2.292,-1544.915,Port 0x03: JJH Y femur tracker  s/n:3E4C8801,656437753,1778166229.218741614,1,OK,0.8837578,-0.0258321,0.4573167,-0.0957407,-195.608,-95.819,-1629.693,0.2690066,3,OK,-195.459,-95.722,-1629.894,OK,-216.730,-5.859,-1593.601,OK,-248.305,-77.806,-1554.551
3,Port 0x01: JJH Probe  s/n:3E4C880C,656437756,1778166229.268741614,1,Too Few Markers,-3.697314E28,-3.697314E28,-3.697314E28,-3.697314E28,-3.697314E28,-3.697314E28,-3.697314E28,0.0000000,3,Missing,-3.697314E28,-3.697314E28,-3.697314E28,Missing,-3.697314E28,-3.697314E28,-3.697314E28,Missing,-3.697314E28,-3.697314E28,-3.697314E28,Port 0x02: JJH T tibia tracker  s/n:3E4C8800,656437756,1778166229.268741614,1,OK,0.4256575,0.1797213,0.0753188,-0.8836532,196.999,-67.486,-1579.211,0.2022056,3,OK,196.859,-67.580,-1579.278,OK,146.542,13.707,-1567.914,OK,248.646,-2.299,-1544.859,Port 0x03: JJH Y femur tracker  s/n:3E4C8801,656437756,1778166229.268741614,1,OK,0.8837475,-0.0260280,0.4573264,-0.0957363,-195.646,-95.829,-1629.679,0.2767835,3,OK,-195.496,-95.724,-1629.883,OK,-216.777,-5.861,-1593.624,OK,-248.349,-77.806,-1554.530
3,Port 0x01: JJH Probe  s/n:3E4C880C,656437759,1778166229.318741613,1,Too Few Markers,-3.697314E28,-3.697314E28,-3.697314E28,-3.697314E28,-3.697314E28,-3.697314E28,-3.697314E28,0.0000000,3,Missing,-3.697314E28,-3.697314E28,-3.697314E28,Missing,-3.697314E28,-3.697314E28,-3.697314E28,Missing,-3.697314E28,-3.697314E28,-3.697314E28,Port 0x02: JJH T tibia tracker  s/n:3E4C8800,656437759,1778166229.318741613,1,OK,0.4256513,0.1803734,0.0763004,-0.8834391,197.090,-67.442,-1579.331,0.2126554,3,OK,196.944,-67.567,-1579.410,OK,146.601,13.714,-1567.859,OK,248.692,-2.293,-1544.801,Port 0x03: JJH Y femur tracker  s/n:3E4C8801,656437759,1778166229.318741613,1,OK,0.8837167,-0.0258592,0.4573903,-0.0957608,-195.603,-95.792,-1629.696,0.2778728,3,OK,-195.451,-95.686,-1629.902,OK,-216.715,-5.840,-1593.609,OK,-248.292,-77.771,-1554.539
3,Port 0x01: JJH Probe  s/n:3E4C880C,656437762,1778166229.368741613,1,Too Few Markers,-3.697314E28,-3.697314E28,-3.697314E28,-3.697314E28,-3.697314E28,-3.697314E28,-3.697314E28,0.0000000,3,Missing,-3.697314E28,-3.697314E28,-3.697314E28,Missing,-3.697314E28,-3.697314E28,-3.697314E28,Missing,-3.697314E28,-3.697314E28,-3.697314E28,Port 0x02: JJH T tibia tracker  s/n:3E4C8800,656437762,1778166229.368741613,1,OK,0.4256523,0.1799641,0.0757102,-0.8835729,197.047,-67.490,-1579.301,0.2039236,3,OK,196.906,-67.600,-1579.374,OK,146.582,13.692,-1567.932,OK,248.672,-2.316,-1544.881,Port 0x03: JJH Y femur tracker  s/n:3E4C8801,656437762,1778166229.368741613,1,OK,0.8837454,-0.0259261,0.4573252,-0.0957898,-195.620,-95.841,-1629.699,0.2744113,3,OK,-195.471,-95.736,-1629.901,OK,-216.737,-5.880,-1593.629,OK,-248.318,-77.814,-1554.554
3,Port 0x01: JJH Probe  s/n:3E4C880C,656437765,1778166229.418741614,1,Too Few Markers,-3.697314E28,-3.697314E28,-3.697314E28,-3.697314E28,-3.697314E28,-3.697314E28,-3.697314E28,0.0000000,3,Missing,-3.697314E28,-3.697314E28,-3.697314E28,Missing,-3.697314E28,-3.697314E28,-3.697314E28,Missing,-3.697314E28,-3.697314E28,-3.697314E28,Port 0x02: JJH T tibia tracker  s/n:3E4C8800,656437765,1778166229.418741614,1,OK,0.4256539,0.1798686,0.0754452,-0.8836142,196.982,-67.473,-1579.184,0.2006857,3,OK,196.843,-67.573,-1579.253,OK,146.524,13.717,-1567.864,OK,248.614,-2.292,-1544.800,Port 0x03: JJH Y femur tracker  s/n:3E4C8801,656437765,1778166229.418741614,1,OK,0.8837532,-0.0255842,0.4573399,-0.0957392,-195.679,-95.771,-1629.712,0.2743254,3,OK,-195.522,-95.683,-1629.925,OK,-216.787,-5.826,-1593.571,OK,-248.374,-77.767,-1554.559
3,Port 0x01: JJH Probe  s/n:3E4C880C,656437768,1778166229.468741614,1,Too Few Markers,-3.697314E28,-3.697314E28,-3.697314E28,-3.697314E28,-3.697314E28,-3.697314E28,-3.697314E28,0.0000000,3,Missing,-3.697314E28,-3.697314E28,-3.697314E28,Missing,-3.697314E28,-3.697314E28,-3.697314E28,Missing,-3.697314E28,-3.697314E28,-3.697314E28,Port 0x02: JJH T tibia tracker  s/n:3E4C8800,656437768,1778166229.468741614,1,OK,0.4256241,0.1801886,0.0758715,-0.8835269,197.042,-67.527,-1579.294,0.2129930,3,OK,196.896,-67.649,-1579.372,OK,146.572,13.651,-1567.898,OK,248.663,-2.360,-1544.824,Port 0x03: JJH Y femur tracker  s/n:3E4C8801,656437768,1778166229.468741614,1,OK,0.8836247,-0.0259356,0.4575802,-0.0956822,-195.635,-95.860,-1629.695,0.2962331,3,OK,-195.466,-95.767,-1629.926,OK,-216.750,-5.908,-1593.597,OK,-248.309,-77.838,-1554.494
3,Port 0x01: JJH Probe  s/n:3E4C880C,656437771,1778166229.518741614,1,Too Few Markers,-3.697314E28,-3.697314E28,-3.697314E28,-3.697314E28,-3.697314E28,-3.697314E28,-3.697314E28,0.0000000,3,Missing,-3.697314E28,-3.697314E28,-3.697314E28,Missing,-3.697314E28,-3.697314E28,-3.697314E28,Missing,-3.697314E28,-3.697314E28,-3.697314E28,Port 0x02: JJH T tibia tracker  s/n:3E4C8800,656437771,1778166229.518741614,1,OK,0.4256240,0.1799878,0.0758957,-0.8835657,197.042,-67.486,-1579.263,0.2079447,3,OK,196.899,-67.607,-1579.340,OK,146.580,13.694,-1567.857,OK,248.669,-2.316,-1544.825,Port 0x03: JJH Y femur tracker  s/n:3E4C8801,656437771,1778166229.518741614,1,OK,0.8837023,-0.0257743,0.4574314,-0.0957204,-195.615,-95.819,-1629.725,0.2807852,3,OK,-195.455,-95.728,-1629.942,OK,-216.728,-5.867,-1593.610,OK,-248.301,-77.805,-1554.556
3,Port 0x01: JJH Probe  s/n:3E4C880C,656437774,1778166229.568741613,1,Too Few Markers,-3.697314E28,-3.697314E28,-3.697314E28,-3.697314E28,-3.697314E28,-3.697314E28,-3.697314E28,0.0000000,3,Missing,-3.697314E28,-3.697314E28,-3.697314E28,Missing,-3.697314E28,-3.697314E28,-3.697314E28,Missing,-3.697314E28,-3.697314E28,-3.697314E28,Port 0x02: JJH T tibia tracker  s/n:3E4C8800,656437774,1778166229.568741613,1,OK,0.4256685,0.1792936,0.0751809,-0.8837465,196.997,-67.603,-1579.148,0.1880230,3,OK,196.873,-67.696,-1579.211,OK,146.550,13.611,-1567.865,OK,248.654,-2.407,-1544.879,Port 0x03: JJH Y femur tracker  s/n:3E4C8801,656437774,1778166229.568741613,1,OK,0.8837123,-0.0261108,0.4573901,-0.0957341,-195.637,-95.924,-1629.714,0.2841199,3,OK,-195.483,-95.815,-1629.922,OK,-216.768,-5.964,-1593.668,OK,-248.333,-77.891,-1554.554
3,Port 0x01: JJH Probe  s/n:3E4C880C,656437777,1778166229.618741613,1,Too Few Markers,-3.697314E28,-3.697314E28,-3.697314E28,-3.697314E28,-3.697314E28,-3.697314E28,-3.697314E28,0.0000000,3,Missing,-3.697314E28,-3.697314E28,-3.697314E28,Missing,-3.697314E28,-3.697314E28,-3.697314E28,Missing,-3.697314E28,-3.697314E28,-3.697314E28,Port 0x02: JJH T tibia tracker  s/n:3E4C8800,656437777,1778166229.618741613,1,OK,0.4257211,0.1796252,0.0754798,-0.8836284,197.059,-67.745,-1579.210,0.1870773,3,OK,196.936,-67.830,-1579.270,OK,146.584,13.443,-1567.882,OK,248.690,-2.569,-1544.869,Port 0x03: JJH Y femur tracker  s/n:3E4C8801,656437777,1778166229.618741613,1,OK,0.8837533,-0.0257492,0.4573203,-0.0957870,-195.600,-96.066,-1629.706,0.2730558,3,OK,-195.450,-95.963,-1629.909,OK,-216.709,-6.119,-1593.604,OK,-248.296,-78.045,-1554.562
3,Port 0x01: JJH Probe  s/n:3E4C880C,656437780,1778166229.668741614,1,Too Few Markers,-3.697314E28,-3.697314E28,-3.697314E28,-3.697314E28,-3.697314E28,-3.697314E28,-3.697314E28,0.0000000,3,Missing,-3.697314E28,-3.697314E28,-3.697314E28,Missing,-3.697314E28,-3.697314E28,-3.697314E28,Missing,-3.697314E28,-3.697314E28,-3.697314E28,Port 0x02: JJH T tibia tracker  s/n:3E4C8800,656437780,1778166229.668741614,1,OK,0.4257009,0.1796884,0.0755324,-0.8836208,197.064,-67.672,-1579.220,0.1870985,3,OK,196.941,-67.764,-1579.283,OK,146.594,13.518,-1567.882,OK,248.690,-2.499,-1544.866,Port 0x03: JJH Y femur tracker  s/n:3E4C8801,656437780,1778166229.668741614,1,OK,0.8836870,-0.0259859,0.4574514,-0.0957091,-195.610,-95.994,-1629.743,0.2855833,3,OK,-195.449,-95.897,-1629.961,OK,-216.735,-6.035,-1593.664,OK,-248.297,-77.968,-1554.569
3,Port 0x01: JJH Probe  s/n:3E4C880C,656437783,1778166229.718741614,1,Too Few Markers,-3.697314E28,-3.697314E28,-3.697314E28,-3.697314E28,-3.697314E28,-3.697314E28,-3.697314E28,0.0000000,3,Missing,-3.697314E28,-3.697314E28,-3.697314E28,Missing,-3.697314E28,-3.697314E28,-3.697314E28,Missing,-3.697314E28,-3.697314E28,-3.697314E28,Port 0x02: JJH T tibia tracker  s/n:3E4C8800,656437783,1778166229.718741614,1,OK,0.4256618,0.1795129,0.0752579,-0.8836987,197.007,-67.666,-1579.176,0.1892310,3,OK,196.881,-67.749,-1579.236,OK,146.552,13.536,-1567.885,OK,248.657,-2.484,-1544.867,Port 0x03: JJH Y femur tracker  s/n:3E4C8801,656437783,1778166229.718741614,1,OK,0.8838624,-0.0258935,0.4571060,-0.0957651,-195.616,-95.975,-1629.715,0.2574812,3,OK,-195.477,-95.873,-1629.902,OK,-216.758,-6.012,-1593.647,OK,-248.338,-77.955,-1554.614
3,Port 0x01: JJH Probe  s/n:3E4C880C,656437786,1778166229.768741614,1,Too Few Markers,-3.697314E28,-3.697314E28,-3.697314E28,-3.697314E28,-3.697314E28,-3.697314E28,-3.697314E28,0.0000000,3,Missing,-3.697314E28,-3.697314E28,-3.697314E28,Missing,-3.697314E28,-3.697314E28,-3.697314E28,Missing,-3.697314E28,-3.697314E28,-3.697314E28,Port 0x02: JJH T tibia tracker  s/n:3E4C8800,656437786,1778166229.768741614,1,OK,0.4256255,0.1801338,0.0758236,-0.8835415,197.030,-67.478,-1579.273,0.2128371,3,OK,196.885,-67.597,-1579.350,OK,146.559,13.702,-1567.886,OK,248.657,-2.310,-1544.815,Port 0x03: JJH Y femur tracker  s/n:3E4C8801,656437786,1778166229.768741614,1,OK,0.8837320,-0.0258399,0.4573671,-0.0957365,-195.638,-95.799,-1629.735,0.2741573,3,OK,-195.486,-95.701,-1629.941,OK,-216.755,-5.841,-1593.641,OK,-248.331,-77.786,-1554.581
3,Port 0x01: JJH Probe  s/n:3E4C880C,656437789,1778166229.818741613,1,Too Few Markers,-3.697314E28,-3.697314E28,-3.697314E28,-3.697314E28,-3.697314E28,-3.697314E28,-3.697314E28,0.0000000,3,Missing,-3.697314E28,-3.697314E28,-3.697314E28,Missing,-3.697314E28,-3.697314E28,-3.697314E28,Missing,-3.697314E28,-3.697314E28,-3.697314E28,Port 0x02: JJH T tibia tracker  s/n:3E4C8800,656437789,1778166229.818741613,1,OK,0.4256051,0.1795700,0.0753547,-0.8837062,197.014,-67.606,-1579.159,0.1994335,3,OK,196.880,-67.712,-1579.229,OK,146.571,13.602,-1567.847,OK,248.671,-2.420,-1544.829,Port 0x03: JJH Y femur tracker  s/n:3E4C8801,656437789,1778166229.818741613,1,OK,0.8837362,-0.0259859,0.4573547,-0.0957169,-195.610,-95.902,-1629.710,0.2817868,3,OK,-195.453,-95.803,-1629.923,OK,-216.742,-5.942,-1593.639,OK,-248.311,-77.877,-1554.553
3,Port 0x01: JJH Probe  s/n:3E4C880C,656437792,1778166229.868741613,1,Too Few Markers,-3.697314E28,-3.697314E28,-3.697314E28,-3.697314E28,-3.697314E28,-3.697314E28,-3.697314E28,0.0000000,3,Missing,-3.697314E28,-3.697314E28,-3.697314E28,Missing,-3.697314E28,-3.697314E28,-3.697314E28,Missing,-3.697314E28,-3.697314E28,-3.697314E28,Port 0x02: JJH T tibia tracker  s/n:3E4C8800,656437792,1778166229.868741613,1,OK,0.4256752,0.1794611,0.0753909,-0.8836914,196.979,-67.546,-1579.150,0.1915182,3,OK,196.850,-67.632,-1579.212,OK,146.521,13.648,-1567.834,OK,248.631,-2.363,-1544.838,Port 0x03: JJH Y femur tracker  s/n:3E4C8801,656437792,1778166229.868741613,1,OK,0.8837031,-0.0260424,0.4574017,-0.0957827,-195.667,-95.859,-1629.715,0.2772083,3,OK,-195.517,-95.753,-1629.919,OK,-216.786,-5.893,-1593.660,OK,-248.355,-77.824,-1554.560
3,Port 0x01: JJH Probe  s/n:3E4C880C,656437795,1778166229.918741614,1,Too Few Markers,-3.697314E28,-3.697314E28,-3.697314E28,-3.697314E28,-3.697314E28,-3.697314E28,-3.697314E28,0.0000000,3,Missing,-3.697314E28,-3.697314E28,-3.697314E28,Missing,-3.697314E28,-3.697314E28,-3.697314E28,Missing,-3.697314E28,-3.697314E28,-3.697314E28,Port 0x02: JJH T tibia tracker  s/n:3E4C8800,656437795,1778166229.918741614,1,OK,0.4256486,0.1796225,0.0754870,-0.8836633,197.005,-67.566,-1579.177,0.1881735,3,OK,196.875,-67.654,-1579.240,OK,146.554,13.625,-1567.844,OK,248.643,-2.391,-1544.834,Port 0x03: JJH Y femur tracker  s/n:3E4C8801,656437795,1778166229.918741614,1,OK,0.8836849,-0.0257308,0.4574668,-0.0957235,-195.647,-95.856,-1629.743,0.2775687,3,OK,-195.487,-95.768,-1629.959,OK,-216.755,-5.904,-1593.616,OK,-248.323,-77.843,-1554.573
3,Port 0x01: JJH Probe  s/n:3E4C880C,656437798,1778166229.968741614,1,Too Few Markers,-3.697314E28,-3.697314E28,-3.697314E28,-3.697314E28,-3.697314E28,-3.697314E28,-3.697314E28,0.0000000,3,Missing,-3.697314E28,-3.697314E28,-3.697314E28,Missing,-3.697314E28,-3.697314E28,-3.697314E28,Missing,-3.697314E28,-3.697314E28,-3.697314E28,Port 0x02: JJH T tibia tracker  s/n:3E4C8800,656437798,1778166229.968741614,1,OK,0.4256363,0.1797480,0.0752493,-0.8836639,197.034,-67.578,-1579.139,0.1976556,3,OK,196.897,-67.676,-1579.207,OK,146.588,13.623,-1567.852,OK,248.674,-2.390,-1544.790,Port 0x03: JJH Y femur tracker  s/n:3E4C8801,656437798,1778166229.968741614,1,OK,0.8838093,-0.0256264,0.4572231,-0.0957682,-195.596,-95.854,-1629.747,0.2640111,3,OK,-195.445,-95.766,-1629.951,OK,-216.716,-5.907,-1593.618,OK,-248.300,-77.837,-1554.623
3,Port 0x01: JJH Probe  s/n:3E4C880C,656437801,1778166230.018741614,1,Too Few Markers,-3.697314E28,-3.697314E28,-3.697314E28,-3.697314E28,-3.697314E28,-3.697314E28,-3.697314E28,0.0000000,3,Missing,-3.697314E28,-3.697314E28,-3.697314E28,Missing,-3.697314E28,-3.697314E28,-3.697314E28,Missing,-3.697314E28,-3.697314E28,-3.697314E28,Port 0x02: JJH T tibia tracker  s/n:3E4C8800,656437801,1778166230.018741614,1,OK,0.4256361,0.1801312,0.0761926,-0.8835052,197.017,-67.525,-1579.297,0.2068357,3,OK,196.874,-67.638,-1579.372,OK,146.537,13.637,-1567.842,OK,248.636,-2.374,-1544.816,Port 0x03: JJH Y femur tracker  s/n:3E4C8801,656437801,1778166230.018741614,1,OK,0.8836678,-0.0260198,0.4574802,-0.0957393,-195.656,-95.853,-1629.716,0.2849842,3,OK,-195.499,-95.752,-1629.929,OK,-216.772,-5.888,-1593.648,OK,-248.339,-77.827,-1554.539
3,Port 0x01: JJH Probe  s/n:3E4C880C,656437804,1778166230.068741614,1,Too Few Markers,-3.697314E28,-3.697314E28,-3.697314E28,-3.697314E28,-3.697314E28,-3.697314E28,-3.697314E28,0.0000000,3,Missing,-3.697314E28,-3.697314E28,-3.697314E28,Missing,-3.697314E28,-3.697314E28,-3.697314E28,Missing,-3.697314E28,-3.697314E28,-3.697314E28,Port 0x02: JJH T tibia tracker  s/n:3E4C8800,656437804,1778166230.068741614,1,OK,0.4256870,0.1799841,0.0761403,-0.8835151,197.046,-67.565,-1579.281,0.1997593,3,OK,196.918,-67.692,-1579.356,OK,146.561,13.611,-1567.829,OK,248.654,-2.404,-1544.830,Port 0x03: JJH Y femur tracker  s/n:3E4C8801,656437804,1778166230.068741614,1,OK,0.8837325,-0.0258467,0.4573599,-0.0957643,-195.625,-95.873,-1629.713,0.2743247,3,OK,-195.476,-95.769,-1629.915,OK,-216.737,-5.917,-1593.627,OK,-248.318,-77.857,-1554.561
3,Port 0x01: JJH Probe  s/n:3E4C880C,656437807,1778166230.118741614,1,Too Few Markers,-3.697314E28,-3.697314E28,-3.697314E28,-3.697314E28,-3.697314E28,-3.697314E28,-3.697314E28,0.0000000,3,Missing,-3.697314E28,-3.697314E28,-3.697314E28,Missing,-3.697314E28,-3.697314E28,-3.697314E28,Missing,-3.697314E28,-3.697314E28,-3.697314E28,Port 0x02: JJH T tibia tracker  s/n:3E4C8800,656437807,1778166230.118741614,1,OK,0.4256305,0.1798027,0.0758391,-0.8836051,197.047,-67.533,-1579.254,0.1977142,3,OK,196.910,-67.639,-1579.324,OK,146.589,13.647,-1567.856,OK,248.680,-2.366,-1544.853,Port 0x03: JJH Y femur tracker  s/n:3E4C8801,656437807,1778166230.118741614,1,OK,0.8836719,-0.0256959,0.4574926,-0.0957296,-195.618,-95.823,-1629.714,0.2847732,3,OK,-195.457,-95.728,-1629.933,OK,-216.718,-5.882,-1593.585,OK,-248.295,-77.811,-1554.534
3,Port 0x01: JJH Probe  s/n:3E4C880C,656437810,1778166230.168741614,1,Too Few Markers,-3.697314E28,-3.697314E28,-3.697314E28,-3.697314E28,-3.697314E28,-3.697314E28,-3.697314E28,0.0000000,3,Missing,-3.697314E28,-3.697314E28,-3.697314E28,Missing,-3.697314E28,-3.697314E28,-3.697314E28,Missing,-3.697314E28,-3.697314E28,-3.697314E28,Port 0x02: JJH T tibia tracker  s/n:3E4C8800,656437810,1778166230.168741614,1,OK,0.4256374,0.1799573,0.0765202,-0.8835116,197.025,-67.571,-1579.342,0.2026006,3,OK,196.892,-67.703,-1579.419,OK,146.545,13.593,-1567.815,OK,248.640,-2.424,-1544.865,Port 0x03: JJH Y femur tracker  s/n:3E4C8801,656437810,1778166230.168741614,1,OK,0.8836415,-0.0257587,0.4575433,-0.0957514,-195.661,-95.883,-1629.725,0.2853182,3,OK,-195.498,-95.793,-1629.947,OK,-216.757,-5.929,-1593.604,OK,-248.331,-77.865,-1554.537
3,Port 0x01: JJH Probe  s/n:3E4C880C,656437813,1778166230.218741614,1,Too Few Markers,-3.697314E28,-3.697314E28,-3.697314E28,-3.697314E28,-3.697314E28,-3.697314E28,-3.697314E28,0.0000000,3,Missing,-3.697314E28,-3.697314E28,-3.697314E28,Missing,-3.697314E28,-3.697314E28,-3.697314E28,Missing,-3.697314E28,-3.697314E28,-3.697314E28,Port 0x02: JJH T tibia tracker  s/n:3E4C8800,656437813,1778166230.218741614,1,OK,0.4256229,0.1797377,0.0756577,-0.8836376,196.992,-67.526,-1579.234,0.1905656,3,OK,196.860,-67.618,-1579.299,OK,146.540,13.659,-1567.870,OK,248.627,-2.361,-1544.860,Port 0x03: JJH Y femur tracker  s/n:3E4C8801,656437813,1778166230.218741614,1,OK,0.8835729,-0.0255838,0.4576842,-0.0957583,-195.694,-95.812,-1629.754,0.3044047,3,OK,-195.515,-95.728,-1629.999,OK,-216.764,-5.868,-1593.595,OK,-248.352,-77.799,-1554.526
3,Port 0x01: JJH Probe  s/n:3E4C880C,656437816,1778166230.268741614,1,Too Few Markers,-3.697314E28,-3.697314E28,-3.697314E28,-3.697314E28,-3.697314E28,-3.697314E28,-3.697314E28,0.0000000,3,Missing,-3.697314E28,-3.697314E28,-3.697314E28,Missing,-3.697314E28,-3.697314E28,-3.697314E28,Missing,-3.697314E28,-3.697314E28,-3.697314E28,Port 0x02: JJH T tibia tracker  s/n:3E4C8800,656437816,1778166230.268741614,1,OK,0.4256328,0.1799259,0.0759541,-0.8835691,197.040,-67.597,-1579.293,0.2004317,3,OK,196.906,-67.715,-1579.367,OK,146.574,13.585,-1567.875,OK,248.663,-2.434,-1544.864,Port 0x03: JJH Y femur tracker  s/n:3E4C8801,656437816,1778166230.268741614,1,OK,0.8836968,-0.0260030,0.4574171,-0.0957775,-195.624,-95.910,-1629.736,0.2845744,3,OK,-195.465,-95.813,-1629.951,OK,-216.740,-5.940,-1593.670,OK,-248.316,-77.878,-1554.567
3,Port 0x01: JJH Probe  s/n:3E4C880C,656437819,1778166230.318741614,1,Too Few Markers,-3.697314E28,-3.697314E28,-3.697314E28,-3.697314E28,-3.697314E28,-3.697314E28,-3.697314E28,0.0000000,3,Missing,-3.697314E28,-3.697314E28,-3.697314E28,Missing,-3.697314E28,-3.697314E28,-3.697314E28,Missing,-3.697314E28,-3.697314E28,-3.697314E28,Port 0x02: JJH T tibia tracker  s/n:3E4C8800,656437819,1778166230.318741614,1,OK,0.4256184,0.1796094,0.0754569,-0.8836830,196.988,-67.536,-1579.181,0.1907499,3,OK,196.854,-67.627,-1579.246,OK,146.545,13.657,-1567.851,OK,248.632,-2.360,-1544.841,Port 0x03: JJH Y femur tracker  s/n:3E4C8801,656437819,1778166230.318741614,1,OK,0.8837523,-0.0258035,0.4573233,-0.0957679,-195.649,-95.819,-1629.688,0.2735920,3,OK,-195.499,-95.716,-1629.891,OK,-216.764,-5.870,-1593.594,OK,-248.345,-77.798,-1554.544
3,Port 0x01: JJH Probe  s/n:3E4C880C,656437822,1778166230.368741614,1,Too Few Markers,-3.697314E28,-3.697314E28,-3.697314E28,-3.697314E28,-3.697314E28,-3.697314E28,-3.697314E28,0.0000000,3,Missing,-3.697314E28,-3.697314E28,-3.697314E28,Missing,-3.697314E28,-3.697314E28,-3.697314E28,Missing,-3.697314E28,-3.697314E28,-3.697314E28,Port 0x02: JJH T tibia tracker  s/n:3E4C8800,656437822,1778166230.368741614,1,OK,0.4255936,0.1800367,0.0767614,-0.8834956,197.020,-67.558,-1579.390,0.2055951,3,OK,196.881,-67.680,-1579.466,OK,146.538,13.591,-1567.823,OK,248.647,-2.430,-1544.882,Port 0x03: JJH Y femur tracker  s/n:3E4C8801,656437822,1778166230.368741614,1,OK,0.8836066,-0.0253258,0.4576399,-0.0957272,-195.680,-95.866,-1629.777,0.2951934,3,OK,-195.505,-95.789,-1630.017,OK,-216.746,-5.937,-1593.571,OK,-248.338,-77.874,-1554.561
3,Port 0x01: JJH Probe  s/n:3E4C880C,656437825,1778166230.418741614,1,Too Few Markers,-3.697314E28,-3.697314E28,-3.697314E28,-3.697314E28,-3.697314E28,-3.697314E28,-3.697314E28,0.0000000,3,Missing,-3.697314E28,-3.697314E28,-3.697314E28,Missing,-3.697314E28,-3.697314E28,-3.697314E28,Missing,-3.697314E28,-3.697314E28,-3.697314E28,Port 0x02: JJH T tibia tracker  s/n:3E4C8800,656437825,1778166230.418741614,1,OK,0.4256070,0.1798115,0.0760269,-0.8835986,197.044,-67.528,-1579.260,0.1898296,3,OK,196.915,-67.627,-1579.326,OK,146.582,13.649,-1567.826,OK,248.674,-2.380,-1544.848,Port 0x03: JJH Y femur tracker  s/n:3E4C8801,656437825,1778166230.418741614,1,OK,0.8837130,-0.0258651,0.4574069,-0.0957141,-195.611,-95.834,-1629.762,0.2802229,3,OK,-195.458,-95.729,-1629.970,OK,-216.730,-5.887,-1593.669,OK,-248.301,-77.817,-1554.600
3,Port 0x01: JJH Probe  s/n:3E4C880C,656437828,1778166230.468741614,1,Too Few Markers,-3.697314E28,-3.697314E28,-3.697314E28,-3.697314E28,-3.697314E28,-3.697314E28,-3.697314E28,0.0000000,3,Missing,-3.697314E28,-3.697314E28,-3.697314E28,Missing,-3.697314E28,-3.697314E28,-3.697314E28,Missing,-3.697314E28,-3.697314E28,-3.697314E28,Port 0x02: JJH T tibia tracker  s/n:3E4C8800,656437828,1778166230.468741614,1,OK,0.4256491,0.1796219,0.0754561,-0.8836658,197.027,-67.593,-1579.195,0.1879779,3,OK,196.899,-67.680,-1579.257,OK,146.573,13.601,-1567.867,OK,248.666,-2.419,-1544.855,Port 0x03: JJH Y femur tracker  s/n:3E4C8801,656437828,1778166230.468741614,1,OK,0.8836304,-0.0259233,0.4575554,-0.0957518,-195.632,-95.873,-1629.725,0.2901932,3,OK,-195.469,-95.774,-1629.946,OK,-216.734,-5.915,-1593.636,OK,-248.303,-77.847,-1554.534
3,Port 0x01: JJH Probe  s/n:3E4C880C,656437831,1778166230.518741614,1,Too Few Markers,-3.697314E28,-3.697314E28,-3.697314E28,-3.697314E28,-3.697314E28,-3.697314E28,-3.697314E28,0.0000000,3,Missing,-3.697314E28,-3.697314E28,-3.697314E28,Missing,-3.697314E28,-3.697314E28,-3.697314E28,Missing,-3.697314E28,-3.697314E28,-3.697314E28,Port 0x02: JJH T tibia tracker  s/n:3E4C8800,656437831,1778166230.518741614,1,OK,0.4256424,0.1798061,0.0761338,-0.8835734,197.007,-67.548,-1579.272,0.1960813,3,OK,196.878,-67.666,-1579.344,OK,146.537,13.630,-1567.817,OK,248.631,-2.391,-1544.850,Port 0x03: JJH Y femur tracker  s/n:3E4C8801,656437831,1778166230.518741614,1,OK,0.8836100,-0.0255759,0.4576338,-0.0956589,-195.679,-95.830,-1629.782,0.2959729,3,OK,-195.505,-95.751,-1630.021,OK,-216.771,-5.886,-1593.616,OK,-248.345,-77.839,-1554.567
3,Port 0x01: JJH Probe  s/n:3E4C880C,656437834,1778166230.568741614,1,Too Few Markers,-3.697314E28,-3.697314E28,-3.697314E28,-3.697314E28,-3.697314E28,-3.697314E28,-3.697314E28,0.0000000,3,Missing,-3.697314E28,-3.697314E28,-3.697314E28,Missing,-3.697314E28,-3.697314E28,-3.697314E28,Missing,-3.697314E28,-3.697314E28,-3.697314E28,Port 0x02: JJH T tibia tracker  s/n:3E4C8800,656437834,1778166230.568741614,1,OK,0.4256490,0.1802807,0.0761973,-0.8834680,197.069,-67.562,-1579.324,0.2024083,3,OK,196.934,-67.681,-1579.399,OK,146.585,13.604,-1567.869,OK,248.669,-2.415,-1544.822,Port 0x03: JJH Y femur tracker  s/n:3E4C8801,656437834,1778166230.568741614,1,OK,0.8836854,-0.0260108,0.4574362,-0.0957896,-195.614,-95.874,-1629.729,0.2827875,3,OK,-195.461,-95.767,-1629.936,OK,-216.723,-5.907,-1593.670,OK,-248.301,-77.844,-1554.560
3,Port 0x01: JJH Probe  s/n:3E4C880C,656437837,1778166230.618741614,1,Too Few Markers,-3.697314E28,-3.697314E28,-3.697314E28,-3.697314E28,-3.697314E28,-3.697314E28,-3.697314E28,0.0000000,3,Missing,-3.697314E28,-3.697314E28,-3.697314E28,Missing,-3.697314E28,-3.697314E28,-3.697314E28,Missing,-3.697314E28,-3.697314E28,-3.697314E28,Port 0x02: JJH T tibia tracker  s/n:3E4C8800,656437837,1778166230.618741614,1,OK,0.4256561,0.1802579,0.0761764,-0.8834711,197.045,-67.545,-1579.321,0.2037606,3,OK,196.908,-67.663,-1579.396,OK,146.560,13.619,-1567.870,OK,248.647,-2.396,-1544.823,Port 0x03: JJH Y femur tracker  s/n:3E4C8801,656437837,1778166230.618741614,1,OK,0.8836669,-0.0259303,0.4574779,-0.0957829,-195.639,-95.850,-1629.713,0.2857418,3,OK,-195.480,-95.750,-1629.929,OK,-216.743,-5.883,-1593.634,OK,-248.321,-77.823,-1554.534
3,Port 0x01: JJH Probe  s/n:3E4C880C,656437840,1778166230.668741614,1,Too Few Markers,-3.697314E28,-3.697314E28,-3.697314E28,-3.697314E28,-3.697314E28,-3.697314E28,-3.697314E28,0.0000000,3,Missing,-3.697314E28,-3.697314E28,-3.697314E28,Missing,-3.697314E28,-3.697314E28,-3.697314E28,Missing,-3.697314E28,-3.697314E28,-3.697314E28,Port 0x02: JJH T tibia tracker  s/n:3E4C8800,656437840,1778166230.668741614,1,OK,0.4256322,0.1793778,0.0759324,-0.8836827,196.970,-67.587,-1579.256,0.1839417,3,OK,196.846,-67.675,-1579.317,OK,146.513,13.594,-1567.833,OK,248.622,-2.429,-1544.920,Port 0x03: JJH Y femur tracker  s/n:3E4C8801,656437840,1778166230.668741614,1,OK,0.8837107,-0.0261384,0.4573942,-0.0957221,-195.666,-95.884,-1629.702,0.2807641,3,OK,-195.516,-95.772,-1629.903,OK,-216.796,-5.914,-1593.665,OK,-248.362,-77.862,-1554.542
3,Port 0x01: JJH Probe  s/n:3E4C880C,656437843,1778166230.718741614,1,Too Few Markers,-3.697314E28,-3.697314E28,-3.697314E28,-3.697314E28,-3.697314E28,-3.697314E28,-3.697314E28,0.0000000,3,Missing,-3.697314E28,-3.697314E28,-3.697314E28,Missing,-3.697314E28,-3.697314E28,-3.697314E28,Missing,-3.697314E28,-3.697314E28,-3.697314E28,Port 0x02: JJH T tibia tracker  s/n:3E4C8800,656437843,1778166230.718741614,1,OK,0.4255953,0.1796614,0.0753141,-0.8836958,196.987,-67.574,-1579.166,0.1962369,3,OK,196.848,-67.661,-1579.231,OK,146.547,13.623,-1567.866,OK,248.641,-2.396,-1544.826,Port 0x03: JJH Y femur tracker  s/n:3E4C8801,656437843,1778166230.718741614,1,OK,0.8836856,-0.0259724,0.4574520,-0.0957229,-195.641,-95.842,-1629.700,0.2864124,3,OK,-195.486,-95.731,-1629.909,OK,-216.755,-5.886,-1593.632,OK,-248.329,-77.827,-1554.525
3,Port 0x01: JJH Probe  s/n:3E4C880C,656437846,1778166230.768741614,1,Too Few Markers,-3.697314E28,-3.697314E28,-3.697314E28,-3.697314E28,-3.697314E28,-3.697314E28,-3.697314E28,0.0000000,3,Missing,-3.697314E28,-3.697314E28,-3.697314E28,Missing,-3.697314E28,-3.697314E28,-3.697314E28,Missing,-3.697314E28,-3.697314E28,-3.697314E28,Port 0x02: JJH T tibia tracker  s/n:3E4C8800,656437846,1778166230.768741614,1,OK,0.4256388,0.1794240,0.0754619,-0.8837105,197.007,-67.609,-1579.153,0.1866728,3,OK,196.881,-67.696,-1579.214,OK,146.557,13.589,-1567.820,OK,248.660,-2.433,-1544.844,Port 0x03: JJH Y femur tracker  s/n:3E4C8801,656437846,1778166230.768741614,1,OK,0.8837034,-0.0259291,0.4574229,-0.0957092,-195.622,-95.875,-1629.737,0.2809801,3,OK,-195.465,-95.779,-1629.951,OK,-216.745,-5.913,-1593.652,OK,-248.312,-77.859,-1554.570
3,Port 0x01: JJH Probe  s/n:3E4C880C,656437849,1778166230.818741614,1,Too Few Markers,-3.697314E28,-3.697314E28,-3.697314E28,-3.697314E28,-3.697314E28,-3.697314E28,-3.697314E28,0.0000000,3,Missing,-3.697314E28,-3.697314E28,-3.697314E28,Missing,-3.697314E28,-3.697314E28,-3.697314E28,Missing,-3.697314E28,-3.697314E28,-3.697314E28,Port 0x02: JJH T tibia tracker  s/n:3E4C8800,656437849,1778166230.818741614,1,OK,0.4256573,0.1794904,0.0754734,-0.8836870,196.987,-67.580,-1579.166,0.1819917,3,OK,196.867,-67.669,-1579.226,OK,146.532,13.620,-1567.831,OK,248.626,-2.407,-1544.848,Port 0x03: JJH Y femur tracker  s/n:3E4C8801,656437849,1778166230.818741614,1,OK,0.8837584,-0.0260841,0.4572974,-0.0957592,-195.647,-95.855,-1629.706,0.2775590,3,OK,-195.499,-95.742,-1629.905,OK,-216.777,-5.888,-1593.668,OK,-248.354,-77.827,-1554.562
3,Port 0x01: JJH Probe  s/n:3E4C880C,656437852,1778166230.868741614,1,Too Few Markers,-3.697314E28,-3.697314E28,-3.697314E28,-3.697314E28,-3.697314E28,-3.697314E28,-3.697314E28,0.0000000,3,Missing,-3.697314E28,-3.697314E28,-3.697314E28,Missing,-3.697314E28,-3.697314E28,-3.697314E28,Missing,-3.697314E28,-3.697314E28,-3.697314E28,Port 0x02: JJH T tibia tracker  s/n:3E4C8800,656437852,1778166230.868741614,1,OK,0.4256132,0.1799813,0.0760527,-0.8835588,197.012,-67.571,-1579.267,0.1974986,3,OK,196.876,-67.672,-1579.336,OK,146.545,13.598,-1567.834,OK,248.638,-2.422,-1544.823,Port 0x03: JJH Y femur tracker  s/n:3E4C8801,656437852,1778166230.868741614,1,OK,0.8836673,-0.0259710,0.4574752,-0.0957812,-195.650,-95.872,-1629.711,0.2873441,3,OK,-195.491,-95.769,-1629.926,OK,-216.756,-5.910,-1593.640,OK,-248.333,-77.842,-1554.533
3,Port 0x01: JJH Probe  s/n:3E4C880C,656437855,1778166230.918741614,1,Too Few Markers,-3.697314E28,-3.697314E28,-3.697314E28,-3.697314E28,-3.697314E28,-3.697314E28,-3.697314E28,0.0000000,3,Missing,-3.697314E28,-3.697314E28,-3.697314E28,Missing,-3.697314E28,-3.697314E28,-3.697314E28,Missing,-3.697314E28,-3.697314E28,-3.697314E28,Port 0x02: JJH T tibia tracker  s/n:3E4C8800,656437855,1778166230.918741614,1,OK,0.4255891,0.1801795,0.0762875,-0.8835098,197.035,-67.560,-1579.271,0.2032453,3,OK,196.894,-67.676,-1579.346,OK,146.567,13.604,-1567.795,OK,248.651,-2.418,-1544.777,Port 0x03: JJH Y femur tracker  s/n:3E4C8801,656437855,1778166230.918741614,1,OK,0.8836613,-0.0259028,0.4575030,-0.0957222,-195.626,-95.865,-1629.776,0.2882706,3,OK,-195.466,-95.765,-1629.994,OK,-216.734,-5.906,-1593.687,OK,-248.308,-77.851,-1554.590
3,Port 0x01: JJH Probe  s/n:3E4C880C,656437858,1778166230.968741614,1,Too Few Markers,-3.697314E28,-3.697314E28,-3.697314E28,-3.697314E28,-3.697314E28,-3.697314E28,-3.697314E28,0.0000000,3,Missing,-3.697314E28,-3.697314E28,-3.697314E28,Missing,-3.697314E28,-3.697314E28,-3.697314E28,Missing,-3.697314E28,-3.697314E28,-3.697314E28,Port 0x02: JJH T tibia tracker  s/n:3E4C8800,656437858,1778166230.968741614,1,OK,0.4256198,0.1798676,0.0759495,-0.8835876,197.003,-67.580,-1579.222,0.1923334,3,OK,196.874,-67.689,-1579.291,OK,146.541,13.603,-1567.802,OK,248.626,-2.424,-1544.806,Port 0x03: JJH Y femur tracker  s/n:3E4C8801,656437858,1778166230.968741614,1,OK,0.8839209,-0.0261283,0.4569857,-0.0957351,-195.600,-95.862,-1629.688,0.2534815,3,OK,-195.470,-95.746,-1629.861,OK,-216.768,-5.892,-1593.672,OK,-248.341,-77.839,-1554.610
3,Port 0x01: JJH Probe  s/n:3E4C880C,656437861,1778166231.018741613,1,Too Few Markers,-3.697314E28,-3.697314E28,-3.697314E28,-3.697314E28,-3.697314E28,-3.697314E28,-3.697314E28,0.0000000,3,Missing,-3.697314E28,-3.697314E28,-3.697314E28,Missing,-3.697314E28,-3.697314E28,-3.697314E28,Missing,-3.697314E28,-3.697314E28,-3.697314E28,Port 0x02: JJH T tibia tracker  s/n:3E4C8800,656437861,1778166231.018741613,1,OK,0.4256477,0.1797692,0.0758776,-0.8836004,196.974,-67.593,-1579.210,0.1909993,3,OK,196.846,-67.691,-1579.276,OK,146.507,13.586,-1567.806,OK,248.604,-2.435,-1544.815,Port 0x03: JJH Y femur tracker  s/n:3E4C8801,656437861,1778166231.018741613,1,OK,0.8836348,-0.0258503,0.4575514,-0.0957495,-195.683,-95.872,-1629.720,0.2875634,3,OK,-195.519,-95.780,-1629.943,OK,-216.785,-5.917,-1593.614,OK,-248.353,-77.847,-1554.531
3,Port 0x01: JJH Probe  s/n:3E4C880C,656437864,1778166231.068741613,1,Too Few Markers,-3.697314E28,-3.697314E28,-3.697314E28,-3.697314E28,-3.697314E28,-3.697314E28,-3.697314E28,0.0000000,3,Missing,-3.697314E28,-3.697314E28,-3.697314E28,Missing,-3.697314E28,-3.697314E28,-3.697314E28,Missing,-3.697314E28,-3.697314E28,-3.697314E28,Port 0x02: JJH T tibia tracker  s/n:3E4C8800,656437864,1778166231.068741613,1,OK,0.4256084,0.1797403,0.0755578,-0.8836526,197.000,-67.588,-1579.162,0.1888161,3,OK,196.869,-67.670,-1579.224,OK,146.549,13.600,-1567.818,OK,248.640,-2.427,-1544.796,Port 0x03: JJH Y femur tracker  s/n:3E4C8801,656437864,1778166231.068741613,1,OK,0.8837448,-0.0261266,0.4573260,-0.0957365,-195.619,-95.865,-1629.689,0.2787283,3,OK,-195.471,-95.753,-1629.889,OK,-216.754,-5.899,-1593.654,OK,-248.323,-77.838,-1554.541
3,Port 0x01: JJH Probe  s/n:3E4C880C,656437867,1778166231.118741613,1,Too Few Markers,-3.697314E28,-3.697314E28,-3.697314E28,-3.697314E28,-3.697314E28,-3.697314E28,-3.697314E28,0.0000000,3,Missing,-3.697314E28,-3.697314E28,-3.697314E28,Missing,-3.697314E28,-3.697314E28,-3.697314E28,Missing,-3.697314E28,-3.697314E28,-3.697314E28,Port 0x02: JJH T tibia tracker  s/n:3E4C8800,656437867,1778166231.118741613,1,OK,0.4256054,0.1797073,0.0759226,-0.8836295,196.988,-67.599,-1579.194,0.1919948,3,OK,196.856,-67.696,-1579.260,OK,146.534,13.580,-1567.778,OK,248.628,-2.442,-1544.804,Port 0x03: JJH Y femur tracker  s/n:3E4C8801,656437867,1778166231.118741613,1,OK,0.8838040,-0.0259869,0.4572069,-0.0957967,-195.636,-95.886,-1629.726,0.2712818,3,OK,-195.488,-95.784,-1629.927,OK,-216.769,-5.920,-1593.672,OK,-248.351,-77.851,-1554.600
3,Port 0x01: JJH Probe  s/n:3E4C880C,656437870,1778166231.168741613,1,Too Few Markers,-3.697314E28,-3.697314E28,-3.697314E28,-3.697314E28,-3.697314E28,-3.697314E28,-3.697314E28,0.0000000,3,Missing,-3.697314E28,-3.697314E28,-3.697314E28,Missing,-3.697314E28,-3.697314E28,-3.697314E28,Missing,-3.697314E28,-3.697314E28,-3.697314E28,Port 0x02: JJH T tibia tracker  s/n:3E4C8800,656437870,1778166231.168741613,1,OK,0.4256811,0.1794011,0.0756881,-0.8836754,196.975,-67.579,-1579.160,0.1840121,3,OK,196.848,-67.672,-1579.223,OK,146.521,13.607,-1567.783,OK,248.614,-2.402,-1544.838,Port 0x03: JJH Y femur tracker  s/n:3E4C8801,656437870,1778166231.168741613,1,OK,0.8837594,-0.0262827,0.4572887,-0.0957371,-195.651,-95.858,-1629.717,0.2736691,3,OK,-195.511,-95.735,-1629.904,OK,-216.797,-5.887,-1593.714,OK,-248.357,-77.824,-1554.583
3,Port 0x01: JJH Probe  s/n:3E4C880C,656437873,1778166231.218741613,1,Too Few Markers,-3.697314E28,-3.697314E28,-3.697314E28,-3.697314E28,-3.697314E28,-3.697314E28,-3.697314E28,0.0000000,3,Missing,-3.697314E28,-3.697314E28,-3.697314E28,Missing,-3.697314E28,-3.697314E28,-3.697314E28,Missing,-3.697314E28,-3.697314E28,-3.697314E28,Port 0x02: JJH T tibia tracker  s/n:3E4C8800,656437873,1778166231.218741613,1,OK,0.4255865,0.1802691,0.0764345,-0.8834800,197.029,-67.573,-1579.318,0.2076302,3,OK,196.888,-67.699,-1579.396,OK,146.554,13.588,-1567.815,OK,248.641,-2.435,-1544.797,Port 0x03: JJH Y femur tracker  s/n:3E4C8801,656437873,1778166231.218741613,1,OK,0.8836795,-0.0258483,0.4574667,-0.0957423,-195.636,-95.869,-1629.734,0.2861982,3,OK,-195.474,-95.775,-1629.954,OK,-216.746,-5.914,-1593.633,OK,-248.320,-77.847,-1554.556
3,Port 0x01: JJH Probe  s/n:3E4C880C,656437876,1778166231.268741613,1,Too Few Markers,-3.697314E28,-3.697314E28,-3.697314E28,-3.697314E28,-3.697314E28,-3.697314E28,-3.697314E28,0.0000000,3,Missing,-3.697314E28,-3.697314E28,-3.697314E28,Missing,-3.697314E28,-3.697314E28,-3.697314E28,Missing,-3.697314E28,-3.697314E28,-3.697314E28,Port 0x02: JJH T tibia tracker  s/n:3E4C8800,656437876,1778166231.268741613,1,OK,0.4255572,0.1797951,0.0762665,-0.8836052,197.032,-67.558,-1579.283,0.2002247,3,OK,196.895,-67.667,-1579.355,OK,146.575,13.612,-1567.803,OK,248.679,-2.415,-1544.850,Port 0x03: JJH Y femur tracker  s/n:3E4C8801,656437876,1778166231.268741613,1,OK,0.8837550,-0.0257334,0.4573173,-0.0957900,-195.610,-95.834,-1629.739,0.2712403,3,OK,-195.458,-95.739,-1629.944,OK,-216.720,-5.882,-1593.630,OK,-248.304,-77.812,-1554.596
3,Port 0x01: JJH Probe  s/n:3E4C880C,656437879,1778166231.318741613,1,Too Few Markers,-3.697314E28,-3.697314E28,-3.697314E28,-3.697314E28,-3.697314E28,-3.697314E28,-3.697314E28,0.0000000,3,Missing,-3.697314E28,-3.697314E28,-3.697314E28,Missing,-3.697314E28,-3.697314E28,-3.697314E28,Missing,-3.697314E28,-3.697314E28,-3.697314E28,Port 0x02: JJH T tibia tracker  s/n:3E4C8800,656437879,1778166231.318741613,1,OK,0.4256101,0.1801271,0.0766719,-0.8834770,197.026,-67.575,-1579.333,0.2079737,3,OK,196.887,-67.706,-1579.411,OK,146.543,13.579,-1567.782,OK,248.642,-2.439,-1544.816,Port 0x03: JJH Y femur tracker  s/n:3E4C8801,656437879,1778166231.318741613,1,OK,0.8837618,-0.0259826,0.4572955,-0.0957643,-195.616,-95.877,-1629.732,0.2710156,3,OK,-195.467,-95.776,-1629.933,OK,-216.745,-5.911,-1593.669,OK,-248.317,-77.849,-1554.594
3,Port 0x01: JJH Probe  s/n:3E4C880C,656437882,1778166231.368741613,1,Too Few Markers,-3.697314E28,-3.697314E28,-3.697314E28,-3.697314E28,-3.697314E28,-3.697314E28,-3.697314E28,0.0000000,3,Missing,-3.697314E28,-3.697314E28,-3.697314E28,Missing,-3.697314E28,-3.697314E28,-3.697314E28,Missing,-3.697314E28,-3.697314E28,-3.697314E28,Port 0x02: JJH T tibia tracker  s/n:3E4C8800,656437882,1778166231.368741613,1,OK,0.4256291,0.1800241,0.0759020,-0.8835554,196.995,-67.563,-1579.228,0.1984553,3,OK,196.860,-67.667,-1579.298,OK,146.526,13.613,-1567.824,OK,248.617,-2.408,-1544.788,Port 0x03: JJH Y femur tracker  s/n:3E4C8801,656437882,1778166231.368741613,1,OK,0.8837217,-0.0259548,0.4573754,-0.0957609,-195.649,-95.846,-1629.707,0.2752397,3,OK,-195.499,-95.743,-1629.910,OK,-216.768,-5.883,-1593.636,OK,-248.341,-77.822,-1554.554
3,Port 0x01: JJH Probe  s/n:3E4C880C,656437885,1778166231.418741613,1,Too Few Markers,-3.697314E28,-3.697314E28,-3.697314E28,-3.697314E28,-3.697314E28,-3.697314E28,-3.697314E28,0.0000000,3,Missing,-3.697314E28,-3.697314E28,-3.697314E28,Missing,-3.697314E28,-3.697314E28,-3.697314E28,Missing,-3.697314E28,-3.697314E28,-3.697314E28,Port 0x02: JJH T tibia tracker  s/n:3E4C8800,656437885,1778166231.418741613,1,OK,0.4255991,0.1798209,0.0758704,-0.8836139,197.023,-67.594,-1579.185,0.1974755,3,OK,196.887,-67.698,-1579.255,OK,146.566,13.588,-1567.781,OK,248.661,-2.435,-1544.779,Port 0x03: JJH Y femur tracker  s/n:3E4C8801,656437885,1778166231.418741613,1,OK,0.8836484,-0.0258586,0.4575250,-0.0957480,-195.628,-95.857,-1629.737,0.2837157,3,OK,-195.469,-95.761,-1629.953,OK,-216.730,-5.897,-1593.638,OK,-248.301,-77.839,-1554.553
3,Port 0x01: JJH Probe  s/n:3E4C880C,656437888,1778166231.468741613,1,Too Few Markers,-3.697314E28,-3.697314E28,-3.697314E28,-3.697314E28,-3.697314E28,-3.697314E28,-3.697314E28,0.0000000,3,Missing,-3.697314E28,-3.697314E28,-3.697314E28,Missing,-3.697314E28,-3.697314E28,-3.697314E28,Missing,-3.697314E28,-3.697314E28,-3.697314E28,Port 0x02: JJH T tibia tracker  s/n:3E4C8800,656437888,1778166231.468741613,1,OK,0.4255937,0.1802181,0.0760448,-0.8835206,197.011,-67.579,-1579.228,0.2055561,3,OK,196.867,-67.688,-1579.302,OK,146.545,13.588,-1567.800,OK,248.630,-2.431,-1544.744,Port 0x03: JJH Y femur tracker  s/n:3E4C8801,656437888,1778166231.468741613,1,OK,0.8837699,-0.0259837,0.4572784,-0.0957712,-195.624,-95.869,-1629.706,0.2714847,3,OK,-195.479,-95.759,-1629.901,OK,-216.749,-5.902,-1593.652,OK,-248.329,-77.847,-1554.569
3,Port 0x01: JJH Probe  s/n:3E4C880C,656437891,1778166231.518741613,1,Too Few Markers,-3.697314E28,-3.697314E28,-3.697314E28,-3.697314E28,-3.697314E28,-3.697314E28,-3.697314E28,0.0000000,3,Missing,-3.697314E28,-3.697314E28,-3.697314E28,Missing,-3.697314E28,-3.697314E28,-3.697314E28,Missing,-3.697314E28,-3.697314E28,-3.697314E28,Port 0x02: JJH T tibia tracker  s/n:3E4C8800,656437891,1778166231.518741613,1,OK,0.4255838,0.1802181,0.0763799,-0.8834964,196.977,-67.574,-1579.281,0.2087107,3,OK,196.835,-67.695,-1579.358,OK,146.500,13.589,-1567.789,OK,248.598,-2.436,-1544.771,Port 0x03: JJH Y femur tracker  s/n:3E4C8801,656437891,1778166231.518741613,1,OK,0.8836378,-0.0259270,0.4575335,-0.0957866,-195.691,-95.862,-1629.741,0.2988570,3,OK,-195.521,-95.767,-1629.973,OK,-216.790,-5.898,-1593.657,OK,-248.373,-77.828,-1554.542
3,Port 0x01: JJH Probe  s/n:3E4C880C,656437894,1778166231.568741613,1,Too Few Markers,-3.697314E28,-3.697314E28,-3.697314E28,-3.697314E28,-3.697314E28,-3.697314E28,-3.697314E28,0.0000000,3,Missing,-3.697314E28,-3.697314E28,-3.697314E28,Missing,-3.697314E28,-3.697314E28,-3.697314E28,Missing,-3.697314E28,-3.697314E28,-3.697314E28,Port 0x02: JJH T tibia tracker  s/n:3E4C8800,656437894,1778166231.568741613,1,OK,0.4256341,0.1801629,0.0761955,-0.8834994,197.022,-67.576,-1579.253,0.2015012,3,OK,196.886,-67.691,-1579.326,OK,146.542,13.590,-1567.796,OK,248.633,-2.430,-1544.769,Port 0x03: JJH Y femur tracker  s/n:3E4C8801,656437894,1778166231.568741613,1,OK,0.8836412,-0.0258321,0.4575334,-0.0957820,-195.644,-95.858,-1629.701,0.2899041,3,OK,-195.481,-95.759,-1629.922,OK,-216.738,-5.908,-1593.599,OK,-248.316,-77.830,-1554.513
3,Port 0x01: JJH Probe  s/n:3E4C880C,656437897,1778166231.618741613,1,Too Few Markers,-3.697314E28,-3.697314E28,-3.697314E28,-3.697314E28,-3.697314E28,-3.697314E28,-3.697314E28,0.0000000,3,Missing,-3.697314E28,-3.697314E28,-3.697314E28,Missing,-3.697314E28,-3.697314E28,-3.697314E28,Missing,-3.697314E28,-3.697314E28,-3.697314E28,Port 0x02: JJH T tibia tracker  s/n:3E4C8800,656437897,1778166231.618741613,1,OK,0.4255758,0.1801321,0.0762502,-0.8835290,197.036,-67.573,-1579.264,0.2072649,3,OK,196.896,-67.695,-1579.340,OK,146.568,13.598,-1567.793,OK,248.661,-2.429,-1544.777,Port 0x03: JJH Y femur tracker  s/n:3E4C8801,656437897,1778166231.618741613,1,OK,0.8837140,-0.0259230,0.4573976,-0.0957337,-195.610,-95.859,-1629.734,0.2795409,3,OK,-195.455,-95.761,-1629.944,OK,-216.730,-5.897,-1593.653,OK,-248.302,-77.840,-1554.572
3,Port 0x01: JJH Probe  s/n:3E4C880C,656437900,1778166231.668741613,1,Too Few Markers,-3.697314E28,-3.697314E28,-3.697314E28,-3.697314E28,-3.697314E28,-3.697314E28,-3.697314E28,0.0000000,3,Missing,-3.697314E28,-3.697314E28,-3.697314E28,Missing,-3.697314E28,-3.697314E28,-3.697314E28,Missing,-3.697314E28,-3.697314E28,-3.697314E28,Port 0x02: JJH T tibia tracker  s/n:3E4C8800,656437900,1778166231.668741613,1,OK,0.4256429,0.1797949,0.0754953,-0.8836302,196.977,-67.593,-1579.146,0.1906735,3,OK,196.844,-67.678,-1579.208,OK,146.521,13.592,-1567.816,OK,248.609,-2.425,-1544.775,Port 0x03: JJH Y femur tracker  s/n:3E4C8801,656437900,1778166231.668741613,1,OK,0.8836218,-0.0260900,0.4575781,-0.0956775,-195.659,-95.853,-1629.716,0.2945629,3,OK,-195.498,-95.745,-1629.935,OK,-216.778,-5.893,-1593.653,OK,-248.335,-77.832,-1554.518
3,Port 0x01: JJH Probe  s/n:3E4C880C,656437903,1778166231.718741613,1,Too Few Markers,-3.697314E28,-3.697314E28,-3.697314E28,-3.697314E28,-3.697314E28,-3.697314E28,-3.697314E28,0.0000000,3,Missing,-3.697314E28,-3.697314E28,-3.697314E28,Missing,-3.697314E28,-3.697314E28,-3.697314E28,Missing,-3.697314E28,-3.697314E28,-3.697314E28,Port 0x02: JJH T tibia tracker  s/n:3E4C8800,656437903,1778166231.718741613,1,OK,0.4255997,0.1801963,0.0761718,-0.8835112,197.016,-67.577,-1579.242,0.2084197,3,OK,196.875,-67.698,-1579.319,OK,146.542,13.594,-1567.789,OK,248.635,-2.428,-1544.751,Port 0x03: JJH Y femur tracker  s/n:3E4C8801,656437903,1778166231.718741613,1,OK,0.8836175,-0.0260036,0.4575825,-0.0957195,-195.647,-95.856,-1629.727,0.2951129,3,OK,-195.482,-95.755,-1629.952,OK,-216.756,-5.897,-1593.649,OK,-248.320,-77.829,-1554.528
3,Port 0x01: JJH Probe  s/n:3E4C880C,656437906,1778166231.768741613,1,Too Few Markers,-3.697314E28,-3.697314E28,-3.697314E28,-3.697314E28,-3.697314E28,-3.697314E28,-3.697314E28,0.0000000,3,Missing,-3.697314E28,-3.697314E28,-3.697314E28,Missing,-3.697314E28,-3.697314E28,-3.697314E28,Missing,-3.697314E28,-3.697314E28,-3.697314E28,Port 0x02: JJH T tibia tracker  s/n:3E4C8800,656437906,1778166231.768741613,1,OK,0.4255832,0.1799365,0.0759714,-0.8835894,197.032,-67.603,-1579.252,0.2008814,3,OK,196.893,-67.707,-1579.322,OK,146.571,13.573,-1567.832,OK,248.669,-2.452,-1544.819,Port 0x03: JJH Y femur tracker  s/n:3E4C8801,656437906,1778166231.768741613,1,OK,0.8836525,-0.0260308,0.4575062,-0.0957536,-195.615,-95.878,-1629.730,0.2919393,3,OK,-195.455,-95.773,-1629.948,OK,-216.726,-5.917,-1593.666,OK,-248.298,-77.847,-1554.545
3,Port 0x01: JJH Probe  s/n:3E4C880C,656437909,1778166231.818741613,1,Too Few Markers,-3.697314E28,-3.697314E28,-3.697314E28,-3.697314E28,-3.697314E28,-3.697314E28,-3.697314E28,0.0000000,3,Missing,-3.697314E28,-3.697314E28,-3.697314E28,Missing,-3.697314E28,-3.697314E28,-3.697314E28,Missing,-3.697314E28,-3.697314E28,-3.697314E28,Port 0x02: JJH T tibia tracker  s/n:3E4C8800,656437909,1778166231.818741613,1,OK,0.4255857,0.1800422,0.0760290,-0.8835617,197.001,-67.559,-1579.249,0.2018780,3,OK,196.863,-67.670,-1579.321,OK,146.537,13.617,-1567.820,OK,248.629,-2.410,-1544.796,Port 0x03: JJH Y femur tracker  s/n:3E4C8801,656437909,1778166231.818741613,1,OK,0.8837788,-0.0262411,0.4572555,-0.0957276,-195.626,-95.852,-1629.693,0.2737601,3,OK,-195.482,-95.735,-1629.886,OK,-216.778,-5.887,-1593.678,OK,-248.337,-77.813,-1554.564
3,Port 0x01: JJH Probe  s/n:3E4C880C,656437912,1778166231.868741613,1,Too Few Markers,-3.697314E28,-3.697314E28,-3.697314E28,-3.697314E28,-3.697314E28,-3.697314E28,-3.697314E28,0.0000000,3,Missing,-3.697314E28,-3.697314E28,-3.697314E28,Missing,-3.697314E28,-3.697314E28,-3.697314E28,Missing,-3.697314E28,-3.697314E28,-3.697314E28,Port 0x02: JJH T tibia tracker  s/n:3E4C8800,656437912,1778166231.868741613,1,OK,0.4256421,0.1797644,0.0757103,-0.8836184,196.975,-67.629,-1579.177,0.2026387,3,OK,196.838,-67.739,-1579.248,OK,146.513,13.558,-1567.803,OK,248.615,-2.454,-1544.788,Port 0x03: JJH Y femur tracker  s/n:3E4C8801,656437912,1778166231.868741613,1,OK,0.8836292,-0.0258469,0.4575685,-0.0957208,-195.679,-95.875,-1629.744,0.2905848,3,OK,-195.514,-95.779,-1629.968,OK,-216.782,-5.924,-1593.636,OK,-248.349,-77.856,-1554.549
3,Port 0x01: JJH Probe  s/n:3E4C880C,656437915,1778166231.918741613,1,Too Few Markers,-3.697314E28,-3.697314E28,-3.697314E28,-3.697314E28,-3.697314E28,-3.697314E28,-3.697314E28,0.0000000,3,Missing,-3.697314E28,-3.697314E28,-3.697314E28,Missing,-3.697314E28,-3.697314E28,-3.697314E28,Missing,-3.697314E28,-3.697314E28,-3.697314E28,Port 0x02: JJH T tibia tracker  s/n:3E4C8800,656437915,1778166231.918741613,1,OK,0.4256356,0.1801432,0.0763316,-0.8834910,197.028,-67.574,-1579.302,0.1959504,3,OK,196.899,-67.690,-1579.373,OK,146.545,13.592,-1567.817,OK,248.632,-2.436,-1544.814,Port 0x03: JJH Y femur tracker  s/n:3E4C8801,656437915,1778166231.918741613,1,OK,0.8837911,-0.0258435,0.4572464,-0.0957665,-195.627,-95.841,-1629.710,0.2691555,3,OK,-195.481,-95.735,-1629.906,OK,-216.750,-5.885,-1593.629,OK,-248.334,-77.823,-1554.579
3,Port 0x01: JJH Probe  s/n:3E4C880C,656437918,1778166231.968741613,1,Too Few Markers,-3.697314E28,-3.697314E28,-3.697314E28,-3.697314E28,-3.697314E28,-3.697314E28,-3.697314E28,0.0000000,3,Missing,-3.697314E28,-3.697314E28,-3.697314E28,Missing,-3.697314E28,-3.697314E28,-3.697314E28,Missing,-3.697314E28,-3.697314E28,-3.697314E28,Port 0x02: JJH T tibia tracker  s/n:3E4C8800,656437918,1778166231.968741613,1,OK,0.4255981,0.1800480,0.0759213,-0.8835638,196.988,-67.606,-1579.222,0.2037979,3,OK,196.844,-67.715,-1579.295,OK,146.530,13.569,-1567.813,OK,248.614,-2.447,-1544.774,Port 0x03: JJH Y femur tracker  s/n:3E4C8801,656437918,1778166231.968741613,1,OK,0.8836492,-0.0259707,0.4575129,-0.0957682,-195.656,-95.877,-1629.715,0.2937019,3,OK,-195.494,-95.772,-1629.935,OK,-216.759,-5.917,-1593.643,OK,-248.338,-77.850,-1554.525
3,Port 0x01: JJH Probe  s/n:3E4C880C,656437921,1778166232.018741614,1,Too Few Markers,-3.697314E28,-3.697314E28,-3.697314E28,-3.697314E28,-3.697314E28,-3.697314E28,-3.697314E28,0.0000000,3,Missing,-3.697314E28,-3.697314E28,-3.697314E28,Missing,-3.697314E28,-3.697314E28,-3.697314E28,Missing,-3.697314E28,-3.697314E28,-3.697314E28,Port 0x02: JJH T tibia tracker  s/n:3E4C8800,656437921,1778166232.018741614,1,OK,0.4256119,0.1799992,0.0758260,-0.8835752,196.970,-67.622,-1579.217,0.1984078,3,OK,196.836,-67.726,-1579.287,OK,146.505,13.560,-1567.827,OK,248.596,-2.466,-1544.787,Port 0x03: JJH Y femur tracker  s/n:3E4C8801,656437921,1778166232.018741614,1,OK,0.8837087,-0.0259597,0.4574084,-0.0957213,-195.677,-95.895,-1629.683,0.2735415,3,OK,-195.530,-95.789,-1629.883,OK,-216.799,-5.937,-1593.610,OK,-248.363,-77.879,-1554.528
3,Port 0x01: JJH Probe  s/n:3E4C880C,656437924,1778166232.068741614,1,Too Few Markers,-3.697314E28,-3.697314E28,-3.697314E28,-3.697314E28,-3.697314E28,-3.697314E28,-3.697314E28,0.0000000,3,Missing,-3.697314E28,-3.697314E28,-3.697314E28,Missing,-3.697314E28,-3.697314E28,-3.697314E28,Missing,-3.697314E28,-3.697314E28,-3.697314E28,Port 0x02: JJH T tibia tracker  s/n:3E4C8800,656437924,1778166232.068741614,1,OK,0.4256255,0.1799331,0.0755742,-0.8836037,197.025,-67.574,-1579.312,0.2067885,3,OK,196.885,-67.686,-1579.385,OK,146.564,13.618,-1567.967,OK,248.661,-2.398,-1544.906,Port 0x03: JJH Y femur tracker  s/n:3E4C8801,656437924,1778166232.068741614,1,OK,0.8836243,-0.0260310,0.4575677,-0.0957203,-195.630,-95.885,-1629.708,0.2966037,3,OK,-195.465,-95.780,-1629.931,OK,-216.741,-5.931,-1593.636,OK,-248.305,-77.856,-1554.510
3,Port 0x01: JJH Probe  s/n:3E4C880C,656437927,1778166232.118741614,1,Too Few Markers,-3.697314E28,-3.697314E28,-3.697314E28,-3.697314E28,-3.697314E28,-3.697314E28,-3.697314E28,0.0000000,3,Missing,-3.697314E28,-3.697314E28,-3.697314E28,Missing,-3.697314E28,-3.697314E28,-3.697314E28,Missing,-3.697314E28,-3.697314E28,-3.697314E28,Port 0x02: JJH T tibia tracker  s/n:3E4C8800,656437927,1778166232.118741614,1,OK,0.4257091,0.1796720,0.0747994,-0.8836825,197.073,-67.449,-1579.447,0.2031095,3,OK,196.932,-67.540,-1579.514,OK,146.620,13.759,-1568.248,OK,248.717,-2.234,-1545.140,Port 0x03: JJH Y femur tracker  s/n:3E4C8801,656437927,1778166232.118741614,1,OK,0.8837089,-0.0258579,0.4573992,-0.0957907,-195.595,-95.868,-1629.721,0.2784958,3,OK,-195.442,-95.767,-1629.929,OK,-216.701,-5.908,-1593.635,OK,-248.284,-77.845,-1554.560
3,Port 0x01: JJH Probe  s/n:3E4C880C,656437930,1778166232.168741614,1,Too Few Markers,-3.697314E28,-3.697314E28,-3.697314E28,-3.697314E28,-3.697314E28,-3.697314E28,-3.697314E28,0.0000000,3,Missing,-3.697314E28,-3.697314E28,-3.697314E28,Missing,-3.697314E28,-3.697314E28,-3.697314E28,Missing,-3.697314E28,-3.697314E28,-3.697314E28,Port 0x02: JJH T tibia tracker  s/n:3E4C8800,656437930,1778166232.168741614,1,OK,0.4259481,0.1784776,0.0732695,-0.8839376,197.054,-67.268,-1579.698,0.1848621,3,OK,196.926,-67.337,-1579.754,OK,146.626,13.987,-1568.768,OK,248.724,-1.950,-1545.696,Port 0x03: JJH Y femur tracker  s/n:3E4C8801,656437930,1778166232.168741614,1,OK,0.8836979,-0.0258258,0.4574309,-0.0957498,-195.654,-95.844,-1629.736,0.2820043,3,OK,-195.496,-95.747,-1629.950,OK,-216.763,-5.887,-1593.637,OK,-248.341,-77.826,-1554.566
3,Port 0x01: JJH Probe  s/n:3E4C880C,656437933,1778166232.218741614,1,Too Few Markers,-3.697314E28,-3.697314E28,-3.697314E28,-3.697314E28,-3.697314E28,-3.697314E28,-3.697314E28,0.0000000,3,Missing,-3.697314E28,-3.697314E28,-3.697314E28,Missing,-3.697314E28,-3.697314E28,-3.697314E28,Missing,-3.697314E28,-3.697314E28,-3.697314E28,Port 0x02: JJH T tibia tracker  s/n:3E4C8800,656437933,1778166232.218741614,1,OK,0.4260006,0.1779061,0.0725767,-0.8840846,197.091,-67.037,-1580.087,0.1816306,3,OK,196.968,-67.110,-1580.143,OK,146.682,14.254,-1569.275,OK,248.785,-1.670,-1546.226,Port 0x03: JJH Y femur tracker  s/n:3E4C8801,656437933,1778166232.218741614,1,OK,0.8837004,-0.0258762,0.4574198,-0.0957658,-195.659,-95.808,-1629.726,0.2794779,3,OK,-195.505,-95.706,-1629.935,OK,-216.769,-5.850,-1593.640,OK,-248.346,-77.786,-1554.562
3,Port 0x01: JJH Probe  s/n:3E4C880C,656437936,1778166232.268741614,1,Too Few Markers,-3.697314E28,-3.697314E28,-3.697314E28,-3.697314E28,-3.697314E28,-3.697314E28,-3.697314E28,0.0000000,3,Missing,-3.697314E28,-3.697314E28,-3.697314E28,Missing,-3.697314E28,-3.697314E28,-3.697314E28,Missing,-3.697314E28,-3.697314E28,-3.697314E28,Port 0x02: JJH T tibia tracker  s/n:3E4C8800,656437936,1778166232.268741614,1,OK,0.4262074,0.1768466,0.0706673,-0.8843521,197.221,-66.774,-1580.614,0.1891123,3,OK,197.091,-66.849,-1580.671,OK,146.846,14.579,-1570.145,OK,248.959,-1.275,-1547.052,Port 0x03: JJH Y femur tracker  s/n:3E4C8801,656437936,1778166232.268741614,1,OK,0.8836886,-0.0259357,0.4574363,-0.0957799,-195.609,-95.830,-1629.722,0.2791584,3,OK,-195.456,-95.728,-1629.930,OK,-216.717,-5.865,-1593.647,OK,-248.293,-77.805,-1554.557
3,Port 0x01: JJH Probe  s/n:3E4C880C,656437939,1778166232.318741614,1,Too Few Markers,-3.697314E28,-3.697314E28,-3.697314E28,-3.697314E28,-3.697314E28,-3.697314E28,-3.697314E28,0.0000000,3,Missing,-3.697314E28,-3.697314E28,-3.697314E28,Missing,-3.697314E28,-3.697314E28,-3.697314E28,Missing,-3.697314E28,-3.697314E28,-3.697314E28,Port 0x02: JJH T tibia tracker  s/n:3E4C8800,656437939,1778166232.318741614,1,OK,0.4260561,0.1765042,0.0697107,-0.8845693,197.299,-66.520,-1581.129,0.2071881,3,OK,197.156,-66.614,-1581.196,OK,146.980,14.892,-1570.826,OK,249.099,-0.977,-1547.681,Port 0x03: JJH Y femur tracker  s/n:3E4C8801,656437939,1778166232.318741614,1,OK,0.8837900,-0.0259053,0.4572346,-0.0958154,-195.640,-95.771,-1629.691,0.2660981,3,OK,-195.498,-95.665,-1629.883,OK,-216.759,-5.805,-1593.627,OK,-248.347,-77.746,-1554.565
3,Port 0x01: JJH Probe  s/n:3E4C880C,656437942,1778166232.368741614,1,Too Few Markers,-3.697314E28,-3.697314E28,-3.697314E28,-3.697314E28,-3.697314E28,-3.697314E28,-3.697314E28,0.0000000,3,Missing,-3.697314E28,-3.697314E28,-3.697314E28,Missing,-3.697314E28,-3.697314E28,-3.697314E28,Missing,-3.697314E28,-3.697314E28,-3.697314E28,Port 0x02: JJH T tibia tracker  s/n:3E4C8800,656437942,1778166232.368741614,1,OK,0.4258460,0.1762943,0.0690206,-0.8847664,197.404,-66.650,-1581.248,0.2025410,3,OK,197.267,-66.753,-1581.315,OK,147.148,14.822,-1571.058,OK,249.240,-1.100,-1547.885,Port 0x03: JJH Y femur tracker  s/n:3E4C8801,656437942,1778166232.368741614,1,OK,0.8836110,-0.0260373,0.4575679,-0.0958401,-195.667,-95.852,-1629.745,0.2925251,3,OK,-195.507,-95.744,-1629.962,OK,-216.757,-5.884,-1593.688,OK,-248.337,-77.809,-1554.552
3,Port 0x01: JJH Probe  s/n:3E4C880C,656437945,1778166232.418741614,1,Too Few Markers,-3.697314E28,-3.697314E28,-3.697314E28,-3.697314E28,-3.697314E28,-3.697314E28,-3.697314E28,0.0000000,3,Missing,-3.697314E28,-3.697314E28,-3.697314E28,Missing,-3.697314E28,-3.697314E28,-3.697314E28,Missing,-3.697314E28,-3.697314E28,-3.697314E28,Port 0x02: JJH T tibia tracker  s/n:3E4C8800,656437945,1778166232.418741614,1,OK,0.4258967,0.1756143,0.0689073,-0.8848861,197.476,-66.498,-1581.432,0.1953139,3,OK,197.346,-66.600,-1581.497,OK,147.230,14.985,-1571.249,OK,249.337,-0.922,-1548.185,Port 0x03: JJH Y femur tracker  s/n:3E4C8801,656437945,1778166232.418741614,1,OK,0.8837262,-0.0255799,0.4573722,-0.0958344,-195.612,-95.754,-1629.729,0.2725814,3,OK,-195.456,-95.669,-1629.942,OK,-216.702,-5.798,-1593.592,OK,-248.298,-77.735,-1554.574
3,Port 0x01: JJH Probe  s/n:3E4C880C,656437948,1778166232.468741614,1,Too Few Markers,-3.697314E28,-3.697314E28,-3.697314E28,-3.697314E28,-3.697314E28,-3.697314E28,-3.697314E28,0.0000000,3,Missing,-3.697314E28,-3.697314E28,-3.697314E28,Missing,-3.697314E28,-3.697314E28,-3.697314E28,Missing,-3.697314E28,-3.697314E28,-3.697314E28,Port 0x02: JJH T tibia tracker  s/n:3E4C8800,656437948,1778166232.468741614,1,OK,0.4259148,0.1759183,0.0685658,-0.8848435,197.496,-66.442,-1581.580,0.2091612,3,OK,197.352,-66.557,-1581.653,OK,147.254,15.045,-1571.467,OK,249.346,-0.845,-1548.304,Port 0x03: JJH Y femur tracker  s/n:3E4C8801,656437948,1778166232.468741614,1,OK,0.8836813,-0.0259175,0.4574399,-0.0958353,-195.598,-95.809,-1629.711,0.2827724,3,OK,-195.443,-95.704,-1629.921,OK,-216.696,-5.848,-1593.637,OK,-248.280,-77.772,-1554.543
3,Port 0x01: JJH Probe  s/n:3E4C880C,656437951,1778166232.518741614,1,Too Few Markers,-3.697314E28,-3.697314E28,-3.697314E28,-3.697314E28,-3.697314E28,-3.697314E28,-3.697314E28,0.0000000,3,Missing,-3.697314E28,-3.697314E28,-3.697314E28,Missing,-3.697314E28,-3.697314E28,-3.697314E28,Missing,-3.697314E28,-3.697314E28,-3.697314E28,Port 0x02: JJH T tibia tracker  s/n:3E4C8800,656437951,1778166232.518741614,1,OK,0.4260760,0.1755017,0.0683148,-0.8848681,197.517,-66.221,-1581.935,0.2187919,3,OK,197.371,-66.353,-1582.013,OK,147.257,15.271,-1571.865,OK,249.374,-0.573,-1548.738,Port 0x03: JJH Y femur tracker  s/n:3E4C8801,656437951,1778166232.518741614,1,OK,0.8837283,-0.0260379,0.4573404,-0.0958441,-195.602,-95.762,-1629.675,0.2756686,3,OK,-195.455,-95.652,-1629.874,OK,-216.715,-5.795,-1593.629,OK,-248.297,-77.719,-1554.530
3,Port 0x01: JJH Probe  s/n:3E4C880C,656437954,1778166232.568741614,1,Too Few Markers,-3.697314E28,-3.697314E28,-3.697314E28,-3.697314E28,-3.697314E28,-3.697314E28,-3.697314E28,0.0000000,3,Missing,-3.697314E28,-3.697314E28,-3.697314E28,Missing,-3.697314E28,-3.697314E28,-3.697314E28,Missing,-3.697314E28,-3.697314E28,-3.697314E28,Port 0x02: JJH T tibia tracker  s/n:3E4C8800,656437954,1778166232.568741614,1,OK,0.4261092,0.1742209,0.0664206,-0.8852493,197.561,-66.138,-1582.117,0.2029190,3,OK,197.421,-66.228,-1582.180,OK,147.365,15.420,-1572.382,OK,249.493,-0.407,-1549.264,Port 0x03: JJH Y femur tracker  s/n:3E4C8801,656437954,1778166232.568741614,1,OK,0.8836062,-0.0258716,0.4575816,-0.0958635,-195.591,-95.817,-1629.722,0.2911886,3,OK,-195.427,-95.719,-1629.945,OK,-216.669,-5.855,-1593.632,OK,-248.255,-77.777,-1554.527
3,Port 0x01: JJH Probe  s/n:3E4C880C,656437957,1778166232.618741614,1,Too Few Markers,-3.697314E28,-3.697314E28,-3.697314E28,-3.697314E28,-3.697314E28,-3.697314E28,-3.697314E28,0.0000000,3,Missing,-3.697314E28,-3.697314E28,-3.697314E28,Missing,-3.697314E28,-3.697314E28,-3.697314E28,Missing,-3.697314E28,-3.697314E28,-3.697314E28,Port 0x02: JJH T tibia tracker  s/n:3E4C8800,656437957,1778166232.618741614,1,OK,0.4262438,0.1732480,0.0649445,-0.8854849,197.671,-65.901,-1582.630,0.1978021,3,OK,197.538,-66.000,-1582.693,OK,147.511,15.718,-1573.152,OK,249.633,-0.072,-1550.038,Port 0x03: JJH Y femur tracker  s/n:3E4C8801,656437957,1778166232.618741614,1,OK,0.8836111,-0.0257427,0.4575764,-0.0958781,-195.567,-95.809,-1629.695,0.2921351,3,OK,-195.400,-95.717,-1629.923,OK,-216.638,-5.851,-1593.581,OK,-248.231,-77.770,-1554.498
3,Port 0x01: JJH Probe  s/n:3E4C880C,656437960,1778166232.668741614,1,Too Few Markers,-3.697314E28,-3.697314E28,-3.697314E28,-3.697314E28,-3.697314E28,-3.697314E28,-3.697314E28,0.0000000,3,Missing,-3.697314E28,-3.697314E28,-3.697314E28,Missing,-3.697314E28,-3.697314E28,-3.697314E28,Missing,-3.697314E28,-3.697314E28,-3.697314E28,Port 0x02: JJH T tibia tracker  s/n:3E4C8800,656437960,1778166232.668741614,1,OK,0.4264831,0.1725381,0.0631923,-0.8856351,197.696,-65.648,-1583.050,0.2074206,3,OK,197.553,-65.734,-1583.112,OK,147.545,16.004,-1573.900,OK,249.684,0.292,-1550.694,Port 0x03: JJH Y femur tracker  s/n:3E4C8801,656437960,1778166232.668741614,1,OK,0.8836396,-0.0258943,0.4575103,-0.0958895,-195.598,-95.818,-1629.692,0.2750740,3,OK,-195.447,-95.716,-1629.896,OK,-216.680,-5.847,-1593.613,OK,-248.262,-77.778,-1554.523
3,Port 0x01: JJH Probe  s/n:3E4C880C,656437963,1778166232.718741614,1,Too Few Markers,-3.697314E28,-3.697314E28,-3.697314E28,-3.697314E28,-3.697314E28,-3.697314E28,-3.697314E28,0.0000000,3,Missing,-3.697314E28,-3.697314E28,-3.697314E28,Missing,-3.697314E28,-3.697314E28,-3.697314E28,Missing,-3.697314E28,-3.697314E28,-3.697314E28,Port 0x02: JJH T tibia tracker  s/n:3E4C8800,656437963,1778166232.718741614,1,OK,0.4265733,0.1709574,0.0605142,-0.8860851,197.769,-65.330,-1583.586,0.2010830,3,OK,197.631,-65.396,-1583.641,OK,147.697,16.419,-1574.910,OK,249.840,0.746,-1551.677,Port 0x03: JJH Y femur tracker  s/n:3E4C8801,656437963,1778166232.718741614,1,OK,0.8836126,-0.0261230,0.4575388,-0.0959409,-195.587,-95.818,-1629.665,0.2831555,3,OK,-195.435,-95.705,-1629.869,OK,-216.668,-5.841,-1593.632,OK,-248.250,-77.755,-1554.489
3,Port 0x01: JJH Probe  s/n:3E4C880C,656437966,1778166232.768741614,1,Too Few Markers,-3.697314E28,-3.697314E28,-3.697314E28,-3.697314E28,-3.697314E28,-3.697314E28,-3.697314E28,0.0000000,3,Missing,-3.697314E28,-3.697314E28,-3.697314E28,Missing,-3.697314E28,-3.697314E28,-3.697314E28,Missing,-3.697314E28,-3.697314E28,-3.697314E28,Port 0x02: JJH T tibia tracker  s/n:3E4C8800,656437966,1778166232.768741614,1,OK,0.4266948,0.1698771,0.0593013,-0.8863164,197.959,-64.904,-1584.543,0.1879811,3,OK,197.836,-64.988,-1584.598,OK,147.922,16.903,-1576.070,OK,250.056,1.256,-1552.896,Port 0x03: JJH Y femur tracker  s/n:3E4C8801,656437966,1778166232.768741614,1,OK,0.8836406,-0.0256864,0.4575159,-0.0959100,-195.557,-95.789,-1629.698,0.2823390,3,OK,-195.395,-95.700,-1629.919,OK,-216.627,-5.832,-1593.577,OK,-248.221,-77.747,-1554.520
3,Port 0x01: JJH Probe  s/n:3E4C880C,656437969,1778166232.818741614,1,Too Few Markers,-3.697314E28,-3.697314E28,-3.697314E28,-3.697314E28,-3.697314E28,-3.697314E28,-3.697314E28,0.0000000,3,Missing,-3.697314E28,-3.697314E28,-3.697314E28,Missing,-3.697314E28,-3.697314E28,-3.697314E28,Missing,-3.697314E28,-3.697314E28,-3.697314E28,Port 0x02: JJH T tibia tracker  s/n:3E4C8800,656437969,1778166232.818741614,1,OK,0.4273627,0.1680412,0.0565970,-0.8865213,197.998,-64.472,-1585.353,0.1981832,3,OK,197.867,-64.560,-1585.411,OK,147.940,17.371,-1577.376,OK,250.116,1.919,-1554.188,Port 0x03: JJH Y femur tracker  s/n:3E4C8801,656437969,1778166232.818741614,1,OK,0.8835901,-0.0260124,0.4575862,-0.0959521,-195.574,-95.827,-1629.693,0.2835501,3,OK,-195.419,-95.721,-1629.902,OK,-216.644,-5.851,-1593.637,OK,-248.229,-77.768,-1554.509
3,Port 0x01: JJH Probe  s/n:3E4C880C,656437972,1778166232.868741614,1,Too Few Markers,-3.697314E28,-3.697314E28,-3.697314E28,-3.697314E28,-3.697314E28,-3.697314E28,-3.697314E28,0.0000000,3,Missing,-3.697314E28,-3.697314E28,-3.697314E28,Missing,-3.697314E28,-3.697314E28,-3.697314E28,Missing,-3.697314E28,-3.697314E28,-3.697314E28,Port 0x02: JJH T tibia tracker  s/n:3E4C8800,656437972,1778166232.868741614,1,OK,0.4272858,0.1667980,0.0538552,-0.8869639,198.059,-64.130,-1585.855,0.1890087,3,OK,197.931,-64.190,-1585.904,OK,148.109,17.812,-1578.368,OK,250.260,2.363,-1555.091,Port 0x03: JJH Y femur tracker  s/n:3E4C8801,656437972,1778166232.868741614,1,OK,0.8836134,-0.0258577,0.4575612,-0.0958983,-195.593,-95.800,-1629.718,0.2820332,3,OK,-195.433,-95.707,-1629.936,OK,-216.673,-5.839,-1593.621,OK,-248.250,-77.746,-1554.538
3,Port 0x01: JJH Probe  s/n:3E4C880C,656437975,1778166232.918741614,1,Too Few Markers,-3.697314E28,-3.697314E28,-3.697314E28,-3.697314E28,-3.697314E28,-3.697314E28,-3.697314E28,0.0000000,3,Missing,-3.697314E28,-3.697314E28,-3.697314E28,Missing,-3.697314E28,-3.697314E28,-3.697314E28,Missing,-3.697314E28,-3.697314E28,-3.697314E28,Port 0x02: JJH T tibia tracker  s/n:3E4C8800,656437975,1778166232.918741614,1,OK,0.4273984,0.1661184,0.0527198,-0.8871053,198.140,-63.942,-1586.207,0.1851823,3,OK,198.020,-64.021,-1586.259,OK,148.212,18.045,-1578.919,OK,250.355,2.624,-1555.635,Port 0x03: JJH Y femur tracker  s/n:3E4C8801,656437975,1778166232.918741614,1,OK,0.8834418,-0.0258019,0.4578635,-0.0960516,-195.536,-95.801,-1629.734,0.3008225,3,OK,-195.363,-95.708,-1629.970,OK,-216.556,-5.836,-1593.625,OK,-248.150,-77.725,-1554.498
3,Port 0x01: JJH Probe  s/n:3E4C880C,656437978,1778166232.968741614,1,Too Few Markers,-3.697314E28,-3.697314E28,-3.697314E28,-3.697314E28,-3.697314E28,-3.697314E28,-3.697314E28,0.0000000,3,Missing,-3.697314E28,-3.697314E28,-3.697314E28,Missing,-3.697314E28,-3.697314E28,-3.697314E28,Missing,-3.697314E28,-3.697314E28,-3.697314E28,Port 0x02: JJH T tibia tracker  s/n:3E4C8800,656437978,1778166232.968741614,1,OK,0.4275637,0.1654098,0.0525711,-0.8871669,198.204,-63.719,-1586.786,0.1893386,3,OK,198.078,-63.806,-1586.840,OK,148.265,18.261,-1579.516,OK,250.436,2.897,-1556.333,Port 0x03: JJH Y femur tracker  s/n:3E4C8801,656437978,1778166232.968741614,1,OK,0.8835064,-0.0260105,0.4577393,-0.0959935,-195.549,-95.846,-1629.726,0.2966970,3,OK,-195.384,-95.742,-1629.950,OK,-216.599,-5.873,-1593.662,OK,-248.186,-77.774,-1554.511
3,Port 0x01: JJH Probe  s/n:3E4C880C,656437981,1778166233.018741611,1,Too Few Markers,-3.697314E28,-3.697314E28,-3.697314E28,-3.697314E28,-3.697314E28,-3.697314E28,-3.697314E28,0.0000000,3,Missing,-3.697314E28,-3.697314E28,-3.697314E28,Missing,-3.697314E28,-3.697314E28,-3.697314E28,Missing,-3.697314E28,-3.697314E28,-3.697314E28,Port 0x02: JJH T tibia tracker  s/n:3E4C8800,656437981,1778166233.018741611,1,OK,0.4276126,0.1656993,0.0525366,-0.8870913,198.198,-63.626,-1586.991,0.2054690,3,OK,198.059,-63.734,-1587.055,OK,148.248,18.350,-1579.735,OK,250.417,3.010,-1556.488,Port 0x03: JJH Y femur tracker  s/n:3E4C8801,656437981,1778166233.018741611,1,OK,0.8835773,-0.0261085,0.4575908,-0.0960220,-195.543,-95.826,-1629.703,0.2815175,3,OK,-195.388,-95.722,-1629.913,OK,-216.612,-5.846,-1593.663,OK,-248.191,-77.741,-1554.526
3,Port 0x01: JJH Probe  s/n:3E4C880C,656437984,1778166233.068741611,1,Too Few Markers,-3.697314E28,-3.697314E28,-3.697314E28,-3.697314E28,-3.697314E28,-3.697314E28,-3.697314E28,0.0000000,3,Missing,-3.697314E28,-3.697314E28,-3.697314E28,Missing,-3.697314E28,-3.697314E28,-3.697314E28,Missing,-3.697314E28,-3.697314E28,-3.697314E28,Port 0x02: JJH T tibia tracker  s/n:3E4C8800,656437984,1778166233.068741611,1,OK,0.4276815,0.1654530,0.0516310,-0.8871573,198.233,-63.553,-1587.187,0.2055840,3,OK,198.088,-63.652,-1587.250,OK,148.304,18.437,-1580.099,OK,250.457,3.129,-1556.790,Port 0x03: JJH Y femur tracker  s/n:3E4C8801,656437984,1778166233.068741611,1,OK,0.8836445,-0.0258346,0.4574773,-0.0960178,-195.520,-95.869,-1629.722,0.2676908,3,OK,-195.370,-95.774,-1629.925,OK,-216.587,-5.900,-1593.635,OK,-248.174,-77.799,-1554.570
3,Port 0x01: JJH Probe  s/n:3E4C880C,656437987,1778166233.118741611,1,Too Few Markers,-3.697314E28,-3.697314E28,-3.697314E28,-3.697314E28,-3.697314E28,-3.697314E28,-3.697314E28,0.0000000,3,Missing,-3.697314E28,-3.697314E28,-3.697314E28,Missing,-3.697314E28,-3.697314E28,-3.697314E28,Missing,-3.697314E28,-3.697314E28,-3.697314E28,Port 0x02: JJH T tibia tracker  s/n:3E4C8800,656437987,1778166233.118741611,1,OK,0.4277542,0.1642797,0.0498604,-0.8874415,198.214,-63.467,-1587.189,0.1792151,3,OK,198.099,-63.525,-1587.234,OK,148.320,18.582,-1580.417,OK,250.483,3.269,-1557.121,Port 0x03: JJH Y femur tracker  s/n:3E4C8801,656437987,1778166233.118741611,1,OK,0.8835910,-0.0258494,0.4575693,-0.0960681,-195.525,-95.831,-1629.701,0.2735949,3,OK,-195.371,-95.739,-1629.911,OK,-216.576,-5.855,-1593.616,OK,-248.168,-77.753,-1554.532
3,Port 0x01: JJH Probe  s/n:3E4C880C,656437990,1778166233.168741611,1,Too Few Markers,-3.697314E28,-3.697314E28,-3.697314E28,-3.697314E28,-3.697314E28,-3.697314E28,-3.697314E28,0.0000000,3,Missing,-3.697314E28,-3.697314E28,-3.697314E28,Missing,-3.697314E28,-3.697314E28,-3.697314E28,Missing,-3.697314E28,-3.697314E28,-3.697314E28,Port 0x02: JJH T tibia tracker  s/n:3E4C8800,656437990,1778166233.168741611,1,OK,0.4278008,0.1639754,0.0503087,-0.8874500,198.193,-63.483,-1587.263,0.1805854,3,OK,198.073,-63.558,-1587.313,OK,148.294,18.555,-1580.399,OK,250.467,3.264,-1557.206,Port 0x03: JJH Y femur tracker  s/n:3E4C8801,656437990,1778166233.168741611,1,OK,0.8836106,-0.0262623,0.4575046,-0.0960838,-195.533,-95.893,-1629.678,0.2757823,3,OK,-195.390,-95.771,-1629.869,OK,-216.603,-5.904,-1593.684,OK,-248.190,-77.799,-1554.522
3,Port 0x01: JJH Probe  s/n:3E4C880C,656437993,1778166233.218741611,1,Too Few Markers,-3.697314E28,-3.697314E28,-3.697314E28,-3.697314E28,-3.697314E28,-3.697314E28,-3.697314E28,0.0000000,3,Missing,-3.697314E28,-3.697314E28,-3.697314E28,Missing,-3.697314E28,-3.697314E28,-3.697314E28,Missing,-3.697314E28,-3.697314E28,-3.697314E28,Port 0x02: JJH T tibia tracker  s/n:3E4C8800,656437993,1778166233.218741611,1,OK,0.4278156,0.1642733,0.0502687,-0.8873901,198.189,-63.427,-1587.276,0.1847612,3,OK,198.066,-63.505,-1587.328,OK,148.283,18.607,-1580.427,OK,250.448,3.320,-1557.175,Port 0x03: JJH Y femur tracker  s/n:3E4C8801,656437993,1778166233.218741611,1,OK,0.8835307,-0.0262911,0.4576679,-0.0960333,-195.554,-95.845,-1629.688,0.2884981,3,OK,-195.400,-95.729,-1629.896,OK,-216.620,-5.859,-1593.682,OK,-248.195,-77.752,-1554.497
3,Port 0x01: JJH Probe  s/n:3E4C880C,656437996,1778166233.268741611,1,Too Few Markers,-3.697314E28,-3.697314E28,-3.697314E28,-3.697314E28,-3.697314E28,-3.697314E28,-3.697314E28,0.0000000,3,Missing,-3.697314E28,-3.697314E28,-3.697314E28,Missing,-3.697314E28,-3.697314E28,-3.697314E28,Missing,-3.697314E28,-3.697314E28,-3.697314E28,Port 0x02: JJH T tibia tracker  s/n:3E4C8800,656437996,1778166233.268741611,1,OK,0.4277831,0.1642203,0.0500581,-0.8874275,198.212,-63.449,-1587.216,0.1825482,3,OK,198.088,-63.514,-1587.265,OK,148.317,18.588,-1580.405,OK,250.480,3.296,-1557.140,Port 0x03: JJH Y femur tracker  s/n:3E4C8801,656437996,1778166233.268741611,1,OK,0.8835548,-0.0262172,0.4576178,-0.0960702,-195.521,-95.855,-1629.692,0.2809046,3,OK,-195.372,-95.740,-1629.893,OK,-216.583,-5.871,-1593.677,OK,-248.162,-77.759,-1554.515
3,Port 0x01: JJH Probe  s/n:3E4C880C,656437999,1778166233.318741611,1,Too Few Markers,-3.697314E28,-3.697314E28,-3.697314E28,-3.697314E28,-3.697314E28,-3.697314E28,-3.697314E28,0.0000000,3,Missing,-3.697314E28,-3.697314E28,-3.697314E28,Missing,-3.697314E28,-3.697314E28,-3.697314E28,Missing,-3.697314E28,-3.697314E28,-3.697314E28,Port 0x02: JJH T tibia tracker  s/n:3E4C8800,656437999,1778166233.318741611,1,OK,0.4278228,0.1643120,0.0505994,-0.8873606,198.225,-63.450,-1587.344,0.1875163,3,OK,198.103,-63.538,-1587.397,OK,148.307,18.579,-1580.432,OK,250.481,3.290,-1557.210,Port 0x03: JJH Y femur tracker  s/n:3E4C8801,656437999,1778166233.318741611,1,OK,0.8835787,-0.0259649,0.4575893,-0.0960553,-195.535,-95.861,-1629.699,0.2745282,3,OK,-195.381,-95.767,-1629.909,OK,-216.593,-5.877,-1593.632,OK,-248.177,-77.778,-1554.527
3,Port 0x01: JJH Probe  s/n:3E4C880C,656438002,1778166233.368741611,1,Too Few Markers,-3.697314E28,-3.697314E28,-3.697314E28,-3.697314E28,-3.697314E28,-3.697314E28,-3.697314E28,0.0000000,3,Missing,-3.697314E28,-3.697314E28,-3.697314E28,Missing,-3.697314E28,-3.697314E28,-3.697314E28,Missing,-3.697314E28,-3.697314E28,-3.697314E28,Port 0x02: JJH T tibia tracker  s/n:3E4C8800,656438002,1778166233.368741611,1,OK,0.4277900,0.1639884,0.0493342,-0.8875075,198.184,-63.443,-1587.117,0.1755938,3,OK,198.069,-63.487,-1587.158,OK,148.304,18.614,-1580.441,OK,250.463,3.316,-1557.135,Port 0x03: JJH Y femur tracker  s/n:3E4C8801,656438002,1778166233.368741611,1,OK,0.8835495,-0.0259451,0.4576462,-0.0960577,-195.545,-95.821,-1629.690,0.2815452,3,OK,-195.388,-95.721,-1629.903,OK,-216.593,-5.846,-1593.621,OK,-248.182,-77.740,-1554.504
3,Port 0x01: JJH Probe  s/n:3E4C880C,656438005,1778166233.418741611,1,Too Few Markers,-3.697314E28,-3.697314E28,-3.697314E28,-3.697314E28,-3.697314E28,-3.697314E28,-3.697314E28,0.0000000,3,Missing,-3.697314E28,-3.697314E28,-3.697314E28,Missing,-3.697314E28,-3.697314E28,-3.697314E28,Missing,-3.697314E28,-3.697314E28,-3.697314E28,Port 0x02: JJH T tibia tracker  s/n:3E4C8800,656438005,1778166233.418741611,1,OK,0.4278825,0.1648084,0.0505962,-0.8872400,198.278,-63.434,-1587.334,0.1917904,3,OK,198.155,-63.527,-1587.390,OK,148.337,18.586,-1580.435,OK,250.500,3.304,-1557.123,Port 0x03: JJH Y femur tracker  s/n:3E4C8801,656438005,1778166233.418741611,1,OK,0.8836776,-0.0261636,0.4573918,-0.0960320,-195.477,-95.852,-1629.678,0.2684229,3,OK,-195.333,-95.742,-1629.871,OK,-216.567,-5.872,-1593.659,OK,-248.147,-77.762,-1554.542
3,Port 0x01: JJH Probe  s/n:3E4C880C,656438008,1778166233.468741611,1,Too Few Markers,-3.697314E28,-3.697314E28,-3.697314E28,-3.697314E28,-3.697314E28,-3.697314E28,-3.697314E28,0.0000000,3,Missing,-3.697314E28,-3.697314E28,-3.697314E28,Missing,-3.697314E28,-3.697314E28,-3.697314E28,Missing,-3.697314E28,-3.697314E28,-3.697314E28,Port 0x02: JJH T tibia tracker  s/n:3E4C8800,656438008,1778166233.468741611,1,OK,0.4277504,0.1644097,0.0499430,-0.8874146,198.209,-63.434,-1587.202,0.1914271,3,OK,198.078,-63.508,-1587.255,OK,148.319,18.607,-1580.416,OK,250.479,3.314,-1557.101,Port 0x03: JJH Y femur tracker  s/n:3E4C8801,656438008,1778166233.468741611,1,OK,0.8836588,-0.0262058,0.4574219,-0.0960503,-195.494,-95.824,-1629.672,0.2713218,3,OK,-195.351,-95.710,-1629.864,OK,-216.576,-5.835,-1593.667,OK,-248.164,-77.738,-1554.528
3,Port 0x01: JJH Probe  s/n:3E4C880C,656438011,1778166233.518741611,1,Too Few Markers,-3.697314E28,-3.697314E28,-3.697314E28,-3.697314E28,-3.697314E28,-3.697314E28,-3.697314E28,0.0000000,3,Missing,-3.697314E28,-3.697314E28,-3.697314E28,Missing,-3.697314E28,-3.697314E28,-3.697314E28,Missing,-3.697314E28,-3.697314E28,-3.697314E28,Port 0x02: JJH T tibia tracker  s/n:3E4C8800,656438011,1778166233.518741611,1,OK,0.4277707,0.1642892,0.0499114,-0.8874290,198.200,-63.445,-1587.208,0.1868524,3,OK,198.076,-63.514,-1587.258,OK,148.304,18.600,-1580.427,OK,250.471,3.302,-1557.131,Port 0x03: JJH Y femur tracker  s/n:3E4C8801,656438011,1778166233.518741611,1,OK,0.8835195,-0.0263452,0.4576779,-0.0960741,-195.533,-95.844,-1629.660,0.2873511,3,OK,-195.381,-95.727,-1629.866,OK,-216.596,-5.854,-1593.665,OK,-248.170,-77.739,-1554.471
3,Port 0x01: JJH Probe  s/n:3E4C880C,656438014,1778166233.568741611,1,Too Few Markers,-3.697314E28,-3.697314E28,-3.697314E28,-3.697314E28,-3.697314E28,-3.697314E28,-3.697314E28,0.0000000,3,Missing,-3.697314E28,-3.697314E28,-3.697314E28,Missing,-3.697314E28,-3.697314E28,-3.697314E28,Missing,-3.697314E28,-3.697314E28,-3.697314E28,Port 0x02: JJH T tibia tracker  s/n:3E4C8800,656438014,1778166233.568741611,1,OK,0.4277745,0.1642821,0.0500305,-0.8874217,198.212,-63.433,-1587.190,0.1877699,3,OK,198.090,-63.508,-1587.240,OK,148.313,18.611,-1580.386,OK,250.484,3.312,-1557.104,Port 0x03: JJH Y femur tracker  s/n:3E4C8801,656438014,1778166233.568741611,1,OK,0.8835421,-0.0260338,0.4576608,-0.0960323,-195.518,-95.813,-1629.670,0.2828641,3,OK,-195.363,-95.707,-1629.880,OK,-216.571,-5.834,-1593.617,OK,-248.156,-77.735,-1554.481
3,Port 0x01: JJH Probe  s/n:3E4C880C,656438017,1778166233.618741611,1,Too Few Markers,-3.697314E28,-3.697314E28,-3.697314E28,-3.697314E28,-3.697314E28,-3.697314E28,-3.697314E28,0.0000000,3,Missing,-3.697314E28,-3.697314E28,-3.697314E28,Missing,-3.697314E28,-3.697314E28,-3.697314E28,Missing,-3.697314E28,-3.697314E28,-3.697314E28,Port 0x02: JJH T tibia tracker  s/n:3E4C8800,656438017,1778166233.618741611,1,OK,0.4277917,0.1640171,0.0495842,-0.8874875,198.206,-63.468,-1587.123,0.1796124,3,OK,198.095,-63.519,-1587.165,OK,148.307,18.589,-1580.401,OK,250.489,3.280,-1557.117,Port 0x03: JJH Y femur tracker  s/n:3E4C8801,656438017,1778166233.618741611,1,OK,0.8835877,-0.0262047,0.4575621,-0.0960366,-195.512,-95.846,-1629.693,0.2863356,3,OK,-195.358,-95.735,-1629.901,OK,-216.581,-5.854,-1593.681,OK,-248.171,-77.762,-1554.513
3,Port 0x01: JJH Probe  s/n:3E4C880C,656438020,1778166233.668741611,1,Too Few Markers,-3.697314E28,-3.697314E28,-3.697314E28,-3.697314E28,-3.697314E28,-3.697314E28,-3.697314E28,0.0000000,3,Missing,-3.697314E28,-3.697314E28,-3.697314E28,Missing,-3.697314E28,-3.697314E28,-3.697314E28,Missing,-3.697314E28,-3.697314E28,-3.697314E28,Port 0x02: JJH T tibia tracker  s/n:3E4C8800,656438020,1778166233.668741611,1,OK,0.4277753,0.1643465,0.0501816,-0.8874009,198.190,-63.423,-1587.226,0.1863788,3,OK,198.071,-63.505,-1587.278,OK,148.286,18.622,-1580.393,OK,250.454,3.318,-1557.120,Port 0x03: JJH Y femur tracker  s/n:3E4C8801,656438020,1778166233.668741611,1,OK,0.8834666,-0.0262409,0.4577893,-0.0960581,-195.567,-95.815,-1629.704,0.2983599,3,OK,-195.405,-95.704,-1629.924,OK,-216.613,-5.823,-1593.686,OK,-248.196,-77.724,-1554.484
3,Port 0x01: JJH Probe  s/n:3E4C880C,656438023,1778166233.718741611,1,Too Few Markers,-3.697314E28,-3.697314E28,-3.697314E28,-3.697314E28,-3.697314E28,-3.697314E28,-3.697314E28,0.0000000,3,Missing,-3.697314E28,-3.697314E28,-3.697314E28,Missing,-3.697314E28,-3.697314E28,-3.697314E28,Missing,-3.697314E28,-3.697314E28,-3.697314E28,Port 0x02: JJH T tibia tracker  s/n:3E4C8800,656438023,1778166233.718741611,1,OK,0.4277844,0.1645408,0.0503337,-0.8873519,198.235,-63.463,-1587.245,0.1893940,3,OK,198.111,-63.555,-1587.300,OK,148.328,18.576,-1580.385,OK,250.484,3.279,-1557.095,Port 0x03: JJH Y femur tracker  s/n:3E4C8801,656438023,1778166233.718741611,1,OK,0.8835884,-0.0258480,0.4575813,-0.0960352,-195.516,-95.839,-1629.704,0.2748363,3,OK,-195.362,-95.745,-1629.914,OK,-216.569,-5.863,-1593.618,OK,-248.161,-77.770,-1554.530
3,Port 0x01: JJH Probe  s/n:3E4C880C,656438026,1778166233.768741611,1,Too Few Markers,-3.697314E28,-3.697314E28,-3.697314E28,-3.697314E28,-3.697314E28,-3.697314E28,-3.697314E28,0.0000000,3,Missing,-3.697314E28,-3.697314E28,-3.697314E28,Missing,-3.697314E28,-3.697314E28,-3.697314E28,Missing,-3.697314E28,-3.697314E28,-3.697314E28,Port 0x02: JJH T tibia tracker  s/n:3E4C8800,656438026,1778166233.768741611,1,OK,0.4277387,0.1643805,0.0494528,-0.8874531,198.208,-63.463,-1587.127,0.1883410,3,OK,198.078,-63.528,-1587.177,OK,148.334,18.592,-1580.433,OK,250.480,3.297,-1557.069,Port 0x03: JJH Y femur tracker  s/n:3E4C8801,656438026,1778166233.768741611,1,OK,0.8834204,-0.0263325,0.4578806,-0.0960229,-195.524,-95.840,-1629.699,0.3066337,3,OK,-195.356,-95.729,-1629.927,OK,-216.573,-5.850,-1593.688,OK,-248.145,-77.745,-1554.461
3,Port 0x01: JJH Probe  s/n:3E4C880C,656438029,1778166233.818741611,1,Too Few Markers,-3.697314E28,-3.697314E28,-3.697314E28,-3.697314E28,-3.697314E28,-3.697314E28,-3.697314E28,0.0000000,3,Missing,-3.697314E28,-3.697314E28,-3.697314E28,Missing,-3.697314E28,-3.697314E28,-3.697314E28,Missing,-3.697314E28,-3.697314E28,-3.697314E28,Port 0x02: JJH T tibia tracker  s/n:3E4C8800,656438029,1778166233.818741611,1,OK,0.4277673,0.1644792,0.0500432,-0.8873880,198.211,-63.466,-1587.276,0.1950420,3,OK,198.081,-63.558,-1587.333,OK,148.315,18.580,-1580.471,OK,250.473,3.288,-1557.155,Port 0x03: JJH Y femur tracker  s/n:3E4C8801,656438029,1778166233.818741611,1,OK,0.8835463,-0.0261895,0.4576361,-0.0960686,-195.527,-95.857,-1629.696,0.2815183,3,OK,-195.375,-95.747,-1629.901,OK,-216.585,-5.866,-1593.675,OK,-248.168,-77.766,-1554.514
3,Port 0x01: JJH Probe  s/n:3E4C880C,656438032,1778166233.868741611,1,Too Few Markers,-3.697314E28,-3.697314E28,-3.697314E28,-3.697314E28,-3.697314E28,-3.697314E28,-3.697314E28,0.0000000,3,Missing,-3.697314E28,-3.697314E28,-3.697314E28,Missing,-3.697314E28,-3.697314E28,-3.697314E28,Missing,-3.697314E28,-3.697314E28,-3.697314E28,Port 0x02: JJH T tibia tracker  s/n:3E4C8800,656438032,1778166233.868741611,1,OK,0.4278160,0.1643040,0.0501038,-0.8873936,198.235,-63.457,-1587.229,0.1800985,3,OK,198.120,-63.533,-1587.278,OK,148.326,18.586,-1580.411,OK,250.488,3.286,-1557.138,Port 0x03: JJH Y femur tracker  s/n:3E4C8801,656438032,1778166233.868741611,1,OK,0.8835796,-0.0262204,0.4575732,-0.0960542,-195.500,-95.865,-1629.687,0.2787969,3,OK,-195.350,-95.756,-1629.891,OK,-216.571,-5.877,-1593.672,OK,-248.149,-77.769,-1554.518
3,Port 0x01: JJH Probe  s/n:3E4C880C,656438035,1778166233.918741611,1,Too Few Markers,-3.697314E28,-3.697314E28,-3.697314E28,-3.697314E28,-3.697314E28,-3.697314E28,-3.697314E28,0.0000000,3,Missing,-3.697314E28,-3.697314E28,-3.697314E28,Missing,-3.697314E28,-3.697314E28,-3.697314E28,Missing,-3.697314E28,-3.697314E28,-3.697314E28,Port 0x02: JJH T tibia tracker  s/n:3E4C8800,656438035,1778166233.918741611,1,OK,0.4278120,0.1645759,0.0500625,-0.8873474,198.234,-63.443,-1587.219,0.1887835,3,OK,198.108,-63.514,-1587.270,OK,148.323,18.590,-1580.417,OK,250.484,3.300,-1557.085,Port 0x03: JJH Y femur tracker  s/n:3E4C8801,656438035,1778166233.918741611,1,OK,0.8834663,-0.0260493,0.4578104,-0.0960123,-195.527,-95.836,-1629.746,0.2953243,3,OK,-195.362,-95.734,-1629.970,OK,-216.569,-5.854,-1593.686,OK,-248.151,-77.760,-1554.524
3,Port 0x01: JJH Probe  s/n:3E4C880C,656438038,1778166233.968741611,1,Too Few Markers,-3.697314E28,-3.697314E28,-3.697314E28,-3.697314E28,-3.697314E28,-3.697314E28,-3.697314E28,0.0000000,3,Missing,-3.697314E28,-3.697314E28,-3.697314E28,Missing,-3.697314E28,-3.697314E28,-3.697314E28,Missing,-3.697314E28,-3.697314E28,-3.697314E28,Port 0x02: JJH T tibia tracker  s/n:3E4C8800,656438038,1778166233.968741611,1,OK,0.4277617,0.1645263,0.0502774,-0.8873687,198.187,-63.426,-1587.259,0.1896576,3,OK,198.055,-63.501,-1587.313,OK,148.292,18.601,-1580.412,OK,250.444,3.313,-1557.115,Port 0x03: JJH Y femur tracker  s/n:3E4C8801,656438038,1778166233.968741611,1,OK,0.8834960,-0.0259465,0.4577486,-0.0960613,-195.561,-95.830,-1629.763,0.2940474,3,OK,-195.394,-95.734,-1629.990,OK,-216.601,-5.856,-1593.685,OK,-248.189,-77.742,-1554.551
3,Port 0x01: JJH Probe  s/n:3E4C880C,656438041,1778166234.018741612,1,Too Few Markers,-3.697314E28,-3.697314E28,-3.697314E28,-3.697314E28,-3.697314E28,-3.697314E28,-3.697314E28,0.0000000,3,Missing,-3.697314E28,-3.697314E28,-3.697314E28,Missing,-3.697314E28,-3.697314E28,-3.697314E28,Missing,-3.697314E28,-3.697314E28,-3.697314E28,Port 0x02: JJH T tibia tracker  s/n:3E4C8800,656438041,1778166234.018741612,1,OK,0.4277941,0.1642520,0.0506417,-0.8873832,198.203,-63.431,-1587.285,0.1822348,3,OK,198.084,-63.508,-1587.335,OK,148.290,18.596,-1580.364,OK,250.465,3.298,-1557.160,Port 0x03: JJH Y femur tracker  s/n:3E4C8801,656438041,1778166234.018741612,1,OK,0.8835145,-0.0259080,0.4577226,-0.0960256,-195.552,-95.836,-1629.740,0.2892761,3,OK,-195.390,-95.735,-1629.960,OK,-216.596,-5.872,-1593.656,OK,-248.181,-77.757,-1554.537
3,Port 0x01: JJH Probe  s/n:3E4C880C,656438044,1778166234.068741612,1,Too Few Markers,-3.697314E28,-3.697314E28,-3.697314E28,-3.697314E28,-3.697314E28,-3.697314E28,-3.697314E28,0.0000000,3,Missing,-3.697314E28,-3.697314E28,-3.697314E28,Missing,-3.697314E28,-3.697314E28,-3.697314E28,Missing,-3.697314E28,-3.697314E28,-3.697314E28,Port 0x02: JJH T tibia tracker  s/n:3E4C8800,656438044,1778166234.068741612,1,OK,0.4277913,0.1645846,0.0502026,-0.8873478,198.216,-63.425,-1587.260,0.1805461,3,OK,198.097,-63.502,-1587.311,OK,148.310,18.613,-1580.428,OK,250.455,3.310,-1557.118,Port 0x03: JJH Y femur tracker  s/n:3E4C8801,656438044,1778166234.068741612,1,OK,0.8834926,-0.0259490,0.4577570,-0.0960524,-195.541,-95.808,-1629.741,0.2978805,3,OK,-195.372,-95.709,-1629.971,OK,-216.581,-5.840,-1593.663,OK,-248.170,-77.719,-1554.525
3,Port 0x01: JJH Probe  s/n:3E4C880C,656438047,1778166234.118741612,1,Too Few Markers,-3.697314E28,-3.697314E28,-3.697314E28,-3.697314E28,-3.697314E28,-3.697314E28,-3.697314E28,0.0000000,3,Missing,-3.697314E28,-3.697314E28,-3.697314E28,Missing,-3.697314E28,-3.697314E28,-3.697314E28,Missing,-3.697314E28,-3.697314E28,-3.697314E28,Port 0x02: JJH T tibia tracker  s/n:3E4C8800,656438047,1778166234.118741612,1,OK,0.4277726,0.1639890,0.0496414,-0.8874987,198.172,-63.449,-1587.159,0.1752792,3,OK,198.058,-63.506,-1587.203,OK,148.290,18.607,-1580.422,OK,250.450,3.304,-1557.153,Port 0x03: JJH Y femur tracker  s/n:3E4C8801,656438047,1778166234.118741612,1,OK,0.8836044,-0.0261118,0.4575278,-0.0960714,-195.544,-95.833,-1629.709,0.2696377,3,OK,-195.399,-95.728,-1629.905,OK,-216.609,-5.842,-1593.679,OK,-248.193,-77.748,-1554.552
3,Port 0x01: JJH Probe  s/n:3E4C880C,656438050,1778166234.168741611,1,Too Few Markers,-3.697314E28,-3.697314E28,-3.697314E28,-3.697314E28,-3.697314E28,-3.697314E28,-3.697314E28,0.0000000,3,Missing,-3.697314E28,-3.697314E28,-3.697314E28,Missing,-3.697314E28,-3.697314E28,-3.697314E28,Missing,-3.697314E28,-3.697314E28,-3.697314E28,Port 0x02: JJH T tibia tracker  s/n:3E4C8800,656438050,1778166234.168741611,1,OK,0.4278433,0.1642497,0.0502840,-0.8873802,198.212,-63.394,-1587.263,0.1810579,3,OK,198.097,-63.476,-1587.314,OK,148.298,18.643,-1580.410,OK,250.464,3.352,-1557.167,Port 0x03: JJH Y femur tracker  s/n:3E4C8801,656438050,1778166234.168741611,1,OK,0.8835546,-0.0261751,0.4576358,-0.0959984,-195.539,-95.808,-1629.726,0.2895901,3,OK,-195.381,-95.700,-1629.940,OK,-216.608,-5.825,-1593.697,OK,-248.188,-77.725,-1554.534
3,Port 0x01: JJH Probe  s/n:3E4C880C,656438053,1778166234.218741611,1,Too Few Markers,-3.697314E28,-3.697314E28,-3.697314E28,-3.697314E28,-3.697314E28,-3.697314E28,-3.697314E28,0.0000000,3,Missing,-3.697314E28,-3.697314E28,-3.697314E28,Missing,-3.697314E28,-3.697314E28,-3.697314E28,Missing,-3.697314E28,-3.697314E28,-3.697314E28,Port 0x02: JJH T tibia tracker  s/n:3E4C8800,656438053,1778166234.218741611,1,OK,0.4277892,0.1639739,0.0497857,-0.8874854,198.238,-63.441,-1587.273,0.1808549,3,OK,198.117,-63.508,-1587.321,OK,148.353,18.608,-1580.508,OK,250.517,3.318,-1557.256,Port 0x03: JJH Y femur tracker  s/n:3E4C8801,656438053,1778166234.218741611,1,OK,0.8835569,-0.0261730,0.4576212,-0.0960468,-195.499,-95.861,-1629.745,0.2848835,3,OK,-195.346,-95.748,-1629.952,OK,-216.562,-5.880,-1593.720,OK,-248.144,-77.771,-1554.562
3,Port 0x01: JJH Probe  s/n:3E4C880C,656438056,1778166234.268741612,1,Too Few Markers,-3.697314E28,-3.697314E28,-3.697314E28,-3.697314E28,-3.697314E28,-3.697314E28,-3.697314E28,0.0000000,3,Missing,-3.697314E28,-3.697314E28,-3.697314E28,Missing,-3.697314E28,-3.697314E28,-3.697314E28,Missing,-3.697314E28,-3.697314E28,-3.697314E28,Port 0x02: JJH T tibia tracker  s/n:3E4C8800,656438056,1778166234.268741612,1,OK,0.4278364,0.1637256,0.0497689,-0.8875094,198.206,-63.389,-1587.261,0.1771626,3,OK,198.089,-63.456,-1587.308,OK,148.319,18.661,-1580.495,OK,250.488,3.381,-1557.285,Port 0x03: JJH Y femur tracker  s/n:3E4C8801,656438056,1778166234.268741612,1,OK,0.8835755,-0.0261547,0.4575891,-0.0960334,-195.519,-95.801,-1629.696,0.2845190,3,OK,-195.364,-95.694,-1629.906,OK,-216.585,-5.812,-1593.670,OK,-248.172,-77.719,-1554.515
3,Port 0x01: JJH Probe  s/n:3E4C880C,656438059,1778166234.318741612,1,Too Few Markers,-3.697314E28,-3.697314E28,-3.697314E28,-3.697314E28,-3.697314E28,-3.697314E28,-3.697314E28,0.0000000,3,Missing,-3.697314E28,-3.697314E28,-3.697314E28,Missing,-3.697314E28,-3.697314E28,-3.697314E28,Missing,-3.697314E28,-3.697314E28,-3.697314E28,Port 0x02: JJH T tibia tracker  s/n:3E4C8800,656438059,1778166234.318741612,1,OK,0.4277728,0.1644831,0.0502216,-0.8873745,198.226,-63.421,-1587.371,0.1919948,3,OK,198.097,-63.507,-1587.426,OK,148.325,18.616,-1580.533,OK,250.485,3.324,-1557.237,Port 0x03: JJH Y femur tracker  s/n:3E4C8801,656438059,1778166234.318741612,1,OK,0.8835844,-0.0261470,0.4575711,-0.0960399,-195.517,-95.851,-1629.699,0.2795686,3,OK,-195.364,-95.747,-1629.906,OK,-216.587,-5.866,-1593.668,OK,-248.167,-77.763,-1554.527
3,Port 0x01: JJH Probe  s/n:3E4C880C,656438062,1778166234.368741612,1,Too Few Markers,-3.697314E28,-3.697314E28,-3.697314E28,-3.697314E28,-3.697314E28,-3.697314E28,-3.697314E28,0.0000000,3,Missing,-3.697314E28,-3.697314E28,-3.697314E28,Missing,-3.697314E28,-3.697314E28,-3.697314E28,Missing,-3.697314E28,-3.697314E28,-3.697314E28,Port 0x02: JJH T tibia tracker  s/n:3E4C8800,656438062,1778166234.368741612,1,OK,0.4278430,0.1636684,0.0493337,-0.8875411,198.215,-63.429,-1587.191,0.1704323,3,OK,198.102,-63.487,-1587.234,OK,148.338,18.633,-1580.506,OK,250.493,3.350,-1557.260,Port 0x03: JJH Y femur tracker  s/n:3E4C8801,656438062,1778166234.368741612,1,OK,0.8834992,-0.0263071,0.4577157,-0.0960908,-195.515,-95.839,-1629.734,0.2938197,3,OK,-195.355,-95.729,-1629.951,OK,-216.568,-5.841,-1593.732,OK,-248.151,-77.735,-1554.530
3,Port 0x01: JJH Probe  s/n:3E4C880C,656438065,1778166234.418741611,1,Too Few Markers,-3.697314E28,-3.697314E28,-3.697314E28,-3.697314E28,-3.697314E28,-3.697314E28,-3.697314E28,0.0000000,3,Missing,-3.697314E28,-3.697314E28,-3.697314E28,Missing,-3.697314E28,-3.697314E28,-3.697314E28,Missing,-3.697314E28,-3.697314E28,-3.697314E28,Port 0x02: JJH T tibia tracker  s/n:3E4C8800,656438065,1778166234.418741611,1,OK,0.4278048,0.1640323,0.0492207,-0.8874986,198.179,-63.458,-1587.174,0.1814999,3,OK,198.055,-63.500,-1587.217,OK,148.302,18.591,-1580.521,OK,250.460,3.310,-1557.191,Port 0x03: JJH Y femur tracker  s/n:3E4C8801,656438065,1778166234.418741611,1,OK,0.8835228,-0.0260275,0.4576896,-0.0960747,-195.548,-95.863,-1629.705,0.2899263,3,OK,-195.388,-95.757,-1629.922,OK,-216.592,-5.886,-1593.651,OK,-248.184,-77.774,-1554.506
3,Port 0x01: JJH Probe  s/n:3E4C880C,656438068,1778166234.468741611,1,Too Few Markers,-3.697314E28,-3.697314E28,-3.697314E28,-3.697314E28,-3.697314E28,-3.697314E28,-3.697314E28,0.0000000,3,Missing,-3.697314E28,-3.697314E28,-3.697314E28,Missing,-3.697314E28,-3.697314E28,-3.697314E28,Missing,-3.697314E28,-3.697314E28,-3.697314E28,Port 0x02: JJH T tibia tracker  s/n:3E4C8800,656438068,1778166234.468741611,1,OK,0.4278218,0.1641393,0.0498767,-0.8874340,198.207,-63.449,-1587.269,0.1765591,3,OK,198.091,-63.512,-1587.314,OK,148.310,18.594,-1580.491,OK,250.468,3.302,-1557.221,Port 0x03: JJH Y femur tracker  s/n:3E4C8801,656438068,1778166234.468741611,1,OK,0.8835555,-0.0262134,0.4576155,-0.0960754,-195.532,-95.869,-1629.706,0.2819721,3,OK,-195.381,-95.756,-1629.910,OK,-216.592,-5.880,-1593.692,OK,-248.175,-77.774,-1554.528
3,Port 0x01: JJH Probe  s/n:3E4C880C,656438071,1778166234.518741612,1,Too Few Markers,-3.697314E28,-3.697314E28,-3.697314E28,-3.697314E28,-3.697314E28,-3.697314E28,-3.697314E28,0.0000000,3,Missing,-3.697314E28,-3.697314E28,-3.697314E28,Missing,-3.697314E28,-3.697314E28,-3.697314E28,Missing,-3.697314E28,-3.697314E28,-3.697314E28,Port 0x02: JJH T tibia tracker  s/n:3E4C8800,656438071,1778166234.518741612,1,OK,0.4278306,0.1640500,0.0498947,-0.8874453,198.218,-63.515,-1587.265,0.1781120,3,OK,198.105,-63.594,-1587.314,OK,148.320,18.537,-1580.480,OK,250.481,3.245,-1557.229,Port 0x03: JJH Y femur tracker  s/n:3E4C8801,656438071,1778166234.518741612,1,OK,0.8835946,-0.0262381,0.4575286,-0.0961233,-195.513,-95.928,-1629.685,0.2770678,3,OK,-195.365,-95.815,-1629.883,OK,-216.575,-5.932,-1593.684,OK,-248.166,-77.827,-1554.523
3,Port 0x01: JJH Probe  s/n:3E4C880C,656438074,1778166234.568741612,1,Too Few Markers,-3.697314E28,-3.697314E28,-3.697314E28,-3.697314E28,-3.697314E28,-3.697314E28,-3.697314E28,0.0000000,3,Missing,-3.697314E28,-3.697314E28,-3.697314E28,Missing,-3.697314E28,-3.697314E28,-3.697314E28,Missing,-3.697314E28,-3.697314E28,-3.697314E28,Port 0x02: JJH T tibia tracker  s/n:3E4C8800,656438074,1778166234.568741612,1,OK,0.4278339,0.1644288,0.0501249,-0.8873606,198.210,-63.429,-1587.310,0.1900848,3,OK,198.084,-63.511,-1587.364,OK,148.298,18.606,-1580.492,OK,250.463,3.324,-1557.193,Port 0x03: JJH Y femur tracker  s/n:3E4C8801,656438074,1778166234.568741612,1,OK,0.8835081,-0.0264657,0.4576862,-0.0961061,-195.536,-95.880,-1629.698,0.2909468,3,OK,-195.384,-95.757,-1629.903,OK,-216.597,-5.882,-1593.730,OK,-248.174,-77.765,-1554.506
3,Port 0x01: JJH Probe  s/n:3E4C880C,656438077,1778166234.618741612,1,Too Few Markers,-3.697314E28,-3.697314E28,-3.697314E28,-3.697314E28,-3.697314E28,-3.697314E28,-3.697314E28,0.0000000,3,Missing,-3.697314E28,-3.697314E28,-3.697314E28,Missing,-3.697314E28,-3.697314E28,-3.697314E28,Missing,-3.697314E28,-3.697314E28,-3.697314E28,Port 0x02: JJH T tibia tracker  s/n:3E4C8800,656438077,1778166234.618741612,1,OK,0.4277968,0.1644244,0.0499626,-0.8873885,198.226,-63.516,-1587.296,0.1916878,3,OK,198.095,-63.592,-1587.349,OK,148.327,18.521,-1580.508,OK,250.488,3.238,-1557.191,Port 0x03: JJH Y femur tracker  s/n:3E4C8801,656438077,1778166234.618741612,1,OK,0.8834161,-0.0261211,0.4578920,-0.0960657,-195.530,-95.935,-1629.735,0.3038210,3,OK,-195.361,-95.830,-1629.965,OK,-216.559,-5.952,-1593.688,OK,-248.144,-77.845,-1554.496
3,Port 0x01: JJH Probe  s/n:3E4C880C,656438080,1778166234.668741611,1,Too Few Markers,-3.697314E28,-3.697314E28,-3.697314E28,-3.697314E28,-3.697314E28,-3.697314E28,-3.697314E28,0.0000000,3,Missing,-3.697314E28,-3.697314E28,-3.697314E28,Missing,-3.697314E28,-3.697314E28,-3.697314E28,Missing,-3.697314E28,-3.697314E28,-3.697314E28,Port 0x02: JJH T tibia tracker  s/n:3E4C8800,656438080,1778166234.668741611,1,OK,0.4278046,0.1642783,0.0498995,-0.8874153,198.228,-63.452,-1587.292,0.1914368,3,OK,198.100,-63.536,-1587.346,OK,148.332,18.593,-1580.512,OK,250.495,3.311,-1557.214,Port 0x03: JJH Y femur tracker  s/n:3E4C8801,656438080,1778166234.668741611,1,OK,0.8836064,-0.0263398,0.4575107,-0.0960726,-195.488,-95.880,-1629.690,0.2797238,3,OK,-195.343,-95.760,-1629.885,OK,-216.563,-5.882,-1593.709,OK,-248.150,-77.785,-1554.528
3,Port 0x01: JJH Probe  s/n:3E4C880C,656438083,1778166234.718741611,1,Too Few Markers,-3.697314E28,-3.697314E28,-3.697314E28,-3.697314E28,-3.697314E28,-3.697314E28,-3.697314E28,0.0000000,3,Missing,-3.697314E28,-3.697314E28,-3.697314E28,Missing,-3.697314E28,-3.697314E28,-3.697314E28,Missing,-3.697314E28,-3.697314E28,-3.697314E28,Port 0x02: JJH T tibia tracker  s/n:3E4C8800,656438083,1778166234.718741611,1,OK,0.4278150,0.1644221,0.0494729,-0.8874075,198.207,-63.488,-1587.244,0.1870185,3,OK,198.080,-63.546,-1587.292,OK,148.314,18.555,-1580.551,OK,250.466,3.273,-1557.179,Port 0x03: JJH Y femur tracker  s/n:3E4C8801,656438083,1778166234.718741611,1,OK,0.8835143,-0.0260780,0.4577047,-0.0960669,-195.524,-95.906,-1629.728,0.2844551,3,OK,-195.367,-95.801,-1629.940,OK,-216.571,-5.922,-1593.681,OK,-248.154,-77.818,-1554.533
3,Port 0x01: JJH Probe  s/n:3E4C880C,656438086,1778166234.768741612,1,Too Few Markers,-3.697314E28,-3.697314E28,-3.697314E28,-3.697314E28,-3.697314E28,-3.697314E28,-3.697314E28,0.0000000,3,Missing,-3.697314E28,-3.697314E28,-3.697314E28,Missing,-3.697314E28,-3.697314E28,-3.697314E28,Missing,-3.697314E28,-3.697314E28,-3.697314E28,Port 0x02: JJH T tibia tracker  s/n:3E4C8800,656438086,1778166234.768741612,1,OK,0.4277913,0.1642707,0.0497026,-0.8874342,198.198,-63.477,-1587.267,0.1863436,3,OK,198.070,-63.542,-1587.317,OK,148.310,18.567,-1580.526,OK,250.466,3.282,-1557.208,Port 0x03: JJH Y femur tracker  s/n:3E4C8801,656438086,1778166234.768741612,1,OK,0.8836455,-0.0263394,0.4574350,-0.0960728,-195.506,-95.902,-1629.665,0.2754482,3,OK,-195.361,-95.784,-1629.860,OK,-216.593,-5.911,-1593.682,OK,-248.174,-77.797,-1554.520
3,Port 0x01: JJH Probe  s/n:3E4C880C,656438089,1778166234.818741612,1,Too Few Markers,-3.697314E28,-3.697314E28,-3.697314E28,-3.697314E28,-3.697314E28,-3.697314E28,-3.697314E28,0.0000000,3,Missing,-3.697314E28,-3.697314E28,-3.697314E28,Missing,-3.697314E28,-3.697314E28,-3.697314E28,Missing,-3.697314E28,-3.697314E28,-3.697314E28,Port 0x02: JJH T tibia tracker  s/n:3E4C8800,656438089,1778166234.818741612,1,OK,0.4278154,0.1643209,0.0501055,-0.8873906,198.226,-63.483,-1587.300,0.1884284,3,OK,198.099,-63.568,-1587.355,OK,148.325,18.555,-1580.481,OK,250.483,3.274,-1557.202,Port 0x03: JJH Y femur tracker  s/n:3E4C8801,656438089,1778166234.818741612,1,OK,0.8835977,-0.0262772,0.4575362,-0.0960480,-195.492,-95.907,-1629.685,0.2778635,3,OK,-195.346,-95.789,-1629.882,OK,-216.568,-5.922,-1593.685,OK,-248.146,-77.812,-1554.524
3,Port 0x01: JJH Probe  s/n:3E4C880C,656438092,1778166234.868741612,1,Too Few Markers,-3.697314E28,-3.697314E28,-3.697314E28,-3.697314E28,-3.697314E28,-3.697314E28,-3.697314E28,0.0000000,3,Missing,-3.697314E28,-3.697314E28,-3.697314E28,Missing,-3.697314E28,-3.697314E28,-3.697314E28,Missing,-3.697314E28,-3.697314E28,-3.697314E28,Port 0x02: JJH T tibia tracker  s/n:3E4C8800,656438092,1778166234.868741612,1,OK,0.4278505,0.1641596,0.0498452,-0.8874182,198.209,-63.485,-1587.241,0.1856252,3,OK,198.087,-63.564,-1587.293,OK,148.306,18.560,-1580.470,OK,250.471,3.281,-1557.189,Port 0x03: JJH Y femur tracker  s/n:3E4C8801,656438092,1778166234.868741612,1,OK,0.8835295,-0.0262396,0.4576632,-0.0960811,-195.526,-95.904,-1629.708,0.2913156,3,OK,-195.367,-95.796,-1629.923,OK,-216.582,-5.910,-1593.696,OK,-248.170,-77.807,-1554.512
3,Port 0x01: JJH Probe  s/n:3E4C880C,656438095,1778166234.918741611,1,Too Few Markers,-3.697314E28,-3.697314E28,-3.697314E28,-3.697314E28,-3.697314E28,-3.697314E28,-3.697314E28,0.0000000,3,Missing,-3.697314E28,-3.697314E28,-3.697314E28,Missing,-3.697314E28,-3.697314E28,-3.697314E28,Missing,-3.697314E28,-3.697314E28,-3.697314E28,Port 0x02: JJH T tibia tracker  s/n:3E4C8800,656438095,1778166234.918741611,1,OK,0.4278289,0.1641665,0.0503969,-0.8873962,198.186,-63.427,-1587.316,0.1842834,3,OK,198.066,-63.514,-1587.369,OK,148.276,18.608,-1580.439,OK,250.446,3.321,-1557.222,Port 0x03: JJH Y femur tracker  s/n:3E4C8801,656438095,1778166234.918741611,1,OK,0.8835259,-0.0263007,0.4576612,-0.0961067,-195.549,-95.875,-1629.720,0.2816452,3,OK,-195.398,-95.765,-1629.926,OK,-216.608,-5.879,-1593.718,OK,-248.184,-77.767,-1554.539
3,Port 0x01: JJH Probe  s/n:3E4C880C,656438098,1778166234.968741611,1,Too Few Markers,-3.697314E28,-3.697314E28,-3.697314E28,-3.697314E28,-3.697314E28,-3.697314E28,-3.697314E28,0.0000000,3,Missing,-3.697314E28,-3.697314E28,-3.697314E28,Missing,-3.697314E28,-3.697314E28,-3.697314E28,Missing,-3.697314E28,-3.697314E28,-3.697314E28,Port 0x02: JJH T tibia tracker  s/n:3E4C8800,656438098,1778166234.968741611,1,OK,0.4278667,0.1646450,0.0500757,-0.8873075,198.250,-63.414,-1587.401,0.1886434,3,OK,198.124,-63.485,-1587.452,OK,148.329,18.611,-1580.599,OK,250.487,3.335,-1557.256,Port 0x03: JJH Y femur tracker  s/n:3E4C8801,656438098,1778166234.968741611,1,OK,0.8834939,-0.0263566,0.4577227,-0.0960928,-195.515,-95.878,-1629.721,0.3006446,3,OK,-195.355,-95.762,-1629.938,OK,-216.565,-5.877,-1593.734,OK,-248.158,-77.779,-1554.508
3,Port 0x01: JJH Probe  s/n:3E4C880C,656438101,1778166235.018741611,1,Too Few Markers,-3.697314E28,-3.697314E28,-3.697314E28,-3.697314E28,-3.697314E28,-3.697314E28,-3.697314E28,0.0000000,3,Missing,-3.697314E28,-3.697314E28,-3.697314E28,Missing,-3.697314E28,-3.697314E28,-3.697314E28,Missing,-3.697314E28,-3.697314E28,-3.697314E28,Port 0x02: JJH T tibia tracker  s/n:3E4C8800,656438101,1778166235.018741611,1,OK,0.4278725,0.1642667,0.0495504,-0.8874043,198.245,-63.439,-1587.335,0.1809989,3,OK,198.124,-63.491,-1587.380,OK,148.342,18.599,-1580.626,OK,250.499,3.324,-1557.291,Port 0x03: JJH Y femur tracker  s/n:3E4C8801,656438101,1778166235.018741611,1,OK,0.8835249,-0.0262075,0.4576788,-0.0960575,-195.507,-95.889,-1629.713,0.2918559,3,OK,-195.347,-95.781,-1629.930,OK,-216.565,-5.902,-1593.691,OK,-248.148,-77.794,-1554.515
3,Port 0x01: JJH Probe  s/n:3E4C880C,656438104,1778166235.068741611,1,Too Few Markers,-3.697314E28,-3.697314E28,-3.697314E28,-3.697314E28,-3.697314E28,-3.697314E28,-3.697314E28,0.0000000,3,Missing,-3.697314E28,-3.697314E28,-3.697314E28,Missing,-3.697314E28,-3.697314E28,-3.697314E28,Missing,-3.697314E28,-3.697314E28,-3.697314E28,Port 0x02: JJH T tibia tracker  s/n:3E4C8800,656438104,1778166235.068741611,1,OK,0.4278930,0.1640866,0.0495994,-0.8874250,198.214,-63.459,-1587.294,0.1755958,3,OK,198.100,-63.515,-1587.338,OK,148.308,18.584,-1580.572,OK,250.468,3.306,-1557.278,Port 0x03: JJH Y femur tracker  s/n:3E4C8801,656438104,1778166235.068741611,1,OK,0.8834985,-0.0264308,0.4577036,-0.0961210,-195.528,-95.916,-1629.690,0.2919129,3,OK,-195.373,-95.797,-1629.898,OK,-216.585,-5.918,-1593.713,OK,-248.163,-77.799,-1554.494
3,Port 0x01: JJH Probe  s/n:3E4C880C,656438107,1778166235.118741611,1,Too Few Markers,-3.697314E28,-3.697314E28,-3.697314E28,-3.697314E28,-3.697314E28,-3.697314E28,-3.697314E28,0.0000000,3,Missing,-3.697314E28,-3.697314E28,-3.697314E28,Missing,-3.697314E28,-3.697314E28,-3.697314E28,Missing,-3.697314E28,-3.697314E28,-3.697314E28,Port 0x02: JJH T tibia tracker  s/n:3E4C8800,656438107,1778166235.118741611,1,OK,0.4278742,0.1637760,0.0497287,-0.8874842,198.228,-63.400,-1587.329,0.1741073,3,OK,198.118,-63.460,-1587.372,OK,148.327,18.648,-1580.574,OK,250.502,3.365,-1557.351,Port 0x03: JJH Y femur tracker  s/n:3E4C8801,656438107,1778166235.118741611,1,OK,0.8834357,-0.0258228,0.4578852,-0.0959988,-195.534,-95.826,-1629.771,0.3013119,3,OK,-195.358,-95.742,-1630.013,OK,-216.565,-5.857,-1593.656,OK,-248.147,-77.755,-1554.531
3,Port 0x01: JJH Probe  s/n:3E4C880C,656438110,1778166235.168741611,1,Too Few Markers,-3.697314E28,-3.697314E28,-3.697314E28,-3.697314E28,-3.697314E28,-3.697314E28,-3.697314E28,0.0000000,3,Missing,-3.697314E28,-3.697314E28,-3.697314E28,Missing,-3.697314E28,-3.697314E28,-3.697314E28,Missing,-3.697314E28,-3.697314E28,-3.697314E28,Port 0x02: JJH T tibia tracker  s/n:3E4C8800,656438110,1778166235.168741611,1,OK,0.4279448,0.1637232,0.0492562,-0.8874862,198.251,-63.441,-1587.270,0.1702822,3,OK,198.146,-63.495,-1587.311,OK,148.346,18.615,-1580.607,OK,250.514,3.342,-1557.339,Port 0x03: JJH Y femur tracker  s/n:3E4C8801,656438110,1778166235.168741611,1,OK,0.8834797,-0.0261231,0.4577671,-0.0960750,-195.503,-95.867,-1629.754,0.2971682,3,OK,-195.341,-95.755,-1629.973,OK,-216.542,-5.888,-1593.717,OK,-248.131,-77.775,-1554.539
3,Port 0x01: JJH Probe  s/n:3E4C880C,656438113,1778166235.218741611,1,Too Few Markers,-3.697314E28,-3.697314E28,-3.697314E28,-3.697314E28,-3.697314E28,-3.697314E28,-3.697314E28,0.0000000,3,Missing,-3.697314E28,-3.697314E28,-3.697314E28,Missing,-3.697314E28,-3.697314E28,-3.697314E28,Missing,-3.697314E28,-3.697314E28,-3.697314E28,Port 0x02: JJH T tibia tracker  s/n:3E4C8800,656438113,1778166235.218741611,1,OK,0.4278191,0.1641364,0.0496842,-0.8874467,198.194,-63.407,-1587.296,0.1812840,3,OK,198.073,-63.472,-1587.344,OK,148.302,18.640,-1580.555,OK,250.460,3.354,-1557.262,Port 0x03: JJH Y femur tracker  s/n:3E4C8801,656438113,1778166235.218741611,1,OK,0.8834754,-0.0259577,0.4577919,-0.0960415,-195.553,-95.842,-1629.725,0.2970695,3,OK,-195.384,-95.747,-1629.956,OK,-216.591,-5.864,-1593.647,OK,-248.179,-77.760,-1554.503
3,Port 0x01: JJH Probe  s/n:3E4C880C,656438116,1778166235.268741611,1,Too Few Markers,-3.697314E28,-3.697314E28,-3.697314E28,-3.697314E28,-3.697314E28,-3.697314E28,-3.697314E28,0.0000000,3,Missing,-3.697314E28,-3.697314E28,-3.697314E28,Missing,-3.697314E28,-3.697314E28,-3.697314E28,Missing,-3.697314E28,-3.697314E28,-3.697314E28,Port 0x02: JJH T tibia tracker  s/n:3E4C8800,656438116,1778166235.268741611,1,OK,0.4278260,0.1642136,0.0498166,-0.8874216,198.207,-63.417,-1587.325,0.1828676,3,OK,198.083,-63.476,-1587.373,OK,148.310,18.619,-1580.563,OK,250.471,3.338,-1557.268,Port 0x03: JJH Y femur tracker  s/n:3E4C8801,656438116,1778166235.268741611,1,OK,0.8835495,-0.0262094,0.4576302,-0.0960627,-195.523,-95.867,-1629.714,0.2850594,3,OK,-195.368,-95.758,-1629.924,OK,-216.586,-5.878,-1593.695,OK,-248.167,-77.772,-1554.530
3,Port 0x01: JJH Probe  s/n:3E4C880C,656438119,1778166235.318741611,1,Too Few Markers,-3.697314E28,-3.697314E28,-3.697314E28,-3.697314E28,-3.697314E28,-3.697314E28,-3.697314E28,0.0000000,3,Missing,-3.697314E28,-3.697314E28,-3.697314E28,Missing,-3.697314E28,-3.697314E28,-3.697314E28,Missing,-3.697314E28,-3.697314E28,-3.697314E28,Port 0x02: JJH T tibia tracker  s/n:3E4C8800,656438119,1778166235.318741611,1,OK,0.4278136,0.1642116,0.0496174,-0.8874391,198.210,-63.363,-1587.301,0.1810204,3,OK,198.083,-63.407,-1587.346,OK,148.323,18.672,-1580.577,OK,250.476,3.393,-1557.261,Port 0x03: JJH Y femur tracker  s/n:3E4C8801,656438119,1778166235.318741611,1,OK,0.8836050,-0.0261081,0.4575298,-0.0960577,-195.513,-95.810,-1629.730,0.2788791,3,OK,-195.363,-95.701,-1629.933,OK,-216.576,-5.821,-1593.704,OK,-248.171,-77.730,-1554.562
3,Port 0x01: JJH Probe  s/n:3E4C880C,656438122,1778166235.368741611,1,Too Few Markers,-3.697314E28,-3.697314E28,-3.697314E28,-3.697314E28,-3.697314E28,-3.697314E28,-3.697314E28,0.0000000,3,Missing,-3.697314E28,-3.697314E28,-3.697314E28,Missing,-3.697314E28,-3.697314E28,-3.697314E28,Missing,-3.697314E28,-3.697314E28,-3.697314E28,Port 0x02: JJH T tibia tracker  s/n:3E4C8800,656438122,1778166235.368741611,1,OK,0.4278223,0.1643657,0.0498793,-0.8873917,198.221,-63.444,-1587.368,0.1935902,3,OK,198.088,-63.509,-1587.419,OK,148.316,18.587,-1580.598,OK,250.488,3.313,-1557.278,Port 0x03: JJH Y femur tracker  s/n:3E4C8801,656438122,1778166235.368741611,1,OK,0.8835830,-0.0259724,0.4575828,-0.0960437,-195.522,-95.893,-1629.721,0.2787005,3,OK,-195.365,-95.796,-1629.933,OK,-216.581,-5.913,-1593.656,OK,-248.168,-77.811,-1554.546
3,Port 0x01: JJH Probe  s/n:3E4C880C,656438125,1778166235.418741611,1,Too Few Markers,-3.697314E28,-3.697314E28,-3.697314E28,-3.697314E28,-3.697314E28,-3.697314E28,-3.697314E28,0.0000000,3,Missing,-3.697314E28,-3.697314E28,-3.697314E28,Missing,-3.697314E28,-3.697314E28,-3.697314E28,Missing,-3.697314E28,-3.697314E28,-3.697314E28,Port 0x02: JJH T tibia tracker  s/n:3E4C8800,656438125,1778166235.418741611,1,OK,0.4278837,0.1645146,0.0499495,-0.8873306,198.236,-63.540,-1587.368,0.1908670,3,OK,198.105,-63.618,-1587.421,OK,148.322,18.489,-1580.586,OK,250.476,3.225,-1557.250,Port 0x03: JJH Y femur tracker  s/n:3E4C8801,656438125,1778166235.418741611,1,OK,0.8836036,-0.0263573,0.4575040,-0.0961251,-195.504,-96.017,-1629.692,0.2740842,3,OK,-195.360,-95.902,-1629.886,OK,-216.575,-6.014,-1593.714,OK,-248.159,-77.909,-1554.538
3,Port 0x01: JJH Probe  s/n:3E4C880C,656438128,1778166235.468741611,1,Too Few Markers,-3.697314E28,-3.697314E28,-3.697314E28,-3.697314E28,-3.697314E28,-3.697314E28,-3.697314E28,0.0000000,3,Missing,-3.697314E28,-3.697314E28,-3.697314E28,Missing,-3.697314E28,-3.697314E28,-3.697314E28,Missing,-3.697314E28,-3.697314E28,-3.697314E28,Port 0x02: JJH T tibia tracker  s/n:3E4C8800,656438128,1778166235.468741611,1,OK,0.4278776,0.1646482,0.0505612,-0.8872741,198.266,-63.538,-1587.466,0.1934941,3,OK,198.137,-63.627,-1587.522,OK,148.335,18.478,-1580.571,OK,250.500,3.207,-1557.281,Port 0x03: JJH Y femur tracker  s/n:3E4C8801,656438128,1778166235.468741611,1,OK,0.8836126,-0.0261600,0.4574962,-0.0961338,-195.490,-96.018,-1629.737,0.2806555,3,OK,-195.339,-95.908,-1629.941,OK,-216.550,-6.027,-1593.724,OK,-248.151,-77.916,-1554.574
3,Port 0x01: JJH Probe  s/n:3E4C880C,656438131,1778166235.518741611,1,Too Few Markers,-3.697314E28,-3.697314E28,-3.697314E28,-3.697314E28,-3.697314E28,-3.697314E28,-3.697314E28,0.0000000,3,Missing,-3.697314E28,-3.697314E28,-3.697314E28,Missing,-3.697314E28,-3.697314E28,-3.697314E28,Missing,-3.697314E28,-3.697314E28,-3.697314E28,Port 0x02: JJH T tibia tracker  s/n:3E4C8800,656438131,1778166235.518741611,1,OK,0.4279155,0.1643582,0.0503976,-0.8873189,198.266,-63.684,-1587.441,0.1870463,3,OK,198.141,-63.772,-1587.495,OK,148.341,18.338,-1580.570,OK,250.503,3.075,-1557.316,Port 0x03: JJH Y femur tracker  s/n:3E4C8801,656438131,1778166235.518741611,1,OK,0.8835826,-0.0259562,0.4575571,-0.0961745,-195.491,-96.153,-1629.733,0.2753512,3,OK,-195.337,-96.056,-1629.942,OK,-216.531,-6.167,-1593.678,OK,-248.134,-78.051,-1554.567
3,Port 0x01: JJH Probe  s/n:3E4C880C,656438134,1778166235.568741611,1,Too Few Markers,-3.697314E28,-3.697314E28,-3.697314E28,-3.697314E28,-3.697314E28,-3.697314E28,-3.697314E28,0.0000000,3,Missing,-3.697314E28,-3.697314E28,-3.697314E28,Missing,-3.697314E28,-3.697314E28,-3.697314E28,Missing,-3.697314E28,-3.697314E28,-3.697314E28,Port 0x02: JJH T tibia tracker  s/n:3E4C8800,656438134,1778166235.568741611,1,OK,0.4278709,0.1645054,0.0505945,-0.8873019,198.260,-63.731,-1587.535,0.2024148,3,OK,198.120,-63.832,-1587.596,OK,148.336,18.285,-1580.629,OK,250.508,3.028,-1557.365,Port 0x03: JJH Y femur tracker  s/n:3E4C8801,656438134,1778166235.568741611,1,OK,0.8835376,-0.0259019,0.4576657,-0.0960859,-195.504,-96.196,-1629.755,0.2844407,3,OK,-195.343,-96.104,-1629.976,OK,-216.546,-6.217,-1593.676,OK,-248.139,-78.110,-1554.563
3,Port 0x01: JJH Probe  s/n:3E4C880C,656438137,1778166235.618741611,1,Too Few Markers,-3.697314E28,-3.697314E28,-3.697314E28,-3.697314E28,-3.697314E28,-3.697314E28,-3.697314E28,0.0000000,3,Missing,-3.697314E28,-3.697314E28,-3.697314E28,Missing,-3.697314E28,-3.697314E28,-3.697314E28,Missing,-3.697314E28,-3.697314E28,-3.697314E28,Port 0x02: JJH T tibia tracker  s/n:3E4C8800,656438137,1778166235.618741611,1,OK,0.4278687,0.1644127,0.0503401,-0.8873346,198.246,-63.781,-1587.477,0.1951130,3,OK,198.116,-63.876,-1587.534,OK,148.327,18.246,-1580.617,OK,250.495,2.979,-1557.344,Port 0x03: JJH Y femur tracker  s/n:3E4C8801,656438137,1778166235.618741611,1,OK,0.8835122,-0.0258691,0.4577105,-0.0961148,-195.524,-96.240,-1629.774,0.2852554,3,OK,-195.358,-96.158,-1630.001,OK,-216.559,-6.257,-1593.682,OK,-248.150,-78.146,-1554.576
3,Port 0x01: JJH Probe  s/n:3E4C880C,656438140,1778166235.668741611,1,Too Few Markers,-3.697314E28,-3.697314E28,-3.697314E28,-3.697314E28,-3.697314E28,-3.697314E28,-3.697314E28,0.0000000,3,Missing,-3.697314E28,-3.697314E28,-3.697314E28,Missing,-3.697314E28,-3.697314E28,-3.697314E28,Missing,-3.697314E28,-3.697314E28,-3.697314E28,Port 0x02: JJH T tibia tracker  s/n:3E4C8800,656438140,1778166235.668741611,1,OK,0.4278793,0.1643161,0.0501259,-0.8873595,198.236,-63.833,-1587.418,0.1868371,3,OK,198.115,-63.932,-1587.474,OK,148.325,18.208,-1580.595,OK,250.478,2.934,-1557.320,Port 0x03: JJH Y femur tracker  s/n:3E4C8801,656438140,1778166235.668741611,1,OK,0.8835649,-0.0258942,0.4576004,-0.0961482,-195.518,-96.285,-1629.745,0.2777790,3,OK,-195.357,-96.201,-1629.964,OK,-216.558,-6.296,-1593.667,OK,-248.156,-78.187,-1554.568
3,Port 0x01: JJH Probe  s/n:3E4C880C,656438143,1778166235.718741611,1,Too Few Markers,-3.697314E28,-3.697314E28,-3.697314E28,-3.697314E28,-3.697314E28,-3.697314E28,-3.697314E28,0.0000000,3,Missing,-3.697314E28,-3.697314E28,-3.697314E28,Missing,-3.697314E28,-3.697314E28,-3.697314E28,Missing,-3.697314E28,-3.697314E28,-3.697314E28,Port 0x02: JJH T tibia tracker  s/n:3E4C8800,656438143,1778166235.718741611,1,OK,0.4279197,0.1646803,0.0507021,-0.8872397,198.258,-63.882,-1587.518,0.1977215,3,OK,198.131,-63.992,-1587.578,OK,148.314,18.137,-1580.595,OK,250.482,2.871,-1557.315,Port 0x03: JJH Y femur tracker  s/n:3E4C8801,656438143,1778166235.718741611,1,OK,0.8835453,-0.0264183,0.4576045,-0.0961663,-195.521,-96.380,-1629.756,0.2794977,3,OK,-195.370,-96.270,-1629.959,OK,-216.583,-6.374,-1593.780,OK,-248.161,-78.253,-1554.587
3,Port 0x01: JJH Probe  s/n:3E4C880C,656438146,1778166235.768741611,1,Too Few Markers,-3.697314E28,-3.697314E28,-3.697314E28,-3.697314E28,-3.697314E28,-3.697314E28,-3.697314E28,0.0000000,3,Missing,-3.697314E28,-3.697314E28,-3.697314E28,Missing,-3.697314E28,-3.697314E28,-3.697314E28,Missing,-3.697314E28,-3.697314E28,-3.697314E28,Port 0x02: JJH T tibia tracker  s/n:3E4C8800,656438146,1778166235.768741611,1,OK,0.4279038,0.1643770,0.0503611,-0.8873231,198.240,-63.934,-1587.475,0.1909041,3,OK,198.113,-64.025,-1587.531,OK,148.314,18.090,-1580.612,OK,250.482,2.826,-1557.348,Port 0x03: JJH Y femur tracker  s/n:3E4C8801,656438146,1778166235.768741611,1,OK,0.8835818,-0.0261283,0.4575511,-0.0961642,-195.529,-96.414,-1629.764,0.2706833,3,OK,-195.378,-96.321,-1629.970,OK,-216.585,-6.416,-1593.733,OK,-248.171,-78.301,-1554.606
3,Port 0x01: JJH Probe  s/n:3E4C880C,656438149,1778166235.818741611,1,Too Few Markers,-3.697314E28,-3.697314E28,-3.697314E28,-3.697314E28,-3.697314E28,-3.697314E28,-3.697314E28,0.0000000,3,Missing,-3.697314E28,-3.697314E28,-3.697314E28,Missing,-3.697314E28,-3.697314E28,-3.697314E28,Missing,-3.697314E28,-3.697314E28,-3.697314E28,Port 0x02: JJH T tibia tracker  s/n:3E4C8800,656438149,1778166235.818741611,1,OK,0.4278509,0.1647084,0.0509733,-0.8872522,198.259,-63.892,-1587.578,0.1947870,3,OK,198.130,-63.999,-1587.639,OK,148.328,18.121,-1580.602,OK,250.487,2.844,-1557.352,Port 0x03: JJH Y femur tracker  s/n:3E4C8801,656438149,1778166235.818741611,1,OK,0.8837080,-0.0261761,0.4573028,-0.0961729,-195.490,-96.378,-1629.725,0.2548797,3,OK,-195.356,-96.269,-1629.905,OK,-216.567,-6.382,-1593.724,OK,-248.160,-78.268,-1554.617
3,Port 0x01: JJH Probe  s/n:3E4C880C,656438152,1778166235.868741611,1,Too Few Markers,-3.697314E28,-3.697314E28,-3.697314E28,-3.697314E28,-3.697314E28,-3.697314E28,-3.697314E28,0.0000000,3,Missing,-3.697314E28,-3.697314E28,-3.697314E28,Missing,-3.697314E28,-3.697314E28,-3.697314E28,Missing,-3.697314E28,-3.697314E28,-3.697314E28,Port 0x02: JJH T tibia tracker  s/n:3E4C8800,656438152,1778166235.868741611,1,OK,0.4279001,0.1648374,0.0498903,-0.8872661,198.263,-63.909,-1587.426,0.1984275,3,OK,198.129,-63.999,-1587.483,OK,148.338,18.122,-1580.662,OK,250.488,2.860,-1557.259,Port 0x03: JJH Y femur tracker  s/n:3E4C8801,656438152,1778166235.868741611,1,OK,0.8836054,-0.0262973,0.4574960,-0.0961630,-195.490,-96.381,-1629.725,0.2796717,3,OK,-195.340,-96.268,-1629.927,OK,-216.554,-6.385,-1593.738,OK,-248.148,-78.263,-1554.568
3,Port 0x01: JJH Probe  s/n:3E4C880C,656438155,1778166235.918741611,1,Too Few Markers,-3.697314E28,-3.697314E28,-3.697314E28,-3.697314E28,-3.697314E28,-3.697314E28,-3.697314E28,0.0000000,3,Missing,-3.697314E28,-3.697314E28,-3.697314E28,Missing,-3.697314E28,-3.697314E28,-3.697314E28,Missing,-3.697314E28,-3.697314E28,-3.697314E28,Port 0x02: JJH T tibia tracker  s/n:3E4C8800,656438155,1778166235.918741611,1,OK,0.4279670,0.1647232,0.0505839,-0.8872157,198.271,-63.887,-1587.516,0.1890095,3,OK,198.150,-63.981,-1587.571,OK,148.319,18.126,-1580.620,OK,250.481,2.863,-1557.320,Port 0x03: JJH Y femur tracker  s/n:3E4C8801,656438155,1778166235.918741611,1,OK,0.8835172,-0.0259740,0.4576921,-0.0961287,-195.530,-96.371,-1629.800,0.2878641,3,OK,-195.365,-96.280,-1630.025,OK,-216.568,-6.388,-1593.732,OK,-248.161,-78.269,-1554.604
3,Port 0x01: JJH Probe  s/n:3E4C880C,656438158,1778166235.968741611,1,Too Few Markers,-3.697314E28,-3.697314E28,-3.697314E28,-3.697314E28,-3.697314E28,-3.697314E28,-3.697314E28,0.0000000,3,Missing,-3.697314E28,-3.697314E28,-3.697314E28,Missing,-3.697314E28,-3.697314E28,-3.697314E28,Missing,-3.697314E28,-3.697314E28,-3.697314E28,Port 0x02: JJH T tibia tracker  s/n:3E4C8800,656438158,1778166235.968741611,1,OK,0.4279083,0.1645443,0.0501922,-0.8872995,198.259,-63.883,-1587.448,0.1927563,3,OK,198.125,-63.965,-1587.503,OK,148.337,18.134,-1580.621,OK,250.494,2.880,-1557.306,Port 0x03: JJH Y femur tracker  s/n:3E4C8801,656438158,1778166235.968741611,1,OK,0.8836504,-0.0260193,0.4574211,-0.0961821,-195.499,-96.363,-1629.769,0.2591765,3,OK,-195.352,-96.274,-1629.968,OK,-216.563,-6.370,-1593.722,OK,-248.150,-78.247,-1554.641
3,Port 0x01: JJH Probe  s/n:3E4C880C,656438161,1778166236.018741609,1,Too Few Markers,-3.697314E28,-3.697314E28,-3.697314E28,-3.697314E28,-3.697314E28,-3.697314E28,-3.697314E28,0.0000000,3,Missing,-3.697314E28,-3.697314E28,-3.697314E28,Missing,-3.697314E28,-3.697314E28,-3.697314E28,Missing,-3.697314E28,-3.697314E28,-3.697314E28,Port 0x02: JJH T tibia tracker  s/n:3E4C8800,656438161,1778166236.018741609,1,OK,0.4278619,0.1650648,0.0510219,-0.8871779,198.277,-63.906,-1587.597,0.2053820,3,OK,198.141,-64.024,-1587.663,OK,148.334,18.103,-1580.620,OK,250.491,2.831,-1557.308,Port 0x03: JJH Y femur tracker  s/n:3E4C8801,656438161,1778166236.018741609,1,OK,0.8836064,-0.0262928,0.4574875,-0.0961958,-195.495,-96.417,-1629.762,0.2747113,3,OK,-195.347,-96.308,-1629.961,OK,-216.555,-6.412,-1593.776,OK,-248.151,-78.297,-1554.609
3,Port 0x01: JJH Probe  s/n:3E4C880C,656438164,1778166236.068741609,1,Too Few Markers,-3.697314E28,-3.697314E28,-3.697314E28,-3.697314E28,-3.697314E28,-3.697314E28,-3.697314E28,0.0000000,3,Missing,-3.697314E28,-3.697314E28,-3.697314E28,Missing,-3.697314E28,-3.697314E28,-3.697314E28,Missing,-3.697314E28,-3.697314E28,-3.697314E28,Port 0x02: JJH T tibia tracker  s/n:3E4C8800,656438164,1778166236.068741609,1,OK,0.4278651,0.1646143,0.0501522,-0.8873096,198.245,-63.939,-1587.502,0.1958163,3,OK,198.112,-64.030,-1587.559,OK,148.327,18.089,-1580.682,OK,250.485,2.821,-1557.351,Port 0x03: JJH Y femur tracker  s/n:3E4C8801,656438164,1778166236.068741609,1,OK,0.8836050,-0.0261514,0.4575028,-0.0961743,-195.510,-96.426,-1629.802,0.2705835,3,OK,-195.360,-96.327,-1630.005,OK,-216.568,-6.427,-1593.782,OK,-248.159,-78.313,-1554.651
3,Port 0x01: JJH Probe  s/n:3E4C880C,656438167,1778166236.118741609,1,Too Few Markers,-3.697314E28,-3.697314E28,-3.697314E28,-3.697314E28,-3.697314E28,-3.697314E28,-3.697314E28,0.0000000,3,Missing,-3.697314E28,-3.697314E28,-3.697314E28,Missing,-3.697314E28,-3.697314E28,-3.697314E28,Missing,-3.697314E28,-3.697314E28,-3.697314E28,Port 0x02: JJH T tibia tracker  s/n:3E4C8800,656438167,1778166236.118741609,1,OK,0.4279113,0.1646946,0.0505944,-0.8872473,198.263,-63.921,-1587.551,0.1945553,3,OK,198.134,-64.015,-1587.608,OK,148.323,18.092,-1580.651,OK,250.489,2.827,-1557.356,Port 0x03: JJH Y femur tracker  s/n:3E4C8801,656438167,1778166236.118741609,1,OK,0.8836674,-0.0261323,0.4573788,-0.0961956,-195.499,-96.415,-1629.745,0.2622137,3,OK,-195.356,-96.313,-1629.938,OK,-216.565,-6.419,-1593.730,OK,-248.161,-78.298,-1554.619
3,Port 0x01: JJH Probe  s/n:3E4C880C,656438170,1778166236.168741609,1,Too Few Markers,-3.697314E28,-3.697314E28,-3.697314E28,-3.697314E28,-3.697314E28,-3.697314E28,-3.697314E28,0.0000000,3,Missing,-3.697314E28,-3.697314E28,-3.697314E28,Missing,-3.697314E28,-3.697314E28,-3.697314E28,Missing,-3.697314E28,-3.697314E28,-3.697314E28,Port 0x02: JJH T tibia tracker  s/n:3E4C8800,656438170,1778166236.168741609,1,OK,0.4278669,0.1647543,0.0500848,-0.8872866,198.223,-63.948,-1587.473,0.1953132,3,OK,198.088,-64.030,-1587.529,OK,148.306,18.075,-1580.670,OK,250.456,2.810,-1557.306,Port 0x03: JJH Y femur tracker  s/n:3E4C8801,656438170,1778166236.168741609,1,OK,0.8835269,-0.0257428,0.4576739,-0.0961883,-195.557,-96.413,-1629.815,0.2804304,3,OK,-195.392,-96.336,-1630.041,OK,-216.579,-6.433,-1593.705,OK,-248.181,-78.310,-1554.627
3,Port 0x01: JJH Probe  s/n:3E4C880C,656438173,1778166236.218741609,1,Too Few Markers,-3.697314E28,-3.697314E28,-3.697314E28,-3.697314E28,-3.697314E28,-3.697314E28,-3.697314E28,0.0000000,3,Missing,-3.697314E28,-3.697314E28,-3.697314E28,Missing,-3.697314E28,-3.697314E28,-3.697314E28,Missing,-3.697314E28,-3.697314E28,-3.697314E28,Port 0x02: JJH T tibia tracker  s/n:3E4C8800,656438173,1778166236.218741609,1,OK,0.4278707,0.1646124,0.0506707,-0.8872778,198.251,-63.941,-1587.551,0.1991758,3,OK,198.116,-64.048,-1587.613,OK,148.326,18.076,-1580.631,OK,250.486,2.813,-1557.360,Port 0x03: JJH Y femur tracker  s/n:3E4C8801,656438173,1778166236.218741609,1,OK,0.8835355,-0.0258286,0.4576474,-0.0962123,-195.536,-96.409,-1629.831,0.2795313,3,OK,-195.374,-96.322,-1630.051,OK,-216.560,-6.432,-1593.741,OK,-248.161,-78.295,-1554.651
3,Port 0x01: JJH Probe  s/n:3E4C880C,656438176,1778166236.268741609,1,Too Few Markers,-3.697314E28,-3.697314E28,-3.697314E28,-3.697314E28,-3.697314E28,-3.697314E28,-3.697314E28,0.0000000,3,Missing,-3.697314E28,-3.697314E28,-3.697314E28,Missing,-3.697314E28,-3.697314E28,-3.697314E28,Missing,-3.697314E28,-3.697314E28,-3.697314E28,Port 0x02: JJH T tibia tracker  s/n:3E4C8800,656438176,1778166236.268741609,1,OK,0.4278805,0.1647644,0.0507939,-0.8872378,198.228,-63.813,-1587.556,0.2042297,3,OK,198.092,-63.927,-1587.620,OK,148.292,18.203,-1580.616,OK,250.457,2.939,-1557.331,Port 0x03: JJH Y femur tracker  s/n:3E4C8801,656438176,1778166236.268741609,1,OK,0.8835886,-0.0261221,0.4575423,-0.0961452,-195.532,-96.302,-1629.757,0.2789407,3,OK,-195.378,-96.200,-1629.967,OK,-216.591,-6.317,-1593.727,OK,-248.180,-78.187,-1554.594
3,Port 0x01: JJH Probe  s/n:3E4C880C,656438179,1778166236.318741609,1,Too Few Markers,-3.697314E28,-3.697314E28,-3.697314E28,-3.697314E28,-3.697314E28,-3.697314E28,-3.697314E28,0.0000000,3,Missing,-3.697314E28,-3.697314E28,-3.697314E28,Missing,-3.697314E28,-3.697314E28,-3.697314E28,Missing,-3.697314E28,-3.697314E28,-3.697314E28,Port 0x02: JJH T tibia tracker  s/n:3E4C8800,656438179,1778166236.318741609,1,OK,0.4279468,0.1643017,0.0504098,-0.8873136,198.268,-63.911,-1587.511,0.1904302,3,OK,198.149,-64.012,-1587.567,OK,148.328,18.120,-1580.637,OK,250.505,2.854,-1557.393,Port 0x03: JJH Y femur tracker  s/n:3E4C8801,656438179,1778166236.318741609,1,OK,0.8835234,-0.0262637,0.4576535,-0.0961768,-195.509,-96.402,-1629.775,0.2922340,3,OK,-195.344,-96.305,-1629.999,OK,-216.558,-6.400,-1593.767,OK,-248.150,-78.277,-1554.583
3,Port 0x01: JJH Probe  s/n:3E4C880C,656438182,1778166236.368741609,1,Too Few Markers,-3.697314E28,-3.697314E28,-3.697314E28,-3.697314E28,-3.697314E28,-3.697314E28,-3.697314E28,0.0000000,3,Missing,-3.697314E28,-3.697314E28,-3.697314E28,Missing,-3.697314E28,-3.697314E28,-3.697314E28,Missing,-3.697314E28,-3.697314E28,-3.697314E28,Port 0x02: JJH T tibia tracker  s/n:3E4C8800,656438182,1778166236.368741609,1,OK,0.4279024,0.1643919,0.0500649,-0.8873378,198.256,-63.771,-1587.438,0.1904128,3,OK,198.129,-63.843,-1587.489,OK,148.332,18.254,-1580.634,OK,250.504,2.989,-1557.331,Port 0x03: JJH Y femur tracker  s/n:3E4C8801,656438182,1778166236.368741609,1,OK,0.8836280,-0.0263134,0.4574474,-0.0961825,-195.480,-96.268,-1629.726,0.2755963,3,OK,-195.332,-96.159,-1629.926,OK,-216.548,-6.263,-1593.743,OK,-248.144,-78.146,-1554.578
3,Port 0x01: JJH Probe  s/n:3E4C880C,656438185,1778166236.418741609,1,Too Few Markers,-3.697314E28,-3.697314E28,-3.697314E28,-3.697314E28,-3.697314E28,-3.697314E28,-3.697314E28,0.0000000,3,Missing,-3.697314E28,-3.697314E28,-3.697314E28,Missing,-3.697314E28,-3.697314E28,-3.697314E28,Missing,-3.697314E28,-3.697314E28,-3.697314E28,Port 0x02: JJH T tibia tracker  s/n:3E4C8800,656438185,1778166236.418741609,1,OK,0.4279883,0.1647899,0.0508800,-0.8871762,198.284,-63.847,-1587.555,0.1952177,3,OK,198.157,-63.957,-1587.615,OK,148.326,18.157,-1580.602,OK,250.486,2.906,-1557.324,Port 0x03: JJH Y femur tracker  s/n:3E4C8801,656438185,1778166236.418741609,1,OK,0.8835896,-0.0260679,0.4575370,-0.0961759,-195.500,-96.351,-1629.762,0.2762388,3,OK,-195.347,-96.250,-1629.969,OK,-216.549,-6.362,-1593.727,OK,-248.147,-78.239,-1554.600
3,Port 0x01: JJH Probe  s/n:3E4C880C,656438188,1778166236.468741609,1,Too Few Markers,-3.697314E28,-3.697314E28,-3.697314E28,-3.697314E28,-3.697314E28,-3.697314E28,-3.697314E28,0.0000000,3,Missing,-3.697314E28,-3.697314E28,-3.697314E28,Missing,-3.697314E28,-3.697314E28,-3.697314E28,Missing,-3.697314E28,-3.697314E28,-3.697314E28,Port 0x02: JJH T tibia tracker  s/n:3E4C8800,656438188,1778166236.468741609,1,OK,0.4278807,0.1648167,0.0501207,-0.8872663,198.264,-63.724,-1587.464,0.1955150,3,OK,198.131,-63.816,-1587.522,OK,148.343,18.301,-1580.655,OK,250.488,3.036,-1557.285,Port 0x03: JJH Y femur tracker  s/n:3E4C8801,656438188,1778166236.468741609,1,OK,0.8835713,-0.0262166,0.4575786,-0.0961060,-195.485,-96.204,-1629.731,0.2786728,3,OK,-195.332,-96.100,-1629.938,OK,-216.551,-6.213,-1593.713,OK,-248.130,-78.094,-1554.563
3,Port 0x01: JJH Probe  s/n:3E4C880C,656438191,1778166236.518741609,1,Too Few Markers,-3.697314E28,-3.697314E28,-3.697314E28,-3.697314E28,-3.697314E28,-3.697314E28,-3.697314E28,0.0000000,3,Missing,-3.697314E28,-3.697314E28,-3.697314E28,Missing,-3.697314E28,-3.697314E28,-3.697314E28,Missing,-3.697314E28,-3.697314E28,-3.697314E28,Port 0x02: JJH T tibia tracker  s/n:3E4C8800,656438191,1778166236.518741609,1,OK,0.4278745,0.1648766,0.0510467,-0.8872054,198.294,-63.753,-1587.601,0.2028427,3,OK,198.158,-63.855,-1587.662,OK,148.346,18.248,-1580.618,OK,250.522,2.980,-1557.340,Port 0x03: JJH Y femur tracker  s/n:3E4C8801,656438191,1778166236.518741609,1,OK,0.8834723,-0.0262105,0.4577703,-0.0961048,-195.492,-96.259,-1629.758,0.3005077,3,OK,-195.325,-96.156,-1629.986,OK,-216.535,-6.267,-1593.733,OK,-248.123,-78.153,-1554.540
3,Port 0x01: JJH Probe  s/n:3E4C880C,656438194,1778166236.568741609,1,Too Few Markers,-3.697314E28,-3.697314E28,-3.697314E28,-3.697314E28,-3.697314E28,-3.697314E28,-3.697314E28,0.0000000,3,Missing,-3.697314E28,-3.697314E28,-3.697314E28,Missing,-3.697314E28,-3.697314E28,-3.697314E28,Missing,-3.697314E28,-3.697314E28,-3.697314E28,Port 0x02: JJH T tibia tracker  s/n:3E4C8800,656438194,1778166236.568741609,1,OK,0.4279217,0.1645025,0.0503933,-0.8872894,198.241,-63.772,-1587.464,0.1913092,3,OK,198.117,-63.872,-1587.521,OK,148.309,18.254,-1580.597,OK,250.471,2.989,-1557.316,Port 0x03: JJH Y femur tracker  s/n:3E4C8801,656438194,1778166236.568741609,1,OK,0.8836240,-0.0258115,0.4574826,-0.0961880,-195.519,-96.245,-1629.754,0.2637940,3,OK,-195.368,-96.159,-1629.959,OK,-216.561,-6.261,-1593.671,OK,-248.163,-78.145,-1554.608
3,Port 0x01: JJH Probe  s/n:3E4C880C,656438197,1778166236.618741609,1,Too Few Markers,-3.697314E28,-3.697314E28,-3.697314E28,-3.697314E28,-3.697314E28,-3.697314E28,-3.697314E28,0.0000000,3,Missing,-3.697314E28,-3.697314E28,-3.697314E28,Missing,-3.697314E28,-3.697314E28,-3.697314E28,Missing,-3.697314E28,-3.697314E28,-3.697314E28,Port 0x02: JJH T tibia tracker  s/n:3E4C8800,656438197,1778166236.618741609,1,OK,0.4278840,0.1646977,0.0501615,-0.8872845,198.253,-63.728,-1587.465,0.2006589,3,OK,198.118,-63.829,-1587.526,OK,148.331,18.301,-1580.646,OK,250.487,3.039,-1557.299,Port 0x03: JJH Y femur tracker  s/n:3E4C8801,656438197,1778166236.618741609,1,OK,0.8835567,-0.0261240,0.4576134,-0.0960990,-195.502,-96.199,-1629.730,0.2835041,3,OK,-195.345,-96.098,-1629.943,OK,-216.558,-6.212,-1593.696,OK,-248.146,-78.099,-1554.549
3,Port 0x01: JJH Probe  s/n:3E4C880C,656438200,1778166236.668741609,1,Too Few Markers,-3.697314E28,-3.697314E28,-3.697314E28,-3.697314E28,-3.697314E28,-3.697314E28,-3.697314E28,0.0000000,3,Missing,-3.697314E28,-3.697314E28,-3.697314E28,Missing,-3.697314E28,-3.697314E28,-3.697314E28,Missing,-3.697314E28,-3.697314E28,-3.697314E28,Port 0x02: JJH T tibia tracker  s/n:3E4C8800,656438200,1778166236.668741609,1,OK,0.4279222,0.1652887,0.0509329,-0.8871122,198.316,-63.720,-1587.623,0.2079560,3,OK,198.181,-63.838,-1587.688,OK,148.353,18.285,-1580.670,OK,250.513,3.020,-1557.305,Port 0x03: JJH Y femur tracker  s/n:3E4C8801,656438200,1778166236.668741609,1,OK,0.8835473,-0.0259045,0.4576344,-0.0961451,-195.485,-96.215,-1629.740,0.2840452,3,OK,-195.322,-96.126,-1629.963,OK,-216.522,-6.235,-1593.665,OK,-248.121,-78.114,-1554.555
