Tools,Port 0x01: JJH Probe  s/n:3E4C880C,Frame,Time [sec],Face,State,Q0,Qx,Qy,Qz,Tx,Ty,Tz,Error,Markers,State,Tx,Ty,Tz,State,Tx,Ty,Tz,State,Tx,Ty,Tz,Port 0x02: JJH T tibia tracker  s/n:3E4C8800,Frame,Time [sec],Face,State,Q0,Qx,Qy,Qz,Tx,Ty,Tz,Error,Markers,State,Tx,Ty,Tz,State,Tx,Ty,Tz,State,Tx,Ty,Tz,Port 0x03: JJH Y femur tracker  s/n:3E4C8801,Frame,Time [sec],Face,State,Q0,Qx,Qy,Qz,Tx,Ty,Tz,Error,Markers,State,Tx,Ty,Tz,State,Tx,Ty,Tz,State,Tx,Ty,Tz
3,Port 0x01: JJH Probe  s/n:3E4C880C,179574502,1738682508.368647762,1,Too Few Markers,-3.697314E28,-3.697314E28,-3.697314E28,-3.697314E28,-3.697314E28,-3.697314E28,-3.697314E28,0.0000000,3,Missing,-3.697314E28,-3.697314E28,-3.697314E28,Missing,-3.697314E28,-3.697314E28,-3.697314E28,Missing,-3.697314E28,-3.697314E28,-3.697314E28,Port 0x02: JJH T tibia tracker  s/n:3E4C8800,179574502,1738682508.368647762,1,OK,0.9308114,-0.1763407,-0.1843163,0.2617664,103.255,65.523,-1702.662,0.1658531,3,OK,103.355,65.395,-1702.578,OK,113.934,-25.289,-1673.119,OK,31.786,15.942,-1725.228,Port 0x03: JJH Y femur tracker  s/n:3E4C8801,179574502,1738682508.368647762,1,OK,0.8555631,0.0614499,0.4998323,-0.1200137,-200.026,301.876,-1603.215,0.1123678,3,OK,-200.013,301.858,-1603.245,OK,-206.150,387.675,-1553.573,OK,-243.916,315.411,-1522.170
3,Port 0x01: JJH Probe  s/n:3E4C880C,179574505,1738682508.418647762,1,Too Few Markers,-3.697314E28,-3.697314E28,-3.697314E28,-3.697314E28,-3.697314E28,-3.697314E28,-3.697314E28,0.0000000,3,Missing,-3.697314E28,-3.697314E28,-3.697314E28,Missing,-3.697314E28,-3.697314E28,-3.697314E28,Missing,-3.697314E28,-3.697314E28,-3.697314E28,Port 0x02: JJH T tibia tracker  s/n:3E4C8800,179574505,1738682508.418647762,1,OK,0.9308610,-0.1760592,-0.1845321,0.2616272,103.258,65.504,-1702.846,0.1600052,3,OK,103.360,65.385,-1702.763,OK,113.915,-25.336,-1673.364,OK,31.794,15.943,-1725.464,Port 0x03: JJH Y femur tracker  s/n:3E4C8801,179574505,1738682508.418647762,1,OK,0.8553968,0.0612515,0.5000958,-0.1202027,-199.877,301.908,-1603.091,0.1010071,3,OK,-199.876,301.901,-1603.096,OK,-205.947,387.736,-1553.494,OK,-243.706,315.467,-1522.035
3,Port 0x01: JJH Probe  s/n:3E4C880C,179574508,1738682508.468647761,1,Too Few Markers,-3.697314E28,-3.697314E28,-3.697314E28,-3.697314E28,-3.697314E28,-3.697314E28,-3.697314E28,0.0000000,3,Missing,-3.697314E28,-3.697314E28,-3.697314E28,Missing,-3.697314E28,-3.697314E28,-3.697314E28,Missing,-3.697314E28,-3.697314E28,-3.697314E28,Port 0x02: JJH T tibia tracker  s/n:3E4C8800,179574508,1738682508.468647761,1,OK,0.9310061,-0.1754269,-0.1843263,0.2616809,103.248,65.454,-1702.999,0.1661144,3,OK,103.351,65.328,-1702.913,OK,113.944,-25.407,-1673.628,OK,31.774,15.905,-1725.616,Port 0x03: JJH Y femur tracker  s/n:3E4C8801,179574508,1738682508.468647761,1,OK,0.8551321,0.0612813,0.5004853,-0.1204497,-199.738,301.894,-1602.964,0.0996353,3,OK,-199.733,301.889,-1602.975,OK,-205.720,387.725,-1553.370,OK,-243.488,315.479,-1521.859
3,Port 0x01: JJH Probe  s/n:3E4C880C,179574511,1738682508.518647761,1,Too Few Markers,-3.697314E28,-3.697314E28,-3.697314E28,-3.697314E28,-3.697314E28,-3.697314E28,-3.697314E28,0.0000000,3,Missing,-3.697314E28,-3.697314E28,-3.697314E28,Missing,-3.697314E28,-3.697314E28,-3.697314E28,Missing,-3.697314E28,-3.697314E28,-3.697314E28,Port 0x02: JJH T tibia tracker  s/n:3E4C8800,179574511,1738682508.518647761,1,OK,0.9311455,-0.1750291,-0.1842408,0.2615112,103.264,65.444,-1703.151,0.1514900,3,OK,103.350,65.317,-1703.074,OK,113.942,-25.452,-1673.857,OK,31.789,15.941,-1725.774,Port 0x03: JJH Y femur tracker  s/n:3E4C8801,179574511,1738682508.518647761,1,OK,0.8548096,0.0614703,0.5009716,-0.1206205,-199.553,301.988,-1602.885,0.1052071,3,OK,-199.544,301.977,-1602.904,OK,-205.440,387.805,-1553.251,OK,-243.205,315.578,-1521.723
3,Port 0x01: JJH Probe  s/n:3E4C880C,179574514,1738682508.568647762,1,Too Few Markers,-3.697314E28,-3.697314E28,-3.697314E28,-3.697314E28,-3.697314E28,-3.697314E28,-3.697314E28,0.0000000,3,Missing,-3.697314E28,-3.697314E28,-3.697314E28,Missing,-3.697314E28,-3.697314E28,-3.697314E28,Missing,-3.697314E28,-3.697314E28,-3.697314E28,Port 0x02: JJH T tibia tracker  s/n:3E4C8800,179574514,1738682508.568647762,1,OK,0.9311869,-0.1752415,-0.1839261,0.2614432,103.287,65.401,-1703.317,0.1376135,3,OK,103.368,65.293,-1703.248,OK,113.953,-25.504,-1673.973,OK,31.786,15.914,-1725.882,Port 0x03: JJH Y femur tracker  s/n:3E4C8801,179574514,1738682508.568647762,1,OK,0.8548182,0.0611521,0.5009528,-0.1207996,-199.397,301.985,-1602.771,0.1063484,3,OK,-199.410,301.988,-1602.747,OK,-205.278,387.838,-1553.208,OK,-243.028,315.618,-1521.651
3,Port 0x01: JJH Probe  s/n:3E4C880C,179574517,1738682508.618647762,1,Too Few Markers,-3.697314E28,-3.697314E28,-3.697314E28,-3.697314E28,-3.697314E28,-3.697314E28,-3.697314E28,0.0000000,3,Missing,-3.697314E28,-3.697314E28,-3.697314E28,Missing,-3.697314E28,-3.697314E28,-3.697314E28,Missing,-3.697314E28,-3.697314E28,-3.697314E28,Port 0x02: JJH T tibia tracker  s/n:3E4C8800,179574517,1738682508.618647762,1,OK,0.9311806,-0.1745722,-0.1845629,0.2614647,103.269,65.399,-1703.270,0.1628330,3,OK,103.364,65.266,-1703.187,OK,113.951,-25.513,-1674.071,OK,31.803,15.902,-1725.973,Port 0x03: JJH Y femur tracker  s/n:3E4C8801,179574517,1738682508.618647762,1,OK,0.8545125,0.0618118,0.5013765,-0.1208686,-199.361,302.047,-1602.813,0.1221562,3,OK,-199.355,302.022,-1602.835,OK,-205.145,387.841,-1553.117,OK,-242.913,315.650,-1521.618
3,Port 0x01: JJH Probe  s/n:3E4C880C,179574520,1738682508.668647762,1,Too Few Markers,-3.697314E28,-3.697314E28,-3.697314E28,-3.697314E28,-3.697314E28,-3.697314E28,-3.697314E28,0.0000000,3,Missing,-3.697314E28,-3.697314E28,-3.697314E28,Missing,-3.697314E28,-3.697314E28,-3.697314E28,Missing,-3.697314E28,-3.697314E28,-3.697314E28,Port 0x02: JJH T tibia tracker  s/n:3E4C8800,179574520,1738682508.668647762,1,OK,0.9311806,-0.1745108,-0.1845823,0.2614920,103.245,65.405,-1703.248,0.1608779,3,OK,103.348,65.286,-1703.166,OK,113.939,-25.521,-1674.056,OK,31.772,15.900,-1725.962,Port 0x03: JJH Y femur tracker  s/n:3E4C8801,179574520,1738682508.668647762,1,OK,0.8544301,0.0616838,0.5015225,-0.1209113,-199.346,302.044,-1602.748,0.1186890,3,OK,-199.333,302.031,-1602.776,OK,-205.113,387.839,-1553.079,OK,-242.878,315.660,-1521.524
3,Port 0x01: JJH Probe  s/n:3E4C880C,179574523,1738682508.718647761,1,Too Few Markers,-3.697314E28,-3.697314E28,-3.697314E28,-3.697314E28,-3.697314E28,-3.697314E28,-3.697314E28,0.0000000,3,Missing,-3.697314E28,-3.697314E28,-3.697314E28,Missing,-3.697314E28,-3.697314E28,-3.697314E28,Missing,-3.697314E28,-3.697314E28,-3.697314E28,Port 0x02: JJH T tibia tracker  s/n:3E4C8800,179574523,1738682508.718647761,1,OK,0.9311716,-0.1738012,-0.1852255,0.2615416,103.219,65.419,-1703.173,0.1814557,3,OK,103.330,65.276,-1703.080,OK,113.939,-25.519,-1674.129,OK,31.789,15.907,-1726.027,Port 0x03: JJH Y femur tracker  s/n:3E4C8801,179574523,1738682508.718647761,1,OK,0.8544414,0.0615374,0.5015236,-0.1209014,-199.355,302.025,-1602.749,0.1099564,3,OK,-199.348,302.012,-1602.768,OK,-205.131,387.841,-1553.104,OK,-242.887,315.643,-1521.534
3,Port 0x01: JJH Probe  s/n:3E4C880C,179574526,1738682508.768647761,1,Too Few Markers,-3.697314E28,-3.697314E28,-3.697314E28,-3.697314E28,-3.697314E28,-3.697314E28,-3.697314E28,0.0000000,3,Missing,-3.697314E28,-3.697314E28,-3.697314E28,Missing,-3.697314E28,-3.697314E28,-3.697314E28,Missing,-3.697314E28,-3.697314E28,-3.697314E28,Port 0x02: JJH T tibia tracker  s/n:3E4C8800,179574526,1738682508.768647761,1,OK,0.9311956,-0.1746136,-0.1844380,0.2614718,103.266,65.402,-1703.288,0.1680149,3,OK,103.371,65.274,-1703.202,OK,113.953,-25.507,-1674.077,OK,31.781,15.901,-1725.974,Port 0x03: JJH Y femur tracker  s/n:3E4C8801,179574526,1738682508.768647761,1,OK,0.8544792,0.0614672,0.5014733,-0.1208787,-199.334,302.026,-1602.752,0.1130771,3,OK,-199.327,302.016,-1602.767,OK,-205.125,387.842,-1553.117,OK,-242.874,315.651,-1521.545
3,Port 0x01: JJH Probe  s/n:3E4C880C,179574529,1738682508.818647762,1,Too Few Markers,-3.697314E28,-3.697314E28,-3.697314E28,-3.697314E28,-3.697314E28,-3.697314E28,-3.697314E28,0.0000000,3,Missing,-3.697314E28,-3.697314E28,-3.697314E28,Missing,-3.697314E28,-3.697314E28,-3.697314E28,Missing,-3.697314E28,-3.697314E28,-3.697314E28,Port 0x02: JJH T tibia tracker  s/n:3E4C8800,179574529,1738682508.818647762,1,OK,0.9311494,-0.1748221,-0.1845019,0.2614521,103.281,65.409,-1703.316,0.1521250,3,OK,103.368,65.289,-1703.242,OK,113.971,-25.517,-1674.055,OK,31.800,15.923,-1726.006,Port 0x03: JJH Y femur tracker  s/n:3E4C8801,179574529,1738682508.818647762,1,OK,0.8544755,0.0617344,0.5014537,-0.1208499,-199.320,302.050,-1602.797,0.1193829,3,OK,-199.314,302.027,-1602.819,OK,-205.103,387.850,-1553.110,OK,-242.861,315.654,-1521.593
3,Port 0x01: JJH Probe  s/n:3E4C880C,179574532,1738682508.868647762,1,Too Few Markers,-3.697314E28,-3.697314E28,-3.697314E28,-3.697314E28,-3.697314E28,-3.697314E28,-3.697314E28,0.0000000,3,Missing,-3.697314E28,-3.697314E28,-3.697314E28,Missing,-3.697314E28,-3.697314E28,-3.697314E28,Missing,-3.697314E28,-3.697314E28,-3.697314E28,Port 0x02: JJH T tibia tracker  s/n:3E4C8800,179574532,1738682508.868647762,1,OK,0.9311751,-0.1747113,-0.1846128,0.2613562,103.264,65.403,-1703.316,0.1561769,3,OK,103.348,65.273,-1703.239,OK,113.936,-25.523,-1674.084,OK,31.785,15.933,-1726.031,Port 0x03: JJH Y femur tracker  s/n:3E4C8801,179574532,1738682508.868647762,1,OK,0.8542762,0.0619042,0.5017706,-0.1208565,-199.319,302.063,-1602.749,0.1251691,3,OK,-199.296,302.040,-1602.798,OK,-205.052,387.835,-1553.025,OK,-242.812,315.653,-1521.482
3,Port 0x01: JJH Probe  s/n:3E4C880C,179574535,1738682508.918647762,1,Too Few Markers,-3.697314E28,-3.697314E28,-3.697314E28,-3.697314E28,-3.697314E28,-3.697314E28,-3.697314E28,0.0000000,3,Missing,-3.697314E28,-3.697314E28,-3.697314E28,Missing,-3.697314E28,-3.697314E28,-3.697314E28,Missing,-3.697314E28,-3.697314E28,-3.697314E28,Port 0x02: JJH T tibia tracker  s/n:3E4C8800,179574535,1738682508.918647762,1,OK,0.9312414,-0.1746323,-0.1841940,0.2614682,103.248,65.412,-1703.313,0.1563635,3,OK,103.343,65.289,-1703.233,OK,113.933,-25.502,-1674.094,OK,31.761,15.919,-1725.952,Port 0x03: JJH Y femur tracker  s/n:3E4C8801,179574535,1738682508.918647762,1,OK,0.8543562,0.0616085,0.5016506,-0.1209398,-199.277,302.066,-1602.731,0.1146624,3,OK,-199.268,302.057,-1602.749,OK,-205.027,387.869,-1553.073,OK,-242.782,315.685,-1521.502
3,Port 0x01: JJH Probe  s/n:3E4C880C,179574538,1738682508.968647761,1,Too Few Markers,-3.697314E28,-3.697314E28,-3.697314E28,-3.697314E28,-3.697314E28,-3.697314E28,-3.697314E28,0.0000000,3,Missing,-3.697314E28,-3.697314E28,-3.697314E28,Missing,-3.697314E28,-3.697314E28,-3.697314E28,Missing,-3.697314E28,-3.697314E28,-3.697314E28,Port 0x02: JJH T tibia tracker  s/n:3E4C8800,179574538,1738682508.968647761,1,OK,0.9312683,-0.1737361,-0.1849190,0.2614577,103.236,65.421,-1703.149,0.1844239,3,OK,103.347,65.272,-1703.055,OK,113.942,-25.514,-1674.119,OK,31.782,15.928,-1725.958,Port 0x03: JJH Y femur tracker  s/n:3E4C8801,179574538,1738682508.968647761,1,OK,0.8543111,0.0616660,0.5017188,-0.1209471,-199.284,302.054,-1602.724,0.1140760,3,OK,-199.271,302.041,-1602.751,OK,-205.021,387.854,-1553.055,OK,-242.779,315.668,-1521.480
3,Port 0x01: JJH Probe  s/n:3E4C880C,179574541,1738682509.018647761,1,Too Few Markers,-3.697314E28,-3.697314E28,-3.697314E28,-3.697314E28,-3.697314E28,-3.697314E28,-3.697314E28,0.0000000,3,Missing,-3.697314E28,-3.697314E28,-3.697314E28,Missing,-3.697314E28,-3.697314E28,-3.697314E28,Missing,-3.697314E28,-3.697314E28,-3.697314E28,Port 0x02: JJH T tibia tracker  s/n:3E4C8800,179574541,1738682509.018647761,1,OK,0.9311848,-0.1744910,-0.1846129,0.2614687,103.262,65.425,-1703.275,0.1527191,3,OK,103.356,65.309,-1703.198,OK,113.957,-25.514,-1674.082,OK,31.793,15.931,-1725.996,Port 0x03: JJH Y femur tracker  s/n:3E4C8801,179574541,1738682509.018647761,1,OK,0.8542841,0.0615698,0.5017769,-0.1209457,-199.289,302.054,-1602.737,0.1108318,3,OK,-199.272,302.045,-1602.770,OK,-205.025,387.861,-1553.083,OK,-242.780,315.673,-1521.477
3,Port 0x01: JJH Probe  s/n:3E4C880C,179574544,1738682509.068647762,1,Too Few Markers,-3.697314E28,-3.697314E28,-3.697314E28,-3.697314E28,-3.697314E28,-3.697314E28,-3.697314E28,0.0000000,3,Missing,-3.697314E28,-3.697314E28,-3.697314E28,Missing,-3.697314E28,-3.697314E28,-3.697314E28,Missing,-3.697314E28,-3.697314E28,-3.697314E28,Port 0x02: JJH T tibia tracker  s/n:3E4C8800,179574544,1738682509.068647762,1,OK,0.9312430,-0.1735260,-0.1852047,0.2614850,103.227,65.450,-1703.172,0.1908391,3,OK,103.342,65.296,-1703.074,OK,113.943,-25.492,-1674.185,OK,31.790,15.950,-1726.039,Port 0x03: JJH Y femur tracker  s/n:3E4C8801,179574544,1738682509.068647762,1,OK,0.8544429,0.0613724,0.5015465,-0.1208792,-199.331,302.028,-1602.765,0.1002484,3,OK,-199.320,302.027,-1602.783,OK,-205.113,387.855,-1553.153,OK,-242.869,315.647,-1521.538
3,Port 0x01: JJH Probe  s/n:3E4C880C,179574547,1738682509.118647762,1,Too Few Markers,-3.697314E28,-3.697314E28,-3.697314E28,-3.697314E28,-3.697314E28,-3.697314E28,-3.697314E28,0.0000000,3,Missing,-3.697314E28,-3.697314E28,-3.697314E28,Missing,-3.697314E28,-3.697314E28,-3.697314E28,Missing,-3.697314E28,-3.697314E28,-3.697314E28,Port 0x02: JJH T tibia tracker  s/n:3E4C8800,179574547,1738682509.118647762,1,OK,0.9310707,-0.1748923,-0.1849006,0.2614034,103.248,65.419,-1703.251,0.1623287,3,OK,103.345,65.300,-1703.172,OK,113.926,-25.506,-1673.984,OK,31.772,15.926,-1726.011,Port 0x03: JJH Y femur tracker  s/n:3E4C8801,179574547,1738682509.118647762,1,OK,0.8544081,0.0612201,0.5016273,-0.1208672,-199.351,302.012,-1602.757,0.0944599,3,OK,-199.336,302.012,-1602.781,OK,-205.134,387.853,-1553.167,OK,-242.882,315.636,-1521.513
3,Port 0x01: JJH Probe  s/n:3E4C880C,179574550,1738682509.168647766,1,Too Few Markers,-3.697314E28,-3.697314E28,-3.697314E28,-3.697314E28,-3.697314E28,-3.697314E28,-3.697314E28,0.0000000,3,Missing,-3.697314E28,-3.697314E28,-3.697314E28,Missing,-3.697314E28,-3.697314E28,-3.697314E28,Missing,-3.697314E28,-3.697314E28,-3.697314E28,Port 0x02: JJH T tibia tracker  s/n:3E4C8800,179574550,1738682509.168647766,1,OK,0.9312822,-0.1745478,-0.1840773,0.2614613,103.265,65.424,-1703.344,0.1409366,3,OK,103.351,65.310,-1703.272,OK,113.944,-25.504,-1674.141,OK,31.789,15.936,-1725.960,Port 0x03: JJH Y femur tracker  s/n:3E4C8801,179574550,1738682509.168647766,1,OK,0.8543807,0.0615308,0.5016279,-0.1209010,-199.325,302.028,-1602.728,0.1073772,3,OK,-199.316,302.025,-1602.744,OK,-205.086,387.837,-1553.087,OK,-242.841,315.640,-1521.496
3,Port 0x01: JJH Probe  s/n:3E4C880C,179574553,1738682509.218647766,1,Too Few Markers,-3.697314E28,-3.697314E28,-3.697314E28,-3.697314E28,-3.697314E28,-3.697314E28,-3.697314E28,0.0000000,3,Missing,-3.697314E28,-3.697314E28,-3.697314E28,Missing,-3.697314E28,-3.697314E28,-3.697314E28,Missing,-3.697314E28,-3.697314E28,-3.697314E28,Port 0x02: JJH T tibia tracker  s/n:3E4C8800,179574553,1738682509.218647766,1,OK,0.9311875,-0.1743747,-0.1847858,0.2614144,103.271,65.421,-1703.260,0.1597776,3,OK,103.364,65.292,-1703.180,OK,113.954,-25.513,-1674.099,OK,31.812,15.935,-1726.015,Port 0x03: JJH Y femur tracker  s/n:3E4C8801,179574553,1738682509.218647766,1,OK,0.8542996,0.0616626,0.5017597,-0.1208599,-199.299,302.058,-1602.757,0.1150352,3,OK,-199.285,302.045,-1602.788,OK,-205.047,387.852,-1553.079,OK,-242.793,315.660,-1521.505
3,Port 0x01: JJH Probe  s/n:3E4C880C,179574556,1738682509.268647766,1,Too Few Markers,-3.697314E28,-3.697314E28,-3.697314E28,-3.697314E28,-3.697314E28,-3.697314E28,-3.697314E28,0.0000000,3,Missing,-3.697314E28,-3.697314E28,-3.697314E28,Missing,-3.697314E28,-3.697314E28,-3.697314E28,Missing,-3.697314E28,-3.697314E28,-3.697314E28,Port 0x02: JJH T tibia tracker  s/n:3E4C8800,179574556,1738682509.268647766,1,OK,0.9313537,-0.1743459,-0.1839792,0.2614104,103.266,65.418,-1703.312,0.1569054,3,OK,103.362,65.293,-1703.231,OK,113.944,-25.504,-1674.151,OK,31.768,15.940,-1725.928,Port 0x03: JJH Y femur tracker  s/n:3E4C8801,179574556,1738682509.268647766,1,OK,0.8543102,0.0618551,0.5016992,-0.1209376,-199.300,302.060,-1602.758,0.1223725,3,OK,-199.284,302.040,-1602.794,OK,-205.031,387.842,-1553.053,OK,-242.798,315.665,-1521.510
3,Port 0x01: JJH Probe  s/n:3E4C880C,179574559,1738682509.318647766,1,Too Few Markers,-3.697314E28,-3.697314E28,-3.697314E28,-3.697314E28,-3.697314E28,-3.697314E28,-3.697314E28,0.0000000,3,Missing,-3.697314E28,-3.697314E28,-3.697314E28,Missing,-3.697314E28,-3.697314E28,-3.697314E28,Missing,-3.697314E28,-3.697314E28,-3.697314E28,Port 0x02: JJH T tibia tracker  s/n:3E4C8800,179574559,1738682509.318647766,1,OK,0.9313375,-0.1742302,-0.1840349,0.2615062,103.255,65.427,-1703.293,0.1571178,3,OK,103.353,65.303,-1703.212,OK,113.950,-25.495,-1674.154,OK,31.774,15.932,-1725.917,Port 0x03: JJH Y femur tracker  s/n:3E4C8801,179574559,1738682509.318647766,1,OK,0.8542721,0.0617331,0.5017877,-0.1209020,-199.326,302.056,-1602.770,0.1163593,3,OK,-199.304,302.043,-1602.816,OK,-205.058,387.844,-1553.086,OK,-242.822,315.659,-1521.497
3,Port 0x01: JJH Probe  s/n:3E4C880C,179574562,1738682509.368647766,1,Too Few Markers,-3.697314E28,-3.697314E28,-3.697314E28,-3.697314E28,-3.697314E28,-3.697314E28,-3.697314E28,0.0000000,3,Missing,-3.697314E28,-3.697314E28,-3.697314E28,Missing,-3.697314E28,-3.697314E28,-3.697314E28,Missing,-3.697314E28,-3.697314E28,-3.697314E28,Port 0x02: JJH T tibia tracker  s/n:3E4C8800,179574562,1738682509.368647766,1,OK,0.9313014,-0.1745106,-0.1840470,0.2614391,103.258,65.421,-1703.306,0.1509200,3,OK,103.356,65.308,-1703.227,OK,113.928,-25.498,-1674.116,OK,31.772,15.927,-1725.919,Port 0x03: JJH Y femur tracker  s/n:3E4C8801,179574562,1738682509.368647766,1,OK,0.8543370,0.0613841,0.5017225,-0.1208917,-199.325,302.020,-1602.733,0.1032246,3,OK,-199.308,302.020,-1602.763,OK,-205.085,387.840,-1553.114,OK,-242.836,315.640,-1521.475
3,Port 0x01: JJH Probe  s/n:3E4C880C,179574565,1738682509.418647766,1,Too Few Markers,-3.697314E28,-3.697314E28,-3.697314E28,-3.697314E28,-3.697314E28,-3.697314E28,-3.697314E28,0.0000000,3,Missing,-3.697314E28,-3.697314E28,-3.697314E28,Missing,-3.697314E28,-3.697314E28,-3.697314E28,Missing,-3.697314E28,-3.697314E28,-3.697314E28,Port 0x02: JJH T tibia tracker  s/n:3E4C8800,179574565,1738682509.418647766,1,OK,0.9312161,-0.1745524,-0.1844324,0.2614434,103.258,65.422,-1703.273,0.1537093,3,OK,103.350,65.298,-1703.195,OK,113.939,-25.502,-1674.073,OK,31.786,15.932,-1725.956,Port 0x03: JJH Y femur tracker  s/n:3E4C8801,179574565,1738682509.418647766,1,OK,0.8543330,0.0617526,0.5016853,-0.1208869,-199.318,302.043,-1602.762,0.1170524,3,OK,-199.302,302.026,-1602.796,OK,-205.064,387.833,-1553.072,OK,-242.823,315.644,-1521.515
3,Port 0x01: JJH Probe  s/n:3E4C880C,179574568,1738682509.468647766,1,Too Few Markers,-3.697314E28,-3.697314E28,-3.697314E28,-3.697314E28,-3.697314E28,-3.697314E28,-3.697314E28,0.0000000,3,Missing,-3.697314E28,-3.697314E28,-3.697314E28,Missing,-3.697314E28,-3.697314E28,-3.697314E28,Missing,-3.697314E28,-3.697314E28,-3.697314E28,Port 0x02: JJH T tibia tracker  s/n:3E4C8800,179574568,1738682509.468647766,1,OK,0.9311920,-0.1746028,-0.1845285,0.2614278,103.272,65.419,-1703.308,0.1512948,3,OK,103.361,65.298,-1703.232,OK,113.948,-25.507,-1674.100,OK,31.805,15.930,-1726.005,Port 0x03: JJH Y femur tracker  s/n:3E4C8801,179574568,1738682509.468647766,1,OK,0.8542924,0.0616115,0.5017730,-0.1208815,-199.300,302.039,-1602.747,0.1115771,3,OK,-199.282,302.027,-1602.783,OK,-205.044,387.841,-1553.080,OK,-242.796,315.646,-1521.486
3,Port 0x01: JJH Probe  s/n:3E4C880C,179574571,1738682509.518647766,1,Too Few Markers,-3.697314E28,-3.697314E28,-3.697314E28,-3.697314E28,-3.697314E28,-3.697314E28,-3.697314E28,0.0000000,3,Missing,-3.697314E28,-3.697314E28,-3.697314E28,Missing,-3.697314E28,-3.697314E28,-3.697314E28,Missing,-3.697314E28,-3.697314E28,-3.697314E28,Port 0x02: JJH T tibia tracker  s/n:3E4C8800,179574571,1738682509.518647766,1,OK,0.9313015,-0.1741508,-0.1844567,0.2613901,103.247,65.417,-1703.320,0.1627314,3,OK,103.348,65.290,-1703.237,OK,113.931,-25.520,-1674.201,OK,31.766,15.938,-1726.031,Port 0x03: JJH Y femur tracker  s/n:3E4C8801,179574571,1738682509.518647766,1,OK,0.8542937,0.0616301,0.5017387,-0.1210056,-199.239,302.067,-1602.744,0.1087403,3,OK,-199.233,302.053,-1602.761,OK,-204.965,387.883,-1553.084,OK,-242.725,315.686,-1521.508
3,Port 0x01: JJH Probe  s/n:3E4C880C,179574574,1738682509.568647766,1,Too Few Markers,-3.697314E28,-3.697314E28,-3.697314E28,-3.697314E28,-3.697314E28,-3.697314E28,-3.697314E28,0.0000000,3,Missing,-3.697314E28,-3.697314E28,-3.697314E28,Missing,-3.697314E28,-3.697314E28,-3.697314E28,Missing,-3.697314E28,-3.697314E28,-3.697314E28,Port 0x02: JJH T tibia tracker  s/n:3E4C8800,179574574,1738682509.568647766,1,OK,0.9313455,-0.1736498,-0.1845906,0.2614721,103.229,65.418,-1703.281,0.1733763,3,OK,103.331,65.275,-1703.192,OK,113.936,-25.524,-1674.262,OK,31.772,15.931,-1726.032,Port 0x03: JJH Y femur tracker  s/n:3E4C8801,179574574,1738682509.568647766,1,OK,0.8541819,0.0614654,0.5019355,-0.1210620,-199.239,302.061,-1602.723,0.1035056,3,OK,-199.226,302.051,-1602.750,OK,-204.942,387.889,-1553.090,OK,-242.696,315.695,-1521.452
3,Port 0x01: JJH Probe  s/n:3E4C880C,179574577,1738682509.618647766,1,Too Few Markers,-3.697314E28,-3.697314E28,-3.697314E28,-3.697314E28,-3.697314E28,-3.697314E28,-3.697314E28,0.0000000,3,Missing,-3.697314E28,-3.697314E28,-3.697314E28,Missing,-3.697314E28,-3.697314E28,-3.697314E28,Missing,-3.697314E28,-3.697314E28,-3.697314E28,Port 0x02: JJH T tibia tracker  s/n:3E4C8800,179574577,1738682509.618647766,1,OK,0.9312086,-0.1745977,-0.1845592,0.2613504,103.267,65.398,-1703.384,0.1581630,3,OK,103.360,65.273,-1703.305,OK,113.939,-25.532,-1674.175,OK,31.781,15.924,-1726.097,Port 0x03: JJH Y femur tracker  s/n:3E4C8801,179574577,1738682509.618647766,1,OK,0.8542502,0.0615910,0.5018067,-0.1210505,-199.206,302.056,-1602.729,0.1144998,3,OK,-199.202,302.042,-1602.744,OK,-204.923,387.871,-1553.073,OK,-242.673,315.689,-1521.491
3,Port 0x01: JJH Probe  s/n:3E4C880C,179574580,1738682509.668647766,1,Too Few Markers,-3.697314E28,-3.697314E28,-3.697314E28,-3.697314E28,-3.697314E28,-3.697314E28,-3.697314E28,0.0000000,3,Missing,-3.697314E28,-3.697314E28,-3.697314E28,Missing,-3.697314E28,-3.697314E28,-3.697314E28,Missing,-3.697314E28,-3.697314E28,-3.697314E28,Port 0x02: JJH T tibia tracker  s/n:3E4C8800,179574580,1738682509.668647766,1,OK,0.9312805,-0.1742624,-0.1844682,0.2613824,103.263,65.399,-1703.359,0.1608696,3,OK,103.361,65.271,-1703.277,OK,113.938,-25.532,-1674.222,OK,31.787,15.918,-1726.064,Port 0x03: JJH Y femur tracker  s/n:3E4C8801,179574580,1738682509.668647766,1,OK,0.8542530,0.0618699,0.5017533,-0.1211095,-199.190,302.087,-1602.728,0.1271055,3,OK,-199.189,302.056,-1602.744,OK,-204.889,387.891,-1553.021,OK,-242.652,315.716,-1521.508
3,Port 0x01: JJH Probe  s/n:3E4C880C,179574583,1738682509.718647766,1,Too Few Markers,-3.697314E28,-3.697314E28,-3.697314E28,-3.697314E28,-3.697314E28,-3.697314E28,-3.697314E28,0.0000000,3,Missing,-3.697314E28,-3.697314E28,-3.697314E28,Missing,-3.697314E28,-3.697314E28,-3.697314E28,Missing,-3.697314E28,-3.697314E28,-3.697314E28,Port 0x02: JJH T tibia tracker  s/n:3E4C8800,179574583,1738682509.718647766,1,OK,0.9311591,-0.1741793,-0.1852507,0.2613167,103.257,65.393,-1703.366,0.1727342,3,OK,103.358,65.260,-1703.281,OK,113.940,-25.559,-1674.246,OK,31.795,15.921,-1726.224,Port 0x03: JJH Y femur tracker  s/n:3E4C8801,179574583,1738682509.718647766,1,OK,0.8540740,0.0617587,0.5020748,-0.1210967,-199.174,302.084,-1602.713,0.1176899,3,OK,-199.157,302.052,-1602.757,OK,-204.842,387.893,-1553.016,OK,-242.597,315.709,-1521.426
3,Port 0x01: JJH Probe  s/n:3E4C880C,179574586,1738682509.768647766,1,Too Few Markers,-3.697314E28,-3.697314E28,-3.697314E28,-3.697314E28,-3.697314E28,-3.697314E28,-3.697314E28,0.0000000,3,Missing,-3.697314E28,-3.697314E28,-3.697314E28,Missing,-3.697314E28,-3.697314E28,-3.697314E28,Missing,-3.697314E28,-3.697314E28,-3.697314E28,Port 0x02: JJH T tibia tracker  s/n:3E4C8800,179574586,1738682509.768647766,1,OK,0.9312603,-0.1742809,-0.1845985,0.2613500,103.257,65.373,-1703.471,0.1469369,3,OK,103.349,65.261,-1703.396,OK,113.927,-25.578,-1674.327,OK,31.790,15.898,-1726.197,Port 0x03: JJH Y femur tracker  s/n:3E4C8801,179574586,1738682509.768647766,1,OK,0.8540267,0.0614576,0.5021634,-0.1212155,-199.093,302.087,-1602.647,0.1073623,3,OK,-199.086,302.079,-1602.662,OK,-204.747,387.917,-1553.018,OK,-242.492,315.742,-1521.367
3,Port 0x01: JJH Probe  s/n:3E4C880C,179574589,1738682509.818647766,1,Too Few Markers,-3.697314E28,-3.697314E28,-3.697314E28,-3.697314E28,-3.697314E28,-3.697314E28,-3.697314E28,0.0000000,3,Missing,-3.697314E28,-3.697314E28,-3.697314E28,Missing,-3.697314E28,-3.697314E28,-3.697314E28,Missing,-3.697314E28,-3.697314E28,-3.697314E28,Port 0x02: JJH T tibia tracker  s/n:3E4C8800,179574589,1738682509.818647766,1,OK,0.9312784,-0.1743564,-0.1844801,0.2613186,103.269,65.383,-1703.442,0.1537525,3,OK,103.363,65.264,-1703.364,OK,113.938,-25.562,-1674.280,OK,31.781,15.916,-1726.151,Port 0x03: JJH Y femur tracker  s/n:3E4C8801,179574589,1738682509.818647766,1,OK,0.8541104,0.0617090,0.5019814,-0.1212522,-199.107,302.105,-1602.675,0.1192329,3,OK,-199.105,302.090,-1602.686,OK,-204.763,387.916,-1553.010,OK,-242.527,315.757,-1521.425
3,Port 0x01: JJH Probe  s/n:3E4C880C,179574592,1738682509.868647766,1,Too Few Markers,-3.697314E28,-3.697314E28,-3.697314E28,-3.697314E28,-3.697314E28,-3.697314E28,-3.697314E28,0.0000000,3,Missing,-3.697314E28,-3.697314E28,-3.697314E28,Missing,-3.697314E28,-3.697314E28,-3.697314E28,Missing,-3.697314E28,-3.697314E28,-3.697314E28,Port 0x02: JJH T tibia tracker  s/n:3E4C8800,179574592,1738682509.868647766,1,OK,0.9310839,-0.1744746,-0.1854648,0.2612359,103.253,65.431,-1703.358,0.1829866,3,OK,103.355,65.290,-1703.270,OK,113.923,-25.513,-1674.182,OK,31.780,15.969,-1726.249,Port 0x03: JJH Y femur tracker  s/n:3E4C8801,179574592,1738682509.868647766,1,OK,0.8542379,0.0617929,0.5018359,-0.1209129,-199.313,302.049,-1602.767,0.1206306,3,OK,-199.292,302.026,-1602.813,OK,-205.037,387.836,-1553.064,OK,-242.793,315.652,-1521.496
3,Port 0x01: JJH Probe  s/n:3E4C880C,179574595,1738682509.918647766,1,Too Few Markers,-3.697314E28,-3.697314E28,-3.697314E28,-3.697314E28,-3.697314E28,-3.697314E28,-3.697314E28,0.0000000,3,Missing,-3.697314E28,-3.697314E28,-3.697314E28,Missing,-3.697314E28,-3.697314E28,-3.697314E28,Missing,-3.697314E28,-3.697314E28,-3.697314E28,Port 0x02: JJH T tibia tracker  s/n:3E4C8800,179574595,1738682509.918647766,1,OK,0.9311634,-0.1749297,-0.1840966,0.2616155,103.271,65.504,-1703.105,0.1520115,3,OK,103.367,65.387,-1703.026,OK,113.966,-25.391,-1673.827,OK,31.796,15.979,-1725.703,Port 0x03: JJH Y femur tracker  s/n:3E4C8801,179574595,1738682509.918647766,1,OK,0.8553674,0.0614119,0.5001468,-0.1201184,-199.900,301.851,-1603.154,0.0992042,3,OK,-199.897,301.841,-1603.163,OK,-205.966,387.663,-1553.523,OK,-243.726,315.379,-1522.086
3,Port 0x01: JJH Probe  s/n:3E4C880C,179574598,1738682509.968647766,1,Too Few Markers,-3.697314E28,-3.697314E28,-3.697314E28,-3.697314E28,-3.697314E28,-3.697314E28,-3.697314E28,0.0000000,3,Missing,-3.697314E28,-3.697314E28,-3.697314E28,Missing,-3.697314E28,-3.697314E28,-3.697314E28,Missing,-3.697314E28,-3.697314E28,-3.697314E28,Port 0x02: JJH T tibia tracker  s/n:3E4C8800,179574598,1738682509.968647766,1,OK,0.9307852,-0.1763691,-0.1843183,0.2618387,103.241,65.693,-1702.676,0.1484563,3,OK,103.330,65.575,-1702.600,OK,113.923,-25.125,-1673.126,OK,31.800,16.101,-1725.227,Port 0x03: JJH Y femur tracker  s/n:3E4C8801,179574598,1738682509.968647766,1,OK,0.8569471,0.0610238,0.4977633,-0.1189518,-200.963,301.613,-1603.851,0.1021854,3,OK,-200.951,301.602,-1603.876,OK,-207.525,387.417,-1554.279,OK,-245.291,315.061,-1523.025
3,Port 0x01: JJH Probe  s/n:3E4C880C,179574601,1738682510.018647766,1,Too Few Markers,-3.697314E28,-3.697314E28,-3.697314E28,-3.697314E28,-3.697314E28,-3.697314E28,-3.697314E28,0.0000000,3,Missing,-3.697314E28,-3.697314E28,-3.697314E28,Missing,-3.697314E28,-3.697314E28,-3.697314E28,Missing,-3.697314E28,-3.697314E28,-3.697314E28,Port 0x02: JJH T tibia tracker  s/n:3E4C8800,179574601,1738682510.018647766,1,OK,0.9301673,-0.1794990,-0.1835760,0.2624287,103.228,65.994,-1701.714,0.1513702,3,OK,103.320,65.880,-1701.637,OK,113.915,-24.633,-1671.550,OK,31.779,16.257,-1723.964,Port 0x03: JJH Y femur tracker  s/n:3E4C8801,179574601,1738682510.018647766,1,OK,0.8593027,0.0602118,0.4942073,-0.1171864,-202.448,301.246,-1604.828,0.0843634,3,OK,-202.432,301.250,-1604.853,OK,-209.756,387.066,-1555.399,OK,-247.529,314.557,-1524.371
3,Port 0x01: JJH Probe  s/n:3E4C880C,179574604,1738682510.068647766,1,Too Few Markers,-3.697314E28,-3.697314E28,-3.697314E28,-3.697314E28,-3.697314E28,-3.697314E28,-3.697314E28,0.0000000,3,Missing,-3.697314E28,-3.697314E28,-3.697314E28,Missing,-3.697314E28,-3.697314E28,-3.697314E28,Missing,-3.697314E28,-3.697314E28,-3.697314E28,Port 0x02: JJH T tibia tracker  s/n:3E4C8800,179574604,1738682510.068647766,1,OK,0.9292456,-0.1837820,-0.1828410,0.2632413,103.186,66.474,-1700.228,0.1615242,3,OK,103.292,66.359,-1700.142,OK,113.847,-23.861,-1669.252,OK,31.764,16.514,-1722.093,Port 0x03: JJH Y femur tracker  s/n:3E4C8801,179574604,1738682510.068647766,1,OK,0.8624354,0.0601529,0.4893238,-0.1146695,-204.477,300.792,-1606.151,0.1088849,3,OK,-204.446,300.770,-1606.209,OK,-212.771,386.532,-1556.716,OK,-250.560,313.857,-1526.209
3,Port 0x01: JJH Probe  s/n:3E4C880C,179574607,1738682510.118647766,1,Too Few Markers,-3.697314E28,-3.697314E28,-3.697314E28,-3.697314E28,-3.697314E28,-3.697314E28,-3.697314E28,0.0000000,3,Missing,-3.697314E28,-3.697314E28,-3.697314E28,Missing,-3.697314E28,-3.697314E28,-3.697314E28,Missing,-3.697314E28,-3.697314E28,-3.697314E28,Port 0x02: JJH T tibia tracker  s/n:3E4C8800,179574607,1738682510.118647766,1,OK,0.9282186,-0.1881726,-0.1819950,0.2643467,103.172,67.111,-1698.274,0.1529400,3,OK,103.271,66.999,-1698.191,OK,113.830,-22.907,-1666.469,OK,31.847,16.883,-1719.689,Port 0x03: JJH Y femur tracker  s/n:3E4C8801,179574607,1738682510.118647766,1,OK,0.8666075,0.0593238,0.4827043,-0.1116632,-206.971,300.083,-1607.768,0.1024155,3,OK,-206.962,300.073,-1607.786,OK,-216.565,385.790,-1558.522,OK,-254.361,312.891,-1528.601
3,Port 0x01: JJH Probe  s/n:3E4C880C,179574610,1738682510.168647767,1,Too Few Markers,-3.697314E28,-3.697314E28,-3.697314E28,-3.697314E28,-3.697314E28,-3.697314E28,-3.697314E28,0.0000000,3,Missing,-3.697314E28,-3.697314E28,-3.697314E28,Missing,-3.697314E28,-3.697314E28,-3.697314E28,Missing,-3.697314E28,-3.697314E28,-3.697314E28,Port 0x02: JJH T tibia tracker  s/n:3E4C8800,179574610,1738682510.168647767,1,OK,0.9264923,-0.1935225,-0.1836194,0.2654147,103.196,67.951,-1695.875,0.1572969,3,OK,103.294,67.837,-1695.789,OK,113.847,-21.746,-1663.065,OK,32.031,17.419,-1717.245,Port 0x03: JJH Y femur tracker  s/n:3E4C8801,179574610,1738682510.168647767,1,OK,0.8710285,0.0583344,0.4756793,-0.1078685,-209.900,299.315,-1609.819,0.0954122,3,OK,-209.865,299.301,-1609.877,OK,-220.963,384.962,-1560.765,OK,-258.733,311.757,-1531.409
3,Port 0x01: JJH Probe  s/n:3E4C880C,179574613,1738682510.218647767,1,Too Few Markers,-3.697314E28,-3.697314E28,-3.697314E28,-3.697314E28,-3.697314E28,-3.697314E28,-3.697314E28,0.0000000,3,Missing,-3.697314E28,-3.697314E28,-3.697314E28,Missing,-3.697314E28,-3.697314E28,-3.697314E28,Missing,-3.697314E28,-3.697314E28,-3.697314E28,Port 0x02: JJH T tibia tracker  s/n:3E4C8800,179574613,1738682510.218647767,1,OK,0.9250621,-0.1999518,-0.1821572,0.2666426,103.134,68.699,-1693.583,0.1554358,3,OK,103.233,68.586,-1693.495,OK,113.735,-20.521,-1659.563,OK,32.022,17.855,-1714.291,Port 0x03: JJH Y femur tracker  s/n:3E4C8801,179574613,1738682510.218647767,1,OK,0.8759183,0.0574674,0.4676823,-0.1036241,-213.162,298.355,-1612.035,0.1008835,3,OK,-213.111,298.341,-1612.115,OK,-225.859,383.898,-1563.191,OK,-263.592,310.359,-1534.529
3,Port 0x01: JJH Probe  s/n:3E4C880C,179574616,1738682510.268647767,1,Too Few Markers,-3.697314E28,-3.697314E28,-3.697314E28,-3.697314E28,-3.697314E28,-3.697314E28,-3.697314E28,0.0000000,3,Missing,-3.697314E28,-3.697314E28,-3.697314E28,Missing,-3.697314E28,-3.697314E28,-3.697314E28,Missing,-3.697314E28,-3.697314E28,-3.697314E28,Port 0x02: JJH T tibia tracker  s/n:3E4C8800,179574616,1738682510.268647767,1,OK,0.9239221,-0.2061418,-0.1799409,0.2673852,102.966,69.382,-1691.566,0.1612249,3,OK,103.067,69.265,-1691.474,OK,113.470,-19.375,-1656.378,OK,31.797,18.339,-1711.534,Port 0x03: JJH Y femur tracker  s/n:3E4C8801,179574616,1738682510.268647767,1,OK,0.8812623,0.0562775,0.4586453,-0.0992678,-216.528,297.454,-1614.645,0.1001601,3,OK,-216.474,297.435,-1614.727,OK,-231.005,382.908,-1566.127,OK,-268.684,309.043,-1538.228
3,Port 0x01: JJH Probe  s/n:3E4C880C,179574619,1738682510.318608570,1,Too Few Markers,-3.697314E28,-3.697314E28,-3.697314E28,-3.697314E28,-3.697314E28,-3.697314E28,-3.697314E28,0.0000000,3,Missing,-3.697314E28,-3.697314E28,-3.697314E28,Missing,-3.697314E28,-3.697314E28,-3.697314E28,Missing,-3.697314E28,-3.697314E28,-3.697314E28,Port 0x02: JJH T tibia tracker  s/n:3E4C8800,179574619,1738682510.318608570,1,OK,0.9221113,-0.2129385,-0.1793398,0.2687104,102.933,70.278,-1688.907,0.1761775,3,OK,103.054,70.168,-1688.805,OK,113.394,-17.951,-1652.455,OK,31.848,18.888,-1708.336,Port 0x03: JJH Y femur tracker  s/n:3E4C8801,179574619,1738682510.318608570,1,OK,0.8869818,0.0550264,0.4487378,-0.0941797,-220.146,296.201,-1617.349,0.1042366,3,OK,-220.089,296.185,-1617.430,OK,-236.604,381.498,-1569.200,OK,-274.163,307.268,-1542.156
3,Port 0x01: JJH Probe  s/n:3E4C880C,179574622,1738682510.368608570,1,Too Few Markers,-3.697314E28,-3.697314E28,-3.697314E28,-3.697314E28,-3.697314E28,-3.697314E28,-3.697314E28,0.0000000,3,Missing,-3.697314E28,-3.697314E28,-3.697314E28,Missing,-3.697314E28,-3.697314E28,-3.697314E28,Missing,-3.697314E28,-3.697314E28,-3.697314E28,Port 0x02: JJH T tibia tracker  s/n:3E4C8800,179574622,1738682510.368608570,1,OK,0.9209402,-0.2181662,-0.1780662,0.2693791,102.836,70.899,-1687.334,0.1729385,3,OK,102.952,70.787,-1687.232,OK,113.233,-16.932,-1649.897,OK,31.731,19.342,-1706.240,Port 0x03: JJH Y femur tracker  s/n:3E4C8801,179574622,1738682510.368608570,1,OK,0.8927430,0.0542346,0.4383381,-0.0890402,-223.884,295.006,-1620.425,0.1280362,3,OK,-223.808,294.976,-1620.530,OK,-242.338,380.098,-1572.630,OK,-279.803,305.510,-1546.533
3,Port 0x01: JJH Probe  s/n:3E4C880C,179574625,1738682510.418608570,1,Too Few Markers,-3.697314E28,-3.697314E28,-3.697314E28,-3.697314E28,-3.697314E28,-3.697314E28,-3.697314E28,0.0000000,3,Missing,-3.697314E28,-3.697314E28,-3.697314E28,Missing,-3.697314E28,-3.697314E28,-3.697314E28,Missing,-3.697314E28,-3.697314E28,-3.697314E28,Port 0x02: JJH T tibia tracker  s/n:3E4C8800,179574625,1738682510.418608570,1,OK,0.9199201,-0.2228696,-0.1767447,0.2698840,102.744,71.461,-1685.749,0.1716300,3,OK,102.859,71.350,-1685.647,OK,113.065,-16.000,-1647.432,OK,31.604,19.774,-1704.156,Port 0x03: JJH Y femur tracker  s/n:3E4C8801,179574625,1738682510.418608570,1,OK,0.8984989,0.0533594,0.4276427,-0.0835120,-227.752,293.634,-1623.786,0.1649396,3,OK,-227.643,293.585,-1623.932,OK,-248.281,378.482,-1576.392,OK,-285.596,303.507,-1551.257
3,Port 0x01: JJH Probe  s/n:3E4C880C,179574628,1738682510.468608570,1,Too Few Markers,-3.697314E28,-3.697314E28,-3.697314E28,-3.697314E28,-3.697314E28,-3.697314E28,-3.697314E28,0.0000000,3,Missing,-3.697314E28,-3.697314E28,-3.697314E28,Missing,-3.697314E28,-3.697314E28,-3.697314E28,Missing,-3.697314E28,-3.697314E28,-3.697314E28,Port 0x02: JJH T tibia tracker  s/n:3E4C8800,179574628,1738682510.468608570,1,OK,0.9185235,-0.2292114,-0.1745732,0.2707414,102.684,72.242,-1683.719,0.1630767,3,OK,102.791,72.149,-1683.625,OK,112.915,-14.697,-1644.221,OK,31.527,20.358,-1701.356,Port 0x03: JJH Y femur tracker  s/n:3E4C8801,179574628,1738682510.468608570,1,OK,0.9046766,0.0515326,0.4157907,-0.0776061,-231.609,292.150,-1627.171,0.1408230,3,OK,-231.511,292.112,-1627.293,OK,-254.405,376.793,-1580.444,OK,-291.492,301.362,-1556.246
3,Port 0x01: JJH Probe  s/n:3E4C880C,179574631,1738682510.518608570,1,Too Few Markers,-3.697314E28,-3.697314E28,-3.697314E28,-3.697314E28,-3.697314E28,-3.697314E28,-3.697314E28,0.0000000,3,Missing,-3.697314E28,-3.697314E28,-3.697314E28,Missing,-3.697314E28,-3.697314E28,-3.697314E28,Missing,-3.697314E28,-3.697314E28,-3.697314E28,Port 0x02: JJH T tibia tracker  s/n:3E4C8800,179574631,1738682510.518608570,1,OK,0.9170731,-0.2347135,-0.1734880,0.2716401,102.640,72.964,-1681.791,0.1866068,3,OK,102.761,72.854,-1681.682,OK,112.825,-13.482,-1641.282,OK,31.495,20.868,-1698.900,Port 0x03: JJH Y femur tracker  s/n:3E4C8801,179574631,1738682510.518608570,1,OK,0.9105695,0.0500297,0.4040502,-0.0714394,-235.477,290.551,-1630.837,0.1502389,3,OK,-235.365,290.510,-1630.968,OK,-260.529,374.907,-1584.745,OK,-297.339,299.027,-1561.516
3,Port 0x01: JJH Probe  s/n:3E4C880C,179574634,1738682510.568543980,1,Too Few Markers,-3.697314E28,-3.697314E28,-3.697314E28,-3.697314E28,-3.697314E28,-3.697314E28,-3.697314E28,0.0000000,3,Missing,-3.697314E28,-3.697314E28,-3.697314E28,Missing,-3.697314E28,-3.697314E28,-3.697314E28,Missing,-3.697314E28,-3.697314E28,-3.697314E28,Port 0x02: JJH T tibia tracker  s/n:3E4C8800,179574634,1738682510.568543980,1,OK,0.9159120,-0.2392087,-0.1726604,0.2721633,102.635,73.587,-1680.224,0.2006909,3,OK,102.763,73.462,-1680.103,OK,112.752,-12.462,-1638.894,OK,31.475,21.357,-1696.926,Port 0x03: JJH Y femur tracker  s/n:3E4C8801,179574634,1738682510.568543980,1,OK,0.9163195,0.0486883,0.3920925,-0.0652035,-239.330,288.891,-1634.847,0.1816197,3,OK,-239.184,288.850,-1635.007,OK,-266.629,372.910,-1589.433,OK,-303.159,296.596,-1567.179
3,Port 0x01: JJH Probe  s/n:3E4C880C,179574637,1738682510.618543980,1,Too Few Markers,-3.697314E28,-3.697314E28,-3.697314E28,-3.697314E28,-3.697314E28,-3.697314E28,-3.697314E28,0.0000000,3,Missing,-3.697314E28,-3.697314E28,-3.697314E28,Missing,-3.697314E28,-3.697314E28,-3.697314E28,Missing,-3.697314E28,-3.697314E28,-3.697314E28,Port 0x02: JJH T tibia tracker  s/n:3E4C8800,179574637,1738682510.618543980,1,OK,0.9147467,-0.2441422,-0.1710218,0.2727355,102.634,74.188,-1678.772,0.1905151,3,OK,102.760,74.086,-1678.661,OK,112.673,-11.436,-1636.531,OK,31.448,21.832,-1694.888,Port 0x03: JJH Y femur tracker  s/n:3E4C8801,179574637,1738682510.618543980,1,OK,0.9223525,0.0473045,0.3789347,-0.0586229,-243.164,287.142,-1638.947,0.1821499,3,OK,-243.014,287.092,-1639.104,OK,-272.851,370.791,-1594.332,OK,-309.030,294.013,-1573.186
3,Port 0x01: JJH Probe  s/n:3E4C880C,179574640,1738682510.668543980,1,Too Few Markers,-3.697314E28,-3.697314E28,-3.697314E28,-3.697314E28,-3.697314E28,-3.697314E28,-3.697314E28,0.0000000,3,Missing,-3.697314E28,-3.697314E28,-3.697314E28,Missing,-3.697314E28,-3.697314E28,-3.697314E28,Missing,-3.697314E28,-3.697314E28,-3.697314E28,Port 0x02: JJH T tibia tracker  s/n:3E4C8800,179574640,1738682510.668543980,1,OK,0.9135034,-0.2483943,-0.1705299,0.2733703,102.570,74.742,-1677.268,0.2094668,3,OK,102.708,74.625,-1677.141,OK,112.559,-10.482,-1634.261,OK,31.401,22.229,-1693.034,Port 0x03: JJH Y femur tracker  s/n:3E4C8801,179574640,1738682510.668543980,1,OK,0.9281518,0.0457720,0.3657017,-0.0519744,-246.946,285.240,-1643.264,0.1876522,3,OK,-246.785,285.188,-1643.422,OK,-279.000,368.489,-1599.540,OK,-314.794,291.246,-1579.454
3,Port 0x01: JJH Probe  s/n:3E4C880C,179574643,1738682510.718543980,1,Too Few Markers,-3.697314E28,-3.697314E28,-3.697314E28,-3.697314E28,-3.697314E28,-3.697314E28,-3.697314E28,0.0000000,3,Missing,-3.697314E28,-3.697314E28,-3.697314E28,Missing,-3.697314E28,-3.697314E28,-3.697314E28,Missing,-3.697314E28,-3.697314E28,-3.697314E28,Port 0x02: JJH T tibia tracker  s/n:3E4C8800,179574643,1738682510.718543980,1,OK,0.9126324,-0.2519882,-0.1697753,0.2734600,102.524,75.262,-1675.885,0.2293644,3,OK,102.671,75.125,-1675.742,OK,112.400,-9.627,-1632.243,OK,31.303,22.700,-1691.327,Port 0x03: JJH Y femur tracker  s/n:3E4C8801,179574643,1738682510.718543980,1,OK,0.9338213,0.0447848,0.3520733,-0.0449046,-250.739,283.305,-1647.909,0.2138681,3,OK,-250.549,283.237,-1648.085,OK,-285.201,366.053,-1605.053,OK,-320.551,288.334,-1586.146
3,Port 0x01: JJH Probe  s/n:3E4C880C,179574646,1738682510.768486890,1,Too Few Markers,-3.697314E28,-3.697314E28,-3.697314E28,-3.697314E28,-3.697314E28,-3.697314E28,-3.697314E28,0.0000000,3,Missing,-3.697314E28,-3.697314E28,-3.697314E28,Missing,-3.697314E28,-3.697314E28,-3.697314E28,Missing,-3.697314E28,-3.697314E28,-3.697314E28,Port 0x02: JJH T tibia tracker  s/n:3E4C8800,179574646,1738682510.768486890,1,OK,0.9117763,-0.2558227,-0.1687390,0.2733968,102.477,75.544,-1674.615,0.2308238,3,OK,102.628,75.415,-1674.472,OK,112.198,-9.008,-1630.297,OK,31.189,22.959,-1689.671,Port 0x03: JJH Y femur tracker  s/n:3E4C8801,179574646,1738682510.768486890,1,OK,0.9395312,0.0430750,0.3376498,-0.0376593,-254.378,281.171,-1652.786,0.2242513,3,OK,-254.175,281.105,-1652.962,OK,-291.328,363.403,-1611.042,OK,-326.163,285.219,-1593.246
3,Port 0x01: JJH Probe  s/n:3E4C880C,179574649,1738682510.818486890,1,Too Few Markers,-3.697314E28,-3.697314E28,-3.697314E28,-3.697314E28,-3.697314E28,-3.697314E28,-3.697314E28,0.0000000,3,Missing,-3.697314E28,-3.697314E28,-3.697314E28,Missing,-3.697314E28,-3.697314E28,-3.697314E28,Missing,-3.697314E28,-3.697314E28,-3.697314E28,Port 0x02: JJH T tibia tracker  s/n:3E4C8800,179574649,1738682510.818486890,1,OK,0.9110852,-0.2598315,-0.1669010,0.2730483,102.265,75.757,-1673.336,0.2296195,3,OK,102.399,75.642,-1673.207,OK,111.757,-8.442,-1628.327,OK,30.895,23.218,-1687.850,Port 0x03: JJH Y femur tracker  s/n:3E4C8801,179574649,1738682510.818486890,1,OK,0.9450614,0.0415996,0.3228193,-0.0302677,-258.037,278.966,-1658.000,0.2405971,3,OK,-257.811,278.902,-1658.182,OK,-297.463,360.631,-1617.429,OK,-331.760,281.965,-1600.784
3,Port 0x01: JJH Probe  s/n:3E4C880C,179574652,1738682510.868486890,1,Too Few Markers,-3.697314E28,-3.697314E28,-3.697314E28,-3.697314E28,-3.697314E28,-3.697314E28,-3.697314E28,0.0000000,3,Missing,-3.697314E28,-3.697314E28,-3.697314E28,Missing,-3.697314E28,-3.697314E28,-3.697314E28,Missing,-3.697314E28,-3.697314E28,-3.697314E28,Port 0x02: JJH T tibia tracker  s/n:3E4C8800,179574652,1738682510.868486890,1,OK,0.9102397,-0.2636277,-0.1663664,0.2725551,102.037,75.959,-1671.891,0.2431305,3,OK,102.182,75.837,-1671.751,OK,111.289,-7.904,-1626.244,OK,30.575,23.448,-1686.132,Port 0x03: JJH Y femur tracker  s/n:3E4C8801,179574652,1738682510.868486890,1,OK,0.9507521,0.0391194,0.3066526,-0.0224567,-261.588,276.580,-1663.448,0.2301107,3,OK,-261.364,276.519,-1663.616,OK,-303.645,357.671,-1624.383,OK,-337.284,278.485,-1608.837
3,Port 0x01: JJH Probe  s/n:3E4C880C,179574655,1738682510.918417577,1,Too Few Markers,-3.697314E28,-3.697314E28,-3.697314E28,-3.697314E28,-3.697314E28,-3.697314E28,-3.697314E28,0.0000000,3,Missing,-3.697314E28,-3.697314E28,-3.697314E28,Missing,-3.697314E28,-3.697314E28,-3.697314E28,Missing,-3.697314E28,-3.697314E28,-3.697314E28,Port 0x02: JJH T tibia tracker  s/n:3E4C8800,179574655,1738682510.918417577,1,OK,0.9094386,-0.2673374,-0.1657185,0.2720103,101.867,76.073,-1670.620,0.2341427,3,OK,102.005,75.948,-1670.481,OK,110.890,-7.478,-1624.336,OK,30.307,23.621,-1684.584,Port 0x03: JJH Y femur tracker  s/n:3E4C8801,179574655,1738682510.918417577,1,OK,0.9559841,0.0375092,0.2906396,-0.0146971,-264.879,274.138,-1669.050,0.2330733,3,OK,-264.651,274.072,-1669.210,OK,-309.446,354.564,-1631.415,OK,-342.407,274.897,-1617.065
3,Port 0x01: JJH Probe  s/n:3E4C880C,179574658,1738682510.968417577,1,Too Few Markers,-3.697314E28,-3.697314E28,-3.697314E28,-3.697314E28,-3.697314E28,-3.697314E28,-3.697314E28,0.0000000,3,Missing,-3.697314E28,-3.697314E28,-3.697314E28,Missing,-3.697314E28,-3.697314E28,-3.697314E28,Missing,-3.697314E28,-3.697314E28,-3.697314E28,Port 0x02: JJH T tibia tracker  s/n:3E4C8800,179574658,1738682510.968417577,1,OK,0.9087274,-0.2710440,-0.1644270,0.2715021,101.721,76.189,-1669.401,0.2363447,3,OK,101.867,76.087,-1669.269,OK,110.509,-7.035,-1622.485,OK,30.048,23.791,-1682.961,Port 0x03: JJH Y femur tracker  s/n:3E4C8801,179574658,1738682510.968417577,1,OK,0.9608100,0.0362730,0.2747342,-0.0070354,-267.951,271.669,-1674.827,0.2577590,3,OK,-267.693,271.594,-1674.995,OK,-314.927,351.382,-1638.627,OK,-347.198,271.264,-1625.482
3,Port 0x01: JJH Probe  s/n:3E4C880C,179574661,1738682511.018417577,1,Too Few Markers,-3.697314E28,-3.697314E28,-3.697314E28,-3.697314E28,-3.697314E28,-3.697314E28,-3.697314E28,0.0000000,3,Missing,-3.697314E28,-3.697314E28,-3.697314E28,Missing,-3.697314E28,-3.697314E28,-3.697314E28,Missing,-3.697314E28,-3.697314E28,-3.697314E28,Port 0x02: JJH T tibia tracker  s/n:3E4C8800,179574661,1738682511.018417577,1,OK,0.9078968,-0.2747276,-0.1638106,0.2709506,101.512,76.319,-1668.083,0.2315106,3,OK,101.658,76.222,-1667.951,OK,110.063,-6.583,-1620.543,OK,29.742,23.975,-1681.369,Port 0x03: JJH Y femur tracker  s/n:3E4C8801,179574661,1738682511.018417577,1,OK,0.9652285,0.0349879,0.2590548,0.0006292,-270.778,269.218,-1680.564,0.2715205,3,OK,-270.500,269.147,-1680.730,OK,-320.072,348.187,-1645.859,OK,-351.608,267.617,-1633.863
3,Port 0x01: JJH Probe  s/n:3E4C880C,179574664,1738682511.068417577,1,Too Few Markers,-3.697314E28,-3.697314E28,-3.697314E28,-3.697314E28,-3.697314E28,-3.697314E28,-3.697314E28,0.0000000,3,Missing,-3.697314E28,-3.697314E28,-3.697314E28,Missing,-3.697314E28,-3.697314E28,-3.697314E28,Missing,-3.697314E28,-3.697314E28,-3.697314E28,Port 0x02: JJH T tibia tracker  s/n:3E4C8800,179574664,1738682511.068417577,1,OK,0.9072766,-0.2779117,-0.1628013,0.2703885,101.238,76.426,-1666.837,0.2529238,3,OK,101.393,76.313,-1666.691,OK,109.572,-6.163,-1618.773,OK,29.354,24.152,-1679.808,Port 0x03: JJH Y femur tracker  s/n:3E4C8801,179574664,1738682511.068417577,1,OK,0.9693028,0.0326816,0.2435499,0.0082060,-273.334,266.731,-1686.187,0.2702589,3,OK,-273.053,266.679,-1686.341,OK,-324.879,344.971,-1653.193,OK,-355.616,263.963,-1642.138
3,Port 0x01: JJH Probe  s/n:3E4C880C,179574667,1738682511.118417577,1,Too Few Markers,-3.697314E28,-3.697314E28,-3.697314E28,-3.697314E28,-3.697314E28,-3.697314E28,-3.697314E28,0.0000000,3,Missing,-3.697314E28,-3.697314E28,-3.697314E28,Missing,-3.697314E28,-3.697314E28,-3.697314E28,Missing,-3.697314E28,-3.697314E28,-3.697314E28,Port 0x02: JJH T tibia tracker  s/n:3E4C8800,179574667,1738682511.118417577,1,OK,0.9065771,-0.2812024,-0.1619496,0.2698435,101.032,76.547,-1665.704,0.2536361,3,OK,101.184,76.440,-1665.560,OK,109.142,-5.739,-1617.090,OK,29.056,24.342,-1678.376,Port 0x03: JJH Y femur tracker  s/n:3E4C8801,179574667,1738682511.118417577,1,OK,0.9729635,0.0319439,0.2282145,0.0154850,-275.615,264.314,-1691.892,0.2912906,3,OK,-275.314,264.259,-1692.046,OK,-329.251,341.759,-1660.410,OK,-359.220,260.370,-1650.503
3,Port 0x01: JJH Probe  s/n:3E4C880C,179574670,1738682511.168417574,1,Too Few Markers,-3.697314E28,-3.697314E28,-3.697314E28,-3.697314E28,-3.697314E28,-3.697314E28,-3.697314E28,0.0000000,3,Missing,-3.697314E28,-3.697314E28,-3.697314E28,Missing,-3.697314E28,-3.697314E28,-3.697314E28,Missing,-3.697314E28,-3.697314E28,-3.697314E28,Port 0x02: JJH T tibia tracker  s/n:3E4C8800,179574670,1738682511.168417574,1,OK,0.9059302,-0.2845272,-0.1609897,0.2691041,100.874,76.644,-1664.605,0.2420128,3,OK,101.024,76.553,-1664.470,OK,108.738,-5.352,-1615.430,OK,28.772,24.543,-1676.978,Port 0x03: JJH Y femur tracker  s/n:3E4C8801,179574670,1738682511.168417574,1,OK,0.9764289,0.0303251,0.2124602,0.0229701,-277.652,261.836,-1697.696,0.2967474,3,OK,-277.341,261.780,-1697.842,OK,-333.391,338.486,-1667.962,OK,-362.503,256.683,-1659.070
3,Port 0x01: JJH Probe  s/n:3E4C880C,179574673,1738682511.218417574,1,Too Few Markers,-3.697314E28,-3.697314E28,-3.697314E28,-3.697314E28,-3.697314E28,-3.697314E28,-3.697314E28,0.0000000,3,Missing,-3.697314E28,-3.697314E28,-3.697314E28,Missing,-3.697314E28,-3.697314E28,-3.697314E28,Missing,-3.697314E28,-3.697314E28,-3.697314E28,Port 0x02: JJH T tibia tracker  s/n:3E4C8800,179574673,1738682511.218417574,1,OK,0.9053632,-0.2871541,-0.1606351,0.2684331,100.654,76.700,-1663.551,0.2515132,3,OK,100.809,76.594,-1663.404,OK,108.298,-5.048,-1613.955,OK,28.455,24.678,-1675.763,Port 0x03: JJH Y femur tracker  s/n:3E4C8801,179574673,1738682511.218417574,1,OK,0.9795556,0.0284520,0.1967941,0.0305519,-279.520,259.249,-1703.594,0.3035951,3,OK,-279.198,259.207,-1703.731,OK,-337.297,335.059,-1675.698,OK,-365.503,252.859,-1667.739
3,Port 0x01: JJH Probe  s/n:3E4C880C,179574676,1738682511.268417574,1,Too Few Markers,-3.697314E28,-3.697314E28,-3.697314E28,-3.697314E28,-3.697314E28,-3.697314E28,-3.697314E28,0.0000000,3,Missing,-3.697314E28,-3.697314E28,-3.697314E28,Missing,-3.697314E28,-3.697314E28,-3.697314E28,Missing,-3.697314E28,-3.697314E28,-3.697314E28,Port 0x02: JJH T tibia tracker  s/n:3E4C8800,179574676,1738682511.268417574,1,OK,0.9049494,-0.2894474,-0.1599650,0.2677646,100.330,76.679,-1662.461,0.2737177,3,OK,100.489,76.557,-1662.302,OK,107.761,-4.836,-1612.512,OK,28.037,24.748,-1674.467,Port 0x03: JJH Y femur tracker  s/n:3E4C8801,179574676,1738682511.268417574,1,OK,0.9824327,0.0267101,0.1807644,0.0379044,-281.164,256.643,-1709.238,0.3045416,3,OK,-280.846,256.611,-1709.361,OK,-340.887,331.606,-1683.264,OK,-368.181,249.042,-1676.247
3,Port 0x01: JJH Probe  s/n:3E4C880C,179574679,1738682511.318417574,1,Too Few Markers,-3.697314E28,-3.697314E28,-3.697314E28,-3.697314E28,-3.697314E28,-3.697314E28,-3.697314E28,0.0000000,3,Missing,-3.697314E28,-3.697314E28,-3.697314E28,Missing,-3.697314E28,-3.697314E28,-3.697314E28,Missing,-3.697314E28,-3.697314E28,-3.697314E28,Port 0x02: JJH T tibia tracker  s/n:3E4C8800,179574679,1738682511.318417574,1,OK,0.9045464,-0.2920941,-0.1591943,0.2667097,100.006,76.614,-1661.477,0.2716275,3,OK,100.165,76.492,-1661.317,OK,107.160,-4.668,-1611.104,OK,27.563,24.841,-1673.277,Port 0x03: JJH Y femur tracker  s/n:3E4C8801,179574679,1738682511.318417574,1,OK,0.9846363,0.0256913,0.1669418,0.0442919,-282.402,254.445,-1714.547,0.3189687,3,OK,-282.069,254.410,-1714.665,OK,-343.747,328.637,-1690.194,OK,-370.220,245.775,-1684.047
3,Port 0x01: JJH Probe  s/n:3E4C880C,179574682,1738682511.368417574,1,Too Few Markers,-3.697314E28,-3.697314E28,-3.697314E28,-3.697314E28,-3.697314E28,-3.697314E28,-3.697314E28,0.0000000,3,Missing,-3.697314E28,-3.697314E28,-3.697314E28,Missing,-3.697314E28,-3.697314E28,-3.697314E28,Missing,-3.697314E28,-3.697314E28,-3.697314E28,Port 0x02: JJH T tibia tracker  s/n:3E4C8800,179574682,1738682511.368417574,1,OK,0.9037985,-0.2956197,-0.1588533,0.2655614,99.722,76.597,-1660.380,0.2587436,3,OK,99.878,76.478,-1660.221,OK,106.542,-4.380,-1609.437,OK,27.131,24.971,-1672.010,Port 0x03: JJH Y femur tracker  s/n:3E4C8801,179574682,1738682511.368417574,1,OK,0.9864519,0.0243426,0.1543902,0.0498374,-283.251,252.505,-1719.460,0.3201163,3,OK,-282.914,252.479,-1719.569,OK,-345.978,326.032,-1696.689,OK,-371.734,242.894,-1691.228
3,Port 0x01: JJH Probe  s/n:3E4C880C,179574685,1738682511.418417574,1,Too Few Markers,-3.697314E28,-3.697314E28,-3.697314E28,-3.697314E28,-3.697314E28,-3.697314E28,-3.697314E28,0.0000000,3,Missing,-3.697314E28,-3.697314E28,-3.697314E28,Missing,-3.697314E28,-3.697314E28,-3.697314E28,Missing,-3.697314E28,-3.697314E28,-3.697314E28,Port 0x02: JJH T tibia tracker  s/n:3E4C8800,179574685,1738682511.418417574,1,OK,0.9033238,-0.2985055,-0.1577274,0.2646179,99.423,76.530,-1659.359,0.2517641,3,OK,99.577,76.427,-1659.210,OK,105.976,-4.183,-1607.945,OK,26.691,25.054,-1670.695,Port 0x03: JJH Y femur tracker  s/n:3E4C8801,179574685,1738682511.418417574,1,OK,0.9880617,0.0228260,0.1419891,0.0552461,-283.963,250.646,-1724.114,0.3291876,3,OK,-283.618,250.625,-1724.217,OK,-348.010,323.506,-1702.964,OK,-373.031,240.131,-1698.133
3,Port 0x01: JJH Probe  s/n:3E4C880C,179574688,1738682511.468417574,1,Too Few Markers,-3.697314E28,-3.697314E28,-3.697314E28,-3.697314E28,-3.697314E28,-3.697314E28,-3.697314E28,0.0000000,3,Missing,-3.697314E28,-3.697314E28,-3.697314E28,Missing,-3.697314E28,-3.697314E28,-3.697314E28,Missing,-3.697314E28,-3.697314E28,-3.697314E28,Port 0x02: JJH T tibia tracker  s/n:3E4C8800,179574688,1738682511.468417574,1,OK,0.9033979,-0.2994871,-0.1572583,0.2635328,99.104,76.216,-1658.713,0.2696483,3,OK,99.260,76.108,-1658.560,OK,105.411,-4.415,-1607.186,OK,26.262,24.901,-1669.970,Port 0x03: JJH Y femur tracker  s/n:3E4C8801,179574688,1738682511.468417574,1,OK,0.9893627,0.0213000,0.1304829,0.0606798,-284.585,248.690,-1728.721,0.3351520,3,OK,-284.228,248.673,-1728.818,OK,-349.875,320.876,-1709.111,OK,-374.133,237.243,-1704.836
3,Port 0x01: JJH Probe  s/n:3E4C880C,179574691,1738682511.518417574,1,Too Few Markers,-3.697314E28,-3.697314E28,-3.697314E28,-3.697314E28,-3.697314E28,-3.697314E28,-3.697314E28,0.0000000,3,Missing,-3.697314E28,-3.697314E28,-3.697314E28,Missing,-3.697314E28,-3.697314E28,-3.697314E28,Missing,-3.697314E28,-3.697314E28,-3.697314E28,Port 0x02: JJH T tibia tracker  s/n:3E4C8800,179574691,1738682511.518417574,1,OK,0.9033504,-0.3006464,-0.1574235,0.2622739,98.769,75.943,-1658.248,0.2519324,3,OK,98.919,75.835,-1658.097,OK,104.809,-4.632,-1606.558,OK,25.799,24.804,-1669.561,Port 0x03: JJH Y femur tracker  s/n:3E4C8801,179574691,1738682511.518417574,1,OK,0.9906859,0.0209094,0.1172863,0.0659413,-285.080,246.796,-1733.018,0.3430135,3,OK,-284.726,246.789,-1733.104,OK,-351.575,318.271,-1715.016,OK,-375.113,234.439,-1711.559
3,Port 0x01: JJH Probe  s/n:3E4C880C,179574694,1738682511.568417574,1,Too Few Markers,-3.697314E28,-3.697314E28,-3.697314E28,-3.697314E28,-3.697314E28,-3.697314E28,-3.697314E28,0.0000000,3,Missing,-3.697314E28,-3.697314E28,-3.697314E28,Missing,-3.697314E28,-3.697314E28,-3.697314E28,Missing,-3.697314E28,-3.697314E28,-3.697314E28,Port 0x02: JJH T tibia tracker  s/n:3E4C8800,179574694,1738682511.568417574,1,OK,0.9032942,-0.3018103,-0.1570922,0.2613277,98.495,75.814,-1657.449,0.2675446,3,OK,98.650,75.692,-1657.286,OK,104.320,-4.652,-1605.606,OK,25.414,24.813,-1668.702,Port 0x03: JJH Y femur tracker  s/n:3E4C8801,179574694,1738682511.568417574,1,OK,0.9915805,0.0200530,0.1062276,0.0712864,-285.426,244.917,-1737.460,0.3560620,3,OK,-285.065,244.919,-1737.539,OK,-353.037,315.669,-1720.894,OK,-375.790,231.637,-1718.038
3,Port 0x01: JJH Probe  s/n:3E4C880C,179574697,1738682511.618417574,1,Too Few Markers,-3.697314E28,-3.697314E28,-3.697314E28,-3.697314E28,-3.697314E28,-3.697314E28,-3.697314E28,0.0000000,3,Missing,-3.697314E28,-3.697314E28,-3.697314E28,Missing,-3.697314E28,-3.697314E28,-3.697314E28,Missing,-3.697314E28,-3.697314E28,-3.697314E28,Port 0x02: JJH T tibia tracker  s/n:3E4C8800,179574697,1738682511.618417574,1,OK,0.9031043,-0.3034090,-0.1568389,0.2602829,98.262,75.667,-1656.812,0.2567920,3,OK,98.411,75.546,-1656.652,OK,103.847,-4.675,-1604.725,OK,25.063,24.822,-1668.008,Port 0x03: JJH Y femur tracker  s/n:3E4C8801,179574697,1738682511.618417574,1,OK,0.9924338,0.0184353,0.0939022,0.0769262,-285.630,242.966,-1741.996,0.3578512,3,OK,-285.259,242.964,-1742.068,OK,-354.410,312.986,-1727.159,OK,-376.302,228.703,-1724.841
3,Port 0x01: JJH Probe  s/n:3E4C880C,179574700,1738682511.668417574,1,Too Few Markers,-3.697314E28,-3.697314E28,-3.697314E28,-3.697314E28,-3.697314E28,-3.697314E28,-3.697314E28,0.0000000,3,Missing,-3.697314E28,-3.697314E28,-3.697314E28,Missing,-3.697314E28,-3.697314E28,-3.697314E28,Missing,-3.697314E28,-3.697314E28,-3.697314E28,Port 0x02: JJH T tibia tracker  s/n:3E4C8800,179574700,1738682511.668417574,1,OK,0.9031653,-0.3044500,-0.1564231,0.2591033,97.919,75.384,-1656.248,0.2501859,3,OK,98.070,75.281,-1656.097,OK,103.251,-4.898,-1604.020,OK,24.591,24.714,-1667.388,Port 0x03: JJH Y femur tracker  s/n:3E4C8801,179574700,1738682511.668417574,1,OK,0.9931282,0.0169353,0.0809248,0.0828292,-285.786,240.861,-1746.803,0.3631829,3,OK,-285.414,240.877,-1746.864,OK,-355.717,310.074,-1733.788,OK,-376.721,225.562,-1732.039
3,Port 0x01: JJH Probe  s/n:3E4C880C,179574703,1738682511.718417574,1,Too Few Markers,-3.697314E28,-3.697314E28,-3.697314E28,-3.697314E28,-3.697314E28,-3.697314E28,-3.697314E28,0.0000000,3,Missing,-3.697314E28,-3.697314E28,-3.697314E28,Missing,-3.697314E28,-3.697314E28,-3.697314E28,Missing,-3.697314E28,-3.697314E28,-3.697314E28,Port 0x02: JJH T tibia tracker  s/n:3E4C8800,179574703,1738682511.718417574,1,OK,0.9032843,-0.3052881,-0.1562921,0.2577779,97.519,75.111,-1655.639,0.2480376,3,OK,97.670,75.001,-1655.485,OK,102.588,-5.127,-1603.312,OK,24.049,24.640,-1666.805,Port 0x03: JJH Y femur tracker  s/n:3E4C8801,179574703,1738682511.718417574,1,OK,0.9936050,0.0157450,0.0676679,0.0890071,-285.797,238.704,-1751.850,0.3747964,3,OK,-285.420,238.727,-1751.902,OK,-356.876,307.046,-1740.670,OK,-376.908,222.323,-1739.540
3,Port 0x01: JJH Probe  s/n:3E4C880C,179574706,1738682511.768417574,1,Too Few Markers,-3.697314E28,-3.697314E28,-3.697314E28,-3.697314E28,-3.697314E28,-3.697314E28,-3.697314E28,0.0000000,3,Missing,-3.697314E28,-3.697314E28,-3.697314E28,Missing,-3.697314E28,-3.697314E28,-3.697314E28,Missing,-3.697314E28,-3.697314E28,-3.697314E28,Port 0x02: JJH T tibia tracker  s/n:3E4C8800,179574706,1738682511.768417574,1,OK,0.9032926,-0.3065143,-0.1560616,0.2564296,97.159,74.829,-1654.967,0.2373329,3,OK,97.303,74.723,-1654.818,OK,101.941,-5.333,-1602.472,OK,23.551,24.560,-1666.116,Port 0x03: JJH Y femur tracker  s/n:3E4C8801,179574706,1738682511.768417574,1,OK,0.9938862,0.0139888,0.0540781,0.0952368,-285.557,236.516,-1757.005,0.3758433,3,OK,-285.178,236.541,-1757.046,OK,-357.745,303.991,-1747.814,OK,-376.764,219.035,-1747.202
3,Port 0x01: JJH Probe  s/n:3E4C880C,179574709,1738682511.818417574,1,Too Few Markers,-3.697314E28,-3.697314E28,-3.697314E28,-3.697314E28,-3.697314E28,-3.697314E28,-3.697314E28,0.0000000,3,Missing,-3.697314E28,-3.697314E28,-3.697314E28,Missing,-3.697314E28,-3.697314E28,-3.697314E28,Missing,-3.697314E28,-3.697314E28,-3.697314E28,Port 0x02: JJH T tibia tracker  s/n:3E4C8800,179574709,1738682511.818417574,1,OK,0.9034391,-0.3075841,-0.1554820,0.2549807,96.781,74.487,-1654.229,0.2533720,3,OK,96.936,74.388,-1654.078,OK,101.251,-5.594,-1601.616,OK,23.021,24.432,-1665.300,Port 0x03: JJH Y femur tracker  s/n:3E4C8801,179574709,1738682511.818417574,1,OK,0.9939852,0.0124542,0.0397700,0.1012747,-285.124,234.284,-1762.036,0.3829813,3,OK,-284.735,234.320,-1762.067,OK,-358.330,300.895,-1754.926,OK,-376.377,215.727,-1754.876
3,Port 0x01: JJH Probe  s/n:3E4C880C,179574712,1738682511.868417574,1,Too Few Markers,-3.697314E28,-3.697314E28,-3.697314E28,-3.697314E28,-3.697314E28,-3.697314E28,-3.697314E28,0.0000000,3,Missing,-3.697314E28,-3.697314E28,-3.697314E28,Missing,-3.697314E28,-3.697314E28,-3.697314E28,Missing,-3.697314E28,-3.697314E28,-3.697314E28,Port 0x02: JJH T tibia tracker  s/n:3E4C8800,179574712,1738682511.868417574,1,OK,0.9034665,-0.3090079,-0.1551834,0.2533389,96.346,74.106,-1653.643,0.2251720,3,OK,96.488,74.023,-1653.509,OK,100.478,-5.902,-1600.824,OK,22.418,24.306,-1664.701,Port 0x03: JJH Y femur tracker  s/n:3E4C8801,179574712,1738682511.868417574,1,OK,0.9938052,0.0113800,0.0269734,0.1072104,-284.583,232.204,-1767.086,0.3874229,3,OK,-284.213,232.260,-1767.105,OK,-358.703,297.926,-1761.816,OK,-375.765,212.596,-1762.297
3,Port 0x01: JJH Probe  s/n:3E4C880C,179574715,1738682511.918417574,1,Too Few Markers,-3.697314E28,-3.697314E28,-3.697314E28,-3.697314E28,-3.697314E28,-3.697314E28,-3.697314E28,0.0000000,3,Missing,-3.697314E28,-3.697314E28,-3.697314E28,Missing,-3.697314E28,-3.697314E28,-3.697314E28,Missing,-3.697314E28,-3.697314E28,-3.697314E28,Port 0x02: JJH T tibia tracker  s/n:3E4C8800,179574715,1738682511.918417574,1,OK,0.9038564,-0.3091818,-0.1549643,0.2518654,95.916,73.682,-1653.124,0.2504170,3,OK,96.071,73.586,-1652.976,OK,99.766,-6.329,-1600.348,OK,21.842,24.097,-1664.224,Port 0x03: JJH Y femur tracker  s/n:3E4C8801,179574715,1738682511.918417574,1,OK,0.9934730,0.0095135,0.0140705,0.1127955,-283.905,230.202,-1771.916,0.3931427,3,OK,-283.520,230.252,-1771.927,OK,-358.867,295.114,-1768.636,OK,-374.962,209.601,-1769.497
3,Port 0x01: JJH Probe  s/n:3E4C880C,179574718,1738682511.968417574,1,Too Few Markers,-3.697314E28,-3.697314E28,-3.697314E28,-3.697314E28,-3.697314E28,-3.697314E28,-3.697314E28,0.0000000,3,Missing,-3.697314E28,-3.697314E28,-3.697314E28,Missing,-3.697314E28,-3.697314E28,-3.697314E28,Missing,-3.697314E28,-3.697314E28,-3.697314E28,Port 0x02: JJH T tibia tracker  s/n:3E4C8800,179574718,1738682511.968417574,1,OK,0.9040549,-0.3097844,-0.1549320,0.2504286,95.511,73.366,-1652.540,0.2508198,3,OK,95.666,73.268,-1652.389,OK,99.076,-6.625,-1599.716,OK,21.299,23.992,-1663.697,Port 0x03: JJH Y femur tracker  s/n:3E4C8801,179574718,1738682511.968417574,1,OK,0.9929259,0.0084509,0.0007129,0.1184322,-283.088,228.221,-1776.621,0.4034621,3,OK,-282.705,228.284,-1776.621,OK,-358.821,292.272,-1775.298,OK,-373.947,206.621,-1776.669
3,Port 0x01: JJH Probe  s/n:3E4C880C,179574721,1738682512.018417574,1,Too Few Markers,-3.697314E28,-3.697314E28,-3.697314E28,-3.697314E28,-3.697314E28,-3.697314E28,-3.697314E28,0.0000000,3,Missing,-3.697314E28,-3.697314E28,-3.697314E28,Missing,-3.697314E28,-3.697314E28,-3.697314E28,Missing,-3.697314E28,-3.697314E28,-3.697314E28,Port 0x02: JJH T tibia tracker  s/n:3E4C8800,179574721,1738682512.018417574,1,OK,0.9042522,-0.3101785,-0.1549129,0.2492374,95.219,73.031,-1652.085,0.2436067,3,OK,95.366,72.933,-1651.939,OK,98.551,-6.962,-1599.235,OK,20.905,23.838,-1663.293,Port 0x03: JJH Y femur tracker  s/n:3E4C8801,179574721,1738682512.018417574,1,OK,0.9921897,0.0073433,-0.0116759,0.1239729,-282.117,226.186,-1781.260,0.4069516,3,OK,-281.736,226.263,-1781.250,OK,-358.550,289.395,-1781.788,OK,-372.712,203.591,-1783.589
3,Port 0x01: JJH Probe  s/n:3E4C880C,179574724,1738682512.068417574,1,Too Few Markers,-3.697314E28,-3.697314E28,-3.697314E28,-3.697314E28,-3.697314E28,-3.697314E28,-3.697314E28,0.0000000,3,Missing,-3.697314E28,-3.697314E28,-3.697314E28,Missing,-3.697314E28,-3.697314E28,-3.697314E28,Missing,-3.697314E28,-3.697314E28,-3.697314E28,Port 0x02: JJH T tibia tracker  s/n:3E4C8800,179574724,1738682512.068417574,1,OK,0.9045335,-0.3103824,-0.1546386,0.2481307,94.922,72.811,-1651.651,0.2492430,3,OK,95.072,72.712,-1651.502,OK,98.049,-7.185,-1598.806,OK,20.495,23.791,-1662.872,Port 0x03: JJH Y femur tracker  s/n:3E4C8801,179574724,1738682512.068417574,1,OK,0.9912684,0.0053833,-0.0236166,0.1296158,-281.056,224.331,-1785.815,0.4048399,3,OK,-280.683,224.410,-1785.796,OK,-358.156,286.676,-1788.273,OK,-371.302,200.723,-1790.316
3,Port 0x01: JJH Probe  s/n:3E4C880C,179574727,1738682512.118417574,1,Too Few Markers,-3.697314E28,-3.697314E28,-3.697314E28,-3.697314E28,-3.697314E28,-3.697314E28,-3.697314E28,0.0000000,3,Missing,-3.697314E28,-3.697314E28,-3.697314E28,Missing,-3.697314E28,-3.697314E28,-3.697314E28,Missing,-3.697314E28,-3.697314E28,-3.697314E28,Port 0x02: JJH T tibia tracker  s/n:3E4C8800,179574727,1738682512.118417574,1,OK,0.9047570,-0.3106130,-0.1541887,0.2473058,94.677,72.577,-1651.304,0.2514439,3,OK,94.823,72.483,-1651.161,OK,97.646,-7.414,-1598.448,OK,20.171,23.696,-1662.480,Port 0x03: JJH Y femur tracker  s/n:3E4C8801,179574727,1738682512.118417574,1,OK,0.9901368,0.0048982,-0.0366237,0.1351437,-279.908,222.267,-1790.294,0.4159129,3,OK,-279.527,222.365,-1790.265,OK,-357.595,283.749,-1794.633,OK,-369.758,197.669,-1797.193
3,Port 0x01: JJH Probe  s/n:3E4C880C,179574730,1738682512.168417574,1,Too Few Markers,-3.697314E28,-3.697314E28,-3.697314E28,-3.697314E28,-3.697314E28,-3.697314E28,-3.697314E28,0.0000000,3,Missing,-3.697314E28,-3.697314E28,-3.697314E28,Missing,-3.697314E28,-3.697314E28,-3.697314E28,Missing,-3.697314E28,-3.697314E28,-3.697314E28,Port 0x02: JJH T tibia tracker  s/n:3E4C8800,179574730,1738682512.168417574,1,OK,0.9049080,-0.3107810,-0.1543234,0.2464569,94.464,72.413,-1651.014,0.2424053,3,OK,94.610,72.315,-1650.869,OK,97.283,-7.594,-1598.151,OK,19.870,23.658,-1662.272,Port 0x03: JJH Y femur tracker  s/n:3E4C8801,179574730,1738682512.168417574,1,OK,0.9888391,0.0026308,-0.0487515,0.1407605,-278.564,220.369,-1794.770,0.4098950,3,OK,-278.197,220.460,-1794.733,OK,-356.810,280.970,-1801.139,OK,-367.916,194.767,-1803.846
3,Port 0x01: JJH Probe  s/n:3E4C880C,179574733,1738682512.218417574,1,Too Few Markers,-3.697314E28,-3.697314E28,-3.697314E28,-3.697314E28,-3.697314E28,-3.697314E28,-3.697314E28,0.0000000,3,Missing,-3.697314E28,-3.697314E28,-3.697314E28,Missing,-3.697314E28,-3.697314E28,-3.697314E28,Missing,-3.697314E28,-3.697314E28,-3.697314E28,Port 0x02: JJH T tibia tracker  s/n:3E4C8800,179574733,1738682512.218417574,1,OK,0.9052668,-0.3104694,-0.1541838,0.2456178,94.227,72.207,-1650.655,0.2556127,3,OK,94.373,72.103,-1650.505,OK,96.897,-7.843,-1597.886,OK,19.563,23.583,-1661.950,Port 0x03: JJH Y femur tracker  s/n:3E4C8801,179574733,1738682512.218417574,1,OK,0.9873649,0.0010779,-0.0607945,0.1463331,-277.109,218.449,-1799.192,0.4085518,3,OK,-276.755,218.544,-1799.147,OK,-355.848,278.160,-1807.491,OK,-365.912,191.851,-1810.438
3,Port 0x01: JJH Probe  s/n:3E4C880C,179574736,1738682512.268417574,1,Too Few Markers,-3.697314E28,-3.697314E28,-3.697314E28,-3.697314E28,-3.697314E28,-3.697314E28,-3.697314E28,0.0000000,3,Missing,-3.697314E28,-3.697314E28,-3.697314E28,Missing,-3.697314E28,-3.697314E28,-3.697314E28,Missing,-3.697314E28,-3.697314E28,-3.697314E28,Port 0x02: JJH T tibia tracker  s/n:3E4C8800,179574736,1738682512.268417574,1,OK,0.9054358,-0.3107985,-0.1541521,0.2445963,93.981,71.926,-1650.434,0.2211397,3,OK,94.118,71.847,-1650.305,OK,96.466,-8.156,-1597.615,OK,19.219,23.465,-1661.782,Port 0x03: JJH Y femur tracker  s/n:3E4C8801,179574736,1738682512.268417574,1,OK,0.9856707,0.0003767,-0.0740966,0.1515351,-275.591,216.546,-1803.466,0.4333330,3,OK,-275.204,216.657,-1803.407,OK,-354.714,275.421,-1813.762,OK,-363.806,189.031,-1817.130
3,Port 0x01: JJH Probe  s/n:3E4C880C,179574739,1738682512.318417574,1,Too Few Markers,-3.697314E28,-3.697314E28,-3.697314E28,-3.697314E28,-3.697314E28,-3.697314E28,-3.697314E28,0.0000000,3,Missing,-3.697314E28,-3.697314E28,-3.697314E28,Missing,-3.697314E28,-3.697314E28,-3.697314E28,Missing,-3.697314E28,-3.697314E28,-3.697314E28,Port 0x02: JJH T tibia tracker  s/n:3E4C8800,179574739,1738682512.318417574,1,OK,0.9058669,-0.3102588,-0.1541407,0.2436909,93.684,71.716,-1650.088,0.2568496,3,OK,93.832,71.612,-1649.937,OK,96.010,-8.413,-1597.423,OK,18.846,23.385,-1661.510,Port 0x03: JJH Y femur tracker  s/n:3E4C8801,179574739,1738682512.318417574,1,OK,0.9838473,-0.0015711,-0.0863387,0.1568042,-273.948,214.804,-1807.625,0.4303712,3,OK,-273.552,214.911,-1807.554,OK,-353.422,272.841,-1819.958,OK,-361.499,186.332,-1823.461
3,Port 0x01: JJH Probe  s/n:3E4C880C,179574742,1738682512.368417574,1,Too Few Markers,-3.697314E28,-3.697314E28,-3.697314E28,-3.697314E28,-3.697314E28,-3.697314E28,-3.697314E28,0.0000000,3,Missing,-3.697314E28,-3.697314E28,-3.697314E28,Missing,-3.697314E28,-3.697314E28,-3.697314E28,Missing,-3.697314E28,-3.697314E28,-3.697314E28,Port 0x02: JJH T tibia tracker  s/n:3E4C8800,179574742,1738682512.368417574,1,OK,0.9060814,-0.3104332,-0.1540557,0.2427233,93.426,71.431,-1649.848,0.2317362,3,OK,93.564,71.338,-1649.711,OK,95.584,-8.731,-1597.165,OK,18.494,23.260,-1661.318,Port 0x03: JJH Y femur tracker  s/n:3E4C8801,179574742,1738682512.368417574,1,OK,0.9819824,-0.0028511,-0.0973845,0.1619220,-272.216,213.006,-1811.744,0.4157247,3,OK,-271.859,213.123,-1811.671,OK,-351.978,270.204,-1825.857,OK,-359.068,183.622,-1829.536
3,Port 0x01: JJH Probe  s/n:3E4C880C,179574745,1738682512.418417574,1,Too Few Markers,-3.697314E28,-3.697314E28,-3.697314E28,-3.697314E28,-3.697314E28,-3.697314E28,-3.697314E28,0.0000000,3,Missing,-3.697314E28,-3.697314E28,-3.697314E28,Missing,-3.697314E28,-3.697314E28,-3.697314E28,Missing,-3.697314E28,-3.697314E28,-3.697314E28,Port 0x02: JJH T tibia tracker  s/n:3E4C8800,179574745,1738682512.418417574,1,OK,0.9064880,-0.3097732,-0.1543354,0.2418689,93.154,71.206,-1649.508,0.2608320,3,OK,93.307,71.099,-1649.353,OK,95.161,-9.027,-1596.997,OK,18.160,23.146,-1661.105,Port 0x03: JJH Y femur tracker  s/n:3E4C8801,179574745,1738682512.418417574,1,OK,0.9799400,-0.0035236,-0.1090204,0.1667926,-270.406,211.319,-1815.612,0.4240598,3,OK,-270.048,211.453,-1815.529,OK,-350.382,267.719,-1831.511,OK,-356.530,181.078,-1835.479
3,Port 0x01: JJH Probe  s/n:3E4C880C,179574748,1738682512.468417574,1,Too Few Markers,-3.697314E28,-3.697314E28,-3.697314E28,-3.697314E28,-3.697314E28,-3.697314E28,-3.697314E28,0.0000000,3,Missing,-3.697314E28,-3.697314E28,-3.697314E28,Missing,-3.697314E28,-3.697314E28,-3.697314E28,Missing,-3.697314E28,-3.697314E28,-3.697314E28,Port 0x02: JJH T tibia tracker  s/n:3E4C8800,179574748,1738682512.468417574,1,OK,0.9067132,-0.3097924,-0.1541572,0.2411129,92.989,70.985,-1649.343,0.2471111,3,OK,93.136,70.885,-1649.196,OK,94.869,-9.278,-1596.839,OK,17.920,23.054,-1660.961,Port 0x03: JJH Y femur tracker  s/n:3E4C8801,179574748,1738682512.468417574,1,OK,0.9778859,-0.0055530,-0.1194324,0.1715935,-268.573,209.696,-1819.317,0.4133724,3,OK,-268.231,209.812,-1819.231,OK,-348.748,265.295,-1837.029,OK,-353.923,178.607,-1840.972
3,Port 0x01: JJH Probe  s/n:3E4C880C,179574751,1738682512.518417574,1,Too Few Markers,-3.697314E28,-3.697314E28,-3.697314E28,-3.697314E28,-3.697314E28,-3.697314E28,-3.697314E28,0.0000000,3,Missing,-3.697314E28,-3.697314E28,-3.697314E28,Missing,-3.697314E28,-3.697314E28,-3.697314E28,Missing,-3.697314E28,-3.697314E28,-3.697314E28,Port 0x02: JJH T tibia tracker  s/n:3E4C8800,179574751,1738682512.518417574,1,OK,0.9070814,-0.3091762,-0.1541969,0.2404928,92.834,70.824,-1649.127,0.2663518,3,OK,92.981,70.703,-1648.966,OK,94.619,-9.500,-1596.766,OK,17.717,22.990,-1660.819,Port 0x03: JJH Y femur tracker  s/n:3E4C8801,179574751,1738682512.518417574,1,OK,0.9758277,-0.0059654,-0.1296393,0.1758360,-266.803,208.237,-1822.703,0.4233350,3,OK,-266.468,208.384,-1822.610,OK,-347.069,263.128,-1841.965,OK,-351.430,176.405,-1846.163
3,Port 0x01: JJH Probe  s/n:3E4C880C,179574754,1738682512.568417574,1,Too Few Markers,-3.697314E28,-3.697314E28,-3.697314E28,-3.697314E28,-3.697314E28,-3.697314E28,-3.697314E28,0.0000000,3,Missing,-3.697314E28,-3.697314E28,-3.697314E28,Missing,-3.697314E28,-3.697314E28,-3.697314E28,Missing,-3.697314E28,-3.697314E28,-3.697314E28,Port 0x02: JJH T tibia tracker  s/n:3E4C8800,179574754,1738682512.568417574,1,OK,0.9073223,-0.3090914,-0.1538109,0.2399394,92.700,70.677,-1649.000,0.2497463,3,OK,92.839,70.574,-1648.856,OK,94.398,-9.684,-1596.652,OK,17.526,22.949,-1660.666,Port 0x03: JJH Y femur tracker  s/n:3E4C8801,179574754,1738682512.568417574,1,OK,0.9736889,-0.0070307,-0.1395945,0.1799831,-265.043,206.846,-1825.926,0.4280086,3,OK,-264.700,206.994,-1825.822,OK,-345.382,261.046,-1846.803,OK,-348.900,174.293,-1851.108
3,Port 0x01: JJH Probe  s/n:3E4C880C,179574757,1738682512.618417574,1,Too Few Markers,-3.697314E28,-3.697314E28,-3.697314E28,-3.697314E28,-3.697314E28,-3.697314E28,-3.697314E28,0.0000000,3,Missing,-3.697314E28,-3.697314E28,-3.697314E28,Missing,-3.697314E28,-3.697314E28,-3.697314E28,Missing,-3.697314E28,-3.697314E28,-3.697314E28,Port 0x02: JJH T tibia tracker  s/n:3E4C8800,179574757,1738682512.618417574,1,OK,0.9075591,-0.3087298,-0.1538334,0.2394946,92.603,70.538,-1648.870,0.2463308,3,OK,92.738,70.435,-1648.728,OK,94.234,-9.877,-1596.596,OK,17.395,22.884,-1660.586,Port 0x03: JJH Y femur tracker  s/n:3E4C8801,179574757,1738682512.618417574,1,OK,0.9715743,-0.0090781,-0.1484291,0.1842004,-263.217,205.481,-1829.079,0.4066336,3,OK,-262.904,205.613,-1828.978,OK,-343.622,258.964,-1851.551,OK,-346.282,172.169,-1855.727
3,Port 0x01: JJH Probe  s/n:3E4C880C,179574760,1738682512.668417574,1,Too Few Markers,-3.697314E28,-3.697314E28,-3.697314E28,-3.697314E28,-3.697314E28,-3.697314E28,-3.697314E28,0.0000000,3,Missing,-3.697314E28,-3.697314E28,-3.697314E28,Missing,-3.697314E28,-3.697314E28,-3.697314E28,Missing,-3.697314E28,-3.697314E28,-3.697314E28,Port 0x02: JJH T tibia tracker  s/n:3E4C8800,179574760,1738682512.668417574,1,OK,0.9078628,-0.3082897,-0.1536427,0.2390324,92.464,70.389,-1648.745,0.2580048,3,OK,92.611,70.292,-1648.602,OK,94.023,-10.077,-1596.567,OK,17.209,22.806,-1660.473,Port 0x03: JJH Y femur tracker  s/n:3E4C8801,179574760,1738682512.668417574,1,OK,0.9693275,-0.0103932,-0.1580473,0.1879288,-261.442,204.196,-1831.931,0.4163095,3,OK,-261.093,204.326,-1831.811,OK,-341.825,257.058,-1856.007,OK,-343.719,170.222,-1860.214
3,Port 0x01: JJH Probe  s/n:3E4C880C,179574763,1738682512.718417574,1,Too Few Markers,-3.697314E28,-3.697314E28,-3.697314E28,-3.697314E28,-3.697314E28,-3.697314E28,-3.697314E28,0.0000000,3,Missing,-3.697314E28,-3.697314E28,-3.697314E28,Missing,-3.697314E28,-3.697314E28,-3.697314E28,Missing,-3.697314E28,-3.697314E28,-3.697314E28,Port 0x02: JJH T tibia tracker  s/n:3E4C8800,179574763,1738682512.718417574,1,OK,0.9079757,-0.3081664,-0.1541634,0.2384267,92.301,70.240,-1648.591,0.2420578,3,OK,92.444,70.130,-1648.441,OK,93.771,-10.271,-1596.444,OK,16.986,22.745,-1660.479,Port 0x03: JJH Y femur tracker  s/n:3E4C8801,179574763,1738682512.718417574,1,OK,0.9672708,-0.0111620,-0.1660596,0.1915380,-259.667,203.008,-1834.743,0.3940549,3,OK,-259.355,203.130,-1834.630,OK,-340.042,255.267,-1860.117,OK,-341.175,168.415,-1864.371
3,Port 0x01: JJH Probe  s/n:3E4C880C,179574766,1738682512.768417574,1,Too Few Markers,-3.697314E28,-3.697314E28,-3.697314E28,-3.697314E28,-3.697314E28,-3.697314E28,-3.697314E28,0.0000000,3,Missing,-3.697314E28,-3.697314E28,-3.697314E28,Missing,-3.697314E28,-3.697314E28,-3.697314E28,Missing,-3.697314E28,-3.697314E28,-3.697314E28,Port 0x02: JJH T tibia tracker  s/n:3E4C8800,179574766,1738682512.768417574,1,OK,0.9082207,-0.3078626,-0.1541210,0.2379129,92.170,70.087,-1648.414,0.2499387,3,OK,92.311,69.972,-1648.261,OK,93.550,-10.461,-1596.345,OK,16.820,22.673,-1660.334,Port 0x03: JJH Y femur tracker  s/n:3E4C8801,179574766,1738682512.768417574,1,OK,0.9651254,-0.0124449,-0.1742015,0.1950176,-257.984,201.911,-1837.163,0.4013006,3,OK,-257.661,202.031,-1837.040,OK,-338.310,253.567,-1863.926,OK,-338.729,166.716,-1868.141
3,Port 0x01: JJH Probe  s/n:3E4C880C,179574769,1738682512.818417574,1,Too Few Markers,-3.697314E28,-3.697314E28,-3.697314E28,-3.697314E28,-3.697314E28,-3.697314E28,-3.697314E28,0.0000000,3,Missing,-3.697314E28,-3.697314E28,-3.697314E28,Missing,-3.697314E28,-3.697314E28,-3.697314E28,Missing,-3.697314E28,-3.697314E28,-3.697314E28,Port 0x02: JJH T tibia tracker  s/n:3E4C8800,179574769,1738682512.818417574,1,OK,0.9084790,-0.3077012,-0.1535376,0.2375122,92.096,69.955,-1648.397,0.2443832,3,OK,92.232,69.864,-1648.263,OK,93.407,-10.625,-1596.358,OK,16.712,22.624,-1660.235,Port 0x03: JJH Y femur tracker  s/n:3E4C8801,179574769,1738682512.818417574,1,OK,0.9631535,-0.0136678,-0.1814699,0.1980336,-256.371,200.914,-1839.499,0.3940189,3,OK,-256.052,201.027,-1839.373,OK,-336.617,252.053,-1867.511,OK,-336.405,165.187,-1871.668
3,Port 0x01: JJH Probe  s/n:3E4C880C,179574772,1738682512.868417574,1,Too Few Markers,-3.697314E28,-3.697314E28,-3.697314E28,-3.697314E28,-3.697314E28,-3.697314E28,-3.697314E28,0.0000000,3,Missing,-3.697314E28,-3.697314E28,-3.697314E28,Missing,-3.697314E28,-3.697314E28,-3.697314E28,Missing,-3.697314E28,-3.697314E28,-3.697314E28,Port 0x02: JJH T tibia tracker  s/n:3E4C8800,179574772,1738682512.868417574,1,OK,0.9086942,-0.3071532,-0.1538078,0.2372235,92.017,69.888,-1648.324,0.2438592,3,OK,92.159,69.792,-1648.183,OK,93.299,-10.760,-1596.387,OK,16.604,22.596,-1660.263,Port 0x03: JJH Y femur tracker  s/n:3E4C8801,179574772,1738682512.868417574,1,OK,0.9612579,-0.0142504,-0.1881138,0.2009808,-254.835,200.005,-1841.660,0.3944362,3,OK,-254.529,200.128,-1841.532,OK,-335.006,250.635,-1870.742,OK,-334.194,163.781,-1874.930
3,Port 0x01: JJH Probe  s/n:3E4C880C,179574775,1738682512.918417574,1,Too Few Markers,-3.697314E28,-3.697314E28,-3.697314E28,-3.697314E28,-3.697314E28,-3.697314E28,-3.697314E28,0.0000000,3,Missing,-3.697314E28,-3.697314E28,-3.697314E28,Missing,-3.697314E28,-3.697314E28,-3.697314E28,Missing,-3.697314E28,-3.697314E28,-3.697314E28,Port 0x02: JJH T tibia tracker  s/n:3E4C8800,179574775,1738682512.918417574,1,OK,0.9089039,-0.3066406,-0.1540941,0.2368971,91.919,69.781,-1648.243,0.2524797,3,OK,92.059,69.661,-1648.088,OK,93.164,-10.919,-1596.413,OK,16.482,22.539,-1660.286,Port 0x03: JJH Y femur tracker  s/n:3E4C8801,179574775,1738682512.918417574,1,OK,0.9594691,-0.0146500,-0.1943020,0.2035953,-253.415,199.140,-1843.619,0.3775819,3,OK,-253.129,199.263,-1843.495,OK,-333.496,249.340,-1873.677,OK,-332.124,162.470,-1877.910
3,Port 0x01: JJH Probe  s/n:3E4C880C,179574778,1738682512.968417574,1,Too Few Markers,-3.697314E28,-3.697314E28,-3.697314E28,-3.697314E28,-3.697314E28,-3.697314E28,-3.697314E28,0.0000000,3,Missing,-3.697314E28,-3.697314E28,-3.697314E28,Missing,-3.697314E28,-3.697314E28,-3.697314E28,Missing,-3.697314E28,-3.697314E28,-3.697314E28,Port 0x02: JJH T tibia tracker  s/n:3E4C8800,179574778,1738682512.968417574,1,OK,0.9089823,-0.3066218,-0.1541056,0.2366131,91.859,69.689,-1648.228,0.2302334,3,OK,91.993,69.584,-1648.087,OK,93.063,-11.043,-1596.392,OK,16.394,22.499,-1660.299,Port 0x03: JJH Y femur tracker  s/n:3E4C8801,179574778,1738682512.968417574,1,OK,0.9577099,-0.0158561,-0.2001040,0.2061522,-252.067,198.337,-1845.395,0.3781700,3,OK,-251.772,198.445,-1845.264,OK,-332.060,248.086,-1876.491,OK,-330.146,161.227,-1880.604
3,Port 0x01: JJH Probe  s/n:3E4C880C,179574781,1738682513.018417574,1,Too Few Markers,-3.697314E28,-3.697314E28,-3.697314E28,-3.697314E28,-3.697314E28,-3.697314E28,-3.697314E28,0.0000000,3,Missing,-3.697314E28,-3.697314E28,-3.697314E28,Missing,-3.697314E28,-3.697314E28,-3.697314E28,Missing,-3.697314E28,-3.697314E28,-3.697314E28,Port 0x02: JJH T tibia tracker  s/n:3E4C8800,179574781,1738682513.018417574,1,OK,0.9091522,-0.3061878,-0.1542477,0.2364294,91.814,69.645,-1648.089,0.2345448,3,OK,91.945,69.528,-1647.943,OK,93.000,-11.133,-1596.338,OK,16.339,22.484,-1660.221,Port 0x03: JJH Y femur tracker  s/n:3E4C8801,179574781,1738682513.018417574,1,OK,0.9562498,-0.0158261,-0.2049434,0.2081684,-250.856,197.664,-1846.933,0.3784429,3,OK,-250.585,197.794,-1846.807,OK,-330.743,247.067,-1878.739,OK,-328.420,160.230,-1882.950
3,Port 0x01: JJH Probe  s/n:3E4C880C,179574784,1738682513.068417574,1,Too Few Markers,-3.697314E28,-3.697314E28,-3.697314E28,-3.697314E28,-3.697314E28,-3.697314E28,-3.697314E28,0.0000000,3,Missing,-3.697314E28,-3.697314E28,-3.697314E28,Missing,-3.697314E28,-3.697314E28,-3.697314E28,Missing,-3.697314E28,-3.697314E28,-3.697314E28,Port 0x02: JJH T tibia tracker  s/n:3E4C8800,179574784,1738682513.068417574,1,OK,0.9093944,-0.3055833,-0.1541858,0.2363206,91.747,69.604,-1648.048,0.2608622,3,OK,91.891,69.475,-1647.887,OK,92.927,-11.214,-1596.422,OK,16.262,22.457,-1660.198,Port 0x03: JJH Y femur tracker  s/n:3E4C8801,179574784,1738682513.068417574,1,OK,0.9548004,-0.0171851,-0.2095512,0.2101172,-249.788,197.078,-1848.231,0.3671139,3,OK,-249.500,197.183,-1848.096,OK,-329.581,246.148,-1880.916,OK,-326.831,159.282,-1884.952
3,Port 0x01: JJH Probe  s/n:3E4C880C,179574787,1738682513.118417574,1,Too Few Markers,-3.697314E28,-3.697314E28,-3.697314E28,-3.697314E28,-3.697314E28,-3.697314E28,-3.697314E28,0.0000000,3,Missing,-3.697314E28,-3.697314E28,-3.697314E28,Missing,-3.697314E28,-3.697314E28,-3.697314E28,Missing,-3.697314E28,-3.697314E28,-3.697314E28,Port 0x02: JJH T tibia tracker  s/n:3E4C8800,179574787,1738682513.118417574,1,OK,0.9094272,-0.3057730,-0.1540135,0.2360612,91.677,69.534,-1647.985,0.2311082,3,OK,91.809,69.426,-1647.844,OK,92.816,-11.299,-1596.308,OK,16.164,22.443,-1660.118,Port 0x03: JJH Y femur tracker  s/n:3E4C8801,179574787,1738682513.118417574,1,OK,0.9534654,-0.0169229,-0.2139285,0.2117825,-248.811,196.506,-1849.434,0.3781044,3,OK,-248.521,196.635,-1849.293,OK,-328.491,245.299,-1882.731,OK,-325.400,158.451,-1886.898
3,Port 0x01: JJH Probe  s/n:3E4C880C,179574790,1738682513.168417572,1,Too Few Markers,-3.697314E28,-3.697314E28,-3.697314E28,-3.697314E28,-3.697314E28,-3.697314E28,-3.697314E28,0.0000000,3,Missing,-3.697314E28,-3.697314E28,-3.697314E28,Missing,-3.697314E28,-3.697314E28,-3.697314E28,Missing,-3.697314E28,-3.697314E28,-3.697314E28,Port 0x02: JJH T tibia tracker  s/n:3E4C8800,179574790,1738682513.168417572,1,OK,0.9095829,-0.3053703,-0.1541275,0.2359079,91.589,69.507,-1647.872,0.2550067,3,OK,91.735,69.387,-1647.716,OK,92.705,-11.350,-1596.289,OK,16.061,22.428,-1660.051,Port 0x03: JJH Y femur tracker  s/n:3E4C8801,179574790,1738682513.168417572,1,OK,0.9523704,-0.0176536,-0.2170712,0.2134457,-247.837,196.032,-1850.583,0.3543416,3,OK,-247.585,196.148,-1850.459,OK,-327.454,244.531,-1884.452,OK,-324.008,157.691,-1888.513
3,Port 0x01: JJH Probe  s/n:3E4C880C,179574793,1738682513.218417572,1,Too Few Markers,-3.697314E28,-3.697314E28,-3.697314E28,-3.697314E28,-3.697314E28,-3.697314E28,-3.697314E28,0.0000000,3,Missing,-3.697314E28,-3.697314E28,-3.697314E28,Missing,-3.697314E28,-3.697314E28,-3.697314E28,Missing,-3.697314E28,-3.697314E28,-3.697314E28,Port 0x02: JJH T tibia tracker  s/n:3E4C8800,179574793,1738682513.218417572,1,OK,0.9094581,-0.3058709,-0.1542591,0.2356546,91.548,69.425,-1647.830,0.2245540,3,OK,91.685,69.317,-1647.686,OK,92.620,-11.419,-1596.143,OK,15.987,22.390,-1660.041,Port 0x03: JJH Y femur tracker  s/n:3E4C8801,179574793,1738682513.218417572,1,OK,0.9512250,-0.0177885,-0.2206646,0.2148528,-247.041,195.555,-1851.490,0.3732725,3,OK,-246.769,195.683,-1851.352,OK,-326.564,243.806,-1885.914,OK,-322.830,156.992,-1890.013
3,Port 0x01: JJH Probe  s/n:3E4C880C,179574796,1738682513.268417572,1,Too Few Markers,-3.697314E28,-3.697314E28,-3.697314E28,-3.697314E28,-3.697314E28,-3.697314E28,-3.697314E28,0.0000000,3,Missing,-3.697314E28,-3.697314E28,-3.697314E28,Missing,-3.697314E28,-3.697314E28,-3.697314E28,Missing,-3.697314E28,-3.697314E28,-3.697314E28,Port 0x02: JJH T tibia tracker  s/n:3E4C8800,179574796,1738682513.268417572,1,OK,0.9095963,-0.3056256,-0.1541426,0.2355158,91.488,69.429,-1647.739,0.2396248,3,OK,91.627,69.312,-1647.589,OK,92.534,-11.427,-1596.114,OK,15.924,22.415,-1659.940,Port 0x03: JJH Y femur tracker  s/n:3E4C8801,179574796,1738682513.268417572,1,OK,0.9503992,-0.0183407,-0.2230245,0.2160211,-246.292,195.191,-1852.414,0.3505940,3,OK,-246.049,195.309,-1852.289,OK,-325.754,243.244,-1887.265,OK,-321.767,156.420,-1891.284
3,Port 0x01: JJH Probe  s/n:3E4C880C,179574799,1738682513.318417572,1,Too Few Markers,-3.697314E28,-3.697314E28,-3.697314E28,-3.697314E28,-3.697314E28,-3.697314E28,-3.697314E28,0.0000000,3,Missing,-3.697314E28,-3.697314E28,-3.697314E28,Missing,-3.697314E28,-3.697314E28,-3.697314E28,Missing,-3.697314E28,-3.697314E28,-3.697314E28,Port 0x02: JJH T tibia tracker  s/n:3E4C8800,179574799,1738682513.318417572,1,OK,0.9096182,-0.3056046,-0.1541995,0.2354210,91.442,69.409,-1647.637,0.2337186,3,OK,91.578,69.293,-1647.489,OK,92.475,-11.457,-1596.014,OK,15.870,22.412,-1659.859,Port 0x03: JJH Y femur tracker  s/n:3E4C8801,179574799,1738682513.318417572,1,OK,0.9495557,-0.0183433,-0.2256341,0.2170179,-245.745,194.862,-1853.065,0.3636919,3,OK,-245.494,194.995,-1852.933,OK,-325.127,242.740,-1888.303,OK,-320.939,155.936,-1892.369
3,Port 0x01: JJH Probe  s/n:3E4C880C,179574802,1738682513.368417572,1,Too Few Markers,-3.697314E28,-3.697314E28,-3.697314E28,-3.697314E28,-3.697314E28,-3.697314E28,-3.697314E28,0.0000000,3,Missing,-3.697314E28,-3.697314E28,-3.697314E28,Missing,-3.697314E28,-3.697314E28,-3.697314E28,Missing,-3.697314E28,-3.697314E28,-3.697314E28,Port 0x02: JJH T tibia tracker  s/n:3E4C8800,179574802,1738682513.368417572,1,OK,0.9095957,-0.3057393,-0.1542077,0.2353276,91.384,69.404,-1647.625,0.2297580,3,OK,91.516,69.289,-1647.480,OK,92.395,-11.455,-1595.980,OK,15.804,22.421,-1659.849,Port 0x03: JJH Y femur tracker  s/n:3E4C8801,179574802,1738682513.368417572,1,OK,0.9493209,-0.0188410,-0.2261886,0.2174248,-245.521,194.738,-1853.357,0.3466015,3,OK,-245.290,194.856,-1853.236,OK,-324.890,242.540,-1888.747,OK,-320.610,155.732,-1892.716
3,Port 0x01: JJH Probe  s/n:3E4C880C,179574805,1738682513.418417572,1,Too Few Markers,-3.697314E28,-3.697314E28,-3.697314E28,-3.697314E28,-3.697314E28,-3.697314E28,-3.697314E28,0.0000000,3,Missing,-3.697314E28,-3.697314E28,-3.697314E28,Missing,-3.697314E28,-3.697314E28,-3.697314E28,Missing,-3.697314E28,-3.697314E28,-3.697314E28,Port 0x02: JJH T tibia tracker  s/n:3E4C8800,179574805,1738682513.418417572,1,OK,0.9096355,-0.3058736,-0.1536696,0.2353514,91.357,69.385,-1647.635,0.2333027,3,OK,91.491,69.285,-1647.497,OK,92.365,-11.451,-1595.964,OK,15.773,22.411,-1659.744,Port 0x03: JJH Y femur tracker  s/n:3E4C8801,179574805,1738682513.418417572,1,OK,0.9494895,-0.0187955,-0.2255202,0.2173868,-245.746,194.731,-1853.036,0.3550854,3,OK,-245.494,194.846,-1852.906,OK,-325.167,242.538,-1888.332,OK,-320.904,155.730,-1892.290
3,Port 0x01: JJH Probe  s/n:3E4C880C,179574808,1738682513.468417572,1,Too Few Markers,-3.697314E28,-3.697314E28,-3.697314E28,-3.697314E28,-3.697314E28,-3.697314E28,-3.697314E28,0.0000000,3,Missing,-3.697314E28,-3.697314E28,-3.697314E28,Missing,-3.697314E28,-3.697314E28,-3.697314E28,Missing,-3.697314E28,-3.697314E28,-3.697314E28,Port 0x02: JJH T tibia tracker  s/n:3E4C8800,179574808,1738682513.468417572,1,OK,0.9096167,-0.3058453,-0.1536521,0.2354721,91.289,69.369,-1647.641,0.2456161,3,OK,91.425,69.260,-1647.497,OK,92.315,-11.453,-1595.982,OK,15.720,22.374,-1659.737,Port 0x03: JJH Y femur tracker  s/n:3E4C8801,179574808,1738682513.468417572,1,OK,0.9500300,-0.0187586,-0.2237804,0.2168260,-246.250,194.854,-1852.656,0.3529416,3,OK,-246.005,194.967,-1852.531,OK,-325.730,242.753,-1887.690,OK,-321.593,155.944,-1891.624
3,Port 0x01: JJH Probe  s/n:3E4C880C,179574811,1738682513.518417572,1,Too Few Markers,-3.697314E28,-3.697314E28,-3.697314E28,-3.697314E28,-3.697314E28,-3.697314E28,-3.697314E28,0.0000000,3,Missing,-3.697314E28,-3.697314E28,-3.697314E28,Missing,-3.697314E28,-3.697314E28,-3.697314E28,Missing,-3.697314E28,-3.697314E28,-3.697314E28,Port 0x02: JJH T tibia tracker  s/n:3E4C8800,179574811,1738682513.518417572,1,OK,0.9095616,-0.3058925,-0.1540925,0.2353360,91.251,69.366,-1647.739,0.2490298,3,OK,91.386,69.243,-1647.586,OK,92.243,-11.455,-1596.087,OK,15.682,22.375,-1659.920,Port 0x03: JJH Y femur tracker  s/n:3E4C8801,179574811,1738682513.518417572,1,OK,0.9514437,-0.0182994,-0.2193025,0.2152355,-247.377,195.326,-1851.368,0.3569428,3,OK,-247.122,195.438,-1851.241,OK,-327.010,243.500,-1885.680,OK,-323.223,156.676,-1889.625
3,Port 0x01: JJH Probe  s/n:3E4C880C,179574814,1738682513.568417572,1,Too Few Markers,-3.697314E28,-3.697314E28,-3.697314E28,-3.697314E28,-3.697314E28,-3.697314E28,-3.697314E28,0.0000000,3,Missing,-3.697314E28,-3.697314E28,-3.697314E28,Missing,-3.697314E28,-3.697314E28,-3.697314E28,Missing,-3.697314E28,-3.697314E28,-3.697314E28,Port 0x02: JJH T tibia tracker  s/n:3E4C8800,179574814,1738682513.568417572,1,OK,0.9093650,-0.3062066,-0.1544762,0.2354355,91.210,69.278,-1647.866,0.2437330,3,OK,91.350,69.152,-1647.708,OK,92.214,-11.519,-1596.155,OK,15.642,22.257,-1660.106,Port 0x03: JJH Y femur tracker  s/n:3E4C8801,179574814,1738682513.568417572,1,OK,0.9537711,-0.0174148,-0.2120608,0.2122445,-249.406,196.069,-1848.975,0.3732590,3,OK,-249.124,196.193,-1848.840,OK,-329.227,244.759,-1882.087,OK,-326.098,157.911,-1886.093
3,Port 0x01: JJH Probe  s/n:3E4C880C,179574817,1738682513.618417572,1,Too Few Markers,-3.697314E28,-3.697314E28,-3.697314E28,-3.697314E28,-3.697314E28,-3.697314E28,-3.697314E28,0.0000000,3,Missing,-3.697314E28,-3.697314E28,-3.697314E28,Missing,-3.697314E28,-3.697314E28,-3.697314E28,Missing,-3.697314E28,-3.697314E28,-3.697314E28,Port 0x02: JJH T tibia tracker  s/n:3E4C8800,179574817,1738682513.618417572,1,OK,0.9091777,-0.3070712,-0.1536750,0.2355573,91.154,69.209,-1648.106,0.2332168,3,OK,91.286,69.112,-1647.970,OK,92.144,-11.497,-1596.232,OK,15.596,22.187,-1660.136,Port 0x03: JJH Y femur tracker  s/n:3E4C8801,179574817,1738682513.618417572,1,OK,0.9573045,-0.0161970,-0.2005122,0.2076071,-252.216,197.448,-1845.537,0.3774142,3,OK,-251.928,197.564,-1845.407,OK,-332.308,246.934,-1876.765,OK,-330.157,160.073,-1880.788
3,Port 0x01: JJH Probe  s/n:3E4C880C,179574820,1738682513.668417572,1,Too Few Markers,-3.697314E28,-3.697314E28,-3.697314E28,-3.697314E28,-3.697314E28,-3.697314E28,-3.697314E28,0.0000000,3,Missing,-3.697314E28,-3.697314E28,-3.697314E28,Missing,-3.697314E28,-3.697314E28,-3.697314E28,Missing,-3.697314E28,-3.697314E28,-3.697314E28,Port 0x02: JJH T tibia tracker  s/n:3E4C8800,179574820,1738682513.668417572,1,OK,0.9088398,-0.3078516,-0.1539535,0.2356605,91.115,69.272,-1648.115,0.2493697,3,OK,91.252,69.157,-1647.965,OK,92.083,-11.335,-1596.129,OK,15.572,22.209,-1660.146,Port 0x03: JJH Y femur tracker  s/n:3E4C8801,179574820,1738682513.668417572,1,OK,0.9614905,-0.0149043,-0.1860710,0.2017211,-255.500,199.322,-1841.161,0.3818380,3,OK,-255.206,199.433,-1841.040,OK,-335.838,249.810,-1870.060,OK,-334.928,162.942,-1874.038
3,Port 0x01: JJH Probe  s/n:3E4C880C,179574823,1738682513.718417572,1,Too Few Markers,-3.697314E28,-3.697314E28,-3.697314E28,-3.697314E28,-3.697314E28,-3.697314E28,-3.697314E28,0.0000000,3,Missing,-3.697314E28,-3.697314E28,-3.697314E28,Missing,-3.697314E28,-3.697314E28,-3.697314E28,Missing,-3.697314E28,-3.697314E28,-3.697314E28,Port 0x02: JJH T tibia tracker  s/n:3E4C8800,179574823,1738682513.718417572,1,OK,0.9083857,-0.3091061,-0.1539540,0.2357689,91.128,69.365,-1648.133,0.2544486,3,OK,91.270,69.247,-1647.978,OK,92.064,-11.102,-1595.940,OK,15.587,22.266,-1660.094,Port 0x03: JJH Y femur tracker  s/n:3E4C8801,179574823,1738682513.718417572,1,OK,0.9657403,-0.0133321,-0.1707377,0.1949783,-258.918,201.477,-1836.193,0.3921141,3,OK,-258.590,201.581,-1836.072,OK,-339.398,253.127,-1862.592,OK,-339.877,166.245,-1866.531
3,Port 0x01: JJH Probe  s/n:3E4C880C,179574826,1738682513.768417572,1,Too Few Markers,-3.697314E28,-3.697314E28,-3.697314E28,-3.697314E28,-3.697314E28,-3.697314E28,-3.697314E28,0.0000000,3,Missing,-3.697314E28,-3.697314E28,-3.697314E28,Missing,-3.697314E28,-3.697314E28,-3.697314E28,Missing,-3.697314E28,-3.697314E28,-3.697314E28,Port 0x02: JJH T tibia tracker  s/n:3E4C8800,179574826,1738682513.768417572,1,OK,0.9079159,-0.3102898,-0.1539187,0.2360464,91.140,69.450,-1648.130,0.2526644,3,OK,91.278,69.332,-1647.976,OK,92.078,-10.885,-1595.732,OK,15.627,22.297,-1660.005,Port 0x03: JJH Y femur tracker  s/n:3E4C8801,179574826,1738682513.768417572,1,OK,0.9699534,-0.0105953,-0.1542533,0.1878406,-262.236,203.791,-1831.088,0.4043070,3,OK,-261.917,203.918,-1830.982,OK,-342.757,256.649,-1854.654,OK,-344.719,169.820,-1858.688
3,Port 0x01: JJH Probe  s/n:3E4C880C,179574829,1738682513.818417572,1,Too Few Markers,-3.697314E28,-3.697314E28,-3.697314E28,-3.697314E28,-3.697314E28,-3.697314E28,-3.697314E28,0.0000000,3,Missing,-3.697314E28,-3.697314E28,-3.697314E28,Missing,-3.697314E28,-3.697314E28,-3.697314E28,Missing,-3.697314E28,-3.697314E28,-3.697314E28,Port 0x02: JJH T tibia tracker  s/n:3E4C8800,179574829,1738682513.818417572,1,OK,0.9075351,-0.3112905,-0.1539351,0.2361826,91.186,69.520,-1648.185,0.2611441,3,OK,91.331,69.402,-1648.027,OK,92.102,-10.698,-1595.626,OK,15.684,22.326,-1659.999,Port 0x03: JJH Y femur tracker  s/n:3E4C8801,179574829,1738682513.818417572,1,OK,0.9736886,-0.0084853,-0.1387276,0.1805910,-265.348,206.179,-1825.630,0.4212534,3,OK,-264.998,206.310,-1825.526,OK,-345.772,260.262,-1846.598,OK,-349.199,173.481,-1850.603
3,Port 0x01: JJH Probe  s/n:3E4C880C,179574832,1738682513.868417572,1,Too Few Markers,-3.697314E28,-3.697314E28,-3.697314E28,-3.697314E28,-3.697314E28,-3.697314E28,-3.697314E28,0.0000000,3,Missing,-3.697314E28,-3.697314E28,-3.697314E28,Missing,-3.697314E28,-3.697314E28,-3.697314E28,Missing,-3.697314E28,-3.697314E28,-3.697314E28,Port 0x02: JJH T tibia tracker  s/n:3E4C8800,179574832,1738682513.868417572,1,OK,0.9069453,-0.3127054,-0.1542086,0.2364007,91.261,69.593,-1648.199,0.2389084,3,OK,91.401,69.479,-1648.046,OK,92.174,-10.493,-1595.381,OK,15.769,22.349,-1659.992,Port 0x03: JJH Y femur tracker  s/n:3E4C8801,179574832,1738682513.868417572,1,OK,0.9771676,-0.0061974,-0.1225031,0.1734882,-268.114,208.530,-1820.459,0.4148981,3,OK,-267.787,208.666,-1820.374,OK,-348.364,263.799,-1838.714,OK,-353.212,177.091,-1842.639
3,Port 0x01: JJH Probe  s/n:3E4C880C,179574835,1738682513.918417572,1,Too Few Markers,-3.697314E28,-3.697314E28,-3.697314E28,-3.697314E28,-3.697314E28,-3.697314E28,-3.697314E28,0.0000000,3,Missing,-3.697314E28,-3.697314E28,-3.697314E28,Missing,-3.697314E28,-3.697314E28,-3.697314E28,Missing,-3.697314E28,-3.697314E28,-3.697314E28,Port 0x02: JJH T tibia tracker  s/n:3E4C8800,179574835,1738682513.918417572,1,OK,0.9066672,-0.3133191,-0.1540070,0.2367860,91.288,69.681,-1648.219,0.2624252,3,OK,91.433,69.557,-1648.056,OK,92.233,-10.302,-1595.307,OK,15.832,22.369,-1659.906,Port 0x03: JJH Y femur tracker  s/n:3E4C8801,179574835,1738682513.918417572,1,OK,0.9800705,-0.0041704,-0.1080242,0.1666588,-270.653,210.809,-1815.340,0.4253993,3,OK,-270.300,210.946,-1815.259,OK,-350.627,267.214,-1831.186,OK,-356.825,180.579,-1835.007
3,Port 0x01: JJH Probe  s/n:3E4C880C,179574838,1738682513.968417572,1,Too Few Markers,-3.697314E28,-3.697314E28,-3.697314E28,-3.697314E28,-3.697314E28,-3.697314E28,-3.697314E28,0.0000000,3,Missing,-3.697314E28,-3.697314E28,-3.697314E28,Missing,-3.697314E28,-3.697314E28,-3.697314E28,Missing,-3.697314E28,-3.697314E28,-3.697314E28,Port 0x02: JJH T tibia tracker  s/n:3E4C8800,179574838,1738682513.968417572,1,OK,0.9062267,-0.3143295,-0.1540620,0.2370973,91.394,69.708,-1648.363,0.2375972,3,OK,91.530,69.600,-1648.215,OK,92.361,-10.184,-1595.255,OK,15.968,22.343,-1659.993,Port 0x03: JJH Y femur tracker  s/n:3E4C8801,179574838,1738682513.968417572,1,OK,0.9827026,-0.0028878,-0.0931214,0.1600489,-272.861,213.091,-1810.265,0.4173553,3,OK,-272.499,213.210,-1810.194,OK,-352.511,270.589,-1823.763,OK,-359.982,184.026,-1827.287
3,Port 0x01: JJH Probe  s/n:3E4C880C,179574841,1738682514.018417572,1,Too Few Markers,-3.697314E28,-3.697314E28,-3.697314E28,-3.697314E28,-3.697314E28,-3.697314E28,-3.697314E28,0.0000000,3,Missing,-3.697314E28,-3.697314E28,-3.697314E28,Missing,-3.697314E28,-3.697314E28,-3.697314E28,Missing,-3.697314E28,-3.697314E28,-3.697314E28,Port 0x02: JJH T tibia tracker  s/n:3E4C8800,179574841,1738682514.018417572,1,OK,0.9059809,-0.3145180,-0.1544900,0.2375076,91.483,69.773,-1648.439,0.2551494,3,OK,91.629,69.646,-1648.272,OK,92.511,-10.075,-1595.303,OK,16.095,22.321,-1660.112,Port 0x03: JJH Y femur tracker  s/n:3E4C8801,179574841,1738682514.018417572,1,OK,0.9849972,-0.0020355,-0.0787833,0.1535237,-274.835,215.323,-1805.295,0.4130609,3,OK,-274.477,215.423,-1805.237,OK,-354.074,273.873,-1816.602,OK,-362.776,187.426,-1819.741
3,Port 0x01: JJH Probe  s/n:3E4C880C,179574844,1738682514.068417572,1,Too Few Markers,-3.697314E28,-3.697314E28,-3.697314E28,-3.697314E28,-3.697314E28,-3.697314E28,-3.697314E28,0.0000000,3,Missing,-3.697314E28,-3.697314E28,-3.697314E28,Missing,-3.697314E28,-3.697314E28,-3.697314E28,Missing,-3.697314E28,-3.697314E28,-3.697314E28,Port 0x02: JJH T tibia tracker  s/n:3E4C8800,179574844,1738682514.068417572,1,OK,0.9055483,-0.3153209,-0.1546987,0.2379565,91.638,69.904,-1648.546,0.2441308,3,OK,91.779,69.782,-1648.385,OK,92.713,-9.860,-1595.257,OK,16.295,22.369,-1660.187,Port 0x03: JJH Y femur tracker  s/n:3E4C8801,179574844,1738682514.068417572,1,OK,0.9869687,0.0005076,-0.0653021,0.1470651,-276.579,217.525,-1800.484,0.4202493,3,OK,-276.213,217.639,-1800.435,OK,-355.314,277.111,-1809.494,OK,-365.261,190.788,-1812.546
3,Port 0x01: JJH Probe  s/n:3E4C880C,179574847,1738682514.118417572,1,Too Few Markers,-3.697314E28,-3.697314E28,-3.697314E28,-3.697314E28,-3.697314E28,-3.697314E28,-3.697314E28,0.0000000,3,Missing,-3.697314E28,-3.697314E28,-3.697314E28,Missing,-3.697314E28,-3.697314E28,-3.697314E28,Missing,-3.697314E28,-3.697314E28,-3.697314E28,Port 0x02: JJH T tibia tracker  s/n:3E4C8800,179574847,1738682514.118417572,1,OK,0.9051424,-0.3160863,-0.1540647,0.2388948,91.854,70.114,-1648.672,0.2441563,3,OK,91.997,70.010,-1648.521,OK,93.070,-9.536,-1595.217,OK,16.582,22.447,-1660.090,Port 0x03: JJH Y femur tracker  s/n:3E4C8801,179574847,1738682514.118417572,1,OK,0.9885980,0.0004818,-0.0519804,0.1413216,-278.090,219.559,-1795.874,0.4037475,3,OK,-277.720,219.635,-1795.834,OK,-356.362,280.077,-1802.999,OK,-367.340,193.842,-1805.489
3,Port 0x01: JJH Probe  s/n:3E4C880C,179574850,1738682514.168417576,1,Too Few Markers,-3.697314E28,-3.697314E28,-3.697314E28,-3.697314E28,-3.697314E28,-3.697314E28,-3.697314E28,0.0000000,3,Missing,-3.697314E28,-3.697314E28,-3.697314E28,Missing,-3.697314E28,-3.697314E28,-3.697314E28,Missing,-3.697314E28,-3.697314E28,-3.697314E28,Port 0x02: JJH T tibia tracker  s/n:3E4C8800,179574850,1738682514.168417576,1,OK,0.9046971,-0.3167941,-0.1539791,0.2396978,92.069,70.398,-1648.736,0.2532390,3,OK,92.216,70.290,-1648.580,OK,93.402,-9.142,-1595.142,OK,16.861,22.601,-1660.050,Port 0x03: JJH Y femur tracker  s/n:3E4C8801,179574850,1738682514.168417576,1,OK,0.9899153,0.0025630,-0.0405329,0.1357138,-279.417,221.487,-1791.473,0.4139927,3,OK,-279.023,221.570,-1791.441,OK,-357.142,282.891,-1796.687,OK,-369.179,196.774,-1799.036
3,Port 0x01: JJH Probe  s/n:3E4C880C,179574853,1738682514.218417576,1,Too Few Markers,-3.697314E28,-3.697314E28,-3.697314E28,-3.697314E28,-3.697314E28,-3.697314E28,-3.697314E28,0.0000000,3,Missing,-3.697314E28,-3.697314E28,-3.697314E28,Missing,-3.697314E28,-3.697314E28,-3.697314E28,Missing,-3.697314E28,-3.697314E28,-3.697314E28,Port 0x02: JJH T tibia tracker  s/n:3E4C8800,179574853,1738682514.218417576,1,OK,0.9044019,-0.3169874,-0.1540037,0.2405391,92.349,70.564,-1649.024,0.2327712,3,OK,92.490,70.473,-1648.882,OK,93.832,-8.954,-1595.350,OK,17.215,22.642,-1660.280,Port 0x03: JJH Y femur tracker  s/n:3E4C8801,179574853,1738682514.218417576,1,OK,0.9910334,0.0038685,-0.0285395,0.1304734,-280.499,223.285,-1787.305,0.4038947,3,OK,-280.127,223.363,-1787.284,OK,-357.672,285.498,-1790.658,OK,-370.654,199.520,-1792.682
3,Port 0x01: JJH Probe  s/n:3E4C880C,179574856,1738682514.268417576,1,Too Few Markers,-3.697314E28,-3.697314E28,-3.697314E28,-3.697314E28,-3.697314E28,-3.697314E28,-3.697314E28,0.0000000,3,Missing,-3.697314E28,-3.697314E28,-3.697314E28,Missing,-3.697314E28,-3.697314E28,-3.697314E28,Missing,-3.697314E28,-3.697314E28,-3.697314E28,Port 0x02: JJH T tibia tracker  s/n:3E4C8800,179574856,1738682514.268417576,1,OK,0.9042837,-0.3165098,-0.1543679,0.2413776,92.615,70.754,-1649.409,0.2321381,3,OK,92.751,70.657,-1649.267,OK,94.258,-8.797,-1595.792,OK,17.579,22.697,-1660.695,Port 0x03: JJH Y femur tracker  s/n:3E4C8801,179574856,1738682514.268417576,1,OK,0.9919342,0.0049561,-0.0169296,0.1255202,-281.465,225.054,-1783.359,0.3999280,3,OK,-281.094,225.123,-1783.346,OK,-358.080,288.033,-1784.951,OK,-371.945,202.181,-1786.609
3,Port 0x01: JJH Probe  s/n:3E4C880C,179574859,1738682514.318417576,1,Too Few Markers,-3.697314E28,-3.697314E28,-3.697314E28,-3.697314E28,-3.697314E28,-3.697314E28,-3.697314E28,0.0000000,3,Missing,-3.697314E28,-3.697314E28,-3.697314E28,Missing,-3.697314E28,-3.697314E28,-3.697314E28,Missing,-3.697314E28,-3.697314E28,-3.697314E28,Port 0x02: JJH T tibia tracker  s/n:3E4C8800,179574859,1738682514.318417576,1,OK,0.9039902,-0.3163342,-0.1547316,0.2424718,92.886,71.026,-1649.740,0.2363947,3,OK,93.027,70.919,-1649.588,OK,94.737,-8.512,-1596.118,OK,17.946,22.792,-1661.035,Port 0x03: JJH Y femur tracker  s/n:3E4C8801,179574859,1738682514.318417576,1,OK,0.9926591,0.0063389,-0.0061862,0.1206212,-282.353,226.790,-1779.383,0.3944633,3,OK,-281.983,226.852,-1779.378,OK,-358.370,290.522,-1779.303,OK,-373.099,204.796,-1780.669
3,Port 0x01: JJH Probe  s/n:3E4C880C,179574862,1738682514.368417576,1,Too Few Markers,-3.697314E28,-3.697314E28,-3.697314E28,-3.697314E28,-3.697314E28,-3.697314E28,-3.697314E28,0.0000000,3,Missing,-3.697314E28,-3.697314E28,-3.697314E28,Missing,-3.697314E28,-3.697314E28,-3.697314E28,Missing,-3.697314E28,-3.697314E28,-3.697314E28,Port 0x02: JJH T tibia tracker  s/n:3E4C8800,179574862,1738682514.368417576,1,OK,0.9037287,-0.3161942,-0.1548840,0.2435293,93.184,71.345,-1649.964,0.2451238,3,OK,93.329,71.231,-1649.806,OK,95.229,-8.170,-1596.335,OK,18.340,22.943,-1661.224,Port 0x03: JJH Y femur tracker  s/n:3E4C8801,179574862,1738682514.368417576,1,OK,0.9932560,0.0073836,0.0051279,0.1155925,-283.098,228.590,-1775.274,0.3865388,3,OK,-282.731,228.649,-1775.278,OK,-358.451,293.088,-1773.508,OK,-374.064,207.490,-1774.477
3,Port 0x01: JJH Probe  s/n:3E4C880C,179574865,1738682514.418417576,1,Too Few Markers,-3.697314E28,-3.697314E28,-3.697314E28,-3.697314E28,-3.697314E28,-3.697314E28,-3.697314E28,0.0000000,3,Missing,-3.697314E28,-3.697314E28,-3.697314E28,Missing,-3.697314E28,-3.697314E28,-3.697314E28,Missing,-3.697314E28,-3.697314E28,-3.697314E28,Port 0x02: JJH T tibia tracker  s/n:3E4C8800,179574865,1738682514.418417576,1,OK,0.9035391,-0.3160687,-0.1545646,0.2445965,93.496,71.578,-1650.390,0.2264341,3,OK,93.639,71.498,-1650.255,OK,95.740,-7.940,-1596.725,OK,18.749,23.029,-1661.523,Port 0x03: JJH Y femur tracker  s/n:3E4C8801,179574865,1738682514.418417576,1,OK,0.9937250,0.0087887,0.0162706,0.1103114,-283.789,230.456,-1770.930,0.3874831,3,OK,-283.416,230.514,-1770.942,OK,-358.402,295.741,-1767.464,OK,-374.936,210.302,-1768.084
3,Port 0x01: JJH Probe  s/n:3E4C880C,179574868,1738682514.468417576,1,Too Few Markers,-3.697314E28,-3.697314E28,-3.697314E28,-3.697314E28,-3.697314E28,-3.697314E28,-3.697314E28,0.0000000,3,Missing,-3.697314E28,-3.697314E28,-3.697314E28,Missing,-3.697314E28,-3.697314E28,-3.697314E28,Missing,-3.697314E28,-3.697314E28,-3.697314E28,Port 0x02: JJH T tibia tracker  s/n:3E4C8800,179574868,1738682514.468417576,1,OK,0.9034685,-0.3151988,-0.1549188,0.2457530,93.846,71.827,-1650.899,0.2340830,3,OK,93.985,71.733,-1650.758,OK,96.323,-7.745,-1597.351,OK,19.226,23.099,-1662.059,Port 0x03: JJH Y femur tracker  s/n:3E4C8801,179574868,1738682514.468417576,1,OK,0.9940312,0.0106012,0.0290371,0.1046252,-284.353,232.477,-1766.434,0.3768865,3,OK,-283.996,232.530,-1766.454,OK,-358.112,298.595,-1761.010,OK,-375.604,213.339,-1761.241
3,Port 0x01: JJH Probe  s/n:3E4C880C,179574871,1738682514.518417576,1,Too Few Markers,-3.697314E28,-3.697314E28,-3.697314E28,-3.697314E28,-3.697314E28,-3.697314E28,-3.697314E28,0.0000000,3,Missing,-3.697314E28,-3.697314E28,-3.697314E28,Missing,-3.697314E28,-3.697314E28,-3.697314E28,Missing,-3.697314E28,-3.697314E28,-3.697314E28,Port 0x02: JJH T tibia tracker  s/n:3E4C8800,179574871,1738682514.518417576,1,OK,0.9034763,-0.3143600,-0.1547069,0.2469295,94.186,72.099,-1651.437,0.2455454,3,OK,94.334,72.014,-1651.297,OK,96.906,-7.519,-1597.990,OK,19.667,23.202,-1662.519,Port 0x03: JJH Y femur tracker  s/n:3E4C8801,179574871,1738682514.518417576,1,OK,0.9941767,0.0115842,0.0414859,0.0987796,-284.817,234.663,-1761.603,0.3745464,3,OK,-284.444,234.703,-1761.634,OK,-357.664,301.646,-1754.406,OK,-376.129,216.563,-1754.102
3,Port 0x01: JJH Probe  s/n:3E4C880C,179574874,1738682514.568417576,1,Too Few Markers,-3.697314E28,-3.697314E28,-3.697314E28,-3.697314E28,-3.697314E28,-3.697314E28,-3.697314E28,0.0000000,3,Missing,-3.697314E28,-3.697314E28,-3.697314E28,Missing,-3.697314E28,-3.697314E28,-3.697314E28,Missing,-3.697314E28,-3.697314E28,-3.697314E28,Port 0x02: JJH T tibia tracker  s/n:3E4C8800,179574874,1738682514.568417576,1,OK,0.9033849,-0.3132506,-0.1554202,0.2482222,94.523,72.387,-1651.957,0.2499788,3,OK,94.668,72.285,-1651.807,OK,97.506,-7.313,-1598.663,OK,20.155,23.281,-1663.135,Port 0x03: JJH Y femur tracker  s/n:3E4C8801,179574874,1738682514.568417576,1,OK,0.9940877,0.0131158,0.0551234,0.0926236,-285.167,236.857,-1756.663,0.3749250,3,OK,-284.800,236.892,-1756.704,OK,-356.978,304.707,-1747.483,OK,-376.443,219.864,-1746.643
3,Port 0x01: JJH Probe  s/n:3E4C880C,179574877,1738682514.618417576,1,Too Few Markers,-3.697314E28,-3.697314E28,-3.697314E28,-3.697314E28,-3.697314E28,-3.697314E28,-3.697314E28,0.0000000,3,Missing,-3.697314E28,-3.697314E28,-3.697314E28,Missing,-3.697314E28,-3.697314E28,-3.697314E28,Missing,-3.697314E28,-3.697314E28,-3.697314E28,Port 0x02: JJH T tibia tracker  s/n:3E4C8800,179574877,1738682514.618417576,1,OK,0.9033269,-0.3119921,-0.1560323,0.2496303,94.924,72.657,-1652.573,0.2442140,3,OK,95.073,72.558,-1652.424,OK,98.207,-7.149,-1599.438,OK,20.701,23.329,-1663.838,Port 0x03: JJH Y femur tracker  s/n:3E4C8801,179574877,1738682514.618417576,1,OK,0.9938048,0.0147568,0.0682098,0.0864967,-285.399,238.968,-1751.580,0.3630092,3,OK,-285.034,238.990,-1751.630,OK,-356.126,307.690,-1740.497,OK,-376.569,223.051,-1739.144
3,Port 0x01: JJH Probe  s/n:3E4C880C,179574880,1738682514.668417576,1,Too Few Markers,-3.697314E28,-3.697314E28,-3.697314E28,-3.697314E28,-3.697314E28,-3.697314E28,-3.697314E28,0.0000000,3,Missing,-3.697314E28,-3.697314E28,-3.697314E28,Missing,-3.697314E28,-3.697314E28,-3.697314E28,Missing,-3.697314E28,-3.697314E28,-3.697314E28,Port 0x02: JJH T tibia tracker  s/n:3E4C8800,179574880,1738682514.668417576,1,OK,0.9034025,-0.3103834,-0.1564442,0.2511003,95.362,72.981,-1653.280,0.2457605,3,OK,95.510,72.877,-1653.129,OK,98.967,-6.955,-1600.366,OK,21.298,23.433,-1664.602,Port 0x03: JJH Y femur tracker  s/n:3E4C8801,179574880,1738682514.668417576,1,OK,0.9932189,0.0160058,0.0825494,0.0802849,-285.400,241.294,-1746.475,0.3473540,3,OK,-285.052,241.309,-1746.533,OK,-354.947,310.884,-1733.417,OK,-376.345,226.469,-1731.390
3,Port 0x01: JJH Probe  s/n:3E4C880C,179574883,1738682514.718417576,1,Too Few Markers,-3.697314E28,-3.697314E28,-3.697314E28,-3.697314E28,-3.697314E28,-3.697314E28,-3.697314E28,0.0000000,3,Missing,-3.697314E28,-3.697314E28,-3.697314E28,Missing,-3.697314E28,-3.697314E28,-3.697314E28,Missing,-3.697314E28,-3.697314E28,-3.697314E28,Port 0x02: JJH T tibia tracker  s/n:3E4C8800,179574883,1738682514.718417576,1,OK,0.9034357,-0.3088770,-0.1568290,0.2525937,95.810,73.298,-1654.009,0.2507400,3,OK,95.958,73.190,-1653.855,OK,99.737,-6.749,-1601.301,OK,21.904,23.527,-1665.379,Port 0x03: JJH Y femur tracker  s/n:3E4C8801,179574883,1738682514.718417576,1,OK,0.9925094,0.0178290,0.0956244,0.0739133,-285.234,243.501,-1741.179,0.3579513,3,OK,-284.871,243.506,-1741.250,OK,-353.546,313.938,-1726.253,OK,-375.929,229.803,-1723.685
3,Port 0x01: JJH Probe  s/n:3E4C880C,179574886,1738682514.768417576,1,Too Few Markers,-3.697314E28,-3.697314E28,-3.697314E28,-3.697314E28,-3.697314E28,-3.697314E28,-3.697314E28,0.0000000,3,Missing,-3.697314E28,-3.697314E28,-3.697314E28,Missing,-3.697314E28,-3.697314E28,-3.697314E28,Missing,-3.697314E28,-3.697314E28,-3.697314E28,Port 0x02: JJH T tibia tracker  s/n:3E4C8800,179574886,1738682514.768417576,1,OK,0.9033820,-0.3076213,-0.1572842,0.2540309,96.219,73.622,-1654.696,0.2398575,3,OK,96.366,73.525,-1654.550,OK,100.450,-6.530,-1602.142,OK,22.466,23.632,-1666.119,Port 0x03: JJH Y femur tracker  s/n:3E4C8801,179574886,1738682514.768417576,1,OK,0.9914925,0.0193676,0.1093840,0.0678435,-284.957,245.697,-1736.161,0.3450719,3,OK,-284.603,245.692,-1736.241,OK,-351.996,316.947,-1719.350,OK,-375.275,233.047,-1716.137
3,Port 0x01: JJH Probe  s/n:3E4C880C,179574889,1738682514.818417576,1,Too Few Markers,-3.697314E28,-3.697314E28,-3.697314E28,-3.697314E28,-3.697314E28,-3.697314E28,-3.697314E28,0.0000000,3,Missing,-3.697314E28,-3.697314E28,-3.697314E28,Missing,-3.697314E28,-3.697314E28,-3.697314E28,Missing,-3.697314E28,-3.697314E28,-3.697314E28,Port 0x02: JJH T tibia tracker  s/n:3E4C8800,179574889,1738682514.818417576,1,OK,0.9035252,-0.3058773,-0.1576703,0.2553847,96.588,73.928,-1655.366,0.2597869,3,OK,96.740,73.812,-1655.206,OK,101.124,-6.346,-1603.075,OK,22.982,23.736,-1666.858,Port 0x03: JJH Y femur tracker  s/n:3E4C8801,179574889,1738682514.818417576,1,OK,0.9902262,0.0206247,0.1233782,0.0616806,-284.521,247.905,-1731.270,0.3462040,3,OK,-284.164,247.894,-1731.361,OK,-350.214,319.955,-1712.620,OK,-374.379,236.329,-1708.674
3,Port 0x01: JJH Probe  s/n:3E4C880C,179574892,1738682514.868417576,1,Too Few Markers,-3.697314E28,-3.697314E28,-3.697314E28,-3.697314E28,-3.697314E28,-3.697314E28,-3.697314E28,0.0000000,3,Missing,-3.697314E28,-3.697314E28,-3.697314E28,Missing,-3.697314E28,-3.697314E28,-3.697314E28,Missing,-3.697314E28,-3.697314E28,-3.697314E28,Port 0x02: JJH T tibia tracker  s/n:3E4C8800,179574892,1738682514.868417576,1,OK,0.9036653,-0.3043172,-0.1577223,0.2567174,96.965,74.110,-1656.134,0.2552151,3,OK,97.113,74.006,-1655.985,OK,101.798,-6.290,-1604.055,OK,23.504,23.734,-1667.625,Port 0x03: JJH Y femur tracker  s/n:3E4C8801,179574892,1738682514.868417576,1,OK,0.9888693,0.0217218,0.1363121,0.0555394,-283.857,250.036,-1726.261,0.3325630,3,OK,-283.509,250.011,-1726.360,OK,-348.189,322.889,-1705.962,OK,-373.210,239.518,-1701.298
3,Port 0x01: JJH Probe  s/n:3E4C880C,179574895,1738682514.918417576,1,Too Few Markers,-3.697314E28,-3.697314E28,-3.697314E28,-3.697314E28,-3.697314E28,-3.697314E28,-3.697314E28,0.0000000,3,Missing,-3.697314E28,-3.697314E28,-3.697314E28,Missing,-3.697314E28,-3.697314E28,-3.697314E28,Missing,-3.697314E28,-3.697314E28,-3.697314E28,Port 0x02: JJH T tibia tracker  s/n:3E4C8800,179574895,1738682514.918417576,1,OK,0.9038311,-0.3025943,-0.1583091,0.2578065,97.326,74.302,-1656.895,0.2593087,3,OK,97.476,74.193,-1656.743,OK,102.412,-6.244,-1605.077,OK,23.997,23.757,-1668.508,Port 0x03: JJH Y femur tracker  s/n:3E4C8801,179574895,1738682514.918417576,1,OK,0.9871335,0.0225917,0.1503899,0.0493964,-283.033,252.225,-1721.297,0.3256082,3,OK,-282.691,252.195,-1721.406,OK,-345.907,325.858,-1699.281,OK,-371.750,242.765,-1693.766
3,Port 0x01: JJH Probe  s/n:3E4C880C,179574898,1738682514.968417576,1,Too Few Markers,-3.697314E28,-3.697314E28,-3.697314E28,-3.697314E28,-3.697314E28,-3.697314E28,-3.697314E28,0.0000000,3,Missing,-3.697314E28,-3.697314E28,-3.697314E28,Missing,-3.697314E28,-3.697314E28,-3.697314E28,Missing,-3.697314E28,-3.697314E28,-3.697314E28,Port 0x02: JJH T tibia tracker  s/n:3E4C8800,179574898,1738682514.968417576,1,OK,0.9039759,-0.3011417,-0.1584286,0.2589242,97.636,74.474,-1657.682,0.2472875,3,OK,97.784,74.381,-1657.541,OK,102.985,-6.201,-1606.056,OK,24.422,23.776,-1669.323,Port 0x03: JJH Y femur tracker  s/n:3E4C8801,179574898,1738682514.968417576,1,OK,0.9853647,0.0238742,0.1632077,0.0430084,-282.056,254.434,-1716.117,0.3186095,3,OK,-281.724,254.405,-1716.232,OK,-343.418,328.843,-1692.514,OK,-370.129,246.064,-1686.260
3,Port 0x01: JJH Probe  s/n:3E4C880C,179574901,1738682515.018417576,1,Too Few Markers,-3.697314E28,-3.697314E28,-3.697314E28,-3.697314E28,-3.697314E28,-3.697314E28,-3.697314E28,0.0000000,3,Missing,-3.697314E28,-3.697314E28,-3.697314E28,Missing,-3.697314E28,-3.697314E28,-3.697314E28,Missing,-3.697314E28,-3.697314E28,-3.697314E28,Port 0x02: JJH T tibia tracker  s/n:3E4C8800,179574901,1738682515.018417576,1,OK,0.9041602,-0.2989422,-0.1593923,0.2602346,97.958,74.711,-1658.472,0.2527685,3,OK,98.109,74.600,-1658.319,OK,103.622,-6.146,-1607.183,OK,24.902,23.808,-1670.321,Port 0x03: JJH Y femur tracker  s/n:3E4C8801,179574901,1738682515.018417576,1,OK,0.9832546,0.0254644,0.1766668,0.0367530,-280.946,256.626,-1711.039,0.3152363,3,OK,-280.619,256.586,-1711.162,OK,-340.738,331.772,-1685.756,OK,-368.249,249.308,-1678.759
3,Port 0x01: JJH Probe  s/n:3E4C880C,179574904,1738682515.068417576,1,Too Few Markers,-3.697314E28,-3.697314E28,-3.697314E28,-3.697314E28,-3.697314E28,-3.697314E28,-3.697314E28,0.0000000,3,Missing,-3.697314E28,-3.697314E28,-3.697314E28,Missing,-3.697314E28,-3.697314E28,-3.697314E28,Missing,-3.697314E28,-3.697314E28,-3.697314E28,Port 0x02: JJH T tibia tracker  s/n:3E4C8800,179574904,1738682515.068417576,1,OK,0.9043648,-0.2969850,-0.1596385,0.2616099,98.373,74.969,-1659.406,0.2416613,3,OK,98.519,74.871,-1659.265,OK,104.363,-6.054,-1608.391,OK,25.470,23.878,-1671.315,Port 0x03: JJH Y femur tracker  s/n:3E4C8801,179574904,1738682515.068417576,1,OK,0.9807959,0.0271637,0.1907107,0.0305104,-279.624,258.811,-1705.965,0.3054840,3,OK,-279.301,258.765,-1706.098,OK,-337.748,334.680,-1678.960,OK,-366.043,252.506,-1671.173
3,Port 0x01: JJH Probe  s/n:3E4C880C,179574907,1738682515.118417576,1,Too Few Markers,-3.697314E28,-3.697314E28,-3.697314E28,-3.697314E28,-3.697314E28,-3.697314E28,-3.697314E28,0.0000000,3,Missing,-3.697314E28,-3.697314E28,-3.697314E28,Missing,-3.697314E28,-3.697314E28,-3.697314E28,Missing,-3.697314E28,-3.697314E28,-3.697314E28,Port 0x02: JJH T tibia tracker  s/n:3E4C8800,179574907,1738682515.118417576,1,OK,0.9045763,-0.2947326,-0.1603328,0.2629978,98.743,75.272,-1660.316,0.2426633,3,OK,98.891,75.169,-1660.171,OK,105.068,-5.936,-1609.638,OK,26.003,23.975,-1672.383,Port 0x03: JJH Y femur tracker  s/n:3E4C8801,179574907,1738682515.118417576,1,OK,0.9781423,0.0282471,0.2045745,0.0242688,-278.183,261.004,-1700.955,0.3003654,3,OK,-277.864,260.954,-1701.097,OK,-334.614,337.585,-1672.385,OK,-363.645,255.730,-1663.697
3,Port 0x01: JJH Probe  s/n:3E4C880C,179574910,1738682515.168417573,1,Too Few Markers,-3.697314E28,-3.697314E28,-3.697314E28,-3.697314E28,-3.697314E28,-3.697314E28,-3.697314E28,0.0000000,3,Missing,-3.697314E28,-3.697314E28,-3.697314E28,Missing,-3.697314E28,-3.697314E28,-3.697314E28,Missing,-3.697314E28,-3.697314E28,-3.697314E28,Port 0x02: JJH T tibia tracker  s/n:3E4C8800,179574910,1738682515.168417573,1,OK,0.9048405,-0.2923711,-0.1609214,0.2643615,99.096,75.527,-1661.188,0.2421020,3,OK,99.247,75.423,-1661.042,OK,105.760,-5.876,-1610.863,OK,26.512,24.033,-1673.403,Port 0x03: JJH Y femur tracker  s/n:3E4C8801,179574910,1738682515.168417573,1,OK,0.9753905,0.0294737,0.2177572,0.0180686,-276.537,263.134,-1695.891,0.2922657,3,OK,-276.232,263.080,-1696.037,OK,-331.261,340.392,-1665.851,OK,-360.997,258.879,-1656.311
3,Port 0x01: JJH Probe  s/n:3E4C880C,179574913,1738682515.218417573,1,Too Few Markers,-3.697314E28,-3.697314E28,-3.697314E28,-3.697314E28,-3.697314E28,-3.697314E28,-3.697314E28,0.0000000,3,Missing,-3.697314E28,-3.697314E28,-3.697314E28,Missing,-3.697314E28,-3.697314E28,-3.697314E28,Missing,-3.697314E28,-3.697314E28,-3.697314E28,Port 0x02: JJH T tibia tracker  s/n:3E4C8800,179574913,1738682515.218417573,1,OK,0.9051549,-0.2898932,-0.1616187,0.2655860,99.395,75.756,-1662.085,0.2583955,3,OK,99.548,75.634,-1661.928,OK,106.361,-5.838,-1612.158,OK,26.971,24.081,-1674.473,Port 0x03: JJH Y femur tracker  s/n:3E4C8801,179574913,1738682515.218417573,1,OK,0.9723314,0.0311966,0.2312114,0.0118214,-274.780,265.282,-1691.123,0.2916558,3,OK,-274.478,265.220,-1691.280,OK,-327.709,343.184,-1659.548,OK,-358.143,262.021,-1649.195
3,Port 0x01: JJH Probe  s/n:3E4C880C,179574916,1738682515.268417573,1,Too Few Markers,-3.697314E28,-3.697314E28,-3.697314E28,-3.697314E28,-3.697314E28,-3.697314E28,-3.697314E28,0.0000000,3,Missing,-3.697314E28,-3.697314E28,-3.697314E28,Missing,-3.697314E28,-3.697314E28,-3.697314E28,Missing,-3.697314E28,-3.697314E28,-3.697314E28,Port 0x02: JJH T tibia tracker  s/n:3E4C8800,179574916,1738682515.268417573,1,OK,0.9054141,-0.2880854,-0.1620516,0.2664046,99.655,75.834,-1662.938,0.2389375,3,OK,99.802,75.724,-1662.793,OK,106.848,-5.934,-1613.276,OK,27.331,24.051,-1675.455,Port 0x03: JJH Y femur tracker  s/n:3E4C8801,179574916,1738682515.268417573,1,OK,0.9692570,0.0323789,0.2438461,0.0056175,-272.848,267.319,-1686.346,0.2801668,3,OK,-272.558,267.256,-1686.506,OK,-323.998,345.868,-1653.453,OK,-355.109,265.043,-1642.229
3,Port 0x01: JJH Probe  s/n:3E4C880C,179574919,1738682515.318417573,1,Too Few Markers,-3.697314E28,-3.697314E28,-3.697314E28,-3.697314E28,-3.697314E28,-3.697314E28,-3.697314E28,0.0000000,3,Missing,-3.697314E28,-3.697314E28,-3.697314E28,Missing,-3.697314E28,-3.697314E28,-3.697314E28,Missing,-3.697314E28,-3.697314E28,-3.697314E28,Port 0x02: JJH T tibia tracker  s/n:3E4C8800,179574919,1738682515.318417573,1,OK,0.9059474,-0.2854354,-0.1626424,0.2670832,99.839,75.859,-1663.787,0.2544798,3,OK,99.989,75.735,-1663.634,OK,107.244,-6.133,-1614.572,OK,27.620,23.983,-1676.503,Port 0x03: JJH Y femur tracker  s/n:3E4C8801,179574919,1738682515.318417573,1,OK,0.9659898,0.0337005,0.2563744,-0.0003979,-270.809,269.315,-1681.639,0.2648646,3,OK,-270.541,269.249,-1681.798,OK,-320.170,348.458,-1647.451,OK,-351.891,267.978,-1635.383
3,Port 0x01: JJH Probe  s/n:3E4C880C,179574922,1738682515.368417573,1,Too Few Markers,-3.697314E28,-3.697314E28,-3.697314E28,-3.697314E28,-3.697314E28,-3.697314E28,-3.697314E28,0.0000000,3,Missing,-3.697314E28,-3.697314E28,-3.697314E28,Missing,-3.697314E28,-3.697314E28,-3.697314E28,Missing,-3.697314E28,-3.697314E28,-3.697314E28,Port 0x02: JJH T tibia tracker  s/n:3E4C8800,179574922,1738682515.368417573,1,OK,0.9064206,-0.2831158,-0.1630277,0.2677109,99.998,75.813,-1664.772,0.2444837,3,OK,100.146,75.705,-1664.630,OK,107.601,-6.399,-1615.928,OK,27.872,23.858,-1677.638,Port 0x03: JJH Y femur tracker  s/n:3E4C8801,179574922,1738682515.368417573,1,OK,0.9624529,0.0347286,0.2691442,-0.0063090,-268.691,271.291,-1677.175,0.2646843,3,OK,-268.421,271.233,-1677.343,OK,-316.223,351.006,-1641.754,OK,-348.529,270.868,-1628.744
3,Port 0x01: JJH Probe  s/n:3E4C880C,179574925,1738682515.418417573,1,Too Few Markers,-3.697314E28,-3.697314E28,-3.697314E28,-3.697314E28,-3.697314E28,-3.697314E28,-3.697314E28,0.0000000,3,Missing,-3.697314E28,-3.697314E28,-3.697314E28,Missing,-3.697314E28,-3.697314E28,-3.697314E28,Missing,-3.697314E28,-3.697314E28,-3.697314E28,Port 0x02: JJH T tibia tracker  s/n:3E4C8800,179574925,1738682515.418417573,1,OK,0.9068952,-0.2805465,-0.1637052,0.2683942,100.221,75.844,-1665.634,0.2575445,3,OK,100.373,75.724,-1665.484,OK,108.035,-6.582,-1617.222,OK,28.200,23.794,-1678.712,Port 0x03: JJH Y femur tracker  s/n:3E4C8801,179574925,1738682515.418417573,1,OK,0.9588772,0.0362654,0.2812252,-0.0123161,-266.436,273.168,-1672.830,0.2595682,3,OK,-266.173,273.092,-1673.005,OK,-312.124,353.439,-1636.202,OK,-345.001,273.652,-1622.379
3,Port 0x01: JJH Probe  s/n:3E4C880C,179574928,1738682515.468417573,1,Too Few Markers,-3.697314E28,-3.697314E28,-3.697314E28,-3.697314E28,-3.697314E28,-3.697314E28,-3.697314E28,0.0000000,3,Missing,-3.697314E28,-3.697314E28,-3.697314E28,Missing,-3.697314E28,-3.697314E28,-3.697314E28,Missing,-3.697314E28,-3.697314E28,-3.697314E28,Port 0x02: JJH T tibia tracker  s/n:3E4C8800,179574928,1738682515.468417573,1,OK,0.9072344,-0.2785719,-0.1639040,0.2691820,100.474,75.876,-1666.541,0.2357072,3,OK,100.612,75.773,-1666.409,OK,108.513,-6.734,-1618.425,OK,28.557,23.736,-1679.713,Port 0x03: JJH Y femur tracker  s/n:3E4C8801,179574928,1738682515.468417573,1,OK,0.9554808,0.0372339,0.2921439,-0.0179444,-264.078,274.937,-1668.627,0.2340947,3,OK,-263.849,274.865,-1668.789,OK,-308.039,355.719,-1631.026,OK,-341.420,276.278,-1616.380
3,Port 0x01: JJH Probe  s/n:3E4C880C,179574931,1738682515.518417573,1,Too Few Markers,-3.697314E28,-3.697314E28,-3.697314E28,-3.697314E28,-3.697314E28,-3.697314E28,-3.697314E28,0.0000000,3,Missing,-3.697314E28,-3.697314E28,-3.697314E28,Missing,-3.697314E28,-3.697314E28,-3.697314E28,Missing,-3.697314E28,-3.697314E28,-3.697314E28,Port 0x02: JJH T tibia tracker  s/n:3E4C8800,179574931,1738682515.518417573,1,OK,0.9077409,-0.2758675,-0.1645630,0.2698568,100.666,75.891,-1667.418,0.2483232,3,OK,100.815,75.781,-1667.277,OK,108.926,-6.943,-1619.756,OK,28.842,23.656,-1680.813,Port 0x03: JJH Y femur tracker  s/n:3E4C8801,179574931,1738682515.518417573,1,OK,0.9518180,0.0384667,0.3033481,-0.0232977,-261.768,276.632,-1664.696,0.2300170,3,OK,-261.545,276.563,-1664.862,OK,-303.982,357.863,-1626.077,OK,-337.826,278.756,-1610.613
3,Port 0x01: JJH Probe  s/n:3E4C880C,179574934,1738682515.568417573,1,Too Few Markers,-3.697314E28,-3.697314E28,-3.697314E28,-3.697314E28,-3.697314E28,-3.697314E28,-3.697314E28,0.0000000,3,Missing,-3.697314E28,-3.697314E28,-3.697314E28,Missing,-3.697314E28,-3.697314E28,-3.697314E28,Missing,-3.697314E28,-3.697314E28,-3.697314E28,Port 0x02: JJH T tibia tracker  s/n:3E4C8800,179574934,1738682515.568417573,1,OK,0.9082871,-0.2728767,-0.1656617,0.2703869,100.783,75.810,-1668.263,0.2589853,3,OK,100.934,75.681,-1668.112,OK,109.240,-7.280,-1621.117,OK,29.069,23.499,-1681.978,Port 0x03: JJH Y femur tracker  s/n:3E4C8801,179574934,1738682515.568417573,1,OK,0.9479802,0.0397510,0.3145430,-0.0285659,-259.433,278.278,-1660.890,0.2341529,3,OK,-259.207,278.208,-1661.066,OK,-299.881,359.928,-1621.276,OK,-334.155,281.158,-1604.992
3,Port 0x01: JJH Probe  s/n:3E4C880C,179574937,1738682515.618417573,1,Too Few Markers,-3.697314E28,-3.697314E28,-3.697314E28,-3.697314E28,-3.697314E28,-3.697314E28,-3.697314E28,0.0000000,3,Missing,-3.697314E28,-3.697314E28,-3.697314E28,Missing,-3.697314E28,-3.697314E28,-3.697314E28,Missing,-3.697314E28,-3.697314E28,-3.697314E28,Port 0x02: JJH T tibia tracker  s/n:3E4C8800,179574937,1738682515.618417573,1,OK,0.9088764,-0.2705103,-0.1660033,0.2705749,100.949,75.583,-1669.301,0.2395179,3,OK,101.100,75.473,-1669.161,OK,109.545,-7.745,-1622.540,OK,29.262,23.269,-1683.204,Port 0x03: JJH Y femur tracker  s/n:3E4C8801,179574937,1738682515.618417573,1,OK,0.9440951,0.0406107,0.3254150,-0.0337678,-256.994,279.814,-1657.219,0.2296048,3,OK,-256.775,279.758,-1657.397,OK,-295.691,361.876,-1616.747,OK,-330.368,283.444,-1599.581
3,Port 0x01: JJH Probe  s/n:3E4C880C,179574940,1738682515.668467096,1,Too Few Markers,-3.697314E28,-3.697314E28,-3.697314E28,-3.697314E28,-3.697314E28,-3.697314E28,-3.697314E28,0.0000000,3,Missing,-3.697314E28,-3.697314E28,-3.697314E28,Missing,-3.697314E28,-3.697314E28,-3.697314E28,Missing,-3.697314E28,-3.697314E28,-3.697314E28,Port 0x02: JJH T tibia tracker  s/n:3E4C8800,179574940,1738682515.668467096,1,OK,0.9095134,-0.2675419,-0.1667742,0.2709116,101.165,75.378,-1670.418,0.2098188,3,OK,101.297,75.281,-1670.296,OK,109.940,-8.246,-1624.145,OK,29.563,23.045,-1684.598,Port 0x03: JJH Y femur tracker  s/n:3E4C8801,179574940,1738682515.668467096,1,OK,0.9402205,0.0422235,0.3356566,-0.0392062,-254.362,281.441,-1653.548,0.2155519,3,OK,-254.164,281.376,-1653.718,OK,-291.272,363.893,-1612.190,OK,-326.373,285.825,-1594.311
3,Port 0x01: JJH Probe  s/n:3E4C880C,179574943,1738682515.718467096,1,Too Few Markers,-3.697314E28,-3.697314E28,-3.697314E28,-3.697314E28,-3.697314E28,-3.697314E28,-3.697314E28,0.0000000,3,Missing,-3.697314E28,-3.697314E28,-3.697314E28,Missing,-3.697314E28,-3.697314E28,-3.697314E28,Missing,-3.697314E28,-3.697314E28,-3.697314E28,Port 0x02: JJH T tibia tracker  s/n:3E4C8800,179574943,1738682515.718467096,1,OK,0.9103468,-0.2638402,-0.1674641,0.2713168,101.359,75.248,-1671.403,0.2330134,3,OK,101.494,75.130,-1671.271,OK,110.334,-8.674,-1625.784,OK,29.852,22.881,-1685.873,Port 0x03: JJH Y femur tracker  s/n:3E4C8801,179574943,1738682515.718467096,1,OK,0.9359995,0.0427876,0.3465746,-0.0442752,-251.713,282.936,-1649.948,0.2130307,3,OK,-251.518,282.885,-1650.121,OK,-286.847,365.768,-1607.839,OK,-322.268,288.038,-1589.013
3,Port 0x01: JJH Probe  s/n:3E4C880C,179574946,1738682515.768467096,1,Too Few Markers,-3.697314E28,-3.697314E28,-3.697314E28,-3.697314E28,-3.697314E28,-3.697314E28,-3.697314E28,0.0000000,3,Missing,-3.697314E28,-3.697314E28,-3.697314E28,Missing,-3.697314E28,-3.697314E28,-3.697314E28,Missing,-3.697314E28,-3.697314E28,-3.697314E28,Port 0x02: JJH T tibia tracker  s/n:3E4C8800,179574946,1738682515.768467096,1,OK,0.9107113,-0.2614587,-0.1687676,0.2715911,101.468,75.100,-1672.402,0.2156013,3,OK,101.601,74.982,-1672.272,OK,110.587,-9.054,-1627.183,OK,30.037,22.694,-1687.222,Port 0x03: JJH Y femur tracker  s/n:3E4C8801,179574946,1738682515.768467096,1,OK,0.9318370,0.0440772,0.3567593,-0.0495960,-248.920,284.509,-1646.421,0.1899833,3,OK,-248.753,284.453,-1646.578,OK,-282.247,367.706,-1603.549,OK,-318.020,290.328,-1583.951
3,Port 0x01: JJH Probe  s/n:3E4C880C,179574949,1738682515.818510186,1,Too Few Markers,-3.697314E28,-3.697314E28,-3.697314E28,-3.697314E28,-3.697314E28,-3.697314E28,-3.697314E28,0.0000000,3,Missing,-3.697314E28,-3.697314E28,-3.697314E28,Missing,-3.697314E28,-3.697314E28,-3.697314E28,Missing,-3.697314E28,-3.697314E28,-3.697314E28,Port 0x02: JJH T tibia tracker  s/n:3E4C8800,179574949,1738682515.818510186,1,OK,0.9114612,-0.2583307,-0.1693519,0.2717051,101.535,74.841,-1673.240,0.2291787,3,OK,101.673,74.711,-1673.103,OK,110.790,-9.573,-1628.577,OK,30.151,22.443,-1688.324,Port 0x03: JJH Y femur tracker  s/n:3E4C8801,179574949,1738682515.818510186,1,OK,0.9274857,0.0450775,0.3670824,-0.0546699,-246.128,285.940,-1643.012,0.1860851,3,OK,-245.967,285.891,-1643.170,OK,-277.660,369.467,-1599.440,OK,-313.740,292.435,-1578.989
3,Port 0x01: JJH Probe  s/n:3E4C880C,179574952,1738682515.868510186,1,Too Few Markers,-3.697314E28,-3.697314E28,-3.697314E28,-3.697314E28,-3.697314E28,-3.697314E28,-3.697314E28,0.0000000,3,Missing,-3.697314E28,-3.697314E28,-3.697314E28,Missing,-3.697314E28,-3.697314E28,-3.697314E28,Missing,-3.697314E28,-3.697314E28,-3.697314E28,Port 0x02: JJH T tibia tracker  s/n:3E4C8800,179574952,1738682515.868510186,1,OK,0.9123663,-0.2550810,-0.1699117,0.2713879,101.638,74.381,-1674.473,0.2124836,3,OK,101.767,74.266,-1674.349,OK,110.959,-10.350,-1630.385,OK,30.267,22.069,-1689.846,Port 0x03: JJH Y femur tracker  s/n:3E4C8801,179574952,1738682515.868510186,1,OK,0.9231911,0.0461329,0.3768310,-0.0599023,-243.199,287.347,-1639.702,0.1664800,3,OK,-243.063,287.301,-1639.842,OK,-272.939,371.198,-1595.506,OK,-309.322,294.542,-1574.259
3,Port 0x01: JJH Probe  s/n:3E4C880C,179574955,1738682515.918510186,1,Too Few Markers,-3.697314E28,-3.697314E28,-3.697314E28,-3.697314E28,-3.697314E28,-3.697314E28,-3.697314E28,0.0000000,3,Missing,-3.697314E28,-3.697314E28,-3.697314E28,Missing,-3.697314E28,-3.697314E28,-3.697314E28,Missing,-3.697314E28,-3.697314E28,-3.697314E28,Port 0x02: JJH T tibia tracker  s/n:3E4C8800,179574955,1738682515.918510186,1,OK,0.9132841,-0.2515049,-0.1709327,0.2709971,101.711,73.916,-1675.730,0.1881538,3,OK,101.834,73.811,-1675.615,OK,111.114,-11.174,-1632.268,OK,30.342,21.699,-1691.510,Port 0x03: JJH Y femur tracker  s/n:3E4C8801,179574955,1738682515.918510186,1,OK,0.9186525,0.0472808,0.3868549,-0.0646946,-240.382,288.669,-1636.610,0.1769834,3,OK,-240.236,288.627,-1636.765,OK,-268.342,372.784,-1591.768,OK,-304.984,296.458,-1569.692
3,Port 0x01: JJH Probe  s/n:3E4C880C,179574958,1738682515.968510186,1,Too Few Markers,-3.697314E28,-3.697314E28,-3.697314E28,-3.697314E28,-3.697314E28,-3.697314E28,-3.697314E28,0.0000000,3,Missing,-3.697314E28,-3.697314E28,-3.697314E28,Missing,-3.697314E28,-3.697314E28,-3.697314E28,Missing,-3.697314E28,-3.697314E28,-3.697314E28,Port 0x02: JJH T tibia tracker  s/n:3E4C8800,179574958,1738682515.968510186,1,OK,0.9142526,-0.2477097,-0.1714947,0.2708722,101.758,73.503,-1676.828,0.2095045,3,OK,101.891,73.391,-1676.706,OK,111.263,-11.891,-1634.064,OK,30.426,21.336,-1692.906,Port 0x03: JJH Y femur tracker  s/n:3E4C8801,179574958,1738682515.968510186,1,OK,0.9142505,0.0487096,0.3961878,-0.0693448,-237.570,289.953,-1633.622,0.1737639,3,OK,-237.434,289.897,-1633.777,OK,-263.813,374.296,-1588.151,OK,-300.676,298.302,-1565.384
3,Port 0x01: JJH Probe  s/n:3E4C880C,179574961,1738682516.018510186,1,Too Few Markers,-3.697314E28,-3.697314E28,-3.697314E28,-3.697314E28,-3.697314E28,-3.697314E28,-3.697314E28,0.0000000,3,Missing,-3.697314E28,-3.697314E28,-3.697314E28,Missing,-3.697314E28,-3.697314E28,-3.697314E28,Missing,-3.697314E28,-3.697314E28,-3.697314E28,Port 0x02: JJH T tibia tracker  s/n:3E4C8800,179574961,1738682516.018510186,1,OK,0.9150897,-0.2440815,-0.1728819,0.2704568,101.838,73.078,-1678.114,0.1815015,3,OK,101.955,72.971,-1678.003,OK,111.416,-12.675,-1635.995,OK,30.535,21.012,-1694.659,Port 0x03: JJH Y femur tracker  s/n:3E4C8801,179574961,1738682516.018510186,1,OK,0.9101460,0.0497273,0.4046223,-0.0737720,-234.810,291.125,-1630.857,0.1492614,3,OK,-234.701,291.077,-1630.987,OK,-259.452,375.690,-1584.915,OK,-296.516,300.012,-1561.460
3,Port 0x01: JJH Probe  s/n:3E4C880C,179574964,1738682516.068567066,1,Too Few Markers,-3.697314E28,-3.697314E28,-3.697314E28,-3.697314E28,-3.697314E28,-3.697314E28,-3.697314E28,0.0000000,3,Missing,-3.697314E28,-3.697314E28,-3.697314E28,Missing,-3.697314E28,-3.697314E28,-3.697314E28,Missing,-3.697314E28,-3.697314E28,-3.697314E28,Port 0x02: JJH T tibia tracker  s/n:3E4C8800,179574964,1738682516.068567066,1,OK,0.9161541,-0.2402798,-0.1732951,0.2699926,101.947,72.591,-1679.565,0.1568429,3,OK,102.051,72.505,-1679.472,OK,111.592,-13.516,-1638.124,OK,30.639,20.656,-1696.411,Port 0x03: JJH Y femur tracker  s/n:3E4C8801,179574964,1738682516.068567066,1,OK,0.9059128,0.0501334,0.4132170,-0.0778483,-232.120,292.218,-1628.259,0.1463941,3,OK,-232.007,292.188,-1628.394,OK,-255.210,377.009,-1581.947,OK,-292.424,301.599,-1557.663
3,Port 0x01: JJH Probe  s/n:3E4C880C,179574967,1738682516.118567066,1,Too Few Markers,-3.697314E28,-3.697314E28,-3.697314E28,-3.697314E28,-3.697314E28,-3.697314E28,-3.697314E28,0.0000000,3,Missing,-3.697314E28,-3.697314E28,-3.697314E28,Missing,-3.697314E28,-3.697314E28,-3.697314E28,Missing,-3.697314E28,-3.697314E28,-3.697314E28,Port 0x02: JJH T tibia tracker  s/n:3E4C8800,179574967,1738682516.118567066,1,OK,0.9170692,-0.2365341,-0.1742797,0.2695592,102.030,72.181,-1680.659,0.1703809,3,OK,102.142,72.083,-1680.558,OK,111.731,-14.235,-1639.916,OK,30.731,20.344,-1697.900,Port 0x03: JJH Y femur tracker  s/n:3E4C8801,179574967,1738682516.118567066,1,OK,0.9021434,0.0515080,0.4204861,-0.0817046,-229.618,293.209,-1625.956,0.1374006,3,OK,-229.523,293.169,-1626.077,OK,-251.278,378.135,-1579.193,OK,-288.647,303.026,-1554.399
3,Port 0x01: JJH Probe  s/n:3E4C880C,179574970,1738682516.168567067,1,Too Few Markers,-3.697314E28,-3.697314E28,-3.697314E28,-3.697314E28,-3.697314E28,-3.697314E28,-3.697314E28,0.0000000,3,Missing,-3.697314E28,-3.697314E28,-3.697314E28,Missing,-3.697314E28,-3.697314E28,-3.697314E28,Missing,-3.697314E28,-3.697314E28,-3.697314E28,Port 0x02: JJH T tibia tracker  s/n:3E4C8800,179574970,1738682516.168567067,1,OK,0.9178145,-0.2328730,-0.1756712,0.2693072,102.055,71.809,-1681.697,0.1887196,3,OK,102.179,71.689,-1681.581,OK,111.852,-14.900,-1641.629,OK,30.787,20.038,-1699.397,Port 0x03: JJH Y femur tracker  s/n:3E4C8801,179574970,1738682516.168567067,1,OK,0.8984822,0.0521695,0.4274707,-0.0853042,-227.265,294.079,-1623.826,0.1254611,3,OK,-227.181,294.054,-1623.933,OK,-247.580,379.157,-1576.767,OK,-285.074,304.314,-1551.344
3,Port 0x01: JJH Probe  s/n:3E4C880C,179574973,1738682516.218567067,1,Too Few Markers,-3.697314E28,-3.697314E28,-3.697314E28,-3.697314E28,-3.697314E28,-3.697314E28,-3.697314E28,0.0000000,3,Missing,-3.697314E28,-3.697314E28,-3.697314E28,Missing,-3.697314E28,-3.697314E28,-3.697314E28,Missing,-3.697314E28,-3.697314E28,-3.697314E28,Port 0x02: JJH T tibia tracker  s/n:3E4C8800,179574973,1738682516.218567067,1,OK,0.9188379,-0.2293317,-0.1755963,0.2689049,102.115,71.390,-1682.870,0.1877988,3,OK,102.231,71.277,-1682.764,OK,111.956,-15.595,-1643.461,OK,30.850,19.739,-1700.749,Port 0x03: JJH Y femur tracker  s/n:3E4C8801,179574973,1738682516.218567067,1,OK,0.8951002,0.0528172,0.4337967,-0.0884671,-225.083,294.887,-1621.853,0.1144685,3,OK,-225.008,294.871,-1621.950,OK,-244.183,380.094,-1574.526,OK,-281.774,305.470,-1548.545
3,Port 0x01: JJH Probe  s/n:3E4C880C,179574976,1738682516.268567067,1,Too Few Markers,-3.697314E28,-3.697314E28,-3.697314E28,-3.697314E28,-3.697314E28,-3.697314E28,-3.697314E28,0.0000000,3,Missing,-3.697314E28,-3.697314E28,-3.697314E28,Missing,-3.697314E28,-3.697314E28,-3.697314E28,Missing,-3.697314E28,-3.697314E28,-3.697314E28,Port 0x02: JJH T tibia tracker  s/n:3E4C8800,179574976,1738682516.268567067,1,OK,0.9196325,-0.2261244,-0.1763530,0.2684090,102.235,70.930,-1684.185,0.1571193,3,OK,102.338,70.836,-1684.094,OK,112.124,-16.357,-1645.351,OK,30.961,19.408,-1702.400,Port 0x03: JJH Y femur tracker  s/n:3E4C8801,179574976,1738682516.268567067,1,OK,0.8918329,0.0535695,0.4397451,-0.0915896,-222.945,295.600,-1620.090,0.1063486,3,OK,-222.880,295.594,-1620.174,OK,-240.865,380.912,-1572.512,OK,-278.555,306.525,-1546.022
3,Port 0x01: JJH Probe  s/n:3E4C880C,179574979,1738682516.318567067,1,Too Few Markers,-3.697314E28,-3.697314E28,-3.697314E28,-3.697314E28,-3.697314E28,-3.697314E28,-3.697314E28,0.0000000,3,Missing,-3.697314E28,-3.697314E28,-3.697314E28,Missing,-3.697314E28,-3.697314E28,-3.697314E28,Missing,-3.697314E28,-3.697314E28,-3.697314E28,Port 0x02: JJH T tibia tracker  s/n:3E4C8800,179574979,1738682516.318567067,1,OK,0.9204938,-0.2220278,-0.1776930,0.2679926,102.291,70.566,-1685.334,0.1798370,3,OK,102.408,70.456,-1685.231,OK,112.242,-17.027,-1647.279,OK,31.053,19.138,-1704.014,Port 0x03: JJH Y femur tracker  s/n:3E4C8801,179574979,1738682516.318567067,1,OK,0.8887099,0.0543935,0.4453606,-0.0942865,-220.992,296.295,-1618.438,0.1139480,3,OK,-220.919,296.284,-1618.535,OK,-237.827,381.685,-1570.595,OK,-275.590,307.490,-1543.643
3,Port 0x01: JJH Probe  s/n:3E4C880C,179574982,1738682516.368608744,1,Too Few Markers,-3.697314E28,-3.697314E28,-3.697314E28,-3.697314E28,-3.697314E28,-3.697314E28,-3.697314E28,0.0000000,3,Missing,-3.697314E28,-3.697314E28,-3.697314E28,Missing,-3.697314E28,-3.697314E28,-3.697314E28,Missing,-3.697314E28,-3.697314E28,-3.697314E28,Port 0x02: JJH T tibia tracker  s/n:3E4C8800,179574982,1738682516.368608744,1,OK,0.9211176,-0.2192485,-0.1784812,0.2676135,102.356,70.185,-1686.468,0.1644863,3,OK,102.468,70.083,-1686.371,OK,112.360,-17.650,-1648.915,OK,31.114,18.860,-1705.461,Port 0x03: JJH Y femur tracker  s/n:3E4C8801,179574982,1738682516.368608744,1,OK,0.8857606,0.0553624,0.4504858,-0.0970861,-219.072,296.921,-1616.878,0.1125079,3,OK,-219.010,296.900,-1616.968,OK,-234.850,382.379,-1568.785,OK,-272.692,308.408,-1541.458
3,Port 0x01: JJH Probe  s/n:3E4C880C,179574985,1738682516.418608744,1,Too Few Markers,-3.697314E28,-3.697314E28,-3.697314E28,-3.697314E28,-3.697314E28,-3.697314E28,-3.697314E28,0.0000000,3,Missing,-3.697314E28,-3.697314E28,-3.697314E28,Missing,-3.697314E28,-3.697314E28,-3.697314E28,Missing,-3.697314E28,-3.697314E28,-3.697314E28,Port 0x02: JJH T tibia tracker  s/n:3E4C8800,179574985,1738682516.418608744,1,OK,0.9218855,-0.2159684,-0.1791306,0.2672020,102.405,69.865,-1687.495,0.1639937,3,OK,102.513,69.756,-1687.400,OK,112.458,-18.222,-1650.555,OK,31.171,18.654,-1706.793,Port 0x03: JJH Y femur tracker  s/n:3E4C8801,179574985,1738682516.418608744,1,OK,0.8827387,0.0565659,0.4557048,-0.0995286,-217.270,297.571,-1615.496,0.1403859,3,OK,-217.193,297.526,-1615.615,OK,-232.021,383.046,-1567.090,OK,-269.918,309.274,-1539.415
3,Port 0x01: JJH Probe  s/n:3E4C880C,179574988,1738682516.468608744,1,Too Few Markers,-3.697314E28,-3.697314E28,-3.697314E28,-3.697314E28,-3.697314E28,-3.697314E28,-3.697314E28,0.0000000,3,Missing,-3.697314E28,-3.697314E28,-3.697314E28,Missing,-3.697314E28,-3.697314E28,-3.697314E28,Missing,-3.697314E28,-3.697314E28,-3.697314E28,Port 0x02: JJH T tibia tracker  s/n:3E4C8800,179574988,1738682516.468608744,1,OK,0.9226470,-0.2128689,-0.1794626,0.2668379,102.509,69.483,-1688.601,0.1503897,3,OK,102.606,69.382,-1688.514,OK,112.621,-18.849,-1652.226,OK,31.269,18.390,-1708.139,Port 0x03: JJH Y femur tracker  s/n:3E4C8801,179574988,1738682516.468608744,1,OK,0.8800276,0.0570066,0.4603270,-0.1019842,-215.419,298.079,-1614.087,0.1199302,3,OK,-215.359,298.048,-1614.181,OK,-229.232,383.633,-1565.557,OK,-267.176,310.035,-1537.460
3,Port 0x01: JJH Probe  s/n:3E4C880C,179574991,1738682516.518608744,1,Too Few Markers,-3.697314E28,-3.697314E28,-3.697314E28,-3.697314E28,-3.697314E28,-3.697314E28,-3.697314E28,0.0000000,3,Missing,-3.697314E28,-3.697314E28,-3.697314E28,Missing,-3.697314E28,-3.697314E28,-3.697314E28,Missing,-3.697314E28,-3.697314E28,-3.697314E28,Port 0x02: JJH T tibia tracker  s/n:3E4C8800,179574991,1738682516.518608744,1,OK,0.9234253,-0.2095951,-0.1800364,0.2663505,102.558,69.124,-1689.792,0.1538890,3,OK,102.659,69.023,-1689.704,OK,112.703,-19.451,-1654.035,OK,31.309,18.153,-1709.623,Port 0x03: JJH Y femur tracker  s/n:3E4C8801,179574991,1738682516.518608744,1,OK,0.8770587,0.0573437,0.4653760,-0.1044266,-213.609,298.644,-1612.725,0.1170035,3,OK,-213.546,298.620,-1612.823,OK,-226.443,384.277,-1564.070,OK,-264.411,310.850,-1535.482
3,Port 0x01: JJH Probe  s/n:3E4C880C,179574994,1738682516.568608744,1,Too Few Markers,-3.697314E28,-3.697314E28,-3.697314E28,-3.697314E28,-3.697314E28,-3.697314E28,-3.697314E28,0.0000000,3,Missing,-3.697314E28,-3.697314E28,-3.697314E28,Missing,-3.697314E28,-3.697314E28,-3.697314E28,Missing,-3.697314E28,-3.697314E28,-3.697314E28,Port 0x02: JJH T tibia tracker  s/n:3E4C8800,179574994,1738682516.568608744,1,OK,0.9242292,-0.2058611,-0.1809325,0.2658665,102.577,68.695,-1691.058,0.1799384,3,OK,102.697,68.571,-1690.954,OK,112.794,-20.135,-1656.000,OK,31.300,17.855,-1711.282,Port 0x03: JJH Y femur tracker  s/n:3E4C8801,179574994,1738682516.568608744,1,OK,0.8744397,0.0580469,0.4696064,-0.1070305,-211.696,299.171,-1611.326,0.0915516,3,OK,-211.677,299.151,-1611.360,OK,-223.591,384.873,-1562.544,OK,-261.613,311.635,-1533.647
3,Port 0x01: JJH Probe  s/n:3E4C880C,179574997,1738682516.618608744,1,Too Few Markers,-3.697314E28,-3.697314E28,-3.697314E28,-3.697314E28,-3.697314E28,-3.697314E28,-3.697314E28,0.0000000,3,Missing,-3.697314E28,-3.697314E28,-3.697314E28,Missing,-3.697314E28,-3.697314E28,-3.697314E28,Missing,-3.697314E28,-3.697314E28,-3.697314E28,Port 0x02: JJH T tibia tracker  s/n:3E4C8800,179574997,1738682516.618608744,1,OK,0.9253781,-0.2027228,-0.1795458,0.2652210,102.638,68.175,-1692.613,0.1569155,3,OK,102.737,68.062,-1692.525,OK,112.883,-20.883,-1658.115,OK,31.244,17.546,-1712.801,Port 0x03: JJH Y femur tracker  s/n:3E4C8801,179574997,1738682516.618608744,1,OK,0.8711905,0.0586394,0.4749886,-0.1094275,-209.790,299.701,-1609.943,0.1064345,3,OK,-209.750,299.682,-1610.010,OK,-220.658,385.429,-1560.993,OK,-258.682,312.391,-1531.604
3,Port 0x01: JJH Probe  s/n:3E4C880C,179575000,1738682516.668608744,1,Too Few Markers,-3.697314E28,-3.697314E28,-3.697314E28,-3.697314E28,-3.697314E28,-3.697314E28,-3.697314E28,0.0000000,3,Missing,-3.697314E28,-3.697314E28,-3.697314E28,Missing,-3.697314E28,-3.697314E28,-3.697314E28,Missing,-3.697314E28,-3.697314E28,-3.697314E28,Port 0x02: JJH T tibia tracker  s/n:3E4C8800,179575000,1738682516.668608744,1,OK,0.9265516,-0.1991871,-0.1784651,0.2645313,102.621,67.607,-1694.319,0.1767674,3,OK,102.740,67.490,-1694.221,OK,112.898,-21.672,-1660.471,OK,31.084,17.172,-1714.557,Port 0x03: JJH Y femur tracker  s/n:3E4C8801,179575000,1738682516.668608744,1,OK,0.8680954,0.0594382,0.4798977,-0.1121415,-207.753,300.316,-1608.656,0.1149838,3,OK,-207.726,300.288,-1608.709,OK,-217.583,386.086,-1559.549,OK,-255.637,313.270,-1529.779
3,Port 0x01: JJH Probe  s/n:3E4C880C,179575003,1738682516.718608744,1,Too Few Markers,-3.697314E28,-3.697314E28,-3.697314E28,-3.697314E28,-3.697314E28,-3.697314E28,-3.697314E28,0.0000000,3,Missing,-3.697314E28,-3.697314E28,-3.697314E28,Missing,-3.697314E28,-3.697314E28,-3.697314E28,Missing,-3.697314E28,-3.697314E28,-3.697314E28,Port 0x02: JJH T tibia tracker  s/n:3E4C8800,179575003,1738682516.718608744,1,OK,0.9272900,-0.1950170,-0.1802032,0.2638721,102.737,67.257,-1695.725,0.1518548,3,OK,102.835,67.146,-1695.641,OK,113.073,-22.362,-1662.654,OK,31.227,17.003,-1716.519,Port 0x03: JJH Y femur tracker  s/n:3E4C8801,179575003,1738682516.718608744,1,OK,0.8650469,0.0594992,0.4848060,-0.1145290,-205.814,300.799,-1607.266,0.0892111,3,OK,-205.791,300.795,-1607.304,OK,-214.680,386.651,-1558.137,OK,-252.727,313.984,-1527.833
3,Port 0x01: JJH Probe  s/n:3E4C880C,179575006,1738682516.768608744,1,Too Few Markers,-3.697314E28,-3.697314E28,-3.697314E28,-3.697314E28,-3.697314E28,-3.697314E28,-3.697314E28,0.0000000,3,Missing,-3.697314E28,-3.697314E28,-3.697314E28,Missing,-3.697314E28,-3.697314E28,-3.697314E28,Missing,-3.697314E28,-3.697314E28,-3.697314E28,Port 0x02: JJH T tibia tracker  s/n:3E4C8800,179575006,1738682516.768608744,1,OK,0.9281619,-0.1902922,-0.1818221,0.2631448,102.789,66.828,-1697.128,0.1728071,3,OK,102.894,66.692,-1697.035,OK,113.168,-23.100,-1664.970,OK,31.299,16.755,-1718.479,Port 0x03: JJH Y femur tracker  s/n:3E4C8801,179575006,1738682516.768608744,1,OK,0.8619351,0.0606132,0.4895643,-0.1171356,-203.855,301.353,-1606.044,0.1045898,3,OK,-203.838,301.328,-1606.084,OK,-211.685,387.212,-1556.726,OK,-249.775,314.754,-1526.094
3,Port 0x01: JJH Probe  s/n:3E4C880C,179575009,1738682516.818648914,1,Too Few Markers,-3.697314E28,-3.697314E28,-3.697314E28,-3.697314E28,-3.697314E28,-3.697314E28,-3.697314E28,0.0000000,3,Missing,-3.697314E28,-3.697314E28,-3.697314E28,Missing,-3.697314E28,-3.697314E28,-3.697314E28,Missing,-3.697314E28,-3.697314E28,-3.697314E28,Port 0x02: JJH T tibia tracker  s/n:3E4C8800,179575009,1738682516.818648914,1,OK,0.9289715,-0.1875972,-0.1812791,0.2625967,102.844,66.376,-1698.551,0.1377604,3,OK,102.935,66.278,-1698.476,OK,113.211,-23.750,-1666.897,OK,31.311,16.451,-1719.957,Port 0x03: JJH Y femur tracker  s/n:3E4C8801,179575009,1738682516.818648914,1,OK,0.8590333,0.0610561,0.4940198,-0.1194918,-201.972,301.821,-1604.931,0.0997400,3,OK,-201.962,301.802,-1604.956,OK,-208.873,387.723,-1555.551,OK,-246.965,315.438,-1524.508
3,Port 0x01: JJH Probe  s/n:3E4C880C,179575012,1738682516.868648914,1,Too Few Markers,-3.697314E28,-3.697314E28,-3.697314E28,-3.697314E28,-3.697314E28,-3.697314E28,-3.697314E28,0.0000000,3,Missing,-3.697314E28,-3.697314E28,-3.697314E28,Missing,-3.697314E28,-3.697314E28,-3.697314E28,Missing,-3.697314E28,-3.697314E28,-3.697314E28,Port 0x02: JJH T tibia tracker  s/n:3E4C8800,179575012,1738682516.868648914,1,OK,0.9297571,-0.1838142,-0.1820017,0.2619912,102.890,65.991,-1699.910,0.1401818,3,OK,102.980,65.887,-1699.835,OK,113.288,-24.378,-1668.979,OK,31.349,16.231,-1721.660,Port 0x03: JJH Y femur tracker  s/n:3E4C8801,179575012,1738682516.868648914,1,OK,0.8559930,0.0614867,0.4986742,-0.1217351,-200.104,302.240,-1603.652,0.0972756,3,OK,-200.089,302.225,-1603.683,OK,-206.069,388.167,-1554.204,OK,-244.143,316.052,-1522.719
3,Port 0x01: JJH Probe  s/n:3E4C880C,179575015,1738682516.918648914,1,Too Few Markers,-3.697314E28,-3.697314E28,-3.697314E28,-3.697314E28,-3.697314E28,-3.697314E28,-3.697314E28,0.0000000,3,Missing,-3.697314E28,-3.697314E28,-3.697314E28,Missing,-3.697314E28,-3.697314E28,-3.697314E28,Missing,-3.697314E28,-3.697314E28,-3.697314E28,Port 0x02: JJH T tibia tracker  s/n:3E4C8800,179575015,1738682516.918648914,1,OK,0.9305463,-0.1799553,-0.1830708,0.2611222,102.876,65.593,-1701.477,0.1447481,3,OK,102.963,65.480,-1701.402,OK,113.291,-25.047,-1671.279,OK,31.288,16.055,-1723.666,Port 0x03: JJH Y femur tracker  s/n:3E4C8801,179575015,1738682516.918648914,1,OK,0.8532147,0.0623032,0.5027990,-0.1238392,-198.391,302.677,-1602.593,0.1114766,3,OK,-198.383,302.669,-1602.609,OK,-203.480,388.579,-1553.031,OK,-241.549,316.649,-1521.238
3,Port 0x01: JJH Probe  s/n:3E4C880C,179575018,1738682516.968648914,1,Too Few Markers,-3.697314E28,-3.697314E28,-3.697314E28,-3.697314E28,-3.697314E28,-3.697314E28,-3.697314E28,0.0000000,3,Missing,-3.697314E28,-3.697314E28,-3.697314E28,Missing,-3.697314E28,-3.697314E28,-3.697314E28,Missing,-3.697314E28,-3.697314E28,-3.697314E28,Port 0x02: JJH T tibia tracker  s/n:3E4C8800,179575018,1738682516.968648914,1,OK,0.9314873,-0.1745908,-0.1847324,0.2602370,102.883,65.153,-1703.138,0.1538148,3,OK,102.973,65.031,-1703.061,OK,113.342,-25.824,-1673.976,OK,31.306,15.849,-1725.924,Port 0x03: JJH Y femur tracker  s/n:3E4C8801,179575018,1738682516.968648914,1,OK,0.8505498,0.0626877,0.5066677,-0.1261865,-196.583,303.091,-1601.561,0.1143884,3,OK,-196.597,303.084,-1601.541,OK,-200.807,389.045,-1551.990,OK,-238.886,317.281,-1519.845
3,Port 0x01: JJH Probe  s/n:3E4C880C,179575021,1738682517.018648914,1,Too Few Markers,-3.697314E28,-3.697314E28,-3.697314E28,-3.697314E28,-3.697314E28,-3.697314E28,-3.697314E28,0.0000000,3,Missing,-3.697314E28,-3.697314E28,-3.697314E28,Missing,-3.697314E28,-3.697314E28,-3.697314E28,Missing,-3.697314E28,-3.697314E28,-3.697314E28,Port 0x02: JJH T tibia tracker  s/n:3E4C8800,179575021,1738682517.018648914,1,OK,0.9324009,-0.1696636,-0.1859482,0.2593571,102.927,64.809,-1704.476,0.1737210,3,OK,103.035,64.678,-1704.389,OK,113.404,-26.445,-1676.278,OK,31.334,15.725,-1727.757,Port 0x03: JJH Y femur tracker  s/n:3E4C8801,179575021,1738682517.018648914,1,OK,0.8482395,0.0633959,0.5100083,-0.1279152,-195.096,303.441,-1600.656,0.1290581,3,OK,-195.111,303.429,-1600.635,OK,-198.600,389.372,-1550.993,OK,-236.675,317.757,-1518.604
3,Port 0x01: JJH Probe  s/n:3E4C880C,179575024,1738682517.068648914,1,Too Few Markers,-3.697314E28,-3.697314E28,-3.697314E28,-3.697314E28,-3.697314E28,-3.697314E28,-3.697314E28,0.0000000,3,Missing,-3.697314E28,-3.697314E28,-3.697314E28,Missing,-3.697314E28,-3.697314E28,-3.697314E28,Missing,-3.697314E28,-3.697314E28,-3.697314E28,Port 0x02: JJH T tibia tracker  s/n:3E4C8800,179575024,1738682517.068648914,1,OK,0.9329286,-0.1667096,-0.1869130,0.2586806,102.933,64.522,-1705.592,0.1809648,3,OK,103.037,64.384,-1705.506,OK,113.416,-26.922,-1677.964,OK,31.320,15.613,-1729.224,Port 0x03: JJH Y femur tracker  s/n:3E4C8801,179575024,1738682517.068648914,1,OK,0.8460791,0.0635867,0.5132025,-0.1293445,-193.828,303.719,-1599.940,0.1178192,3,OK,-193.834,303.712,-1599.932,OK,-196.704,389.660,-1550.264,OK,-234.742,318.148,-1517.547
3,Port 0x01: JJH Probe  s/n:3E4C880C,179575027,1738682517.118648914,1,Too Few Markers,-3.697314E28,-3.697314E28,-3.697314E28,-3.697314E28,-3.697314E28,-3.697314E28,-3.697314E28,0.0000000,3,Missing,-3.697314E28,-3.697314E28,-3.697314E28,Missing,-3.697314E28,-3.697314E28,-3.697314E28,Missing,-3.697314E28,-3.697314E28,-3.697314E28,Port 0x02: JJH T tibia tracker  s/n:3E4C8800,179575027,1738682517.118648914,1,OK,0.9335332,-0.1644294,-0.1864911,0.2582631,102.942,64.279,-1706.402,0.1614000,3,OK,103.037,64.150,-1706.324,OK,113.426,-27.294,-1679.207,OK,31.292,15.495,-1730.086,Port 0x03: JJH Y femur tracker  s/n:3E4C8801,179575027,1738682517.118648914,1,OK,0.8440974,0.0638028,0.5161259,-0.1305479,-192.690,303.890,-1599.155,0.1036268,3,OK,-192.695,303.892,-1599.144,OK,-195.000,389.837,-1549.462,OK,-232.994,318.390,-1516.464
3,Port 0x01: JJH Probe  s/n:3E4C880C,179575030,1738682517.168648918,1,Too Few Markers,-3.697314E28,-3.697314E28,-3.697314E28,-3.697314E28,-3.697314E28,-3.697314E28,-3.697314E28,0.0000000,3,Missing,-3.697314E28,-3.697314E28,-3.697314E28,Missing,-3.697314E28,-3.697314E28,-3.697314E28,Missing,-3.697314E28,-3.697314E28,-3.697314E28,Port 0x02: JJH T tibia tracker  s/n:3E4C8800,179575030,1738682517.168648918,1,OK,0.9340108,-0.1618193,-0.1872186,0.2576576,102.907,64.093,-1707.334,0.1761965,3,OK,103.010,63.955,-1707.250,OK,113.383,-27.624,-1680.653,OK,31.232,15.455,-1731.303,Port 0x03: JJH Y femur tracker  s/n:3E4C8801,179575030,1738682517.168648918,1,OK,0.8423615,0.0644364,0.5184776,-0.1321215,-191.470,304.270,-1598.555,0.1384390,3,OK,-191.491,304.262,-1598.518,OK,-193.208,390.199,-1548.804,OK,-231.212,318.906,-1515.675
3,Port 0x01: JJH Probe  s/n:3E4C880C,179575033,1738682517.218648911,1,Too Few Markers,-3.697314E28,-3.697314E28,-3.697314E28,-3.697314E28,-3.697314E28,-3.697314E28,-3.697314E28,0.0000000,3,Missing,-3.697314E28,-3.697314E28,-3.697314E28,Missing,-3.697314E28,-3.697314E28,-3.697314E28,Missing,-3.697314E28,-3.697314E28,-3.697314E28,Port 0x02: JJH T tibia tracker  s/n:3E4C8800,179575033,1738682517.218648911,1,OK,0.9343755,-0.1589201,-0.1885040,0.2572025,102.952,63.871,-1708.111,0.2032654,3,OK,103.071,63.716,-1708.017,OK,113.467,-27.998,-1681.997,OK,31.288,15.357,-1732.472,Port 0x03: JJH Y femur tracker  s/n:3E4C8801,179575033,1738682517.218648911,1,OK,0.8409215,0.0641641,0.5205670,-0.1332062,-190.481,304.345,-1597.930,0.1233866,3,OK,-190.511,304.362,-1597.865,OK,-191.801,390.328,-1548.271,OK,-229.776,319.083,-1514.857
3,Port 0x01: JJH Probe  s/n:3E4C880C,179575036,1738682517.268648911,1,Too Few Markers,-3.697314E28,-3.697314E28,-3.697314E28,-3.697314E28,-3.697314E28,-3.697314E28,-3.697314E28,0.0000000,3,Missing,-3.697314E28,-3.697314E28,-3.697314E28,Missing,-3.697314E28,-3.697314E28,-3.697314E28,Missing,-3.697314E28,-3.697314E28,-3.697314E28,Port 0x02: JJH T tibia tracker  s/n:3E4C8800,179575036,1738682517.268648911,1,OK,0.9347951,-0.1577799,-0.1878902,0.2568286,102.967,63.725,-1708.735,0.1734217,3,OK,103.065,63.585,-1708.655,OK,113.449,-28.220,-1682.837,OK,31.264,15.313,-1733.053,Port 0x03: JJH Y femur tracker  s/n:3E4C8801,179575036,1738682517.268648911,1,OK,0.8397543,0.0648291,0.5221537,-0.1340348,-189.754,304.553,-1597.577,0.1427361,3,OK,-189.782,304.542,-1597.529,OK,-190.712,390.495,-1547.812,OK,-228.683,319.338,-1514.355
3,Port 0x01: JJH Probe  s/n:3E4C880C,179575039,1738682517.318648911,1,Too Few Markers,-3.697314E28,-3.697314E28,-3.697314E28,-3.697314E28,-3.697314E28,-3.697314E28,-3.697314E28,0.0000000,3,Missing,-3.697314E28,-3.697314E28,-3.697314E28,Missing,-3.697314E28,-3.697314E28,-3.697314E28,Missing,-3.697314E28,-3.697314E28,-3.697314E28,Port 0x02: JJH T tibia tracker  s/n:3E4C8800,179575039,1738682517.318648911,1,OK,0.9350423,-0.1566646,-0.1880605,0.2564866,102.977,63.582,-1709.307,0.1685884,3,OK,103.069,63.449,-1709.233,OK,113.449,-28.444,-1683.622,OK,31.248,15.257,-1733.728,Port 0x03: JJH Y femur tracker  s/n:3E4C8801,179575039,1738682517.318648911,1,OK,0.8386722,0.0647548,0.5236979,-0.1348196,-189.110,304.644,-1597.175,0.1425970,3,OK,-189.143,304.652,-1597.105,OK,-189.756,390.600,-1547.455,OK,-227.699,319.499,-1513.816
3,Port 0x01: JJH Probe  s/n:3E4C880C,179575042,1738682517.368648918,1,Too Few Markers,-3.697314E28,-3.697314E28,-3.697314E28,-3.697314E28,-3.697314E28,-3.697314E28,-3.697314E28,0.0000000,3,Missing,-3.697314E28,-3.697314E28,-3.697314E28,Missing,-3.697314E28,-3.697314E28,-3.697314E28,Missing,-3.697314E28,-3.697314E28,-3.697314E28,Port 0x02: JJH T tibia tracker  s/n:3E4C8800,179575042,1738682517.368648918,1,OK,0.9354584,-0.1551140,-0.1875943,0.2562530,102.949,63.507,-1709.772,0.1578415,3,OK,103.036,63.372,-1709.700,OK,113.425,-28.586,-1684.382,OK,31.195,15.259,-1734.191,Port 0x03: JJH Y femur tracker  s/n:3E4C8801,179575042,1738682517.368648918,1,OK,0.8381461,0.0650415,0.5243792,-0.1353041,-188.699,304.745,-1596.951,0.1651101,3,OK,-188.745,304.748,-1596.860,OK,-189.167,390.690,-1547.201,OK,-227.113,319.632,-1513.557
3,Port 0x01: JJH Probe  s/n:3E4C880C,179575045,1738682517.418648918,1,Too Few Markers,-3.697314E28,-3.697314E28,-3.697314E28,-3.697314E28,-3.697314E28,-3.697314E28,-3.697314E28,0.0000000,3,Missing,-3.697314E28,-3.697314E28,-3.697314E28,Missing,-3.697314E28,-3.697314E28,-3.697314E28,Missing,-3.697314E28,-3.697314E28,-3.697314E28,Port 0x02: JJH T tibia tracker  s/n:3E4C8800,179575045,1738682517.418648918,1,OK,0.9355500,-0.1540906,-0.1882420,0.2560608,102.957,63.414,-1710.015,0.1688032,3,OK,103.052,63.276,-1709.939,OK,113.441,-28.733,-1684.830,OK,31.212,15.212,-1734.607,Port 0x03: JJH Y femur tracker  s/n:3E4C8801,179575045,1738682517.418648918,1,OK,0.8373579,0.0651890,0.5255348,-0.1356290,-188.344,304.810,-1596.757,0.1346073,3,OK,-188.368,304.812,-1596.708,OK,-188.604,390.740,-1546.986,OK,-226.541,319.701,-1513.202
3,Port 0x01: JJH Probe  s/n:3E4C880C,179575048,1738682517.468648911,1,Too Few Markers,-3.697314E28,-3.697314E28,-3.697314E28,-3.697314E28,-3.697314E28,-3.697314E28,-3.697314E28,0.0000000,3,Missing,-3.697314E28,-3.697314E28,-3.697314E28,Missing,-3.697314E28,-3.697314E28,-3.697314E28,Missing,-3.697314E28,-3.697314E28,-3.697314E28,Port 0x02: JJH T tibia tracker  s/n:3E4C8800,179575048,1738682517.468648911,1,OK,0.9355464,-0.1534518,-0.1887626,0.2560745,102.959,63.405,-1710.149,0.1767224,3,OK,103.067,63.268,-1710.067,OK,113.461,-28.766,-1685.096,OK,31.242,15.197,-1734.859,Port 0x03: JJH Y femur tracker  s/n:3E4C8801,179575048,1738682517.468648911,1,OK,0.8371887,0.0652866,0.5257478,-0.1358014,-188.185,304.844,-1596.685,0.1485116,3,OK,-188.215,304.840,-1596.628,OK,-188.390,390.769,-1546.899,OK,-226.321,319.753,-1513.127
3,Port 0x01: JJH Probe  s/n:3E4C880C,179575051,1738682517.518648911,1,Too Few Markers,-3.697314E28,-3.697314E28,-3.697314E28,-3.697314E28,-3.697314E28,-3.697314E28,-3.697314E28,0.0000000,3,Missing,-3.697314E28,-3.697314E28,-3.697314E28,Missing,-3.697314E28,-3.697314E28,-3.697314E28,Missing,-3.697314E28,-3.697314E28,-3.697314E28,Port 0x02: JJH T tibia tracker  s/n:3E4C8800,179575051,1738682517.518648911,1,OK,0.9356195,-0.1534890,-0.1885248,0.2559602,102.940,63.382,-1710.230,0.1762774,3,OK,103.039,63.239,-1710.151,OK,113.433,-28.796,-1685.162,OK,31.193,15.208,-1734.908,Port 0x03: JJH Y femur tracker  s/n:3E4C8801,179575051,1738682517.518648911,1,OK,0.8369901,0.0652352,0.5260546,-0.1358622,-188.163,304.853,-1596.659,0.1317518,3,OK,-188.188,304.851,-1596.611,OK,-188.318,390.789,-1546.885,OK,-226.248,319.756,-1513.055
3,Port 0x01: JJH Probe  s/n:3E4C880C,179575054,1738682517.568648918,1,Too Few Markers,-3.697314E28,-3.697314E28,-3.697314E28,-3.697314E28,-3.697314E28,-3.697314E28,-3.697314E28,0.0000000,3,Missing,-3.697314E28,-3.697314E28,-3.697314E28,Missing,-3.697314E28,-3.697314E28,-3.697314E28,Missing,-3.697314E28,-3.697314E28,-3.697314E28,Port 0x02: JJH T tibia tracker  s/n:3E4C8800,179575054,1738682517.568648918,1,OK,0.9355384,-0.1536527,-0.1887727,0.2559757,102.936,63.384,-1710.246,0.1712487,3,OK,103.032,63.251,-1710.170,OK,113.427,-28.799,-1685.148,OK,31.205,15.202,-1734.957,Port 0x03: JJH Y femur tracker  s/n:3E4C8801,179575054,1738682517.568648918,1,OK,0.8370740,0.0653173,0.5259044,-0.1358875,-188.148,304.858,-1596.652,0.1519857,3,OK,-188.182,304.845,-1596.594,OK,-188.319,390.790,-1546.857,OK,-226.244,319.773,-1513.087
3,Port 0x01: JJH Probe  s/n:3E4C880C,179575057,1738682517.618648918,1,Too Few Markers,-3.697314E28,-3.697314E28,-3.697314E28,-3.697314E28,-3.697314E28,-3.697314E28,-3.697314E28,0.0000000,3,Missing,-3.697314E28,-3.697314E28,-3.697314E28,Missing,-3.697314E28,-3.697314E28,-3.697314E28,Missing,-3.697314E28,-3.697314E28,-3.697314E28,Port 0x02: JJH T tibia tracker  s/n:3E4C8800,179575057,1738682517.618648918,1,OK,0.9357308,-0.1533572,-0.1881037,0.2559422,102.962,63.355,-1710.259,0.1606580,3,OK,103.048,63.215,-1710.187,OK,113.448,-28.829,-1685.214,OK,31.212,15.194,-1734.864,Port 0x03: JJH Y femur tracker  s/n:3E4C8801,179575057,1738682517.618648918,1,OK,0.8371467,0.0653295,0.5257796,-0.1359169,-188.140,304.824,-1596.637,0.1595503,3,OK,-188.175,304.815,-1596.573,OK,-188.322,390.750,-1546.846,OK,-226.254,319.751,-1513.090
3,Port 0x01: JJH Probe  s/n:3E4C880C,179575060,1738682517.668648918,1,Too Few Markers,-3.697314E28,-3.697314E28,-3.697314E28,-3.697314E28,-3.697314E28,-3.697314E28,-3.697314E28,0.0000000,3,Missing,-3.697314E28,-3.697314E28,-3.697314E28,Missing,-3.697314E28,-3.697314E28,-3.697314E28,Missing,-3.697314E28,-3.697314E28,-3.697314E28,Port 0x02: JJH T tibia tracker  s/n:3E4C8800,179575060,1738682517.668648918,1,OK,0.9356210,-0.1530073,-0.1888543,0.2560003,102.945,63.380,-1710.312,0.1731423,3,OK,103.041,63.240,-1710.234,OK,113.461,-28.823,-1685.337,OK,31.227,15.207,-1735.065,Port 0x03: JJH Y femur tracker  s/n:3E4C8801,179575060,1738682517.668648918,1,OK,0.8369745,0.0653415,0.5260499,-0.1359254,-188.111,304.865,-1596.635,0.1443421,3,OK,-188.136,304.860,-1596.588,OK,-188.255,390.786,-1546.843,OK,-226.185,319.782,-1513.038
3,Port 0x01: JJH Probe  s/n:3E4C880C,179575063,1738682517.718648911,1,Too Few Markers,-3.697314E28,-3.697314E28,-3.697314E28,-3.697314E28,-3.697314E28,-3.697314E28,-3.697314E28,0.0000000,3,Missing,-3.697314E28,-3.697314E28,-3.697314E28,Missing,-3.697314E28,-3.697314E28,-3.697314E28,Missing,-3.697314E28,-3.697314E28,-3.697314E28,Port 0x02: JJH T tibia tracker  s/n:3E4C8800,179575063,1738682517.718648911,1,OK,0.9356941,-0.1530141,-0.1884027,0.2560619,102.927,63.372,-1710.276,0.1642011,3,OK,103.022,63.236,-1710.201,OK,113.442,-28.821,-1685.298,OK,31.204,15.188,-1734.942,Port 0x03: JJH Y femur tracker  s/n:3E4C8801,179575063,1738682517.718648911,1,OK,0.8370228,0.0653630,0.5260010,-0.1358068,-188.150,304.847,-1596.654,0.1475134,3,OK,-188.175,304.841,-1596.607,OK,-188.319,390.758,-1546.847,OK,-226.238,319.748,-1513.062
3,Port 0x01: JJH Probe  s/n:3E4C880C,179575066,1738682517.768648911,1,Too Few Markers,-3.697314E28,-3.697314E28,-3.697314E28,-3.697314E28,-3.697314E28,-3.697314E28,-3.697314E28,0.0000000,3,Missing,-3.697314E28,-3.697314E28,-3.697314E28,Missing,-3.697314E28,-3.697314E28,-3.697314E28,Missing,-3.697314E28,-3.697314E28,-3.697314E28,Port 0x02: JJH T tibia tracker  s/n:3E4C8800,179575066,1738682517.768648911,1,OK,0.9357225,-0.1525837,-0.1886328,0.2560453,102.917,63.373,-1710.201,0.1837073,3,OK,103.023,63.218,-1710.117,OK,113.443,-28.818,-1685.313,OK,31.198,15.195,-1734.931,Port 0x03: JJH Y femur tracker  s/n:3E4C8801,179575066,1738682517.768648911,1,OK,0.8370614,0.0653167,0.5259359,-0.1358433,-188.180,304.832,-1596.645,0.1388835,3,OK,-188.205,304.820,-1596.603,OK,-188.351,390.762,-1546.851,OK,-226.284,319.737,-1513.056
3,Port 0x01: JJH Probe  s/n:3E4C880C,179575069,1738682517.818648918,1,Too Few Markers,-3.697314E28,-3.697314E28,-3.697314E28,-3.697314E28,-3.697314E28,-3.697314E28,-3.697314E28,0.0000000,3,Missing,-3.697314E28,-3.697314E28,-3.697314E28,Missing,-3.697314E28,-3.697314E28,-3.697314E28,Missing,-3.697314E28,-3.697314E28,-3.697314E28,Port 0x02: JJH T tibia tracker  s/n:3E4C8800,179575069,1738682517.818648918,1,OK,0.9355961,-0.1538796,-0.1882734,0.2559962,102.959,63.422,-1710.266,0.1665996,3,OK,103.044,63.281,-1710.194,OK,113.450,-28.747,-1685.115,OK,31.208,15.247,-1734.880,Port 0x03: JJH Y femur tracker  s/n:3E4C8801,179575069,1738682517.818648918,1,OK,0.8372992,0.0654884,0.5255877,-0.1356426,-188.317,304.829,-1596.745,0.1541067,3,OK,-188.342,304.814,-1596.704,OK,-188.556,390.728,-1546.910,OK,-226.489,319.713,-1513.194
3,Port 0x01: JJH Probe  s/n:3E4C880C,179575072,1738682517.868648918,1,Too Few Markers,-3.697314E28,-3.697314E28,-3.697314E28,-3.697314E28,-3.697314E28,-3.697314E28,-3.697314E28,0.0000000,3,Missing,-3.697314E28,-3.697314E28,-3.697314E28,Missing,-3.697314E28,-3.697314E28,-3.697314E28,Missing,-3.697314E28,-3.697314E28,-3.697314E28,Port 0x02: JJH T tibia tracker  s/n:3E4C8800,179575072,1738682517.868648918,1,OK,0.9355600,-0.1535325,-0.1886282,0.2560754,102.948,63.420,-1710.147,0.1750420,3,OK,103.049,63.283,-1710.068,OK,113.461,-28.757,-1685.068,OK,31.217,15.223,-1734.836,Port 0x03: JJH Y femur tracker  s/n:3E4C8801,179575072,1738682517.868648918,1,OK,0.8374846,0.0654173,0.5253555,-0.1354318,-188.456,304.773,-1596.839,0.1455047,3,OK,-188.478,304.765,-1596.800,OK,-188.760,390.670,-1547.010,OK,-226.692,319.632,-1513.299
3,Port 0x01: JJH Probe  s/n:3E4C880C,179575075,1738682517.918648918,1,Too Few Markers,-3.697314E28,-3.697314E28,-3.697314E28,-3.697314E28,-3.697314E28,-3.697314E28,-3.697314E28,0.0000000,3,Missing,-3.697314E28,-3.697314E28,-3.697314E28,Missing,-3.697314E28,-3.697314E28,-3.697314E28,Missing,-3.697314E28,-3.697314E28,-3.697314E28,Port 0x02: JJH T tibia tracker  s/n:3E4C8800,179575075,1738682517.918648918,1,OK,0.9355511,-0.1541052,-0.1881579,0.2561099,102.954,63.487,-1710.190,0.1525948,3,OK,103.038,63.364,-1710.123,OK,113.449,-28.678,-1684.993,OK,31.216,15.284,-1734.763,Port 0x03: JJH Y femur tracker  s/n:3E4C8801,179575075,1738682517.918648918,1,OK,0.8379448,0.0652693,0.5246992,-0.1352006,-188.681,304.767,-1597.010,0.1586980,3,OK,-188.715,304.760,-1596.948,OK,-189.115,390.676,-1547.199,OK,-227.045,319.623,-1513.559
3,Port 0x01: JJH Probe  s/n:3E4C880C,179575078,1738682517.968648911,1,Too Few Markers,-3.697314E28,-3.697314E28,-3.697314E28,-3.697314E28,-3.697314E28,-3.697314E28,-3.697314E28,0.0000000,3,Missing,-3.697314E28,-3.697314E28,-3.697314E28,Missing,-3.697314E28,-3.697314E28,-3.697314E28,Missing,-3.697314E28,-3.697314E28,-3.697314E28,Port 0x02: JJH T tibia tracker  s/n:3E4C8800,179575078,1738682517.968648911,1,OK,0.9353257,-0.1546400,-0.1884590,0.2563893,102.974,63.596,-1709.805,0.1699646,3,OK,103.079,63.466,-1709.725,OK,113.486,-28.514,-1684.515,OK,31.272,15.313,-1734.389,Port 0x03: JJH Y femur tracker  s/n:3E4C8801,179575078,1738682517.968648911,1,OK,0.8388073,0.0648199,0.5235709,-0.1344404,-189.289,304.618,-1597.327,0.1329660,3,OK,-189.309,304.623,-1597.286,OK,-190.009,390.544,-1547.569,OK,-227.934,319.423,-1513.951
3,Port 0x01: JJH Probe  s/n:3E4C880C,179575081,1738682518.018648911,1,Too Few Markers,-3.697314E28,-3.697314E28,-3.697314E28,-3.697314E28,-3.697314E28,-3.697314E28,-3.697314E28,0.0000000,3,Missing,-3.697314E28,-3.697314E28,-3.697314E28,Missing,-3.697314E28,-3.697314E28,-3.697314E28,Missing,-3.697314E28,-3.697314E28,-3.697314E28,Port 0x02: JJH T tibia tracker  s/n:3E4C8800,179575081,1738682518.018648911,1,OK,0.9346596,-0.1575326,-0.1885612,0.2569818,103.008,63.812,-1708.986,0.1789911,3,OK,103.111,63.685,-1708.907,OK,113.545,-28.167,-1683.125,OK,31.337,15.377,-1733.435,Port 0x03: JJH Y femur tracker  s/n:3E4C8801,179575081,1738682518.018648911,1,OK,0.8408021,0.0641365,0.5208335,-0.1329315,-190.507,304.297,-1598.020,0.1184316,3,OK,-190.526,304.307,-1597.978,OK,-191.845,390.258,-1548.328,OK,-229.769,318.999,-1514.904
3,Port 0x01: JJH Probe  s/n:3E4C880C,179575084,1738682518.068648918,1,Too Few Markers,-3.697314E28,-3.697314E28,-3.697314E28,-3.697314E28,-3.697314E28,-3.697314E28,-3.697314E28,0.0000000,3,Missing,-3.697314E28,-3.697314E28,-3.697314E28,Missing,-3.697314E28,-3.697314E28,-3.697314E28,Missing,-3.697314E28,-3.697314E28,-3.697314E28,Port 0x02: JJH T tibia tracker  s/n:3E4C8800,179575084,1738682518.068648918,1,OK,0.9340898,-0.1609013,-0.1872912,0.2578933,102.974,64.191,-1707.688,0.1552889,3,OK,103.067,64.069,-1707.614,OK,113.524,-27.579,-1681.167,OK,31.348,15.539,-1731.697,Port 0x03: JJH Y femur tracker  s/n:3E4C8801,179575084,1738682518.068648918,1,OK,0.8436152,0.0637890,0.5167872,-0.1310548,-192.245,303.972,-1599.021,0.1309179,3,OK,-192.277,303.973,-1598.961,OK,-194.400,389.940,-1549.341,OK,-232.367,318.531,-1516.324
3,Port 0x01: JJH Probe  s/n:3E4C880C,179575087,1738682518.118648918,1,Too Few Markers,-3.697314E28,-3.697314E28,-3.697314E28,-3.697314E28,-3.697314E28,-3.697314E28,-3.697314E28,0.0000000,3,Missing,-3.697314E28,-3.697314E28,-3.697314E28,Missing,-3.697314E28,-3.697314E28,-3.697314E28,Missing,-3.697314E28,-3.697314E28,-3.697314E28,Port 0x02: JJH T tibia tracker  s/n:3E4C8800,179575087,1738682518.118648918,1,OK,0.9331328,-0.1662070,-0.1860531,0.2588875,102.972,64.624,-1706.053,0.1443971,3,OK,103.057,64.511,-1705.983,OK,113.504,-26.855,-1678.496,OK,31.361,15.709,-1729.544,Port 0x03: JJH Y femur tracker  s/n:3E4C8801,179575087,1738682518.118648918,1,OK,0.8469488,0.0633248,0.5120672,-0.1282765,-194.476,303.464,-1600.214,0.1238129,3,OK,-194.482,303.455,-1600.207,OK,-197.684,389.381,-1550.522,OK,-235.655,317.790,-1517.940
3,Port 0x01: JJH Probe  s/n:3E4C880C,179575090,1738682518.168648913,1,Too Few Markers,-3.697314E28,-3.697314E28,-3.697314E28,-3.697314E28,-3.697314E28,-3.697314E28,-3.697314E28,0.0000000,3,Missing,-3.697314E28,-3.697314E28,-3.697314E28,Missing,-3.697314E28,-3.697314E28,-3.697314E28,Missing,-3.697314E28,-3.697314E28,-3.697314E28,Port 0x02: JJH T tibia tracker  s/n:3E4C8800,179575090,1738682518.168648913,1,OK,0.9321396,-0.1720683,-0.1841528,0.2599923,102.996,65.117,-1704.234,0.1267801,3,OK,103.067,65.009,-1704.171,OK,113.508,-26.012,-1675.531,OK,31.392,15.928,-1727.052,Port 0x03: JJH Y femur tracker  s/n:3E4C8801,179575090,1738682518.168648913,1,OK,0.8507393,0.0628366,0.5065328,-0.1253744,-196.879,302.945,-1601.680,0.1206473,3,OK,-196.878,302.919,-1601.694,OK,-201.248,388.842,-1552.009,OK,-239.251,317.017,-1519.954
3,Port 0x01: JJH Probe  s/n:3E4C880C,179575093,1738682518.218648912,1,Too Few Markers,-3.697314E28,-3.697314E28,-3.697314E28,-3.697314E28,-3.697314E28,-3.697314E28,-3.697314E28,0.0000000,3,Missing,-3.697314E28,-3.697314E28,-3.697314E28,Missing,-3.697314E28,-3.697314E28,-3.697314E28,Missing,-3.697314E28,-3.697314E28,-3.697314E28,Port 0x02: JJH T tibia tracker  s/n:3E4C8800,179575093,1738682518.218648912,1,OK,0.9308613,-0.1776359,-0.1836503,0.2611806,102.929,65.724,-1702.057,0.1478881,3,OK,103.012,65.599,-1701.982,OK,113.440,-25.038,-1672.293,OK,31.392,16.222,-1724.457,Port 0x03: JJH Y femur tracker  s/n:3E4C8801,179575093,1738682518.218648912,1,OK,0.8550494,0.0619737,0.5001830,-0.1219289,-199.652,302.302,-1603.292,0.1167875,3,OK,-199.639,302.279,-1603.325,OK,-205.385,388.165,-1553.714,OK,-243.389,316.082,-1522.205
3,Port 0x01: JJH Probe  s/n:3E4C880C,179575096,1738682518.268648912,1,Too Few Markers,-3.697314E28,-3.697314E28,-3.697314E28,-3.697314E28,-3.697314E28,-3.697314E28,-3.697314E28,0.0000000,3,Missing,-3.697314E28,-3.697314E28,-3.697314E28,Missing,-3.697314E28,-3.697314E28,-3.697314E28,Missing,-3.697314E28,-3.697314E28,-3.697314E28,Port 0x02: JJH T tibia tracker  s/n:3E4C8800,179575096,1738682518.268648912,1,OK,0.9294687,-0.1836716,-0.1829879,0.2624273,102.919,66.458,-1699.735,0.1300465,3,OK,103.005,66.363,-1699.665,OK,113.409,-23.934,-1668.818,OK,31.469,16.622,-1721.644,Port 0x03: JJH Y femur tracker  s/n:3E4C8801,179575096,1738682518.268648912,1,OK,0.8598592,0.0607439,0.4929142,-0.1182702,-202.625,301.523,-1605.077,0.1046015,3,OK,-202.615,301.516,-1605.095,OK,-209.876,387.375,-1555.696,OK,-247.875,315.007,-1524.776
3,Port 0x01: JJH Probe  s/n:3E4C880C,179575099,1738682518.318648912,1,Too Few Markers,-3.697314E28,-3.697314E28,-3.697314E28,-3.697314E28,-3.697314E28,-3.697314E28,-3.697314E28,0.0000000,3,Missing,-3.697314E28,-3.697314E28,-3.697314E28,Missing,-3.697314E28,-3.697314E28,-3.697314E28,Missing,-3.697314E28,-3.697314E28,-3.697314E28,Port 0x02: JJH T tibia tracker  s/n:3E4C8800,179575099,1738682518.318648912,1,OK,0.9278425,-0.1884148,-0.1843909,0.2638337,102.946,67.384,-1696.963,0.1539987,3,OK,103.039,67.264,-1696.880,OK,113.458,-22.659,-1665.182,OK,31.730,17.176,-1718.774,Port 0x03: JJH Y femur tracker  s/n:3E4C8801,179575099,1738682518.318648912,1,OK,0.8650261,0.0598527,0.4848941,-0.1141279,-205.906,300.666,-1607.137,0.0963009,3,OK,-205.898,300.655,-1607.154,OK,-214.807,386.463,-1557.910,OK,-252.799,313.759,-1527.720
3,Port 0x01: JJH Probe  s/n:3E4C880C,179575102,1738682518.368648913,1,Too Few Markers,-3.697314E28,-3.697314E28,-3.697314E28,-3.697314E28,-3.697314E28,-3.697314E28,-3.697314E28,0.0000000,3,Missing,-3.697314E28,-3.697314E28,-3.697314E28,Missing,-3.697314E28,-3.697314E28,-3.697314E28,Missing,-3.697314E28,-3.697314E28,-3.697314E28,Port 0x02: JJH T tibia tracker  s/n:3E4C8800,179575102,1738682518.368648913,1,OK,0.9269891,-0.1938405,-0.1821398,0.2644659,102.823,67.906,-1695.387,0.1209132,3,OK,102.900,67.818,-1695.321,OK,113.259,-21.804,-1662.550,OK,31.541,17.535,-1716.505,Port 0x03: JJH Y femur tracker  s/n:3E4C8801,179575102,1738682518.368648913,1,OK,0.8702243,0.0584855,0.4767222,-0.1096585,-209.411,299.804,-1609.568,0.0985545,3,OK,-209.367,299.791,-1609.639,OK,-220.052,385.544,-1560.583,OK,-257.999,312.492,-1531.019
3,Port 0x01: JJH Probe  s/n:3E4C880C,179575105,1738682518.418648913,1,Too Few Markers,-3.697314E28,-3.697314E28,-3.697314E28,-3.697314E28,-3.697314E28,-3.697314E28,-3.697314E28,0.0000000,3,Missing,-3.697314E28,-3.697314E28,-3.697314E28,Missing,-3.697314E28,-3.697314E28,-3.697314E28,Missing,-3.697314E28,-3.697314E28,-3.697314E28,Port 0x02: JJH T tibia tracker  s/n:3E4C8800,179575105,1738682518.418648913,1,OK,0.9248825,-0.2024703,-0.1812340,0.2659933,102.712,68.967,-1691.965,0.1796448,3,OK,102.824,68.835,-1691.864,OK,113.078,-20.072,-1657.525,OK,31.488,18.173,-1712.406,Port 0x03: JJH Y femur tracker  s/n:3E4C8801,179575105,1738682518.418648913,1,OK,0.8761861,0.0574943,0.4669677,-0.1045632,-213.144,298.681,-1612.144,0.0978750,3,OK,-213.103,298.662,-1612.209,OK,-225.770,384.292,-1563.396,OK,-263.643,310.855,-1534.745
3,Port 0x01: JJH Probe  s/n:3E4C880C,179575108,1738682518.468648912,1,Too Few Markers,-3.697314E28,-3.697314E28,-3.697314E28,-3.697314E28,-3.697314E28,-3.697314E28,-3.697314E28,0.0000000,3,Missing,-3.697314E28,-3.697314E28,-3.697314E28,Missing,-3.697314E28,-3.697314E28,-3.697314E28,Missing,-3.697314E28,-3.697314E28,-3.697314E28,Port 0x02: JJH T tibia tracker  s/n:3E4C8800,179575108,1738682518.468648912,1,OK,0.9232899,-0.2108192,-0.1783075,0.2670159,102.545,69.704,-1689.526,0.1510614,3,OK,102.643,69.606,-1689.441,OK,112.797,-18.746,-1653.491,OK,31.256,18.655,-1708.979,Port 0x03: JJH Y femur tracker  s/n:3E4C8801,179575108,1738682518.468648912,1,OK,0.8822138,0.0561210,0.4568505,-0.0991810,-217.153,297.481,-1615.051,0.1182921,3,OK,-217.085,297.461,-1615.151,OK,-231.853,382.951,-1566.646,OK,-269.629,309.116,-1538.833
3,Port 0x01: JJH Probe  s/n:3E4C880C,179575111,1738682518.518608119,1,Too Few Markers,-3.697314E28,-3.697314E28,-3.697314E28,-3.697314E28,-3.697314E28,-3.697314E28,-3.697314E28,0.0000000,3,Missing,-3.697314E28,-3.697314E28,-3.697314E28,Missing,-3.697314E28,-3.697314E28,-3.697314E28,Missing,-3.697314E28,-3.697314E28,-3.697314E28,Port 0x02: JJH T tibia tracker  s/n:3E4C8800,179575111,1738682518.518608119,1,OK,0.9217827,-0.2170771,-0.1771908,0.2679506,102.437,70.499,-1687.459,0.1603880,3,OK,102.544,70.393,-1687.365,OK,112.639,-17.466,-1650.245,OK,31.141,19.215,-1706.357,Port 0x03: JJH Y femur tracker  s/n:3E4C8801,179575111,1738682518.518608119,1,OK,0.8886972,0.0547351,0.4455407,-0.0933532,-221.229,296.117,-1618.170,0.1089378,3,OK,-221.166,296.096,-1618.258,OK,-238.181,381.415,-1570.188,OK,-275.812,307.136,-1543.370
3,Port 0x01: JJH Probe  s/n:3E4C880C,179575114,1738682518.568608119,1,Too Few Markers,-3.697314E28,-3.697314E28,-3.697314E28,-3.697314E28,-3.697314E28,-3.697314E28,-3.697314E28,0.0000000,3,Missing,-3.697314E28,-3.697314E28,-3.697314E28,Missing,-3.697314E28,-3.697314E28,-3.697314E28,Missing,-3.697314E28,-3.697314E28,-3.697314E28,Port 0x02: JJH T tibia tracker  s/n:3E4C8800,179575114,1738682518.568608119,1,OK,0.9202918,-0.2233576,-0.1755363,0.2690006,102.335,71.318,-1685.166,0.1860916,3,OK,102.451,71.201,-1685.059,OK,112.464,-16.105,-1646.799,OK,31.065,19.776,-1703.373,Port 0x03: JJH Y femur tracker  s/n:3E4C8801,179575114,1738682518.568608119,1,OK,0.8951493,0.0531157,0.4338834,-0.0873592,-225.345,294.698,-1621.609,0.1079277,3,OK,-225.279,294.688,-1621.694,OK,-244.597,379.793,-1574.156,OK,-282.049,305.073,-1548.300
3,Port 0x01: JJH Probe  s/n:3E4C880C,179575117,1738682518.618608120,1,Too Few Markers,-3.697314E28,-3.697314E28,-3.697314E28,-3.697314E28,-3.697314E28,-3.697314E28,-3.697314E28,0.0000000,3,Missing,-3.697314E28,-3.697314E28,-3.697314E28,Missing,-3.697314E28,-3.697314E28,-3.697314E28,Missing,-3.697314E28,-3.697314E28,-3.697314E28,Port 0x02: JJH T tibia tracker  s/n:3E4C8800,179575117,1738682518.618608120,1,OK,0.9184915,-0.2309755,-0.1739400,0.2697564,102.259,72.185,-1682.774,0.1632564,3,OK,102.366,72.089,-1682.679,OK,112.249,-14.652,-1642.989,OK,30.965,20.438,-1700.263,Port 0x03: JJH Y femur tracker  s/n:3E4C8801,179575117,1738682518.618608120,1,OK,0.9018228,0.0518513,0.4212860,-0.0809023,-229.683,293.117,-1625.362,0.1286130,3,OK,-229.597,293.086,-1625.471,OK,-251.367,377.942,-1578.446,OK,-288.605,302.756,-1553.705
3,Port 0x01: JJH Probe  s/n:3E4C880C,179575120,1738682518.668568080,1,Too Few Markers,-3.697314E28,-3.697314E28,-3.697314E28,-3.697314E28,-3.697314E28,-3.697314E28,-3.697314E28,0.0000000,3,Missing,-3.697314E28,-3.697314E28,-3.697314E28,Missing,-3.697314E28,-3.697314E28,-3.697314E28,Missing,-3.697314E28,-3.697314E28,-3.697314E28,Port 0x02: JJH T tibia tracker  s/n:3E4C8800,179575120,1738682518.668568080,1,OK,0.9170184,-0.2371382,-0.1720209,0.2706501,102.214,72.963,-1680.879,0.1689781,3,OK,102.325,72.870,-1680.781,OK,112.149,-13.336,-1639.946,OK,30.890,21.024,-1697.665,Port 0x03: JJH Y femur tracker  s/n:3E4C8801,179575120,1738682518.668568080,1,OK,0.9083858,0.0504542,0.4083864,-0.0742309,-233.923,291.376,-1629.321,0.1348978,3,OK,-233.829,291.332,-1629.435,OK,-258.073,375.897,-1583.038,OK,-295.035,300.220,-1559.418
3,Port 0x01: JJH Probe  s/n:3E4C880C,179575123,1738682518.718568079,1,Too Few Markers,-3.697314E28,-3.697314E28,-3.697314E28,-3.697314E28,-3.697314E28,-3.697314E28,-3.697314E28,0.0000000,3,Missing,-3.697314E28,-3.697314E28,-3.697314E28,Missing,-3.697314E28,-3.697314E28,-3.697314E28,Missing,-3.697314E28,-3.697314E28,-3.697314E28,Port 0x02: JJH T tibia tracker  s/n:3E4C8800,179575123,1738682518.718568079,1,OK,0.9158405,-0.2418115,-0.1709429,0.2711861,102.073,73.684,-1679.160,0.1811101,3,OK,102.198,73.596,-1679.056,OK,111.926,-12.201,-1637.377,OK,30.732,21.603,-1695.477,Port 0x03: JJH Y femur tracker  s/n:3E4C8801,179575123,1738682518.718568079,1,OK,0.9149033,0.0488218,0.3950300,-0.0672288,-238.299,289.612,-1633.597,0.1548768,3,OK,-238.178,289.572,-1633.733,OK,-264.979,373.778,-1588.073,OK,-301.624,297.598,-1565.536
3,Port 0x01: JJH Probe  s/n:3E4C880C,179575126,1738682518.768568079,1,Too Few Markers,-3.697314E28,-3.697314E28,-3.697314E28,-3.697314E28,-3.697314E28,-3.697314E28,-3.697314E28,0.0000000,3,Missing,-3.697314E28,-3.697314E28,-3.697314E28,Missing,-3.697314E28,-3.697314E28,-3.697314E28,Missing,-3.697314E28,-3.697314E28,-3.697314E28,Port 0x02: JJH T tibia tracker  s/n:3E4C8800,179575126,1738682518.768568079,1,OK,0.9147531,-0.2461976,-0.1698561,0.2715923,102.055,74.215,-1677.598,0.1922540,3,OK,102.179,74.121,-1677.490,OK,111.807,-11.273,-1635.028,OK,30.703,22.027,-1693.460,Port 0x03: JJH Y femur tracker  s/n:3E4C8801,179575126,1738682518.768568079,1,OK,0.9210450,0.0477023,0.3818008,-0.0602388,-242.349,287.702,-1637.849,0.1803529,3,OK,-242.200,287.651,-1638.005,OK,-271.484,371.449,-1593.049,OK,-307.773,294.779,-1571.668
3,Port 0x01: JJH Probe  s/n:3E4C880C,179575129,1738682518.818568079,1,Too Few Markers,-3.697314E28,-3.697314E28,-3.697314E28,-3.697314E28,-3.697314E28,-3.697314E28,-3.697314E28,0.0000000,3,Missing,-3.697314E28,-3.697314E28,-3.697314E28,Missing,-3.697314E28,-3.697314E28,-3.697314E28,Missing,-3.697314E28,-3.697314E28,-3.697314E28,Port 0x02: JJH T tibia tracker  s/n:3E4C8800,179575129,1738682518.818568079,1,OK,0.9135595,-0.2508928,-0.1692358,0.2717003,101.945,74.761,-1676.125,0.1890766,3,OK,102.074,74.661,-1676.010,OK,111.561,-10.330,-1632.706,OK,30.531,22.508,-1691.636,Port 0x03: JJH Y femur tracker  s/n:3E4C8801,179575129,1738682518.818568079,1,OK,0.9269784,0.0460147,0.3684444,-0.0533139,-246.264,285.852,-1642.314,0.1906406,3,OK,-246.100,285.799,-1642.477,OK,-277.841,369.191,-1598.410,OK,-313.716,292.036,-1578.091
3,Port 0x01: JJH Probe  s/n:3E4C880C,179575132,1738682518.868522880,1,Too Few Markers,-3.697314E28,-3.697314E28,-3.697314E28,-3.697314E28,-3.697314E28,-3.697314E28,-3.697314E28,0.0000000,3,Missing,-3.697314E28,-3.697314E28,-3.697314E28,Missing,-3.697314E28,-3.697314E28,-3.697314E28,Missing,-3.697314E28,-3.697314E28,-3.697314E28,Port 0x02: JJH T tibia tracker  s/n:3E4C8800,179575132,1738682518.868522880,1,OK,0.9125619,-0.2548940,-0.1686431,0.2716971,101.834,75.116,-1674.785,0.1882360,3,OK,101.962,75.015,-1674.669,OK,111.297,-9.629,-1630.660,OK,30.382,22.821,-1689.976,Port 0x03: JJH Y femur tracker  s/n:3E4C8801,179575132,1738682518.868522880,1,OK,0.9324687,0.0446419,0.3554164,-0.0467802,-249.870,283.958,-1646.595,0.2002592,3,OK,-249.693,283.905,-1646.760,OK,-283.737,366.864,-1603.594,OK,-319.208,289.272,-1584.327
3,Port 0x01: JJH Probe  s/n:3E4C880C,179575135,1738682518.918522880,1,Too Few Markers,-3.697314E28,-3.697314E28,-3.697314E28,-3.697314E28,-3.697314E28,-3.697314E28,-3.697314E28,0.0000000,3,Missing,-3.697314E28,-3.697314E28,-3.697314E28,Missing,-3.697314E28,-3.697314E28,-3.697314E28,Missing,-3.697314E28,-3.697314E28,-3.697314E28,Port 0x02: JJH T tibia tracker  s/n:3E4C8800,179575135,1738682518.918522880,1,OK,0.9119916,-0.2580792,-0.1669882,0.2716272,101.667,75.431,-1673.464,0.2245515,3,OK,101.808,75.323,-1673.336,OK,110.979,-8.985,-1628.803,OK,30.147,23.127,-1688.181,Port 0x03: JJH Y femur tracker  s/n:3E4C8801,179575135,1738682518.918522880,1,OK,0.9378216,0.0435246,0.3420239,-0.0401979,-253.336,282.094,-1651.134,0.2114071,3,OK,-253.146,282.031,-1651.302,OK,-289.482,364.527,-1609.076,OK,-324.522,286.501,-1590.919
3,Port 0x01: JJH Probe  s/n:3E4C880C,179575138,1738682518.968522879,1,Too Few Markers,-3.697314E28,-3.697314E28,-3.697314E28,-3.697314E28,-3.697314E28,-3.697314E28,-3.697314E28,0.0000000,3,Missing,-3.697314E28,-3.697314E28,-3.697314E28,Missing,-3.697314E28,-3.697314E28,-3.697314E28,Missing,-3.697314E28,-3.697314E28,-3.697314E28,Port 0x02: JJH T tibia tracker  s/n:3E4C8800,179575138,1738682518.968522879,1,OK,0.9110754,-0.2619362,-0.1665009,0.2713089,101.558,75.643,-1672.329,0.2038276,3,OK,101.685,75.534,-1672.207,OK,110.682,-8.460,-1626.985,OK,29.967,23.362,-1686.779,Port 0x03: JJH Y femur tracker  s/n:3E4C8801,179575138,1738682518.968522879,1,OK,0.9429665,0.0417661,0.3285550,-0.0334878,-256.642,280.060,-1655.697,0.2227734,3,OK,-256.434,279.994,-1655.870,OK,-295.076,362.018,-1614.746,OK,-329.617,283.545,-1597.582
3,Port 0x01: JJH Probe  s/n:3E4C880C,179575141,1738682519.018451509,1,Too Few Markers,-3.697314E28,-3.697314E28,-3.697314E28,-3.697314E28,-3.697314E28,-3.697314E28,-3.697314E28,0.0000000,3,Missing,-3.697314E28,-3.697314E28,-3.697314E28,Missing,-3.697314E28,-3.697314E28,-3.697314E28,Missing,-3.697314E28,-3.697314E28,-3.697314E28,Port 0x02: JJH T tibia tracker  s/n:3E4C8800,179575141,1738682519.018451509,1,OK,0.9105449,-0.2648526,-0.1649640,0.2711974,101.416,75.901,-1671.222,0.2336784,3,OK,101.549,75.795,-1671.097,OK,110.392,-7.903,-1625.389,OK,29.768,23.627,-1685.231,Port 0x03: JJH Y femur tracker  s/n:3E4C8801,179575141,1738682519.018451509,1,OK,0.9478431,0.0404989,0.3150243,-0.0267026,-259.832,278.051,-1660.409,0.2310897,3,OK,-259.612,277.980,-1660.582,OK,-300.503,359.468,-1620.546,OK,-334.511,280.555,-1604.449
3,Port 0x01: JJH Probe  s/n:3E4C880C,179575144,1738682519.068451509,1,Too Few Markers,-3.697314E28,-3.697314E28,-3.697314E28,-3.697314E28,-3.697314E28,-3.697314E28,-3.697314E28,0.0000000,3,Missing,-3.697314E28,-3.697314E28,-3.697314E28,Missing,-3.697314E28,-3.697314E28,-3.697314E28,Missing,-3.697314E28,-3.697314E28,-3.697314E28,Port 0x02: JJH T tibia tracker  s/n:3E4C8800,179575144,1738682519.068451509,1,OK,0.9097617,-0.2678761,-0.1650539,0.2708011,101.270,76.074,-1670.081,0.2305976,3,OK,101.412,75.957,-1669.944,OK,110.069,-7.473,-1623.732,OK,29.546,23.816,-1683.980,Port 0x03: JJH Y femur tracker  s/n:3E4C8801,179575144,1738682519.068451509,1,OK,0.9526770,0.0388725,0.3008267,-0.0199709,-262.821,275.935,-1665.193,0.2223573,3,OK,-262.608,275.867,-1665.349,OK,-305.734,356.809,-1626.599,OK,-339.176,277.471,-1611.541
3,Port 0x01: JJH Probe  s/n:3E4C880C,179575147,1738682519.118451510,1,Too Few Markers,-3.697314E28,-3.697314E28,-3.697314E28,-3.697314E28,-3.697314E28,-3.697314E28,-3.697314E28,0.0000000,3,Missing,-3.697314E28,-3.697314E28,-3.697314E28,Missing,-3.697314E28,-3.697314E28,-3.697314E28,Missing,-3.697314E28,-3.697314E28,-3.697314E28,Port 0x02: JJH T tibia tracker  s/n:3E4C8800,179575147,1738682519.118451510,1,OK,0.9089649,-0.2715186,-0.1642654,0.2703283,101.125,76.245,-1668.971,0.2121671,3,OK,101.258,76.138,-1668.843,OK,109.714,-6.997,-1621.987,OK,29.306,24.043,-1682.569,Port 0x03: JJH Y femur tracker  s/n:3E4C8801,179575147,1738682519.118451510,1,OK,0.9571230,0.0372200,0.2869810,-0.0131191,-265.688,273.803,-1670.185,0.2347005,3,OK,-265.458,273.739,-1670.343,OK,-310.783,354.086,-1632.884,OK,-343.617,274.328,-1618.803
3,Port 0x01: JJH Probe  s/n:3E4C880C,179575150,1738682519.168396767,1,Too Few Markers,-3.697314E28,-3.697314E28,-3.697314E28,-3.697314E28,-3.697314E28,-3.697314E28,-3.697314E28,0.0000000,3,Missing,-3.697314E28,-3.697314E28,-3.697314E28,Missing,-3.697314E28,-3.697314E28,-3.697314E28,Missing,-3.697314E28,-3.697314E28,-3.697314E28,Port 0x02: JJH T tibia tracker  s/n:3E4C8800,179575150,1738682519.168396767,1,OK,0.9083457,-0.2745394,-0.1635011,0.2698214,100.930,76.342,-1667.766,0.2294687,3,OK,101.072,76.229,-1667.627,OK,109.309,-6.614,-1620.284,OK,29.016,24.191,-1681.093,Port 0x03: JJH Y femur tracker  s/n:3E4C8801,179575150,1738682519.168396767,1,OK,0.9612742,0.0358617,0.2731791,-0.0062458,-268.393,271.642,-1675.306,0.2536819,3,OK,-268.135,271.574,-1675.471,OK,-315.611,351.297,-1639.298,OK,-347.807,271.118,-1626.219
3,Port 0x01: JJH Probe  s/n:3E4C880C,179575153,1738682519.218396767,1,Too Few Markers,-3.697314E28,-3.697314E28,-3.697314E28,-3.697314E28,-3.697314E28,-3.697314E28,-3.697314E28,0.0000000,3,Missing,-3.697314E28,-3.697314E28,-3.697314E28,Missing,-3.697314E28,-3.697314E28,-3.697314E28,Missing,-3.697314E28,-3.697314E28,-3.697314E28,Port 0x02: JJH T tibia tracker  s/n:3E4C8800,179575153,1738682519.218396767,1,OK,0.9077640,-0.2777258,-0.1622061,0.2692993,100.708,76.462,-1666.594,0.2417275,3,OK,100.857,76.362,-1666.458,OK,108.867,-6.192,-1618.583,OK,28.690,24.379,-1679.543,Port 0x03: JJH Y femur tracker  s/n:3E4C8801,179575153,1738682519.218396767,1,OK,0.9652685,0.0343349,0.2589922,0.0009786,-271.027,269.354,-1680.684,0.2754245,3,OK,-270.740,269.292,-1680.854,OK,-320.397,348.310,-1646.078,OK,-351.880,267.714,-1633.985
3,Port 0x01: JJH Probe  s/n:3E4C880C,179575156,1738682519.268396767,1,Too Few Markers,-3.697314E28,-3.697314E28,-3.697314E28,-3.697314E28,-3.697314E28,-3.697314E28,-3.697314E28,0.0000000,3,Missing,-3.697314E28,-3.697314E28,-3.697314E28,Missing,-3.697314E28,-3.697314E28,-3.697314E28,Missing,-3.697314E28,-3.697314E28,-3.697314E28,Port 0x02: JJH T tibia tracker  s/n:3E4C8800,179575156,1738682519.268396767,1,OK,0.9071541,-0.2806054,-0.1613947,0.2688565,100.531,76.544,-1665.520,0.2521000,3,OK,100.682,76.440,-1665.380,OK,108.502,-5.833,-1617.032,OK,28.430,24.515,-1678.195,Port 0x03: JJH Y femur tracker  s/n:3E4C8801,179575156,1738682519.268396767,1,OK,0.9692324,0.0333019,0.2437542,0.0079687,-273.423,266.976,-1686.021,0.2751413,3,OK,-273.139,266.915,-1686.179,OK,-324.904,345.220,-1652.914,OK,-355.682,264.230,-1641.940
3,Port 0x01: JJH Probe  s/n:3E4C880C,179575159,1738682519.318396767,1,Too Few Markers,-3.697314E28,-3.697314E28,-3.697314E28,-3.697314E28,-3.697314E28,-3.697314E28,-3.697314E28,0.0000000,3,Missing,-3.697314E28,-3.697314E28,-3.697314E28,Missing,-3.697314E28,-3.697314E28,-3.697314E28,Missing,-3.697314E28,-3.697314E28,-3.697314E28,Port 0x02: JJH T tibia tracker  s/n:3E4C8800,179575159,1738682519.318396767,1,OK,0.9064890,-0.2834186,-0.1611760,0.2682796,100.341,76.688,-1664.451,0.2503978,3,OK,100.491,76.569,-1664.302,OK,108.110,-5.433,-1615.496,OK,28.153,24.725,-1676.979,Port 0x03: JJH Y femur tracker  s/n:3E4C8801,179575159,1738682519.318396767,1,OK,0.9727426,0.0316326,0.2292139,0.0152409,-275.646,264.643,-1691.574,0.2942488,3,OK,-275.336,264.581,-1691.733,OK,-329.200,342.138,-1660.036,OK,-359.173,260.746,-1650.007
3,Port 0x01: JJH Probe  s/n:3E4C880C,179575162,1738682519.368396767,1,Too Few Markers,-3.697314E28,-3.697314E28,-3.697314E28,-3.697314E28,-3.697314E28,-3.697314E28,-3.697314E28,0.0000000,3,Missing,-3.697314E28,-3.697314E28,-3.697314E28,Missing,-3.697314E28,-3.697314E28,-3.697314E28,Missing,-3.697314E28,-3.697314E28,-3.697314E28,Port 0x02: JJH T tibia tracker  s/n:3E4C8800,179575162,1738682519.368396767,1,OK,0.9059507,-0.2861608,-0.1602616,0.2677341,100.208,76.733,-1663.491,0.2460467,3,OK,100.353,76.618,-1663.346,OK,107.787,-5.134,-1614.075,OK,27.923,24.854,-1675.747,Port 0x03: JJH Y femur tracker  s/n:3E4C8801,179575162,1738682519.368396767,1,OK,0.9761242,0.0301079,0.2139514,0.0223590,-277.587,262.217,-1697.017,0.2889628,3,OK,-277.281,262.161,-1697.162,OK,-333.155,338.956,-1667.170,OK,-362.322,257.167,-1658.128
3,Port 0x01: JJH Probe  s/n:3E4C880C,179575165,1738682519.418396767,1,Too Few Markers,-3.697314E28,-3.697314E28,-3.697314E28,-3.697314E28,-3.697314E28,-3.697314E28,-3.697314E28,0.0000000,3,Missing,-3.697314E28,-3.697314E28,-3.697314E28,Missing,-3.697314E28,-3.697314E28,-3.697314E28,Missing,-3.697314E28,-3.697314E28,-3.697314E28,Port 0x02: JJH T tibia tracker  s/n:3E4C8800,179575165,1738682519.418396767,1,OK,0.9055430,-0.2883899,-0.1595586,0.2671407,99.942,76.848,-1662.427,0.2702002,3,OK,100.098,76.722,-1662.268,OK,107.326,-4.789,-1612.665,OK,27.561,25.046,-1674.473,Port 0x03: JJH Y femur tracker  s/n:3E4C8801,179575165,1738682519.418396767,1,OK,0.9791387,0.0287457,0.1989663,0.0295544,-279.455,259.815,-1702.691,0.2984113,3,OK,-279.137,259.768,-1702.828,OK,-336.962,335.744,-1674.529,OK,-365.285,253.582,-1666.451
3,Port 0x01: JJH Probe  s/n:3E4C880C,179575168,1738682519.468396767,1,Too Few Markers,-3.697314E28,-3.697314E28,-3.697314E28,-3.697314E28,-3.697314E28,-3.697314E28,-3.697314E28,0.0000000,3,Missing,-3.697314E28,-3.697314E28,-3.697314E28,Missing,-3.697314E28,-3.697314E28,-3.697314E28,Missing,-3.697314E28,-3.697314E28,-3.697314E28,Port 0x02: JJH T tibia tracker  s/n:3E4C8800,179575168,1738682519.468396767,1,OK,0.9047874,-0.2918101,-0.1589233,0.2663644,99.696,76.908,-1661.313,0.2629913,3,OK,99.854,76.794,-1661.158,OK,106.815,-4.421,-1610.985,OK,27.198,25.202,-1673.112,Port 0x03: JJH Y femur tracker  s/n:3E4C8801,179575168,1738682519.468396767,1,OK,0.9819908,0.0278889,0.1832510,0.0365430,-281.030,257.374,-1708.322,0.3152687,3,OK,-280.700,257.330,-1708.452,OK,-340.409,332.469,-1681.908,OK,-367.896,249.984,-1674.890
3,Port 0x01: JJH Probe  s/n:3E4C880C,179575171,1738682519.518396767,1,Too Few Markers,-3.697314E28,-3.697314E28,-3.697314E28,-3.697314E28,-3.697314E28,-3.697314E28,-3.697314E28,0.0000000,3,Missing,-3.697314E28,-3.697314E28,-3.697314E28,Missing,-3.697314E28,-3.697314E28,-3.697314E28,Missing,-3.697314E28,-3.697314E28,-3.697314E28,Port 0x02: JJH T tibia tracker  s/n:3E4C8800,179575171,1738682519.518396767,1,OK,0.9039706,-0.2957843,-0.1577664,0.2654403,99.362,77.063,-1659.964,0.2689659,3,OK,99.524,76.953,-1659.807,OK,106.173,-3.880,-1608.989,OK,26.715,25.489,-1671.404,Port 0x03: JJH Y femur tracker  s/n:3E4C8801,179575171,1738682519.518396767,1,OK,0.9844864,0.0260919,0.1679200,0.0436879,-282.378,254.974,-1714.186,0.3175223,3,OK,-282.044,254.937,-1714.305,OK,-343.580,329.237,-1689.670,OK,-370.146,246.394,-1683.510
3,Port 0x01: JJH Probe  s/n:3E4C880C,179575174,1738682519.568396767,1,Too Few Markers,-3.697314E28,-3.697314E28,-3.697314E28,-3.697314E28,-3.697314E28,-3.697314E28,-3.697314E28,0.0000000,3,Missing,-3.697314E28,-3.697314E28,-3.697314E28,Missing,-3.697314E28,-3.697314E28,-3.697314E28,Missing,-3.697314E28,-3.697314E28,-3.697314E28,Port 0x02: JJH T tibia tracker  s/n:3E4C8800,179575174,1738682519.568396767,1,OK,0.9032824,-0.2990823,-0.1571603,0.2644454,99.025,76.953,-1658.757,0.2569736,3,OK,99.178,76.845,-1658.605,OK,105.540,-3.691,-1607.247,OK,26.249,25.521,-1669.979,Port 0x03: JJH Y femur tracker  s/n:3E4C8801,179575174,1738682519.568396767,1,OK,0.9868212,0.0246797,0.1515541,0.0510509,-283.555,252.327,-1720.084,0.3230106,3,OK,-283.217,252.296,-1720.192,OK,-346.574,325.688,-1697.575,OK,-372.170,242.502,-1692.374
3,Port 0x01: JJH Probe  s/n:3E4C880C,179575177,1738682519.618396767,1,Too Few Markers,-3.697314E28,-3.697314E28,-3.697314E28,-3.697314E28,-3.697314E28,-3.697314E28,-3.697314E28,0.0000000,3,Missing,-3.697314E28,-3.697314E28,-3.697314E28,Missing,-3.697314E28,-3.697314E28,-3.697314E28,Missing,-3.697314E28,-3.697314E28,-3.697314E28,Port 0x02: JJH T tibia tracker  s/n:3E4C8800,179575177,1738682519.618396767,1,OK,0.9033186,-0.3005508,-0.1565488,0.2630155,98.634,76.673,-1658.059,0.2573293,3,OK,98.790,76.578,-1657.912,OK,104.835,-3.870,-1606.346,OK,25.695,25.455,-1669.181,Port 0x03: JJH Y femur tracker  s/n:3E4C8801,179575177,1738682519.618396767,1,OK,0.9887321,0.0230351,0.1358809,0.0584349,-284.514,249.799,-1726.169,0.3332333,3,OK,-284.164,249.775,-1726.269,OK,-349.254,322.237,-1705.672,OK,-373.830,238.716,-1701.314
3,Port 0x01: JJH Probe  s/n:3E4C880C,179575180,1738682519.668396767,1,Too Few Markers,-3.697314E28,-3.697314E28,-3.697314E28,-3.697314E28,-3.697314E28,-3.697314E28,-3.697314E28,0.0000000,3,Missing,-3.697314E28,-3.697314E28,-3.697314E28,Missing,-3.697314E28,-3.697314E28,-3.697314E28,Missing,-3.697314E28,-3.697314E28,-3.697314E28,Port 0x02: JJH T tibia tracker  s/n:3E4C8800,179575180,1738682519.668396767,1,OK,0.9032540,-0.3020076,-0.1565478,0.2615653,98.248,76.309,-1657.260,0.2483007,3,OK,98.403,76.207,-1657.110,OK,104.141,-4.140,-1605.345,OK,25.151,25.299,-1668.408,Port 0x03: JJH Y femur tracker  s/n:3E4C8801,179575180,1738682519.668396767,1,OK,0.9903335,0.0222356,0.1202646,0.0654342,-285.241,247.237,-1731.925,0.3463762,3,OK,-284.890,247.229,-1732.012,OK,-351.544,318.740,-1713.359,OK,-375.147,234.948,-1709.937
3,Port 0x01: JJH Probe  s/n:3E4C880C,179575183,1738682519.718396767,1,Too Few Markers,-3.697314E28,-3.697314E28,-3.697314E28,-3.697314E28,-3.697314E28,-3.697314E28,-3.697314E28,0.0000000,3,Missing,-3.697314E28,-3.697314E28,-3.697314E28,Missing,-3.697314E28,-3.697314E28,-3.697314E28,Missing,-3.697314E28,-3.697314E28,-3.697314E28,Port 0x02: JJH T tibia tracker  s/n:3E4C8800,179575183,1738682519.718396767,1,OK,0.9029922,-0.3043788,-0.1558411,0.2601388,97.834,76.149,-1656.328,0.2498591,3,OK,97.983,76.043,-1656.177,OK,103.384,-4.092,-1604.060,OK,24.572,25.356,-1667.315,Port 0x03: JJH Y femur tracker  s/n:3E4C8801,179575183,1738682519.718396767,1,OK,0.9916397,0.0204398,0.1049424,0.0722503,-285.698,244.892,-1737.644,0.3501290,3,OK,-285.340,244.894,-1737.722,OK,-353.473,315.512,-1721.170,OK,-376.086,231.422,-1718.468
3,Port 0x01: JJH Probe  s/n:3E4C880C,179575186,1738682519.768396767,1,Too Few Markers,-3.697314E28,-3.697314E28,-3.697314E28,-3.697314E28,-3.697314E28,-3.697314E28,-3.697314E28,0.0000000,3,Missing,-3.697314E28,-3.697314E28,-3.697314E28,Missing,-3.697314E28,-3.697314E28,-3.697314E28,Missing,-3.697314E28,-3.697314E28,-3.697314E28,Port 0x02: JJH T tibia tracker  s/n:3E4C8800,179575186,1738682519.768396767,1,OK,0.9026840,-0.3065977,-0.1552819,0.2589343,97.483,75.919,-1655.359,0.2522904,3,OK,97.633,75.813,-1655.207,OK,102.737,-4.120,-1602.759,OK,24.077,25.303,-1666.209,Port 0x03: JJH Y femur tracker  s/n:3E4C8801,179575186,1738682519.768396767,1,OK,0.9926255,0.0185088,0.0901500,0.0788993,-285.915,242.455,-1743.181,0.3634623,3,OK,-285.547,242.461,-1743.249,OK,-355.063,312.185,-1728.789,OK,-376.660,227.846,-1726.725
3,Port 0x01: JJH Probe  s/n:3E4C880C,179575189,1738682519.818396767,1,Too Few Markers,-3.697314E28,-3.697314E28,-3.697314E28,-3.697314E28,-3.697314E28,-3.697314E28,-3.697314E28,0.0000000,3,Missing,-3.697314E28,-3.697314E28,-3.697314E28,Missing,-3.697314E28,-3.697314E28,-3.697314E28,Missing,-3.697314E28,-3.697314E28,-3.697314E28,Port 0x02: JJH T tibia tracker  s/n:3E4C8800,179575189,1738682519.818396767,1,OK,0.9026269,-0.3082597,-0.1548687,0.2574031,97.108,75.596,-1654.609,0.2510093,3,OK,97.261,75.497,-1654.459,OK,102.023,-4.319,-1601.781,OK,23.536,25.204,-1665.396,Port 0x03: JJH Y femur tracker  s/n:3E4C8801,179575189,1738682519.818396767,1,OK,0.9933002,0.0168127,0.0762661,0.0851797,-285.900,240.245,-1748.731,0.3584308,3,OK,-285.533,240.260,-1748.788,OK,-356.262,309.133,-1736.311,OK,-376.892,224.522,-1734.835
3,Port 0x01: JJH Probe  s/n:3E4C880C,179575192,1738682519.868396767,1,Too Few Markers,-3.697314E28,-3.697314E28,-3.697314E28,-3.697314E28,-3.697314E28,-3.697314E28,-3.697314E28,0.0000000,3,Missing,-3.697314E28,-3.697314E28,-3.697314E28,Missing,-3.697314E28,-3.697314E28,-3.697314E28,Missing,-3.697314E28,-3.697314E28,-3.697314E28,Port 0x02: JJH T tibia tracker  s/n:3E4C8800,179575192,1738682519.868396767,1,OK,0.9026883,-0.3094795,-0.1547460,0.2557927,96.640,75.262,-1653.905,0.2528295,3,OK,96.794,75.154,-1653.748,OK,101.220,-4.573,-1600.930,OK,22.902,25.104,-1664.714,Port 0x03: JJH Y femur tracker  s/n:3E4C8801,179575192,1738682519.868396767,1,OK,0.9937697,0.0150995,0.0619370,0.0914203,-285.806,238.069,-1753.972,0.3712707,3,OK,-285.432,238.088,-1754.020,OK,-357.333,306.082,-1743.615,OK,-376.968,221.263,-1742.721
3,Port 0x01: JJH Probe  s/n:3E4C880C,179575195,1738682519.918396767,1,Too Few Markers,-3.697314E28,-3.697314E28,-3.697314E28,-3.697314E28,-3.697314E28,-3.697314E28,-3.697314E28,0.0000000,3,Missing,-3.697314E28,-3.697314E28,-3.697314E28,Missing,-3.697314E28,-3.697314E28,-3.697314E28,Missing,-3.697314E28,-3.697314E28,-3.697314E28,Port 0x02: JJH T tibia tracker  s/n:3E4C8800,179575195,1738682519.918396767,1,OK,0.9027294,-0.3107886,-0.1541626,0.2544090,96.263,74.873,-1653.215,0.2516578,3,OK,96.412,74.776,-1653.067,OK,100.539,-4.865,-1600.068,OK,22.387,24.929,-1663.932,Port 0x03: JJH Y femur tracker  s/n:3E4C8801,179575195,1738682519.918396767,1,OK,0.9939742,0.0135531,0.0487230,0.0972509,-285.509,235.896,-1758.781,0.3866916,3,OK,-285.118,235.933,-1758.819,OK,-358.047,303.075,-1750.347,OK,-376.765,218.057,-1749.968
3,Port 0x01: JJH Probe  s/n:3E4C880C,179575198,1738682519.968396767,1,Too Few Markers,-3.697314E28,-3.697314E28,-3.697314E28,-3.697314E28,-3.697314E28,-3.697314E28,-3.697314E28,0.0000000,3,Missing,-3.697314E28,-3.697314E28,-3.697314E28,Missing,-3.697314E28,-3.697314E28,-3.697314E28,Missing,-3.697314E28,-3.697314E28,-3.697314E28,Port 0x02: JJH T tibia tracker  s/n:3E4C8800,179575198,1738682519.968396767,1,OK,0.9027725,-0.3117549,-0.1542085,0.2530424,95.855,74.631,-1652.594,0.2561440,3,OK,96.009,74.524,-1652.437,OK,99.849,-5.042,-1599.338,OK,21.837,24.880,-1663.365,Port 0x03: JJH Y femur tracker  s/n:3E4C8801,179575198,1738682519.968396767,1,OK,0.9939772,0.0126479,0.0356122,0.1028646,-285.101,233.959,-1763.398,0.3891572,3,OK,-284.712,234.001,-1763.426,OK,-358.563,300.325,-1756.805,OK,-376.356,215.122,-1757.017
3,Port 0x01: JJH Probe  s/n:3E4C880C,179575201,1738682520.018396767,1,Too Few Markers,-3.697314E28,-3.697314E28,-3.697314E28,-3.697314E28,-3.697314E28,-3.697314E28,-3.697314E28,0.0000000,3,Missing,-3.697314E28,-3.697314E28,-3.697314E28,Missing,-3.697314E28,-3.697314E28,-3.697314E28,Missing,-3.697314E28,-3.697314E28,-3.697314E28,Port 0x02: JJH T tibia tracker  s/n:3E4C8800,179575201,1738682520.018396767,1,OK,0.9028846,-0.3124530,-0.1541094,0.2518387,95.583,74.272,-1652.104,0.2425525,3,OK,95.734,74.173,-1651.954,OK,99.338,-5.378,-1598.761,OK,21.445,24.702,-1662.904,Port 0x03: JJH Y femur tracker  s/n:3E4C8801,179575201,1738682520.018396767,1,OK,0.9937577,0.0106462,0.0249951,0.1082018,-284.579,232.044,-1767.878,0.3805523,3,OK,-284.210,232.088,-1767.897,OK,-358.860,297.638,-1762.976,OK,-375.730,212.260,-1763.445
3,Port 0x01: JJH Probe  s/n:3E4C880C,179575204,1738682520.068396767,1,Too Few Markers,-3.697314E28,-3.697314E28,-3.697314E28,-3.697314E28,-3.697314E28,-3.697314E28,-3.697314E28,0.0000000,3,Missing,-3.697314E28,-3.697314E28,-3.697314E28,Missing,-3.697314E28,-3.697314E28,-3.697314E28,Missing,-3.697314E28,-3.697314E28,-3.697314E28,Port 0x02: JJH T tibia tracker  s/n:3E4C8800,179575204,1738682520.068396767,1,OK,0.9030620,-0.3128850,-0.1538880,0.2507997,95.292,74.075,-1651.666,0.2489857,3,OK,95.445,73.973,-1651.513,OK,98.843,-5.552,-1598.292,OK,21.052,24.663,-1662.470,Port 0x03: JJH Y femur tracker  s/n:3E4C8801,179575204,1738682520.068396767,1,OK,0.9934351,0.0096459,0.0131344,0.1132301,-283.980,230.245,-1772.113,0.3894849,3,OK,-283.600,230.298,-1772.123,OK,-358.999,295.093,-1768.940,OK,-375.023,209.562,-1769.872
3,Port 0x01: JJH Probe  s/n:3E4C880C,179575207,1738682520.118396767,1,Too Few Markers,-3.697314E28,-3.697314E28,-3.697314E28,-3.697314E28,-3.697314E28,-3.697314E28,-3.697314E28,0.0000000,3,Missing,-3.697314E28,-3.697314E28,-3.697314E28,Missing,-3.697314E28,-3.697314E28,-3.697314E28,Missing,-3.697314E28,-3.697314E28,-3.697314E28,Port 0x02: JJH T tibia tracker  s/n:3E4C8800,179575207,1738682520.118396767,1,OK,0.9030618,-0.3136724,-0.1537353,0.2499087,95.033,73.862,-1651.217,0.2435913,3,OK,95.180,73.756,-1651.065,OK,98.398,-5.711,-1597.738,OK,20.704,24.587,-1662.015,Port 0x03: JJH Y femur tracker  s/n:3E4C8801,179575207,1738682520.118396767,1,OK,0.9929637,0.0088636,0.0021617,0.1180674,-283.309,228.494,-1776.116,0.4026268,3,OK,-282.920,228.560,-1776.118,OK,-358.988,292.605,-1774.537,OK,-374.193,206.948,-1775.904
3,Port 0x01: JJH Probe  s/n:3E4C880C,179575210,1738682520.168396768,1,Too Few Markers,-3.697314E28,-3.697314E28,-3.697314E28,-3.697314E28,-3.697314E28,-3.697314E28,-3.697314E28,0.0000000,3,Missing,-3.697314E28,-3.697314E28,-3.697314E28,Missing,-3.697314E28,-3.697314E28,-3.697314E28,Missing,-3.697314E28,-3.697314E28,-3.697314E28,Port 0x02: JJH T tibia tracker  s/n:3E4C8800,179575210,1738682520.168396768,1,OK,0.9031915,-0.3140940,-0.1535734,0.2490086,94.796,73.710,-1650.834,0.2419788,3,OK,94.940,73.605,-1650.683,OK,97.984,-5.844,-1597.314,OK,20.380,24.574,-1661.639,Port 0x03: JJH Y femur tracker  s/n:3E4C8801,179575210,1738682520.168396768,1,OK,0.9923762,0.0080542,-0.0080442,0.1227188,-282.568,226.878,-1780.011,0.3956034,3,OK,-282.199,226.947,-1780.005,OK,-358.849,290.284,-1779.940,OK,-373.218,204.505,-1781.682
3,Port 0x01: JJH Probe  s/n:3E4C880C,179575213,1738682520.218396767,1,Too Few Markers,-3.697314E28,-3.697314E28,-3.697314E28,-3.697314E28,-3.697314E28,-3.697314E28,-3.697314E28,0.0000000,3,Missing,-3.697314E28,-3.697314E28,-3.697314E28,Missing,-3.697314E28,-3.697314E28,-3.697314E28,Missing,-3.697314E28,-3.697314E28,-3.697314E28,Port 0x02: JJH T tibia tracker  s/n:3E4C8800,179575213,1738682520.218396767,1,OK,0.9034232,-0.3141543,-0.1533478,0.2482300,94.580,73.483,-1650.475,0.2483873,3,OK,94.723,73.374,-1650.323,OK,97.622,-6.079,-1596.977,OK,20.093,24.471,-1661.284,Port 0x03: JJH Y femur tracker  s/n:3E4C8801,179575213,1738682520.218396767,1,OK,0.9916969,0.0062629,-0.0182507,0.1271416,-281.730,225.326,-1783.544,0.4073846,3,OK,-281.349,225.394,-1783.530,OK,-358.555,288.052,-1785.134,OK,-372.132,202.169,-1787.070
3,Port 0x01: JJH Probe  s/n:3E4C880C,179575216,1738682520.268396768,1,Too Few Markers,-3.697314E28,-3.697314E28,-3.697314E28,-3.697314E28,-3.697314E28,-3.697314E28,-3.697314E28,0.0000000,3,Missing,-3.697314E28,-3.697314E28,-3.697314E28,Missing,-3.697314E28,-3.697314E28,-3.697314E28,Missing,-3.697314E28,-3.697314E28,-3.697314E28,Port 0x02: JJH T tibia tracker  s/n:3E4C8800,179575216,1738682520.268396768,1,OK,0.9035584,-0.3145851,-0.1531122,0.2473359,94.315,73.265,-1650.183,0.2463047,3,OK,94.466,73.173,-1650.036,OK,97.179,-6.283,-1596.640,OK,19.730,24.385,-1660.985,Port 0x03: JJH Y femur tracker  s/n:3E4C8801,179575216,1738682520.268396768,1,OK,0.9909202,0.0056625,-0.0281369,0.1313519,-280.877,223.817,-1787.118,0.4142658,3,OK,-280.488,223.906,-1787.095,OK,-358.167,285.895,-1790.163,OK,-371.017,199.895,-1792.465
3,Port 0x01: JJH Probe  s/n:3E4C880C,179575219,1738682520.318445198,1,Too Few Markers,-3.697314E28,-3.697314E28,-3.697314E28,-3.697314E28,-3.697314E28,-3.697314E28,-3.697314E28,0.0000000,3,Missing,-3.697314E28,-3.697314E28,-3.697314E28,Missing,-3.697314E28,-3.697314E28,-3.697314E28,Missing,-3.697314E28,-3.697314E28,-3.697314E28,Port 0x02: JJH T tibia tracker  s/n:3E4C8800,179575219,1738682520.318445198,1,OK,0.9037471,-0.3147545,-0.1530717,0.2464546,94.082,73.061,-1649.833,0.2477300,3,OK,94.227,72.958,-1649.683,OK,96.782,-6.489,-1596.295,OK,19.421,24.319,-1660.677,Port 0x03: JJH Y femur tracker  s/n:3E4C8801,179575219,1738682520.318445198,1,OK,0.9900231,0.0049824,-0.0379406,0.1356092,-279.924,222.317,-1790.695,0.4165279,3,OK,-279.537,222.410,-1790.664,OK,-357.665,283.732,-1795.205,OK,-369.733,197.638,-1797.839
3,Port 0x01: JJH Probe  s/n:3E4C880C,179575222,1738682520.368445198,1,Too Few Markers,-3.697314E28,-3.697314E28,-3.697314E28,-3.697314E28,-3.697314E28,-3.697314E28,-3.697314E28,0.0000000,3,Missing,-3.697314E28,-3.697314E28,-3.697314E28,Missing,-3.697314E28,-3.697314E28,-3.697314E28,Missing,-3.697314E28,-3.697314E28,-3.697314E28,Port 0x02: JJH T tibia tracker  s/n:3E4C8800,179575222,1738682520.368445198,1,OK,0.9039335,-0.3148595,-0.1531236,0.2456033,93.847,72.849,-1649.497,0.2537647,3,OK,93.998,72.739,-1649.338,OK,96.391,-6.710,-1595.975,OK,19.099,24.230,-1660.406,Port 0x03: JJH Y femur tracker  s/n:3E4C8801,179575222,1738682520.368445198,1,OK,0.9890179,0.0025519,-0.0475548,0.1399128,-278.852,220.878,-1794.128,0.4040224,3,OK,-278.466,220.952,-1794.091,OK,-357.027,281.639,-1800.339,OK,-368.270,195.415,-1802.983
3,Port 0x01: JJH Probe  s/n:3E4C880C,179575225,1738682520.418445198,1,Too Few Markers,-3.697314E28,-3.697314E28,-3.697314E28,-3.697314E28,-3.697314E28,-3.697314E28,-3.697314E28,0.0000000,3,Missing,-3.697314E28,-3.697314E28,-3.697314E28,Missing,-3.697314E28,-3.697314E28,-3.697314E28,Missing,-3.697314E28,-3.697314E28,-3.697314E28,Port 0x02: JJH T tibia tracker  s/n:3E4C8800,179575225,1738682520.418445198,1,OK,0.9041132,-0.3151217,-0.1529528,0.2447103,93.622,72.617,-1649.233,0.2459776,3,OK,93.772,72.516,-1649.081,OK,95.998,-6.946,-1595.691,OK,18.788,24.138,-1660.158,Port 0x03: JJH Y femur tracker  s/n:3E4C8801,179575225,1738682520.418445198,1,OK,0.9879368,0.0021048,-0.0561765,0.1442933,-277.715,219.344,-1797.748,0.4033615,3,OK,-277.371,219.444,-1797.708,OK,-356.277,279.383,-1805.245,OK,-366.727,193.110,-1808.175
3,Port 0x01: JJH Probe  s/n:3E4C880C,179575228,1738682520.468445197,1,Too Few Markers,-3.697314E28,-3.697314E28,-3.697314E28,-3.697314E28,-3.697314E28,-3.697314E28,-3.697314E28,0.0000000,3,Missing,-3.697314E28,-3.697314E28,-3.697314E28,Missing,-3.697314E28,-3.697314E28,-3.697314E28,Missing,-3.697314E28,-3.697314E28,-3.697314E28,Port 0x02: JJH T tibia tracker  s/n:3E4C8800,179575228,1738682520.468445197,1,OK,0.9043154,-0.3153459,-0.1526613,0.2438549,93.395,72.378,-1648.977,0.2370239,3,OK,93.540,72.287,-1648.835,OK,95.612,-7.193,-1595.417,OK,18.478,24.040,-1659.894,Port 0x03: JJH Y femur tracker  s/n:3E4C8801,179575228,1738682520.468445197,1,OK,0.9866872,0.0013681,-0.0667159,0.1483086,-276.564,217.868,-1801.046,0.4213057,3,OK,-276.192,217.982,-1800.994,OK,-355.435,277.267,-1810.143,OK,-365.148,190.917,-1813.389
3,Port 0x01: JJH Probe  s/n:3E4C880C,179575231,1738682520.518445198,1,Too Few Markers,-3.697314E28,-3.697314E28,-3.697314E28,-3.697314E28,-3.697314E28,-3.697314E28,-3.697314E28,0.0000000,3,Missing,-3.697314E28,-3.697314E28,-3.697314E28,Missing,-3.697314E28,-3.697314E28,-3.697314E28,Missing,-3.697314E28,-3.697314E28,-3.697314E28,Port 0x02: JJH T tibia tracker  s/n:3E4C8800,179575231,1738682520.518445198,1,OK,0.9045972,-0.3151312,-0.1527749,0.2430145,93.136,72.177,-1648.694,0.2495279,3,OK,93.282,72.069,-1648.541,OK,95.203,-7.428,-1595.213,OK,18.151,23.962,-1659.695,Port 0x03: JJH Y femur tracker  s/n:3E4C8801,179575231,1738682520.518445198,1,OK,0.9853722,-0.0001456,-0.0763193,0.1523714,-275.370,216.499,-1804.252,0.4216882,3,OK,-274.988,216.605,-1804.191,OK,-354.545,275.254,-1814.938,OK,-363.469,188.820,-1818.306
3,Port 0x01: JJH Probe  s/n:3E4C880C,179575234,1738682520.568445198,1,Too Few Markers,-3.697314E28,-3.697314E28,-3.697314E28,-3.697314E28,-3.697314E28,-3.697314E28,-3.697314E28,0.0000000,3,Missing,-3.697314E28,-3.697314E28,-3.697314E28,Missing,-3.697314E28,-3.697314E28,-3.697314E28,Missing,-3.697314E28,-3.697314E28,-3.697314E28,Port 0x02: JJH T tibia tracker  s/n:3E4C8800,179575234,1738682520.568445198,1,OK,0.9047663,-0.3152638,-0.1527181,0.2422477,92.935,71.914,-1648.479,0.2327885,3,OK,93.077,71.816,-1648.335,OK,94.869,-7.715,-1594.986,OK,17.873,23.823,-1659.521,Port 0x03: JJH Y femur tracker  s/n:3E4C8801,179575234,1738682520.568445198,1,OK,0.9840519,-0.0010530,-0.0849589,0.1562776,-274.112,215.073,-1807.510,0.4174586,3,OK,-273.743,215.185,-1807.444,OK,-353.548,273.197,-1819.569,OK,-361.724,186.697,-1823.108
3,Port 0x01: JJH Probe  s/n:3E4C880C,179575237,1738682520.618445198,1,Too Few Markers,-3.697314E28,-3.697314E28,-3.697314E28,-3.697314E28,-3.697314E28,-3.697314E28,-3.697314E28,0.0000000,3,Missing,-3.697314E28,-3.697314E28,-3.697314E28,Missing,-3.697314E28,-3.697314E28,-3.697314E28,Missing,-3.697314E28,-3.697314E28,-3.697314E28,Port 0x02: JJH T tibia tracker  s/n:3E4C8800,179575237,1738682520.618445198,1,OK,0.9050174,-0.3151474,-0.1526497,0.2415028,92.749,71.740,-1648.234,0.2391544,3,OK,92.892,71.647,-1648.091,OK,94.539,-7.919,-1594.795,OK,17.631,23.759,-1659.307,Port 0x03: JJH Y femur tracker  s/n:3E4C8801,179575237,1738682520.618445198,1,OK,0.9826071,-0.0024003,-0.0940890,0.1600776,-272.808,213.785,-1810.510,0.4240333,3,OK,-272.428,213.895,-1810.435,OK,-352.461,271.289,-1824.079,OK,-359.898,184.731,-1827.723
3,Port 0x01: JJH Probe  s/n:3E4C880C,179575240,1738682520.668445198,1,Too Few Markers,-3.697314E28,-3.697314E28,-3.697314E28,-3.697314E28,-3.697314E28,-3.697314E28,-3.697314E28,0.0000000,3,Missing,-3.697314E28,-3.697314E28,-3.697314E28,Missing,-3.697314E28,-3.697314E28,-3.697314E28,Missing,-3.697314E28,-3.697314E28,-3.697314E28,Port 0x02: JJH T tibia tracker  s/n:3E4C8800,179575240,1738682520.668445198,1,OK,0.9052540,-0.3149267,-0.1527379,0.2408475,92.585,71.562,-1648.052,0.2450353,3,OK,92.726,71.454,-1647.900,OK,94.268,-8.130,-1594.678,OK,17.408,23.683,-1659.199,Port 0x03: JJH Y femur tracker  s/n:3E4C8801,179575240,1738682520.668445198,1,OK,0.9811510,-0.0029374,-0.1021995,0.1639796,-271.428,212.455,-1813.632,0.4083638,3,OK,-271.089,212.575,-1813.559,OK,-351.290,269.322,-1828.457,OK,-357.968,182.712,-1832.286
3,Port 0x01: JJH Probe  s/n:3E4C880C,179575243,1738682520.718445197,1,Too Few Markers,-3.697314E28,-3.697314E28,-3.697314E28,-3.697314E28,-3.697314E28,-3.697314E28,-3.697314E28,0.0000000,3,Missing,-3.697314E28,-3.697314E28,-3.697314E28,Missing,-3.697314E28,-3.697314E28,-3.697314E28,Missing,-3.697314E28,-3.697314E28,-3.697314E28,Port 0x02: JJH T tibia tracker  s/n:3E4C8800,179575243,1738682520.718445197,1,OK,0.9054442,-0.3149366,-0.1525613,0.2402308,92.412,71.381,-1647.918,0.2340617,3,OK,92.554,71.287,-1647.776,OK,93.989,-8.339,-1594.552,OK,17.172,23.603,-1659.076,Port 0x03: JJH Y femur tracker  s/n:3E4C8801,179575243,1738682520.718445197,1,OK,0.9795495,-0.0037352,-0.1112515,0.1676064,-270.046,211.192,-1816.508,0.4256825,3,OK,-269.688,211.326,-1816.423,OK,-350.045,267.456,-1832.760,OK,-356.026,180.812,-1836.768
3,Port 0x01: JJH Probe  s/n:3E4C880C,179575246,1738682520.768445198,1,Too Few Markers,-3.697314E28,-3.697314E28,-3.697314E28,-3.697314E28,-3.697314E28,-3.697314E28,-3.697314E28,0.0000000,3,Missing,-3.697314E28,-3.697314E28,-3.697314E28,Missing,-3.697314E28,-3.697314E28,-3.697314E28,Missing,-3.697314E28,-3.697314E28,-3.697314E28,Port 0x02: JJH T tibia tracker  s/n:3E4C8800,179575246,1738682520.768445198,1,OK,0.9057145,-0.3145346,-0.1526980,0.2396511,92.230,71.216,-1647.756,0.2417797,3,OK,92.376,71.115,-1647.608,OK,93.713,-8.558,-1594.485,OK,16.940,23.521,-1658.996,Port 0x03: JJH Y femur tracker  s/n:3E4C8801,179575246,1738682520.768445198,1,OK,0.9778769,-0.0053295,-0.1198845,0.1713362,-268.612,209.948,-1819.459,0.4149091,3,OK,-268.256,210.064,-1819.369,OK,-348.753,265.603,-1837.200,OK,-353.967,178.901,-1841.206
3,Port 0x01: JJH Probe  s/n:3E4C880C,179575249,1738682520.818445198,1,Too Few Markers,-3.697314E28,-3.697314E28,-3.697314E28,-3.697314E28,-3.697314E28,-3.697314E28,-3.697314E28,0.0000000,3,Missing,-3.697314E28,-3.697314E28,-3.697314E28,Missing,-3.697314E28,-3.697314E28,-3.697314E28,Missing,-3.697314E28,-3.697314E28,-3.697314E28,Port 0x02: JJH T tibia tracker  s/n:3E4C8800,179575249,1738682520.818445198,1,OK,0.9059558,-0.3143274,-0.1526061,0.2390683,92.096,71.007,-1647.593,0.2415903,3,OK,92.239,70.907,-1647.447,OK,93.479,-8.804,-1594.377,OK,16.761,23.407,-1658.861,Port 0x03: JJH Y femur tracker  s/n:3E4C8801,179575249,1738682520.818445198,1,OK,0.9761342,-0.0055313,-0.1286815,0.1748499,-267.123,208.670,-1822.280,0.4369818,3,OK,-266.752,208.815,-1822.177,OK,-347.338,263.737,-1841.335,OK,-351.882,177.015,-1845.593
3,Port 0x01: JJH Probe  s/n:3E4C880C,179575252,1738682520.868445198,1,Too Few Markers,-3.697314E28,-3.697314E28,-3.697314E28,-3.697314E28,-3.697314E28,-3.697314E28,-3.697314E28,0.0000000,3,Missing,-3.697314E28,-3.697314E28,-3.697314E28,Missing,-3.697314E28,-3.697314E28,-3.697314E28,Missing,-3.697314E28,-3.697314E28,-3.697314E28,Port 0x02: JJH T tibia tracker  s/n:3E4C8800,179575252,1738682520.868445198,1,OK,0.9062446,-0.3139507,-0.1525787,0.2384857,91.975,70.846,-1647.457,0.2529817,3,OK,92.116,70.732,-1647.304,OK,93.263,-9.008,-1594.336,OK,16.597,23.340,-1658.773,Port 0x03: JJH Y femur tracker  s/n:3E4C8801,179575252,1738682520.868445198,1,OK,0.9742752,-0.0073284,-0.1372690,0.1785817,-265.541,207.459,-1825.091,0.4273864,3,OK,-265.172,207.582,-1824.983,OK,-345.840,261.902,-1845.665,OK,-349.607,175.141,-1849.855
3,Port 0x01: JJH Probe  s/n:3E4C880C,179575255,1738682520.918445198,1,Too Few Markers,-3.697314E28,-3.697314E28,-3.697314E28,-3.697314E28,-3.697314E28,-3.697314E28,-3.697314E28,0.0000000,3,Missing,-3.697314E28,-3.697314E28,-3.697314E28,Missing,-3.697314E28,-3.697314E28,-3.697314E28,Missing,-3.697314E28,-3.697314E28,-3.697314E28,Port 0x02: JJH T tibia tracker  s/n:3E4C8800,179575255,1738682520.918445198,1,OK,0.9063387,-0.3139851,-0.1526958,0.2380072,91.833,70.687,-1647.299,0.2362525,3,OK,91.972,70.587,-1647.155,OK,93.036,-9.196,-1594.176,OK,16.411,23.252,-1658.670,Port 0x03: JJH Y femur tracker  s/n:3E4C8801,179575255,1738682520.918445198,1,OK,0.9724658,-0.0080303,-0.1451071,0.1821803,-263.974,206.196,-1827.898,0.4198249,3,OK,-263.633,206.330,-1827.791,OK,-344.327,260.031,-1849.727,OK,-347.376,173.255,-1854.010
3,Port 0x01: JJH Probe  s/n:3E4C880C,179575258,1738682520.968445197,1,Too Few Markers,-3.697314E28,-3.697314E28,-3.697314E28,-3.697314E28,-3.697314E28,-3.697314E28,-3.697314E28,0.0000000,3,Missing,-3.697314E28,-3.697314E28,-3.697314E28,Missing,-3.697314E28,-3.697314E28,-3.697314E28,Missing,-3.697314E28,-3.697314E28,-3.697314E28,Port 0x02: JJH T tibia tracker  s/n:3E4C8800,179575258,1738682520.968445197,1,OK,0.9065996,-0.3133509,-0.1528948,0.2377215,91.731,70.588,-1647.208,0.2415908,3,OK,91.868,70.472,-1647.055,OK,92.909,-9.365,-1594.204,OK,16.286,23.200,-1658.670,Port 0x03: JJH Y femur tracker  s/n:3E4C8801,179575258,1738682520.968445197,1,OK,0.9706961,-0.0097822,-0.1521018,0.1857913,-262.422,205.043,-1830.530,0.3838812,3,OK,-262.135,205.160,-1830.435,OK,-342.833,258.268,-1853.643,OK,-345.140,171.448,-1857.783
3,Port 0x01: JJH Probe  s/n:3E4C880C,179575261,1738682521.018445198,1,Too Few Markers,-3.697314E28,-3.697314E28,-3.697314E28,-3.697314E28,-3.697314E28,-3.697314E28,-3.697314E28,0.0000000,3,Missing,-3.697314E28,-3.697314E28,-3.697314E28,Missing,-3.697314E28,-3.697314E28,-3.697314E28,Missing,-3.697314E28,-3.697314E28,-3.697314E28,Port 0x02: JJH T tibia tracker  s/n:3E4C8800,179575261,1738682521.018445198,1,OK,0.9068393,-0.3127757,-0.1529008,0.2375611,91.706,70.552,-1647.090,0.2610967,3,OK,91.852,70.422,-1646.923,OK,92.875,-9.447,-1594.201,OK,16.244,23.188,-1658.591,Port 0x03: JJH Y femur tracker  s/n:3E4C8801,179575261,1738682521.018445198,1,OK,0.9688810,-0.0106598,-0.1596503,0.1888593,-260.964,204.005,-1832.854,0.3907166,3,OK,-260.661,204.124,-1832.749,OK,-341.359,256.711,-1857.206,OK,-343.043,169.873,-1861.391
3,Port 0x01: JJH Probe  s/n:3E4C880C,179575264,1738682521.068445198,1,Too Few Markers,-3.697314E28,-3.697314E28,-3.697314E28,-3.697314E28,-3.697314E28,-3.697314E28,-3.697314E28,0.0000000,3,Missing,-3.697314E28,-3.697314E28,-3.697314E28,Missing,-3.697314E28,-3.697314E28,-3.697314E28,Missing,-3.697314E28,-3.697314E28,-3.697314E28,Port 0x02: JJH T tibia tracker  s/n:3E4C8800,179575264,1738682521.068445198,1,OK,0.9070160,-0.3124667,-0.1527646,0.2373805,91.697,70.514,-1646.964,0.2564794,3,OK,91.843,70.396,-1646.805,OK,92.843,-9.528,-1594.129,OK,16.221,23.184,-1658.464,Port 0x03: JJH Y femur tracker  s/n:3E4C8801,179575264,1738682521.068445198,1,OK,0.9671418,-0.0110497,-0.1666754,0.1916611,-259.563,203.041,-1834.931,0.3988683,3,OK,-259.259,203.170,-1834.820,OK,-339.918,255.271,-1860.377,OK,-341.025,168.440,-1864.670
3,Port 0x01: JJH Probe  s/n:3E4C880C,179575267,1738682521.118445198,1,Too Few Markers,-3.697314E28,-3.697314E28,-3.697314E28,-3.697314E28,-3.697314E28,-3.697314E28,-3.697314E28,0.0000000,3,Missing,-3.697314E28,-3.697314E28,-3.697314E28,Missing,-3.697314E28,-3.697314E28,-3.697314E28,Missing,-3.697314E28,-3.697314E28,-3.697314E28,Port 0x02: JJH T tibia tracker  s/n:3E4C8800,179575267,1738682521.118445198,1,OK,0.9071645,-0.3122481,-0.1526224,0.2371920,91.641,70.424,-1646.959,0.2510289,3,OK,91.782,70.312,-1646.807,OK,92.762,-9.650,-1594.161,OK,16.152,23.133,-1658.454,Port 0x03: JJH Y femur tracker  s/n:3E4C8801,179575267,1738682521.118445198,1,OK,0.9654248,-0.0122438,-0.1730586,0.1945654,-258.193,202.099,-1836.938,0.3889637,3,OK,-257.888,202.219,-1836.822,OK,-338.526,253.840,-1863.502,OK,-339.036,166.975,-1867.725
3,Port 0x01: JJH Probe  s/n:3E4C880C,179575270,1738682521.168445194,1,Too Few Markers,-3.697314E28,-3.697314E28,-3.697314E28,-3.697314E28,-3.697314E28,-3.697314E28,-3.697314E28,0.0000000,3,Missing,-3.697314E28,-3.697314E28,-3.697314E28,Missing,-3.697314E28,-3.697314E28,-3.697314E28,Missing,-3.697314E28,-3.697314E28,-3.697314E28,Port 0x02: JJH T tibia tracker  s/n:3E4C8800,179575270,1738682521.168445194,1,OK,0.9073031,-0.3120444,-0.1526138,0.2369355,91.552,70.340,-1646.879,0.2387910,3,OK,91.690,70.240,-1646.736,OK,92.636,-9.777,-1594.113,OK,16.042,23.094,-1658.401,Port 0x03: JJH Y femur tracker  s/n:3E4C8801,179575270,1738682521.168445194,1,OK,0.9636533,-0.0128744,-0.1796547,0.1973089,-256.844,201.182,-1839.021,0.3954792,3,OK,-256.533,201.311,-1838.897,OK,-337.113,252.454,-1866.651,OK,-337.064,165.589,-1870.913
3,Port 0x01: JJH Probe  s/n:3E4C880C,179575273,1738682521.218445194,1,Too Few Markers,-3.697314E28,-3.697314E28,-3.697314E28,-3.697314E28,-3.697314E28,-3.697314E28,-3.697314E28,0.0000000,3,Missing,-3.697314E28,-3.697314E28,-3.697314E28,Missing,-3.697314E28,-3.697314E28,-3.697314E28,Missing,-3.697314E28,-3.697314E28,-3.697314E28,Port 0x02: JJH T tibia tracker  s/n:3E4C8800,179575273,1738682521.218445194,1,OK,0.9074006,-0.3119055,-0.1526767,0.2367043,91.532,70.260,-1646.799,0.2291564,3,OK,91.667,70.160,-1646.659,OK,92.589,-9.887,-1594.055,OK,15.997,23.054,-1658.362,Port 0x03: JJH Y femur tracker  s/n:3E4C8801,179575273,1738682521.218445194,1,OK,0.9618476,-0.0135763,-0.1862504,0.1999389,-255.441,200.299,-1841.001,0.4002137,3,OK,-255.127,200.436,-1840.870,OK,-335.615,251.118,-1869.706,OK,-335.025,164.255,-1873.991
3,Port 0x01: JJH Probe  s/n:3E4C880C,179575276,1738682521.268445194,1,Too Few Markers,-3.697314E28,-3.697314E28,-3.697314E28,-3.697314E28,-3.697314E28,-3.697314E28,-3.697314E28,0.0000000,3,Missing,-3.697314E28,-3.697314E28,-3.697314E28,Missing,-3.697314E28,-3.697314E28,-3.697314E28,Missing,-3.697314E28,-3.697314E28,-3.697314E28,Port 0x02: JJH T tibia tracker  s/n:3E4C8800,179575276,1738682521.268445194,1,OK,0.9075643,-0.3114580,-0.1529553,0.2364860,91.493,70.213,-1646.779,0.2348198,3,OK,91.630,70.103,-1646.630,OK,92.523,-9.985,-1594.125,OK,15.945,23.034,-1658.429,Port 0x03: JJH Y femur tracker  s/n:3E4C8801,179575276,1738682521.268445194,1,OK,0.9602228,-0.0146872,-0.1915703,0.2026259,-253.998,199.511,-1842.941,0.3780276,3,OK,-253.717,199.631,-1842.821,OK,-334.129,249.863,-1872.599,OK,-332.971,163.001,-1876.767
3,Port 0x01: JJH Probe  s/n:3E4C880C,179575279,1738682521.318445194,1,Too Few Markers,-3.697314E28,-3.697314E28,-3.697314E28,-3.697314E28,-3.697314E28,-3.697314E28,-3.697314E28,0.0000000,3,Missing,-3.697314E28,-3.697314E28,-3.697314E28,Missing,-3.697314E28,-3.697314E28,-3.697314E28,Missing,-3.697314E28,-3.697314E28,-3.697314E28,Port 0x02: JJH T tibia tracker  s/n:3E4C8800,179575279,1738682521.318445194,1,OK,0.9077123,-0.3112739,-0.1527946,0.2362641,91.422,70.161,-1646.722,0.2180639,3,OK,91.550,70.064,-1646.586,OK,92.427,-10.077,-1594.089,OK,15.853,23.032,-1658.370,Port 0x03: JJH Y femur tracker  s/n:3E4C8801,179575279,1738682521.318445194,1,OK,0.9585079,-0.0151870,-0.1972909,0.2052032,-252.623,198.670,-1844.680,0.3753325,3,OK,-252.366,198.799,-1844.566,OK,-332.665,248.572,-1875.259,OK,-330.980,161.732,-1879.442
3,Port 0x01: JJH Probe  s/n:3E4C880C,179575282,1738682521.368445194,1,Too Few Markers,-3.697314E28,-3.697314E28,-3.697314E28,-3.697314E28,-3.697314E28,-3.697314E28,-3.697314E28,0.0000000,3,Missing,-3.697314E28,-3.697314E28,-3.697314E28,Missing,-3.697314E28,-3.697314E28,-3.697314E28,Missing,-3.697314E28,-3.697314E28,-3.697314E28,Port 0x02: JJH T tibia tracker  s/n:3E4C8800,179575282,1738682521.368445194,1,OK,0.9079643,-0.3106806,-0.1526658,0.2361600,91.348,70.119,-1646.646,0.2470924,3,OK,91.487,70.008,-1646.497,OK,92.344,-10.155,-1594.140,OK,15.775,23.004,-1658.295,Port 0x03: JJH Y femur tracker  s/n:3E4C8801,179575282,1738682521.368445194,1,OK,0.9568560,-0.0164776,-0.2027346,0.2074939,-251.356,197.940,-1846.387,0.3597090,3,OK,-251.093,198.047,-1846.268,OK,-331.299,247.454,-1877.958,OK,-329.115,160.587,-1881.999
3,Port 0x01: JJH Probe  s/n:3E4C880C,179575285,1738682521.418445194,1,Too Few Markers,-3.697314E28,-3.697314E28,-3.697314E28,-3.697314E28,-3.697314E28,-3.697314E28,-3.697314E28,0.0000000,3,Missing,-3.697314E28,-3.697314E28,-3.697314E28,Missing,-3.697314E28,-3.697314E28,-3.697314E28,Missing,-3.697314E28,-3.697314E28,-3.697314E28,Port 0x02: JJH T tibia tracker  s/n:3E4C8800,179575285,1738682521.418445194,1,OK,0.9081572,-0.3102236,-0.1527305,0.2359772,91.293,70.065,-1646.580,0.2531635,3,OK,91.436,69.948,-1646.425,OK,92.275,-10.256,-1594.160,OK,15.698,22.980,-1658.280,Port 0x03: JJH Y femur tracker  s/n:3E4C8801,179575285,1738682521.418445194,1,OK,0.9551943,-0.0158405,-0.2083832,0.2095931,-250.193,197.245,-1847.921,0.3789790,3,OK,-249.915,197.384,-1847.788,OK,-330.014,246.420,-1880.242,OK,-327.393,159.569,-1884.513
3,Port 0x01: JJH Probe  s/n:3E4C880C,179575288,1738682521.468445194,1,Too Few Markers,-3.697314E28,-3.697314E28,-3.697314E28,-3.697314E28,-3.697314E28,-3.697314E28,-3.697314E28,0.0000000,3,Missing,-3.697314E28,-3.697314E28,-3.697314E28,Missing,-3.697314E28,-3.697314E28,-3.697314E28,Missing,-3.697314E28,-3.697314E28,-3.697314E28,Port 0x02: JJH T tibia tracker  s/n:3E4C8800,179575288,1738682521.468445194,1,OK,0.9082868,-0.3101388,-0.1523974,0.2358050,91.278,69.996,-1646.531,0.2505697,3,OK,91.415,69.889,-1646.385,OK,92.229,-10.340,-1594.126,OK,15.673,22.950,-1658.177,Port 0x03: JJH Y femur tracker  s/n:3E4C8801,179575288,1738682521.468445194,1,OK,0.9538034,-0.0171337,-0.2127787,0.2114018,-249.132,196.659,-1849.113,0.3800312,3,OK,-248.832,196.780,-1848.969,OK,-328.849,245.510,-1882.271,OK,-325.841,158.657,-1886.377
3,Port 0x01: JJH Probe  s/n:3E4C880C,179575291,1738682521.518445194,1,Too Few Markers,-3.697314E28,-3.697314E28,-3.697314E28,-3.697314E28,-3.697314E28,-3.697314E28,-3.697314E28,0.0000000,3,Missing,-3.697314E28,-3.697314E28,-3.697314E28,Missing,-3.697314E28,-3.697314E28,-3.697314E28,Missing,-3.697314E28,-3.697314E28,-3.697314E28,Port 0x02: JJH T tibia tracker  s/n:3E4C8800,179575291,1738682521.518445194,1,OK,0.9083037,-0.3100472,-0.1526933,0.2356691,91.236,69.969,-1646.501,0.2356261,3,OK,91.373,69.867,-1646.359,OK,92.172,-10.398,-1594.107,OK,15.619,22.939,-1658.222,Port 0x03: JJH Y femur tracker  s/n:3E4C8801,179575291,1738682521.518445194,1,OK,0.9526486,-0.0175730,-0.2162345,0.2130596,-248.150,196.170,-1850.300,0.3612971,3,OK,-247.889,196.289,-1850.172,OK,-327.786,244.732,-1884.032,OK,-324.428,157.892,-1888.101
3,Port 0x01: JJH Probe  s/n:3E4C880C,179575294,1738682521.568445194,1,Too Few Markers,-3.697314E28,-3.697314E28,-3.697314E28,-3.697314E28,-3.697314E28,-3.697314E28,-3.697314E28,0.0000000,3,Missing,-3.697314E28,-3.697314E28,-3.697314E28,Missing,-3.697314E28,-3.697314E28,-3.697314E28,Missing,-3.697314E28,-3.697314E28,-3.697314E28,Port 0x02: JJH T tibia tracker  s/n:3E4C8800,179575294,1738682521.568445194,1,OK,0.9084577,-0.3098202,-0.1523006,0.2356281,91.182,69.933,-1646.485,0.2446338,3,OK,91.323,69.836,-1646.345,OK,92.120,-10.448,-1594.131,OK,15.553,22.921,-1658.146,Port 0x03: JJH Y femur tracker  s/n:3E4C8801,179575294,1738682521.568445194,1,OK,0.9516091,-0.0178664,-0.2194302,0.2144093,-247.411,195.754,-1851.248,0.3642932,3,OK,-247.142,195.878,-1851.113,OK,-326.968,244.087,-1885.498,OK,-323.330,157.249,-1889.563
3,Port 0x01: JJH Probe  s/n:3E4C880C,179575297,1738682521.618445194,1,Too Few Markers,-3.697314E28,-3.697314E28,-3.697314E28,-3.697314E28,-3.697314E28,-3.697314E28,-3.697314E28,0.0000000,3,Missing,-3.697314E28,-3.697314E28,-3.697314E28,Missing,-3.697314E28,-3.697314E28,-3.697314E28,Missing,-3.697314E28,-3.697314E28,-3.697314E28,Port 0x02: JJH T tibia tracker  s/n:3E4C8800,179575297,1738682521.618445194,1,OK,0.9085063,-0.3096667,-0.1525804,0.2354612,91.145,69.913,-1646.474,0.2377367,3,OK,91.288,69.815,-1646.332,OK,92.061,-10.498,-1594.147,OK,15.501,22.921,-1658.209,Port 0x03: JJH Y femur tracker  s/n:3E4C8801,179575297,1738682521.618445194,1,OK,0.9507291,-0.0184512,-0.2222391,0.2153682,-246.804,195.460,-1851.883,0.3731724,3,OK,-246.514,195.564,-1851.737,OK,-326.282,243.617,-1886.636,OK,-322.411,156.805,-1890.632
3,Port 0x01: JJH Probe  s/n:3E4C880C,179575300,1738682521.668445194,1,Too Few Markers,-3.697314E28,-3.697314E28,-3.697314E28,-3.697314E28,-3.697314E28,-3.697314E28,-3.697314E28,0.0000000,3,Missing,-3.697314E28,-3.697314E28,-3.697314E28,Missing,-3.697314E28,-3.697314E28,-3.697314E28,Missing,-3.697314E28,-3.697314E28,-3.697314E28,Port 0x02: JJH T tibia tracker  s/n:3E4C8800,179575300,1738682521.668445194,1,OK,0.9085498,-0.3096083,-0.1526992,0.2352934,91.116,69.871,-1646.437,0.2324621,3,OK,91.257,69.774,-1646.296,OK,92.004,-10.557,-1594.123,OK,15.460,22.903,-1658.209,Port 0x03: JJH Y femur tracker  s/n:3E4C8801,179575300,1738682521.668445194,1,OK,0.9500992,-0.0181050,-0.2239171,0.2164365,-246.207,195.148,-1852.652,0.3664638,3,OK,-245.962,195.276,-1852.524,OK,-325.652,243.117,-1887.606,OK,-321.585,156.334,-1891.681
3,Port 0x01: JJH Probe  s/n:3E4C880C,179575303,1738682521.718445194,1,Too Few Markers,-3.697314E28,-3.697314E28,-3.697314E28,-3.697314E28,-3.697314E28,-3.697314E28,-3.697314E28,0.0000000,3,Missing,-3.697314E28,-3.697314E28,-3.697314E28,Missing,-3.697314E28,-3.697314E28,-3.697314E28,Missing,-3.697314E28,-3.697314E28,-3.697314E28,Port 0x02: JJH T tibia tracker  s/n:3E4C8800,179575303,1738682521.718445194,1,OK,0.9085599,-0.3096660,-0.1527258,0.2351610,91.076,69.845,-1646.391,0.2313235,3,OK,91.215,69.749,-1646.252,OK,91.936,-10.582,-1594.073,OK,15.411,22.896,-1658.173,Port 0x03: JJH Y femur tracker  s/n:3E4C8801,179575303,1738682521.718445194,1,OK,0.9495561,-0.0184485,-0.2257832,0.2168522,-245.878,194.989,-1852.962,0.3707694,3,OK,-245.600,195.118,-1852.817,OK,-325.245,242.900,-1888.236,OK,-321.083,156.083,-1892.294
3,Port 0x01: JJH Probe  s/n:3E4C880C,179575306,1738682521.768445194,1,Too Few Markers,-3.697314E28,-3.697314E28,-3.697314E28,-3.697314E28,-3.697314E28,-3.697314E28,-3.697314E28,0.0000000,3,Missing,-3.697314E28,-3.697314E28,-3.697314E28,Missing,-3.697314E28,-3.697314E28,-3.697314E28,Missing,-3.697314E28,-3.697314E28,-3.697314E28,Port 0x02: JJH T tibia tracker  s/n:3E4C8800,179575306,1738682521.768445194,1,OK,0.9085483,-0.3096629,-0.1529395,0.2350710,91.015,69.827,-1646.309,0.2308127,3,OK,91.155,69.724,-1646.165,OK,91.863,-10.604,-1593.996,OK,15.341,22.887,-1658.142,Port 0x03: JJH Y femur tracker  s/n:3E4C8801,179575306,1738682521.768445194,1,OK,0.9492229,-0.0186510,-0.2266216,0.2174184,-245.509,194.813,-1853.406,0.3531250,3,OK,-245.269,194.938,-1853.279,OK,-324.855,242.622,-1888.831,OK,-320.574,155.813,-1892.851
3,Port 0x01: JJH Probe  s/n:3E4C880C,179575309,1738682521.818445194,1,Too Few Markers,-3.697314E28,-3.697314E28,-3.697314E28,-3.697314E28,-3.697314E28,-3.697314E28,-3.697314E28,0.0000000,3,Missing,-3.697314E28,-3.697314E28,-3.697314E28,Missing,-3.697314E28,-3.697314E28,-3.697314E28,Missing,-3.697314E28,-3.697314E28,-3.697314E28,Port 0x02: JJH T tibia tracker  s/n:3E4C8800,179575309,1738682521.818445194,1,OK,0.9085425,-0.3098063,-0.1527918,0.2350006,90.977,69.803,-1646.312,0.2211039,3,OK,91.113,69.704,-1646.173,OK,91.816,-10.623,-1593.965,OK,15.289,22.882,-1658.120,Port 0x03: JJH Y femur tracker  s/n:3E4C8801,179575309,1738682521.818445194,1,OK,0.9493441,-0.0182720,-0.2261470,0.2174154,-245.626,194.836,-1853.285,0.3586194,3,OK,-245.387,194.968,-1853.159,OK,-325.009,242.647,-1888.594,OK,-320.738,155.849,-1892.669
3,Port 0x01: JJH Probe  s/n:3E4C880C,179575312,1738682521.868445194,1,Too Few Markers,-3.697314E28,-3.697314E28,-3.697314E28,-3.697314E28,-3.697314E28,-3.697314E28,-3.697314E28,0.0000000,3,Missing,-3.697314E28,-3.697314E28,-3.697314E28,Missing,-3.697314E28,-3.697314E28,-3.697314E28,Missing,-3.697314E28,-3.697314E28,-3.697314E28,Port 0x02: JJH T tibia tracker  s/n:3E4C8800,179575312,1738682521.868445194,1,OK,0.9084962,-0.3100233,-0.1526295,0.2349987,90.976,69.754,-1646.318,0.2183893,3,OK,91.113,69.666,-1646.186,OK,91.804,-10.651,-1593.932,OK,15.286,22.835,-1658.083,Port 0x03: JJH Y femur tracker  s/n:3E4C8801,179575312,1738682521.868445194,1,OK,0.9494745,-0.0184452,-0.2257449,0.2172490,-245.793,194.788,-1853.045,0.3533832,3,OK,-245.546,194.911,-1852.917,OK,-325.191,242.633,-1888.320,OK,-320.947,155.818,-1892.355
3,Port 0x01: JJH Probe  s/n:3E4C880C,179575315,1738682521.918445194,1,Too Few Markers,-3.697314E28,-3.697314E28,-3.697314E28,-3.697314E28,-3.697314E28,-3.697314E28,-3.697314E28,0.0000000,3,Missing,-3.697314E28,-3.697314E28,-3.697314E28,Missing,-3.697314E28,-3.697314E28,-3.697314E28,Missing,-3.697314E28,-3.697314E28,-3.697314E28,Port 0x02: JJH T tibia tracker  s/n:3E4C8800,179575315,1738682521.918445194,1,OK,0.9084693,-0.3100986,-0.1526378,0.2349980,90.868,69.792,-1646.402,0.2309963,3,OK,91.006,69.689,-1646.259,OK,91.692,-10.590,-1594.014,OK,15.178,22.870,-1658.164,Port 0x03: JJH Y femur tracker  s/n:3E4C8801,179575315,1738682521.918445194,1,OK,0.9504373,-0.0178885,-0.2224028,0.2165317,-246.606,195.035,-1852.296,0.3473510,3,OK,-246.391,195.170,-1852.183,OK,-326.145,243.001,-1887.004,OK,-322.091,156.185,-1891.074
3,Port 0x01: JJH Probe  s/n:3E4C880C,179575318,1738682521.968445194,1,Too Few Markers,-3.697314E28,-3.697314E28,-3.697314E28,-3.697314E28,-3.697314E28,-3.697314E28,-3.697314E28,0.0000000,3,Missing,-3.697314E28,-3.697314E28,-3.697314E28,Missing,-3.697314E28,-3.697314E28,-3.697314E28,Missing,-3.697314E28,-3.697314E28,-3.697314E28,Port 0x02: JJH T tibia tracker  s/n:3E4C8800,179575318,1738682521.968445194,1,OK,0.9085024,-0.3100658,-0.1526000,0.2349380,90.825,69.702,-1646.654,0.2322882,3,OK,90.964,69.604,-1646.514,OK,91.633,-10.685,-1594.277,OK,15.134,22.788,-1658.410,Port 0x03: JJH Y femur tracker  s/n:3E4C8801,179575318,1738682521.968445194,1,OK,0.9526631,-0.0174937,-0.2156889,0.2135538,-248.489,195.864,-1850.139,0.3619674,3,OK,-248.227,195.985,-1850.010,OK,-328.208,244.341,-1883.797,OK,-324.775,157.500,-1887.845
3,Port 0x01: JJH Probe  s/n:3E4C880C,179575321,1738682522.018445194,1,Too Few Markers,-3.697314E28,-3.697314E28,-3.697314E28,-3.697314E28,-3.697314E28,-3.697314E28,-3.697314E28,0.0000000,3,Missing,-3.697314E28,-3.697314E28,-3.697314E28,Missing,-3.697314E28,-3.697314E28,-3.697314E28,Missing,-3.697314E28,-3.697314E28,-3.697314E28,Port 0x02: JJH T tibia tracker  s/n:3E4C8800,179575321,1738682522.018445194,1,OK,0.9083120,-0.3104411,-0.1529375,0.2349591,90.773,69.652,-1646.957,0.2227502,3,OK,90.910,69.554,-1646.817,OK,91.572,-10.708,-1594.513,OK,15.087,22.722,-1658.760,Port 0x03: JJH Y femur tracker  s/n:3E4C8801,179575321,1738682522.018445194,1,OK,0.9561190,-0.0168872,-0.2043890,0.2092283,-251.203,197.264,-1846.910,0.3570871,3,OK,-250.946,197.359,-1846.793,OK,-331.215,246.470,-1878.812,OK,-328.688,159.622,-1882.762
3,Port 0x01: JJH Probe  s/n:3E4C880C,179575324,1738682522.068445194,1,Too Few Markers,-3.697314E28,-3.697314E28,-3.697314E28,-3.697314E28,-3.697314E28,-3.697314E28,-3.697314E28,0.0000000,3,Missing,-3.697314E28,-3.697314E28,-3.697314E28,Missing,-3.697314E28,-3.697314E28,-3.697314E28,Missing,-3.697314E28,-3.697314E28,-3.697314E28,Port 0x02: JJH T tibia tracker  s/n:3E4C8800,179575324,1738682522.068445194,1,OK,0.9081994,-0.3108426,-0.1527496,0.2349858,90.731,69.632,-1647.089,0.2509326,3,OK,90.873,69.522,-1646.938,OK,91.497,-10.654,-1594.606,OK,15.062,22.687,-1658.815,Port 0x03: JJH Y femur tracker  s/n:3E4C8801,179575324,1738682522.068445194,1,OK,0.9603395,-0.0151350,-0.1902028,0.2033268,-254.454,199.087,-1842.636,0.3680243,3,OK,-254.190,199.197,-1842.525,OK,-334.716,249.305,-1872.178,OK,-333.452,162.444,-1876.194
3,Port 0x01: JJH Probe  s/n:3E4C880C,179575327,1738682522.118445194,1,Too Few Markers,-3.697314E28,-3.697314E28,-3.697314E28,-3.697314E28,-3.697314E28,-3.697314E28,-3.697314E28,0.0000000,3,Missing,-3.697314E28,-3.697314E28,-3.697314E28,Missing,-3.697314E28,-3.697314E28,-3.697314E28,Missing,-3.697314E28,-3.697314E28,-3.697314E28,Port 0x02: JJH T tibia tracker  s/n:3E4C8800,179575327,1738682522.118445194,1,OK,0.9076110,-0.3126511,-0.1528834,0.2347728,90.681,69.666,-1647.026,0.2285742,3,OK,90.818,69.571,-1646.887,OK,91.340,-10.459,-1594.237,OK,14.990,22.731,-1658.704,Port 0x03: JJH Y femur tracker  s/n:3E4C8801,179575327,1738682522.118445194,1,OK,0.9646456,-0.0133865,-0.1752956,0.1963442,-257.983,201.303,-1837.551,0.3984870,3,OK,-257.653,201.419,-1837.425,OK,-338.372,252.722,-1864.623,OK,-338.561,165.847,-1868.675
3,Port 0x01: JJH Probe  s/n:3E4C880C,179575330,1738682522.168445198,1,Too Few Markers,-3.697314E28,-3.697314E28,-3.697314E28,-3.697314E28,-3.697314E28,-3.697314E28,-3.697314E28,0.0000000,3,Missing,-3.697314E28,-3.697314E28,-3.697314E28,Missing,-3.697314E28,-3.697314E28,-3.697314E28,Missing,-3.697314E28,-3.697314E28,-3.697314E28,Port 0x02: JJH T tibia tracker  s/n:3E4C8800,179575330,1738682522.168445198,1,OK,0.9069715,-0.3143337,-0.1532726,0.2347437,90.603,69.682,-1646.835,0.2246846,3,OK,90.736,69.574,-1646.688,OK,91.193,-10.268,-1593.771,OK,14.913,22.724,-1658.508,Port 0x03: JJH Y femur tracker  s/n:3E4C8801,179575330,1738682522.168445198,1,OK,0.9690511,-0.0107922,-0.1583210,0.1890975,-261.458,203.596,-1832.288,0.3955254,3,OK,-261.146,203.717,-1832.180,OK,-341.935,256.255,-1856.476,OK,-343.606,169.413,-1860.586
3,Port 0x01: JJH Probe  s/n:3E4C880C,179575333,1738682522.218445191,1,Too Few Markers,-3.697314E28,-3.697314E28,-3.697314E28,-3.697314E28,-3.697314E28,-3.697314E28,-3.697314E28,0.0000000,3,Missing,-3.697314E28,-3.697314E28,-3.697314E28,Missing,-3.697314E28,-3.697314E28,-3.697314E28,Missing,-3.697314E28,-3.697314E28,-3.697314E28,Port 0x02: JJH T tibia tracker  s/n:3E4C8800,179575333,1738682522.218445191,1,OK,0.9065334,-0.3156552,-0.1527724,0.2349884,90.598,69.728,-1646.855,0.2243370,3,OK,90.727,69.626,-1646.715,OK,91.182,-10.066,-1593.562,OK,14.923,22.735,-1658.350,Port 0x03: JJH Y femur tracker  s/n:3E4C8801,179575333,1738682522.218445191,1,OK,0.9731185,-0.0088640,-0.1413784,0.1815873,-264.751,206.045,-1826.738,0.4014654,3,OK,-264.439,206.167,-1826.643,OK,-345.167,259.961,-1848.145,OK,-348.365,173.177,-1852.155
3,Port 0x01: JJH Probe  s/n:3E4C880C,179575336,1738682522.268445191,1,Too Few Markers,-3.697314E28,-3.697314E28,-3.697314E28,-3.697314E28,-3.697314E28,-3.697314E28,-3.697314E28,0.0000000,3,Missing,-3.697314E28,-3.697314E28,-3.697314E28,Missing,-3.697314E28,-3.697314E28,-3.697314E28,Missing,-3.697314E28,-3.697314E28,-3.697314E28,Port 0x02: JJH T tibia tracker  s/n:3E4C8800,179575336,1738682522.268445191,1,OK,0.9062473,-0.3160516,-0.1530120,0.2354031,90.676,69.835,-1646.870,0.2615260,3,OK,90.823,69.713,-1646.706,OK,91.297,-9.873,-1593.536,OK,15.044,22.747,-1658.348,Port 0x03: JJH Y femur tracker  s/n:3E4C8801,179575336,1738682522.268445191,1,OK,0.9767644,-0.0058859,-0.1249611,0.1740153,-267.754,208.516,-1821.151,0.4198762,3,OK,-267.424,208.660,-1821.062,OK,-347.981,263.703,-1839.716,OK,-352.714,176.996,-1843.782
3,Port 0x01: JJH Probe  s/n:3E4C880C,179575339,1738682522.318445191,1,Too Few Markers,-3.697314E28,-3.697314E28,-3.697314E28,-3.697314E28,-3.697314E28,-3.697314E28,-3.697314E28,0.0000000,3,Missing,-3.697314E28,-3.697314E28,-3.697314E28,Missing,-3.697314E28,-3.697314E28,-3.697314E28,Missing,-3.697314E28,-3.697314E28,-3.697314E28,Port 0x02: JJH T tibia tracker  s/n:3E4C8800,179575339,1738682522.318445191,1,OK,0.9057909,-0.3171146,-0.1531939,0.2356118,90.749,69.841,-1646.985,0.2457724,3,OK,90.889,69.724,-1646.827,OK,91.368,-9.763,-1593.459,OK,15.140,22.709,-1658.432,Port 0x03: JJH Y femur tracker  s/n:3E4C8801,179575339,1738682522.318445191,1,OK,0.9800591,-0.0041313,-0.1084596,0.1664441,-270.538,211.040,-1815.541,0.4252399,3,OK,-270.185,211.175,-1815.460,OK,-350.477,267.481,-1831.439,OK,-356.703,180.852,-1835.288
3,Port 0x01: JJH Probe  s/n:3E4C880C,179575342,1738682522.368445191,1,Too Few Markers,-3.697314E28,-3.697314E28,-3.697314E28,-3.697314E28,-3.697314E28,-3.697314E28,-3.697314E28,0.0000000,3,Missing,-3.697314E28,-3.697314E28,-3.697314E28,Missing,-3.697314E28,-3.697314E28,-3.697314E28,Missing,-3.697314E28,-3.697314E28,-3.697314E28,Port 0x02: JJH T tibia tracker  s/n:3E4C8800,179575342,1738682522.368445191,1,OK,0.9054332,-0.3177967,-0.1532598,0.2360242,90.829,69.897,-1647.091,0.2486152,3,OK,90.966,69.774,-1646.931,OK,91.491,-9.620,-1593.444,OK,15.259,22.691,-1658.487,Port 0x03: JJH Y femur tracker  s/n:3E4C8801,179575342,1738682522.368445191,1,OK,0.9829335,-0.0027239,-0.0925195,0.1589794,-273.038,213.588,-1809.808,0.4291129,3,OK,-272.659,213.706,-1809.735,OK,-352.588,271.255,-1823.187,OK,-360.253,184.722,-1826.731
3,Port 0x01: JJH Probe  s/n:3E4C880C,179575345,1738682522.418445198,1,Too Few Markers,-3.697314E28,-3.697314E28,-3.697314E28,-3.697314E28,-3.697314E28,-3.697314E28,-3.697314E28,0.0000000,3,Missing,-3.697314E28,-3.697314E28,-3.697314E28,Missing,-3.697314E28,-3.697314E28,-3.697314E28,Missing,-3.697314E28,-3.697314E28,-3.697314E28,Port 0x02: JJH T tibia tracker  s/n:3E4C8800,179575345,1738682522.418445198,1,OK,0.9051027,-0.3183729,-0.1532402,0.2365276,90.981,69.955,-1647.206,0.2558075,3,OK,91.124,69.839,-1647.046,OK,91.698,-9.481,-1593.456,OK,15.463,22.657,-1658.523,Port 0x03: JJH Y femur tracker  s/n:3E4C8801,179575345,1738682522.418445198,1,OK,0.9854599,-0.0009194,-0.0764995,0.1517091,-275.229,216.054,-1804.249,0.4277912,3,OK,-274.848,216.162,-1804.188,OK,-354.312,274.898,-1815.062,OK,-363.362,188.492,-1818.316
3,Port 0x01: JJH Probe  s/n:3E4C880C,179575348,1738682522.468445191,1,Too Few Markers,-3.697314E28,-3.697314E28,-3.697314E28,-3.697314E28,-3.697314E28,-3.697314E28,-3.697314E28,0.0000000,3,Missing,-3.697314E28,-3.697314E28,-3.697314E28,Missing,-3.697314E28,-3.697314E28,-3.697314E28,Missing,-3.697314E28,-3.697314E28,-3.697314E28,Port 0x02: JJH T tibia tracker  s/n:3E4C8800,179575348,1738682522.468445191,1,OK,0.9047383,-0.3188982,-0.1531050,0.2373005,91.212,70.165,-1647.331,0.2689989,3,OK,91.357,70.041,-1647.165,OK,92.046,-9.177,-1593.478,OK,15.758,22.745,-1658.544,Port 0x03: JJH Y femur tracker  s/n:3E4C8801,179575348,1738682522.468445191,1,OK,0.9877277,0.0017256,-0.0599853,0.1441971,-277.163,218.628,-1798.563,0.4261081,3,OK,-276.800,218.746,-1798.517,OK,-355.643,278.662,-1806.639,OK,-366.127,192.419,-1809.684
3,Port 0x01: JJH Probe  s/n:3E4C880C,179575351,1738682522.518445191,1,Too Few Markers,-3.697314E28,-3.697314E28,-3.697314E28,-3.697314E28,-3.697314E28,-3.697314E28,-3.697314E28,0.0000000,3,Missing,-3.697314E28,-3.697314E28,-3.697314E28,Missing,-3.697314E28,-3.697314E28,-3.697314E28,Missing,-3.697314E28,-3.697314E28,-3.697314E28,Port 0x02: JJH T tibia tracker  s/n:3E4C8800,179575351,1738682522.518445191,1,OK,0.9042997,-0.3192735,-0.1533139,0.2383303,91.486,70.476,-1647.466,0.2872007,3,OK,91.638,70.333,-1647.282,OK,92.489,-8.779,-1593.531,OK,16.120,22.884,-1658.631,Port 0x03: JJH Y femur tracker  s/n:3E4C8801,179575351,1738682522.518445191,1,OK,0.9896068,0.0025295,-0.0436997,0.1369756,-278.921,221.193,-1792.924,0.4089475,3,OK,-278.554,221.283,-1792.891,OK,-356.758,282.387,-1798.585,OK,-368.555,196.265,-1801.069
3,Port 0x01: JJH Probe  s/n:3E4C880C,179575354,1738682522.568445191,1,Too Few Markers,-3.697314E28,-3.697314E28,-3.697314E28,-3.697314E28,-3.697314E28,-3.697314E28,-3.697314E28,0.0000000,3,Missing,-3.697314E28,-3.697314E28,-3.697314E28,Missing,-3.697314E28,-3.697314E28,-3.697314E28,Missing,-3.697314E28,-3.697314E28,-3.697314E28,Port 0x02: JJH T tibia tracker  s/n:3E4C8800,179575354,1738682522.568445191,1,OK,0.9036914,-0.3201106,-0.1534074,0.2394521,91.848,70.738,-1647.871,0.2424621,3,OK,91.987,70.626,-1647.716,OK,93.034,-8.442,-1593.721,OK,16.581,22.977,-1658.946,Port 0x03: JJH Y femur tracker  s/n:3E4C8801,179575354,1738682522.568445191,1,OK,0.9911119,0.0049410,-0.0283653,0.1298779,-280.455,223.575,-1787.287,0.4110832,3,OK,-280.086,223.663,-1787.265,OK,-357.550,285.868,-1790.459,OK,-370.646,199.931,-1792.657
3,Port 0x01: JJH Probe  s/n:3E4C880C,179575357,1738682522.618445191,1,Too Few Markers,-3.697314E28,-3.697314E28,-3.697314E28,-3.697314E28,-3.697314E28,-3.697314E28,-3.697314E28,0.0000000,3,Missing,-3.697314E28,-3.697314E28,-3.697314E28,Missing,-3.697314E28,-3.697314E28,-3.697314E28,Missing,-3.697314E28,-3.697314E28,-3.697314E28,Port 0x02: JJH T tibia tracker  s/n:3E4C8800,179575357,1738682522.618445191,1,OK,0.9035190,-0.3193189,-0.1539096,0.2408333,92.245,71.055,-1648.345,0.2556619,3,OK,92.392,70.930,-1648.177,OK,93.703,-8.167,-1594.292,OK,17.110,23.068,-1659.459,Port 0x03: JJH Y femur tracker  s/n:3E4C8801,179575357,1738682522.618445191,1,OK,0.9923102,0.0062665,-0.0129491,0.1229371,-281.781,226.070,-1781.680,0.4044040,3,OK,-281.414,226.148,-1781.670,OK,-358.072,289.431,-1782.534,OK,-372.407,203.669,-1784.221
3,Port 0x01: JJH Probe  s/n:3E4C880C,179575360,1738682522.668445198,1,Too Few Markers,-3.697314E28,-3.697314E28,-3.697314E28,-3.697314E28,-3.697314E28,-3.697314E28,-3.697314E28,0.0000000,3,Missing,-3.697314E28,-3.697314E28,-3.697314E28,Missing,-3.697314E28,-3.697314E28,-3.697314E28,Missing,-3.697314E28,-3.697314E28,-3.697314E28,Port 0x02: JJH T tibia tracker  s/n:3E4C8800,179575360,1738682522.668445198,1,OK,0.9032716,-0.3190096,-0.1537678,0.2422577,92.683,71.432,-1648.908,0.2396975,3,OK,92.825,71.325,-1648.754,OK,94.418,-7.798,-1594.838,OK,17.674,23.244,-1659.920,Port 0x03: JJH Y femur tracker  s/n:3E4C8801,179575360,1738682522.668445198,1,OK,0.9931931,0.0078087,0.0020295,0.1161997,-282.855,228.483,-1776.231,0.3988287,3,OK,-282.486,228.546,-1776.232,OK,-358.294,292.871,-1774.821,OK,-373.801,207.294,-1776.018
3,Port 0x01: JJH Probe  s/n:3E4C880C,179575363,1738682522.718445191,1,Too Few Markers,-3.697314E28,-3.697314E28,-3.697314E28,-3.697314E28,-3.697314E28,-3.697314E28,-3.697314E28,0.0000000,3,Missing,-3.697314E28,-3.697314E28,-3.697314E28,Missing,-3.697314E28,-3.697314E28,-3.697314E28,Missing,-3.697314E28,-3.697314E28,-3.697314E28,Port 0x02: JJH T tibia tracker  s/n:3E4C8800,179575363,1738682522.718445191,1,OK,0.9029589,-0.3185619,-0.1538613,0.2439471,93.169,71.834,-1649.385,0.2456950,3,OK,93.312,71.728,-1649.232,OK,95.217,-7.393,-1595.337,OK,18.324,23.387,-1660.316,Port 0x03: JJH Y femur tracker  s/n:3E4C8801,179575363,1738682522.718445191,1,OK,0.9937806,0.0093940,0.0170710,0.1096378,-283.703,230.835,-1770.805,0.3934105,3,OK,-283.332,230.893,-1770.818,OK,-358.224,296.205,-1767.145,OK,-374.870,210.814,-1767.821
3,Port 0x01: JJH Probe  s/n:3E4C880C,179575366,1738682522.768445191,1,Too Few Markers,-3.697314E28,-3.697314E28,-3.697314E28,-3.697314E28,-3.697314E28,-3.697314E28,-3.697314E28,0.0000000,3,Missing,-3.697314E28,-3.697314E28,-3.697314E28,Missing,-3.697314E28,-3.697314E28,-3.697314E28,Missing,-3.697314E28,-3.697314E28,-3.697314E28,Port 0x02: JJH T tibia tracker  s/n:3E4C8800,179575366,1738682522.768445191,1,OK,0.9027818,-0.3178824,-0.1539084,0.2454547,93.578,72.221,-1649.903,0.2561741,3,OK,93.725,72.113,-1649.746,OK,95.921,-7.027,-1595.922,OK,18.875,23.547,-1660.772,Port 0x03: JJH Y femur tracker  s/n:3E4C8801,179575366,1738682522.768445191,1,OK,0.9941376,0.0111147,0.0314035,0.1028626,-284.413,233.196,-1765.332,0.3866044,3,OK,-284.040,233.243,-1765.355,OK,-357.922,299.567,-1759.523,OK,-375.711,214.383,-1759.704
3,Port 0x01: JJH Probe  s/n:3E4C880C,179575369,1738682522.818445191,1,Too Few Markers,-3.697314E28,-3.697314E28,-3.697314E28,-3.697314E28,-3.697314E28,-3.697314E28,-3.697314E28,0.0000000,3,Missing,-3.697314E28,-3.697314E28,-3.697314E28,Missing,-3.697314E28,-3.697314E28,-3.697314E28,Missing,-3.697314E28,-3.697314E28,-3.697314E28,Port 0x02: JJH T tibia tracker  s/n:3E4C8800,179575369,1738682522.818445191,1,OK,0.9026240,-0.3168519,-0.1546116,0.2469211,94.008,72.542,-1650.529,0.2567861,3,OK,94.161,72.425,-1650.364,OK,96.653,-6.783,-1596.672,OK,19.449,23.630,-1661.488,Port 0x03: JJH Y femur tracker  s/n:3E4C8801,179575369,1738682522.818445191,1,OK,0.9941988,0.0121007,0.0464139,0.0962707,-284.904,235.575,-1759.875,0.3782536,3,OK,-284.530,235.612,-1759.910,OK,-357.348,302.912,-1751.965,OK,-376.225,217.931,-1751.462
3,Port 0x01: JJH Probe  s/n:3E4C880C,179575372,1738682522.868445191,1,Too Few Markers,-3.697314E28,-3.697314E28,-3.697314E28,-3.697314E28,-3.697314E28,-3.697314E28,-3.697314E28,0.0000000,3,Missing,-3.697314E28,-3.697314E28,-3.697314E28,Missing,-3.697314E28,-3.697314E28,-3.697314E28,Missing,-3.697314E28,-3.697314E28,-3.697314E28,Port 0x02: JJH T tibia tracker  s/n:3E4C8800,179575372,1738682522.868445191,1,OK,0.9025757,-0.3158139,-0.1547766,0.2483202,94.429,72.845,-1651.260,0.2404156,3,OK,94.572,72.739,-1651.108,OK,97.368,-6.568,-1597.514,OK,20.015,23.734,-1662.209,Port 0x03: JJH Y femur tracker  s/n:3E4C8801,179575372,1738682522.868445191,1,OK,0.9940257,0.0141187,0.0611216,0.0893181,-285.217,238.056,-1754.313,0.3767418,3,OK,-284.841,238.088,-1754.359,OK,-356.468,306.372,-1744.224,OK,-376.480,221.648,-1743.187
3,Port 0x01: JJH Probe  s/n:3E4C880C,179575375,1738682522.918445198,1,Too Few Markers,-3.697314E28,-3.697314E28,-3.697314E28,-3.697314E28,-3.697314E28,-3.697314E28,-3.697314E28,0.0000000,3,Missing,-3.697314E28,-3.697314E28,-3.697314E28,Missing,-3.697314E28,-3.697314E28,-3.697314E28,Missing,-3.697314E28,-3.697314E28,-3.697314E28,Port 0x02: JJH T tibia tracker  s/n:3E4C8800,179575375,1738682522.918445198,1,OK,0.9025563,-0.3143162,-0.1555046,0.2498314,94.895,73.120,-1651.942,0.2354648,3,OK,95.042,73.018,-1651.790,OK,98.155,-6.426,-1598.392,OK,20.642,23.766,-1662.999,Port 0x03: JJH Y femur tracker  s/n:3E4C8801,179575375,1738682522.918445198,1,OK,0.9935541,0.0156440,0.0761337,0.0825178,-285.309,240.487,-1748.661,0.3675093,3,OK,-284.939,240.506,-1748.718,OK,-355.318,309.755,-1736.458,OK,-376.391,225.282,-1734.760
3,Port 0x01: JJH Probe  s/n:3E4C880C,179575378,1738682522.968445191,1,Too Few Markers,-3.697314E28,-3.697314E28,-3.697314E28,-3.697314E28,-3.697314E28,-3.697314E28,-3.697314E28,0.0000000,3,Missing,-3.697314E28,-3.697314E28,-3.697314E28,Missing,-3.697314E28,-3.697314E28,-3.697314E28,Missing,-3.697314E28,-3.697314E28,-3.697314E28,Port 0x02: JJH T tibia tracker  s/n:3E4C8800,179575378,1738682522.968445191,1,OK,0.9027325,-0.3126914,-0.1554011,0.2512940,95.335,73.414,-1652.775,0.2395150,3,OK,95.482,73.325,-1652.633,OK,98.913,-6.260,-1599.448,OK,21.235,23.856,-1663.789,Port 0x03: JJH Y femur tracker  s/n:3E4C8801,179575378,1738682522.968445191,1,OK,0.9928545,0.0170800,0.0904497,0.0759407,-285.234,242.896,-1743.097,0.3565385,3,OK,-284.873,242.900,-1743.164,OK,-353.979,313.069,-1728.915,OK,-376.050,228.849,-1726.553
3,Port 0x01: JJH Probe  s/n:3E4C880C,179575381,1738682523.018445191,1,Too Few Markers,-3.697314E28,-3.697314E28,-3.697314E28,-3.697314E28,-3.697314E28,-3.697314E28,-3.697314E28,0.0000000,3,Missing,-3.697314E28,-3.697314E28,-3.697314E28,Missing,-3.697314E28,-3.697314E28,-3.697314E28,Missing,-3.697314E28,-3.697314E28,-3.697314E28,Port 0x02: JJH T tibia tracker  s/n:3E4C8800,179575381,1738682523.018445191,1,OK,0.9028486,-0.3107779,-0.1560087,0.2528693,95.787,73.694,-1653.627,0.2420531,3,OK,95.934,73.595,-1653.480,OK,99.718,-6.138,-1600.571,OK,21.861,23.898,-1664.746,Port 0x03: JJH Y femur tracker  s/n:3E4C8801,179575381,1738682523.018445191,1,OK,0.9919007,0.0190489,0.1047726,0.0692310,-284.990,245.224,-1737.713,0.3544133,3,OK,-284.625,245.217,-1737.792,OK,-352.375,316.291,-1721.507,OK,-375.464,232.342,-1718.534
3,Port 0x01: JJH Probe  s/n:3E4C880C,179575384,1738682523.068445191,1,Too Few Markers,-3.697314E28,-3.697314E28,-3.697314E28,-3.697314E28,-3.697314E28,-3.697314E28,-3.697314E28,0.0000000,3,Missing,-3.697314E28,-3.697314E28,-3.697314E28,Missing,-3.697314E28,-3.697314E28,-3.697314E28,Missing,-3.697314E28,-3.697314E28,-3.697314E28,Port 0x02: JJH T tibia tracker  s/n:3E4C8800,179575384,1738682523.068445191,1,OK,0.9029755,-0.3091719,-0.1560397,0.2543611,96.203,74.034,-1654.404,0.2416905,3,OK,96.347,73.948,-1654.266,OK,100.459,-5.925,-1601.562,OK,22.434,24.029,-1665.507,Port 0x03: JJH Y femur tracker  s/n:3E4C8801,179575384,1738682523.068445191,1,OK,0.9906646,0.0207293,0.1191466,0.0629124,-284.573,247.467,-1732.547,0.3491878,3,OK,-284.218,247.457,-1732.635,OK,-350.582,319.345,-1714.386,OK,-374.592,235.679,-1710.731
3,Port 0x01: JJH Probe  s/n:3E4C880C,179575387,1738682523.118445191,1,Too Few Markers,-3.697314E28,-3.697314E28,-3.697314E28,-3.697314E28,-3.697314E28,-3.697314E28,-3.697314E28,0.0000000,3,Missing,-3.697314E28,-3.697314E28,-3.697314E28,Missing,-3.697314E28,-3.697314E28,-3.697314E28,Missing,-3.697314E28,-3.697314E28,-3.697314E28,Port 0x02: JJH T tibia tracker  s/n:3E4C8800,179575387,1738682523.118445191,1,OK,0.9030324,-0.3072768,-0.1570084,0.2558551,96.626,74.304,-1655.082,0.2530544,3,OK,96.779,74.194,-1654.925,OK,101.220,-5.802,-1602.520,OK,23.020,24.057,-1666.367,Port 0x03: JJH Y femur tracker  s/n:3E4C8801,179575387,1738682523.118445191,1,OK,0.9892379,0.0217064,0.1330556,0.0568625,-283.964,249.592,-1727.522,0.3408275,3,OK,-283.608,249.571,-1727.621,OK,-348.607,322.266,-1707.600,OK,-373.462,238.844,-1703.155
3,Port 0x01: JJH Probe  s/n:3E4C880C,179575390,1738682523.168445193,1,Too Few Markers,-3.697314E28,-3.697314E28,-3.697314E28,-3.697314E28,-3.697314E28,-3.697314E28,-3.697314E28,0.0000000,3,Missing,-3.697314E28,-3.697314E28,-3.697314E28,Missing,-3.697314E28,-3.697314E28,-3.697314E28,Missing,-3.697314E28,-3.697314E28,-3.697314E28,Port 0x02: JJH T tibia tracker  s/n:3E4C8800,179575390,1738682523.168445193,1,OK,0.9030972,-0.3058232,-0.1576216,0.2569886,96.960,74.537,-1655.837,0.2461011,3,OK,97.115,74.430,-1655.681,OK,101.813,-5.698,-1603.476,OK,23.479,24.115,-1667.239,Port 0x03: JJH Y femur tracker  s/n:3E4C8801,179575390,1738682523.168445193,1,OK,0.9876620,0.0226305,0.1463640,0.0508852,-283.236,251.774,-1722.733,0.3343303,3,OK,-282.884,251.748,-1722.842,OK,-346.487,325.209,-1701.166,OK,-372.158,242.055,-1695.934
3,Port 0x01: JJH Probe  s/n:3E4C880C,179575393,1738682523.218445193,1,Too Few Markers,-3.697314E28,-3.697314E28,-3.697314E28,-3.697314E28,-3.697314E28,-3.697314E28,-3.697314E28,0.0000000,3,Missing,-3.697314E28,-3.697314E28,-3.697314E28,Missing,-3.697314E28,-3.697314E28,-3.697314E28,Missing,-3.697314E28,-3.697314E28,-3.697314E28,Port 0x02: JJH T tibia tracker  s/n:3E4C8800,179575393,1738682523.218445193,1,OK,0.9033556,-0.3041582,-0.1575858,0.2580757,97.260,74.655,-1656.530,0.2432731,3,OK,97.404,74.556,-1656.386,OK,102.365,-5.722,-1604.411,OK,23.911,24.091,-1667.930,Port 0x03: JJH Y femur tracker  s/n:3E4C8801,179575393,1738682523.218445193,1,OK,0.9861012,0.0232771,0.1581173,0.0454049,-282.444,253.647,-1718.199,0.3233650,3,OK,-282.102,253.614,-1718.313,OK,-344.397,327.776,-1695.237,OK,-370.787,244.873,-1689.262
3,Port 0x01: JJH Probe  s/n:3E4C880C,179575396,1738682523.268445193,1,Too Few Markers,-3.697314E28,-3.697314E28,-3.697314E28,-3.697314E28,-3.697314E28,-3.697314E28,-3.697314E28,0.0000000,3,Missing,-3.697314E28,-3.697314E28,-3.697314E28,Missing,-3.697314E28,-3.697314E28,-3.697314E28,Missing,-3.697314E28,-3.697314E28,-3.697314E28,Port 0x02: JJH T tibia tracker  s/n:3E4C8800,179575396,1738682523.268445193,1,OK,0.9036511,-0.3020909,-0.1581823,0.2591024,97.512,74.799,-1657.189,0.2648212,3,OK,97.672,74.687,-1657.028,OK,102.872,-5.743,-1605.401,OK,24.276,24.072,-1668.738,Port 0x03: JJH Y femur tracker  s/n:3E4C8801,179575396,1738682523.268445193,1,OK,0.9845241,0.0250864,0.1687591,0.0400430,-281.532,255.447,-1713.895,0.3140842,3,OK,-281.205,255.408,-1714.013,OK,-342.184,330.202,-1689.517,OK,-369.298,247.565,-1683.041
3,Port 0x01: JJH Probe  s/n:3E4C880C,179575399,1738682523.318445193,1,Too Few Markers,-3.697314E28,-3.697314E28,-3.697314E28,-3.697314E28,-3.697314E28,-3.697314E28,-3.697314E28,0.0000000,3,Missing,-3.697314E28,-3.697314E28,-3.697314E28,Missing,-3.697314E28,-3.697314E28,-3.697314E28,Missing,-3.697314E28,-3.697314E28,-3.697314E28,Port 0x02: JJH T tibia tracker  s/n:3E4C8800,179575399,1738682523.318445193,1,OK,0.9038306,-0.3008451,-0.1582057,0.2599103,97.771,74.903,-1657.846,0.2543751,3,OK,97.922,74.801,-1657.699,OK,103.325,-5.753,-1606.233,OK,24.633,24.072,-1669.409,Port 0x03: JJH Y femur tracker  s/n:3E4C8801,179575399,1738682523.318445193,1,OK,0.9827022,0.0257594,0.1799969,0.0351277,-280.592,257.172,-1709.736,0.3102430,3,OK,-280.271,257.131,-1709.860,OK,-339.974,332.512,-1684.062,OK,-367.691,250.126,-1676.859
3,Port 0x01: JJH Probe  s/n:3E4C880C,179575402,1738682523.368445193,1,Too Few Markers,-3.697314E28,-3.697314E28,-3.697314E28,-3.697314E28,-3.697314E28,-3.697314E28,-3.697314E28,0.0000000,3,Missing,-3.697314E28,-3.697314E28,-3.697314E28,Missing,-3.697314E28,-3.697314E28,-3.697314E28,Missing,-3.697314E28,-3.697314E28,-3.697314E28,Port 0x02: JJH T tibia tracker  s/n:3E4C8800,179575402,1738682523.368445193,1,OK,0.9041163,-0.2987911,-0.1588236,0.2609073,98.019,75.080,-1658.502,0.2754113,3,OK,98.175,74.956,-1658.338,OK,103.819,-5.735,-1607.223,OK,25.007,24.096,-1670.215,Port 0x03: JJH Y femur tracker  s/n:3E4C8801,179575402,1738682523.368445193,1,OK,0.9807645,0.0269411,0.1909681,0.0301052,-279.522,258.926,-1705.720,0.3013425,3,OK,-279.206,258.881,-1705.850,OK,-337.578,334.850,-1678.731,OK,-365.921,252.703,-1670.881
3,Port 0x01: JJH Probe  s/n:3E4C880C,179575405,1738682523.418445193,1,Too Few Markers,-3.697314E28,-3.697314E28,-3.697314E28,-3.697314E28,-3.697314E28,-3.697314E28,-3.697314E28,0.0000000,3,Missing,-3.697314E28,-3.697314E28,-3.697314E28,Missing,-3.697314E28,-3.697314E28,-3.697314E28,Missing,-3.697314E28,-3.697314E28,-3.697314E28,Port 0x02: JJH T tibia tracker  s/n:3E4C8800,179575405,1738682523.418445193,1,OK,0.9043242,-0.2969875,-0.1592591,0.2619786,98.298,75.239,-1659.252,0.2602863,3,OK,98.447,75.122,-1659.098,OK,104.365,-5.743,-1608.230,OK,25.413,24.106,-1671.074,Port 0x03: JJH Y femur tracker  s/n:3E4C8801,179575405,1738682523.418445193,1,OK,0.9786515,0.0281991,0.2020024,0.0253199,-278.428,260.598,-1701.805,0.2998573,3,OK,-278.109,260.548,-1701.946,OK,-335.156,337.059,-1673.502,OK,-364.073,255.146,-1665.004
3,Port 0x01: JJH Probe  s/n:3E4C880C,179575408,1738682523.468445193,1,Too Few Markers,-3.697314E28,-3.697314E28,-3.697314E28,-3.697314E28,-3.697314E28,-3.697314E28,-3.697314E28,0.0000000,3,Missing,-3.697314E28,-3.697314E28,-3.697314E28,Missing,-3.697314E28,-3.697314E28,-3.697314E28,Missing,-3.697314E28,-3.697314E28,-3.697314E28,Port 0x02: JJH T tibia tracker  s/n:3E4C8800,179575408,1738682523.468445193,1,OK,0.9044994,-0.2954792,-0.1595006,0.2629304,98.608,75.411,-1660.004,0.2387644,3,OK,98.744,75.311,-1659.868,OK,104.908,-5.716,-1609.189,OK,25.838,24.154,-1671.889,Port 0x03: JJH Y femur tracker  s/n:3E4C8801,179575408,1738682523.468445193,1,OK,0.9765350,0.0291541,0.2123931,0.0204582,-277.166,262.266,-1697.789,0.2936765,3,OK,-276.859,262.204,-1697.933,OK,-332.571,339.263,-1668.316,OK,-362.032,257.620,-1659.157
3,Port 0x01: JJH Probe  s/n:3E4C880C,179575411,1738682523.518394150,1,Too Few Markers,-3.697314E28,-3.697314E28,-3.697314E28,-3.697314E28,-3.697314E28,-3.697314E28,-3.697314E28,0.0000000,3,Missing,-3.697314E28,-3.697314E28,-3.697314E28,Missing,-3.697314E28,-3.697314E28,-3.697314E28,Missing,-3.697314E28,-3.697314E28,-3.697314E28,Port 0x02: JJH T tibia tracker  s/n:3E4C8800,179575411,1738682523.518394150,1,OK,0.9047821,-0.2934292,-0.1598748,0.2640241,98.884,75.606,-1660.670,0.2544805,3,OK,99.031,75.499,-1660.525,OK,105.455,-5.678,-1610.177,OK,26.236,24.187,-1672.660,Port 0x03: JJH Y femur tracker  s/n:3E4C8801,179575411,1738682523.518394150,1,OK,0.9740763,0.0301292,0.2236662,0.0155248,-275.803,263.954,-1693.796,0.2859055,3,OK,-275.503,263.896,-1693.945,OK,-329.776,341.485,-1663.087,OK,-359.790,260.096,-1653.184
3,Port 0x01: JJH Probe  s/n:3E4C880C,179575414,1738682523.568394150,1,Too Few Markers,-3.697314E28,-3.697314E28,-3.697314E28,-3.697314E28,-3.697314E28,-3.697314E28,-3.697314E28,0.0000000,3,Missing,-3.697314E28,-3.697314E28,-3.697314E28,Missing,-3.697314E28,-3.697314E28,-3.697314E28,Missing,-3.697314E28,-3.697314E28,-3.697314E28,Port 0x02: JJH T tibia tracker  s/n:3E4C8800,179575414,1738682523.568394150,1,OK,0.9048620,-0.2919127,-0.1608839,0.2648171,99.090,75.781,-1661.343,0.2368540,3,OK,99.231,75.667,-1661.198,OK,105.867,-5.650,-1611.073,OK,26.549,24.238,-1673.555,Port 0x03: JJH Y femur tracker  s/n:3E4C8801,179575414,1738682523.568394150,1,OK,0.9716998,0.0308051,0.2339728,0.0103623,-274.283,265.715,-1689.746,0.2703303,3,OK,-274.002,265.664,-1689.894,OK,-326.820,343.804,-1657.991,OK,-357.410,262.697,-1647.338
3,Port 0x01: JJH Probe  s/n:3E4C880C,179575417,1738682523.618394150,1,Too Few Markers,-3.697314E28,-3.697314E28,-3.697314E28,-3.697314E28,-3.697314E28,-3.697314E28,-3.697314E28,0.0000000,3,Missing,-3.697314E28,-3.697314E28,-3.697314E28,Missing,-3.697314E28,-3.697314E28,-3.697314E28,Missing,-3.697314E28,-3.697314E28,-3.697314E28,Port 0x02: JJH T tibia tracker  s/n:3E4C8800,179575417,1738682523.618394150,1,OK,0.9053126,-0.2896519,-0.1610838,0.2656367,99.282,75.841,-1662.034,0.2603219,3,OK,99.435,75.720,-1661.879,OK,106.282,-5.765,-1612.139,OK,26.841,24.183,-1674.344,Port 0x03: JJH Y femur tracker  s/n:3E4C8801,179575417,1738682523.618394150,1,OK,0.9690434,0.0326655,0.2446649,0.0051839,-272.674,267.390,-1685.752,0.2716830,3,OK,-272.398,267.328,-1685.906,OK,-323.694,345.972,-1652.744,OK,-354.848,265.176,-1641.501
3,Port 0x01: JJH Probe  s/n:3E4C880C,179575420,1738682523.668394150,1,Too Few Markers,-3.697314E28,-3.697314E28,-3.697314E28,-3.697314E28,-3.697314E28,-3.697314E28,-3.697314E28,0.0000000,3,Missing,-3.697314E28,-3.697314E28,-3.697314E28,Missing,-3.697314E28,-3.697314E28,-3.697314E28,Missing,-3.697314E28,-3.697314E28,-3.697314E28,Port 0x02: JJH T tibia tracker  s/n:3E4C8800,179575420,1738682523.668394150,1,OK,0.9056453,-0.2879059,-0.1613704,0.2662261,99.435,75.853,-1662.876,0.2505447,3,OK,99.583,75.744,-1662.730,OK,106.607,-5.919,-1613.252,OK,27.074,24.120,-1675.291,Port 0x03: JJH Y femur tracker  s/n:3E4C8801,179575420,1738682523.668394150,1,OK,0.9661592,0.0333364,0.2557831,0.0001185,-270.959,269.152,-1681.890,0.2647376,3,OK,-270.682,269.089,-1682.053,OK,-320.445,348.268,-1647.803,OK,-352.113,267.727,-1635.728
3,Port 0x01: JJH Probe  s/n:3E4C880C,179575423,1738682523.718394150,1,Too Few Markers,-3.697314E28,-3.697314E28,-3.697314E28,-3.697314E28,-3.697314E28,-3.697314E28,-3.697314E28,0.0000000,3,Missing,-3.697314E28,-3.697314E28,-3.697314E28,Missing,-3.697314E28,-3.697314E28,-3.697314E28,Missing,-3.697314E28,-3.697314E28,-3.697314E28,Port 0x02: JJH T tibia tracker  s/n:3E4C8800,179575423,1738682523.718394150,1,OK,0.9060037,-0.2858889,-0.1621302,0.2667182,99.604,75.836,-1663.542,0.2420455,3,OK,99.751,75.729,-1663.400,OK,106.938,-6.134,-1614.246,OK,27.326,24.030,-1676.170,Port 0x03: JJH Y femur tracker  s/n:3E4C8801,179575423,1738682523.718394150,1,OK,0.9632104,0.0348404,0.2664332,-0.0050229,-269.172,270.794,-1678.117,0.2715136,3,OK,-268.899,270.727,-1678.287,OK,-317.095,350.366,-1642.897,OK,-349.276,270.168,-1630.148
3,Port 0x01: JJH Probe  s/n:3E4C880C,179575426,1738682523.768394150,1,Too Few Markers,-3.697314E28,-3.697314E28,-3.697314E28,-3.697314E28,-3.697314E28,-3.697314E28,-3.697314E28,0.0000000,3,Missing,-3.697314E28,-3.697314E28,-3.697314E28,Missing,-3.697314E28,-3.697314E28,-3.697314E28,Missing,-3.697314E28,-3.697314E28,-3.697314E28,Port 0x02: JJH T tibia tracker  s/n:3E4C8800,179575426,1738682523.768394150,1,OK,0.9063594,-0.2841455,-0.1623337,0.2672487,99.801,75.849,-1664.358,0.2296513,3,OK,99.943,75.760,-1664.229,OK,107.296,-6.291,-1615.333,OK,27.597,23.978,-1677.079,Port 0x03: JJH Y femur tracker  s/n:3E4C8801,179575426,1738682523.768394150,1,OK,0.9602491,0.0358496,0.2766474,-0.0101350,-267.223,272.452,-1674.362,0.2589505,3,OK,-266.964,272.387,-1674.530,OK,-313.592,352.508,-1638.165,OK,-346.273,272.607,-1624.675
3,Port 0x01: JJH Probe  s/n:3E4C880C,179575429,1738682523.818394150,1,Too Few Markers,-3.697314E28,-3.697314E28,-3.697314E28,-3.697314E28,-3.697314E28,-3.697314E28,-3.697314E28,0.0000000,3,Missing,-3.697314E28,-3.697314E28,-3.697314E28,Missing,-3.697314E28,-3.697314E28,-3.697314E28,Missing,-3.697314E28,-3.697314E28,-3.697314E28,Port 0x02: JJH T tibia tracker  s/n:3E4C8800,179575429,1738682523.818394150,1,OK,0.9066215,-0.2820703,-0.1634073,0.2679026,99.965,75.875,-1665.066,0.2220006,3,OK,100.101,75.766,-1664.930,OK,107.662,-6.453,-1616.374,OK,27.864,23.909,-1678.058,Port 0x03: JJH Y femur tracker  s/n:3E4C8801,179575429,1738682523.818394150,1,OK,0.9573126,0.0369401,0.2862967,-0.0149052,-265.345,273.961,-1670.797,0.2449379,3,OK,-265.104,273.884,-1670.962,OK,-310.232,354.455,-1633.674,OK,-343.338,274.834,-1619.515
3,Port 0x01: JJH Probe  s/n:3E4C880C,179575432,1738682523.868394150,1,Too Few Markers,-3.697314E28,-3.697314E28,-3.697314E28,-3.697314E28,-3.697314E28,-3.697314E28,-3.697314E28,0.0000000,3,Missing,-3.697314E28,-3.697314E28,-3.697314E28,Missing,-3.697314E28,-3.697314E28,-3.697314E28,Missing,-3.697314E28,-3.697314E28,-3.697314E28,Port 0x02: JJH T tibia tracker  s/n:3E4C8800,179575432,1738682523.868394150,1,OK,0.9070634,-0.2798340,-0.1637667,0.2685320,100.150,75.912,-1665.922,0.2320638,3,OK,100.299,75.809,-1665.783,OK,108.041,-6.604,-1617.600,OK,28.128,23.857,-1679.058,Port 0x03: JJH Y femur tracker  s/n:3E4C8801,179575432,1738682523.868394150,1,OK,0.9543084,0.0380201,0.2957428,-0.0196486,-263.385,275.456,-1667.317,0.2378286,3,OK,-263.156,275.385,-1667.481,OK,-306.777,356.353,-1629.322,OK,-340.317,277.037,-1614.478
3,Port 0x01: JJH Probe  s/n:3E4C880C,179575435,1738682523.918394150,1,Too Few Markers,-3.697314E28,-3.697314E28,-3.697314E28,-3.697314E28,-3.697314E28,-3.697314E28,-3.697314E28,0.0000000,3,Missing,-3.697314E28,-3.697314E28,-3.697314E28,Missing,-3.697314E28,-3.697314E28,-3.697314E28,Missing,-3.697314E28,-3.697314E28,-3.697314E28,Port 0x02: JJH T tibia tracker  s/n:3E4C8800,179575435,1738682523.918394150,1,OK,0.9075782,-0.2775670,-0.1638549,0.2690909,100.296,75.890,-1666.599,0.2412901,3,OK,100.439,75.779,-1666.460,OK,108.370,-6.809,-1618.656,OK,28.356,23.780,-1679.833,Port 0x03: JJH Y femur tracker  s/n:3E4C8801,179575435,1738682523.918394150,1,OK,0.9510710,0.0388903,0.3055670,-0.0240880,-261.451,276.877,-1664.068,0.2426993,3,OK,-261.215,276.802,-1664.245,OK,-303.355,358.156,-1625.207,OK,-337.257,279.104,-1609.619
3,Port 0x01: JJH Probe  s/n:3E4C880C,179575438,1738682523.968394150,1,Too Few Markers,-3.697314E28,-3.697314E28,-3.697314E28,-3.697314E28,-3.697314E28,-3.697314E28,-3.697314E28,0.0000000,3,Missing,-3.697314E28,-3.697314E28,-3.697314E28,Missing,-3.697314E28,-3.697314E28,-3.697314E28,Missing,-3.697314E28,-3.697314E28,-3.697314E28,Port 0x02: JJH T tibia tracker  s/n:3E4C8800,179575438,1738682523.968394150,1,OK,0.9080023,-0.2755983,-0.1640884,0.2695413,100.473,75.782,-1667.391,0.2326327,3,OK,100.614,75.691,-1667.265,OK,108.699,-7.103,-1619.768,OK,28.601,23.619,-1680.740,Port 0x03: JJH Y femur tracker  s/n:3E4C8801,179575438,1738682523.968394150,1,OK,0.9479609,0.0402137,0.3145309,-0.0286919,-259.374,278.239,-1660.771,0.2368999,3,OK,-259.151,278.158,-1660.946,OK,-299.791,359.875,-1621.084,OK,-334.082,281.129,-1604.881
3,Port 0x01: JJH Probe  s/n:3E4C880C,179575441,1738682524.018441190,1,Too Few Markers,-3.697314E28,-3.697314E28,-3.697314E28,-3.697314E28,-3.697314E28,-3.697314E28,-3.697314E28,0.0000000,3,Missing,-3.697314E28,-3.697314E28,-3.697314E28,Missing,-3.697314E28,-3.697314E28,-3.697314E28,Missing,-3.697314E28,-3.697314E28,-3.697314E28,Port 0x02: JJH T tibia tracker  s/n:3E4C8800,179575441,1738682524.018441190,1,OK,0.9084565,-0.2731670,-0.1651434,0.2698412,100.570,75.717,-1668.086,0.2401516,3,OK,100.714,75.609,-1667.950,OK,108.930,-7.384,-1620.889,OK,28.778,23.506,-1681.732,Port 0x03: JJH Y femur tracker  s/n:3E4C8801,179575441,1738682524.018441190,1,OK,0.9445317,0.0408349,0.3241780,-0.0331816,-257.244,279.668,-1657.561,0.2309044,3,OK,-257.026,279.603,-1657.738,OK,-296.132,361.665,-1617.129,OK,-330.764,283.204,-1600.125
3,Port 0x01: JJH Probe  s/n:3E4C880C,179575444,1738682524.068441190,1,Too Few Markers,-3.697314E28,-3.697314E28,-3.697314E28,-3.697314E28,-3.697314E28,-3.697314E28,-3.697314E28,0.0000000,3,Missing,-3.697314E28,-3.697314E28,-3.697314E28,Missing,-3.697314E28,-3.697314E28,-3.697314E28,Missing,-3.697314E28,-3.697314E28,-3.697314E28,Port 0x02: JJH T tibia tracker  s/n:3E4C8800,179575444,1738682524.068441190,1,OK,0.9089564,-0.2709115,-0.1656653,0.2701115,100.672,75.585,-1668.850,0.2417419,3,OK,100.818,75.468,-1668.709,OK,109.173,-7.715,-1622.034,OK,28.926,23.350,-1682.700,Port 0x03: JJH Y femur tracker  s/n:3E4C8801,179575444,1738682524.068441190,1,OK,0.9412127,0.0420046,0.3330548,-0.0377986,-255.056,281.001,-1654.422,0.2156801,3,OK,-254.857,280.933,-1654.592,OK,-292.420,363.349,-1613.252,OK,-327.412,285.178,-1595.594
3,Port 0x01: JJH Probe  s/n:3E4C880C,179575447,1738682524.118441190,1,Too Few Markers,-3.697314E28,-3.697314E28,-3.697314E28,-3.697314E28,-3.697314E28,-3.697314E28,-3.697314E28,0.0000000,3,Missing,-3.697314E28,-3.697314E28,-3.697314E28,Missing,-3.697314E28,-3.697314E28,-3.697314E28,Missing,-3.697314E28,-3.697314E28,-3.697314E28,Port 0x02: JJH T tibia tracker  s/n:3E4C8800,179575447,1738682524.118441190,1,OK,0.9093517,-0.2689778,-0.1661262,0.2704302,100.858,75.380,-1669.794,0.2074783,3,OK,100.990,75.290,-1669.675,OK,109.500,-8.128,-1623.279,OK,29.172,23.120,-1683.814,Port 0x03: JJH Y femur tracker  s/n:3E4C8801,179575447,1738682524.118441190,1,OK,0.9377872,0.0427620,0.3419802,-0.0421433,-252.874,282.279,-1651.407,0.2145472,3,OK,-252.680,282.211,-1651.579,OK,-288.756,364.945,-1609.570,OK,-324.038,287.074,-1591.190
3,Port 0x01: JJH Probe  s/n:3E4C880C,179575450,1738682524.168491153,1,Too Few Markers,-3.697314E28,-3.697314E28,-3.697314E28,-3.697314E28,-3.697314E28,-3.697314E28,-3.697314E28,0.0000000,3,Missing,-3.697314E28,-3.697314E28,-3.697314E28,Missing,-3.697314E28,-3.697314E28,-3.697314E28,Missing,-3.697314E28,-3.697314E28,-3.697314E28,Port 0x02: JJH T tibia tracker  s/n:3E4C8800,179575450,1738682524.168491153,1,OK,0.9099631,-0.2660103,-0.1669178,0.2708210,101.065,75.284,-1670.741,0.2095585,3,OK,101.200,75.191,-1670.620,OK,109.886,-8.485,-1624.736,OK,29.461,22.980,-1685.037,Port 0x03: JJH Y femur tracker  s/n:3E4C8801,179575450,1738682524.168491153,1,OK,0.9344808,0.0443327,0.3501878,-0.0463545,-250.728,283.515,-1648.641,0.2191805,3,OK,-250.538,283.439,-1648.818,OK,-285.156,366.433,-1606.083,OK,-320.754,288.862,-1587.161
3,Port 0x01: JJH Probe  s/n:3E4C880C,179575453,1738682524.218491153,1,Too Few Markers,-3.697314E28,-3.697314E28,-3.697314E28,-3.697314E28,-3.697314E28,-3.697314E28,-3.697314E28,0.0000000,3,Missing,-3.697314E28,-3.697314E28,-3.697314E28,Missing,-3.697314E28,-3.697314E28,-3.697314E28,Missing,-3.697314E28,-3.697314E28,-3.697314E28,Port 0x02: JJH T tibia tracker  s/n:3E4C8800,179575453,1738682524.218491153,1,OK,0.9107847,-0.2627517,-0.1672162,0.2710563,101.206,75.148,-1671.599,0.2282883,3,OK,101.339,75.041,-1671.473,OK,110.182,-8.885,-1626.171,OK,29.667,22.843,-1686.100,Port 0x03: JJH Y femur tracker  s/n:3E4C8801,179575453,1738682524.218491153,1,OK,0.9311943,0.0444422,0.3582997,-0.0502329,-248.540,284.657,-1645.818,0.1918624,3,OK,-248.374,284.605,-1645.975,OK,-281.611,367.871,-1602.800,OK,-317.421,290.549,-1583.115
3,Port 0x01: JJH Probe  s/n:3E4C880C,179575456,1738682524.268491152,1,Too Few Markers,-3.697314E28,-3.697314E28,-3.697314E28,-3.697314E28,-3.697314E28,-3.697314E28,-3.697314E28,0.0000000,3,Missing,-3.697314E28,-3.697314E28,-3.697314E28,Missing,-3.697314E28,-3.697314E28,-3.697314E28,Missing,-3.697314E28,-3.697314E28,-3.697314E28,Port 0x02: JJH T tibia tracker  s/n:3E4C8800,179575456,1738682524.268491152,1,OK,0.9110453,-0.2610498,-0.1682811,0.2711660,101.279,74.993,-1672.352,0.2012893,3,OK,101.409,74.888,-1672.230,OK,110.362,-9.223,-1627.197,OK,29.771,22.679,-1687.148,Port 0x03: JJH Y femur tracker  s/n:3E4C8801,179575456,1738682524.268491152,1,OK,0.9278993,0.0451460,0.3661131,-0.0540909,-246.393,285.783,-1643.212,0.1888619,3,OK,-246.230,285.735,-1643.371,OK,-278.102,369.256,-1599.674,OK,-314.149,292.189,-1579.332
3,Port 0x01: JJH Probe  s/n:3E4C880C,179575459,1738682524.318491152,1,Too Few Markers,-3.697314E28,-3.697314E28,-3.697314E28,-3.697314E28,-3.697314E28,-3.697314E28,-3.697314E28,0.0000000,3,Missing,-3.697314E28,-3.697314E28,-3.697314E28,Missing,-3.697314E28,-3.697314E28,-3.697314E28,Missing,-3.697314E28,-3.697314E28,-3.697314E28,Port 0x02: JJH T tibia tracker  s/n:3E4C8800,179575459,1738682524.318491152,1,OK,0.9117038,-0.2584440,-0.1688157,0.2711165,101.342,74.708,-1673.055,0.2118236,3,OK,101.473,74.595,-1672.930,OK,110.501,-9.732,-1628.374,OK,29.874,22.420,-1688.078,Port 0x03: JJH Y femur tracker  s/n:3E4C8801,179575459,1738682524.318491152,1,OK,0.9245443,0.0457710,0.3738528,-0.0579396,-244.207,286.847,-1640.692,0.1774910,3,OK,-244.056,286.801,-1640.845,OK,-274.554,370.575,-1596.671,OK,-310.809,293.765,-1575.671
3,Port 0x01: JJH Probe  s/n:3E4C880C,179575462,1738682524.368533556,1,Too Few Markers,-3.697314E28,-3.697314E28,-3.697314E28,-3.697314E28,-3.697314E28,-3.697314E28,-3.697314E28,0.0000000,3,Missing,-3.697314E28,-3.697314E28,-3.697314E28,Missing,-3.697314E28,-3.697314E28,-3.697314E28,Missing,-3.697314E28,-3.697314E28,-3.697314E28,Port 0x02: JJH T tibia tracker  s/n:3E4C8800,179575462,1738682524.368533556,1,OK,0.9124476,-0.2556760,-0.1693282,0.2709191,101.425,74.362,-1674.079,0.2040783,3,OK,101.556,74.253,-1673.957,OK,110.664,-10.339,-1629.883,OK,29.958,22.134,-1689.361,Port 0x03: JJH Y femur tracker  s/n:3E4C8801,179575462,1738682524.368533556,1,OK,0.9212290,0.0468597,0.3811995,-0.0618735,-241.997,287.901,-1638.242,0.1674410,3,OK,-241.860,287.858,-1638.385,OK,-270.969,371.843,-1593.719,OK,-307.462,295.320,-1572.155
3,Port 0x01: JJH Probe  s/n:3E4C880C,179575465,1738682524.418533556,1,Too Few Markers,-3.697314E28,-3.697314E28,-3.697314E28,-3.697314E28,-3.697314E28,-3.697314E28,-3.697314E28,0.0000000,3,Missing,-3.697314E28,-3.697314E28,-3.697314E28,Missing,-3.697314E28,-3.697314E28,-3.697314E28,Missing,-3.697314E28,-3.697314E28,-3.697314E28,Port 0x02: JJH T tibia tracker  s/n:3E4C8800,179575465,1738682524.418533556,1,OK,0.9130618,-0.2531743,-0.1700185,0.2707668,101.465,74.044,-1674.933,0.1871780,3,OK,101.584,73.941,-1674.821,OK,110.769,-10.902,-1631.178,OK,30.033,21.865,-1690.476,Port 0x03: JJH Y femur tracker  s/n:3E4C8801,179575465,1738682524.418533556,1,OK,0.9177696,0.0477836,0.3887189,-0.0656761,-239.768,288.935,-1635.791,0.1656620,3,OK,-239.637,288.891,-1635.933,OK,-267.369,373.084,-1590.789,OK,-304.056,296.836,-1568.623
3,Port 0x01: JJH Probe  s/n:3E4C880C,179575468,1738682524.468533556,1,Too Few Markers,-3.697314E28,-3.697314E28,-3.697314E28,-3.697314E28,-3.697314E28,-3.697314E28,-3.697314E28,0.0000000,3,Missing,-3.697314E28,-3.697314E28,-3.697314E28,Missing,-3.697314E28,-3.697314E28,-3.697314E28,Missing,-3.697314E28,-3.697314E28,-3.697314E28,Port 0x02: JJH T tibia tracker  s/n:3E4C8800,179575468,1738682524.468533556,1,OK,0.9137409,-0.2502129,-0.1710070,0.2706060,101.520,73.737,-1675.833,0.2024959,3,OK,101.649,73.617,-1675.709,OK,110.906,-11.460,-1632.618,OK,30.110,21.598,-1691.723,Port 0x03: JJH Y femur tracker  s/n:3E4C8801,179575468,1738682524.468533556,1,OK,0.9140361,0.0487442,0.3966453,-0.0695301,-237.449,289.998,-1633.342,0.1650272,3,OK,-237.320,289.955,-1633.487,OK,-263.610,374.344,-1587.853,OK,-300.481,298.364,-1565.043
3,Port 0x01: JJH Probe  s/n:3E4C880C,179575471,1738682524.518533555,1,Too Few Markers,-3.697314E28,-3.697314E28,-3.697314E28,-3.697314E28,-3.697314E28,-3.697314E28,-3.697314E28,0.0000000,3,Missing,-3.697314E28,-3.697314E28,-3.697314E28,Missing,-3.697314E28,-3.697314E28,-3.697314E28,Missing,-3.697314E28,-3.697314E28,-3.697314E28,Port 0x02: JJH T tibia tracker  s/n:3E4C8800,179575471,1738682524.518533555,1,OK,0.9146067,-0.2470312,-0.1715044,0.2702895,101.640,73.341,-1676.962,0.1910268,3,OK,101.758,73.228,-1676.848,OK,111.084,-12.148,-1634.321,OK,30.248,21.290,-1693.121,Port 0x03: JJH Y femur tracker  s/n:3E4C8801,179575471,1738682524.518533555,1,OK,0.9104858,0.0497770,0.4039340,-0.0733156,-235.041,291.015,-1630.977,0.1573804,3,OK,-234.926,290.965,-1631.113,OK,-259.824,375.541,-1585.043,OK,-296.865,299.840,-1561.671
3,Port 0x01: JJH Probe  s/n:3E4C880C,179575474,1738682524.568533555,1,Too Few Markers,-3.697314E28,-3.697314E28,-3.697314E28,-3.697314E28,-3.697314E28,-3.697314E28,-3.697314E28,0.0000000,3,Missing,-3.697314E28,-3.697314E28,-3.697314E28,Missing,-3.697314E28,-3.697314E28,-3.697314E28,Missing,-3.697314E28,-3.697314E28,-3.697314E28,Port 0x02: JJH T tibia tracker  s/n:3E4C8800,179575474,1738682524.568533555,1,OK,0.9154904,-0.2436052,-0.1723237,0.2698859,101.704,72.891,-1678.096,0.1819220,3,OK,101.822,72.791,-1677.989,OK,111.199,-12.916,-1636.078,OK,30.324,20.932,-1694.600,Port 0x03: JJH Y femur tracker  s/n:3E4C8801,179575474,1738682524.568533555,1,OK,0.9068213,0.0505114,0.4113371,-0.0769777,-232.735,291.971,-1628.757,0.1540191,3,OK,-232.620,291.928,-1628.897,OK,-256.141,376.683,-1582.445,OK,-293.343,301.225,-1558.419
3,Port 0x01: JJH Probe  s/n:3E4C880C,179575477,1738682524.618533556,1,Too Few Markers,-3.697314E28,-3.697314E28,-3.697314E28,-3.697314E28,-3.697314E28,-3.697314E28,-3.697314E28,0.0000000,3,Missing,-3.697314E28,-3.697314E28,-3.697314E28,Missing,-3.697314E28,-3.697314E28,-3.697314E28,Missing,-3.697314E28,-3.697314E28,-3.697314E28,Port 0x02: JJH T tibia tracker  s/n:3E4C8800,179575477,1738682524.618533556,1,OK,0.9162112,-0.2407465,-0.1729959,0.2695747,101.764,72.484,-1679.277,0.1523160,3,OK,101.863,72.395,-1679.185,OK,111.327,-13.603,-1637.758,OK,30.392,20.619,-1696.076,Port 0x03: JJH Y femur tracker  s/n:3E4C8801,179575477,1738682524.618533556,1,OK,0.9032949,0.0514690,0.4182410,-0.0805219,-230.471,292.873,-1626.604,0.1533680,3,OK,-230.360,292.831,-1626.743,OK,-252.552,377.729,-1579.916,OK,-289.902,302.536,-1555.328
3,Port 0x01: JJH Probe  s/n:3E4C880C,179575480,1738682524.668585993,1,Too Few Markers,-3.697314E28,-3.697314E28,-3.697314E28,-3.697314E28,-3.697314E28,-3.697314E28,-3.697314E28,0.0000000,3,Missing,-3.697314E28,-3.697314E28,-3.697314E28,Missing,-3.697314E28,-3.697314E28,-3.697314E28,Missing,-3.697314E28,-3.697314E28,-3.697314E28,Port 0x02: JJH T tibia tracker  s/n:3E4C8800,179575480,1738682524.668585993,1,OK,0.9170895,-0.2369886,-0.1740000,0.2692719,101.819,72.115,-1680.291,0.1727479,3,OK,101.929,72.006,-1680.187,OK,111.464,-14.269,-1639.470,OK,30.467,20.329,-1697.484,Port 0x03: JJH Y femur tracker  s/n:3E4C8801,179575480,1738682524.668585993,1,OK,0.8998357,0.0519344,0.4249272,-0.0838772,-228.222,293.742,-1624.584,0.1371330,3,OK,-228.126,293.714,-1624.707,OK,-249.044,378.756,-1577.626,OK,-286.494,303.804,-1552.424
3,Port 0x01: JJH Probe  s/n:3E4C880C,179575483,1738682524.718585993,1,Too Few Markers,-3.697314E28,-3.697314E28,-3.697314E28,-3.697314E28,-3.697314E28,-3.697314E28,-3.697314E28,0.0000000,3,Missing,-3.697314E28,-3.697314E28,-3.697314E28,Missing,-3.697314E28,-3.697314E28,-3.697314E28,Missing,-3.697314E28,-3.697314E28,-3.697314E28,Port 0x02: JJH T tibia tracker  s/n:3E4C8800,179575483,1738682524.718585993,1,OK,0.9179157,-0.2334690,-0.1748717,0.2689664,101.916,71.718,-1681.350,0.1868343,3,OK,102.037,71.601,-1681.238,OK,111.633,-14.947,-1641.182,OK,30.581,20.009,-1698.898,Port 0x03: JJH Y femur tracker  s/n:3E4C8801,179575483,1738682524.718585993,1,OK,0.8966437,0.0528044,0.4308723,-0.0871257,-226.066,294.496,-1622.709,0.1257122,3,OK,-225.983,294.473,-1622.817,OK,-245.693,379.631,-1575.466,OK,-283.271,304.924,-1549.777
3,Port 0x01: JJH Probe  s/n:3E4C880C,179575486,1738682524.768585992,1,Too Few Markers,-3.697314E28,-3.697314E28,-3.697314E28,-3.697314E28,-3.697314E28,-3.697314E28,-3.697314E28,0.0000000,3,Missing,-3.697314E28,-3.697314E28,-3.697314E28,Missing,-3.697314E28,-3.697314E28,-3.697314E28,Missing,-3.697314E28,-3.697314E28,-3.697314E28,Port 0x02: JJH T tibia tracker  s/n:3E4C8800,179575486,1738682524.768585992,1,OK,0.9187245,-0.2302678,-0.1754242,0.2686043,102.038,71.314,-1682.567,0.1662582,3,OK,102.147,71.214,-1682.469,OK,111.807,-15.637,-1642.979,OK,30.719,19.707,-1700.393,Port 0x03: JJH Y femur tracker  s/n:3E4C8801,179575486,1738682524.768585992,1,OK,0.8933957,0.0534692,0.4368758,-0.0901372,-223.942,295.248,-1620.887,0.1156898,3,OK,-223.871,295.222,-1620.984,OK,-242.414,380.501,-1573.380,OK,-280.067,306.007,-1547.188
3,Port 0x01: JJH Probe  s/n:3E4C880C,179575489,1738682524.818585992,1,Too Few Markers,-3.697314E28,-3.697314E28,-3.697314E28,-3.697314E28,-3.697314E28,-3.697314E28,-3.697314E28,0.0000000,3,Missing,-3.697314E28,-3.697314E28,-3.697314E28,Missing,-3.697314E28,-3.697314E28,-3.697314E28,Missing,-3.697314E28,-3.697314E28,-3.697314E28,Port 0x02: JJH T tibia tracker  s/n:3E4C8800,179575489,1738682524.818585992,1,OK,0.9196015,-0.2266817,-0.1759235,0.2683271,102.089,70.931,-1683.687,0.1786032,3,OK,102.195,70.817,-1683.586,OK,111.933,-16.286,-1644.768,OK,30.793,19.416,-1701.797,Port 0x03: JJH Y femur tracker  s/n:3E4C8801,179575489,1738682524.818585992,1,OK,0.8903248,0.0541088,0.4424286,-0.0930105,-221.949,295.912,-1619.163,0.1110508,3,OK,-221.886,295.892,-1619.250,OK,-239.330,381.261,-1571.432,OK,-277.056,306.990,-1544.762
3,Port 0x01: JJH Probe  s/n:3E4C880C,179575492,1738682524.868585993,1,Too Few Markers,-3.697314E28,-3.697314E28,-3.697314E28,-3.697314E28,-3.697314E28,-3.697314E28,-3.697314E28,0.0000000,3,Missing,-3.697314E28,-3.697314E28,-3.697314E28,Missing,-3.697314E28,-3.697314E28,-3.697314E28,Missing,-3.697314E28,-3.697314E28,-3.697314E28,Port 0x02: JJH T tibia tracker  s/n:3E4C8800,179575492,1738682524.868585993,1,OK,0.9205179,-0.2221631,-0.1774760,0.2679416,102.124,70.549,-1684.840,0.2093382,3,OK,102.258,70.415,-1684.719,OK,112.062,-17.000,-1646.772,OK,30.853,19.125,-1703.485,Port 0x03: JJH Y femur tracker  s/n:3E4C8801,179575492,1738682524.868585993,1,OK,0.8872167,0.0551459,0.4479152,-0.0957990,-220.005,296.579,-1617.553,0.1115763,3,OK,-219.947,296.557,-1617.637,OK,-236.284,381.988,-1569.543,OK,-274.096,307.927,-1542.462
3,Port 0x01: JJH Probe  s/n:3E4C880C,179575495,1738682524.918585993,1,Too Few Markers,-3.697314E28,-3.697314E28,-3.697314E28,-3.697314E28,-3.697314E28,-3.697314E28,-3.697314E28,0.0000000,3,Missing,-3.697314E28,-3.697314E28,-3.697314E28,Missing,-3.697314E28,-3.697314E28,-3.697314E28,Missing,-3.697314E28,-3.697314E28,-3.697314E28,Port 0x02: JJH T tibia tracker  s/n:3E4C8800,179575495,1738682524.918585993,1,OK,0.9212971,-0.2194544,-0.1776544,0.2673769,102.282,70.115,-1686.215,0.1743704,3,OK,102.399,70.011,-1686.115,OK,112.234,-17.692,-1648.632,OK,30.976,18.835,-1705.066,Port 0x03: JJH Y femur tracker  s/n:3E4C8801,179575495,1738682524.918585993,1,OK,0.8841118,0.0556166,0.4533818,-0.0984787,-218.067,297.208,-1616.092,0.1140274,3,OK,-217.999,297.187,-1616.192,OK,-233.286,382.717,-1567.905,OK,-271.160,308.835,-1540.301
3,Port 0x01: JJH Probe  s/n:3E4C880C,179575498,1738682524.968622219,1,Too Few Markers,-3.697314E28,-3.697314E28,-3.697314E28,-3.697314E28,-3.697314E28,-3.697314E28,-3.697314E28,0.0000000,3,Missing,-3.697314E28,-3.697314E28,-3.697314E28,Missing,-3.697314E28,-3.697314E28,-3.697314E28,Missing,-3.697314E28,-3.697314E28,-3.697314E28,Port 0x02: JJH T tibia tracker  s/n:3E4C8800,179575498,1738682524.968622219,1,OK,0.9218465,-0.2165487,-0.1790205,0.2669408,102.394,69.811,-1687.340,0.1556559,3,OK,102.499,69.709,-1687.248,OK,112.389,-18.258,-1650.292,OK,31.116,18.638,-1706.609,Port 0x03: JJH Y femur tracker  s/n:3E4C8801,179575498,1738682524.968622219,1,OK,0.8812745,0.0560654,0.4582952,-0.1008831,-216.242,297.813,-1614.717,0.1119914,3,OK,-216.175,297.802,-1614.815,OK,-230.504,383.392,-1566.379,OK,-268.417,309.687,-1538.318
3,Port 0x01: JJH Probe  s/n:3E4C880C,179575501,1738682525.018622218,1,Too Few Markers,-3.697314E28,-3.697314E28,-3.697314E28,-3.697314E28,-3.697314E28,-3.697314E28,-3.697314E28,0.0000000,3,Missing,-3.697314E28,-3.697314E28,-3.697314E28,Missing,-3.697314E28,-3.697314E28,-3.697314E28,Missing,-3.697314E28,-3.697314E28,-3.697314E28,Port 0x02: JJH T tibia tracker  s/n:3E4C8800,179575501,1738682525.018622218,1,OK,0.9227154,-0.2131636,-0.1788118,0.2668031,102.448,69.467,-1688.336,0.1697244,3,OK,102.555,69.355,-1688.240,OK,112.537,-18.814,-1651.916,OK,31.174,18.378,-1707.745,Port 0x03: JJH Y femur tracker  s/n:3E4C8801,179575501,1738682525.018622218,1,OK,0.8786507,0.0570399,0.4626596,-0.1032741,-214.531,298.309,-1613.375,0.1093549,3,OK,-214.478,298.282,-1613.459,OK,-227.874,383.924,-1564.818,OK,-265.837,310.412,-1536.475
3,Port 0x01: JJH Probe  s/n:3E4C880C,179575504,1738682525.068622218,1,Too Few Markers,-3.697314E28,-3.697314E28,-3.697314E28,-3.697314E28,-3.697314E28,-3.697314E28,-3.697314E28,0.0000000,3,Missing,-3.697314E28,-3.697314E28,-3.697314E28,Missing,-3.697314E28,-3.697314E28,-3.697314E28,Missing,-3.697314E28,-3.697314E28,-3.697314E28,Port 0x02: JJH T tibia tracker  s/n:3E4C8800,179575504,1738682525.068622218,1,OK,0.9233727,-0.2106611,-0.1791709,0.2662755,102.486,69.134,-1689.593,0.1414237,3,OK,102.580,69.041,-1689.511,OK,112.601,-19.377,-1653.620,OK,31.171,18.186,-1709.236,Port 0x03: JJH Y femur tracker  s/n:3E4C8801,179575504,1738682525.068622218,1,OK,0.8761091,0.0575375,0.4669037,-0.1054668,-212.926,298.814,-1612.143,0.0999554,3,OK,-212.884,298.796,-1612.210,OK,-225.409,384.481,-1563.460,OK,-263.403,311.133,-1534.748
3,Port 0x01: JJH Probe  s/n:3E4C880C,179575507,1738682525.118622219,1,Too Few Markers,-3.697314E28,-3.697314E28,-3.697314E28,-3.697314E28,-3.697314E28,-3.697314E28,-3.697314E28,0.0000000,3,Missing,-3.697314E28,-3.697314E28,-3.697314E28,Missing,-3.697314E28,-3.697314E28,-3.697314E28,Missing,-3.697314E28,-3.697314E28,-3.697314E28,Port 0x02: JJH T tibia tracker  s/n:3E4C8800,179575507,1738682525.118622219,1,OK,0.9241464,-0.2075403,-0.1797101,0.2656780,102.575,68.704,-1690.762,0.1470460,3,OK,102.672,68.603,-1690.677,OK,112.730,-20.051,-1655.363,OK,31.205,17.911,-1710.713,Port 0x03: JJH Y femur tracker  s/n:3E4C8801,179575507,1738682525.118622219,1,OK,0.8735551,0.0580522,0.4711020,-0.1076769,-211.189,299.298,-1610.970,0.0955365,3,OK,-211.158,299.280,-1611.022,OK,-222.813,385.017,-1562.165,OK,-260.832,311.836,-1533.097
3,Port 0x01: JJH Probe  s/n:3E4C880C,179575510,1738682525.168622215,1,Too Few Markers,-3.697314E28,-3.697314E28,-3.697314E28,-3.697314E28,-3.697314E28,-3.697314E28,-3.697314E28,0.0000000,3,Missing,-3.697314E28,-3.697314E28,-3.697314E28,Missing,-3.697314E28,-3.697314E28,-3.697314E28,Missing,-3.697314E28,-3.697314E28,-3.697314E28,Port 0x02: JJH T tibia tracker  s/n:3E4C8800,179575510,1738682525.168622215,1,OK,0.9251621,-0.2043750,-0.1787459,0.2652467,102.607,68.272,-1692.097,0.1701771,3,OK,102.717,68.153,-1692.000,OK,112.807,-20.659,-1657.287,OK,31.149,17.620,-1712.072,Port 0x03: JJH Y femur tracker  s/n:3E4C8801,179575510,1738682525.168622215,1,OK,0.8709760,0.0586954,0.4752897,-0.1097967,-209.533,299.752,-1609.804,0.0980316,3,OK,-209.502,299.732,-1609.859,OK,-220.302,385.503,-1560.859,OK,-258.350,312.482,-1531.442
3,Port 0x01: JJH Probe  s/n:3E4C880C,179575513,1738682525.218622215,1,Too Few Markers,-3.697314E28,-3.697314E28,-3.697314E28,-3.697314E28,-3.697314E28,-3.697314E28,-3.697314E28,0.0000000,3,Missing,-3.697314E28,-3.697314E28,-3.697314E28,Missing,-3.697314E28,-3.697314E28,-3.697314E28,Missing,-3.697314E28,-3.697314E28,-3.697314E28,Port 0x02: JJH T tibia tracker  s/n:3E4C8800,179575513,1738682525.218622215,1,OK,0.9258394,-0.2028437,-0.1779004,0.2646266,102.589,67.773,-1693.492,0.1501280,3,OK,102.690,67.673,-1693.408,OK,112.792,-21.312,-1658.931,OK,30.990,17.293,-1713.465,Port 0x03: JJH Y femur tracker  s/n:3E4C8801,179575513,1738682525.218622215,1,OK,0.8684194,0.0588817,0.4794161,-0.1119861,-207.863,300.192,-1608.672,0.0864069,3,OK,-207.842,300.195,-1608.702,OK,-217.792,386.003,-1559.689,OK,-255.853,313.148,-1529.849
3,Port 0x01: JJH Probe  s/n:3E4C880C,179575516,1738682525.268622215,1,Too Few Markers,-3.697314E28,-3.697314E28,-3.697314E28,-3.697314E28,-3.697314E28,-3.697314E28,-3.697314E28,0.0000000,3,Missing,-3.697314E28,-3.697314E28,-3.697314E28,Missing,-3.697314E28,-3.697314E28,-3.697314E28,Missing,-3.697314E28,-3.697314E28,-3.697314E28,Port 0x02: JJH T tibia tracker  s/n:3E4C8800,179575516,1738682525.268622215,1,OK,0.9266594,-0.1988165,-0.1785344,0.2643859,102.650,67.506,-1694.347,0.1490478,3,OK,102.746,67.401,-1694.265,OK,112.923,-21.831,-1660.558,OK,31.115,17.117,-1714.622,Port 0x03: JJH Y femur tracker  s/n:3E4C8801,179575516,1738682525.268622215,1,OK,0.8658910,0.0597304,0.4833631,-0.1141277,-206.276,300.622,-1607.519,0.1047812,3,OK,-206.264,300.603,-1607.545,OK,-215.365,386.449,-1558.370,OK,-253.443,313.773,-1528.272
3,Port 0x01: JJH Probe  s/n:3E4C880C,179575519,1738682525.318622215,1,Too Few Markers,-3.697314E28,-3.697314E28,-3.697314E28,-3.697314E28,-3.697314E28,-3.697314E28,-3.697314E28,0.0000000,3,Missing,-3.697314E28,-3.697314E28,-3.697314E28,Missing,-3.697314E28,-3.697314E28,-3.697314E28,Missing,-3.697314E28,-3.697314E28,-3.697314E28,Port 0x02: JJH T tibia tracker  s/n:3E4C8800,179575519,1738682525.318622215,1,OK,0.9274774,-0.1944315,-0.1801016,0.2637149,102.688,67.096,-1695.815,0.1635920,3,OK,102.796,66.980,-1695.724,OK,113.019,-22.552,-1662.857,OK,31.148,16.875,-1716.633,Port 0x03: JJH Y femur tracker  s/n:3E4C8801,179575519,1738682525.318622215,1,OK,0.8632369,0.0602414,0.4875622,-0.1160866,-204.631,301.062,-1606.454,0.0993725,3,OK,-204.612,301.046,-1606.492,OK,-212.884,386.912,-1557.203,OK,-250.967,314.374,-1526.721
3,Port 0x01: JJH Probe  s/n:3E4C880C,179575522,1738682525.368622215,1,Too Few Markers,-3.697314E28,-3.697314E28,-3.697314E28,-3.697314E28,-3.697314E28,-3.697314E28,-3.697314E28,0.0000000,3,Missing,-3.697314E28,-3.697314E28,-3.697314E28,Missing,-3.697314E28,-3.697314E28,-3.697314E28,Missing,-3.697314E28,-3.697314E28,-3.697314E28,Port 0x02: JJH T tibia tracker  s/n:3E4C8800,179575522,1738682525.368622215,1,OK,0.9282555,-0.1914556,-0.1800843,0.2631657,102.804,66.760,-1697.093,0.1347442,3,OK,102.893,66.662,-1697.019,OK,113.148,-23.113,-1664.689,OK,31.240,16.695,-1718.081,Port 0x03: JJH Y femur tracker  s/n:3E4C8801,179575522,1738682525.368622215,1,OK,0.8606566,0.0605875,0.4915761,-0.1181202,-202.979,301.458,-1605.384,0.0901961,3,OK,-202.963,301.460,-1605.409,OK,-210.410,387.341,-1556.084,OK,-248.498,314.951,-1525.208
3,Port 0x01: JJH Probe  s/n:3E4C880C,179575525,1738682525.418622215,1,Too Few Markers,-3.697314E28,-3.697314E28,-3.697314E28,-3.697314E28,-3.697314E28,-3.697314E28,-3.697314E28,0.0000000,3,Missing,-3.697314E28,-3.697314E28,-3.697314E28,Missing,-3.697314E28,-3.697314E28,-3.697314E28,Missing,-3.697314E28,-3.697314E28,-3.697314E28,Port 0x02: JJH T tibia tracker  s/n:3E4C8800,179575525,1738682525.418622215,1,OK,0.9288455,-0.1882645,-0.1810464,0.2627256,102.834,66.456,-1698.103,0.1533329,3,OK,102.939,66.351,-1698.019,OK,113.218,-23.618,-1666.313,OK,31.269,16.502,-1719.446,Port 0x03: JJH Y femur tracker  s/n:3E4C8801,179575525,1738682525.418622215,1,OK,0.8581388,0.0611988,0.4954098,-0.1200902,-201.379,301.874,-1604.372,0.1044177,3,OK,-201.365,301.864,-1604.398,OK,-208.013,387.765,-1554.965,OK,-246.091,315.543,-1523.793
3,Port 0x01: JJH Probe  s/n:3E4C880C,179575528,1738682525.468622215,1,Too Few Markers,-3.697314E28,-3.697314E28,-3.697314E28,-3.697314E28,-3.697314E28,-3.697314E28,-3.697314E28,0.0000000,3,Missing,-3.697314E28,-3.697314E28,-3.697314E28,Missing,-3.697314E28,-3.697314E28,-3.697314E28,Missing,-3.697314E28,-3.697314E28,-3.697314E28,Port 0x02: JJH T tibia tracker  s/n:3E4C8800,179575528,1738682525.468622215,1,OK,0.9295510,-0.1847634,-0.1819724,0.2620754,102.825,66.148,-1699.305,0.1641898,3,OK,102.931,66.027,-1699.216,OK,113.219,-24.149,-1668.193,OK,31.252,16.355,-1721.015,Port 0x03: JJH Y femur tracker  s/n:3E4C8801,179575528,1738682525.468622215,1,OK,0.8556214,0.0620219,0.4991814,-0.1219971,-199.859,302.314,-1603.439,0.1196463,3,OK,-199.849,302.290,-1603.467,OK,-205.695,388.192,-1553.897,OK,-243.773,316.126,-1522.465
3,Port 0x01: JJH Probe  s/n:3E4C880C,179575531,1738682525.518622215,1,Too Few Markers,-3.697314E28,-3.697314E28,-3.697314E28,-3.697314E28,-3.697314E28,-3.697314E28,-3.697314E28,0.0000000,3,Missing,-3.697314E28,-3.697314E28,-3.697314E28,Missing,-3.697314E28,-3.697314E28,-3.697314E28,Missing,-3.697314E28,-3.697314E28,-3.697314E28,Port 0x02: JJH T tibia tracker  s/n:3E4C8800,179575531,1738682525.518622215,1,OK,0.9302391,-0.1812173,-0.1828489,0.2614991,102.852,65.773,-1700.404,0.1635639,3,OK,102.949,65.640,-1700.319,OK,113.276,-24.751,-1669.973,OK,31.288,16.142,-1722.470,Port 0x03: JJH Y femur tracker  s/n:3E4C8801,179575531,1738682525.518622215,1,OK,0.8532056,0.0620700,0.5028454,-0.1238310,-198.375,302.600,-1602.513,0.1005600,3,OK,-198.365,302.602,-1602.529,OK,-203.471,388.522,-1552.995,OK,-241.535,316.580,-1521.146
3,Port 0x01: JJH Probe  s/n:3E4C880C,179575534,1738682525.568660562,1,Too Few Markers,-3.697314E28,-3.697314E28,-3.697314E28,-3.697314E28,-3.697314E28,-3.697314E28,-3.697314E28,0.0000000,3,Missing,-3.697314E28,-3.697314E28,-3.697314E28,Missing,-3.697314E28,-3.697314E28,-3.697314E28,Missing,-3.697314E28,-3.697314E28,-3.697314E28,Port 0x02: JJH T tibia tracker  s/n:3E4C8800,179575534,1738682525.568660562,1,OK,0.9310558,-0.1778063,-0.1830274,0.2608085,102.935,65.455,-1701.772,0.1424156,3,OK,103.020,65.338,-1701.699,OK,113.367,-25.306,-1671.985,OK,31.332,16.012,-1724.071,Port 0x03: JJH Y femur tracker  s/n:3E4C8801,179575534,1738682525.568660562,1,OK,0.8510945,0.0626340,0.5059121,-0.1255710,-196.988,302.933,-1601.687,0.1015719,3,OK,-196.983,302.926,-1601.699,OK,-201.401,388.867,-1552.107,OK,-239.484,317.052,-1520.009
3,Port 0x01: JJH Probe  s/n:3E4C880C,179575537,1738682525.618660562,1,Too Few Markers,-3.697314E28,-3.697314E28,-3.697314E28,-3.697314E28,-3.697314E28,-3.697314E28,-3.697314E28,0.0000000,3,Missing,-3.697314E28,-3.697314E28,-3.697314E28,Missing,-3.697314E28,-3.697314E28,-3.697314E28,Missing,-3.697314E28,-3.697314E28,-3.697314E28,Port 0x02: JJH T tibia tracker  s/n:3E4C8800,179575537,1738682525.618660562,1,OK,0.9316916,-0.1746980,-0.1838422,0.2600641,102.956,65.128,-1703.041,0.1348708,3,OK,103.037,65.019,-1702.973,OK,113.374,-25.850,-1673.855,OK,31.331,15.863,-1725.671,Port 0x03: JJH Y femur tracker  s/n:3E4C8801,179575537,1738682525.618660562,1,OK,0.8492589,0.0629348,0.5085650,-0.1271231,-195.699,303.203,-1600.930,0.1171646,3,OK,-195.717,303.199,-1600.899,OK,-199.528,389.159,-1551.332,OK,-237.594,317.461,-1519.029
3,Port 0x01: JJH Probe  s/n:3E4C880C,179575540,1738682525.668660562,1,Too Few Markers,-3.697314E28,-3.697314E28,-3.697314E28,-3.697314E28,-3.697314E28,-3.697314E28,-3.697314E28,0.0000000,3,Missing,-3.697314E28,-3.697314E28,-3.697314E28,Missing,-3.697314E28,-3.697314E28,-3.697314E28,Missing,-3.697314E28,-3.697314E28,-3.697314E28,Port 0x02: JJH T tibia tracker  s/n:3E4C8800,179575540,1738682525.668660562,1,OK,0.9322868,-0.1707127,-0.1853451,0.2595105,102.922,64.823,-1704.028,0.1795953,3,OK,103.035,64.691,-1703.939,OK,113.403,-26.370,-1675.614,OK,31.289,15.705,-1727.159,Port 0x03: JJH Y femur tracker  s/n:3E4C8801,179575540,1738682525.668660562,1,OK,0.8471130,0.0636551,0.5116923,-0.1285246,-194.484,303.452,-1600.176,0.1225518,3,OK,-194.493,303.440,-1600.167,OK,-197.669,389.369,-1550.468,OK,-235.721,317.792,-1517.938
3,Port 0x01: JJH Probe  s/n:3E4C880C,179575543,1738682525.718660562,1,Too Few Markers,-3.697314E28,-3.697314E28,-3.697314E28,-3.697314E28,-3.697314E28,-3.697314E28,-3.697314E28,0.0000000,3,Missing,-3.697314E28,-3.697314E28,-3.697314E28,Missing,-3.697314E28,-3.697314E28,-3.697314E28,Missing,-3.697314E28,-3.697314E28,-3.697314E28,Port 0x02: JJH T tibia tracker  s/n:3E4C8800,179575543,1738682525.718660562,1,OK,0.9329765,-0.1678465,-0.1853569,0.2588921,102.919,64.580,-1705.083,0.1580625,3,OK,103.015,64.453,-1705.004,OK,113.379,-26.783,-1677.227,OK,31.269,15.626,-1728.370,Port 0x03: JJH Y femur tracker  s/n:3E4C8801,179575543,1738682525.718660562,1,OK,0.8450932,0.0636800,0.5146214,-0.1301042,-193.193,303.790,-1599.449,0.1147467,3,OK,-193.208,303.789,-1599.421,OK,-195.765,389.749,-1549.781,OK,-233.794,318.276,-1516.931
3,Port 0x01: JJH Probe  s/n:3E4C880C,179575546,1738682525.768660562,1,Too Few Markers,-3.697314E28,-3.697314E28,-3.697314E28,-3.697314E28,-3.697314E28,-3.697314E28,-3.697314E28,0.0000000,3,Missing,-3.697314E28,-3.697314E28,-3.697314E28,Missing,-3.697314E28,-3.697314E28,-3.697314E28,Missing,-3.697314E28,-3.697314E28,-3.697314E28,Port 0x02: JJH T tibia tracker  s/n:3E4C8800,179575546,1738682525.768660562,1,OK,0.9333996,-0.1652514,-0.1861302,0.2584817,102.953,64.334,-1706.033,0.1631657,3,OK,103.056,64.211,-1705.952,OK,113.444,-27.186,-1678.675,OK,31.297,15.494,-1729.606,Port 0x03: JJH Y femur tracker  s/n:3E4C8801,179575546,1738682525.768660562,1,OK,0.8434117,0.0643249,0.5169777,-0.1313509,-192.090,304.020,-1598.868,0.1355269,3,OK,-192.106,304.011,-1598.842,OK,-194.141,389.940,-1549.117,OK,-232.164,318.593,-1516.124
3,Port 0x01: JJH Probe  s/n:3E4C880C,179575549,1738682525.818660562,1,Too Few Markers,-3.697314E28,-3.697314E28,-3.697314E28,-3.697314E28,-3.697314E28,-3.697314E28,-3.697314E28,0.0000000,3,Missing,-3.697314E28,-3.697314E28,-3.697314E28,Missing,-3.697314E28,-3.697314E28,-3.697314E28,Missing,-3.697314E28,-3.697314E28,-3.697314E28,Port 0x02: JJH T tibia tracker  s/n:3E4C8800,179575549,1738682525.818660562,1,OK,0.9337515,-0.1629582,-0.1871946,0.2578972,102.976,64.139,-1706.658,0.1881853,3,OK,103.088,63.995,-1706.568,OK,113.459,-27.509,-1679.756,OK,31.306,15.435,-1730.562,Port 0x03: JJH Y femur tracker  s/n:3E4C8801,179575549,1738682525.818660562,1,OK,0.8420626,0.0641464,0.5189322,-0.1323827,-191.216,304.134,-1598.287,0.1319346,3,OK,-191.241,304.145,-1598.233,OK,-192.873,390.091,-1548.603,OK,-230.863,318.810,-1515.368
3,Port 0x01: JJH Probe  s/n:3E4C880C,179575552,1738682525.868660562,1,Too Few Markers,-3.697314E28,-3.697314E28,-3.697314E28,-3.697314E28,-3.697314E28,-3.697314E28,-3.697314E28,0.0000000,3,Missing,-3.697314E28,-3.697314E28,-3.697314E28,Missing,-3.697314E28,-3.697314E28,-3.697314E28,Missing,-3.697314E28,-3.697314E28,-3.697314E28,Port 0x02: JJH T tibia tracker  s/n:3E4C8800,179575552,1738682525.868660562,1,OK,0.9340419,-0.1621670,-0.1868709,0.2575788,102.962,63.988,-1707.330,0.1656817,3,OK,103.050,63.854,-1707.255,OK,113.427,-27.733,-1680.569,OK,31.260,15.377,-1731.230,Port 0x03: JJH Y femur tracker  s/n:3E4C8801,179575552,1738682525.868660562,1,OK,0.8409470,0.0643336,0.5205069,-0.1331985,-190.521,304.271,-1597.830,0.1332376,3,OK,-190.548,304.284,-1597.770,OK,-191.842,390.229,-1548.140,OK,-229.821,319.006,-1514.763
3,Port 0x01: JJH Probe  s/n:3E4C880C,179575555,1738682525.918660562,1,Too Few Markers,-3.697314E28,-3.697314E28,-3.697314E28,-3.697314E28,-3.697314E28,-3.697314E28,-3.697314E28,0.0000000,3,Missing,-3.697314E28,-3.697314E28,-3.697314E28,Missing,-3.697314E28,-3.697314E28,-3.697314E28,Missing,-3.697314E28,-3.697314E28,-3.697314E28,Port 0x02: JJH T tibia tracker  s/n:3E4C8800,179575555,1738682525.918660562,1,OK,0.9344093,-0.1596874,-0.1875781,0.2572815,102.926,63.843,-1707.756,0.1814016,3,OK,103.036,63.705,-1707.670,OK,113.418,-27.990,-1681.486,OK,31.233,15.309,-1731.912,Port 0x03: JJH Y femur tracker  s/n:3E4C8801,179575555,1738682525.918660562,1,OK,0.8397072,0.0647905,0.5222724,-0.1338868,-189.847,304.434,-1597.512,0.1270074,3,OK,-189.864,304.431,-1597.482,OK,-190.814,390.365,-1547.747,OK,-228.777,319.194,-1514.250
3,Port 0x01: JJH Probe  s/n:3E4C880C,179575558,1738682525.968660562,1,Too Few Markers,-3.697314E28,-3.697314E28,-3.697314E28,-3.697314E28,-3.697314E28,-3.697314E28,-3.697314E28,0.0000000,3,Missing,-3.697314E28,-3.697314E28,-3.697314E28,Missing,-3.697314E28,-3.697314E28,-3.697314E28,Missing,-3.697314E28,-3.697314E28,-3.697314E28,Port 0x02: JJH T tibia tracker  s/n:3E4C8800,179575558,1738682525.968660562,1,OK,0.9347622,-0.1585163,-0.1873356,0.2569000,102.982,63.740,-1708.468,0.1643336,3,OK,103.080,63.613,-1708.391,OK,113.447,-28.173,-1682.422,OK,31.254,15.302,-1732.652,Port 0x03: JJH Y femur tracker  s/n:3E4C8801,179575558,1738682525.968660562,1,OK,0.8386831,0.0648721,0.5236836,-0.1347506,-189.153,304.616,-1597.178,0.1325473,3,OK,-189.171,304.617,-1597.143,OK,-189.806,390.554,-1547.432,OK,-227.761,319.463,-1513.788
3,Port 0x01: JJH Probe  s/n:3E4C880C,179575561,1738682526.018660562,1,Too Few Markers,-3.697314E28,-3.697314E28,-3.697314E28,-3.697314E28,-3.697314E28,-3.697314E28,-3.697314E28,0.0000000,3,Missing,-3.697314E28,-3.697314E28,-3.697314E28,Missing,-3.697314E28,-3.697314E28,-3.697314E28,Missing,-3.697314E28,-3.697314E28,-3.697314E28,Port 0x02: JJH T tibia tracker  s/n:3E4C8800,179575561,1738682526.018660562,1,OK,0.9349300,-0.1571956,-0.1879769,0.2566322,102.985,63.608,-1708.823,0.1745525,3,OK,103.083,63.477,-1708.745,OK,113.469,-28.388,-1683.030,OK,31.253,15.247,-1733.203,Port 0x03: JJH Y femur tracker  s/n:3E4C8801,179575561,1738682526.018660562,1,OK,0.8380475,0.0648050,0.5245821,-0.1352416,-188.666,304.646,-1596.874,0.1403363,3,OK,-188.700,304.657,-1596.802,OK,-189.132,390.606,-1547.160,OK,-227.064,319.533,-1513.431
3,Port 0x01: JJH Probe  s/n:3E4C880C,179575564,1738682526.068660562,1,Too Few Markers,-3.697314E28,-3.697314E28,-3.697314E28,-3.697314E28,-3.697314E28,-3.697314E28,-3.697314E28,0.0000000,3,Missing,-3.697314E28,-3.697314E28,-3.697314E28,Missing,-3.697314E28,-3.697314E28,-3.697314E28,Missing,-3.697314E28,-3.697314E28,-3.697314E28,Port 0x02: JJH T tibia tracker  s/n:3E4C8800,179575564,1738682526.068660562,1,OK,0.9353242,-0.1565126,-0.1867364,0.2565191,102.957,63.559,-1709.155,0.1574299,3,OK,103.040,63.415,-1709.082,OK,113.419,-28.440,-1683.492,OK,31.190,15.244,-1733.342,Port 0x03: JJH Y femur tracker  s/n:3E4C8801,179575564,1738682526.068660562,1,OK,0.8373566,0.0650038,0.5255619,-0.1356212,-188.374,304.793,-1596.758,0.1200315,3,OK,-188.392,304.803,-1596.717,OK,-188.641,390.739,-1547.024,OK,-226.579,319.690,-1513.184
3,Port 0x01: JJH Probe  s/n:3E4C880C,179575567,1738682526.118660562,1,Too Few Markers,-3.697314E28,-3.697314E28,-3.697314E28,-3.697314E28,-3.697314E28,-3.697314E28,-3.697314E28,0.0000000,3,Missing,-3.697314E28,-3.697314E28,-3.697314E28,Missing,-3.697314E28,-3.697314E28,-3.697314E28,Missing,-3.697314E28,-3.697314E28,-3.697314E28,Port 0x02: JJH T tibia tracker  s/n:3E4C8800,179575567,1738682526.118660562,1,OK,0.9351402,-0.1564528,-0.1878235,0.2564325,102.941,63.492,-1709.246,0.1769631,3,OK,103.035,63.348,-1709.168,OK,113.417,-28.535,-1683.597,OK,31.187,15.187,-1733.644,Port 0x03: JJH Y femur tracker  s/n:3E4C8801,179575567,1738682526.118660562,1,OK,0.8370830,0.0652683,0.5259098,-0.1358346,-188.184,304.774,-1596.561,0.1429673,3,OK,-188.207,304.768,-1596.519,OK,-188.366,390.697,-1546.776,OK,-226.293,319.689,-1512.973
3,Port 0x01: JJH Probe  s/n:3E4C880C,179575570,1738682526.168660567,1,Too Few Markers,-3.697314E28,-3.697314E28,-3.697314E28,-3.697314E28,-3.697314E28,-3.697314E28,-3.697314E28,0.0000000,3,Missing,-3.697314E28,-3.697314E28,-3.697314E28,Missing,-3.697314E28,-3.697314E28,-3.697314E28,Missing,-3.697314E28,-3.697314E28,-3.697314E28,Port 0x02: JJH T tibia tracker  s/n:3E4C8800,179575570,1738682526.168660567,1,OK,0.9353615,-0.1558024,-0.1874021,0.2563297,102.957,63.497,-1709.323,0.1571154,3,OK,103.050,63.371,-1709.250,OK,113.421,-28.565,-1683.799,OK,31.192,15.218,-1733.674,Port 0x03: JJH Y femur tracker  s/n:3E4C8801,179575570,1738682526.168660567,1,OK,0.8368808,0.0656189,0.5261260,-0.1360741,-188.010,304.865,-1596.573,0.1562857,3,OK,-188.038,304.850,-1596.528,OK,-188.105,390.767,-1546.738,OK,-226.053,319.786,-1512.974
3,Port 0x01: JJH Probe  s/n:3E4C880C,179575573,1738682526.218660567,1,Too Few Markers,-3.697314E28,-3.697314E28,-3.697314E28,-3.697314E28,-3.697314E28,-3.697314E28,-3.697314E28,0.0000000,3,Missing,-3.697314E28,-3.697314E28,-3.697314E28,Missing,-3.697314E28,-3.697314E28,-3.697314E28,Missing,-3.697314E28,-3.697314E28,-3.697314E28,Port 0x02: JJH T tibia tracker  s/n:3E4C8800,179575573,1738682526.218660567,1,OK,0.9353809,-0.1553078,-0.1877549,0.2563008,102.974,63.450,-1709.475,0.1624503,3,OK,103.064,63.313,-1709.401,OK,113.452,-28.631,-1684.051,OK,31.229,15.187,-1733.911,Port 0x03: JJH Y femur tracker  s/n:3E4C8801,179575573,1738682526.218660567,1,OK,0.8366755,0.0658342,0.5263920,-0.1362034,-187.886,304.868,-1596.476,0.1590732,3,OK,-187.909,304.850,-1596.441,OK,-187.914,390.746,-1546.610,OK,-225.871,319.788,-1512.843
3,Port 0x01: JJH Probe  s/n:3E4C880C,179575576,1738682526.268660567,1,Too Few Markers,-3.697314E28,-3.697314E28,-3.697314E28,-3.697314E28,-3.697314E28,-3.697314E28,-3.697314E28,0.0000000,3,Missing,-3.697314E28,-3.697314E28,-3.697314E28,Missing,-3.697314E28,-3.697314E28,-3.697314E28,Missing,-3.697314E28,-3.697314E28,-3.697314E28,Port 0x02: JJH T tibia tracker  s/n:3E4C8800,179575576,1738682526.268660567,1,OK,0.9354080,-0.1554780,-0.1876675,0.2561628,102.966,63.468,-1709.562,0.1635928,3,OK,103.055,63.331,-1709.488,OK,113.419,-28.614,-1684.105,OK,31.197,15.228,-1733.984,Port 0x03: JJH Y femur tracker  s/n:3E4C8801,179575576,1738682526.268660567,1,OK,0.8366115,0.0653395,0.5265583,-0.1361922,-187.891,304.871,-1596.443,0.1459439,3,OK,-187.914,304.869,-1596.398,OK,-187.932,390.790,-1546.659,OK,-225.852,319.818,-1512.796
3,Port 0x01: JJH Probe  s/n:3E4C880C,179575579,1738682526.318660567,1,Too Few Markers,-3.697314E28,-3.697314E28,-3.697314E28,-3.697314E28,-3.697314E28,-3.697314E28,-3.697314E28,0.0000000,3,Missing,-3.697314E28,-3.697314E28,-3.697314E28,Missing,-3.697314E28,-3.697314E28,-3.697314E28,Missing,-3.697314E28,-3.697314E28,-3.697314E28,Port 0x02: JJH T tibia tracker  s/n:3E4C8800,179575579,1738682526.318660567,1,OK,0.9353794,-0.1552853,-0.1878050,0.2562834,102.945,63.439,-1709.552,0.1671191,3,OK,103.039,63.301,-1709.476,OK,113.424,-28.643,-1684.131,OK,31.194,15.179,-1734.001,Port 0x03: JJH Y femur tracker  s/n:3E4C8801,179575579,1738682526.318660567,1,OK,0.8365628,0.0655239,0.5266177,-0.1361729,-187.927,304.846,-1596.477,0.1412952,3,OK,-187.941,304.840,-1596.453,OK,-187.951,390.745,-1546.662,OK,-225.885,319.776,-1512.803
3,Port 0x01: JJH Probe  s/n:3E4C880C,179575582,1738682526.368660567,1,Too Few Markers,-3.697314E28,-3.697314E28,-3.697314E28,-3.697314E28,-3.697314E28,-3.697314E28,-3.697314E28,0.0000000,3,Missing,-3.697314E28,-3.697314E28,-3.697314E28,Missing,-3.697314E28,-3.697314E28,-3.697314E28,Missing,-3.697314E28,-3.697314E28,-3.697314E28,Port 0x02: JJH T tibia tracker  s/n:3E4C8800,179575582,1738682526.368660567,1,OK,0.9353565,-0.1554957,-0.1877759,0.2562608,102.967,63.480,-1709.556,0.1631120,3,OK,103.060,63.353,-1709.483,OK,113.441,-28.607,-1684.090,OK,31.204,15.221,-1733.995,Port 0x03: JJH Y femur tracker  s/n:3E4C8801,179575582,1738682526.368660567,1,OK,0.8366863,0.0654592,0.5264335,-0.1361575,-187.941,304.867,-1596.518,0.1474195,3,OK,-187.961,304.859,-1596.483,OK,-187.996,390.776,-1546.712,OK,-225.929,319.807,-1512.875
3,Port 0x01: JJH Probe  s/n:3E4C880C,179575585,1738682526.418660567,1,Too Few Markers,-3.697314E28,-3.697314E28,-3.697314E28,-3.697314E28,-3.697314E28,-3.697314E28,-3.697314E28,0.0000000,3,Missing,-3.697314E28,-3.697314E28,-3.697314E28,Missing,-3.697314E28,-3.697314E28,-3.697314E28,Missing,-3.697314E28,-3.697314E28,-3.697314E28,Port 0x02: JJH T tibia tracker  s/n:3E4C8800,179575585,1738682526.418660567,1,OK,0.9354068,-0.1554648,-0.1876093,0.2562178,102.975,63.452,-1709.557,0.1684495,3,OK,103.063,63.308,-1709.482,OK,113.440,-28.621,-1684.100,OK,31.205,15.207,-1733.969,Port 0x03: JJH Y femur tracker  s/n:3E4C8801,179575585,1738682526.418660567,1,OK,0.8367614,0.0655542,0.5263017,-0.1361600,-187.928,304.854,-1596.521,0.1569591,3,OK,-187.956,304.844,-1596.472,OK,-187.992,390.757,-1546.702,OK,-225.932,319.788,-1512.908
3,Port 0x01: JJH Probe  s/n:3E4C880C,179575588,1738682526.468660567,1,Too Few Markers,-3.697314E28,-3.697314E28,-3.697314E28,-3.697314E28,-3.697314E28,-3.697314E28,-3.697314E28,0.0000000,3,Missing,-3.697314E28,-3.697314E28,-3.697314E28,Missing,-3.697314E28,-3.697314E28,-3.697314E28,Missing,-3.697314E28,-3.697314E28,-3.697314E28,Port 0x02: JJH T tibia tracker  s/n:3E4C8800,179575588,1738682526.468660567,1,OK,0.9354011,-0.1554466,-0.1876032,0.2562542,102.937,63.480,-1709.533,0.1705476,3,OK,103.032,63.341,-1709.456,OK,113.411,-28.596,-1684.076,OK,31.162,15.226,-1733.947,Port 0x03: JJH Y femur tracker  s/n:3E4C8801,179575588,1738682526.468660567,1,OK,0.8367850,0.0657367,0.5262505,-0.1361245,-187.996,304.872,-1596.557,0.1661906,3,OK,-188.026,304.856,-1596.507,OK,-188.062,390.757,-1546.702,OK,-226.005,319.792,-1512.955
3,Port 0x01: JJH Probe  s/n:3E4C880C,179575591,1738682526.518660567,1,Too Few Markers,-3.697314E28,-3.697314E28,-3.697314E28,-3.697314E28,-3.697314E28,-3.697314E28,-3.697314E28,0.0000000,3,Missing,-3.697314E28,-3.697314E28,-3.697314E28,Missing,-3.697314E28,-3.697314E28,-3.697314E28,Missing,-3.697314E28,-3.697314E28,-3.697314E28,Port 0x02: JJH T tibia tracker  s/n:3E4C8800,179575591,1738682526.518660567,1,OK,0.9353695,-0.1554978,-0.1876742,0.2562866,102.935,63.500,-1709.522,0.1641327,3,OK,103.024,63.362,-1709.448,OK,113.409,-28.575,-1684.057,OK,31.177,15.239,-1733.939,Port 0x03: JJH Y femur tracker  s/n:3E4C8801,179575591,1738682526.518660567,1,OK,0.8368264,0.0653222,0.5263045,-0.1358611,-188.108,304.839,-1596.630,0.1274000,3,OK,-188.118,304.831,-1596.615,OK,-188.231,390.754,-1546.831,OK,-226.154,319.741,-1512.972
3,Port 0x01: JJH Probe  s/n:3E4C880C,179575594,1738682526.568660567,1,Too Few Markers,-3.697314E28,-3.697314E28,-3.697314E28,-3.697314E28,-3.697314E28,-3.697314E28,-3.697314E28,0.0000000,3,Missing,-3.697314E28,-3.697314E28,-3.697314E28,Missing,-3.697314E28,-3.697314E28,-3.697314E28,Missing,-3.697314E28,-3.697314E28,-3.697314E28,Port 0x02: JJH T tibia tracker  s/n:3E4C8800,179575594,1738682526.568660567,1,OK,0.9352954,-0.1558989,-0.1875575,0.2563987,102.972,63.553,-1709.446,0.1543570,3,OK,103.061,63.426,-1709.374,OK,113.442,-28.502,-1683.906,OK,31.230,15.261,-1733.812,Port 0x03: JJH Y femur tracker  s/n:3E4C8801,179575594,1738682526.568660567,1,OK,0.8373968,0.0650048,0.5255104,-0.1355719,-188.367,304.776,-1596.795,0.1253671,3,OK,-188.391,304.784,-1596.744,OK,-188.650,390.723,-1547.055,OK,-226.579,319.666,-1513.238
3,Port 0x01: JJH Probe  s/n:3E4C880C,179575597,1738682526.618660567,1,Too Few Markers,-3.697314E28,-3.697314E28,-3.697314E28,-3.697314E28,-3.697314E28,-3.697314E28,-3.697314E28,0.0000000,3,Missing,-3.697314E28,-3.697314E28,-3.697314E28,Missing,-3.697314E28,-3.697314E28,-3.697314E28,Missing,-3.697314E28,-3.697314E28,-3.697314E28,Port 0x02: JJH T tibia tracker  s/n:3E4C8800,179575597,1738682526.618660567,1,OK,0.9350466,-0.1566973,-0.1877892,0.2566497,102.999,63.641,-1709.116,0.1749136,3,OK,103.090,63.496,-1709.039,OK,113.508,-28.369,-1683.411,OK,31.265,15.299,-1733.487,Port 0x03: JJH Y femur tracker  s/n:3E4C8801,179575597,1738682526.618660567,1,OK,0.8386978,0.0648393,0.5236561,-0.1347822,-189.078,304.537,-1597.161,0.1526186,3,OK,-189.114,304.535,-1597.091,OK,-189.733,390.487,-1547.416,OK,-227.669,319.389,-1513.817
3,Port 0x01: JJH Probe  s/n:3E4C880C,179575600,1738682526.668660567,1,Too Few Markers,-3.697314E28,-3.697314E28,-3.697314E28,-3.697314E28,-3.697314E28,-3.697314E28,-3.697314E28,0.0000000,3,Missing,-3.697314E28,-3.697314E28,-3.697314E28,Missing,-3.697314E28,-3.697314E28,-3.697314E28,Missing,-3.697314E28,-3.697314E28,-3.697314E28,Port 0x02: JJH T tibia tracker  s/n:3E4C8800,179575600,1738682526.668660567,1,OK,0.9346719,-0.1583269,-0.1877018,0.2570778,102.972,63.846,-1708.556,0.1603409,3,OK,103.059,63.715,-1708.484,OK,113.484,-28.082,-1682.538,OK,31.286,15.391,-1732.804,Port 0x03: JJH Y femur tracker  s/n:3E4C8801,179575600,1738682526.668660567,1,OK,0.8404351,0.0645137,0.5212731,-0.1333460,-190.268,304.320,-1597.836,0.1390717,3,OK,-190.291,304.314,-1597.794,OK,-191.468,390.261,-1548.089,OK,-229.407,319.057,-1514.692
3,Port 0x01: JJH Probe  s/n:3E4C880C,179575603,1738682526.718660567,1,Too Few Markers,-3.697314E28,-3.697314E28,-3.697314E28,-3.697314E28,-3.697314E28,-3.697314E28,-3.697314E28,0.0000000,3,Missing,-3.697314E28,-3.697314E28,-3.697314E28,Missing,-3.697314E28,-3.697314E28,-3.697314E28,Missing,-3.697314E28,-3.697314E28,-3.697314E28,Port 0x02: JJH T tibia tracker  s/n:3E4C8800,179575603,1738682526.718660567,1,OK,0.9339479,-0.1614479,-0.1874057,0.2579826,102.991,64.159,-1707.292,0.1803598,3,OK,103.100,64.019,-1707.206,OK,113.540,-27.561,-1680.672,OK,31.357,15.472,-1731.298,Port 0x03: JJH Y femur tracker  s/n:3E4C8801,179575603,1738682526.718660567,1,OK,0.8428274,0.0640774,0.5179555,-0.1313703,-191.794,303.932,-1598.654,0.1283272,3,OK,-191.811,303.927,-1598.624,OK,-193.742,389.861,-1548.914,OK,-231.683,318.496,-1515.815
3,Port 0x01: JJH Probe  s/n:3E4C880C,179575606,1738682526.768660567,1,Too Few Markers,-3.697314E28,-3.697314E28,-3.697314E28,-3.697314E28,-3.697314E28,-3.697314E28,-3.697314E28,0.0000000,3,Missing,-3.697314E28,-3.697314E28,-3.697314E28,Missing,-3.697314E28,-3.697314E28,-3.697314E28,Missing,-3.697314E28,-3.697314E28,-3.697314E28,Port 0x02: JJH T tibia tracker  s/n:3E4C8800,179575606,1738682526.768660567,1,OK,0.9332075,-0.1659293,-0.1858694,0.2589282,103.039,64.558,-1705.995,0.1417293,3,OK,103.126,64.450,-1705.926,OK,113.587,-26.930,-1678.487,OK,31.426,15.644,-1729.466,Port 0x03: JJH Y femur tracker  s/n:3E4C8801,179575606,1738682526.768660567,1,OK,0.8456528,0.0635915,0.5139122,-0.1293127,-193.544,303.589,-1599.699,0.1231074,3,OK,-193.559,303.582,-1599.677,OK,-196.342,389.519,-1549.992,OK,-234.315,317.992,-1517.253
3,Port 0x01: JJH Probe  s/n:3E4C880C,179575609,1738682526.818660567,1,Too Few Markers,-3.697314E28,-3.697314E28,-3.697314E28,-3.697314E28,-3.697314E28,-3.697314E28,-3.697314E28,0.0000000,3,Missing,-3.697314E28,-3.697314E28,-3.697314E28,Missing,-3.697314E28,-3.697314E28,-3.697314E28,Missing,-3.697314E28,-3.697314E28,-3.697314E28,Port 0x02: JJH T tibia tracker  s/n:3E4C8800,179575609,1738682526.818660567,1,OK,0.9324282,-0.1700368,-0.1848146,0.2598244,103.055,64.972,-1704.573,0.1531180,3,OK,103.152,64.856,-1704.496,OK,113.611,-26.253,-1676.266,OK,31.451,15.829,-1727.623,Port 0x03: JJH Y femur tracker  s/n:3E4C8801,179575609,1738682526.818660567,1,OK,0.8487129,0.0629674,0.5095343,-0.1268713,-195.525,303.116,-1600.825,0.1149563,3,OK,-195.531,303.101,-1600.823,OK,-199.284,389.040,-1551.157,OK,-237.257,317.319,-1518.803
3,Port 0x01: JJH Probe  s/n:3E4C880C,179575612,1738682526.868660567,1,Too Few Markers,-3.697314E28,-3.697314E28,-3.697314E28,-3.697314E28,-3.697314E28,-3.697314E28,-3.697314E28,0.0000000,3,Missing,-3.697314E28,-3.697314E28,-3.697314E28,Missing,-3.697314E28,-3.697314E28,-3.697314E28,Missing,-3.697314E28,-3.697314E28,-3.697314E28,Port 0x02: JJH T tibia tracker  s/n:3E4C8800,179575612,1738682526.868660567,1,OK,0.9314144,-0.1746147,-0.1845209,0.2606320,103.004,65.426,-1702.964,0.1545907,3,OK,103.096,65.308,-1702.887,OK,113.541,-25.535,-1673.777,OK,31.445,16.065,-1725.701,Port 0x03: JJH Y femur tracker  s/n:3E4C8801,179575612,1738682526.868660567,1,OK,0.8519320,0.0623956,0.5048359,-0.1243360,-197.640,302.644,-1602.003,0.1116562,3,OK,-197.627,302.634,-1602.031,OK,-202.404,388.535,-1552.390,OK,-240.398,316.635,-1520.428
3,Port 0x01: JJH Probe  s/n:3E4C880C,179575615,1738682526.918660567,1,Too Few Markers,-3.697314E28,-3.697314E28,-3.697314E28,-3.697314E28,-3.697314E28,-3.697314E28,-3.697314E28,0.0000000,3,Missing,-3.697314E28,-3.697314E28,-3.697314E28,Missing,-3.697314E28,-3.697314E28,-3.697314E28,Missing,-3.697314E28,-3.697314E28,-3.697314E28,Port 0x02: JJH T tibia tracker  s/n:3E4C8800,179575615,1738682526.918660567,1,OK,0.9304429,-0.1794957,-0.1831821,0.2617283,102.969,65.984,-1701.037,0.1433997,3,OK,103.057,65.870,-1700.962,OK,113.500,-24.652,-1670.911,OK,31.462,16.352,-1723.232,Port 0x03: JJH Y femur tracker  s/n:3E4C8801,179575615,1738682526.918660567,1,OK,0.8555291,0.0617787,0.4995166,-0.1213942,-199.984,302.106,-1603.405,0.1106636,3,OK,-199.964,302.089,-1603.448,OK,-205.892,387.964,-1553.846,OK,-243.881,315.832,-1522.373
3,Port 0x01: JJH Probe  s/n:3E4C880C,179575618,1738682526.968660567,1,Too Few Markers,-3.697314E28,-3.697314E28,-3.697314E28,-3.697314E28,-3.697314E28,-3.697314E28,-3.697314E28,0.0000000,3,Missing,-3.697314E28,-3.697314E28,-3.697314E28,Missing,-3.697314E28,-3.697314E28,-3.697314E28,Missing,-3.697314E28,-3.697314E28,-3.697314E28,Port 0x02: JJH T tibia tracker  s/n:3E4C8800,179575618,1738682526.968660567,1,OK,0.9291030,-0.1838437,-0.1839780,0.2629091,103.022,66.648,-1698.964,0.1637075,3,OK,103.125,66.524,-1698.876,OK,113.587,-23.693,-1668.022,OK,31.656,16.708,-1721.014,Port 0x03: JJH Y femur tracker  s/n:3E4C8801,179575618,1738682526.968660567,1,OK,0.8594570,0.0608054,0.4935900,-0.1183440,-202.422,301.433,-1604.867,0.0994725,3,OK,-202.405,301.423,-1604.899,OK,-209.576,387.282,-1555.455,OK,-247.554,314.904,-1524.476
3,Port 0x01: JJH Probe  s/n:3E4C880C,179575621,1738682527.018660567,1,Too Few Markers,-3.697314E28,-3.697314E28,-3.697314E28,-3.697314E28,-3.697314E28,-3.697314E28,-3.697314E28,0.0000000,3,Missing,-3.697314E28,-3.697314E28,-3.697314E28,Missing,-3.697314E28,-3.697314E28,-3.697314E28,Missing,-3.697314E28,-3.697314E28,-3.697314E28,Port 0x02: JJH T tibia tracker  s/n:3E4C8800,179575621,1738682527.018660567,1,OK,0.9277466,-0.1877134,-0.1854803,0.2639073,103.022,67.441,-1696.729,0.1758630,3,OK,103.131,67.305,-1696.634,OK,113.569,-22.633,-1665.094,OK,31.859,17.209,-1718.762,Port 0x03: JJH Y femur tracker  s/n:3E4C8801,179575621,1738682527.018660567,1,OK,0.8636327,0.0601966,0.4871420,-0.1149241,-205.135,300.813,-1606.592,0.1016922,3,OK,-205.106,300.797,-1606.644,OK,-213.627,386.599,-1557.275,OK,-251.607,313.957,-1526.887
3,Port 0x01: JJH Probe  s/n:3E4C880C,179575624,1738682527.068660567,1,Too Few Markers,-3.697314E28,-3.697314E28,-3.697314E28,-3.697314E28,-3.697314E28,-3.697314E28,-3.697314E28,0.0000000,3,Missing,-3.697314E28,-3.697314E28,-3.697314E28,Missing,-3.697314E28,-3.697314E28,-3.697314E28,Missing,-3.697314E28,-3.697314E28,-3.697314E28,Port 0x02: JJH T tibia tracker  s/n:3E4C8800,179575624,1738682527.068660567,1,OK,0.9265349,-0.1952814,-0.1824914,0.2647550,102.850,67.892,-1695.042,0.1551549,3,OK,102.951,67.780,-1694.955,OK,113.299,-21.699,-1661.935,OK,31.569,17.437,-1716.151,Port 0x03: JJH Y femur tracker  s/n:3E4C8801,179575624,1738682527.068660567,1,OK,0.8681960,0.0589359,0.4800131,-0.1111295,-208.050,300.005,-1608.551,0.0924166,3,OK,-208.015,299.993,-1608.610,OK,-218.051,385.761,-1559.457,OK,-255.982,312.812,-1529.637
3,Port 0x01: JJH Probe  s/n:3E4C880C,179575627,1738682527.118660567,1,Too Few Markers,-3.697314E28,-3.697314E28,-3.697314E28,-3.697314E28,-3.697314E28,-3.697314E28,-3.697314E28,0.0000000,3,Missing,-3.697314E28,-3.697314E28,-3.697314E28,Missing,-3.697314E28,-3.697314E28,-3.697314E28,Missing,-3.697314E28,-3.697314E28,-3.697314E28,Port 0x02: JJH T tibia tracker  s/n:3E4C8800,179575627,1738682527.118660567,1,OK,0.9247721,-0.2029826,-0.1808173,0.2662701,102.761,68.833,-1691.894,0.1722491,3,OK,102.869,68.712,-1691.798,OK,113.152,-20.164,-1657.348,OK,31.556,17.992,-1712.216,Port 0x03: JJH Y femur tracker  s/n:3E4C8801,179575627,1738682527.118660567,1,OK,0.8734400,0.0581384,0.4714278,-0.1071372,-211.205,299.068,-1610.651,0.0974405,3,OK,-211.193,299.052,-1610.675,OK,-222.879,384.736,-1561.771,OK,-260.789,311.507,-1532.772
3,Port 0x01: JJH Probe  s/n:3E4C880C,179575630,1738682527.168624413,1,Too Few Markers,-3.697314E28,-3.697314E28,-3.697314E28,-3.697314E28,-3.697314E28,-3.697314E28,-3.697314E28,0.0000000,3,Missing,-3.697314E28,-3.697314E28,-3.697314E28,Missing,-3.697314E28,-3.697314E28,-3.697314E28,Missing,-3.697314E28,-3.697314E28,-3.697314E28,Port 0x02: JJH T tibia tracker  s/n:3E4C8800,179575630,1738682527.168624413,1,OK,0.9233328,-0.2098523,-0.1792640,0.2669888,102.650,69.540,-1689.838,0.1659443,3,OK,102.755,69.423,-1689.742,OK,112.930,-18.972,-1653.994,OK,31.400,18.493,-1709.510,Port 0x03: JJH Y femur tracker  s/n:3E4C8801,179575630,1738682527.168624413,1,OK,0.8781744,0.0570654,0.4637405,-0.1024600,-214.571,298.163,-1613.046,0.1177624,3,OK,-214.505,298.141,-1613.148,OK,-227.922,383.706,-1564.374,OK,-265.739,310.107,-1535.993
3,Port 0x01: JJH Probe  s/n:3E4C880C,179575633,1738682527.218624413,1,Too Few Markers,-3.697314E28,-3.697314E28,-3.697314E28,-3.697314E28,-3.697314E28,-3.697314E28,-3.697314E28,0.0000000,3,Missing,-3.697314E28,-3.697314E28,-3.697314E28,Missing,-3.697314E28,-3.697314E28,-3.697314E28,Missing,-3.697314E28,-3.697314E28,-3.697314E28,Port 0x02: JJH T tibia tracker  s/n:3E4C8800,179575633,1738682527.218624413,1,OK,0.9224585,-0.2139845,-0.1778716,0.2676615,102.553,70.049,-1688.424,0.1554694,3,OK,102.657,69.946,-1688.333,OK,112.817,-18.155,-1651.783,OK,31.277,18.853,-1707.614,Port 0x03: JJH Y femur tracker  s/n:3E4C8801,179575633,1738682527.218624413,1,OK,0.8837393,0.0559750,0.4542192,-0.0977576,-218.035,297.027,-1615.672,0.1154574,3,OK,-217.973,297.005,-1615.764,OK,-233.263,382.439,-1567.326,OK,-271.001,308.500,-1539.787
3,Port 0x01: JJH Probe  s/n:3E4C880C,179575636,1738682527.268624413,1,Too Few Markers,-3.697314E28,-3.697314E28,-3.697314E28,-3.697314E28,-3.697314E28,-3.697314E28,-3.697314E28,0.0000000,3,Missing,-3.697314E28,-3.697314E28,-3.697314E28,Missing,-3.697314E28,-3.697314E28,-3.697314E28,Missing,-3.697314E28,-3.697314E28,-3.697314E28,Port 0x02: JJH T tibia tracker  s/n:3E4C8800,179575636,1738682527.268624413,1,OK,0.9211780,-0.2195955,-0.1766795,0.2683157,102.448,70.711,-1686.475,0.1535631,3,OK,102.549,70.607,-1686.383,OK,112.626,-17.064,-1648.785,OK,31.158,19.341,-1705.133,Port 0x03: JJH Y femur tracker  s/n:3E4C8801,179575636,1738682527.268624413,1,OK,0.8893810,0.0545931,0.4443226,-0.0927274,-221.567,295.864,-1618.441,0.1060771,3,OK,-221.510,295.842,-1618.522,OK,-238.762,381.140,-1570.504,OK,-276.364,306.819,-1543.807
3,Port 0x01: JJH Probe  s/n:3E4C880C,179575639,1738682527.318624413,1,Too Few Markers,-3.697314E28,-3.697314E28,-3.697314E28,-3.697314E28,-3.697314E28,-3.697314E28,-3.697314E28,0.0000000,3,Missing,-3.697314E28,-3.697314E28,-3.697314E28,Missing,-3.697314E28,-3.697314E28,-3.697314E28,Missing,-3.697314E28,-3.697314E28,-3.697314E28,Port 0x02: JJH T tibia tracker  s/n:3E4C8800,179575639,1738682527.318624413,1,OK,0.9197156,-0.2258831,-0.1752973,0.2690185,102.355,71.495,-1684.398,0.1596090,3,OK,102.463,71.393,-1684.302,OK,112.432,-15.780,-1645.539,OK,31.032,19.932,-1702.456,Port 0x03: JJH Y femur tracker  s/n:3E4C8801,179575639,1738682527.318624413,1,OK,0.8950376,0.0533144,0.4340885,-0.0873637,-225.284,294.617,-1621.514,0.1180493,3,OK,-225.212,294.595,-1621.609,OK,-244.508,379.697,-1574.008,OK,-281.951,304.986,-1548.177
3,Port 0x01: JJH Probe  s/n:3E4C880C,179575642,1738682527.368587140,1,Too Few Markers,-3.697314E28,-3.697314E28,-3.697314E28,-3.697314E28,-3.697314E28,-3.697314E28,-3.697314E28,0.0000000,3,Missing,-3.697314E28,-3.697314E28,-3.697314E28,Missing,-3.697314E28,-3.697314E28,-3.697314E28,Missing,-3.697314E28,-3.697314E28,-3.697314E28,Port 0x02: JJH T tibia tracker  s/n:3E4C8800,179575642,1738682527.368587140,1,OK,0.9184620,-0.2311157,-0.1737893,0.2698341,102.250,72.172,-1682.517,0.1731720,3,OK,102.364,72.065,-1682.414,OK,112.262,-14.639,-1642.701,OK,30.939,20.417,-1699.979,Port 0x03: JJH Y femur tracker  s/n:3E4C8801,179575642,1738682527.368587140,1,OK,0.9006946,0.0518269,0.4235447,-0.0816890,-229.033,293.207,-1624.779,0.1380572,3,OK,-228.935,293.179,-1624.903,OK,-250.358,378.074,-1577.779,OK,-287.594,302.935,-1552.804
3,Port 0x01: JJH Probe  s/n:3E4C880C,179575645,1738682527.418587140,1,Too Few Markers,-3.697314E28,-3.697314E28,-3.697314E28,-3.697314E28,-3.697314E28,-3.697314E28,-3.697314E28,0.0000000,3,Missing,-3.697314E28,-3.697314E28,-3.697314E28,Missing,-3.697314E28,-3.697314E28,-3.697314E28,Missing,-3.697314E28,-3.697314E28,-3.697314E28,Port 0x02: JJH T tibia tracker  s/n:3E4C8800,179575645,1738682527.418587140,1,OK,0.9171261,-0.2368642,-0.1721131,0.2704667,102.190,72.869,-1680.696,0.1618777,3,OK,102.299,72.778,-1680.600,OK,112.110,-13.469,-1639.811,OK,30.846,20.963,-1697.528,Port 0x03: JJH Y femur tracker  s/n:3E4C8801,179575645,1738682527.418587140,1,OK,0.9064765,0.0508311,0.4122929,-0.0757044,-232.868,291.720,-1628.218,0.1575366,3,OK,-232.750,291.677,-1628.362,OK,-256.366,376.298,-1581.709,OK,-293.367,300.723,-1557.750
3,Port 0x01: JJH Probe  s/n:3E4C880C,179575648,1738682527.468587140,1,Too Few Markers,-3.697314E28,-3.697314E28,-3.697314E28,-3.697314E28,-3.697314E28,-3.697314E28,-3.697314E28,0.0000000,3,Missing,-3.697314E28,-3.697314E28,-3.697314E28,Missing,-3.697314E28,-3.697314E28,-3.697314E28,Missing,-3.697314E28,-3.697314E28,-3.697314E28,Port 0x02: JJH T tibia tracker  s/n:3E4C8800,179575648,1738682527.468587140,1,OK,0.9157476,-0.2420235,-0.1712159,0.2711384,102.061,73.610,-1678.828,0.1933503,3,OK,102.189,73.495,-1678.710,OK,111.909,-12.248,-1637.010,OK,30.707,21.532,-1695.196,Port 0x03: JJH Y femur tracker  s/n:3E4C8801,179575648,1738682527.468587140,1,OK,0.9123539,0.0492848,0.4004093,-0.0696688,-236.656,290.151,-1631.868,0.1605254,3,OK,-236.533,290.107,-1632.010,OK,-262.398,374.442,-1586.034,OK,-299.120,298.443,-1563.049
3,Port 0x01: JJH Probe  s/n:3E4C880C,179575651,1738682527.518587140,1,Too Few Markers,-3.697314E28,-3.697314E28,-3.697314E28,-3.697314E28,-3.697314E28,-3.697314E28,-3.697314E28,0.0000000,3,Missing,-3.697314E28,-3.697314E28,-3.697314E28,Missing,-3.697314E28,-3.697314E28,-3.697314E28,Missing,-3.697314E28,-3.697314E28,-3.697314E28,Port 0x02: JJH T tibia tracker  s/n:3E4C8800,179575651,1738682527.518587140,1,OK,0.9147223,-0.2466344,-0.1694117,0.2715773,101.945,74.130,-1677.196,0.2103181,3,OK,102.074,74.018,-1677.077,OK,111.682,-11.295,-1634.555,OK,30.568,21.949,-1692.959,Port 0x03: JJH Y femur tracker  s/n:3E4C8801,179575651,1738682527.518587140,1,OK,0.9179465,0.0479926,0.3886083,-0.0636747,-240.329,288.489,-1635.626,0.1757773,3,OK,-240.188,288.446,-1635.779,OK,-268.250,372.452,-1590.480,OK,-304.694,296.036,-1568.467
3,Port 0x01: JJH Probe  s/n:3E4C880C,179575654,1738682527.568540333,1,Too Few Markers,-3.697314E28,-3.697314E28,-3.697314E28,-3.697314E28,-3.697314E28,-3.697314E28,-3.697314E28,0.0000000,3,Missing,-3.697314E28,-3.697314E28,-3.697314E28,Missing,-3.697314E28,-3.697314E28,-3.697314E28,Missing,-3.697314E28,-3.697314E28,-3.697314E28,Port 0x02: JJH T tibia tracker  s/n:3E4C8800,179575654,1738682527.568540333,1,OK,0.9137977,-0.2503059,-0.1691322,0.2715052,101.820,74.549,-1675.897,0.2151695,3,OK,101.961,74.431,-1675.767,OK,111.416,-10.567,-1632.604,OK,30.382,22.329,-1691.431,Port 0x03: JJH Y femur tracker  s/n:3E4C8801,179575654,1738682527.568540333,1,OK,0.9235877,0.0465561,0.3761968,-0.0573952,-243.917,286.825,-1639.512,0.1668067,3,OK,-243.776,286.784,-1639.655,OK,-274.088,370.439,-1595.160,OK,-310.195,293.559,-1574.158
3,Port 0x01: JJH Probe  s/n:3E4C880C,179575657,1738682527.618540333,1,Too Few Markers,-3.697314E28,-3.697314E28,-3.697314E28,-3.697314E28,-3.697314E28,-3.697314E28,-3.697314E28,0.0000000,3,Missing,-3.697314E28,-3.697314E28,-3.697314E28,Missing,-3.697314E28,-3.697314E28,-3.697314E28,Missing,-3.697314E28,-3.697314E28,-3.697314E28,Port 0x02: JJH T tibia tracker  s/n:3E4C8800,179575657,1738682527.618540333,1,OK,0.9130820,-0.2533672,-0.1683377,0.2715672,101.704,74.930,-1674.671,0.2323998,3,OK,101.847,74.797,-1674.533,OK,111.186,-9.896,-1630.849,OK,30.238,22.671,-1689.890,Port 0x03: JJH Y femur tracker  s/n:3E4C8801,179575657,1738682527.618540333,1,OK,0.9289078,0.0451909,0.3639776,-0.0510733,-247.464,285.048,-1643.601,0.1861764,3,OK,-247.301,285.003,-1643.758,OK,-279.843,368.261,-1600.061,OK,-315.573,290.950,-1580.045
3,Port 0x01: JJH Probe  s/n:3E4C880C,179575660,1738682527.668540333,1,Too Few Markers,-3.697314E28,-3.697314E28,-3.697314E28,-3.697314E28,-3.697314E28,-3.697314E28,-3.697314E28,0.0000000,3,Missing,-3.697314E28,-3.697314E28,-3.697314E28,Missing,-3.697314E28,-3.697314E28,-3.697314E28,Missing,-3.697314E28,-3.697314E28,-3.697314E28,Port 0x02: JJH T tibia tracker  s/n:3E4C8800,179575660,1738682527.668540333,1,OK,0.9119733,-0.2581043,-0.1670643,0.2716179,101.638,75.352,-1673.419,0.1933315,3,OK,101.763,75.252,-1673.304,OK,110.974,-9.093,-1628.726,OK,30.108,23.067,-1688.164,Port 0x03: JJH Y femur tracker  s/n:3E4C8801,179575660,1738682527.668540333,1,OK,0.9341072,0.0442146,0.3514341,-0.0445292,-250.970,283.243,-1647.938,0.2115567,3,OK,-250.782,283.180,-1648.111,OK,-285.577,365.990,-1605.206,OK,-320.874,288.250,-1586.274
3,Port 0x01: JJH Probe  s/n:3E4C880C,179575663,1738682527.718488893,1,Too Few Markers,-3.697314E28,-3.697314E28,-3.697314E28,-3.697314E28,-3.697314E28,-3.697314E28,-3.697314E28,0.0000000,3,Missing,-3.697314E28,-3.697314E28,-3.697314E28,Missing,-3.697314E28,-3.697314E28,-3.697314E28,Missing,-3.697314E28,-3.697314E28,-3.697314E28,Port 0x02: JJH T tibia tracker  s/n:3E4C8800,179575663,1738682527.718488893,1,OK,0.9110756,-0.2614641,-0.1666023,0.2717012,101.575,75.745,-1672.139,0.2180191,3,OK,101.710,75.621,-1672.005,OK,110.795,-8.368,-1626.869,OK,30.014,23.408,-1686.617,Port 0x03: JJH Y femur tracker  s/n:3E4C8801,179575663,1738682527.718488893,1,OK,0.9394354,0.0430974,0.3378981,-0.0377959,-254.400,281.264,-1652.423,0.2178173,3,OK,-254.202,281.204,-1652.594,OK,-291.301,363.509,-1610.665,OK,-326.151,285.326,-1592.846
3,Port 0x01: JJH Probe  s/n:3E4C880C,179575666,1738682527.768488893,1,Too Few Markers,-3.697314E28,-3.697314E28,-3.697314E28,-3.697314E28,-3.697314E28,-3.697314E28,-3.697314E28,0.0000000,3,Missing,-3.697314E28,-3.697314E28,-3.697314E28,Missing,-3.697314E28,-3.697314E28,-3.697314E28,Missing,-3.697314E28,-3.697314E28,-3.697314E28,Port 0x02: JJH T tibia tracker  s/n:3E4C8800,179575666,1738682527.768488893,1,OK,0.9105416,-0.2639840,-0.1657305,0.2715877,101.448,75.986,-1671.007,0.2489342,3,OK,101.594,75.848,-1670.860,OK,110.535,-7.866,-1625.322,OK,29.843,23.642,-1685.190,Port 0x03: JJH Y femur tracker  s/n:3E4C8801,179575666,1738682527.768488893,1,OK,0.9446126,0.0413750,0.3241021,-0.0308702,-257.764,279.199,-1657.221,0.2320727,3,OK,-257.547,279.131,-1657.397,OK,-297.002,360.935,-1616.597,OK,-331.317,282.301,-1599.810
3,Port 0x01: JJH Probe  s/n:3E4C880C,179575669,1738682527.818488893,1,Too Few Markers,-3.697314E28,-3.697314E28,-3.697314E28,-3.697314E28,-3.697314E28,-3.697314E28,-3.697314E28,0.0000000,3,Missing,-3.697314E28,-3.697314E28,-3.697314E28,Missing,-3.697314E28,-3.697314E28,-3.697314E28,Missing,-3.697314E28,-3.697314E28,-3.697314E28,Port 0x02: JJH T tibia tracker  s/n:3E4C8800,179575669,1738682527.818488893,1,OK,0.9097532,-0.2677344,-0.1645806,0.2712574,101.306,76.209,-1669.869,0.2345100,3,OK,101.447,76.098,-1669.736,OK,110.194,-7.325,-1623.528,OK,29.616,23.898,-1683.662,Port 0x03: JJH Y femur tracker  s/n:3E4C8801,179575669,1738682527.818488893,1,OK,0.9499988,0.0400272,0.3087774,-0.0235936,-261.136,276.965,-1662.334,0.2245923,3,OK,-260.925,276.896,-1662.495,OK,-302.813,358.115,-1622.978,OK,-336.558,279.010,-1607.390
3,Port 0x01: JJH Probe  s/n:3E4C880C,179575672,1738682527.868426320,1,Too Few Markers,-3.697314E28,-3.697314E28,-3.697314E28,-3.697314E28,-3.697314E28,-3.697314E28,-3.697314E28,0.0000000,3,Missing,-3.697314E28,-3.697314E28,-3.697314E28,Missing,-3.697314E28,-3.697314E28,-3.697314E28,Missing,-3.697314E28,-3.697314E28,-3.697314E28,Port 0x02: JJH T tibia tracker  s/n:3E4C8800,179575672,1738682527.868426320,1,OK,0.9089268,-0.2714691,-0.1637733,0.2708041,101.092,76.392,-1668.578,0.2402302,3,OK,101.245,76.279,-1668.436,OK,109.772,-6.803,-1621.597,OK,29.286,24.120,-1682.066,Port 0x03: JJH Y femur tracker  s/n:3E4C8801,179575672,1738682527.868426320,1,OK,0.9547419,0.0380524,0.2945424,-0.0162690,-264.321,274.675,-1667.505,0.2408667,3,OK,-264.084,274.612,-1667.673,OK,-308.326,355.221,-1629.478,OK,-341.424,275.653,-1614.871
3,Port 0x01: JJH Probe  s/n:3E4C880C,179575675,1738682527.918426320,1,Too Few Markers,-3.697314E28,-3.697314E28,-3.697314E28,-3.697314E28,-3.697314E28,-3.697314E28,-3.697314E28,0.0000000,3,Missing,-3.697314E28,-3.697314E28,-3.697314E28,Missing,-3.697314E28,-3.697314E28,-3.697314E28,Missing,-3.697314E28,-3.697314E28,-3.697314E28,Port 0x02: JJH T tibia tracker  s/n:3E4C8800,179575675,1738682527.918426320,1,OK,0.9081670,-0.2754118,-0.1625488,0.2701090,100.886,76.497,-1667.381,0.2182858,3,OK,101.026,76.412,-1667.259,OK,109.297,-6.371,-1619.720,OK,28.964,24.322,-1680.476,Port 0x03: JJH Y femur tracker  s/n:3E4C8801,179575675,1738682527.918426320,1,OK,0.9592691,0.0370805,0.2799034,-0.0090473,-267.275,272.404,-1672.887,0.2668874,3,OK,-267.007,272.328,-1673.064,OK,-313.538,352.278,-1636.126,OK,-345.991,272.281,-1622.672
3,Port 0x01: JJH Probe  s/n:3E4C880C,179575678,1738682527.968426320,1,Too Few Markers,-3.697314E28,-3.697314E28,-3.697314E28,-3.697314E28,-3.697314E28,-3.697314E28,-3.697314E28,0.0000000,3,Missing,-3.697314E28,-3.697314E28,-3.697314E28,Missing,-3.697314E28,-3.697314E28,-3.697314E28,Missing,-3.697314E28,-3.697314E28,-3.697314E28,Port 0x02: JJH T tibia tracker  s/n:3E4C8800,179575678,1738682527.968426320,1,OK,0.9074871,-0.2784203,-0.1619513,0.2696686,100.711,76.629,-1666.121,0.2410790,3,OK,100.860,76.527,-1665.983,OK,108.922,-5.940,-1617.971,OK,28.710,24.494,-1678.971,Port 0x03: JJH Y femur tracker  s/n:3E4C8801,179575678,1738682527.968426320,1,OK,0.9635624,0.0353710,0.2651271,-0.0019968,-269.902,270.139,-1678.133,0.2671849,3,OK,-269.632,270.069,-1678.300,OK,-318.364,349.363,-1642.847,OK,-350.134,268.950,-1630.405
3,Port 0x01: JJH Probe  s/n:3E4C880C,179575681,1738682528.018426320,1,Too Few Markers,-3.697314E28,-3.697314E28,-3.697314E28,-3.697314E28,-3.697314E28,-3.697314E28,-3.697314E28,0.0000000,3,Missing,-3.697314E28,-3.697314E28,-3.697314E28,Missing,-3.697314E28,-3.697314E28,-3.697314E28,Missing,-3.697314E28,-3.697314E28,-3.697314E28,Port 0x02: JJH T tibia tracker  s/n:3E4C8800,179575681,1738682528.018426320,1,OK,0.9069835,-0.2808303,-0.1613734,0.2692098,100.501,76.750,-1665.136,0.2590735,3,OK,100.654,76.631,-1664.986,OK,108.535,-5.579,-1616.599,OK,28.425,24.669,-1677.779,Port 0x03: JJH Y femur tracker  s/n:3E4C8801,179575681,1738682528.018426320,1,OK,0.9673885,0.0336750,0.2509987,0.0050186,-272.373,267.883,-1683.345,0.2725893,3,OK,-272.094,267.823,-1683.505,OK,-322.921,346.425,-1649.523,OK,-353.971,265.606,-1638.021
3,Port 0x01: JJH Probe  s/n:3E4C880C,179575684,1738682528.068426320,1,Too Few Markers,-3.697314E28,-3.697314E28,-3.697314E28,-3.697314E28,-3.697314E28,-3.697314E28,-3.697314E28,0.0000000,3,Missing,-3.697314E28,-3.697314E28,-3.697314E28,Missing,-3.697314E28,-3.697314E28,-3.697314E28,Missing,-3.697314E28,-3.697314E28,-3.697314E28,Port 0x02: JJH T tibia tracker  s/n:3E4C8800,179575684,1738682528.068426320,1,OK,0.9064224,-0.2835639,-0.1605773,0.2687097,100.375,76.838,-1664.297,0.2360235,3,OK,100.519,76.739,-1664.162,OK,108.233,-5.262,-1615.283,OK,28.206,24.834,-1676.690,Port 0x03: JJH Y femur tracker  s/n:3E4C8801,179575684,1738682528.068426320,1,OK,0.9708665,0.0324202,0.2371300,0.0116826,-274.539,265.680,-1688.409,0.2844878,3,OK,-274.244,265.625,-1688.567,OK,-327.034,343.536,-1656.018,OK,-357.389,262.346,-1645.471
3,Port 0x01: JJH Probe  s/n:3E4C880C,179575687,1738682528.118426320,1,Too Few Markers,-3.697314E28,-3.697314E28,-3.697314E28,-3.697314E28,-3.697314E28,-3.697314E28,-3.697314E28,0.0000000,3,Missing,-3.697314E28,-3.697314E28,-3.697314E28,Missing,-3.697314E28,-3.697314E28,-3.697314E28,Missing,-3.697314E28,-3.697314E28,-3.697314E28,Port 0x02: JJH T tibia tracker  s/n:3E4C8800,179575687,1738682528.118426320,1,OK,0.9059522,-0.2859870,-0.1597099,0.2682438,100.211,76.979,-1663.432,0.2512358,3,OK,100.361,76.885,-1663.295,OK,107.887,-4.882,-1614.025,OK,27.963,25.035,-1675.561,Port 0x03: JJH Y femur tracker  s/n:3E4C8801,179575687,1738682528.118426320,1,OK,0.9742045,0.0314771,0.2227126,0.0182717,-276.479,263.535,-1693.509,0.2813968,3,OK,-276.188,263.479,-1693.654,OK,-330.878,340.689,-1662.610,OK,-360.518,259.131,-1653.089
3,Port 0x01: JJH Probe  s/n:3E4C880C,179575690,1738682528.168426321,1,Too Few Markers,-3.697314E28,-3.697314E28,-3.697314E28,-3.697314E28,-3.697314E28,-3.697314E28,-3.697314E28,0.0000000,3,Missing,-3.697314E28,-3.697314E28,-3.697314E28,Missing,-3.697314E28,-3.697314E28,-3.697314E28,Missing,-3.697314E28,-3.697314E28,-3.697314E28,Port 0x02: JJH T tibia tracker  s/n:3E4C8800,179575690,1738682528.168426321,1,OK,0.9053901,-0.2883148,-0.1596290,0.2676975,100.033,77.039,-1662.425,0.2515012,3,OK,100.187,76.924,-1662.274,OK,107.538,-4.603,-1612.636,OK,27.695,25.160,-1674.465,Port 0x03: JJH Y femur tracker  s/n:3E4C8801,179575690,1738682528.168426321,1,OK,0.9770461,0.0299569,0.2094275,0.0249737,-278.277,261.276,-1698.642,0.2985014,3,OK,-277.959,261.222,-1698.788,OK,-334.496,337.707,-1669.244,OK,-363.356,255.782,-1660.551
3,Port 0x01: JJH Probe  s/n:3E4C880C,179575693,1738682528.218426321,1,Too Few Markers,-3.697314E28,-3.697314E28,-3.697314E28,-3.697314E28,-3.697314E28,-3.697314E28,-3.697314E28,0.0000000,3,Missing,-3.697314E28,-3.697314E28,-3.697314E28,Missing,-3.697314E28,-3.697314E28,-3.697314E28,Missing,-3.697314E28,-3.697314E28,-3.697314E28,Port 0x02: JJH T tibia tracker  s/n:3E4C8800,179575693,1738682528.218426321,1,OK,0.9045792,-0.2919725,-0.1583430,0.2672380,99.779,77.207,-1661.201,0.2550922,3,OK,99.936,77.107,-1661.055,OK,107.070,-4.074,-1610.797,OK,27.338,25.393,-1672.841,Port 0x03: JJH Y femur tracker  s/n:3E4C8801,179575693,1738682528.218426321,1,OK,0.9796601,0.0285765,0.1961686,0.0311010,-279.821,259.182,-1703.736,0.3081293,3,OK,-279.492,259.142,-1703.876,OK,-337.707,334.921,-1675.878,OK,-365.853,252.688,-1667.991
3,Port 0x01: JJH Probe  s/n:3E4C880C,179575696,1738682528.268426321,1,Too Few Markers,-3.697314E28,-3.697314E28,-3.697314E28,-3.697314E28,-3.697314E28,-3.697314E28,-3.697314E28,0.0000000,3,Missing,-3.697314E28,-3.697314E28,-3.697314E28,Missing,-3.697314E28,-3.697314E28,-3.697314E28,Missing,-3.697314E28,-3.697314E28,-3.697314E28,Port 0x02: JJH T tibia tracker  s/n:3E4C8800,179575696,1738682528.268426321,1,OK,0.9038194,-0.2953566,-0.1579986,0.2662919,99.432,77.250,-1659.884,0.2652932,3,OK,99.592,77.134,-1659.725,OK,106.419,-3.707,-1608.949,OK,26.873,25.551,-1671.340,Port 0x03: JJH Y femur tracker  s/n:3E4C8801,179575696,1738682528.268426321,1,OK,0.9821771,0.0275331,0.1822031,0.0370407,-281.145,257.087,-1708.703,0.3131476,3,OK,-280.818,257.045,-1708.831,OK,-340.657,332.130,-1682.453,OK,-368.073,249.622,-1675.458
3,Port 0x01: JJH Probe  s/n:3E4C880C,179575699,1738682528.318426321,1,Too Few Markers,-3.697314E28,-3.697314E28,-3.697314E28,-3.697314E28,-3.697314E28,-3.697314E28,-3.697314E28,0.0000000,3,Missing,-3.697314E28,-3.697314E28,-3.697314E28,Missing,-3.697314E28,-3.697314E28,-3.697314E28,Missing,-3.697314E28,-3.697314E28,-3.697314E28,Port 0x02: JJH T tibia tracker  s/n:3E4C8800,179575699,1738682528.318426321,1,OK,0.9035643,-0.2976503,-0.1573072,0.2650099,99.120,77.066,-1659.045,0.2618704,3,OK,99.273,76.951,-1658.889,OK,105.795,-3.700,-1607.759,OK,26.408,25.562,-1670.336,Port 0x03: JJH Y femur tracker  s/n:3E4C8801,179575699,1738682528.318426321,1,OK,0.9843311,0.0259684,0.1690059,0.0430687,-282.279,254.964,-1713.610,0.3201157,3,OK,-281.939,254.922,-1713.733,OK,-343.348,329.311,-1688.997,OK,-369.990,246.497,-1682.735
3,Port 0x01: JJH Probe  s/n:3E4C880C,179575702,1738682528.368426321,1,Too Few Markers,-3.697314E28,-3.697314E28,-3.697314E28,-3.697314E28,-3.697314E28,-3.697314E28,-3.697314E28,0.0000000,3,Missing,-3.697314E28,-3.697314E28,-3.697314E28,Missing,-3.697314E28,-3.697314E28,-3.697314E28,Missing,-3.697314E28,-3.697314E28,-3.697314E28,Port 0x02: JJH T tibia tracker  s/n:3E4C8800,179575702,1738682528.368426321,1,OK,0.9034365,-0.2993179,-0.1568543,0.2638333,98.812,76.808,-1658.414,0.2548009,3,OK,98.964,76.702,-1658.263,OK,105.217,-3.833,-1606.878,OK,25.959,25.478,-1669.613,Port 0x03: JJH Y femur tracker  s/n:3E4C8801,179575702,1738682528.368426321,1,OK,0.9862786,0.0249726,0.1556546,0.0490163,-283.276,252.877,-1718.463,0.3156378,3,OK,-282.945,252.842,-1718.572,OK,-345.822,326.500,-1695.459,OK,-371.688,243.398,-1690.009
3,Port 0x01: JJH Probe  s/n:3E4C880C,179575705,1738682528.418426321,1,Too Few Markers,-3.697314E28,-3.697314E28,-3.697314E28,-3.697314E28,-3.697314E28,-3.697314E28,-3.697314E28,0.0000000,3,Missing,-3.697314E28,-3.697314E28,-3.697314E28,Missing,-3.697314E28,-3.697314E28,-3.697314E28,Missing,-3.697314E28,-3.697314E28,-3.697314E28,Port 0x02: JJH T tibia tracker  s/n:3E4C8800,179575705,1738682528.418426321,1,OK,0.9030963,-0.3012855,-0.1566979,0.2628497,98.536,76.694,-1657.560,0.2588215,3,OK,98.697,76.586,-1657.403,OK,104.688,-3.775,-1605.729,OK,25.565,25.490,-1668.692,Port 0x03: JJH Y femur tracker  s/n:3E4C8801,179575705,1738682528.418426321,1,OK,0.9879139,0.0238131,0.1429024,0.0551176,-284.103,250.798,-1723.599,0.3321480,3,OK,-283.753,250.778,-1723.704,OK,-348.074,323.649,-1702.190,OK,-373.130,240.277,-1697.460
3,Port 0x01: JJH Probe  s/n:3E4C880C,179575708,1738682528.468426321,1,Too Few Markers,-3.697314E28,-3.697314E28,-3.697314E28,-3.697314E28,-3.697314E28,-3.697314E28,-3.697314E28,0.0000000,3,Missing,-3.697314E28,-3.697314E28,-3.697314E28,Missing,-3.697314E28,-3.697314E28,-3.697314E28,Missing,-3.697314E28,-3.697314E28,-3.697314E28,Port 0x02: JJH T tibia tracker  s/n:3E4C8800,179575708,1738682528.468426321,1,OK,0.9026808,-0.3036867,-0.1558344,0.2620257,98.256,76.604,-1656.642,0.2590695,3,OK,98.408,76.495,-1656.488,OK,104.176,-3.631,-1604.430,OK,25.178,25.535,-1667.543,Port 0x03: JJH Y femur tracker  s/n:3E4C8801,179575708,1738682528.468426321,1,OK,0.9894594,0.0216750,0.1294323,0.0612176,-284.800,248.580,-1728.533,0.3302186,3,OK,-284.452,248.563,-1728.627,OK,-350.194,320.684,-1708.987,OK,-374.378,237.030,-1704.848
3,Port 0x01: JJH Probe  s/n:3E4C880C,179575711,1738682528.518426321,1,Too Few Markers,-3.697314E28,-3.697314E28,-3.697314E28,-3.697314E28,-3.697314E28,-3.697314E28,-3.697314E28,0.0000000,3,Missing,-3.697314E28,-3.697314E28,-3.697314E28,Missing,-3.697314E28,-3.697314E28,-3.697314E28,Missing,-3.697314E28,-3.697314E28,-3.697314E28,Port 0x02: JJH T tibia tracker  s/n:3E4C8800,179575711,1738682528.518426321,1,OK,0.9022760,-0.3060033,-0.1553894,0.2609870,97.936,76.490,-1655.794,0.2583115,3,OK,98.090,76.387,-1655.641,OK,103.579,-3.536,-1603.228,OK,24.734,25.566,-1666.558,Port 0x03: JJH Y femur tracker  s/n:3E4C8801,179575711,1738682528.518426321,1,OK,0.9907342,0.0208817,0.1163254,0.0669183,-285.284,246.551,-1733.506,0.3468022,3,OK,-284.929,246.541,-1733.591,OK,-351.955,317.889,-1715.611,OK,-375.329,234.027,-1712.228
3,Port 0x01: JJH Probe  s/n:3E4C880C,179575714,1738682528.568426321,1,Too Few Markers,-3.697314E28,-3.697314E28,-3.697314E28,-3.697314E28,-3.697314E28,-3.697314E28,-3.697314E28,0.0000000,3,Missing,-3.697314E28,-3.697314E28,-3.697314E28,Missing,-3.697314E28,-3.697314E28,-3.697314E28,Missing,-3.697314E28,-3.697314E28,-3.697314E28,Port 0x02: JJH T tibia tracker  s/n:3E4C8800,179575714,1738682528.568426321,1,OK,0.9021007,-0.3076796,-0.1552154,0.2597226,97.627,76.217,-1655.059,0.2601182,3,OK,97.784,76.107,-1654.900,OK,102.982,-3.671,-1602.256,OK,24.283,25.470,-1665.790,Port 0x03: JJH Y femur tracker  s/n:3E4C8801,179575714,1738682528.568426321,1,OK,0.9918542,0.0193633,0.1029181,0.0725128,-285.574,244.536,-1738.387,0.3510945,3,OK,-285.211,244.532,-1738.464,OK,-353.470,315.149,-1722.324,OK,-376.033,231.044,-1719.569
3,Port 0x01: JJH Probe  s/n:3E4C880C,179575717,1738682528.618426321,1,Too Few Markers,-3.697314E28,-3.697314E28,-3.697314E28,-3.697314E28,-3.697314E28,-3.697314E28,-3.697314E28,0.0000000,3,Missing,-3.697314E28,-3.697314E28,-3.697314E28,Missing,-3.697314E28,-3.697314E28,-3.697314E28,Missing,-3.697314E28,-3.697314E28,-3.697314E28,Port 0x02: JJH T tibia tracker  s/n:3E4C8800,179575717,1738682528.618426321,1,OK,0.9020823,-0.3091736,-0.1547386,0.2582930,97.259,75.918,-1654.293,0.2675881,3,OK,97.416,75.801,-1654.130,OK,102.301,-3.847,-1601.294,OK,23.760,25.386,-1664.952,Port 0x03: JJH Y femur tracker  s/n:3E4C8801,179575717,1738682528.618426321,1,OK,0.9926745,0.0174210,0.0902823,0.0783767,-285.743,242.480,-1743.368,0.3542578,3,OK,-285.373,242.485,-1743.437,OK,-354.826,312.321,-1729.129,OK,-376.505,227.965,-1726.870
3,Port 0x01: JJH Probe  s/n:3E4C880C,179575720,1738682528.668426321,1,Too Few Markers,-3.697314E28,-3.697314E28,-3.697314E28,-3.697314E28,-3.697314E28,-3.697314E28,-3.697314E28,0.0000000,3,Missing,-3.697314E28,-3.697314E28,-3.697314E28,Missing,-3.697314E28,-3.697314E28,-3.697314E28,Missing,-3.697314E28,-3.697314E28,-3.697314E28,Port 0x02: JJH T tibia tracker  s/n:3E4C8800,179575720,1738682528.668426321,1,OK,0.9019830,-0.3108935,-0.1542981,0.2568345,96.874,75.592,-1653.565,0.2603394,3,OK,97.031,75.481,-1653.403,OK,101.600,-4.039,-1600.317,OK,23.207,25.281,-1664.157,Port 0x03: JJH Y femur tracker  s/n:3E4C8801,179575720,1738682528.668426321,1,OK,0.9933132,0.0160226,0.0773105,0.0842327,-285.785,240.376,-1748.354,0.3591821,3,OK,-285.415,240.393,-1748.412,OK,-356.001,309.411,-1735.927,OK,-376.783,224.833,-1734.249
3,Port 0x01: JJH Probe  s/n:3E4C880C,179575723,1738682528.718426321,1,Too Few Markers,-3.697314E28,-3.697314E28,-3.697314E28,-3.697314E28,-3.697314E28,-3.697314E28,-3.697314E28,0.0000000,3,Missing,-3.697314E28,-3.697314E28,-3.697314E28,Missing,-3.697314E28,-3.697314E28,-3.697314E28,Missing,-3.697314E28,-3.697314E28,-3.697314E28,Port 0x02: JJH T tibia tracker  s/n:3E4C8800,179575723,1738682528.718426321,1,OK,0.9019264,-0.3122564,-0.1542210,0.2554224,96.490,75.265,-1652.960,0.2465957,3,OK,96.637,75.151,-1652.802,OK,100.915,-4.278,-1599.524,OK,22.684,25.164,-1663.565,Port 0x03: JJH Y femur tracker  s/n:3E4C8801,179575723,1738682528.718426321,1,OK,0.9937851,0.0154440,0.0640156,0.0897483,-285.679,238.349,-1753.124,0.3785912,3,OK,-285.299,238.381,-1753.173,OK,-356.925,306.586,-1742.459,OK,-376.863,221.841,-1741.486
3,Port 0x01: JJH Probe  s/n:3E4C880C,179575726,1738682528.768426321,1,Too Few Markers,-3.697314E28,-3.697314E28,-3.697314E28,-3.697314E28,-3.697314E28,-3.697314E28,-3.697314E28,0.0000000,3,Missing,-3.697314E28,-3.697314E28,-3.697314E28,Missing,-3.697314E28,-3.697314E28,-3.697314E28,Missing,-3.697314E28,-3.697314E28,-3.697314E28,Port 0x02: JJH T tibia tracker  s/n:3E4C8800,179575726,1738682528.768426321,1,OK,0.9020263,-0.3133355,-0.1534494,0.2542100,96.111,74.971,-1652.382,0.2500692,3,OK,96.262,74.870,-1652.230,OK,100.282,-4.486,-1598.803,OK,22.164,25.065,-1662.869,Port 0x03: JJH Y femur tracker  s/n:3E4C8801,179575726,1738682528.768426321,1,OK,0.9939879,0.0139270,0.0517265,0.0954904,-285.484,236.340,-1757.876,0.3862775,3,OK,-285.100,236.378,-1757.917,OK,-357.733,303.762,-1749.003,OK,-376.742,218.820,-1748.508
3,Port 0x01: JJH Probe  s/n:3E4C880C,179575729,1738682528.818426321,1,Too Few Markers,-3.697314E28,-3.697314E28,-3.697314E28,-3.697314E28,-3.697314E28,-3.697314E28,-3.697314E28,0.0000000,3,Missing,-3.697314E28,-3.697314E28,-3.697314E28,Missing,-3.697314E28,-3.697314E28,-3.697314E28,Missing,-3.697314E28,-3.697314E28,-3.697314E28,Port 0x02: JJH T tibia tracker  s/n:3E4C8800,179575729,1738682528.818426321,1,OK,0.9019899,-0.3143665,-0.1535266,0.2530166,95.858,74.728,-1651.807,0.2423705,3,OK,96.011,74.630,-1651.655,OK,99.776,-4.666,-1598.093,OK,21.790,24.988,-1662.338,Port 0x03: JJH Y femur tracker  s/n:3E4C8801,179575729,1738682528.818426321,1,OK,0.9940402,0.0119539,0.0392758,0.1009877,-285.053,234.425,-1762.267,0.3845173,3,OK,-284.673,234.458,-1762.297,OK,-358.233,301.073,-1755.297,OK,-376.314,215.937,-1755.189
3,Port 0x01: JJH Probe  s/n:3E4C880C,179575732,1738682528.868426321,1,Too Few Markers,-3.697314E28,-3.697314E28,-3.697314E28,-3.697314E28,-3.697314E28,-3.697314E28,-3.697314E28,0.0000000,3,Missing,-3.697314E28,-3.697314E28,-3.697314E28,Missing,-3.697314E28,-3.697314E28,-3.697314E28,Missing,-3.697314E28,-3.697314E28,-3.697314E28,Port 0x02: JJH T tibia tracker  s/n:3E4C8800,179575732,1738682528.868426321,1,OK,0.9020316,-0.3150936,-0.1534659,0.2519985,95.528,74.524,-1651.224,0.2487208,3,OK,95.681,74.417,-1651.066,OK,99.229,-4.817,-1597.432,OK,21.364,24.930,-1661.770,Port 0x03: JJH Y femur tracker  s/n:3E4C8801,179575732,1738682528.868426321,1,OK,0.9938820,0.0114178,0.0278427,0.1062682,-284.602,232.505,-1766.830,0.3838993,3,OK,-284.238,232.556,-1766.850,OK,-358.592,298.368,-1761.441,OK,-375.803,213.072,-1761.878
3,Port 0x01: JJH Probe  s/n:3E4C880C,179575735,1738682528.918426321,1,Too Few Markers,-3.697314E28,-3.697314E28,-3.697314E28,-3.697314E28,-3.697314E28,-3.697314E28,-3.697314E28,0.0000000,3,Missing,-3.697314E28,-3.697314E28,-3.697314E28,Missing,-3.697314E28,-3.697314E28,-3.697314E28,Missing,-3.697314E28,-3.697314E28,-3.697314E28,Port 0x02: JJH T tibia tracker  s/n:3E4C8800,179575735,1738682528.918426321,1,OK,0.9021261,-0.3160242,-0.1527712,0.2509147,95.261,74.263,-1650.728,0.2425030,3,OK,95.405,74.172,-1650.585,OK,98.731,-5.011,-1596.811,OK,20.992,24.851,-1661.163,Port 0x03: JJH Y femur tracker  s/n:3E4C8801,179575735,1738682528.918426321,1,OK,0.9935929,0.0093400,0.0155757,0.1115497,-283.988,230.627,-1771.158,0.3868691,3,OK,-283.610,230.682,-1771.169,OK,-358.771,295.730,-1767.703,OK,-375.091,210.241,-1768.454
3,Port 0x01: JJH Probe  s/n:3E4C880C,179575738,1738682528.968426321,1,Too Few Markers,-3.697314E28,-3.697314E28,-3.697314E28,-3.697314E28,-3.697314E28,-3.697314E28,-3.697314E28,0.0000000,3,Missing,-3.697314E28,-3.697314E28,-3.697314E28,Missing,-3.697314E28,-3.697314E28,-3.697314E28,Missing,-3.697314E28,-3.697314E28,-3.697314E28,Port 0x02: JJH T tibia tracker  s/n:3E4C8800,179575738,1738682528.968426321,1,OK,0.9022463,-0.3165928,-0.1526974,0.2498082,94.936,74.000,-1650.255,0.2525889,3,OK,95.087,73.894,-1650.099,OK,98.194,-5.232,-1596.287,OK,20.541,24.750,-1660.732,Port 0x03: JJH Y femur tracker  s/n:3E4C8801,179575738,1738682528.968426321,1,OK,0.9931083,0.0081630,0.0036069,0.1168601,-283.268,228.705,-1775.574,0.3999217,3,OK,-282.878,228.761,-1775.577,OK,-358.798,293.008,-1773.900,OK,-374.195,207.381,-1775.077
3,Port 0x01: JJH Probe  s/n:3E4C880C,179575741,1738682529.018426321,1,Too Few Markers,-3.697314E28,-3.697314E28,-3.697314E28,-3.697314E28,-3.697314E28,-3.697314E28,-3.697314E28,0.0000000,3,Missing,-3.697314E28,-3.697314E28,-3.697314E28,Missing,-3.697314E28,-3.697314E28,-3.697314E28,Missing,-3.697314E28,-3.697314E28,-3.697314E28,Port 0x02: JJH T tibia tracker  s/n:3E4C8800,179575741,1738682529.018426321,1,OK,0.9024023,-0.3171729,-0.1525451,0.2485988,94.604,73.718,-1649.717,0.2512315,3,OK,94.756,73.615,-1649.562,OK,97.620,-5.489,-1595.694,OK,20.095,24.649,-1660.214,Port 0x03: JJH Y femur tracker  s/n:3E4C8801,179575741,1738682529.018426321,1,OK,0.9924635,0.0076307,-0.0087586,0.1219884,-282.411,226.819,-1779.962,0.4122224,3,OK,-282.017,226.890,-1779.955,OK,-358.601,290.332,-1780.047,OK,-373.113,204.582,-1781.755
3,Port 0x01: JJH Probe  s/n:3E4C880C,179575744,1738682529.068426321,1,Too Few Markers,-3.697314E28,-3.697314E28,-3.697314E28,-3.697314E28,-3.697314E28,-3.697314E28,-3.697314E28,0.0000000,3,Missing,-3.697314E28,-3.697314E28,-3.697314E28,Missing,-3.697314E28,-3.697314E28,-3.697314E28,Missing,-3.697314E28,-3.697314E28,-3.697314E28,Port 0x02: JJH T tibia tracker  s/n:3E4C8800,179575744,1738682529.068426321,1,OK,0.9025305,-0.3180087,-0.1520788,0.2473484,94.298,73.387,-1649.310,0.2286880,3,OK,94.440,73.302,-1649.172,OK,97.073,-5.784,-1595.166,OK,19.657,24.525,-1659.770,Port 0x03: JJH Y femur tracker  s/n:3E4C8801,179575744,1738682529.068426321,1,OK,0.9916417,0.0054208,-0.0202222,0.1273121,-281.441,224.951,-1784.204,0.4066573,3,OK,-281.053,225.022,-1784.188,OK,-358.276,287.660,-1786.185,OK,-371.829,201.754,-1788.077
3,Port 0x01: JJH Probe  s/n:3E4C880C,179575747,1738682529.118426321,1,Too Few Markers,-3.697314E28,-3.697314E28,-3.697314E28,-3.697314E28,-3.697314E28,-3.697314E28,-3.697314E28,0.0000000,3,Missing,-3.697314E28,-3.697314E28,-3.697314E28,Missing,-3.697314E28,-3.697314E28,-3.697314E28,Missing,-3.697314E28,-3.697314E28,-3.697314E28,Port 0x02: JJH T tibia tracker  s/n:3E4C8800,179575747,1738682529.118426321,1,OK,0.9028537,-0.3177756,-0.1522495,0.2463614,93.951,73.163,-1648.812,0.2625016,3,OK,94.106,73.053,-1648.651,OK,96.537,-6.032,-1594.776,OK,19.229,24.433,-1659.370,Port 0x03: JJH Y femur tracker  s/n:3E4C8801,179575747,1738682529.118426321,1,OK,0.9906855,0.0050530,-0.0316984,0.1323324,-280.412,223.168,-1788.443,0.4185980,3,OK,-280.022,223.261,-1788.417,OK,-357.794,285.088,-1792.067,OK,-370.466,199.074,-1794.434
3,Port 0x01: JJH Probe  s/n:3E4C880C,179575750,1738682529.168426323,1,Too Few Markers,-3.697314E28,-3.697314E28,-3.697314E28,-3.697314E28,-3.697314E28,-3.697314E28,-3.697314E28,0.0000000,3,Missing,-3.697314E28,-3.697314E28,-3.697314E28,Missing,-3.697314E28,-3.697314E28,-3.697314E28,Missing,-3.697314E28,-3.697314E28,-3.697314E28,Port 0x02: JJH T tibia tracker  s/n:3E4C8800,179575750,1738682529.168426323,1,OK,0.9029329,-0.3184238,-0.1520170,0.2453756,93.704,72.875,-1648.483,0.2273456,3,OK,93.848,72.791,-1648.344,OK,96.104,-6.312,-1594.339,OK,18.879,24.307,-1659.041,Port 0x03: JJH Y femur tracker  s/n:3E4C8801,179575750,1738682529.168426323,1,OK,0.9895792,0.0030607,-0.0427327,0.1374681,-279.291,221.359,-1792.430,0.4126346,3,OK,-278.906,221.444,-1792.396,OK,-357.211,282.486,-1797.886,OK,-368.925,196.340,-1800.411
3,Port 0x01: JJH Probe  s/n:3E4C880C,179575753,1738682529.218426323,1,Too Few Markers,-3.697314E28,-3.697314E28,-3.697314E28,-3.697314E28,-3.697314E28,-3.697314E28,-3.697314E28,0.0000000,3,Missing,-3.697314E28,-3.697314E28,-3.697314E28,Missing,-3.697314E28,-3.697314E28,-3.697314E28,Missing,-3.697314E28,-3.697314E28,-3.697314E28,Port 0x02: JJH T tibia tracker  s/n:3E4C8800,179575753,1738682529.218426323,1,OK,0.9031016,-0.3183460,-0.1524782,0.2445682,93.460,72.746,-1648.169,0.2374115,3,OK,93.605,72.640,-1648.015,OK,95.711,-6.466,-1594.082,OK,18.573,24.284,-1658.870,Port 0x03: JJH Y femur tracker  s/n:3E4C8801,179575753,1738682529.218426323,1,OK,0.9883903,0.0021219,-0.0534727,0.1422000,-278.071,219.741,-1796.285,0.4116333,3,OK,-277.702,219.837,-1796.244,OK,-356.424,280.115,-1803.389,OK,-367.264,193.878,-1806.218
3,Port 0x01: JJH Probe  s/n:3E4C880C,179575756,1738682529.268426322,1,Too Few Markers,-3.697314E28,-3.697314E28,-3.697314E28,-3.697314E28,-3.697314E28,-3.697314E28,-3.697314E28,0.0000000,3,Missing,-3.697314E28,-3.697314E28,-3.697314E28,Missing,-3.697314E28,-3.697314E28,-3.697314E28,Missing,-3.697314E28,-3.697314E28,-3.697314E28,Port 0x02: JJH T tibia tracker  s/n:3E4C8800,179575756,1738682529.268426322,1,OK,0.9034207,-0.3182730,-0.1518322,0.2438858,93.272,72.541,-1647.901,0.2503446,3,OK,93.421,72.443,-1647.751,OK,95.398,-6.681,-1593.856,OK,18.317,24.199,-1658.522,Port 0x03: JJH Y femur tracker  s/n:3E4C8801,179575756,1738682529.268426322,1,OK,0.9870532,0.0019301,-0.0643742,0.1468955,-276.761,218.045,-1800.139,0.4306802,3,OK,-276.395,218.168,-1800.090,OK,-355.498,277.650,-1808.818,OK,-365.482,191.363,-1812.069
3,Port 0x01: JJH Probe  s/n:3E4C880C,179575759,1738682529.318426322,1,Too Few Markers,-3.697314E28,-3.697314E28,-3.697314E28,-3.697314E28,-3.697314E28,-3.697314E28,-3.697314E28,0.0000000,3,Missing,-3.697314E28,-3.697314E28,-3.697314E28,Missing,-3.697314E28,-3.697314E28,-3.697314E28,Missing,-3.697314E28,-3.697314E28,-3.697314E28,Port 0x02: JJH T tibia tracker  s/n:3E4C8800,179575759,1738682529.318426322,1,OK,0.9036928,-0.3180689,-0.1518380,0.2431395,93.051,72.355,-1647.634,0.2553539,3,OK,93.201,72.254,-1647.481,OK,95.045,-6.907,-1593.654,OK,18.033,24.125,-1658.312,Port 0x03: JJH Y femur tracker  s/n:3E4C8801,179575759,1738682529.318426322,1,OK,0.9855420,-0.0001599,-0.0752029,0.1518268,-275.374,216.356,-1804.033,0.4180250,3,OK,-275.012,216.472,-1803.976,OK,-354.490,275.187,-1814.559,OK,-363.531,188.771,-1817.883
3,Port 0x01: JJH Probe  s/n:3E4C880C,179575762,1738682529.368426323,1,Too Few Markers,-3.697314E28,-3.697314E28,-3.697314E28,-3.697314E28,-3.697314E28,-3.697314E28,-3.697314E28,0.0000000,3,Missing,-3.697314E28,-3.697314E28,-3.697314E28,Missing,-3.697314E28,-3.697314E28,-3.697314E28,Missing,-3.697314E28,-3.697314E28,-3.697314E28,Port 0x02: JJH T tibia tracker  s/n:3E4C8800,179575762,1738682529.368426323,1,OK,0.9038069,-0.3182869,-0.1519212,0.2423768,92.848,72.166,-1647.416,0.2292582,3,OK,92.990,72.072,-1647.272,OK,94.717,-7.118,-1593.400,OK,17.747,24.061,-1658.168,Port 0x03: JJH Y femur tracker  s/n:3E4C8801,179575762,1738682529.368426323,1,OK,0.9838033,-0.0015481,-0.0870627,0.1566804,-273.923,214.672,-1807.780,0.4358894,3,OK,-273.527,214.788,-1807.708,OK,-353.357,272.721,-1820.208,OK,-361.467,186.224,-1823.751
3,Port 0x01: JJH Probe  s/n:3E4C880C,179575765,1738682529.418426323,1,Too Few Markers,-3.697314E28,-3.697314E28,-3.697314E28,-3.697314E28,-3.697314E28,-3.697314E28,-3.697314E28,0.0000000,3,Missing,-3.697314E28,-3.697314E28,-3.697314E28,Missing,-3.697314E28,-3.697314E28,-3.697314E28,Missing,-3.697314E28,-3.697314E28,-3.697314E28,Port 0x02: JJH T tibia tracker  s/n:3E4C8800,179575765,1738682529.418426323,1,OK,0.9041926,-0.3178096,-0.1516172,0.2417539,92.645,71.973,-1647.200,0.2570225,3,OK,92.796,71.874,-1647.048,OK,94.400,-7.354,-1593.309,OK,17.497,23.963,-1657.943,Port 0x03: JJH Y femur tracker  s/n:3E4C8801,179575765,1738682529.418426323,1,OK,0.9821832,-0.0022490,-0.0962798,0.1613729,-272.331,213.067,-1811.542,0.4159977,3,OK,-271.998,213.203,-1811.474,OK,-352.042,270.344,-1825.406,OK,-359.258,183.787,-1829.153
3,Port 0x01: JJH Probe  s/n:3E4C880C,179575768,1738682529.468426323,1,Too Few Markers,-3.697314E28,-3.697314E28,-3.697314E28,-3.697314E28,-3.697314E28,-3.697314E28,-3.697314E28,0.0000000,3,Missing,-3.697314E28,-3.697314E28,-3.697314E28,Missing,-3.697314E28,-3.697314E28,-3.697314E28,Missing,-3.697314E28,-3.697314E28,-3.697314E28,Port 0x02: JJH T tibia tracker  s/n:3E4C8800,179575768,1738682529.468426323,1,OK,0.9043822,-0.3178407,-0.1517348,0.2409287,92.490,71.767,-1646.924,0.2518926,3,OK,92.640,71.664,-1646.770,OK,94.101,-7.584,-1593.053,OK,17.264,23.881,-1657.749,Port 0x03: JJH Y femur tracker  s/n:3E4C8801,179575768,1738682529.468426323,1,OK,0.9803553,-0.0033732,-0.1070092,0.1656536,-270.786,211.557,-1814.903,0.4307618,3,OK,-270.423,211.695,-1814.821,OK,-350.691,268.136,-1830.483,OK,-357.068,181.519,-1834.416
3,Port 0x01: JJH Probe  s/n:3E4C880C,179575771,1738682529.518426322,1,Too Few Markers,-3.697314E28,-3.697314E28,-3.697314E28,-3.697314E28,-3.697314E28,-3.697314E28,-3.697314E28,0.0000000,3,Missing,-3.697314E28,-3.697314E28,-3.697314E28,Missing,-3.697314E28,-3.697314E28,-3.697314E28,Missing,-3.697314E28,-3.697314E28,-3.697314E28,Port 0x02: JJH T tibia tracker  s/n:3E4C8800,179575771,1738682529.518426322,1,OK,0.9046834,-0.3174669,-0.1515692,0.2403946,92.265,71.611,-1646.760,0.2648377,3,OK,92.413,71.498,-1646.600,OK,93.789,-7.779,-1592.980,OK,16.999,23.816,-1657.602,Port 0x03: JJH Y femur tracker  s/n:3E4C8801,179575771,1738682529.518426322,1,OK,0.9786051,-0.0050908,-0.1160944,0.1697885,-269.256,210.189,-1818.099,0.4273814,3,OK,-268.893,210.315,-1818.009,OK,-349.341,266.083,-1835.251,OK,-354.890,179.415,-1839.181
3,Port 0x01: JJH Probe  s/n:3E4C880C,179575774,1738682529.568426322,1,Too Few Markers,-3.697314E28,-3.697314E28,-3.697314E28,-3.697314E28,-3.697314E28,-3.697314E28,-3.697314E28,0.0000000,3,Missing,-3.697314E28,-3.697314E28,-3.697314E28,Missing,-3.697314E28,-3.697314E28,-3.697314E28,Missing,-3.697314E28,-3.697314E28,-3.697314E28,Port 0x02: JJH T tibia tracker  s/n:3E4C8800,179575774,1738682529.568426322,1,OK,0.9049208,-0.3170890,-0.1519218,0.2397762,92.104,71.430,-1646.590,0.2689793,3,OK,92.260,71.312,-1646.423,OK,93.525,-8.020,-1592.903,OK,16.785,23.714,-1657.558,Port 0x03: JJH Y femur tracker  s/n:3E4C8801,179575774,1738682529.568426322,1,OK,0.9768363,-0.0055251,-0.1247677,0.1737625,-267.653,208.780,-1821.222,0.4082136,3,OK,-267.341,208.919,-1821.138,OK,-347.864,264.019,-1839.705,OK,-352.624,177.310,-1843.827
3,Port 0x01: JJH Probe  s/n:3E4C880C,179575777,1738682529.618426323,1,Too Few Markers,-3.697314E28,-3.697314E28,-3.697314E28,-3.697314E28,-3.697314E28,-3.697314E28,-3.697314E28,0.0000000,3,Missing,-3.697314E28,-3.697314E28,-3.697314E28,Missing,-3.697314E28,-3.697314E28,-3.697314E28,Missing,-3.697314E28,-3.697314E28,-3.697314E28,Port 0x02: JJH T tibia tracker  s/n:3E4C8800,179575777,1738682529.618426323,1,OK,0.9051515,-0.3169428,-0.1517050,0.2392354,91.998,71.277,-1646.457,0.2483765,3,OK,92.144,71.178,-1646.309,OK,93.332,-8.224,-1592.793,OK,16.633,23.659,-1657.428,Port 0x03: JJH Y femur tracker  s/n:3E4C8801,179575777,1738682529.618426323,1,OK,0.9748492,-0.0069748,-0.1343904,0.1776504,-266.042,207.498,-1824.140,0.4243208,3,OK,-265.691,207.631,-1824.039,OK,-346.337,262.087,-1844.242,OK,-350.312,175.343,-1848.407
3,Port 0x01: JJH Probe  s/n:3E4C880C,179575780,1738682529.668426323,1,Too Few Markers,-3.697314E28,-3.697314E28,-3.697314E28,-3.697314E28,-3.697314E28,-3.697314E28,-3.697314E28,0.0000000,3,Missing,-3.697314E28,-3.697314E28,-3.697314E28,Missing,-3.697314E28,-3.697314E28,-3.697314E28,Missing,-3.697314E28,-3.697314E28,-3.697314E28,Port 0x02: JJH T tibia tracker  s/n:3E4C8800,179575780,1738682529.668426323,1,OK,0.9053238,-0.3168414,-0.1517601,0.2386823,91.881,71.131,-1646.343,0.2314119,3,OK,92.019,71.036,-1646.202,OK,93.128,-8.412,-1592.700,OK,16.467,23.606,-1657.373,Port 0x03: JJH Y femur tracker  s/n:3E4C8801,179575780,1738682529.668426323,1,OK,0.9729245,-0.0081712,-0.1430281,0.1813675,-264.430,206.253,-1826.975,0.4194787,3,OK,-264.082,206.384,-1826.867,OK,-344.779,260.224,-1848.517,OK,-348.002,173.439,-1852.719
3,Port 0x01: JJH Probe  s/n:3E4C880C,179575783,1738682529.718426323,1,Too Few Markers,-3.697314E28,-3.697314E28,-3.697314E28,-3.697314E28,-3.697314E28,-3.697314E28,-3.697314E28,0.0000000,3,Missing,-3.697314E28,-3.697314E28,-3.697314E28,Missing,-3.697314E28,-3.697314E28,-3.697314E28,Missing,-3.697314E28,-3.697314E28,-3.697314E28,Port 0x02: JJH T tibia tracker  s/n:3E4C8800,179575783,1738682529.718426323,1,OK,0.9056359,-0.3163070,-0.1514476,0.2384055,91.756,71.035,-1646.290,0.2479249,3,OK,91.900,70.943,-1646.148,OK,92.965,-8.557,-1592.756,OK,16.317,23.560,-1657.298,Port 0x03: JJH Y femur tracker  s/n:3E4C8801,179575783,1738682529.718426323,1,OK,0.9711056,-0.0095060,-0.1504131,0.1850392,-262.810,205.093,-1829.885,0.3982347,3,OK,-262.507,205.223,-1829.786,OK,-343.211,258.436,-1852.708,OK,-345.698,171.627,-1856.862
3,Port 0x01: JJH Probe  s/n:3E4C880C,179575786,1738682529.768426322,1,Too Few Markers,-3.697314E28,-3.697314E28,-3.697314E28,-3.697314E28,-3.697314E28,-3.697314E28,-3.697314E28,0.0000000,3,Missing,-3.697314E28,-3.697314E28,-3.697314E28,Missing,-3.697314E28,-3.697314E28,-3.697314E28,Missing,-3.697314E28,-3.697314E28,-3.697314E28,Port 0x02: JJH T tibia tracker  s/n:3E4C8800,179575786,1738682529.768426322,1,OK,0.9058819,-0.3156634,-0.1518468,0.2380695,91.682,70.939,-1646.163,0.2512319,3,OK,91.824,70.827,-1646.009,OK,92.855,-8.729,-1592.755,OK,16.221,23.511,-1657.303,Port 0x03: JJH Y femur tracker  s/n:3E4C8801,179575786,1738682529.768426322,1,OK,0.9690455,-0.0100969,-0.1590132,0.1885836,-261.168,203.863,-1832.476,0.4058607,3,OK,-260.864,204.006,-1832.370,OK,-341.554,256.607,-1856.651,OK,-343.327,169.788,-1860.930
3,Port 0x01: JJH Probe  s/n:3E4C880C,179575789,1738682529.818426322,1,Too Few Markers,-3.697314E28,-3.697314E28,-3.697314E28,-3.697314E28,-3.697314E28,-3.697314E28,-3.697314E28,0.0000000,3,Missing,-3.697314E28,-3.697314E28,-3.697314E28,Missing,-3.697314E28,-3.697314E28,-3.697314E28,Missing,-3.697314E28,-3.697314E28,-3.697314E28,Port 0x02: JJH T tibia tracker  s/n:3E4C8800,179575789,1738682529.818426322,1,OK,0.9060662,-0.3153559,-0.1518250,0.2377896,91.639,70.823,-1646.157,0.2386342,3,OK,91.781,70.721,-1646.010,OK,92.783,-8.899,-1592.795,OK,16.147,23.446,-1657.334,Port 0x03: JJH Y femur tracker  s/n:3E4C8801,179575789,1738682529.818426322,1,OK,0.9670156,-0.0116179,-0.1669614,0.1920152,-259.531,202.764,-1835.025,0.3904366,3,OK,-259.226,202.882,-1834.914,OK,-339.905,254.935,-1860.597,OK,-340.942,168.082,-1864.789
3,Port 0x01: JJH Probe  s/n:3E4C880C,179575792,1738682529.868426323,1,Too Few Markers,-3.697314E28,-3.697314E28,-3.697314E28,-3.697314E28,-3.697314E28,-3.697314E28,-3.697314E28,0.0000000,3,Missing,-3.697314E28,-3.697314E28,-3.697314E28,Missing,-3.697314E28,-3.697314E28,-3.697314E28,Missing,-3.697314E28,-3.697314E28,-3.697314E28,Port 0x02: JJH T tibia tracker  s/n:3E4C8800,179575792,1738682529.868426323,1,OK,0.9063737,-0.3147850,-0.1516990,0.2374544,91.577,70.724,-1646.090,0.2543018,3,OK,91.721,70.616,-1645.937,OK,92.673,-9.051,-1592.848,OK,16.063,23.404,-1657.285,Port 0x03: JJH Y femur tracker  s/n:3E4C8801,179575792,1738682529.868426323,1,OK,0.9650930,-0.0127827,-0.1741415,0.1952097,-257.961,201.766,-1837.323,0.3860378,3,OK,-257.660,201.877,-1837.208,OK,-338.300,253.388,-1864.126,OK,-338.676,166.527,-1868.269
3,Port 0x01: JJH Probe  s/n:3E4C880C,179575795,1738682529.918426323,1,Too Few Markers,-3.697314E28,-3.697314E28,-3.697314E28,-3.697314E28,-3.697314E28,-3.697314E28,-3.697314E28,0.0000000,3,Missing,-3.697314E28,-3.697314E28,-3.697314E28,Missing,-3.697314E28,-3.697314E28,-3.697314E28,Missing,-3.697314E28,-3.697314E28,-3.697314E28,Port 0x02: JJH T tibia tracker  s/n:3E4C8800,179575795,1738682529.918426323,1,OK,0.9065836,-0.3142527,-0.1520050,0.2371624,91.474,70.633,-1646.057,0.2503375,3,OK,91.619,70.520,-1645.901,OK,92.541,-9.215,-1592.911,OK,15.933,23.353,-1657.361,Port 0x03: JJH Y femur tracker  s/n:3E4C8801,179575795,1738682529.918426323,1,OK,0.9632489,-0.0130728,-0.1809565,0.1980795,-256.517,200.807,-1839.551,0.3888653,3,OK,-256.226,200.938,-1839.434,OK,-336.783,251.941,-1867.404,OK,-336.582,165.083,-1871.651
3,Port 0x01: JJH Probe  s/n:3E4C880C,179575798,1738682529.968426323,1,Too Few Markers,-3.697314E28,-3.697314E28,-3.697314E28,-3.697314E28,-3.697314E28,-3.697314E28,-3.697314E28,0.0000000,3,Missing,-3.697314E28,-3.697314E28,-3.697314E28,Missing,-3.697314E28,-3.697314E28,-3.697314E28,Missing,-3.697314E28,-3.697314E28,-3.697314E28,Port 0x02: JJH T tibia tracker  s/n:3E4C8800,179575798,1738682529.968426323,1,OK,0.9066912,-0.3142122,-0.1519829,0.2368183,91.391,70.519,-1645.991,0.2443915,3,OK,91.530,70.406,-1645.839,OK,92.398,-9.347,-1592.861,OK,15.827,23.298,-1657.315,Port 0x03: JJH Y femur tracker  s/n:3E4C8801,179575798,1738682529.968426323,1,OK,0.9614681,-0.0140706,-0.1872489,0.2007959,-255.098,199.925,-1841.512,0.3896873,3,OK,-254.815,200.056,-1841.394,OK,-335.284,250.579,-1870.439,OK,-334.525,163.735,-1874.638
3,Port 0x01: JJH Probe  s/n:3E4C880C,179575801,1738682530.018426322,1,Too Few Markers,-3.697314E28,-3.697314E28,-3.697314E28,-3.697314E28,-3.697314E28,-3.697314E28,-3.697314E28,0.0000000,3,Missing,-3.697314E28,-3.697314E28,-3.697314E28,Missing,-3.697314E28,-3.697314E28,-3.697314E28,Missing,-3.697314E28,-3.697314E28,-3.697314E28,Port 0x02: JJH T tibia tracker  s/n:3E4C8800,179575801,1738682530.018426322,1,OK,0.9069533,-0.3136059,-0.1520580,0.2365703,91.327,70.455,-1645.918,0.2489765,3,OK,91.467,70.337,-1645.762,OK,92.310,-9.480,-1592.901,OK,15.746,23.274,-1657.300,Port 0x03: JJH Y femur tracker  s/n:3E4C8801,179575801,1738682530.018426322,1,OK,0.9598461,-0.0147946,-0.1928328,0.2032044,-253.764,199.175,-1843.226,0.3852734,3,OK,-253.489,199.299,-1843.107,OK,-333.876,249.413,-1873.087,OK,-332.603,162.581,-1877.259
3,Port 0x01: JJH Probe  s/n:3E4C880C,179575804,1738682530.068426322,1,Too Few Markers,-3.697314E28,-3.697314E28,-3.697314E28,-3.697314E28,-3.697314E28,-3.697314E28,-3.697314E28,0.0000000,3,Missing,-3.697314E28,-3.697314E28,-3.697314E28,Missing,-3.697314E28,-3.697314E28,-3.697314E28,Missing,-3.697314E28,-3.697314E28,-3.697314E28,Port 0x02: JJH T tibia tracker  s/n:3E4C8800,179575804,1738682530.068426322,1,OK,0.9070411,-0.3135878,-0.1520435,0.2362666,91.290,70.354,-1645.919,0.2315841,3,OK,91.427,70.254,-1645.777,OK,92.221,-9.610,-1592.901,OK,15.683,23.223,-1657.321,Port 0x03: JJH Y femur tracker  s/n:3E4C8801,179575804,1738682530.068426322,1,OK,0.9583746,-0.0152628,-0.1977517,0.2053763,-252.576,198.505,-1844.834,0.3745708,3,OK,-252.306,198.630,-1844.714,OK,-332.616,248.386,-1875.494,OK,-330.890,161.530,-1879.672
3,Port 0x01: JJH Probe  s/n:3E4C880C,179575807,1738682530.118426323,1,Too Few Markers,-3.697314E28,-3.697314E28,-3.697314E28,-3.697314E28,-3.697314E28,-3.697314E28,-3.697314E28,0.0000000,3,Missing,-3.697314E28,-3.697314E28,-3.697314E28,Missing,-3.697314E28,-3.697314E28,-3.697314E28,Missing,-3.697314E28,-3.697314E28,-3.697314E28,Port 0x02: JJH T tibia tracker  s/n:3E4C8800,179575807,1738682530.118426323,1,OK,0.9072349,-0.3131005,-0.1522472,0.2360377,91.194,70.281,-1645.792,0.2467177,3,OK,91.338,70.164,-1645.635,OK,92.101,-9.728,-1592.876,OK,15.563,23.179,-1657.273,Port 0x03: JJH Y femur tracker  s/n:3E4C8801,179575807,1738682530.118426323,1,OK,0.9570060,-0.0158996,-0.2024904,0.2070853,-251.595,197.925,-1846.101,0.3837904,3,OK,-251.299,198.049,-1845.967,OK,-331.530,247.513,-1877.553,OK,-329.436,160.658,-1881.712
3,Port 0x01: JJH Probe  s/n:3E4C880C,179575810,1738682530.168426325,1,Too Few Markers,-3.697314E28,-3.697314E28,-3.697314E28,-3.697314E28,-3.697314E28,-3.697314E28,-3.697314E28,0.0000000,3,Missing,-3.697314E28,-3.697314E28,-3.697314E28,Missing,-3.697314E28,-3.697314E28,-3.697314E28,Missing,-3.697314E28,-3.697314E28,-3.697314E28,Port 0x02: JJH T tibia tracker  s/n:3E4C8800,179575810,1738682530.168426325,1,OK,0.9074150,-0.3128065,-0.1522130,0.2357568,91.093,70.214,-1645.751,0.2539230,3,OK,91.239,70.093,-1645.589,OK,91.959,-9.826,-1592.899,OK,15.437,23.157,-1657.257,Port 0x03: JJH Y femur tracker  s/n:3E4C8801,179575810,1738682530.168426325,1,OK,0.9559495,-0.0157601,-0.2058205,0.2086866,-250.682,197.440,-1847.313,0.3760242,3,OK,-250.428,197.581,-1847.193,OK,-330.553,246.752,-1879.239,OK,-328.139,159.918,-1883.477
3,Port 0x01: JJH Probe  s/n:3E4C880C,179575813,1738682530.218426324,1,Too Few Markers,-3.697314E28,-3.697314E28,-3.697314E28,-3.697314E28,-3.697314E28,-3.697314E28,-3.697314E28,0.0000000,3,Missing,-3.697314E28,-3.697314E28,-3.697314E28,Missing,-3.697314E28,-3.697314E28,-3.697314E28,Missing,-3.697314E28,-3.697314E28,-3.697314E28,Port 0x02: JJH T tibia tracker  s/n:3E4C8800,179575813,1738682530.218426324,1,OK,0.9074519,-0.3130030,-0.1520339,0.2354693,91.033,70.118,-1645.731,0.2358732,3,OK,91.173,70.013,-1645.584,OK,91.846,-9.925,-1592.839,OK,15.348,23.115,-1657.217,Port 0x03: JJH Y femur tracker  s/n:3E4C8801,179575813,1738682530.218426324,1,OK,0.9549426,-0.0166412,-0.2090860,0.2099780,-249.905,197.064,-1848.330,0.3680994,3,OK,-249.642,197.188,-1848.205,OK,-329.702,246.155,-1880.865,OK,-326.998,159.310,-1884.995
3,Port 0x01: JJH Probe  s/n:3E4C880C,179575816,1738682530.268426325,1,Too Few Markers,-3.697314E28,-3.697314E28,-3.697314E28,-3.697314E28,-3.697314E28,-3.697314E28,-3.697314E28,0.0000000,3,Missing,-3.697314E28,-3.697314E28,-3.697314E28,Missing,-3.697314E28,-3.697314E28,-3.697314E28,Missing,-3.697314E28,-3.697314E28,-3.697314E28,Port 0x02: JJH T tibia tracker  s/n:3E4C8800,179575816,1738682530.268426325,1,OK,0.9075327,-0.3131087,-0.1517420,0.2352054,90.991,70.025,-1645.622,0.2359401,3,OK,91.134,69.929,-1645.480,OK,91.754,-10.012,-1592.717,OK,15.276,23.069,-1657.065,Port 0x03: JJH Y femur tracker  s/n:3E4C8801,179575816,1738682530.268426325,1,OK,0.9540247,-0.0166594,-0.2121521,0.2110708,-249.158,196.668,-1849.151,0.3720228,3,OK,-248.892,196.806,-1849.022,OK,-328.866,245.578,-1882.139,OK,-325.938,158.730,-1886.330
3,Port 0x01: JJH Probe  s/n:3E4C880C,179575819,1738682530.318426325,1,Too Few Markers,-3.697314E28,-3.697314E28,-3.697314E28,-3.697314E28,-3.697314E28,-3.697314E28,-3.697314E28,0.0000000,3,Missing,-3.697314E28,-3.697314E28,-3.697314E28,Missing,-3.697314E28,-3.697314E28,-3.697314E28,Missing,-3.697314E28,-3.697314E28,-3.697314E28,Port 0x02: JJH T tibia tracker  s/n:3E4C8800,179575819,1738682530.318426325,1,OK,0.9075799,-0.3130177,-0.1520774,0.2349277,90.911,69.986,-1645.542,0.2328302,3,OK,91.052,69.881,-1645.395,OK,91.628,-10.073,-1592.664,OK,15.178,23.065,-1657.073,Port 0x03: JJH Y femur tracker  s/n:3E4C8801,179575819,1738682530.318426325,1,OK,0.9531405,-0.0174374,-0.2149291,0.2121898,-248.458,196.361,-1849.891,0.3717251,3,OK,-248.184,196.483,-1849.758,OK,-328.098,245.067,-1883.404,OK,-324.921,158.231,-1887.492
3,Port 0x01: JJH Probe  s/n:3E4C880C,179575822,1738682530.368426325,1,Too Few Markers,-3.697314E28,-3.697314E28,-3.697314E28,-3.697314E28,-3.697314E28,-3.697314E28,-3.697314E28,0.0000000,3,Missing,-3.697314E28,-3.697314E28,-3.697314E28,Missing,-3.697314E28,-3.697314E28,-3.697314E28,Missing,-3.697314E28,-3.697314E28,-3.697314E28,Port 0x02: JJH T tibia tracker  s/n:3E4C8800,179575822,1738682530.368426325,1,OK,0.9076225,-0.3130488,-0.1520264,0.2347549,90.816,69.915,-1645.486,0.2240917,3,OK,90.945,69.812,-1645.346,OK,91.499,-10.152,-1592.604,OK,15.078,23.029,-1657.014,Port 0x03: JJH Y femur tracker  s/n:3E4C8801,179575822,1738682530.368426325,1,OK,0.9522623,-0.0177773,-0.2176243,0.2133544,-247.753,196.007,-1850.819,0.3503417,3,OK,-247.505,196.123,-1850.695,OK,-327.323,244.525,-1884.777,OK,-323.885,157.674,-1888.838
3,Port 0x01: JJH Probe  s/n:3E4C880C,179575825,1738682530.418426325,1,Too Few Markers,-3.697314E28,-3.697314E28,-3.697314E28,-3.697314E28,-3.697314E28,-3.697314E28,-3.697314E28,0.0000000,3,Missing,-3.697314E28,-3.697314E28,-3.697314E28,Missing,-3.697314E28,-3.697314E28,-3.697314E28,Missing,-3.697314E28,-3.697314E28,-3.697314E28,Port 0x02: JJH T tibia tracker  s/n:3E4C8800,179575825,1738682530.418426325,1,OK,0.9078006,-0.3126519,-0.1519291,0.2346579,90.746,69.905,-1645.435,0.2430182,3,OK,90.884,69.795,-1645.286,OK,91.420,-10.187,-1592.637,OK,14.999,23.033,-1656.965,Port 0x03: JJH Y femur tracker  s/n:3E4C8801,179575825,1738682530.418426325,1,OK,0.9512968,-0.0177185,-0.2206550,0.2145501,-247.072,195.640,-1851.594,0.3675794,3,OK,-246.810,195.771,-1851.461,OK,-326.564,243.949,-1885.996,OK,-322.883,157.126,-1890.121
3,Port 0x01: JJH Probe  s/n:3E4C880C,179575828,1738682530.468426324,1,Too Few Markers,-3.697314E28,-3.697314E28,-3.697314E28,-3.697314E28,-3.697314E28,-3.697314E28,-3.697314E28,0.0000000,3,Missing,-3.697314E28,-3.697314E28,-3.697314E28,Missing,-3.697314E28,-3.697314E28,-3.697314E28,Missing,-3.697314E28,-3.697314E28,-3.697314E28,Port 0x02: JJH T tibia tracker  s/n:3E4C8800,179575828,1738682530.468426324,1,OK,0.9078649,-0.3126106,-0.1516999,0.2346128,90.763,69.875,-1645.453,0.2412881,3,OK,90.906,69.775,-1645.308,OK,91.437,-10.223,-1592.656,OK,14.998,23.017,-1656.951,Port 0x03: JJH Y femur tracker  s/n:3E4C8801,179575828,1738682530.468426324,1,OK,0.9505081,-0.0183469,-0.2228982,0.2156714,-246.370,195.325,-1852.380,0.3534327,3,OK,-246.127,195.442,-1852.255,OK,-325.807,243.433,-1887.205,OK,-321.882,156.618,-1891.233
3,Port 0x01: JJH Probe  s/n:3E4C880C,179575831,1738682530.518426325,1,Too Few Markers,-3.697314E28,-3.697314E28,-3.697314E28,-3.697314E28,-3.697314E28,-3.697314E28,-3.697314E28,0.0000000,3,Missing,-3.697314E28,-3.697314E28,-3.697314E28,Missing,-3.697314E28,-3.697314E28,-3.697314E28,Missing,-3.697314E28,-3.697314E28,-3.697314E28,Port 0x02: JJH T tibia tracker  s/n:3E4C8800,179575831,1738682530.518426325,1,OK,0.9078200,-0.3127648,-0.1518936,0.2344553,90.781,69.859,-1645.424,0.2223087,3,OK,90.914,69.761,-1645.286,OK,91.428,-10.247,-1592.593,OK,15.006,23.026,-1656.966,Port 0x03: JJH Y femur tracker  s/n:3E4C8801,179575831,1738682530.518426325,1,OK,0.9496857,-0.0183774,-0.2255627,0.2165198,-245.839,195.018,-1852.965,0.3721167,3,OK,-245.563,195.152,-1852.822,OK,-325.186,242.986,-1888.188,OK,-321.094,156.165,-1892.270
3,Port 0x01: JJH Probe  s/n:3E4C880C,179575834,1738682530.568426325,1,Too Few Markers,-3.697314E28,-3.697314E28,-3.697314E28,-3.697314E28,-3.697314E28,-3.697314E28,-3.697314E28,0.0000000,3,Missing,-3.697314E28,-3.697314E28,-3.697314E28,Missing,-3.697314E28,-3.697314E28,-3.697314E28,Missing,-3.697314E28,-3.697314E28,-3.697314E28,Port 0x02: JJH T tibia tracker  s/n:3E4C8800,179575834,1738682530.568426325,1,OK,0.9078624,-0.3125583,-0.1521370,0.2344087,90.701,69.900,-1645.373,0.2258454,3,OK,90.836,69.795,-1645.229,OK,91.344,-10.229,-1592.584,OK,14.927,23.067,-1656.973,Port 0x03: JJH Y femur tracker  s/n:3E4C8801,179575834,1738682530.568426325,1,OK,0.9492835,-0.0185897,-0.2261254,0.2176754,-245.507,194.749,-1853.432,0.3408901,3,OK,-245.290,194.871,-1853.318,OK,-324.902,242.515,-1888.783,OK,-320.578,155.705,-1892.786
3,Port 0x01: JJH Probe  s/n:3E4C880C,179575837,1738682530.618426325,1,Too Few Markers,-3.697314E28,-3.697314E28,-3.697314E28,-3.697314E28,-3.697314E28,-3.697314E28,-3.697314E28,0.0000000,3,Missing,-3.697314E28,-3.697314E28,-3.697314E28,Missing,-3.697314E28,-3.697314E28,-3.697314E28,Missing,-3.697314E28,-3.697314E28,-3.697314E28,Port 0x02: JJH T tibia tracker  s/n:3E4C8800,179575837,1738682530.618426325,1,OK,0.9078749,-0.3126600,-0.1518164,0.2344328,90.649,69.850,-1645.389,0.2240519,3,OK,90.784,69.758,-1645.253,OK,91.291,-10.267,-1592.577,OK,14.874,23.021,-1656.919,Port 0x03: JJH Y femur tracker  s/n:3E4C8801,179575837,1738682530.618426325,1,OK,0.9493556,-0.0184123,-0.2263146,0.2171790,-245.622,194.838,-1853.301,0.3544503,3,OK,-245.391,194.971,-1853.179,OK,-324.961,242.688,-1888.641,OK,-320.735,155.883,-1892.709
3,Port 0x01: JJH Probe  s/n:3E4C880C,179575840,1738682530.668426325,1,Too Few Markers,-3.697314E28,-3.697314E28,-3.697314E28,-3.697314E28,-3.697314E28,-3.697314E28,-3.697314E28,0.0000000,3,Missing,-3.697314E28,-3.697314E28,-3.697314E28,Missing,-3.697314E28,-3.697314E28,-3.697314E28,Missing,-3.697314E28,-3.697314E28,-3.697314E28,Port 0x02: JJH T tibia tracker  s/n:3E4C8800,179575840,1738682530.668426325,1,OK,0.9078531,-0.3125762,-0.1520997,0.2344452,90.673,69.850,-1645.365,0.2361928,3,OK,90.815,69.742,-1645.215,OK,91.320,-10.266,-1592.579,OK,14.895,23.007,-1656.955,Port 0x03: JJH Y femur tracker  s/n:3E4C8801,179575840,1738682530.668426325,1,OK,0.9496015,-0.0185632,-0.2254149,0.2170268,-245.838,194.849,-1853.007,0.3654947,3,OK,-245.580,194.978,-1852.873,OK,-325.232,242.717,-1888.245,OK,-321.050,155.914,-1892.265
3,Port 0x01: JJH Probe  s/n:3E4C880C,179575843,1738682530.718426324,1,Too Few Markers,-3.697314E28,-3.697314E28,-3.697314E28,-3.697314E28,-3.697314E28,-3.697314E28,-3.697314E28,0.0000000,3,Missing,-3.697314E28,-3.697314E28,-3.697314E28,Missing,-3.697314E28,-3.697314E28,-3.697314E28,Missing,-3.697314E28,-3.697314E28,-3.697314E28,Port 0x02: JJH T tibia tracker  s/n:3E4C8800,179575843,1738682530.718426324,1,OK,0.9078346,-0.3127345,-0.1518525,0.2344661,90.665,69.832,-1645.473,0.2327923,3,OK,90.799,69.724,-1645.328,OK,91.313,-10.264,-1592.655,OK,14.892,22.998,-1657.006,Port 0x03: JJH Y femur tracker  s/n:3E4C8801,179575843,1738682530.718426324,1,OK,0.9505238,-0.0178645,-0.2224928,0.2160609,-246.465,195.156,-1852.332,0.3511999,3,OK,-246.249,195.290,-1852.220,OK,-325.954,243.198,-1887.038,OK,-321.979,156.395,-1891.131
3,Port 0x01: JJH Probe  s/n:3E4C880C,179575846,1738682530.768426325,1,Too Few Markers,-3.697314E28,-3.697314E28,-3.697314E28,-3.697314E28,-3.697314E28,-3.697314E28,-3.697314E28,0.0000000,3,Missing,-3.697314E28,-3.697314E28,-3.697314E28,Missing,-3.697314E28,-3.697314E28,-3.697314E28,Missing,-3.697314E28,-3.697314E28,-3.697314E28,Port 0x02: JJH T tibia tracker  s/n:3E4C8800,179575846,1738682530.768426325,1,OK,0.9078017,-0.3127816,-0.1519102,0.2344930,90.603,69.788,-1645.621,0.2342625,3,OK,90.741,69.682,-1645.475,OK,91.251,-10.304,-1592.797,OK,14.833,22.943,-1657.159,Port 0x03: JJH Y femur tracker  s/n:3E4C8801,179575846,1738682530.768426325,1,OK,0.9520868,-0.0178991,-0.2177168,0.2140323,-247.914,195.704,-1850.678,0.3608923,3,OK,-247.644,195.817,-1850.545,OK,-327.550,244.099,-1884.688,OK,-323.993,157.259,-1888.703
3,Port 0x01: JJH Probe  s/n:3E4C880C,179575849,1738682530.818426325,1,Too Few Markers,-3.697314E28,-3.697314E28,-3.697314E28,-3.697314E28,-3.697314E28,-3.697314E28,-3.697314E28,0.0000000,3,Missing,-3.697314E28,-3.697314E28,-3.697314E28,Missing,-3.697314E28,-3.697314E28,-3.697314E28,Missing,-3.697314E28,-3.697314E28,-3.697314E28,Port 0x02: JJH T tibia tracker  s/n:3E4C8800,179575849,1738682530.818426325,1,OK,0.9077215,-0.3129731,-0.1520760,0.2344407,90.522,69.742,-1645.841,0.2352640,3,OK,90.663,69.637,-1645.694,OK,91.147,-10.333,-1592.992,OK,14.751,22.894,-1657.401,Port 0x03: JJH Y femur tracker  s/n:3E4C8801,179575849,1738682530.818426325,1,OK,0.9547328,-0.0163880,-0.2093565,0.2106810,-250.069,196.669,-1848.157,0.3708390,3,OK,-249.802,196.798,-1848.030,OK,-329.924,245.645,-1880.715,OK,-327.092,158.802,-1884.874
3,Port 0x01: JJH Probe  s/n:3E4C880C,179575852,1738682530.868426325,1,Too Few Markers,-3.697314E28,-3.697314E28,-3.697314E28,-3.697314E28,-3.697314E28,-3.697314E28,-3.697314E28,0.0000000,3,Missing,-3.697314E28,-3.697314E28,-3.697314E28,Missing,-3.697314E28,-3.697314E28,-3.697314E28,Missing,-3.697314E28,-3.697314E28,-3.697314E28,Port 0x02: JJH T tibia tracker  s/n:3E4C8800,179575852,1738682530.868426325,1,OK,0.9075361,-0.3135920,-0.1519139,0.2344364,90.488,69.714,-1645.979,0.2317237,3,OK,90.621,69.614,-1645.839,OK,91.082,-10.296,-1593.027,OK,14.725,22.866,-1657.471,Port 0x03: JJH Y femur tracker  s/n:3E4C8801,179575852,1738682530.868426325,1,OK,0.9581193,-0.0156912,-0.1980338,0.2062613,-252.706,198.062,-1844.858,0.3721956,3,OK,-252.432,198.178,-1844.737,OK,-332.815,247.785,-1875.639,OK,-330.925,160.927,-1879.716
3,Port 0x01: JJH Probe  s/n:3E4C880C,179575855,1738682530.918426325,1,Too Few Markers,-3.697314E28,-3.697314E28,-3.697314E28,-3.697314E28,-3.697314E28,-3.697314E28,-3.697314E28,0.0000000,3,Missing,-3.697314E28,-3.697314E28,-3.697314E28,Missing,-3.697314E28,-3.697314E28,-3.697314E28,Missing,-3.697314E28,-3.697314E28,-3.697314E28,Port 0x02: JJH T tibia tracker  s/n:3E4C8800,179575855,1738682530.918426325,1,OK,0.9070554,-0.3149452,-0.1519299,0.2344723,90.433,69.816,-1645.991,0.2297978,3,OK,90.571,69.721,-1645.850,OK,90.982,-10.050,-1592.813,OK,14.664,22.945,-1657.419,Port 0x03: JJH Y femur tracker  s/n:3E4C8801,179575855,1738682530.918426325,1,OK,0.9618677,-0.0141502,-0.1850846,0.2008830,-255.709,199.773,-1840.854,0.3828176,3,OK,-255.426,199.899,-1840.738,OK,-336.018,250.414,-1869.491,OK,-335.275,163.550,-1873.600
3,Port 0x01: JJH Probe  s/n:3E4C880C,179575858,1738682530.968426324,1,Too Few Markers,-3.697314E28,-3.697314E28,-3.697314E28,-3.697314E28,-3.697314E28,-3.697314E28,-3.697314E28,0.0000000,3,Missing,-3.697314E28,-3.697314E28,-3.697314E28,Missing,-3.697314E28,-3.697314E28,-3.697314E28,Missing,-3.697314E28,-3.697314E28,-3.697314E28,Port 0x02: JJH T tibia tracker  s/n:3E4C8800,179575858,1738682530.968426324,1,OK,0.9065308,-0.3162723,-0.1523598,0.2344362,90.324,69.927,-1645.810,0.2430280,3,OK,90.473,69.810,-1645.649,OK,90.818,-9.788,-1592.427,OK,14.541,23.028,-1657.263,Port 0x03: JJH Y femur tracker  s/n:3E4C8801,179575858,1738682530.968426324,1,OK,0.9659439,-0.0124291,-0.1701652,0.1945293,-258.907,201.818,-1836.182,0.3828422,3,OK,-258.627,201.940,-1836.077,OK,-339.357,253.544,-1862.359,OK,-339.924,166.691,-1866.451
3,Port 0x01: JJH Probe  s/n:3E4C880C,179575861,1738682531.018426325,1,Too Few Markers,-3.697314E28,-3.697314E28,-3.697314E28,-3.697314E28,-3.697314E28,-3.697314E28,-3.697314E28,0.0000000,3,Missing,-3.697314E28,-3.697314E28,-3.697314E28,Missing,-3.697314E28,-3.697314E28,-3.697314E28,Missing,-3.697314E28,-3.697314E28,-3.697314E28,Port 0x02: JJH T tibia tracker  s/n:3E4C8800,179575861,1738682531.018426325,1,OK,0.9060556,-0.3176865,-0.1522381,0.2344400,90.297,69.921,-1645.796,0.2362484,3,OK,90.435,69.808,-1645.642,OK,90.727,-9.643,-1592.182,OK,14.526,23.011,-1657.146,Port 0x03: JJH Y femur tracker  s/n:3E4C8801,179575861,1738682531.018426325,1,OK,0.9699931,-0.0103135,-0.1545022,0.1874461,-262.154,204.073,-1831.112,0.3925421,3,OK,-261.849,204.196,-1831.010,OK,-342.627,257.012,-1854.666,OK,-344.637,170.175,-1858.765
3,Port 0x01: JJH Probe  s/n:3E4C880C,179575864,1738682531.068426325,1,Too Few Markers,-3.697314E28,-3.697314E28,-3.697314E28,-3.697314E28,-3.697314E28,-3.697314E28,-3.697314E28,0.0000000,3,Missing,-3.697314E28,-3.697314E28,-3.697314E28,Missing,-3.697314E28,-3.697314E28,-3.697314E28,Missing,-3.697314E28,-3.697314E28,-3.697314E28,Port 0x02: JJH T tibia tracker  s/n:3E4C8800,179575864,1738682531.068426325,1,OK,0.9057188,-0.3184771,-0.1522335,0.2346716,90.343,69.974,-1645.825,0.2459698,3,OK,90.486,69.858,-1645.666,OK,90.776,-9.489,-1592.084,OK,14.593,23.014,-1657.113,Port 0x03: JJH Y femur tracker  s/n:3E4C8801,179575864,1738682531.068426325,1,OK,0.9737514,-0.0086602,-0.1388211,0.1801720,-265.334,206.495,-1825.670,0.4154401,3,OK,-264.984,206.610,-1825.566,OK,-345.719,260.653,-1846.670,OK,-349.193,173.874,-1850.651
3,Port 0x01: JJH Probe  s/n:3E4C880C,179575867,1738682531.118426325,1,Too Few Markers,-3.697314E28,-3.697314E28,-3.697314E28,-3.697314E28,-3.697314E28,-3.697314E28,-3.697314E28,0.0000000,3,Missing,-3.697314E28,-3.697314E28,-3.697314E28,Missing,-3.697314E28,-3.697314E28,-3.697314E28,Missing,-3.697314E28,-3.697314E28,-3.697314E28,Port 0x02: JJH T tibia tracker  s/n:3E4C8800,179575867,1738682531.118426325,1,OK,0.9052967,-0.3195272,-0.1520354,0.2350012,90.424,70.044,-1645.909,0.2442674,3,OK,90.563,69.929,-1645.753,OK,90.877,-9.293,-1591.981,OK,14.701,23.031,-1657.085,Port 0x03: JJH Y femur tracker  s/n:3E4C8801,179575867,1738682531.118426325,1,OK,0.9773914,-0.0066069,-0.1220799,0.1725079,-268.286,209.020,-1819.993,0.4231758,3,OK,-267.921,209.136,-1819.899,OK,-348.465,264.458,-1838.236,OK,-353.473,177.750,-1842.090
3,Port 0x01: JJH Probe  s/n:3E4C880C,179575870,1738682531.168426320,1,Too Few Markers,-3.697314E28,-3.697314E28,-3.697314E28,-3.697314E28,-3.697314E28,-3.697314E28,-3.697314E28,0.0000000,3,Missing,-3.697314E28,-3.697314E28,-3.697314E28,Missing,-3.697314E28,-3.697314E28,-3.697314E28,Missing,-3.697314E28,-3.697314E28,-3.697314E28,Port 0x02: JJH T tibia tracker  s/n:3E4C8800,179575870,1738682531.168426320,1,OK,0.9048513,-0.3206015,-0.1517715,0.2354234,90.509,70.120,-1645.972,0.2430082,3,OK,90.649,70.020,-1645.824,OK,90.991,-9.088,-1591.852,OK,14.821,23.037,-1657.011,Port 0x03: JJH Y femur tracker  s/n:3E4C8801,179575870,1738682531.168426320,1,OK,0.9806478,-0.0037357,-0.1055440,0.1648527,-271.037,211.552,-1814.290,0.4300371,3,OK,-270.664,211.678,-1814.207,OK,-350.900,268.262,-1829.706,OK,-357.421,181.650,-1833.529
3,Port 0x01: JJH Probe  s/n:3E4C880C,179575873,1738682531.218426320,1,Too Few Markers,-3.697314E28,-3.697314E28,-3.697314E28,-3.697314E28,-3.697314E28,-3.697314E28,-3.697314E28,0.0000000,3,Missing,-3.697314E28,-3.697314E28,-3.697314E28,Missing,-3.697314E28,-3.697314E28,-3.697314E28,Missing,-3.697314E28,-3.697314E28,-3.697314E28,Port 0x02: JJH T tibia tracker  s/n:3E4C8800,179575873,1738682531.218426320,1,OK,0.9044345,-0.3213288,-0.1521566,0.2357848,90.613,70.183,-1646.012,0.2463236,3,OK,90.751,70.061,-1645.850,OK,91.136,-8.933,-1591.767,OK,14.957,23.027,-1657.069,Port 0x03: JJH Y femur tracker  s/n:3E4C8801,179575873,1738682531.218426320,1,OK,0.9836183,-0.0021558,-0.0883389,0.1571196,-273.564,214.198,-1808.429,0.4236273,3,OK,-273.194,214.313,-1808.361,OK,-353.004,272.170,-1821.124,OK,-361.021,185.667,-1824.611
3,Port 0x01: JJH Probe  s/n:3E4C880C,179575876,1738682531.268426320,1,Too Few Markers,-3.697314E28,-3.697314E28,-3.697314E28,-3.697314E28,-3.697314E28,-3.697314E28,-3.697314E28,0.0000000,3,Missing,-3.697314E28,-3.697314E28,-3.697314E28,Missing,-3.697314E28,-3.697314E28,-3.697314E28,Missing,-3.697314E28,-3.697314E28,-3.697314E28,Port 0x02: JJH T tibia tracker  s/n:3E4C8800,179575876,1738682531.268426320,1,OK,0.9040393,-0.3220004,-0.1520601,0.2364456,90.782,70.239,-1646.216,0.2372285,3,OK,90.916,70.129,-1646.064,OK,91.395,-8.794,-1591.832,OK,15.187,22.979,-1657.174,Port 0x03: JJH Y femur tracker  s/n:3E4C8801,179575876,1738682531.268426320,1,OK,0.9861626,0.0007664,-0.0720293,0.1493136,-275.844,216.733,-1802.466,0.4313744,3,OK,-275.464,216.861,-1802.408,OK,-354.724,275.965,-1812.393,OK,-364.254,189.599,-1815.768
3,Port 0x01: JJH Probe  s/n:3E4C880C,179575879,1738682531.318426320,1,Too Few Markers,-3.697314E28,-3.697314E28,-3.697314E28,-3.697314E28,-3.697314E28,-3.697314E28,-3.697314E28,0.0000000,3,Missing,-3.697314E28,-3.697314E28,-3.697314E28,Missing,-3.697314E28,-3.697314E28,-3.697314E28,Missing,-3.697314E28,-3.697314E28,-3.697314E28,Port 0x02: JJH T tibia tracker  s/n:3E4C8800,179575879,1738682531.318426320,1,OK,0.9035641,-0.3228392,-0.1517641,0.2373067,91.056,70.498,-1646.383,0.2404304,3,OK,91.192,70.398,-1646.237,OK,91.788,-8.414,-1591.832,OK,15.534,23.106,-1657.179,Port 0x03: JJH Y femur tracker  s/n:3E4C8801,179575879,1738682531.318426320,1,OK,0.9883959,0.0011446,-0.0543267,0.1418478,-277.785,219.417,-1796.631,0.4108290,3,OK,-277.418,219.508,-1796.590,OK,-356.081,279.842,-1803.990,OK,-366.973,193.615,-1806.696
3,Port 0x01: JJH Probe  s/n:3E4C880C,179575882,1738682531.368426320,1,Too Few Markers,-3.697314E28,-3.697314E28,-3.697314E28,-3.697314E28,-3.697314E28,-3.697314E28,-3.697314E28,0.0000000,3,Missing,-3.697314E28,-3.697314E28,-3.697314E28,Missing,-3.697314E28,-3.697314E28,-3.697314E28,Missing,-3.697314E28,-3.697314E28,-3.697314E28,Port 0x02: JJH T tibia tracker  s/n:3E4C8800,179575882,1738682531.368426320,1,OK,0.9032251,-0.3227978,-0.1520039,0.2384971,91.384,70.807,-1646.648,0.2598950,3,OK,91.527,70.690,-1646.486,OK,92.324,-8.060,-1592.082,OK,15.972,23.218,-1657.406,Port 0x03: JJH Y femur tracker  s/n:3E4C8801,179575882,1738682531.368426320,1,OK,0.9901789,0.0037002,-0.0385834,0.1343255,-279.521,221.987,-1790.722,0.4160277,3,OK,-279.143,222.086,-1790.692,OK,-357.081,283.593,-1795.496,OK,-369.384,197.534,-1797.954
3,Port 0x01: JJH Probe  s/n:3E4C880C,179575885,1738682531.418426320,1,Too Few Markers,-3.697314E28,-3.697314E28,-3.697314E28,-3.697314E28,-3.697314E28,-3.697314E28,-3.697314E28,0.0000000,3,Missing,-3.697314E28,-3.697314E28,-3.697314E28,Missing,-3.697314E28,-3.697314E28,-3.697314E28,Missing,-3.697314E28,-3.697314E28,-3.697314E28,Port 0x02: JJH T tibia tracker  s/n:3E4C8800,179575885,1738682531.418426320,1,OK,0.9029203,-0.3224928,-0.1522750,0.2398870,91.789,71.052,-1647.176,0.2478330,3,OK,91.932,70.948,-1647.022,OK,92.990,-7.829,-1592.602,OK,16.505,23.246,-1657.907,Port 0x03: JJH Y femur tracker  s/n:3E4C8801,179575885,1738682531.418426320,1,OK,0.9916008,0.0049336,-0.0223846,0.1272885,-281.008,224.406,-1785.049,0.4075702,3,OK,-280.634,224.487,-1785.032,OK,-357.817,287.106,-1787.394,OK,-371.378,201.219,-1789.311
3,Port 0x01: JJH Probe  s/n:3E4C880C,179575888,1738682531.468426320,1,Too Few Markers,-3.697314E28,-3.697314E28,-3.697314E28,-3.697314E28,-3.697314E28,-3.697314E28,-3.697314E28,0.0000000,3,Missing,-3.697314E28,-3.697314E28,-3.697314E28,Missing,-3.697314E28,-3.697314E28,-3.697314E28,Missing,-3.697314E28,-3.697314E28,-3.697314E28,Port 0x02: JJH T tibia tracker  s/n:3E4C8800,179575888,1738682531.468426320,1,OK,0.9027069,-0.3218808,-0.1524985,0.2413652,92.216,71.420,-1647.719,0.2454369,3,OK,92.365,71.319,-1647.564,OK,93.711,-7.494,-1593.189,OK,17.061,23.387,-1658.428,Port 0x03: JJH Y femur tracker  s/n:3E4C8801,179575888,1738682531.468426320,1,OK,0.9926729,0.0063156,-0.0071044,0.1204585,-282.272,226.866,-1779.391,0.4020106,3,OK,-281.894,226.926,-1779.386,OK,-358.272,290.617,-1779.439,OK,-373.025,204.911,-1780.846
3,Port 0x01: JJH Probe  s/n:3E4C880C,179575891,1738682531.518426320,1,Too Few Markers,-3.697314E28,-3.697314E28,-3.697314E28,-3.697314E28,-3.697314E28,-3.697314E28,-3.697314E28,0.0000000,3,Missing,-3.697314E28,-3.697314E28,-3.697314E28,Missing,-3.697314E28,-3.697314E28,-3.697314E28,Missing,-3.697314E28,-3.697314E28,-3.697314E28,Port 0x02: JJH T tibia tracker  s/n:3E4C8800,179575891,1738682531.518426320,1,OK,0.9023620,-0.3215116,-0.1526650,0.2430362,92.719,71.843,-1648.246,0.2351195,3,OK,92.860,71.746,-1648.099,OK,94.530,-7.075,-1593.713,OK,17.727,23.560,-1658.892,Port 0x03: JJH Y femur tracker  s/n:3E4C8801,179575891,1738682531.518426320,1,OK,0.9934742,0.0074311,0.0081903,0.1135196,-283.281,229.331,-1773.680,0.3925286,3,OK,-282.897,229.381,-1773.686,OK,-358.367,294.147,-1771.494,OK,-374.332,208.609,-1772.312
3,Port 0x01: JJH Probe  s/n:3E4C880C,179575894,1738682531.568426320,1,Too Few Markers,-3.697314E28,-3.697314E28,-3.697314E28,-3.697314E28,-3.697314E28,-3.697314E28,-3.697314E28,0.0000000,3,Missing,-3.697314E28,-3.697314E28,-3.697314E28,Missing,-3.697314E28,-3.697314E28,-3.697314E28,Missing,-3.697314E28,-3.697314E28,-3.697314E28,Port 0x02: JJH T tibia tracker  s/n:3E4C8800,179575894,1738682531.568426320,1,OK,0.9021951,-0.3207028,-0.1527954,0.2446372,93.191,72.257,-1648.792,0.2543924,3,OK,93.340,72.154,-1648.637,OK,95.310,-6.689,-1594.354,OK,18.354,23.726,-1659.386,Port 0x03: JJH Y femur tracker  s/n:3E4C8801,179575894,1738682531.568426320,1,OK,0.9939657,0.0093693,0.0242978,0.1065552,-284.077,231.806,-1768.126,0.3844267,3,OK,-283.704,231.858,-1768.144,OK,-358.144,297.650,-1763.508,OK,-375.310,212.327,-1763.793
3,Port 0x01: JJH Probe  s/n:3E4C880C,179575897,1738682531.618426320,1,Too Few Markers,-3.697314E28,-3.697314E28,-3.697314E28,-3.697314E28,-3.697314E28,-3.697314E28,-3.697314E28,0.0000000,3,Missing,-3.697314E28,-3.697314E28,-3.697314E28,Missing,-3.697314E28,-3.697314E28,-3.697314E28,Missing,-3.697314E28,-3.697314E28,-3.697314E28,Port 0x02: JJH T tibia tracker  s/n:3E4C8800,179575897,1738682531.618426320,1,OK,0.9020608,-0.3198941,-0.1530232,0.2460448,93.617,72.543,-1649.472,0.2433706,3,OK,93.764,72.451,-1649.325,OK,96.022,-6.465,-1595.109,OK,18.914,23.802,-1660.058,Port 0x03: JJH Y femur tracker  s/n:3E4C8801,179575897,1738682531.618426320,1,OK,0.9942050,0.0118595,0.0387741,0.0995603,-284.699,234.271,-1762.528,0.3817417,3,OK,-284.330,234.314,-1762.557,OK,-357.682,301.122,-1755.646,OK,-376.020,216.044,-1755.538
3,Port 0x01: JJH Probe  s/n:3E4C880C,179575900,1738682531.668426320,1,Too Few Markers,-3.697314E28,-3.697314E28,-3.697314E28,-3.697314E28,-3.697314E28,-3.697314E28,-3.697314E28,0.0000000,3,Missing,-3.697314E28,-3.697314E28,-3.697314E28,Missing,-3.697314E28,-3.697314E28,-3.697314E28,Missing,-3.697314E28,-3.697314E28,-3.697314E28,Port 0x02: JJH T tibia tracker  s/n:3E4C8800,179575900,1738682531.668426320,1,OK,0.9021976,-0.3177487,-0.1545017,0.2473955,93.984,72.834,-1650.094,0.2681124,3,OK,94.141,72.700,-1649.915,OK,96.693,-6.362,-1596.074,OK,19.445,23.848,-1660.967,Port 0x03: JJH Y femur tracker  s/n:3E4C8801,179575900,1738682531.668426320,1,OK,0.9941465,0.0128500,0.0537611,0.0928298,-285.118,236.737,-1757.095,0.3753722,3,OK,-284.745,236.766,-1757.136,OK,-356.988,304.567,-1748.130,OK,-376.414,219.711,-1747.324
3,Port 0x01: JJH Probe  s/n:3E4C880C,179575903,1738682531.718426320,1,Too Few Markers,-3.697314E28,-3.697314E28,-3.697314E28,-3.697314E28,-3.697314E28,-3.697314E28,-3.697314E28,0.0000000,3,Missing,-3.697314E28,-3.697314E28,-3.697314E28,Missing,-3.697314E28,-3.697314E28,-3.697314E28,Missing,-3.697314E28,-3.697314E28,-3.697314E28,Port 0x02: JJH T tibia tracker  s/n:3E4C8800,179575903,1738682531.718426320,1,OK,0.9022093,-0.3166115,-0.1546816,0.2486949,94.411,73.068,-1650.807,0.2556967,3,OK,94.562,72.949,-1650.641,OK,97.392,-6.228,-1596.923,OK,20.014,23.893,-1661.677,Port 0x03: JJH Y femur tracker  s/n:3E4C8801,179575903,1738682531.718426320,1,OK,0.9938198,0.0143858,0.0681749,0.0864142,-285.292,239.028,-1751.895,0.3661872,3,OK,-284.924,239.049,-1751.946,OK,-356.017,307.765,-1740.873,OK,-376.466,223.135,-1739.460
3,Port 0x01: JJH Probe  s/n:3E4C880C,179575906,1738682531.768426320,1,Too Few Markers,-3.697314E28,-3.697314E28,-3.697314E28,-3.697314E28,-3.697314E28,-3.697314E28,-3.697314E28,0.0000000,3,Missing,-3.697314E28,-3.697314E28,-3.697314E28,Missing,-3.697314E28,-3.697314E28,-3.697314E28,Missing,-3.697314E28,-3.697314E28,-3.697314E28,Port 0x02: JJH T tibia tracker  s/n:3E4C8800,179575906,1738682531.768426320,1,OK,0.9022056,-0.3157905,-0.1544468,0.2498950,94.811,73.308,-1651.487,0.2392885,3,OK,94.963,73.218,-1651.340,OK,98.048,-6.058,-1597.677,OK,20.518,23.969,-1662.279,Port 0x03: JJH Y femur tracker  s/n:3E4C8801,179575906,1738682531.768426320,1,OK,0.9933276,0.0161199,0.0811499,0.0803432,-285.315,241.220,-1746.901,0.3615349,3,OK,-284.952,241.237,-1746.961,OK,-354.902,310.788,-1734.005,OK,-376.311,226.395,-1732.074
3,Port 0x01: JJH Probe  s/n:3E4C880C,179575909,1738682531.818426320,1,Too Few Markers,-3.697314E28,-3.697314E28,-3.697314E28,-3.697314E28,-3.697314E28,-3.697314E28,-3.697314E28,0.0000000,3,Missing,-3.697314E28,-3.697314E28,-3.697314E28,Missing,-3.697314E28,-3.697314E28,-3.697314E28,Missing,-3.697314E28,-3.697314E28,-3.697314E28,Port 0x02: JJH T tibia tracker  s/n:3E4C8800,179575909,1738682531.818426320,1,OK,0.9023455,-0.3139447,-0.1552087,0.2512401,95.157,73.556,-1652.155,0.2503072,3,OK,95.308,73.450,-1651.999,OK,98.688,-5.965,-1598.626,OK,21.029,24.003,-1663.082,Port 0x03: JJH Y femur tracker  s/n:3E4C8801,179575909,1738682531.818426320,1,OK,0.9926516,0.0169776,0.0938137,0.0745227,-285.205,243.334,-1742.012,0.3525799,3,OK,-284.840,243.331,-1742.083,OK,-353.669,313.719,-1727.435,OK,-375.946,229.535,-1724.843
3,Port 0x01: JJH Probe  s/n:3E4C880C,179575912,1738682531.868426320,1,Too Few Markers,-3.697314E28,-3.697314E28,-3.697314E28,-3.697314E28,-3.697314E28,-3.697314E28,-3.697314E28,0.0000000,3,Missing,-3.697314E28,-3.697314E28,-3.697314E28,Missing,-3.697314E28,-3.697314E28,-3.697314E28,Missing,-3.697314E28,-3.697314E28,-3.697314E28,Port 0x02: JJH T tibia tracker  s/n:3E4C8800,179575912,1738682531.868426320,1,OK,0.9025467,-0.3124059,-0.1551626,0.2524613,95.551,73.783,-1652.929,0.2443281,3,OK,95.699,73.690,-1652.784,OK,99.363,-5.873,-1599.604,OK,21.547,24.065,-1663.844,Port 0x03: JJH Y femur tracker  s/n:3E4C8801,179575912,1738682531.868426320,1,OK,0.9917954,0.0192151,0.1059758,0.0688609,-284.959,245.352,-1737.464,0.3515549,3,OK,-284.596,245.348,-1737.543,OK,-352.249,316.467,-1721.088,OK,-375.395,232.529,-1718.065
3,Port 0x01: JJH Probe  s/n:3E4C880C,179575915,1738682531.918426320,1,Too Few Markers,-3.697314E28,-3.697314E28,-3.697314E28,-3.697314E28,-3.697314E28,-3.697314E28,-3.697314E28,0.0000000,3,Missing,-3.697314E28,-3.697314E28,-3.697314E28,Missing,-3.697314E28,-3.697314E28,-3.697314E28,Missing,-3.697314E28,-3.697314E28,-3.697314E28,Port 0x02: JJH T tibia tracker  s/n:3E4C8800,179575915,1738682531.918426320,1,OK,0.9026962,-0.3104358,-0.1562463,0.2536852,95.886,74.078,-1653.527,0.2622181,3,OK,96.039,73.948,-1653.356,OK,99.987,-5.739,-1600.511,OK,22.026,24.157,-1664.665,Port 0x03: JJH Y femur tracker  s/n:3E4C8801,179575915,1738682531.918426320,1,OK,0.9907398,0.0199877,0.1182746,0.0636109,-284.618,247.275,-1733.034,0.3409452,3,OK,-284.262,247.260,-1733.121,OK,-350.770,319.093,-1715.082,OK,-374.659,235.364,-1711.372
3,Port 0x01: JJH Probe  s/n:3E4C880C,179575918,1738682531.968426320,1,Too Few Markers,-3.697314E28,-3.697314E28,-3.697314E28,-3.697314E28,-3.697314E28,-3.697314E28,-3.697314E28,0.0000000,3,Missing,-3.697314E28,-3.697314E28,-3.697314E28,Missing,-3.697314E28,-3.697314E28,-3.697314E28,Missing,-3.697314E28,-3.697314E28,-3.697314E28,Port 0x02: JJH T tibia tracker  s/n:3E4C8800,179575918,1738682531.968426320,1,OK,0.9027775,-0.3091673,-0.1562642,0.2549312,96.211,74.317,-1654.208,0.2505977,3,OK,96.363,74.210,-1654.053,OK,100.582,-5.610,-1601.351,OK,22.480,24.220,-1665.328,Port 0x03: JJH Y femur tracker  s/n:3E4C8801,179575918,1738682531.968426320,1,OK,0.9896021,0.0211101,0.1297730,0.0583175,-284.150,249.160,-1728.732,0.3427586,3,OK,-283.792,249.141,-1728.829,OK,-349.133,321.655,-1709.277,OK,-373.779,238.170,-1704.961
3,Port 0x01: JJH Probe  s/n:3E4C880C,179575921,1738682532.018426320,1,Too Few Markers,-3.697314E28,-3.697314E28,-3.697314E28,-3.697314E28,-3.697314E28,-3.697314E28,-3.697314E28,0.0000000,3,Missing,-3.697314E28,-3.697314E28,-3.697314E28,Missing,-3.697314E28,-3.697314E28,-3.697314E28,Missing,-3.697314E28,-3.697314E28,-3.697314E28,Port 0x02: JJH T tibia tracker  s/n:3E4C8800,179575921,1738682532.018426320,1,OK,0.9029770,-0.3074792,-0.1565749,0.2560731,96.498,74.506,-1654.824,0.2639716,3,OK,96.645,74.386,-1654.664,OK,101.126,-5.552,-1602.227,OK,22.911,24.243,-1666.002,Port 0x03: JJH Y femur tracker  s/n:3E4C8801,179575921,1738682532.018426320,1,OK,0.9882461,0.0221222,0.1415826,0.0532403,-283.582,250.938,-1724.519,0.3361774,3,OK,-283.226,250.914,-1724.625,OK,-347.372,324.082,-1703.562,OK,-372.721,240.812,-1698.590
3,Port 0x01: JJH Probe  s/n:3E4C880C,179575924,1738682532.068426320,1,Too Few Markers,-3.697314E28,-3.697314E28,-3.697314E28,-3.697314E28,-3.697314E28,-3.697314E28,-3.697314E28,0.0000000,3,Missing,-3.697314E28,-3.697314E28,-3.697314E28,Missing,-3.697314E28,-3.697314E28,-3.697314E28,Missing,-3.697314E28,-3.697314E28,-3.697314E28,Port 0x02: JJH T tibia tracker  s/n:3E4C8800,179575924,1738682532.068426320,1,OK,0.9031020,-0.3062265,-0.1569200,0.2569206,96.798,74.632,-1655.458,0.2605736,3,OK,96.951,74.524,-1655.302,OK,101.621,-5.540,-1603.040,OK,23.302,24.238,-1666.708,Port 0x03: JJH Y femur tracker  s/n:3E4C8801,179575924,1738682532.068426320,1,OK,0.9869267,0.0231122,0.1520989,0.0480365,-282.845,252.731,-1720.284,0.3233847,3,OK,-282.506,252.703,-1720.392,OK,-345.436,326.525,-1698.011,OK,-371.491,243.499,-1692.442
3,Port 0x01: JJH Probe  s/n:3E4C880C,179575927,1738682532.118426320,1,Too Few Markers,-3.697314E28,-3.697314E28,-3.697314E28,-3.697314E28,-3.697314E28,-3.697314E28,-3.697314E28,0.0000000,3,Missing,-3.697314E28,-3.697314E28,-3.697314E28,Missing,-3.697314E28,-3.697314E28,-3.697314E28,Missing,-3.697314E28,-3.697314E28,-3.697314E28,Port 0x02: JJH T tibia tracker  s/n:3E4C8800,179575927,1738682532.118426320,1,OK,0.9032258,-0.3049108,-0.1573249,0.2578012,97.034,74.755,-1656.108,0.2410865,3,OK,97.185,74.664,-1655.965,OK,102.070,-5.553,-1603.865,OK,23.636,24.231,-1667.446,Port 0x03: JJH Y femur tracker  s/n:3E4C8801,179575927,1738682532.118426320,1,OK,0.9854060,0.0239598,0.1629535,0.0429788,-282.065,254.507,-1716.113,0.3222790,3,OK,-281.727,254.473,-1716.230,OK,-343.437,328.922,-1692.526,OK,-370.155,246.144,-1686.302
3,Port 0x01: JJH Probe  s/n:3E4C880C,179575930,1738682532.168426319,1,Too Few Markers,-3.697314E28,-3.697314E28,-3.697314E28,-3.697314E28,-3.697314E28,-3.697314E28,-3.697314E28,0.0000000,3,Missing,-3.697314E28,-3.697314E28,-3.697314E28,Missing,-3.697314E28,-3.697314E28,-3.697314E28,Missing,-3.697314E28,-3.697314E28,-3.697314E28,Port 0x02: JJH T tibia tracker  s/n:3E4C8800,179575930,1738682532.168426319,1,OK,0.9035333,-0.3029953,-0.1575800,0.2588243,97.255,74.912,-1656.708,0.2571315,3,OK,97.408,74.808,-1656.557,OK,102.544,-5.546,-1604.766,OK,23.974,24.244,-1668.123,Port 0x03: JJH Y femur tracker  s/n:3E4C8801,179575930,1738682532.168426319,1,OK,0.9837442,0.0263004,0.1735075,0.0380900,-281.268,256.169,-1712.242,0.3188180,3,OK,-280.937,256.128,-1712.365,OK,-341.384,331.126,-1687.167,OK,-368.758,248.595,-1680.539
3,Port 0x01: JJH Probe  s/n:3E4C880C,179575933,1738682532.218426319,1,Too Few Markers,-3.697314E28,-3.697314E28,-3.697314E28,-3.697314E28,-3.697314E28,-3.697314E28,-3.697314E28,0.0000000,3,Missing,-3.697314E28,-3.697314E28,-3.697314E28,Missing,-3.697314E28,-3.697314E28,-3.697314E28,Missing,-3.697314E28,-3.697314E28,-3.697314E28,Port 0x02: JJH T tibia tracker  s/n:3E4C8800,179575933,1738682532.218426319,1,OK,0.9037314,-0.3013065,-0.1579803,0.2598582,97.572,75.106,-1657.368,0.2674982,3,OK,97.727,74.995,-1657.211,OK,103.100,-5.486,-1605.686,OK,24.415,24.284,-1668.870,Port 0x03: JJH Y femur tracker  s/n:3E4C8801,179575933,1738682532.218426319,1,OK,0.9819466,0.0270112,0.1842097,0.0334380,-280.308,257.830,-1708.360,0.3137379,3,OK,-279.976,257.784,-1708.492,OK,-339.201,333.346,-1682.048,OK,-367.150,251.030,-1674.732
3,Port 0x01: JJH Probe  s/n:3E4C880C,179575936,1738682532.268426319,1,Too Few Markers,-3.697314E28,-3.697314E28,-3.697314E28,-3.697314E28,-3.697314E28,-3.697314E28,-3.697314E28,0.0000000,3,Missing,-3.697314E28,-3.697314E28,-3.697314E28,Missing,-3.697314E28,-3.697314E28,-3.697314E28,Missing,-3.697314E28,-3.697314E28,-3.697314E28,Port 0x02: JJH T tibia tracker  s/n:3E4C8800,179575936,1738682532.268426319,1,OK,0.9038881,-0.2998429,-0.1583712,0.2607662,97.891,75.276,-1658.054,0.2476345,3,OK,98.041,75.174,-1657.907,OK,103.651,-5.459,-1606.570,OK,24.832,24.328,-1669.655,Port 0x03: JJH Y femur tracker  s/n:3E4C8801,179575936,1738682532.268426319,1,OK,0.9800858,0.0272006,0.1945614,0.0289453,-279.262,259.432,-1704.573,0.3071232,3,OK,-278.931,259.384,-1704.712,OK,-336.955,335.494,-1677.165,OK,-365.432,253.387,-1669.090
3,Port 0x01: JJH Probe  s/n:3E4C880C,179575939,1738682532.318426319,1,Too Few Markers,-3.697314E28,-3.697314E28,-3.697314E28,-3.697314E28,-3.697314E28,-3.697314E28,-3.697314E28,0.0000000,3,Missing,-3.697314E28,-3.697314E28,-3.697314E28,Missing,-3.697314E28,-3.697314E28,-3.697314E28,Missing,-3.697314E28,-3.697314E28,-3.697314E28,Port 0x02: JJH T tibia tracker  s/n:3E4C8800,179575939,1738682532.318426319,1,OK,0.9040733,-0.2982056,-0.1586944,0.2618033,98.127,75.481,-1658.654,0.2557133,3,OK,98.276,75.370,-1658.503,OK,104.132,-5.380,-1607.420,OK,25.190,24.384,-1670.331,Port 0x03: JJH Y femur tracker  s/n:3E4C8801,179575939,1738682532.318426319,1,OK,0.9782126,0.0287562,0.2041412,0.0244847,-278.238,260.967,-1700.945,0.3045995,3,OK,-277.916,260.912,-1701.089,OK,-334.713,337.503,-1672.337,OK,-363.728,255.643,-1663.767
3,Port 0x01: JJH Probe  s/n:3E4C880C,179575942,1738682532.368426319,1,Too Few Markers,-3.697314E28,-3.697314E28,-3.697314E28,-3.697314E28,-3.697314E28,-3.697314E28,-3.697314E28,0.0000000,3,Missing,-3.697314E28,-3.697314E28,-3.697314E28,Missing,-3.697314E28,-3.697314E28,-3.697314E28,Missing,-3.697314E28,-3.697314E28,-3.697314E28,Port 0x02: JJH T tibia tracker  s/n:3E4C8800,179575942,1738682532.368426319,1,OK,0.9042799,-0.2965638,-0.1590801,0.2627189,98.336,75.642,-1659.319,0.2490317,3,OK,98.484,75.538,-1659.174,OK,104.567,-5.366,-1608.327,OK,25.509,24.414,-1671.093,Port 0x03: JJH Y femur tracker  s/n:3E4C8801,179575942,1738682532.368426319,1,OK,0.9762641,0.0292185,0.2136939,0.0197401,-277.005,262.590,-1697.134,0.2849949,3,OK,-276.709,262.540,-1697.273,OK,-332.216,339.666,-1667.533,OK,-361.774,258.058,-1658.271
3,Port 0x01: JJH Probe  s/n:3E4C880C,179575945,1738682532.418426319,1,Too Few Markers,-3.697314E28,-3.697314E28,-3.697314E28,-3.697314E28,-3.697314E28,-3.697314E28,-3.697314E28,0.0000000,3,Missing,-3.697314E28,-3.697314E28,-3.697314E28,Missing,-3.697314E28,-3.697314E28,-3.697314E28,Missing,-3.697314E28,-3.697314E28,-3.697314E28,Port 0x02: JJH T tibia tracker  s/n:3E4C8800,179575945,1738682532.418426319,1,OK,0.9045084,-0.2951141,-0.1592921,0.2634354,98.554,75.728,-1659.965,0.2526014,3,OK,98.705,75.627,-1659.820,OK,104.967,-5.402,-1609.197,OK,25.811,24.398,-1671.806,Port 0x03: JJH Y femur tracker  s/n:3E4C8801,179575945,1738682532.418426319,1,OK,0.9740817,0.0302874,0.2236577,0.0149898,-275.704,264.184,-1693.488,0.2787366,3,OK,-275.414,264.129,-1693.632,OK,-329.587,341.773,-1662.774,OK,-359.687,260.415,-1652.878
3,Port 0x01: JJH Probe  s/n:3E4C880C,179575948,1738682532.468426319,1,Too Few Markers,-3.697314E28,-3.697314E28,-3.697314E28,-3.697314E28,-3.697314E28,-3.697314E28,-3.697314E28,0.0000000,3,Missing,-3.697314E28,-3.697314E28,-3.697314E28,Missing,-3.697314E28,-3.697314E28,-3.697314E28,Missing,-3.697314E28,-3.697314E28,-3.697314E28,Port 0x02: JJH T tibia tracker  s/n:3E4C8800,179575948,1738682532.468426319,1,OK,0.9047827,-0.2933519,-0.1598019,0.2641521,98.775,75.794,-1660.576,0.2657183,3,OK,98.930,75.681,-1660.422,OK,105.374,-5.479,-1610.097,OK,26.127,24.356,-1672.553,Port 0x03: JJH Y femur tracker  s/n:3E4C8801,179575948,1738682532.468426319,1,OK,0.9716613,0.0308324,0.2341309,0.0103142,-274.274,265.763,-1689.824,0.2752174,3,OK,-273.982,265.708,-1689.977,OK,-326.794,343.864,-1658.047,OK,-357.396,262.747,-1647.384
3,Port 0x01: JJH Probe  s/n:3E4C880C,179575951,1738682532.518426319,1,Too Few Markers,-3.697314E28,-3.697314E28,-3.697314E28,-3.697314E28,-3.697314E28,-3.697314E28,-3.697314E28,0.0000000,3,Missing,-3.697314E28,-3.697314E28,-3.697314E28,Missing,-3.697314E28,-3.697314E28,-3.697314E28,Missing,-3.697314E28,-3.697314E28,-3.697314E28,Port 0x02: JJH T tibia tracker  s/n:3E4C8800,179575951,1738682532.518426319,1,OK,0.9050071,-0.2917682,-0.1604792,0.2647262,98.936,75.839,-1661.255,0.2512799,3,OK,99.088,75.728,-1661.105,OK,105.703,-5.593,-1611.018,OK,26.367,24.315,-1673.407,Port 0x03: JJH Y femur tracker  s/n:3E4C8801,179575951,1738682532.518426319,1,OK,0.9692250,0.0322844,0.2439917,0.0053537,-272.762,267.392,-1686.121,0.2763886,3,OK,-272.476,267.330,-1686.279,OK,-323.864,345.976,-1653.238,OK,-355.007,265.164,-1641.979
3,Port 0x01: JJH Probe  s/n:3E4C880C,179575954,1738682532.568426319,1,Too Few Markers,-3.697314E28,-3.697314E28,-3.697314E28,-3.697314E28,-3.697314E28,-3.697314E28,-3.697314E28,0.0000000,3,Missing,-3.697314E28,-3.697314E28,-3.697314E28,Missing,-3.697314E28,-3.697314E28,-3.697314E28,Missing,-3.697314E28,-3.697314E28,-3.697314E28,Port 0x02: JJH T tibia tracker  s/n:3E4C8800,179575954,1738682532.568426319,1,OK,0.9053740,-0.2899202,-0.1606399,0.2654036,99.082,75.879,-1661.972,0.2541347,3,OK,99.240,75.779,-1661.827,OK,106.037,-5.716,-1612.027,OK,26.594,24.263,-1674.205,Port 0x03: JJH Y femur tracker  s/n:3E4C8801,179575954,1738682532.568426319,1,OK,0.9666329,0.0332571,0.2539969,0.0005937,-271.177,268.971,-1682.429,0.2707565,3,OK,-270.898,268.910,-1682.591,OK,-320.860,348.031,-1648.521,OK,-352.501,267.487,-1636.568
3,Port 0x01: JJH Probe  s/n:3E4C880C,179575957,1738682532.618426319,1,Too Few Markers,-3.697314E28,-3.697314E28,-3.697314E28,-3.697314E28,-3.697314E28,-3.697314E28,-3.697314E28,0.0000000,3,Missing,-3.697314E28,-3.697314E28,-3.697314E28,Missing,-3.697314E28,-3.697314E28,-3.697314E28,Missing,-3.697314E28,-3.697314E28,-3.697314E28,Port 0x02: JJH T tibia tracker  s/n:3E4C8800,179575957,1738682532.618426319,1,OK,0.9055619,-0.2885057,-0.1611489,0.2659948,99.285,75.897,-1662.683,0.2243510,3,OK,99.427,75.806,-1662.552,OK,106.413,-5.850,-1612.938,OK,26.879,24.208,-1675.053,Port 0x03: JJH Y femur tracker  s/n:3E4C8801,179575957,1738682532.618426319,1,OK,0.9638679,0.0344631,0.2641101,-0.0040996,-269.530,270.501,-1678.874,0.2703919,3,OK,-269.256,270.437,-1679.042,OK,-317.767,349.997,-1643.914,OK,-349.868,269.741,-1631.295
3,Port 0x01: JJH Probe  s/n:3E4C880C,179575960,1738682532.668426319,1,Too Few Markers,-3.697314E28,-3.697314E28,-3.697314E28,-3.697314E28,-3.697314E28,-3.697314E28,-3.697314E28,0.0000000,3,Missing,-3.697314E28,-3.697314E28,-3.697314E28,Missing,-3.697314E28,-3.697314E28,-3.697314E28,Missing,-3.697314E28,-3.697314E28,-3.697314E28,Port 0x02: JJH T tibia tracker  s/n:3E4C8800,179575960,1738682532.668426319,1,OK,0.9059560,-0.2861210,-0.1620078,0.2667059,99.485,75.960,-1663.365,0.2522499,3,OK,99.638,75.845,-1663.214,OK,106.812,-5.974,-1614.033,OK,27.191,24.155,-1675.964,Port 0x03: JJH Y femur tracker  s/n:3E4C8801,179575960,1738682532.668426319,1,OK,0.9611601,0.0352559,0.2735882,-0.0088212,-267.712,272.016,-1675.266,0.2617041,3,OK,-267.448,271.948,-1675.435,OK,-314.529,351.970,-1639.412,OK,-347.079,271.991,-1626.092
3,Port 0x01: JJH Probe  s/n:3E4C880C,179575963,1738682532.718426319,1,Too Few Markers,-3.697314E28,-3.697314E28,-3.697314E28,-3.697314E28,-3.697314E28,-3.697314E28,-3.697314E28,0.0000000,3,Missing,-3.697314E28,-3.697314E28,-3.697314E28,Missing,-3.697314E28,-3.697314E28,-3.697314E28,Missing,-3.697314E28,-3.697314E28,-3.697314E28,Port 0x02: JJH T tibia tracker  s/n:3E4C8800,179575963,1738682532.718426319,1,OK,0.9063054,-0.2842200,-0.1622799,0.2673850,99.702,76.026,-1664.085,0.2476901,3,OK,99.854,75.917,-1663.940,OK,107.225,-6.077,-1615.052,OK,27.495,24.133,-1676.792,Port 0x03: JJH Y femur tracker  s/n:3E4C8801,179575963,1738682532.718426319,1,OK,0.9583547,0.0365909,0.2829013,-0.0135752,-265.861,273.515,-1671.761,0.2427332,3,OK,-265.626,273.442,-1671.920,OK,-311.218,353.888,-1634.970,OK,-344.214,274.202,-1621.046
3,Port 0x01: JJH Probe  s/n:3E4C880C,179575966,1738682532.768426319,1,Too Few Markers,-3.697314E28,-3.697314E28,-3.697314E28,-3.697314E28,-3.697314E28,-3.697314E28,-3.697314E28,0.0000000,3,Missing,-3.697314E28,-3.697314E28,-3.697314E28,Missing,-3.697314E28,-3.697314E28,-3.697314E28,Missing,-3.697314E28,-3.697314E28,-3.697314E28,Port 0x02: JJH T tibia tracker  s/n:3E4C8800,179575966,1738682532.768426319,1,OK,0.9066268,-0.2822323,-0.1628403,0.2680592,99.874,76.069,-1664.864,0.2411541,3,OK,100.020,75.957,-1664.720,OK,107.596,-6.211,-1616.146,OK,27.762,24.088,-1677.737,Port 0x03: JJH Y femur tracker  s/n:3E4C8801,179575966,1738682532.768426319,1,OK,0.9553850,0.0376408,0.2923934,-0.0181336,-263.996,274.986,-1668.366,0.2336429,3,OK,-263.772,274.913,-1668.524,OK,-307.894,355.760,-1630.684,OK,-341.299,276.346,-1616.082
3,Port 0x01: JJH Probe  s/n:3E4C880C,179575969,1738682532.818426319,1,Too Few Markers,-3.697314E28,-3.697314E28,-3.697314E28,-3.697314E28,-3.697314E28,-3.697314E28,-3.697314E28,0.0000000,3,Missing,-3.697314E28,-3.697314E28,-3.697314E28,Missing,-3.697314E28,-3.697314E28,-3.697314E28,Missing,-3.697314E28,-3.697314E28,-3.697314E28,Port 0x02: JJH T tibia tracker  s/n:3E4C8800,179575969,1738682532.818426319,1,OK,0.9069480,-0.2805476,-0.1632351,0.2685007,100.079,76.038,-1665.687,0.2211958,3,OK,100.217,75.941,-1665.557,OK,107.950,-6.414,-1617.230,OK,28.035,24.005,-1678.696,Port 0x03: JJH Y femur tracker  s/n:3E4C8801,179575969,1738682532.818426319,1,OK,0.9523351,0.0383440,0.3017927,-0.0225559,-262.071,276.373,-1665.067,0.2288941,3,OK,-261.850,276.305,-1665.229,OK,-304.527,357.535,-1626.580,OK,-338.307,278.389,-1611.239
3,Port 0x01: JJH Probe  s/n:3E4C880C,179575972,1738682532.868426319,1,Too Few Markers,-3.697314E28,-3.697314E28,-3.697314E28,-3.697314E28,-3.697314E28,-3.697314E28,-3.697314E28,0.0000000,3,Missing,-3.697314E28,-3.697314E28,-3.697314E28,Missing,-3.697314E28,-3.697314E28,-3.697314E28,Missing,-3.697314E28,-3.697314E28,-3.697314E28,Port 0x02: JJH T tibia tracker  s/n:3E4C8800,179575972,1738682532.868426319,1,OK,0.9074666,-0.2781571,-0.1635846,0.2690226,100.242,75.970,-1666.435,0.2359526,3,OK,100.382,75.870,-1666.303,OK,108.282,-6.681,-1618.388,OK,28.285,23.870,-1679.592,Port 0x03: JJH Y femur tracker  s/n:3E4C8801,179575972,1738682532.868426319,1,OK,0.9490492,0.0394570,0.3114919,-0.0268625,-260.157,277.721,-1661.985,0.2446310,3,OK,-259.918,277.653,-1662.168,OK,-301.129,359.223,-1622.618,OK,-335.265,280.348,-1606.571
3,Port 0x01: JJH Probe  s/n:3E4C880C,179575975,1738682532.918426319,1,Too Few Markers,-3.697314E28,-3.697314E28,-3.697314E28,-3.697314E28,-3.697314E28,-3.697314E28,-3.697314E28,0.0000000,3,Missing,-3.697314E28,-3.697314E28,-3.697314E28,Missing,-3.697314E28,-3.697314E28,-3.697314E28,Missing,-3.697314E28,-3.697314E28,-3.697314E28,Port 0x02: JJH T tibia tracker  s/n:3E4C8800,179575975,1738682532.918426319,1,OK,0.9080129,-0.2756842,-0.1641425,0.2693846,100.342,75.876,-1667.065,0.2479502,3,OK,100.487,75.759,-1666.922,OK,108.541,-6.984,-1619.442,OK,28.446,23.736,-1680.435,Port 0x03: JJH Y femur tracker  s/n:3E4C8801,179575975,1738682532.918426319,1,OK,0.9458928,0.0405182,0.3204152,-0.0312916,-258.125,279.058,-1658.870,0.2390569,3,OK,-257.898,278.990,-1659.051,OK,-297.636,360.902,-1618.732,OK,-332.124,282.322,-1602.029
3,Port 0x01: JJH Probe  s/n:3E4C880C,179575978,1738682532.968426319,1,Too Few Markers,-3.697314E28,-3.697314E28,-3.697314E28,-3.697314E28,-3.697314E28,-3.697314E28,-3.697314E28,0.0000000,3,Missing,-3.697314E28,-3.697314E28,-3.697314E28,Missing,-3.697314E28,-3.697314E28,-3.697314E28,Missing,-3.697314E28,-3.697314E28,-3.697314E28,Port 0x02: JJH T tibia tracker  s/n:3E4C8800,179575978,1738682532.968426319,1,OK,0.9086230,-0.2728822,-0.1651834,0.2695442,100.441,75.665,-1667.986,0.2451035,3,OK,100.590,75.543,-1667.840,OK,108.772,-7.465,-1620.845,OK,28.603,23.504,-1681.684,Port 0x03: JJH Y femur tracker  s/n:3E4C8801,179575978,1738682532.968426319,1,OK,0.9427082,0.0412242,0.3291261,-0.0357467,-256.040,280.378,-1655.765,0.2256086,3,OK,-255.829,280.312,-1655.941,OK,-294.096,362.581,-1614.959,OK,-328.918,284.289,-1597.550
3,Port 0x01: JJH Probe  s/n:3E4C880C,179575981,1738682533.018472879,1,Too Few Markers,-3.697314E28,-3.697314E28,-3.697314E28,-3.697314E28,-3.697314E28,-3.697314E28,-3.697314E28,0.0000000,3,Missing,-3.697314E28,-3.697314E28,-3.697314E28,Missing,-3.697314E28,-3.697314E28,-3.697314E28,Missing,-3.697314E28,-3.697314E28,-3.697314E28,Port 0x02: JJH T tibia tracker  s/n:3E4C8800,179575981,1738682533.018472879,1,OK,0.9092367,-0.2703887,-0.1654668,0.2698134,100.627,75.510,-1668.988,0.2240129,3,OK,100.764,75.409,-1668.860,OK,109.104,-7.867,-1622.257,OK,28.849,23.340,-1682.852,Port 0x03: JJH Y femur tracker  s/n:3E4C8801,179575981,1738682533.018472879,1,OK,0.9393199,0.0422451,0.3380780,-0.0399595,-253.883,281.662,-1652.706,0.2183154,3,OK,-253.681,281.603,-1652.880,OK,-290.464,364.168,-1611.177,OK,-325.589,286.146,-1593.088
3,Port 0x01: JJH Probe  s/n:3E4C880C,179575984,1738682533.068472879,1,Too Few Markers,-3.697314E28,-3.697314E28,-3.697314E28,-3.697314E28,-3.697314E28,-3.697314E28,-3.697314E28,0.0000000,3,Missing,-3.697314E28,-3.697314E28,-3.697314E28,Missing,-3.697314E28,-3.697314E28,-3.697314E28,Missing,-3.697314E28,-3.697314E28,-3.697314E28,Port 0x02: JJH T tibia tracker  s/n:3E4C8800,179575984,1738682533.068472879,1,OK,0.9096558,-0.2680113,-0.1662434,0.2702950,100.874,75.420,-1669.956,0.2044810,3,OK,101.004,75.327,-1669.838,OK,109.535,-8.184,-1623.611,OK,29.181,23.194,-1684.062,Port 0x03: JJH Y femur tracker  s/n:3E4C8801,179575984,1738682533.068472879,1,OK,0.9358296,0.0433317,0.3469420,-0.0444584,-251.595,282.987,-1649.738,0.2185801,3,OK,-251.396,282.923,-1649.917,OK,-286.647,365.812,-1607.516,OK,-322.097,288.087,-1588.745
3,Port 0x01: JJH Probe  s/n:3E4C880C,179575987,1738682533.118472879,1,Too Few Markers,-3.697314E28,-3.697314E28,-3.697314E28,-3.697314E28,-3.697314E28,-3.697314E28,-3.697314E28,0.0000000,3,Missing,-3.697314E28,-3.697314E28,-3.697314E28,Missing,-3.697314E28,-3.697314E28,-3.697314E28,Missing,-3.697314E28,-3.697314E28,-3.697314E28,Port 0x02: JJH T tibia tracker  s/n:3E4C8800,179575987,1738682533.118472879,1,OK,0.9101375,-0.2657613,-0.1666895,0.2706202,101.005,75.322,-1670.678,0.2146791,3,OK,101.140,75.225,-1670.555,OK,109.804,-8.467,-1624.723,OK,29.370,23.060,-1684.962,Port 0x03: JJH Y femur tracker  s/n:3E4C8801,179575987,1738682533.118472879,1,OK,0.9323320,0.0439157,0.3555987,-0.0487659,-249.289,284.237,-1646.744,0.1992753,3,OK,-249.111,284.187,-1646.909,OK,-282.857,367.368,-1603.952,OK,-318.573,289.935,-1584.439
3,Port 0x01: JJH Probe  s/n:3E4C880C,179575990,1738682533.168472883,1,Too Few Markers,-3.697314E28,-3.697314E28,-3.697314E28,-3.697314E28,-3.697314E28,-3.697314E28,-3.697314E28,0.0000000,3,Missing,-3.697314E28,-3.697314E28,-3.697314E28,Missing,-3.697314E28,-3.697314E28,-3.697314E28,Missing,-3.697314E28,-3.697314E28,-3.697314E28,Port 0x02: JJH T tibia tracker  s/n:3E4C8800,179575990,1738682533.168472883,1,OK,0.9107096,-0.2633457,-0.1670101,0.2708594,101.021,75.130,-1671.276,0.2412570,3,OK,101.167,75.014,-1671.139,OK,109.946,-8.840,-1625.754,OK,29.434,22.849,-1685.728,Port 0x03: JJH Y femur tracker  s/n:3E4C8801,179575990,1738682533.168472883,1,OK,0.9288030,0.0449569,0.3639727,-0.0531767,-246.964,285.476,-1643.901,0.1817322,3,OK,-246.807,285.426,-1644.053,OK,-279.022,368.897,-1600.512,OK,-315.024,291.760,-1580.346
3,Port 0x01: JJH Probe  s/n:3E4C880C,179575993,1738682533.218472883,1,Too Few Markers,-3.697314E28,-3.697314E28,-3.697314E28,-3.697314E28,-3.697314E28,-3.697314E28,-3.697314E28,0.0000000,3,Missing,-3.697314E28,-3.697314E28,-3.697314E28,Missing,-3.697314E28,-3.697314E28,-3.697314E28,Missing,-3.697314E28,-3.697314E28,-3.697314E28,Port 0x02: JJH T tibia tracker  s/n:3E4C8800,179575993,1738682533.218472883,1,OK,0.9111356,-0.2613584,-0.1681862,0.2706235,101.080,74.809,-1672.199,0.1977086,3,OK,101.207,74.705,-1672.079,OK,110.053,-9.403,-1627.007,OK,29.516,22.578,-1686.992,Port 0x03: JJH Y femur tracker  s/n:3E4C8801,179575993,1738682533.218472883,1,OK,0.9253389,0.0459857,0.3719328,-0.0574396,-244.632,286.657,-1641.181,0.1732061,3,OK,-244.488,286.602,-1641.327,OK,-275.230,370.343,-1597.240,OK,-311.495,293.507,-1576.452
3,Port 0x01: JJH Probe  s/n:3E4C880C,179575996,1738682533.268539236,1,Too Few Markers,-3.697314E28,-3.697314E28,-3.697314E28,-3.697314E28,-3.697314E28,-3.697314E28,-3.697314E28,0.0000000,3,Missing,-3.697314E28,-3.697314E28,-3.697314E28,Missing,-3.697314E28,-3.697314E28,-3.697314E28,Missing,-3.697314E28,-3.697314E28,-3.697314E28,Port 0x02: JJH T tibia tracker  s/n:3E4C8800,179575996,1738682533.268539236,1,OK,0.9120684,-0.2576250,-0.1689587,0.2705802,101.186,74.446,-1673.218,0.2129691,3,OK,101.318,74.331,-1673.092,OK,110.278,-10.087,-1628.701,OK,29.674,22.246,-1688.341,Port 0x03: JJH Y femur tracker  s/n:3E4C8801,179575996,1738682533.268539236,1,OK,0.9217175,0.0467976,0.3800922,-0.0614544,-242.279,287.756,-1638.573,0.1649268,3,OK,-242.145,287.710,-1638.714,OK,-271.427,371.679,-1594.118,OK,-307.908,295.123,-1572.651
3,Port 0x01: JJH Probe  s/n:3E4C880C,179575999,1738682533.318539236,1,Too Few Markers,-3.697314E28,-3.697314E28,-3.697314E28,-3.697314E28,-3.697314E28,-3.697314E28,-3.697314E28,0.0000000,3,Missing,-3.697314E28,-3.697314E28,-3.697314E28,Missing,-3.697314E28,-3.697314E28,-3.697314E28,Missing,-3.697314E28,-3.697314E28,-3.697314E28,Port 0x02: JJH T tibia tracker  s/n:3E4C8800,179575999,1738682533.318539236,1,OK,0.9127776,-0.2545710,-0.1701266,0.2703470,101.278,74.147,-1674.158,0.2038273,3,OK,101.406,74.026,-1674.033,OK,110.448,-10.680,-1630.184,OK,29.794,22.003,-1689.671,Port 0x03: JJH Y femur tracker  s/n:3E4C8801,179575999,1738682533.318539236,1,OK,0.9181332,0.0475169,0.3879825,-0.0651394,-240.060,288.811,-1636.138,0.1754109,3,OK,-239.916,288.774,-1636.292,OK,-267.825,372.938,-1591.206,OK,-304.489,296.642,-1569.058
3,Port 0x01: JJH Probe  s/n:3E4C880C,179576002,1738682533.368539236,1,Too Few Markers,-3.697314E28,-3.697314E28,-3.697314E28,-3.697314E28,-3.697314E28,-3.697314E28,-3.697314E28,0.0000000,3,Missing,-3.697314E28,-3.697314E28,-3.697314E28,Missing,-3.697314E28,-3.697314E28,-3.697314E28,Missing,-3.697314E28,-3.697314E28,-3.697314E28,Port 0x02: JJH T tibia tracker  s/n:3E4C8800,179576002,1738682533.368539236,1,OK,0.9135400,-0.2518976,-0.1699542,0.2703846,101.362,73.866,-1675.153,0.2050914,3,OK,101.489,73.756,-1675.034,OK,110.639,-11.183,-1631.648,OK,29.892,21.758,-1690.773,Port 0x03: JJH Y femur tracker  s/n:3E4C8801,179576002,1738682533.368539236,1,OK,0.9146791,0.0485203,0.3953005,-0.0688871,-237.855,289.808,-1633.778,0.1636660,3,OK,-237.724,289.764,-1633.925,OK,-264.259,374.134,-1588.382,OK,-301.108,298.093,-1565.666
3,Port 0x01: JJH Probe  s/n:3E4C880C,179576005,1738682533.418539236,1,Too Few Markers,-3.697314E28,-3.697314E28,-3.697314E28,-3.697314E28,-3.697314E28,-3.697314E28,-3.697314E28,0.0000000,3,Missing,-3.697314E28,-3.697314E28,-3.697314E28,Missing,-3.697314E28,-3.697314E28,-3.697314E28,Missing,-3.697314E28,-3.697314E28,-3.697314E28,Port 0x02: JJH T tibia tracker  s/n:3E4C8800,179576005,1738682533.418539236,1,OK,0.9141981,-0.2486430,-0.1714288,0.2702419,101.402,73.578,-1675.966,0.2218321,3,OK,101.543,73.443,-1675.829,OK,110.778,-11.749,-1633.054,OK,29.969,21.500,-1692.037,Port 0x03: JJH Y femur tracker  s/n:3E4C8801,179576005,1738682533.418539236,1,OK,0.9114063,0.0494707,0.4020623,-0.0723680,-235.661,290.750,-1631.529,0.1516119,3,OK,-235.546,290.703,-1631.663,OK,-260.792,375.244,-1585.719,OK,-297.798,299.454,-1562.481
3,Port 0x01: JJH Probe  s/n:3E4C880C,179576008,1738682533.468539236,1,Too Few Markers,-3.697314E28,-3.697314E28,-3.697314E28,-3.697314E28,-3.697314E28,-3.697314E28,-3.697314E28,0.0000000,3,Missing,-3.697314E28,-3.697314E28,-3.697314E28,Missing,-3.697314E28,-3.697314E28,-3.697314E28,Missing,-3.697314E28,-3.697314E28,-3.697314E28,Port 0x02: JJH T tibia tracker  s/n:3E4C8800,179576008,1738682533.468539236,1,OK,0.9148186,-0.2466629,-0.1716854,0.2697934,101.506,73.166,-1677.038,0.1724485,3,OK,101.619,73.064,-1676.932,OK,110.890,-12.398,-1634.462,OK,30.061,21.201,-1693.287,Port 0x03: JJH Y femur tracker  s/n:3E4C8801,179576008,1738682533.468539236,1,OK,0.9079256,0.0498744,0.4092129,-0.0756869,-233.521,291.606,-1629.392,0.1566276,3,OK,-233.398,291.570,-1629.537,OK,-257.377,376.281,-1583.247,OK,-294.506,300.714,-1559.336
3,Port 0x01: JJH Probe  s/n:3E4C880C,179576011,1738682533.518539236,1,Too Few Markers,-3.697314E28,-3.697314E28,-3.697314E28,-3.697314E28,-3.697314E28,-3.697314E28,-3.697314E28,0.0000000,3,Missing,-3.697314E28,-3.697314E28,-3.697314E28,Missing,-3.697314E28,-3.697314E28,-3.697314E28,Missing,-3.697314E28,-3.697314E28,-3.697314E28,Port 0x02: JJH T tibia tracker  s/n:3E4C8800,179576011,1738682533.518539236,1,OK,0.9156479,-0.2434914,-0.1721095,0.2695907,101.585,72.801,-1678.019,0.1737400,3,OK,101.705,72.713,-1677.916,OK,111.043,-13.035,-1636.018,OK,30.153,20.896,-1694.517,Port 0x03: JJH Y femur tracker  s/n:3E4C8801,179576011,1738682533.518539236,1,OK,0.9046989,0.0509073,0.4155499,-0.0790352,-231.369,292.465,-1627.364,0.1431105,3,OK,-231.264,292.429,-1627.494,OK,-253.991,377.274,-1580.848,OK,-291.263,301.957,-1556.459
3,Port 0x01: JJH Probe  s/n:3E4C880C,179576014,1738682533.568539236,1,Too Few Markers,-3.697314E28,-3.697314E28,-3.697314E28,-3.697314E28,-3.697314E28,-3.697314E28,-3.697314E28,0.0000000,3,Missing,-3.697314E28,-3.697314E28,-3.697314E28,Missing,-3.697314E28,-3.697314E28,-3.697314E28,Missing,-3.697314E28,-3.697314E28,-3.697314E28,Port 0x02: JJH T tibia tracker  s/n:3E4C8800,179576014,1738682533.568539236,1,OK,0.9163577,-0.2410282,-0.1722454,0.2693055,101.656,72.448,-1679.120,0.1468082,3,OK,101.757,72.374,-1679.035,OK,111.168,-13.626,-1637.549,OK,30.221,20.638,-1695.791,Port 0x03: JJH Y femur tracker  s/n:3E4C8801,179576014,1738682533.568539236,1,OK,0.9014589,0.0517751,0.4218364,-0.0821289,-229.329,293.282,-1625.477,0.1498936,3,OK,-229.220,293.247,-1625.614,OK,-250.761,378.208,-1578.621,OK,-288.153,303.121,-1553.715
3,Port 0x01: JJH Probe  s/n:3E4C880C,179576017,1738682533.618590296,1,Too Few Markers,-3.697314E28,-3.697314E28,-3.697314E28,-3.697314E28,-3.697314E28,-3.697314E28,-3.697314E28,0.0000000,3,Missing,-3.697314E28,-3.697314E28,-3.697314E28,Missing,-3.697314E28,-3.697314E28,-3.697314E28,Missing,-3.697314E28,-3.697314E28,-3.697314E28,Port 0x02: JJH T tibia tracker  s/n:3E4C8800,179576017,1738682533.618590296,1,OK,0.9171936,-0.2373687,-0.1732036,0.2690957,101.729,72.128,-1680.075,0.1679320,3,OK,101.839,72.035,-1679.978,OK,111.329,-14.230,-1639.185,OK,30.330,20.379,-1697.115,Port 0x03: JJH Y femur tracker  s/n:3E4C8801,179576017,1738682533.618590296,1,OK,0.8985424,0.0525204,0.4273384,-0.0851175,-227.378,294.005,-1623.710,0.1298798,3,OK,-227.290,293.977,-1623.824,OK,-247.714,379.050,-1576.592,OK,-285.220,304.183,-1551.236
3,Port 0x01: JJH Probe  s/n:3E4C880C,179576020,1738682533.668590296,1,Too Few Markers,-3.697314E28,-3.697314E28,-3.697314E28,-3.697314E28,-3.697314E28,-3.697314E28,-3.697314E28,0.0000000,3,Missing,-3.697314E28,-3.697314E28,-3.697314E28,Missing,-3.697314E28,-3.697314E28,-3.697314E28,Missing,-3.697314E28,-3.697314E28,-3.697314E28,Port 0x02: JJH T tibia tracker  s/n:3E4C8800,179576020,1738682533.668590296,1,OK,0.9178065,-0.2346301,-0.1741750,0.2687805,101.845,71.791,-1681.114,0.1510235,3,OK,101.946,71.702,-1681.024,OK,111.498,-14.823,-1640.717,OK,30.464,20.122,-1698.491,Port 0x03: JJH Y femur tracker  s/n:3E4C8801,179576020,1738682533.668590296,1,OK,0.8956057,0.0530710,0.4328849,-0.0876613,-225.552,294.639,-1622.082,0.1307801,3,OK,-225.461,294.615,-1622.200,OK,-244.863,379.781,-1574.713,OK,-282.430,305.089,-1548.872
3,Port 0x01: JJH Probe  s/n:3E4C880C,179576023,1738682533.718590296,1,Too Few Markers,-3.697314E28,-3.697314E28,-3.697314E28,-3.697314E28,-3.697314E28,-3.697314E28,-3.697314E28,0.0000000,3,Missing,-3.697314E28,-3.697314E28,-3.697314E28,Missing,-3.697314E28,-3.697314E28,-3.697314E28,Missing,-3.697314E28,-3.697314E28,-3.697314E28,Port 0x02: JJH T tibia tracker  s/n:3E4C8800,179576023,1738682533.718590296,1,OK,0.9186195,-0.2308448,-0.1752370,0.2685905,101.918,71.461,-1682.009,0.1824023,3,OK,102.033,71.343,-1681.901,OK,111.666,-15.425,-1642.324,OK,30.579,19.850,-1699.778,Port 0x03: JJH Y femur tracker  s/n:3E4C8801,179576023,1738682533.718590296,1,OK,0.8928158,0.0537371,0.4379813,-0.0903586,-223.683,295.262,-1620.471,0.1179993,3,OK,-223.607,295.236,-1620.575,OK,-241.983,380.504,-1572.875,OK,-279.627,306.011,-1546.620
3,Port 0x01: JJH Probe  s/n:3E4C880C,179576026,1738682533.768590296,1,Too Few Markers,-3.697314E28,-3.697314E28,-3.697314E28,-3.697314E28,-3.697314E28,-3.697314E28,-3.697314E28,0.0000000,3,Missing,-3.697314E28,-3.697314E28,-3.697314E28,Missing,-3.697314E28,-3.697314E28,-3.697314E28,Missing,-3.697314E28,-3.697314E28,-3.697314E28,Port 0x02: JJH T tibia tracker  s/n:3E4C8800,179576026,1738682533.768590296,1,OK,0.9191832,-0.2284306,-0.1759803,0.2682398,101.980,71.135,-1683.066,0.1652906,3,OK,102.089,71.027,-1682.965,OK,111.772,-15.979,-1643.812,OK,30.635,19.614,-1701.121,Port 0x03: JJH Y femur tracker  s/n:3E4C8801,179576026,1738682533.768590296,1,OK,0.8901700,0.0545249,0.4426977,-0.0929683,-221.889,295.923,-1618.988,0.1028454,3,OK,-221.833,295.901,-1619.068,OK,-239.218,381.245,-1571.175,OK,-276.950,306.948,-1544.555
3,Port 0x01: JJH Probe  s/n:3E4C880C,179576029,1738682533.818590296,1,Too Few Markers,-3.697314E28,-3.697314E28,-3.697314E28,-3.697314E28,-3.697314E28,-3.697314E28,-3.697314E28,0.0000000,3,Missing,-3.697314E28,-3.697314E28,-3.697314E28,Missing,-3.697314E28,-3.697314E28,-3.697314E28,Missing,-3.697314E28,-3.697314E28,-3.697314E28,Port 0x02: JJH T tibia tracker  s/n:3E4C8800,179576029,1738682533.818590296,1,OK,0.9201349,-0.2246010,-0.1763434,0.2679722,102.081,70.760,-1684.176,0.1775214,3,OK,102.195,70.648,-1684.073,OK,111.951,-16.633,-1645.638,OK,30.758,19.328,-1702.498,Port 0x03: JJH Y femur tracker  s/n:3E4C8801,179576029,1738682533.818590296,1,OK,0.8872437,0.0551811,0.4479346,-0.0954375,-220.107,296.477,-1617.492,0.1157621,3,OK,-220.041,296.460,-1617.585,OK,-236.436,381.857,-1569.455,OK,-274.221,307.759,-1542.382
3,Port 0x01: JJH Probe  s/n:3E4C880C,179576032,1738682533.868590296,1,Too Few Markers,-3.697314E28,-3.697314E28,-3.697314E28,-3.697314E28,-3.697314E28,-3.697314E28,-3.697314E28,0.0000000,3,Missing,-3.697314E28,-3.697314E28,-3.697314E28,Missing,-3.697314E28,-3.697314E28,-3.697314E28,Missing,-3.697314E28,-3.697314E28,-3.697314E28,Port 0x02: JJH T tibia tracker  s/n:3E4C8800,179576032,1738682533.868590296,1,OK,0.9209373,-0.2212374,-0.1770250,0.2675643,102.190,70.395,-1685.405,0.1780101,3,OK,102.309,70.288,-1685.302,OK,112.113,-17.266,-1647.489,OK,30.864,19.068,-1704.046,Port 0x03: JJH Y femur tracker  s/n:3E4C8801,179576032,1738682533.868590296,1,OK,0.8845499,0.0557931,0.4526358,-0.0978744,-218.363,297.044,-1616.109,0.1118558,3,OK,-218.303,297.021,-1616.198,OK,-233.754,382.501,-1567.886,OK,-271.591,308.581,-1540.423
3,Port 0x01: JJH Probe  s/n:3E4C880C,179576035,1738682533.918590296,1,Too Few Markers,-3.697314E28,-3.697314E28,-3.697314E28,-3.697314E28,-3.697314E28,-3.697314E28,-3.697314E28,0.0000000,3,Missing,-3.697314E28,-3.697314E28,-3.697314E28,Missing,-3.697314E28,-3.697314E28,-3.697314E28,Missing,-3.697314E28,-3.697314E28,-3.697314E28,Port 0x02: JJH T tibia tracker  s/n:3E4C8800,179576035,1738682533.918590296,1,OK,0.9216930,-0.2177071,-0.1778916,0.2672830,102.308,70.064,-1686.454,0.1923645,3,OK,102.430,69.936,-1686.343,OK,112.314,-17.851,-1649.197,OK,31.003,18.827,-1705.448,Port 0x03: JJH Y femur tracker  s/n:3E4C8801,179576035,1738682533.918590296,1,OK,0.8819049,0.0562552,0.4571722,-0.1003627,-216.587,297.593,-1614.771,0.0988783,3,OK,-216.537,297.576,-1614.845,OK,-231.047,383.137,-1566.417,OK,-268.947,309.394,-1538.537
3,Port 0x01: JJH Probe  s/n:3E4C880C,179576038,1738682533.968590296,1,Too Few Markers,-3.697314E28,-3.697314E28,-3.697314E28,-3.697314E28,-3.697314E28,-3.697314E28,-3.697314E28,0.0000000,3,Missing,-3.697314E28,-3.697314E28,-3.697314E28,Missing,-3.697314E28,-3.697314E28,-3.697314E28,Missing,-3.697314E28,-3.697314E28,-3.697314E28,Port 0x02: JJH T tibia tracker  s/n:3E4C8800,179576038,1738682533.968590296,1,OK,0.9222468,-0.2152839,-0.1784512,0.2669622,102.404,69.711,-1687.560,0.1552632,3,OK,102.508,69.612,-1687.470,OK,112.454,-18.435,-1650.735,OK,31.111,18.570,-1706.795,Port 0x03: JJH Y femur tracker  s/n:3E4C8801,179576038,1738682533.968590296,1,OK,0.8792112,0.0569765,0.4617315,-0.1026907,-214.852,298.099,-1613.463,0.1025937,3,OK,-214.807,298.077,-1613.534,OK,-228.394,383.690,-1564.922,OK,-266.333,310.130,-1536.685
3,Port 0x01: JJH Probe  s/n:3E4C880C,179576041,1738682534.018590296,1,Too Few Markers,-3.697314E28,-3.697314E28,-3.697314E28,-3.697314E28,-3.697314E28,-3.697314E28,-3.697314E28,0.0000000,3,Missing,-3.697314E28,-3.697314E28,-3.697314E28,Missing,-3.697314E28,-3.697314E28,-3.697314E28,Missing,-3.697314E28,-3.697314E28,-3.697314E28,Port 0x02: JJH T tibia tracker  s/n:3E4C8800,179576041,1738682534.018590296,1,OK,0.9230289,-0.2120675,-0.1790460,0.2664349,102.427,69.340,-1688.750,0.1580197,3,OK,102.527,69.230,-1688.659,OK,112.510,-19.048,-1652.527,OK,31.116,18.338,-1708.288,Port 0x03: JJH Y femur tracker  s/n:3E4C8801,179576041,1738682534.018590296,1,OK,0.8762372,0.0573917,0.4667408,-0.1052024,-213.039,298.735,-1612.169,0.1050798,3,OK,-212.990,298.716,-1612.247,OK,-225.593,384.397,-1563.497,OK,-263.562,311.029,-1534.784
3,Port 0x01: JJH Probe  s/n:3E4C880C,179576044,1738682534.068590296,1,Too Few Markers,-3.697314E28,-3.697314E28,-3.697314E28,-3.697314E28,-3.697314E28,-3.697314E28,-3.697314E28,0.0000000,3,Missing,-3.697314E28,-3.697314E28,-3.697314E28,Missing,-3.697314E28,-3.697314E28,-3.697314E28,Missing,-3.697314E28,-3.697314E28,-3.697314E28,Port 0x02: JJH T tibia tracker  s/n:3E4C8800,179576044,1738682534.068590296,1,OK,0.9241048,-0.2081608,-0.1787473,0.2659864,102.508,68.842,-1690.110,0.1620906,3,OK,102.613,68.741,-1690.021,OK,112.654,-19.816,-1654.612,OK,31.159,17.983,-1709.819,Port 0x03: JJH Y femur tracker  s/n:3E4C8801,179576044,1738682534.068590296,1,OK,0.8735452,0.0579530,0.4711355,-0.1076640,-211.200,299.199,-1610.843,0.0894722,3,OK,-211.175,299.187,-1610.885,OK,-222.827,384.926,-1562.054,OK,-260.835,311.737,-1532.974
3,Port 0x01: JJH Probe  s/n:3E4C880C,179576047,1738682534.118590296,1,Too Few Markers,-3.697314E28,-3.697314E28,-3.697314E28,-3.697314E28,-3.697314E28,-3.697314E28,-3.697314E28,0.0000000,3,Missing,-3.697314E28,-3.697314E28,-3.697314E28,Missing,-3.697314E28,-3.697314E28,-3.697314E28,Missing,-3.697314E28,-3.697314E28,-3.697314E28,Port 0x02: JJH T tibia tracker  s/n:3E4C8800,179576047,1738682534.118590296,1,OK,0.9249854,-0.2049084,-0.1788764,0.2653634,102.548,68.377,-1691.576,0.1778047,3,OK,102.659,68.251,-1691.476,OK,112.730,-20.503,-1656.682,OK,31.124,17.685,-1711.527,Port 0x03: JJH Y femur tracker  s/n:3E4C8801,179576047,1738682534.118590296,1,OK,0.8707616,0.0586058,0.4756312,-0.1100659,-209.365,299.771,-1609.665,0.0931688,3,OK,-209.347,299.759,-1609.697,OK,-220.058,385.538,-1560.741,OK,-258.098,312.541,-1531.286
3,Port 0x01: JJH Probe  s/n:3E4C880C,179576050,1738682534.168633874,1,Too Few Markers,-3.697314E28,-3.697314E28,-3.697314E28,-3.697314E28,-3.697314E28,-3.697314E28,-3.697314E28,0.0000000,3,Missing,-3.697314E28,-3.697314E28,-3.697314E28,Missing,-3.697314E28,-3.697314E28,-3.697314E28,Missing,-3.697314E28,-3.697314E28,-3.697314E28,Port 0x02: JJH T tibia tracker  s/n:3E4C8800,179576050,1738682534.168633874,1,OK,0.9258404,-0.2032565,-0.1773203,0.2646958,102.536,67.843,-1693.042,0.1499716,3,OK,102.641,67.746,-1692.957,OK,112.729,-21.199,-1658.405,OK,30.921,17.349,-1712.885,Port 0x03: JJH Y femur tracker  s/n:3E4C8801,179576050,1738682534.168633874,1,OK,0.8678070,0.0589116,0.4804590,-0.1122482,-207.610,300.237,-1608.394,0.0879240,3,OK,-207.579,300.233,-1608.444,OK,-217.377,386.056,-1559.377,OK,-255.414,313.209,-1529.436
3,Port 0x01: JJH Probe  s/n:3E4C880C,179576053,1738682534.218633874,1,Too Few Markers,-3.697314E28,-3.697314E28,-3.697314E28,-3.697314E28,-3.697314E28,-3.697314E28,-3.697314E28,0.0000000,3,Missing,-3.697314E28,-3.697314E28,-3.697314E28,Missing,-3.697314E28,-3.697314E28,-3.697314E28,Missing,-3.697314E28,-3.697314E28,-3.697314E28,Port 0x02: JJH T tibia tracker  s/n:3E4C8800,179576053,1738682534.218633874,1,OK,0.9263292,-0.1995276,-0.1793585,0.2644494,102.562,67.600,-1693.871,0.1921412,3,OK,102.689,67.464,-1693.763,OK,112.827,-21.665,-1659.967,OK,31.030,17.162,-1714.265,Port 0x03: JJH Y femur tracker  s/n:3E4C8801,179576053,1738682534.218633874,1,OK,0.8649885,0.0595998,0.4848928,-0.1145499,-205.853,300.726,-1607.221,0.0947365,3,OK,-205.820,300.721,-1607.275,OK,-214.698,386.567,-1558.076,OK,-252.761,313.906,-1527.759
3,Port 0x01: JJH Probe  s/n:3E4C880C,179576056,1738682534.268633875,1,Too Few Markers,-3.697314E28,-3.697314E28,-3.697314E28,-3.697314E28,-3.697314E28,-3.697314E28,-3.697314E28,0.0000000,3,Missing,-3.697314E28,-3.697314E28,-3.697314E28,Missing,-3.697314E28,-3.697314E28,-3.697314E28,Missing,-3.697314E28,-3.697314E28,-3.697314E28,Port 0x02: JJH T tibia tracker  s/n:3E4C8800,179576056,1738682534.268633875,1,OK,0.9274526,-0.1951031,-0.1796382,0.2636219,102.681,67.097,-1695.735,0.1660987,3,OK,102.794,66.985,-1695.643,OK,112.979,-22.510,-1662.649,OK,31.094,16.885,-1716.451,Port 0x03: JJH Y femur tracker  s/n:3E4C8801,179576056,1738682534.268633875,1,OK,0.8623839,0.0601237,0.4889019,-0.1168509,-204.084,301.195,-1606.075,0.0834071,3,OK,-204.071,301.192,-1606.097,OK,-212.059,387.087,-1556.857,OK,-250.146,314.588,-1526.199
3,Port 0x01: JJH Probe  s/n:3E4C880C,179576059,1738682534.318633875,1,Too Few Markers,-3.697314E28,-3.697314E28,-3.697314E28,-3.697314E28,-3.697314E28,-3.697314E28,-3.697314E28,0.0000000,3,Missing,-3.697314E28,-3.697314E28,-3.697314E28,Missing,-3.697314E28,-3.697314E28,-3.697314E28,Missing,-3.697314E28,-3.697314E28,-3.697314E28,Port 0x02: JJH T tibia tracker  s/n:3E4C8800,179576059,1738682534.318633875,1,OK,0.9285572,-0.1909058,-0.1793044,0.2630331,102.779,66.739,-1697.151,0.1440705,3,OK,102.875,66.640,-1697.073,OK,113.114,-23.147,-1664.851,OK,31.167,16.713,-1718.037,Port 0x03: JJH Y femur tracker  s/n:3E4C8801,179576059,1738682534.318633875,1,OK,0.8597351,0.0606563,0.4929891,-0.1189037,-202.439,301.595,-1605.017,0.0934092,3,OK,-202.423,301.597,-1605.043,OK,-209.577,387.495,-1555.709,OK,-247.663,315.174,-1524.689
3,Port 0x01: JJH Probe  s/n:3E4C880C,179576062,1738682534.368633874,1,Too Few Markers,-3.697314E28,-3.697314E28,-3.697314E28,-3.697314E28,-3.697314E28,-3.697314E28,-3.697314E28,0.0000000,3,Missing,-3.697314E28,-3.697314E28,-3.697314E28,Missing,-3.697314E28,-3.697314E28,-3.697314E28,Missing,-3.697314E28,-3.697314E28,-3.697314E28,Port 0x02: JJH T tibia tracker  s/n:3E4C8800,179576062,1738682534.368633874,1,OK,0.9289741,-0.1881184,-0.1807103,0.2626068,102.849,66.432,-1698.230,0.1338153,3,OK,102.938,66.336,-1698.157,OK,113.226,-23.673,-1666.456,OK,31.262,16.518,-1719.529,Port 0x03: JJH Y femur tracker  s/n:3E4C8801,179576062,1738682534.368633874,1,OK,0.8568583,0.0615058,0.4973566,-0.1210262,-200.697,302.044,-1603.893,0.1085345,3,OK,-200.679,302.025,-1603.932,OK,-206.934,387.939,-1554.431,OK,-245.010,315.789,-1523.097
3,Port 0x01: JJH Probe  s/n:3E4C880C,179576065,1738682534.418633874,1,Too Few Markers,-3.697314E28,-3.697314E28,-3.697314E28,-3.697314E28,-3.697314E28,-3.697314E28,-3.697314E28,0.0000000,3,Missing,-3.697314E28,-3.697314E28,-3.697314E28,Missing,-3.697314E28,-3.697314E28,-3.697314E28,Missing,-3.697314E28,-3.697314E28,-3.697314E28,Port 0x02: JJH T tibia tracker  s/n:3E4C8800,179576065,1738682534.418633874,1,OK,0.9296795,-0.1845312,-0.1816141,0.2620317,102.871,66.094,-1699.510,0.1453803,3,OK,102.966,65.989,-1699.432,OK,113.280,-24.239,-1668.424,OK,31.275,16.330,-1721.177,Port 0x03: JJH Y femur tracker  s/n:3E4C8801,179576065,1738682534.418633874,1,OK,0.8540019,0.0616783,0.5016769,-0.1232756,-198.900,302.478,-1602.738,0.0930017,3,OK,-198.887,302.480,-1602.759,OK,-204.248,388.423,-1553.282,OK,-242.311,316.430,-1521.490
3,Port 0x01: JJH Probe  s/n:3E4C880C,179576068,1738682534.468633874,1,Too Few Markers,-3.697314E28,-3.697314E28,-3.697314E28,-3.697314E28,-3.697314E28,-3.697314E28,-3.697314E28,0.0000000,3,Missing,-3.697314E28,-3.697314E28,-3.697314E28,Missing,-3.697314E28,-3.697314E28,-3.697314E28,Missing,-3.697314E28,-3.697314E28,-3.697314E28,Port 0x02: JJH T tibia tracker  s/n:3E4C8800,179576068,1738682534.468633874,1,OK,0.9306761,-0.1796650,-0.1825106,0.2612516,102.912,65.632,-1701.051,0.1551390,3,OK,103.010,65.513,-1700.969,OK,113.353,-24.993,-1670.904,OK,31.308,16.078,-1723.151,Port 0x03: JJH Y femur tracker  s/n:3E4C8801,179576068,1738682534.468633874,1,OK,0.8511263,0.0627829,0.5058577,-0.1255001,-197.041,302.919,-1601.703,0.1138911,3,OK,-197.032,302.898,-1601.730,OK,-201.469,388.837,-1552.083,OK,-239.546,317.030,-1520.028
3,Port 0x01: JJH Probe  s/n:3E4C880C,179576071,1738682534.518633875,1,Too Few Markers,-3.697314E28,-3.697314E28,-3.697314E28,-3.697314E28,-3.697314E28,-3.697314E28,-3.697314E28,0.0000000,3,Missing,-3.697314E28,-3.697314E28,-3.697314E28,Missing,-3.697314E28,-3.697314E28,-3.697314E28,Missing,-3.697314E28,-3.697314E28,-3.697314E28,Port 0x02: JJH T tibia tracker  s/n:3E4C8800,179576071,1738682534.518633875,1,OK,0.9315362,-0.1752709,-0.1836961,0.2603384,102.942,65.208,-1702.696,0.1459715,3,OK,103.032,65.095,-1702.621,OK,113.393,-25.719,-1673.392,OK,31.320,15.887,-1725.266,Port 0x03: JJH Y femur tracker  s/n:3E4C8801,179576071,1738682534.518633875,1,OK,0.8484643,0.0630397,0.5097424,-0.1276599,-195.285,303.295,-1600.625,0.1029216,3,OK,-195.295,303.291,-1600.609,OK,-198.876,389.260,-1551.019,OK,-236.945,317.589,-1518.583
3,Port 0x01: JJH Probe  s/n:3E4C880C,179576074,1738682534.568633875,1,Too Few Markers,-3.697314E28,-3.697314E28,-3.697314E28,-3.697314E28,-3.697314E28,-3.697314E28,-3.697314E28,0.0000000,3,Missing,-3.697314E28,-3.697314E28,-3.697314E28,Missing,-3.697314E28,-3.697314E28,-3.697314E28,Missing,-3.697314E28,-3.697314E28,-3.697314E28,Port 0x02: JJH T tibia tracker  s/n:3E4C8800,179576074,1738682534.568633875,1,OK,0.9322880,-0.1712607,-0.1850023,0.2593895,102.956,64.815,-1704.292,0.1502808,3,OK,103.041,64.704,-1704.222,OK,113.408,-26.390,-1675.760,OK,31.305,15.730,-1727.341,Port 0x03: JJH Y femur tracker  s/n:3E4C8801,179576074,1738682534.568633875,1,OK,0.8458465,0.0634583,0.5135175,-0.1296788,-193.631,303.692,-1599.718,0.1143426,3,OK,-193.645,303.693,-1599.692,OK,-196.421,389.661,-1550.086,OK,-234.466,318.165,-1517.308
3,Port 0x01: JJH Probe  s/n:3E4C880C,179576077,1738682534.618633874,1,Too Few Markers,-3.697314E28,-3.697314E28,-3.697314E28,-3.697314E28,-3.697314E28,-3.697314E28,-3.697314E28,0.0000000,3,Missing,-3.697314E28,-3.697314E28,-3.697314E28,Missing,-3.697314E28,-3.697314E28,-3.697314E28,Missing,-3.697314E28,-3.697314E28,-3.697314E28,Port 0x02: JJH T tibia tracker  s/n:3E4C8800,179576077,1738682534.618633874,1,OK,0.9332049,-0.1671958,-0.1850555,0.2587058,102.975,64.486,-1705.478,0.1462250,3,OK,103.060,64.363,-1705.406,OK,113.433,-26.926,-1677.737,OK,31.297,15.591,-1728.755,Port 0x03: JJH Y femur tracker  s/n:3E4C8801,179576077,1738682534.618633874,1,OK,0.8436232,0.0641709,0.5166789,-0.1312435,-192.217,303.984,-1598.882,0.1310891,3,OK,-192.236,303.968,-1598.857,OK,-194.332,389.928,-1549.153,OK,-232.355,318.558,-1516.172
3,Port 0x01: JJH Probe  s/n:3E4C880C,179576080,1738682534.668633874,1,Too Few Markers,-3.697314E28,-3.697314E28,-3.697314E28,-3.697314E28,-3.697314E28,-3.697314E28,-3.697314E28,0.0000000,3,Missing,-3.697314E28,-3.697314E28,-3.697314E28,Missing,-3.697314E28,-3.697314E28,-3.697314E28,Missing,-3.697314E28,-3.697314E28,-3.697314E28,Port 0x02: JJH T tibia tracker  s/n:3E4C8800,179576080,1738682534.668633874,1,OK,0.9336342,-0.1641907,-0.1864371,0.2580889,102.971,64.247,-1706.499,0.1688410,3,OK,103.075,64.126,-1706.419,OK,113.446,-27.351,-1679.345,OK,31.279,15.498,-1730.205,Port 0x03: JJH Y femur tracker  s/n:3E4C8801,179576080,1738682534.668633874,1,OK,0.8415819,0.0643396,0.5195969,-0.1327380,-190.991,304.298,-1598.240,0.1236911,3,OK,-191.001,304.297,-1598.221,OK,-192.500,390.246,-1548.530,OK,-230.503,319.003,-1515.227
3,Port 0x01: JJH Probe  s/n:3E4C880C,179576083,1738682534.718633874,1,Too Few Markers,-3.697314E28,-3.697314E28,-3.697314E28,-3.697314E28,-3.697314E28,-3.697314E28,-3.697314E28,0.0000000,3,Missing,-3.697314E28,-3.697314E28,-3.697314E28,Missing,-3.697314E28,-3.697314E28,-3.697314E28,Missing,-3.697314E28,-3.697314E28,-3.697314E28,Port 0x02: JJH T tibia tracker  s/n:3E4C8800,179576083,1738682534.718633874,1,OK,0.9340857,-0.1621848,-0.1867035,0.2575304,102.981,63.994,-1707.310,0.1719525,3,OK,103.078,63.862,-1707.231,OK,113.439,-27.723,-1680.546,OK,31.253,15.387,-1731.188,Port 0x03: JJH Y femur tracker  s/n:3E4C8801,179576083,1738682534.718633874,1,OK,0.8401955,0.0647800,0.5214955,-0.1338562,-190.018,304.408,-1597.645,0.1479682,3,OK,-190.051,304.398,-1597.588,OK,-191.088,390.355,-1547.893,OK,-229.080,319.188,-1514.497
3,Port 0x01: JJH Probe  s/n:3E4C880C,179576086,1738682534.768633875,1,Too Few Markers,-3.697314E28,-3.697314E28,-3.697314E28,-3.697314E28,-3.697314E28,-3.697314E28,-3.697314E28,0.0000000,3,Missing,-3.697314E28,-3.697314E28,-3.697314E28,Missing,-3.697314E28,-3.697314E28,-3.697314E28,Missing,-3.697314E28,-3.697314E28,-3.697314E28,Port 0x02: JJH T tibia tracker  s/n:3E4C8800,179576086,1738682534.768633875,1,OK,0.9346743,-0.1598358,-0.1863044,0.2571521,102.972,63.812,-1708.039,0.1579163,3,OK,103.062,63.683,-1707.964,OK,113.438,-28.022,-1681.722,OK,31.211,15.324,-1731.972,Port 0x03: JJH Y femur tracker  s/n:3E4C8801,179576086,1738682534.768633875,1,OK,0.8385474,0.0648032,0.5238590,-0.1349464,-189.112,304.626,-1597.157,0.1273053,3,OK,-189.130,304.636,-1597.117,OK,-189.713,390.576,-1547.442,OK,-227.680,319.497,-1513.749
3,Port 0x01: JJH Probe  s/n:3E4C880C,179576089,1738682534.818633875,1,Too Few Markers,-3.697314E28,-3.697314E28,-3.697314E28,-3.697314E28,-3.697314E28,-3.697314E28,-3.697314E28,0.0000000,3,Missing,-3.697314E28,-3.697314E28,-3.697314E28,Missing,-3.697314E28,-3.697314E28,-3.697314E28,Missing,-3.697314E28,-3.697314E28,-3.697314E28,Port 0x02: JJH T tibia tracker  s/n:3E4C8800,179576089,1738682534.818633875,1,OK,0.9348649,-0.1582488,-0.1872895,0.2567247,102.961,63.664,-1708.728,0.1614895,3,OK,103.056,63.544,-1708.655,OK,113.417,-28.283,-1682.728,OK,31.205,15.269,-1732.931,Port 0x03: JJH Y femur tracker  s/n:3E4C8801,179576089,1738682534.818633875,1,OK,0.8373352,0.0654311,0.5254756,-0.1358818,-188.276,304.818,-1596.692,0.1540245,3,OK,-188.305,304.809,-1596.639,OK,-188.492,390.737,-1546.894,OK,-226.457,319.740,-1513.160
3,Port 0x01: JJH Probe  s/n:3E4C880C,179576092,1738682534.868633874,1,Too Few Markers,-3.697314E28,-3.697314E28,-3.697314E28,-3.697314E28,-3.697314E28,-3.697314E28,-3.697314E28,0.0000000,3,Missing,-3.697314E28,-3.697314E28,-3.697314E28,Missing,-3.697314E28,-3.697314E28,-3.697314E28,Missing,-3.697314E28,-3.697314E28,-3.697314E28,Port 0x02: JJH T tibia tracker  s/n:3E4C8800,179576092,1738682534.868633874,1,OK,0.9353822,-0.1564271,-0.1868056,0.2563091,102.988,63.532,-1709.396,0.1432329,3,OK,103.065,63.408,-1709.331,OK,113.426,-28.506,-1683.746,OK,31.198,15.259,-1733.612,Port 0x03: JJH Y femur tracker  s/n:3E4C8801,179576092,1738682534.868633874,1,OK,0.8364743,0.0652035,0.5267211,-0.1364701,-187.723,304.911,-1596.427,0.1372072,3,OK,-187.751,304.916,-1596.367,OK,-187.702,390.863,-1546.694,OK,-225.642,319.889,-1512.771
3,Port 0x01: JJH Probe  s/n:3E4C880C,179576095,1738682534.918633874,1,Too Few Markers,-3.697314E28,-3.697314E28,-3.697314E28,-3.697314E28,-3.697314E28,-3.697314E28,-3.697314E28,0.0000000,3,Missing,-3.697314E28,-3.697314E28,-3.697314E28,Missing,-3.697314E28,-3.697314E28,-3.697314E28,Missing,-3.697314E28,-3.697314E28,-3.697314E28,Port 0x02: JJH T tibia tracker  s/n:3E4C8800,179576095,1738682534.918633874,1,OK,0.9354449,-0.1549966,-0.1879757,0.2560940,102.955,63.407,-1709.590,0.1780753,3,OK,103.053,63.268,-1709.511,OK,113.428,-28.703,-1684.221,OK,31.174,15.189,-1734.103,Port 0x03: JJH Y femur tracker  s/n:3E4C8801,179576095,1738682534.918633874,1,OK,0.8356559,0.0656190,0.5278466,-0.1369351,-187.304,304.959,-1596.127,0.1404280,3,OK,-187.326,304.957,-1596.085,OK,-187.045,390.873,-1546.333,OK,-224.979,319.949,-1512.352
3,Port 0x01: JJH Probe  s/n:3E4C880C,179576098,1738682534.968633874,1,Too Few Markers,-3.697314E28,-3.697314E28,-3.697314E28,-3.697314E28,-3.697314E28,-3.697314E28,-3.697314E28,0.0000000,3,Missing,-3.697314E28,-3.697314E28,-3.697314E28,Missing,-3.697314E28,-3.697314E28,-3.697314E28,Missing,-3.697314E28,-3.697314E28,-3.697314E28,Port 0x02: JJH T tibia tracker  s/n:3E4C8800,179576098,1738682534.968633874,1,OK,0.9357368,-0.1543208,-0.1872932,0.2559356,102.980,63.347,-1709.982,0.1513273,3,OK,103.065,63.229,-1709.915,OK,113.444,-28.812,-1684.733,OK,31.165,15.181,-1734.411,Port 0x03: JJH Y femur tracker  s/n:3E4C8801,179576098,1738682534.968633874,1,OK,0.8349265,0.0656219,0.5288764,-0.1374093,-186.845,305.050,-1595.880,0.1301704,3,OK,-186.867,305.050,-1595.835,OK,-186.378,390.980,-1546.103,OK,-224.299,320.071,-1512.006
3,Port 0x01: JJH Probe  s/n:3E4C880C,179576101,1738682535.018672715,1,Too Few Markers,-3.697314E28,-3.697314E28,-3.697314E28,-3.697314E28,-3.697314E28,-3.697314E28,-3.697314E28,0.0000000,3,Missing,-3.697314E28,-3.697314E28,-3.697314E28,Missing,-3.697314E28,-3.697314E28,-3.697314E28,Missing,-3.697314E28,-3.697314E28,-3.697314E28,Port 0x02: JJH T tibia tracker  s/n:3E4C8800,179576101,1738682535.018672715,1,OK,0.9359778,-0.1530962,-0.1874203,0.2556967,102.978,63.228,-1710.364,0.1478832,3,OK,103.058,63.102,-1710.298,OK,113.436,-28.987,-1685.357,OK,31.165,15.128,-1734.878,Port 0x03: JJH Y femur tracker  s/n:3E4C8801,179576101,1738682535.018672715,1,OK,0.8340595,0.0657983,0.5300605,-0.1380261,-186.249,305.184,-1595.617,0.1430440,3,OK,-186.279,305.190,-1595.554,OK,-185.527,391.101,-1545.836,OK,-223.428,320.247,-1511.652
3,Port 0x01: JJH Probe  s/n:3E4C880C,179576104,1738682535.068672715,1,Too Few Markers,-3.697314E28,-3.697314E28,-3.697314E28,-3.697314E28,-3.697314E28,-3.697314E28,-3.697314E28,0.0000000,3,Missing,-3.697314E28,-3.697314E28,-3.697314E28,Missing,-3.697314E28,-3.697314E28,-3.697314E28,Missing,-3.697314E28,-3.697314E28,-3.697314E28,Port 0x02: JJH T tibia tracker  s/n:3E4C8800,179576104,1738682535.068672715,1,OK,0.9361608,-0.1516091,-0.1880508,0.2554496,102.961,63.123,-1710.949,0.1633146,3,OK,103.055,62.994,-1710.876,OK,113.435,-29.165,-1686.235,OK,31.144,15.086,-1735.661,Port 0x03: JJH Y femur tracker  s/n:3E4C8801,179576104,1738682535.068672715,1,OK,0.8332330,0.0662487,0.5311403,-0.1386503,-185.720,305.289,-1595.305,0.1650729,3,OK,-185.755,305.275,-1595.243,OK,-184.741,391.180,-1545.459,OK,-222.636,320.390,-1511.258
3,Port 0x01: JJH Probe  s/n:3E4C880C,179576107,1738682535.118672714,1,Too Few Markers,-3.697314E28,-3.697314E28,-3.697314E28,-3.697314E28,-3.697314E28,-3.697314E28,-3.697314E28,0.0000000,3,Missing,-3.697314E28,-3.697314E28,-3.697314E28,Missing,-3.697314E28,-3.697314E28,-3.697314E28,Missing,-3.697314E28,-3.697314E28,-3.697314E28,Port 0x02: JJH T tibia tracker  s/n:3E4C8800,179576107,1738682535.118672714,1,OK,0.9364299,-0.1501233,-0.1883609,0.2551121,102.934,63.026,-1711.278,0.1831009,3,OK,103.046,62.891,-1711.195,OK,113.406,-29.327,-1686.858,OK,31.084,15.067,-1736.138,Port 0x03: JJH Y femur tracker  s/n:3E4C8801,179576107,1738682535.118672714,1,OK,0.8325064,0.0665160,0.5321085,-0.1391736,-185.201,305.393,-1595.016,0.1909518,3,OK,-185.244,305.377,-1594.937,OK,-184.007,391.257,-1545.138,OK,-221.879,320.534,-1510.905
3,Port 0x01: JJH Probe  s/n:3E4C880C,179576110,1738682535.168672717,1,Too Few Markers,-3.697314E28,-3.697314E28,-3.697314E28,-3.697314E28,-3.697314E28,-3.697314E28,-3.697314E28,0.0000000,3,Missing,-3.697314E28,-3.697314E28,-3.697314E28,Missing,-3.697314E28,-3.697314E28,-3.697314E28,Missing,-3.697314E28,-3.697314E28,-3.697314E28,Port 0x02: JJH T tibia tracker  s/n:3E4C8800,179576110,1738682535.168672717,1,OK,0.9366406,-0.1490444,-0.1883547,0.2549757,102.946,62.924,-1711.615,0.1729233,3,OK,103.050,62.785,-1711.536,OK,113.420,-29.473,-1687.408,OK,31.109,15.012,-1736.521,Port 0x03: JJH Y femur tracker  s/n:3E4C8801,179576110,1738682535.168672717,1,OK,0.8316980,0.0664060,0.5332599,-0.1396516,-184.747,305.457,-1594.746,0.1620878,3,OK,-184.782,305.457,-1594.676,OK,-183.333,391.338,-1544.919,OK,-221.195,320.626,-1510.503
3,Port 0x01: JJH Probe  s/n:3E4C880C,179576113,1738682535.218672717,1,Too Few Markers,-3.697314E28,-3.697314E28,-3.697314E28,-3.697314E28,-3.697314E28,-3.697314E28,-3.697314E28,0.0000000,3,Missing,-3.697314E28,-3.697314E28,-3.697314E28,Missing,-3.697314E28,-3.697314E28,-3.697314E28,Missing,-3.697314E28,-3.697314E28,-3.697314E28,Port 0x02: JJH T tibia tracker  s/n:3E4C8800,179576113,1738682535.218672717,1,OK,0.9366523,-0.1486189,-0.1890584,0.2546601,102.939,62.902,-1711.889,0.1875320,3,OK,103.049,62.765,-1711.807,OK,113.393,-29.542,-1687.770,OK,31.084,15.051,-1736.962,Port 0x03: JJH Y femur tracker  s/n:3E4C8801,179576113,1738682535.218672717,1,OK,0.8311063,0.0664702,0.5341018,-0.1399263,-184.482,305.551,-1594.610,0.1464291,3,OK,-184.504,305.548,-1594.566,OK,-182.914,391.427,-1544.776,OK,-220.761,320.733,-1510.260
3,Port 0x01: JJH Probe  s/n:3E4C880C,179576116,1738682535.268672717,1,Too Few Markers,-3.697314E28,-3.697314E28,-3.697314E28,-3.697314E28,-3.697314E28,-3.697314E28,-3.697314E28,0.0000000,3,Missing,-3.697314E28,-3.697314E28,-3.697314E28,Missing,-3.697314E28,-3.697314E28,-3.697314E28,Missing,-3.697314E28,-3.697314E28,-3.697314E28,Port 0x02: JJH T tibia tracker  s/n:3E4C8800,179576116,1738682535.268672717,1,OK,0.9369211,-0.1482710,-0.1881212,0.2545684,102.965,62.829,-1712.026,0.1629314,3,OK,103.048,62.687,-1711.956,OK,113.408,-29.629,-1687.962,OK,31.081,15.025,-1736.948,Port 0x03: JJH Y femur tracker  s/n:3E4C8801,179576116,1738682535.268672717,1,OK,0.8309615,0.0665069,0.5342514,-0.1401973,-184.291,305.547,-1594.527,0.1637948,3,OK,-184.329,305.546,-1594.450,OK,-182.659,391.434,-1544.705,OK,-220.511,320.756,-1510.201
3,Port 0x01: JJH Probe  s/n:3E4C880C,179576119,1738682535.318672717,1,Too Few Markers,-3.697314E28,-3.697314E28,-3.697314E28,-3.697314E28,-3.697314E28,-3.697314E28,-3.697314E28,0.0000000,3,Missing,-3.697314E28,-3.697314E28,-3.697314E28,Missing,-3.697314E28,-3.697314E28,-3.697314E28,Missing,-3.697314E28,-3.697314E28,-3.697314E28,Port 0x02: JJH T tibia tracker  s/n:3E4C8800,179576119,1738682535.318672717,1,OK,0.9368603,-0.1484423,-0.1883204,0.2545449,102.969,62.848,-1712.124,0.1543452,3,OK,103.045,62.715,-1712.059,OK,113.405,-29.619,-1688.028,OK,31.099,15.045,-1737.071,Port 0x03: JJH Y femur tracker  s/n:3E4C8801,179576119,1738682535.318672717,1,OK,0.8309528,0.0663555,0.5342856,-0.1401905,-184.307,305.541,-1594.510,0.1540868,3,OK,-184.342,305.549,-1594.432,OK,-182.679,391.439,-1544.720,OK,-220.528,320.753,-1510.173
3,Port 0x01: JJH Probe  s/n:3E4C880C,179576122,1738682535.368672717,1,Too Few Markers,-3.697314E28,-3.697314E28,-3.697314E28,-3.697314E28,-3.697314E28,-3.697314E28,-3.697314E28,0.0000000,3,Missing,-3.697314E28,-3.697314E28,-3.697314E28,Missing,-3.697314E28,-3.697314E28,-3.697314E28,Missing,-3.697314E28,-3.697314E28,-3.697314E28,Port 0x02: JJH T tibia tracker  s/n:3E4C8800,179576122,1738682535.368672717,1,OK,0.9368777,-0.1483691,-0.1882325,0.2545885,102.966,62.871,-1712.080,0.1613644,3,OK,103.056,62.738,-1712.010,OK,113.404,-29.586,-1688.002,OK,31.089,15.052,-1737.015,Port 0x03: JJH Y femur tracker  s/n:3E4C8801,179576122,1738682535.368672717,1,OK,0.8309903,0.0664024,0.5342429,-0.1401081,-184.344,305.559,-1594.526,0.1482420,3,OK,-184.374,305.567,-1594.460,OK,-182.731,391.448,-1544.724,OK,-220.583,320.758,-1510.179
3,Port 0x01: JJH Probe  s/n:3E4C880C,179576125,1738682535.418672717,1,Too Few Markers,-3.697314E28,-3.697314E28,-3.697314E28,-3.697314E28,-3.697314E28,-3.697314E28,-3.697314E28,0.0000000,3,Missing,-3.697314E28,-3.697314E28,-3.697314E28,Missing,-3.697314E28,-3.697314E28,-3.697314E28,Missing,-3.697314E28,-3.697314E28,-3.697314E28,Port 0x02: JJH T tibia tracker  s/n:3E4C8800,179576125,1738682535.418672717,1,OK,0.9366904,-0.1487860,-0.1887901,0.2546216,102.983,62.887,-1712.088,0.1799748,3,OK,103.074,62.742,-1712.014,OK,113.434,-29.559,-1687.929,OK,31.117,15.058,-1737.109,Port 0x03: JJH Y femur tracker  s/n:3E4C8801,179576125,1738682535.418672717,1,OK,0.8312111,0.0664697,0.5339431,-0.1399096,-184.459,305.521,-1594.599,0.1607170,3,OK,-184.494,305.522,-1594.526,OK,-182.913,391.401,-1544.768,OK,-220.758,320.699,-1510.295
3,Port 0x01: JJH Probe  s/n:3E4C880C,179576128,1738682535.468672717,1,Too Few Markers,-3.697314E28,-3.697314E28,-3.697314E28,-3.697314E28,-3.697314E28,-3.697314E28,-3.697314E28,0.0000000,3,Missing,-3.697314E28,-3.697314E28,-3.697314E28,Missing,-3.697314E28,-3.697314E28,-3.697314E28,Missing,-3.697314E28,-3.697314E28,-3.697314E28,Port 0x02: JJH T tibia tracker  s/n:3E4C8800,179576128,1738682535.468672717,1,OK,0.9367897,-0.1483853,-0.1885383,0.2546766,102.950,62.931,-1712.011,0.1688572,3,OK,103.042,62.789,-1711.936,OK,113.401,-29.515,-1687.934,OK,31.099,15.091,-1736.992,Port 0x03: JJH Y femur tracker  s/n:3E4C8801,179576128,1738682535.468672717,1,OK,0.8314100,0.0664674,0.5336905,-0.1396924,-184.651,305.499,-1594.672,0.1568730,3,OK,-184.682,305.492,-1594.614,OK,-183.174,391.375,-1544.823,OK,-221.014,320.658,-1510.380
3,Port 0x01: JJH Probe  s/n:3E4C880C,179576131,1738682535.518672717,1,Too Few Markers,-3.697314E28,-3.697314E28,-3.697314E28,-3.697314E28,-3.697314E28,-3.697314E28,-3.697314E28,0.0000000,3,Missing,-3.697314E28,-3.697314E28,-3.697314E28,Missing,-3.697314E28,-3.697314E28,-3.697314E28,Missing,-3.697314E28,-3.697314E28,-3.697314E28,Port 0x02: JJH T tibia tracker  s/n:3E4C8800,179576131,1738682535.518672717,1,OK,0.9367398,-0.1486994,-0.1885358,0.2546787,102.956,62.938,-1711.914,0.1604239,3,OK,103.041,62.803,-1711.845,OK,113.402,-29.508,-1687.773,OK,31.107,15.098,-1736.880,Port 0x03: JJH Y femur tracker  s/n:3E4C8801,179576131,1738682535.518672717,1,OK,0.8317651,0.0665550,0.5331806,-0.1394838,-184.836,305.440,-1594.764,0.1714307,3,OK,-184.872,305.427,-1594.697,OK,-183.452,391.304,-1544.889,OK,-221.300,320.581,-1510.533
3,Port 0x01: JJH Probe  s/n:3E4C880C,179576134,1738682535.568672717,1,Too Few Markers,-3.697314E28,-3.697314E28,-3.697314E28,-3.697314E28,-3.697314E28,-3.697314E28,-3.697314E28,0.0000000,3,Missing,-3.697314E28,-3.697314E28,-3.697314E28,Missing,-3.697314E28,-3.697314E28,-3.697314E28,Missing,-3.697314E28,-3.697314E28,-3.697314E28,Port 0x02: JJH T tibia tracker  s/n:3E4C8800,179576134,1738682535.568672717,1,OK,0.9367000,-0.1484413,-0.1887109,0.2548459,102.944,63.007,-1711.769,0.1672536,3,OK,103.041,62.866,-1711.693,OK,113.406,-29.420,-1687.689,OK,31.134,15.125,-1736.760,Port 0x03: JJH Y femur tracker  s/n:3E4C8801,179576134,1738682535.568672717,1,OK,0.8322668,0.0662777,0.5324883,-0.1392677,-185.108,305.384,-1594.934,0.1763336,3,OK,-185.152,305.378,-1594.847,OK,-183.862,391.277,-1545.104,OK,-221.716,320.531,-1510.787
3,Port 0x01: JJH Probe  s/n:3E4C880C,179576137,1738682535.618672717,1,Too Few Markers,-3.697314E28,-3.697314E28,-3.697314E28,-3.697314E28,-3.697314E28,-3.697314E28,-3.697314E28,0.0000000,3,Missing,-3.697314E28,-3.697314E28,-3.697314E28,Missing,-3.697314E28,-3.697314E28,-3.697314E28,Missing,-3.697314E28,-3.697314E28,-3.697314E28,Port 0x02: JJH T tibia tracker  s/n:3E4C8800,179576137,1738682535.618672717,1,OK,0.9364528,-0.1493393,-0.1889665,0.2550403,102.984,63.078,-1711.574,0.1867833,3,OK,103.082,62.928,-1711.495,OK,113.488,-29.322,-1687.303,OK,31.164,15.161,-1736.581,Port 0x03: JJH Y femur tracker  s/n:3E4C8801,179576137,1738682535.618672717,1,OK,0.8328102,0.0659562,0.5318353,-0.1386655,-185.514,305.297,-1595.181,0.1452851,3,OK,-185.544,305.293,-1595.121,OK,-184.463,391.207,-1545.374,OK,-222.306,320.394,-1511.055
3,Port 0x01: JJH Probe  s/n:3E4C880C,179576140,1738682535.668672717,1,Too Few Markers,-3.697314E28,-3.697314E28,-3.697314E28,-3.697314E28,-3.697314E28,-3.697314E28,-3.697314E28,0.0000000,3,Missing,-3.697314E28,-3.697314E28,-3.697314E28,Missing,-3.697314E28,-3.697314E28,-3.697314E28,Missing,-3.697314E28,-3.697314E28,-3.697314E28,Port 0x02: JJH T tibia tracker  s/n:3E4C8800,179576140,1738682535.668672717,1,OK,0.9362980,-0.1506624,-0.1882491,0.2553610,103.032,63.222,-1711.221,0.1644181,3,OK,103.120,63.089,-1711.150,OK,113.535,-29.116,-1686.684,OK,31.218,15.229,-1736.019,Port 0x03: JJH Y femur tracker  s/n:3E4C8801,179576140,1738682535.668672717,1,OK,0.8340202,0.0656848,0.5301952,-0.1378003,-186.246,305.128,-1595.586,0.1525458,3,OK,-186.276,305.128,-1595.525,OK,-185.560,391.038,-1545.787,OK,-223.403,320.176,-1511.617
3,Port 0x01: JJH Probe  s/n:3E4C880C,179576143,1738682535.718672717,1,Too Few Markers,-3.697314E28,-3.697314E28,-3.697314E28,-3.697314E28,-3.697314E28,-3.697314E28,-3.697314E28,0.0000000,3,Missing,-3.697314E28,-3.697314E28,-3.697314E28,Missing,-3.697314E28,-3.697314E28,-3.697314E28,Missing,-3.697314E28,-3.697314E28,-3.697314E28,Port 0x02: JJH T tibia tracker  s/n:3E4C8800,179576143,1738682535.718672717,1,OK,0.9359304,-0.1520904,-0.1880993,0.2559715,102.995,63.408,-1710.461,0.1600670,3,OK,103.089,63.275,-1710.387,OK,113.528,-28.828,-1685.652,OK,31.249,15.265,-1735.125,Port 0x03: JJH Y femur tracker  s/n:3E4C8801,179576143,1738682535.718672717,1,OK,0.8356242,0.0654607,0.5279740,-0.1367134,-187.282,304.927,-1596.131,0.1471952,3,OK,-187.309,304.929,-1596.076,OK,-187.057,390.840,-1546.337,OK,-224.937,319.895,-1512.359
3,Port 0x01: JJH Probe  s/n:3E4C880C,179576146,1738682535.768672717,1,Too Few Markers,-3.697314E28,-3.697314E28,-3.697314E28,-3.697314E28,-3.697314E28,-3.697314E28,-3.697314E28,0.0000000,3,Missing,-3.697314E28,-3.697314E28,-3.697314E28,Missing,-3.697314E28,-3.697314E28,-3.697314E28,Missing,-3.697314E28,-3.697314E28,-3.697314E28,Port 0x02: JJH T tibia tracker  s/n:3E4C8800,179576146,1738682535.768672717,1,OK,0.9351850,-0.1549990,-0.1884445,0.2566963,102.991,63.706,-1709.434,0.1846278,3,OK,103.101,63.568,-1709.350,OK,113.569,-28.380,-1684.055,OK,31.290,15.376,-1734.002,Port 0x03: JJH Y femur tracker  s/n:3E4C8801,179576146,1738682535.768672717,1,OK,0.8377871,0.0649055,0.5250250,-0.1350880,-188.643,304.635,-1596.869,0.1435816,3,OK,-188.673,304.637,-1596.811,OK,-189.078,390.568,-1547.104,OK,-226.960,319.489,-1513.378
3,Port 0x01: JJH Probe  s/n:3E4C880C,179576149,1738682535.818672717,1,Too Few Markers,-3.697314E28,-3.697314E28,-3.697314E28,-3.697314E28,-3.697314E28,-3.697314E28,-3.697314E28,0.0000000,3,Missing,-3.697314E28,-3.697314E28,-3.697314E28,Missing,-3.697314E28,-3.697314E28,-3.697314E28,Missing,-3.697314E28,-3.697314E28,-3.697314E28,Port 0x02: JJH T tibia tracker  s/n:3E4C8800,179576149,1738682535.818672717,1,OK,0.9347181,-0.1589425,-0.1865314,0.2573819,103.069,63.983,-1708.368,0.1498537,3,OK,103.155,63.857,-1708.297,OK,113.604,-27.889,-1682.214,OK,31.358,15.476,-1732.369,Port 0x03: JJH Y femur tracker  s/n:3E4C8801,179576149,1738682535.818672717,1,OK,0.8400413,0.0644347,0.5219261,-0.1333114,-190.101,304.317,-1597.677,0.1203805,3,OK,-190.112,304.319,-1597.654,OK,-191.229,390.251,-1547.931,OK,-229.134,319.031,-1514.440
3,Port 0x01: JJH Probe  s/n:3E4C880C,179576152,1738682535.868672717,1,Too Few Markers,-3.697314E28,-3.697314E28,-3.697314E28,-3.697314E28,-3.697314E28,-3.697314E28,-3.697314E28,0.0000000,3,Missing,-3.697314E28,-3.697314E28,-3.697314E28,Missing,-3.697314E28,-3.697314E28,-3.697314E28,Missing,-3.697314E28,-3.697314E28,-3.697314E28,Port 0x02: JJH T tibia tracker  s/n:3E4C8800,179576152,1738682535.868672717,1,OK,0.9339274,-0.1622988,-0.1865255,0.2581607,103.112,64.306,-1707.229,0.1567273,3,OK,103.205,64.183,-1707.155,OK,113.668,-27.384,-1680.425,OK,31.455,15.593,-1731.035,Port 0x03: JJH Y femur tracker  s/n:3E4C8801,179576152,1738682535.868672717,1,OK,0.8423008,0.0640093,0.5187535,-0.1316319,-191.492,303.993,-1598.406,0.1175824,3,OK,-191.504,303.995,-1598.383,OK,-193.303,389.929,-1548.681,OK,-231.224,318.576,-1515.477
3,Port 0x01: JJH Probe  s/n:3E4C880C,179576155,1738682535.918672717,1,Too Few Markers,-3.697314E28,-3.697314E28,-3.697314E28,-3.697314E28,-3.697314E28,-3.697314E28,-3.697314E28,0.0000000,3,Missing,-3.697314E28,-3.697314E28,-3.697314E28,Missing,-3.697314E28,-3.697314E28,-3.697314E28,Missing,-3.697314E28,-3.697314E28,-3.697314E28,Port 0x02: JJH T tibia tracker  s/n:3E4C8800,179576155,1738682535.918672717,1,OK,0.9333632,-0.1648406,-0.1862073,0.2588195,103.070,64.628,-1706.221,0.1711327,3,OK,103.170,64.492,-1706.139,OK,113.654,-26.898,-1678.921,OK,31.442,15.755,-1729.822,Port 0x03: JJH Y femur tracker  s/n:3E4C8801,179576155,1738682535.918672717,1,OK,0.8442948,0.0634122,0.5159588,-0.1301217,-192.814,303.743,-1599.182,0.1030349,3,OK,-192.825,303.752,-1599.158,OK,-195.242,389.700,-1549.521,OK,-233.170,318.212,-1516.520
3,Port 0x01: JJH Probe  s/n:3E4C880C,179576158,1738682535.968672717,1,Too Few Markers,-3.697314E28,-3.697314E28,-3.697314E28,-3.697314E28,-3.697314E28,-3.697314E28,-3.697314E28,0.0000000,3,Missing,-3.697314E28,-3.697314E28,-3.697314E28,Missing,-3.697314E28,-3.697314E28,-3.697314E28,Missing,-3.697314E28,-3.697314E28,-3.697314E28,Port 0x02: JJH T tibia tracker  s/n:3E4C8800,179576158,1738682535.968672717,1,OK,0.9328148,-0.1676674,-0.1855482,0.2594535,103.009,64.875,-1705.199,0.1679669,3,OK,103.105,64.739,-1705.118,OK,113.602,-26.483,-1677.345,OK,31.401,15.847,-1728.519,Port 0x03: JJH Y femur tracker  s/n:3E4C8801,179576158,1738682535.968672717,1,OK,0.8464148,0.0634996,0.5128055,-0.1287646,-194.068,303.464,-1599.819,0.1345253,3,OK,-194.097,303.454,-1599.772,OK,-197.094,389.397,-1550.113,OK,-235.062,317.817,-1517.513
3,Port 0x01: JJH Probe  s/n:3E4C880C,179576161,1738682536.018672717,1,Too Few Markers,-3.697314E28,-3.697314E28,-3.697314E28,-3.697314E28,-3.697314E28,-3.697314E28,-3.697314E28,0.0000000,3,Missing,-3.697314E28,-3.697314E28,-3.697314E28,Missing,-3.697314E28,-3.697314E28,-3.697314E28,Missing,-3.697314E28,-3.697314E28,-3.697314E28,Port 0x02: JJH T tibia tracker  s/n:3E4C8800,179576161,1738682536.018672717,1,OK,0.9323517,-0.1708552,-0.1841429,0.2600390,103.064,65.137,-1704.395,0.1442205,3,OK,103.160,65.033,-1704.320,OK,113.626,-26.038,-1675.920,OK,31.446,15.950,-1727.277,Port 0x03: JJH Y femur tracker  s/n:3E4C8801,179576161,1738682536.018672717,1,OK,0.8481402,0.0627130,0.5104366,-0.1271997,-195.229,303.195,-1600.522,0.0932053,3,OK,-195.232,303.204,-1600.512,OK,-198.834,389.144,-1550.913,OK,-236.791,317.425,-1518.396
3,Port 0x01: JJH Probe  s/n:3E4C880C,179576164,1738682536.068672717,1,Too Few Markers,-3.697314E28,-3.697314E28,-3.697314E28,-3.697314E28,-3.697314E28,-3.697314E28,-3.697314E28,0.0000000,3,Missing,-3.697314E28,-3.697314E28,-3.697314E28,Missing,-3.697314E28,-3.697314E28,-3.697314E28,Missing,-3.697314E28,-3.697314E28,-3.697314E28,Port 0x02: JJH T tibia tracker  s/n:3E4C8800,179576164,1738682536.068672717,1,OK,0.9318621,-0.1733554,-0.1836170,0.2605104,103.096,65.362,-1703.449,0.1364740,3,OK,103.185,65.260,-1703.379,OK,113.643,-25.661,-1674.494,OK,31.505,16.053,-1726.088,Port 0x03: JJH Y femur tracker  s/n:3E4C8801,179576164,1738682536.068672717,1,OK,0.8500168,0.0628973,0.5076020,-0.1259186,-196.320,302.950,-1601.238,0.1194066,3,OK,-196.328,302.941,-1601.228,OK,-200.466,388.850,-1551.574,OK,-238.459,317.064,-1519.417
3,Port 0x01: JJH Probe  s/n:3E4C880C,179576167,1738682536.118672717,1,Too Few Markers,-3.697314E28,-3.697314E28,-3.697314E28,-3.697314E28,-3.697314E28,-3.697314E28,-3.697314E28,0.0000000,3,Missing,-3.697314E28,-3.697314E28,-3.697314E28,Missing,-3.697314E28,-3.697314E28,-3.697314E28,Missing,-3.697314E28,-3.697314E28,-3.697314E28,Port 0x02: JJH T tibia tracker  s/n:3E4C8800,179576167,1738682536.118672717,1,OK,0.9312903,-0.1754946,-0.1838398,0.2609654,103.015,65.652,-1702.513,0.1569207,3,OK,103.105,65.526,-1702.434,OK,113.585,-25.236,-1673.143,OK,31.449,16.232,-1725.077,Port 0x03: JJH Y femur tracker  s/n:3E4C8801,179576167,1738682536.118672717,1,OK,0.8517645,0.0625077,0.5050915,-0.1243887,-197.569,302.693,-1601.908,0.1132232,3,OK,-197.565,302.680,-1601.920,OK,-202.287,388.578,-1552.268,OK,-240.266,316.673,-1520.324
3,Port 0x01: JJH Probe  s/n:3E4C880C,179576170,1738682536.168636699,1,Too Few Markers,-3.697314E28,-3.697314E28,-3.697314E28,-3.697314E28,-3.697314E28,-3.697314E28,-3.697314E28,0.0000000,3,Missing,-3.697314E28,-3.697314E28,-3.697314E28,Missing,-3.697314E28,-3.697314E28,-3.697314E28,Missing,-3.697314E28,-3.697314E28,-3.697314E28,Port 0x02: JJH T tibia tracker  s/n:3E4C8800,179576170,1738682536.168636699,1,OK,0.9305350,-0.1782947,-0.1841604,0.2615351,103.023,65.933,-1701.509,0.1603194,3,OK,103.112,65.812,-1701.432,OK,113.603,-24.804,-1671.598,OK,31.509,16.363,-1723.967,Port 0x03: JJH Y femur tracker  s/n:3E4C8801,179576170,1738682536.168636699,1,OK,0.8534679,0.0620773,0.5026490,-0.1228127,-198.787,302.354,-1602.534,0.1077700,3,OK,-198.761,302.347,-1602.581,OK,-204.074,388.217,-1552.933,OK,-242.042,316.190,-1521.160
3,Port 0x01: JJH Probe  s/n:3E4C880C,179576173,1738682536.218636699,1,Too Few Markers,-3.697314E28,-3.697314E28,-3.697314E28,-3.697314E28,-3.697314E28,-3.697314E28,-3.697314E28,0.0000000,3,Missing,-3.697314E28,-3.697314E28,-3.697314E28,Missing,-3.697314E28,-3.697314E28,-3.697314E28,Missing,-3.697314E28,-3.697314E28,-3.697314E28,Port 0x02: JJH T tibia tracker  s/n:3E4C8800,179576173,1738682536.218636699,1,OK,0.9300276,-0.1795494,-0.1845876,0.2621796,103.071,66.335,-1700.405,0.1638448,3,OK,103.178,66.215,-1700.318,OK,113.666,-24.280,-1670.283,OK,31.674,16.591,-1722.814,Port 0x03: JJH Y femur tracker  s/n:3E4C8801,179576173,1738682536.218636699,1,OK,0.8553538,0.0616915,0.4998133,-0.1214526,-199.907,302.109,-1603.216,0.1088364,3,OK,-199.888,302.095,-1603.256,OK,-205.777,387.971,-1553.665,OK,-243.746,315.842,-1522.155
3,Port 0x01: JJH Probe  s/n:3E4C880C,179576176,1738682536.268636699,1,Too Few Markers,-3.697314E28,-3.697314E28,-3.697314E28,-3.697314E28,-3.697314E28,-3.697314E28,-3.697314E28,0.0000000,3,Missing,-3.697314E28,-3.697314E28,-3.697314E28,Missing,-3.697314E28,-3.697314E28,-3.697314E28,Missing,-3.697314E28,-3.697314E28,-3.697314E28,Port 0x02: JJH T tibia tracker  s/n:3E4C8800,179576176,1738682536.268636699,1,OK,0.9292265,-0.1814147,-0.1859461,0.2627753,103.190,66.688,-1699.361,0.1506242,3,OK,103.287,66.581,-1699.282,OK,113.814,-23.839,-1668.890,OK,31.934,16.789,-1721.870,Port 0x03: JJH Y femur tracker  s/n:3E4C8801,179576176,1738682536.268636699,1,OK,0.8572506,0.0614735,0.4969255,-0.1200310,-201.029,301.782,-1603.943,0.1088176,3,OK,-201.013,301.763,-1603.979,OK,-207.481,387.626,-1554.421,OK,-245.465,315.384,-1523.195
3,Port 0x01: JJH Probe  s/n:3E4C880C,179576179,1738682536.318636699,1,Too Few Markers,-3.697314E28,-3.697314E28,-3.697314E28,-3.697314E28,-3.697314E28,-3.697314E28,-3.697314E28,0.0000000,3,Missing,-3.697314E28,-3.697314E28,-3.697314E28,Missing,-3.697314E28,-3.697314E28,-3.697314E28,Missing,-3.697314E28,-3.697314E28,-3.697314E28,Port 0x02: JJH T tibia tracker  s/n:3E4C8800,179576179,1738682536.318636699,1,OK,0.9291027,-0.1828730,-0.1849232,0.2629241,103.140,66.839,-1698.946,0.1483626,3,OK,103.232,66.726,-1698.868,OK,113.738,-23.585,-1668.191,OK,31.843,16.905,-1721.199,Port 0x03: JJH Y femur tracker  s/n:3E4C8801,179576179,1738682536.318636699,1,OK,0.8592130,0.0610342,0.4939555,-0.1184724,-202.268,301.515,-1604.750,0.1042670,3,OK,-202.248,301.497,-1604.790,OK,-209.346,387.349,-1555.294,OK,-247.327,314.982,-1524.316
3,Port 0x01: JJH Probe  s/n:3E4C880C,179576182,1738682536.368636699,1,Too Few Markers,-3.697314E28,-3.697314E28,-3.697314E28,-3.697314E28,-3.697314E28,-3.697314E28,-3.697314E28,0.0000000,3,Missing,-3.697314E28,-3.697314E28,-3.697314E28,Missing,-3.697314E28,-3.697314E28,-3.697314E28,Missing,-3.697314E28,-3.697314E28,-3.697314E28,Port 0x02: JJH T tibia tracker  s/n:3E4C8800,179576182,1738682536.368636699,1,OK,0.9283463,-0.1860642,-0.1845216,0.2636380,103.025,67.144,-1697.671,0.1602229,3,OK,103.125,67.021,-1697.585,OK,113.619,-23.049,-1666.312,OK,31.771,17.025,-1719.654,Port 0x03: JJH Y femur tracker  s/n:3E4C8801,179576182,1738682536.368636699,1,OK,0.8612643,0.0601934,0.4908751,-0.1167995,-203.613,301.098,-1605.496,0.0856593,3,OK,-203.595,301.098,-1605.526,OK,-211.367,386.947,-1556.180,OK,-249.322,314.432,-1525.396
3,Port 0x01: JJH Probe  s/n:3E4C880C,179576185,1738682536.418636699,1,Too Few Markers,-3.697314E28,-3.697314E28,-3.697314E28,-3.697314E28,-3.697314E28,-3.697314E28,-3.697314E28,0.0000000,3,Missing,-3.697314E28,-3.697314E28,-3.697314E28,Missing,-3.697314E28,-3.697314E28,-3.697314E28,Missing,-3.697314E28,-3.697314E28,-3.697314E28,Port 0x02: JJH T tibia tracker  s/n:3E4C8800,179576185,1738682536.418636699,1,OK,0.9277203,-0.1896595,-0.1831001,0.2642701,102.961,67.510,-1696.422,0.1618916,3,OK,103.056,67.383,-1696.335,OK,113.514,-22.418,-1664.383,OK,31.711,17.232,-1717.933,Port 0x03: JJH Y femur tracker  s/n:3E4C8801,179576185,1738682536.418636699,1,OK,0.8633839,0.0601162,0.4875753,-0.1149984,-205.010,300.768,-1606.369,0.1023551,3,OK,-204.982,300.756,-1606.419,OK,-213.447,386.555,-1557.052,OK,-251.399,313.922,-1526.620
3,Port 0x01: JJH Probe  s/n:3E4C880C,179576188,1738682536.468636699,1,Too Few Markers,-3.697314E28,-3.697314E28,-3.697314E28,-3.697314E28,-3.697314E28,-3.697314E28,-3.697314E28,0.0000000,3,Missing,-3.697314E28,-3.697314E28,-3.697314E28,Missing,-3.697314E28,-3.697314E28,-3.697314E28,Missing,-3.697314E28,-3.697314E28,-3.697314E28,Port 0x02: JJH T tibia tracker  s/n:3E4C8800,179576188,1738682536.468636699,1,OK,0.9268356,-0.1932047,-0.1832463,0.2647047,103.002,67.860,-1695.366,0.1549703,3,OK,103.100,67.744,-1695.281,OK,113.522,-21.869,-1662.646,OK,31.763,17.445,-1716.714,Port 0x03: JJH Y femur tracker  s/n:3E4C8801,179576188,1738682536.468636699,1,OK,0.8657091,0.0592719,0.4839557,-0.1132319,-206.363,300.413,-1607.354,0.0881133,3,OK,-206.340,300.407,-1607.393,OK,-215.553,386.214,-1558.195,OK,-253.486,313.432,-1528.017
3,Port 0x01: JJH Probe  s/n:3E4C880C,179576191,1738682536.518636699,1,Too Few Markers,-3.697314E28,-3.697314E28,-3.697314E28,-3.697314E28,-3.697314E28,-3.697314E28,-3.697314E28,0.0000000,3,Missing,-3.697314E28,-3.697314E28,-3.697314E28,Missing,-3.697314E28,-3.697314E28,-3.697314E28,Missing,-3.697314E28,-3.697314E28,-3.697314E28,Port 0x02: JJH T tibia tracker  s/n:3E4C8800,179576191,1738682536.518636699,1,OK,0.9263000,-0.1960308,-0.1822691,0.2651759,102.946,68.158,-1694.250,0.1722383,3,OK,103.054,68.028,-1694.154,OK,113.438,-21.344,-1660.999,OK,31.692,17.621,-1715.261,Port 0x03: JJH Y femur tracker  s/n:3E4C8801,179576191,1738682536.518636699,1,OK,0.8681229,0.0588269,0.4801251,-0.1112740,-207.883,299.955,-1608.371,0.0895262,3,OK,-207.865,299.952,-1608.400,OK,-217.857,385.717,-1559.300,OK,-255.770,312.792,-1529.475
3,Port 0x01: JJH Probe  s/n:3E4C880C,179576194,1738682536.568636699,1,Too Few Markers,-3.697314E28,-3.697314E28,-3.697314E28,-3.697314E28,-3.697314E28,-3.697314E28,-3.697314E28,0.0000000,3,Missing,-3.697314E28,-3.697314E28,-3.697314E28,Missing,-3.697314E28,-3.697314E28,-3.697314E28,Missing,-3.697314E28,-3.697314E28,-3.697314E28,Port 0x02: JJH T tibia tracker  s/n:3E4C8800,179576194,1738682536.568636699,1,OK,0.9253891,-0.2004968,-0.1815086,0.2655386,102.822,68.563,-1693.034,0.1607154,3,OK,102.920,68.445,-1692.945,OK,113.238,-20.670,-1658.926,OK,31.531,17.909,-1713.681,Port 0x03: JJH Y femur tracker  s/n:3E4C8801,179576194,1738682536.568636699,1,OK,0.8708598,0.0582052,0.4757349,-0.1090489,-209.665,299.542,-1609.553,0.0850326,3,OK,-209.644,299.539,-1609.586,OK,-220.535,385.274,-1560.614,OK,-258.431,312.173,-1531.157
3,Port 0x01: JJH Probe  s/n:3E4C880C,179576197,1738682536.618636699,1,Too Few Markers,-3.697314E28,-3.697314E28,-3.697314E28,-3.697314E28,-3.697314E28,-3.697314E28,-3.697314E28,0.0000000,3,Missing,-3.697314E28,-3.697314E28,-3.697314E28,Missing,-3.697314E28,-3.697314E28,-3.697314E28,Missing,-3.697314E28,-3.697314E28,-3.697314E28,Port 0x02: JJH T tibia tracker  s/n:3E4C8800,179576197,1738682536.618636699,1,OK,0.9247166,-0.2032956,-0.1809035,0.2661654,102.728,68.946,-1691.682,0.1751875,3,OK,102.834,68.811,-1691.583,OK,113.136,-20.049,-1657.055,OK,31.467,18.139,-1712.042,Port 0x03: JJH Y femur tracker  s/n:3E4C8801,179576197,1738682536.618636699,1,OK,0.8735811,0.0577621,0.4713680,-0.1064508,-211.604,298.962,-1610.854,0.1023136,3,OK,-211.560,298.947,-1610.924,OK,-223.419,384.614,-1561.988,OK,-261.263,311.325,-1532.932
3,Port 0x01: JJH Probe  s/n:3E4C880C,179576200,1738682536.668636699,1,Too Few Markers,-3.697314E28,-3.697314E28,-3.697314E28,-3.697314E28,-3.697314E28,-3.697314E28,-3.697314E28,0.0000000,3,Missing,-3.697314E28,-3.697314E28,-3.697314E28,Missing,-3.697314E28,-3.697314E28,-3.697314E28,Missing,-3.697314E28,-3.697314E28,-3.697314E28,Port 0x02: JJH T tibia tracker  s/n:3E4C8800,179576200,1738682536.668636699,1,OK,0.9239983,-0.2073600,-0.1789933,0.2668152,102.709,69.348,-1690.474,0.1598192,3,OK,102.812,69.235,-1690.383,OK,113.072,-19.341,-1655.073,OK,31.426,18.390,-1710.248,Port 0x03: JJH Y femur tracker  s/n:3E4C8801,179576200,1738682536.668636699,1,OK,0.8765686,0.0569533,0.4665005,-0.1037356,-213.517,298.382,-1612.218,0.1023589,3,OK,-213.462,298.375,-1612.301,OK,-226.360,383.982,-1563.527,OK,-264.156,310.470,-1534.850
3,Port 0x01: JJH Probe  s/n:3E4C880C,179576203,1738682536.718636699,1,Too Few Markers,-3.697314E28,-3.697314E28,-3.697314E28,-3.697314E28,-3.697314E28,-3.697314E28,-3.697314E28,0.0000000,3,Missing,-3.697314E28,-3.697314E28,-3.697314E28,Missing,-3.697314E28,-3.697314E28,-3.697314E28,Missing,-3.697314E28,-3.697314E28,-3.697314E28,Port 0x02: JJH T tibia tracker  s/n:3E4C8800,179576203,1738682536.718636699,1,OK,0.9231890,-0.2113208,-0.1777411,0.2673458,102.707,69.731,-1689.255,0.1494930,3,OK,102.804,69.631,-1689.170,OK,113.016,-18.667,-1653.104,OK,31.413,18.641,-1708.575,Port 0x03: JJH Y femur tracker  s/n:3E4C8801,179576203,1738682536.718636699,1,OK,0.8796009,0.0567726,0.4613216,-0.1012988,-215.298,297.801,-1613.530,0.1071634,3,OK,-215.249,297.783,-1613.605,OK,-229.127,383.309,-1564.939,OK,-266.906,309.636,-1536.798
3,Port 0x01: JJH Probe  s/n:3E4C880C,179576206,1738682536.768636699,1,Too Few Markers,-3.697314E28,-3.697314E28,-3.697314E28,-3.697314E28,-3.697314E28,-3.697314E28,-3.697314E28,0.0000000,3,Missing,-3.697314E28,-3.697314E28,-3.697314E28,Missing,-3.697314E28,-3.697314E28,-3.697314E28,Missing,-3.697314E28,-3.697314E28,-3.697314E28,Port 0x02: JJH T tibia tracker  s/n:3E4C8800,179576206,1738682536.768636699,1,OK,0.9224107,-0.2142201,-0.1777930,0.2676899,102.567,70.131,-1688.221,0.1621114,3,OK,102.677,70.024,-1688.125,OK,112.839,-18.053,-1651.531,OK,31.272,18.930,-1707.393,Port 0x03: JJH Y femur tracker  s/n:3E4C8801,179576206,1738682536.768636699,1,OK,0.8821412,0.0560873,0.4570452,-0.0989485,-217.077,297.342,-1614.873,0.1099237,3,OK,-217.015,297.322,-1614.966,OK,-231.794,382.802,-1566.447,OK,-269.524,308.933,-1538.641
3,Port 0x01: JJH Probe  s/n:3E4C880C,179576209,1738682536.818636699,1,Too Few Markers,-3.697314E28,-3.697314E28,-3.697314E28,-3.697314E28,-3.697314E28,-3.697314E28,-3.697314E28,0.0000000,3,Missing,-3.697314E28,-3.697314E28,-3.697314E28,Missing,-3.697314E28,-3.697314E28,-3.697314E28,Missing,-3.697314E28,-3.697314E28,-3.697314E28,Port 0x02: JJH T tibia tracker  s/n:3E4C8800,179576209,1738682536.818636699,1,OK,0.9219016,-0.2167264,-0.1768181,0.2680718,102.468,70.451,-1687.234,0.1790635,3,OK,102.596,70.350,-1687.130,OK,112.699,-17.513,-1650.086,OK,31.156,19.145,-1706.079,Port 0x03: JJH Y femur tracker  s/n:3E4C8801,179576209,1738682536.818636699,1,OK,0.8847827,0.0554173,0.4525333,-0.0964477,-218.863,296.776,-1616.164,0.1192060,3,OK,-218.790,296.763,-1616.267,OK,-234.517,382.158,-1567.910,OK,-272.179,308.108,-1540.473
3,Port 0x01: JJH Probe  s/n:3E4C880C,179576212,1738682536.868636699,1,Too Few Markers,-3.697314E28,-3.697314E28,-3.697314E28,-3.697314E28,-3.697314E28,-3.697314E28,-3.697314E28,0.0000000,3,Missing,-3.697314E28,-3.697314E28,-3.697314E28,Missing,-3.697314E28,-3.697314E28,-3.697314E28,Missing,-3.697314E28,-3.697314E28,-3.697314E28,Port 0x02: JJH T tibia tracker  s/n:3E4C8800,179576212,1738682536.868636699,1,OK,0.9211041,-0.2199251,-0.1764966,0.2684196,102.465,70.808,-1686.257,0.1657597,3,OK,102.580,70.703,-1686.158,OK,112.661,-16.932,-1648.499,OK,31.151,19.416,-1704.872,Port 0x03: JJH Y femur tracker  s/n:3E4C8801,179576212,1738682536.868636699,1,OK,0.8875689,0.0548788,0.4476327,-0.0939932,-220.574,296.233,-1617.603,0.1231934,3,OK,-220.497,296.215,-1617.710,OK,-237.189,381.539,-1569.527,OK,-274.803,307.306,-1542.518
3,Port 0x01: JJH Probe  s/n:3E4C880C,179576215,1738682536.918636699,1,Too Few Markers,-3.697314E28,-3.697314E28,-3.697314E28,-3.697314E28,-3.697314E28,-3.697314E28,-3.697314E28,0.0000000,3,Missing,-3.697314E28,-3.697314E28,-3.697314E28,Missing,-3.697314E28,-3.697314E28,-3.697314E28,Missing,-3.697314E28,-3.697314E28,-3.697314E28,Port 0x02: JJH T tibia tracker  s/n:3E4C8800,179576215,1738682536.918636699,1,OK,0.9204696,-0.2231720,-0.1750764,0.2688463,102.444,71.159,-1685.275,0.1560425,3,OK,102.546,71.058,-1685.183,OK,112.589,-16.313,-1646.911,OK,31.121,19.677,-1703.439,Port 0x03: JJH Y femur tracker  s/n:3E4C8801,179576215,1738682536.918636699,1,OK,0.8907301,0.0538781,0.4419748,-0.0914068,-222.364,295.559,-1619.040,0.0869058,3,OK,-222.323,295.551,-1619.096,OK,-240.062,380.817,-1571.265,OK,-277.589,306.384,-1544.722
3,Port 0x01: JJH Probe  s/n:3E4C880C,179576218,1738682536.968594649,1,Too Few Markers,-3.697314E28,-3.697314E28,-3.697314E28,-3.697314E28,-3.697314E28,-3.697314E28,-3.697314E28,0.0000000,3,Missing,-3.697314E28,-3.697314E28,-3.697314E28,Missing,-3.697314E28,-3.697314E28,-3.697314E28,Missing,-3.697314E28,-3.697314E28,-3.697314E28,Port 0x02: JJH T tibia tracker  s/n:3E4C8800,179576218,1738682536.968594649,1,OK,0.9198401,-0.2257008,-0.1745317,0.2692434,102.324,71.530,-1684.161,0.1857097,3,OK,102.445,71.414,-1684.053,OK,112.435,-15.703,-1645.344,OK,30.999,19.939,-1702.075,Port 0x03: JJH Y femur tracker  s/n:3E4C8801,179576218,1738682536.968594649,1,OK,0.8936146,0.0532008,0.4367677,-0.0886376,-224.337,294.915,-1620.624,0.1039300,3,OK,-224.274,294.901,-1620.707,OK,-243.077,380.075,-1573.067,OK,-280.527,305.442,-1546.950
3,Port 0x01: JJH Probe  s/n:3E4C880C,179576221,1738682537.018594649,1,Too Few Markers,-3.697314E28,-3.697314E28,-3.697314E28,-3.697314E28,-3.697314E28,-3.697314E28,-3.697314E28,0.0000000,3,Missing,-3.697314E28,-3.697314E28,-3.697314E28,Missing,-3.697314E28,-3.697314E28,-3.697314E28,Missing,-3.697314E28,-3.697314E28,-3.697314E28,Port 0x02: JJH T tibia tracker  s/n:3E4C8800,179576221,1738682537.018594649,1,OK,0.9191636,-0.2286519,-0.1737288,0.2695826,102.240,71.907,-1683.205,0.1778670,3,OK,102.359,71.799,-1683.100,OK,112.311,-15.095,-1643.832,OK,30.896,20.235,-1700.809,Port 0x03: JJH Y femur tracker  s/n:3E4C8801,179576221,1738682537.018594649,1,OK,0.8965354,0.0528183,0.4313778,-0.0857185,-226.362,294.214,-1622.330,0.1165158,3,OK,-226.286,294.189,-1622.431,OK,-246.164,379.244,-1574.956,OK,-283.529,304.390,-1549.342
3,Port 0x01: JJH Probe  s/n:3E4C880C,179576224,1738682537.068594649,1,Too Few Markers,-3.697314E28,-3.697314E28,-3.697314E28,-3.697314E28,-3.697314E28,-3.697314E28,-3.697314E28,0.0000000,3,Missing,-3.697314E28,-3.697314E28,-3.697314E28,Missing,-3.697314E28,-3.697314E28,-3.697314E28,Missing,-3.697314E28,-3.697314E28,-3.697314E28,Port 0x02: JJH T tibia tracker  s/n:3E4C8800,179576224,1738682537.068594649,1,OK,0.9182533,-0.2322097,-0.1733948,0.2698587,102.233,72.255,-1682.243,0.1656872,3,OK,102.350,72.157,-1682.142,OK,112.237,-14.485,-1642.205,OK,30.871,20.495,-1699.597,Port 0x03: JJH Y femur tracker  s/n:3E4C8801,179576224,1738682537.068594649,1,OK,0.8995609,0.0523966,0.4256781,-0.0827224,-228.298,293.462,-1624.009,0.1369473,3,OK,-228.206,293.425,-1624.128,OK,-249.208,378.348,-1576.844,OK,-286.474,303.292,-1551.760
3,Port 0x01: JJH Probe  s/n:3E4C880C,179576227,1738682537.118594649,1,Too Few Markers,-3.697314E28,-3.697314E28,-3.697314E28,-3.697314E28,-3.697314E28,-3.697314E28,-3.697314E28,0.0000000,3,Missing,-3.697314E28,-3.697314E28,-3.697314E28,Missing,-3.697314E28,-3.697314E28,-3.697314E28,Missing,-3.697314E28,-3.697314E28,-3.697314E28,Port 0x02: JJH T tibia tracker  s/n:3E4C8800,179576227,1738682537.118594649,1,OK,0.9175052,-0.2353111,-0.1727628,0.2701219,102.185,72.670,-1681.133,0.1674079,3,OK,102.304,72.575,-1681.030,OK,112.119,-13.812,-1640.529,OK,30.807,20.831,-1698.198,Port 0x03: JJH Y femur tracker  s/n:3E4C8801,179576227,1738682537.118594649,1,OK,0.9025053,0.0514731,0.4201048,-0.0796655,-230.227,292.786,-1625.798,0.1419413,3,OK,-230.124,292.750,-1625.927,OK,-252.254,377.561,-1578.935,OK,-289.391,302.265,-1554.283
3,Port 0x01: JJH Probe  s/n:3E4C880C,179576230,1738682537.168594650,1,Too Few Markers,-3.697314E28,-3.697314E28,-3.697314E28,-3.697314E28,-3.697314E28,-3.697314E28,-3.697314E28,0.0000000,3,Missing,-3.697314E28,-3.697314E28,-3.697314E28,Missing,-3.697314E28,-3.697314E28,-3.697314E28,Missing,-3.697314E28,-3.697314E28,-3.697314E28,Port 0x02: JJH T tibia tracker  s/n:3E4C8800,179576230,1738682537.168594650,1,OK,0.9168942,-0.2383367,-0.1713657,0.2704338,102.069,72.984,-1680.114,0.1677022,3,OK,102.182,72.892,-1680.015,OK,111.935,-13.223,-1638.962,OK,30.676,21.078,-1696.743,Port 0x03: JJH Y femur tracker  s/n:3E4C8801,179576230,1738682537.168594650,1,OK,0.9057281,0.0509419,0.4137237,-0.0767732,-232.197,291.990,-1627.606,0.1278953,3,OK,-232.107,291.950,-1627.718,OK,-255.369,376.639,-1581.055,OK,-292.421,301.129,-1556.971
3,Port 0x01: JJH Probe  s/n:3E4C880C,179576233,1738682537.218594650,1,Too Few Markers,-3.697314E28,-3.697314E28,-3.697314E28,-3.697314E28,-3.697314E28,-3.697314E28,-3.697314E28,0.0000000,3,Missing,-3.697314E28,-3.697314E28,-3.697314E28,Missing,-3.697314E28,-3.697314E28,-3.697314E28,Missing,-3.697314E28,-3.697314E28,-3.697314E28,Port 0x02: JJH T tibia tracker  s/n:3E4C8800,179576233,1738682537.218594650,1,OK,0.9163249,-0.2405929,-0.1710410,0.2705711,101.901,73.298,-1679.160,0.1851855,3,OK,102.019,73.187,-1679.049,OK,111.703,-12.701,-1637.611,OK,30.497,21.340,-1695.604,Port 0x03: JJH Y femur tracker  s/n:3E4C8801,179576233,1738682537.218594650,1,OK,0.9085332,0.0496893,0.4082527,-0.0736758,-234.212,291.201,-1629.374,0.1477887,3,OK,-234.097,291.172,-1629.508,OK,-258.499,375.730,-1583.198,OK,-295.395,299.996,-1559.462
3,Port 0x01: JJH Probe  s/n:3E4C880C,179576236,1738682537.268594651,1,Too Few Markers,-3.697314E28,-3.697314E28,-3.697314E28,-3.697314E28,-3.697314E28,-3.697314E28,-3.697314E28,0.0000000,3,Missing,-3.697314E28,-3.697314E28,-3.697314E28,Missing,-3.697314E28,-3.697314E28,-3.697314E28,Missing,-3.697314E28,-3.697314E28,-3.697314E28,Port 0x02: JJH T tibia tracker  s/n:3E4C8800,179576236,1738682537.268594651,1,OK,0.9158377,-0.2425914,-0.1705731,0.2707314,101.855,73.560,-1678.359,0.1987434,3,OK,101.981,73.440,-1678.240,OK,111.610,-12.252,-1636.455,OK,30.436,21.553,-1694.606,Port 0x03: JJH Y femur tracker  s/n:3E4C8801,179576236,1738682537.268594651,1,OK,0.9111753,0.0497658,0.4028071,-0.0709178,-235.958,290.512,-1631.135,0.1694811,3,OK,-235.826,290.465,-1631.288,OK,-261.234,374.856,-1585.136,OK,-298.038,298.943,-1561.969
3,Port 0x01: JJH Probe  s/n:3E4C880C,179576239,1738682537.318594651,1,Too Few Markers,-3.697314E28,-3.697314E28,-3.697314E28,-3.697314E28,-3.697314E28,-3.697314E28,-3.697314E28,0.0000000,3,Missing,-3.697314E28,-3.697314E28,-3.697314E28,Missing,-3.697314E28,-3.697314E28,-3.697314E28,Missing,-3.697314E28,-3.697314E28,-3.697314E28,Port 0x02: JJH T tibia tracker  s/n:3E4C8800,179576239,1738682537.318594651,1,OK,0.9154000,-0.2448627,-0.1694607,0.2708656,101.873,73.826,-1677.729,0.1933666,3,OK,101.996,73.733,-1677.623,OK,111.554,-11.793,-1635.414,OK,30.435,21.783,-1693.638,Port 0x03: JJH Y femur tracker  s/n:3E4C8801,179576239,1738682537.318594651,1,OK,0.9139252,0.0490649,0.3970730,-0.0683106,-237.526,289.822,-1632.798,0.1513051,3,OK,-237.410,289.784,-1632.930,OK,-263.819,374.044,-1587.157,OK,-300.518,297.943,-1564.451
3,Port 0x01: JJH Probe  s/n:3E4C880C,179576242,1738682537.368545878,1,Too Few Markers,-3.697314E28,-3.697314E28,-3.697314E28,-3.697314E28,-3.697314E28,-3.697314E28,-3.697314E28,0.0000000,3,Missing,-3.697314E28,-3.697314E28,-3.697314E28,Missing,-3.697314E28,-3.697314E28,-3.697314E28,Missing,-3.697314E28,-3.697314E28,-3.697314E28,Port 0x02: JJH T tibia tracker  s/n:3E4C8800,179576242,1738682537.368545878,1,OK,0.9147986,-0.2469803,-0.1693023,0.2710738,101.787,74.122,-1677.037,0.1947993,3,OK,101.912,74.019,-1676.925,OK,111.433,-11.311,-1634.338,OK,30.343,22.021,-1692.800,Port 0x03: JJH Y femur tracker  s/n:3E4C8801,179576242,1738682537.368545878,1,OK,0.9165431,0.0483963,0.3915640,-0.0654532,-239.302,289.088,-1634.587,0.1554925,3,OK,-239.179,289.046,-1634.723,OK,-266.626,373.163,-1589.272,OK,-303.181,296.853,-1567.019
3,Port 0x01: JJH Probe  s/n:3E4C880C,179576245,1738682537.418545877,1,Too Few Markers,-3.697314E28,-3.697314E28,-3.697314E28,-3.697314E28,-3.697314E28,-3.697314E28,-3.697314E28,0.0000000,3,Missing,-3.697314E28,-3.697314E28,-3.697314E28,Missing,-3.697314E28,-3.697314E28,-3.697314E28,Missing,-3.697314E28,-3.697314E28,-3.697314E28,Port 0x02: JJH T tibia tracker  s/n:3E4C8800,179576245,1738682537.418545877,1,OK,0.9143185,-0.2489923,-0.1687577,0.2711925,101.700,74.367,-1676.258,0.2086401,3,OK,101.836,74.263,-1676.138,OK,111.288,-10.875,-1633.204,OK,30.234,22.223,-1691.808,Port 0x03: JJH Y femur tracker  s/n:3E4C8801,179576245,1738682537.418545877,1,OK,0.9191954,0.0478677,0.3858973,-0.0622240,-241.197,288.233,-1636.509,0.1801348,3,OK,-241.048,288.187,-1636.668,OK,-269.614,372.108,-1591.498,OK,-305.995,295.576,-1569.733
3,Port 0x01: JJH Probe  s/n:3E4C880C,179576248,1738682537.468545877,1,Too Few Markers,-3.697314E28,-3.697314E28,-3.697314E28,-3.697314E28,-3.697314E28,-3.697314E28,-3.697314E28,0.0000000,3,Missing,-3.697314E28,-3.697314E28,-3.697314E28,Missing,-3.697314E28,-3.697314E28,-3.697314E28,Missing,-3.697314E28,-3.697314E28,-3.697314E28,Port 0x02: JJH T tibia tracker  s/n:3E4C8800,179576248,1738682537.468545877,1,OK,0.9136906,-0.2512433,-0.1685877,0.2713382,101.680,74.593,-1675.487,0.2042219,3,OK,101.806,74.476,-1675.366,OK,111.214,-10.453,-1632.027,OK,30.214,22.408,-1690.882,Port 0x03: JJH Y femur tracker  s/n:3E4C8801,179576248,1738682537.468545877,1,OK,0.9219856,0.0471526,0.3797921,-0.0589674,-243.020,287.311,-1638.496,0.1893455,3,OK,-242.859,287.257,-1638.663,OK,-272.578,371.003,-1593.858,OK,-308.770,294.234,-1572.600
3,Port 0x01: JJH Probe  s/n:3E4C880C,179576251,1738682537.518545878,1,Too Few Markers,-3.697314E28,-3.697314E28,-3.697314E28,-3.697314E28,-3.697314E28,-3.697314E28,-3.697314E28,0.0000000,3,Missing,-3.697314E28,-3.697314E28,-3.697314E28,Missing,-3.697314E28,-3.697314E28,-3.697314E28,Missing,-3.697314E28,-3.697314E28,-3.697314E28,Port 0x02: JJH T tibia tracker  s/n:3E4C8800,179576251,1738682537.518545878,1,OK,0.9132386,-0.2529981,-0.1681692,0.2714891,101.687,74.781,-1674.714,0.2235420,3,OK,101.831,74.659,-1674.580,OK,111.183,-10.088,-1630.946,OK,30.196,22.547,-1689.936,Port 0x03: JJH Y femur tracker  s/n:3E4C8801,179576251,1738682537.518545878,1,OK,0.9245486,0.0465578,0.3740420,-0.0559887,-244.628,286.425,-1640.340,0.1950061,3,OK,-244.463,286.372,-1640.508,OK,-275.235,369.922,-1596.064,OK,-311.249,292.965,-1575.288
3,Port 0x01: JJH Probe  s/n:3E4C880C,179576254,1738682537.568545878,1,Too Few Markers,-3.697314E28,-3.697314E28,-3.697314E28,-3.697314E28,-3.697314E28,-3.697314E28,-3.697314E28,0.0000000,3,Missing,-3.697314E28,-3.697314E28,-3.697314E28,Missing,-3.697314E28,-3.697314E28,-3.697314E28,Missing,-3.697314E28,-3.697314E28,-3.697314E28,Port 0x02: JJH T tibia tracker  s/n:3E4C8800,179576254,1738682537.568545878,1,OK,0.9128537,-0.2548857,-0.1673781,0.2715068,101.649,74.959,-1674.198,0.2181993,3,OK,101.786,74.851,-1674.073,OK,111.071,-9.746,-1630.094,OK,30.138,22.716,-1689.169,Port 0x03: JJH Y femur tracker  s/n:3E4C8801,179576254,1738682537.568545878,1,OK,0.9268056,0.0456951,0.3689057,-0.0534039,-246.072,285.672,-1641.981,0.1877297,3,OK,-245.910,285.627,-1642.141,OK,-277.606,369.030,-1598.100,OK,-313.462,291.882,-1577.690
3,Port 0x01: JJH Probe  s/n:3E4C880C,179576257,1738682537.618545878,1,Too Few Markers,-3.697314E28,-3.697314E28,-3.697314E28,-3.697314E28,-3.697314E28,-3.697314E28,-3.697314E28,0.0000000,3,Missing,-3.697314E28,-3.697314E28,-3.697314E28,Missing,-3.697314E28,-3.697314E28,-3.697314E28,Missing,-3.697314E28,-3.697314E28,-3.697314E28,Port 0x02: JJH T tibia tracker  s/n:3E4C8800,179576257,1738682537.618545878,1,OK,0.9123353,-0.2565714,-0.1676116,0.2715175,101.567,75.054,-1673.812,0.1908326,3,OK,101.696,74.950,-1673.693,OK,110.959,-9.538,-1629.382,OK,30.030,22.798,-1688.757,Port 0x03: JJH Y femur tracker  s/n:3E4C8801,179576257,1738682537.618545878,1,OK,0.9285122,0.0453869,0.3648999,-0.0515087,-247.188,285.061,-1643.138,0.1878938,3,OK,-247.027,285.013,-1643.295,OK,-279.409,368.291,-1599.514,OK,-315.156,291.024,-1579.449
3,Port 0x01: JJH Probe  s/n:3E4C880C,179576260,1738682537.668545877,1,Too Few Markers,-3.697314E28,-3.697314E28,-3.697314E28,-3.697314E28,-3.697314E28,-3.697314E28,-3.697314E28,0.0000000,3,Missing,-3.697314E28,-3.697314E28,-3.697314E28,Missing,-3.697314E28,-3.697314E28,-3.697314E28,Missing,-3.697314E28,-3.697314E28,-3.697314E28,Port 0x02: JJH T tibia tracker  s/n:3E4C8800,179576260,1738682537.668545877,1,OK,0.9122455,-0.2572408,-0.1669980,0.2715641,101.555,75.160,-1673.636,0.1985013,3,OK,101.687,75.061,-1673.517,OK,110.921,-9.357,-1629.093,OK,30.006,22.895,-1688.425,Port 0x03: JJH Y femur tracker  s/n:3E4C8801,179576260,1738682537.668545877,1,OK,0.9294707,0.0452073,0.3626383,-0.0503383,-247.806,284.784,-1643.914,0.1858751,3,OK,-247.647,284.733,-1644.067,OK,-280.430,367.934,-1600.432,OK,-316.097,290.587,-1580.569
3,Port 0x01: JJH Probe  s/n:3E4C880C,179576263,1738682537.718502270,1,Too Few Markers,-3.697314E28,-3.697314E28,-3.697314E28,-3.697314E28,-3.697314E28,-3.697314E28,-3.697314E28,0.0000000,3,Missing,-3.697314E28,-3.697314E28,-3.697314E28,Missing,-3.697314E28,-3.697314E28,-3.697314E28,Missing,-3.697314E28,-3.697314E28,-3.697314E28,Port 0x02: JJH T tibia tracker  s/n:3E4C8800,179576263,1738682537.718502270,1,OK,0.9122390,-0.2573900,-0.1668999,0.2715046,101.623,75.203,-1673.476,0.2073630,3,OK,101.755,75.090,-1673.351,OK,110.973,-9.290,-1628.915,OK,30.066,22.950,-1688.243,Port 0x03: JJH Y femur tracker  s/n:3E4C8801,179576263,1738682537.718502270,1,OK,0.9299861,0.0449856,0.3614277,-0.0497218,-248.089,284.607,-1644.388,0.1933372,3,OK,-247.923,284.556,-1644.547,OK,-280.934,367.717,-1601.004,OK,-316.560,290.338,-1581.221
3,Port 0x01: JJH Probe  s/n:3E4C880C,179576266,1738682537.768502271,1,Too Few Markers,-3.697314E28,-3.697314E28,-3.697314E28,-3.697314E28,-3.697314E28,-3.697314E28,-3.697314E28,0.0000000,3,Missing,-3.697314E28,-3.697314E28,-3.697314E28,Missing,-3.697314E28,-3.697314E28,-3.697314E28,Missing,-3.697314E28,-3.697314E28,-3.697314E28,Port 0x02: JJH T tibia tracker  s/n:3E4C8800,179576266,1738682537.768502271,1,OK,0.9121887,-0.2576647,-0.1665594,0.2716222,101.591,75.238,-1673.359,0.2118252,3,OK,101.727,75.135,-1673.237,OK,110.945,-9.221,-1628.749,OK,30.036,22.964,-1688.039,Port 0x03: JJH Y femur tracker  s/n:3E4C8801,179576266,1738682537.768502271,1,OK,0.9302095,0.0450513,0.3608884,-0.0493990,-248.298,284.521,-1644.592,0.1984408,3,OK,-248.123,284.471,-1644.758,OK,-281.235,367.609,-1601.225,OK,-316.860,290.191,-1581.495
3,Port 0x01: JJH Probe  s/n:3E4C880C,179576269,1738682537.818502271,1,Too Few Markers,-3.697314E28,-3.697314E28,-3.697314E28,-3.697314E28,-3.697314E28,-3.697314E28,-3.697314E28,0.0000000,3,Missing,-3.697314E28,-3.697314E28,-3.697314E28,Missing,-3.697314E28,-3.697314E28,-3.697314E28,Missing,-3.697314E28,-3.697314E28,-3.697314E28,Port 0x02: JJH T tibia tracker  s/n:3E4C8800,179576269,1738682537.818502271,1,OK,0.9121110,-0.2578302,-0.1666138,0.2716926,101.514,75.273,-1673.394,0.1983712,3,OK,101.642,75.182,-1673.281,OK,110.872,-9.185,-1628.746,OK,29.980,22.988,-1688.065,Port 0x03: JJH Y femur tracker  s/n:3E4C8801,179576269,1738682537.818502271,1,OK,0.9303199,0.0447261,0.3606673,-0.0492296,-248.415,284.509,-1644.678,0.1899614,3,OK,-248.247,284.457,-1644.839,OK,-281.416,367.610,-1601.371,OK,-317.007,290.166,-1581.621
3,Port 0x01: JJH Probe  s/n:3E4C880C,179576272,1738682537.868502271,1,Too Few Markers,-3.697314E28,-3.697314E28,-3.697314E28,-3.697314E28,-3.697314E28,-3.697314E28,-3.697314E28,0.0000000,3,Missing,-3.697314E28,-3.697314E28,-3.697314E28,Missing,-3.697314E28,-3.697314E28,-3.697314E28,Missing,-3.697314E28,-3.697314E28,-3.697314E28,Port 0x02: JJH T tibia tracker  s/n:3E4C8800,179576272,1738682537.868502271,1,OK,0.9120636,-0.2578953,-0.1668841,0.2716243,101.528,75.289,-1673.269,0.2067115,3,OK,101.660,75.184,-1673.147,OK,110.869,-9.158,-1628.620,OK,29.991,23.005,-1687.990,Port 0x03: JJH Y femur tracker  s/n:3E4C8801,179576272,1738682537.868502271,1,OK,0.9303756,0.0448641,0.3605238,-0.0491025,-248.520,284.480,-1644.855,0.2018777,3,OK,-248.339,284.426,-1645.027,OK,-281.547,367.563,-1601.530,OK,-317.143,290.111,-1581.810
3,Port 0x01: JJH Probe  s/n:3E4C880C,179576275,1738682537.918502270,1,Too Few Markers,-3.697314E28,-3.697314E28,-3.697314E28,-3.697314E28,-3.697314E28,-3.697314E28,-3.697314E28,0.0000000,3,Missing,-3.697314E28,-3.697314E28,-3.697314E28,Missing,-3.697314E28,-3.697314E28,-3.697314E28,Missing,-3.697314E28,-3.697314E28,-3.697314E28,Port 0x02: JJH T tibia tracker  s/n:3E4C8800,179576275,1738682537.918502270,1,OK,0.9119483,-0.2582528,-0.1670864,0.2715472,101.601,75.300,-1673.245,0.1967896,3,OK,101.729,75.191,-1673.124,OK,110.928,-9.131,-1628.525,OK,30.052,23.026,-1687.998,Port 0x03: JJH Y femur tracker  s/n:3E4C8801,179576275,1738682537.918502270,1,OK,0.9307141,0.0444310,0.3597480,-0.0487708,-248.588,284.360,-1644.968,0.1876052,3,OK,-248.421,284.322,-1645.125,OK,-281.752,367.437,-1601.765,OK,-317.320,289.962,-1582.046
3,Port 0x01: JJH Probe  s/n:3E4C880C,179576278,1738682537.968502270,1,Too Few Markers,-3.697314E28,-3.697314E28,-3.697314E28,-3.697314E28,-3.697314E28,-3.697314E28,-3.697314E28,0.0000000,3,Missing,-3.697314E28,-3.697314E28,-3.697314E28,Missing,-3.697314E28,-3.697314E28,-3.697314E28,Missing,-3.697314E28,-3.697314E28,-3.697314E28,Port 0x02: JJH T tibia tracker  s/n:3E4C8800,179576278,1738682537.968502270,1,OK,0.9120806,-0.2579597,-0.1666500,0.2716496,101.583,75.321,-1673.161,0.2234922,3,OK,101.720,75.204,-1673.031,OK,110.924,-9.097,-1628.509,OK,30.039,23.036,-1687.836,Port 0x03: JJH Y femur tracker  s/n:3E4C8801,179576278,1738682537.968502270,1,OK,0.9310962,0.0443163,0.3588137,-0.0484629,-248.821,284.225,-1645.268,0.1838337,3,OK,-248.659,284.184,-1645.421,OK,-282.126,367.284,-1602.140,OK,-317.675,289.796,-1582.493
3,Port 0x01: JJH Probe  s/n:3E4C880C,179576281,1738682538.018502271,1,Too Few Markers,-3.697314E28,-3.697314E28,-3.697314E28,-3.697314E28,-3.697314E28,-3.697314E28,-3.697314E28,0.0000000,3,Missing,-3.697314E28,-3.697314E28,-3.697314E28,Missing,-3.697314E28,-3.697314E28,-3.697314E28,Missing,-3.697314E28,-3.697314E28,-3.697314E28,Port 0x02: JJH T tibia tracker  s/n:3E4C8800,179576281,1738682538.018502271,1,OK,0.9119172,-0.2586285,-0.1665744,0.2716086,101.523,75.367,-1673.024,0.2090376,3,OK,101.655,75.262,-1672.902,OK,110.835,-9.011,-1628.246,OK,29.970,23.083,-1687.653,Port 0x03: JJH Y femur tracker  s/n:3E4C8801,179576281,1738682538.018502271,1,OK,0.9315198,0.0447992,0.3577270,-0.0479088,-249.155,284.124,-1645.639,0.1907433,3,OK,-248.990,284.063,-1645.796,OK,-282.633,367.116,-1602.481,OK,-318.151,289.595,-1583.033
3,Port 0x01: JJH Probe  s/n:3E4C880C,179576284,1738682538.068502271,1,Too Few Markers,-3.697314E28,-3.697314E28,-3.697314E28,-3.697314E28,-3.697314E28,-3.697314E28,-3.697314E28,0.0000000,3,Missing,-3.697314E28,-3.697314E28,-3.697314E28,Missing,-3.697314E28,-3.697314E28,-3.697314E28,Missing,-3.697314E28,-3.697314E28,-3.697314E28,Port 0x02: JJH T tibia tracker  s/n:3E4C8800,179576284,1738682538.068502271,1,OK,0.9118261,-0.2592472,-0.1661581,0.2715798,101.537,75.378,-1672.916,0.2017475,3,OK,101.662,75.280,-1672.801,OK,110.825,-8.949,-1628.023,OK,29.969,23.107,-1687.438,Port 0x03: JJH Y femur tracker  s/n:3E4C8801,179576284,1738682538.068502271,1,OK,0.9321086,0.0445126,0.3563204,-0.0472005,-249.508,283.881,-1646.029,0.1887573,3,OK,-249.345,283.820,-1646.184,OK,-283.240,366.834,-1602.992,OK,-318.702,289.266,-1583.640
3,Port 0x01: JJH Probe  s/n:3E4C880C,179576287,1738682538.118502271,1,Too Few Markers,-3.697314E28,-3.697314E28,-3.697314E28,-3.697314E28,-3.697314E28,-3.697314E28,-3.697314E28,0.0000000,3,Missing,-3.697314E28,-3.697314E28,-3.697314E28,Missing,-3.697314E28,-3.697314E28,-3.697314E28,Missing,-3.697314E28,-3.697314E28,-3.697314E28,Port 0x02: JJH T tibia tracker  s/n:3E4C8800,179576287,1738682538.118502271,1,OK,0.9117681,-0.2591426,-0.1665268,0.2716483,101.534,75.456,-1672.680,0.2279715,3,OK,101.674,75.334,-1672.546,OK,110.827,-8.853,-1627.824,OK,29.979,23.155,-1687.269,Port 0x03: JJH Y femur tracker  s/n:3E4C8801,179576287,1738682538.118502271,1,OK,0.9327525,0.0444947,0.3547263,-0.0465006,-249.884,283.668,-1646.558,0.1889472,3,OK,-249.722,283.614,-1646.710,OK,-283.868,366.556,-1603.620,OK,-319.300,288.956,-1584.411
3,Port 0x01: JJH Probe  s/n:3E4C880C,179576290,1738682538.168502267,1,Too Few Markers,-3.697314E28,-3.697314E28,-3.697314E28,-3.697314E28,-3.697314E28,-3.697314E28,-3.697314E28,0.0000000,3,Missing,-3.697314E28,-3.697314E28,-3.697314E28,Missing,-3.697314E28,-3.697314E28,-3.697314E28,Missing,-3.697314E28,-3.697314E28,-3.697314E28,Port 0x02: JJH T tibia tracker  s/n:3E4C8800,179576290,1738682538.168502267,1,OK,0.9115776,-0.2596757,-0.1667294,0.2716546,101.526,75.501,-1672.485,0.2196722,3,OK,101.667,75.383,-1672.352,OK,110.807,-8.773,-1627.528,OK,29.966,23.188,-1687.087,Port 0x03: JJH Y femur tracker  s/n:3E4C8801,179576290,1738682538.168502267,1,OK,0.9333007,0.0445052,0.3533980,-0.0455957,-250.341,283.435,-1647.130,0.2056994,3,OK,-250.159,283.375,-1647.299,OK,-284.587,366.253,-1604.249,OK,-319.966,288.581,-1585.168
3,Port 0x01: JJH Probe  s/n:3E4C880C,179576293,1738682538.218502267,1,Too Few Markers,-3.697314E28,-3.697314E28,-3.697314E28,-3.697314E28,-3.697314E28,-3.697314E28,-3.697314E28,0.0000000,3,Missing,-3.697314E28,-3.697314E28,-3.697314E28,Missing,-3.697314E28,-3.697314E28,-3.697314E28,Missing,-3.697314E28,-3.697314E28,-3.697314E28,Port 0x02: JJH T tibia tracker  s/n:3E4C8800,179576293,1738682538.218502267,1,OK,0.9114909,-0.2603533,-0.1661539,0.2716495,101.470,75.537,-1672.364,0.2216025,3,OK,101.610,75.428,-1672.236,OK,110.720,-8.671,-1627.290,OK,29.896,23.228,-1686.821,Port 0x03: JJH Y femur tracker  s/n:3E4C8801,179576293,1738682538.218502267,1,OK,0.9339373,0.0441007,0.3518767,-0.0447117,-250.833,283.185,-1647.710,0.2078291,3,OK,-250.646,283.128,-1647.882,OK,-285.371,365.955,-1604.974,OK,-320.681,288.217,-1585.977
3,Port 0x01: JJH Probe  s/n:3E4C880C,179576296,1738682538.268502267,1,Too Few Markers,-3.697314E28,-3.697314E28,-3.697314E28,-3.697314E28,-3.697314E28,-3.697314E28,-3.697314E28,0.0000000,3,Missing,-3.697314E28,-3.697314E28,-3.697314E28,Missing,-3.697314E28,-3.697314E28,-3.697314E28,Missing,-3.697314E28,-3.697314E28,-3.697314E28,Port 0x02: JJH T tibia tracker  s/n:3E4C8800,179576296,1738682538.268502267,1,OK,0.9113196,-0.2610740,-0.1661961,0.2715065,101.451,75.585,-1672.178,0.2147017,3,OK,101.589,75.475,-1672.050,OK,110.655,-8.572,-1626.976,OK,29.855,23.291,-1686.618,Port 0x03: JJH Y femur tracker  s/n:3E4C8801,179576296,1738682538.268502267,1,OK,0.9345636,0.0440640,0.3503235,-0.0438479,-251.337,282.953,-1648.350,0.2204565,3,OK,-251.137,282.889,-1648.533,OK,-286.155,365.656,-1605.699,OK,-321.412,287.859,-1586.845
3,Port 0x01: JJH Probe  s/n:3E4C880C,179576299,1738682538.318502267,1,Too Few Markers,-3.697314E28,-3.697314E28,-3.697314E28,-3.697314E28,-3.697314E28,-3.697314E28,-3.697314E28,0.0000000,3,Missing,-3.697314E28,-3.697314E28,-3.697314E28,Missing,-3.697314E28,-3.697314E28,-3.697314E28,Missing,-3.697314E28,-3.697314E28,-3.697314E28,Port 0x02: JJH T tibia tracker  s/n:3E4C8800,179576299,1738682538.318502267,1,OK,0.9112069,-0.2617710,-0.1656075,0.2715733,101.484,75.645,-1672.046,0.2073088,3,OK,101.611,75.543,-1671.927,OK,110.677,-8.448,-1626.712,OK,29.880,23.353,-1686.337,Port 0x03: JJH Y femur tracker  s/n:3E4C8801,179576299,1738682538.318502267,1,OK,0.9354418,0.0438629,0.3481256,-0.0428160,-251.803,282.674,-1648.992,0.2173188,3,OK,-251.606,282.609,-1649.171,OK,-286.990,365.304,-1606.500,OK,-322.172,287.444,-1587.831
